date,open,high,low,close,volume
2025-10-13 09:15:00,1250.68,1250.68,1250.67,1250.67,0
2025-10-13 09:20:00,1250.67,1250.67,1250.67,1250.67,0
2025-10-13 09:25:00,1250.67,1250.67,1250.67,1250.67,0
2025-10-13 09:30:00,1250.67,1250.67,1250.67,1250.67,0
2025-10-13 09:35:00,1250.67,1250.67,1250.67,1250.67,0
2025-10-13 09:40:00,1250.67,1250.67,1250.67,1250.67,0
2025-10-13 09:45:00,1250.67,1250.67,1250.67,1250.67,0
2025-10-13 09:50:00,1250.67,1250.67,1250.67,1250.67,0
2025-10-13 09:55:00,1250.67,1250.67,1250.67,1250.67,0
2025-10-13 10:00:00,1250.67,1250.67,1250.67,1250.67,0
2025-10-13 10:05:00,1250.67,1250.67,1250.67,1250.67,0
2025-10-13 10:10:00,1250.67,1250.67,1250.67,1250.67,0
2025-10-13 10:15:00,1250.67,1250.67,1250.67,1250.67,0
2025-10-13 10:20:00,1250.67,1250.67,1250.67,1250.67,0
2025-10-13 10:25:00,1250.67,1250.67,1250.67,1250.67,0
2025-10-13 10:30:00,1250.67,1250.67,1250.67,1250.67,0
2025-10-13 10:35:00,1250.67,1250.67,1250.67,1250.67,0
2025-10-13 10:40:00,1250.67,1250.67,1250.67,1250.67,0
2025-10-13 10:45:00,1250.67,1250.67,1250.67,1250.67,0
2025-10-13 10:50:00,1250.67,1250.67,1250.67,1250.67,0
2025-10-13 10:55:00,1250.67,1250.67,1250.67,1250.67,0
2025-10-13 11:00:00,1250.67,1250.67,1250.67,1250.67,0
2025-10-13 11:05:00,1250.67,1250.67,1250.67,1250.67,0
2025-10-13 11:10:00,1250.67,1250.67,1250.67,1250.67,0
2025-10-13 11:15:00,1250.67,1250.67,1250.67,1250.67,0
2025-10-13 11:20:00,1250.67,1250.67,1250.67,1250.67,0
2025-10-13 11:25:00,1250.67,1250.67,1250.67,1250.67,0
2025-10-13 11:30:00,1250.67,1250.67,1250.67,1250.67,0
2025-10-13 11:35:00,1250.67,1250.67,1250.67,1250.67,0
2025-10-13 11:40:00,1250.67,1250.67,1250.67,1250.67,0
2025-10-13 11:45:00,1250.67,1250.67,1250.67,1250.67,0
2025-10-13 11:50:00,1250.67,1250.67,1250.67,1250.67,0
2025-10-13 11:55:00,1250.67,1250.67,1250.67,1250.67,0
2025-10-13 12:00:00,1250.67,1250.67,1250.67,1250.67,0
2025-10-13 12:05:00,1250.67,1250.67,1250.67,1250.67,0
2025-10-13 12:10:00,1250.67,1250.67,1250.67,1250.67,0
2025-10-13 12:15:00,1250.67,1250.67,1250.67,1250.67,0
2025-10-13 12:20:00,1250.67,1250.67,1250.67,1250.67,0
2025-10-13 12:25:00,1250.67,1250.67,1250.67,1250.67,0
2025-10-13 12:30:00,1250.67,1250.67,1250.67,1250.67,0
2025-10-13 12:35:00,1250.67,1250.67,1250.67,1250.67,0
2025-10-13 12:40:00,1250.67,1250.67,1250.67,1250.67,0
2025-10-13 12:45:00,1250.67,1250.67,1250.67,1250.67,0
2025-10-13 12:50:00,1250.67,1250.67,1250.67,1250.67,0
2025-10-13 12:55:00,1250.67,1250.67,1250.67,1250.67,0
2025-10-13 13:00:00,1250.67,1250.67,1250.67,1250.67,0
2025-10-13 13:05:00,1250.67,1250.67,1250.67,1250.67,0
2025-10-13 13:10:00,1250.67,1250.67,1250.67,1250.67,0
2025-10-13 13:15:00,1250.67,1250.67,1250.67,1250.67,0
2025-10-13 13:20:00,1250.67,1250.67,1250.67,1250.67,0
2025-10-13 13:25:00,1250.67,1250.67,1250.67,1250.67,0
2025-10-13 13:30:00,1250.67,1250.67,1250.67,1250.67,0
2025-10-13 13:35:00,1250.67,1250.67,1250.67,1250.67,0
2025-10-13 13:40:00,1250.67,1250.67,1250.67,1250.67,0
2025-10-13 13:45:00,1250.67,1250.67,1250.67,1250.67,0
2025-10-13 13:50:00,1250.67,1250.67,1250.67,1250.67,0
2025-10-13 13:55:00,1250.67,1250.67,1250.67,1250.67,0
2025-10-13 14:00:00,1250.67,1250.67,1250.67,1250.67,0
2025-10-13 14:05:00,1250.67,1250.67,1250.67,1250.67,0
2025-10-13 14:10:00,1250.67,1250.67,1250.67,1250.67,0
2025-10-13 14:15:00,1250.67,1250.67,1250.67,1250.67,0
2025-10-13 14:20:00,1250.67,1250.67,1250.67,1250.67,0
2025-10-13 14:25:00,1250.67,1250.67,1250.67,1250.67,0
2025-10-13 14:30:00,1250.67,1250.67,1250.67,1250.67,0
2025-10-13 14:35:00,1250.67,1250.67,1250.67,1250.67,0
2025-10-13 14:40:00,1250.67,1250.67,1250.67,1250.67,0
2025-10-13 14:45:00,1250.67,1250.67,1250.67,1250.67,0
2025-10-13 14:50:00,1250.67,1250.67,1250.67,1250.67,0
2025-10-13 14:55:00,1250.67,1250.67,1250.67,1250.67,0
2025-10-13 15:00:00,1250.67,1250.67,1250.67,1250.67,0
2025-10-13 15:05:00,1250.67,1250.67,1250.67,1250.67,0
2025-10-13 15:10:00,1250.67,1250.67,1250.67,1250.67,0
2025-10-13 15:15:00,1250.67,1250.67,1250.67,1250.67,0
2025-10-13 15:20:00,1250.67,1250.67,1250.67,1250.67,0
2025-10-13 15:25:00,1250.67,1250.67,1250.67,1250.67,0
2025-10-14 09:15:00,1251.36,1251.36,1251.36,1251.36,0
2025-10-14 09:20:00,1251.36,1251.36,1251.36,1251.36,0
2025-10-14 09:25:00,1251.36,1251.36,1251.36,1251.36,0
2025-10-14 09:30:00,1251.36,1251.36,1251.36,1251.36,0
2025-10-14 09:35:00,1251.36,1251.36,1251.36,1251.36,0
2025-10-14 09:40:00,1251.36,1251.36,1251.36,1251.36,0
2025-10-14 09:45:00,1251.36,1251.36,1251.36,1251.36,0
2025-10-14 09:50:00,1251.36,1251.36,1251.36,1251.36,0
2025-10-14 09:55:00,1251.36,1251.36,1251.36,1251.36,0
2025-10-14 10:00:00,1251.36,1251.36,1251.36,1251.36,0
2025-10-14 10:05:00,1251.36,1251.36,1251.36,1251.36,0
2025-10-14 10:10:00,1251.36,1251.36,1251.36,1251.36,0
2025-10-14 10:15:00,1251.36,1251.36,1251.36,1251.36,0
2025-10-14 10:20:00,1251.36,1251.36,1251.36,1251.36,0
2025-10-14 10:25:00,1251.36,1251.36,1251.36,1251.36,0
2025-10-14 10:30:00,1251.36,1251.36,1251.36,1251.36,0
2025-10-14 10:35:00,1251.36,1251.36,1251.36,1251.36,0
2025-10-14 10:40:00,1251.36,1251.36,1251.36,1251.36,0
2025-10-14 10:45:00,1251.36,1251.36,1251.36,1251.36,0
2025-10-14 10:50:00,1251.36,1251.36,1251.35,1251.35,0
2025-10-14 10:55:00,1251.35,1251.35,1251.35,1251.35,0
2025-10-14 11:00:00,1251.35,1251.35,1251.35,1251.35,0
2025-10-14 11:05:00,1251.35,1251.35,1251.35,1251.35,0
2025-10-14 11:10:00,1251.35,1251.35,1251.35,1251.35,0
2025-10-14 11:15:00,1251.35,1251.35,1251.35,1251.35,0
2025-10-14 11:20:00,1251.35,1251.35,1251.35,1251.35,0
2025-10-14 11:25:00,1251.35,1251.35,1251.35,1251.35,0
2025-10-14 11:30:00,1251.35,1251.35,1251.35,1251.35,0
2025-10-14 11:35:00,1251.35,1251.35,1251.35,1251.35,0
2025-10-14 11:40:00,1251.35,1251.35,1251.35,1251.35,0
2025-10-14 11:45:00,1251.35,1251.35,1251.35,1251.35,0
2025-10-14 11:50:00,1251.35,1251.35,1251.35,1251.35,0
2025-10-14 11:55:00,1251.35,1251.35,1251.35,1251.35,0
2025-10-14 12:00:00,1251.35,1251.35,1251.35,1251.35,0
2025-10-14 12:05:00,1251.35,1251.35,1251.35,1251.35,0
2025-10-14 12:10:00,1251.35,1251.35,1251.35,1251.35,0
2025-10-14 12:15:00,1251.35,1251.35,1251.35,1251.35,0
2025-10-14 12:20:00,1251.35,1251.35,1251.35,1251.35,0
2025-10-14 12:25:00,1251.35,1251.35,1251.35,1251.35,0
2025-10-14 12:30:00,1251.35,1251.35,1251.35,1251.35,0
2025-10-14 12:35:00,1251.35,1251.35,1251.35,1251.35,0
2025-10-14 12:40:00,1251.35,1251.35,1251.35,1251.35,0
2025-10-14 12:45:00,1251.35,1251.35,1251.35,1251.35,0
2025-10-14 12:50:00,1251.35,1251.35,1251.35,1251.35,0
2025-10-14 12:55:00,1251.35,1251.35,1251.35,1251.35,0
2025-10-14 13:00:00,1251.35,1251.35,1251.35,1251.35,0
2025-10-14 13:05:00,1251.35,1251.35,1251.35,1251.35,0
2025-10-14 13:10:00,1251.35,1251.35,1251.35,1251.35,0
2025-10-14 13:15:00,1251.35,1251.35,1251.35,1251.35,0
2025-10-14 13:20:00,1251.35,1251.35,1251.35,1251.35,0
2025-10-14 13:25:00,1251.35,1251.35,1251.35,1251.35,0
2025-10-14 13:30:00,1251.35,1251.35,1251.35,1251.35,0
2025-10-14 13:35:00,1251.35,1251.35,1251.35,1251.35,0
2025-10-14 13:40:00,1251.35,1251.35,1251.35,1251.35,0
2025-10-14 13:45:00,1251.35,1251.35,1251.35,1251.35,0
2025-10-14 13:50:00,1251.35,1251.35,1251.35,1251.35,0
2025-10-14 13:55:00,1251.35,1251.35,1251.35,1251.35,0
2025-10-14 14:00:00,1251.35,1251.35,1251.35,1251.35,0
2025-10-14 14:05:00,1251.35,1251.35,1251.35,1251.35,0
2025-10-14 14:10:00,1251.35,1251.35,1251.35,1251.35,0
2025-10-14 14:15:00,1251.35,1251.35,1251.35,1251.35,0
2025-10-14 14:20:00,1251.35,1251.35,1251.35,1251.35,0
2025-10-14 14:25:00,1251.35,1251.35,1251.35,1251.35,0
2025-10-14 14:30:00,1251.35,1251.35,1251.35,1251.35,0
2025-10-14 14:35:00,1251.35,1251.35,1251.35,1251.35,0
2025-10-14 14:40:00,1251.35,1251.35,1251.35,1251.35,0
2025-10-14 14:45:00,1251.35,1251.35,1251.35,1251.35,0
2025-10-14 14:50:00,1251.35,1251.35,1251.35,1251.35,0
2025-10-14 14:55:00,1251.35,1251.35,1251.35,1251.35,0
2025-10-14 15:00:00,1251.35,1251.35,1251.35,1251.35,0
2025-10-14 15:05:00,1251.35,1251.35,1251.35,1251.35,0
2025-10-14 15:10:00,1251.35,1251.35,1251.35,1251.35,0
2025-10-14 15:15:00,1251.35,1251.35,1251.35,1251.35,0
2025-10-14 15:20:00,1251.35,1251.35,1251.35,1251.35,0
2025-10-14 15:25:00,1251.35,1251.35,1251.35,1251.35,0
2025-10-15 09:15:00,1251.75,1251.75,1251.73,1251.73,0
2025-10-15 09:20:00,1251.73,1251.73,1251.73,1251.73,0
2025-10-15 09:25:00,1251.73,1251.73,1251.73,1251.73,0
2025-10-15 09:30:00,1251.73,1251.73,1251.73,1251.73,0
2025-10-15 09:35:00,1251.73,1251.73,1251.73,1251.73,0
2025-10-15 09:40:00,1251.73,1251.73,1251.73,1251.73,0
2025-10-15 09:45:00,1251.73,1251.73,1251.73,1251.73,0
2025-10-15 09:50:00,1251.73,1251.73,1251.73,1251.73,0
2025-10-15 09:55:00,1251.73,1251.73,1251.73,1251.73,0
2025-10-15 10:00:00,1251.73,1251.73,1251.73,1251.73,0
2025-10-15 10:05:00,1251.73,1251.73,1251.73,1251.73,0
2025-10-15 10:10:00,1251.73,1251.73,1251.73,1251.73,0
2025-10-15 10:15:00,1251.73,1251.73,1251.73,1251.73,0
2025-10-15 10:20:00,1251.73,1251.73,1251.73,1251.73,0
2025-10-15 10:25:00,1251.73,1251.73,1251.73,1251.73,0
2025-10-15 10:30:00,1251.73,1251.73,1251.73,1251.73,0
2025-10-15 10:35:00,1251.73,1251.73,1251.73,1251.73,0
2025-10-15 10:40:00,1251.73,1251.73,1251.73,1251.73,0
2025-10-15 10:45:00,1251.73,1251.73,1251.73,1251.73,0
2025-10-15 10:50:00,1251.73,1251.73,1251.73,1251.73,0
2025-10-15 10:55:00,1251.73,1251.73,1251.73,1251.73,0
2025-10-15 11:00:00,1251.73,1251.73,1251.73,1251.73,0
2025-10-15 11:05:00,1251.73,1251.73,1251.73,1251.73,0
2025-10-15 11:10:00,1251.73,1251.73,1251.73,1251.73,0
2025-10-15 11:15:00,1251.73,1251.73,1251.73,1251.73,0
2025-10-15 11:20:00,1251.73,1251.73,1251.73,1251.73,0
2025-10-15 11:25:00,1251.73,1251.73,1251.73,1251.73,0
2025-10-15 11:30:00,1251.73,1251.73,1251.73,1251.73,0
2025-10-15 11:35:00,1251.73,1251.73,1251.73,1251.73,0
2025-10-15 11:40:00,1251.73,1251.73,1251.73,1251.73,0
2025-10-15 11:45:00,1251.73,1251.73,1251.73,1251.73,0
2025-10-15 11:50:00,1251.73,1251.73,1251.73,1251.73,0
2025-10-15 11:55:00,1251.73,1251.73,1251.73,1251.73,0
2025-10-15 12:00:00,1251.73,1251.73,1251.73,1251.73,0
2025-10-15 12:05:00,1251.73,1251.73,1251.73,1251.73,0
2025-10-15 12:10:00,1251.73,1251.73,1251.73,1251.73,0
2025-10-15 12:15:00,1251.73,1251.73,1251.73,1251.73,0
2025-10-15 12:20:00,1251.73,1251.73,1251.73,1251.73,0
2025-10-15 12:25:00,1251.73,1251.73,1251.73,1251.73,0
2025-10-15 12:30:00,1251.73,1251.73,1251.73,1251.73,0
2025-10-15 12:35:00,1251.73,1251.73,1251.73,1251.73,0
2025-10-15 12:40:00,1251.73,1251.73,1251.73,1251.73,0
2025-10-15 12:45:00,1251.73,1251.74,1251.73,1251.74,0
2025-10-15 12:50:00,1251.74,1251.74,1251.74,1251.74,0
2025-10-15 12:55:00,1251.74,1251.74,1251.74,1251.74,0
2025-10-15 13:00:00,1251.74,1251.74,1251.74,1251.74,0
2025-10-15 13:05:00,1251.74,1251.74,1251.74,1251.74,0
2025-10-15 13:10:00,1251.74,1251.74,1251.74,1251.74,0
2025-10-15 13:15:00,1251.74,1251.74,1251.74,1251.74,0
2025-10-15 13:20:00,1251.74,1251.74,1251.74,1251.74,0
2025-10-15 13:25:00,1251.74,1251.74,1251.74,1251.74,0
2025-10-15 13:30:00,1251.74,1251.74,1251.74,1251.74,0
2025-10-15 13:35:00,1251.74,1251.74,1251.74,1251.74,0
2025-10-15 13:40:00,1251.74,1251.74,1251.74,1251.74,0
2025-10-15 13:45:00,1251.74,1251.74,1251.74,1251.74,0
2025-10-15 13:50:00,1251.74,1251.74,1251.74,1251.74,0
2025-10-15 13:55:00,1251.74,1251.74,1251.74,1251.74,0
2025-10-15 14:00:00,1251.74,1251.74,1251.74,1251.74,0
2025-10-15 14:05:00,1251.74,1251.74,1251.74,1251.74,0
2025-10-15 14:10:00,1251.74,1251.74,1251.74,1251.74,0
2025-10-15 14:15:00,1251.74,1251.74,1251.74,1251.74,0
2025-10-15 14:20:00,1251.74,1251.74,1251.74,1251.74,0
2025-10-15 14:25:00,1251.74,1251.74,1251.74,1251.74,0
2025-10-15 14:30:00,1251.74,1251.74,1251.74,1251.74,0
2025-10-15 14:35:00,1251.74,1251.74,1251.74,1251.74,0
2025-10-15 14:40:00,1251.74,1251.74,1251.74,1251.74,0
2025-10-15 14:45:00,1251.74,1251.74,1251.74,1251.74,0
2025-10-15 14:50:00,1251.74,1251.74,1251.74,1251.74,0
2025-10-15 14:55:00,1251.74,1251.74,1251.74,1251.74,0
2025-10-15 15:00:00,1251.74,1251.74,1251.74,1251.74,0
2025-10-15 15:05:00,1251.74,1251.75,1251.74,1251.75,0
2025-10-15 15:10:00,1251.75,1251.75,1251.75,1251.75,0
2025-10-15 15:15:00,1251.75,1251.75,1251.75,1251.75,0
2025-10-15 15:20:00,1251.75,1251.75,1251.75,1251.75,0
2025-10-15 15:25:00,1251.75,1251.75,1251.75,1251.75,0
2025-10-16 09:15:00,1253.09,1253.09,1253.08,1253.08,0
2025-10-16 09:20:00,1253.08,1253.08,1253.08,1253.08,0
2025-10-16 09:25:00,1253.08,1253.08,1253.08,1253.08,0
2025-10-16 09:30:00,1253.08,1253.08,1253.08,1253.08,0
2025-10-16 09:35:00,1253.08,1253.08,1253.08,1253.08,0
2025-10-16 09:40:00,1253.08,1253.08,1253.08,1253.08,0
2025-10-16 09:45:00,1253.08,1253.08,1253.08,1253.08,0
2025-10-16 09:50:00,1253.08,1253.08,1253.08,1253.08,0
2025-10-16 09:55:00,1253.08,1253.08,1253.08,1253.08,0
2025-10-16 10:00:00,1253.08,1253.08,1253.08,1253.08,0
2025-10-16 10:05:00,1253.08,1253.08,1253.08,1253.08,0
2025-10-16 10:10:00,1253.08,1253.08,1253.08,1253.08,0
2025-10-16 10:15:00,1253.08,1253.08,1253.08,1253.08,0
2025-10-16 10:20:00,1253.08,1253.08,1253.08,1253.08,0
2025-10-16 10:25:00,1253.08,1253.08,1253.08,1253.08,0
2025-10-16 10:30:00,1253.08,1253.08,1253.08,1253.08,0
2025-10-16 10:35:00,1253.08,1253.08,1253.08,1253.08,0
2025-10-16 10:40:00,1253.08,1253.08,1253.08,1253.08,0
2025-10-16 10:45:00,1253.08,1253.08,1253.08,1253.08,0
2025-10-16 10:50:00,1253.08,1253.08,1253.08,1253.08,0
2025-10-16 10:55:00,1253.08,1253.08,1253.08,1253.08,0
2025-10-16 11:00:00,1253.08,1253.08,1253.08,1253.08,0
2025-10-16 11:05:00,1253.08,1253.08,1253.08,1253.08,0
2025-10-16 11:10:00,1253.08,1253.08,1253.08,1253.08,0
2025-10-16 11:15:00,1253.08,1253.08,1253.08,1253.08,0
2025-10-16 11:20:00,1253.08,1253.08,1253.08,1253.08,0
2025-10-16 11:25:00,1253.08,1253.08,1253.08,1253.08,0
2025-10-16 11:30:00,1253.08,1253.08,1253.08,1253.08,0
2025-10-16 11:35:00,1253.08,1253.08,1253.08,1253.08,0
2025-10-16 11:40:00,1253.08,1253.08,1253.08,1253.08,0
2025-10-16 11:45:00,1253.08,1253.08,1253.08,1253.08,0
2025-10-16 11:50:00,1253.08,1253.08,1253.08,1253.08,0
2025-10-16 11:55:00,1253.08,1253.08,1253.08,1253.08,0
2025-10-16 12:00:00,1253.08,1253.08,1253.08,1253.08,0
2025-10-16 12:05:00,1253.08,1253.08,1253.08,1253.08,0
2025-10-16 12:10:00,1253.08,1253.08,1253.08,1253.08,0
2025-10-16 12:15:00,1253.08,1253.08,1253.08,1253.08,0
2025-10-16 12:20:00,1253.08,1253.08,1253.08,1253.08,0
2025-10-16 12:25:00,1253.08,1253.08,1253.08,1253.08,0
2025-10-16 12:30:00,1253.08,1253.08,1253.08,1253.08,0
2025-10-16 12:35:00,1253.08,1253.08,1253.08,1253.08,0
2025-10-16 12:40:00,1253.08,1253.08,1253.08,1253.08,0
2025-10-16 12:45:00,1253.08,1253.08,1253.08,1253.08,0
2025-10-16 12:50:00,1253.08,1253.08,1253.08,1253.08,0
2025-10-16 12:55:00,1253.08,1253.08,1253.08,1253.08,0
2025-10-16 13:00:00,1253.08,1253.08,1253.08,1253.08,0
2025-10-16 13:05:00,1253.08,1253.08,1253.08,1253.08,0
2025-10-16 13:10:00,1253.08,1253.08,1253.08,1253.08,0
2025-10-16 13:15:00,1253.08,1253.08,1253.08,1253.08,0
2025-10-16 13:20:00,1253.08,1253.08,1253.08,1253.08,0
2025-10-16 13:25:00,1253.08,1253.08,1253.08,1253.08,0
2025-10-16 13:30:00,1253.08,1253.08,1253.08,1253.08,0
2025-10-16 13:35:00,1253.08,1253.08,1253.08,1253.08,0
2025-10-16 13:40:00,1253.08,1253.08,1253.08,1253.08,0
2025-10-16 13:45:00,1253.08,1253.08,1253.08,1253.08,0
2025-10-16 13:50:00,1253.08,1253.08,1253.08,1253.08,0
2025-10-16 13:55:00,1253.08,1253.08,1253.08,1253.08,0
2025-10-16 14:00:00,1253.08,1253.08,1253.08,1253.08,0
2025-10-16 14:05:00,1253.08,1253.08,1253.08,1253.08,0
2025-10-16 14:10:00,1253.08,1253.08,1253.08,1253.08,0
2025-10-16 14:15:00,1253.08,1253.08,1253.08,1253.08,0
2025-10-16 14:20:00,1253.08,1253.08,1253.08,1253.08,0
2025-10-16 14:25:00,1253.08,1253.08,1253.08,1253.08,0
2025-10-16 14:30:00,1253.08,1253.08,1253.08,1253.08,0
2025-10-16 14:35:00,1253.08,1253.08,1253.08,1253.08,0
2025-10-16 14:40:00,1253.08,1253.08,1253.08,1253.08,0
2025-10-16 14:45:00,1253.08,1253.08,1253.08,1253.08,0
2025-10-16 14:50:00,1253.08,1253.08,1253.08,1253.08,0
2025-10-16 14:55:00,1253.08,1253.08,1253.08,1253.08,0
2025-10-16 15:00:00,1253.08,1253.08,1253.08,1253.08,0
2025-10-16 15:05:00,1253.08,1253.08,1253.08,1253.08,0
2025-10-16 15:10:00,1253.08,1253.08,1253.08,1253.08,0
2025-10-16 15:15:00,1253.08,1253.08,1253.08,1253.08,0
2025-10-16 15:20:00,1253.08,1253.08,1253.08,1253.08,0
2025-10-16 15:25:00,1253.08,1253.08,1253.08,1253.08,0
2025-10-17 09:15:00,1254.72,1254.72,1254.7,1254.7,0
2025-10-17 09:20:00,1254.7,1254.7,1254.7,1254.7,0
2025-10-17 09:25:00,1254.7,1254.7,1254.7,1254.7,0
2025-10-17 09:30:00,1254.7,1254.7,1254.7,1254.7,0
2025-10-17 09:35:00,1254.7,1254.7,1254.7,1254.7,0
2025-10-17 09:40:00,1254.7,1254.7,1254.7,1254.7,0
2025-10-17 09:45:00,1254.7,1254.7,1254.7,1254.7,0
2025-10-17 09:50:00,1254.7,1254.7,1254.7,1254.7,0
2025-10-17 09:55:00,1254.7,1254.7,1254.7,1254.7,0
2025-10-17 10:00:00,1254.7,1254.7,1254.7,1254.7,0
2025-10-17 10:05:00,1254.7,1254.7,1254.7,1254.7,0
2025-10-17 10:10:00,1254.7,1254.7,1254.7,1254.7,0
2025-10-17 10:15:00,1254.7,1254.7,1254.7,1254.7,0
2025-10-17 10:20:00,1254.7,1254.7,1254.7,1254.7,0
2025-10-17 10:25:00,1254.7,1254.7,1254.7,1254.7,0
2025-10-17 10:30:00,1254.7,1254.7,1254.7,1254.7,0
2025-10-17 10:35:00,1254.7,1254.7,1254.7,1254.7,0
2025-10-17 10:40:00,1254.7,1254.7,1254.7,1254.7,0
2025-10-17 10:45:00,1254.7,1254.7,1254.7,1254.7,0
2025-10-17 10:50:00,1254.7,1254.7,1254.7,1254.7,0
2025-10-17 10:55:00,1254.7,1254.7,1254.7,1254.7,0
2025-10-17 11:00:00,1254.7,1254.7,1254.7,1254.7,0
2025-10-17 11:05:00,1254.7,1254.7,1254.7,1254.7,0
2025-10-17 11:10:00,1254.7,1254.7,1254.7,1254.7,0
2025-10-17 11:15:00,1254.7,1254.7,1254.7,1254.7,0
2025-10-17 11:20:00,1254.7,1254.7,1254.7,1254.7,0
2025-10-17 11:25:00,1254.7,1254.7,1254.7,1254.7,0
2025-10-17 11:30:00,1254.7,1254.7,1254.7,1254.7,0
2025-10-17 11:35:00,1254.7,1254.7,1254.7,1254.7,0
2025-10-17 11:40:00,1254.7,1254.7,1254.7,1254.7,0
2025-10-17 11:45:00,1254.7,1254.7,1254.7,1254.7,0
2025-10-17 11:50:00,1254.7,1254.7,1254.7,1254.7,0
2025-10-17 11:55:00,1254.7,1254.7,1254.7,1254.7,0
2025-10-17 12:00:00,1254.7,1254.7,1254.7,1254.7,0
2025-10-17 12:05:00,1254.7,1254.7,1254.7,1254.7,0
2025-10-17 12:10:00,1254.7,1254.7,1254.7,1254.7,0
2025-10-17 12:15:00,1254.7,1254.7,1254.7,1254.7,0
2025-10-17 12:20:00,1254.7,1254.7,1254.7,1254.7,0
2025-10-17 12:25:00,1254.7,1254.7,1254.7,1254.7,0
2025-10-17 12:30:00,1254.7,1254.7,1254.7,1254.7,0
2025-10-17 12:35:00,1254.7,1254.7,1254.7,1254.7,0
2025-10-17 12:40:00,1254.7,1254.7,1254.7,1254.7,0
2025-10-17 12:45:00,1254.7,1254.7,1254.7,1254.7,0
2025-10-17 12:50:00,1254.7,1254.7,1254.7,1254.7,0
2025-10-17 12:55:00,1254.7,1254.7,1254.7,1254.7,0
2025-10-17 13:00:00,1254.7,1254.7,1254.7,1254.7,0
2025-10-17 13:05:00,1254.7,1254.7,1254.7,1254.7,0
2025-10-17 13:10:00,1254.7,1254.7,1254.7,1254.7,0
2025-10-17 13:15:00,1254.7,1254.7,1254.7,1254.7,0
2025-10-17 13:20:00,1254.7,1254.7,1254.7,1254.7,0
2025-10-17 13:25:00,1254.7,1254.7,1254.7,1254.7,0
2025-10-17 13:30:00,1254.7,1254.7,1254.7,1254.7,0
2025-10-17 13:35:00,1254.7,1254.7,1254.7,1254.7,0
2025-10-17 13:40:00,1254.7,1254.7,1254.7,1254.7,0
2025-10-17 13:45:00,1254.7,1254.7,1254.7,1254.7,0
2025-10-17 13:50:00,1254.7,1254.7,1254.7,1254.7,0
2025-10-17 13:55:00,1254.7,1254.7,1254.7,1254.7,0
2025-10-17 14:00:00,1254.7,1254.7,1254.7,1254.7,0
2025-10-17 14:05:00,1254.7,1254.7,1254.7,1254.7,0
2025-10-17 14:10:00,1254.7,1254.7,1254.7,1254.7,0
2025-10-17 14:15:00,1254.7,1254.7,1254.7,1254.7,0
2025-10-17 14:20:00,1254.7,1254.7,1254.7,1254.7,0
2025-10-17 14:25:00,1254.7,1254.7,1254.7,1254.7,0
2025-10-17 14:30:00,1254.7,1254.7,1254.7,1254.7,0
2025-10-17 14:35:00,1254.7,1254.7,1254.7,1254.7,0
2025-10-17 14:40:00,1254.7,1254.7,1254.7,1254.7,0
2025-10-17 14:45:00,1254.7,1254.7,1254.7,1254.7,0
2025-10-17 14:50:00,1254.7,1254.7,1254.7,1254.7,0
2025-10-17 14:55:00,1254.7,1254.7,1254.7,1254.7,0
2025-10-17 15:00:00,1254.7,1254.7,1254.7,1254.7,0
2025-10-17 15:05:00,1254.7,1254.7,1254.7,1254.7,0
2025-10-17 15:10:00,1254.7,1254.7,1254.7,1254.7,0
2025-10-17 15:15:00,1254.7,1254.7,1254.7,1254.7,0
2025-10-17 15:20:00,1254.7,1254.7,1254.7,1254.7,0
2025-10-17 15:25:00,1254.7,1254.7,1254.7,1254.7,0
2025-10-20 09:15:00,1256.08,1256.08,1256.06,1256.06,0
2025-10-20 09:20:00,1256.06,1256.06,1256.06,1256.06,0
2025-10-20 09:25:00,1256.06,1256.06,1256.06,1256.06,0
2025-10-20 09:30:00,1256.06,1256.06,1256.06,1256.06,0
2025-10-20 09:35:00,1256.06,1256.06,1256.06,1256.06,0
2025-10-20 09:40:00,1256.06,1256.06,1256.06,1256.06,0
2025-10-20 09:45:00,1256.06,1256.06,1256.06,1256.06,0
2025-10-20 09:50:00,1256.06,1256.06,1256.06,1256.06,0
2025-10-20 09:55:00,1256.06,1256.06,1256.06,1256.06,0
2025-10-20 10:00:00,1256.06,1256.06,1256.06,1256.06,0
2025-10-20 10:05:00,1256.06,1256.06,1256.06,1256.06,0
2025-10-20 10:10:00,1256.06,1256.06,1256.06,1256.06,0
2025-10-20 10:15:00,1256.06,1256.06,1256.06,1256.06,0
2025-10-20 10:20:00,1256.06,1256.06,1256.06,1256.06,0
2025-10-20 10:25:00,1256.06,1256.06,1256.06,1256.06,0
2025-10-20 10:30:00,1256.06,1256.06,1256.06,1256.06,0
2025-10-20 10:35:00,1256.06,1256.06,1256.06,1256.06,0
2025-10-20 10:40:00,1256.06,1256.06,1256.06,1256.06,0
2025-10-20 10:45:00,1256.06,1256.06,1256.06,1256.06,0
2025-10-20 10:50:00,1256.06,1256.06,1256.06,1256.06,0
2025-10-20 10:55:00,1256.06,1256.06,1256.06,1256.06,0
2025-10-20 11:00:00,1256.06,1256.06,1256.06,1256.06,0
2025-10-20 11:05:00,1256.06,1256.06,1256.06,1256.06,0
2025-10-20 11:10:00,1256.06,1256.06,1256.06,1256.06,0
2025-10-20 11:15:00,1256.06,1256.06,1256.06,1256.06,0
2025-10-20 11:20:00,1256.06,1256.06,1256.06,1256.06,0
2025-10-20 11:25:00,1256.06,1256.06,1256.06,1256.06,0
2025-10-20 11:30:00,1256.06,1256.06,1256.06,1256.06,0
2025-10-20 11:35:00,1256.06,1256.06,1256.06,1256.06,0
2025-10-20 11:40:00,1256.06,1256.06,1256.06,1256.06,0
2025-10-20 11:45:00,1256.06,1256.06,1256.06,1256.06,0
2025-10-20 11:50:00,1256.06,1256.06,1256.06,1256.06,0
2025-10-20 11:55:00,1256.06,1256.06,1256.06,1256.06,0
2025-10-20 12:00:00,1256.06,1256.06,1256.06,1256.06,0
2025-10-20 12:05:00,1256.06,1256.06,1256.06,1256.06,0
2025-10-20 12:10:00,1256.06,1256.06,1256.06,1256.06,0
2025-10-20 12:15:00,1256.06,1256.06,1256.06,1256.06,0
2025-10-20 12:20:00,1256.06,1256.06,1256.06,1256.06,0
2025-10-20 12:25:00,1256.06,1256.06,1256.06,1256.06,0
2025-10-20 12:30:00,1256.06,1256.06,1256.06,1256.06,0
2025-10-20 12:35:00,1256.06,1256.06,1256.06,1256.06,0
2025-10-20 12:40:00,1256.06,1256.06,1256.06,1256.06,0
2025-10-20 12:45:00,1256.06,1256.06,1256.06,1256.06,0
2025-10-20 12:50:00,1256.06,1256.06,1256.06,1256.06,0
2025-10-20 12:55:00,1256.06,1256.06,1256.06,1256.06,0
2025-10-20 13:00:00,1256.06,1256.06,1256.06,1256.06,0
2025-10-20 13:05:00,1256.06,1256.06,1256.06,1256.06,0
2025-10-20 13:10:00,1256.06,1256.06,1256.06,1256.06,0
2025-10-20 13:15:00,1256.06,1256.06,1256.06,1256.06,0
2025-10-20 13:20:00,1256.06,1256.06,1256.06,1256.06,0
2025-10-20 13:25:00,1256.06,1256.06,1256.06,1256.06,0
2025-10-20 13:30:00,1256.06,1256.06,1256.06,1256.06,0
2025-10-20 13:35:00,1256.06,1256.06,1256.06,1256.06,0
2025-10-20 13:40:00,1256.06,1256.06,1256.06,1256.06,0
2025-10-20 13:45:00,1256.06,1256.06,1256.06,1256.06,0
2025-10-20 13:50:00,1256.06,1256.06,1256.06,1256.06,0
2025-10-20 13:55:00,1256.06,1256.06,1256.06,1256.06,0
2025-10-20 14:00:00,1256.06,1256.06,1256.06,1256.06,0
2025-10-20 14:05:00,1256.06,1256.06,1256.06,1256.06,0
2025-10-20 14:10:00,1256.06,1256.06,1256.06,1256.06,0
2025-10-20 14:15:00,1256.06,1256.06,1256.06,1256.06,0
2025-10-20 14:20:00,1256.06,1256.06,1256.06,1256.06,0
2025-10-20 14:25:00,1256.06,1256.06,1256.06,1256.06,0
2025-10-20 14:30:00,1256.06,1256.06,1256.06,1256.06,0
2025-10-20 14:35:00,1256.06,1256.06,1256.06,1256.06,0
2025-10-20 14:40:00,1256.06,1256.06,1256.06,1256.06,0
2025-10-20 14:45:00,1256.06,1256.06,1256.06,1256.06,0
2025-10-20 14:50:00,1256.06,1256.06,1256.06,1256.06,0
2025-10-20 14:55:00,1256.06,1256.06,1256.06,1256.06,0
2025-10-20 15:00:00,1256.06,1256.06,1256.06,1256.06,0
2025-10-20 15:05:00,1256.06,1256.06,1256.06,1256.06,0
2025-10-20 15:10:00,1256.06,1256.06,1256.06,1256.06,0
2025-10-20 15:15:00,1256.06,1256.06,1256.06,1256.06,0
2025-10-20 15:20:00,1256.06,1256.06,1256.06,1256.06,0
2025-10-20 15:25:00,1256.06,1256.06,1256.06,1256.06,0
2025-10-21 13:45:00,1256.77,1256.77,1256.77,1256.77,0
2025-10-21 13:50:00,1256.77,1256.77,1256.77,1256.77,0
2025-10-21 13:55:00,1256.77,1256.77,1256.77,1256.77,0
2025-10-21 14:00:00,1256.77,1256.77,1256.77,1256.77,0
2025-10-21 14:05:00,1256.77,1256.77,1256.77,1256.77,0
2025-10-21 14:10:00,1256.77,1256.77,1256.77,1256.77,0
2025-10-21 14:15:00,1256.77,1256.77,1256.77,1256.77,0
2025-10-21 14:20:00,1256.77,1256.77,1256.77,1256.77,0
2025-10-21 14:25:00,1256.77,1256.77,1256.77,1256.77,0
2025-10-21 14:30:00,1256.77,1256.77,1256.77,1256.77,0
2025-10-21 14:35:00,1256.77,1256.77,1256.77,1256.77,0
2025-10-21 14:40:00,1256.77,1256.77,1256.77,1256.77,0
2025-10-23 09:15:00,1256.77,1256.77,1256.76,1256.76,0
2025-10-23 09:20:00,1256.76,1256.76,1256.76,1256.76,0
2025-10-23 09:25:00,1256.76,1256.76,1256.76,1256.76,0
2025-10-23 09:30:00,1256.76,1256.76,1256.76,1256.76,0
2025-10-23 09:35:00,1256.76,1256.76,1256.76,1256.76,0
2025-10-23 09:40:00,1256.76,1256.76,1256.76,1256.76,0
2025-10-23 09:45:00,1256.76,1256.76,1256.76,1256.76,0
2025-10-23 09:50:00,1256.76,1256.76,1256.76,1256.76,0
2025-10-23 09:55:00,1256.76,1256.76,1256.76,1256.76,0
2025-10-23 10:00:00,1256.76,1256.76,1256.76,1256.76,0
2025-10-23 10:05:00,1256.76,1256.76,1256.76,1256.76,0
2025-10-23 10:10:00,1256.76,1256.76,1256.76,1256.76,0
2025-10-23 10:15:00,1256.76,1256.76,1256.76,1256.76,0
2025-10-23 10:20:00,1256.76,1256.76,1256.76,1256.76,0
2025-10-23 10:25:00,1256.76,1256.76,1256.76,1256.76,0
2025-10-23 10:30:00,1256.76,1256.76,1256.76,1256.76,0
2025-10-23 10:35:00,1256.76,1256.76,1256.76,1256.76,0
2025-10-23 10:40:00,1256.76,1256.76,1256.76,1256.76,0
2025-10-23 10:45:00,1256.76,1256.76,1256.76,1256.76,0
2025-10-23 10:50:00,1256.76,1256.76,1256.76,1256.76,0
2025-10-23 10:55:00,1256.76,1256.76,1256.76,1256.76,0
2025-10-23 11:00:00,1256.76,1256.76,1256.76,1256.76,0
2025-10-23 11:05:00,1256.76,1256.76,1256.76,1256.76,0
2025-10-23 11:10:00,1256.76,1256.76,1256.76,1256.76,0
2025-10-23 11:15:00,1256.76,1256.76,1256.76,1256.76,0
2025-10-23 11:20:00,1256.76,1256.76,1256.76,1256.76,0
2025-10-23 11:25:00,1256.76,1256.76,1256.76,1256.76,0
2025-10-23 11:30:00,1256.76,1256.76,1256.76,1256.76,0
2025-10-23 11:35:00,1256.76,1256.76,1256.76,1256.76,0
2025-10-23 11:40:00,1256.76,1256.76,1256.76,1256.76,0
2025-10-23 11:45:00,1256.76,1256.76,1256.76,1256.76,0
2025-10-23 11:50:00,1256.76,1256.76,1256.76,1256.76,0
2025-10-23 11:55:00,1256.76,1256.76,1256.76,1256.76,0
2025-10-23 12:00:00,1256.76,1256.76,1256.76,1256.76,0
2025-10-23 12:05:00,1256.76,1256.76,1256.76,1256.76,0
2025-10-23 12:10:00,1256.76,1256.76,1256.76,1256.76,0
2025-10-23 12:15:00,1256.76,1256.76,1256.76,1256.76,0
2025-10-23 12:20:00,1256.76,1256.76,1256.76,1256.76,0
2025-10-23 12:25:00,1256.76,1256.76,1256.76,1256.76,0
2025-10-23 12:30:00,1256.76,1256.76,1256.76,1256.76,0
2025-10-23 12:35:00,1256.76,1256.76,1256.76,1256.76,0
2025-10-23 12:40:00,1256.76,1256.76,1256.76,1256.76,0
2025-10-23 12:45:00,1256.76,1256.76,1256.76,1256.76,0
2025-10-23 12:50:00,1256.76,1256.76,1256.76,1256.76,0
2025-10-23 12:55:00,1256.76,1256.76,1256.76,1256.76,0
2025-10-23 13:00:00,1256.76,1256.76,1256.76,1256.76,0
2025-10-23 13:05:00,1256.76,1256.76,1256.76,1256.76,0
2025-10-23 13:10:00,1256.76,1256.76,1256.76,1256.76,0
2025-10-23 13:15:00,1256.76,1256.76,1256.76,1256.76,0
2025-10-23 13:20:00,1256.76,1256.76,1256.76,1256.76,0
2025-10-23 13:25:00,1256.76,1256.76,1256.76,1256.76,0
2025-10-23 13:30:00,1256.76,1256.76,1256.76,1256.76,0
2025-10-23 13:35:00,1256.76,1256.76,1256.76,1256.76,0
2025-10-23 13:40:00,1256.76,1256.76,1256.76,1256.76,0
2025-10-23 13:45:00,1256.76,1256.76,1256.76,1256.76,0
2025-10-23 13:50:00,1256.76,1256.76,1256.76,1256.76,0
2025-10-23 13:55:00,1256.76,1256.76,1256.76,1256.76,0
2025-10-23 14:00:00,1256.76,1256.76,1256.76,1256.76,0
2025-10-23 14:05:00,1256.76,1256.76,1256.76,1256.76,0
2025-10-23 14:10:00,1256.76,1256.76,1256.76,1256.76,0
2025-10-23 14:15:00,1256.76,1256.76,1256.76,1256.76,0
2025-10-23 14:20:00,1256.76,1256.76,1256.76,1256.76,0
2025-10-23 14:25:00,1256.76,1256.76,1256.76,1256.76,0
2025-10-23 14:30:00,1256.76,1256.76,1256.76,1256.76,0
2025-10-23 14:35:00,1256.76,1256.76,1256.76,1256.76,0
2025-10-23 14:40:00,1256.76,1256.76,1256.76,1256.76,0
2025-10-23 14:45:00,1256.76,1256.76,1256.76,1256.76,0
2025-10-23 14:50:00,1256.76,1256.76,1256.76,1256.76,0
2025-10-23 14:55:00,1256.76,1256.76,1256.76,1256.76,0
2025-10-23 15:00:00,1256.76,1256.76,1256.76,1256.76,0
2025-10-23 15:05:00,1256.76,1256.76,1256.76,1256.76,0
2025-10-23 15:10:00,1256.76,1256.76,1256.76,1256.76,0
2025-10-23 15:15:00,1256.76,1256.76,1256.76,1256.76,0
2025-10-23 15:20:00,1256.76,1256.76,1256.76,1256.76,0
2025-10-23 15:25:00,1256.76,1256.76,1256.76,1256.76,0
2025-10-24 09:15:00,1256.96,1256.96,1256.95,1256.95,0
2025-10-24 09:20:00,1256.95,1256.95,1256.95,1256.95,0
2025-10-24 09:25:00,1256.95,1256.95,1256.95,1256.95,0
2025-10-24 09:30:00,1256.95,1256.95,1256.95,1256.95,0
2025-10-24 09:35:00,1256.95,1256.95,1256.95,1256.95,0
2025-10-24 09:40:00,1256.95,1256.95,1256.95,1256.95,0
2025-10-24 09:45:00,1256.95,1256.95,1256.95,1256.95,0
2025-10-24 09:50:00,1256.95,1256.95,1256.95,1256.95,0
2025-10-24 09:55:00,1256.95,1256.95,1256.95,1256.95,0
2025-10-24 10:00:00,1256.95,1256.95,1256.95,1256.95,0
2025-10-24 10:05:00,1256.95,1256.95,1256.95,1256.95,0
2025-10-24 10:10:00,1256.95,1256.95,1256.95,1256.95,0
2025-10-24 10:15:00,1256.95,1256.95,1256.95,1256.95,0
2025-10-24 10:20:00,1256.95,1256.95,1256.95,1256.95,0
2025-10-24 10:25:00,1256.95,1256.95,1256.95,1256.95,0
2025-10-24 10:30:00,1256.95,1256.95,1256.95,1256.95,0
2025-10-24 10:35:00,1256.95,1256.95,1256.95,1256.95,0
2025-10-24 10:40:00,1256.95,1256.95,1256.95,1256.95,0
2025-10-24 10:45:00,1256.95,1256.95,1256.95,1256.95,0
2025-10-24 10:50:00,1256.95,1256.95,1256.95,1256.95,0
2025-10-24 10:55:00,1256.95,1256.95,1256.95,1256.95,0
2025-10-24 11:00:00,1256.95,1256.95,1256.95,1256.95,0
2025-10-24 11:05:00,1256.95,1256.95,1256.95,1256.95,0
2025-10-24 11:10:00,1256.95,1256.95,1256.95,1256.95,0
2025-10-24 11:15:00,1256.95,1256.95,1256.95,1256.95,0
2025-10-24 11:20:00,1256.95,1256.95,1256.95,1256.95,0
2025-10-24 11:25:00,1256.95,1256.95,1256.95,1256.95,0
2025-10-24 11:30:00,1256.95,1256.95,1256.95,1256.95,0
2025-10-24 11:35:00,1256.95,1256.95,1256.95,1256.95,0
2025-10-24 11:40:00,1256.95,1256.95,1256.95,1256.95,0
2025-10-24 11:45:00,1256.95,1256.95,1256.95,1256.95,0
2025-10-24 11:50:00,1256.95,1256.95,1256.95,1256.95,0
2025-10-24 11:55:00,1256.95,1256.95,1256.95,1256.95,0
2025-10-24 12:00:00,1256.95,1256.95,1256.95,1256.95,0
2025-10-24 12:05:00,1256.95,1256.95,1256.95,1256.95,0
2025-10-24 12:10:00,1256.95,1256.95,1256.95,1256.95,0
2025-10-24 12:15:00,1256.95,1256.95,1256.95,1256.95,0
2025-10-24 12:20:00,1256.95,1256.95,1256.95,1256.95,0
2025-10-24 12:25:00,1256.95,1256.95,1256.95,1256.95,0
2025-10-24 12:30:00,1256.95,1256.95,1256.95,1256.95,0
2025-10-24 12:35:00,1256.95,1256.95,1256.95,1256.95,0
2025-10-24 12:40:00,1256.95,1256.95,1256.95,1256.95,0
2025-10-24 12:45:00,1256.95,1256.95,1256.82,1256.82,0
2025-10-24 12:50:00,1256.82,1256.82,1256.82,1256.82,0
2025-10-24 12:55:00,1256.82,1256.82,1256.82,1256.82,0
2025-10-24 13:00:00,1256.82,1256.82,1256.82,1256.82,0
2025-10-24 13:05:00,1256.82,1256.82,1256.82,1256.82,0
2025-10-24 13:10:00,1256.82,1256.82,1256.82,1256.82,0
2025-10-24 13:15:00,1256.82,1256.82,1256.82,1256.82,0
2025-10-24 13:20:00,1256.82,1256.82,1256.82,1256.82,0
2025-10-24 13:25:00,1256.82,1256.82,1256.82,1256.82,0
2025-10-24 13:30:00,1256.82,1256.82,1256.82,1256.82,0
2025-10-24 13:35:00,1256.82,1256.82,1256.82,1256.82,0
2025-10-24 13:40:00,1256.82,1256.82,1256.82,1256.82,0
2025-10-24 13:45:00,1256.82,1256.82,1256.82,1256.82,0
2025-10-24 13:50:00,1256.82,1256.82,1256.82,1256.82,0
2025-10-24 13:55:00,1256.82,1256.82,1256.82,1256.82,0
2025-10-24 14:00:00,1256.82,1256.82,1256.82,1256.82,0
2025-10-24 14:05:00,1256.82,1256.82,1256.82,1256.82,0
2025-10-24 14:10:00,1256.82,1256.82,1256.82,1256.82,0
2025-10-24 14:15:00,1256.82,1256.82,1256.82,1256.82,0
2025-10-24 14:20:00,1256.82,1256.82,1256.82,1256.82,0
2025-10-24 14:25:00,1256.82,1256.82,1256.82,1256.82,0
2025-10-24 14:30:00,1256.82,1256.82,1256.82,1256.82,0
2025-10-24 14:35:00,1256.82,1256.82,1256.82,1256.82,0
2025-10-24 14:40:00,1256.82,1256.82,1256.82,1256.82,0
2025-10-24 14:45:00,1256.82,1256.82,1256.82,1256.82,0
2025-10-24 14:50:00,1256.82,1256.82,1256.82,1256.82,0
2025-10-24 14:55:00,1256.82,1256.82,1256.82,1256.82,0
2025-10-24 15:00:00,1256.82,1256.82,1256.82,1256.82,0
2025-10-24 15:05:00,1256.82,1256.82,1256.82,1256.82,0
2025-10-24 15:10:00,1256.82,1256.82,1256.82,1256.82,0
2025-10-24 15:15:00,1256.82,1256.82,1256.82,1256.82,0
2025-10-24 15:20:00,1256.82,1256.82,1256.82,1256.82,0
2025-10-24 15:25:00,1256.82,1256.82,1256.82,1256.82,0
2025-10-27 09:15:00,1256.69,1256.69,1256.68,1256.68,0
2025-10-27 09:20:00,1256.68,1256.68,1256.68,1256.68,0
2025-10-27 09:25:00,1256.68,1256.68,1256.68,1256.68,0
2025-10-27 09:30:00,1256.68,1256.68,1256.68,1256.68,0
2025-10-27 09:35:00,1256.68,1256.68,1256.68,1256.68,0
2025-10-27 09:40:00,1256.68,1256.68,1256.68,1256.68,0
2025-10-27 09:45:00,1256.68,1256.68,1256.68,1256.68,0
2025-10-27 09:50:00,1256.68,1256.68,1256.68,1256.68,0
2025-10-27 09:55:00,1256.68,1256.68,1256.68,1256.68,0
2025-10-27 10:00:00,1256.68,1256.68,1256.68,1256.68,0
2025-10-27 10:05:00,1256.68,1256.68,1256.68,1256.68,0
2025-10-27 10:10:00,1256.68,1256.68,1256.68,1256.68,0
2025-10-27 10:15:00,1256.68,1256.68,1256.68,1256.68,0
2025-10-27 10:20:00,1256.68,1256.68,1256.68,1256.68,0
2025-10-27 10:25:00,1256.68,1256.68,1256.68,1256.68,0
2025-10-27 10:30:00,1256.68,1256.68,1256.68,1256.68,0
2025-10-27 10:35:00,1256.68,1256.68,1256.68,1256.68,0
2025-10-27 10:40:00,1256.68,1256.68,1256.68,1256.68,0
2025-10-27 10:45:00,1256.68,1256.68,1256.68,1256.68,0
2025-10-27 10:50:00,1256.68,1256.68,1256.68,1256.68,0
2025-10-27 10:55:00,1256.68,1256.68,1256.68,1256.68,0
2025-10-27 11:00:00,1256.68,1256.68,1256.68,1256.68,0
2025-10-27 11:05:00,1256.68,1256.68,1256.68,1256.68,0
2025-10-27 11:10:00,1256.68,1256.68,1256.68,1256.68,0
2025-10-27 11:15:00,1256.68,1256.68,1256.68,1256.68,0
2025-10-27 11:20:00,1256.68,1256.68,1256.68,1256.68,0
2025-10-27 11:25:00,1256.68,1256.68,1256.68,1256.68,0
2025-10-27 11:30:00,1256.68,1256.68,1256.68,1256.68,0
2025-10-27 11:35:00,1256.68,1256.68,1256.68,1256.68,0
2025-10-27 11:40:00,1256.68,1256.68,1256.68,1256.68,0
2025-10-27 11:45:00,1256.68,1256.68,1256.68,1256.68,0
2025-10-27 11:50:00,1256.68,1256.68,1256.68,1256.68,0
2025-10-27 11:55:00,1256.68,1256.68,1256.68,1256.68,0
2025-10-27 12:00:00,1256.68,1256.68,1256.68,1256.68,0
2025-10-27 12:05:00,1256.68,1256.68,1256.68,1256.68,0
2025-10-27 12:10:00,1256.68,1256.68,1256.68,1256.68,0
2025-10-27 12:15:00,1256.68,1256.68,1256.68,1256.68,0
2025-10-27 12:20:00,1256.68,1256.68,1256.68,1256.68,0
2025-10-27 12:25:00,1256.68,1256.68,1256.68,1256.68,0
2025-10-27 12:30:00,1256.68,1256.68,1256.68,1256.68,0
2025-10-27 12:35:00,1256.68,1256.68,1256.68,1256.68,0
2025-10-27 12:40:00,1256.68,1256.68,1256.68,1256.68,0
2025-10-27 12:45:00,1256.68,1256.68,1256.68,1256.68,0
2025-10-27 12:50:00,1256.68,1256.68,1256.68,1256.68,0
2025-10-27 12:55:00,1256.68,1256.68,1256.68,1256.68,0
2025-10-27 13:00:00,1256.68,1256.68,1256.68,1256.68,0
2025-10-27 13:05:00,1256.68,1256.68,1256.68,1256.68,0
2025-10-27 13:10:00,1256.68,1256.68,1256.68,1256.68,0
2025-10-27 13:15:00,1256.68,1256.68,1256.68,1256.68,0
2025-10-27 13:20:00,1256.68,1256.68,1256.68,1256.68,0
2025-10-27 13:25:00,1256.68,1256.68,1256.68,1256.68,0
2025-10-27 13:30:00,1256.68,1256.68,1256.68,1256.68,0
2025-10-27 13:35:00,1256.68,1256.68,1256.68,1256.68,0
2025-10-27 13:40:00,1256.68,1256.68,1256.68,1256.68,0
2025-10-27 13:45:00,1256.68,1256.68,1256.68,1256.68,0
2025-10-27 13:50:00,1256.68,1256.68,1256.68,1256.68,0
2025-10-27 13:55:00,1256.68,1256.68,1256.68,1256.68,0
2025-10-27 14:00:00,1256.68,1256.68,1256.68,1256.68,0
2025-10-27 14:05:00,1256.68,1256.68,1256.68,1256.68,0
2025-10-27 14:10:00,1256.68,1256.68,1256.68,1256.68,0
2025-10-27 14:15:00,1256.68,1256.68,1256.68,1256.68,0
2025-10-27 14:20:00,1256.68,1256.68,1256.68,1256.68,0
2025-10-27 14:25:00,1256.68,1256.68,1256.68,1256.68,0
2025-10-27 14:30:00,1256.68,1256.68,1256.68,1256.68,0
2025-10-27 14:35:00,1256.68,1256.68,1256.68,1256.68,0
2025-10-27 14:40:00,1256.68,1256.68,1256.68,1256.68,0
2025-10-27 14:45:00,1256.68,1256.68,1256.68,1256.68,0
2025-10-27 14:50:00,1256.68,1256.68,1256.68,1256.68,0
2025-10-27 14:55:00,1256.68,1256.68,1256.68,1256.68,0
2025-10-27 15:00:00,1256.68,1256.68,1256.68,1256.68,0
2025-10-27 15:05:00,1256.68,1256.68,1256.68,1256.68,0
2025-10-27 15:10:00,1256.68,1256.68,1256.68,1256.68,0
2025-10-27 15:15:00,1256.68,1256.68,1256.68,1256.68,0
2025-10-27 15:20:00,1256.68,1256.68,1256.68,1256.68,0
2025-10-27 15:25:00,1256.68,1256.68,1256.68,1256.68,0
2025-10-28 09:15:00,1256.09,1256.09,1256.07,1256.07,0
2025-10-28 09:20:00,1256.07,1256.07,1256.07,1256.07,0
2025-10-28 09:25:00,1256.07,1256.07,1256.07,1256.07,0
2025-10-28 09:30:00,1256.07,1256.07,1256.07,1256.07,0
2025-10-28 09:35:00,1256.07,1256.07,1256.07,1256.07,0
2025-10-28 09:40:00,1256.07,1256.07,1256.07,1256.07,0
2025-10-28 09:45:00,1256.07,1256.07,1256.07,1256.07,0
2025-10-28 09:50:00,1256.07,1256.07,1256.07,1256.07,0
2025-10-28 09:55:00,1256.07,1256.07,1256.07,1256.07,0
2025-10-28 10:00:00,1256.07,1256.07,1256.07,1256.07,0
2025-10-28 10:05:00,1256.07,1256.07,1256.07,1256.07,0
2025-10-28 10:10:00,1256.07,1256.07,1256.07,1256.07,0
2025-10-28 10:15:00,1256.07,1256.07,1256.07,1256.07,0
2025-10-28 10:20:00,1256.07,1256.07,1256.07,1256.07,0
2025-10-28 10:25:00,1256.07,1256.07,1256.07,1256.07,0
2025-10-28 10:30:00,1256.07,1256.07,1256.07,1256.07,0
2025-10-28 10:35:00,1256.07,1256.07,1256.07,1256.07,0
2025-10-28 10:40:00,1256.07,1256.07,1256.07,1256.07,0
2025-10-28 10:45:00,1256.07,1256.07,1256.07,1256.07,0
2025-10-28 10:50:00,1256.07,1256.07,1256.07,1256.07,0
2025-10-28 10:55:00,1256.07,1256.07,1256.07,1256.07,0
2025-10-28 11:00:00,1256.07,1256.07,1256.07,1256.07,0
2025-10-28 11:05:00,1256.07,1256.07,1256.07,1256.07,0
2025-10-28 11:10:00,1256.07,1256.07,1256.07,1256.07,0
2025-10-28 11:15:00,1256.07,1256.07,1256.07,1256.07,0
2025-10-28 11:20:00,1256.07,1256.07,1256.07,1256.07,0
2025-10-28 11:25:00,1256.07,1256.07,1256.07,1256.07,0
2025-10-28 11:30:00,1256.07,1256.07,1256.07,1256.07,0
2025-10-28 11:35:00,1256.07,1256.07,1256.07,1256.07,0
2025-10-28 11:40:00,1256.07,1256.07,1256.07,1256.07,0
2025-10-28 11:45:00,1256.07,1256.07,1256.07,1256.07,0
2025-10-28 11:50:00,1256.07,1256.07,1256.07,1256.07,0
2025-10-28 11:55:00,1256.07,1256.07,1256.07,1256.07,0
2025-10-28 12:00:00,1256.07,1256.07,1256.07,1256.07,0
2025-10-28 12:05:00,1256.07,1256.07,1256.07,1256.07,0
2025-10-28 12:10:00,1256.07,1256.07,1256.07,1256.07,0
2025-10-28 12:15:00,1256.07,1256.07,1256.07,1256.07,0
2025-10-28 12:20:00,1256.07,1256.07,1256.07,1256.07,0
2025-10-28 12:25:00,1256.07,1256.07,1256.07,1256.07,0
2025-10-28 12:30:00,1256.07,1256.07,1256.07,1256.07,0
2025-10-28 12:35:00,1256.07,1256.07,1256.07,1256.07,0
2025-10-28 12:40:00,1256.07,1256.07,1256.07,1256.07,0
2025-10-28 12:45:00,1256.07,1256.07,1256.07,1256.07,0
2025-10-28 12:50:00,1256.07,1256.07,1256.07,1256.07,0
2025-10-28 12:55:00,1256.07,1256.07,1256.07,1256.07,0
2025-10-28 13:00:00,1256.07,1256.07,1256.07,1256.07,0
2025-10-28 13:05:00,1256.07,1256.07,1256.07,1256.07,0
2025-10-28 13:10:00,1256.07,1256.07,1256.07,1256.07,0
2025-10-28 13:15:00,1256.07,1256.07,1256.07,1256.07,0
2025-10-28 13:20:00,1256.07,1256.07,1256.07,1256.07,0
2025-10-28 13:25:00,1256.07,1256.07,1256.07,1256.07,0
2025-10-28 13:30:00,1256.07,1256.07,1256.07,1256.07,0
2025-10-28 13:35:00,1256.07,1256.07,1256.07,1256.07,0
2025-10-28 13:40:00,1256.07,1256.07,1256.07,1256.07,0
2025-10-28 13:45:00,1256.07,1256.07,1256.07,1256.07,0
2025-10-28 13:50:00,1256.07,1256.07,1256.07,1256.07,0
2025-10-28 13:55:00,1256.07,1256.07,1256.07,1256.07,0
2025-10-28 14:00:00,1256.07,1256.07,1256.07,1256.07,0
2025-10-28 14:05:00,1256.07,1256.07,1256.07,1256.07,0
2025-10-28 14:10:00,1256.07,1256.07,1256.07,1256.07,0
2025-10-28 14:15:00,1256.07,1256.07,1256.07,1256.07,0
2025-10-28 14:20:00,1256.07,1256.07,1256.07,1256.07,0
2025-10-28 14:25:00,1256.07,1256.07,1256.07,1256.07,0
2025-10-28 14:30:00,1256.07,1256.07,1256.07,1256.07,0
2025-10-28 14:35:00,1256.07,1256.07,1256.07,1256.07,0
2025-10-28 14:40:00,1256.07,1256.07,1256.07,1256.07,0
2025-10-28 14:45:00,1256.07,1256.07,1256.07,1256.07,0
2025-10-28 14:50:00,1256.07,1256.07,1256.07,1256.07,0
2025-10-28 14:55:00,1256.07,1256.07,1256.07,1256.07,0
2025-10-28 15:00:00,1256.07,1256.07,1256.07,1256.07,0
2025-10-28 15:05:00,1256.07,1256.07,1256.07,1256.07,0
2025-10-28 15:10:00,1256.07,1256.07,1256.07,1256.07,0
2025-10-28 15:15:00,1256.07,1256.07,1256.07,1256.07,0
2025-10-28 15:20:00,1256.07,1256.07,1256.07,1256.07,0
2025-10-28 15:25:00,1256.07,1256.07,1256.07,1256.07,0
2025-10-29 09:15:00,1256.98,1256.98,1256.96,1256.96,0
2025-10-29 09:20:00,1256.96,1256.96,1256.96,1256.96,0
2025-10-29 09:25:00,1256.96,1256.96,1256.96,1256.96,0
2025-10-29 09:30:00,1256.96,1256.96,1256.96,1256.96,0
2025-10-29 09:35:00,1256.96,1256.96,1256.96,1256.96,0
2025-10-29 09:40:00,1256.96,1256.96,1256.96,1256.96,0
2025-10-29 09:45:00,1256.96,1256.96,1256.96,1256.96,0
2025-10-29 09:50:00,1256.96,1256.96,1256.96,1256.96,0
2025-10-29 09:55:00,1256.96,1256.96,1256.96,1256.96,0
2025-10-29 10:00:00,1256.96,1256.96,1256.96,1256.96,0
2025-10-29 10:05:00,1256.96,1256.96,1256.96,1256.96,0
2025-10-29 10:10:00,1256.96,1256.96,1256.96,1256.96,0
2025-10-29 10:15:00,1256.96,1256.96,1256.96,1256.96,0
2025-10-29 10:20:00,1256.96,1256.96,1256.96,1256.96,0
2025-10-29 10:25:00,1256.96,1256.96,1256.96,1256.96,0
2025-10-29 10:30:00,1256.96,1256.96,1256.96,1256.96,0
2025-10-29 10:35:00,1256.96,1256.96,1256.96,1256.96,0
2025-10-29 10:40:00,1256.96,1256.96,1256.96,1256.96,0
2025-10-29 10:45:00,1256.96,1256.96,1256.96,1256.96,0
2025-10-29 10:50:00,1256.96,1256.96,1256.96,1256.96,0
2025-10-29 10:55:00,1256.96,1256.96,1256.96,1256.96,0
2025-10-29 11:00:00,1256.96,1256.96,1256.96,1256.96,0
2025-10-29 11:05:00,1256.96,1256.96,1256.96,1256.96,0
2025-10-29 11:10:00,1256.96,1256.96,1256.96,1256.96,0
2025-10-29 11:15:00,1256.96,1256.96,1256.96,1256.96,0
2025-10-29 11:20:00,1256.96,1256.96,1256.96,1256.96,0
2025-10-29 11:25:00,1256.96,1256.96,1256.96,1256.96,0
2025-10-29 11:30:00,1256.96,1256.96,1256.96,1256.96,0
2025-10-29 11:35:00,1256.96,1256.96,1256.96,1256.96,0
2025-10-29 11:40:00,1256.96,1256.96,1256.96,1256.96,0
2025-10-29 11:45:00,1256.96,1256.96,1256.96,1256.96,0
2025-10-29 11:50:00,1256.96,1256.96,1256.96,1256.96,0
2025-10-29 11:55:00,1256.96,1256.96,1256.96,1256.96,0
2025-10-29 12:00:00,1256.96,1256.96,1256.96,1256.96,0
2025-10-29 12:05:00,1256.96,1256.96,1256.96,1256.96,0
2025-10-29 12:10:00,1256.96,1256.96,1256.96,1256.96,0
2025-10-29 12:15:00,1256.96,1256.96,1256.96,1256.96,0
2025-10-29 12:20:00,1256.96,1256.96,1256.96,1256.96,0
2025-10-29 12:25:00,1256.96,1256.96,1256.96,1256.96,0
2025-10-29 12:30:00,1256.96,1256.96,1256.96,1256.96,0
2025-10-29 12:35:00,1256.96,1256.96,1256.96,1256.96,0
2025-10-29 12:40:00,1256.96,1256.96,1256.96,1256.96,0
2025-10-29 12:45:00,1256.96,1256.96,1256.96,1256.96,0
2025-10-29 12:50:00,1256.96,1256.96,1256.96,1256.96,0
2025-10-29 12:55:00,1256.96,1256.96,1256.96,1256.96,0
2025-10-29 13:00:00,1256.96,1256.96,1256.96,1256.96,0
2025-10-29 13:05:00,1256.96,1256.96,1256.96,1256.96,0
2025-10-29 13:10:00,1256.96,1256.96,1256.96,1256.96,0
2025-10-29 13:15:00,1256.96,1256.96,1256.96,1256.96,0
2025-10-29 13:20:00,1256.96,1256.96,1256.96,1256.96,0
2025-10-29 13:25:00,1256.96,1256.96,1256.96,1256.96,0
2025-10-29 13:30:00,1256.96,1256.96,1256.96,1256.96,0
2025-10-29 13:35:00,1256.96,1256.96,1256.96,1256.96,0
2025-10-29 13:40:00,1256.96,1256.96,1256.96,1256.96,0
2025-10-29 13:45:00,1256.96,1256.96,1256.96,1256.96,0
2025-10-29 13:50:00,1256.96,1256.96,1256.96,1256.96,0
2025-10-29 13:55:00,1256.96,1256.96,1256.96,1256.96,0
2025-10-29 14:00:00,1256.96,1256.96,1256.96,1256.96,0
2025-10-29 14:05:00,1256.96,1256.96,1256.96,1256.96,0
2025-10-29 14:10:00,1256.96,1256.96,1256.96,1256.96,0
2025-10-29 14:15:00,1256.96,1256.96,1256.96,1256.96,0
2025-10-29 14:20:00,1256.96,1256.96,1256.96,1256.96,0
2025-10-29 14:25:00,1256.96,1256.96,1256.96,1256.96,0
2025-10-29 14:30:00,1256.96,1256.96,1256.96,1256.96,0
2025-10-29 14:35:00,1256.96,1256.96,1256.96,1256.96,0
2025-10-29 14:40:00,1256.96,1256.96,1256.96,1256.96,0
2025-10-29 14:45:00,1256.96,1256.96,1256.96,1256.96,0
2025-10-29 14:50:00,1256.96,1256.96,1256.96,1256.96,0
2025-10-29 14:55:00,1256.96,1256.96,1256.96,1256.96,0
2025-10-29 15:00:00,1256.96,1256.96,1256.96,1256.96,0
2025-10-29 15:05:00,1256.96,1256.96,1256.96,1256.96,0
2025-10-29 15:10:00,1256.96,1256.96,1256.96,1256.96,0
2025-10-29 15:15:00,1256.96,1256.96,1256.96,1256.96,0
2025-10-29 15:20:00,1256.96,1256.96,1256.96,1256.96,0
2025-10-29 15:25:00,1256.96,1256.96,1256.96,1256.96,0
2025-10-30 09:15:00,1255.21,1255.21,1255.19,1255.19,0
2025-10-30 09:20:00,1255.19,1255.19,1255.19,1255.19,0
2025-10-30 09:25:00,1255.19,1255.19,1255.19,1255.19,0
2025-10-30 09:30:00,1255.19,1255.19,1255.19,1255.19,0
2025-10-30 09:35:00,1255.19,1255.19,1255.19,1255.19,0
2025-10-30 09:40:00,1255.19,1255.19,1255.19,1255.19,0
2025-10-30 09:45:00,1255.19,1255.19,1255.19,1255.19,0
2025-10-30 09:50:00,1255.19,1255.19,1255.19,1255.19,0
2025-10-30 09:55:00,1255.19,1255.19,1255.19,1255.19,0
2025-10-30 10:00:00,1255.19,1255.19,1255.19,1255.19,0
2025-10-30 10:05:00,1255.19,1255.19,1255.19,1255.19,0
2025-10-30 10:10:00,1255.19,1255.19,1255.19,1255.19,0
2025-10-30 10:15:00,1255.19,1255.19,1255.19,1255.19,0
2025-10-30 10:20:00,1255.19,1255.19,1255.19,1255.19,0
2025-10-30 10:25:00,1255.19,1255.19,1255.19,1255.19,0
2025-10-30 10:30:00,1255.19,1255.19,1255.19,1255.19,0
2025-10-30 10:35:00,1255.19,1255.19,1255.19,1255.19,0
2025-10-30 10:40:00,1255.19,1255.19,1255.19,1255.19,0
2025-10-30 10:45:00,1255.19,1255.19,1255.19,1255.19,0
2025-10-30 10:50:00,1255.19,1255.19,1255.19,1255.19,0
2025-10-30 10:55:00,1255.19,1255.19,1255.19,1255.19,0
2025-10-30 11:00:00,1255.19,1255.19,1255.19,1255.19,0
2025-10-30 11:05:00,1255.19,1255.19,1255.19,1255.19,0
2025-10-30 11:10:00,1255.19,1255.19,1255.19,1255.19,0
2025-10-30 11:15:00,1255.19,1255.19,1255.19,1255.19,0
2025-10-30 11:20:00,1255.19,1255.19,1255.19,1255.19,0
2025-10-30 11:25:00,1255.19,1255.19,1255.19,1255.19,0
2025-10-30 11:30:00,1255.19,1255.19,1255.19,1255.19,0
2025-10-30 11:35:00,1255.19,1255.19,1255.19,1255.19,0
2025-10-30 11:40:00,1255.19,1255.19,1255.19,1255.19,0
2025-10-30 11:45:00,1255.19,1255.19,1255.19,1255.19,0
2025-10-30 11:50:00,1255.19,1255.19,1255.19,1255.19,0
2025-10-30 11:55:00,1255.19,1255.19,1255.19,1255.19,0
2025-10-30 12:00:00,1255.19,1255.19,1255.19,1255.19,0
2025-10-30 12:05:00,1255.19,1255.19,1255.19,1255.19,0
2025-10-30 12:10:00,1255.19,1255.19,1255.19,1255.19,0
2025-10-30 12:15:00,1255.19,1255.19,1255.19,1255.19,0
2025-10-30 12:20:00,1255.19,1255.19,1255.19,1255.19,0
2025-10-30 12:25:00,1255.19,1255.19,1255.19,1255.19,0
2025-10-30 12:30:00,1255.19,1255.19,1255.19,1255.19,0
2025-10-30 12:35:00,1255.19,1255.19,1255.19,1255.19,0
2025-10-30 12:40:00,1255.19,1255.19,1255.19,1255.19,0
2025-10-30 12:45:00,1255.19,1255.19,1255.19,1255.19,0
2025-10-30 12:50:00,1255.19,1255.19,1255.19,1255.19,0
2025-10-30 12:55:00,1255.19,1255.19,1255.19,1255.19,0
2025-10-30 13:00:00,1255.19,1255.19,1255.19,1255.19,0
2025-10-30 13:05:00,1255.19,1255.19,1255.19,1255.19,0
2025-10-30 13:10:00,1255.19,1255.19,1255.19,1255.19,0
2025-10-30 13:15:00,1255.19,1255.19,1255.19,1255.19,0
2025-10-30 13:20:00,1255.19,1255.19,1255.19,1255.19,0
2025-10-30 13:25:00,1255.19,1255.19,1255.19,1255.19,0
2025-10-30 13:30:00,1255.19,1255.19,1255.19,1255.19,0
2025-10-30 13:35:00,1255.19,1255.19,1255.19,1255.19,0
2025-10-30 13:40:00,1255.19,1255.19,1255.19,1255.19,0
2025-10-30 13:45:00,1255.19,1255.19,1255.19,1255.19,0
2025-10-30 13:50:00,1255.19,1255.19,1255.19,1255.19,0
2025-10-30 13:55:00,1255.19,1255.19,1255.19,1255.19,0
2025-10-30 14:00:00,1255.19,1255.19,1255.19,1255.19,0
2025-10-30 14:05:00,1255.19,1255.19,1255.19,1255.19,0
2025-10-30 14:10:00,1255.19,1255.19,1255.19,1255.19,0
2025-10-30 14:15:00,1255.19,1255.19,1255.19,1255.19,0
2025-10-30 14:20:00,1255.19,1255.19,1255.19,1255.19,0
2025-10-30 14:25:00,1255.19,1255.19,1255.19,1255.19,0
2025-10-30 14:30:00,1255.19,1255.19,1255.19,1255.19,0
2025-10-30 14:35:00,1255.19,1255.19,1255.19,1255.19,0
2025-10-30 14:40:00,1255.19,1255.19,1255.19,1255.19,0
2025-10-30 14:45:00,1255.19,1255.19,1255.19,1255.19,0
2025-10-30 14:50:00,1255.19,1255.19,1255.19,1255.19,0
2025-10-30 14:55:00,1255.19,1255.19,1255.19,1255.19,0
2025-10-30 15:00:00,1255.19,1255.19,1255.19,1255.19,0
2025-10-30 15:05:00,1255.19,1255.19,1255.19,1255.19,0
2025-10-30 15:10:00,1255.19,1255.19,1255.19,1255.19,0
2025-10-30 15:15:00,1255.19,1255.19,1255.19,1255.19,0
2025-10-30 15:20:00,1255.19,1255.19,1255.19,1255.19,0
2025-10-30 15:25:00,1255.19,1255.19,1255.19,1255.19,0
2025-10-31 09:15:00,1256.89,1256.89,1256.88,1256.88,0
2025-10-31 09:20:00,1256.88,1256.88,1256.88,1256.88,0
2025-10-31 09:25:00,1256.88,1256.88,1256.88,1256.88,0
2025-10-31 09:30:00,1256.88,1256.88,1256.88,1256.88,0
2025-10-31 09:35:00,1256.88,1256.88,1256.88,1256.88,0
2025-10-31 09:40:00,1256.88,1256.88,1256.88,1256.88,0
2025-10-31 09:45:00,1256.88,1256.88,1256.88,1256.88,0
2025-10-31 09:50:00,1256.88,1256.88,1256.88,1256.88,0
2025-10-31 09:55:00,1256.88,1256.88,1256.88,1256.88,0
2025-10-31 10:00:00,1256.88,1256.88,1256.88,1256.88,0
2025-10-31 10:05:00,1256.88,1256.88,1256.88,1256.88,0
2025-10-31 10:10:00,1256.88,1256.88,1256.88,1256.88,0
2025-10-31 10:15:00,1256.88,1256.88,1256.88,1256.88,0
2025-10-31 10:20:00,1256.88,1256.88,1256.88,1256.88,0
2025-10-31 10:25:00,1256.88,1256.88,1256.88,1256.88,0
2025-10-31 10:30:00,1256.88,1256.88,1256.88,1256.88,0
2025-10-31 10:35:00,1256.88,1256.88,1256.88,1256.88,0
2025-10-31 10:40:00,1256.88,1256.88,1256.88,1256.88,0
2025-10-31 10:45:00,1256.88,1256.88,1256.88,1256.88,0
2025-10-31 10:50:00,1256.88,1256.88,1256.88,1256.88,0
2025-10-31 10:55:00,1256.88,1256.88,1256.88,1256.88,0
2025-10-31 11:00:00,1256.88,1256.88,1256.88,1256.88,0
2025-10-31 11:05:00,1256.88,1256.88,1256.88,1256.88,0
2025-10-31 11:10:00,1256.88,1256.88,1256.88,1256.88,0
2025-10-31 11:15:00,1256.88,1256.88,1256.88,1256.88,0
2025-10-31 11:20:00,1256.88,1256.88,1256.88,1256.88,0
2025-10-31 11:25:00,1256.88,1256.88,1256.88,1256.88,0
2025-10-31 11:30:00,1256.88,1256.88,1256.88,1256.88,0
2025-10-31 11:35:00,1256.88,1256.88,1256.88,1256.88,0
2025-10-31 11:40:00,1256.88,1256.88,1256.88,1256.88,0
2025-10-31 11:45:00,1256.88,1256.88,1256.88,1256.88,0
2025-10-31 11:50:00,1256.88,1256.88,1256.88,1256.88,0
2025-10-31 11:55:00,1256.88,1256.88,1256.88,1256.88,0
2025-10-31 12:00:00,1256.88,1256.88,1256.88,1256.88,0
2025-10-31 12:05:00,1256.88,1256.88,1256.88,1256.88,0
2025-10-31 12:10:00,1256.88,1256.88,1256.88,1256.88,0
2025-10-31 12:15:00,1256.88,1256.88,1256.88,1256.88,0
2025-10-31 12:20:00,1256.88,1256.88,1256.88,1256.88,0
2025-10-31 12:25:00,1256.88,1256.88,1256.88,1256.88,0
2025-10-31 12:30:00,1256.88,1256.88,1256.88,1256.88,0
2025-10-31 12:35:00,1256.88,1256.88,1256.88,1256.88,0
2025-10-31 12:40:00,1256.88,1256.88,1256.88,1256.88,0
2025-10-31 12:45:00,1256.88,1256.88,1256.88,1256.88,0
2025-10-31 12:50:00,1256.88,1256.88,1256.88,1256.88,0
2025-10-31 12:55:00,1256.88,1256.88,1256.88,1256.88,0
2025-10-31 13:00:00,1256.88,1256.88,1256.88,1256.88,0
2025-10-31 13:05:00,1256.88,1256.88,1256.88,1256.88,0
2025-10-31 13:10:00,1256.88,1256.88,1256.88,1256.88,0
2025-10-31 13:15:00,1256.88,1256.88,1256.88,1256.88,0
2025-10-31 13:20:00,1256.88,1256.88,1256.88,1256.88,0
2025-10-31 13:25:00,1256.88,1256.88,1256.88,1256.88,0
2025-10-31 13:30:00,1256.88,1256.88,1256.88,1256.88,0
2025-10-31 13:35:00,1256.88,1256.88,1256.88,1256.88,0
2025-10-31 13:40:00,1256.88,1256.88,1256.88,1256.88,0
2025-10-31 13:45:00,1256.88,1256.88,1256.88,1256.88,0
2025-10-31 13:50:00,1256.88,1256.88,1256.88,1256.88,0
2025-10-31 13:55:00,1256.88,1256.88,1256.88,1256.88,0
2025-10-31 14:00:00,1256.88,1256.88,1256.88,1256.88,0
2025-10-31 14:05:00,1256.88,1256.88,1256.88,1256.88,0
2025-10-31 14:10:00,1256.88,1256.88,1256.88,1256.88,0
2025-10-31 14:15:00,1256.88,1256.88,1256.88,1256.88,0
2025-10-31 14:20:00,1256.88,1256.88,1256.88,1256.88,0
2025-10-31 14:25:00,1256.88,1256.88,1256.88,1256.88,0
2025-10-31 14:30:00,1256.88,1256.88,1256.88,1256.88,0
2025-10-31 14:35:00,1256.88,1256.88,1256.88,1256.88,0
2025-10-31 14:40:00,1256.88,1256.88,1256.88,1256.88,0
2025-10-31 14:45:00,1256.88,1256.88,1256.88,1256.88,0
2025-10-31 14:50:00,1256.88,1256.88,1256.88,1256.88,0
2025-10-31 14:55:00,1256.88,1256.88,1256.88,1256.88,0
2025-10-31 15:00:00,1256.88,1256.88,1256.88,1256.88,0
2025-10-31 15:05:00,1256.88,1256.88,1256.88,1256.88,0
2025-10-31 15:10:00,1256.88,1256.88,1256.88,1256.88,0
2025-10-31 15:15:00,1256.88,1256.88,1256.88,1256.88,0
2025-10-31 15:20:00,1256.88,1256.88,1256.88,1256.88,0
2025-10-31 15:25:00,1256.88,1256.88,1256.88,1256.88,0
2025-11-03 09:15:00,1257.61,1257.61,1257.59,1257.59,0
2025-11-03 09:20:00,1257.59,1257.59,1257.59,1257.59,0
2025-11-03 09:25:00,1257.59,1257.59,1257.59,1257.59,0
2025-11-03 09:30:00,1257.59,1257.59,1257.59,1257.59,0
2025-11-03 09:35:00,1257.59,1257.59,1257.59,1257.59,0
2025-11-03 09:40:00,1257.59,1257.59,1257.59,1257.59,0
2025-11-03 09:45:00,1257.59,1257.59,1257.59,1257.59,0
2025-11-03 09:50:00,1257.59,1257.59,1257.59,1257.59,0
2025-11-03 09:55:00,1257.59,1257.59,1257.59,1257.59,0
2025-11-03 10:00:00,1257.59,1257.59,1257.59,1257.59,0
2025-11-03 10:05:00,1257.59,1257.59,1257.59,1257.59,0
2025-11-03 10:10:00,1257.59,1257.59,1257.59,1257.59,0
2025-11-03 10:15:00,1257.59,1257.59,1257.59,1257.59,0
2025-11-03 10:20:00,1257.59,1257.59,1257.59,1257.59,0
2025-11-03 10:25:00,1257.59,1257.59,1257.59,1257.59,0
2025-11-03 10:30:00,1257.59,1257.59,1257.59,1257.59,0
2025-11-03 10:35:00,1257.59,1257.59,1257.59,1257.59,0
2025-11-03 10:40:00,1257.59,1257.59,1257.59,1257.59,0
2025-11-03 10:45:00,1257.59,1257.59,1257.59,1257.59,0
2025-11-03 10:50:00,1257.59,1257.59,1257.59,1257.59,0
2025-11-03 10:55:00,1257.59,1257.59,1257.59,1257.59,0
2025-11-03 11:00:00,1257.59,1257.59,1257.59,1257.59,0
2025-11-03 11:05:00,1257.59,1257.59,1257.59,1257.59,0
2025-11-03 11:10:00,1257.59,1257.59,1257.59,1257.59,0
2025-11-03 11:15:00,1257.59,1257.59,1257.59,1257.59,0
2025-11-03 11:20:00,1257.59,1257.59,1257.59,1257.59,0
2025-11-03 11:25:00,1257.59,1257.59,1257.59,1257.59,0
2025-11-03 11:30:00,1257.59,1257.59,1257.59,1257.59,0
2025-11-03 11:35:00,1257.59,1257.59,1257.59,1257.59,0
2025-11-03 11:40:00,1257.59,1257.59,1257.59,1257.59,0
2025-11-03 11:45:00,1257.59,1257.59,1257.59,1257.59,0
2025-11-03 11:50:00,1257.59,1257.59,1257.59,1257.59,0
2025-11-03 11:55:00,1257.59,1257.59,1257.59,1257.59,0
2025-11-03 12:00:00,1257.59,1257.59,1257.59,1257.59,0
2025-11-03 12:05:00,1257.59,1257.59,1257.59,1257.59,0
2025-11-03 12:10:00,1257.59,1257.59,1257.59,1257.59,0
2025-11-03 12:15:00,1257.59,1257.59,1257.59,1257.59,0
2025-11-03 12:20:00,1257.59,1257.59,1257.59,1257.59,0
2025-11-03 12:25:00,1257.59,1257.59,1257.59,1257.59,0
2025-11-03 12:30:00,1257.59,1257.59,1257.59,1257.59,0
2025-11-03 12:35:00,1257.59,1257.59,1257.59,1257.59,0
2025-11-03 12:40:00,1257.59,1257.59,1257.59,1257.59,0
2025-11-03 12:45:00,1257.59,1257.59,1257.59,1257.59,0
2025-11-03 12:50:00,1257.59,1257.59,1257.59,1257.59,0
2025-11-03 12:55:00,1257.59,1257.59,1257.59,1257.59,0
2025-11-03 13:00:00,1257.59,1257.59,1257.59,1257.59,0
2025-11-03 13:05:00,1257.59,1257.59,1257.59,1257.59,0
2025-11-03 13:10:00,1257.59,1257.59,1257.59,1257.59,0
2025-11-03 13:15:00,1257.59,1257.59,1257.59,1257.59,0
2025-11-03 13:20:00,1257.59,1257.59,1257.59,1257.59,0
2025-11-03 13:25:00,1257.59,1257.59,1257.59,1257.59,0
2025-11-03 13:30:00,1257.59,1257.59,1257.59,1257.59,0
2025-11-03 13:35:00,1257.59,1257.59,1257.59,1257.59,0
2025-11-03 13:40:00,1257.59,1257.59,1257.59,1257.59,0
2025-11-03 13:45:00,1257.59,1257.59,1257.59,1257.59,0
2025-11-03 13:50:00,1257.59,1257.59,1257.59,1257.59,0
2025-11-03 13:55:00,1257.59,1257.59,1257.59,1257.59,0
2025-11-03 14:00:00,1257.59,1257.59,1257.59,1257.59,0
2025-11-03 14:05:00,1257.59,1257.59,1257.59,1257.59,0
2025-11-03 14:10:00,1257.59,1257.59,1257.59,1257.59,0
2025-11-03 14:15:00,1257.59,1257.59,1257.59,1257.59,0
2025-11-03 14:20:00,1257.59,1257.59,1257.59,1257.59,0
2025-11-03 14:25:00,1257.59,1257.59,1257.59,1257.59,0
2025-11-03 14:30:00,1257.59,1257.59,1257.59,1257.59,0
2025-11-03 14:35:00,1257.59,1257.59,1257.59,1257.59,0
2025-11-03 14:40:00,1257.59,1257.59,1257.59,1257.59,0
2025-11-03 14:45:00,1257.59,1257.59,1257.59,1257.59,0
2025-11-03 14:50:00,1257.59,1257.59,1257.59,1257.59,0
2025-11-03 14:55:00,1257.59,1257.59,1257.59,1257.59,0
2025-11-03 15:00:00,1257.59,1257.59,1257.59,1257.59,0
2025-11-03 15:05:00,1257.59,1257.59,1257.59,1257.59,0
2025-11-03 15:10:00,1257.59,1257.59,1257.59,1257.59,0
2025-11-03 15:15:00,1257.59,1257.59,1257.59,1257.59,0
2025-11-03 15:20:00,1257.59,1257.59,1257.59,1257.59,0
2025-11-03 15:25:00,1257.59,1257.59,1257.59,1257.59,0
2025-11-04 09:15:00,1257.99,1257.99,1257.97,1257.97,0
2025-11-04 09:20:00,1257.97,1257.97,1257.97,1257.97,0
2025-11-04 09:25:00,1257.97,1257.97,1257.97,1257.97,0
2025-11-04 09:30:00,1257.97,1257.97,1257.97,1257.97,0
2025-11-04 09:35:00,1257.97,1257.97,1257.97,1257.97,0
2025-11-04 09:40:00,1257.97,1257.97,1257.97,1257.97,0
2025-11-04 09:45:00,1257.97,1257.97,1257.97,1257.97,0
2025-11-04 09:50:00,1257.97,1257.97,1257.97,1257.97,0
2025-11-04 09:55:00,1257.97,1257.97,1257.97,1257.97,0
2025-11-04 10:00:00,1257.97,1257.97,1257.97,1257.97,0
2025-11-04 10:05:00,1257.97,1257.97,1257.97,1257.97,0
2025-11-04 10:10:00,1257.97,1257.97,1257.97,1257.97,0
2025-11-04 10:15:00,1257.97,1257.97,1257.97,1257.97,0
2025-11-04 10:20:00,1257.97,1257.97,1257.97,1257.97,0
2025-11-04 10:25:00,1257.97,1257.97,1257.97,1257.97,0
2025-11-04 10:30:00,1257.97,1257.97,1257.97,1257.97,0
2025-11-04 10:35:00,1257.97,1257.97,1257.97,1257.97,0
2025-11-04 10:40:00,1257.97,1257.97,1257.97,1257.97,0
2025-11-04 10:45:00,1257.97,1257.97,1257.97,1257.97,0
2025-11-04 10:50:00,1257.97,1257.97,1257.97,1257.97,0
2025-11-04 10:55:00,1257.97,1257.97,1257.97,1257.97,0
2025-11-04 11:00:00,1257.97,1257.97,1257.97,1257.97,0
2025-11-04 11:05:00,1257.97,1257.97,1257.97,1257.97,0
2025-11-04 11:10:00,1257.97,1257.97,1257.97,1257.97,0
2025-11-04 11:15:00,1257.97,1257.97,1257.97,1257.97,0
2025-11-04 11:20:00,1257.97,1257.97,1257.97,1257.97,0
2025-11-04 11:25:00,1257.97,1257.97,1257.97,1257.97,0
2025-11-04 11:30:00,1257.97,1257.97,1257.97,1257.97,0
2025-11-04 11:35:00,1257.97,1257.97,1257.97,1257.97,0
2025-11-04 11:40:00,1257.97,1257.97,1257.97,1257.97,0
2025-11-04 11:45:00,1257.97,1257.97,1257.97,1257.97,0
2025-11-04 11:50:00,1257.97,1257.97,1257.97,1257.97,0
2025-11-04 11:55:00,1257.97,1257.97,1257.97,1257.97,0
2025-11-04 12:00:00,1257.97,1257.97,1257.97,1257.97,0
2025-11-04 12:05:00,1257.97,1257.97,1257.97,1257.97,0
2025-11-04 12:10:00,1257.97,1257.97,1257.97,1257.97,0
2025-11-04 12:15:00,1257.97,1257.97,1257.97,1257.97,0
2025-11-04 12:20:00,1257.97,1257.97,1257.97,1257.97,0
2025-11-04 12:25:00,1257.97,1257.97,1257.97,1257.97,0
2025-11-04 12:30:00,1257.97,1257.97,1257.97,1257.97,0
2025-11-04 12:35:00,1257.97,1257.97,1257.97,1257.97,0
2025-11-04 12:40:00,1257.97,1257.97,1257.97,1257.97,0
2025-11-04 12:45:00,1257.97,1257.97,1257.97,1257.97,0
2025-11-04 12:50:00,1257.97,1257.97,1257.97,1257.97,0
2025-11-04 12:55:00,1257.97,1257.97,1257.97,1257.97,0
2025-11-04 13:00:00,1257.97,1257.97,1257.97,1257.97,0
2025-11-04 13:05:00,1257.97,1257.97,1257.97,1257.97,0
2025-11-04 13:10:00,1257.97,1257.97,1257.97,1257.97,0
2025-11-04 13:15:00,1257.97,1257.97,1257.97,1257.97,0
2025-11-04 13:20:00,1257.97,1257.97,1257.97,1257.97,0
2025-11-04 13:25:00,1257.97,1257.97,1257.97,1257.97,0
2025-11-04 13:30:00,1257.97,1257.97,1257.97,1257.97,0
2025-11-04 13:35:00,1257.97,1257.97,1257.97,1257.97,0
2025-11-04 13:40:00,1257.97,1257.97,1257.97,1257.97,0
2025-11-04 13:45:00,1257.97,1257.97,1257.97,1257.97,0
2025-11-04 13:50:00,1257.97,1257.97,1257.97,1257.97,0
2025-11-04 13:55:00,1257.97,1257.97,1257.97,1257.97,0
2025-11-04 14:00:00,1257.97,1257.97,1257.97,1257.97,0
2025-11-04 14:05:00,1257.97,1257.97,1257.97,1257.97,0
2025-11-04 14:10:00,1257.97,1257.97,1257.97,1257.97,0
2025-11-04 14:15:00,1257.97,1257.97,1257.97,1257.97,0
2025-11-04 14:20:00,1257.97,1257.97,1257.97,1257.97,0
2025-11-04 14:25:00,1257.97,1257.97,1257.97,1257.97,0
2025-11-04 14:30:00,1257.97,1257.97,1257.97,1257.97,0
2025-11-04 14:35:00,1257.97,1257.97,1257.97,1257.97,0
2025-11-04 14:40:00,1257.97,1257.97,1257.97,1257.97,0
2025-11-04 14:45:00,1257.97,1257.97,1257.97,1257.97,0
2025-11-04 14:50:00,1257.97,1257.97,1257.97,1257.97,0
2025-11-04 14:55:00,1257.97,1257.97,1257.97,1257.97,0
2025-11-04 15:00:00,1257.97,1257.97,1257.97,1257.97,0
2025-11-04 15:05:00,1257.97,1257.97,1257.97,1257.97,0
2025-11-04 15:10:00,1257.97,1257.97,1257.97,1257.97,0
2025-11-04 15:15:00,1257.97,1257.97,1257.97,1257.97,0
2025-11-04 15:20:00,1257.97,1257.97,1257.97,1257.97,0
2025-11-04 15:25:00,1257.97,1257.97,1257.97,1257.97,0
2025-11-06 09:15:00,1258.3,1258.3,1258.28,1258.28,0
2025-11-06 09:20:00,1258.28,1258.28,1258.28,1258.28,0
2025-11-06 09:25:00,1258.28,1258.28,1258.28,1258.28,0
2025-11-06 09:30:00,1258.28,1258.28,1258.28,1258.28,0
2025-11-06 09:35:00,1258.28,1258.28,1258.28,1258.28,0
2025-11-06 09:40:00,1258.28,1258.28,1258.28,1258.28,0
2025-11-06 09:45:00,1258.28,1258.28,1258.28,1258.28,0
2025-11-06 09:50:00,1258.28,1258.28,1258.28,1258.28,0
2025-11-06 09:55:00,1258.28,1258.28,1258.28,1258.28,0
2025-11-06 10:00:00,1258.28,1258.28,1258.28,1258.28,0
2025-11-06 10:05:00,1258.28,1258.28,1258.28,1258.28,0
2025-11-06 10:10:00,1258.28,1258.28,1258.28,1258.28,0
2025-11-06 10:15:00,1258.28,1258.28,1258.28,1258.28,0
2025-11-06 10:20:00,1258.28,1258.28,1258.28,1258.28,0
2025-11-06 10:25:00,1258.28,1258.28,1258.28,1258.28,0
2025-11-06 10:30:00,1258.28,1258.28,1258.28,1258.28,0
2025-11-06 10:35:00,1258.28,1258.28,1258.28,1258.28,0
2025-11-06 10:40:00,1258.28,1258.28,1258.28,1258.28,0
2025-11-06 10:45:00,1258.28,1258.28,1258.28,1258.28,0
2025-11-06 10:50:00,1258.28,1258.28,1258.28,1258.28,0
2025-11-06 10:55:00,1258.28,1258.28,1258.28,1258.28,0
2025-11-06 11:00:00,1258.28,1258.28,1258.28,1258.28,0
2025-11-06 11:05:00,1258.28,1258.28,1258.28,1258.28,0
2025-11-06 11:10:00,1258.28,1258.28,1258.28,1258.28,0
2025-11-06 11:15:00,1258.28,1258.28,1258.28,1258.28,0
2025-11-06 11:20:00,1258.28,1258.28,1258.28,1258.28,0
2025-11-06 11:25:00,1258.28,1258.28,1258.28,1258.28,0
2025-11-06 11:30:00,1258.28,1258.28,1258.28,1258.28,0
2025-11-06 11:35:00,1258.28,1258.28,1258.28,1258.28,0
2025-11-06 11:40:00,1258.28,1258.28,1258.28,1258.28,0
2025-11-06 11:45:00,1258.28,1258.28,1258.28,1258.28,0
2025-11-06 11:50:00,1258.28,1258.28,1258.28,1258.28,0
2025-11-06 11:55:00,1258.28,1258.28,1258.28,1258.28,0
2025-11-06 12:00:00,1258.28,1258.28,1258.28,1258.28,0
2025-11-06 12:05:00,1258.28,1258.28,1258.28,1258.28,0
2025-11-06 12:10:00,1258.28,1258.28,1258.28,1258.28,0
2025-11-06 12:15:00,1258.28,1258.28,1258.28,1258.28,0
2025-11-06 12:20:00,1258.28,1258.28,1258.28,1258.28,0
2025-11-06 12:25:00,1258.28,1258.28,1258.28,1258.28,0
2025-11-06 12:30:00,1258.28,1258.28,1258.28,1258.28,0
2025-11-06 12:35:00,1258.28,1258.28,1258.28,1258.28,0
2025-11-06 12:40:00,1258.28,1258.28,1258.28,1258.28,0
2025-11-06 12:45:00,1258.28,1258.28,1258.28,1258.28,0
2025-11-06 12:50:00,1258.28,1258.28,1258.28,1258.28,0
2025-11-06 12:55:00,1258.28,1258.28,1258.28,1258.28,0
2025-11-06 13:00:00,1258.28,1258.28,1258.28,1258.28,0
2025-11-06 13:05:00,1258.28,1258.28,1258.28,1258.28,0
2025-11-06 13:10:00,1258.28,1258.28,1258.28,1258.28,0
2025-11-06 13:15:00,1258.28,1258.28,1258.28,1258.28,0
2025-11-06 13:20:00,1258.28,1258.28,1258.28,1258.28,0
2025-11-06 13:25:00,1258.28,1258.28,1258.28,1258.28,0
2025-11-06 13:30:00,1258.28,1258.28,1258.28,1258.28,0
2025-11-06 13:35:00,1258.28,1258.28,1258.28,1258.28,0
2025-11-06 13:40:00,1258.28,1258.28,1258.28,1258.28,0
2025-11-06 13:45:00,1258.28,1258.28,1258.28,1258.28,0
2025-11-06 13:50:00,1258.28,1258.28,1258.28,1258.28,0
2025-11-06 13:55:00,1258.28,1258.28,1258.28,1258.28,0
2025-11-06 14:00:00,1258.28,1258.28,1258.28,1258.28,0
2025-11-06 14:05:00,1258.28,1258.28,1258.28,1258.28,0
2025-11-06 14:10:00,1258.28,1258.28,1258.28,1258.28,0
2025-11-06 14:15:00,1258.28,1258.28,1258.28,1258.28,0
2025-11-06 14:20:00,1258.28,1258.28,1258.28,1258.28,0
2025-11-06 14:25:00,1258.28,1258.28,1258.28,1258.28,0
2025-11-06 14:30:00,1258.28,1258.28,1258.28,1258.28,0
2025-11-06 14:35:00,1258.28,1258.28,1258.28,1258.28,0
2025-11-06 14:40:00,1258.28,1258.28,1258.28,1258.28,0
2025-11-06 14:45:00,1258.28,1258.28,1258.28,1258.28,0
2025-11-06 14:50:00,1258.28,1258.28,1258.28,1258.28,0
2025-11-06 14:55:00,1258.28,1258.28,1258.28,1258.28,0
2025-11-06 15:00:00,1258.28,1258.28,1258.28,1258.28,0
2025-11-06 15:05:00,1258.28,1258.28,1258.28,1258.28,0
2025-11-06 15:10:00,1258.28,1258.28,1258.28,1258.28,0
2025-11-06 15:15:00,1258.28,1258.28,1258.28,1258.28,0
2025-11-06 15:20:00,1258.28,1258.28,1258.28,1258.28,0
2025-11-06 15:25:00,1258.28,1258.28,1258.28,1258.28,0
2025-11-07 09:15:00,1258.53,1258.53,1258.52,1258.52,0
2025-11-07 09:20:00,1258.52,1258.52,1258.52,1258.52,0
2025-11-07 09:25:00,1258.52,1258.52,1258.52,1258.52,0
2025-11-07 09:30:00,1258.52,1258.52,1258.52,1258.52,0
2025-11-07 09:35:00,1258.52,1258.52,1258.52,1258.52,0
2025-11-07 09:40:00,1258.52,1258.52,1258.52,1258.52,0
2025-11-07 09:45:00,1258.52,1258.52,1258.52,1258.52,0
2025-11-07 09:50:00,1258.52,1258.52,1258.52,1258.52,0
2025-11-07 09:55:00,1258.52,1258.52,1258.52,1258.52,0
2025-11-07 10:00:00,1258.52,1258.52,1258.52,1258.52,0
2025-11-07 10:05:00,1258.52,1258.52,1258.52,1258.52,0
2025-11-07 10:10:00,1258.52,1258.52,1258.52,1258.52,0
2025-11-07 10:15:00,1258.52,1258.52,1258.52,1258.52,0
2025-11-07 10:20:00,1258.52,1258.52,1258.52,1258.52,0
2025-11-07 10:25:00,1258.52,1258.52,1258.52,1258.52,0
2025-11-07 10:30:00,1258.52,1258.52,1258.52,1258.52,0
2025-11-07 10:35:00,1258.52,1258.52,1258.52,1258.52,0
2025-11-07 10:40:00,1258.52,1258.52,1258.52,1258.52,0
2025-11-07 10:45:00,1258.52,1258.52,1258.52,1258.52,0
2025-11-07 10:50:00,1258.52,1258.52,1258.52,1258.52,0
2025-11-07 10:55:00,1258.52,1258.52,1258.52,1258.52,0
2025-11-07 11:00:00,1258.52,1258.52,1258.52,1258.52,0
2025-11-07 11:05:00,1258.52,1258.52,1258.52,1258.52,0
2025-11-07 11:10:00,1258.52,1258.52,1258.52,1258.52,0
2025-11-07 11:15:00,1258.52,1258.52,1258.52,1258.52,0
2025-11-07 11:20:00,1258.52,1258.52,1258.52,1258.52,0
2025-11-07 11:25:00,1258.52,1258.52,1258.52,1258.52,0
2025-11-07 11:30:00,1258.52,1258.52,1258.52,1258.52,0
2025-11-07 11:35:00,1258.52,1258.52,1258.52,1258.52,0
2025-11-07 11:40:00,1258.52,1258.52,1258.52,1258.52,0
2025-11-07 11:45:00,1258.52,1258.52,1258.52,1258.52,0
2025-11-07 11:50:00,1258.52,1258.52,1258.52,1258.52,0
2025-11-07 11:55:00,1258.52,1258.52,1258.52,1258.52,0
2025-11-07 12:00:00,1258.52,1258.52,1258.52,1258.52,0
2025-11-07 12:05:00,1258.52,1258.52,1258.52,1258.52,0
2025-11-07 12:10:00,1258.52,1258.52,1258.52,1258.52,0
2025-11-07 12:15:00,1258.52,1258.52,1258.52,1258.52,0
2025-11-07 12:20:00,1258.52,1258.52,1258.52,1258.52,0
2025-11-07 12:25:00,1258.52,1258.52,1258.52,1258.52,0
2025-11-07 12:30:00,1258.52,1258.52,1258.52,1258.52,0
2025-11-07 12:35:00,1258.52,1258.52,1258.52,1258.52,0
2025-11-07 12:40:00,1258.52,1258.52,1258.52,1258.52,0
2025-11-07 12:45:00,1258.52,1258.52,1258.52,1258.52,0
2025-11-07 12:50:00,1258.52,1258.52,1258.52,1258.52,0
2025-11-07 12:55:00,1258.52,1258.52,1258.52,1258.52,0
2025-11-07 13:00:00,1258.52,1258.52,1258.52,1258.52,0
2025-11-07 13:05:00,1258.52,1258.52,1258.52,1258.52,0
2025-11-07 13:10:00,1258.52,1258.52,1258.52,1258.52,0
2025-11-07 13:15:00,1258.52,1258.52,1258.52,1258.52,0
2025-11-07 13:20:00,1258.52,1258.52,1258.52,1258.52,0
2025-11-07 13:25:00,1258.52,1258.52,1258.52,1258.52,0
2025-11-07 13:30:00,1258.52,1258.52,1258.52,1258.52,0
2025-11-07 13:35:00,1258.52,1258.52,1258.52,1258.52,0
2025-11-07 13:40:00,1258.52,1258.52,1258.52,1258.52,0
2025-11-07 13:45:00,1258.52,1258.52,1258.52,1258.52,0
2025-11-07 13:50:00,1258.52,1258.52,1258.52,1258.52,0
2025-11-07 13:55:00,1258.52,1258.52,1258.52,1258.52,0
2025-11-07 14:00:00,1258.52,1258.52,1258.52,1258.52,0
2025-11-07 14:05:00,1258.52,1258.52,1258.52,1258.52,0
2025-11-07 14:10:00,1258.52,1258.52,1258.52,1258.52,0
2025-11-07 14:15:00,1258.52,1258.52,1258.52,1258.52,0
2025-11-07 14:20:00,1258.52,1258.52,1258.52,1258.52,0
2025-11-07 14:25:00,1258.52,1258.52,1258.52,1258.52,0
2025-11-07 14:30:00,1258.52,1258.52,1258.52,1258.52,0
2025-11-07 14:35:00,1258.52,1258.52,1258.52,1258.52,0
2025-11-07 14:40:00,1258.52,1258.52,1258.52,1258.52,0
2025-11-07 14:45:00,1258.52,1258.52,1258.52,1258.52,0
2025-11-07 14:50:00,1258.52,1258.52,1258.52,1258.52,0
2025-11-07 14:55:00,1258.52,1258.52,1258.52,1258.52,0
2025-11-07 15:00:00,1258.52,1258.52,1258.52,1258.52,0
2025-11-07 15:05:00,1258.52,1258.52,1258.52,1258.52,0
2025-11-07 15:10:00,1258.52,1258.52,1258.52,1258.52,0
2025-11-07 15:15:00,1258.52,1258.52,1258.52,1258.52,0
2025-11-07 15:20:00,1258.52,1258.52,1258.52,1258.52,0
2025-11-07 15:25:00,1258.52,1258.52,1258.52,1258.52,0
2025-11-10 09:15:00,1258.86,1258.86,1258.85,1258.85,0
2025-11-10 09:20:00,1258.85,1258.85,1258.85,1258.85,0
2025-11-10 09:25:00,1258.85,1258.85,1258.85,1258.85,0
2025-11-10 09:30:00,1258.85,1258.85,1258.85,1258.85,0
2025-11-10 09:35:00,1258.85,1258.85,1258.85,1258.85,0
2025-11-10 09:40:00,1258.85,1258.85,1258.85,1258.85,0
2025-11-10 09:45:00,1258.85,1258.85,1258.85,1258.85,0
2025-11-10 09:50:00,1258.85,1258.85,1258.85,1258.85,0
2025-11-10 09:55:00,1258.85,1258.85,1258.85,1258.85,0
2025-11-10 10:00:00,1258.85,1258.85,1258.85,1258.85,0
2025-11-10 10:05:00,1258.85,1258.85,1258.85,1258.85,0
2025-11-10 10:10:00,1258.85,1258.85,1258.85,1258.85,0
2025-11-10 10:15:00,1258.85,1258.85,1258.85,1258.85,0
2025-11-10 10:20:00,1258.85,1258.85,1258.85,1258.85,0
2025-11-10 10:25:00,1258.85,1258.85,1258.85,1258.85,0
2025-11-10 10:30:00,1258.85,1258.85,1258.85,1258.85,0
2025-11-10 10:35:00,1258.85,1258.85,1258.85,1258.85,0
2025-11-10 10:40:00,1258.85,1258.85,1258.85,1258.85,0
2025-11-10 10:45:00,1258.85,1258.85,1258.85,1258.85,0
2025-11-10 10:50:00,1258.85,1258.85,1258.85,1258.85,0
2025-11-10 10:55:00,1258.85,1258.85,1258.85,1258.85,0
2025-11-10 11:00:00,1258.85,1258.85,1258.85,1258.85,0
2025-11-10 11:05:00,1258.85,1258.85,1258.85,1258.85,0
2025-11-10 11:10:00,1258.85,1258.85,1258.85,1258.85,0
2025-11-10 11:15:00,1258.85,1258.85,1258.85,1258.85,0
2025-11-10 11:20:00,1258.85,1258.85,1258.85,1258.85,0
2025-11-10 11:25:00,1258.85,1258.85,1258.85,1258.85,0
2025-11-10 11:30:00,1258.85,1258.85,1258.85,1258.85,0
2025-11-10 11:35:00,1258.85,1258.85,1258.85,1258.85,0
2025-11-10 11:40:00,1258.85,1258.85,1258.85,1258.85,0
2025-11-10 11:45:00,1258.85,1258.85,1258.85,1258.85,0
2025-11-10 11:50:00,1258.85,1258.85,1258.85,1258.85,0
2025-11-10 11:55:00,1258.85,1258.85,1258.85,1258.85,0
2025-11-10 12:00:00,1258.85,1258.85,1258.85,1258.85,0
2025-11-10 12:05:00,1258.85,1258.85,1258.85,1258.85,0
2025-11-10 12:10:00,1258.85,1258.85,1258.85,1258.85,0
2025-11-10 12:15:00,1258.85,1258.85,1258.85,1258.85,0
2025-11-10 12:20:00,1258.85,1258.85,1258.85,1258.85,0
2025-11-10 12:25:00,1258.85,1258.85,1258.85,1258.85,0
2025-11-10 12:30:00,1258.85,1258.85,1258.85,1258.85,0
2025-11-10 12:35:00,1258.85,1258.85,1258.85,1258.85,0
2025-11-10 12:40:00,1258.85,1258.85,1258.85,1258.85,0
2025-11-10 12:45:00,1258.85,1258.85,1258.85,1258.85,0
2025-11-10 12:50:00,1258.85,1258.85,1258.85,1258.85,0
2025-11-10 12:55:00,1258.85,1258.85,1258.85,1258.85,0
2025-11-10 13:00:00,1258.85,1258.85,1258.85,1258.85,0
2025-11-10 13:05:00,1258.85,1258.85,1258.85,1258.85,0
2025-11-10 13:10:00,1258.85,1258.85,1258.85,1258.85,0
2025-11-10 13:15:00,1258.85,1258.85,1258.85,1258.85,0
2025-11-10 13:20:00,1258.85,1258.85,1258.85,1258.85,0
2025-11-10 13:25:00,1258.85,1258.85,1258.85,1258.85,0
2025-11-10 13:30:00,1258.85,1258.85,1258.85,1258.85,0
2025-11-10 13:35:00,1258.85,1258.85,1258.85,1258.85,0
2025-11-10 13:40:00,1258.85,1258.85,1258.85,1258.85,0
2025-11-10 13:45:00,1258.85,1258.85,1258.85,1258.85,0
2025-11-10 13:50:00,1258.85,1258.85,1258.85,1258.85,0
2025-11-10 13:55:00,1258.85,1258.85,1258.85,1258.85,0
2025-11-10 14:00:00,1258.85,1258.85,1258.85,1258.85,0
2025-11-10 14:05:00,1258.85,1258.85,1258.85,1258.85,0
2025-11-10 14:10:00,1258.85,1258.85,1258.85,1258.85,0
2025-11-10 14:15:00,1258.85,1258.85,1258.85,1258.85,0
2025-11-10 14:20:00,1258.85,1258.85,1258.85,1258.85,0
2025-11-10 14:25:00,1258.85,1258.85,1258.85,1258.85,0
2025-11-10 14:30:00,1258.85,1258.85,1258.85,1258.85,0
2025-11-10 14:35:00,1258.85,1258.85,1258.85,1258.85,0
2025-11-10 14:40:00,1258.85,1258.85,1258.85,1258.85,0
2025-11-10 14:45:00,1258.85,1258.85,1258.85,1258.85,0
2025-11-10 14:50:00,1258.85,1258.85,1258.85,1258.85,0
2025-11-10 14:55:00,1258.85,1258.85,1258.85,1258.85,0
2025-11-10 15:00:00,1258.85,1258.85,1258.85,1258.85,0
2025-11-10 15:05:00,1258.85,1258.85,1258.85,1258.85,0
2025-11-10 15:10:00,1258.85,1258.85,1258.85,1258.85,0
2025-11-10 15:15:00,1258.85,1258.85,1258.85,1258.85,0
2025-11-10 15:20:00,1258.85,1258.85,1258.85,1258.85,0
2025-11-10 15:25:00,1258.85,1258.85,1258.85,1258.85,0
2025-11-11 09:15:00,1259.09,1259.09,1259.08,1259.08,0
2025-11-11 09:20:00,1259.08,1259.08,1259.08,1259.08,0
2025-11-11 09:25:00,1259.08,1259.08,1259.08,1259.08,0
2025-11-11 09:30:00,1259.08,1259.08,1259.08,1259.08,0
2025-11-11 09:35:00,1259.08,1259.08,1259.08,1259.08,0
2025-11-11 09:40:00,1259.08,1259.08,1259.08,1259.08,0
2025-11-11 09:45:00,1259.08,1259.08,1259.08,1259.08,0
2025-11-11 09:50:00,1259.08,1259.08,1259.08,1259.08,0
2025-11-11 09:55:00,1259.08,1259.08,1259.08,1259.08,0
2025-11-11 10:00:00,1259.08,1259.08,1259.08,1259.08,0
2025-11-11 10:05:00,1259.08,1259.08,1259.08,1259.08,0
2025-11-11 10:10:00,1259.08,1259.08,1259.08,1259.08,0
2025-11-11 10:15:00,1259.08,1259.08,1259.08,1259.08,0
2025-11-11 10:20:00,1259.08,1259.08,1259.08,1259.08,0
2025-11-11 10:25:00,1259.08,1259.08,1259.08,1259.08,0
2025-11-11 10:30:00,1259.08,1259.08,1259.08,1259.08,0
2025-11-11 10:35:00,1259.08,1259.08,1259.08,1259.08,0
2025-11-11 10:40:00,1259.08,1259.08,1259.08,1259.08,0
2025-11-11 10:45:00,1259.08,1259.08,1259.08,1259.08,0
2025-11-11 10:50:00,1259.08,1259.08,1259.08,1259.08,0
2025-11-11 10:55:00,1259.08,1259.08,1259.08,1259.08,0
2025-11-11 11:00:00,1259.08,1259.08,1259.08,1259.08,0
2025-11-11 11:05:00,1259.08,1259.08,1259.08,1259.08,0
2025-11-11 11:10:00,1259.08,1259.08,1259.08,1259.08,0
2025-11-11 11:15:00,1259.08,1259.08,1259.08,1259.08,0
2025-11-11 11:20:00,1259.08,1259.08,1259.08,1259.08,0
2025-11-11 11:25:00,1259.08,1259.08,1259.08,1259.08,0
2025-11-11 11:30:00,1259.08,1259.08,1259.08,1259.08,0
2025-11-11 11:35:00,1259.08,1259.08,1259.08,1259.08,0
2025-11-11 11:40:00,1259.08,1259.08,1259.08,1259.08,0
2025-11-11 11:45:00,1259.08,1259.08,1259.08,1259.08,0
2025-11-11 11:50:00,1259.08,1259.08,1259.08,1259.08,0
2025-11-11 11:55:00,1259.08,1259.08,1259.08,1259.08,0
2025-11-11 12:00:00,1259.08,1259.08,1259.08,1259.08,0
2025-11-11 12:05:00,1259.08,1259.08,1259.08,1259.08,0
2025-11-11 12:10:00,1259.08,1259.08,1259.08,1259.08,0
2025-11-11 12:15:00,1259.08,1259.08,1259.08,1259.08,0
2025-11-11 12:20:00,1259.08,1259.08,1259.08,1259.08,0
2025-11-11 12:25:00,1259.08,1259.08,1259.08,1259.08,0
2025-11-11 12:30:00,1259.08,1259.08,1259.08,1259.08,0
2025-11-11 12:35:00,1259.08,1259.08,1259.08,1259.08,0
2025-11-11 12:40:00,1259.08,1259.08,1259.08,1259.08,0
2025-11-11 12:45:00,1259.08,1259.08,1259.08,1259.08,0
2025-11-11 12:50:00,1259.08,1259.08,1259.08,1259.08,0
2025-11-11 12:55:00,1259.08,1259.08,1259.08,1259.08,0
2025-11-11 13:00:00,1259.08,1259.08,1259.08,1259.08,0
2025-11-11 13:05:00,1259.08,1259.08,1259.08,1259.08,0
2025-11-11 13:10:00,1259.08,1259.08,1259.08,1259.08,0
2025-11-11 13:15:00,1259.08,1259.08,1259.08,1259.08,0
2025-11-11 13:20:00,1259.08,1259.08,1259.08,1259.08,0
2025-11-11 13:25:00,1259.08,1259.08,1259.08,1259.08,0
2025-11-11 13:30:00,1259.08,1259.08,1259.08,1259.08,0
2025-11-11 13:35:00,1259.08,1259.08,1259.08,1259.08,0
2025-11-11 13:40:00,1259.08,1259.08,1259.08,1259.08,0
2025-11-11 13:45:00,1259.08,1259.08,1259.08,1259.08,0
2025-11-11 13:50:00,1259.08,1259.08,1259.08,1259.08,0
2025-11-11 13:55:00,1259.08,1259.08,1259.08,1259.08,0
2025-11-11 14:00:00,1259.08,1259.08,1259.08,1259.08,0
2025-11-11 14:05:00,1259.08,1259.08,1259.08,1259.08,0
2025-11-11 14:10:00,1259.08,1259.08,1259.08,1259.08,0
2025-11-11 14:15:00,1259.08,1259.08,1259.08,1259.08,0
2025-11-11 14:20:00,1259.08,1259.08,1259.08,1259.08,0
2025-11-11 14:25:00,1259.08,1259.08,1259.08,1259.08,0
2025-11-11 14:30:00,1259.08,1259.08,1259.08,1259.08,0
2025-11-11 14:35:00,1259.08,1259.08,1259.08,1259.08,0
2025-11-11 14:40:00,1259.08,1259.08,1259.08,1259.08,0
2025-11-11 14:45:00,1259.08,1259.08,1259.08,1259.08,0
2025-11-11 14:50:00,1259.08,1259.08,1259.08,1259.08,0
2025-11-11 14:55:00,1259.08,1259.08,1259.08,1259.08,0
2025-11-11 15:00:00,1259.08,1259.08,1259.08,1259.08,0
2025-11-11 15:05:00,1259.08,1259.08,1259.08,1259.08,0
2025-11-11 15:10:00,1259.08,1259.08,1259.08,1259.08,0
2025-11-11 15:15:00,1259.08,1259.08,1259.08,1259.08,0
2025-11-11 15:20:00,1259.08,1259.08,1259.08,1259.08,0
2025-11-11 15:25:00,1259.08,1259.08,1259.08,1259.08,0
2025-11-12 09:15:00,1259.33,1259.33,1259.32,1259.32,0
2025-11-12 09:20:00,1259.32,1259.32,1259.32,1259.32,0
2025-11-12 09:25:00,1259.32,1259.32,1259.32,1259.32,0
2025-11-12 09:30:00,1259.32,1259.32,1259.32,1259.32,0
2025-11-12 09:35:00,1259.32,1259.32,1259.32,1259.32,0
2025-11-12 09:40:00,1259.32,1259.32,1259.32,1259.32,0
2025-11-12 09:45:00,1259.32,1259.32,1259.32,1259.32,0
2025-11-12 09:50:00,1259.32,1259.32,1259.32,1259.32,0
2025-11-12 09:55:00,1259.32,1259.32,1259.32,1259.32,0
2025-11-12 10:00:00,1259.32,1259.32,1259.32,1259.32,0
2025-11-12 10:05:00,1259.32,1259.32,1259.32,1259.32,0
2025-11-12 10:10:00,1259.32,1259.32,1259.32,1259.32,0
2025-11-12 10:15:00,1259.32,1259.32,1259.32,1259.32,0
2025-11-12 10:20:00,1259.32,1259.32,1259.32,1259.32,0
2025-11-12 10:25:00,1259.32,1259.32,1259.32,1259.32,0
2025-11-12 10:30:00,1259.32,1259.32,1259.32,1259.32,0
2025-11-12 10:35:00,1259.32,1259.32,1259.32,1259.32,0
2025-11-12 10:40:00,1259.32,1259.32,1259.32,1259.32,0
2025-11-12 10:45:00,1259.32,1259.32,1259.32,1259.32,0
2025-11-12 10:50:00,1259.32,1259.32,1259.32,1259.32,0
2025-11-12 10:55:00,1259.32,1259.32,1259.32,1259.32,0
2025-11-12 11:00:00,1259.32,1259.32,1259.32,1259.32,0
2025-11-12 11:05:00,1259.32,1259.32,1259.32,1259.32,0
2025-11-12 11:10:00,1259.32,1259.32,1259.32,1259.32,0
2025-11-12 11:15:00,1259.32,1259.32,1259.32,1259.32,0
2025-11-12 11:20:00,1259.32,1259.32,1259.32,1259.32,0
2025-11-12 11:25:00,1259.32,1259.32,1259.32,1259.32,0
2025-11-12 11:30:00,1259.32,1259.32,1259.32,1259.32,0
2025-11-12 11:35:00,1259.32,1259.32,1259.32,1259.32,0
2025-11-12 11:40:00,1259.32,1259.32,1259.32,1259.32,0
2025-11-12 11:45:00,1259.32,1259.32,1259.32,1259.32,0
2025-11-12 11:50:00,1259.32,1259.32,1259.32,1259.32,0
2025-11-12 11:55:00,1259.32,1259.32,1259.32,1259.32,0
2025-11-12 12:00:00,1259.32,1259.32,1259.32,1259.32,0
2025-11-12 12:05:00,1259.32,1259.32,1259.32,1259.32,0
2025-11-12 12:10:00,1259.32,1259.32,1259.32,1259.32,0
2025-11-12 12:15:00,1259.32,1259.32,1259.32,1259.32,0
2025-11-12 12:20:00,1259.32,1259.32,1259.32,1259.32,0
2025-11-12 12:25:00,1259.32,1259.32,1259.32,1259.32,0
2025-11-12 12:30:00,1259.32,1259.32,1259.32,1259.32,0
2025-11-12 12:35:00,1259.32,1259.32,1259.32,1259.32,0
2025-11-12 12:40:00,1259.32,1259.32,1259.32,1259.32,0
2025-11-12 12:45:00,1259.32,1259.32,1259.32,1259.32,0
2025-11-12 12:50:00,1259.32,1259.32,1259.32,1259.32,0
2025-11-12 12:55:00,1259.32,1259.32,1259.32,1259.32,0
2025-11-12 13:00:00,1259.32,1259.32,1259.32,1259.32,0
2025-11-12 13:05:00,1259.32,1259.32,1259.32,1259.32,0
2025-11-12 13:10:00,1259.32,1259.32,1259.32,1259.32,0
2025-11-12 13:15:00,1259.32,1259.32,1259.32,1259.32,0
2025-11-12 13:20:00,1259.32,1259.32,1259.32,1259.32,0
2025-11-12 13:25:00,1259.32,1259.32,1259.32,1259.32,0
2025-11-12 13:30:00,1259.32,1259.32,1259.32,1259.32,0
2025-11-12 13:35:00,1259.32,1259.32,1259.32,1259.32,0
2025-11-12 13:40:00,1259.32,1259.32,1259.32,1259.32,0
2025-11-12 13:45:00,1259.32,1259.32,1259.32,1259.32,0
2025-11-12 13:50:00,1259.32,1259.32,1259.32,1259.32,0
2025-11-12 13:55:00,1259.32,1259.32,1259.32,1259.32,0
2025-11-12 14:00:00,1259.32,1259.32,1259.32,1259.32,0
2025-11-12 14:05:00,1259.32,1259.32,1259.32,1259.32,0
2025-11-12 14:10:00,1259.32,1259.32,1259.32,1259.32,0
2025-11-12 14:15:00,1259.32,1259.32,1259.32,1259.32,0
2025-11-12 14:20:00,1259.32,1259.32,1259.32,1259.32,0
2025-11-12 14:25:00,1259.32,1259.32,1259.32,1259.32,0
2025-11-12 14:30:00,1259.32,1259.32,1259.32,1259.32,0
2025-11-12 14:35:00,1259.32,1259.32,1259.32,1259.32,0
2025-11-12 14:40:00,1259.32,1259.32,1259.32,1259.32,0
2025-11-12 14:45:00,1259.32,1259.32,1259.32,1259.32,0
2025-11-12 14:50:00,1259.32,1259.32,1259.32,1259.32,0
2025-11-12 14:55:00,1259.32,1259.32,1259.32,1259.32,0
2025-11-12 15:00:00,1259.32,1259.32,1259.32,1259.32,0
2025-11-12 15:05:00,1259.32,1259.32,1259.32,1259.32,0
2025-11-12 15:10:00,1259.32,1259.32,1259.32,1259.32,0
2025-11-12 15:15:00,1259.32,1259.32,1259.32,1259.32,0
2025-11-12 15:20:00,1259.32,1259.32,1259.32,1259.32,0
2025-11-12 15:25:00,1259.32,1259.32,1259.32,1259.32,0
2025-11-13 09:15:00,1259.56,1259.56,1259.55,1259.55,0
2025-11-13 09:20:00,1259.55,1259.55,1259.55,1259.55,0
2025-11-13 09:25:00,1259.55,1259.55,1259.55,1259.55,0
2025-11-13 09:30:00,1259.55,1259.55,1259.55,1259.55,0
2025-11-13 09:35:00,1259.55,1259.55,1259.55,1259.55,0
2025-11-13 09:40:00,1259.55,1259.55,1259.55,1259.55,0
2025-11-13 09:45:00,1259.55,1259.55,1259.55,1259.55,0
2025-11-13 09:50:00,1259.55,1259.55,1259.55,1259.55,0
2025-11-13 09:55:00,1259.55,1259.55,1259.55,1259.55,0
2025-11-13 10:00:00,1259.55,1259.55,1259.55,1259.55,0
2025-11-13 10:05:00,1259.55,1259.55,1259.55,1259.55,0
2025-11-13 10:10:00,1259.55,1259.55,1259.55,1259.55,0
2025-11-13 10:15:00,1259.55,1259.55,1259.55,1259.55,0
2025-11-13 10:20:00,1259.55,1259.55,1259.55,1259.55,0
2025-11-13 10:25:00,1259.55,1259.55,1259.55,1259.55,0
2025-11-13 10:30:00,1259.55,1259.55,1259.55,1259.55,0
2025-11-13 10:35:00,1259.55,1259.55,1259.55,1259.55,0
2025-11-13 10:40:00,1259.55,1259.55,1259.55,1259.55,0
2025-11-13 10:45:00,1259.55,1259.55,1259.55,1259.55,0
2025-11-13 10:50:00,1259.55,1259.55,1259.55,1259.55,0
2025-11-13 10:55:00,1259.55,1259.55,1259.55,1259.55,0
2025-11-13 11:00:00,1259.55,1259.55,1259.55,1259.55,0
2025-11-13 11:05:00,1259.55,1259.55,1259.55,1259.55,0
2025-11-13 11:10:00,1259.55,1259.55,1259.55,1259.55,0
2025-11-13 11:15:00,1259.55,1259.55,1259.55,1259.55,0
2025-11-13 11:20:00,1259.55,1259.55,1259.55,1259.55,0
2025-11-13 11:25:00,1259.55,1259.55,1259.55,1259.55,0
2025-11-13 11:30:00,1259.55,1259.55,1259.55,1259.55,0
2025-11-13 11:35:00,1259.55,1259.55,1259.55,1259.55,0
2025-11-13 11:40:00,1259.55,1259.55,1259.55,1259.55,0
2025-11-13 11:45:00,1259.55,1259.55,1259.55,1259.55,0
2025-11-13 11:50:00,1259.55,1259.55,1259.55,1259.55,0
2025-11-13 11:55:00,1259.55,1259.55,1259.55,1259.55,0
2025-11-13 12:00:00,1259.55,1259.55,1259.55,1259.55,0
2025-11-13 12:05:00,1259.55,1259.55,1259.55,1259.55,0
2025-11-13 12:10:00,1259.55,1259.55,1259.55,1259.55,0
2025-11-13 12:15:00,1259.55,1259.55,1259.55,1259.55,0
2025-11-13 12:20:00,1259.55,1259.55,1259.55,1259.55,0
2025-11-13 12:25:00,1259.55,1259.55,1259.55,1259.55,0
2025-11-13 12:30:00,1259.55,1259.55,1259.55,1259.55,0
2025-11-13 12:35:00,1259.55,1259.55,1259.55,1259.55,0
2025-11-13 12:40:00,1259.55,1259.55,1259.55,1259.55,0
2025-11-13 12:45:00,1259.55,1259.55,1259.55,1259.55,0
2025-11-13 12:50:00,1259.55,1259.55,1259.55,1259.55,0
2025-11-13 12:55:00,1259.55,1259.55,1259.55,1259.55,0
2025-11-13 13:00:00,1259.55,1259.55,1259.55,1259.55,0
2025-11-13 13:05:00,1259.55,1259.55,1259.55,1259.55,0
2025-11-13 13:10:00,1259.55,1259.55,1259.55,1259.55,0
2025-11-13 13:15:00,1259.55,1259.55,1259.55,1259.55,0
2025-11-13 13:20:00,1259.55,1259.55,1259.55,1259.55,0
2025-11-13 13:25:00,1259.55,1259.55,1259.55,1259.55,0
2025-11-13 13:30:00,1259.55,1259.55,1259.55,1259.55,0
2025-11-13 13:35:00,1259.55,1259.55,1259.55,1259.55,0
2025-11-13 13:40:00,1259.55,1259.55,1259.55,1259.55,0
2025-11-13 13:45:00,1259.55,1259.55,1259.55,1259.55,0
2025-11-13 13:50:00,1259.55,1259.55,1259.55,1259.55,0
2025-11-13 13:55:00,1259.55,1259.55,1259.55,1259.55,0
2025-11-13 14:00:00,1259.55,1259.55,1259.55,1259.55,0
2025-11-13 14:05:00,1259.55,1259.55,1259.55,1259.55,0
2025-11-13 14:10:00,1259.55,1259.55,1259.55,1259.55,0
2025-11-13 14:15:00,1259.55,1259.55,1259.55,1259.55,0
2025-11-13 14:20:00,1259.55,1259.55,1259.55,1259.55,0
2025-11-13 14:25:00,1259.55,1259.55,1259.55,1259.55,0
2025-11-13 14:30:00,1259.55,1259.55,1259.55,1259.55,0
2025-11-13 14:35:00,1259.55,1259.55,1259.55,1259.55,0
2025-11-13 14:40:00,1259.55,1259.55,1259.55,1259.55,0
2025-11-13 14:45:00,1259.55,1259.55,1259.55,1259.55,0
2025-11-13 14:50:00,1259.55,1259.55,1259.55,1259.55,0
2025-11-13 14:55:00,1259.55,1259.55,1259.55,1259.55,0
2025-11-13 15:00:00,1259.55,1259.55,1259.55,1259.55,0
2025-11-13 15:05:00,1259.55,1259.55,1259.55,1259.55,0
2025-11-13 15:10:00,1259.55,1259.55,1259.55,1259.55,0
2025-11-13 15:15:00,1259.55,1259.55,1259.55,1259.55,0
2025-11-13 15:20:00,1259.55,1259.55,1259.55,1259.55,0
2025-11-13 15:25:00,1259.55,1259.55,1259.55,1259.55,0
2025-11-14 09:15:00,1259.77,1259.77,1259.75,1259.75,0
2025-11-14 09:20:00,1259.75,1259.75,1259.75,1259.75,0
2025-11-14 09:25:00,1259.75,1259.75,1259.75,1259.75,0
2025-11-14 09:30:00,1259.75,1259.75,1259.75,1259.75,0
2025-11-14 09:35:00,1259.75,1259.75,1259.75,1259.75,0
2025-11-14 09:40:00,1259.75,1259.75,1259.75,1259.75,0
2025-11-14 09:45:00,1259.75,1259.75,1259.75,1259.75,0
2025-11-14 09:50:00,1259.75,1259.75,1259.75,1259.75,0
2025-11-14 09:55:00,1259.75,1259.75,1259.75,1259.75,0
2025-11-14 10:00:00,1259.75,1259.75,1259.75,1259.75,0
2025-11-14 10:05:00,1259.75,1259.75,1259.75,1259.75,0
2025-11-14 10:10:00,1259.75,1259.75,1259.75,1259.75,0
2025-11-14 10:15:00,1259.75,1259.75,1259.75,1259.75,0
2025-11-14 10:20:00,1259.75,1259.75,1259.75,1259.75,0
2025-11-14 10:25:00,1259.75,1259.75,1259.75,1259.75,0
2025-11-14 10:30:00,1259.75,1259.75,1259.75,1259.75,0
2025-11-14 10:35:00,1259.75,1259.75,1259.75,1259.75,0
2025-11-14 10:40:00,1259.75,1259.75,1259.75,1259.75,0
2025-11-14 10:45:00,1259.75,1259.75,1259.75,1259.75,0
2025-11-14 10:50:00,1259.75,1259.75,1259.75,1259.75,0
2025-11-14 10:55:00,1259.75,1259.75,1259.75,1259.75,0
2025-11-14 11:00:00,1259.75,1259.75,1259.75,1259.75,0
2025-11-14 11:05:00,1259.75,1259.75,1259.75,1259.75,0
2025-11-14 11:10:00,1259.75,1259.75,1259.75,1259.75,0
2025-11-14 11:15:00,1259.75,1259.75,1259.75,1259.75,0
2025-11-14 11:20:00,1259.75,1259.75,1259.75,1259.75,0
2025-11-14 11:25:00,1259.75,1259.75,1259.75,1259.75,0
2025-11-14 11:30:00,1259.75,1259.75,1259.75,1259.75,0
2025-11-14 11:35:00,1259.75,1259.75,1259.75,1259.75,0
2025-11-14 11:40:00,1259.75,1259.75,1259.75,1259.75,0
2025-11-14 11:45:00,1259.75,1259.75,1259.75,1259.75,0
2025-11-14 11:50:00,1259.75,1259.75,1259.75,1259.75,0
2025-11-14 11:55:00,1259.75,1259.75,1259.75,1259.75,0
2025-11-14 12:00:00,1259.75,1259.75,1259.75,1259.75,0
2025-11-14 12:05:00,1259.75,1259.75,1259.75,1259.75,0
2025-11-14 12:10:00,1259.75,1259.75,1259.75,1259.75,0
2025-11-14 12:15:00,1259.75,1259.75,1259.75,1259.75,0
2025-11-14 12:20:00,1259.75,1259.75,1259.75,1259.75,0
2025-11-14 12:25:00,1259.75,1259.75,1259.75,1259.75,0
2025-11-14 12:30:00,1259.75,1259.75,1259.75,1259.75,0
2025-11-14 12:35:00,1259.75,1259.75,1259.75,1259.75,0
2025-11-14 12:40:00,1259.75,1259.75,1259.75,1259.75,0
2025-11-14 12:45:00,1259.75,1259.75,1259.75,1259.75,0
2025-11-14 12:50:00,1259.75,1259.75,1259.75,1259.75,0
2025-11-14 12:55:00,1259.75,1259.75,1259.75,1259.75,0
2025-11-14 13:00:00,1259.75,1259.75,1259.75,1259.75,0
2025-11-14 13:05:00,1259.75,1259.75,1259.75,1259.75,0
2025-11-14 13:10:00,1259.75,1259.75,1259.75,1259.75,0
2025-11-14 13:15:00,1259.75,1259.75,1259.75,1259.75,0
2025-11-14 13:20:00,1259.75,1259.75,1259.75,1259.75,0
2025-11-14 13:25:00,1259.75,1259.75,1259.75,1259.75,0
2025-11-14 13:30:00,1259.75,1259.75,1259.75,1259.75,0
2025-11-14 13:35:00,1259.75,1259.75,1259.75,1259.75,0
2025-11-14 13:40:00,1259.75,1259.75,1259.75,1259.75,0
2025-11-14 13:45:00,1259.75,1259.75,1259.75,1259.75,0
2025-11-14 13:50:00,1259.75,1259.75,1259.75,1259.75,0
2025-11-14 13:55:00,1259.75,1259.75,1259.75,1259.75,0
2025-11-14 14:00:00,1259.75,1259.75,1259.75,1259.75,0
2025-11-14 14:05:00,1259.75,1259.75,1259.75,1259.75,0
2025-11-14 14:10:00,1259.75,1259.75,1259.75,1259.75,0
2025-11-14 14:15:00,1259.75,1259.75,1259.75,1259.75,0
2025-11-14 14:20:00,1259.75,1259.75,1259.75,1259.75,0
2025-11-14 14:25:00,1259.75,1259.75,1259.75,1259.75,0
2025-11-14 14:30:00,1259.75,1259.75,1259.75,1259.75,0
2025-11-14 14:35:00,1259.75,1259.75,1259.75,1259.75,0
2025-11-14 14:40:00,1259.75,1259.75,1259.75,1259.75,0
2025-11-14 14:45:00,1259.75,1259.75,1259.75,1259.75,0
2025-11-14 14:50:00,1259.75,1259.75,1259.75,1259.75,0
2025-11-14 14:55:00,1259.75,1259.75,1259.75,1259.75,0
2025-11-14 15:00:00,1259.75,1259.75,1259.75,1259.75,0
2025-11-14 15:05:00,1259.75,1259.75,1259.75,1259.75,0
2025-11-14 15:10:00,1259.75,1259.75,1259.75,1259.75,0
2025-11-14 15:15:00,1259.75,1259.75,1259.75,1259.75,0
2025-11-14 15:20:00,1259.75,1259.75,1259.75,1259.75,0
2025-11-14 15:25:00,1259.75,1259.75,1259.75,1259.75,0
2025-11-17 09:15:00,1260.58,1260.58,1260.57,1260.57,0
2025-11-17 09:20:00,1260.57,1260.57,1260.57,1260.57,0
2025-11-17 09:25:00,1260.57,1260.57,1260.57,1260.57,0
2025-11-17 09:30:00,1260.57,1260.57,1260.57,1260.57,0
2025-11-17 09:35:00,1260.57,1260.57,1260.57,1260.57,0
2025-11-17 09:40:00,1260.57,1260.57,1260.57,1260.57,0
2025-11-17 09:45:00,1260.57,1260.57,1260.57,1260.57,0
2025-11-17 09:50:00,1260.57,1260.57,1260.57,1260.57,0
2025-11-17 09:55:00,1260.57,1260.57,1260.57,1260.57,0
2025-11-17 10:00:00,1260.57,1260.57,1260.57,1260.57,0
2025-11-17 10:05:00,1260.57,1260.57,1260.57,1260.57,0
2025-11-17 10:10:00,1260.57,1260.57,1260.57,1260.57,0
2025-11-17 10:15:00,1260.57,1260.57,1260.57,1260.57,0
2025-11-17 10:20:00,1260.57,1260.57,1260.57,1260.57,0
2025-11-17 10:25:00,1260.57,1260.57,1260.57,1260.57,0
2025-11-17 10:30:00,1260.57,1260.57,1260.57,1260.57,0
2025-11-17 10:35:00,1260.57,1260.57,1260.57,1260.57,0
2025-11-17 10:40:00,1260.57,1260.57,1260.57,1260.57,0
2025-11-17 10:45:00,1260.57,1260.57,1260.57,1260.57,0
2025-11-17 10:50:00,1260.57,1260.57,1260.57,1260.57,0
2025-11-17 10:55:00,1260.57,1260.57,1260.57,1260.57,0
2025-11-17 11:00:00,1260.57,1260.57,1260.57,1260.57,0
2025-11-17 11:05:00,1260.57,1260.57,1260.57,1260.57,0
2025-11-17 11:10:00,1260.57,1260.57,1260.57,1260.57,0
2025-11-17 11:15:00,1260.57,1260.57,1260.57,1260.57,0
2025-11-17 11:20:00,1260.57,1260.57,1260.57,1260.57,0
2025-11-17 11:25:00,1260.57,1260.57,1260.57,1260.57,0
2025-11-17 11:30:00,1260.57,1260.57,1260.57,1260.57,0
2025-11-17 11:35:00,1260.57,1260.57,1260.57,1260.57,0
2025-11-17 11:40:00,1260.57,1260.57,1260.57,1260.57,0
2025-11-17 11:45:00,1260.57,1260.57,1260.57,1260.57,0
2025-11-17 11:50:00,1260.57,1260.57,1260.57,1260.57,0
2025-11-17 11:55:00,1260.57,1260.57,1260.57,1260.57,0
2025-11-17 12:00:00,1260.57,1260.57,1260.57,1260.57,0
2025-11-17 12:05:00,1260.57,1260.57,1260.57,1260.57,0
2025-11-17 12:10:00,1260.57,1260.57,1260.57,1260.57,0
2025-11-17 12:15:00,1260.57,1260.57,1260.57,1260.57,0
2025-11-17 12:20:00,1260.57,1260.57,1260.57,1260.57,0
2025-11-17 12:25:00,1260.57,1260.57,1260.57,1260.57,0
2025-11-17 12:30:00,1260.57,1260.57,1260.57,1260.57,0
2025-11-17 12:35:00,1260.57,1260.57,1260.57,1260.57,0
2025-11-17 12:40:00,1260.57,1260.57,1260.57,1260.57,0
2025-11-17 12:45:00,1260.57,1260.57,1260.57,1260.57,0
2025-11-17 12:50:00,1260.57,1260.57,1260.57,1260.57,0
2025-11-17 12:55:00,1260.57,1260.57,1260.57,1260.57,0
2025-11-17 13:00:00,1260.57,1260.57,1260.57,1260.57,0
2025-11-17 13:05:00,1260.57,1260.57,1260.57,1260.57,0
2025-11-17 13:10:00,1260.57,1260.57,1260.57,1260.57,0
2025-11-17 13:15:00,1260.57,1260.57,1260.57,1260.57,0
2025-11-17 13:20:00,1260.57,1260.57,1260.57,1260.57,0
2025-11-17 13:25:00,1260.57,1260.57,1260.57,1260.57,0
2025-11-17 13:30:00,1260.57,1260.57,1260.57,1260.57,0
2025-11-17 13:35:00,1260.57,1260.57,1260.57,1260.57,0
2025-11-17 13:40:00,1260.57,1260.57,1260.57,1260.57,0
2025-11-17 13:45:00,1260.57,1260.57,1260.57,1260.57,0
2025-11-17 13:50:00,1260.57,1260.57,1260.57,1260.57,0
2025-11-17 13:55:00,1260.57,1260.57,1260.57,1260.57,0
2025-11-17 14:00:00,1260.57,1260.57,1260.57,1260.57,0
2025-11-17 14:05:00,1260.57,1260.57,1260.57,1260.57,0
2025-11-17 14:10:00,1260.57,1260.57,1260.57,1260.57,0
2025-11-17 14:15:00,1260.57,1260.57,1260.57,1260.57,0
2025-11-17 14:20:00,1260.57,1260.57,1260.57,1260.57,0
2025-11-17 14:25:00,1260.57,1260.57,1260.57,1260.57,0
2025-11-17 14:30:00,1260.57,1260.57,1260.57,1260.57,0
2025-11-17 14:35:00,1260.57,1260.57,1260.57,1260.57,0
2025-11-17 14:40:00,1260.57,1260.57,1260.57,1260.57,0
2025-11-17 14:45:00,1260.57,1260.57,1260.57,1260.57,0
2025-11-17 14:50:00,1260.57,1260.57,1260.57,1260.57,0
2025-11-17 14:55:00,1260.57,1260.57,1260.57,1260.57,0
2025-11-17 15:00:00,1260.57,1260.57,1260.57,1260.57,0
2025-11-17 15:05:00,1260.57,1260.57,1260.57,1260.57,0
2025-11-17 15:10:00,1260.57,1260.57,1260.57,1260.57,0
2025-11-17 15:15:00,1260.57,1260.57,1260.57,1260.57,0
2025-11-17 15:20:00,1260.57,1260.57,1260.57,1260.57,0
2025-11-17 15:25:00,1260.57,1260.57,1260.57,1260.57,0
2025-11-18 09:15:00,1260.82,1260.82,1260.8,1260.8,0
2025-11-18 09:20:00,1260.8,1260.8,1260.8,1260.8,0
2025-11-18 09:25:00,1260.8,1260.8,1260.8,1260.8,0
2025-11-18 09:30:00,1260.8,1260.8,1260.8,1260.8,0
2025-11-18 09:35:00,1260.8,1260.8,1260.8,1260.8,0
2025-11-18 09:40:00,1260.8,1260.8,1260.8,1260.8,0
2025-11-18 09:45:00,1260.8,1260.8,1260.8,1260.8,0
2025-11-18 09:50:00,1260.8,1260.8,1260.8,1260.8,0
2025-11-18 09:55:00,1260.8,1260.8,1260.8,1260.8,0
2025-11-18 10:00:00,1260.8,1260.8,1260.8,1260.8,0
2025-11-18 10:05:00,1260.8,1260.8,1260.8,1260.8,0
2025-11-18 10:10:00,1260.8,1260.8,1260.8,1260.8,0
2025-11-18 10:15:00,1260.8,1260.8,1260.8,1260.8,0
2025-11-18 10:20:00,1260.8,1260.8,1260.8,1260.8,0
2025-11-18 10:25:00,1260.8,1260.8,1260.8,1260.8,0
2025-11-18 10:30:00,1260.8,1260.8,1260.8,1260.8,0
2025-11-18 10:35:00,1260.8,1260.8,1260.8,1260.8,0
2025-11-18 10:40:00,1260.8,1260.8,1260.8,1260.8,0
2025-11-18 10:45:00,1260.8,1260.8,1260.8,1260.8,0
2025-11-18 10:50:00,1260.8,1260.8,1260.8,1260.8,0
2025-11-18 10:55:00,1260.8,1260.8,1260.8,1260.8,0
2025-11-18 11:00:00,1260.8,1260.8,1260.8,1260.8,0
2025-11-18 11:05:00,1260.8,1260.8,1260.8,1260.8,0
2025-11-18 11:10:00,1260.8,1260.8,1260.8,1260.8,0
2025-11-18 11:15:00,1260.8,1260.8,1260.8,1260.8,0
2025-11-18 11:20:00,1260.8,1260.8,1260.8,1260.8,0
2025-11-18 11:25:00,1260.8,1260.8,1260.8,1260.8,0
2025-11-18 11:30:00,1260.8,1260.8,1260.8,1260.8,0
2025-11-18 11:35:00,1260.8,1260.8,1260.8,1260.8,0
2025-11-18 11:40:00,1260.8,1260.8,1260.8,1260.8,0
2025-11-18 11:45:00,1260.8,1260.8,1260.8,1260.8,0
2025-11-18 11:50:00,1260.8,1260.8,1260.8,1260.8,0
2025-11-18 11:55:00,1260.8,1260.8,1260.8,1260.8,0
2025-11-18 12:00:00,1260.8,1260.8,1260.8,1260.8,0
2025-11-18 12:05:00,1260.8,1260.8,1260.8,1260.8,0
2025-11-18 12:10:00,1260.8,1260.8,1260.8,1260.8,0
2025-11-18 12:15:00,1260.8,1260.8,1260.8,1260.8,0
2025-11-18 12:20:00,1260.8,1260.8,1260.8,1260.8,0
2025-11-18 12:25:00,1260.8,1260.8,1260.8,1260.8,0
2025-11-18 12:30:00,1260.8,1260.8,1260.8,1260.8,0
2025-11-18 12:35:00,1260.8,1260.8,1260.8,1260.8,0
2025-11-18 12:40:00,1260.8,1260.8,1260.8,1260.8,0
2025-11-18 12:45:00,1260.8,1260.8,1260.8,1260.8,0
2025-11-18 12:50:00,1260.8,1260.8,1260.8,1260.8,0
2025-11-18 12:55:00,1260.8,1260.8,1260.8,1260.8,0
2025-11-18 13:00:00,1260.8,1260.8,1260.8,1260.8,0
2025-11-18 13:05:00,1260.8,1260.8,1260.8,1260.8,0
2025-11-18 13:10:00,1260.8,1260.8,1260.8,1260.8,0
2025-11-18 13:15:00,1260.8,1260.8,1260.8,1260.8,0
2025-11-18 13:20:00,1260.8,1260.8,1260.8,1260.8,0
2025-11-18 13:25:00,1260.8,1260.8,1260.8,1260.8,0
2025-11-18 13:30:00,1260.8,1260.8,1260.8,1260.8,0
2025-11-18 13:35:00,1260.8,1260.8,1260.8,1260.8,0
2025-11-18 13:40:00,1260.8,1260.8,1260.8,1260.8,0
2025-11-18 13:45:00,1260.8,1260.8,1260.8,1260.8,0
2025-11-18 13:50:00,1260.8,1260.8,1260.8,1260.8,0
2025-11-18 13:55:00,1260.8,1260.8,1260.8,1260.8,0
2025-11-18 14:00:00,1260.8,1260.8,1260.8,1260.8,0
2025-11-18 14:05:00,1260.8,1260.8,1260.8,1260.8,0
2025-11-18 14:10:00,1260.8,1260.8,1260.8,1260.8,0
2025-11-18 14:15:00,1260.8,1260.8,1260.8,1260.8,0
2025-11-18 14:20:00,1260.8,1260.8,1260.8,1260.8,0
2025-11-18 14:25:00,1260.8,1260.8,1260.8,1260.8,0
2025-11-18 14:30:00,1260.8,1260.8,1260.8,1260.8,0
2025-11-18 14:35:00,1260.8,1260.8,1260.8,1260.8,0
2025-11-18 14:40:00,1260.8,1260.8,1260.8,1260.8,0
2025-11-18 14:45:00,1260.8,1260.8,1260.8,1260.8,0
2025-11-18 14:50:00,1260.8,1260.8,1260.8,1260.8,0
2025-11-18 14:55:00,1260.8,1260.8,1260.8,1260.8,0
2025-11-18 15:00:00,1260.8,1260.8,1260.8,1260.8,0
2025-11-18 15:05:00,1260.8,1260.8,1260.8,1260.8,0
2025-11-18 15:10:00,1260.8,1260.8,1260.8,1260.8,0
2025-11-18 15:15:00,1260.8,1260.8,1260.8,1260.8,0
2025-11-18 15:20:00,1260.8,1260.8,1260.8,1260.8,0
2025-11-18 15:25:00,1260.8,1260.8,1260.8,1260.8,0
2025-11-19 09:15:00,1260.79,1260.79,1260.78,1260.78,0
2025-11-19 09:20:00,1260.78,1260.78,1260.78,1260.78,0
2025-11-19 09:25:00,1260.78,1260.78,1260.78,1260.78,0
2025-11-19 09:30:00,1260.78,1260.78,1260.78,1260.78,0
2025-11-19 09:35:00,1260.78,1260.78,1260.78,1260.78,0
2025-11-19 09:40:00,1260.78,1260.78,1260.78,1260.78,0
2025-11-19 09:45:00,1260.78,1260.78,1260.78,1260.78,0
2025-11-19 09:50:00,1260.78,1260.78,1260.78,1260.78,0
2025-11-19 09:55:00,1260.78,1260.78,1260.78,1260.78,0
2025-11-19 10:00:00,1260.78,1260.78,1260.78,1260.78,0
2025-11-19 10:05:00,1260.78,1260.78,1260.78,1260.78,0
2025-11-19 10:10:00,1260.78,1260.78,1260.78,1260.78,0
2025-11-19 10:15:00,1260.78,1260.78,1260.78,1260.78,0
2025-11-19 10:20:00,1260.78,1260.78,1260.78,1260.78,0
2025-11-19 10:25:00,1260.78,1260.78,1260.78,1260.78,0
2025-11-19 10:30:00,1260.78,1260.78,1260.78,1260.78,0
2025-11-19 10:35:00,1260.78,1260.78,1260.78,1260.78,0
2025-11-19 10:40:00,1260.78,1260.78,1260.78,1260.78,0
2025-11-19 10:45:00,1260.78,1260.78,1260.78,1260.78,0
2025-11-19 10:50:00,1260.78,1260.78,1260.78,1260.78,0
2025-11-19 10:55:00,1260.78,1260.78,1260.78,1260.78,0
2025-11-19 11:00:00,1260.78,1260.78,1260.78,1260.78,0
2025-11-19 11:05:00,1260.78,1260.78,1260.78,1260.78,0
2025-11-19 11:10:00,1260.78,1260.78,1260.78,1260.78,0
2025-11-19 11:15:00,1260.78,1260.78,1260.78,1260.78,0
2025-11-19 11:20:00,1260.78,1260.78,1260.78,1260.78,0
2025-11-19 11:25:00,1260.78,1260.78,1260.78,1260.78,0
2025-11-19 11:30:00,1260.78,1260.78,1260.78,1260.78,0
2025-11-19 11:35:00,1260.78,1260.78,1260.78,1260.78,0
2025-11-19 11:40:00,1260.78,1260.78,1260.78,1260.78,0
2025-11-19 11:45:00,1260.78,1260.78,1260.78,1260.78,0
2025-11-19 11:50:00,1260.78,1260.78,1260.78,1260.78,0
2025-11-19 11:55:00,1260.78,1260.78,1260.78,1260.78,0
2025-11-19 12:00:00,1260.78,1260.78,1260.78,1260.78,0
2025-11-19 12:05:00,1260.78,1260.78,1260.78,1260.78,0
2025-11-19 12:10:00,1260.78,1260.78,1260.78,1260.78,0
2025-11-19 12:15:00,1260.78,1260.78,1260.78,1260.78,0
2025-11-19 12:20:00,1260.78,1260.78,1260.78,1260.78,0
2025-11-19 12:25:00,1260.78,1260.78,1260.78,1260.78,0
2025-11-19 12:30:00,1260.78,1260.78,1260.78,1260.78,0
2025-11-19 12:35:00,1260.78,1260.78,1260.78,1260.78,0
2025-11-19 12:40:00,1260.78,1260.78,1260.78,1260.78,0
2025-11-19 12:45:00,1260.78,1260.78,1260.78,1260.78,0
2025-11-19 12:50:00,1260.78,1260.78,1260.78,1260.78,0
2025-11-19 12:55:00,1260.78,1260.78,1260.78,1260.78,0
2025-11-19 13:00:00,1260.78,1260.78,1260.78,1260.78,0
2025-11-19 13:05:00,1260.78,1260.78,1260.78,1260.78,0
2025-11-19 13:10:00,1260.78,1260.78,1260.78,1260.78,0
2025-11-19 13:15:00,1260.78,1260.78,1260.78,1260.78,0
2025-11-19 13:20:00,1260.78,1260.78,1260.78,1260.78,0
2025-11-19 13:25:00,1260.78,1260.78,1260.78,1260.78,0
2025-11-19 13:30:00,1260.78,1260.78,1260.78,1260.78,0
2025-11-19 13:35:00,1260.78,1260.78,1260.78,1260.78,0
2025-11-19 13:40:00,1260.78,1260.78,1260.78,1260.78,0
2025-11-19 13:45:00,1260.78,1260.78,1260.78,1260.78,0
2025-11-19 13:50:00,1260.78,1260.78,1260.78,1260.78,0
2025-11-19 13:55:00,1260.78,1260.78,1260.78,1260.78,0
2025-11-19 14:00:00,1260.78,1260.78,1260.78,1260.78,0
2025-11-19 14:05:00,1260.78,1260.78,1260.78,1260.78,0
2025-11-19 14:10:00,1260.78,1260.78,1260.78,1260.78,0
2025-11-19 14:15:00,1260.78,1260.78,1260.78,1260.78,0
2025-11-19 14:20:00,1260.78,1260.78,1260.78,1260.78,0
2025-11-19 14:25:00,1260.78,1260.78,1260.78,1260.78,0
2025-11-19 14:30:00,1260.78,1260.78,1260.78,1260.78,0
2025-11-19 14:35:00,1260.78,1260.78,1260.78,1260.78,0
2025-11-19 14:40:00,1260.78,1260.78,1260.78,1260.78,0
2025-11-19 14:45:00,1260.78,1260.78,1260.78,1260.78,0
2025-11-19 14:50:00,1260.78,1260.78,1260.78,1260.78,0
2025-11-19 14:55:00,1260.78,1260.78,1260.73,1260.73,0
2025-11-19 15:00:00,1260.73,1260.73,1260.73,1260.73,0
2025-11-19 15:05:00,1260.73,1260.73,1260.73,1260.73,0
2025-11-19 15:10:00,1260.73,1260.73,1260.73,1260.73,0
2025-11-19 15:15:00,1260.73,1260.73,1260.73,1260.73,0
2025-11-19 15:20:00,1260.73,1260.73,1260.73,1260.73,0
2025-11-19 15:25:00,1260.73,1260.73,1260.73,1260.73,0
2025-11-20 09:15:00,1260.39,1260.39,1260.38,1260.38,0
2025-11-20 09:20:00,1260.38,1260.38,1260.38,1260.38,0
2025-11-20 09:25:00,1260.38,1260.38,1260.38,1260.38,0
2025-11-20 09:30:00,1260.38,1260.38,1260.38,1260.38,0
2025-11-20 09:35:00,1260.38,1260.38,1260.38,1260.38,0
2025-11-20 09:40:00,1260.38,1260.38,1260.38,1260.38,0
2025-11-20 09:45:00,1260.38,1260.38,1260.38,1260.38,0
2025-11-20 09:50:00,1260.38,1260.38,1260.38,1260.38,0
2025-11-20 09:55:00,1260.38,1260.38,1260.38,1260.38,0
2025-11-20 10:00:00,1260.38,1260.38,1260.38,1260.38,0
2025-11-20 10:05:00,1260.38,1260.38,1260.38,1260.38,0
2025-11-20 10:10:00,1260.38,1260.38,1260.38,1260.38,0
2025-11-20 10:15:00,1260.38,1260.38,1260.38,1260.38,0
2025-11-20 10:20:00,1260.38,1260.38,1260.38,1260.38,0
2025-11-20 10:25:00,1260.38,1260.38,1260.38,1260.38,0
2025-11-20 10:30:00,1260.38,1260.38,1260.38,1260.38,0
2025-11-20 10:35:00,1260.38,1260.38,1260.38,1260.38,0
2025-11-20 10:40:00,1260.38,1260.38,1260.38,1260.38,0
2025-11-20 10:45:00,1260.38,1260.38,1260.38,1260.38,0
2025-11-20 10:50:00,1260.38,1260.38,1260.38,1260.38,0
2025-11-20 10:55:00,1260.38,1260.38,1260.38,1260.38,0
2025-11-20 11:00:00,1260.38,1260.38,1260.38,1260.38,0
2025-11-20 11:05:00,1260.38,1260.38,1260.38,1260.38,0
2025-11-20 11:10:00,1260.38,1260.38,1260.38,1260.38,0
2025-11-20 11:15:00,1260.38,1260.38,1260.38,1260.38,0
2025-11-20 11:20:00,1260.38,1260.38,1260.38,1260.38,0
2025-11-20 11:25:00,1260.38,1260.38,1260.38,1260.38,0
2025-11-20 11:30:00,1260.38,1260.38,1260.38,1260.38,0
2025-11-20 11:35:00,1260.38,1260.38,1260.38,1260.38,0
2025-11-20 11:40:00,1260.38,1260.38,1260.38,1260.38,0
2025-11-20 11:45:00,1260.38,1260.38,1260.38,1260.38,0
2025-11-20 11:50:00,1260.38,1260.38,1260.38,1260.38,0
2025-11-20 11:55:00,1260.38,1260.38,1260.38,1260.38,0
2025-11-20 12:00:00,1260.38,1260.38,1260.38,1260.38,0
2025-11-20 12:05:00,1260.38,1260.38,1260.38,1260.38,0
2025-11-20 12:10:00,1260.38,1260.38,1260.38,1260.38,0
2025-11-20 12:15:00,1260.38,1260.38,1260.38,1260.38,0
2025-11-20 12:20:00,1260.38,1260.38,1260.38,1260.38,0
2025-11-20 12:25:00,1260.38,1260.38,1260.38,1260.38,0
2025-11-20 12:30:00,1260.38,1260.38,1260.38,1260.38,0
2025-11-20 12:35:00,1260.38,1260.38,1260.38,1260.38,0
2025-11-20 12:40:00,1260.38,1260.38,1260.38,1260.38,0
2025-11-20 12:45:00,1260.38,1260.38,1260.38,1260.38,0
2025-11-20 12:50:00,1260.38,1260.38,1260.38,1260.38,0
2025-11-20 12:55:00,1260.38,1260.38,1260.38,1260.38,0
2025-11-20 13:00:00,1260.38,1260.38,1260.38,1260.38,0
2025-11-20 13:05:00,1260.38,1260.38,1260.38,1260.38,0
2025-11-20 13:10:00,1260.38,1260.38,1260.38,1260.38,0
2025-11-20 13:15:00,1260.38,1260.38,1260.38,1260.38,0
2025-11-20 13:20:00,1260.38,1260.38,1260.38,1260.38,0
2025-11-20 13:25:00,1260.38,1260.38,1260.38,1260.38,0
2025-11-20 13:30:00,1260.38,1260.38,1260.38,1260.38,0
2025-11-20 13:35:00,1260.38,1260.38,1260.38,1260.38,0
2025-11-20 13:40:00,1260.38,1260.38,1260.38,1260.38,0
2025-11-20 13:45:00,1260.38,1260.38,1260.38,1260.38,0
2025-11-20 13:50:00,1260.38,1260.38,1260.38,1260.38,0
2025-11-20 13:55:00,1260.38,1260.38,1260.38,1260.38,0
2025-11-20 14:00:00,1260.38,1260.38,1260.38,1260.38,0
2025-11-20 14:05:00,1260.38,1260.38,1260.38,1260.38,0
2025-11-20 14:10:00,1260.38,1260.38,1260.38,1260.38,0
2025-11-20 14:15:00,1260.38,1260.38,1260.38,1260.38,0
2025-11-20 14:20:00,1260.38,1260.38,1260.38,1260.38,0
2025-11-20 14:25:00,1260.38,1260.38,1260.38,1260.38,0
2025-11-20 14:30:00,1260.38,1260.38,1260.38,1260.38,0
2025-11-20 14:35:00,1260.38,1260.38,1260.38,1260.38,0
2025-11-20 14:40:00,1260.38,1260.38,1260.38,1260.38,0
2025-11-20 14:45:00,1260.38,1260.38,1260.38,1260.38,0
2025-11-20 14:50:00,1260.38,1260.38,1260.38,1260.38,0
2025-11-20 14:55:00,1260.38,1260.38,1260.38,1260.38,0
2025-11-20 15:00:00,1260.38,1260.38,1260.38,1260.38,0
2025-11-20 15:05:00,1260.38,1260.38,1260.38,1260.38,0
2025-11-20 15:10:00,1260.38,1260.38,1260.38,1260.38,0
2025-11-20 15:15:00,1260.38,1260.38,1260.38,1260.38,0
2025-11-20 15:20:00,1260.38,1260.38,1260.38,1260.38,0
2025-11-20 15:25:00,1260.38,1260.38,1260.38,1260.38,0
2025-11-21 09:15:00,1260.28,1260.28,1260.27,1260.27,0
2025-11-21 09:20:00,1260.27,1260.27,1260.27,1260.27,0
2025-11-21 09:25:00,1260.27,1260.27,1260.27,1260.27,0
2025-11-21 09:30:00,1260.27,1260.27,1260.27,1260.27,0
2025-11-21 09:35:00,1260.27,1260.27,1260.27,1260.27,0
2025-11-21 09:40:00,1260.27,1260.27,1260.27,1260.27,0
2025-11-21 09:45:00,1260.27,1260.27,1260.27,1260.27,0
2025-11-21 09:50:00,1260.27,1260.27,1260.27,1260.27,0
2025-11-21 09:55:00,1260.27,1260.27,1260.27,1260.27,0
2025-11-21 10:00:00,1260.27,1260.27,1260.27,1260.27,0
2025-11-21 10:05:00,1260.27,1260.27,1260.27,1260.27,0
2025-11-21 10:10:00,1260.27,1260.27,1260.27,1260.27,0
2025-11-21 10:15:00,1260.27,1260.27,1260.27,1260.27,0
2025-11-21 10:20:00,1260.27,1260.27,1260.27,1260.27,0
2025-11-21 10:25:00,1260.27,1260.27,1260.27,1260.27,0
2025-11-21 10:30:00,1260.27,1260.27,1260.27,1260.27,0
2025-11-21 10:35:00,1260.27,1260.27,1260.27,1260.27,0
2025-11-21 10:40:00,1260.27,1260.27,1260.27,1260.27,0
2025-11-21 10:45:00,1260.27,1260.27,1260.27,1260.27,0
2025-11-21 10:50:00,1260.27,1260.27,1260.27,1260.27,0
2025-11-21 10:55:00,1260.27,1260.27,1260.27,1260.27,0
2025-11-21 11:00:00,1260.27,1260.27,1260.27,1260.27,0
2025-11-21 11:05:00,1260.27,1260.27,1260.27,1260.27,0
2025-11-21 11:10:00,1260.27,1260.27,1260.27,1260.27,0
2025-11-21 11:15:00,1260.27,1260.27,1260.27,1260.27,0
2025-11-21 11:20:00,1260.27,1260.27,1260.27,1260.27,0
2025-11-21 11:25:00,1260.27,1260.27,1260.27,1260.27,0
2025-11-21 11:30:00,1260.27,1260.27,1260.27,1260.27,0
2025-11-21 11:35:00,1260.27,1260.27,1260.27,1260.27,0
2025-11-21 11:40:00,1260.27,1260.27,1260.27,1260.27,0
2025-11-21 11:45:00,1260.27,1260.27,1260.27,1260.27,0
2025-11-21 11:50:00,1260.27,1260.27,1260.27,1260.27,0
2025-11-21 11:55:00,1260.27,1260.27,1260.27,1260.27,0
2025-11-21 12:00:00,1260.27,1260.27,1260.27,1260.27,0
2025-11-21 12:05:00,1260.27,1260.27,1260.27,1260.27,0
2025-11-21 12:10:00,1260.27,1260.27,1260.27,1260.27,0
2025-11-21 12:15:00,1260.27,1260.27,1260.27,1260.27,0
2025-11-21 12:20:00,1260.27,1260.27,1260.27,1260.27,0
2025-11-21 12:25:00,1260.27,1260.27,1260.27,1260.27,0
2025-11-21 12:30:00,1260.27,1260.27,1260.27,1260.27,0
2025-11-21 12:35:00,1260.27,1260.27,1260.27,1260.27,0
2025-11-21 12:40:00,1260.27,1260.27,1260.27,1260.27,0
2025-11-21 12:45:00,1260.27,1260.27,1260.27,1260.27,0
2025-11-21 12:50:00,1260.27,1260.27,1260.27,1260.27,0
2025-11-21 12:55:00,1260.27,1260.27,1260.27,1260.27,0
2025-11-21 13:00:00,1260.27,1260.27,1260.27,1260.27,0
2025-11-21 13:05:00,1260.27,1260.27,1260.27,1260.27,0
2025-11-21 13:10:00,1260.27,1260.27,1260.27,1260.27,0
2025-11-21 13:15:00,1260.27,1260.27,1260.27,1260.27,0
2025-11-21 13:20:00,1260.27,1260.27,1260.27,1260.27,0
2025-11-21 13:25:00,1260.27,1260.27,1260.27,1260.27,0
2025-11-21 13:30:00,1260.27,1260.27,1260.27,1260.27,0
2025-11-21 13:35:00,1260.27,1260.27,1260.27,1260.27,0
2025-11-21 13:40:00,1260.27,1260.27,1260.27,1260.27,0
2025-11-21 13:45:00,1260.27,1260.27,1260.27,1260.27,0
2025-11-21 13:50:00,1260.27,1260.27,1260.27,1260.27,0
2025-11-21 13:55:00,1260.27,1260.27,1260.27,1260.27,0
2025-11-21 14:00:00,1260.27,1260.27,1260.27,1260.27,0
2025-11-21 14:05:00,1260.27,1260.27,1260.27,1260.27,0
2025-11-21 14:10:00,1260.27,1260.27,1260.27,1260.27,0
2025-11-21 14:15:00,1260.27,1260.27,1260.27,1260.27,0
2025-11-21 14:20:00,1260.27,1260.27,1260.27,1260.27,0
2025-11-21 14:25:00,1260.27,1260.27,1260.27,1260.27,0
2025-11-21 14:30:00,1260.27,1260.27,1260.27,1260.27,0
2025-11-21 14:35:00,1260.27,1260.27,1260.27,1260.27,0
2025-11-21 14:40:00,1260.27,1260.27,1260.27,1260.27,0
2025-11-21 14:45:00,1260.27,1260.27,1260.27,1260.27,0
2025-11-21 14:50:00,1260.27,1260.27,1259.66,1259.66,0
2025-11-21 14:55:00,1259.66,1259.66,1259.66,1259.66,0
2025-11-21 15:00:00,1259.66,1259.66,1259.66,1259.66,0
2025-11-21 15:05:00,1259.66,1259.66,1259.66,1259.66,0
2025-11-21 15:10:00,1259.66,1259.66,1259.66,1259.66,0
2025-11-21 15:15:00,1259.66,1259.66,1259.66,1259.66,0
2025-11-21 15:20:00,1259.66,1259.66,1259.66,1259.66,0
2025-11-21 15:25:00,1259.66,1259.66,1259.66,1259.66,0
2025-11-24 09:15:00,1260.82,1260.82,1260.81,1260.81,0
2025-11-24 09:20:00,1260.81,1260.81,1260.81,1260.81,0
2025-11-24 09:25:00,1260.81,1260.81,1260.81,1260.81,0
2025-11-24 09:30:00,1260.81,1260.81,1260.81,1260.81,0
2025-11-24 09:35:00,1260.81,1260.81,1260.81,1260.81,0
2025-11-24 09:40:00,1260.81,1260.81,1260.81,1260.81,0
2025-11-24 09:45:00,1260.81,1260.81,1260.81,1260.81,0
2025-11-24 09:50:00,1260.81,1260.81,1260.81,1260.81,0
2025-11-24 09:55:00,1260.81,1260.81,1260.81,1260.81,0
2025-11-24 10:00:00,1260.81,1260.81,1260.81,1260.81,0
2025-11-24 10:05:00,1260.81,1260.81,1260.81,1260.81,0
2025-11-24 10:10:00,1260.81,1260.81,1260.81,1260.81,0
2025-11-24 10:15:00,1260.81,1260.81,1260.81,1260.81,0
2025-11-24 10:20:00,1260.81,1260.81,1260.81,1260.81,0
2025-11-24 10:25:00,1260.81,1260.81,1260.81,1260.81,0
2025-11-24 10:30:00,1260.81,1260.81,1260.81,1260.81,0
2025-11-24 10:35:00,1260.81,1260.81,1260.81,1260.81,0
2025-11-24 10:40:00,1260.81,1260.81,1260.81,1260.81,0
2025-11-24 10:45:00,1260.81,1260.81,1260.81,1260.81,0
2025-11-24 10:50:00,1260.81,1260.81,1260.81,1260.81,0
2025-11-24 10:55:00,1260.81,1260.81,1260.81,1260.81,0
2025-11-24 11:00:00,1260.81,1260.81,1260.81,1260.81,0
2025-11-24 11:05:00,1260.81,1260.81,1260.81,1260.81,0
2025-11-24 11:10:00,1260.81,1260.81,1260.81,1260.81,0
2025-11-24 11:15:00,1260.81,1260.81,1260.81,1260.81,0
2025-11-24 11:20:00,1260.81,1260.81,1260.81,1260.81,0
2025-11-24 11:25:00,1260.81,1260.81,1260.81,1260.81,0
2025-11-24 11:30:00,1260.81,1260.81,1260.81,1260.81,0
2025-11-24 11:35:00,1260.81,1260.81,1260.81,1260.81,0
2025-11-24 11:40:00,1260.81,1260.81,1260.81,1260.81,0
2025-11-24 11:45:00,1260.81,1260.81,1260.81,1260.81,0
2025-11-24 11:50:00,1260.81,1260.81,1260.81,1260.81,0
2025-11-24 11:55:00,1260.81,1260.81,1260.81,1260.81,0
2025-11-24 12:00:00,1260.81,1260.81,1260.81,1260.81,0
2025-11-24 12:05:00,1260.81,1260.81,1260.81,1260.81,0
2025-11-24 12:10:00,1260.81,1260.81,1260.81,1260.81,0
2025-11-24 12:15:00,1260.81,1260.81,1260.81,1260.81,0
2025-11-24 12:20:00,1260.81,1260.81,1260.81,1260.81,0
2025-11-24 12:25:00,1260.81,1260.81,1260.81,1260.81,0
2025-11-24 12:30:00,1260.81,1260.81,1260.81,1260.81,0
2025-11-24 12:35:00,1260.81,1260.81,1260.81,1260.81,0
2025-11-24 12:40:00,1260.81,1260.81,1260.81,1260.81,0
2025-11-24 12:45:00,1260.81,1260.81,1260.81,1260.81,0
2025-11-24 12:50:00,1260.81,1260.81,1260.81,1260.81,0
2025-11-24 12:55:00,1260.81,1260.81,1260.81,1260.81,0
2025-11-24 13:00:00,1260.81,1260.81,1260.81,1260.81,0
2025-11-24 13:05:00,1260.81,1260.81,1260.81,1260.81,0
2025-11-24 13:10:00,1260.81,1260.81,1260.81,1260.81,0
2025-11-24 13:15:00,1260.81,1260.81,1260.81,1260.81,0
2025-11-24 13:20:00,1260.81,1260.81,1260.81,1260.81,0
2025-11-24 13:25:00,1260.81,1260.81,1260.81,1260.81,0
2025-11-24 13:30:00,1260.81,1260.81,1260.81,1260.81,0
2025-11-24 13:35:00,1260.81,1260.81,1260.81,1260.81,0
2025-11-24 13:40:00,1260.81,1260.81,1260.81,1260.81,0
2025-11-24 13:45:00,1260.81,1260.81,1260.81,1260.81,0
2025-11-24 13:50:00,1260.81,1260.81,1260.81,1260.81,0
2025-11-24 13:55:00,1260.81,1260.81,1260.81,1260.81,0
2025-11-24 14:00:00,1260.81,1260.81,1260.81,1260.81,0
2025-11-24 14:05:00,1260.81,1260.81,1260.81,1260.81,0
2025-11-24 14:10:00,1260.81,1260.81,1260.81,1260.81,0
2025-11-24 14:15:00,1260.81,1260.81,1260.81,1260.81,0
2025-11-24 14:20:00,1260.81,1260.81,1260.81,1260.81,0
2025-11-24 14:25:00,1260.81,1260.81,1260.81,1260.81,0
2025-11-24 14:30:00,1260.81,1260.81,1260.81,1260.81,0
2025-11-24 14:35:00,1260.81,1260.81,1260.81,1260.81,0
2025-11-24 14:40:00,1260.81,1260.81,1260.81,1260.81,0
2025-11-24 14:45:00,1260.81,1260.81,1260.81,1260.81,0
2025-11-24 14:50:00,1260.81,1260.81,1260.81,1260.81,0
2025-11-24 14:55:00,1260.81,1260.81,1260.7,1260.7,0
2025-11-24 15:00:00,1260.7,1260.7,1260.7,1260.7,0
2025-11-24 15:05:00,1260.7,1260.7,1260.7,1260.7,0
2025-11-24 15:10:00,1260.7,1260.7,1260.7,1260.7,0
2025-11-24 15:15:00,1260.7,1260.7,1260.7,1260.7,0
2025-11-24 15:20:00,1260.7,1260.7,1260.7,1260.7,0
2025-11-24 15:25:00,1260.7,1260.7,1260.7,1260.7,0
2025-11-25 09:15:00,1261.06,1261.06,1261.05,1261.05,0
2025-11-25 09:20:00,1261.05,1261.05,1261.05,1261.05,0
2025-11-25 09:25:00,1261.05,1261.05,1261.05,1261.05,0
2025-11-25 09:30:00,1261.05,1261.05,1261.05,1261.05,0
2025-11-25 09:35:00,1261.05,1261.05,1261.05,1261.05,0
2025-11-25 09:40:00,1261.05,1261.05,1261.05,1261.05,0
2025-11-25 09:45:00,1261.05,1261.05,1261.05,1261.05,0
2025-11-25 09:50:00,1261.05,1261.05,1261.05,1261.05,0
2025-11-25 09:55:00,1261.05,1261.05,1261.05,1261.05,0
2025-11-25 10:00:00,1261.05,1261.05,1261.05,1261.05,0
2025-11-25 10:05:00,1261.05,1261.05,1261.05,1261.05,0
2025-11-25 10:10:00,1261.05,1261.05,1261.05,1261.05,0
2025-11-25 10:15:00,1261.05,1261.05,1261.05,1261.05,0
2025-11-25 10:20:00,1261.05,1261.05,1261.05,1261.05,0
2025-11-25 10:25:00,1261.05,1261.05,1261.05,1261.05,0
2025-11-25 10:30:00,1261.05,1261.05,1261.05,1261.05,0
2025-11-25 10:35:00,1261.05,1261.05,1261.05,1261.05,0
2025-11-25 10:40:00,1261.05,1261.05,1261.05,1261.05,0
2025-11-25 10:45:00,1261.05,1261.05,1261.05,1261.05,0
2025-11-25 10:50:00,1261.05,1261.05,1261.05,1261.05,0
2025-11-25 10:55:00,1261.05,1261.05,1261.05,1261.05,0
2025-11-25 11:00:00,1261.05,1261.05,1261.05,1261.05,0
2025-11-25 11:05:00,1261.05,1261.05,1261.05,1261.05,0
2025-11-25 11:10:00,1261.05,1261.05,1261.05,1261.05,0
2025-11-25 11:15:00,1261.05,1261.05,1261.05,1261.05,0
2025-11-25 11:20:00,1261.05,1261.05,1261.05,1261.05,0
2025-11-25 11:25:00,1261.05,1261.05,1261.05,1261.05,0
2025-11-25 11:30:00,1261.05,1261.05,1261.05,1261.05,0
2025-11-25 11:35:00,1261.05,1261.05,1261.05,1261.05,0
2025-11-25 11:40:00,1261.05,1261.05,1261.05,1261.05,0
2025-11-25 11:45:00,1261.05,1261.05,1261.05,1261.05,0
2025-11-25 11:50:00,1261.05,1261.05,1261.05,1261.05,0
2025-11-25 11:55:00,1261.05,1261.05,1261.05,1261.05,0
2025-11-25 12:00:00,1261.05,1261.05,1261.05,1261.05,0
2025-11-25 12:05:00,1261.05,1261.05,1261.05,1261.05,0
2025-11-25 12:10:00,1261.05,1261.05,1261.05,1261.05,0
2025-11-25 12:15:00,1261.05,1261.05,1261.05,1261.05,0
2025-11-25 12:20:00,1261.05,1261.05,1261.05,1261.05,0
2025-11-25 12:25:00,1261.05,1261.05,1261.05,1261.05,0
2025-11-25 12:30:00,1261.05,1261.05,1261.05,1261.05,0
2025-11-25 12:35:00,1261.05,1261.05,1261.05,1261.05,0
2025-11-25 12:40:00,1261.05,1261.05,1261.05,1261.05,0
2025-11-25 12:45:00,1261.05,1261.05,1261.04,1261.04,0
2025-11-25 12:50:00,1261.04,1261.04,1260.85,1260.85,0
2025-11-25 12:55:00,1260.85,1260.85,1260.85,1260.85,0
2025-11-25 13:00:00,1260.85,1260.85,1260.85,1260.85,0
2025-11-25 13:05:00,1260.85,1260.85,1260.85,1260.85,0
2025-11-25 13:10:00,1260.85,1260.85,1260.85,1260.85,0
2025-11-25 13:15:00,1260.85,1260.85,1260.85,1260.85,0
2025-11-25 13:20:00,1260.85,1260.85,1260.85,1260.85,0
2025-11-25 13:25:00,1260.85,1260.85,1260.85,1260.85,0
2025-11-25 13:30:00,1260.85,1260.85,1260.85,1260.85,0
2025-11-25 13:35:00,1260.85,1260.85,1260.85,1260.85,0
2025-11-25 13:40:00,1260.85,1260.85,1260.85,1260.85,0
2025-11-25 13:45:00,1260.85,1260.85,1260.85,1260.85,0
2025-11-25 13:50:00,1260.85,1260.85,1260.85,1260.85,0
2025-11-25 13:55:00,1260.85,1260.85,1260.85,1260.85,0
2025-11-25 14:00:00,1260.85,1260.85,1260.85,1260.85,0
2025-11-25 14:05:00,1260.85,1260.85,1260.85,1260.85,0
2025-11-25 14:10:00,1260.85,1260.85,1260.85,1260.85,0
2025-11-25 14:15:00,1260.85,1260.85,1260.85,1260.85,0
2025-11-25 14:20:00,1260.85,1260.85,1260.85,1260.85,0
2025-11-25 14:25:00,1260.85,1260.85,1260.85,1260.85,0
2025-11-25 14:30:00,1260.85,1260.85,1260.85,1260.85,0
2025-11-25 14:35:00,1260.85,1260.85,1260.85,1260.85,0
2025-11-25 14:40:00,1260.85,1260.85,1260.85,1260.85,0
2025-11-25 14:45:00,1260.85,1260.85,1260.85,1260.85,0
2025-11-25 14:50:00,1260.85,1260.85,1260.85,1260.85,0
2025-11-25 14:55:00,1260.85,1260.85,1260.85,1260.85,0
2025-11-25 15:00:00,1260.85,1260.85,1260.85,1260.85,0
2025-11-25 15:05:00,1260.85,1260.85,1260.85,1260.85,0
2025-11-25 15:10:00,1260.85,1260.85,1260.85,1260.85,0
2025-11-25 15:15:00,1260.85,1260.85,1260.85,1260.85,0
2025-11-25 15:20:00,1260.85,1260.85,1260.85,1260.85,0
2025-11-25 15:25:00,1260.85,1260.85,1260.85,1260.85,0
2025-11-26 09:15:00,1261.47,1261.47,1261.46,1261.46,0
2025-11-26 09:20:00,1261.46,1261.46,1261.46,1261.46,0
2025-11-26 09:25:00,1261.46,1261.46,1261.46,1261.46,0
2025-11-26 09:30:00,1261.46,1261.46,1261.46,1261.46,0
2025-11-26 09:35:00,1261.46,1261.46,1261.46,1261.46,0
2025-11-26 09:40:00,1261.46,1261.46,1261.46,1261.46,0
2025-11-26 09:45:00,1261.46,1261.46,1261.46,1261.46,0
2025-11-26 09:50:00,1261.46,1261.46,1261.46,1261.46,0
2025-11-26 09:55:00,1261.46,1261.46,1261.46,1261.46,0
2025-11-26 10:00:00,1261.46,1261.46,1261.46,1261.46,0
2025-11-26 10:05:00,1261.46,1261.46,1261.46,1261.46,0
2025-11-26 10:10:00,1261.46,1261.46,1261.46,1261.46,0
2025-11-26 10:15:00,1261.46,1261.46,1261.46,1261.46,0
2025-11-26 10:20:00,1261.46,1261.46,1261.46,1261.46,0
2025-11-26 10:25:00,1261.46,1261.46,1261.46,1261.46,0
2025-11-26 10:30:00,1261.46,1261.46,1261.46,1261.46,0
2025-11-26 10:35:00,1261.46,1261.46,1261.46,1261.46,0
2025-11-26 10:40:00,1261.46,1261.46,1261.46,1261.46,0
2025-11-26 10:45:00,1261.46,1261.46,1261.46,1261.46,0
2025-11-26 10:50:00,1261.46,1261.46,1261.46,1261.46,0
2025-11-26 10:55:00,1261.46,1261.46,1261.46,1261.46,0
2025-11-26 11:00:00,1261.46,1261.46,1261.46,1261.46,0
2025-11-26 11:05:00,1261.46,1261.46,1261.46,1261.46,0
2025-11-26 11:10:00,1261.46,1261.46,1261.46,1261.46,0
2025-11-26 11:15:00,1261.46,1261.46,1261.46,1261.46,0
2025-11-26 11:20:00,1261.46,1261.46,1261.46,1261.46,0
2025-11-26 11:25:00,1261.46,1261.46,1261.46,1261.46,0
2025-11-26 11:30:00,1261.46,1261.46,1261.46,1261.46,0
2025-11-26 11:35:00,1261.46,1261.46,1261.46,1261.46,0
2025-11-26 11:40:00,1261.46,1261.46,1261.46,1261.46,0
2025-11-26 11:45:00,1261.46,1261.46,1261.46,1261.46,0
2025-11-26 11:50:00,1261.46,1261.46,1261.46,1261.46,0
2025-11-26 11:55:00,1261.46,1261.46,1261.46,1261.46,0
2025-11-26 12:00:00,1261.46,1261.46,1261.46,1261.46,0
2025-11-26 12:05:00,1261.46,1261.46,1261.46,1261.46,0
2025-11-26 12:10:00,1261.46,1261.46,1261.46,1261.46,0
2025-11-26 12:15:00,1261.46,1261.46,1261.46,1261.46,0
2025-11-26 12:20:00,1261.46,1261.46,1261.46,1261.46,0
2025-11-26 12:25:00,1261.46,1261.46,1261.46,1261.46,0
2025-11-26 12:30:00,1261.46,1261.46,1261.46,1261.46,0
2025-11-26 12:35:00,1261.46,1261.46,1261.46,1261.46,0
2025-11-26 12:40:00,1261.46,1261.46,1261.46,1261.46,0
2025-11-26 12:45:00,1261.46,1261.46,1261.46,1261.46,0
2025-11-26 12:50:00,1261.46,1261.46,1261.46,1261.46,0
2025-11-26 12:55:00,1261.46,1261.46,1261.46,1261.46,0
2025-11-26 13:00:00,1261.46,1261.46,1261.46,1261.46,0
2025-11-26 13:05:00,1261.46,1261.46,1261.46,1261.46,0
2025-11-26 13:10:00,1261.46,1261.46,1261.46,1261.46,0
2025-11-26 13:15:00,1261.46,1261.46,1261.46,1261.46,0
2025-11-26 13:20:00,1261.46,1261.46,1261.46,1261.46,0
2025-11-26 13:25:00,1261.46,1261.46,1261.46,1261.46,0
2025-11-26 13:30:00,1261.46,1261.46,1261.46,1261.46,0
2025-11-26 13:35:00,1261.46,1261.46,1261.46,1261.46,0
2025-11-26 13:40:00,1261.46,1261.46,1261.46,1261.46,0
2025-11-26 13:45:00,1261.46,1261.46,1261.46,1261.46,0
2025-11-26 13:50:00,1261.46,1261.46,1261.46,1261.46,0
2025-11-26 13:55:00,1261.46,1261.46,1261.46,1261.46,0
2025-11-26 14:00:00,1261.46,1261.46,1261.46,1261.46,0
2025-11-26 14:05:00,1261.46,1261.46,1261.46,1261.46,0
2025-11-26 14:10:00,1261.46,1261.46,1261.46,1261.46,0
2025-11-26 14:15:00,1261.46,1261.46,1261.46,1261.46,0
2025-11-26 14:20:00,1261.46,1261.46,1261.46,1261.46,0
2025-11-26 14:25:00,1261.46,1261.46,1261.46,1261.46,0
2025-11-26 14:30:00,1261.46,1261.46,1261.46,1261.46,0
2025-11-26 14:35:00,1261.46,1261.46,1261.46,1261.46,0
2025-11-26 14:40:00,1261.46,1261.46,1261.46,1261.46,0
2025-11-26 14:45:00,1261.46,1261.46,1261.46,1261.46,0
2025-11-26 14:50:00,1261.46,1261.46,1261.46,1261.46,0
2025-11-26 14:55:00,1261.46,1261.46,1261.46,1261.46,0
2025-11-26 15:00:00,1261.46,1261.46,1261.46,1261.46,0
2025-11-26 15:05:00,1261.46,1261.46,1261.46,1261.46,0
2025-11-26 15:10:00,1261.46,1261.46,1261.46,1261.46,0
2025-11-26 15:15:00,1261.46,1261.46,1261.46,1261.46,0
2025-11-26 15:20:00,1261.46,1261.46,1261.46,1261.46,0
2025-11-26 15:25:00,1261.46,1261.46,1261.46,1261.46,0
2025-11-27 09:15:00,1260.93,1260.93,1260.92,1260.92,0
2025-11-27 09:20:00,1260.92,1260.92,1260.92,1260.92,0
2025-11-27 09:25:00,1260.92,1260.92,1260.92,1260.92,0
2025-11-27 09:30:00,1260.92,1260.92,1260.92,1260.92,0
2025-11-27 09:35:00,1260.92,1260.92,1260.92,1260.92,0
2025-11-27 09:40:00,1260.92,1260.92,1260.92,1260.92,0
2025-11-27 09:45:00,1260.92,1260.92,1260.92,1260.92,0
2025-11-27 09:50:00,1260.92,1260.92,1260.92,1260.92,0
2025-11-27 09:55:00,1260.92,1260.92,1260.92,1260.92,0
2025-11-27 10:00:00,1260.92,1260.92,1260.92,1260.92,0
2025-11-27 10:05:00,1260.92,1260.92,1260.92,1260.92,0
2025-11-27 10:10:00,1260.92,1260.92,1260.92,1260.92,0
2025-11-27 10:15:00,1260.92,1260.92,1260.92,1260.92,0
2025-11-27 10:20:00,1260.92,1260.92,1260.92,1260.92,0
2025-11-27 10:25:00,1260.92,1260.92,1260.92,1260.92,0
2025-11-27 10:30:00,1260.92,1260.92,1260.92,1260.92,0
2025-11-27 10:35:00,1260.92,1260.92,1260.92,1260.92,0
2025-11-27 10:40:00,1260.92,1260.92,1260.92,1260.92,0
2025-11-27 10:45:00,1260.92,1261.36,1260.92,1261.36,0
2025-11-27 10:50:00,1261.36,1262.02,1261.36,1262.02,0
2025-11-27 10:55:00,1262.02,1262.02,1262.02,1262.02,0
2025-11-27 11:00:00,1262.02,1262.02,1262.02,1262.02,0
2025-11-27 11:05:00,1262.02,1262.02,1262.02,1262.02,0
2025-11-27 11:10:00,1262.02,1262.02,1262.02,1262.02,0
2025-11-27 11:15:00,1262.02,1262.02,1262.02,1262.02,0
2025-11-27 11:20:00,1262.02,1262.02,1262.02,1262.02,0
2025-11-27 11:25:00,1262.02,1262.02,1262.02,1262.02,0
2025-11-27 11:30:00,1262.02,1262.02,1262.02,1262.02,0
2025-11-27 11:35:00,1262.02,1262.02,1262.02,1262.02,0
2025-11-27 11:40:00,1262.02,1262.02,1262.02,1262.02,0
2025-11-27 11:45:00,1262.02,1262.02,1262.02,1262.02,0
2025-11-27 11:50:00,1262.02,1262.02,1262.02,1262.02,0
2025-11-27 11:55:00,1262.02,1262.02,1262.02,1262.02,0
2025-11-27 12:00:00,1262.02,1262.02,1262.02,1262.02,0
2025-11-27 12:05:00,1262.02,1262.02,1262.02,1262.02,0
2025-11-27 12:10:00,1262.02,1262.02,1262.02,1262.02,0
2025-11-27 12:15:00,1262.02,1262.02,1262.02,1262.02,0
2025-11-27 12:20:00,1262.02,1262.02,1262.02,1262.02,0
2025-11-27 12:25:00,1262.02,1262.02,1262.02,1262.02,0
2025-11-27 12:30:00,1262.02,1262.02,1262.02,1262.02,0
2025-11-27 12:35:00,1262.02,1262.02,1262.02,1262.02,0
2025-11-27 12:40:00,1262.02,1262.02,1262.02,1262.02,0
2025-11-27 12:45:00,1262.02,1262.02,1262.02,1262.02,0
2025-11-27 12:50:00,1262.02,1262.02,1262.02,1262.02,0
2025-11-27 12:55:00,1262.02,1262.02,1262.02,1262.02,0
2025-11-27 13:00:00,1262.02,1262.02,1262.02,1262.02,0
2025-11-27 13:05:00,1262.02,1262.02,1262.02,1262.02,0
2025-11-27 13:10:00,1262.02,1262.02,1262.02,1262.02,0
2025-11-27 13:15:00,1262.02,1262.02,1262.02,1262.02,0
2025-11-27 13:20:00,1262.02,1262.02,1262.02,1262.02,0
2025-11-27 13:25:00,1262.02,1262.02,1262.02,1262.02,0
2025-11-27 13:30:00,1262.02,1262.02,1262.02,1262.02,0
2025-11-27 13:35:00,1262.02,1262.02,1262.02,1262.02,0
2025-11-27 13:40:00,1262.02,1262.02,1262.02,1262.02,0
2025-11-27 13:45:00,1262.02,1262.02,1262.02,1262.02,0
2025-11-27 13:50:00,1262.02,1262.02,1262.02,1262.02,0
2025-11-27 13:55:00,1262.02,1262.02,1262.02,1262.02,0
2025-11-27 14:00:00,1262.02,1262.02,1262.02,1262.02,0
2025-11-27 14:05:00,1262.02,1262.02,1262.02,1262.02,0
2025-11-27 14:10:00,1262.02,1262.02,1262.02,1262.02,0
2025-11-27 14:15:00,1262.02,1262.02,1262.02,1262.02,0
2025-11-27 14:20:00,1262.02,1262.02,1262.02,1262.02,0
2025-11-27 14:25:00,1262.02,1262.02,1262.02,1262.02,0
2025-11-27 14:30:00,1262.02,1262.02,1262.02,1262.02,0
2025-11-27 14:35:00,1262.02,1262.02,1262.02,1262.02,0
2025-11-27 14:40:00,1262.02,1262.02,1262.02,1262.02,0
2025-11-27 14:45:00,1262.02,1262.02,1262.02,1262.02,0
2025-11-27 14:50:00,1262.02,1262.02,1262.02,1262.02,0
2025-11-27 14:55:00,1262.02,1262.02,1262.02,1262.02,0
2025-11-27 15:00:00,1262.02,1262.02,1262.02,1262.02,0
2025-11-27 15:05:00,1262.02,1262.02,1262.02,1262.02,0
2025-11-27 15:10:00,1262.02,1262.02,1262.02,1262.02,0
2025-11-27 15:15:00,1262.02,1262.02,1262.02,1262.02,0
2025-11-27 15:20:00,1262.02,1262.02,1262.02,1262.02,0
2025-11-27 15:25:00,1262.02,1262.02,1262.02,1262.02,0
2025-11-28 09:15:00,1263.25,1263.25,1263.24,1263.24,0
2025-11-28 09:20:00,1263.24,1263.24,1263.24,1263.24,0
2025-11-28 09:25:00,1263.24,1263.24,1263.24,1263.24,0
2025-11-28 09:30:00,1263.24,1263.24,1263.24,1263.24,0
2025-11-28 09:35:00,1263.24,1263.24,1263.24,1263.24,0
2025-11-28 09:40:00,1263.24,1263.24,1263.24,1263.24,0
2025-11-28 09:45:00,1263.24,1263.24,1263.24,1263.24,0
2025-11-28 09:50:00,1263.24,1263.24,1263.24,1263.24,0
2025-11-28 09:55:00,1263.24,1263.24,1263.24,1263.24,0
2025-11-28 10:00:00,1263.24,1263.24,1263.24,1263.24,0
2025-11-28 10:05:00,1263.24,1263.24,1263.24,1263.24,0
2025-11-28 10:10:00,1263.24,1263.24,1263.24,1263.24,0
2025-11-28 10:15:00,1263.24,1263.24,1263.24,1263.24,0
2025-11-28 10:20:00,1263.24,1263.24,1263.24,1263.24,0
2025-11-28 10:25:00,1263.24,1263.24,1263.24,1263.24,0
2025-11-28 10:30:00,1263.24,1263.24,1263.24,1263.24,0
2025-11-28 10:35:00,1263.24,1263.24,1263.24,1263.24,0
2025-11-28 10:40:00,1263.24,1263.24,1263.24,1263.24,0
2025-11-28 10:45:00,1263.24,1263.24,1263.24,1263.24,0
2025-11-28 10:50:00,1263.24,1263.24,1263.24,1263.24,0
2025-11-28 10:55:00,1263.24,1263.24,1263.24,1263.24,0
2025-11-28 11:00:00,1263.24,1263.24,1263.24,1263.24,0
2025-11-28 11:05:00,1263.24,1263.24,1263.24,1263.24,0
2025-11-28 11:10:00,1263.24,1263.24,1263.24,1263.24,0
2025-11-28 11:15:00,1263.24,1263.24,1263.24,1263.24,0
2025-11-28 11:20:00,1263.24,1263.24,1263.24,1263.24,0
2025-11-28 11:25:00,1263.24,1263.24,1263.24,1263.24,0
2025-11-28 11:30:00,1263.24,1263.24,1263.24,1263.24,0
2025-11-28 11:35:00,1263.24,1263.24,1263.24,1263.24,0
2025-11-28 11:40:00,1263.24,1263.24,1263.24,1263.24,0
2025-11-28 11:45:00,1263.24,1263.24,1263.24,1263.24,0
2025-11-28 11:50:00,1263.24,1263.24,1263.24,1263.24,0
2025-11-28 11:55:00,1263.24,1263.24,1263.24,1263.24,0
2025-11-28 12:00:00,1263.24,1263.24,1263.24,1263.24,0
2025-11-28 12:05:00,1263.24,1263.24,1263.24,1263.24,0
2025-11-28 12:10:00,1263.24,1263.24,1263.24,1263.24,0
2025-11-28 12:15:00,1263.24,1263.24,1263.24,1263.24,0
2025-11-28 12:20:00,1263.24,1263.24,1263.24,1263.24,0
2025-11-28 12:25:00,1263.24,1263.24,1263.24,1263.24,0
2025-11-28 12:30:00,1263.24,1263.24,1263.24,1263.24,0
2025-11-28 12:35:00,1263.24,1263.24,1263.24,1263.24,0
2025-11-28 12:40:00,1263.24,1263.24,1263.24,1263.24,0
2025-11-28 12:45:00,1263.24,1263.24,1263.24,1263.24,0
2025-11-28 12:50:00,1263.24,1263.24,1263.24,1263.24,0
2025-11-28 12:55:00,1263.24,1263.24,1263.24,1263.24,0
2025-11-28 13:00:00,1263.24,1263.24,1263.24,1263.24,0
2025-11-28 13:05:00,1263.24,1263.24,1263.24,1263.24,0
2025-11-28 13:10:00,1263.24,1263.24,1263.24,1263.24,0
2025-11-28 13:15:00,1263.24,1263.24,1263.24,1263.24,0
2025-11-28 13:20:00,1263.24,1263.24,1263.24,1263.24,0
2025-11-28 13:25:00,1263.24,1263.24,1263.24,1263.24,0
2025-11-28 13:30:00,1263.24,1263.24,1263.24,1263.24,0
2025-11-28 13:35:00,1263.24,1263.24,1263.24,1263.24,0
2025-11-28 13:40:00,1263.24,1263.24,1263.24,1263.24,0
2025-11-28 13:45:00,1263.24,1263.24,1263.24,1263.24,0
2025-11-28 13:50:00,1263.24,1263.24,1263.24,1263.24,0
2025-11-28 13:55:00,1263.24,1263.24,1263.24,1263.24,0
2025-11-28 14:00:00,1263.24,1263.24,1263.24,1263.24,0
2025-11-28 14:05:00,1263.24,1263.24,1263.24,1263.24,0
2025-11-28 14:10:00,1263.24,1263.24,1263.24,1263.24,0
2025-11-28 14:15:00,1263.24,1263.24,1263.24,1263.24,0
2025-11-28 14:20:00,1263.24,1263.24,1263.24,1263.24,0
2025-11-28 14:25:00,1263.24,1263.24,1263.24,1263.24,0
2025-11-28 14:30:00,1263.24,1263.24,1263.24,1263.24,0
2025-11-28 14:35:00,1263.24,1263.24,1263.24,1263.24,0
2025-11-28 14:40:00,1263.24,1263.24,1263.24,1263.24,0
2025-11-28 14:45:00,1263.24,1263.24,1263.24,1263.24,0
2025-11-28 14:50:00,1263.24,1263.24,1263.24,1263.24,0
2025-11-28 14:55:00,1263.24,1263.24,1263.24,1263.24,0
2025-11-28 15:00:00,1263.24,1263.24,1263.24,1263.24,0
2025-11-28 15:05:00,1263.24,1263.24,1263.24,1263.24,0
2025-11-28 15:10:00,1263.24,1263.24,1263.24,1263.24,0
2025-11-28 15:15:00,1263.24,1263.24,1263.24,1263.24,0
2025-11-28 15:20:00,1263.24,1263.24,1263.24,1263.24,0
2025-11-28 15:25:00,1263.24,1263.24,1263.24,1263.24,0
2025-12-01 09:15:00,1263.95,1263.95,1263.94,1263.94,0
2025-12-01 09:20:00,1263.94,1263.94,1263.94,1263.94,0
2025-12-01 09:25:00,1263.94,1263.94,1263.94,1263.94,0
2025-12-01 09:30:00,1263.94,1263.94,1263.94,1263.94,0
2025-12-01 09:35:00,1263.94,1263.94,1263.94,1263.94,0
2025-12-01 09:40:00,1263.94,1263.94,1263.94,1263.94,0
2025-12-01 09:45:00,1263.94,1263.94,1263.94,1263.94,0
2025-12-01 09:50:00,1263.94,1263.94,1263.94,1263.94,0
2025-12-01 09:55:00,1263.94,1263.94,1263.94,1263.94,0
2025-12-01 10:00:00,1263.94,1263.94,1263.94,1263.94,0
2025-12-01 10:05:00,1263.94,1263.94,1263.94,1263.94,0
2025-12-01 10:10:00,1263.94,1263.94,1263.94,1263.94,0
2025-12-01 10:15:00,1263.94,1263.94,1263.94,1263.94,0
2025-12-01 10:20:00,1263.94,1263.94,1263.94,1263.94,0
2025-12-01 10:25:00,1263.94,1263.94,1263.94,1263.94,0
2025-12-01 10:30:00,1263.94,1263.94,1263.94,1263.94,0
2025-12-01 10:35:00,1263.94,1263.94,1263.94,1263.94,0
2025-12-01 10:40:00,1263.94,1263.94,1263.94,1263.94,0
2025-12-01 10:45:00,1263.94,1263.94,1263.94,1263.94,0
2025-12-01 10:50:00,1263.94,1263.94,1263.94,1263.94,0
2025-12-01 10:55:00,1263.94,1263.94,1263.94,1263.94,0
2025-12-01 11:00:00,1263.94,1263.94,1263.94,1263.94,0
2025-12-01 11:05:00,1263.94,1263.94,1263.94,1263.94,0
2025-12-01 11:10:00,1263.94,1263.94,1263.94,1263.94,0
2025-12-01 11:15:00,1263.94,1263.94,1263.94,1263.94,0
2025-12-01 11:20:00,1263.94,1263.94,1263.94,1263.94,0
2025-12-01 11:25:00,1263.94,1263.94,1263.94,1263.94,0
2025-12-01 11:30:00,1263.94,1263.94,1263.94,1263.94,0
2025-12-01 11:35:00,1263.94,1263.94,1263.94,1263.94,0
2025-12-01 11:40:00,1263.94,1263.94,1263.94,1263.94,0
2025-12-01 11:45:00,1263.94,1263.94,1263.94,1263.94,0
2025-12-01 11:50:00,1263.94,1263.94,1263.94,1263.94,0
2025-12-01 11:55:00,1263.94,1263.94,1263.94,1263.94,0
2025-12-01 12:00:00,1263.94,1263.94,1263.94,1263.94,0
2025-12-01 12:05:00,1263.94,1263.94,1263.94,1263.94,0
2025-12-01 12:10:00,1263.94,1263.94,1263.94,1263.94,0
2025-12-01 12:15:00,1263.94,1263.94,1263.94,1263.94,0
2025-12-01 12:20:00,1263.94,1263.94,1263.94,1263.94,0
2025-12-01 12:25:00,1263.94,1263.94,1263.94,1263.94,0
2025-12-01 12:30:00,1263.94,1263.94,1263.94,1263.94,0
2025-12-01 12:35:00,1263.94,1263.94,1263.94,1263.94,0
2025-12-01 12:40:00,1263.94,1263.94,1263.94,1263.94,0
2025-12-01 12:45:00,1263.94,1263.94,1263.94,1263.94,0
2025-12-01 12:50:00,1263.94,1263.94,1263.94,1263.94,0
2025-12-01 12:55:00,1263.94,1263.94,1263.94,1263.94,0
2025-12-01 13:00:00,1263.94,1263.94,1263.94,1263.94,0
2025-12-01 13:05:00,1263.94,1263.94,1263.94,1263.94,0
2025-12-01 13:10:00,1263.94,1263.94,1263.94,1263.94,0
2025-12-01 13:15:00,1263.94,1263.94,1263.94,1263.94,0
2025-12-01 13:20:00,1263.94,1263.94,1263.94,1263.94,0
2025-12-01 13:25:00,1263.94,1263.94,1263.94,1263.94,0
2025-12-01 13:30:00,1263.94,1263.94,1263.94,1263.94,0
2025-12-01 13:35:00,1263.94,1263.94,1263.94,1263.94,0
2025-12-01 13:40:00,1263.94,1263.94,1263.94,1263.94,0
2025-12-01 13:45:00,1263.94,1263.94,1263.94,1263.94,0
2025-12-01 13:50:00,1263.94,1263.94,1263.94,1263.94,0
2025-12-01 13:55:00,1263.94,1263.94,1263.94,1263.94,0
2025-12-01 14:00:00,1263.94,1263.94,1263.94,1263.94,0
2025-12-01 14:05:00,1263.94,1263.94,1263.94,1263.94,0
2025-12-01 14:10:00,1263.94,1263.94,1263.94,1263.94,0
2025-12-01 14:15:00,1263.94,1263.94,1263.94,1263.94,0
2025-12-01 14:20:00,1263.94,1263.94,1263.94,1263.94,0
2025-12-01 14:25:00,1263.94,1263.94,1263.94,1263.94,0
2025-12-01 14:30:00,1263.94,1263.94,1263.94,1263.94,0
2025-12-01 14:35:00,1263.94,1263.94,1263.94,1263.94,0
2025-12-01 14:40:00,1263.94,1263.94,1263.94,1263.94,0
2025-12-01 14:45:00,1263.94,1263.94,1263.94,1263.94,0
2025-12-01 14:50:00,1263.94,1263.94,1263.94,1263.94,0
2025-12-01 14:55:00,1263.94,1263.94,1263.94,1263.94,0
2025-12-01 15:00:00,1263.94,1263.94,1263.94,1263.94,0
2025-12-01 15:05:00,1263.94,1263.94,1263.94,1263.94,0
2025-12-01 15:10:00,1263.94,1263.94,1263.94,1263.94,0
2025-12-01 15:15:00,1263.94,1263.94,1263.94,1263.94,0
2025-12-01 15:20:00,1263.94,1263.94,1263.94,1263.94,0
2025-12-01 15:25:00,1263.94,1263.94,1263.94,1263.94,0
2025-12-02 09:15:00,1264.19,1264.19,1264.17,1264.17,0
2025-12-02 09:20:00,1264.17,1264.17,1264.17,1264.17,0
2025-12-02 09:25:00,1264.17,1264.17,1264.17,1264.17,0
2025-12-02 09:30:00,1264.17,1264.17,1264.17,1264.17,0
2025-12-02 09:35:00,1264.17,1264.17,1264.17,1264.17,0
2025-12-02 09:40:00,1264.17,1264.17,1264.17,1264.17,0
2025-12-02 09:45:00,1264.17,1264.17,1264.17,1264.17,0
2025-12-02 09:50:00,1264.17,1264.17,1264.17,1264.17,0
2025-12-02 09:55:00,1264.17,1264.17,1264.17,1264.17,0
2025-12-02 10:00:00,1264.17,1264.17,1264.17,1264.17,0
2025-12-02 10:05:00,1264.17,1264.17,1264.17,1264.17,0
2025-12-02 10:10:00,1264.17,1264.17,1264.17,1264.17,0
2025-12-02 10:15:00,1264.17,1264.17,1264.17,1264.17,0
2025-12-02 10:20:00,1264.17,1264.17,1264.17,1264.17,0
2025-12-02 10:25:00,1264.17,1264.17,1264.17,1264.17,0
2025-12-02 10:30:00,1264.17,1264.17,1264.17,1264.17,0
2025-12-02 10:35:00,1264.17,1264.17,1264.17,1264.17,0
2025-12-02 10:40:00,1264.17,1264.17,1264.17,1264.17,0
2025-12-02 10:45:00,1264.17,1264.17,1264.17,1264.17,0
2025-12-02 10:50:00,1264.17,1264.17,1264.17,1264.17,0
2025-12-02 10:55:00,1264.17,1264.17,1264.17,1264.17,0
2025-12-02 11:00:00,1264.17,1264.17,1264.17,1264.17,0
2025-12-02 11:05:00,1264.17,1264.17,1264.17,1264.17,0
2025-12-02 11:10:00,1264.17,1264.17,1264.17,1264.17,0
2025-12-02 11:15:00,1264.17,1264.17,1264.17,1264.17,0
2025-12-02 11:20:00,1264.17,1264.17,1264.17,1264.17,0
2025-12-02 11:25:00,1264.17,1264.17,1264.17,1264.17,0
2025-12-02 11:30:00,1264.17,1264.17,1264.17,1264.17,0
2025-12-02 11:35:00,1264.17,1264.17,1264.17,1264.17,0
2025-12-02 11:40:00,1264.17,1264.17,1264.17,1264.17,0
2025-12-02 11:45:00,1264.17,1264.17,1264.17,1264.17,0
2025-12-02 11:50:00,1264.17,1264.17,1264.17,1264.17,0
2025-12-02 11:55:00,1264.17,1264.17,1264.17,1264.17,0
2025-12-02 12:00:00,1264.17,1264.17,1264.17,1264.17,0
2025-12-02 12:05:00,1264.17,1264.17,1264.17,1264.17,0
2025-12-02 12:10:00,1264.17,1264.17,1264.17,1264.17,0
2025-12-02 12:15:00,1264.17,1264.17,1264.17,1264.17,0
2025-12-02 12:20:00,1264.17,1264.17,1264.17,1264.17,0
2025-12-02 12:25:00,1264.17,1264.17,1264.17,1264.17,0
2025-12-02 12:30:00,1264.17,1264.17,1264.17,1264.17,0
2025-12-02 12:35:00,1264.17,1264.17,1264.17,1264.17,0
2025-12-02 12:40:00,1264.17,1264.17,1264.17,1264.17,0
2025-12-02 12:45:00,1264.17,1264.17,1264.17,1264.17,0
2025-12-02 12:50:00,1264.17,1264.17,1264.17,1264.17,0
2025-12-02 12:55:00,1264.17,1264.17,1264.17,1264.17,0
2025-12-02 13:00:00,1264.17,1264.17,1264.17,1264.17,0
2025-12-02 13:05:00,1264.17,1264.17,1264.17,1264.17,0
2025-12-02 13:10:00,1264.17,1264.17,1264.17,1264.17,0
2025-12-02 13:15:00,1264.17,1264.17,1264.17,1264.17,0
2025-12-02 13:20:00,1264.17,1264.17,1264.17,1264.17,0
2025-12-02 13:25:00,1264.17,1264.17,1264.17,1264.17,0
2025-12-02 13:30:00,1264.17,1264.17,1264.17,1264.17,0
2025-12-02 13:35:00,1264.17,1264.17,1264.17,1264.17,0
2025-12-02 13:40:00,1264.17,1264.17,1264.17,1264.17,0
2025-12-02 13:45:00,1264.17,1264.17,1264.17,1264.17,0
2025-12-02 13:50:00,1264.17,1264.17,1264.17,1264.17,0
2025-12-02 13:55:00,1264.17,1264.17,1264.17,1264.17,0
2025-12-02 14:00:00,1264.17,1264.17,1264.17,1264.17,0
2025-12-02 14:05:00,1264.17,1264.17,1264.17,1264.17,0
2025-12-02 14:10:00,1264.17,1264.17,1264.17,1264.17,0
2025-12-02 14:15:00,1264.17,1264.17,1264.17,1264.17,0
2025-12-02 14:20:00,1264.17,1264.17,1264.17,1264.17,0
2025-12-02 14:25:00,1264.17,1264.17,1264.17,1264.17,0
2025-12-02 14:30:00,1264.17,1264.17,1264.17,1264.17,0
2025-12-02 14:35:00,1264.17,1264.17,1264.17,1264.17,0
2025-12-02 14:40:00,1264.17,1264.17,1264.17,1264.17,0
2025-12-02 14:45:00,1264.17,1264.17,1264.17,1264.17,0
2025-12-02 14:50:00,1264.17,1264.17,1264.17,1264.17,0
2025-12-02 14:55:00,1264.17,1264.17,1264.17,1264.17,0
2025-12-02 15:00:00,1264.17,1264.17,1264.17,1264.17,0
2025-12-02 15:05:00,1264.17,1264.17,1264.17,1264.17,0
2025-12-02 15:10:00,1264.17,1264.17,1264.17,1264.17,0
2025-12-02 15:15:00,1264.17,1264.17,1264.17,1264.17,0
2025-12-02 15:20:00,1264.17,1264.17,1264.17,1264.17,0
2025-12-02 15:25:00,1264.17,1264.17,1264.17,1264.17,0
2025-12-03 09:15:00,1264.48,1264.48,1264.47,1264.47,0
2025-12-03 09:20:00,1264.47,1264.47,1264.47,1264.47,0
2025-12-03 09:25:00,1264.47,1264.47,1264.47,1264.47,0
2025-12-03 09:30:00,1264.47,1264.47,1264.47,1264.47,0
2025-12-03 09:35:00,1264.47,1264.47,1264.47,1264.47,0
2025-12-03 09:40:00,1264.47,1264.47,1264.47,1264.47,0
2025-12-03 09:45:00,1264.47,1264.47,1264.47,1264.47,0
2025-12-03 09:50:00,1264.47,1264.47,1264.47,1264.47,0
2025-12-03 09:55:00,1264.47,1264.47,1264.47,1264.47,0
2025-12-03 10:00:00,1264.47,1264.47,1264.47,1264.47,0
2025-12-03 10:05:00,1264.47,1264.47,1264.47,1264.47,0
2025-12-03 10:10:00,1264.47,1264.47,1264.47,1264.47,0
2025-12-03 10:15:00,1264.47,1264.47,1264.47,1264.47,0
2025-12-03 10:20:00,1264.47,1264.47,1264.47,1264.47,0
2025-12-03 10:25:00,1264.47,1264.47,1264.47,1264.47,0
2025-12-03 10:30:00,1264.47,1264.47,1264.47,1264.47,0
2025-12-03 10:35:00,1264.47,1264.47,1264.47,1264.47,0
2025-12-03 10:40:00,1264.47,1264.47,1264.47,1264.47,0
2025-12-03 10:45:00,1264.47,1264.47,1264.47,1264.47,0
2025-12-03 10:50:00,1264.47,1264.47,1264.47,1264.47,0
2025-12-03 10:55:00,1264.47,1264.47,1264.47,1264.47,0
2025-12-03 11:00:00,1264.47,1264.47,1264.47,1264.47,0
2025-12-03 11:05:00,1264.47,1264.47,1264.47,1264.47,0
2025-12-03 11:10:00,1264.47,1264.47,1264.47,1264.47,0
2025-12-03 11:15:00,1264.47,1264.47,1264.47,1264.47,0
2025-12-03 11:20:00,1264.47,1264.47,1264.47,1264.47,0
2025-12-03 11:25:00,1264.47,1264.47,1264.47,1264.47,0
2025-12-03 11:30:00,1264.47,1264.47,1264.47,1264.47,0
2025-12-03 11:35:00,1264.47,1264.47,1264.47,1264.47,0
2025-12-03 11:40:00,1264.47,1264.47,1264.47,1264.47,0
2025-12-03 11:45:00,1264.47,1264.47,1264.47,1264.47,0
2025-12-03 11:50:00,1264.47,1264.47,1264.47,1264.47,0
2025-12-03 11:55:00,1264.47,1264.47,1264.47,1264.47,0
2025-12-03 12:00:00,1264.47,1264.47,1264.47,1264.47,0
2025-12-03 12:05:00,1264.47,1264.47,1264.47,1264.47,0
2025-12-03 12:10:00,1264.47,1264.47,1264.47,1264.47,0
2025-12-03 12:15:00,1264.47,1264.47,1264.47,1264.47,0
2025-12-03 12:20:00,1264.47,1264.47,1264.47,1264.47,0
2025-12-03 12:25:00,1264.47,1264.47,1264.47,1264.47,0
2025-12-03 12:30:00,1264.47,1264.47,1264.47,1264.47,0
2025-12-03 12:35:00,1264.47,1264.47,1264.47,1264.47,0
2025-12-03 12:40:00,1264.47,1264.47,1264.47,1264.47,0
2025-12-03 12:45:00,1264.47,1264.47,1264.47,1264.47,0
2025-12-03 12:50:00,1264.47,1264.47,1264.47,1264.47,0
2025-12-03 12:55:00,1264.47,1264.47,1264.47,1264.47,0
2025-12-03 13:00:00,1264.47,1264.47,1264.47,1264.47,0
2025-12-03 13:05:00,1264.47,1264.47,1264.47,1264.47,0
2025-12-03 13:10:00,1264.47,1264.47,1264.47,1264.47,0
2025-12-03 13:15:00,1264.47,1264.47,1264.47,1264.47,0
2025-12-03 13:20:00,1264.47,1264.47,1264.47,1264.47,0
2025-12-03 13:25:00,1264.47,1264.47,1264.47,1264.47,0
2025-12-03 13:30:00,1264.47,1264.47,1264.47,1264.47,0
2025-12-03 13:35:00,1264.47,1264.47,1264.47,1264.47,0
2025-12-03 13:40:00,1264.47,1264.47,1264.47,1264.47,0
2025-12-03 13:45:00,1264.47,1264.47,1264.47,1264.47,0
2025-12-03 13:50:00,1264.47,1264.47,1264.47,1264.47,0
2025-12-03 13:55:00,1264.47,1264.47,1264.47,1264.47,0
2025-12-03 14:00:00,1264.47,1264.47,1264.47,1264.47,0
2025-12-03 14:05:00,1264.47,1264.47,1264.47,1264.47,0
2025-12-03 14:10:00,1264.47,1264.47,1264.47,1264.47,0
2025-12-03 14:15:00,1264.47,1264.47,1264.47,1264.47,0
2025-12-03 14:20:00,1264.47,1264.47,1264.47,1264.47,0
2025-12-03 14:25:00,1264.47,1264.47,1264.47,1264.47,0
2025-12-03 14:30:00,1264.47,1264.47,1264.47,1264.47,0
2025-12-03 14:35:00,1264.47,1264.47,1264.47,1264.47,0
2025-12-03 14:40:00,1264.47,1264.47,1264.47,1264.47,0
2025-12-03 14:45:00,1264.47,1264.47,1264.47,1264.47,0
2025-12-03 14:50:00,1264.47,1264.47,1264.47,1264.47,0
2025-12-03 14:55:00,1264.47,1264.47,1264.47,1264.47,0
2025-12-03 15:00:00,1264.47,1264.47,1264.47,1264.47,0
2025-12-03 15:05:00,1264.47,1264.47,1264.47,1264.47,0
2025-12-03 15:10:00,1264.47,1264.47,1264.47,1264.47,0
2025-12-03 15:15:00,1264.47,1264.47,1264.47,1264.47,0
2025-12-03 15:20:00,1264.47,1264.47,1264.47,1264.47,0
2025-12-03 15:25:00,1264.47,1264.47,1264.47,1264.47,0
2025-12-04 09:15:00,1264.17,1264.17,1264.16,1264.16,0
2025-12-04 09:20:00,1264.16,1264.16,1264.16,1264.16,0
2025-12-04 09:25:00,1264.16,1264.16,1264.16,1264.16,0
2025-12-04 09:30:00,1264.16,1264.16,1264.16,1264.16,0
2025-12-04 09:35:00,1264.16,1264.16,1264.16,1264.16,0
2025-12-04 09:40:00,1264.16,1264.16,1264.16,1264.16,0
2025-12-04 09:45:00,1264.16,1264.16,1264.16,1264.16,0
2025-12-04 09:50:00,1264.16,1264.16,1264.16,1264.16,0
2025-12-04 09:55:00,1264.16,1264.16,1264.16,1264.16,0
2025-12-04 10:00:00,1264.16,1264.16,1264.16,1264.16,0
2025-12-04 10:05:00,1264.16,1264.16,1264.16,1264.16,0
2025-12-04 10:10:00,1264.16,1264.16,1264.16,1264.16,0
2025-12-04 10:15:00,1264.16,1264.16,1264.16,1264.16,0
2025-12-04 10:20:00,1264.16,1264.16,1264.16,1264.16,0
2025-12-04 10:25:00,1264.16,1264.16,1264.16,1264.16,0
2025-12-04 10:30:00,1264.16,1264.16,1264.16,1264.16,0
2025-12-04 10:35:00,1264.16,1264.16,1264.16,1264.16,0
2025-12-04 10:40:00,1264.16,1264.16,1264.16,1264.16,0
2025-12-04 10:45:00,1264.16,1264.16,1264.16,1264.16,0
2025-12-04 10:50:00,1264.16,1264.16,1264.16,1264.16,0
2025-12-04 10:55:00,1264.16,1264.16,1264.16,1264.16,0
2025-12-04 11:00:00,1264.16,1264.16,1264.16,1264.16,0
2025-12-04 11:05:00,1264.16,1264.16,1264.16,1264.16,0
2025-12-04 11:10:00,1264.16,1264.16,1264.16,1264.16,0
2025-12-04 11:15:00,1264.16,1264.16,1264.16,1264.16,0
2025-12-04 11:20:00,1264.16,1264.16,1264.16,1264.16,0
2025-12-04 11:25:00,1264.16,1264.16,1264.16,1264.16,0
2025-12-04 11:30:00,1264.16,1264.16,1264.16,1264.16,0
2025-12-04 11:35:00,1264.16,1264.16,1264.16,1264.16,0
2025-12-04 11:40:00,1264.16,1264.16,1264.16,1264.16,0
2025-12-04 11:45:00,1264.16,1264.16,1264.16,1264.16,0
2025-12-04 11:50:00,1264.16,1264.16,1264.16,1264.16,0
2025-12-04 11:55:00,1264.16,1264.16,1264.16,1264.16,0
2025-12-04 12:00:00,1264.16,1264.16,1264.16,1264.16,0
2025-12-04 12:05:00,1264.16,1264.16,1264.16,1264.16,0
2025-12-04 12:10:00,1264.16,1264.16,1264.16,1264.16,0
2025-12-04 12:15:00,1264.16,1264.16,1264.16,1264.16,0
2025-12-04 12:20:00,1264.16,1264.16,1264.16,1264.16,0
2025-12-04 12:25:00,1264.16,1264.16,1264.16,1264.16,0
2025-12-04 12:30:00,1264.16,1264.16,1264.16,1264.16,0
2025-12-04 12:35:00,1264.16,1264.16,1264.16,1264.16,0
2025-12-04 12:40:00,1264.16,1264.16,1264.16,1264.16,0
2025-12-04 12:45:00,1264.16,1264.16,1264.16,1264.16,0
2025-12-04 12:50:00,1264.16,1264.16,1264.16,1264.16,0
2025-12-04 12:55:00,1264.16,1264.16,1264.16,1264.16,0
2025-12-04 13:00:00,1264.16,1264.16,1264.16,1264.16,0
2025-12-04 13:05:00,1264.16,1264.16,1264.16,1264.16,0
2025-12-04 13:10:00,1264.16,1264.16,1264.16,1264.16,0
2025-12-04 13:15:00,1264.16,1264.16,1264.16,1264.16,0
2025-12-04 13:20:00,1264.16,1264.16,1264.16,1264.16,0
2025-12-04 13:25:00,1264.16,1264.16,1264.16,1264.16,0
2025-12-04 13:30:00,1264.16,1264.16,1264.16,1264.16,0
2025-12-04 13:35:00,1264.16,1264.16,1264.16,1264.16,0
2025-12-04 13:40:00,1264.16,1264.16,1264.16,1264.16,0
2025-12-04 13:45:00,1264.16,1264.16,1264.16,1264.16,0
2025-12-04 13:50:00,1264.16,1264.16,1264.16,1264.16,0
2025-12-04 13:55:00,1264.16,1264.16,1264.16,1264.16,0
2025-12-04 14:00:00,1264.16,1264.16,1264.16,1264.16,0
2025-12-04 14:05:00,1264.16,1264.16,1264.16,1264.16,0
2025-12-04 14:10:00,1264.16,1264.16,1264.16,1264.16,0
2025-12-04 14:15:00,1264.16,1264.16,1264.16,1264.16,0
2025-12-04 14:20:00,1264.16,1264.16,1264.16,1264.16,0
2025-12-04 14:25:00,1264.16,1264.16,1264.16,1264.16,0
2025-12-04 14:30:00,1264.16,1264.16,1264.16,1264.16,0
2025-12-04 14:35:00,1264.16,1264.16,1264.16,1264.16,0
2025-12-04 14:40:00,1264.16,1264.16,1264.16,1264.16,0
2025-12-04 14:45:00,1264.16,1264.16,1264.16,1264.16,0
2025-12-04 14:50:00,1264.16,1264.16,1264.16,1264.16,0
2025-12-04 14:55:00,1264.16,1264.16,1264.16,1264.16,0
2025-12-04 15:00:00,1264.16,1264.16,1264.16,1264.16,0
2025-12-04 15:05:00,1264.16,1264.16,1264.16,1264.16,0
2025-12-04 15:10:00,1264.16,1264.16,1264.16,1264.16,0
2025-12-04 15:15:00,1264.16,1264.16,1264.16,1264.16,0
2025-12-04 15:20:00,1264.16,1264.16,1264.16,1264.16,0
2025-12-04 15:25:00,1264.16,1264.16,1264.16,1264.16,0
2025-12-05 09:15:00,1264.41,1264.41,1264.4,1264.4,0
2025-12-05 09:20:00,1264.4,1264.4,1264.4,1264.4,0
2025-12-05 09:25:00,1264.4,1264.4,1264.4,1264.4,0
2025-12-05 09:30:00,1264.4,1264.4,1264.4,1264.4,0
2025-12-05 09:35:00,1264.4,1264.4,1264.4,1264.4,0
2025-12-05 09:40:00,1264.4,1264.4,1264.4,1264.4,0
2025-12-05 09:45:00,1264.4,1264.4,1264.4,1264.4,0
2025-12-05 09:50:00,1264.4,1264.4,1264.4,1264.4,0
2025-12-05 09:55:00,1264.4,1264.4,1264.4,1264.4,0
2025-12-05 10:00:00,1264.4,1264.4,1264.4,1264.4,0
2025-12-05 10:05:00,1264.4,1264.4,1264.4,1264.4,0
2025-12-05 10:10:00,1264.4,1264.4,1264.4,1264.4,0
2025-12-05 10:15:00,1264.4,1264.4,1264.4,1264.4,0
2025-12-05 10:20:00,1264.4,1264.4,1264.4,1264.4,0
2025-12-05 10:25:00,1264.4,1264.4,1264.4,1264.4,0
2025-12-05 10:30:00,1264.4,1264.4,1264.4,1264.4,0
2025-12-05 10:35:00,1264.4,1264.4,1264.4,1264.4,0
2025-12-05 10:40:00,1264.4,1264.4,1264.4,1264.4,0
2025-12-05 10:45:00,1264.4,1264.4,1264.4,1264.4,0
2025-12-05 10:50:00,1264.4,1264.4,1264.4,1264.4,0
2025-12-05 10:55:00,1264.4,1264.4,1264.4,1264.4,0
2025-12-05 11:00:00,1264.4,1264.4,1264.4,1264.4,0
2025-12-05 11:05:00,1264.4,1264.4,1264.4,1264.4,0
2025-12-05 11:10:00,1264.4,1264.4,1264.4,1264.4,0
2025-12-05 11:15:00,1264.4,1264.4,1264.4,1264.4,0
2025-12-05 11:20:00,1264.4,1264.4,1264.4,1264.4,0
2025-12-05 11:25:00,1264.4,1264.4,1264.4,1264.4,0
2025-12-05 11:30:00,1264.4,1264.4,1264.4,1264.4,0
2025-12-05 11:35:00,1264.4,1264.4,1264.4,1264.4,0
2025-12-05 11:40:00,1264.4,1264.4,1264.4,1264.4,0
2025-12-05 11:45:00,1264.4,1264.4,1264.4,1264.4,0
2025-12-05 11:50:00,1264.4,1264.4,1264.4,1264.4,0
2025-12-05 11:55:00,1264.4,1264.4,1264.4,1264.4,0
2025-12-05 12:00:00,1264.4,1264.4,1264.4,1264.4,0
2025-12-05 12:05:00,1264.4,1264.4,1264.4,1264.4,0
2025-12-05 12:10:00,1264.4,1264.4,1264.4,1264.4,0
2025-12-05 12:15:00,1264.4,1264.4,1264.4,1264.4,0
2025-12-05 12:20:00,1264.4,1264.4,1264.4,1264.4,0
2025-12-05 12:25:00,1264.4,1264.4,1264.4,1264.4,0
2025-12-05 12:30:00,1264.4,1264.4,1264.4,1264.4,0
2025-12-05 12:35:00,1264.4,1264.4,1264.4,1264.4,0
2025-12-05 12:40:00,1264.4,1264.4,1264.4,1264.4,0
2025-12-05 12:45:00,1264.4,1264.4,1264.4,1264.4,0
2025-12-05 12:50:00,1264.4,1264.4,1264.4,1264.4,0
2025-12-05 12:55:00,1264.4,1264.4,1264.4,1264.4,0
2025-12-05 13:00:00,1264.4,1264.4,1264.4,1264.4,0
2025-12-05 13:05:00,1264.4,1264.4,1264.4,1264.4,0
2025-12-05 13:10:00,1264.4,1264.4,1264.4,1264.4,0
2025-12-05 13:15:00,1264.4,1264.4,1264.4,1264.4,0
2025-12-05 13:20:00,1264.4,1264.4,1264.4,1264.4,0
2025-12-05 13:25:00,1264.4,1264.4,1264.4,1264.4,0
2025-12-05 13:30:00,1264.4,1264.4,1264.4,1264.4,0
2025-12-05 13:35:00,1264.4,1264.4,1264.4,1264.4,0
2025-12-05 13:40:00,1264.4,1264.4,1264.4,1264.4,0
2025-12-05 13:45:00,1264.4,1264.4,1264.4,1264.4,0
2025-12-05 13:50:00,1264.4,1264.4,1264.4,1264.4,0
2025-12-05 13:55:00,1264.4,1264.4,1264.4,1264.4,0
2025-12-05 14:00:00,1264.4,1264.4,1264.4,1264.4,0
2025-12-05 14:05:00,1264.4,1264.4,1264.4,1264.4,0
2025-12-05 14:10:00,1264.4,1264.4,1264.4,1264.4,0
2025-12-05 14:15:00,1264.4,1264.4,1264.4,1264.4,0
2025-12-05 14:20:00,1264.4,1264.4,1264.4,1264.4,0
2025-12-05 14:25:00,1264.4,1264.4,1264.4,1264.4,0
2025-12-05 14:30:00,1264.4,1264.4,1264.4,1264.4,0
2025-12-05 14:35:00,1264.4,1264.4,1264.4,1264.4,0
2025-12-05 14:40:00,1264.4,1264.4,1264.4,1264.4,0
2025-12-05 14:45:00,1264.4,1264.4,1264.4,1264.4,0
2025-12-05 14:50:00,1264.4,1264.4,1264.4,1264.4,0
2025-12-05 14:55:00,1264.4,1264.4,1264.4,1264.4,0
2025-12-05 15:00:00,1264.4,1264.4,1264.4,1264.4,0
2025-12-05 15:05:00,1264.4,1264.4,1264.4,1264.4,0
2025-12-05 15:10:00,1264.4,1264.4,1264.4,1264.4,0
2025-12-05 15:15:00,1264.4,1264.4,1264.4,1264.4,0
2025-12-05 15:20:00,1264.4,1264.4,1264.4,1264.4,0
2025-12-05 15:25:00,1264.4,1264.4,1264.4,1264.4,0
2025-12-08 09:15:00,1265.22,1265.22,1265.21,1265.21,0
2025-12-08 09:20:00,1265.21,1265.21,1265.21,1265.21,0
2025-12-08 09:25:00,1265.21,1265.21,1265.21,1265.21,0
2025-12-08 09:30:00,1265.21,1265.21,1265.21,1265.21,0
2025-12-08 09:35:00,1265.21,1265.21,1265.21,1265.21,0
2025-12-08 09:40:00,1265.21,1265.21,1265.21,1265.21,0
2025-12-08 09:45:00,1265.21,1265.21,1265.21,1265.21,0
2025-12-08 09:50:00,1265.21,1265.21,1265.21,1265.21,0
2025-12-08 09:55:00,1265.21,1265.21,1265.21,1265.21,0
2025-12-08 10:00:00,1265.21,1265.21,1265.21,1265.21,0
2025-12-08 10:05:00,1265.21,1265.21,1265.21,1265.21,0
2025-12-08 10:10:00,1265.21,1265.21,1265.21,1265.21,0
2025-12-08 10:15:00,1265.21,1265.21,1265.21,1265.21,0
2025-12-08 10:20:00,1265.21,1265.21,1265.21,1265.21,0
2025-12-08 10:25:00,1265.21,1265.21,1265.21,1265.21,0
2025-12-08 10:30:00,1265.21,1265.21,1265.21,1265.21,0
2025-12-08 10:35:00,1265.21,1265.21,1265.21,1265.21,0
2025-12-08 10:40:00,1265.21,1265.21,1265.21,1265.21,0
2025-12-08 10:45:00,1265.21,1265.21,1265.21,1265.21,0
2025-12-08 10:50:00,1265.21,1265.21,1265.21,1265.21,0
2025-12-08 10:55:00,1265.21,1265.21,1265.21,1265.21,0
2025-12-08 11:00:00,1265.21,1265.21,1265.21,1265.21,0
2025-12-08 11:05:00,1265.21,1265.21,1265.21,1265.21,0
2025-12-08 11:10:00,1265.21,1265.21,1265.21,1265.21,0
2025-12-08 11:15:00,1265.21,1265.21,1265.21,1265.21,0
2025-12-08 11:20:00,1265.21,1265.21,1265.21,1265.21,0
2025-12-08 11:25:00,1265.21,1265.21,1265.21,1265.21,0
2025-12-08 11:30:00,1265.21,1265.21,1265.21,1265.21,0
2025-12-08 11:35:00,1265.21,1265.21,1265.21,1265.21,0
2025-12-08 11:40:00,1265.21,1265.21,1265.21,1265.21,0
2025-12-08 11:45:00,1265.21,1265.21,1265.21,1265.21,0
2025-12-08 11:50:00,1265.21,1265.21,1265.21,1265.21,0
2025-12-08 11:55:00,1265.21,1265.21,1265.21,1265.21,0
2025-12-08 12:00:00,1265.21,1265.21,1265.21,1265.21,0
2025-12-08 12:05:00,1265.21,1265.21,1265.21,1265.21,0
2025-12-08 12:10:00,1265.21,1265.21,1265.21,1265.21,0
2025-12-08 12:15:00,1265.21,1265.21,1265.21,1265.21,0
2025-12-08 12:20:00,1265.21,1265.21,1265.21,1265.21,0
2025-12-08 12:25:00,1265.21,1265.21,1265.21,1265.21,0
2025-12-08 12:30:00,1265.21,1265.21,1265.21,1265.21,0
2025-12-08 12:35:00,1265.21,1265.21,1265.21,1265.21,0
2025-12-08 12:40:00,1265.21,1265.21,1265.21,1265.21,0
2025-12-08 12:45:00,1265.21,1265.21,1265.21,1265.21,0
2025-12-08 12:50:00,1265.21,1265.21,1265.21,1265.21,0
2025-12-08 12:55:00,1265.21,1265.21,1265.21,1265.21,0
2025-12-08 13:00:00,1265.21,1265.21,1265.21,1265.21,0
2025-12-08 13:05:00,1265.21,1265.21,1265.21,1265.21,0
2025-12-08 13:10:00,1265.21,1265.21,1265.21,1265.21,0
2025-12-08 13:15:00,1265.21,1265.21,1265.21,1265.21,0
2025-12-08 13:20:00,1265.21,1265.21,1265.21,1265.21,0
2025-12-08 13:25:00,1265.21,1265.21,1265.21,1265.21,0
2025-12-08 13:30:00,1265.21,1265.21,1265.21,1265.21,0
2025-12-08 13:35:00,1265.21,1265.21,1265.21,1265.21,0
2025-12-08 13:40:00,1265.21,1265.21,1265.21,1265.21,0
2025-12-08 13:45:00,1265.21,1265.21,1265.21,1265.21,0
2025-12-08 13:50:00,1265.21,1265.21,1265.21,1265.21,0
2025-12-08 13:55:00,1265.21,1265.21,1265.21,1265.21,0
2025-12-08 14:00:00,1265.21,1265.21,1265.21,1265.21,0
2025-12-08 14:05:00,1265.21,1265.21,1265.21,1265.21,0
2025-12-08 14:10:00,1265.21,1265.21,1265.21,1265.21,0
2025-12-08 14:15:00,1265.21,1265.21,1265.21,1265.21,0
2025-12-08 14:20:00,1265.21,1265.21,1265.21,1265.21,0
2025-12-08 14:25:00,1265.21,1265.21,1265.21,1265.21,0
2025-12-08 14:30:00,1265.21,1265.21,1265.21,1265.21,0
2025-12-08 14:35:00,1265.21,1265.21,1265.21,1265.21,0
2025-12-08 14:40:00,1265.21,1265.21,1265.21,1265.21,0
2025-12-08 14:45:00,1265.21,1265.21,1265.21,1265.21,0
2025-12-08 14:50:00,1265.21,1265.21,1265.21,1265.21,0
2025-12-08 14:55:00,1265.21,1265.21,1265.21,1265.21,0
2025-12-08 15:00:00,1265.21,1265.21,1265.21,1265.21,0
2025-12-08 15:05:00,1265.21,1265.21,1265.21,1265.21,0
2025-12-08 15:10:00,1265.21,1265.21,1265.21,1265.21,0
2025-12-08 15:15:00,1265.21,1265.21,1265.21,1265.21,0
2025-12-08 15:20:00,1265.21,1265.21,1265.21,1265.21,0
2025-12-08 15:25:00,1265.21,1265.21,1265.21,1265.21,0
2025-12-09 09:15:00,1265.44,1265.44,1265.42,1265.42,0
2025-12-09 09:20:00,1265.42,1265.42,1265.42,1265.42,0
2025-12-09 09:25:00,1265.42,1265.42,1265.42,1265.42,0
2025-12-09 09:30:00,1265.42,1265.42,1265.42,1265.42,0
2025-12-09 09:35:00,1265.42,1265.42,1265.42,1265.42,0
2025-12-09 09:40:00,1265.42,1265.42,1265.42,1265.42,0
2025-12-09 09:45:00,1265.42,1265.42,1265.42,1265.42,0
2025-12-09 09:50:00,1265.42,1265.42,1265.42,1265.42,0
2025-12-09 09:55:00,1265.42,1265.42,1265.42,1265.42,0
2025-12-09 10:00:00,1265.42,1265.42,1265.42,1265.42,0
2025-12-09 10:05:00,1265.42,1265.42,1265.42,1265.42,0
2025-12-09 10:10:00,1265.42,1265.42,1265.42,1265.42,0
2025-12-09 10:15:00,1265.42,1265.42,1265.42,1265.42,0
2025-12-09 10:20:00,1265.42,1265.42,1265.42,1265.42,0
2025-12-09 10:25:00,1265.42,1265.42,1265.42,1265.42,0
2025-12-09 10:30:00,1265.42,1265.42,1265.42,1265.42,0
2025-12-09 10:35:00,1265.42,1265.42,1265.42,1265.42,0
2025-12-09 10:40:00,1265.42,1265.42,1265.42,1265.42,0
2025-12-09 10:45:00,1265.42,1265.42,1265.42,1265.42,0
2025-12-09 10:50:00,1265.42,1265.42,1265.42,1265.42,0
2025-12-09 10:55:00,1265.42,1265.42,1265.42,1265.42,0
2025-12-09 11:00:00,1265.42,1265.42,1265.42,1265.42,0
2025-12-09 11:05:00,1265.42,1265.42,1265.42,1265.42,0
2025-12-09 11:10:00,1265.42,1265.42,1265.42,1265.42,0
2025-12-09 11:15:00,1265.42,1265.42,1265.42,1265.42,0
2025-12-09 11:20:00,1265.42,1265.42,1265.42,1265.42,0
2025-12-09 11:25:00,1265.42,1265.42,1265.42,1265.42,0
2025-12-09 11:30:00,1265.42,1265.42,1265.42,1265.42,0
2025-12-09 11:35:00,1265.42,1265.42,1265.42,1265.42,0
2025-12-09 11:40:00,1265.42,1265.42,1265.42,1265.42,0
2025-12-09 11:45:00,1265.42,1265.42,1265.42,1265.42,0
2025-12-09 11:50:00,1265.42,1265.42,1265.42,1265.42,0
2025-12-09 11:55:00,1265.42,1265.42,1265.42,1265.42,0
2025-12-09 12:00:00,1265.42,1265.42,1265.42,1265.42,0
2025-12-09 12:05:00,1265.42,1265.42,1265.42,1265.42,0
2025-12-09 12:10:00,1265.42,1265.42,1265.42,1265.42,0
2025-12-09 12:15:00,1265.42,1265.42,1265.42,1265.42,0
2025-12-09 12:20:00,1265.42,1265.42,1265.42,1265.42,0
2025-12-09 12:25:00,1265.42,1265.42,1265.42,1265.42,0
2025-12-09 12:30:00,1265.42,1265.42,1265.42,1265.42,0
2025-12-09 12:35:00,1265.42,1265.42,1265.42,1265.42,0
2025-12-09 12:40:00,1265.42,1265.42,1265.42,1265.42,0
2025-12-09 12:45:00,1265.42,1265.42,1265.42,1265.42,0
2025-12-09 12:50:00,1265.42,1265.42,1265.42,1265.42,0
2025-12-09 12:55:00,1265.42,1265.42,1265.42,1265.42,0
2025-12-09 13:00:00,1265.42,1265.42,1265.42,1265.42,0
2025-12-09 13:05:00,1265.42,1265.42,1265.42,1265.42,0
2025-12-09 13:10:00,1265.42,1265.42,1265.42,1265.42,0
2025-12-09 13:15:00,1265.42,1265.42,1265.42,1265.42,0
2025-12-09 13:20:00,1265.42,1265.42,1265.42,1265.42,0
2025-12-09 13:25:00,1265.42,1265.42,1265.42,1265.42,0
2025-12-09 13:30:00,1265.42,1265.42,1265.42,1265.42,0
2025-12-09 13:35:00,1265.42,1265.42,1265.42,1265.42,0
2025-12-09 13:40:00,1265.42,1265.42,1265.42,1265.42,0
2025-12-09 13:45:00,1265.42,1265.42,1265.42,1265.42,0
2025-12-09 13:50:00,1265.42,1265.42,1265.42,1265.42,0
2025-12-09 13:55:00,1265.42,1265.42,1265.42,1265.42,0
2025-12-09 14:00:00,1265.42,1265.42,1265.42,1265.42,0
2025-12-09 14:05:00,1265.42,1265.42,1265.42,1265.42,0
2025-12-09 14:10:00,1265.42,1265.42,1265.42,1265.42,0
2025-12-09 14:15:00,1265.42,1265.42,1265.42,1265.42,0
2025-12-09 14:20:00,1265.42,1265.42,1265.42,1265.42,0
2025-12-09 14:25:00,1265.42,1265.42,1265.42,1265.42,0
2025-12-09 14:30:00,1265.42,1265.42,1265.42,1265.42,0
2025-12-09 14:35:00,1265.42,1265.42,1265.42,1265.42,0
2025-12-09 14:40:00,1265.42,1265.42,1265.42,1265.42,0
2025-12-09 14:45:00,1265.42,1265.42,1265.42,1265.42,0
2025-12-09 14:50:00,1265.42,1265.42,1265.42,1265.42,0
2025-12-09 14:55:00,1265.42,1265.42,1265.42,1265.42,0
2025-12-09 15:00:00,1265.42,1265.42,1265.42,1265.42,0
2025-12-09 15:05:00,1265.42,1265.42,1265.42,1265.42,0
2025-12-09 15:10:00,1265.42,1265.42,1265.42,1265.42,0
2025-12-09 15:15:00,1265.42,1265.42,1265.42,1265.42,0
2025-12-09 15:20:00,1265.42,1265.42,1265.42,1265.42,0
2025-12-09 15:25:00,1265.42,1265.42,1265.42,1265.42,0
2025-12-10 09:15:00,1263.66,1263.66,1263.65,1263.65,0
2025-12-10 09:20:00,1263.65,1263.65,1263.65,1263.65,0
2025-12-10 09:25:00,1263.65,1263.65,1263.65,1263.65,0
2025-12-10 09:30:00,1263.65,1263.65,1263.65,1263.65,0
2025-12-10 09:35:00,1263.65,1263.65,1263.65,1263.65,0
2025-12-10 09:40:00,1263.65,1263.65,1263.65,1263.65,0
2025-12-10 09:45:00,1263.65,1263.65,1263.65,1263.65,0
2025-12-10 09:50:00,1263.65,1263.65,1263.65,1263.65,0
2025-12-10 09:55:00,1263.65,1263.65,1263.65,1263.65,0
2025-12-10 10:00:00,1263.65,1263.65,1263.65,1263.65,0
2025-12-10 10:05:00,1263.65,1263.65,1263.65,1263.65,0
2025-12-10 10:10:00,1263.65,1263.65,1263.65,1263.65,0
2025-12-10 10:15:00,1263.65,1263.65,1263.65,1263.65,0
2025-12-10 10:20:00,1263.65,1263.65,1263.65,1263.65,0
2025-12-10 10:25:00,1263.65,1263.65,1263.65,1263.65,0
2025-12-10 10:30:00,1263.65,1263.65,1263.65,1263.65,0
2025-12-10 10:35:00,1263.65,1263.65,1263.65,1263.65,0
2025-12-10 10:40:00,1263.65,1263.65,1263.65,1263.65,0
2025-12-10 10:45:00,1263.65,1263.65,1263.65,1263.65,0
2025-12-10 10:50:00,1263.65,1263.65,1263.65,1263.65,0
2025-12-10 10:55:00,1263.65,1263.65,1263.65,1263.65,0
2025-12-10 11:00:00,1263.65,1263.65,1263.65,1263.65,0
2025-12-10 11:05:00,1263.65,1263.65,1263.65,1263.65,0
2025-12-10 11:10:00,1263.65,1263.65,1263.65,1263.65,0
2025-12-10 11:15:00,1263.65,1263.65,1263.65,1263.65,0
2025-12-10 11:20:00,1263.65,1263.65,1263.65,1263.65,0
2025-12-10 11:25:00,1263.65,1263.65,1263.65,1263.65,0
2025-12-10 11:30:00,1263.65,1263.65,1263.65,1263.65,0
2025-12-10 11:35:00,1263.65,1263.65,1263.65,1263.65,0
2025-12-10 11:40:00,1263.65,1263.65,1263.65,1263.65,0
2025-12-10 11:45:00,1263.65,1263.65,1263.65,1263.65,0
2025-12-10 11:50:00,1263.65,1263.65,1263.65,1263.65,0
2025-12-10 11:55:00,1263.65,1263.65,1263.65,1263.65,0
2025-12-10 12:00:00,1263.65,1263.65,1263.65,1263.65,0
2025-12-10 12:05:00,1263.65,1263.65,1263.65,1263.65,0
2025-12-10 12:10:00,1263.65,1263.65,1263.65,1263.65,0
2025-12-10 12:15:00,1263.65,1263.65,1263.65,1263.65,0
2025-12-10 12:20:00,1263.65,1263.65,1263.65,1263.65,0
2025-12-10 12:25:00,1263.65,1263.65,1263.65,1263.65,0
2025-12-10 12:30:00,1263.65,1263.65,1263.65,1263.65,0
2025-12-10 12:35:00,1263.65,1263.65,1263.65,1263.65,0
2025-12-10 12:40:00,1263.65,1263.65,1263.65,1263.65,0
2025-12-10 12:45:00,1263.65,1263.65,1263.65,1263.65,0
2025-12-10 12:50:00,1263.65,1263.65,1263.65,1263.65,0
2025-12-10 12:55:00,1263.65,1263.65,1263.65,1263.65,0
2025-12-10 13:00:00,1263.65,1263.65,1263.65,1263.65,0
2025-12-10 13:05:00,1263.65,1263.65,1263.65,1263.65,0
2025-12-10 13:10:00,1263.65,1263.65,1263.65,1263.65,0
2025-12-10 13:15:00,1263.65,1263.65,1263.65,1263.65,0
2025-12-10 13:20:00,1263.65,1263.65,1263.65,1263.65,0
2025-12-10 13:25:00,1263.65,1263.65,1263.65,1263.65,0
2025-12-10 13:30:00,1263.65,1263.65,1263.65,1263.65,0
2025-12-10 13:35:00,1263.65,1263.65,1263.65,1263.65,0
2025-12-10 13:40:00,1263.65,1263.65,1263.65,1263.65,0
2025-12-10 13:45:00,1263.65,1263.65,1263.65,1263.65,0
2025-12-10 13:50:00,1263.65,1263.65,1263.65,1263.65,0
2025-12-10 13:55:00,1263.65,1263.65,1263.65,1263.65,0
2025-12-10 14:00:00,1263.65,1263.65,1263.65,1263.65,0
2025-12-10 14:05:00,1263.65,1263.65,1263.65,1263.65,0
2025-12-10 14:10:00,1263.65,1263.65,1263.65,1263.65,0
2025-12-10 14:15:00,1263.65,1263.65,1263.65,1263.65,0
2025-12-10 14:20:00,1263.65,1263.65,1263.65,1263.65,0
2025-12-10 14:25:00,1263.65,1263.65,1263.65,1263.65,0
2025-12-10 14:30:00,1263.65,1263.65,1263.65,1263.65,0
2025-12-10 14:35:00,1263.65,1263.65,1263.65,1263.65,0
2025-12-10 14:40:00,1263.65,1263.65,1263.65,1263.65,0
2025-12-10 14:45:00,1263.65,1263.65,1263.65,1263.65,0
2025-12-10 14:50:00,1263.65,1263.65,1263.65,1263.65,0
2025-12-10 14:55:00,1263.65,1263.65,1263.65,1263.65,0
2025-12-10 15:00:00,1263.65,1263.65,1263.65,1263.65,0
2025-12-10 15:05:00,1263.65,1263.65,1263.65,1263.65,0
2025-12-10 15:10:00,1263.65,1263.65,1263.65,1263.65,0
2025-12-10 15:15:00,1263.65,1263.65,1263.65,1263.65,0
2025-12-10 15:20:00,1263.65,1263.65,1263.65,1263.65,0
2025-12-10 15:25:00,1263.65,1263.65,1263.65,1263.65,0
2025-12-11 09:15:00,1259.09,1259.09,1259.08,1259.08,0
2025-12-11 09:20:00,1259.08,1259.08,1259.08,1259.08,0
2025-12-11 09:25:00,1259.08,1259.08,1259.08,1259.08,0
2025-12-11 09:30:00,1259.08,1259.08,1259.08,1259.08,0
2025-12-11 09:35:00,1259.08,1259.08,1259.08,1259.08,0
2025-12-11 09:40:00,1259.08,1259.08,1259.08,1259.08,0
2025-12-11 09:45:00,1259.08,1259.08,1259.08,1259.08,0
2025-12-11 09:50:00,1259.08,1259.08,1259.08,1259.08,0
2025-12-11 09:55:00,1259.08,1259.08,1259.08,1259.08,0
2025-12-11 10:00:00,1259.08,1259.08,1259.08,1259.08,0
2025-12-11 10:05:00,1259.08,1259.08,1259.08,1259.08,0
2025-12-11 10:10:00,1259.08,1259.08,1259.08,1259.08,0
2025-12-11 10:15:00,1259.08,1259.08,1259.08,1259.08,0
2025-12-11 10:20:00,1259.08,1259.08,1259.08,1259.08,0
2025-12-11 10:25:00,1259.08,1259.08,1259.08,1259.08,0
2025-12-11 10:30:00,1259.08,1259.08,1259.08,1259.08,0
2025-12-11 10:35:00,1259.08,1259.08,1259.08,1259.08,0
2025-12-11 10:40:00,1259.08,1259.08,1259.08,1259.08,0
2025-12-11 10:45:00,1259.08,1259.08,1259.08,1259.08,0
2025-12-11 10:50:00,1259.08,1259.08,1259.08,1259.08,0
2025-12-11 10:55:00,1259.08,1259.08,1259.08,1259.08,0
2025-12-11 11:00:00,1259.08,1259.08,1259.08,1259.08,0
2025-12-11 11:05:00,1259.08,1259.08,1259.08,1259.08,0
2025-12-11 11:10:00,1259.08,1259.08,1259.08,1259.08,0
2025-12-11 11:15:00,1259.08,1259.08,1259.08,1259.08,0
2025-12-11 11:20:00,1259.08,1259.08,1259.08,1259.08,0
2025-12-11 11:25:00,1259.08,1259.08,1259.08,1259.08,0
2025-12-11 11:30:00,1259.08,1259.08,1259.08,1259.08,0
2025-12-11 11:35:00,1259.08,1259.08,1259.08,1259.08,0
2025-12-11 11:40:00,1259.08,1259.08,1259.08,1259.08,0
2025-12-11 11:45:00,1259.08,1259.08,1259.08,1259.08,0
2025-12-11 11:50:00,1259.08,1259.08,1259.08,1259.08,0
2025-12-11 11:55:00,1259.08,1259.08,1259.08,1259.08,0
2025-12-11 12:00:00,1259.08,1259.08,1259.08,1259.08,0
2025-12-11 12:05:00,1259.08,1259.08,1259.08,1259.08,0
2025-12-11 12:10:00,1259.08,1259.08,1259.08,1259.08,0
2025-12-11 12:15:00,1259.08,1259.08,1259.08,1259.08,0
2025-12-11 12:20:00,1259.08,1259.08,1259.08,1259.08,0
2025-12-11 12:25:00,1259.08,1259.08,1259.08,1259.08,0
2025-12-11 12:30:00,1259.08,1259.08,1259.08,1259.08,0
2025-12-11 12:35:00,1259.08,1259.08,1259.08,1259.08,0
2025-12-11 12:40:00,1259.08,1259.08,1259.08,1259.08,0
2025-12-11 12:45:00,1259.08,1259.08,1259.08,1259.08,0
2025-12-11 12:50:00,1259.08,1259.08,1258.78,1258.78,0
2025-12-11 12:55:00,1258.78,1258.78,1258.78,1258.78,0
2025-12-11 13:00:00,1258.78,1258.78,1258.78,1258.78,0
2025-12-11 13:05:00,1258.78,1258.78,1258.78,1258.78,0
2025-12-11 13:10:00,1258.78,1258.78,1258.78,1258.78,0
2025-12-11 13:15:00,1258.78,1258.78,1258.78,1258.78,0
2025-12-11 13:20:00,1258.78,1258.78,1258.78,1258.78,0
2025-12-11 13:25:00,1258.78,1258.78,1258.78,1258.78,0
2025-12-11 13:30:00,1258.78,1258.78,1258.78,1258.78,0
2025-12-11 13:35:00,1258.78,1258.78,1258.78,1258.78,0
2025-12-11 13:40:00,1258.78,1258.78,1258.78,1258.78,0
2025-12-11 13:45:00,1258.78,1258.78,1258.78,1258.78,0
2025-12-11 13:50:00,1258.78,1258.78,1258.78,1258.78,0
2025-12-11 13:55:00,1258.78,1258.78,1258.78,1258.78,0
2025-12-11 14:00:00,1258.78,1258.78,1258.78,1258.78,0
2025-12-11 14:05:00,1258.78,1258.78,1258.78,1258.78,0
2025-12-11 14:10:00,1258.78,1258.78,1258.78,1258.78,0
2025-12-11 14:15:00,1258.78,1258.78,1258.78,1258.78,0
2025-12-11 14:20:00,1258.78,1258.78,1258.78,1258.78,0
2025-12-11 14:25:00,1258.78,1258.78,1258.78,1258.78,0
2025-12-11 14:30:00,1258.78,1258.78,1258.78,1258.78,0
2025-12-11 14:35:00,1258.78,1258.78,1258.78,1258.78,0
2025-12-11 14:40:00,1258.78,1258.78,1258.78,1258.78,0
2025-12-11 14:45:00,1258.78,1258.78,1258.78,1258.78,0
2025-12-11 14:50:00,1258.78,1259.12,1258.78,1259.12,0
2025-12-11 14:55:00,1259.12,1259.12,1259.12,1259.12,0
2025-12-11 15:00:00,1259.12,1259.12,1259.12,1259.12,0
2025-12-11 15:05:00,1259.12,1259.12,1259.12,1259.12,0
2025-12-11 15:10:00,1259.12,1259.12,1259.12,1259.12,0
2025-12-11 15:15:00,1259.12,1259.12,1259.12,1259.12,0
2025-12-11 15:20:00,1259.12,1259.12,1259.12,1259.12,0
2025-12-11 15:25:00,1259.12,1259.12,1259.12,1259.12,0
2025-12-12 09:15:00,1258.58,1258.58,1258.57,1258.57,0
2025-12-12 09:20:00,1258.57,1258.57,1258.57,1258.57,0
2025-12-12 09:25:00,1258.57,1258.57,1258.57,1258.57,0
2025-12-12 09:30:00,1258.57,1258.57,1258.57,1258.57,0
2025-12-12 09:35:00,1258.57,1258.57,1258.57,1258.57,0
2025-12-12 09:40:00,1258.57,1258.57,1258.57,1258.57,0
2025-12-12 09:45:00,1258.57,1258.57,1258.57,1258.57,0
2025-12-12 09:50:00,1258.57,1258.57,1258.57,1258.57,0
2025-12-12 09:55:00,1258.57,1258.57,1258.57,1258.57,0
2025-12-12 10:00:00,1258.57,1258.57,1258.57,1258.57,0
2025-12-12 10:05:00,1258.57,1258.57,1258.57,1258.57,0
2025-12-12 10:10:00,1258.57,1258.57,1258.57,1258.57,0
2025-12-12 10:15:00,1258.57,1258.57,1258.57,1258.57,0
2025-12-12 10:20:00,1258.57,1258.57,1258.57,1258.57,0
2025-12-12 10:25:00,1258.57,1258.57,1258.57,1258.57,0
2025-12-12 10:30:00,1258.57,1258.57,1258.57,1258.57,0
2025-12-12 10:35:00,1258.57,1258.57,1258.57,1258.57,0
2025-12-12 10:40:00,1258.57,1258.57,1258.57,1258.57,0
2025-12-12 10:45:00,1258.57,1258.57,1258.57,1258.57,0
2025-12-12 10:50:00,1258.57,1258.57,1258.57,1258.57,0
2025-12-12 10:55:00,1258.57,1258.57,1258.57,1258.57,0
2025-12-12 11:00:00,1258.57,1258.57,1258.57,1258.57,0
2025-12-12 11:05:00,1258.57,1258.57,1258.57,1258.57,0
2025-12-12 11:10:00,1258.57,1258.57,1258.57,1258.57,0
2025-12-12 11:15:00,1258.57,1258.57,1258.57,1258.57,0
2025-12-12 11:20:00,1258.57,1258.57,1258.57,1258.57,0
2025-12-12 11:25:00,1258.57,1258.57,1258.57,1258.57,0
2025-12-12 11:30:00,1258.57,1258.57,1258.57,1258.57,0
2025-12-12 11:35:00,1258.57,1258.57,1258.57,1258.57,0
2025-12-12 11:40:00,1258.57,1258.57,1258.57,1258.57,0
2025-12-12 11:45:00,1258.57,1258.57,1258.57,1258.57,0
2025-12-12 11:50:00,1258.57,1258.57,1258.57,1258.57,0
2025-12-12 11:55:00,1258.57,1258.57,1258.57,1258.57,0
2025-12-12 12:00:00,1258.57,1258.57,1258.57,1258.57,0
2025-12-12 12:05:00,1258.57,1258.57,1258.57,1258.57,0
2025-12-12 12:10:00,1258.57,1258.57,1258.57,1258.57,0
2025-12-12 12:15:00,1258.57,1258.57,1258.57,1258.57,0
2025-12-12 12:20:00,1258.57,1258.57,1258.57,1258.57,0
2025-12-12 12:25:00,1258.57,1258.57,1258.57,1258.57,0
2025-12-12 12:30:00,1258.57,1258.57,1258.57,1258.57,0
2025-12-12 12:35:00,1258.57,1258.57,1258.57,1258.57,0
2025-12-12 12:40:00,1258.57,1258.57,1258.57,1258.57,0
2025-12-12 12:45:00,1258.57,1258.57,1258.57,1258.57,0
2025-12-12 12:50:00,1258.57,1258.57,1258.57,1258.57,0
2025-12-12 12:55:00,1258.57,1258.57,1258.57,1258.57,0
2025-12-12 13:00:00,1258.57,1258.57,1258.57,1258.57,0
2025-12-12 13:05:00,1258.57,1258.57,1258.57,1258.57,0
2025-12-12 13:10:00,1258.57,1258.57,1258.57,1258.57,0
2025-12-12 13:15:00,1258.57,1258.57,1258.57,1258.57,0
2025-12-12 13:20:00,1258.57,1258.57,1258.57,1258.57,0
2025-12-12 13:25:00,1258.57,1258.57,1258.57,1258.57,0
2025-12-12 13:30:00,1258.57,1258.57,1258.57,1258.57,0
2025-12-12 13:35:00,1258.57,1258.57,1258.57,1258.57,0
2025-12-12 13:40:00,1258.57,1258.57,1258.57,1258.57,0
2025-12-12 13:45:00,1258.57,1258.57,1258.57,1258.57,0
2025-12-12 13:50:00,1258.57,1258.57,1258.57,1258.57,0
2025-12-12 13:55:00,1258.57,1258.57,1258.57,1258.57,0
2025-12-12 14:00:00,1258.57,1258.57,1258.57,1258.57,0
2025-12-12 14:05:00,1258.57,1258.57,1258.57,1258.57,0
2025-12-12 14:10:00,1258.57,1258.57,1258.57,1258.57,0
2025-12-12 14:15:00,1258.57,1258.57,1258.57,1258.57,0
2025-12-12 14:20:00,1258.57,1258.57,1258.57,1258.57,0
2025-12-12 14:25:00,1258.57,1258.57,1258.57,1258.57,0
2025-12-12 14:30:00,1258.57,1258.57,1258.57,1258.57,0
2025-12-12 14:35:00,1258.57,1258.57,1258.57,1258.57,0
2025-12-12 14:40:00,1258.57,1258.57,1258.57,1258.57,0
2025-12-12 14:45:00,1258.57,1258.57,1258.57,1258.57,0
2025-12-12 14:50:00,1258.57,1258.57,1258.57,1258.57,0
2025-12-12 14:55:00,1258.57,1258.57,1258.57,1258.57,0
2025-12-12 15:00:00,1258.57,1258.57,1258.57,1258.57,0
2025-12-12 15:05:00,1258.57,1258.57,1258.57,1258.57,0
2025-12-12 15:10:00,1258.57,1258.57,1258.57,1258.57,0
2025-12-12 15:15:00,1258.57,1258.57,1258.57,1258.57,0
2025-12-12 15:20:00,1258.57,1258.57,1258.57,1258.57,0
2025-12-12 15:25:00,1258.57,1258.57,1258.57,1258.57,0
2025-12-15 09:15:00,1258.43,1258.43,1258.42,1258.42,0
2025-12-15 09:20:00,1258.42,1258.42,1258.42,1258.42,0
2025-12-15 09:25:00,1258.42,1258.42,1258.42,1258.42,0
2025-12-15 09:30:00,1258.42,1258.42,1258.42,1258.42,0
2025-12-15 09:35:00,1258.42,1258.42,1258.42,1258.42,0
2025-12-15 09:40:00,1258.42,1258.42,1258.42,1258.42,0
2025-12-15 09:45:00,1258.42,1258.42,1258.42,1258.42,0
2025-12-15 09:50:00,1258.42,1258.42,1258.42,1258.42,0
2025-12-15 09:55:00,1258.42,1258.42,1258.42,1258.42,0
2025-12-15 10:00:00,1258.42,1258.42,1258.42,1258.42,0
2025-12-15 10:05:00,1258.42,1258.42,1258.42,1258.42,0
2025-12-15 10:10:00,1258.42,1258.42,1258.42,1258.42,0
2025-12-15 10:15:00,1258.42,1258.42,1258.42,1258.42,0
2025-12-15 10:20:00,1258.42,1258.42,1258.42,1258.42,0
2025-12-15 10:25:00,1258.42,1258.42,1258.42,1258.42,0
2025-12-15 10:30:00,1258.42,1258.42,1258.42,1258.42,0
2025-12-15 10:35:00,1258.42,1258.42,1258.42,1258.42,0
2025-12-15 10:40:00,1258.42,1258.42,1258.42,1258.42,0
2025-12-15 10:45:00,1258.42,1258.42,1258.42,1258.42,0
2025-12-15 10:50:00,1258.42,1258.42,1258.42,1258.42,0
2025-12-15 10:55:00,1258.42,1258.42,1258.42,1258.42,0
2025-12-15 11:00:00,1258.42,1258.42,1258.42,1258.42,0
2025-12-15 11:05:00,1258.42,1258.42,1258.42,1258.42,0
2025-12-15 11:10:00,1258.42,1258.42,1258.42,1258.42,0
2025-12-15 11:15:00,1258.42,1258.42,1258.42,1258.42,0
2025-12-15 11:20:00,1258.42,1258.42,1258.42,1258.42,0
2025-12-15 11:25:00,1258.42,1258.42,1258.42,1258.42,0
2025-12-15 11:30:00,1258.42,1258.42,1258.42,1258.42,0
2025-12-15 11:35:00,1258.42,1258.42,1258.42,1258.42,0
2025-12-15 11:40:00,1258.42,1258.42,1258.42,1258.42,0
2025-12-15 11:45:00,1258.42,1258.42,1258.42,1258.42,0
2025-12-15 11:50:00,1258.42,1258.42,1258.42,1258.42,0
2025-12-15 11:55:00,1258.42,1258.42,1258.42,1258.42,0
2025-12-15 12:00:00,1258.42,1258.42,1258.42,1258.42,0
2025-12-15 12:05:00,1258.42,1258.42,1258.42,1258.42,0
2025-12-15 12:10:00,1258.42,1258.42,1258.42,1258.42,0
2025-12-15 12:15:00,1258.42,1258.42,1258.42,1258.42,0
2025-12-15 12:20:00,1258.42,1258.42,1258.42,1258.42,0
2025-12-15 12:25:00,1258.42,1258.42,1258.42,1258.42,0
2025-12-15 12:30:00,1258.42,1258.42,1258.42,1258.42,0
2025-12-15 12:35:00,1258.42,1258.42,1258.42,1258.42,0
2025-12-15 12:40:00,1258.42,1258.42,1258.42,1258.42,0
2025-12-15 12:45:00,1258.42,1258.42,1258.42,1258.42,0
2025-12-15 12:50:00,1258.42,1258.42,1258.42,1258.42,0
2025-12-15 12:55:00,1258.42,1258.42,1257.44,1257.44,0
2025-12-15 13:00:00,1257.44,1257.44,1257.44,1257.44,0
2025-12-15 13:05:00,1257.44,1257.44,1257.44,1257.44,0
2025-12-15 13:10:00,1257.44,1257.44,1257.44,1257.44,0
2025-12-15 13:15:00,1257.44,1257.44,1257.44,1257.44,0
2025-12-15 13:20:00,1257.44,1257.44,1257.44,1257.44,0
2025-12-15 13:25:00,1257.44,1257.44,1257.44,1257.44,0
2025-12-15 13:30:00,1257.44,1257.44,1257.44,1257.44,0
2025-12-15 13:35:00,1257.44,1257.44,1257.44,1257.44,0
2025-12-15 13:40:00,1257.44,1257.44,1257.44,1257.44,0
2025-12-15 13:45:00,1257.44,1257.44,1257.44,1257.44,0
2025-12-15 13:50:00,1257.44,1257.44,1257.44,1257.44,0
2025-12-15 13:55:00,1257.44,1257.44,1257.44,1257.44,0
2025-12-15 14:00:00,1257.44,1257.44,1257.44,1257.44,0
2025-12-15 14:05:00,1257.44,1257.44,1257.44,1257.44,0
2025-12-15 14:10:00,1257.44,1257.44,1257.44,1257.44,0
2025-12-15 14:15:00,1257.44,1257.44,1257.44,1257.44,0
2025-12-15 14:20:00,1257.44,1257.44,1257.44,1257.44,0
2025-12-15 14:25:00,1257.44,1257.44,1257.44,1257.44,0
2025-12-15 14:30:00,1257.44,1257.44,1257.44,1257.44,0
2025-12-15 14:35:00,1257.44,1257.44,1257.44,1257.44,0
2025-12-15 14:40:00,1257.44,1257.44,1257.44,1257.44,0
2025-12-15 14:45:00,1257.44,1257.44,1257.44,1257.44,0
2025-12-15 14:50:00,1257.44,1257.44,1257.44,1257.44,0
2025-12-15 14:55:00,1257.44,1257.44,1257.44,1257.44,0
2025-12-15 15:00:00,1257.44,1257.44,1257.44,1257.44,0
2025-12-15 15:05:00,1257.44,1257.44,1257.44,1257.44,0
2025-12-15 15:10:00,1257.44,1257.44,1257.44,1257.44,0
2025-12-15 15:15:00,1257.44,1257.44,1257.44,1257.44,0
2025-12-15 15:20:00,1257.44,1257.44,1257.44,1257.44,0
2025-12-15 15:25:00,1257.44,1257.44,1257.44,1257.44,0
2025-12-16 09:15:00,1255.66,1255.66,1255.66,1255.66,0
2025-12-16 09:20:00,1255.66,1255.66,1255.66,1255.66,0
2025-12-16 09:25:00,1255.66,1255.66,1255.66,1255.66,0
2025-12-16 09:30:00,1255.66,1255.66,1255.66,1255.66,0
2025-12-16 09:35:00,1255.66,1255.66,1255.66,1255.66,0
2025-12-16 09:40:00,1255.66,1255.66,1255.66,1255.66,0
2025-12-16 09:45:00,1255.66,1255.66,1255.66,1255.66,0
2025-12-16 09:50:00,1255.66,1255.66,1255.66,1255.66,0
2025-12-16 09:55:00,1255.66,1255.66,1255.66,1255.66,0
2025-12-16 10:00:00,1255.66,1255.66,1255.66,1255.66,0
2025-12-16 10:05:00,1255.66,1255.66,1255.66,1255.66,0
2025-12-16 10:10:00,1255.66,1255.66,1255.66,1255.66,0
2025-12-16 10:15:00,1255.66,1255.66,1255.66,1255.66,0
2025-12-16 10:20:00,1255.66,1255.66,1255.66,1255.66,0
2025-12-16 10:25:00,1255.66,1255.66,1255.66,1255.66,0
2025-12-16 10:30:00,1255.66,1255.66,1255.66,1255.66,0
2025-12-16 10:35:00,1255.66,1255.66,1255.66,1255.66,0
2025-12-16 10:40:00,1255.66,1255.66,1255.66,1255.66,0
2025-12-16 10:45:00,1255.66,1255.66,1255.66,1255.66,0
2025-12-16 10:50:00,1255.66,1255.66,1255.66,1255.66,0
2025-12-16 10:55:00,1255.66,1255.66,1255.66,1255.66,0
2025-12-16 11:00:00,1255.66,1255.66,1255.66,1255.66,0
2025-12-16 11:05:00,1255.66,1255.66,1255.66,1255.66,0
2025-12-16 11:10:00,1255.66,1255.66,1255.66,1255.66,0
2025-12-16 11:15:00,1255.66,1255.66,1255.66,1255.66,0
2025-12-16 11:20:00,1255.66,1255.66,1255.66,1255.66,0
2025-12-16 11:25:00,1255.66,1255.66,1255.66,1255.66,0
2025-12-16 11:30:00,1255.66,1255.66,1255.66,1255.66,0
2025-12-16 11:35:00,1255.66,1255.66,1255.66,1255.66,0
2025-12-16 11:40:00,1255.66,1255.66,1255.66,1255.66,0
2025-12-16 11:45:00,1255.66,1255.66,1255.66,1255.66,0
2025-12-16 11:50:00,1255.66,1255.66,1255.66,1255.66,0
2025-12-16 11:55:00,1255.66,1255.66,1255.66,1255.66,0
2025-12-16 12:00:00,1255.66,1255.66,1255.66,1255.66,0
2025-12-16 12:05:00,1255.66,1255.66,1255.66,1255.66,0
2025-12-16 12:10:00,1255.66,1255.66,1255.66,1255.66,0
2025-12-16 12:15:00,1255.66,1255.66,1255.66,1255.66,0
2025-12-16 12:20:00,1255.66,1255.66,1255.66,1255.66,0
2025-12-16 12:25:00,1255.66,1255.66,1255.66,1255.66,0
2025-12-16 12:30:00,1255.66,1255.66,1255.66,1255.66,0
2025-12-16 12:35:00,1255.66,1255.66,1255.66,1255.66,0
2025-12-16 12:40:00,1255.66,1255.66,1255.66,1255.66,0
2025-12-16 12:45:00,1255.66,1255.66,1255.66,1255.66,0
2025-12-16 12:50:00,1255.66,1255.66,1255.66,1255.66,0
2025-12-16 12:55:00,1255.66,1255.66,1255.66,1255.66,0
2025-12-16 13:00:00,1255.66,1255.66,1255.66,1255.66,0
2025-12-16 13:05:00,1255.66,1255.66,1255.66,1255.66,0
2025-12-16 13:10:00,1255.66,1255.66,1255.66,1255.66,0
2025-12-16 13:15:00,1255.66,1255.66,1255.66,1255.66,0
2025-12-16 13:20:00,1255.66,1255.66,1255.66,1255.66,0
2025-12-16 13:25:00,1255.66,1255.66,1255.66,1255.66,0
2025-12-16 13:30:00,1255.66,1255.66,1255.66,1255.66,0
2025-12-16 13:35:00,1255.66,1255.66,1255.66,1255.66,0
2025-12-16 13:40:00,1255.66,1255.66,1255.66,1255.66,0
2025-12-16 13:45:00,1255.66,1255.66,1255.66,1255.66,0
2025-12-16 13:50:00,1255.66,1255.66,1255.66,1255.66,0
2025-12-16 13:55:00,1255.66,1255.66,1255.66,1255.66,0
2025-12-16 14:00:00,1255.66,1255.66,1255.66,1255.66,0
2025-12-16 14:05:00,1255.66,1255.66,1255.66,1255.66,0
2025-12-16 14:10:00,1255.66,1255.66,1255.66,1255.66,0
2025-12-16 14:15:00,1255.66,1255.66,1255.66,1255.66,0
2025-12-16 14:20:00,1255.66,1255.66,1255.66,1255.66,0
2025-12-16 14:25:00,1255.66,1255.66,1255.66,1255.66,0
2025-12-16 14:30:00,1255.66,1255.66,1255.66,1255.66,0
2025-12-16 14:35:00,1255.66,1255.66,1255.66,1255.66,0
2025-12-16 14:40:00,1255.66,1255.66,1255.66,1255.66,0
2025-12-16 14:45:00,1255.66,1255.66,1255.66,1255.66,0
2025-12-16 14:50:00,1255.66,1255.66,1255.66,1255.66,0
2025-12-16 14:55:00,1255.66,1255.66,1255.66,1255.66,0
2025-12-16 15:00:00,1255.66,1255.66,1255.66,1255.66,0
2025-12-16 15:05:00,1255.66,1255.66,1255.66,1255.66,0
2025-12-16 15:10:00,1255.66,1255.66,1255.66,1255.66,0
2025-12-16 15:15:00,1255.66,1255.66,1255.66,1255.66,0
2025-12-16 15:20:00,1255.66,1255.66,1255.66,1255.66,0
2025-12-16 15:25:00,1255.66,1255.66,1255.66,1255.66,0
2025-12-17 09:15:00,1255.14,1255.14,1255.13,1255.13,0
2025-12-17 09:20:00,1255.13,1255.13,1255.13,1255.13,0
2025-12-17 09:25:00,1255.13,1255.13,1255.13,1255.13,0
2025-12-17 09:30:00,1255.13,1255.13,1255.13,1255.13,0
2025-12-17 09:35:00,1255.13,1255.13,1255.13,1255.13,0
2025-12-17 09:40:00,1255.13,1255.13,1255.13,1255.13,0
2025-12-17 09:45:00,1255.13,1255.13,1255.13,1255.13,0
2025-12-17 09:50:00,1255.13,1255.13,1255.13,1255.13,0
2025-12-17 09:55:00,1255.13,1255.13,1255.13,1255.13,0
2025-12-17 10:00:00,1255.13,1255.13,1255.13,1255.13,0
2025-12-17 10:05:00,1255.13,1255.13,1255.13,1255.13,0
2025-12-17 10:10:00,1255.13,1255.13,1255.13,1255.13,0
2025-12-17 10:15:00,1255.13,1255.13,1255.13,1255.13,0
2025-12-17 10:20:00,1255.13,1255.13,1255.13,1255.13,0
2025-12-17 10:25:00,1255.13,1255.13,1255.13,1255.13,0
2025-12-17 10:30:00,1255.13,1255.13,1255.13,1255.13,0
2025-12-17 10:35:00,1255.13,1255.13,1255.13,1255.13,0
2025-12-17 10:40:00,1255.13,1255.13,1255.13,1255.13,0
2025-12-17 10:45:00,1255.13,1255.13,1255.13,1255.13,0
2025-12-17 10:50:00,1255.13,1255.13,1255.13,1255.13,0
2025-12-17 10:55:00,1255.13,1255.13,1255.13,1255.13,0
2025-12-17 11:00:00,1255.13,1255.13,1255.13,1255.13,0
2025-12-17 11:05:00,1255.13,1255.13,1255.13,1255.13,0
2025-12-17 11:10:00,1255.13,1255.13,1255.13,1255.13,0
2025-12-17 11:15:00,1255.13,1255.13,1255.13,1255.13,0
2025-12-17 11:20:00,1255.13,1255.13,1255.13,1255.13,0
2025-12-17 11:25:00,1255.13,1255.13,1255.13,1255.13,0
2025-12-17 11:30:00,1255.13,1255.13,1255.13,1255.13,0
2025-12-17 11:35:00,1255.13,1255.13,1255.13,1255.13,0
2025-12-17 11:40:00,1255.13,1255.13,1255.13,1255.13,0
2025-12-17 11:45:00,1255.13,1255.13,1255.13,1255.13,0
2025-12-17 11:50:00,1255.13,1255.13,1255.13,1255.13,0
2025-12-17 11:55:00,1255.13,1255.13,1255.13,1255.13,0
2025-12-17 12:00:00,1255.13,1255.13,1255.13,1255.13,0
2025-12-17 12:05:00,1255.13,1255.13,1255.13,1255.13,0
2025-12-17 12:10:00,1255.13,1255.13,1255.13,1255.13,0
2025-12-17 12:15:00,1255.13,1255.13,1255.13,1255.13,0
2025-12-17 12:20:00,1255.13,1255.13,1255.13,1255.13,0
2025-12-17 12:25:00,1255.13,1255.13,1255.13,1255.13,0
2025-12-17 12:30:00,1255.13,1255.13,1255.13,1255.13,0
2025-12-17 12:35:00,1255.13,1255.13,1255.13,1255.13,0
2025-12-17 12:40:00,1255.13,1255.13,1255.13,1255.13,0
2025-12-17 12:45:00,1255.13,1255.13,1255.13,1255.13,0
2025-12-17 12:50:00,1255.13,1255.13,1255.13,1255.13,0
2025-12-17 12:55:00,1255.13,1255.13,1255.13,1255.13,0
2025-12-17 13:00:00,1255.13,1255.13,1255.13,1255.13,0
2025-12-17 13:05:00,1255.13,1255.13,1255.13,1255.13,0
2025-12-17 13:10:00,1255.13,1255.13,1255.13,1255.13,0
2025-12-17 13:15:00,1255.13,1255.13,1255.13,1255.13,0
2025-12-17 13:20:00,1255.13,1255.13,1255.13,1255.13,0
2025-12-17 13:25:00,1255.13,1255.13,1255.13,1255.13,0
2025-12-17 13:30:00,1255.13,1255.13,1255.13,1255.13,0
2025-12-17 13:35:00,1255.13,1255.13,1255.13,1255.13,0
2025-12-17 13:40:00,1255.13,1255.13,1255.13,1255.13,0
2025-12-17 13:45:00,1255.13,1255.13,1255.13,1255.13,0
2025-12-17 13:50:00,1255.13,1255.13,1255.13,1255.13,0
2025-12-17 13:55:00,1255.13,1255.13,1255.13,1255.13,0
2025-12-17 14:00:00,1255.13,1255.13,1255.13,1255.13,0
2025-12-17 14:05:00,1255.13,1255.13,1255.13,1255.13,0
2025-12-17 14:10:00,1255.13,1255.13,1255.13,1255.13,0
2025-12-17 14:15:00,1255.13,1255.13,1255.13,1255.13,0
2025-12-17 14:20:00,1255.13,1255.13,1255.13,1255.13,0
2025-12-17 14:25:00,1255.13,1255.13,1255.13,1255.13,0
2025-12-17 14:30:00,1255.13,1255.13,1255.13,1255.13,0
2025-12-17 14:35:00,1255.13,1255.13,1255.13,1255.13,0
2025-12-17 14:40:00,1255.13,1255.13,1255.13,1255.13,0
2025-12-17 14:45:00,1255.13,1255.13,1255.13,1255.13,0
2025-12-17 14:50:00,1255.13,1255.13,1255.13,1255.13,0
2025-12-17 14:55:00,1255.13,1255.13,1255.13,1255.13,0
2025-12-17 15:00:00,1255.13,1255.13,1255.13,1255.13,0
2025-12-17 15:05:00,1255.13,1255.13,1255.13,1255.13,0
2025-12-17 15:10:00,1255.13,1255.13,1255.13,1255.13,0
2025-12-17 15:15:00,1255.13,1255.13,1255.13,1255.13,0
2025-12-17 15:20:00,1255.13,1255.13,1255.13,1255.13,0
2025-12-17 15:25:00,1255.13,1255.13,1255.13,1255.13,0
2025-12-18 09:15:00,1255.38,1255.38,1255.37,1255.37,0
2025-12-18 09:20:00,1255.37,1255.37,1255.37,1255.37,0
2025-12-18 09:25:00,1255.37,1255.37,1255.37,1255.37,0
2025-12-18 09:30:00,1255.37,1255.37,1255.37,1255.37,0
2025-12-18 09:35:00,1255.37,1255.37,1255.37,1255.37,0
2025-12-18 09:40:00,1255.37,1255.37,1255.37,1255.37,0
2025-12-18 09:45:00,1255.37,1255.37,1255.37,1255.37,0
2025-12-18 09:50:00,1255.37,1255.37,1255.37,1255.37,0
2025-12-18 09:55:00,1255.37,1255.37,1255.37,1255.37,0
2025-12-18 10:00:00,1255.37,1255.37,1255.37,1255.37,0
2025-12-18 10:05:00,1255.37,1255.37,1255.37,1255.37,0
2025-12-18 10:10:00,1255.37,1255.37,1255.37,1255.37,0
2025-12-18 10:15:00,1255.37,1255.37,1255.37,1255.37,0
2025-12-18 10:20:00,1255.37,1255.37,1255.37,1255.37,0
2025-12-18 10:25:00,1255.37,1255.37,1255.37,1255.37,0
2025-12-18 10:30:00,1255.37,1255.37,1255.37,1255.37,0
2025-12-18 10:35:00,1255.37,1255.37,1255.37,1255.37,0
2025-12-18 10:40:00,1255.37,1255.37,1255.37,1255.37,0
2025-12-18 10:45:00,1255.37,1255.37,1255.37,1255.37,0
2025-12-18 10:50:00,1255.37,1255.37,1255.37,1255.37,0
2025-12-18 10:55:00,1255.37,1255.37,1255.37,1255.37,0
2025-12-18 11:00:00,1255.37,1255.37,1255.37,1255.37,0
2025-12-18 11:05:00,1255.37,1255.37,1255.37,1255.37,0
2025-12-18 11:10:00,1255.37,1255.37,1255.37,1255.37,0
2025-12-18 11:15:00,1255.37,1255.37,1255.37,1255.37,0
2025-12-18 11:20:00,1255.37,1255.37,1255.37,1255.37,0
2025-12-18 11:25:00,1255.37,1255.37,1255.37,1255.37,0
2025-12-18 11:30:00,1255.37,1255.37,1255.37,1255.37,0
2025-12-18 11:35:00,1255.37,1255.37,1255.37,1255.37,0
2025-12-18 11:40:00,1255.37,1255.37,1255.37,1255.37,0
2025-12-18 11:45:00,1255.37,1255.37,1255.37,1255.37,0
2025-12-18 11:50:00,1255.37,1255.37,1255.37,1255.37,0
2025-12-18 11:55:00,1255.37,1255.37,1255.37,1255.37,0
2025-12-18 12:00:00,1255.37,1255.37,1255.37,1255.37,0
2025-12-18 12:05:00,1255.37,1255.37,1255.37,1255.37,0
2025-12-18 12:10:00,1255.37,1255.37,1255.37,1255.37,0
2025-12-18 12:15:00,1255.37,1255.37,1255.37,1255.37,0
2025-12-18 12:20:00,1255.37,1255.37,1255.37,1255.37,0
2025-12-18 12:25:00,1255.37,1255.37,1255.37,1255.37,0
2025-12-18 12:30:00,1255.37,1255.37,1255.37,1255.37,0
2025-12-18 12:35:00,1255.37,1255.37,1255.37,1255.37,0
2025-12-18 12:40:00,1255.37,1255.37,1255.37,1255.37,0
2025-12-18 12:45:00,1255.37,1255.37,1255.37,1255.37,0
2025-12-18 12:50:00,1255.37,1255.37,1255.37,1255.37,0
2025-12-18 12:55:00,1255.37,1255.37,1255.37,1255.37,0
2025-12-18 13:00:00,1255.37,1255.37,1255.37,1255.37,0
2025-12-18 13:05:00,1255.37,1255.37,1255.37,1255.37,0
2025-12-18 13:10:00,1255.37,1255.37,1255.37,1255.37,0
2025-12-18 13:15:00,1255.37,1255.37,1255.37,1255.37,0
2025-12-18 13:20:00,1255.37,1255.37,1255.37,1255.37,0
2025-12-18 13:25:00,1255.37,1255.37,1255.37,1255.37,0
2025-12-18 13:30:00,1255.37,1255.37,1255.37,1255.37,0
2025-12-18 13:35:00,1255.37,1255.37,1255.37,1255.37,0
2025-12-18 13:40:00,1255.37,1255.37,1255.37,1255.37,0
2025-12-18 13:45:00,1255.37,1255.37,1255.37,1255.37,0
2025-12-18 13:50:00,1255.37,1255.37,1255.37,1255.37,0
2025-12-18 13:55:00,1255.37,1255.37,1255.37,1255.37,0
2025-12-18 14:00:00,1255.37,1255.37,1255.37,1255.37,0
2025-12-18 14:05:00,1255.37,1255.37,1255.37,1255.37,0
2025-12-18 14:10:00,1255.37,1255.37,1255.37,1255.37,0
2025-12-18 14:15:00,1255.37,1255.37,1255.37,1255.37,0
2025-12-18 14:20:00,1255.37,1255.37,1255.37,1255.37,0
2025-12-18 14:25:00,1255.37,1255.37,1255.37,1255.37,0
2025-12-18 14:30:00,1255.37,1255.37,1255.37,1255.37,0
2025-12-18 14:35:00,1255.37,1255.37,1255.37,1255.37,0
2025-12-18 14:40:00,1255.37,1255.37,1255.37,1255.37,0
2025-12-18 14:45:00,1255.37,1255.37,1255.37,1255.37,0
2025-12-18 14:50:00,1255.37,1255.37,1255.37,1255.37,0
2025-12-18 14:55:00,1255.37,1255.37,1255.37,1255.37,0
2025-12-18 15:00:00,1255.37,1255.37,1255.37,1255.37,0
2025-12-18 15:05:00,1255.37,1255.37,1255.37,1255.37,0
2025-12-18 15:10:00,1255.37,1255.37,1255.37,1255.37,0
2025-12-18 15:15:00,1255.37,1255.37,1255.37,1255.37,0
2025-12-18 15:20:00,1255.37,1255.37,1255.37,1255.37,0
2025-12-18 15:25:00,1255.37,1255.37,1255.37,1255.37,0
2025-12-19 09:15:00,1256.21,1256.21,1256.2,1256.2,0
2025-12-19 09:20:00,1256.2,1256.2,1256.2,1256.2,0
2025-12-19 09:25:00,1256.2,1256.2,1256.2,1256.2,0
2025-12-19 09:30:00,1256.2,1256.2,1256.2,1256.2,0
2025-12-19 09:35:00,1256.2,1256.2,1256.2,1256.2,0
2025-12-19 09:40:00,1256.2,1256.2,1256.2,1256.2,0
2025-12-19 09:45:00,1256.2,1256.2,1256.2,1256.2,0
2025-12-19 09:50:00,1256.2,1256.2,1256.2,1256.2,0
2025-12-19 09:55:00,1256.2,1256.2,1256.2,1256.2,0
2025-12-19 10:00:00,1256.2,1256.2,1256.2,1256.2,0
2025-12-19 10:05:00,1256.2,1256.2,1256.2,1256.2,0
2025-12-19 10:10:00,1256.2,1256.2,1256.2,1256.2,0
2025-12-19 10:15:00,1256.2,1256.2,1256.2,1256.2,0
2025-12-19 10:20:00,1256.2,1256.2,1256.2,1256.2,0
2025-12-19 10:25:00,1256.2,1256.2,1256.2,1256.2,0
2025-12-19 10:30:00,1256.2,1256.2,1256.2,1256.2,0
2025-12-19 10:35:00,1256.2,1256.2,1256.2,1256.2,0
2025-12-19 10:40:00,1256.2,1256.2,1256.2,1256.2,0
2025-12-19 10:45:00,1256.2,1256.2,1256.2,1256.2,0
2025-12-19 10:50:00,1256.2,1256.2,1256.2,1256.2,0
2025-12-19 10:55:00,1256.2,1256.2,1256.2,1256.2,0
2025-12-19 11:00:00,1256.2,1256.2,1256.2,1256.2,0
2025-12-19 11:05:00,1256.2,1256.2,1256.2,1256.2,0
2025-12-19 11:10:00,1256.2,1256.2,1256.2,1256.2,0
2025-12-19 11:15:00,1256.2,1256.2,1256.2,1256.2,0
2025-12-19 11:20:00,1256.2,1256.2,1256.2,1256.2,0
2025-12-19 11:25:00,1256.2,1256.2,1256.2,1256.2,0
2025-12-19 11:30:00,1256.2,1256.2,1256.2,1256.2,0
2025-12-19 11:35:00,1256.2,1256.2,1256.2,1256.2,0
2025-12-19 11:40:00,1256.2,1256.2,1256.2,1256.2,0
2025-12-19 11:45:00,1256.2,1256.2,1256.2,1256.2,0
2025-12-19 11:50:00,1256.2,1256.2,1256.2,1256.2,0
2025-12-19 11:55:00,1256.2,1256.2,1256.2,1256.2,0
2025-12-19 12:00:00,1256.2,1256.2,1256.2,1256.2,0
2025-12-19 12:05:00,1256.2,1256.2,1256.2,1256.2,0
2025-12-19 12:10:00,1256.2,1256.2,1256.2,1256.2,0
2025-12-19 12:15:00,1256.2,1256.2,1256.2,1256.2,0
2025-12-19 12:20:00,1256.2,1256.2,1256.2,1256.2,0
2025-12-19 12:25:00,1256.2,1256.2,1256.2,1256.2,0
2025-12-19 12:30:00,1256.2,1256.2,1256.2,1256.2,0
2025-12-19 12:35:00,1256.2,1256.2,1256.2,1256.2,0
2025-12-19 12:40:00,1256.2,1256.2,1256.2,1256.2,0
2025-12-19 12:45:00,1256.2,1256.2,1255.55,1255.55,0
2025-12-19 12:50:00,1255.55,1255.55,1255.55,1255.55,0
2025-12-19 12:55:00,1255.55,1255.55,1255.55,1255.55,0
2025-12-19 13:00:00,1255.55,1255.55,1255.55,1255.55,0
2025-12-19 13:05:00,1255.55,1255.55,1255.55,1255.55,0
2025-12-19 13:10:00,1255.55,1255.55,1255.55,1255.55,0
2025-12-19 13:15:00,1255.55,1255.55,1255.55,1255.55,0
2025-12-19 13:20:00,1255.55,1255.55,1255.55,1255.55,0
2025-12-19 13:25:00,1255.55,1255.55,1255.55,1255.55,0
2025-12-19 13:30:00,1255.55,1255.55,1255.55,1255.55,0
2025-12-19 13:35:00,1255.55,1255.55,1255.55,1255.55,0
2025-12-19 13:40:00,1255.55,1255.55,1255.55,1255.55,0
2025-12-19 13:45:00,1255.55,1255.55,1255.55,1255.55,0
2025-12-19 13:50:00,1255.55,1255.55,1255.55,1255.55,0
2025-12-19 13:55:00,1255.55,1255.55,1255.55,1255.55,0
2025-12-19 14:00:00,1255.55,1255.55,1255.55,1255.55,0
2025-12-19 14:05:00,1255.55,1255.55,1255.55,1255.55,0
2025-12-19 14:10:00,1255.55,1255.55,1255.55,1255.55,0
2025-12-19 14:15:00,1255.55,1255.55,1255.55,1255.55,0
2025-12-19 14:20:00,1255.55,1255.55,1255.55,1255.55,0
2025-12-19 14:25:00,1255.55,1255.55,1255.55,1255.55,0
2025-12-19 14:30:00,1255.55,1255.55,1255.55,1255.55,0
2025-12-19 14:35:00,1255.55,1255.55,1255.55,1255.55,0
2025-12-19 14:40:00,1255.55,1255.55,1255.55,1255.55,0
2025-12-19 14:45:00,1255.55,1255.55,1255.55,1255.55,0
2025-12-19 14:50:00,1255.55,1255.55,1255.55,1255.55,0
2025-12-19 14:55:00,1255.55,1255.55,1255.55,1255.55,0
2025-12-19 15:00:00,1255.55,1255.55,1255.55,1255.55,0
2025-12-19 15:05:00,1255.55,1255.55,1255.55,1255.55,0
2025-12-19 15:10:00,1255.55,1255.55,1255.55,1255.55,0
2025-12-19 15:15:00,1255.55,1255.55,1255.55,1255.55,0
2025-12-19 15:20:00,1255.55,1255.55,1255.55,1255.55,0
2025-12-19 15:25:00,1255.55,1255.55,1255.55,1255.55,0
2025-12-22 09:15:00,1256.62,1256.62,1256.61,1256.61,0
2025-12-22 09:20:00,1256.61,1256.61,1256.61,1256.61,0
2025-12-22 09:25:00,1256.61,1256.61,1256.61,1256.61,0
2025-12-22 09:30:00,1256.61,1256.61,1256.61,1256.61,0
2025-12-22 09:35:00,1256.61,1256.61,1256.61,1256.61,0
2025-12-22 09:40:00,1256.61,1256.61,1256.61,1256.61,0
2025-12-22 09:45:00,1256.61,1256.61,1256.61,1256.61,0
2025-12-22 09:50:00,1256.61,1256.61,1256.61,1256.61,0
2025-12-22 09:55:00,1256.61,1256.61,1256.61,1256.61,0
2025-12-22 10:00:00,1256.61,1256.61,1256.61,1256.61,0
2025-12-22 10:05:00,1256.61,1256.61,1256.61,1256.61,0
2025-12-22 10:10:00,1256.61,1256.61,1256.61,1256.61,0
2025-12-22 10:15:00,1256.61,1256.61,1256.61,1256.61,0
2025-12-22 10:20:00,1256.61,1256.61,1256.61,1256.61,0
2025-12-22 10:25:00,1256.61,1256.61,1256.61,1256.61,0
2025-12-22 10:30:00,1256.61,1256.61,1256.61,1256.61,0
2025-12-22 10:35:00,1256.61,1256.61,1256.61,1256.61,0
2025-12-22 10:40:00,1256.61,1256.61,1256.61,1256.61,0
2025-12-22 10:45:00,1256.61,1256.61,1256.61,1256.61,0
2025-12-22 10:50:00,1256.61,1256.61,1256.61,1256.61,0
2025-12-22 10:55:00,1256.61,1256.61,1256.61,1256.61,0
2025-12-22 11:00:00,1256.61,1256.61,1256.61,1256.61,0
2025-12-22 11:05:00,1256.61,1256.61,1256.61,1256.61,0
2025-12-22 11:10:00,1256.61,1256.61,1256.61,1256.61,0
2025-12-22 11:15:00,1256.61,1256.61,1256.61,1256.61,0
2025-12-22 11:20:00,1256.61,1256.61,1256.61,1256.61,0
2025-12-22 11:25:00,1256.61,1256.61,1256.61,1256.61,0
2025-12-22 11:30:00,1256.61,1256.61,1256.61,1256.61,0
2025-12-22 11:35:00,1256.61,1256.61,1256.61,1256.61,0
2025-12-22 11:40:00,1256.61,1256.61,1256.61,1256.61,0
2025-12-22 11:45:00,1256.61,1256.61,1256.61,1256.61,0
2025-12-22 11:50:00,1256.61,1256.61,1256.61,1256.61,0
2025-12-22 11:55:00,1256.61,1256.61,1256.61,1256.61,0
2025-12-22 12:00:00,1256.61,1256.61,1256.61,1256.61,0
2025-12-22 12:05:00,1256.61,1256.61,1256.61,1256.61,0
2025-12-22 12:10:00,1256.61,1256.61,1256.61,1256.61,0
2025-12-22 12:15:00,1256.61,1256.61,1256.61,1256.61,0
2025-12-22 12:20:00,1256.61,1256.61,1256.61,1256.61,0
2025-12-22 12:25:00,1256.61,1256.61,1256.61,1256.61,0
2025-12-22 12:30:00,1256.61,1256.61,1256.61,1256.61,0
2025-12-22 12:35:00,1256.61,1256.61,1256.61,1256.61,0
2025-12-22 12:40:00,1256.61,1256.61,1256.61,1256.61,0
2025-12-22 12:45:00,1256.61,1256.61,1256.61,1256.61,0
2025-12-22 12:50:00,1256.61,1256.61,1256.61,1256.61,0
2025-12-22 12:55:00,1256.61,1256.61,1256.61,1256.61,0
2025-12-22 13:00:00,1256.61,1256.61,1256.61,1256.61,0
2025-12-22 13:05:00,1256.61,1256.61,1256.61,1256.61,0
2025-12-22 13:10:00,1256.61,1256.61,1256.61,1256.61,0
2025-12-22 13:15:00,1256.61,1256.61,1256.61,1256.61,0
2025-12-22 13:20:00,1256.61,1256.61,1256.61,1256.61,0
2025-12-22 13:25:00,1256.61,1256.61,1256.61,1256.61,0
2025-12-22 13:30:00,1256.61,1256.61,1256.61,1256.61,0
2025-12-22 13:35:00,1256.61,1256.61,1256.61,1256.61,0
2025-12-22 13:40:00,1256.61,1256.61,1256.61,1256.61,0
2025-12-22 13:45:00,1256.61,1256.61,1256.61,1256.61,0
2025-12-22 13:50:00,1256.61,1256.61,1256.61,1256.61,0
2025-12-22 13:55:00,1256.61,1256.61,1256.61,1256.61,0
2025-12-22 14:00:00,1256.61,1256.61,1256.61,1256.61,0
2025-12-22 14:05:00,1256.61,1256.61,1256.61,1256.61,0
2025-12-22 14:10:00,1256.61,1256.61,1256.61,1256.61,0
2025-12-22 14:15:00,1256.61,1256.61,1256.61,1256.61,0
2025-12-22 14:20:00,1256.61,1256.61,1256.61,1256.61,0
2025-12-22 14:25:00,1256.61,1256.61,1256.61,1256.61,0
2025-12-22 14:30:00,1256.61,1256.61,1256.61,1256.61,0
2025-12-22 14:35:00,1256.61,1256.61,1256.61,1256.61,0
2025-12-22 14:40:00,1256.61,1256.61,1256.61,1256.61,0
2025-12-22 14:45:00,1256.61,1256.61,1256.61,1256.61,0
2025-12-22 14:50:00,1256.61,1256.61,1256.61,1256.61,0
2025-12-22 14:55:00,1256.61,1256.61,1256.61,1256.61,0
2025-12-22 15:00:00,1256.61,1256.61,1256.61,1256.61,0
2025-12-22 15:05:00,1256.61,1256.61,1256.61,1256.61,0
2025-12-22 15:10:00,1256.61,1256.61,1256.61,1256.61,0
2025-12-22 15:15:00,1256.61,1256.61,1256.61,1256.61,0
2025-12-22 15:20:00,1256.61,1256.61,1256.61,1256.61,0
2025-12-22 15:25:00,1256.61,1256.61,1256.61,1256.61,0
2025-12-23 09:15:00,1256.86,1256.86,1256.85,1256.85,0
2025-12-23 09:20:00,1256.85,1256.85,1256.85,1256.85,0
2025-12-23 09:25:00,1256.85,1256.85,1256.85,1256.85,0
2025-12-23 09:30:00,1256.85,1256.85,1256.85,1256.85,0
2025-12-23 09:35:00,1256.85,1256.85,1256.85,1256.85,0
2025-12-23 09:40:00,1256.85,1256.85,1256.85,1256.85,0
2025-12-23 09:45:00,1256.85,1256.85,1256.85,1256.85,0
2025-12-23 09:50:00,1256.85,1256.85,1256.85,1256.85,0
2025-12-23 09:55:00,1256.85,1256.85,1256.85,1256.85,0
2025-12-23 10:00:00,1256.85,1256.85,1256.85,1256.85,0
2025-12-23 10:05:00,1256.85,1256.85,1256.85,1256.85,0
2025-12-23 10:10:00,1256.85,1256.85,1256.85,1256.85,0
2025-12-23 10:15:00,1256.85,1256.85,1256.85,1256.85,0
2025-12-23 10:20:00,1256.85,1256.85,1256.85,1256.85,0
2025-12-23 10:25:00,1256.85,1256.85,1256.85,1256.85,0
2025-12-23 10:30:00,1256.85,1256.85,1256.85,1256.85,0
2025-12-23 10:35:00,1256.85,1256.85,1256.85,1256.85,0
2025-12-23 10:40:00,1256.85,1256.85,1256.85,1256.85,0
2025-12-23 10:45:00,1256.85,1256.85,1256.85,1256.85,0
2025-12-23 10:50:00,1256.85,1256.85,1256.85,1256.85,0
2025-12-23 10:55:00,1256.85,1256.85,1256.85,1256.85,0
2025-12-23 11:00:00,1256.85,1256.85,1256.85,1256.85,0
2025-12-23 11:05:00,1256.85,1256.85,1256.85,1256.85,0
2025-12-23 11:10:00,1256.85,1256.85,1256.85,1256.85,0
2025-12-23 11:15:00,1256.85,1256.85,1256.85,1256.85,0
2025-12-23 11:20:00,1256.85,1256.85,1256.85,1256.85,0
2025-12-23 11:25:00,1256.85,1256.85,1256.85,1256.85,0
2025-12-23 11:30:00,1256.85,1256.85,1256.85,1256.85,0
2025-12-23 11:35:00,1256.85,1256.85,1256.85,1256.85,0
2025-12-23 11:40:00,1256.85,1256.85,1256.85,1256.85,0
2025-12-23 11:45:00,1256.85,1256.85,1256.85,1256.85,0
2025-12-23 11:50:00,1256.85,1256.85,1256.85,1256.85,0
2025-12-23 11:55:00,1256.85,1256.85,1256.85,1256.85,0
2025-12-23 12:00:00,1256.85,1256.85,1256.85,1256.85,0
2025-12-23 12:05:00,1256.85,1256.85,1256.85,1256.85,0
2025-12-23 12:10:00,1256.85,1256.85,1256.85,1256.85,0
2025-12-23 12:15:00,1256.85,1256.85,1256.85,1256.85,0
2025-12-23 12:20:00,1256.85,1256.85,1256.85,1256.85,0
2025-12-23 12:25:00,1256.85,1256.85,1256.85,1256.85,0
2025-12-23 12:30:00,1256.85,1256.85,1256.85,1256.85,0
2025-12-23 12:35:00,1256.85,1256.85,1256.85,1256.85,0
2025-12-23 12:40:00,1256.85,1256.85,1256.85,1256.85,0
2025-12-23 12:45:00,1256.85,1256.85,1256.85,1256.85,0
2025-12-23 12:50:00,1256.85,1256.85,1256.85,1256.85,0
2025-12-23 12:55:00,1256.85,1256.85,1256.85,1256.85,0
2025-12-23 13:00:00,1256.85,1256.85,1256.85,1256.85,0
2025-12-23 13:05:00,1256.85,1256.85,1256.85,1256.85,0
2025-12-23 13:10:00,1256.85,1256.85,1256.85,1256.85,0
2025-12-23 13:15:00,1256.85,1256.85,1256.85,1256.85,0
2025-12-23 13:20:00,1256.85,1256.85,1256.85,1256.85,0
2025-12-23 13:25:00,1256.85,1256.85,1256.85,1256.85,0
2025-12-23 13:30:00,1256.85,1256.85,1256.85,1256.85,0
2025-12-23 13:35:00,1256.85,1256.85,1256.85,1256.85,0
2025-12-23 13:40:00,1256.85,1256.85,1256.85,1256.85,0
2025-12-23 13:45:00,1256.85,1256.85,1256.85,1256.85,0
2025-12-23 13:50:00,1256.85,1256.85,1256.85,1256.85,0
2025-12-23 13:55:00,1256.85,1256.85,1256.85,1256.85,0
2025-12-23 14:00:00,1256.85,1256.85,1256.85,1256.85,0
2025-12-23 14:05:00,1256.85,1256.85,1256.85,1256.85,0
2025-12-23 14:10:00,1256.85,1256.85,1256.85,1256.85,0
2025-12-23 14:15:00,1256.85,1256.85,1256.85,1256.85,0
2025-12-23 14:20:00,1256.85,1256.85,1256.85,1256.85,0
2025-12-23 14:25:00,1256.85,1256.85,1256.85,1256.85,0
2025-12-23 14:30:00,1256.85,1256.85,1256.85,1256.85,0
2025-12-23 14:35:00,1256.85,1256.85,1256.85,1256.85,0
2025-12-23 14:40:00,1256.85,1256.85,1256.85,1256.85,0
2025-12-23 14:45:00,1256.85,1256.85,1256.85,1256.85,0
2025-12-23 14:50:00,1256.85,1256.85,1256.85,1256.85,0
2025-12-23 14:55:00,1256.85,1256.85,1256.85,1256.85,0
2025-12-23 15:00:00,1256.85,1256.85,1256.85,1256.85,0
2025-12-23 15:05:00,1256.85,1256.85,1256.85,1256.85,0
2025-12-23 15:10:00,1256.85,1256.85,1256.85,1256.85,0
2025-12-23 15:15:00,1256.85,1256.85,1256.85,1256.85,0
2025-12-23 15:20:00,1256.85,1256.85,1256.85,1256.85,0
2025-12-23 15:25:00,1256.85,1256.85,1256.85,1256.85,0
2025-12-24 09:15:00,1258.78,1258.78,1258.77,1258.77,0
2025-12-24 09:20:00,1258.77,1258.77,1258.77,1258.77,0
2025-12-24 09:25:00,1258.77,1258.77,1258.77,1258.77,0
2025-12-24 09:30:00,1258.77,1258.77,1258.77,1258.77,0
2025-12-24 09:35:00,1258.77,1258.77,1258.77,1258.77,0
2025-12-24 09:40:00,1258.77,1258.77,1258.77,1258.77,0
2025-12-24 09:45:00,1258.77,1258.77,1258.77,1258.77,0
2025-12-24 09:50:00,1258.77,1258.77,1258.77,1258.77,0
2025-12-24 09:55:00,1258.77,1258.77,1258.77,1258.77,0
2025-12-24 10:00:00,1258.77,1258.77,1258.77,1258.77,0
2025-12-24 10:05:00,1258.77,1258.77,1258.77,1258.77,0
2025-12-24 10:10:00,1258.77,1258.77,1258.77,1258.77,0
2025-12-24 10:15:00,1258.77,1258.77,1258.77,1258.77,0
2025-12-24 10:20:00,1258.77,1258.77,1258.77,1258.77,0
2025-12-24 10:25:00,1258.77,1258.77,1258.77,1258.77,0
2025-12-24 10:30:00,1258.77,1258.77,1258.77,1258.77,0
2025-12-24 10:35:00,1258.77,1258.77,1258.77,1258.77,0
2025-12-24 10:40:00,1258.77,1258.77,1258.77,1258.77,0
2025-12-24 10:45:00,1258.77,1258.77,1258.77,1258.77,0
2025-12-24 10:50:00,1258.77,1258.77,1258.77,1258.77,0
2025-12-24 10:55:00,1258.77,1258.77,1258.77,1258.77,0
2025-12-24 11:00:00,1258.77,1258.77,1258.77,1258.77,0
2025-12-24 11:05:00,1258.77,1258.77,1258.77,1258.77,0
2025-12-24 11:10:00,1258.77,1258.77,1258.77,1258.77,0
2025-12-24 11:15:00,1258.77,1258.77,1258.77,1258.77,0
2025-12-24 11:20:00,1258.77,1258.77,1258.77,1258.77,0
2025-12-24 11:25:00,1258.77,1258.77,1258.77,1258.77,0
2025-12-24 11:30:00,1258.77,1258.77,1258.77,1258.77,0
2025-12-24 11:35:00,1258.77,1258.77,1258.77,1258.77,0
2025-12-24 11:40:00,1258.77,1258.77,1258.77,1258.77,0
2025-12-24 11:45:00,1258.77,1258.77,1258.77,1258.77,0
2025-12-24 11:50:00,1258.77,1258.77,1258.77,1258.77,0
2025-12-24 11:55:00,1258.77,1258.77,1258.77,1258.77,0
2025-12-24 12:00:00,1258.77,1258.77,1258.77,1258.77,0
2025-12-24 12:05:00,1258.77,1258.77,1258.77,1258.77,0
2025-12-24 12:10:00,1258.77,1258.77,1258.77,1258.77,0
2025-12-24 12:15:00,1258.77,1258.77,1258.77,1258.77,0
2025-12-24 12:20:00,1258.77,1258.77,1258.77,1258.77,0
2025-12-24 12:25:00,1258.77,1258.77,1258.77,1258.77,0
2025-12-24 12:30:00,1258.77,1258.77,1258.77,1258.77,0
2025-12-24 12:35:00,1258.77,1258.77,1258.77,1258.77,0
2025-12-24 12:40:00,1258.77,1258.77,1258.77,1258.77,0
2025-12-24 12:45:00,1258.77,1258.77,1258.77,1258.77,0
2025-12-24 12:50:00,1258.77,1258.77,1258.77,1258.77,0
2025-12-24 12:55:00,1258.77,1258.77,1258.77,1258.77,0
2025-12-24 13:00:00,1258.77,1258.77,1258.77,1258.77,0
2025-12-24 13:05:00,1258.77,1258.77,1258.77,1258.77,0
2025-12-24 13:10:00,1258.77,1258.77,1258.77,1258.77,0
2025-12-24 13:15:00,1258.77,1258.77,1258.77,1258.77,0
2025-12-24 13:20:00,1258.77,1258.77,1258.77,1258.77,0
2025-12-24 13:25:00,1258.77,1258.77,1258.77,1258.77,0
2025-12-24 13:30:00,1258.77,1258.77,1258.77,1258.77,0
2025-12-24 13:35:00,1258.77,1258.77,1258.77,1258.77,0
2025-12-24 13:40:00,1258.77,1258.77,1258.77,1258.77,0
2025-12-24 13:45:00,1258.77,1258.77,1258.77,1258.77,0
2025-12-24 13:50:00,1258.77,1258.77,1258.77,1258.77,0
2025-12-24 13:55:00,1258.77,1258.77,1258.77,1258.77,0
2025-12-24 14:00:00,1258.77,1258.77,1258.77,1258.77,0
2025-12-24 14:05:00,1258.77,1258.77,1258.77,1258.77,0
2025-12-24 14:10:00,1258.77,1258.77,1258.77,1258.77,0
2025-12-24 14:15:00,1258.77,1258.77,1258.77,1258.77,0
2025-12-24 14:20:00,1258.77,1258.77,1258.77,1258.77,0
2025-12-24 14:25:00,1258.77,1258.77,1258.77,1258.77,0
2025-12-24 14:30:00,1258.77,1258.77,1258.77,1258.77,0
2025-12-24 14:35:00,1258.77,1258.77,1258.77,1258.77,0
2025-12-24 14:40:00,1258.77,1258.77,1258.77,1258.77,0
2025-12-24 14:45:00,1258.77,1258.77,1258.77,1258.77,0
2025-12-24 14:50:00,1258.77,1258.77,1258.77,1258.77,0
2025-12-24 14:55:00,1258.77,1258.77,1258.77,1258.77,0
2025-12-24 15:00:00,1258.77,1258.77,1258.77,1258.77,0
2025-12-24 15:05:00,1258.77,1258.77,1258.77,1258.77,0
2025-12-24 15:10:00,1258.77,1258.77,1258.77,1258.77,0
2025-12-24 15:15:00,1258.77,1258.77,1258.77,1258.77,0
2025-12-24 15:20:00,1258.77,1258.77,1258.77,1258.77,0
2025-12-24 15:25:00,1258.77,1258.77,1258.77,1258.77,0
2025-12-26 09:15:00,1259.59,1259.59,1259.58,1259.58,0
2025-12-26 09:20:00,1259.58,1259.58,1259.58,1259.58,0
2025-12-26 09:25:00,1259.58,1259.58,1259.58,1259.58,0
2025-12-26 09:30:00,1259.58,1259.58,1259.58,1259.58,0
2025-12-26 09:35:00,1259.58,1259.58,1259.58,1259.58,0
2025-12-26 09:40:00,1259.58,1259.58,1259.58,1259.58,0
2025-12-26 09:45:00,1259.58,1259.58,1259.58,1259.58,0
2025-12-26 09:50:00,1259.58,1259.58,1259.58,1259.58,0
2025-12-26 09:55:00,1259.58,1259.58,1259.58,1259.58,0
2025-12-26 10:00:00,1259.58,1259.58,1259.58,1259.58,0
2025-12-26 10:05:00,1259.58,1259.58,1259.58,1259.58,0
2025-12-26 10:10:00,1259.58,1259.58,1259.58,1259.58,0
2025-12-26 10:15:00,1259.58,1259.58,1259.58,1259.58,0
2025-12-26 10:20:00,1259.58,1259.58,1259.58,1259.58,0
2025-12-26 10:25:00,1259.58,1259.58,1259.58,1259.58,0
2025-12-26 10:30:00,1259.58,1259.58,1259.58,1259.58,0
2025-12-26 10:35:00,1259.58,1259.58,1259.58,1259.58,0
2025-12-26 10:40:00,1259.58,1259.58,1259.58,1259.58,0
2025-12-26 10:45:00,1259.58,1259.58,1259.58,1259.58,0
2025-12-26 10:50:00,1259.58,1259.58,1259.58,1259.58,0
2025-12-26 10:55:00,1259.58,1259.58,1259.58,1259.58,0
2025-12-26 11:00:00,1259.58,1259.58,1259.58,1259.58,0
2025-12-26 11:05:00,1259.58,1259.58,1259.58,1259.58,0
2025-12-26 11:10:00,1259.58,1259.58,1259.58,1259.58,0
2025-12-26 11:15:00,1259.58,1259.58,1259.58,1259.58,0
2025-12-26 11:20:00,1259.58,1259.58,1259.58,1259.58,0
2025-12-26 11:25:00,1259.58,1259.58,1259.58,1259.58,0
2025-12-26 11:30:00,1259.58,1259.58,1259.58,1259.58,0
2025-12-26 11:35:00,1259.58,1259.58,1259.58,1259.58,0
2025-12-26 11:40:00,1259.58,1259.58,1259.58,1259.58,0
2025-12-26 11:45:00,1259.58,1259.58,1259.58,1259.58,0
2025-12-26 11:50:00,1259.58,1259.58,1259.58,1259.58,0
2025-12-26 11:55:00,1259.58,1259.58,1259.58,1259.58,0
2025-12-26 12:00:00,1259.58,1259.58,1259.58,1259.58,0
2025-12-26 12:05:00,1259.58,1259.58,1259.58,1259.58,0
2025-12-26 12:10:00,1259.58,1259.58,1259.58,1259.58,0
2025-12-26 12:15:00,1259.58,1259.58,1259.58,1259.58,0
2025-12-26 12:20:00,1259.58,1259.58,1259.58,1259.58,0
2025-12-26 12:25:00,1259.58,1259.58,1259.58,1259.58,0
2025-12-26 12:30:00,1259.58,1259.58,1259.58,1259.58,0
2025-12-26 12:35:00,1259.58,1259.58,1259.58,1259.58,0
2025-12-26 12:40:00,1259.58,1259.58,1259.58,1259.58,0
2025-12-26 12:45:00,1259.58,1259.58,1259.58,1259.58,0
2025-12-26 12:50:00,1259.58,1259.58,1259.58,1259.58,0
2025-12-26 12:55:00,1259.58,1260.54,1259.58,1260.54,0
2025-12-26 13:00:00,1260.54,1260.54,1260.54,1260.54,0
2025-12-26 13:05:00,1260.54,1260.54,1260.54,1260.54,0
2025-12-26 13:10:00,1260.54,1260.54,1260.54,1260.54,0
2025-12-26 13:15:00,1260.54,1260.54,1260.54,1260.54,0
2025-12-26 13:20:00,1260.54,1260.54,1260.54,1260.54,0
2025-12-26 13:25:00,1260.54,1260.54,1260.54,1260.54,0
2025-12-26 13:30:00,1260.54,1260.54,1260.54,1260.54,0
2025-12-26 13:35:00,1260.54,1260.54,1260.54,1260.54,0
2025-12-26 13:40:00,1260.54,1260.54,1260.54,1260.54,0
2025-12-26 13:45:00,1260.54,1260.54,1260.54,1260.54,0
2025-12-26 13:50:00,1260.54,1260.54,1260.54,1260.54,0
2025-12-26 13:55:00,1260.54,1260.54,1260.54,1260.54,0
2025-12-26 14:00:00,1260.54,1260.54,1260.54,1260.54,0
2025-12-26 14:05:00,1260.54,1260.54,1260.54,1260.54,0
2025-12-26 14:10:00,1260.54,1260.54,1260.54,1260.54,0
2025-12-26 14:15:00,1260.54,1260.54,1260.54,1260.54,0
2025-12-26 14:20:00,1260.54,1260.54,1260.54,1260.54,0
2025-12-26 14:25:00,1260.54,1260.54,1260.54,1260.54,0
2025-12-26 14:30:00,1260.54,1260.54,1260.54,1260.54,0
2025-12-26 14:35:00,1260.54,1260.54,1260.54,1260.54,0
2025-12-26 14:40:00,1260.54,1260.54,1260.54,1260.54,0
2025-12-26 14:45:00,1260.54,1260.54,1260.54,1260.54,0
2025-12-26 14:50:00,1260.54,1260.54,1260.54,1260.54,0
2025-12-26 14:55:00,1260.54,1260.54,1260.54,1260.54,0
2025-12-26 15:00:00,1260.54,1260.54,1260.54,1260.54,0
2025-12-26 15:05:00,1260.54,1260.54,1260.54,1260.54,0
2025-12-26 15:10:00,1260.54,1260.54,1260.54,1260.54,0
2025-12-26 15:15:00,1260.54,1260.54,1260.54,1260.54,0
2025-12-26 15:20:00,1260.54,1260.54,1260.54,1260.54,0
2025-12-26 15:25:00,1260.54,1260.54,1260.54,1260.54,0
2025-12-29 09:15:00,1262.73,1262.73,1262.72,1262.72,0
2025-12-29 09:20:00,1262.72,1262.72,1262.72,1262.72,0
2025-12-29 09:25:00,1262.72,1262.72,1262.72,1262.72,0
2025-12-29 09:30:00,1262.72,1262.72,1262.72,1262.72,0
2025-12-29 09:35:00,1262.72,1262.72,1262.72,1262.72,0
2025-12-29 09:40:00,1262.72,1262.72,1262.72,1262.72,0
2025-12-29 09:45:00,1262.72,1262.72,1262.72,1262.72,0
2025-12-29 09:50:00,1262.72,1262.72,1262.72,1262.72,0
2025-12-29 09:55:00,1262.72,1262.72,1262.72,1262.72,0
2025-12-29 10:00:00,1262.72,1262.72,1262.72,1262.72,0
2025-12-29 10:05:00,1262.72,1262.72,1262.72,1262.72,0
2025-12-29 10:10:00,1262.72,1262.72,1262.72,1262.72,0
2025-12-29 10:15:00,1262.72,1262.72,1262.72,1262.72,0
2025-12-29 10:20:00,1262.72,1262.72,1262.72,1262.72,0
2025-12-29 10:25:00,1262.72,1262.72,1262.72,1262.72,0
2025-12-29 10:30:00,1262.72,1262.72,1262.72,1262.72,0
2025-12-29 10:35:00,1262.72,1262.72,1262.72,1262.72,0
2025-12-29 10:40:00,1262.72,1262.72,1262.72,1262.72,0
2025-12-29 10:45:00,1262.72,1262.72,1262.72,1262.72,0
2025-12-29 10:50:00,1262.72,1262.72,1262.72,1262.72,0
2025-12-29 10:55:00,1262.72,1262.72,1262.72,1262.72,0
2025-12-29 11:00:00,1262.72,1262.72,1262.72,1262.72,0
2025-12-29 11:05:00,1262.72,1262.72,1262.72,1262.72,0
2025-12-29 11:10:00,1262.72,1262.72,1262.72,1262.72,0
2025-12-29 11:15:00,1262.72,1262.72,1262.72,1262.72,0
2025-12-29 11:20:00,1262.72,1262.72,1262.72,1262.72,0
2025-12-29 11:25:00,1262.72,1262.72,1262.72,1262.72,0
2025-12-29 11:30:00,1262.72,1262.72,1262.72,1262.72,0
2025-12-29 11:35:00,1262.72,1262.72,1262.72,1262.72,0
2025-12-29 11:40:00,1262.72,1262.72,1262.72,1262.72,0
2025-12-29 11:45:00,1262.72,1262.72,1262.72,1262.72,0
2025-12-29 11:50:00,1262.72,1262.72,1262.72,1262.72,0
2025-12-29 11:55:00,1262.72,1262.72,1262.72,1262.72,0
2025-12-29 12:00:00,1262.72,1262.72,1262.72,1262.72,0
2025-12-29 12:05:00,1262.72,1262.72,1262.72,1262.72,0
2025-12-29 12:10:00,1262.72,1262.72,1262.72,1262.72,0
2025-12-29 12:15:00,1262.72,1262.72,1262.72,1262.72,0
2025-12-29 12:20:00,1262.72,1262.72,1262.72,1262.72,0
2025-12-29 12:25:00,1262.72,1262.72,1262.72,1262.72,0
2025-12-29 12:30:00,1262.72,1262.72,1262.72,1262.72,0
2025-12-29 12:35:00,1262.72,1262.72,1262.72,1262.72,0
2025-12-29 12:40:00,1262.72,1262.72,1262.72,1262.72,0
2025-12-29 12:45:00,1262.72,1262.72,1262.45,1262.45,0
2025-12-29 12:50:00,1262.45,1262.45,1262.45,1262.45,0
2025-12-29 12:55:00,1262.45,1262.45,1262.45,1262.45,0
2025-12-29 13:00:00,1262.45,1262.45,1262.45,1262.45,0
2025-12-29 13:05:00,1262.45,1262.45,1262.45,1262.45,0
2025-12-29 13:10:00,1262.45,1262.45,1262.45,1262.45,0
2025-12-29 13:15:00,1262.45,1262.45,1262.45,1262.45,0
2025-12-29 13:20:00,1262.45,1262.45,1262.45,1262.45,0
2025-12-29 13:25:00,1262.45,1262.45,1262.45,1262.45,0
2025-12-29 13:30:00,1262.45,1262.45,1262.45,1262.45,0
2025-12-29 13:35:00,1262.45,1262.45,1262.45,1262.45,0
2025-12-29 13:40:00,1262.45,1262.45,1262.45,1262.45,0
2025-12-29 13:45:00,1262.45,1262.45,1262.45,1262.45,0
2025-12-29 13:50:00,1262.45,1262.45,1262.45,1262.45,0
2025-12-29 13:55:00,1262.45,1262.45,1262.45,1262.45,0
2025-12-29 14:00:00,1262.45,1262.45,1262.45,1262.45,0
2025-12-29 14:05:00,1262.45,1262.45,1262.45,1262.45,0
2025-12-29 14:10:00,1262.45,1262.45,1262.45,1262.45,0
2025-12-29 14:15:00,1262.45,1262.45,1262.45,1262.45,0
2025-12-29 14:20:00,1262.45,1262.45,1262.45,1262.45,0
2025-12-29 14:25:00,1262.45,1262.45,1262.45,1262.45,0
2025-12-29 14:30:00,1262.45,1262.45,1262.45,1262.45,0
2025-12-29 14:35:00,1262.45,1262.45,1262.45,1262.45,0
2025-12-29 14:40:00,1262.45,1262.45,1262.45,1262.45,0
2025-12-29 14:45:00,1262.45,1262.45,1262.45,1262.45,0
2025-12-29 14:50:00,1262.45,1262.45,1262.45,1262.45,0
2025-12-29 14:55:00,1262.45,1262.45,1262.45,1262.45,0
2025-12-29 15:00:00,1262.45,1262.45,1261.83,1261.83,0
2025-12-29 15:05:00,1261.83,1261.83,1261.83,1261.83,0
2025-12-29 15:10:00,1261.83,1261.83,1261.83,1261.83,0
2025-12-29 15:15:00,1261.83,1261.83,1261.83,1261.83,0
2025-12-29 15:20:00,1261.83,1261.83,1261.83,1261.83,0
2025-12-29 15:25:00,1261.83,1261.83,1261.83,1261.83,0
2025-12-30 09:15:00,1261.08,1261.08,1261.07,1261.07,0
2025-12-30 09:20:00,1261.07,1261.07,1261.07,1261.07,0
2025-12-30 09:25:00,1261.07,1261.07,1261.07,1261.07,0
2025-12-30 09:30:00,1261.07,1261.07,1261.07,1261.07,0
2025-12-30 09:35:00,1261.07,1261.07,1261.07,1261.07,0
2025-12-30 09:40:00,1261.07,1261.07,1261.07,1261.07,0
2025-12-30 09:45:00,1261.07,1261.07,1261.07,1261.07,0
2025-12-30 09:50:00,1261.07,1261.07,1261.07,1261.07,0
2025-12-30 09:55:00,1261.07,1261.07,1261.07,1261.07,0
2025-12-30 10:00:00,1261.07,1261.07,1261.07,1261.07,0
2025-12-30 10:05:00,1261.07,1261.07,1261.07,1261.07,0
2025-12-30 10:10:00,1261.07,1261.07,1261.07,1261.07,0
2025-12-30 10:15:00,1261.07,1261.07,1261.07,1261.07,0
2025-12-30 10:20:00,1261.07,1261.07,1261.07,1261.07,0
2025-12-30 10:25:00,1261.07,1261.07,1261.07,1261.07,0
2025-12-30 10:30:00,1261.07,1261.07,1261.07,1261.07,0
2025-12-30 10:35:00,1261.07,1261.07,1261.07,1261.07,0
2025-12-30 10:40:00,1261.07,1261.07,1261.07,1261.07,0
2025-12-30 10:45:00,1261.07,1261.07,1261.07,1261.07,0
2025-12-30 10:50:00,1261.07,1261.07,1261.07,1261.07,0
2025-12-30 10:55:00,1261.07,1261.07,1261.07,1261.07,0
2025-12-30 11:00:00,1261.07,1261.07,1261.07,1261.07,0
2025-12-30 11:05:00,1261.07,1261.07,1261.07,1261.07,0
2025-12-30 11:10:00,1261.07,1261.07,1261.07,1261.07,0
2025-12-30 11:15:00,1261.07,1261.07,1261.07,1261.07,0
2025-12-30 11:20:00,1261.07,1261.07,1261.07,1261.07,0
2025-12-30 11:25:00,1261.07,1261.07,1261.07,1261.07,0
2025-12-30 11:30:00,1261.07,1261.07,1261.07,1261.07,0
2025-12-30 11:35:00,1261.07,1261.07,1261.07,1261.07,0
2025-12-30 11:40:00,1261.07,1261.07,1261.07,1261.07,0
2025-12-30 11:45:00,1261.07,1261.07,1261.07,1261.07,0
2025-12-30 11:50:00,1261.07,1261.07,1261.07,1261.07,0
2025-12-30 11:55:00,1261.07,1261.07,1261.07,1261.07,0
2025-12-30 12:00:00,1261.07,1261.07,1261.07,1261.07,0
2025-12-30 12:05:00,1261.07,1261.07,1261.07,1261.07,0
2025-12-30 12:10:00,1261.07,1261.07,1261.07,1261.07,0
2025-12-30 12:15:00,1261.07,1261.07,1261.07,1261.07,0
2025-12-30 12:20:00,1261.07,1261.07,1261.07,1261.07,0
2025-12-30 12:25:00,1261.07,1261.07,1261.07,1261.07,0
2025-12-30 12:30:00,1261.07,1261.07,1261.07,1261.07,0
2025-12-30 12:35:00,1261.07,1261.07,1261.07,1261.07,0
2025-12-30 12:40:00,1261.07,1261.07,1261.07,1261.07,0
2025-12-30 12:45:00,1261.07,1261.07,1261.07,1261.07,0
2025-12-30 12:50:00,1261.07,1261.07,1261.07,1261.07,0
2025-12-30 12:55:00,1261.07,1261.07,1261.07,1261.07,0
2025-12-30 13:00:00,1261.07,1261.07,1261.07,1261.07,0
2025-12-30 13:05:00,1261.07,1261.07,1261.07,1261.07,0
2025-12-30 13:10:00,1261.07,1261.07,1261.07,1261.07,0
2025-12-30 13:15:00,1261.07,1261.07,1261.07,1261.07,0
2025-12-30 13:20:00,1261.07,1261.07,1261.07,1261.07,0
2025-12-30 13:25:00,1261.07,1261.07,1261.07,1261.07,0
2025-12-30 13:30:00,1261.07,1261.07,1261.07,1261.07,0
2025-12-30 13:35:00,1261.07,1261.07,1261.07,1261.07,0
2025-12-30 13:40:00,1261.07,1261.07,1261.07,1261.07,0
2025-12-30 13:45:00,1261.07,1261.07,1261.07,1261.07,0
2025-12-30 13:50:00,1261.07,1261.07,1261.07,1261.07,0
2025-12-30 13:55:00,1261.07,1261.07,1261.07,1261.07,0
2025-12-30 14:00:00,1261.07,1261.07,1261.07,1261.07,0
2025-12-30 14:05:00,1261.07,1261.07,1261.07,1261.07,0
2025-12-30 14:10:00,1261.07,1261.07,1261.07,1261.07,0
2025-12-30 14:15:00,1261.07,1261.07,1261.07,1261.07,0
2025-12-30 14:20:00,1261.07,1261.07,1261.07,1261.07,0
2025-12-30 14:25:00,1261.07,1261.07,1261.07,1261.07,0
2025-12-30 14:30:00,1261.07,1261.07,1261.07,1261.07,0
2025-12-30 14:35:00,1261.07,1261.07,1261.07,1261.07,0
2025-12-30 14:40:00,1261.07,1261.07,1261.07,1261.07,0
2025-12-30 14:45:00,1261.07,1261.07,1261.07,1261.07,0
2025-12-30 14:50:00,1261.07,1261.07,1261.07,1261.07,0
2025-12-30 14:55:00,1261.07,1261.07,1261.07,1261.07,0
2025-12-30 15:00:00,1261.07,1261.07,1261.07,1261.07,0
2025-12-30 15:05:00,1261.07,1261.07,1261.07,1261.07,0
2025-12-30 15:10:00,1261.07,1261.07,1261.07,1261.07,0
2025-12-30 15:15:00,1261.07,1261.07,1261.07,1261.07,0
2025-12-30 15:20:00,1261.07,1261.07,1261.07,1261.07,0
2025-12-30 15:25:00,1261.07,1261.07,1261.07,1261.07,0
2025-12-31 09:15:00,1261.55,1261.55,1261.54,1261.54,0
2025-12-31 09:20:00,1261.54,1261.54,1261.54,1261.54,0
2025-12-31 09:25:00,1261.54,1261.54,1261.54,1261.54,0
2025-12-31 09:30:00,1261.54,1261.54,1261.54,1261.54,0
2025-12-31 09:35:00,1261.54,1261.54,1261.54,1261.54,0
2025-12-31 09:40:00,1261.54,1261.54,1261.54,1261.54,0
2025-12-31 09:45:00,1261.54,1261.54,1261.54,1261.54,0
2025-12-31 09:50:00,1261.54,1261.54,1261.54,1261.54,0
2025-12-31 09:55:00,1261.54,1261.54,1261.54,1261.54,0
2025-12-31 10:00:00,1261.54,1261.54,1261.54,1261.54,0
2025-12-31 10:05:00,1261.54,1261.54,1261.54,1261.54,0
2025-12-31 10:10:00,1261.54,1261.54,1261.54,1261.54,0
2025-12-31 10:15:00,1261.54,1261.54,1261.54,1261.54,0
2025-12-31 10:20:00,1261.54,1261.54,1261.54,1261.54,0
2025-12-31 10:25:00,1261.54,1261.54,1261.54,1261.54,0
2025-12-31 10:30:00,1261.54,1261.54,1261.54,1261.54,0
2025-12-31 10:35:00,1261.54,1261.54,1261.54,1261.54,0
2025-12-31 10:40:00,1261.54,1261.54,1261.54,1261.54,0
2025-12-31 10:45:00,1261.54,1261.54,1261.54,1261.54,0
2025-12-31 10:50:00,1261.54,1261.54,1261.54,1261.54,0
2025-12-31 10:55:00,1261.54,1261.54,1261.54,1261.54,0
2025-12-31 11:00:00,1261.54,1261.54,1261.54,1261.54,0
2025-12-31 11:05:00,1261.54,1261.54,1261.54,1261.54,0
2025-12-31 11:10:00,1261.54,1261.54,1261.54,1261.54,0
2025-12-31 11:15:00,1261.54,1261.54,1261.54,1261.54,0
2025-12-31 11:20:00,1261.54,1261.54,1261.54,1261.54,0
2025-12-31 11:25:00,1261.54,1261.54,1261.54,1261.54,0
2025-12-31 11:30:00,1261.54,1261.54,1261.54,1261.54,0
2025-12-31 11:35:00,1261.54,1261.54,1261.54,1261.54,0
2025-12-31 11:40:00,1261.54,1261.54,1261.54,1261.54,0
2025-12-31 11:45:00,1261.54,1261.54,1261.54,1261.54,0
2025-12-31 11:50:00,1261.54,1261.54,1261.54,1261.54,0
2025-12-31 11:55:00,1261.54,1261.54,1261.54,1261.54,0
2025-12-31 12:00:00,1261.54,1261.54,1261.54,1261.54,0
2025-12-31 12:05:00,1261.54,1261.54,1261.54,1261.54,0
2025-12-31 12:10:00,1261.54,1261.54,1261.54,1261.54,0
2025-12-31 12:15:00,1261.54,1261.54,1261.54,1261.54,0
2025-12-31 12:20:00,1261.54,1261.54,1261.54,1261.54,0
2025-12-31 12:25:00,1261.54,1261.54,1261.54,1261.54,0
2025-12-31 12:30:00,1261.54,1261.54,1261.54,1261.54,0
2025-12-31 12:35:00,1261.54,1261.54,1261.54,1261.54,0
2025-12-31 12:40:00,1261.54,1261.54,1261.54,1261.54,0
2025-12-31 12:45:00,1261.54,1261.54,1261.54,1261.54,0
2025-12-31 12:50:00,1261.54,1261.54,1261.54,1261.54,0
2025-12-31 12:55:00,1261.54,1261.54,1261.54,1261.54,0
2025-12-31 13:00:00,1261.54,1261.54,1261.54,1261.54,0
2025-12-31 13:05:00,1261.54,1261.54,1261.54,1261.54,0
2025-12-31 13:10:00,1261.54,1261.54,1261.54,1261.54,0
2025-12-31 13:15:00,1261.54,1261.54,1261.54,1261.54,0
2025-12-31 13:20:00,1261.54,1261.54,1261.54,1261.54,0
2025-12-31 13:25:00,1261.54,1261.54,1261.54,1261.54,0
2025-12-31 13:30:00,1261.54,1261.54,1261.54,1261.54,0
2025-12-31 13:35:00,1261.54,1261.54,1261.54,1261.54,0
2025-12-31 13:40:00,1261.54,1261.54,1261.54,1261.54,0
2025-12-31 13:45:00,1261.54,1261.54,1261.54,1261.54,0
2025-12-31 13:50:00,1261.54,1261.54,1261.54,1261.54,0
2025-12-31 13:55:00,1261.54,1261.54,1261.54,1261.54,0
2025-12-31 14:00:00,1261.54,1261.54,1261.54,1261.54,0
2025-12-31 14:05:00,1261.54,1261.54,1261.54,1261.54,0
2025-12-31 14:10:00,1261.54,1261.54,1261.54,1261.54,0
2025-12-31 14:15:00,1261.54,1261.54,1261.54,1261.54,0
2025-12-31 14:20:00,1261.54,1261.54,1261.54,1261.54,0
2025-12-31 14:25:00,1261.54,1261.54,1261.54,1261.54,0
2025-12-31 14:30:00,1261.54,1261.54,1261.54,1261.54,0
2025-12-31 14:35:00,1261.54,1261.54,1261.54,1261.54,0
2025-12-31 14:40:00,1261.54,1261.54,1261.54,1261.54,0
2025-12-31 14:45:00,1261.54,1261.54,1261.54,1261.54,0
2025-12-31 14:50:00,1261.54,1261.54,1261.54,1261.54,0
2025-12-31 14:55:00,1261.54,1261.54,1261.54,1261.54,0
2025-12-31 15:00:00,1261.54,1261.54,1261.54,1261.54,0
2025-12-31 15:05:00,1261.54,1261.54,1261.54,1261.54,0
2025-12-31 15:10:00,1261.54,1261.54,1261.54,1261.54,0
2025-12-31 15:15:00,1261.54,1261.54,1261.54,1261.54,0
2025-12-31 15:20:00,1261.54,1261.54,1261.54,1261.54,0
2025-12-31 15:25:00,1261.54,1261.54,1261.54,1261.54,0
2026-01-01 09:15:00,1258.86,1258.86,1258.85,1258.85,0
2026-01-01 09:20:00,1258.85,1258.85,1258.85,1258.85,0
2026-01-01 09:25:00,1258.85,1258.85,1258.85,1258.85,0
2026-01-01 09:30:00,1258.85,1258.85,1258.85,1258.85,0
2026-01-01 09:35:00,1258.85,1258.85,1258.85,1258.85,0
2026-01-01 09:40:00,1258.85,1258.85,1258.85,1258.85,0
2026-01-01 09:45:00,1258.85,1258.85,1258.85,1258.85,0
2026-01-01 09:50:00,1258.85,1258.85,1258.85,1258.85,0
2026-01-01 09:55:00,1258.85,1258.85,1258.85,1258.85,0
2026-01-01 10:00:00,1258.85,1258.85,1258.85,1258.85,0
2026-01-01 10:05:00,1258.85,1258.85,1258.85,1258.85,0
2026-01-01 10:10:00,1258.85,1258.85,1258.85,1258.85,0
2026-01-01 10:15:00,1258.85,1258.85,1258.85,1258.85,0
2026-01-01 10:20:00,1258.85,1258.85,1258.85,1258.85,0
2026-01-01 10:25:00,1258.85,1258.85,1258.85,1258.85,0
2026-01-01 10:30:00,1258.85,1258.85,1258.85,1258.85,0
2026-01-01 10:35:00,1258.85,1258.85,1258.85,1258.85,0
2026-01-01 10:40:00,1258.85,1258.85,1258.85,1258.85,0
2026-01-01 10:45:00,1258.85,1258.85,1258.85,1258.85,0
2026-01-01 10:50:00,1258.85,1258.85,1258.85,1258.85,0
2026-01-01 10:55:00,1258.85,1258.85,1258.85,1258.85,0
2026-01-01 11:00:00,1258.85,1258.85,1258.85,1258.85,0
2026-01-01 11:05:00,1258.85,1258.85,1258.85,1258.85,0
2026-01-01 11:10:00,1258.85,1258.85,1258.85,1258.85,0
2026-01-01 11:15:00,1258.85,1258.85,1258.85,1258.85,0
2026-01-01 11:20:00,1258.85,1258.85,1258.85,1258.85,0
2026-01-01 11:25:00,1258.85,1258.85,1258.85,1258.85,0
2026-01-01 11:30:00,1258.85,1258.85,1258.85,1258.85,0
2026-01-01 11:35:00,1258.85,1258.85,1258.85,1258.85,0
2026-01-01 11:40:00,1258.85,1258.85,1258.85,1258.85,0
2026-01-01 11:45:00,1258.85,1258.85,1258.85,1258.85,0
2026-01-01 11:50:00,1258.85,1258.85,1258.85,1258.85,0
2026-01-01 11:55:00,1258.85,1258.85,1258.85,1258.85,0
2026-01-01 12:00:00,1258.85,1258.85,1258.85,1258.85,0
2026-01-01 12:05:00,1258.85,1258.85,1258.85,1258.85,0
2026-01-01 12:10:00,1258.85,1258.85,1258.85,1258.85,0
2026-01-01 12:15:00,1258.85,1258.85,1258.85,1258.85,0
2026-01-01 12:20:00,1258.85,1258.85,1258.85,1258.85,0
2026-01-01 12:25:00,1258.85,1258.85,1258.85,1258.85,0
2026-01-01 12:30:00,1258.85,1258.85,1258.85,1258.85,0
2026-01-01 12:35:00,1258.85,1258.85,1258.85,1258.85,0
2026-01-01 12:40:00,1258.85,1258.85,1258.85,1258.85,0
2026-01-01 12:45:00,1258.85,1258.85,1258.85,1258.85,0
2026-01-01 12:50:00,1258.85,1258.85,1258.85,1258.85,0
2026-01-01 12:55:00,1258.85,1258.85,1258.85,1258.85,0
2026-01-01 13:00:00,1258.85,1258.85,1258.85,1258.85,0
2026-01-01 13:05:00,1258.85,1258.85,1258.85,1258.85,0
2026-01-01 13:10:00,1258.85,1258.85,1258.85,1258.85,0
2026-01-01 13:15:00,1258.85,1258.85,1258.85,1258.85,0
2026-01-01 13:20:00,1258.85,1258.85,1258.85,1258.85,0
2026-01-01 13:25:00,1258.85,1258.85,1258.85,1258.85,0
2026-01-01 13:30:00,1258.85,1258.85,1258.85,1258.85,0
2026-01-01 13:35:00,1258.85,1258.85,1258.85,1258.85,0
2026-01-01 13:40:00,1258.85,1258.85,1258.85,1258.85,0
2026-01-01 13:45:00,1258.85,1258.85,1258.85,1258.85,0
2026-01-01 13:50:00,1258.85,1258.85,1258.85,1258.85,0
2026-01-01 13:55:00,1258.85,1258.85,1258.85,1258.85,0
2026-01-01 14:00:00,1258.85,1258.85,1258.85,1258.85,0
2026-01-01 14:05:00,1258.85,1258.85,1258.85,1258.85,0
2026-01-01 14:10:00,1258.85,1258.85,1258.85,1258.85,0
2026-01-01 14:15:00,1258.85,1258.85,1258.85,1258.85,0
2026-01-01 14:20:00,1258.85,1258.85,1258.85,1258.85,0
2026-01-01 14:25:00,1258.85,1258.85,1258.85,1258.85,0
2026-01-01 14:30:00,1258.85,1258.85,1258.85,1258.85,0
2026-01-01 14:35:00,1258.85,1258.85,1258.85,1258.85,0
2026-01-01 14:40:00,1258.85,1258.85,1258.85,1258.85,0
2026-01-01 14:45:00,1258.85,1258.85,1258.85,1258.85,0
2026-01-01 14:50:00,1258.85,1258.85,1258.85,1258.85,0
2026-01-01 14:55:00,1258.85,1258.85,1258.85,1258.85,0
2026-01-01 15:00:00,1258.85,1258.85,1258.85,1258.85,0
2026-01-01 15:05:00,1258.85,1258.85,1258.85,1258.85,0
2026-01-01 15:10:00,1258.85,1258.85,1258.85,1258.85,0
2026-01-01 15:15:00,1258.85,1258.85,1258.85,1258.85,0
2026-01-01 15:20:00,1258.85,1258.85,1258.85,1258.85,0
2026-01-01 15:25:00,1258.85,1258.85,1258.85,1258.85,0
2026-01-02 09:15:00,1259.1,1259.1,1259.09,1259.09,0
2026-01-02 09:20:00,1259.09,1259.09,1259.09,1259.09,0
2026-01-02 09:25:00,1259.09,1259.09,1259.09,1259.09,0
2026-01-02 09:30:00,1259.09,1259.09,1259.09,1259.09,0
2026-01-02 09:35:00,1259.09,1259.09,1259.09,1259.09,0
2026-01-02 09:40:00,1259.09,1259.09,1259.09,1259.09,0
2026-01-02 09:45:00,1259.09,1259.09,1259.09,1259.09,0
2026-01-02 09:50:00,1259.09,1259.09,1259.09,1259.09,0
2026-01-02 09:55:00,1259.09,1259.09,1259.09,1259.09,0
2026-01-02 10:00:00,1259.09,1259.09,1259.09,1259.09,0
2026-01-02 10:05:00,1259.09,1259.09,1259.09,1259.09,0
2026-01-02 10:10:00,1259.09,1259.09,1259.09,1259.09,0
2026-01-02 10:15:00,1259.09,1259.09,1259.09,1259.09,0
2026-01-02 10:20:00,1259.09,1259.09,1259.09,1259.09,0
2026-01-02 10:25:00,1259.09,1259.09,1259.09,1259.09,0
2026-01-02 10:30:00,1259.09,1259.09,1259.09,1259.09,0
2026-01-02 10:35:00,1259.09,1259.09,1259.09,1259.09,0
2026-01-02 10:40:00,1259.09,1259.09,1259.09,1259.09,0
2026-01-02 10:45:00,1259.09,1259.09,1259.09,1259.09,0
2026-01-02 10:50:00,1259.09,1259.09,1259.09,1259.09,0
2026-01-02 10:55:00,1259.09,1259.09,1259.09,1259.09,0
2026-01-02 11:00:00,1259.09,1259.09,1259.09,1259.09,0
2026-01-02 11:05:00,1259.09,1259.09,1259.09,1259.09,0
2026-01-02 11:10:00,1259.09,1259.09,1259.09,1259.09,0
2026-01-02 11:15:00,1259.09,1259.09,1259.09,1259.09,0
2026-01-02 11:20:00,1259.09,1259.09,1259.09,1259.09,0
2026-01-02 11:25:00,1259.09,1259.09,1259.09,1259.09,0
2026-01-02 11:30:00,1259.09,1259.09,1259.09,1259.09,0
2026-01-02 11:35:00,1259.09,1259.09,1259.09,1259.09,0
2026-01-02 11:40:00,1259.09,1259.09,1259.09,1259.09,0
2026-01-02 11:45:00,1259.09,1259.09,1259.09,1259.09,0
2026-01-02 11:50:00,1259.09,1259.09,1259.09,1259.09,0
2026-01-02 11:55:00,1259.09,1259.09,1259.09,1259.09,0
2026-01-02 12:00:00,1259.09,1259.09,1259.09,1259.09,0
2026-01-02 12:05:00,1259.09,1259.09,1259.09,1259.09,0
2026-01-02 12:10:00,1259.09,1259.09,1259.09,1259.09,0
2026-01-02 12:15:00,1259.09,1259.09,1259.09,1259.09,0
2026-01-02 12:20:00,1259.09,1259.09,1259.09,1259.09,0
2026-01-02 12:25:00,1259.09,1259.09,1259.09,1259.09,0
2026-01-02 12:30:00,1259.09,1259.09,1259.09,1259.09,0
2026-01-02 12:35:00,1259.09,1259.09,1259.09,1259.09,0
2026-01-02 12:40:00,1259.09,1259.09,1259.09,1259.09,0
2026-01-02 12:45:00,1259.09,1259.09,1259.09,1259.09,0
2026-01-02 12:50:00,1259.09,1259.09,1259.09,1259.09,0
2026-01-02 12:55:00,1259.09,1259.09,1259.09,1259.09,0
2026-01-02 13:00:00,1259.09,1259.09,1259.09,1259.09,0
2026-01-02 13:05:00,1259.09,1259.09,1259.09,1259.09,0
2026-01-02 13:10:00,1259.09,1259.09,1259.09,1259.09,0
2026-01-02 13:15:00,1259.09,1259.09,1259.09,1259.09,0
2026-01-02 13:20:00,1259.09,1259.09,1259.09,1259.09,0
2026-01-02 13:25:00,1259.09,1259.09,1259.09,1259.09,0
2026-01-02 13:30:00,1259.09,1259.09,1259.09,1259.09,0
2026-01-02 13:35:00,1259.09,1259.09,1259.09,1259.09,0
2026-01-02 13:40:00,1259.09,1259.09,1259.09,1259.09,0
2026-01-02 13:45:00,1259.09,1259.09,1259.09,1259.09,0
2026-01-02 13:50:00,1259.09,1259.09,1259.09,1259.09,0
2026-01-02 13:55:00,1259.09,1259.09,1259.09,1259.09,0
2026-01-02 14:00:00,1259.09,1259.09,1259.09,1259.09,0
2026-01-02 14:05:00,1259.09,1259.09,1259.09,1259.09,0
2026-01-02 14:10:00,1259.09,1259.09,1259.09,1259.09,0
2026-01-02 14:15:00,1259.09,1259.09,1259.09,1259.09,0
2026-01-02 14:20:00,1259.09,1259.09,1259.09,1259.09,0
2026-01-02 14:25:00,1259.09,1259.09,1259.09,1259.09,0
2026-01-02 14:30:00,1259.09,1259.09,1259.09,1259.09,0
2026-01-02 14:35:00,1259.09,1259.09,1259.09,1259.09,0
2026-01-02 14:40:00,1259.09,1259.09,1259.09,1259.09,0
2026-01-02 14:45:00,1259.09,1259.09,1259.09,1259.09,0
2026-01-02 14:50:00,1259.09,1259.09,1259.09,1259.09,0
2026-01-02 14:55:00,1259.09,1259.09,1259.09,1259.09,0
2026-01-02 15:00:00,1259.09,1259.09,1259.09,1259.09,0
2026-01-02 15:05:00,1259.09,1259.09,1259.09,1259.09,0
2026-01-02 15:10:00,1259.09,1259.09,1259.09,1259.09,0
2026-01-02 15:15:00,1259.09,1259.09,1259.09,1259.09,0
2026-01-02 15:20:00,1259.09,1259.09,1259.09,1259.09,0
2026-01-02 15:25:00,1259.09,1259.09,1259.09,1259.09,0
2026-01-05 09:15:00,1259.73,1259.73,1259.72,1259.72,0
2026-01-05 09:20:00,1259.72,1259.72,1259.72,1259.72,0
2026-01-05 09:25:00,1259.72,1259.72,1259.72,1259.72,0
2026-01-05 09:30:00,1259.72,1259.72,1259.72,1259.72,0
2026-01-05 09:35:00,1259.72,1259.72,1259.72,1259.72,0
2026-01-05 09:40:00,1259.72,1259.72,1259.72,1259.72,0
2026-01-05 09:45:00,1259.72,1259.72,1259.72,1259.72,0
2026-01-05 09:50:00,1259.72,1259.72,1259.72,1259.72,0
2026-01-05 09:55:00,1259.72,1259.72,1259.72,1259.72,0
2026-01-05 10:00:00,1259.72,1259.72,1259.72,1259.72,0
2026-01-05 10:05:00,1259.72,1259.72,1259.72,1259.72,0
2026-01-05 10:10:00,1259.72,1259.72,1259.72,1259.72,0
2026-01-05 10:15:00,1259.72,1259.72,1259.72,1259.72,0
2026-01-05 10:20:00,1259.72,1259.72,1259.72,1259.72,0
2026-01-05 10:25:00,1259.72,1259.72,1259.72,1259.72,0
2026-01-05 10:30:00,1259.72,1259.72,1259.72,1259.72,0
2026-01-05 10:35:00,1259.72,1259.72,1259.72,1259.72,0
2026-01-05 10:40:00,1259.72,1259.72,1259.72,1259.72,0
2026-01-05 10:45:00,1259.72,1259.72,1259.72,1259.72,0
2026-01-05 10:50:00,1259.72,1259.72,1259.72,1259.72,0
2026-01-05 10:55:00,1259.72,1259.72,1259.72,1259.72,0
2026-01-05 11:00:00,1259.72,1259.72,1259.72,1259.72,0
2026-01-05 11:05:00,1259.72,1259.72,1259.72,1259.72,0
2026-01-05 11:10:00,1259.72,1259.72,1259.72,1259.72,0
2026-01-05 11:15:00,1259.72,1259.72,1259.72,1259.72,0
2026-01-05 11:20:00,1259.72,1259.72,1259.72,1259.72,0
2026-01-05 11:25:00,1259.72,1259.72,1259.72,1259.72,0
2026-01-05 11:30:00,1259.72,1259.72,1259.72,1259.72,0
2026-01-05 11:35:00,1259.72,1259.72,1259.72,1259.72,0
2026-01-05 11:40:00,1259.72,1259.72,1259.72,1259.72,0
2026-01-05 11:45:00,1259.72,1259.72,1259.72,1259.72,0
2026-01-05 11:50:00,1259.72,1259.72,1259.72,1259.72,0
2026-01-05 11:55:00,1259.72,1259.72,1259.72,1259.72,0
2026-01-05 12:00:00,1259.72,1259.72,1259.72,1259.72,0
2026-01-05 12:05:00,1259.72,1259.72,1259.72,1259.72,0
2026-01-05 12:10:00,1259.72,1259.72,1259.72,1259.72,0
2026-01-05 12:15:00,1259.72,1259.72,1259.72,1259.72,0
2026-01-05 12:20:00,1259.72,1259.72,1259.72,1259.72,0
2026-01-05 12:25:00,1259.72,1259.72,1259.72,1259.72,0
2026-01-05 12:30:00,1259.72,1259.72,1259.72,1259.72,0
2026-01-05 12:35:00,1259.72,1259.72,1259.72,1259.72,0
2026-01-05 12:40:00,1259.72,1259.72,1259.72,1259.72,0
2026-01-05 12:45:00,1259.72,1260.06,1259.72,1260.06,0
2026-01-05 12:50:00,1260.06,1260.06,1260.06,1260.06,0
2026-01-05 12:55:00,1260.06,1260.06,1260.06,1260.06,0
2026-01-05 13:00:00,1260.06,1260.06,1260.06,1260.06,0
2026-01-05 13:05:00,1260.06,1260.06,1260.06,1260.06,0
2026-01-05 13:10:00,1260.06,1260.06,1260.06,1260.06,0
2026-01-05 13:15:00,1260.06,1260.06,1260.06,1260.06,0
2026-01-05 13:20:00,1260.06,1260.06,1260.06,1260.06,0
2026-01-05 13:25:00,1260.06,1260.06,1260.06,1260.06,0
2026-01-05 13:30:00,1260.06,1260.06,1260.06,1260.06,0
2026-01-05 13:35:00,1260.06,1260.06,1260.06,1260.06,0
2026-01-05 13:40:00,1260.06,1260.06,1260.06,1260.06,0
2026-01-05 13:45:00,1260.06,1260.06,1260.06,1260.06,0
2026-01-05 13:50:00,1260.06,1260.06,1260.06,1260.06,0
2026-01-05 13:55:00,1260.06,1260.06,1260.06,1260.06,0
2026-01-05 14:00:00,1260.06,1260.06,1260.06,1260.06,0
2026-01-05 14:05:00,1260.06,1260.06,1260.06,1260.06,0
2026-01-05 14:10:00,1260.06,1260.06,1260.06,1260.06,0
2026-01-05 14:15:00,1260.06,1260.06,1260.06,1260.06,0
2026-01-05 14:20:00,1260.06,1260.06,1260.06,1260.06,0
2026-01-05 14:25:00,1260.06,1260.06,1260.06,1260.06,0
2026-01-05 14:30:00,1260.06,1260.06,1260.06,1260.06,0
2026-01-05 14:35:00,1260.06,1260.06,1260.06,1260.06,0
2026-01-05 14:40:00,1260.06,1260.06,1260.06,1260.06,0
2026-01-05 14:45:00,1260.06,1260.06,1260.06,1260.06,0
2026-01-05 14:50:00,1260.06,1260.06,1260.06,1260.06,0
2026-01-05 14:55:00,1260.06,1260.06,1260.06,1260.06,0
2026-01-05 15:00:00,1260.06,1260.06,1260.06,1260.06,0
2026-01-05 15:05:00,1260.06,1260.06,1260.06,1260.06,0
2026-01-05 15:10:00,1260.06,1260.06,1260.06,1260.06,0
2026-01-05 15:15:00,1260.06,1260.06,1260.06,1260.06,0
2026-01-05 15:20:00,1260.06,1260.06,1260.06,1260.06,0
2026-01-05 15:25:00,1260.06,1260.06,1260.06,1260.06,0
2026-01-06 09:15:00,1258.65,1258.65,1258.65,1258.65,0
2026-01-06 09:20:00,1258.65,1258.65,1258.65,1258.65,0
2026-01-06 09:25:00,1258.65,1258.65,1258.65,1258.65,0
2026-01-06 09:30:00,1258.65,1258.65,1258.65,1258.65,0
2026-01-06 09:35:00,1258.65,1258.65,1258.65,1258.65,0
2026-01-06 09:40:00,1258.65,1258.65,1258.65,1258.65,0
2026-01-06 09:45:00,1258.65,1258.65,1258.65,1258.65,0
2026-01-06 09:50:00,1258.65,1258.65,1258.65,1258.65,0
2026-01-06 09:55:00,1258.65,1258.65,1258.65,1258.65,0
2026-01-06 10:00:00,1258.65,1258.65,1258.65,1258.65,0
2026-01-06 10:05:00,1258.65,1258.65,1258.65,1258.65,0
2026-01-06 10:10:00,1258.65,1258.65,1258.65,1258.65,0
2026-01-06 10:15:00,1258.65,1258.65,1258.65,1258.65,0
2026-01-06 10:20:00,1258.65,1258.65,1258.65,1258.65,0
2026-01-06 10:25:00,1258.65,1258.65,1258.65,1258.65,0
2026-01-06 10:30:00,1258.65,1258.65,1258.65,1258.65,0
2026-01-06 10:35:00,1258.65,1258.65,1258.65,1258.65,0
2026-01-06 10:40:00,1258.65,1258.65,1258.65,1258.65,0
2026-01-06 10:45:00,1258.65,1258.65,1258.65,1258.65,0
2026-01-06 10:50:00,1258.65,1258.65,1258.65,1258.65,0
2026-01-06 10:55:00,1258.65,1258.65,1258.65,1258.65,0
2026-01-06 11:00:00,1258.65,1258.65,1258.65,1258.65,0
2026-01-06 11:05:00,1258.65,1258.65,1258.65,1258.65,0
2026-01-06 11:10:00,1258.65,1258.65,1258.65,1258.65,0
2026-01-06 11:15:00,1258.65,1258.65,1258.65,1258.65,0
2026-01-06 11:20:00,1258.65,1258.65,1258.65,1258.65,0
2026-01-06 11:25:00,1258.65,1258.65,1258.65,1258.65,0
2026-01-06 11:30:00,1258.65,1258.65,1258.65,1258.65,0
2026-01-06 11:35:00,1258.65,1258.65,1258.65,1258.65,0
2026-01-06 11:40:00,1258.65,1258.65,1258.65,1258.65,0
2026-01-06 11:45:00,1258.65,1258.65,1258.65,1258.65,0
2026-01-06 11:50:00,1258.65,1258.65,1258.65,1258.65,0
2026-01-06 11:55:00,1258.65,1258.65,1258.65,1258.65,0
2026-01-06 12:00:00,1258.65,1258.65,1258.65,1258.65,0
2026-01-06 12:05:00,1258.65,1258.65,1258.65,1258.65,0
2026-01-06 12:10:00,1258.65,1258.65,1258.65,1258.65,0
2026-01-06 12:15:00,1258.65,1258.65,1258.65,1258.65,0
2026-01-06 12:20:00,1258.65,1258.65,1258.65,1258.65,0
2026-01-06 12:25:00,1258.65,1258.65,1258.65,1258.65,0
2026-01-06 12:30:00,1258.65,1258.65,1258.65,1258.65,0
2026-01-06 12:35:00,1258.65,1258.65,1258.65,1258.65,0
2026-01-06 12:40:00,1258.65,1258.65,1258.65,1258.65,0
2026-01-06 12:45:00,1258.65,1258.65,1258.65,1258.65,0
2026-01-06 12:50:00,1258.65,1258.65,1258.65,1258.65,0
2026-01-06 12:55:00,1258.65,1258.65,1258.65,1258.65,0
2026-01-06 13:00:00,1258.65,1258.65,1258.65,1258.65,0
2026-01-06 13:05:00,1258.65,1258.65,1258.65,1258.65,0
2026-01-06 13:10:00,1258.65,1258.65,1258.65,1258.65,0
2026-01-06 13:15:00,1258.65,1258.65,1258.65,1258.65,0
2026-01-06 13:20:00,1258.65,1258.65,1258.65,1258.65,0
2026-01-06 13:25:00,1258.65,1258.65,1258.65,1258.65,0
2026-01-06 13:30:00,1258.65,1258.65,1258.65,1258.65,0
2026-01-06 13:35:00,1258.65,1258.65,1258.65,1258.65,0
2026-01-06 13:40:00,1258.65,1258.65,1258.65,1258.65,0
2026-01-06 13:45:00,1258.65,1258.65,1258.65,1258.65,0
2026-01-06 13:50:00,1258.65,1258.65,1258.65,1258.65,0
2026-01-06 13:55:00,1258.65,1258.65,1258.65,1258.65,0
2026-01-06 14:00:00,1258.65,1258.65,1258.65,1258.65,0
2026-01-06 14:05:00,1258.65,1258.65,1258.65,1258.65,0
2026-01-06 14:10:00,1258.65,1258.65,1258.65,1258.65,0
2026-01-06 14:15:00,1258.65,1258.65,1258.65,1258.65,0
2026-01-06 14:20:00,1258.65,1258.65,1258.65,1258.65,0
2026-01-06 14:25:00,1258.65,1258.65,1258.65,1258.65,0
2026-01-06 14:30:00,1258.65,1258.65,1258.65,1258.65,0
2026-01-06 14:35:00,1258.65,1258.65,1258.65,1258.65,0
2026-01-06 14:40:00,1258.65,1258.65,1258.65,1258.65,0
2026-01-06 14:45:00,1258.65,1258.65,1258.65,1258.65,0
2026-01-06 14:50:00,1258.65,1258.65,1258.65,1258.65,0
2026-01-06 14:55:00,1258.65,1258.65,1258.65,1258.65,0
2026-01-06 15:00:00,1258.65,1258.65,1258.65,1258.65,0
2026-01-06 15:05:00,1258.65,1258.65,1258.65,1258.65,0
2026-01-06 15:10:00,1258.65,1258.65,1258.65,1258.65,0
2026-01-06 15:15:00,1258.65,1258.65,1258.65,1258.65,0
2026-01-06 15:20:00,1258.65,1258.65,1258.65,1258.65,0
2026-01-06 15:25:00,1258.65,1258.65,1258.65,1258.65,0
2026-01-07 09:15:00,1258.64,1258.64,1258.63,1258.63,0
2026-01-07 09:20:00,1258.63,1258.63,1258.63,1258.63,0
2026-01-07 09:25:00,1258.63,1258.63,1258.63,1258.63,0
2026-01-07 09:30:00,1258.63,1258.63,1258.63,1258.63,0
2026-01-07 09:35:00,1258.63,1258.63,1258.63,1258.63,0
2026-01-07 09:40:00,1258.63,1258.63,1258.63,1258.63,0
2026-01-07 09:45:00,1258.63,1258.63,1258.63,1258.63,0
2026-01-07 09:50:00,1258.63,1258.63,1258.63,1258.63,0
2026-01-07 09:55:00,1258.63,1258.63,1258.63,1258.63,0
2026-01-07 10:00:00,1258.63,1258.63,1258.63,1258.63,0
2026-01-07 10:05:00,1258.63,1258.63,1258.63,1258.63,0
2026-01-07 10:10:00,1258.63,1258.63,1258.63,1258.63,0
2026-01-07 10:15:00,1258.63,1258.63,1258.63,1258.63,0
2026-01-07 10:20:00,1258.63,1258.63,1258.63,1258.63,0
2026-01-07 10:25:00,1258.63,1258.63,1258.63,1258.63,0
2026-01-07 10:30:00,1258.63,1258.63,1258.63,1258.63,0
2026-01-07 10:35:00,1258.63,1258.63,1258.63,1258.63,0
2026-01-07 10:40:00,1258.63,1258.63,1258.63,1258.63,0
2026-01-07 10:45:00,1258.63,1258.63,1258.63,1258.63,0
2026-01-07 10:50:00,1258.63,1258.63,1258.63,1258.63,0
2026-01-07 10:55:00,1258.63,1258.63,1258.63,1258.63,0
2026-01-07 11:00:00,1258.63,1258.63,1258.63,1258.63,0
2026-01-07 11:05:00,1258.63,1258.63,1258.63,1258.63,0
2026-01-07 11:10:00,1258.63,1258.63,1258.63,1258.63,0
2026-01-07 11:15:00,1258.63,1258.63,1258.63,1258.63,0
2026-01-07 11:20:00,1258.63,1258.63,1258.63,1258.63,0
2026-01-07 11:25:00,1258.63,1258.63,1258.63,1258.63,0
2026-01-07 11:30:00,1258.63,1258.63,1258.63,1258.63,0
2026-01-07 11:35:00,1258.63,1258.63,1258.63,1258.63,0
2026-01-07 11:40:00,1258.63,1258.63,1258.63,1258.63,0
2026-01-07 11:45:00,1258.63,1258.63,1258.63,1258.63,0
2026-01-07 11:50:00,1258.63,1258.63,1258.63,1258.63,0
2026-01-07 11:55:00,1258.63,1258.63,1258.63,1258.63,0
2026-01-07 12:00:00,1258.63,1258.63,1258.63,1258.63,0
2026-01-07 12:05:00,1258.63,1258.63,1258.63,1258.63,0
2026-01-07 12:10:00,1258.63,1258.63,1258.63,1258.63,0
2026-01-07 12:15:00,1258.63,1258.63,1258.63,1258.63,0
2026-01-07 12:20:00,1258.63,1258.63,1258.63,1258.63,0
2026-01-07 12:25:00,1258.63,1258.63,1258.63,1258.63,0
2026-01-07 12:30:00,1258.63,1258.63,1258.63,1258.63,0
2026-01-07 12:35:00,1258.63,1258.63,1258.63,1258.63,0
2026-01-07 12:40:00,1258.63,1258.63,1258.63,1258.63,0
2026-01-07 12:45:00,1258.63,1258.63,1258.63,1258.63,0
2026-01-07 12:50:00,1258.63,1258.63,1258.63,1258.63,0
2026-01-07 12:55:00,1258.63,1258.63,1258.63,1258.63,0
2026-01-07 13:00:00,1258.63,1258.63,1258.63,1258.63,0
2026-01-07 13:05:00,1258.63,1258.63,1258.63,1258.63,0
2026-01-07 13:10:00,1258.63,1258.63,1258.63,1258.63,0
2026-01-07 13:15:00,1258.63,1258.63,1258.63,1258.63,0
2026-01-07 13:20:00,1258.63,1258.63,1258.63,1258.63,0
2026-01-07 13:25:00,1258.63,1258.63,1258.63,1258.63,0
2026-01-07 13:30:00,1258.63,1258.63,1258.63,1258.63,0
2026-01-07 13:35:00,1258.63,1258.63,1258.63,1258.63,0
2026-01-07 13:40:00,1258.63,1258.63,1258.63,1258.63,0
2026-01-07 13:45:00,1258.63,1258.63,1258.63,1258.63,0
2026-01-07 13:50:00,1258.63,1258.63,1258.63,1258.63,0
2026-01-07 13:55:00,1258.63,1258.63,1258.63,1258.63,0
2026-01-07 14:00:00,1258.63,1258.63,1258.63,1258.63,0
2026-01-07 14:05:00,1258.63,1258.63,1258.63,1258.63,0
2026-01-07 14:10:00,1258.63,1258.63,1258.63,1258.63,0
2026-01-07 14:15:00,1258.63,1258.63,1258.63,1258.63,0
2026-01-07 14:20:00,1258.63,1258.63,1258.63,1258.63,0
2026-01-07 14:25:00,1258.63,1258.63,1258.63,1258.63,0
2026-01-07 14:30:00,1258.63,1258.63,1258.63,1258.63,0
2026-01-07 14:35:00,1258.63,1258.63,1258.63,1258.63,0
2026-01-07 14:40:00,1258.63,1258.63,1258.63,1258.63,0
2026-01-07 14:45:00,1258.63,1258.63,1258.63,1258.63,0
2026-01-07 14:50:00,1258.63,1258.63,1258.63,1258.63,0
2026-01-07 14:55:00,1258.63,1258.63,1258.63,1258.63,0
2026-01-07 15:00:00,1258.63,1258.63,1258.63,1258.63,0
2026-01-07 15:05:00,1258.63,1258.63,1258.63,1258.63,0
2026-01-07 15:10:00,1258.63,1258.63,1258.63,1258.63,0
2026-01-07 15:15:00,1258.63,1258.63,1258.63,1258.63,0
2026-01-07 15:20:00,1258.63,1258.63,1258.63,1258.63,0
2026-01-07 15:25:00,1258.63,1258.63,1258.63,1258.63,0
2026-01-08 09:15:00,1258.85,1258.85,1258.84,1258.84,0
2026-01-08 09:20:00,1258.84,1258.84,1258.84,1258.84,0
2026-01-08 09:25:00,1258.84,1258.84,1258.84,1258.84,0
2026-01-08 09:30:00,1258.84,1258.84,1258.84,1258.84,0
2026-01-08 09:35:00,1258.84,1258.84,1258.84,1258.84,0
2026-01-08 09:40:00,1258.84,1258.84,1258.84,1258.84,0
2026-01-08 09:45:00,1258.84,1258.84,1258.84,1258.84,0
2026-01-08 09:50:00,1258.84,1258.84,1258.84,1258.84,0
2026-01-08 09:55:00,1258.84,1258.84,1258.84,1258.84,0
2026-01-08 10:00:00,1258.84,1258.84,1258.84,1258.84,0
2026-01-08 10:05:00,1258.84,1258.84,1258.84,1258.84,0
2026-01-08 10:10:00,1258.84,1258.84,1258.84,1258.84,0
2026-01-08 10:15:00,1258.84,1258.84,1258.84,1258.84,0
2026-01-08 10:20:00,1258.84,1258.84,1258.84,1258.84,0
2026-01-08 10:25:00,1258.84,1258.84,1258.84,1258.84,0
2026-01-08 10:30:00,1258.84,1258.84,1258.84,1258.84,0
2026-01-08 10:35:00,1258.84,1258.84,1258.84,1258.84,0
2026-01-08 10:40:00,1258.84,1258.84,1258.84,1258.84,0
2026-01-08 10:45:00,1258.84,1258.84,1258.84,1258.84,0
2026-01-08 10:50:00,1258.84,1258.84,1258.84,1258.84,0
2026-01-08 10:55:00,1258.84,1258.84,1258.84,1258.84,0
2026-01-08 11:00:00,1258.84,1258.84,1258.84,1258.84,0
2026-01-08 11:05:00,1258.84,1258.84,1258.84,1258.84,0
2026-01-08 11:10:00,1258.84,1258.84,1258.84,1258.84,0
2026-01-08 11:15:00,1258.84,1258.84,1258.84,1258.84,0
2026-01-08 11:20:00,1258.84,1258.84,1258.84,1258.84,0
2026-01-08 11:25:00,1258.84,1258.84,1258.84,1258.84,0
2026-01-08 11:30:00,1258.84,1258.84,1258.84,1258.84,0
2026-01-08 11:35:00,1258.84,1258.84,1258.84,1258.84,0
2026-01-08 11:40:00,1258.84,1258.84,1258.84,1258.84,0
2026-01-08 11:45:00,1258.84,1258.84,1258.84,1258.84,0
2026-01-08 11:50:00,1258.84,1258.84,1258.84,1258.84,0
2026-01-08 11:55:00,1258.84,1258.84,1258.84,1258.84,0
2026-01-08 12:00:00,1258.84,1258.84,1258.84,1258.84,0
2026-01-08 12:05:00,1258.84,1258.84,1258.84,1258.84,0
2026-01-08 12:10:00,1258.84,1258.84,1258.84,1258.84,0
2026-01-08 12:15:00,1258.84,1258.84,1258.84,1258.84,0
2026-01-08 12:20:00,1258.84,1258.84,1258.84,1258.84,0
2026-01-08 12:25:00,1258.84,1258.84,1258.84,1258.84,0
2026-01-08 12:30:00,1258.84,1258.84,1258.84,1258.84,0
2026-01-08 12:35:00,1258.84,1258.84,1258.84,1258.84,0
2026-01-08 12:40:00,1258.84,1258.84,1258.84,1258.84,0
2026-01-08 12:45:00,1258.84,1258.84,1258.84,1258.84,0
2026-01-08 12:50:00,1258.84,1258.84,1258.84,1258.84,0
2026-01-08 12:55:00,1258.84,1258.84,1258.84,1258.84,0
2026-01-08 13:00:00,1258.84,1258.84,1258.84,1258.84,0
2026-01-08 13:05:00,1258.84,1258.84,1258.84,1258.84,0
2026-01-08 13:10:00,1258.84,1258.84,1258.84,1258.84,0
2026-01-08 13:15:00,1258.84,1258.84,1258.84,1258.84,0
2026-01-08 13:20:00,1258.84,1258.84,1258.84,1258.84,0
2026-01-08 13:25:00,1258.84,1258.84,1258.84,1258.84,0
2026-01-08 13:30:00,1258.84,1258.84,1258.84,1258.84,0
2026-01-08 13:35:00,1258.84,1258.84,1258.84,1258.84,0
2026-01-08 13:40:00,1258.84,1258.84,1258.84,1258.84,0
2026-01-08 13:45:00,1258.84,1258.84,1258.84,1258.84,0
2026-01-08 13:50:00,1258.84,1258.84,1258.84,1258.84,0
2026-01-08 13:55:00,1258.84,1258.84,1258.84,1258.84,0
2026-01-08 14:00:00,1258.84,1258.84,1258.84,1258.84,0
2026-01-08 14:05:00,1258.84,1258.84,1258.84,1258.84,0
2026-01-08 14:10:00,1258.84,1258.84,1258.84,1258.84,0
2026-01-08 14:15:00,1258.84,1258.84,1258.84,1258.84,0
2026-01-08 14:20:00,1258.84,1258.84,1258.84,1258.84,0
2026-01-08 14:25:00,1258.84,1258.84,1258.84,1258.84,0
2026-01-08 14:30:00,1258.84,1258.84,1258.84,1258.84,0
2026-01-08 14:35:00,1258.84,1258.84,1258.84,1258.84,0
2026-01-08 14:40:00,1258.84,1258.84,1258.84,1258.84,0
2026-01-08 14:45:00,1258.84,1258.84,1258.84,1258.84,0
2026-01-08 14:50:00,1258.84,1258.84,1258.84,1258.84,0
2026-01-08 14:55:00,1258.84,1258.84,1258.84,1258.84,0
2026-01-08 15:00:00,1258.84,1258.84,1258.84,1258.84,0
2026-01-08 15:05:00,1258.84,1258.84,1258.84,1258.84,0
2026-01-08 15:10:00,1258.84,1258.84,1258.84,1258.84,0
2026-01-08 15:15:00,1258.84,1258.84,1258.84,1258.84,0
2026-01-08 15:20:00,1258.84,1258.84,1258.84,1258.84,0
2026-01-08 15:25:00,1258.84,1258.84,1258.84,1258.84,0
2026-01-09 09:15:00,1258.38,1258.38,1258.37,1258.37,0
2026-01-09 09:20:00,1258.37,1258.37,1258.37,1258.37,0
2026-01-09 09:25:00,1258.37,1258.37,1258.37,1258.37,0
2026-01-09 09:30:00,1258.37,1258.37,1258.37,1258.37,0
2026-01-09 09:35:00,1258.37,1258.37,1258.37,1258.37,0
2026-01-09 09:40:00,1258.37,1258.37,1258.37,1258.37,0
2026-01-09 09:45:00,1258.37,1258.37,1258.37,1258.37,0
2026-01-09 09:50:00,1258.37,1258.37,1258.37,1258.37,0
2026-01-09 09:55:00,1258.37,1258.37,1258.37,1258.37,0
2026-01-09 10:00:00,1258.37,1258.37,1258.37,1258.37,0
2026-01-09 10:05:00,1258.37,1258.37,1258.37,1258.37,0
2026-01-09 10:10:00,1258.37,1258.37,1258.37,1258.37,0
2026-01-09 10:15:00,1258.37,1258.37,1258.37,1258.37,0
2026-01-09 10:20:00,1258.37,1258.37,1258.37,1258.37,0
2026-01-09 10:25:00,1258.37,1258.37,1258.37,1258.37,0
2026-01-09 10:30:00,1258.37,1258.37,1258.37,1258.37,0
2026-01-09 10:35:00,1258.37,1258.37,1258.37,1258.37,0
2026-01-09 10:40:00,1258.37,1258.37,1258.37,1258.37,0
2026-01-09 10:45:00,1258.37,1258.37,1258.37,1258.37,0
2026-01-09 10:50:00,1258.37,1258.37,1258.37,1258.37,0
2026-01-09 10:55:00,1258.37,1258.37,1258.37,1258.37,0
2026-01-09 11:00:00,1258.37,1258.37,1258.37,1258.37,0
2026-01-09 11:05:00,1258.37,1258.37,1258.37,1258.37,0
2026-01-09 11:10:00,1258.37,1258.37,1258.37,1258.37,0
2026-01-09 11:15:00,1258.37,1258.37,1258.37,1258.37,0
2026-01-09 11:20:00,1258.37,1258.37,1258.37,1258.37,0
2026-01-09 11:25:00,1258.37,1258.37,1258.37,1258.37,0
2026-01-09 11:30:00,1258.37,1258.37,1258.37,1258.37,0
2026-01-09 11:35:00,1258.37,1258.37,1258.37,1258.37,0
2026-01-09 11:40:00,1258.37,1258.37,1258.37,1258.37,0
2026-01-09 11:45:00,1258.37,1258.37,1258.37,1258.37,0
2026-01-09 11:50:00,1258.37,1258.37,1258.37,1258.37,0
2026-01-09 11:55:00,1258.37,1258.37,1258.37,1258.37,0
2026-01-09 12:00:00,1258.37,1258.37,1258.37,1258.37,0
2026-01-09 12:05:00,1258.37,1258.37,1258.37,1258.37,0
2026-01-09 12:10:00,1258.37,1258.37,1258.37,1258.37,0
2026-01-09 12:15:00,1258.37,1258.37,1258.37,1258.37,0
2026-01-09 12:20:00,1258.37,1258.37,1258.37,1258.37,0
2026-01-09 12:25:00,1258.37,1258.37,1258.37,1258.37,0
2026-01-09 12:30:00,1258.37,1258.37,1258.37,1258.37,0
2026-01-09 12:35:00,1258.37,1258.37,1258.37,1258.37,0
2026-01-09 12:40:00,1258.37,1258.37,1258.37,1258.37,0
2026-01-09 12:45:00,1258.37,1258.37,1258.37,1258.37,0
2026-01-09 12:50:00,1258.37,1258.37,1258.37,1258.37,0
2026-01-09 12:55:00,1258.37,1258.37,1258.37,1258.37,0
2026-01-09 13:00:00,1258.37,1258.37,1258.37,1258.37,0
2026-01-09 13:05:00,1258.37,1258.37,1258.37,1258.37,0
2026-01-09 13:10:00,1258.37,1258.37,1258.37,1258.37,0
2026-01-09 13:15:00,1258.37,1258.37,1258.37,1258.37,0
2026-01-09 13:20:00,1258.37,1258.37,1258.37,1258.37,0
2026-01-09 13:25:00,1258.37,1258.37,1258.37,1258.37,0
2026-01-09 13:30:00,1258.37,1258.37,1258.37,1258.37,0
2026-01-09 13:35:00,1258.37,1258.37,1258.37,1258.37,0
2026-01-09 13:40:00,1258.37,1258.37,1258.37,1258.37,0
2026-01-09 13:45:00,1258.37,1258.37,1258.37,1258.37,0
2026-01-09 13:50:00,1258.37,1258.37,1258.37,1258.37,0
2026-01-09 13:55:00,1258.37,1258.37,1258.37,1258.37,0
2026-01-09 14:00:00,1258.37,1258.37,1258.37,1258.37,0
2026-01-09 14:05:00,1258.37,1258.37,1258.37,1258.37,0
2026-01-09 14:10:00,1258.37,1258.37,1258.37,1258.37,0
2026-01-09 14:15:00,1258.37,1258.37,1258.37,1258.37,0
2026-01-09 14:20:00,1258.37,1258.37,1258.37,1258.37,0
2026-01-09 14:25:00,1258.37,1258.37,1258.37,1258.37,0
2026-01-09 14:30:00,1258.37,1258.37,1258.37,1258.37,0
2026-01-09 14:35:00,1258.37,1258.37,1258.37,1258.37,0
2026-01-09 14:40:00,1258.37,1258.37,1258.37,1258.37,0
2026-01-09 14:45:00,1258.37,1258.37,1258.37,1258.37,0
2026-01-09 14:50:00,1258.37,1258.37,1258.37,1258.37,0
2026-01-09 14:55:00,1258.37,1258.37,1258.37,1258.37,0
2026-01-09 15:00:00,1258.37,1258.37,1258.37,1258.37,0
2026-01-09 15:05:00,1258.37,1258.37,1258.37,1258.37,0
2026-01-09 15:10:00,1258.37,1258.37,1258.37,1258.37,0
2026-01-09 15:15:00,1258.37,1258.37,1258.37,1258.37,0
2026-01-09 15:20:00,1258.37,1258.37,1258.37,1258.37,0
2026-01-09 15:25:00,1258.37,1258.37,1258.37,1258.37,0
2026-01-12 09:15:00,1259.1,1259.1,1259.1,1259.1,0
2026-01-12 09:20:00,1259.1,1259.1,1259.1,1259.1,0
2026-01-12 09:25:00,1259.1,1259.1,1259.1,1259.1,0
2026-01-12 09:30:00,1259.1,1259.1,1259.1,1259.1,0
2026-01-12 09:35:00,1259.1,1259.1,1259.1,1259.1,0
2026-01-12 09:40:00,1259.1,1259.1,1259.1,1259.1,0
2026-01-12 09:45:00,1259.1,1259.1,1259.1,1259.1,0
2026-01-12 09:50:00,1259.1,1259.1,1259.1,1259.1,0
2026-01-12 09:55:00,1259.1,1259.1,1259.1,1259.1,0
2026-01-12 10:00:00,1259.1,1259.1,1259.1,1259.1,0
2026-01-12 10:05:00,1259.1,1259.1,1259.1,1259.1,0
2026-01-12 10:10:00,1259.1,1259.1,1259.1,1259.1,0
2026-01-12 10:15:00,1259.1,1259.1,1259.1,1259.1,0
2026-01-12 10:20:00,1259.1,1259.1,1259.1,1259.1,0
2026-01-12 10:25:00,1259.1,1259.1,1259.1,1259.1,0
2026-01-12 10:30:00,1259.1,1259.1,1259.1,1259.1,0
2026-01-12 10:35:00,1259.1,1259.1,1259.1,1259.1,0
2026-01-12 10:40:00,1259.1,1259.1,1259.1,1259.1,0
2026-01-12 10:45:00,1259.1,1259.1,1259.09,1259.09,0
2026-01-12 10:50:00,1259.09,1259.09,1259.09,1259.09,0
2026-01-12 10:55:00,1259.09,1259.09,1259.09,1259.09,0
2026-01-12 11:00:00,1259.09,1259.09,1259.09,1259.09,0
2026-01-12 11:05:00,1259.09,1259.09,1259.09,1259.09,0
2026-01-12 11:10:00,1259.09,1259.09,1259.09,1259.09,0
2026-01-12 11:15:00,1259.09,1259.09,1259.09,1259.09,0
2026-01-12 11:20:00,1259.09,1259.09,1259.09,1259.09,0
2026-01-12 11:25:00,1259.09,1259.09,1259.09,1259.09,0
2026-01-12 11:30:00,1259.09,1259.09,1259.09,1259.09,0
2026-01-12 11:35:00,1259.09,1259.09,1259.09,1259.09,0
2026-01-12 11:40:00,1259.09,1259.09,1259.09,1259.09,0
2026-01-12 11:45:00,1259.09,1259.09,1259.09,1259.09,0
2026-01-12 11:50:00,1259.09,1259.09,1259.09,1259.09,0
2026-01-12 11:55:00,1259.09,1259.09,1259.09,1259.09,0
2026-01-12 12:00:00,1259.09,1259.09,1259.09,1259.09,0
2026-01-12 12:05:00,1259.09,1259.09,1259.09,1259.09,0
2026-01-12 12:10:00,1259.09,1259.09,1259.09,1259.09,0
2026-01-12 12:15:00,1259.09,1259.09,1259.09,1259.09,0
2026-01-12 12:20:00,1259.09,1259.09,1259.09,1259.09,0
2026-01-12 12:25:00,1259.09,1259.09,1259.09,1259.09,0
2026-01-12 12:30:00,1259.09,1259.09,1259.09,1259.09,0
2026-01-12 12:35:00,1259.09,1259.09,1259.09,1259.09,0
2026-01-12 12:40:00,1259.09,1259.09,1259.09,1259.09,0
2026-01-12 12:45:00,1259.09,1259.09,1259.09,1259.09,0
2026-01-12 12:50:00,1259.09,1259.09,1259.09,1259.09,0
2026-01-12 12:55:00,1259.09,1259.09,1259.09,1259.09,0
2026-01-12 13:00:00,1259.09,1259.09,1259.09,1259.09,0
2026-01-12 13:05:00,1259.09,1259.09,1259.09,1259.09,0
2026-01-12 13:10:00,1259.09,1259.09,1259.09,1259.09,0
2026-01-12 13:15:00,1259.09,1259.09,1259.09,1259.09,0
2026-01-12 13:20:00,1259.09,1259.09,1259.09,1259.09,0
2026-01-12 13:25:00,1259.09,1259.09,1259.09,1259.09,0
2026-01-12 13:30:00,1259.09,1259.09,1259.09,1259.09,0
2026-01-12 13:35:00,1259.09,1259.09,1259.09,1259.09,0
2026-01-12 13:40:00,1259.09,1259.09,1259.09,1259.09,0
2026-01-12 13:45:00,1259.09,1259.09,1259.09,1259.09,0
2026-01-12 13:50:00,1259.09,1259.09,1259.09,1259.09,0
2026-01-12 13:55:00,1259.09,1259.09,1259.09,1259.09,0
2026-01-12 14:00:00,1259.09,1259.09,1259.09,1259.09,0
2026-01-12 14:05:00,1259.09,1259.09,1259.09,1259.09,0
2026-01-12 14:10:00,1259.09,1259.09,1259.09,1259.09,0
2026-01-12 14:15:00,1259.09,1259.09,1259.09,1259.09,0
2026-01-12 14:20:00,1259.09,1259.09,1259.09,1259.09,0
2026-01-12 14:25:00,1259.09,1259.09,1259.09,1259.09,0
2026-01-12 14:30:00,1259.09,1259.09,1259.09,1259.09,0
2026-01-12 14:35:00,1259.09,1259.09,1259.09,1259.09,0
2026-01-12 14:40:00,1259.09,1259.09,1259.09,1259.09,0
2026-01-12 14:45:00,1259.09,1259.09,1259.09,1259.09,0
2026-01-12 14:50:00,1259.09,1259.09,1259.09,1259.09,0
2026-01-12 14:55:00,1259.09,1259.09,1259.09,1259.09,0
2026-01-12 15:00:00,1259.09,1259.09,1259.09,1259.09,0
2026-01-12 15:05:00,1259.09,1259.09,1259.09,1259.09,0
2026-01-12 15:10:00,1259.09,1259.09,1259.09,1259.09,0
2026-01-12 15:15:00,1259.09,1259.09,1259.09,1259.09,0
2026-01-12 15:20:00,1259.09,1259.09,1259.09,1259.09,0
2026-01-12 15:25:00,1259.09,1259.09,1259.09,1259.09,0
2026-01-13 09:15:00,1259.08,1259.08,1259.07,1259.07,0
2026-01-13 09:20:00,1259.07,1259.07,1259.07,1259.07,0
2026-01-13 09:25:00,1259.07,1259.07,1259.07,1259.07,0
2026-01-13 09:30:00,1259.07,1259.07,1259.07,1259.07,0
2026-01-13 09:35:00,1259.07,1259.07,1259.07,1259.07,0
2026-01-13 09:40:00,1259.07,1259.07,1259.07,1259.07,0
2026-01-13 09:45:00,1259.07,1259.07,1259.07,1259.07,0
2026-01-13 09:50:00,1259.07,1259.07,1259.07,1259.07,0
2026-01-13 09:55:00,1259.07,1259.07,1259.07,1259.07,0
2026-01-13 10:00:00,1259.07,1259.07,1259.07,1259.07,0
2026-01-13 10:05:00,1259.07,1259.07,1259.07,1259.07,0
2026-01-13 10:10:00,1259.07,1259.07,1259.07,1259.07,0
2026-01-13 10:15:00,1259.07,1259.07,1259.07,1259.07,0
2026-01-13 10:20:00,1259.07,1259.07,1259.07,1259.07,0
2026-01-13 10:25:00,1259.07,1259.07,1259.07,1259.07,0
2026-01-13 10:30:00,1259.07,1259.07,1259.07,1259.07,0
2026-01-13 10:35:00,1259.07,1259.07,1259.07,1259.07,0
2026-01-13 10:40:00,1259.07,1259.07,1259.07,1259.07,0
2026-01-13 10:45:00,1259.07,1259.07,1259.07,1259.07,0
2026-01-13 10:50:00,1259.07,1259.07,1259.07,1259.07,0
2026-01-13 10:55:00,1259.07,1259.07,1259.07,1259.07,0
2026-01-13 11:00:00,1259.07,1259.07,1259.07,1259.07,0
2026-01-13 11:05:00,1259.07,1259.07,1259.07,1259.07,0
2026-01-13 11:10:00,1259.07,1259.07,1259.07,1259.07,0
2026-01-13 11:15:00,1259.07,1259.07,1259.07,1259.07,0
2026-01-13 11:20:00,1259.07,1259.07,1259.07,1259.07,0
2026-01-13 11:25:00,1259.07,1259.07,1259.07,1259.07,0
2026-01-13 11:30:00,1259.07,1259.07,1259.07,1259.07,0
2026-01-13 11:35:00,1259.07,1259.07,1259.07,1259.07,0
2026-01-13 11:40:00,1259.07,1259.07,1259.07,1259.07,0
2026-01-13 11:45:00,1259.07,1259.07,1259.07,1259.07,0
2026-01-13 11:50:00,1259.07,1259.07,1259.07,1259.07,0
2026-01-13 11:55:00,1259.07,1259.07,1259.07,1259.07,0
2026-01-13 12:00:00,1259.07,1259.07,1259.07,1259.07,0
2026-01-13 12:05:00,1259.07,1259.07,1259.07,1259.07,0
2026-01-13 12:10:00,1259.07,1259.07,1259.07,1259.07,0
2026-01-13 12:15:00,1259.07,1259.07,1259.07,1259.07,0
2026-01-13 12:20:00,1259.07,1259.07,1259.07,1259.07,0
2026-01-13 12:25:00,1259.07,1259.07,1259.07,1259.07,0
2026-01-13 12:30:00,1259.07,1259.07,1259.07,1259.07,0
2026-01-13 12:35:00,1259.07,1259.07,1259.07,1259.07,0
2026-01-13 12:40:00,1259.07,1259.07,1259.07,1259.07,0
2026-01-13 12:45:00,1259.07,1259.07,1259.07,1259.07,0
2026-01-13 12:50:00,1259.07,1259.07,1259.07,1259.07,0
2026-01-13 12:55:00,1259.07,1259.07,1259.07,1259.07,0
2026-01-13 13:00:00,1259.07,1259.07,1259.07,1259.07,0
2026-01-13 13:05:00,1259.07,1259.07,1259.07,1259.07,0
2026-01-13 13:10:00,1259.07,1259.07,1259.07,1259.07,0
2026-01-13 13:15:00,1259.07,1259.07,1259.07,1259.07,0
2026-01-13 13:20:00,1259.07,1259.07,1259.07,1259.07,0
2026-01-13 13:25:00,1259.07,1259.07,1259.07,1259.07,0
2026-01-13 13:30:00,1259.07,1259.07,1259.07,1259.07,0
2026-01-13 13:35:00,1259.07,1259.07,1259.07,1259.07,0
2026-01-13 13:40:00,1259.07,1259.07,1259.07,1259.07,0
2026-01-13 13:45:00,1259.07,1259.07,1259.07,1259.07,0
2026-01-13 13:50:00,1259.07,1259.07,1259.07,1259.07,0
2026-01-13 13:55:00,1259.07,1259.07,1259.07,1259.07,0
2026-01-13 14:00:00,1259.07,1259.07,1259.07,1259.07,0
2026-01-13 14:05:00,1259.07,1259.07,1259.07,1259.07,0
2026-01-13 14:10:00,1259.07,1259.07,1259.07,1259.07,0
2026-01-13 14:15:00,1259.07,1259.07,1259.07,1259.07,0
2026-01-13 14:20:00,1259.07,1259.07,1259.07,1259.07,0
2026-01-13 14:25:00,1259.07,1259.07,1259.07,1259.07,0
2026-01-13 14:30:00,1259.07,1259.07,1259.07,1259.07,0
2026-01-13 14:35:00,1259.07,1259.07,1259.07,1259.07,0
2026-01-13 14:40:00,1259.07,1259.07,1259.07,1259.07,0
2026-01-13 14:45:00,1259.07,1259.07,1259.07,1259.07,0
2026-01-13 14:50:00,1259.07,1259.07,1259.07,1259.07,0
2026-01-13 14:55:00,1259.07,1259.07,1259.07,1259.07,0
2026-01-13 15:00:00,1259.07,1259.07,1259.07,1259.07,0
2026-01-13 15:05:00,1259.07,1259.07,1259.07,1259.07,0
2026-01-13 15:10:00,1259.07,1259.07,1259.07,1259.07,0
2026-01-13 15:15:00,1259.07,1259.07,1259.07,1259.07,0
2026-01-13 15:20:00,1259.07,1259.07,1259.07,1259.07,0
2026-01-13 15:25:00,1259.07,1259.07,1259.07,1259.07,0
2026-01-14 09:15:00,1259.32,1259.32,1259.32,1259.32,0
2026-01-14 09:20:00,1259.32,1259.32,1259.32,1259.32,0
2026-01-14 09:25:00,1259.32,1259.32,1259.32,1259.32,0
2026-01-14 09:30:00,1259.32,1259.32,1259.32,1259.32,0
2026-01-14 09:35:00,1259.32,1259.32,1259.32,1259.32,0
2026-01-14 09:40:00,1259.32,1259.32,1259.32,1259.32,0
2026-01-14 09:45:00,1259.32,1259.32,1259.32,1259.32,0
2026-01-14 09:50:00,1259.32,1259.32,1259.32,1259.32,0
2026-01-14 09:55:00,1259.32,1259.32,1259.32,1259.32,0
2026-01-14 10:00:00,1259.32,1259.32,1259.32,1259.32,0
2026-01-14 10:05:00,1259.32,1259.32,1259.32,1259.32,0
2026-01-14 10:10:00,1259.32,1259.32,1259.32,1259.32,0
2026-01-14 10:15:00,1259.32,1259.32,1259.32,1259.32,0
2026-01-14 10:20:00,1259.32,1259.32,1259.32,1259.32,0
2026-01-14 10:25:00,1259.32,1259.32,1259.32,1259.32,0
2026-01-14 10:30:00,1259.32,1259.32,1259.32,1259.32,0
2026-01-14 10:35:00,1259.32,1259.32,1259.32,1259.32,0
2026-01-14 10:40:00,1259.32,1259.32,1259.32,1259.32,0
2026-01-14 10:45:00,1259.32,1259.32,1259.32,1259.32,0
2026-01-14 10:50:00,1259.32,1259.32,1259.31,1259.31,0
2026-01-14 10:55:00,1259.31,1259.31,1259.31,1259.31,0
2026-01-14 11:00:00,1259.31,1259.31,1259.31,1259.31,0
2026-01-14 11:05:00,1259.31,1259.31,1259.31,1259.31,0
2026-01-14 11:10:00,1259.31,1259.31,1259.31,1259.31,0
2026-01-14 11:15:00,1259.31,1259.31,1259.31,1259.31,0
2026-01-14 11:20:00,1259.31,1259.31,1259.31,1259.31,0
2026-01-14 11:25:00,1259.31,1259.31,1259.31,1259.31,0
2026-01-14 11:30:00,1259.31,1259.31,1259.31,1259.31,0
2026-01-14 11:35:00,1259.31,1259.31,1259.31,1259.31,0
2026-01-14 11:40:00,1259.31,1259.31,1259.31,1259.31,0
2026-01-14 11:45:00,1259.31,1259.31,1259.31,1259.31,0
2026-01-14 11:50:00,1259.31,1259.31,1259.31,1259.31,0
2026-01-14 11:55:00,1259.31,1259.31,1259.31,1259.31,0
2026-01-14 12:00:00,1259.31,1259.31,1259.31,1259.31,0
2026-01-14 12:05:00,1259.31,1259.31,1259.31,1259.31,0
2026-01-14 12:10:00,1259.31,1259.31,1259.31,1259.31,0
2026-01-14 12:15:00,1259.31,1259.31,1259.31,1259.31,0
2026-01-14 12:20:00,1259.31,1259.31,1259.31,1259.31,0
2026-01-14 12:25:00,1259.31,1259.31,1259.31,1259.31,0
2026-01-14 12:30:00,1259.31,1259.31,1259.31,1259.31,0
2026-01-14 12:35:00,1259.31,1259.31,1259.31,1259.31,0
2026-01-14 12:40:00,1259.31,1259.31,1259.31,1259.31,0
2026-01-14 12:45:00,1259.31,1259.31,1259.31,1259.31,0
2026-01-14 12:50:00,1259.31,1259.31,1259.31,1259.31,0
2026-01-14 12:55:00,1259.31,1259.31,1259.31,1259.31,0
2026-01-14 13:00:00,1259.31,1259.31,1258.6,1258.6,0
2026-01-14 13:05:00,1258.6,1258.6,1258.6,1258.6,0
2026-01-14 13:10:00,1258.6,1258.6,1258.6,1258.6,0
2026-01-14 13:15:00,1258.6,1258.6,1258.6,1258.6,0
2026-01-14 13:20:00,1258.6,1258.6,1258.6,1258.6,0
2026-01-14 13:25:00,1258.6,1258.6,1258.6,1258.6,0
2026-01-14 13:30:00,1258.6,1258.6,1258.6,1258.6,0
2026-01-14 13:35:00,1258.6,1258.6,1258.6,1258.6,0
2026-01-14 13:40:00,1258.6,1258.6,1258.6,1258.6,0
2026-01-14 13:45:00,1258.6,1258.6,1258.6,1258.6,0
2026-01-14 13:50:00,1258.6,1258.6,1258.6,1258.6,0
2026-01-14 13:55:00,1258.6,1258.6,1258.6,1258.6,0
2026-01-14 14:00:00,1258.6,1258.6,1258.6,1258.6,0
2026-01-14 14:05:00,1258.6,1258.6,1258.6,1258.6,0
2026-01-14 14:10:00,1258.6,1258.6,1258.6,1258.6,0
2026-01-14 14:15:00,1258.6,1258.6,1258.6,1258.6,0
2026-01-14 14:20:00,1258.6,1258.6,1258.6,1258.6,0
2026-01-14 14:25:00,1258.6,1258.6,1258.6,1258.6,0
2026-01-14 14:30:00,1258.6,1258.6,1258.6,1258.6,0
2026-01-14 14:35:00,1258.6,1258.6,1258.6,1258.6,0
2026-01-14 14:40:00,1258.6,1258.6,1258.6,1258.6,0
2026-01-14 14:45:00,1258.6,1258.6,1258.6,1258.6,0
2026-01-14 14:50:00,1258.6,1258.6,1258.6,1258.6,0
2026-01-14 14:55:00,1258.6,1258.6,1258.6,1258.6,0
2026-01-14 15:00:00,1258.6,1258.6,1258.6,1258.6,0
2026-01-14 15:05:00,1258.6,1258.6,1258.6,1258.6,0
2026-01-14 15:10:00,1258.6,1258.6,1258.6,1258.6,0
2026-01-14 15:15:00,1258.6,1258.6,1258.6,1258.6,0
2026-01-14 15:20:00,1258.6,1258.6,1258.6,1258.6,0
2026-01-14 15:25:00,1258.6,1258.6,1258.6,1258.6,0
2026-01-16 09:15:00,1257.27,1257.27,1257.26,1257.26,0
2026-01-16 09:20:00,1257.26,1257.26,1257.26,1257.26,0
2026-01-16 09:25:00,1257.26,1257.26,1257.26,1257.26,0
2026-01-16 09:30:00,1257.26,1257.26,1257.26,1257.26,0
2026-01-16 09:35:00,1257.26,1257.26,1257.26,1257.26,0
2026-01-16 09:40:00,1257.26,1257.26,1257.26,1257.26,0
2026-01-16 09:45:00,1257.26,1257.26,1257.26,1257.26,0
2026-01-16 09:50:00,1257.26,1257.26,1257.26,1257.26,0
2026-01-16 09:55:00,1257.26,1257.26,1257.26,1257.26,0
2026-01-16 10:00:00,1257.26,1257.26,1257.26,1257.26,0
2026-01-16 10:05:00,1257.26,1257.26,1257.26,1257.26,0
2026-01-16 10:10:00,1257.26,1257.26,1257.26,1257.26,0
2026-01-16 10:15:00,1257.26,1257.26,1257.26,1257.26,0
2026-01-16 10:20:00,1257.26,1257.26,1257.26,1257.26,0
2026-01-16 10:25:00,1257.26,1257.26,1257.26,1257.26,0
2026-01-16 10:30:00,1257.26,1257.26,1257.26,1257.26,0
2026-01-16 10:35:00,1257.26,1257.26,1257.26,1257.26,0
2026-01-16 10:40:00,1257.26,1257.26,1257.26,1257.26,0
2026-01-16 10:45:00,1257.26,1257.26,1257.26,1257.26,0
2026-01-16 10:50:00,1257.26,1257.26,1257.26,1257.26,0
2026-01-16 10:55:00,1257.26,1257.26,1257.26,1257.26,0
2026-01-16 11:00:00,1257.26,1257.26,1257.26,1257.26,0
2026-01-16 11:05:00,1257.26,1257.26,1257.26,1257.26,0
2026-01-16 11:10:00,1257.26,1257.26,1257.26,1257.26,0
2026-01-16 11:15:00,1257.26,1257.26,1257.26,1257.26,0
2026-01-16 11:20:00,1257.26,1257.26,1257.26,1257.26,0
2026-01-16 11:25:00,1257.26,1257.26,1257.26,1257.26,0
2026-01-16 11:30:00,1257.26,1257.26,1257.26,1257.26,0
2026-01-16 11:35:00,1257.26,1257.26,1257.26,1257.26,0
2026-01-16 11:40:00,1257.26,1257.26,1257.26,1257.26,0
2026-01-16 11:45:00,1257.26,1257.26,1257.26,1257.26,0
2026-01-16 11:50:00,1257.26,1257.26,1257.26,1257.26,0
2026-01-16 11:55:00,1257.26,1257.26,1257.26,1257.26,0
2026-01-16 12:00:00,1257.26,1257.26,1257.26,1257.26,0
2026-01-16 12:05:00,1257.26,1257.26,1257.26,1257.26,0
2026-01-16 12:10:00,1257.26,1257.26,1257.26,1257.26,0
2026-01-16 12:15:00,1257.26,1257.26,1257.26,1257.26,0
2026-01-16 12:20:00,1257.26,1257.26,1257.26,1257.26,0
2026-01-16 12:25:00,1257.26,1257.26,1257.26,1257.26,0
2026-01-16 12:30:00,1257.26,1257.26,1257.26,1257.26,0
2026-01-16 12:35:00,1257.26,1257.26,1257.26,1257.26,0
2026-01-16 12:40:00,1257.26,1257.26,1257.26,1257.26,0
2026-01-16 12:45:00,1257.26,1257.26,1257.26,1257.26,0
2026-01-16 12:50:00,1257.26,1257.26,1257.16,1257.16,0
2026-01-16 12:55:00,1257.16,1257.16,1257.16,1257.16,0
2026-01-16 13:00:00,1257.16,1257.16,1257.16,1257.16,0
2026-01-16 13:05:00,1257.16,1257.16,1257.16,1257.16,0
2026-01-16 13:10:00,1257.16,1257.16,1257.16,1257.16,0
2026-01-16 13:15:00,1257.16,1257.16,1257.16,1257.16,0
2026-01-16 13:20:00,1257.16,1257.16,1257.16,1257.16,0
2026-01-16 13:25:00,1257.16,1257.16,1257.16,1257.16,0
2026-01-16 13:30:00,1257.16,1257.16,1257.16,1257.16,0
2026-01-16 13:35:00,1257.16,1257.16,1257.16,1257.16,0
2026-01-16 13:40:00,1257.16,1257.16,1257.16,1257.16,0
2026-01-16 13:45:00,1257.16,1257.16,1257.16,1257.16,0
2026-01-16 13:50:00,1257.16,1257.16,1257.16,1257.16,0
2026-01-16 13:55:00,1257.16,1257.16,1257.16,1257.16,0
2026-01-16 14:00:00,1257.16,1257.16,1257.16,1257.16,0
2026-01-16 14:05:00,1257.16,1257.16,1257.16,1257.16,0
2026-01-16 14:10:00,1257.16,1257.16,1257.16,1257.16,0
2026-01-16 14:15:00,1257.16,1257.16,1257.16,1257.16,0
2026-01-16 14:20:00,1257.16,1257.16,1257.16,1257.16,0
2026-01-16 14:25:00,1257.16,1257.16,1257.16,1257.16,0
2026-01-16 14:30:00,1257.16,1257.16,1257.16,1257.16,0
2026-01-16 14:35:00,1257.16,1257.16,1257.16,1257.16,0
2026-01-16 14:40:00,1257.16,1257.16,1257.16,1257.16,0
2026-01-16 14:45:00,1257.16,1257.16,1257.16,1257.16,0
2026-01-16 14:50:00,1257.16,1257.16,1257.16,1257.16,0
2026-01-16 14:55:00,1257.16,1257.16,1257.16,1257.16,0
2026-01-16 15:00:00,1257.16,1257.16,1257.16,1257.16,0
2026-01-16 15:05:00,1257.16,1257.16,1257.16,1257.16,0
2026-01-16 15:10:00,1257.16,1257.16,1257.16,1257.16,0
2026-01-16 15:15:00,1257.16,1257.16,1257.16,1257.16,0
2026-01-16 15:20:00,1257.16,1257.16,1257.16,1257.16,0
2026-01-16 15:25:00,1257.16,1257.16,1257.16,1257.16,0
2026-01-19 09:15:00,1251.66,1251.66,1251.65,1251.65,0
2026-01-19 09:20:00,1251.65,1251.65,1251.65,1251.65,0
2026-01-19 09:25:00,1251.65,1251.65,1251.65,1251.65,0
2026-01-19 09:30:00,1251.65,1251.65,1251.65,1251.65,0
2026-01-19 09:35:00,1251.65,1251.65,1251.65,1251.65,0
2026-01-19 09:40:00,1251.65,1251.65,1251.65,1251.65,0
2026-01-19 09:45:00,1251.65,1251.65,1251.65,1251.65,0
2026-01-19 09:50:00,1251.65,1251.65,1251.65,1251.65,0
2026-01-19 09:55:00,1251.65,1251.65,1251.65,1251.65,0
2026-01-19 10:00:00,1251.65,1251.65,1251.65,1251.65,0
2026-01-19 10:05:00,1251.65,1251.65,1251.65,1251.65,0
2026-01-19 10:10:00,1251.65,1251.65,1251.65,1251.65,0
2026-01-19 10:15:00,1251.65,1251.65,1251.65,1251.65,0
2026-01-19 10:20:00,1251.65,1251.65,1251.65,1251.65,0
2026-01-19 10:25:00,1251.65,1251.65,1251.65,1251.65,0
2026-01-19 10:30:00,1251.65,1251.65,1251.65,1251.65,0
2026-01-19 10:35:00,1251.65,1251.65,1251.65,1251.65,0
2026-01-19 10:40:00,1251.65,1251.65,1251.65,1251.65,0
2026-01-19 10:45:00,1251.65,1251.65,1251.65,1251.65,0
2026-01-19 10:50:00,1251.65,1251.65,1251.65,1251.65,0
2026-01-19 10:55:00,1251.65,1251.65,1251.65,1251.65,0
2026-01-19 11:00:00,1251.65,1251.65,1251.65,1251.65,0
2026-01-19 11:05:00,1251.65,1251.65,1251.65,1251.65,0
2026-01-19 11:10:00,1251.65,1251.65,1251.65,1251.65,0
2026-01-19 11:15:00,1251.65,1251.65,1251.65,1251.65,0
2026-01-19 11:20:00,1251.65,1251.65,1251.65,1251.65,0
2026-01-19 11:25:00,1251.65,1251.65,1251.65,1251.65,0
2026-01-19 11:30:00,1251.65,1251.65,1251.65,1251.65,0
2026-01-19 11:35:00,1251.65,1251.65,1251.65,1251.65,0
2026-01-19 11:40:00,1251.65,1251.65,1251.65,1251.65,0
2026-01-19 11:45:00,1251.65,1251.65,1251.65,1251.65,0
2026-01-19 11:50:00,1251.65,1251.65,1251.65,1251.65,0
2026-01-19 11:55:00,1251.65,1251.65,1251.65,1251.65,0
2026-01-19 12:00:00,1251.65,1251.65,1251.65,1251.65,0
2026-01-19 12:05:00,1251.65,1251.65,1251.65,1251.65,0
2026-01-19 12:10:00,1251.65,1251.65,1251.65,1251.65,0
2026-01-19 12:15:00,1251.65,1251.65,1251.65,1251.65,0
2026-01-19 12:20:00,1251.65,1251.65,1251.65,1251.65,0
2026-01-19 12:25:00,1251.65,1251.65,1251.65,1251.65,0
2026-01-19 12:30:00,1251.65,1251.65,1251.65,1251.65,0
2026-01-19 12:35:00,1251.65,1251.65,1251.65,1251.65,0
2026-01-19 12:40:00,1251.65,1251.65,1251.65,1251.65,0
2026-01-19 12:45:00,1251.65,1251.65,1251.65,1251.65,0
2026-01-19 12:50:00,1251.65,1251.65,1251.65,1251.65,0
2026-01-19 12:55:00,1251.65,1251.65,1251.65,1251.65,0
2026-01-19 13:00:00,1251.65,1251.65,1251.65,1251.65,0
2026-01-19 13:05:00,1251.65,1251.65,1251.65,1251.65,0
2026-01-19 13:10:00,1251.65,1251.65,1251.65,1251.65,0
2026-01-19 13:15:00,1251.65,1251.65,1251.65,1251.65,0
2026-01-19 13:20:00,1251.65,1251.65,1251.65,1251.65,0
2026-01-19 13:25:00,1251.65,1251.65,1251.65,1251.65,0
2026-01-19 13:30:00,1251.65,1251.65,1251.65,1251.65,0
2026-01-19 13:35:00,1251.65,1251.65,1251.65,1251.65,0
2026-01-19 13:40:00,1251.65,1251.65,1251.65,1251.65,0
2026-01-19 13:45:00,1251.65,1251.65,1251.65,1251.65,0
2026-01-19 13:50:00,1251.65,1251.65,1251.65,1251.65,0
2026-01-19 13:55:00,1251.65,1251.65,1251.65,1251.65,0
2026-01-19 14:00:00,1251.65,1251.65,1251.65,1251.65,0
2026-01-19 14:05:00,1251.65,1251.65,1251.65,1251.65,0
2026-01-19 14:10:00,1251.65,1251.65,1251.65,1251.65,0
2026-01-19 14:15:00,1251.65,1251.65,1251.65,1251.65,0
2026-01-19 14:20:00,1251.65,1251.65,1251.65,1251.65,0
2026-01-19 14:25:00,1251.65,1251.65,1251.65,1251.65,0
2026-01-19 14:30:00,1251.65,1251.65,1251.65,1251.65,0
2026-01-19 14:35:00,1251.65,1251.65,1251.65,1251.65,0
2026-01-19 14:40:00,1251.65,1251.65,1251.65,1251.65,0
2026-01-19 14:45:00,1251.65,1251.65,1251.65,1251.65,0
2026-01-19 14:50:00,1251.65,1251.65,1251.65,1251.65,0
2026-01-19 14:55:00,1251.65,1251.65,1251.65,1251.65,0
2026-01-19 15:00:00,1251.65,1251.65,1251.65,1251.65,0
2026-01-19 15:05:00,1251.65,1251.65,1251.65,1251.65,0
2026-01-19 15:10:00,1251.65,1251.65,1251.65,1251.65,0
2026-01-19 15:15:00,1251.65,1251.65,1251.65,1251.65,0
2026-01-19 15:20:00,1251.65,1251.65,1251.65,1251.65,0
2026-01-19 15:25:00,1251.65,1251.65,1251.65,1251.65,0
2026-01-20 09:15:00,1251.81,1251.81,1251.81,1251.81,0
2026-01-20 09:20:00,1251.81,1251.81,1251.81,1251.81,0
2026-01-20 09:25:00,1251.81,1251.81,1251.81,1251.81,0
2026-01-20 09:30:00,1251.81,1251.81,1251.81,1251.81,0
2026-01-20 09:35:00,1251.81,1251.81,1251.81,1251.81,0
2026-01-20 09:40:00,1251.81,1251.81,1251.81,1251.81,0
2026-01-20 09:45:00,1251.81,1251.81,1251.81,1251.81,0
2026-01-20 09:50:00,1251.81,1251.81,1251.81,1251.81,0
2026-01-20 09:55:00,1251.81,1251.81,1251.81,1251.81,0
2026-01-20 10:00:00,1251.81,1251.81,1251.81,1251.81,0
2026-01-20 10:05:00,1251.81,1251.81,1251.81,1251.81,0
2026-01-20 10:10:00,1251.81,1251.81,1251.81,1251.81,0
2026-01-20 10:15:00,1251.81,1251.81,1251.81,1251.81,0
2026-01-20 10:20:00,1251.81,1251.81,1251.81,1251.81,0
2026-01-20 10:25:00,1251.81,1251.81,1251.81,1251.81,0
2026-01-20 10:30:00,1251.81,1251.81,1251.81,1251.81,0
2026-01-20 10:35:00,1251.81,1251.81,1251.81,1251.81,0
2026-01-20 10:40:00,1251.81,1251.81,1251.81,1251.81,0
2026-01-20 10:45:00,1251.81,1251.81,1251.81,1251.81,0
2026-01-20 10:50:00,1251.81,1251.81,1251.81,1251.81,0
2026-01-20 10:55:00,1251.81,1251.81,1251.81,1251.81,0
2026-01-20 11:00:00,1251.81,1251.81,1251.81,1251.81,0
2026-01-20 11:05:00,1251.81,1251.81,1251.81,1251.81,0
2026-01-20 11:10:00,1251.81,1251.81,1251.81,1251.81,0
2026-01-20 11:15:00,1251.81,1251.81,1251.81,1251.81,0
2026-01-20 11:20:00,1251.81,1251.81,1251.81,1251.81,0
2026-01-20 11:25:00,1251.81,1251.81,1251.81,1251.81,0
2026-01-20 11:30:00,1251.81,1251.81,1251.81,1251.81,0
2026-01-20 11:35:00,1251.81,1251.81,1251.81,1251.81,0
2026-01-20 11:40:00,1251.81,1251.81,1251.81,1251.81,0
2026-01-20 11:45:00,1251.81,1251.81,1251.81,1251.81,0
2026-01-20 11:50:00,1251.81,1251.81,1251.81,1251.81,0
2026-01-20 11:55:00,1251.81,1251.81,1251.81,1251.81,0
2026-01-20 12:00:00,1251.81,1251.81,1251.81,1251.81,0
2026-01-20 12:05:00,1251.81,1251.81,1251.81,1251.81,0
2026-01-20 12:10:00,1251.81,1251.81,1251.81,1251.81,0
2026-01-20 12:15:00,1251.81,1251.81,1251.81,1251.81,0
2026-01-20 12:20:00,1251.81,1251.81,1251.81,1251.81,0
2026-01-20 12:25:00,1251.81,1251.81,1251.81,1251.81,0
2026-01-20 12:30:00,1251.81,1251.81,1251.81,1251.81,0
2026-01-20 12:35:00,1251.81,1251.81,1251.81,1251.81,0
2026-01-20 12:40:00,1251.81,1251.81,1251.81,1251.81,0
2026-01-20 12:45:00,1251.81,1251.81,1251.7,1251.7,0
2026-01-20 12:50:00,1251.7,1251.7,1251.7,1251.7,0
2026-01-20 12:55:00,1251.7,1251.7,1251.7,1251.7,0
2026-01-20 13:00:00,1251.7,1251.7,1251.7,1251.7,0
2026-01-20 13:05:00,1251.7,1251.7,1251.7,1251.7,0
2026-01-20 13:10:00,1251.7,1251.7,1251.7,1251.7,0
2026-01-20 13:15:00,1251.7,1251.7,1251.7,1251.7,0
2026-01-20 13:20:00,1251.7,1251.7,1251.7,1251.7,0
2026-01-20 13:25:00,1251.7,1251.7,1251.7,1251.7,0
2026-01-20 13:30:00,1251.7,1251.7,1251.7,1251.7,0
2026-01-20 13:35:00,1251.7,1251.7,1251.7,1251.7,0
2026-01-20 13:40:00,1251.7,1251.7,1251.7,1251.7,0
2026-01-20 13:45:00,1251.7,1251.7,1251.7,1251.7,0
2026-01-20 13:50:00,1251.7,1251.7,1251.7,1251.7,0
2026-01-20 13:55:00,1251.7,1251.7,1251.7,1251.7,0
2026-01-20 14:00:00,1251.7,1251.7,1251.7,1251.7,0
2026-01-20 14:05:00,1251.7,1251.7,1251.7,1251.7,0
2026-01-20 14:10:00,1251.7,1251.7,1251.7,1251.7,0
2026-01-20 14:15:00,1251.7,1251.7,1251.7,1251.7,0
2026-01-20 14:20:00,1251.7,1251.7,1251.7,1251.7,0
2026-01-20 14:25:00,1251.7,1251.7,1251.7,1251.7,0
2026-01-20 14:30:00,1251.7,1251.7,1251.7,1251.7,0
2026-01-20 14:35:00,1251.7,1251.7,1251.7,1251.7,0
2026-01-20 14:40:00,1251.7,1251.7,1251.7,1251.7,0
2026-01-20 14:45:00,1251.7,1251.7,1251.7,1251.7,0
2026-01-20 14:50:00,1251.7,1251.7,1251.7,1251.7,0
2026-01-20 14:55:00,1251.7,1251.7,1251.7,1251.7,0
2026-01-20 15:00:00,1251.7,1251.7,1251.7,1251.7,0
2026-01-20 15:05:00,1251.7,1251.7,1251.7,1251.7,0
2026-01-20 15:10:00,1251.7,1251.7,1251.7,1251.7,0
2026-01-20 15:15:00,1251.7,1251.7,1251.7,1251.7,0
2026-01-20 15:20:00,1251.7,1251.7,1251.7,1251.7,0
2026-01-20 15:25:00,1251.7,1251.7,1251.7,1251.7,0
2026-01-21 09:15:00,1249.42,1249.42,1249.41,1249.41,0
2026-01-21 09:20:00,1249.41,1249.41,1249.41,1249.41,0
2026-01-21 09:25:00,1249.41,1249.41,1249.41,1249.41,0
2026-01-21 09:30:00,1249.41,1249.41,1249.41,1249.41,0
2026-01-21 09:35:00,1249.41,1249.41,1249.41,1249.41,0
2026-01-21 09:40:00,1249.41,1249.41,1249.41,1249.41,0
2026-01-21 09:45:00,1249.41,1249.41,1249.41,1249.41,0
2026-01-21 09:50:00,1249.41,1249.41,1249.41,1249.41,0
2026-01-21 09:55:00,1249.41,1249.41,1249.41,1249.41,0
2026-01-21 10:00:00,1249.41,1249.41,1249.41,1249.41,0
2026-01-21 10:05:00,1249.41,1249.41,1249.41,1249.41,0
2026-01-21 10:10:00,1249.41,1249.41,1249.41,1249.41,0
2026-01-21 10:15:00,1249.41,1249.41,1249.41,1249.41,0
2026-01-21 10:20:00,1249.41,1249.41,1249.41,1249.41,0
2026-01-21 10:25:00,1249.41,1249.41,1249.41,1249.41,0
2026-01-21 10:30:00,1249.41,1249.41,1249.41,1249.41,0
2026-01-21 10:35:00,1249.41,1249.41,1249.41,1249.41,0
2026-01-21 10:40:00,1249.41,1249.41,1249.41,1249.41,0
2026-01-21 10:45:00,1249.41,1249.41,1249.41,1249.41,0
2026-01-21 10:50:00,1249.41,1249.41,1249.41,1249.41,0
2026-01-21 10:55:00,1249.41,1249.41,1249.41,1249.41,0
2026-01-21 11:00:00,1249.41,1249.41,1249.41,1249.41,0
2026-01-21 11:05:00,1249.41,1249.41,1249.41,1249.41,0
2026-01-21 11:10:00,1249.41,1249.41,1249.41,1249.41,0
2026-01-21 11:15:00,1249.41,1249.41,1249.41,1249.41,0
2026-01-21 11:20:00,1249.41,1249.41,1249.41,1249.41,0
2026-01-21 11:25:00,1249.41,1249.41,1249.41,1249.41,0
2026-01-21 11:30:00,1249.41,1249.41,1249.41,1249.41,0
2026-01-21 11:35:00,1249.41,1249.41,1249.41,1249.41,0
2026-01-21 11:40:00,1249.41,1249.41,1249.41,1249.41,0
2026-01-21 11:45:00,1249.41,1249.41,1249.41,1249.41,0
2026-01-21 11:50:00,1249.41,1249.41,1249.41,1249.41,0
2026-01-21 11:55:00,1249.41,1249.41,1249.41,1249.41,0
2026-01-21 12:00:00,1249.41,1249.41,1249.41,1249.41,0
2026-01-21 12:05:00,1249.41,1249.41,1249.41,1249.41,0
2026-01-21 12:10:00,1249.41,1249.41,1249.41,1249.41,0
2026-01-21 12:15:00,1249.41,1249.41,1249.41,1249.41,0
2026-01-21 12:20:00,1249.41,1249.41,1249.41,1249.41,0
2026-01-21 12:25:00,1249.41,1249.41,1249.41,1249.41,0
2026-01-21 12:30:00,1249.41,1249.41,1249.41,1249.41,0
2026-01-21 12:35:00,1249.41,1249.41,1249.41,1249.41,0
2026-01-21 12:40:00,1249.41,1249.41,1249.41,1249.41,0
2026-01-21 12:45:00,1249.41,1249.41,1249.41,1249.41,0
2026-01-21 12:50:00,1249.41,1249.41,1249.41,1249.41,0
2026-01-21 12:55:00,1249.41,1249.41,1249.41,1249.41,0
2026-01-21 13:00:00,1249.41,1249.41,1249.41,1249.41,0
2026-01-21 13:05:00,1249.41,1249.41,1249.41,1249.41,0
2026-01-21 13:10:00,1249.41,1249.41,1249.41,1249.41,0
2026-01-21 13:15:00,1249.41,1249.41,1249.41,1249.41,0
2026-01-21 13:20:00,1249.41,1249.41,1249.41,1249.41,0
2026-01-21 13:25:00,1249.41,1249.41,1249.41,1249.41,0
2026-01-21 13:30:00,1249.41,1249.41,1249.41,1249.41,0
2026-01-21 13:35:00,1249.41,1249.41,1249.41,1249.41,0
2026-01-21 13:40:00,1249.41,1249.41,1249.41,1249.41,0
2026-01-21 13:45:00,1249.41,1249.41,1249.41,1249.41,0
2026-01-21 13:50:00,1249.41,1249.41,1249.41,1249.41,0
2026-01-21 13:55:00,1249.41,1249.41,1249.41,1249.41,0
2026-01-21 14:00:00,1249.41,1249.41,1249.41,1249.41,0
2026-01-21 14:05:00,1249.41,1249.41,1249.41,1249.41,0
2026-01-21 14:10:00,1249.41,1249.41,1249.41,1249.41,0
2026-01-21 14:15:00,1249.41,1249.41,1249.41,1249.41,0
2026-01-21 14:20:00,1249.41,1249.41,1249.41,1249.41,0
2026-01-21 14:25:00,1249.41,1249.41,1249.41,1249.41,0
2026-01-21 14:30:00,1249.41,1249.41,1249.41,1249.41,0
2026-01-21 14:35:00,1249.41,1249.41,1249.41,1249.41,0
2026-01-21 14:40:00,1249.41,1249.41,1249.41,1249.41,0
2026-01-21 14:45:00,1249.41,1249.41,1249.41,1249.41,0
2026-01-21 14:50:00,1249.41,1249.41,1249.41,1249.41,0
2026-01-21 14:55:00,1249.41,1249.41,1249.41,1249.41,0
2026-01-21 15:00:00,1249.41,1249.41,1249.41,1249.41,0
2026-01-21 15:05:00,1249.41,1249.41,1249.41,1249.41,0
2026-01-21 15:10:00,1249.41,1249.41,1249.41,1249.41,0
2026-01-21 15:15:00,1249.41,1249.41,1249.41,1249.41,0
2026-01-21 15:20:00,1249.41,1249.41,1249.41,1249.41,0
2026-01-21 15:25:00,1249.41,1249.41,1249.41,1249.41,0
2026-01-22 09:15:00,1248.12,1248.12,1248.11,1248.11,0
2026-01-22 09:20:00,1248.11,1248.11,1248.11,1248.11,0
2026-01-22 09:25:00,1248.11,1248.11,1248.11,1248.11,0
2026-01-22 09:30:00,1248.11,1248.11,1248.11,1248.11,0
2026-01-22 09:35:00,1248.11,1248.11,1248.11,1248.11,0
2026-01-22 09:40:00,1248.11,1248.11,1248.11,1248.11,0
2026-01-22 09:45:00,1248.11,1248.11,1248.11,1248.11,0
2026-01-22 09:50:00,1248.11,1248.11,1248.11,1248.11,0
2026-01-22 09:55:00,1248.11,1248.11,1248.11,1248.11,0
2026-01-22 10:00:00,1248.11,1248.11,1248.11,1248.11,0
2026-01-22 10:05:00,1248.11,1248.11,1248.11,1248.11,0
2026-01-22 10:10:00,1248.11,1248.11,1248.11,1248.11,0
2026-01-22 10:15:00,1248.11,1248.11,1248.11,1248.11,0
2026-01-22 10:20:00,1248.11,1248.11,1248.11,1248.11,0
2026-01-22 10:25:00,1248.11,1248.11,1248.11,1248.11,0
2026-01-22 10:30:00,1248.11,1248.11,1248.11,1248.11,0
2026-01-22 10:35:00,1248.11,1248.11,1248.11,1248.11,0
2026-01-22 10:40:00,1248.11,1248.11,1248.11,1248.11,0
2026-01-22 10:45:00,1248.11,1248.11,1248.11,1248.11,0
2026-01-22 10:50:00,1248.11,1248.11,1248.11,1248.11,0
2026-01-22 10:55:00,1248.11,1248.11,1248.11,1248.11,0
2026-01-22 11:00:00,1248.11,1248.11,1248.11,1248.11,0
2026-01-22 11:05:00,1248.11,1248.11,1248.11,1248.11,0
2026-01-22 11:10:00,1248.11,1248.11,1248.11,1248.11,0
2026-01-22 11:15:00,1248.11,1248.11,1248.11,1248.11,0
2026-01-22 11:20:00,1248.11,1248.11,1248.11,1248.11,0
2026-01-22 11:25:00,1248.11,1248.11,1248.11,1248.11,0
2026-01-22 11:30:00,1248.11,1248.11,1248.11,1248.11,0
2026-01-22 11:35:00,1248.11,1248.11,1248.11,1248.11,0
2026-01-22 11:40:00,1248.11,1248.11,1248.11,1248.11,0
2026-01-22 11:45:00,1248.11,1248.11,1248.11,1248.11,0
2026-01-22 11:50:00,1248.11,1248.11,1248.11,1248.11,0
2026-01-22 11:55:00,1248.11,1248.11,1248.11,1248.11,0
2026-01-22 12:00:00,1248.11,1248.11,1248.11,1248.11,0
2026-01-22 12:05:00,1248.11,1248.11,1248.11,1248.11,0
2026-01-22 12:10:00,1248.11,1248.11,1248.11,1248.11,0
2026-01-22 12:15:00,1248.11,1248.11,1248.11,1248.11,0
2026-01-22 12:20:00,1248.11,1248.11,1248.11,1248.11,0
2026-01-22 12:25:00,1248.11,1248.11,1248.11,1248.11,0
2026-01-22 12:30:00,1248.11,1248.11,1248.11,1248.11,0
2026-01-22 12:35:00,1248.11,1248.11,1248.11,1248.11,0
2026-01-22 12:40:00,1248.11,1248.11,1248.11,1248.11,0
2026-01-22 12:45:00,1248.11,1248.11,1248.11,1248.11,0
2026-01-22 12:50:00,1248.11,1248.11,1248.11,1248.11,0
2026-01-22 12:55:00,1248.11,1248.11,1248.11,1248.11,0
2026-01-22 13:00:00,1248.11,1248.11,1248.11,1248.11,0
2026-01-22 13:05:00,1248.11,1248.11,1248.11,1248.11,0
2026-01-22 13:10:00,1248.11,1248.11,1248.11,1248.11,0
2026-01-22 13:15:00,1248.11,1248.11,1248.11,1248.11,0
2026-01-22 13:20:00,1248.11,1248.11,1248.11,1248.11,0
2026-01-22 13:25:00,1248.11,1248.11,1248.11,1248.11,0
2026-01-22 13:30:00,1248.11,1248.11,1248.11,1248.11,0
2026-01-22 13:35:00,1248.11,1248.11,1248.11,1248.11,0
2026-01-22 13:40:00,1248.11,1248.11,1248.11,1248.11,0
2026-01-22 13:45:00,1248.11,1248.11,1248.11,1248.11,0
2026-01-22 13:50:00,1248.11,1248.11,1248.11,1248.11,0
2026-01-22 13:55:00,1248.11,1248.11,1248.11,1248.11,0
2026-01-22 14:00:00,1248.11,1248.11,1248.11,1248.11,0
2026-01-22 14:05:00,1248.11,1248.11,1248.11,1248.11,0
2026-01-22 14:10:00,1248.11,1248.11,1248.11,1248.11,0
2026-01-22 14:15:00,1248.11,1248.11,1248.11,1248.11,0
2026-01-22 14:20:00,1248.11,1248.11,1248.11,1248.11,0
2026-01-22 14:25:00,1248.11,1248.11,1248.11,1248.11,0
2026-01-22 14:30:00,1248.11,1248.11,1248.11,1248.11,0
2026-01-22 14:35:00,1248.11,1248.11,1248.11,1248.11,0
2026-01-22 14:40:00,1248.11,1248.11,1248.11,1248.11,0
2026-01-22 14:45:00,1248.11,1248.11,1248.11,1248.11,0
2026-01-22 14:50:00,1248.11,1248.11,1248.11,1248.11,0
2026-01-22 14:55:00,1248.11,1248.11,1248.11,1248.11,0
2026-01-22 15:00:00,1248.11,1248.11,1248.11,1248.11,0
2026-01-22 15:05:00,1248.11,1248.11,1248.11,1248.11,0
2026-01-22 15:10:00,1248.11,1248.11,1248.11,1248.11,0
2026-01-22 15:15:00,1248.11,1248.11,1248.11,1248.11,0
2026-01-22 15:20:00,1248.11,1248.11,1248.11,1248.11,0
2026-01-22 15:25:00,1248.11,1248.11,1248.11,1248.11,0
2026-01-23 09:15:00,1248.37,1248.37,1248.36,1248.36,0
2026-01-23 09:20:00,1248.36,1248.36,1248.36,1248.36,0
2026-01-23 09:25:00,1248.36,1248.36,1248.36,1248.36,0
2026-01-23 09:30:00,1248.36,1248.36,1248.36,1248.36,0
2026-01-23 09:35:00,1248.36,1248.36,1248.36,1248.36,0
2026-01-23 09:40:00,1248.36,1248.36,1248.36,1248.36,0
2026-01-23 09:45:00,1248.36,1248.36,1248.36,1248.36,0
2026-01-23 09:50:00,1248.36,1248.36,1248.36,1248.36,0
2026-01-23 09:55:00,1248.36,1248.36,1248.36,1248.36,0
2026-01-23 10:00:00,1248.36,1248.36,1248.36,1248.36,0
2026-01-23 10:05:00,1248.36,1248.36,1248.36,1248.36,0
2026-01-23 10:10:00,1248.36,1248.36,1248.36,1248.36,0
2026-01-23 10:15:00,1248.36,1248.36,1248.36,1248.36,0
2026-01-23 10:20:00,1248.36,1248.36,1248.36,1248.36,0
2026-01-23 10:25:00,1248.36,1248.36,1248.36,1248.36,0
2026-01-23 10:30:00,1248.36,1248.36,1248.36,1248.36,0
2026-01-23 10:35:00,1248.36,1248.36,1248.36,1248.36,0
2026-01-23 10:40:00,1248.36,1248.36,1248.36,1248.36,0
2026-01-23 10:45:00,1248.36,1248.36,1248.36,1248.36,0
2026-01-23 10:50:00,1248.36,1248.36,1248.36,1248.36,0
2026-01-23 10:55:00,1248.36,1248.36,1248.36,1248.36,0
2026-01-23 11:00:00,1248.36,1248.36,1248.36,1248.36,0
2026-01-23 11:05:00,1248.36,1248.36,1248.36,1248.36,0
2026-01-23 11:10:00,1248.36,1248.36,1248.36,1248.36,0
2026-01-23 11:15:00,1248.36,1248.36,1248.36,1248.36,0
2026-01-23 11:20:00,1248.36,1248.36,1248.36,1248.36,0
2026-01-23 11:25:00,1248.36,1248.36,1248.36,1248.36,0
2026-01-23 11:30:00,1248.36,1248.36,1248.36,1248.36,0
2026-01-23 11:35:00,1248.36,1248.36,1248.36,1248.36,0
2026-01-23 11:40:00,1248.36,1248.36,1248.36,1248.36,0
2026-01-23 11:45:00,1248.36,1248.36,1248.36,1248.36,0
2026-01-23 11:50:00,1248.36,1248.36,1248.36,1248.36,0
2026-01-23 11:55:00,1248.36,1248.36,1248.36,1248.36,0
2026-01-23 12:00:00,1248.36,1248.36,1248.36,1248.36,0
2026-01-23 12:05:00,1248.36,1248.36,1248.36,1248.36,0
2026-01-23 12:10:00,1248.36,1248.36,1248.36,1248.36,0
2026-01-23 12:15:00,1248.36,1248.36,1248.36,1248.36,0
2026-01-23 12:20:00,1248.36,1248.36,1248.36,1248.36,0
2026-01-23 12:25:00,1248.36,1248.36,1248.36,1248.36,0
2026-01-23 12:30:00,1248.36,1248.36,1248.36,1248.36,0
2026-01-23 12:35:00,1248.36,1248.36,1248.36,1248.36,0
2026-01-23 12:40:00,1248.36,1248.36,1248.36,1248.36,0
2026-01-23 12:45:00,1248.36,1248.36,1248.36,1248.36,0
2026-01-23 12:50:00,1248.36,1248.36,1248.36,1248.36,0
2026-01-23 12:55:00,1248.36,1248.36,1248.36,1248.36,0
2026-01-23 13:00:00,1248.36,1248.36,1248.36,1248.36,0
2026-01-23 13:05:00,1248.36,1248.36,1248.36,1248.36,0
2026-01-23 13:10:00,1248.36,1248.36,1248.36,1248.36,0
2026-01-23 13:15:00,1248.36,1248.36,1248.36,1248.36,0
2026-01-23 13:20:00,1248.36,1248.36,1248.36,1248.36,0
2026-01-23 13:25:00,1248.36,1248.36,1248.36,1248.36,0
2026-01-23 13:30:00,1248.36,1248.36,1248.36,1248.36,0
2026-01-23 13:35:00,1248.36,1248.36,1248.36,1248.36,0
2026-01-23 13:40:00,1248.36,1248.36,1248.36,1248.36,0
2026-01-23 13:45:00,1248.36,1248.36,1248.36,1248.36,0
2026-01-23 13:50:00,1248.36,1248.36,1248.36,1248.36,0
2026-01-23 13:55:00,1248.36,1248.36,1248.36,1248.36,0
2026-01-23 14:00:00,1248.36,1248.36,1248.36,1248.36,0
2026-01-23 14:05:00,1248.36,1248.36,1248.36,1248.36,0
2026-01-23 14:10:00,1248.36,1248.36,1248.36,1248.36,0
2026-01-23 14:15:00,1248.36,1248.36,1248.36,1248.36,0
2026-01-23 14:20:00,1248.36,1248.36,1248.36,1248.36,0
2026-01-23 14:25:00,1248.36,1248.36,1248.36,1248.36,0
2026-01-23 14:30:00,1248.36,1248.36,1248.36,1248.36,0
2026-01-23 14:35:00,1248.36,1248.36,1248.36,1248.36,0
2026-01-23 14:40:00,1248.36,1248.36,1248.36,1248.36,0
2026-01-23 14:45:00,1248.36,1248.36,1248.36,1248.36,0
2026-01-23 14:50:00,1248.36,1248.36,1248.36,1248.36,0
2026-01-23 14:55:00,1248.36,1248.36,1248.36,1248.36,0
2026-01-23 15:00:00,1248.36,1248.36,1248.36,1248.36,0
2026-01-23 15:05:00,1248.36,1248.36,1248.36,1248.36,0
2026-01-23 15:10:00,1248.36,1248.36,1248.36,1248.36,0
2026-01-23 15:15:00,1248.36,1248.36,1248.36,1248.36,0
2026-01-23 15:20:00,1248.36,1248.36,1248.36,1248.36,0
2026-01-23 15:25:00,1248.36,1248.36,1248.36,1248.36,0
2026-01-27 09:15:00,1250.26,1250.26,1250.26,1250.26,0
2026-01-27 09:20:00,1250.26,1250.26,1250.26,1250.26,0
2026-01-27 09:25:00,1250.26,1250.26,1250.26,1250.26,0
2026-01-27 09:30:00,1250.26,1250.26,1250.26,1250.26,0
2026-01-27 09:35:00,1250.26,1250.26,1250.26,1250.26,0
2026-01-27 09:40:00,1250.26,1250.26,1250.26,1250.26,0
2026-01-27 09:45:00,1250.26,1250.26,1250.26,1250.26,0
2026-01-27 09:50:00,1250.26,1250.26,1250.26,1250.26,0
2026-01-27 09:55:00,1250.26,1250.26,1250.26,1250.26,0
2026-01-27 10:00:00,1250.26,1250.26,1250.26,1250.26,0
2026-01-27 10:05:00,1250.26,1250.26,1250.26,1250.26,0
2026-01-27 10:10:00,1250.26,1250.26,1250.26,1250.26,0
2026-01-27 10:15:00,1250.26,1250.26,1250.26,1250.26,0
2026-01-27 10:20:00,1250.26,1250.26,1250.26,1250.26,0
2026-01-27 10:25:00,1250.26,1250.26,1250.26,1250.26,0
2026-01-27 10:30:00,1250.26,1250.26,1250.26,1250.26,0
2026-01-27 10:35:00,1250.26,1250.26,1250.26,1250.26,0
2026-01-27 10:40:00,1250.26,1250.26,1250.26,1250.26,0
2026-01-27 10:45:00,1250.26,1250.26,1250.26,1250.26,0
2026-01-27 10:50:00,1250.26,1250.26,1250.26,1250.26,0
2026-01-27 10:55:00,1250.26,1250.26,1250.26,1250.26,0
2026-01-27 11:00:00,1250.26,1250.26,1250.26,1250.26,0
2026-01-27 11:05:00,1250.26,1250.26,1250.26,1250.26,0
2026-01-27 11:10:00,1250.26,1250.26,1250.26,1250.26,0
2026-01-27 11:15:00,1250.26,1250.26,1250.26,1250.26,0
2026-01-27 11:20:00,1250.26,1250.26,1250.26,1250.26,0
2026-01-27 11:25:00,1250.26,1250.26,1250.26,1250.26,0
2026-01-27 11:30:00,1250.26,1250.26,1250.26,1250.26,0
2026-01-27 11:35:00,1250.26,1250.26,1250.26,1250.26,0
2026-01-27 11:40:00,1250.26,1250.26,1250.26,1250.26,0
2026-01-27 11:45:00,1250.26,1250.26,1250.26,1250.26,0
2026-01-27 11:50:00,1250.26,1250.26,1250.26,1250.26,0
2026-01-27 11:55:00,1250.26,1250.26,1250.26,1250.26,0
2026-01-27 12:00:00,1250.26,1250.26,1250.26,1250.26,0
2026-01-27 12:05:00,1250.26,1250.26,1250.26,1250.26,0
2026-01-27 12:10:00,1250.26,1250.26,1250.26,1250.26,0
2026-01-27 12:15:00,1250.26,1250.26,1250.26,1250.26,0
2026-01-27 12:20:00,1250.26,1250.26,1250.26,1250.26,0
2026-01-27 12:25:00,1250.26,1250.26,1250.26,1250.26,0
2026-01-27 12:30:00,1250.26,1250.26,1250.26,1250.26,0
2026-01-27 12:35:00,1250.26,1250.26,1250.26,1250.26,0
2026-01-27 12:40:00,1250.26,1250.26,1250.26,1250.26,0
2026-01-27 12:45:00,1250.26,1250.26,1250.26,1250.26,0
2026-01-27 12:50:00,1250.26,1250.7,1250.26,1250.7,0
2026-01-27 12:55:00,1250.7,1250.7,1250.7,1250.7,0
2026-01-27 13:00:00,1250.7,1250.7,1250.7,1250.7,0
2026-01-27 13:05:00,1250.7,1250.7,1250.7,1250.7,0
2026-01-27 13:10:00,1250.7,1250.7,1250.7,1250.7,0
2026-01-27 13:15:00,1250.7,1250.7,1250.7,1250.7,0
2026-01-27 13:20:00,1250.7,1250.7,1250.7,1250.7,0
2026-01-27 13:25:00,1250.7,1250.7,1250.7,1250.7,0
2026-01-27 13:30:00,1250.7,1250.7,1250.7,1250.7,0
2026-01-27 13:35:00,1250.7,1250.7,1250.7,1250.7,0
2026-01-27 13:40:00,1250.7,1250.7,1250.7,1250.7,0
2026-01-27 13:45:00,1250.7,1250.7,1250.7,1250.7,0
2026-01-27 13:50:00,1250.7,1250.7,1250.7,1250.7,0
2026-01-27 13:55:00,1250.7,1250.7,1250.7,1250.7,0
2026-01-27 14:00:00,1250.7,1250.7,1250.7,1250.7,0
2026-01-27 14:05:00,1250.7,1250.7,1250.7,1250.7,0
2026-01-27 14:10:00,1250.7,1250.7,1250.7,1250.7,0
2026-01-27 14:15:00,1250.7,1250.7,1250.7,1250.7,0
2026-01-27 14:20:00,1250.7,1250.7,1250.7,1250.7,0
2026-01-27 14:25:00,1250.7,1250.7,1250.7,1250.7,0
2026-01-27 14:30:00,1250.7,1250.7,1250.7,1250.7,0
2026-01-27 14:35:00,1250.7,1250.7,1250.7,1250.7,0
2026-01-27 14:40:00,1250.7,1250.7,1250.7,1250.7,0
2026-01-27 14:45:00,1250.7,1250.7,1250.7,1250.7,0
2026-01-27 14:50:00,1250.7,1250.7,1250.7,1250.7,0
2026-01-27 14:55:00,1250.7,1250.7,1250.7,1250.7,0
2026-01-27 15:00:00,1250.7,1250.7,1250.7,1250.7,0
2026-01-27 15:05:00,1250.7,1250.7,1250.7,1250.7,0
2026-01-27 15:10:00,1250.7,1250.7,1250.7,1250.7,0
2026-01-27 15:15:00,1250.7,1250.7,1250.7,1250.7,0
2026-01-27 15:20:00,1250.7,1250.7,1250.7,1250.7,0
2026-01-27 15:25:00,1250.7,1250.7,1250.7,1250.7,0
2026-01-28 09:15:00,1252.77,1252.77,1252.76,1252.76,0
2026-01-28 09:20:00,1252.76,1252.76,1252.76,1252.76,0
2026-01-28 09:25:00,1252.76,1252.76,1252.76,1252.76,0
2026-01-28 09:30:00,1252.76,1252.76,1252.76,1252.76,0
2026-01-28 09:35:00,1252.76,1252.76,1252.76,1252.76,0
2026-01-28 09:40:00,1252.76,1252.76,1252.76,1252.76,0
2026-01-28 09:45:00,1252.76,1252.76,1252.76,1252.76,0
2026-01-28 09:50:00,1252.76,1252.76,1252.76,1252.76,0
2026-01-28 09:55:00,1252.76,1252.76,1252.76,1252.76,0
2026-01-28 10:00:00,1252.76,1252.76,1252.76,1252.76,0
2026-01-28 10:05:00,1252.76,1252.76,1252.76,1252.76,0
2026-01-28 10:10:00,1252.76,1252.76,1252.76,1252.76,0
2026-01-28 10:15:00,1252.76,1252.76,1252.76,1252.76,0
2026-01-28 10:20:00,1252.76,1252.76,1252.76,1252.76,0
2026-01-28 10:25:00,1252.76,1252.76,1252.76,1252.76,0
2026-01-28 10:30:00,1252.76,1252.76,1252.76,1252.76,0
2026-01-28 10:35:00,1252.76,1252.76,1252.76,1252.76,0
2026-01-28 10:40:00,1252.76,1252.76,1252.76,1252.76,0
2026-01-28 10:45:00,1252.76,1252.76,1252.76,1252.76,0
2026-01-28 10:50:00,1252.76,1252.76,1252.76,1252.76,0
2026-01-28 10:55:00,1252.76,1252.76,1252.76,1252.76,0
2026-01-28 11:00:00,1252.76,1252.76,1252.76,1252.76,0
2026-01-28 11:05:00,1252.76,1252.76,1252.76,1252.76,0
2026-01-28 11:10:00,1252.76,1252.76,1252.76,1252.76,0
2026-01-28 11:15:00,1252.76,1252.76,1252.76,1252.76,0
2026-01-28 11:20:00,1252.76,1252.76,1252.76,1252.76,0
2026-01-28 11:25:00,1252.76,1252.76,1252.76,1252.76,0
2026-01-28 11:30:00,1252.76,1252.76,1252.76,1252.76,0
2026-01-28 11:35:00,1252.76,1252.76,1252.76,1252.76,0
2026-01-28 11:40:00,1252.76,1252.76,1252.76,1252.76,0
2026-01-28 11:45:00,1252.76,1252.76,1252.76,1252.76,0
2026-01-28 11:50:00,1252.76,1252.76,1252.76,1252.76,0
2026-01-28 11:55:00,1252.76,1252.76,1252.76,1252.76,0
2026-01-28 12:00:00,1252.76,1252.76,1252.76,1252.76,0
2026-01-28 12:05:00,1252.76,1252.76,1252.76,1252.76,0
2026-01-28 12:10:00,1252.76,1252.76,1252.76,1252.76,0
2026-01-28 12:15:00,1252.76,1252.76,1252.76,1252.76,0
2026-01-28 12:20:00,1252.76,1252.76,1252.76,1252.76,0
2026-01-28 12:25:00,1252.76,1252.76,1252.76,1252.76,0
2026-01-28 12:30:00,1252.76,1252.76,1252.76,1252.76,0
2026-01-28 12:35:00,1252.76,1252.76,1252.76,1252.76,0
2026-01-28 12:40:00,1252.76,1252.76,1252.76,1252.76,0
2026-01-28 12:45:00,1252.76,1252.76,1252.76,1252.76,0
2026-01-28 12:50:00,1252.76,1252.76,1252.76,1252.76,0
2026-01-28 12:55:00,1252.76,1252.76,1252.33,1252.33,0
2026-01-28 13:00:00,1252.33,1252.33,1252.33,1252.33,0
2026-01-28 13:05:00,1252.33,1252.33,1252.33,1252.33,0
2026-01-28 13:10:00,1252.33,1252.33,1252.33,1252.33,0
2026-01-28 13:15:00,1252.33,1252.33,1252.33,1252.33,0
2026-01-28 13:20:00,1252.33,1252.33,1252.33,1252.33,0
2026-01-28 13:25:00,1252.33,1252.33,1252.33,1252.33,0
2026-01-28 13:30:00,1252.33,1252.33,1252.33,1252.33,0
2026-01-28 13:35:00,1252.33,1252.33,1252.33,1252.33,0
2026-01-28 13:40:00,1252.33,1252.33,1252.33,1252.33,0
2026-01-28 13:45:00,1252.33,1252.33,1252.33,1252.33,0
2026-01-28 13:50:00,1252.33,1252.33,1252.33,1252.33,0
2026-01-28 13:55:00,1252.33,1252.33,1252.33,1252.33,0
2026-01-28 14:00:00,1252.33,1252.33,1252.33,1252.33,0
2026-01-28 14:05:00,1252.33,1252.33,1252.33,1252.33,0
2026-01-28 14:10:00,1252.33,1252.33,1252.33,1252.33,0
2026-01-28 14:15:00,1252.33,1252.33,1252.33,1252.33,0
2026-01-28 14:20:00,1252.33,1252.33,1252.33,1252.33,0
2026-01-28 14:25:00,1252.33,1252.33,1252.33,1252.33,0
2026-01-28 14:30:00,1252.33,1252.33,1252.33,1252.33,0
2026-01-28 14:35:00,1252.33,1252.33,1252.33,1252.33,0
2026-01-28 14:40:00,1252.33,1252.33,1252.33,1252.33,0
2026-01-28 14:45:00,1252.33,1252.33,1252.33,1252.33,0
2026-01-28 14:50:00,1252.33,1252.33,1251.68,1251.68,0
2026-01-28 14:55:00,1251.68,1251.68,1251.68,1251.68,0
2026-01-28 15:00:00,1251.68,1251.68,1251.68,1251.68,0
2026-01-28 15:05:00,1251.68,1251.68,1251.68,1251.68,0
2026-01-28 15:10:00,1251.68,1251.68,1251.68,1251.68,0
2026-01-28 15:15:00,1251.68,1251.68,1251.68,1251.68,0
2026-01-28 15:20:00,1251.68,1251.68,1251.68,1251.68,0
2026-01-28 15:25:00,1251.68,1251.68,1251.68,1251.68,0
2026-01-29 09:15:00,1248.97,1248.97,1248.97,1248.97,0
2026-01-29 09:20:00,1248.97,1248.97,1248.97,1248.97,0
2026-01-29 09:25:00,1248.97,1248.97,1248.97,1248.97,0
2026-01-29 09:30:00,1248.97,1248.97,1248.97,1248.97,0
2026-01-29 09:35:00,1248.97,1248.97,1248.97,1248.97,0
2026-01-29 09:40:00,1248.97,1248.97,1248.97,1248.97,0
2026-01-29 09:45:00,1248.97,1248.97,1248.97,1248.97,0
2026-01-29 09:50:00,1248.97,1248.97,1248.97,1248.97,0
2026-01-29 09:55:00,1248.97,1248.97,1248.97,1248.97,0
2026-01-29 10:00:00,1248.97,1248.97,1248.97,1248.97,0
2026-01-29 10:05:00,1248.97,1248.97,1248.97,1248.97,0
2026-01-29 10:10:00,1248.97,1248.97,1248.97,1248.97,0
2026-01-29 10:15:00,1248.97,1248.97,1248.97,1248.97,0
2026-01-29 10:20:00,1248.97,1248.97,1248.97,1248.97,0
2026-01-29 10:25:00,1248.97,1248.97,1248.97,1248.97,0
2026-01-29 10:30:00,1248.97,1248.97,1248.97,1248.97,0
2026-01-29 10:35:00,1248.97,1248.97,1248.97,1248.97,0
2026-01-29 10:40:00,1248.97,1248.97,1248.97,1248.97,0
2026-01-29 10:45:00,1248.97,1248.97,1248.97,1248.97,0
2026-01-29 10:50:00,1248.97,1248.97,1248.97,1248.97,0
2026-01-29 10:55:00,1248.97,1248.97,1248.97,1248.97,0
2026-01-29 11:00:00,1248.97,1248.97,1248.97,1248.97,0
2026-01-29 11:05:00,1248.97,1248.97,1248.97,1248.97,0
2026-01-29 11:10:00,1248.97,1248.97,1248.97,1248.97,0
2026-01-29 11:15:00,1248.97,1248.97,1248.97,1248.97,0
2026-01-29 11:20:00,1248.97,1248.97,1248.97,1248.97,0
2026-01-29 11:25:00,1248.97,1248.97,1248.97,1248.97,0
2026-01-29 11:30:00,1248.97,1248.97,1248.97,1248.97,0
2026-01-29 11:35:00,1248.97,1248.97,1248.97,1248.97,0
2026-01-29 11:40:00,1248.97,1248.97,1248.97,1248.97,0
2026-01-29 11:45:00,1248.97,1248.97,1248.97,1248.97,0
2026-01-29 11:50:00,1248.97,1248.97,1248.97,1248.97,0
2026-01-29 11:55:00,1248.97,1248.97,1248.97,1248.97,0
2026-01-29 12:00:00,1248.97,1248.97,1248.97,1248.97,0
2026-01-29 12:05:00,1248.97,1248.97,1248.97,1248.97,0
2026-01-29 12:10:00,1248.97,1248.97,1248.97,1248.97,0
2026-01-29 12:15:00,1248.97,1248.97,1248.97,1248.97,0
2026-01-29 12:20:00,1248.97,1248.97,1248.97,1248.97,0
2026-01-29 12:25:00,1248.97,1248.97,1248.97,1248.97,0
2026-01-29 12:30:00,1248.97,1248.97,1248.97,1248.97,0
2026-01-29 12:35:00,1248.97,1248.97,1248.97,1248.97,0
2026-01-29 12:40:00,1248.97,1248.97,1248.97,1248.97,0
2026-01-29 12:45:00,1248.97,1248.97,1248.97,1248.97,0
2026-01-29 12:50:00,1248.97,1248.97,1248.97,1248.97,0
2026-01-29 12:55:00,1248.97,1248.97,1248.97,1248.97,0
2026-01-29 13:00:00,1248.97,1248.97,1248.97,1248.97,0
2026-01-29 13:05:00,1248.97,1248.97,1248.97,1248.97,0
2026-01-29 13:10:00,1248.97,1248.97,1248.97,1248.97,0
2026-01-29 13:15:00,1248.97,1248.97,1248.97,1248.97,0
2026-01-29 13:20:00,1248.97,1248.97,1248.97,1248.97,0
2026-01-29 13:25:00,1248.97,1248.97,1248.97,1248.97,0
2026-01-29 13:30:00,1248.97,1248.97,1248.97,1248.97,0
2026-01-29 13:35:00,1248.97,1248.97,1248.97,1248.97,0
2026-01-29 13:40:00,1248.97,1248.97,1248.97,1248.97,0
2026-01-29 13:45:00,1248.97,1248.97,1248.97,1248.97,0
2026-01-29 13:50:00,1248.97,1248.97,1248.97,1248.97,0
2026-01-29 13:55:00,1248.97,1248.97,1248.97,1248.97,0
2026-01-29 14:00:00,1248.97,1248.97,1248.97,1248.97,0
2026-01-29 14:05:00,1248.97,1248.97,1248.97,1248.97,0
2026-01-29 14:10:00,1248.97,1248.97,1248.97,1248.97,0
2026-01-29 14:15:00,1248.97,1248.97,1248.97,1248.97,0
2026-01-29 14:20:00,1248.97,1248.97,1248.97,1248.97,0
2026-01-29 14:25:00,1248.97,1248.97,1248.97,1248.97,0
2026-01-29 14:30:00,1248.97,1248.97,1248.97,1248.97,0
2026-01-29 14:35:00,1248.97,1248.97,1248.97,1248.97,0
2026-01-29 14:40:00,1248.97,1248.97,1248.97,1248.97,0
2026-01-29 14:45:00,1248.97,1248.97,1248.97,1248.97,0
2026-01-29 14:50:00,1248.97,1248.97,1248.97,1248.97,0
2026-01-29 14:55:00,1248.97,1248.97,1248.97,1248.97,0
2026-01-29 15:00:00,1248.97,1248.97,1248.97,1248.97,0
2026-01-29 15:05:00,1248.97,1248.97,1248.97,1248.97,0
2026-01-29 15:10:00,1248.97,1248.97,1248.97,1248.97,0
2026-01-29 15:15:00,1248.97,1248.97,1248.97,1248.97,0
2026-01-29 15:20:00,1248.97,1248.97,1248.97,1248.97,0
2026-01-29 15:25:00,1248.97,1248.97,1248.97,1248.97,0
2026-01-30 09:15:00,1249.29,1249.29,1249.28,1249.28,0
2026-01-30 09:20:00,1249.28,1249.28,1249.28,1249.28,0
2026-01-30 09:25:00,1249.28,1249.28,1249.28,1249.28,0
2026-01-30 09:30:00,1249.28,1249.28,1249.28,1249.28,0
2026-01-30 09:35:00,1249.28,1249.28,1249.28,1249.28,0
2026-01-30 09:40:00,1249.28,1249.28,1249.28,1249.28,0
2026-01-30 09:45:00,1249.28,1249.28,1249.28,1249.28,0
2026-01-30 09:50:00,1249.28,1249.28,1249.28,1249.28,0
2026-01-30 09:55:00,1249.28,1249.28,1249.28,1249.28,0
2026-01-30 10:00:00,1249.28,1249.28,1249.28,1249.28,0
2026-01-30 10:05:00,1249.28,1249.28,1249.28,1249.28,0
2026-01-30 10:10:00,1249.28,1249.28,1249.28,1249.28,0
2026-01-30 10:15:00,1249.28,1249.28,1249.28,1249.28,0
2026-01-30 10:20:00,1249.28,1249.28,1249.28,1249.28,0
2026-01-30 10:25:00,1249.28,1249.28,1249.28,1249.28,0
2026-01-30 10:30:00,1249.28,1249.28,1249.28,1249.28,0
2026-01-30 10:35:00,1249.28,1249.28,1249.28,1249.28,0
2026-01-30 10:40:00,1249.28,1249.28,1249.28,1249.28,0
2026-01-30 10:45:00,1249.28,1249.28,1249.28,1249.28,0
2026-01-30 10:50:00,1249.28,1249.28,1249.28,1249.28,0
2026-01-30 10:55:00,1249.28,1249.28,1249.28,1249.28,0
2026-01-30 11:00:00,1249.28,1249.28,1249.28,1249.28,0
2026-01-30 11:05:00,1249.28,1249.28,1249.28,1249.28,0
2026-01-30 11:10:00,1249.28,1249.28,1249.28,1249.28,0
2026-01-30 11:15:00,1249.28,1249.28,1249.28,1249.28,0
2026-01-30 11:20:00,1249.28,1249.28,1249.28,1249.28,0
2026-01-30 11:25:00,1249.28,1249.28,1249.28,1249.28,0
2026-01-30 11:30:00,1249.28,1249.28,1249.28,1249.28,0
2026-01-30 11:35:00,1249.28,1249.28,1249.28,1249.28,0
2026-01-30 11:40:00,1249.28,1249.28,1249.28,1249.28,0
2026-01-30 11:45:00,1249.28,1249.28,1249.28,1249.28,0
2026-01-30 11:50:00,1249.28,1249.28,1249.28,1249.28,0
2026-01-30 11:55:00,1249.28,1249.28,1249.28,1249.28,0
2026-01-30 12:00:00,1249.28,1249.28,1249.28,1249.28,0
2026-01-30 12:05:00,1249.28,1249.28,1249.28,1249.28,0
2026-01-30 12:10:00,1249.28,1249.28,1249.28,1249.28,0
2026-01-30 12:15:00,1249.28,1249.28,1249.28,1249.28,0
2026-01-30 12:20:00,1249.28,1249.28,1249.28,1249.28,0
2026-01-30 12:25:00,1249.28,1249.28,1249.28,1249.28,0
2026-01-30 12:30:00,1249.28,1249.28,1249.28,1249.28,0
2026-01-30 12:35:00,1249.28,1249.28,1249.28,1249.28,0
2026-01-30 12:40:00,1249.28,1249.28,1249.28,1249.28,0
2026-01-30 12:45:00,1249.28,1249.28,1249.28,1249.28,0
2026-01-30 12:50:00,1249.28,1249.28,1249.28,1249.28,0
2026-01-30 12:55:00,1249.28,1249.28,1249.28,1249.28,0
2026-01-30 13:00:00,1249.28,1249.28,1249.28,1249.28,0
2026-01-30 13:05:00,1249.28,1249.28,1249.28,1249.28,0
2026-01-30 13:10:00,1249.28,1249.28,1249.28,1249.28,0
2026-01-30 13:15:00,1249.28,1249.28,1249.28,1249.28,0
2026-01-30 13:20:00,1249.28,1249.28,1249.28,1249.28,0
2026-01-30 13:25:00,1249.28,1249.28,1249.28,1249.28,0
2026-01-30 13:30:00,1249.28,1249.28,1249.28,1249.28,0
2026-01-30 13:35:00,1249.28,1249.28,1249.28,1249.28,0
2026-01-30 13:40:00,1249.28,1249.28,1249.28,1249.28,0
2026-01-30 13:45:00,1249.28,1249.28,1249.28,1249.28,0
2026-01-30 13:50:00,1249.28,1249.28,1249.28,1249.28,0
2026-01-30 13:55:00,1249.28,1249.28,1249.28,1249.28,0
2026-01-30 14:00:00,1249.28,1249.28,1249.28,1249.28,0
2026-01-30 14:05:00,1249.28,1249.28,1249.28,1249.28,0
2026-01-30 14:10:00,1249.28,1249.28,1249.28,1249.28,0
2026-01-30 14:15:00,1249.28,1249.28,1249.28,1249.28,0
2026-01-30 14:20:00,1249.28,1249.28,1249.28,1249.28,0
2026-01-30 14:25:00,1249.28,1249.28,1249.28,1249.28,0
2026-01-30 14:30:00,1249.28,1249.28,1249.28,1249.28,0
2026-01-30 14:35:00,1249.28,1249.28,1249.28,1249.28,0
2026-01-30 14:40:00,1249.28,1249.28,1249.28,1249.28,0
2026-01-30 14:45:00,1249.28,1249.28,1249.28,1249.28,0
2026-01-30 14:50:00,1249.28,1249.28,1249.28,1249.28,0
2026-01-30 14:55:00,1249.28,1249.95,1249.28,1249.95,0
2026-01-30 15:00:00,1249.95,1249.95,1249.95,1249.95,0
2026-01-30 15:05:00,1249.95,1249.95,1249.95,1249.95,0
2026-01-30 15:10:00,1249.95,1249.95,1249.95,1249.95,0
2026-01-30 15:15:00,1249.95,1249.95,1249.95,1249.95,0
2026-01-30 15:20:00,1249.95,1249.95,1249.95,1249.95,0
2026-01-30 15:25:00,1249.95,1249.95,1249.95,1249.95,0
2026-02-01 09:15:00,1251.09,1251.09,1251.09,1251.09,0
2026-02-01 09:20:00,1251.09,1251.09,1251.09,1251.09,0
2026-02-01 09:25:00,1251.09,1251.09,1251.09,1251.09,0
2026-02-01 09:30:00,1251.09,1251.09,1251.09,1251.09,0
2026-02-01 09:35:00,1251.09,1251.09,1251.09,1251.09,0
2026-02-01 09:40:00,1251.09,1251.09,1251.09,1251.09,0
2026-02-01 09:45:00,1251.09,1251.09,1251.09,1251.09,0
2026-02-01 09:50:00,1251.09,1251.09,1251.09,1251.09,0
2026-02-01 09:55:00,1251.09,1251.09,1251.09,1251.09,0
2026-02-01 10:00:00,1251.09,1251.09,1251.09,1251.09,0
2026-02-01 10:05:00,1251.09,1251.09,1251.09,1251.09,0
2026-02-01 10:10:00,1251.09,1251.09,1251.09,1251.09,0
2026-02-01 10:15:00,1251.09,1251.09,1251.09,1251.09,0
2026-02-01 10:20:00,1251.09,1251.09,1251.09,1251.09,0
2026-02-01 10:25:00,1251.09,1251.09,1251.09,1251.09,0
2026-02-01 10:30:00,1251.09,1251.09,1251.09,1251.09,0
2026-02-01 10:35:00,1251.09,1251.09,1251.09,1251.09,0
2026-02-01 10:40:00,1251.09,1251.09,1251.09,1251.09,0
2026-02-01 10:45:00,1251.09,1251.09,1251.09,1251.09,0
2026-02-01 10:50:00,1251.09,1251.09,1251.09,1251.09,0
2026-02-01 10:55:00,1251.09,1251.09,1251.09,1251.09,0
2026-02-01 11:00:00,1251.09,1251.09,1251.09,1251.09,0
2026-02-01 11:05:00,1251.09,1251.09,1251.09,1251.09,0
2026-02-01 11:10:00,1251.09,1251.09,1251.09,1251.09,0
2026-02-01 11:15:00,1251.09,1251.09,1251.09,1251.09,0
2026-02-01 11:20:00,1251.09,1251.09,1251.09,1251.09,0
2026-02-01 11:25:00,1251.09,1251.09,1251.09,1251.09,0
2026-02-01 11:30:00,1251.09,1251.09,1251.09,1251.09,0
2026-02-01 11:35:00,1251.09,1251.09,1251.09,1251.09,0
2026-02-01 11:40:00,1251.09,1251.09,1251.09,1251.09,0
2026-02-01 11:45:00,1251.09,1251.09,1251.09,1251.09,0
2026-02-01 11:50:00,1251.09,1251.09,1251.09,1251.09,0
2026-02-01 11:55:00,1251.09,1251.09,1251.09,1251.09,0
2026-02-01 12:00:00,1251.09,1251.09,1251.09,1251.09,0
2026-02-01 12:05:00,1251.09,1251.09,1251.09,1251.09,0
2026-02-01 12:10:00,1251.09,1251.09,1251.09,1251.09,0
2026-02-01 12:15:00,1251.09,1251.09,1251.09,1251.09,0
2026-02-01 12:20:00,1251.09,1251.09,1251.09,1251.09,0
2026-02-01 12:25:00,1251.09,1251.09,1251.09,1251.09,0
2026-02-01 12:30:00,1251.09,1251.09,1251.09,1251.09,0
2026-02-01 12:35:00,1251.09,1251.09,1251.09,1251.09,0
2026-02-01 12:40:00,1251.09,1251.09,1251.09,1251.09,0
2026-02-01 12:45:00,1251.09,1251.09,1251.09,1251.09,0
2026-02-01 12:50:00,1251.09,1251.09,1251.09,1251.09,0
2026-02-01 12:55:00,1251.09,1251.09,1251.09,1251.09,0
2026-02-01 13:00:00,1251.09,1251.09,1251.09,1251.09,0
2026-02-01 13:05:00,1251.09,1251.09,1251.09,1251.09,0
2026-02-01 13:10:00,1251.09,1251.09,1251.09,1251.09,0
2026-02-01 13:15:00,1251.09,1251.09,1251.09,1251.09,0
2026-02-01 13:20:00,1251.09,1251.09,1251.09,1251.09,0
2026-02-01 13:25:00,1251.09,1251.09,1251.09,1251.09,0
2026-02-01 13:30:00,1251.09,1251.09,1251.09,1251.09,0
2026-02-01 13:35:00,1251.09,1251.09,1251.09,1251.09,0
2026-02-01 13:40:00,1251.09,1251.09,1251.09,1251.09,0
2026-02-01 13:45:00,1251.09,1251.09,1251.09,1251.09,0
2026-02-01 13:50:00,1251.09,1251.09,1251.09,1251.09,0
2026-02-01 13:55:00,1251.09,1251.09,1251.09,1251.09,0
2026-02-01 14:00:00,1251.09,1251.09,1251.09,1251.09,0
2026-02-01 14:05:00,1251.09,1251.09,1251.09,1251.09,0
2026-02-01 14:10:00,1251.09,1251.09,1251.09,1251.09,0
2026-02-01 14:15:00,1251.09,1251.09,1251.09,1251.09,0
2026-02-01 14:20:00,1251.09,1251.09,1251.09,1251.09,0
2026-02-01 14:25:00,1251.09,1251.09,1251.09,1251.09,0
2026-02-01 14:30:00,1251.09,1251.09,1251.09,1251.09,0
2026-02-01 14:35:00,1251.09,1251.09,1251.09,1251.09,0
2026-02-01 14:40:00,1251.09,1251.09,1251.09,1251.09,0
2026-02-01 14:45:00,1251.09,1251.09,1251.09,1251.09,0
2026-02-01 14:50:00,1251.09,1251.09,1251.09,1251.09,0
2026-02-01 14:55:00,1251.09,1251.09,1251.09,1251.09,0
2026-02-01 15:00:00,1251.09,1251.09,1251.09,1251.09,0
2026-02-01 15:05:00,1251.09,1251.09,1251.09,1251.09,0
2026-02-01 15:10:00,1251.09,1251.09,1251.09,1251.09,0
2026-02-01 15:15:00,1251.09,1251.09,1251.09,1251.09,0
2026-02-01 15:20:00,1251.09,1251.09,1251.09,1251.09,0
2026-02-01 15:25:00,1251.09,1251.09,1251.09,1251.09,0
2026-02-02 09:15:00,1251.09,1251.09,1251.09,1251.09,0
2026-02-02 09:20:00,1251.09,1251.09,1251.09,1251.09,0
2026-02-02 09:25:00,1251.09,1251.09,1251.09,1251.09,0
2026-02-02 09:30:00,1251.09,1251.09,1251.09,1251.09,0
2026-02-02 09:35:00,1251.09,1251.09,1251.09,1251.09,0
2026-02-02 09:40:00,1251.09,1251.09,1251.09,1251.09,0
2026-02-02 09:45:00,1251.09,1251.09,1251.09,1251.09,0
2026-02-02 09:50:00,1251.09,1251.09,1251.09,1251.09,0
2026-02-02 09:55:00,1251.09,1251.09,1251.09,1251.09,0
2026-02-02 10:00:00,1251.09,1251.09,1251.09,1251.09,0
2026-02-02 10:05:00,1251.09,1251.09,1251.09,1251.09,0
2026-02-02 10:10:00,1251.09,1251.09,1251.09,1251.09,0
2026-02-02 10:15:00,1251.09,1251.09,1251.09,1251.09,0
2026-02-02 10:20:00,1251.09,1251.09,1251.09,1251.09,0
2026-02-02 10:25:00,1251.09,1251.09,1251.09,1251.09,0
2026-02-02 10:30:00,1251.09,1251.09,1251.09,1251.09,0
2026-02-02 10:35:00,1251.09,1251.09,1251.09,1251.09,0
2026-02-02 10:40:00,1251.09,1251.09,1251.09,1251.09,0
2026-02-02 10:45:00,1251.09,1251.09,1251.09,1251.09,0
2026-02-02 10:50:00,1251.09,1251.09,1251.09,1251.09,0
2026-02-02 10:55:00,1251.09,1251.09,1251.09,1251.09,0
2026-02-02 11:00:00,1251.09,1251.09,1251.09,1251.09,0
2026-02-02 11:05:00,1251.09,1251.09,1251.09,1251.09,0
2026-02-02 11:10:00,1251.09,1251.09,1251.09,1251.09,0
2026-02-02 11:15:00,1251.09,1251.09,1251.09,1251.09,0
2026-02-02 11:20:00,1251.09,1251.09,1251.09,1251.09,0
2026-02-02 11:25:00,1251.09,1251.09,1251.09,1251.09,0
2026-02-02 11:30:00,1251.09,1251.09,1251.09,1251.09,0
2026-02-02 11:35:00,1251.09,1251.09,1251.09,1251.09,0
2026-02-02 11:40:00,1251.09,1251.09,1251.09,1251.09,0
2026-02-02 11:45:00,1251.09,1251.09,1251.09,1251.09,0
2026-02-02 11:50:00,1251.09,1251.09,1251.09,1251.09,0
2026-02-02 11:55:00,1251.09,1251.09,1251.09,1251.09,0
2026-02-02 12:00:00,1251.09,1251.09,1251.09,1251.09,0
2026-02-02 12:05:00,1251.09,1251.09,1251.09,1251.09,0
2026-02-02 12:10:00,1251.09,1251.09,1251.09,1251.09,0
2026-02-02 12:15:00,1251.09,1251.09,1251.09,1251.09,0
2026-02-02 12:20:00,1251.09,1251.09,1251.09,1251.09,0
2026-02-02 12:25:00,1251.09,1251.09,1251.09,1251.09,0
2026-02-02 12:30:00,1251.09,1251.09,1251.09,1251.09,0
2026-02-02 12:35:00,1251.09,1251.09,1251.09,1251.09,0
2026-02-02 12:40:00,1251.09,1251.09,1251.09,1251.09,0
2026-02-02 12:45:00,1251.09,1251.09,1251.09,1251.09,0
2026-02-02 12:50:00,1251.09,1251.09,1251.09,1251.09,0
2026-02-02 12:55:00,1251.09,1251.09,1251.09,1251.09,0
2026-02-02 13:00:00,1251.09,1251.09,1251.09,1251.09,0
2026-02-02 13:05:00,1251.09,1251.09,1251.09,1251.09,0
2026-02-02 13:10:00,1251.09,1251.09,1251.09,1251.09,0
2026-02-02 13:15:00,1251.09,1251.09,1251.09,1251.09,0
2026-02-02 13:20:00,1251.09,1251.09,1251.09,1251.09,0
2026-02-02 13:25:00,1251.09,1251.09,1251.09,1251.09,0
2026-02-02 13:30:00,1251.09,1251.09,1251.09,1251.09,0
2026-02-02 13:35:00,1251.09,1251.09,1251.09,1251.09,0
2026-02-02 13:40:00,1251.09,1251.09,1251.09,1251.09,0
2026-02-02 13:45:00,1251.09,1251.09,1251.09,1251.09,0
2026-02-02 13:50:00,1251.09,1251.09,1251.09,1251.09,0
2026-02-02 13:55:00,1251.09,1251.09,1251.09,1251.09,0
2026-02-02 14:00:00,1251.09,1251.09,1251.09,1251.09,0
2026-02-02 14:05:00,1251.09,1251.09,1251.09,1251.09,0
2026-02-02 14:10:00,1251.09,1251.09,1251.09,1251.09,0
2026-02-02 14:15:00,1251.09,1251.09,1251.09,1251.09,0
2026-02-02 14:20:00,1251.09,1251.09,1251.09,1251.09,0
2026-02-02 14:25:00,1251.09,1251.09,1251.09,1251.09,0
2026-02-02 14:30:00,1251.09,1251.09,1251.09,1251.09,0
2026-02-02 14:35:00,1251.09,1251.09,1251.09,1251.09,0
2026-02-02 14:40:00,1251.09,1251.09,1251.09,1251.09,0
2026-02-02 14:45:00,1251.09,1251.09,1251.09,1251.09,0
2026-02-02 14:50:00,1251.09,1251.09,1251.09,1251.09,0
2026-02-02 14:55:00,1251.09,1251.09,1251.09,1251.09,0
2026-02-02 15:00:00,1251.09,1251.09,1251.09,1251.09,0
2026-02-02 15:05:00,1251.09,1251.09,1251.09,1251.09,0
2026-02-02 15:10:00,1251.09,1251.09,1251.09,1251.09,0
2026-02-02 15:15:00,1251.09,1251.09,1251.09,1251.09,0
2026-02-02 15:20:00,1251.09,1251.09,1251.09,1251.09,0
2026-02-02 15:25:00,1251.09,1251.09,1251.09,1251.09,0
2026-02-03 09:15:00,1251.34,1251.34,1251.33,1251.33,0
2026-02-03 09:20:00,1251.33,1251.33,1251.33,1251.33,0
2026-02-03 09:25:00,1251.33,1251.33,1251.33,1251.33,0
2026-02-03 09:30:00,1251.33,1251.33,1251.33,1251.33,0
2026-02-03 09:35:00,1251.33,1251.33,1251.33,1251.33,0
2026-02-03 09:40:00,1251.33,1251.33,1251.33,1251.33,0
2026-02-03 09:45:00,1251.33,1251.33,1251.33,1251.33,0
2026-02-03 09:50:00,1251.33,1251.33,1251.33,1251.33,0
2026-02-03 09:55:00,1251.33,1251.33,1251.33,1251.33,0
2026-02-03 10:00:00,1251.33,1251.33,1251.33,1251.33,0
2026-02-03 10:05:00,1251.33,1251.33,1251.33,1251.33,0
2026-02-03 10:10:00,1251.33,1251.33,1251.33,1251.33,0
2026-02-03 10:15:00,1251.33,1251.33,1251.33,1251.33,0
2026-02-03 10:20:00,1251.33,1251.33,1251.33,1251.33,0
2026-02-03 10:25:00,1251.33,1251.33,1251.33,1251.33,0
2026-02-03 10:30:00,1251.33,1251.33,1251.33,1251.33,0
2026-02-03 10:35:00,1251.33,1251.33,1251.33,1251.33,0
2026-02-03 10:40:00,1251.33,1251.33,1251.33,1251.33,0
2026-02-03 10:45:00,1251.33,1251.33,1251.33,1251.33,0
2026-02-03 10:50:00,1251.33,1251.33,1251.33,1251.33,0
2026-02-03 10:55:00,1251.33,1251.33,1251.33,1251.33,0
2026-02-03 11:00:00,1251.33,1251.33,1251.33,1251.33,0
2026-02-03 11:05:00,1251.33,1251.33,1251.33,1251.33,0
2026-02-03 11:10:00,1251.33,1251.33,1251.33,1251.33,0
2026-02-03 11:15:00,1251.33,1251.33,1251.33,1251.33,0
2026-02-03 11:20:00,1251.33,1251.33,1251.33,1251.33,0
2026-02-03 11:25:00,1251.33,1251.33,1251.33,1251.33,0
2026-02-03 11:30:00,1251.33,1251.33,1251.33,1251.33,0
2026-02-03 11:35:00,1251.33,1251.33,1251.33,1251.33,0
2026-02-03 11:40:00,1251.33,1251.33,1251.33,1251.33,0
2026-02-03 11:45:00,1251.33,1251.33,1251.33,1251.33,0
2026-02-03 11:50:00,1251.33,1251.33,1251.33,1251.33,0
2026-02-03 11:55:00,1251.33,1251.33,1251.33,1251.33,0
2026-02-03 12:00:00,1251.33,1251.33,1251.33,1251.33,0
2026-02-03 12:05:00,1251.33,1251.33,1251.33,1251.33,0
2026-02-03 12:10:00,1251.33,1251.33,1251.33,1251.33,0
2026-02-03 12:15:00,1251.33,1251.33,1251.33,1251.33,0
2026-02-03 12:20:00,1251.33,1251.33,1251.33,1251.33,0
2026-02-03 12:25:00,1251.33,1251.33,1251.33,1251.33,0
2026-02-03 12:30:00,1251.33,1251.33,1251.33,1251.33,0
2026-02-03 12:35:00,1251.33,1251.33,1251.33,1251.33,0
2026-02-03 12:40:00,1251.33,1251.33,1251.33,1251.33,0
2026-02-03 12:45:00,1251.33,1251.33,1251.33,1251.33,0
2026-02-03 12:50:00,1251.33,1251.33,1251.33,1251.33,0
2026-02-03 12:55:00,1251.33,1251.33,1251.33,1251.33,0
2026-02-03 13:00:00,1251.33,1251.33,1251.33,1251.33,0
2026-02-03 13:05:00,1251.33,1251.33,1251.33,1251.33,0
2026-02-03 13:10:00,1251.33,1251.33,1251.33,1251.33,0
2026-02-03 13:15:00,1251.33,1251.33,1251.33,1251.33,0
2026-02-03 13:20:00,1251.33,1251.33,1251.33,1251.33,0
2026-02-03 13:25:00,1251.33,1251.33,1251.33,1251.33,0
2026-02-03 13:30:00,1251.33,1251.33,1251.33,1251.33,0
2026-02-03 13:35:00,1251.33,1251.33,1251.33,1251.33,0
2026-02-03 13:40:00,1251.33,1251.33,1251.33,1251.33,0
2026-02-03 13:45:00,1251.33,1251.33,1251.33,1251.33,0
2026-02-03 13:50:00,1251.33,1251.33,1251.33,1251.33,0
2026-02-03 13:55:00,1251.33,1251.33,1251.33,1251.33,0
2026-02-03 14:00:00,1251.33,1251.33,1251.33,1251.33,0
2026-02-03 14:05:00,1251.33,1251.33,1251.33,1251.33,0
2026-02-03 14:10:00,1251.33,1251.33,1251.33,1251.33,0
2026-02-03 14:15:00,1251.33,1251.33,1251.33,1251.33,0
2026-02-03 14:20:00,1251.33,1251.33,1251.33,1251.33,0
2026-02-03 14:25:00,1251.33,1251.33,1251.33,1251.33,0
2026-02-03 14:30:00,1251.33,1251.33,1251.33,1251.33,0
2026-02-03 14:35:00,1251.33,1251.33,1251.33,1251.33,0
2026-02-03 14:40:00,1251.33,1251.33,1251.33,1251.33,0
2026-02-03 14:45:00,1251.33,1251.33,1251.33,1251.33,0
2026-02-03 14:50:00,1251.33,1251.33,1251.33,1251.33,0
2026-02-03 14:55:00,1251.33,1251.33,1251.33,1251.33,0
2026-02-03 15:00:00,1251.33,1251.65,1251.33,1251.65,0
2026-02-03 15:05:00,1251.65,1251.65,1251.65,1251.65,0
2026-02-03 15:10:00,1251.65,1251.65,1251.65,1251.65,0
2026-02-03 15:15:00,1251.65,1251.65,1251.65,1251.65,0
2026-02-03 15:20:00,1251.65,1251.65,1251.65,1251.65,0
2026-02-03 15:25:00,1251.65,1251.65,1251.65,1251.65,0
2026-02-04 09:15:00,1253.76,1253.76,1253.75,1253.75,0
2026-02-04 09:20:00,1253.75,1253.75,1253.75,1253.75,0
2026-02-04 09:25:00,1253.75,1253.75,1253.75,1253.75,0
2026-02-04 09:30:00,1253.75,1253.75,1253.75,1253.75,0
2026-02-04 09:35:00,1253.75,1253.75,1253.75,1253.75,0
2026-02-04 09:40:00,1253.75,1253.75,1253.75,1253.75,0
2026-02-04 09:45:00,1253.75,1253.75,1253.75,1253.75,0
2026-02-04 09:50:00,1253.75,1253.75,1253.75,1253.75,0
2026-02-04 09:55:00,1253.75,1253.75,1253.75,1253.75,0
2026-02-04 10:00:00,1253.75,1253.75,1253.75,1253.75,0
2026-02-04 10:05:00,1253.75,1253.75,1253.75,1253.75,0
2026-02-04 10:10:00,1253.75,1253.75,1253.75,1253.75,0
2026-02-04 10:15:00,1253.75,1253.75,1253.75,1253.75,0
2026-02-04 10:20:00,1253.75,1253.75,1253.75,1253.75,0
2026-02-04 10:25:00,1253.75,1253.75,1253.75,1253.75,0
2026-02-04 10:30:00,1253.75,1253.75,1253.75,1253.75,0
2026-02-04 10:35:00,1253.75,1253.75,1253.75,1253.75,0
2026-02-04 10:40:00,1253.75,1253.75,1253.75,1253.75,0
2026-02-04 10:45:00,1253.75,1253.75,1253.75,1253.75,0
2026-02-04 10:50:00,1253.75,1253.75,1253.75,1253.75,0
2026-02-04 10:55:00,1253.75,1253.75,1253.75,1253.75,0
2026-02-04 11:00:00,1253.75,1253.75,1253.75,1253.75,0
2026-02-04 11:05:00,1253.75,1253.75,1253.75,1253.75,0
2026-02-04 11:10:00,1253.75,1253.75,1253.75,1253.75,0
2026-02-04 11:15:00,1253.75,1253.75,1253.75,1253.75,0
2026-02-04 11:20:00,1253.75,1253.75,1253.75,1253.75,0
2026-02-04 11:25:00,1253.75,1253.75,1253.75,1253.75,0
2026-02-04 11:30:00,1253.75,1253.75,1253.75,1253.75,0
2026-02-04 11:35:00,1253.75,1253.75,1253.75,1253.75,0
2026-02-04 11:40:00,1253.75,1253.75,1253.75,1253.75,0
2026-02-04 11:45:00,1253.75,1253.75,1253.75,1253.75,0
2026-02-04 11:50:00,1253.75,1253.75,1253.75,1253.75,0
2026-02-04 11:55:00,1253.75,1253.75,1253.75,1253.75,0
2026-02-04 12:00:00,1253.75,1253.75,1253.75,1253.75,0
2026-02-04 12:05:00,1253.75,1253.75,1253.75,1253.75,0
2026-02-04 12:10:00,1253.75,1253.75,1253.75,1253.75,0
2026-02-04 12:15:00,1253.75,1253.75,1253.75,1253.75,0
2026-02-04 12:20:00,1253.75,1253.75,1253.75,1253.75,0
2026-02-04 12:25:00,1253.75,1253.75,1253.75,1253.75,0
2026-02-04 12:30:00,1253.75,1253.75,1253.75,1253.75,0
2026-02-04 12:35:00,1253.75,1253.75,1253.75,1253.75,0
2026-02-04 12:40:00,1253.75,1253.75,1253.75,1253.75,0
2026-02-04 12:45:00,1253.75,1253.75,1253.75,1253.75,0
2026-02-04 12:50:00,1253.75,1253.75,1253.75,1253.75,0
2026-02-04 12:55:00,1253.75,1253.75,1253.75,1253.75,0
2026-02-04 13:00:00,1253.75,1253.75,1253.75,1253.75,0
2026-02-04 13:05:00,1253.75,1253.75,1253.75,1253.75,0
2026-02-04 13:10:00,1253.75,1253.75,1253.75,1253.75,0
2026-02-04 13:15:00,1253.75,1253.75,1253.75,1253.75,0
2026-02-04 13:20:00,1253.75,1253.75,1253.75,1253.75,0
2026-02-04 13:25:00,1253.75,1253.75,1253.75,1253.75,0
2026-02-04 13:30:00,1253.75,1253.75,1253.75,1253.75,0
2026-02-04 13:35:00,1253.75,1253.75,1253.75,1253.75,0
2026-02-04 13:40:00,1253.75,1253.75,1253.75,1253.75,0
2026-02-04 13:45:00,1253.75,1253.75,1253.75,1253.75,0
2026-02-04 13:50:00,1253.75,1253.75,1253.75,1253.75,0
2026-02-04 13:55:00,1253.75,1253.75,1253.75,1253.75,0
2026-02-04 14:00:00,1253.75,1253.75,1253.75,1253.75,0
2026-02-04 14:05:00,1253.75,1253.75,1253.75,1253.75,0
2026-02-04 14:10:00,1253.75,1253.75,1253.75,1253.75,0
2026-02-04 14:15:00,1253.75,1253.75,1253.75,1253.75,0
2026-02-04 14:20:00,1253.75,1253.75,1253.75,1253.75,0
2026-02-04 14:25:00,1253.75,1253.75,1253.75,1253.75,0
2026-02-04 14:30:00,1253.75,1253.75,1253.75,1253.75,0
2026-02-04 14:35:00,1253.75,1253.75,1253.75,1253.75,0
2026-02-04 14:40:00,1253.75,1253.75,1253.75,1253.75,0
2026-02-04 14:45:00,1253.75,1253.75,1253.75,1253.75,0
2026-02-04 14:50:00,1253.75,1253.75,1253.75,1253.75,0
2026-02-04 14:55:00,1253.75,1253.75,1253.75,1253.75,0
2026-02-04 15:00:00,1253.75,1253.75,1253.75,1253.75,0
2026-02-04 15:05:00,1253.75,1253.75,1253.75,1253.75,0
2026-02-04 15:10:00,1253.75,1253.75,1253.75,1253.75,0
2026-02-04 15:15:00,1253.75,1253.75,1253.75,1253.75,0
2026-02-04 15:20:00,1253.75,1253.75,1253.75,1253.75,0
2026-02-04 15:25:00,1253.75,1253.75,1253.75,1253.75,0
2026-02-05 09:15:00,1254.97,1254.97,1254.96,1254.96,0
2026-02-05 09:20:00,1254.96,1254.96,1254.96,1254.96,0
2026-02-05 09:25:00,1254.96,1254.96,1254.96,1254.96,0
2026-02-05 09:30:00,1254.96,1254.96,1254.96,1254.96,0
2026-02-05 09:35:00,1254.96,1254.96,1254.96,1254.96,0
2026-02-05 09:40:00,1254.96,1254.96,1254.96,1254.96,0
2026-02-05 09:45:00,1254.96,1254.96,1254.96,1254.96,0
2026-02-05 09:50:00,1254.96,1254.96,1254.96,1254.96,0
2026-02-05 09:55:00,1254.96,1254.96,1254.96,1254.96,0
2026-02-05 10:00:00,1254.96,1254.96,1254.96,1254.96,0
2026-02-05 10:05:00,1254.96,1254.96,1254.96,1254.96,0
2026-02-05 10:10:00,1254.96,1254.96,1254.96,1254.96,0
2026-02-05 10:15:00,1254.96,1254.96,1254.96,1254.96,0
2026-02-05 10:20:00,1254.96,1254.96,1254.96,1254.96,0
2026-02-05 10:25:00,1254.96,1254.96,1254.96,1254.96,0
2026-02-05 10:30:00,1254.96,1254.96,1254.96,1254.96,0
2026-02-05 10:35:00,1254.96,1254.96,1254.96,1254.96,0
2026-02-05 10:40:00,1254.96,1254.96,1254.96,1254.96,0
2026-02-05 10:45:00,1254.96,1254.96,1254.96,1254.96,0
2026-02-05 10:50:00,1254.96,1254.96,1254.96,1254.96,0
2026-02-05 10:55:00,1254.96,1254.96,1254.96,1254.96,0
2026-02-05 11:00:00,1254.96,1254.96,1254.96,1254.96,0
2026-02-05 11:05:00,1254.96,1254.96,1254.96,1254.96,0
2026-02-05 11:10:00,1254.96,1254.96,1254.96,1254.96,0
2026-02-05 11:15:00,1254.96,1254.96,1254.96,1254.96,0
2026-02-05 11:20:00,1254.96,1254.96,1254.96,1254.96,0
2026-02-05 11:25:00,1254.96,1254.96,1254.96,1254.96,0
2026-02-05 11:30:00,1254.96,1254.96,1254.96,1254.96,0
2026-02-05 11:35:00,1254.96,1254.96,1254.96,1254.96,0
2026-02-05 11:40:00,1254.96,1254.96,1254.96,1254.96,0
2026-02-05 11:45:00,1254.96,1254.96,1254.96,1254.96,0
2026-02-05 11:50:00,1254.96,1254.96,1254.96,1254.96,0
2026-02-05 11:55:00,1254.96,1254.96,1254.96,1254.96,0
2026-02-05 12:00:00,1254.96,1254.96,1254.96,1254.96,0
2026-02-05 12:05:00,1254.96,1254.96,1254.96,1254.96,0
2026-02-05 12:10:00,1254.96,1254.96,1254.96,1254.96,0
2026-02-05 12:15:00,1254.96,1254.96,1254.96,1254.96,0
2026-02-05 12:20:00,1254.96,1254.96,1254.96,1254.96,0
2026-02-05 12:25:00,1254.96,1254.96,1254.96,1254.96,0
2026-02-05 12:30:00,1254.96,1254.96,1254.96,1254.96,0
2026-02-05 12:35:00,1254.96,1254.96,1254.96,1254.96,0
2026-02-05 12:40:00,1254.96,1254.96,1254.96,1254.96,0
2026-02-05 12:45:00,1254.96,1254.96,1254.96,1254.96,0
2026-02-05 12:50:00,1254.96,1254.96,1254.96,1254.96,0
2026-02-05 12:55:00,1254.96,1254.96,1254.96,1254.96,0
2026-02-05 13:00:00,1254.96,1254.96,1254.96,1254.96,0
2026-02-05 13:05:00,1254.96,1254.96,1254.96,1254.96,0
2026-02-05 13:10:00,1254.96,1254.96,1254.96,1254.96,0
2026-02-05 13:15:00,1254.96,1254.96,1254.96,1254.96,0
2026-02-05 13:20:00,1254.96,1254.96,1254.96,1254.96,0
2026-02-05 13:25:00,1254.96,1254.96,1254.96,1254.96,0
2026-02-05 13:30:00,1254.96,1254.96,1254.96,1254.96,0
2026-02-05 13:35:00,1254.96,1254.96,1254.96,1254.96,0
2026-02-05 13:40:00,1254.96,1254.96,1254.96,1254.96,0
2026-02-05 13:45:00,1254.96,1254.96,1254.96,1254.96,0
2026-02-05 13:50:00,1254.96,1254.96,1254.96,1254.96,0
2026-02-05 13:55:00,1254.96,1254.96,1254.96,1254.96,0
2026-02-05 14:00:00,1254.96,1254.96,1254.96,1254.96,0
2026-02-05 14:05:00,1254.96,1254.96,1254.96,1254.96,0
2026-02-05 14:10:00,1254.96,1254.96,1254.96,1254.96,0
2026-02-05 14:15:00,1254.96,1254.96,1254.96,1254.96,0
2026-02-05 14:20:00,1254.96,1254.96,1254.96,1254.96,0
2026-02-05 14:25:00,1254.96,1254.96,1254.96,1254.96,0
2026-02-05 14:30:00,1254.96,1254.96,1254.96,1254.96,0
2026-02-05 14:35:00,1254.96,1254.96,1254.96,1254.96,0
2026-02-05 14:40:00,1254.96,1254.96,1254.96,1254.96,0
2026-02-05 14:45:00,1254.96,1254.96,1254.96,1254.96,0
2026-02-05 14:50:00,1254.96,1254.96,1254.96,1254.96,0
2026-02-05 14:55:00,1254.96,1254.96,1254.96,1254.96,0
2026-02-05 15:00:00,1254.96,1254.96,1254.96,1254.96,0
2026-02-05 15:05:00,1254.96,1254.96,1254.96,1254.96,0
2026-02-05 15:10:00,1254.96,1254.96,1254.96,1254.96,0
2026-02-05 15:15:00,1254.96,1254.96,1254.96,1254.96,0
2026-02-05 15:20:00,1254.96,1254.96,1254.96,1254.96,0
2026-02-05 15:25:00,1254.96,1254.96,1254.96,1254.96,0
2026-02-06 09:15:00,1258.26,1258.26,1258.26,1258.26,0
2026-02-06 09:20:00,1258.26,1258.26,1258.26,1258.26,0
2026-02-06 09:25:00,1258.26,1258.26,1258.26,1258.26,0
2026-02-06 09:30:00,1258.26,1258.26,1258.26,1258.26,0
2026-02-06 09:35:00,1258.26,1258.26,1258.26,1258.26,0
2026-02-06 09:40:00,1258.26,1258.26,1258.26,1258.26,0
2026-02-06 09:45:00,1258.26,1258.26,1258.26,1258.26,0
2026-02-06 09:50:00,1258.26,1258.26,1258.26,1258.26,0
2026-02-06 09:55:00,1258.26,1258.26,1258.26,1258.26,0
2026-02-06 10:00:00,1258.26,1258.26,1258.26,1258.26,0
2026-02-06 10:05:00,1258.26,1258.26,1258.26,1258.26,0
2026-02-06 10:10:00,1258.26,1258.26,1258.26,1258.26,0
2026-02-06 10:15:00,1258.26,1258.26,1258.26,1258.26,0
2026-02-06 10:20:00,1258.26,1258.26,1258.26,1258.26,0
2026-02-06 10:25:00,1258.26,1258.26,1258.26,1258.26,0
2026-02-06 10:30:00,1258.26,1258.26,1258.26,1258.26,0
2026-02-06 10:35:00,1258.26,1258.26,1258.26,1258.26,0
2026-02-06 10:40:00,1258.26,1258.26,1258.26,1258.26,0
2026-02-06 10:45:00,1258.26,1258.26,1258.26,1258.26,0
2026-02-06 10:50:00,1258.26,1258.26,1258.26,1258.26,0
2026-02-06 10:55:00,1258.26,1258.26,1258.26,1258.26,0
2026-02-06 11:00:00,1258.26,1258.26,1258.26,1258.26,0
2026-02-06 11:05:00,1258.26,1258.26,1258.26,1258.26,0
2026-02-06 11:10:00,1258.26,1258.26,1258.26,1258.26,0
2026-02-06 11:15:00,1258.26,1258.26,1258.26,1258.26,0
2026-02-06 11:20:00,1258.26,1258.26,1258.26,1258.26,0
2026-02-06 11:25:00,1258.26,1258.26,1258.26,1258.26,0
2026-02-06 11:30:00,1258.26,1258.26,1258.26,1258.26,0
2026-02-06 11:35:00,1258.26,1258.26,1258.26,1258.26,0
2026-02-06 11:40:00,1258.26,1258.26,1258.26,1258.26,0
2026-02-06 11:45:00,1258.26,1258.26,1258.26,1258.26,0
2026-02-06 11:50:00,1258.26,1258.26,1258.26,1258.26,0
2026-02-06 11:55:00,1258.26,1258.26,1258.26,1258.26,0
2026-02-06 12:00:00,1258.26,1258.26,1258.26,1258.26,0
2026-02-06 12:05:00,1258.26,1258.26,1258.26,1258.26,0
2026-02-06 12:10:00,1258.26,1258.26,1258.26,1258.26,0
2026-02-06 12:15:00,1258.26,1258.26,1258.26,1258.26,0
2026-02-06 12:20:00,1258.26,1258.26,1258.26,1258.26,0
2026-02-06 12:25:00,1258.26,1258.26,1258.26,1258.26,0
2026-02-06 12:30:00,1258.26,1258.26,1258.26,1258.26,0
2026-02-06 12:35:00,1258.26,1258.26,1258.26,1258.26,0
2026-02-06 12:40:00,1258.26,1258.26,1258.26,1258.26,0
2026-02-06 12:45:00,1258.26,1258.26,1258.26,1258.26,0
2026-02-06 12:50:00,1258.26,1258.26,1258.26,1258.26,0
2026-02-06 12:55:00,1258.26,1258.26,1258.26,1258.26,0
2026-02-06 13:00:00,1258.26,1258.26,1258.26,1258.26,0
2026-02-06 13:05:00,1258.26,1258.26,1258.26,1258.26,0
2026-02-06 13:10:00,1258.26,1258.26,1258.26,1258.26,0
2026-02-06 13:15:00,1258.26,1258.26,1258.26,1258.26,0
2026-02-06 13:20:00,1258.26,1258.26,1258.26,1258.26,0
2026-02-06 13:25:00,1258.26,1258.26,1258.26,1258.26,0
2026-02-06 13:30:00,1258.26,1258.26,1258.26,1258.26,0
2026-02-06 13:35:00,1258.26,1258.26,1258.26,1258.26,0
2026-02-06 13:40:00,1258.26,1258.26,1258.26,1258.26,0
2026-02-06 13:45:00,1258.26,1258.26,1258.26,1258.26,0
2026-02-06 13:50:00,1258.26,1258.26,1258.26,1258.26,0
2026-02-06 13:55:00,1258.26,1258.26,1258.26,1258.26,0
2026-02-06 14:00:00,1258.26,1258.26,1258.26,1258.26,0
2026-02-06 14:05:00,1258.26,1258.26,1258.26,1258.26,0
2026-02-06 14:10:00,1258.26,1258.26,1258.26,1258.26,0
2026-02-06 14:15:00,1258.26,1258.26,1258.26,1258.26,0
2026-02-06 14:20:00,1258.26,1258.26,1258.26,1258.26,0
2026-02-06 14:25:00,1258.26,1258.26,1258.26,1258.26,0
2026-02-06 14:30:00,1258.26,1258.26,1258.26,1258.26,0
2026-02-06 14:35:00,1258.26,1258.26,1258.26,1258.26,0
2026-02-06 14:40:00,1258.26,1258.26,1258.26,1258.26,0
2026-02-06 14:45:00,1258.26,1258.26,1258.26,1258.26,0
2026-02-06 14:50:00,1258.26,1258.26,1258.26,1258.26,0
2026-02-06 14:55:00,1258.26,1258.26,1258.26,1258.26,0
2026-02-06 15:00:00,1258.26,1258.26,1258.26,1258.26,0
2026-02-06 15:05:00,1258.26,1258.26,1258.26,1258.26,0
2026-02-06 15:10:00,1258.26,1258.26,1258.26,1258.26,0
2026-02-06 15:15:00,1258.26,1258.26,1258.26,1258.26,0
2026-02-06 15:20:00,1258.26,1258.26,1258.26,1258.26,0
2026-02-06 15:25:00,1258.26,1258.26,1258.26,1258.26,0
2026-02-09 09:15:00,1259.02,1259.02,1259.01,1259.01,0
2026-02-09 09:20:00,1259.01,1259.01,1259.01,1259.01,0
2026-02-09 09:25:00,1259.01,1259.01,1259.01,1259.01,0
2026-02-09 09:30:00,1259.01,1259.01,1259.01,1259.01,0
2026-02-09 09:35:00,1259.01,1259.01,1259.01,1259.01,0
2026-02-09 09:40:00,1259.01,1259.01,1259.01,1259.01,0
2026-02-09 09:45:00,1259.01,1259.01,1259.01,1259.01,0
2026-02-09 09:50:00,1259.01,1259.01,1259.01,1259.01,0
2026-02-09 09:55:00,1259.01,1259.01,1259.01,1259.01,0
2026-02-09 10:00:00,1259.01,1259.01,1259.01,1259.01,0
2026-02-09 10:05:00,1259.01,1259.01,1259.01,1259.01,0
2026-02-09 10:10:00,1259.01,1259.01,1259.01,1259.01,0
2026-02-09 10:15:00,1259.01,1259.01,1259.01,1259.01,0
2026-02-09 10:20:00,1259.01,1259.01,1259.01,1259.01,0
2026-02-09 10:25:00,1259.01,1259.01,1259.01,1259.01,0
2026-02-09 10:30:00,1259.01,1259.01,1259.01,1259.01,0
2026-02-09 10:35:00,1259.01,1259.01,1259.01,1259.01,0
2026-02-09 10:40:00,1259.01,1259.01,1259.01,1259.01,0
2026-02-09 10:45:00,1259.01,1259.01,1259.01,1259.01,0
2026-02-09 10:50:00,1259.01,1259.01,1259.01,1259.01,0
2026-02-09 10:55:00,1259.01,1259.01,1259.01,1259.01,0
2026-02-09 11:00:00,1259.01,1259.01,1259.01,1259.01,0
2026-02-09 11:05:00,1259.01,1259.01,1259.01,1259.01,0
2026-02-09 11:10:00,1259.01,1259.01,1259.01,1259.01,0
2026-02-09 11:15:00,1259.01,1259.01,1259.01,1259.01,0
2026-02-09 11:20:00,1259.01,1259.01,1259.01,1259.01,0
2026-02-09 11:25:00,1259.01,1259.01,1259.01,1259.01,0
2026-02-09 11:30:00,1259.01,1259.01,1259.01,1259.01,0
2026-02-09 11:35:00,1259.01,1259.01,1259.01,1259.01,0
2026-02-09 11:40:00,1259.01,1259.01,1259.01,1259.01,0
2026-02-09 11:45:00,1259.01,1259.01,1259.01,1259.01,0
2026-02-09 11:50:00,1259.01,1259.01,1259.01,1259.01,0
2026-02-09 11:55:00,1259.01,1259.01,1259.01,1259.01,0
2026-02-09 12:00:00,1259.01,1259.01,1259.01,1259.01,0
2026-02-09 12:05:00,1259.01,1259.01,1259.01,1259.01,0
2026-02-09 12:10:00,1259.01,1259.01,1259.01,1259.01,0
2026-02-09 12:15:00,1259.01,1259.01,1259.01,1259.01,0
2026-02-09 12:20:00,1259.01,1259.01,1259.01,1259.01,0
2026-02-09 12:25:00,1259.01,1259.01,1259.01,1259.01,0
2026-02-09 12:30:00,1259.01,1259.01,1259.01,1259.01,0
2026-02-09 12:35:00,1259.01,1259.01,1259.01,1259.01,0
2026-02-09 12:40:00,1259.01,1259.01,1259.01,1259.01,0
2026-02-09 12:45:00,1259.01,1259.01,1259.01,1259.01,0
2026-02-09 12:50:00,1259.01,1259.01,1259.01,1259.01,0
2026-02-09 12:55:00,1259.01,1259.01,1259.01,1259.01,0
2026-02-09 13:00:00,1259.01,1259.01,1259.01,1259.01,0
2026-02-09 13:05:00,1259.01,1259.01,1259.01,1259.01,0
2026-02-09 13:10:00,1259.01,1259.01,1259.01,1259.01,0
2026-02-09 13:15:00,1259.01,1259.01,1259.01,1259.01,0
2026-02-09 13:20:00,1259.01,1259.01,1259.01,1259.01,0
2026-02-09 13:25:00,1259.01,1259.01,1259.01,1259.01,0
2026-02-09 13:30:00,1259.01,1259.01,1259.01,1259.01,0
2026-02-09 13:35:00,1259.01,1259.01,1259.01,1259.01,0
2026-02-09 13:40:00,1259.01,1259.01,1259.01,1259.01,0
2026-02-09 13:45:00,1259.01,1259.01,1259.01,1259.01,0
2026-02-09 13:50:00,1259.01,1259.01,1259.01,1259.01,0
2026-02-09 13:55:00,1259.01,1259.01,1259.01,1259.01,0
2026-02-09 14:00:00,1259.01,1259.01,1259.01,1259.01,0
2026-02-09 14:05:00,1259.01,1259.01,1259.01,1259.01,0
2026-02-09 14:10:00,1259.01,1259.01,1259.01,1259.01,0
2026-02-09 14:15:00,1259.01,1259.01,1259.01,1259.01,0
2026-02-09 14:20:00,1259.01,1259.01,1259.01,1259.01,0
2026-02-09 14:25:00,1259.01,1259.01,1259.01,1259.01,0
2026-02-09 14:30:00,1259.01,1259.01,1259.01,1259.01,0
2026-02-09 14:35:00,1259.01,1259.01,1259.01,1259.01,0
2026-02-09 14:40:00,1259.01,1259.01,1259.01,1259.01,0
2026-02-09 14:45:00,1259.01,1259.01,1259.01,1259.01,0
2026-02-09 14:50:00,1259.01,1259.01,1259.01,1259.01,0
2026-02-09 14:55:00,1259.01,1259.01,1259.01,1259.01,0
2026-02-09 15:00:00,1259.01,1259.01,1259.01,1259.01,0
2026-02-09 15:05:00,1259.01,1259.01,1259.01,1259.01,0
2026-02-09 15:10:00,1259.01,1259.01,1259.01,1259.01,0
2026-02-09 15:15:00,1259.01,1259.01,1259.01,1259.01,0
2026-02-09 15:20:00,1259.01,1259.01,1259.01,1259.01,0
2026-02-09 15:25:00,1259.01,1259.01,1259.01,1259.01,0
2026-02-10 09:15:00,1258.33,1258.33,1258.33,1258.33,0
2026-02-10 09:20:00,1258.33,1258.33,1258.33,1258.33,0
2026-02-10 09:25:00,1258.33,1258.33,1258.33,1258.33,0
2026-02-10 09:30:00,1258.33,1258.33,1258.33,1258.33,0
2026-02-10 09:35:00,1258.33,1258.33,1258.33,1258.33,0
2026-02-10 09:40:00,1258.33,1258.33,1258.33,1258.33,0
2026-02-10 09:45:00,1258.33,1258.33,1258.33,1258.33,0
2026-02-10 09:50:00,1258.33,1258.33,1258.33,1258.33,0
2026-02-10 09:55:00,1258.33,1258.33,1258.33,1258.33,0
2026-02-10 10:00:00,1258.33,1258.33,1258.33,1258.33,0
2026-02-10 10:05:00,1258.33,1258.33,1258.33,1258.33,0
2026-02-10 10:10:00,1258.33,1258.33,1258.33,1258.33,0
2026-02-10 10:15:00,1258.33,1258.33,1258.33,1258.33,0
2026-02-10 10:20:00,1258.33,1258.33,1258.33,1258.33,0
2026-02-10 10:25:00,1258.33,1258.33,1258.33,1258.33,0
2026-02-10 10:30:00,1258.33,1258.33,1258.33,1258.33,0
2026-02-10 10:35:00,1258.33,1258.33,1258.33,1258.33,0
2026-02-10 10:40:00,1258.33,1258.33,1258.33,1258.33,0
2026-02-10 10:45:00,1258.33,1258.33,1258.33,1258.33,0
2026-02-10 10:50:00,1258.33,1258.33,1258.33,1258.33,0
2026-02-10 10:55:00,1258.33,1258.33,1258.33,1258.33,0
2026-02-10 11:00:00,1258.33,1258.33,1258.33,1258.33,0
2026-02-10 11:05:00,1258.33,1258.33,1258.33,1258.33,0
2026-02-10 11:10:00,1258.33,1258.33,1258.33,1258.33,0
2026-02-10 11:15:00,1258.33,1258.33,1258.33,1258.33,0
2026-02-10 11:20:00,1258.33,1258.33,1258.33,1258.33,0
2026-02-10 11:25:00,1258.33,1258.33,1258.33,1258.33,0
2026-02-10 11:30:00,1258.33,1258.33,1258.33,1258.33,0
2026-02-10 11:35:00,1258.33,1258.33,1258.33,1258.33,0
2026-02-10 11:40:00,1258.33,1258.33,1258.33,1258.33,0
2026-02-10 11:45:00,1258.33,1258.33,1258.33,1258.33,0
2026-02-10 11:50:00,1258.33,1258.33,1258.33,1258.33,0
2026-02-10 11:55:00,1258.33,1258.33,1258.33,1258.33,0
2026-02-10 12:00:00,1258.33,1258.33,1258.33,1258.33,0
2026-02-10 12:05:00,1258.33,1258.33,1258.33,1258.33,0
2026-02-10 12:10:00,1258.33,1258.33,1258.33,1258.33,0
2026-02-10 12:15:00,1258.33,1258.33,1258.33,1258.33,0
2026-02-10 12:20:00,1258.33,1258.33,1258.33,1258.33,0
2026-02-10 12:25:00,1258.33,1258.33,1258.33,1258.33,0
2026-02-10 12:30:00,1258.33,1258.33,1258.33,1258.33,0
2026-02-10 12:35:00,1258.33,1258.33,1258.33,1258.33,0
2026-02-10 12:40:00,1258.33,1258.33,1258.33,1258.33,0
2026-02-10 12:45:00,1258.33,1258.33,1258.33,1258.33,0
2026-02-10 12:50:00,1258.33,1258.33,1258.33,1258.33,0
2026-02-10 12:55:00,1258.33,1258.33,1258.33,1258.33,0
2026-02-10 13:00:00,1258.33,1258.33,1258.33,1258.33,0
2026-02-10 13:05:00,1258.33,1258.33,1258.33,1258.33,0
2026-02-10 13:10:00,1258.33,1258.33,1258.33,1258.33,0
2026-02-10 13:15:00,1258.33,1258.33,1258.33,1258.33,0
2026-02-10 13:20:00,1258.33,1258.33,1258.33,1258.33,0
2026-02-10 13:25:00,1258.33,1258.33,1258.33,1258.33,0
2026-02-10 13:30:00,1258.33,1258.33,1258.33,1258.33,0
2026-02-10 13:35:00,1258.33,1258.33,1258.33,1258.33,0
2026-02-10 13:40:00,1258.33,1258.33,1258.33,1258.33,0
2026-02-10 13:45:00,1258.33,1258.33,1258.33,1258.33,0
2026-02-10 13:50:00,1258.33,1258.33,1258.33,1258.33,0
2026-02-10 13:55:00,1258.33,1258.33,1258.33,1258.33,0
2026-02-10 14:00:00,1258.33,1258.33,1258.33,1258.33,0
2026-02-10 14:05:00,1258.33,1258.33,1258.33,1258.33,0
2026-02-10 14:10:00,1258.33,1258.33,1258.33,1258.33,0
2026-02-10 14:15:00,1258.33,1258.33,1258.33,1258.33,0
2026-02-10 14:20:00,1258.33,1258.33,1258.33,1258.33,0
2026-02-10 14:25:00,1258.33,1258.33,1258.33,1258.33,0
2026-02-10 14:30:00,1258.33,1258.33,1258.33,1258.33,0
2026-02-10 14:35:00,1258.33,1258.33,1258.33,1258.33,0
2026-02-10 14:40:00,1258.33,1258.33,1258.33,1258.33,0
2026-02-10 14:45:00,1258.33,1258.33,1258.33,1258.33,0
2026-02-10 14:50:00,1258.33,1258.33,1258.33,1258.33,0
2026-02-10 14:55:00,1258.33,1258.33,1258.33,1258.33,0
2026-02-10 15:00:00,1258.33,1258.33,1258.33,1258.33,0
2026-02-10 15:05:00,1258.33,1258.33,1258.33,1258.33,0
2026-02-10 15:10:00,1258.33,1258.33,1258.33,1258.33,0
2026-02-10 15:15:00,1258.33,1258.33,1258.33,1258.33,0
2026-02-10 15:20:00,1258.33,1258.33,1258.33,1258.33,0
2026-02-10 15:25:00,1258.33,1258.33,1258.33,1258.33,0
2026-02-11 09:15:00,1258.52,1258.52,1258.51,1258.51,0
2026-02-11 09:20:00,1258.51,1258.51,1258.51,1258.51,0
2026-02-11 09:25:00,1258.51,1258.51,1258.51,1258.51,0
2026-02-11 09:30:00,1258.51,1258.51,1258.51,1258.51,0
2026-02-11 09:35:00,1258.51,1258.51,1258.51,1258.51,0
2026-02-11 09:40:00,1258.51,1258.51,1258.51,1258.51,0
2026-02-11 09:45:00,1258.51,1258.51,1258.51,1258.51,0
2026-02-11 09:50:00,1258.51,1258.51,1258.51,1258.51,0
2026-02-11 09:55:00,1258.51,1258.51,1258.51,1258.51,0
2026-02-11 10:00:00,1258.51,1258.51,1258.51,1258.51,0
2026-02-11 10:05:00,1258.51,1258.51,1258.51,1258.51,0
2026-02-11 10:10:00,1258.51,1258.51,1258.51,1258.51,0
2026-02-11 10:15:00,1258.51,1258.51,1258.51,1258.51,0
2026-02-11 10:20:00,1258.51,1258.51,1258.51,1258.51,0
2026-02-11 10:25:00,1258.51,1258.51,1258.51,1258.51,0
2026-02-11 10:30:00,1258.51,1258.51,1258.51,1258.51,0
2026-02-11 10:35:00,1258.51,1258.51,1258.51,1258.51,0
2026-02-11 10:40:00,1258.51,1258.51,1258.51,1258.51,0
2026-02-11 10:45:00,1258.51,1258.51,1258.51,1258.51,0
2026-02-11 10:50:00,1258.51,1258.51,1258.51,1258.51,0
2026-02-11 10:55:00,1258.51,1258.51,1258.51,1258.51,0
2026-02-11 11:00:00,1258.51,1258.51,1258.51,1258.51,0
2026-02-11 11:05:00,1258.51,1258.51,1258.51,1258.51,0
2026-02-11 11:10:00,1258.51,1258.51,1258.51,1258.51,0
2026-02-11 11:15:00,1258.51,1258.51,1258.51,1258.51,0
2026-02-11 11:20:00,1258.51,1258.51,1258.51,1258.51,0
2026-02-11 11:25:00,1258.51,1258.51,1258.51,1258.51,0
2026-02-11 11:30:00,1258.51,1258.51,1258.51,1258.51,0
2026-02-11 11:35:00,1258.51,1258.51,1258.51,1258.51,0
2026-02-11 11:40:00,1258.51,1258.51,1258.51,1258.51,0
2026-02-11 11:45:00,1258.51,1258.51,1258.51,1258.51,0
2026-02-11 11:50:00,1258.51,1258.51,1258.51,1258.51,0
2026-02-11 11:55:00,1258.51,1258.51,1258.51,1258.51,0
2026-02-11 12:00:00,1258.51,1258.51,1258.51,1258.51,0
2026-02-11 12:05:00,1258.51,1258.51,1258.51,1258.51,0
2026-02-11 12:10:00,1258.51,1258.51,1258.51,1258.51,0
2026-02-11 12:15:00,1258.51,1258.51,1258.51,1258.51,0
2026-02-11 12:20:00,1258.51,1258.51,1258.51,1258.51,0
2026-02-11 12:25:00,1258.51,1258.51,1258.51,1258.51,0
2026-02-11 12:30:00,1258.51,1258.51,1258.51,1258.51,0
2026-02-11 12:35:00,1258.51,1258.51,1258.51,1258.51,0
2026-02-11 12:40:00,1258.51,1258.51,1258.51,1258.51,0
2026-02-11 12:45:00,1258.51,1258.51,1258.51,1258.51,0
2026-02-11 12:50:00,1258.51,1258.51,1258.51,1258.51,0
2026-02-11 12:55:00,1258.51,1258.51,1258.51,1258.51,0
2026-02-11 13:00:00,1258.51,1258.51,1258.51,1258.51,0
2026-02-11 13:05:00,1258.51,1258.51,1258.51,1258.51,0
2026-02-11 13:10:00,1258.51,1258.51,1258.51,1258.51,0
2026-02-11 13:15:00,1258.51,1258.51,1258.51,1258.51,0
2026-02-11 13:20:00,1258.51,1258.51,1258.51,1258.51,0
2026-02-11 13:25:00,1258.51,1258.51,1258.51,1258.51,0
2026-02-11 13:30:00,1258.51,1258.51,1258.51,1258.51,0
2026-02-11 13:35:00,1258.51,1258.51,1258.51,1258.51,0
2026-02-11 13:40:00,1258.51,1258.51,1258.51,1258.51,0
2026-02-11 13:45:00,1258.51,1258.51,1258.51,1258.51,0
2026-02-11 13:50:00,1258.51,1258.51,1258.51,1258.51,0
2026-02-11 13:55:00,1258.51,1258.51,1258.51,1258.51,0
2026-02-11 14:00:00,1258.51,1258.51,1258.51,1258.51,0
2026-02-11 14:05:00,1258.51,1258.51,1258.51,1258.51,0
2026-02-11 14:10:00,1258.51,1258.51,1258.51,1258.51,0
2026-02-11 14:15:00,1258.51,1258.51,1258.51,1258.51,0
2026-02-11 14:20:00,1258.51,1258.51,1258.51,1258.51,0
2026-02-11 14:25:00,1258.51,1258.51,1258.51,1258.51,0
2026-02-11 14:30:00,1258.51,1258.51,1258.51,1258.51,0
2026-02-11 14:35:00,1258.51,1258.51,1258.51,1258.51,0
2026-02-11 14:40:00,1258.51,1258.51,1258.51,1258.51,0
2026-02-11 14:45:00,1258.51,1258.51,1258.51,1258.51,0
2026-02-11 14:50:00,1258.51,1258.51,1258.3,1258.3,0
2026-02-11 14:55:00,1258.3,1258.3,1258.22,1258.22,0
2026-02-11 15:00:00,1258.22,1258.22,1258.22,1258.22,0
2026-02-11 15:05:00,1258.22,1258.22,1258.22,1258.22,0
2026-02-11 15:10:00,1258.22,1258.22,1258.22,1258.22,0
2026-02-11 15:15:00,1258.22,1258.22,1258.22,1258.22,0
2026-02-11 15:20:00,1258.22,1258.22,1258.22,1258.22,0
2026-02-11 15:25:00,1258.22,1258.22,1258.22,1258.22,0
2026-02-12 09:15:00,1256.5,1256.5,1256.49,1256.49,0
2026-02-12 09:20:00,1256.49,1256.49,1256.49,1256.49,0
2026-02-12 09:25:00,1256.49,1256.49,1256.49,1256.49,0
2026-02-12 09:30:00,1256.49,1256.49,1256.49,1256.49,0
2026-02-12 09:35:00,1256.49,1256.49,1256.49,1256.49,0
2026-02-12 09:40:00,1256.49,1256.49,1256.49,1256.49,0
2026-02-12 09:45:00,1256.49,1256.49,1256.49,1256.49,0
2026-02-12 09:50:00,1256.49,1256.49,1256.49,1256.49,0
2026-02-12 09:55:00,1256.49,1256.49,1256.49,1256.49,0
2026-02-12 10:00:00,1256.49,1256.49,1256.49,1256.49,0
2026-02-12 10:05:00,1256.49,1256.49,1256.49,1256.49,0
2026-02-12 10:10:00,1256.49,1256.49,1256.49,1256.49,0
2026-02-12 10:15:00,1256.49,1256.49,1256.49,1256.49,0
2026-02-12 10:20:00,1256.49,1256.49,1256.49,1256.49,0
2026-02-12 10:25:00,1256.49,1256.49,1256.49,1256.49,0
2026-02-12 10:30:00,1256.49,1256.49,1256.49,1256.49,0
2026-02-12 10:35:00,1256.49,1256.49,1256.49,1256.49,0
2026-02-12 10:40:00,1256.49,1256.49,1256.49,1256.49,0
2026-02-12 10:45:00,1256.49,1256.49,1256.49,1256.49,0
2026-02-12 10:50:00,1256.49,1256.49,1256.49,1256.49,0
2026-02-12 10:55:00,1256.49,1256.49,1256.49,1256.49,0
2026-02-12 11:00:00,1256.49,1256.49,1256.49,1256.49,0
2026-02-12 11:05:00,1256.49,1256.49,1256.49,1256.49,0
2026-02-12 11:10:00,1256.49,1256.49,1256.49,1256.49,0
2026-02-12 11:15:00,1256.49,1256.49,1256.49,1256.49,0
2026-02-12 11:20:00,1256.49,1256.49,1256.49,1256.49,0
2026-02-12 11:25:00,1256.49,1256.49,1256.49,1256.49,0
2026-02-12 11:30:00,1256.49,1256.49,1256.49,1256.49,0
2026-02-12 11:35:00,1256.49,1256.49,1256.49,1256.49,0
2026-02-12 11:40:00,1256.49,1256.49,1256.49,1256.49,0
2026-02-12 11:45:00,1256.49,1256.49,1256.49,1256.49,0
2026-02-12 11:50:00,1256.49,1256.49,1256.49,1256.49,0
2026-02-12 11:55:00,1256.49,1256.49,1256.49,1256.49,0
2026-02-12 12:00:00,1256.49,1256.49,1256.49,1256.49,0
2026-02-12 12:05:00,1256.49,1256.49,1256.49,1256.49,0
2026-02-12 12:10:00,1256.49,1256.49,1256.49,1256.49,0
2026-02-12 12:15:00,1256.49,1256.49,1256.49,1256.49,0
2026-02-12 12:20:00,1256.49,1256.49,1256.49,1256.49,0
2026-02-12 12:25:00,1256.49,1256.49,1256.49,1256.49,0
2026-02-12 12:30:00,1256.49,1256.49,1256.49,1256.49,0
2026-02-12 12:35:00,1256.49,1256.49,1256.49,1256.49,0
2026-02-12 12:40:00,1256.49,1256.49,1256.49,1256.49,0
2026-02-12 12:45:00,1256.49,1256.49,1256.49,1256.49,0
2026-02-12 12:50:00,1256.49,1256.49,1256.49,1256.49,0
2026-02-12 12:55:00,1256.49,1256.49,1256.49,1256.49,0
2026-02-12 13:00:00,1256.49,1256.49,1256.49,1256.49,0
2026-02-12 13:05:00,1256.49,1256.49,1256.49,1256.49,0
2026-02-12 13:10:00,1256.49,1256.49,1256.49,1256.49,0
2026-02-12 13:15:00,1256.49,1256.49,1256.49,1256.49,0
2026-02-12 13:20:00,1256.49,1256.49,1256.49,1256.49,0
2026-02-12 13:25:00,1256.49,1256.49,1256.49,1256.49,0
2026-02-12 13:30:00,1256.49,1256.49,1256.49,1256.49,0
2026-02-12 13:35:00,1256.49,1256.49,1256.49,1256.49,0
2026-02-12 13:40:00,1256.49,1256.49,1256.49,1256.49,0
2026-02-12 13:45:00,1256.49,1256.49,1256.49,1256.49,0
2026-02-12 13:50:00,1256.49,1256.49,1256.49,1256.49,0
2026-02-12 13:55:00,1256.49,1256.49,1256.49,1256.49,0
2026-02-12 14:00:00,1256.49,1256.49,1256.49,1256.49,0
2026-02-12 14:05:00,1256.49,1256.49,1256.49,1256.49,0
2026-02-12 14:10:00,1256.49,1256.49,1256.49,1256.49,0
2026-02-12 14:15:00,1256.49,1256.49,1256.49,1256.49,0
2026-02-12 14:20:00,1256.49,1256.49,1256.49,1256.49,0
2026-02-12 14:25:00,1256.49,1256.49,1256.49,1256.49,0
2026-02-12 14:30:00,1256.49,1256.49,1256.49,1256.49,0
2026-02-12 14:35:00,1256.49,1256.49,1256.49,1256.49,0
2026-02-12 14:40:00,1256.49,1256.49,1256.49,1256.49,0
2026-02-12 14:45:00,1256.49,1256.49,1256.49,1256.49,0
2026-02-12 14:50:00,1256.49,1256.49,1256.49,1256.49,0
2026-02-12 14:55:00,1256.49,1256.49,1256.49,1256.49,0
2026-02-12 15:00:00,1256.49,1256.49,1256.49,1256.49,0
2026-02-12 15:05:00,1256.49,1256.49,1256.49,1256.49,0
2026-02-12 15:10:00,1256.49,1256.49,1256.49,1256.49,0
2026-02-12 15:15:00,1256.49,1256.49,1256.49,1256.49,0
2026-02-12 15:20:00,1256.49,1256.49,1256.49,1256.49,0
2026-02-12 15:25:00,1256.49,1256.49,1256.49,1256.49,0
2026-02-13 09:15:00,1256.48,1256.48,1256.47,1256.47,0
2026-02-13 09:20:00,1256.47,1256.47,1256.47,1256.47,0
2026-02-13 09:25:00,1256.47,1256.47,1256.47,1256.47,0
2026-02-13 09:30:00,1256.47,1256.47,1256.47,1256.47,0
2026-02-13 09:35:00,1256.47,1256.47,1256.47,1256.47,0
2026-02-13 09:40:00,1256.47,1256.47,1256.47,1256.47,0
2026-02-13 09:45:00,1256.47,1256.47,1256.47,1256.47,0
2026-02-13 09:50:00,1256.47,1256.47,1256.47,1256.47,0
2026-02-13 09:55:00,1256.47,1256.47,1256.47,1256.47,0
2026-02-13 10:00:00,1256.47,1256.47,1256.47,1256.47,0
2026-02-13 10:05:00,1256.47,1256.47,1256.47,1256.47,0
2026-02-13 10:10:00,1256.47,1256.47,1256.47,1256.47,0
2026-02-13 10:15:00,1256.47,1256.47,1256.47,1256.47,0
2026-02-13 10:20:00,1256.47,1256.47,1256.47,1256.47,0
2026-02-13 10:25:00,1256.47,1256.47,1256.47,1256.47,0
2026-02-13 10:30:00,1256.47,1256.47,1256.47,1256.47,0
2026-02-13 10:35:00,1256.47,1256.47,1256.47,1256.47,0
2026-02-13 10:40:00,1256.47,1256.47,1256.47,1256.47,0
2026-02-13 10:45:00,1256.47,1256.47,1256.47,1256.47,0
2026-02-13 10:50:00,1256.47,1256.47,1256.47,1256.47,0
2026-02-13 10:55:00,1256.47,1257.18,1256.47,1257.18,0
2026-02-13 11:00:00,1257.18,1257.48,1257.18,1257.48,0
2026-02-13 11:05:00,1257.48,1257.48,1257.48,1257.48,0
2026-02-13 11:10:00,1257.48,1257.48,1257.48,1257.48,0
2026-02-13 11:15:00,1257.48,1257.48,1257.48,1257.48,0
2026-02-13 11:20:00,1257.48,1257.48,1257.48,1257.48,0
2026-02-13 11:25:00,1257.48,1257.48,1257.48,1257.48,0
2026-02-13 11:30:00,1257.48,1257.48,1257.48,1257.48,0
2026-02-13 11:35:00,1257.48,1257.48,1257.48,1257.48,0
2026-02-13 11:40:00,1257.48,1257.48,1257.48,1257.48,0
2026-02-13 11:45:00,1257.48,1257.48,1257.48,1257.48,0
2026-02-13 11:50:00,1257.48,1257.48,1257.48,1257.48,0
2026-02-13 11:55:00,1257.48,1257.48,1257.48,1257.48,0
2026-02-13 12:00:00,1257.48,1257.48,1257.48,1257.48,0
2026-02-13 12:05:00,1257.48,1257.48,1257.48,1257.48,0
2026-02-13 12:10:00,1257.48,1257.48,1257.48,1257.48,0
2026-02-13 12:15:00,1257.48,1257.48,1257.48,1257.48,0
2026-02-13 12:20:00,1257.48,1257.48,1257.48,1257.48,0
2026-02-13 12:25:00,1257.48,1257.48,1257.48,1257.48,0
2026-02-13 12:30:00,1257.48,1257.48,1257.48,1257.48,0
2026-02-13 12:35:00,1257.48,1257.48,1257.48,1257.48,0
2026-02-13 12:40:00,1257.48,1257.48,1257.48,1257.48,0
2026-02-13 12:45:00,1257.48,1257.48,1257.48,1257.48,0
2026-02-13 12:50:00,1257.48,1258.26,1257.48,1258.26,0
2026-02-13 12:55:00,1258.26,1258.26,1258.26,1258.26,0
2026-02-13 13:00:00,1258.26,1258.26,1258.26,1258.26,0
2026-02-13 13:05:00,1258.26,1258.26,1258.26,1258.26,0
2026-02-13 13:10:00,1258.26,1258.26,1258.26,1258.26,0
2026-02-13 13:15:00,1258.26,1258.26,1258.26,1258.26,0
2026-02-13 13:20:00,1258.26,1258.26,1258.26,1258.26,0
2026-02-13 13:25:00,1258.26,1258.26,1258.26,1258.26,0
2026-02-13 13:30:00,1258.26,1258.26,1258.26,1258.26,0
2026-02-13 13:35:00,1258.26,1258.26,1258.26,1258.26,0
2026-02-13 13:40:00,1258.26,1258.26,1258.26,1258.26,0
2026-02-13 13:45:00,1258.26,1258.26,1258.26,1258.26,0
2026-02-13 13:50:00,1258.26,1258.26,1258.26,1258.26,0
2026-02-13 13:55:00,1258.26,1258.26,1258.26,1258.26,0
2026-02-13 14:00:00,1258.26,1258.26,1258.26,1258.26,0
2026-02-13 14:05:00,1258.26,1258.26,1258.26,1258.26,0
2026-02-13 14:10:00,1258.26,1258.26,1258.26,1258.26,0
2026-02-13 14:15:00,1258.26,1258.26,1258.26,1258.26,0
2026-02-13 14:20:00,1258.26,1258.26,1258.26,1258.26,0
2026-02-13 14:25:00,1258.26,1258.26,1258.26,1258.26,0
2026-02-13 14:30:00,1258.26,1258.26,1258.26,1258.26,0
2026-02-13 14:35:00,1258.26,1258.26,1258.26,1258.26,0
2026-02-13 14:40:00,1258.26,1258.26,1258.26,1258.26,0
2026-02-13 14:45:00,1258.26,1258.26,1258.26,1258.26,0
2026-02-13 14:50:00,1258.26,1258.26,1258.26,1258.26,0
2026-02-13 14:55:00,1258.26,1258.35,1258.26,1258.35,0
2026-02-13 15:00:00,1258.35,1258.35,1258.35,1258.35,0
2026-02-13 15:05:00,1258.35,1258.35,1258.35,1258.35,0
2026-02-13 15:10:00,1258.35,1258.35,1258.35,1258.35,0
2026-02-13 15:15:00,1258.35,1258.35,1258.35,1258.35,0
2026-02-13 15:20:00,1258.35,1258.35,1258.35,1258.35,0
2026-02-13 15:25:00,1258.35,1258.35,1258.35,1258.35,0
2026-02-16 09:15:00,1259.41,1259.41,1259.4,1259.4,0
2026-02-16 09:20:00,1259.4,1259.4,1259.4,1259.4,0
2026-02-16 09:25:00,1259.4,1259.4,1259.4,1259.4,0
2026-02-16 09:30:00,1259.4,1259.4,1259.4,1259.4,0
2026-02-16 09:35:00,1259.4,1259.4,1259.4,1259.4,0
2026-02-16 09:40:00,1259.4,1259.4,1259.4,1259.4,0
2026-02-16 09:45:00,1259.4,1259.4,1259.4,1259.4,0
2026-02-16 09:50:00,1259.4,1259.4,1259.4,1259.4,0
2026-02-16 09:55:00,1259.4,1259.4,1259.4,1259.4,0
2026-02-16 10:00:00,1259.4,1259.4,1259.4,1259.4,0
2026-02-16 10:05:00,1259.4,1259.4,1259.4,1259.4,0
2026-02-16 10:10:00,1259.4,1259.4,1259.4,1259.4,0
2026-02-16 10:15:00,1259.4,1259.4,1259.4,1259.4,0
2026-02-16 10:20:00,1259.4,1259.4,1259.4,1259.4,0
2026-02-16 10:25:00,1259.4,1259.4,1259.4,1259.4,0
2026-02-16 10:30:00,1259.4,1259.4,1259.4,1259.4,0
2026-02-16 10:35:00,1259.4,1259.4,1259.4,1259.4,0
2026-02-16 10:40:00,1259.4,1259.4,1259.4,1259.4,0
2026-02-16 10:45:00,1259.4,1259.4,1259.4,1259.4,0
2026-02-16 10:50:00,1259.4,1259.4,1259.4,1259.4,0
2026-02-16 10:55:00,1259.4,1259.4,1259.4,1259.4,0
2026-02-16 11:00:00,1259.4,1259.4,1259.4,1259.4,0
2026-02-16 11:05:00,1259.4,1259.4,1259.4,1259.4,0
2026-02-16 11:10:00,1259.4,1259.4,1259.4,1259.4,0
2026-02-16 11:15:00,1259.4,1259.4,1259.4,1259.4,0
2026-02-16 11:20:00,1259.4,1259.4,1259.4,1259.4,0
2026-02-16 11:25:00,1259.4,1259.4,1259.4,1259.4,0
2026-02-16 11:30:00,1259.4,1259.4,1259.4,1259.4,0
2026-02-16 11:35:00,1259.4,1259.4,1259.4,1259.4,0
2026-02-16 11:40:00,1259.4,1259.4,1259.4,1259.4,0
2026-02-16 11:45:00,1259.4,1259.4,1259.4,1259.4,0
2026-02-16 11:50:00,1259.4,1259.4,1259.4,1259.4,0
2026-02-16 11:55:00,1259.4,1259.4,1259.4,1259.4,0
2026-02-16 12:00:00,1259.4,1259.4,1259.4,1259.4,0
2026-02-16 12:05:00,1259.4,1259.4,1259.4,1259.4,0
2026-02-16 12:10:00,1259.4,1259.4,1259.4,1259.4,0
2026-02-16 12:15:00,1259.4,1259.4,1259.4,1259.4,0
2026-02-16 12:20:00,1259.4,1259.4,1259.4,1259.4,0
2026-02-16 12:25:00,1259.4,1259.4,1259.4,1259.4,0
2026-02-16 12:30:00,1259.4,1259.4,1259.4,1259.4,0
2026-02-16 12:35:00,1259.4,1259.4,1259.4,1259.4,0
2026-02-16 12:40:00,1259.4,1259.4,1259.4,1259.4,0
2026-02-16 12:45:00,1259.4,1259.4,1259.4,1259.4,0
2026-02-16 12:50:00,1259.4,1259.4,1259.4,1259.4,0
2026-02-16 12:55:00,1259.4,1259.4,1259.4,1259.4,0
2026-02-16 13:00:00,1259.4,1259.4,1259.4,1259.4,0
2026-02-16 13:05:00,1259.4,1259.4,1259.4,1259.4,0
2026-02-16 13:10:00,1259.4,1259.4,1259.4,1259.4,0
2026-02-16 13:15:00,1259.4,1259.4,1259.4,1259.4,0
2026-02-16 13:20:00,1259.4,1259.4,1259.4,1259.4,0
2026-02-16 13:25:00,1259.4,1259.4,1259.4,1259.4,0
2026-02-16 13:30:00,1259.4,1259.4,1259.4,1259.4,0
2026-02-16 13:35:00,1259.4,1259.4,1259.4,1259.4,0
2026-02-16 13:40:00,1259.4,1259.4,1259.4,1259.4,0
2026-02-16 13:45:00,1259.4,1259.4,1259.4,1259.4,0
2026-02-16 13:50:00,1259.4,1259.4,1259.4,1259.4,0
2026-02-16 13:55:00,1259.4,1259.4,1259.4,1259.4,0
2026-02-16 14:00:00,1259.4,1259.4,1259.4,1259.4,0
2026-02-16 14:05:00,1259.4,1259.4,1259.4,1259.4,0
2026-02-16 14:10:00,1259.4,1259.4,1259.4,1259.4,0
2026-02-16 14:15:00,1259.4,1259.4,1259.4,1259.4,0
2026-02-16 14:20:00,1259.4,1259.4,1259.4,1259.4,0
2026-02-16 14:25:00,1259.4,1259.4,1259.4,1259.4,0
2026-02-16 14:30:00,1259.4,1259.4,1259.4,1259.4,0
2026-02-16 14:35:00,1259.4,1259.4,1259.4,1259.4,0
2026-02-16 14:40:00,1259.4,1259.4,1259.4,1259.4,0
2026-02-16 14:45:00,1259.4,1259.4,1259.4,1259.4,0
2026-02-16 14:50:00,1259.4,1259.4,1259.4,1259.4,0
2026-02-16 14:55:00,1259.4,1259.4,1259.4,1259.4,0
2026-02-16 15:00:00,1259.4,1259.4,1259.4,1259.4,0
2026-02-16 15:05:00,1259.4,1259.4,1259.4,1259.4,0
2026-02-16 15:10:00,1259.4,1259.4,1259.4,1259.4,0
2026-02-16 15:15:00,1259.4,1259.4,1259.4,1259.4,0
2026-02-16 15:20:00,1259.4,1259.4,1259.4,1259.4,0
2026-02-16 15:25:00,1259.4,1259.4,1259.4,1259.4,0
2026-02-17 09:15:00,1261.21,1261.21,1261.2,1261.2,0
2026-02-17 09:20:00,1261.2,1261.2,1261.2,1261.2,0
2026-02-17 09:25:00,1261.2,1261.2,1261.2,1261.2,0
2026-02-17 09:30:00,1261.2,1261.2,1261.2,1261.2,0
2026-02-17 09:35:00,1261.2,1261.2,1261.2,1261.2,0
2026-02-17 09:40:00,1261.2,1261.2,1261.2,1261.2,0
2026-02-17 09:45:00,1261.2,1261.2,1261.2,1261.2,0
2026-02-17 09:50:00,1261.2,1261.2,1261.2,1261.2,0
2026-02-17 09:55:00,1261.2,1261.2,1261.2,1261.2,0
2026-02-17 10:00:00,1261.2,1261.2,1261.2,1261.2,0
2026-02-17 10:05:00,1261.2,1261.2,1261.2,1261.2,0
2026-02-17 10:10:00,1261.2,1261.2,1261.2,1261.2,0
2026-02-17 10:15:00,1261.2,1261.2,1261.2,1261.2,0
2026-02-17 10:20:00,1261.2,1261.2,1261.2,1261.2,0
2026-02-17 10:25:00,1261.2,1261.2,1261.2,1261.2,0
2026-02-17 10:30:00,1261.2,1261.2,1261.2,1261.2,0
2026-02-17 10:35:00,1261.2,1261.2,1261.2,1261.2,0
2026-02-17 10:40:00,1261.2,1261.2,1261.2,1261.2,0
2026-02-17 10:45:00,1261.2,1261.2,1261.2,1261.2,0
2026-02-17 10:50:00,1261.2,1261.2,1261.2,1261.2,0
2026-02-17 10:55:00,1261.2,1261.2,1261.2,1261.2,0
2026-02-17 11:00:00,1261.2,1261.2,1261.2,1261.2,0
2026-02-17 11:05:00,1261.2,1261.2,1261.2,1261.2,0
2026-02-17 11:10:00,1261.2,1261.2,1261.2,1261.2,0
2026-02-17 11:15:00,1261.2,1261.2,1261.2,1261.2,0
2026-02-17 11:20:00,1261.2,1261.2,1261.2,1261.2,0
2026-02-17 11:25:00,1261.2,1261.2,1261.2,1261.2,0
2026-02-17 11:30:00,1261.2,1261.2,1261.2,1261.2,0
2026-02-17 11:35:00,1261.2,1261.2,1261.2,1261.2,0
2026-02-17 11:40:00,1261.2,1261.2,1261.2,1261.2,0
2026-02-17 11:45:00,1261.2,1261.2,1261.2,1261.2,0
2026-02-17 11:50:00,1261.2,1261.2,1261.2,1261.2,0
2026-02-17 11:55:00,1261.2,1261.2,1261.2,1261.2,0
2026-02-17 12:00:00,1261.2,1261.2,1261.2,1261.2,0
2026-02-17 12:05:00,1261.2,1261.2,1261.2,1261.2,0
2026-02-17 12:10:00,1261.2,1261.2,1261.2,1261.2,0
2026-02-17 12:15:00,1261.2,1261.2,1261.2,1261.2,0
2026-02-17 12:20:00,1261.2,1261.2,1261.2,1261.2,0
2026-02-17 12:25:00,1261.2,1261.2,1261.2,1261.2,0
2026-02-17 12:30:00,1261.2,1261.2,1261.2,1261.2,0
2026-02-17 12:35:00,1261.2,1261.2,1261.2,1261.2,0
2026-02-17 12:40:00,1261.2,1261.2,1261.2,1261.2,0
2026-02-17 12:45:00,1261.2,1261.2,1261.2,1261.2,0
2026-02-17 12:50:00,1261.2,1261.2,1261.2,1261.2,0
2026-02-17 12:55:00,1261.2,1261.2,1261.2,1261.2,0
2026-02-17 13:00:00,1261.2,1261.2,1261.2,1261.2,0
2026-02-17 13:05:00,1261.2,1261.2,1261.2,1261.2,0
2026-02-17 13:10:00,1261.2,1261.2,1261.2,1261.2,0
2026-02-17 13:15:00,1261.2,1261.2,1261.2,1261.2,0
2026-02-17 13:20:00,1261.2,1261.2,1261.2,1261.2,0
2026-02-17 13:25:00,1261.2,1261.2,1261.2,1261.2,0
2026-02-17 13:30:00,1261.2,1261.2,1261.2,1261.2,0
2026-02-17 13:35:00,1261.2,1261.2,1261.2,1261.2,0
2026-02-17 13:40:00,1261.2,1261.2,1261.2,1261.2,0
2026-02-17 13:45:00,1261.2,1261.2,1261.2,1261.2,0
2026-02-17 13:50:00,1261.2,1261.2,1261.2,1261.2,0
2026-02-17 13:55:00,1261.2,1261.2,1261.2,1261.2,0
2026-02-17 14:00:00,1261.2,1261.2,1261.2,1261.2,0
2026-02-17 14:05:00,1261.2,1261.2,1261.2,1261.2,0
2026-02-17 14:10:00,1261.2,1261.2,1261.2,1261.2,0
2026-02-17 14:15:00,1261.2,1261.2,1261.2,1261.2,0
2026-02-17 14:20:00,1261.2,1261.2,1261.2,1261.2,0
2026-02-17 14:25:00,1261.2,1261.2,1261.2,1261.2,0
2026-02-17 14:30:00,1261.2,1261.2,1261.2,1261.2,0
2026-02-17 14:35:00,1261.2,1261.2,1261.2,1261.2,0
2026-02-17 14:40:00,1261.2,1261.2,1261.2,1261.2,0
2026-02-17 14:45:00,1261.2,1261.2,1261.2,1261.2,0
2026-02-17 14:50:00,1261.2,1261.2,1261.2,1261.2,0
2026-02-17 14:55:00,1261.2,1261.2,1261.2,1261.2,0
2026-02-17 15:00:00,1261.2,1261.2,1261.2,1261.2,0
2026-02-17 15:05:00,1261.2,1261.2,1261.2,1261.2,0
2026-02-17 15:10:00,1261.2,1261.2,1261.2,1261.2,0
2026-02-17 15:15:00,1261.2,1261.2,1261.2,1261.2,0
2026-02-17 15:20:00,1261.2,1261.2,1261.2,1261.2,0
2026-02-17 15:25:00,1261.2,1261.2,1261.2,1261.2,0
2026-02-18 09:15:00,1263.1,1263.1,1263.09,1263.09,0
2026-02-18 09:20:00,1263.09,1263.09,1263.09,1263.09,0
2026-02-18 09:25:00,1263.09,1263.09,1263.09,1263.09,0
2026-02-18 09:30:00,1263.09,1263.09,1263.09,1263.09,0
2026-02-18 09:35:00,1263.09,1263.09,1263.09,1263.09,0
2026-02-18 09:40:00,1263.09,1263.09,1263.09,1263.09,0
2026-02-18 09:45:00,1263.09,1263.09,1263.09,1263.09,0
2026-02-18 09:50:00,1263.09,1263.09,1263.09,1263.09,0
2026-02-18 09:55:00,1263.09,1263.09,1263.09,1263.09,0
2026-02-18 10:00:00,1263.09,1263.09,1263.09,1263.09,0
2026-02-18 10:05:00,1263.09,1263.09,1263.09,1263.09,0
2026-02-18 10:10:00,1263.09,1263.09,1263.09,1263.09,0
2026-02-18 10:15:00,1263.09,1263.09,1263.09,1263.09,0
2026-02-18 10:20:00,1263.09,1263.09,1263.09,1263.09,0
2026-02-18 10:25:00,1263.09,1263.09,1263.09,1263.09,0
2026-02-18 10:30:00,1263.09,1263.09,1263.09,1263.09,0
2026-02-18 10:35:00,1263.09,1263.09,1263.09,1263.09,0
2026-02-18 10:40:00,1263.09,1263.09,1263.09,1263.09,0
2026-02-18 10:45:00,1263.09,1263.09,1263.09,1263.09,0
2026-02-18 10:50:00,1263.09,1263.09,1263.09,1263.09,0
2026-02-18 10:55:00,1263.09,1263.09,1263.09,1263.09,0
2026-02-18 11:00:00,1263.09,1263.09,1263.09,1263.09,0
2026-02-18 11:05:00,1263.09,1263.09,1263.09,1263.09,0
2026-02-18 11:10:00,1263.09,1263.09,1263.09,1263.09,0
2026-02-18 11:15:00,1263.09,1263.09,1263.09,1263.09,0
2026-02-18 11:20:00,1263.09,1263.09,1263.09,1263.09,0
2026-02-18 11:25:00,1263.09,1263.09,1263.09,1263.09,0
2026-02-18 11:30:00,1263.09,1263.09,1263.09,1263.09,0
2026-02-18 11:35:00,1263.09,1263.09,1263.09,1263.09,0
2026-02-18 11:40:00,1263.09,1263.09,1263.09,1263.09,0
2026-02-18 11:45:00,1263.09,1263.09,1263.09,1263.09,0
2026-02-18 11:50:00,1263.09,1263.09,1263.09,1263.09,0
2026-02-18 11:55:00,1263.09,1263.09,1263.09,1263.09,0
2026-02-18 12:00:00,1263.09,1263.09,1263.09,1263.09,0
2026-02-18 12:05:00,1263.09,1263.09,1263.09,1263.09,0
2026-02-18 12:10:00,1263.09,1263.09,1263.09,1263.09,0
2026-02-18 12:15:00,1263.09,1263.09,1263.09,1263.09,0
2026-02-18 12:20:00,1263.09,1263.09,1263.09,1263.09,0
2026-02-18 12:25:00,1263.09,1263.09,1263.09,1263.09,0
2026-02-18 12:30:00,1263.09,1263.09,1263.09,1263.09,0
2026-02-18 12:35:00,1263.09,1263.09,1263.09,1263.09,0
2026-02-18 12:40:00,1263.09,1263.09,1263.09,1263.09,0
2026-02-18 12:45:00,1263.09,1263.09,1263.09,1263.09,0
2026-02-18 12:50:00,1263.09,1263.09,1263.09,1263.09,0
2026-02-18 12:55:00,1263.09,1263.09,1263.09,1263.09,0
2026-02-18 13:00:00,1263.09,1263.09,1263.09,1263.09,0
2026-02-18 13:05:00,1263.09,1263.09,1263.09,1263.09,0
2026-02-18 13:10:00,1263.09,1263.09,1263.09,1263.09,0
2026-02-18 13:15:00,1263.09,1263.09,1263.09,1263.09,0
2026-02-18 13:20:00,1263.09,1263.09,1263.09,1263.09,0
2026-02-18 13:25:00,1263.09,1263.09,1263.09,1263.09,0
2026-02-18 13:30:00,1263.09,1263.09,1263.09,1263.09,0
2026-02-18 13:35:00,1263.09,1263.09,1263.09,1263.09,0
2026-02-18 13:40:00,1263.09,1263.09,1263.09,1263.09,0
2026-02-18 13:45:00,1263.09,1263.09,1263.09,1263.09,0
2026-02-18 13:50:00,1263.09,1263.09,1263.09,1263.09,0
2026-02-18 13:55:00,1263.09,1263.09,1263.09,1263.09,0
2026-02-18 14:00:00,1263.09,1263.09,1263.09,1263.09,0
2026-02-18 14:05:00,1263.09,1263.09,1263.09,1263.09,0
2026-02-18 14:10:00,1263.09,1263.09,1263.09,1263.09,0
2026-02-18 14:15:00,1263.09,1263.09,1263.09,1263.09,0
2026-02-18 14:20:00,1263.09,1263.09,1263.09,1263.09,0
2026-02-18 14:25:00,1263.09,1263.09,1263.09,1263.09,0
2026-02-18 14:30:00,1263.09,1263.09,1263.09,1263.09,0
2026-02-18 14:35:00,1263.09,1263.09,1263.09,1263.09,0
2026-02-18 14:40:00,1263.09,1263.09,1263.09,1263.09,0
2026-02-18 14:45:00,1263.09,1263.09,1263.09,1263.09,0
2026-02-18 14:50:00,1263.09,1263.09,1263.09,1263.09,0
2026-02-18 14:55:00,1263.09,1263.09,1262.5,1262.5,0
2026-02-18 15:00:00,1262.5,1262.5,1262.5,1262.5,0
2026-02-18 15:05:00,1262.5,1262.5,1262.5,1262.5,0
2026-02-18 15:10:00,1262.5,1262.5,1262.5,1262.5,0
2026-02-18 15:15:00,1262.5,1262.5,1262.5,1262.5,0
2026-02-18 15:20:00,1262.5,1262.5,1262.5,1262.5,0
2026-02-18 15:25:00,1262.5,1262.5,1262.5,1262.5,0
2026-02-19 09:15:00,1262.95,1262.95,1262.94,1262.94,0
2026-02-19 09:20:00,1262.94,1262.94,1262.94,1262.94,0
2026-02-19 09:25:00,1262.94,1262.94,1262.94,1262.94,0
2026-02-19 09:30:00,1262.94,1262.94,1262.94,1262.94,0
2026-02-19 09:35:00,1262.94,1262.94,1262.94,1262.94,0
2026-02-19 09:40:00,1262.94,1262.94,1262.94,1262.94,0
2026-02-19 09:45:00,1262.94,1262.94,1262.94,1262.94,0
2026-02-19 09:50:00,1262.94,1262.94,1262.94,1262.94,0
2026-02-19 09:55:00,1262.94,1262.94,1262.94,1262.94,0
2026-02-19 10:00:00,1262.94,1262.94,1262.94,1262.94,0
2026-02-19 10:05:00,1262.94,1262.94,1262.94,1262.94,0
2026-02-19 10:10:00,1262.94,1262.94,1262.94,1262.94,0
2026-02-19 10:15:00,1262.94,1262.94,1262.94,1262.94,0
2026-02-19 10:20:00,1262.94,1262.94,1262.94,1262.94,0
2026-02-19 10:25:00,1262.94,1262.94,1262.94,1262.94,0
2026-02-19 10:30:00,1262.94,1262.94,1262.94,1262.94,0
2026-02-19 10:35:00,1262.94,1262.94,1262.94,1262.94,0
2026-02-19 10:40:00,1262.94,1262.94,1262.94,1262.94,0
2026-02-19 10:45:00,1262.94,1262.94,1262.94,1262.94,0
2026-02-19 10:50:00,1262.94,1262.94,1262.94,1262.94,0
2026-02-19 10:55:00,1262.94,1262.94,1262.94,1262.94,0
2026-02-19 11:00:00,1262.94,1262.94,1262.94,1262.94,0
2026-02-19 11:05:00,1262.94,1262.94,1262.94,1262.94,0
2026-02-19 11:10:00,1262.94,1262.94,1262.94,1262.94,0
2026-02-19 11:15:00,1262.94,1262.94,1262.94,1262.94,0
2026-02-19 11:20:00,1262.94,1262.94,1262.94,1262.94,0
2026-02-19 11:25:00,1262.94,1262.94,1262.94,1262.94,0
2026-02-19 11:30:00,1262.94,1262.94,1262.94,1262.94,0
2026-02-19 11:35:00,1262.94,1262.94,1262.94,1262.94,0
2026-02-19 11:40:00,1262.94,1262.94,1262.94,1262.94,0
2026-02-19 11:45:00,1262.94,1262.94,1262.94,1262.94,0
2026-02-19 11:50:00,1262.94,1262.94,1262.94,1262.94,0
2026-02-19 11:55:00,1262.94,1262.94,1262.94,1262.94,0
2026-02-19 12:00:00,1262.94,1262.94,1262.94,1262.94,0
2026-02-19 12:05:00,1262.94,1262.94,1262.94,1262.94,0
2026-02-19 12:10:00,1262.94,1262.94,1262.94,1262.94,0
2026-02-19 12:15:00,1262.94,1262.94,1262.94,1262.94,0
2026-02-19 12:20:00,1262.94,1262.94,1262.94,1262.94,0
2026-02-19 12:25:00,1262.94,1262.94,1262.94,1262.94,0
2026-02-19 12:30:00,1262.94,1262.94,1262.94,1262.94,0
2026-02-19 12:35:00,1262.94,1262.94,1262.94,1262.94,0
2026-02-19 12:40:00,1262.94,1262.94,1262.94,1262.94,0
2026-02-19 12:45:00,1262.94,1262.94,1262.94,1262.94,0
2026-02-19 12:50:00,1262.94,1262.94,1262.94,1262.94,0
2026-02-19 12:55:00,1262.94,1262.94,1262.94,1262.94,0
2026-02-19 13:00:00,1262.94,1262.94,1262.94,1262.94,0
2026-02-19 13:05:00,1262.94,1262.94,1262.94,1262.94,0
2026-02-19 13:10:00,1262.94,1262.94,1262.94,1262.94,0
2026-02-19 13:15:00,1262.94,1262.94,1262.94,1262.94,0
2026-02-19 13:20:00,1262.94,1262.94,1262.94,1262.94,0
2026-02-19 13:25:00,1262.94,1262.94,1262.94,1262.94,0
2026-02-19 13:30:00,1262.94,1262.94,1262.94,1262.94,0
2026-02-19 13:35:00,1262.94,1262.94,1262.94,1262.94,0
2026-02-19 13:40:00,1262.94,1262.94,1262.94,1262.94,0
2026-02-19 13:45:00,1262.94,1262.94,1262.94,1262.94,0
2026-02-19 13:50:00,1262.94,1262.94,1262.94,1262.94,0
2026-02-19 13:55:00,1262.94,1262.94,1262.94,1262.94,0
2026-02-19 14:00:00,1262.94,1262.94,1262.94,1262.94,0
2026-02-19 14:05:00,1262.94,1262.94,1262.94,1262.94,0
2026-02-19 14:10:00,1262.94,1262.94,1262.94,1262.94,0
2026-02-19 14:15:00,1262.94,1262.94,1262.94,1262.94,0
2026-02-19 14:20:00,1262.94,1262.94,1262.94,1262.94,0
2026-02-19 14:25:00,1262.94,1262.94,1262.94,1262.94,0
2026-02-19 14:30:00,1262.94,1262.94,1262.94,1262.94,0
2026-02-19 14:35:00,1262.94,1262.94,1262.94,1262.94,0
2026-02-19 14:40:00,1262.94,1262.94,1262.94,1262.94,0
2026-02-19 14:45:00,1262.94,1262.94,1262.94,1262.94,0
2026-02-19 14:50:00,1262.94,1262.94,1262.94,1262.94,0
2026-02-19 14:55:00,1262.94,1262.94,1262.94,1262.94,0
2026-02-19 15:00:00,1262.94,1262.94,1262.94,1262.94,0
2026-02-19 15:05:00,1262.94,1262.94,1262.94,1262.94,0
2026-02-19 15:10:00,1262.94,1262.94,1262.94,1262.94,0
2026-02-19 15:15:00,1262.94,1262.94,1262.94,1262.94,0
2026-02-19 15:20:00,1262.94,1262.94,1262.94,1262.94,0
2026-02-19 15:25:00,1262.94,1262.94,1262.94,1262.94,0
2026-02-20 09:15:00,1262.95,1262.95,1262.94,1262.94,0
2026-02-20 09:20:00,1262.94,1262.94,1262.94,1262.94,0
2026-02-20 09:25:00,1262.94,1262.94,1262.94,1262.94,0
2026-02-20 09:30:00,1262.94,1262.94,1262.94,1262.94,0
2026-02-20 09:35:00,1262.94,1262.94,1262.94,1262.94,0
2026-02-20 09:40:00,1262.94,1262.94,1262.94,1262.94,0
2026-02-20 09:45:00,1262.94,1262.94,1262.94,1262.94,0
2026-02-20 09:50:00,1262.94,1262.94,1262.94,1262.94,0
2026-02-20 09:55:00,1262.94,1262.94,1262.94,1262.94,0
2026-02-20 10:00:00,1262.94,1262.94,1262.94,1262.94,0
2026-02-20 10:05:00,1262.94,1262.94,1262.94,1262.94,0
2026-02-20 10:10:00,1262.94,1262.94,1262.94,1262.94,0
2026-02-20 10:15:00,1262.94,1262.94,1262.94,1262.94,0
2026-02-20 10:20:00,1262.94,1262.94,1262.94,1262.94,0
2026-02-20 10:25:00,1262.94,1262.94,1262.94,1262.94,0
2026-02-20 10:30:00,1262.94,1262.94,1262.94,1262.94,0
2026-02-20 10:35:00,1262.94,1262.94,1262.94,1262.94,0
2026-02-20 10:40:00,1262.94,1262.94,1262.94,1262.94,0
2026-02-20 10:45:00,1262.94,1262.94,1262.94,1262.94,0
2026-02-20 10:50:00,1262.94,1262.94,1262.94,1262.94,0
2026-02-20 10:55:00,1262.94,1262.94,1262.94,1262.94,0
2026-02-20 11:00:00,1262.94,1262.94,1262.94,1262.94,0
2026-02-20 11:05:00,1262.94,1262.94,1262.94,1262.94,0
2026-02-20 11:10:00,1262.94,1262.94,1262.94,1262.94,0
2026-02-20 11:15:00,1262.94,1262.94,1262.94,1262.94,0
2026-02-20 11:20:00,1262.94,1262.94,1262.94,1262.94,0
2026-02-20 11:25:00,1262.94,1262.94,1262.94,1262.94,0
2026-02-20 11:30:00,1262.94,1262.94,1262.94,1262.94,0
2026-02-20 11:35:00,1262.94,1262.94,1262.94,1262.94,0
2026-02-20 11:40:00,1262.94,1262.94,1262.94,1262.94,0
2026-02-20 11:45:00,1262.94,1262.94,1262.94,1262.94,0
2026-02-20 11:50:00,1262.94,1262.94,1262.94,1262.94,0
2026-02-20 11:55:00,1262.94,1262.94,1262.94,1262.94,0
2026-02-20 12:00:00,1262.94,1262.94,1262.94,1262.94,0
2026-02-20 12:05:00,1262.94,1262.94,1262.94,1262.94,0
2026-02-20 12:10:00,1262.94,1262.94,1262.94,1262.94,0
2026-02-20 12:15:00,1262.94,1262.94,1262.94,1262.94,0
2026-02-20 12:20:00,1262.94,1262.94,1262.94,1262.94,0
2026-02-20 12:25:00,1262.94,1262.94,1262.94,1262.94,0
2026-02-20 12:30:00,1262.94,1262.94,1262.94,1262.94,0
2026-02-20 12:35:00,1262.94,1262.94,1262.94,1262.94,0
2026-02-20 12:40:00,1262.94,1262.94,1262.94,1262.94,0
2026-02-20 12:45:00,1262.94,1262.94,1262.94,1262.94,0
2026-02-20 12:50:00,1262.94,1262.94,1262.94,1262.94,0
2026-02-20 12:55:00,1262.94,1262.94,1262.94,1262.94,0
2026-02-20 13:00:00,1262.94,1262.94,1262.94,1262.94,0
2026-02-20 13:05:00,1262.94,1262.94,1262.94,1262.94,0
2026-02-20 13:10:00,1262.94,1262.94,1262.94,1262.94,0
2026-02-20 13:15:00,1262.94,1262.94,1262.94,1262.94,0
2026-02-20 13:20:00,1262.94,1262.94,1262.94,1262.94,0
2026-02-20 13:25:00,1262.94,1262.94,1262.94,1262.94,0
2026-02-20 13:30:00,1262.94,1262.94,1262.94,1262.94,0
2026-02-20 13:35:00,1262.94,1262.94,1262.94,1262.94,0
2026-02-20 13:40:00,1262.94,1262.94,1262.94,1262.94,0
2026-02-20 13:45:00,1262.94,1262.94,1262.94,1262.94,0
2026-02-20 13:50:00,1262.94,1262.94,1262.94,1262.94,0
2026-02-20 13:55:00,1262.94,1262.94,1262.94,1262.94,0
2026-02-20 14:00:00,1262.94,1262.94,1262.94,1262.94,0
2026-02-20 14:05:00,1262.94,1262.94,1262.94,1262.94,0
2026-02-20 14:10:00,1262.94,1262.94,1262.94,1262.94,0
2026-02-20 14:15:00,1262.94,1262.94,1262.94,1262.94,0
2026-02-20 14:20:00,1262.94,1262.94,1262.94,1262.94,0
2026-02-20 14:25:00,1262.94,1262.94,1262.94,1262.94,0
2026-02-20 14:30:00,1262.94,1262.94,1262.94,1262.94,0
2026-02-20 14:35:00,1262.94,1262.94,1262.94,1262.94,0
2026-02-20 14:40:00,1262.94,1262.94,1262.94,1262.94,0
2026-02-20 14:45:00,1262.94,1262.94,1262.94,1262.94,0
2026-02-20 14:50:00,1262.94,1262.94,1262.94,1262.94,0
2026-02-20 14:55:00,1262.94,1262.94,1262.94,1262.94,0
2026-02-20 15:00:00,1262.94,1262.94,1262.94,1262.94,0
2026-02-20 15:05:00,1262.94,1262.94,1262.94,1262.94,0
2026-02-20 15:10:00,1262.94,1262.94,1262.94,1262.94,0
2026-02-20 15:15:00,1262.94,1262.94,1262.94,1262.94,0
2026-02-20 15:20:00,1262.94,1262.94,1262.94,1262.94,0
2026-02-20 15:25:00,1262.94,1262.94,1262.94,1262.94,0
2026-02-23 09:15:00,1262.82,1262.82,1262.82,1262.82,0
2026-02-23 09:20:00,1262.82,1262.82,1262.82,1262.82,0
2026-02-23 09:25:00,1262.82,1262.82,1262.82,1262.82,0
2026-02-23 09:30:00,1262.82,1262.82,1262.82,1262.82,0
2026-02-23 09:35:00,1262.82,1262.82,1262.82,1262.82,0
2026-02-23 09:40:00,1262.82,1262.82,1262.82,1262.82,0
2026-02-23 09:45:00,1262.82,1262.82,1262.82,1262.82,0
2026-02-23 09:50:00,1262.82,1262.82,1262.82,1262.82,0
2026-02-23 09:55:00,1262.82,1262.82,1262.82,1262.82,0
2026-02-23 10:00:00,1262.82,1262.82,1262.82,1262.82,0
2026-02-23 10:05:00,1262.82,1262.82,1262.82,1262.82,0
2026-02-23 10:10:00,1262.82,1262.82,1262.82,1262.82,0
2026-02-23 10:15:00,1262.82,1262.82,1262.82,1262.82,0
2026-02-23 10:20:00,1262.82,1262.82,1262.82,1262.82,0
2026-02-23 10:25:00,1262.82,1262.82,1262.82,1262.82,0
2026-02-23 10:30:00,1262.82,1262.82,1262.82,1262.82,0
2026-02-23 10:35:00,1262.82,1262.82,1262.82,1262.82,0
2026-02-23 10:40:00,1262.82,1262.82,1262.82,1262.82,0
2026-02-23 10:45:00,1262.82,1262.82,1262.82,1262.82,0
2026-02-23 10:50:00,1262.82,1262.82,1262.82,1262.82,0
2026-02-23 10:55:00,1262.82,1262.82,1262.82,1262.82,0
2026-02-23 11:00:00,1262.82,1262.82,1262.82,1262.82,0
2026-02-23 11:05:00,1262.82,1262.82,1262.82,1262.82,0
2026-02-23 11:10:00,1262.82,1262.82,1262.82,1262.82,0
2026-02-23 11:15:00,1262.82,1262.82,1262.82,1262.82,0
2026-02-23 11:20:00,1262.82,1262.82,1262.82,1262.82,0
2026-02-23 11:25:00,1262.82,1262.82,1262.82,1262.82,0
2026-02-23 11:30:00,1262.82,1262.82,1262.82,1262.82,0
2026-02-23 11:35:00,1262.82,1262.82,1262.82,1262.82,0
2026-02-23 11:40:00,1262.82,1262.82,1262.82,1262.82,0
2026-02-23 11:45:00,1262.82,1262.82,1262.82,1262.82,0
2026-02-23 11:50:00,1262.82,1262.82,1262.82,1262.82,0
2026-02-23 11:55:00,1262.82,1262.82,1262.82,1262.82,0
2026-02-23 12:00:00,1262.82,1262.82,1262.82,1262.82,0
2026-02-23 12:05:00,1262.82,1262.82,1262.82,1262.82,0
2026-02-23 12:10:00,1262.82,1262.82,1262.82,1262.82,0
2026-02-23 12:15:00,1262.82,1262.82,1262.82,1262.82,0
2026-02-23 12:20:00,1262.82,1262.82,1262.82,1262.82,0
2026-02-23 12:25:00,1262.82,1262.82,1262.82,1262.82,0
2026-02-23 12:30:00,1262.82,1262.82,1262.82,1262.82,0
2026-02-23 12:35:00,1262.82,1262.82,1262.82,1262.82,0
2026-02-23 12:40:00,1262.82,1262.82,1262.82,1262.82,0
2026-02-23 12:45:00,1262.82,1262.82,1262.82,1262.82,0
2026-02-23 12:50:00,1262.82,1262.82,1262.82,1262.82,0
2026-02-23 12:55:00,1262.82,1262.82,1262.82,1262.82,0
2026-02-23 13:00:00,1262.82,1262.82,1262.82,1262.82,0
2026-02-23 13:05:00,1262.82,1262.82,1262.82,1262.82,0
2026-02-23 13:10:00,1262.82,1262.82,1262.82,1262.82,0
2026-02-23 13:15:00,1262.82,1262.82,1262.82,1262.82,0
2026-02-23 13:20:00,1262.82,1262.82,1262.82,1262.82,0
2026-02-23 13:25:00,1262.82,1262.82,1262.82,1262.82,0
2026-02-23 13:30:00,1262.82,1262.82,1262.82,1262.82,0
2026-02-23 13:35:00,1262.82,1262.82,1262.82,1262.82,0
2026-02-23 13:40:00,1262.82,1262.82,1262.82,1262.82,0
2026-02-23 13:45:00,1262.82,1262.82,1262.82,1262.82,0
2026-02-23 13:50:00,1262.82,1262.82,1262.82,1262.82,0
2026-02-23 13:55:00,1262.82,1262.82,1262.82,1262.82,0
2026-02-23 14:00:00,1262.82,1262.82,1262.82,1262.82,0
2026-02-23 14:05:00,1262.82,1262.82,1262.82,1262.82,0
2026-02-23 14:10:00,1262.82,1262.82,1262.82,1262.82,0
2026-02-23 14:15:00,1262.82,1262.82,1262.82,1262.82,0
2026-02-23 14:20:00,1262.82,1262.82,1262.82,1262.82,0
2026-02-23 14:25:00,1262.82,1262.82,1262.82,1262.82,0
2026-02-23 14:30:00,1262.82,1262.82,1262.82,1262.82,0
2026-02-23 14:35:00,1262.82,1262.82,1262.82,1262.82,0
2026-02-23 14:40:00,1262.82,1262.82,1262.82,1262.82,0
2026-02-23 14:45:00,1262.82,1262.82,1262.82,1262.82,0
2026-02-23 14:50:00,1262.82,1262.82,1262.82,1262.82,0
2026-02-23 14:55:00,1262.82,1262.82,1262.67,1262.67,0
2026-02-23 15:00:00,1262.67,1262.67,1262.67,1262.67,0
2026-02-23 15:05:00,1262.67,1262.67,1262.67,1262.67,0
2026-02-23 15:10:00,1262.67,1262.67,1262.67,1262.67,0
2026-02-23 15:15:00,1262.67,1262.67,1262.67,1262.67,0
2026-02-23 15:20:00,1262.67,1262.67,1262.67,1262.67,0
2026-02-23 15:25:00,1262.67,1262.67,1262.67,1262.67,0
2026-02-24 09:15:00,1262.93,1262.93,1262.92,1262.92,0
2026-02-24 09:20:00,1262.92,1262.92,1262.92,1262.92,0
2026-02-24 09:25:00,1262.92,1262.92,1262.92,1262.92,0
2026-02-24 09:30:00,1262.92,1262.92,1262.92,1262.92,0
2026-02-24 09:35:00,1262.92,1262.92,1262.92,1262.92,0
2026-02-24 09:40:00,1262.92,1262.92,1262.92,1262.92,0
2026-02-24 09:45:00,1262.92,1262.92,1262.92,1262.92,0
2026-02-24 09:50:00,1262.92,1262.92,1262.92,1262.92,0
2026-02-24 09:55:00,1262.92,1262.92,1262.92,1262.92,0
2026-02-24 10:00:00,1262.92,1262.92,1262.92,1262.92,0
2026-02-24 10:05:00,1262.92,1262.92,1262.92,1262.92,0
2026-02-24 10:10:00,1262.92,1262.92,1262.92,1262.92,0
2026-02-24 10:15:00,1262.92,1262.92,1262.92,1262.92,0
2026-02-24 10:20:00,1262.92,1262.92,1262.92,1262.92,0
2026-02-24 10:25:00,1262.92,1262.92,1262.92,1262.92,0
2026-02-24 10:30:00,1262.92,1262.92,1262.92,1262.92,0
2026-02-24 10:35:00,1262.92,1262.92,1262.92,1262.92,0
2026-02-24 10:40:00,1262.92,1262.92,1262.92,1262.92,0
2026-02-24 10:45:00,1262.92,1262.92,1262.92,1262.92,0
2026-02-24 10:50:00,1262.92,1262.92,1262.92,1262.92,0
2026-02-24 10:55:00,1262.92,1262.92,1262.92,1262.92,0
2026-02-24 11:00:00,1262.92,1262.92,1262.92,1262.92,0
2026-02-24 11:05:00,1262.92,1262.92,1262.92,1262.92,0
2026-02-24 11:10:00,1262.92,1262.92,1262.92,1262.92,0
2026-02-24 11:15:00,1262.92,1262.92,1262.92,1262.92,0
2026-02-24 11:20:00,1262.92,1262.92,1262.92,1262.92,0
2026-02-24 11:25:00,1262.92,1262.92,1262.92,1262.92,0
2026-02-24 11:30:00,1262.92,1262.92,1262.92,1262.92,0
2026-02-24 11:35:00,1262.92,1262.92,1262.92,1262.92,0
2026-02-24 11:40:00,1262.92,1262.92,1262.92,1262.92,0
2026-02-24 11:45:00,1262.92,1262.92,1262.92,1262.92,0
2026-02-24 11:50:00,1262.92,1262.92,1262.92,1262.92,0
2026-02-24 11:55:00,1262.92,1262.92,1262.92,1262.92,0
2026-02-24 12:00:00,1262.92,1262.92,1262.92,1262.92,0
2026-02-24 12:05:00,1262.92,1262.92,1262.92,1262.92,0
2026-02-24 12:10:00,1262.92,1262.92,1262.92,1262.92,0
2026-02-24 12:15:00,1262.92,1262.92,1262.92,1262.92,0
2026-02-24 12:20:00,1262.92,1262.92,1262.92,1262.92,0
2026-02-24 12:25:00,1262.92,1262.92,1262.92,1262.92,0
2026-02-24 12:30:00,1262.92,1262.92,1262.92,1262.92,0
2026-02-24 12:35:00,1262.92,1262.92,1262.92,1262.92,0
2026-02-24 12:40:00,1262.92,1262.92,1262.92,1262.92,0
2026-02-24 12:45:00,1262.92,1262.92,1262.92,1262.92,0
2026-02-24 12:50:00,1262.92,1262.92,1262.92,1262.92,0
2026-02-24 12:55:00,1262.92,1262.92,1262.92,1262.92,0
2026-02-24 13:00:00,1262.92,1262.92,1262.92,1262.92,0
2026-02-24 13:05:00,1262.92,1262.92,1262.92,1262.92,0
2026-02-24 13:10:00,1262.92,1262.92,1262.92,1262.92,0
2026-02-24 13:15:00,1262.92,1262.92,1262.92,1262.92,0
2026-02-24 13:20:00,1262.92,1262.92,1262.92,1262.92,0
2026-02-24 13:25:00,1262.92,1262.92,1262.92,1262.92,0
2026-02-24 13:30:00,1262.92,1262.92,1262.92,1262.92,0
2026-02-24 13:35:00,1262.92,1262.92,1262.92,1262.92,0
2026-02-24 13:40:00,1262.92,1262.92,1262.92,1262.92,0
2026-02-24 13:45:00,1262.92,1262.92,1262.92,1262.92,0
2026-02-24 13:50:00,1262.92,1262.92,1262.92,1262.92,0
2026-02-24 13:55:00,1262.92,1262.92,1262.92,1262.92,0
2026-02-24 14:00:00,1262.92,1262.92,1262.92,1262.92,0
2026-02-24 14:05:00,1262.92,1262.92,1262.92,1262.92,0
2026-02-24 14:10:00,1262.92,1262.92,1262.92,1262.92,0
2026-02-24 14:15:00,1262.92,1262.92,1262.92,1262.92,0
2026-02-24 14:20:00,1262.92,1262.92,1262.92,1262.92,0
2026-02-24 14:25:00,1262.92,1262.92,1262.92,1262.92,0
2026-02-24 14:30:00,1262.92,1262.92,1262.92,1262.92,0
2026-02-24 14:35:00,1262.92,1262.92,1262.92,1262.92,0
2026-02-24 14:40:00,1262.92,1262.92,1262.92,1262.92,0
2026-02-24 14:45:00,1262.92,1262.92,1262.92,1262.92,0
2026-02-24 14:50:00,1262.92,1262.92,1262.92,1262.92,0
2026-02-24 14:55:00,1262.92,1262.92,1262.92,1262.92,0
2026-02-24 15:00:00,1262.92,1262.92,1262.92,1262.92,0
2026-02-24 15:05:00,1262.92,1262.92,1262.92,1262.92,0
2026-02-24 15:10:00,1262.92,1262.92,1262.92,1262.92,0
2026-02-24 15:15:00,1262.92,1262.92,1262.92,1262.92,0
2026-02-24 15:20:00,1262.92,1262.92,1262.92,1262.92,0
2026-02-24 15:25:00,1262.92,1262.92,1262.92,1262.92,0
2026-02-25 09:15:00,1263.51,1263.51,1263.5,1263.5,0
2026-02-25 09:20:00,1263.5,1263.5,1263.5,1263.5,0
2026-02-25 09:25:00,1263.5,1263.5,1263.5,1263.5,0
2026-02-25 09:30:00,1263.5,1263.5,1263.5,1263.5,0
2026-02-25 09:35:00,1263.5,1263.5,1263.5,1263.5,0
2026-02-25 09:40:00,1263.5,1263.5,1263.5,1263.5,0
2026-02-25 09:45:00,1263.5,1263.5,1263.5,1263.5,0
2026-02-25 09:50:00,1263.5,1263.5,1263.5,1263.5,0
2026-02-25 09:55:00,1263.5,1263.5,1263.5,1263.5,0
2026-02-25 10:00:00,1263.5,1263.5,1263.5,1263.5,0
2026-02-25 10:05:00,1263.5,1263.5,1263.5,1263.5,0
2026-02-25 10:10:00,1263.5,1263.5,1263.5,1263.5,0
2026-02-25 10:15:00,1263.5,1263.5,1263.5,1263.5,0
2026-02-25 10:20:00,1263.5,1263.5,1263.5,1263.5,0
2026-02-25 10:25:00,1263.5,1263.5,1263.5,1263.5,0
2026-02-25 10:30:00,1263.5,1263.5,1263.5,1263.5,0
2026-02-25 10:35:00,1263.5,1263.5,1263.5,1263.5,0
2026-02-25 10:40:00,1263.5,1263.5,1263.5,1263.5,0
2026-02-25 10:45:00,1263.5,1263.5,1263.5,1263.5,0
2026-02-25 10:50:00,1263.5,1263.5,1263.5,1263.5,0
2026-02-25 10:55:00,1263.5,1263.5,1263.5,1263.5,0
2026-02-25 11:00:00,1263.5,1263.5,1263.5,1263.5,0
2026-02-25 11:05:00,1263.5,1263.5,1263.5,1263.5,0
2026-02-25 11:10:00,1263.5,1263.5,1263.5,1263.5,0
2026-02-25 11:15:00,1263.5,1263.5,1263.5,1263.5,0
2026-02-25 11:20:00,1263.5,1263.5,1263.5,1263.5,0
2026-02-25 11:25:00,1263.5,1263.5,1263.5,1263.5,0
2026-02-25 11:30:00,1263.5,1263.5,1263.5,1263.5,0
2026-02-25 11:35:00,1263.5,1263.5,1263.5,1263.5,0
2026-02-25 11:40:00,1263.5,1263.5,1263.5,1263.5,0
2026-02-25 11:45:00,1263.5,1263.5,1263.5,1263.5,0
2026-02-25 11:50:00,1263.5,1263.5,1263.5,1263.5,0
2026-02-25 11:55:00,1263.5,1263.5,1263.5,1263.5,0
2026-02-25 12:00:00,1263.5,1263.5,1263.5,1263.5,0
2026-02-25 12:05:00,1263.5,1263.5,1263.5,1263.5,0
2026-02-25 12:10:00,1263.5,1263.5,1263.5,1263.5,0
2026-02-25 12:15:00,1263.5,1263.5,1263.5,1263.5,0
2026-02-25 12:20:00,1263.5,1263.5,1263.5,1263.5,0
2026-02-25 12:25:00,1263.5,1263.5,1263.5,1263.5,0
2026-02-25 12:30:00,1263.5,1263.5,1263.5,1263.5,0
2026-02-25 12:35:00,1263.5,1263.5,1263.5,1263.5,0
2026-02-25 12:40:00,1263.5,1263.5,1263.5,1263.5,0
2026-02-25 12:45:00,1263.5,1263.5,1263.5,1263.5,0
2026-02-25 12:50:00,1263.5,1263.5,1263.5,1263.5,0
2026-02-25 12:55:00,1263.5,1263.5,1263.5,1263.5,0
2026-02-25 13:00:00,1263.5,1263.5,1263.5,1263.5,0
2026-02-25 13:05:00,1263.5,1263.5,1263.5,1263.5,0
2026-02-25 13:10:00,1263.5,1263.5,1263.5,1263.5,0
2026-02-25 13:15:00,1263.5,1263.5,1263.5,1263.5,0
2026-02-25 13:20:00,1263.5,1263.5,1263.5,1263.5,0
2026-02-25 13:25:00,1263.5,1263.5,1263.5,1263.5,0
2026-02-25 13:30:00,1263.5,1263.5,1263.5,1263.5,0
2026-02-25 13:35:00,1263.5,1263.5,1263.5,1263.5,0
2026-02-25 13:40:00,1263.5,1263.5,1263.5,1263.5,0
2026-02-25 13:45:00,1263.5,1263.5,1263.5,1263.5,0
2026-02-25 13:50:00,1263.5,1263.5,1263.5,1263.5,0
2026-02-25 13:55:00,1263.5,1263.5,1263.5,1263.5,0
2026-02-25 14:00:00,1263.5,1263.5,1263.5,1263.5,0
2026-02-25 14:05:00,1263.5,1263.5,1263.5,1263.5,0
2026-02-25 14:10:00,1263.5,1263.5,1263.5,1263.5,0
2026-02-25 14:15:00,1263.5,1263.5,1263.5,1263.5,0
2026-02-25 14:20:00,1263.5,1263.5,1263.5,1263.5,0
2026-02-25 14:25:00,1263.5,1263.5,1263.5,1263.5,0
2026-02-25 14:30:00,1263.5,1263.5,1263.5,1263.5,0
2026-02-25 14:35:00,1263.5,1263.5,1263.5,1263.5,0
2026-02-25 14:40:00,1263.5,1263.5,1263.5,1263.5,0
2026-02-25 14:45:00,1263.5,1263.5,1263.5,1263.5,0
2026-02-25 14:50:00,1263.5,1263.5,1263.5,1263.5,0
2026-02-25 14:55:00,1263.5,1263.5,1263.5,1263.5,0
2026-02-25 15:00:00,1263.5,1263.5,1263.5,1263.5,0
2026-02-25 15:05:00,1263.5,1263.5,1263.5,1263.5,0
2026-02-25 15:10:00,1263.5,1263.5,1263.5,1263.5,0
2026-02-25 15:15:00,1263.5,1263.5,1263.5,1263.5,0
2026-02-25 15:20:00,1263.5,1263.5,1263.5,1263.5,0
2026-02-25 15:25:00,1263.5,1263.5,1263.5,1263.5,0
2026-02-26 09:15:00,1262.49,1262.49,1262.48,1262.48,0
2026-02-26 09:20:00,1262.48,1262.48,1262.48,1262.48,0
2026-02-26 09:25:00,1262.48,1262.48,1262.48,1262.48,0
2026-02-26 09:30:00,1262.48,1262.48,1262.48,1262.48,0
2026-02-26 09:35:00,1262.48,1262.48,1262.48,1262.48,0
2026-02-26 09:40:00,1262.48,1262.48,1262.48,1262.48,0
2026-02-26 09:45:00,1262.48,1262.48,1262.48,1262.48,0
2026-02-26 09:50:00,1262.48,1262.48,1262.48,1262.48,0
2026-02-26 09:55:00,1262.48,1262.48,1262.48,1262.48,0
2026-02-26 10:00:00,1262.48,1262.48,1262.48,1262.48,0
2026-02-26 10:05:00,1262.48,1262.48,1262.48,1262.48,0
2026-02-26 10:10:00,1262.48,1262.48,1262.48,1262.48,0
2026-02-26 10:15:00,1262.48,1262.48,1262.48,1262.48,0
2026-02-26 10:20:00,1262.48,1262.48,1262.48,1262.48,0
2026-02-26 10:25:00,1262.48,1262.48,1262.48,1262.48,0
2026-02-26 10:30:00,1262.48,1262.48,1262.48,1262.48,0
2026-02-26 10:35:00,1262.48,1262.48,1262.48,1262.48,0
2026-02-26 10:40:00,1262.48,1262.48,1262.48,1262.48,0
2026-02-26 10:45:00,1262.48,1262.48,1262.48,1262.48,0
2026-02-26 10:50:00,1262.48,1262.48,1262.48,1262.48,0
2026-02-26 10:55:00,1262.48,1262.48,1262.48,1262.48,0
2026-02-26 11:00:00,1262.48,1262.48,1262.48,1262.48,0
2026-02-26 11:05:00,1262.48,1262.48,1262.48,1262.48,0
2026-02-26 11:10:00,1262.48,1262.48,1262.48,1262.48,0
2026-02-26 11:15:00,1262.48,1262.48,1262.48,1262.48,0
2026-02-26 11:20:00,1262.48,1262.48,1262.48,1262.48,0
2026-02-26 11:25:00,1262.48,1262.48,1262.48,1262.48,0
2026-02-26 11:30:00,1262.48,1262.48,1262.48,1262.48,0
2026-02-26 11:35:00,1262.48,1262.48,1262.48,1262.48,0
2026-02-26 11:40:00,1262.48,1262.48,1262.48,1262.48,0
2026-02-26 11:45:00,1262.48,1262.48,1262.48,1262.48,0
2026-02-26 11:50:00,1262.48,1262.48,1262.48,1262.48,0
2026-02-26 11:55:00,1262.48,1262.48,1262.48,1262.48,0
2026-02-26 12:00:00,1262.48,1262.48,1262.48,1262.48,0
2026-02-26 12:05:00,1262.48,1262.48,1262.48,1262.48,0
2026-02-26 12:10:00,1262.48,1262.48,1262.48,1262.48,0
2026-02-26 12:15:00,1262.48,1262.48,1262.48,1262.48,0
2026-02-26 12:20:00,1262.48,1262.48,1262.48,1262.48,0
2026-02-26 12:25:00,1262.48,1262.48,1262.48,1262.48,0
2026-02-26 12:30:00,1262.48,1262.48,1262.48,1262.48,0
2026-02-26 12:35:00,1262.48,1262.48,1262.48,1262.48,0
2026-02-26 12:40:00,1262.48,1262.48,1262.48,1262.48,0
2026-02-26 12:45:00,1262.48,1262.48,1262.48,1262.48,0
2026-02-26 12:50:00,1262.48,1262.48,1262.48,1262.48,0
2026-02-26 12:55:00,1262.48,1262.48,1262.48,1262.48,0
2026-02-26 13:00:00,1262.48,1262.48,1262.48,1262.48,0
2026-02-26 13:05:00,1262.48,1262.48,1262.48,1262.48,0
2026-02-26 13:10:00,1262.48,1262.48,1262.48,1262.48,0
2026-02-26 13:15:00,1262.48,1262.48,1262.48,1262.48,0
2026-02-26 13:20:00,1262.48,1262.48,1262.48,1262.48,0
2026-02-26 13:25:00,1262.48,1262.48,1262.48,1262.48,0
2026-02-26 13:30:00,1262.48,1262.48,1262.48,1262.48,0
2026-02-26 13:35:00,1262.48,1262.48,1262.48,1262.48,0
2026-02-26 13:40:00,1262.48,1262.48,1262.48,1262.48,0
2026-02-26 13:45:00,1262.48,1262.48,1262.48,1262.48,0
2026-02-26 13:50:00,1262.48,1262.48,1262.48,1262.48,0
2026-02-26 13:55:00,1262.48,1262.48,1262.48,1262.48,0
2026-02-26 14:00:00,1262.48,1262.48,1262.48,1262.48,0
2026-02-26 14:05:00,1262.48,1262.48,1262.48,1262.48,0
2026-02-26 14:10:00,1262.48,1262.48,1262.48,1262.48,0
2026-02-26 14:15:00,1262.48,1262.48,1262.48,1262.48,0
2026-02-26 14:20:00,1262.48,1262.48,1262.48,1262.48,0
2026-02-26 14:25:00,1262.48,1262.48,1262.48,1262.48,0
2026-02-26 14:30:00,1262.48,1262.48,1262.48,1262.48,0
2026-02-26 14:35:00,1262.48,1262.48,1262.48,1262.48,0
2026-02-26 14:40:00,1262.48,1262.48,1262.48,1262.48,0
2026-02-26 14:45:00,1262.48,1262.48,1262.48,1262.48,0
2026-02-26 14:50:00,1262.48,1262.48,1262.48,1262.48,0
2026-02-26 14:55:00,1262.48,1262.48,1262.48,1262.48,0
2026-02-26 15:00:00,1262.48,1262.48,1262.48,1262.48,0
2026-02-26 15:05:00,1262.48,1262.48,1262.48,1262.48,0
2026-02-26 15:10:00,1262.48,1262.48,1262.48,1262.48,0
2026-02-26 15:15:00,1262.48,1262.48,1262.48,1262.48,0
2026-02-26 15:20:00,1262.48,1262.48,1262.48,1262.48,0
2026-02-26 15:25:00,1262.48,1262.48,1262.48,1262.48,0
2026-02-27 09:15:00,1263.41,1263.41,1263.41,1263.41,0
2026-03-02 09:15:00,1264.03,1264.03,1264.03,1264.03,0
2026-03-04 09:15:00,1263.98,1263.98,1263.97,1263.97,0
2026-03-04 09:20:00,1263.97,1263.97,1263.97,1263.97,0
2026-03-04 09:25:00,1263.97,1263.97,1263.97,1263.97,0
2026-03-04 09:30:00,1263.97,1263.97,1263.97,1263.97,0
2026-03-04 09:35:00,1263.97,1263.97,1263.97,1263.97,0
2026-03-04 09:40:00,1263.97,1263.97,1263.97,1263.97,0
2026-03-04 09:45:00,1263.97,1263.97,1263.97,1263.97,0
2026-03-04 09:50:00,1263.97,1263.97,1263.97,1263.97,0
2026-03-04 09:55:00,1263.97,1263.97,1263.97,1263.97,0
2026-03-04 10:00:00,1263.97,1263.97,1263.97,1263.97,0
2026-03-04 10:05:00,1263.97,1263.97,1263.97,1263.97,0
2026-03-04 10:10:00,1263.97,1263.97,1263.97,1263.97,0
2026-03-04 10:15:00,1263.97,1263.97,1263.97,1263.97,0
2026-03-04 10:20:00,1263.97,1263.97,1263.97,1263.97,0
2026-03-04 10:25:00,1263.97,1263.97,1263.97,1263.97,0
2026-03-04 10:30:00,1263.97,1263.97,1263.97,1263.97,0
2026-03-04 10:35:00,1263.97,1263.97,1263.97,1263.97,0
2026-03-04 10:40:00,1263.97,1263.97,1263.97,1263.97,0
2026-03-04 10:45:00,1263.97,1263.97,1263.97,1263.97,0
2026-03-04 10:50:00,1263.97,1263.97,1263.97,1263.97,0
2026-03-04 10:55:00,1263.97,1263.97,1263.97,1263.97,0
2026-03-04 11:00:00,1263.97,1263.97,1263.97,1263.97,0
2026-03-04 11:05:00,1263.97,1263.97,1263.97,1263.97,0
2026-03-04 11:10:00,1263.97,1263.97,1263.97,1263.97,0
2026-03-04 11:15:00,1263.97,1263.97,1263.97,1263.97,0
2026-03-04 11:20:00,1263.97,1263.97,1263.97,1263.97,0
2026-03-04 11:25:00,1263.97,1263.97,1263.97,1263.97,0
2026-03-04 11:30:00,1263.97,1263.97,1263.97,1263.97,0
2026-03-04 11:35:00,1263.97,1263.97,1263.97,1263.97,0
2026-03-04 11:40:00,1263.97,1263.97,1263.97,1263.97,0
2026-03-04 11:45:00,1263.97,1263.97,1263.97,1263.97,0
2026-03-04 11:50:00,1263.97,1263.97,1263.97,1263.97,0
2026-03-04 11:55:00,1263.97,1263.97,1263.97,1263.97,0
2026-03-04 12:00:00,1263.97,1263.97,1263.97,1263.97,0
2026-03-04 12:05:00,1263.97,1263.97,1263.97,1263.97,0
2026-03-04 12:10:00,1263.97,1263.97,1263.97,1263.97,0
2026-03-04 12:15:00,1263.97,1263.97,1263.97,1263.97,0
2026-03-04 12:20:00,1263.97,1263.97,1263.97,1263.97,0
2026-03-04 12:25:00,1263.97,1263.97,1263.97,1263.97,0
2026-03-04 12:30:00,1263.97,1263.97,1263.97,1263.97,0
2026-03-04 12:35:00,1263.97,1263.97,1263.97,1263.97,0
2026-03-04 12:40:00,1263.97,1263.97,1263.97,1263.97,0
2026-03-04 12:45:00,1263.97,1263.97,1263.97,1263.97,0
2026-03-04 12:50:00,1263.97,1263.97,1263.97,1263.97,0
2026-03-04 12:55:00,1263.97,1263.97,1263.97,1263.97,0
2026-03-04 13:00:00,1263.97,1263.97,1263.97,1263.97,0
2026-03-04 13:05:00,1263.97,1263.97,1263.97,1263.97,0
2026-03-04 13:10:00,1263.97,1263.97,1263.97,1263.97,0
2026-03-04 13:15:00,1263.97,1263.97,1263.97,1263.97,0
2026-03-04 13:20:00,1263.97,1263.97,1263.97,1263.97,0
2026-03-04 13:25:00,1263.97,1263.97,1263.97,1263.97,0
2026-03-04 13:30:00,1263.97,1263.97,1263.97,1263.97,0
2026-03-04 13:35:00,1263.97,1263.97,1263.97,1263.97,0
2026-03-04 13:40:00,1263.97,1263.97,1263.97,1263.97,0
2026-03-04 13:45:00,1263.97,1263.97,1263.97,1263.97,0
2026-03-04 13:50:00,1263.97,1263.97,1263.97,1263.97,0
2026-03-04 13:55:00,1263.97,1263.97,1263.97,1263.97,0
2026-03-04 14:00:00,1263.97,1263.97,1263.97,1263.97,0
2026-03-04 14:05:00,1263.97,1263.97,1263.97,1263.97,0
2026-03-04 14:10:00,1263.97,1263.97,1263.97,1263.97,0
2026-03-04 14:15:00,1263.97,1263.97,1263.97,1263.97,0
2026-03-04 14:20:00,1263.97,1263.97,1263.97,1263.97,0
2026-03-04 14:25:00,1263.97,1263.97,1263.97,1263.97,0
2026-03-04 14:30:00,1263.97,1263.97,1263.97,1263.97,0
2026-03-04 14:35:00,1263.97,1263.97,1263.97,1263.97,0
2026-03-04 14:40:00,1263.97,1263.97,1263.97,1263.97,0
2026-03-04 14:45:00,1263.97,1263.97,1263.97,1263.97,0
2026-03-04 14:50:00,1263.97,1263.97,1263.97,1263.97,0
2026-03-04 14:55:00,1263.97,1263.97,1263.97,1263.97,0
2026-03-04 15:00:00,1263.97,1263.97,1263.97,1263.97,0
2026-03-04 15:05:00,1263.97,1263.97,1263.97,1263.97,0
2026-03-04 15:10:00,1263.97,1263.97,1263.97,1263.97,0
2026-03-04 15:15:00,1263.97,1263.97,1263.97,1263.97,0
2026-03-04 15:20:00,1263.97,1263.97,1263.97,1263.97,0
2026-03-04 15:25:00,1263.97,1263.97,1263.97,1263.97,0
2026-03-05 09:15:00,1263.16,1263.16,1263.16,1263.16,0
2026-03-05 09:20:00,1263.16,1263.16,1263.16,1263.16,0
2026-03-05 09:25:00,1263.16,1263.16,1263.16,1263.16,0
2026-03-05 09:30:00,1263.16,1263.16,1263.16,1263.16,0
2026-03-05 09:35:00,1263.16,1263.16,1263.16,1263.16,0
2026-03-05 09:40:00,1263.16,1263.16,1263.16,1263.16,0
2026-03-05 09:45:00,1263.16,1263.16,1263.16,1263.16,0
2026-03-05 09:50:00,1263.16,1263.16,1263.16,1263.16,0
2026-03-05 09:55:00,1263.16,1263.16,1263.16,1263.16,0
2026-03-05 10:00:00,1263.16,1263.16,1263.16,1263.16,0
2026-03-05 10:05:00,1263.16,1263.16,1263.16,1263.16,0
2026-03-05 10:10:00,1263.16,1263.16,1263.16,1263.16,0
2026-03-05 10:15:00,1263.16,1263.16,1263.16,1263.16,0
2026-03-05 10:20:00,1263.16,1263.16,1263.16,1263.16,0
2026-03-05 10:25:00,1263.16,1263.16,1263.16,1263.16,0
2026-03-05 10:30:00,1263.16,1263.16,1263.16,1263.16,0
2026-03-05 10:35:00,1263.16,1263.16,1263.16,1263.16,0
2026-03-05 10:40:00,1263.16,1263.16,1263.16,1263.16,0
2026-03-05 10:45:00,1263.16,1263.16,1263.16,1263.16,0
2026-03-05 10:50:00,1263.16,1263.16,1263.16,1263.16,0
2026-03-05 10:55:00,1263.16,1263.16,1263.16,1263.16,0
2026-03-05 11:00:00,1263.16,1263.16,1263.15,1263.16,0
2026-03-05 11:05:00,1263.16,1263.16,1263.16,1263.16,0
2026-03-05 11:10:00,1263.16,1263.16,1263.16,1263.16,0
2026-03-05 11:15:00,1263.16,1263.16,1263.16,1263.16,0
2026-03-05 11:20:00,1263.16,1263.16,1263.16,1263.16,0
2026-03-05 11:25:00,1263.16,1263.16,1263.16,1263.16,0
2026-03-05 11:30:00,1263.16,1263.16,1263.16,1263.16,0
2026-03-05 11:35:00,1263.16,1263.16,1263.16,1263.16,0
2026-03-05 11:40:00,1263.16,1263.16,1263.16,1263.16,0
2026-03-05 11:45:00,1263.16,1263.16,1263.16,1263.16,0
2026-03-05 11:50:00,1263.16,1263.16,1263.16,1263.16,0
2026-03-05 11:55:00,1263.16,1263.16,1263.16,1263.16,0
2026-03-05 12:00:00,1263.16,1263.16,1263.16,1263.16,0
2026-03-05 12:05:00,1263.16,1263.16,1263.16,1263.16,0
2026-03-05 12:10:00,1263.16,1263.16,1263.16,1263.16,0
2026-03-05 12:15:00,1263.16,1263.16,1263.16,1263.16,0
2026-03-05 12:20:00,1263.16,1263.16,1263.16,1263.16,0
2026-03-05 12:25:00,1263.16,1263.16,1263.16,1263.16,0
2026-03-05 12:30:00,1263.16,1263.16,1263.16,1263.16,0
2026-03-05 12:35:00,1263.16,1263.16,1263.16,1263.16,0
2026-03-05 12:40:00,1263.16,1263.16,1263.16,1263.16,0
2026-03-05 12:45:00,1263.16,1263.16,1263.16,1263.16,0
2026-03-05 12:50:00,1263.16,1263.16,1263.16,1263.16,0
2026-03-05 12:55:00,1263.16,1263.16,1263.16,1263.16,0
2026-03-05 13:00:00,1263.16,1263.16,1263.16,1263.16,0
2026-03-05 13:05:00,1263.16,1263.16,1263.16,1263.16,0
2026-03-05 13:10:00,1263.16,1263.16,1263.16,1263.16,0
2026-03-05 13:15:00,1263.16,1263.16,1263.16,1263.16,0
2026-03-05 13:20:00,1263.16,1263.16,1263.16,1263.16,0
2026-03-05 13:25:00,1263.16,1263.16,1263.16,1263.16,0
2026-03-05 13:30:00,1263.16,1263.16,1263.16,1263.16,0
2026-03-05 13:35:00,1263.16,1263.16,1263.16,1263.16,0
2026-03-05 13:40:00,1263.16,1263.16,1263.16,1263.16,0
2026-03-05 13:45:00,1263.16,1263.16,1263.16,1263.16,0
2026-03-05 13:50:00,1263.16,1263.16,1263.16,1263.16,0
2026-03-05 13:55:00,1263.16,1263.16,1263.16,1263.16,0
2026-03-05 14:00:00,1263.16,1263.16,1263.16,1263.16,0
2026-03-05 14:05:00,1263.16,1263.16,1263.16,1263.16,0
2026-03-05 14:10:00,1263.16,1263.16,1263.16,1263.16,0
2026-03-05 14:15:00,1263.16,1263.16,1263.16,1263.16,0
2026-03-05 14:20:00,1263.16,1263.16,1263.16,1263.16,0
2026-03-05 14:25:00,1263.16,1263.16,1263.16,1263.16,0
2026-03-05 14:30:00,1263.16,1263.16,1263.16,1263.16,0
2026-03-05 14:35:00,1263.16,1263.16,1263.16,1263.16,0
2026-03-05 14:40:00,1263.16,1263.16,1263.16,1263.16,0
2026-03-05 14:45:00,1263.16,1263.16,1263.16,1263.16,0
2026-03-05 14:50:00,1263.16,1263.16,1263.16,1263.16,0
2026-03-05 14:55:00,1263.16,1263.16,1263.16,1263.16,0
2026-03-05 15:00:00,1263.16,1263.16,1263.16,1263.16,0
2026-03-05 15:05:00,1263.16,1263.16,1263.16,1263.16,0
2026-03-05 15:10:00,1263.16,1263.16,1263.16,1263.16,0
2026-03-05 15:15:00,1263.16,1263.16,1263.16,1263.16,0
2026-03-05 15:20:00,1263.16,1263.16,1263.16,1263.16,0
2026-03-05 15:25:00,1263.16,1263.16,1263.16,1263.16,0
2026-03-06 09:15:00,1262.18,1262.18,1262.18,1262.18,0
2026-03-06 09:20:00,1262.18,1262.18,1262.18,1262.18,0
2026-03-06 09:25:00,1262.18,1262.18,1262.18,1262.18,0
2026-03-06 09:30:00,1262.18,1262.18,1262.18,1262.18,0
2026-03-06 09:35:00,1262.18,1262.18,1262.18,1262.18,0
2026-03-06 09:40:00,1262.18,1262.18,1262.18,1262.18,0
2026-03-06 09:45:00,1262.18,1262.18,1262.18,1262.18,0
2026-03-06 09:50:00,1262.18,1262.18,1262.18,1262.18,0
2026-03-06 09:55:00,1262.18,1262.18,1262.18,1262.18,0
2026-03-06 10:00:00,1262.18,1262.18,1262.18,1262.18,0
2026-03-06 10:05:00,1262.18,1262.18,1262.18,1262.18,0
2026-03-06 10:10:00,1262.18,1262.18,1262.18,1262.18,0
2026-03-06 10:15:00,1262.18,1262.18,1262.18,1262.18,0
2026-03-06 10:20:00,1262.18,1262.18,1262.18,1262.18,0
2026-03-06 10:25:00,1262.18,1262.18,1262.18,1262.18,0
2026-03-06 10:30:00,1262.18,1262.18,1262.18,1262.18,0
2026-03-06 10:35:00,1262.18,1262.18,1262.18,1262.18,0
2026-03-06 10:40:00,1262.18,1262.18,1262.18,1262.18,0
2026-03-06 10:45:00,1262.18,1262.18,1262.18,1262.18,0
2026-03-06 10:50:00,1262.18,1262.18,1262.18,1262.18,0
2026-03-06 10:55:00,1262.18,1262.18,1262.18,1262.18,0
2026-03-06 11:00:00,1262.18,1262.18,1262.18,1262.18,0
2026-03-06 11:05:00,1262.18,1262.18,1262.18,1262.18,0
2026-03-06 11:10:00,1262.18,1262.18,1262.18,1262.18,0
2026-03-06 11:15:00,1262.18,1262.18,1262.18,1262.18,0
2026-03-06 11:20:00,1262.18,1262.18,1262.18,1262.18,0
2026-03-06 11:25:00,1262.18,1262.18,1262.18,1262.18,0
2026-03-06 11:30:00,1262.18,1262.18,1262.18,1262.18,0
2026-03-06 11:35:00,1262.18,1262.18,1262.18,1262.18,0
2026-03-06 11:40:00,1262.18,1262.18,1262.18,1262.18,0
2026-03-06 11:45:00,1262.18,1262.18,1262.18,1262.18,0
2026-03-06 11:50:00,1262.18,1262.18,1262.18,1262.18,0
2026-03-06 11:55:00,1262.18,1262.18,1262.18,1262.18,0
2026-03-06 12:00:00,1262.18,1262.18,1262.18,1262.18,0
2026-03-06 12:05:00,1262.18,1262.18,1262.18,1262.18,0
2026-03-06 12:10:00,1262.18,1262.18,1262.18,1262.18,0
2026-03-06 12:15:00,1262.18,1262.18,1262.18,1262.18,0
2026-03-06 12:20:00,1262.18,1262.18,1262.18,1262.18,0
2026-03-06 12:25:00,1262.18,1262.18,1262.18,1262.18,0
2026-03-06 12:30:00,1262.18,1262.18,1262.18,1262.18,0
2026-03-06 12:35:00,1262.18,1262.18,1262.18,1262.18,0
2026-03-06 12:40:00,1262.18,1262.18,1262.18,1262.18,0
2026-03-06 12:45:00,1262.18,1262.18,1262.18,1262.18,0
2026-03-06 12:50:00,1262.18,1262.18,1262.18,1262.18,0
2026-03-06 12:55:00,1262.18,1262.18,1262.18,1262.18,0
2026-03-06 13:00:00,1262.18,1262.18,1262.18,1262.18,0
2026-03-06 13:05:00,1262.18,1262.18,1262.18,1262.18,0
2026-03-06 13:10:00,1262.18,1262.18,1262.18,1262.18,0
2026-03-06 13:15:00,1262.18,1262.18,1262.18,1262.18,0
2026-03-06 13:20:00,1262.18,1262.18,1262.18,1262.18,0
2026-03-06 13:25:00,1262.18,1262.18,1262.18,1262.18,0
2026-03-06 13:30:00,1262.18,1262.18,1262.18,1262.18,0
2026-03-06 13:35:00,1262.18,1262.18,1262.18,1262.18,0
2026-03-06 13:40:00,1262.18,1262.18,1262.18,1262.18,0
2026-03-06 13:45:00,1262.18,1262.18,1262.18,1262.18,0
2026-03-06 13:50:00,1262.18,1262.18,1262.18,1262.18,0
2026-03-06 13:55:00,1262.18,1262.18,1262.18,1262.18,0
2026-03-06 14:00:00,1262.18,1262.18,1262.18,1262.18,0
2026-03-06 14:05:00,1262.18,1262.18,1262.18,1262.18,0
2026-03-06 14:10:00,1262.18,1262.18,1262.18,1262.18,0
2026-03-06 14:15:00,1262.18,1262.18,1262.18,1262.18,0
2026-03-06 14:20:00,1262.18,1262.18,1262.18,1262.18,0
2026-03-06 14:25:00,1262.18,1262.18,1262.18,1262.18,0
2026-03-06 14:30:00,1262.18,1262.18,1262.18,1262.18,0
2026-03-06 14:35:00,1262.18,1262.18,1262.18,1262.18,0
2026-03-06 14:40:00,1262.18,1262.18,1262.18,1262.18,0
2026-03-06 14:45:00,1262.18,1262.18,1262.18,1262.18,0
2026-03-06 14:50:00,1262.18,1262.18,1262.18,1262.18,0
2026-03-06 14:55:00,1262.18,1262.18,1262.18,1262.18,0
2026-03-06 15:00:00,1262.18,1262.18,1262.18,1262.18,0
2026-03-06 15:05:00,1262.18,1262.18,1262.18,1262.18,0
2026-03-06 15:10:00,1262.18,1262.18,1262.18,1262.18,0
2026-03-06 15:15:00,1262.18,1262.18,1262.18,1262.18,0
2026-03-06 15:20:00,1262.18,1262.18,1262.18,1262.18,0
2026-03-06 15:25:00,1262.18,1262.18,1262.18,1262.18,0
2026-03-09 09:15:00,1264.28,1264.28,1264.28,1264.28,0
2026-03-09 09:20:00,1264.28,1264.28,1264.28,1264.28,0
2026-03-09 09:25:00,1264.28,1264.28,1264.28,1264.28,0
2026-03-09 09:30:00,1264.28,1264.28,1264.28,1264.28,0
2026-03-09 09:35:00,1264.28,1264.28,1264.28,1264.28,0
2026-03-09 09:40:00,1264.28,1264.28,1264.28,1264.28,0
2026-03-09 09:45:00,1264.28,1264.28,1264.28,1264.28,0
2026-03-09 09:50:00,1264.28,1264.28,1264.28,1264.28,0
2026-03-09 09:55:00,1264.28,1264.28,1264.28,1264.28,0
2026-03-09 10:00:00,1264.28,1264.28,1264.28,1264.28,0
2026-03-09 10:05:00,1264.28,1264.28,1264.28,1264.28,0
2026-03-09 10:10:00,1264.28,1264.28,1264.28,1264.28,0
2026-03-09 10:15:00,1264.28,1264.28,1264.28,1264.28,0
2026-03-09 10:20:00,1264.28,1264.28,1264.28,1264.28,0
2026-03-09 10:25:00,1264.28,1264.28,1264.28,1264.28,0
2026-03-09 10:30:00,1264.28,1264.28,1264.28,1264.28,0
2026-03-09 10:35:00,1264.28,1264.28,1264.28,1264.28,0
2026-03-09 10:40:00,1264.28,1264.28,1264.28,1264.28,0
2026-03-09 10:45:00,1264.28,1264.28,1264.28,1264.28,0
2026-03-09 10:50:00,1264.28,1264.28,1264.28,1264.28,0
2026-03-09 10:55:00,1264.28,1264.28,1264.28,1264.28,0
2026-03-09 11:00:00,1264.28,1264.28,1264.28,1264.28,0
2026-03-09 11:05:00,1264.28,1264.28,1264.28,1264.28,0
2026-03-09 11:10:00,1264.28,1264.28,1264.28,1264.28,0
2026-03-09 11:15:00,1264.28,1264.28,1264.28,1264.28,0
2026-03-09 11:20:00,1264.28,1264.28,1264.28,1264.28,0
2026-03-09 11:25:00,1264.28,1264.28,1264.28,1264.28,0
2026-03-09 11:30:00,1264.28,1264.28,1264.28,1264.28,0
2026-03-09 11:35:00,1264.28,1264.28,1264.28,1264.28,0
2026-03-09 11:40:00,1264.28,1264.28,1264.28,1264.28,0
2026-03-09 11:45:00,1264.28,1264.28,1264.28,1264.28,0
2026-03-09 11:50:00,1264.28,1264.28,1264.28,1264.28,0
2026-03-09 11:55:00,1264.28,1264.28,1264.28,1264.28,0
2026-03-09 12:00:00,1264.28,1264.28,1264.28,1264.28,0
2026-03-09 12:05:00,1264.28,1264.28,1264.28,1264.28,0
2026-03-09 12:10:00,1264.28,1264.28,1264.28,1264.28,0
2026-03-09 12:15:00,1264.28,1264.28,1264.28,1264.28,0
2026-03-09 12:20:00,1264.28,1264.28,1264.28,1264.28,0
2026-03-09 12:25:00,1264.28,1264.28,1264.28,1264.28,0
2026-03-09 12:30:00,1264.28,1264.28,1264.28,1264.28,0
2026-03-09 12:35:00,1264.28,1264.28,1264.28,1264.28,0
2026-03-09 12:40:00,1264.28,1264.28,1264.28,1264.28,0
2026-03-09 12:45:00,1264.28,1264.28,1264.28,1264.28,0
2026-03-09 12:50:00,1264.28,1264.28,1264.28,1264.28,0
2026-03-09 12:55:00,1264.28,1264.28,1264.28,1264.28,0
2026-03-09 13:00:00,1264.28,1264.28,1264.28,1264.28,0
2026-03-09 13:05:00,1264.28,1264.28,1264.28,1264.28,0
2026-03-09 13:10:00,1264.28,1264.28,1264.28,1264.28,0
2026-03-09 13:15:00,1264.28,1264.28,1264.28,1264.28,0
2026-03-09 13:20:00,1264.28,1264.28,1264.28,1264.28,0
2026-03-09 13:25:00,1264.28,1264.28,1264.28,1264.28,0
2026-03-09 13:30:00,1264.28,1264.28,1264.28,1264.28,0
2026-03-09 13:35:00,1264.28,1264.28,1264.28,1264.28,0
2026-03-09 13:40:00,1264.28,1264.28,1264.28,1264.28,0
2026-03-09 13:45:00,1264.28,1264.28,1264.28,1264.28,0
2026-03-09 13:50:00,1264.28,1264.28,1264.28,1264.28,0
2026-03-09 13:55:00,1264.28,1264.28,1264.28,1264.28,0
2026-03-09 14:00:00,1264.28,1264.28,1264.28,1264.28,0
2026-03-09 14:05:00,1264.28,1264.28,1264.28,1264.28,0
2026-03-09 14:10:00,1264.28,1264.28,1264.28,1264.28,0
2026-03-09 14:15:00,1264.28,1264.28,1264.28,1264.28,0
2026-03-09 14:20:00,1264.28,1264.28,1264.28,1264.28,0
2026-03-09 14:25:00,1264.28,1264.28,1264.28,1264.28,0
2026-03-09 14:30:00,1264.28,1264.28,1264.28,1264.28,0
2026-03-09 14:35:00,1264.28,1264.28,1264.28,1264.28,0
2026-03-09 14:40:00,1264.28,1264.28,1264.28,1264.28,0
2026-03-09 14:45:00,1264.28,1264.28,1264.28,1264.28,0
2026-03-09 14:50:00,1264.28,1264.28,1264.28,1264.28,0
2026-03-09 14:55:00,1264.28,1264.28,1264.28,1264.28,0
2026-03-09 15:00:00,1264.28,1264.28,1264.28,1264.28,0
2026-03-09 15:05:00,1264.28,1264.28,1264.28,1264.28,0
2026-03-09 15:10:00,1264.28,1264.28,1264.28,1264.28,0
2026-03-09 15:15:00,1264.28,1264.28,1264.28,1264.28,0
2026-03-09 15:20:00,1264.28,1264.28,1264.28,1264.28,0
2026-03-09 15:25:00,1264.28,1264.28,1264.28,1264.28,0
2026-03-10 09:15:00,1262.35,1262.35,1262.35,1262.35,0
2026-03-10 09:20:00,1262.35,1262.35,1262.35,1262.35,0
2026-03-10 09:25:00,1262.35,1262.35,1262.35,1262.35,0
2026-03-10 09:30:00,1262.35,1262.35,1262.35,1262.35,0
2026-03-10 09:35:00,1262.35,1262.35,1262.35,1262.35,0
2026-03-10 09:40:00,1262.35,1262.35,1262.35,1262.35,0
2026-03-10 09:45:00,1262.35,1262.35,1262.35,1262.35,0
2026-03-10 09:50:00,1262.35,1262.35,1262.35,1262.35,0
2026-03-10 09:55:00,1262.35,1262.35,1262.35,1262.35,0
2026-03-10 10:00:00,1262.35,1262.35,1262.35,1262.35,0
2026-03-10 10:05:00,1262.35,1262.35,1262.35,1262.35,0
2026-03-10 10:10:00,1262.35,1262.35,1262.35,1262.35,0
2026-03-10 10:15:00,1262.35,1262.35,1262.35,1262.35,0
2026-03-10 10:20:00,1262.35,1262.35,1262.35,1262.35,0
2026-03-10 10:25:00,1262.35,1262.35,1262.35,1262.35,0
2026-03-10 10:30:00,1262.35,1262.35,1262.35,1262.35,0
2026-03-10 10:35:00,1262.35,1262.35,1262.35,1262.35,0
2026-03-10 10:40:00,1262.35,1262.35,1262.35,1262.35,0
2026-03-10 10:45:00,1262.35,1262.35,1262.35,1262.35,0
2026-03-10 10:50:00,1262.35,1262.35,1262.35,1262.35,0
2026-03-10 10:55:00,1262.35,1262.35,1262.35,1262.35,0
2026-03-10 11:00:00,1262.35,1262.35,1262.35,1262.35,0
2026-03-10 11:05:00,1262.35,1262.35,1262.35,1262.35,0
2026-03-10 11:10:00,1262.35,1262.35,1262.35,1262.35,0
2026-03-10 11:15:00,1262.35,1262.35,1262.35,1262.35,0
2026-03-10 11:20:00,1262.35,1262.35,1262.35,1262.35,0
2026-03-10 11:25:00,1262.35,1262.35,1262.35,1262.35,0
2026-03-10 11:30:00,1262.35,1262.35,1262.35,1262.35,0
2026-03-10 11:35:00,1262.35,1262.35,1262.35,1262.35,0
2026-03-10 11:40:00,1262.35,1262.35,1262.35,1262.35,0
2026-03-10 11:45:00,1262.35,1262.35,1262.35,1262.35,0
2026-03-10 11:50:00,1262.35,1262.35,1262.35,1262.35,0
2026-03-10 11:55:00,1262.35,1262.35,1262.35,1262.35,0
2026-03-10 12:00:00,1262.35,1262.35,1262.35,1262.35,0
2026-03-10 12:05:00,1262.35,1262.35,1262.35,1262.35,0
2026-03-10 12:10:00,1262.35,1262.35,1262.35,1262.35,0
2026-03-10 12:15:00,1262.35,1262.35,1262.35,1262.35,0
2026-03-10 12:20:00,1262.35,1262.35,1262.35,1262.35,0
2026-03-10 12:25:00,1262.35,1262.35,1262.35,1262.35,0
2026-03-10 12:30:00,1262.35,1262.35,1262.35,1262.35,0
2026-03-10 12:35:00,1262.35,1262.35,1262.35,1262.35,0
2026-03-10 12:40:00,1262.35,1262.35,1262.35,1262.35,0
2026-03-10 12:45:00,1262.35,1262.35,1262.35,1262.35,0
2026-03-10 12:50:00,1262.35,1262.35,1262.35,1262.35,0
2026-03-10 12:55:00,1262.35,1262.35,1262.35,1262.35,0
2026-03-10 13:00:00,1262.35,1262.35,1262.35,1262.35,0
2026-03-10 13:05:00,1262.35,1262.35,1262.35,1262.35,0
2026-03-10 13:10:00,1262.35,1262.35,1262.35,1262.35,0
2026-03-10 13:15:00,1262.35,1262.35,1262.35,1262.35,0
2026-03-10 13:20:00,1262.35,1262.35,1262.35,1262.35,0
2026-03-10 13:25:00,1262.35,1262.35,1262.35,1262.35,0
2026-03-10 13:30:00,1262.35,1262.35,1262.35,1262.35,0
2026-03-10 13:35:00,1262.35,1262.35,1262.35,1262.35,0
2026-03-10 13:40:00,1262.35,1262.35,1262.35,1262.35,0
2026-03-10 13:45:00,1262.35,1262.35,1262.35,1262.35,0
2026-03-10 13:50:00,1262.35,1262.35,1262.35,1262.35,0
2026-03-10 13:55:00,1262.35,1262.35,1262.35,1262.35,0
2026-03-10 14:00:00,1262.35,1262.35,1262.35,1262.35,0
2026-03-10 14:05:00,1262.35,1262.35,1262.35,1262.35,0
2026-03-10 14:10:00,1262.35,1262.35,1262.35,1262.35,0
2026-03-10 14:15:00,1262.35,1262.35,1262.35,1262.35,0
2026-03-10 14:20:00,1262.35,1262.35,1262.35,1262.35,0
2026-03-10 14:25:00,1262.35,1262.35,1262.35,1262.35,0
2026-03-10 14:30:00,1262.35,1262.35,1262.35,1262.35,0
2026-03-10 14:35:00,1262.35,1262.35,1262.35,1262.35,0
2026-03-10 14:40:00,1262.35,1262.35,1262.35,1262.35,0
2026-03-10 14:45:00,1262.35,1262.35,1262.35,1262.35,0
2026-03-10 14:50:00,1262.35,1262.35,1262.35,1262.35,0
2026-03-10 14:55:00,1262.35,1262.35,1262.18,1262.18,0
2026-03-10 15:00:00,1262.18,1262.18,1262.18,1262.18,0
2026-03-10 15:05:00,1262.18,1262.18,1262.18,1262.18,0
2026-03-10 15:10:00,1262.18,1262.18,1262.18,1262.18,0
2026-03-10 15:15:00,1262.18,1262.18,1262.18,1262.18,0
2026-03-10 15:20:00,1262.18,1262.18,1262.18,1262.18,0
2026-03-10 15:25:00,1262.18,1262.18,1262.18,1262.18,0
2026-03-11 09:15:00,1261.34,1261.34,1261.34,1261.34,0
2026-03-12 09:15:00,1262.52,1262.52,1262.52,1262.52,0
2026-03-13 09:15:00,1260.78,1260.78,1260.78,1260.78,0
