date,open,high,low,close,volume
2025-04-01 09:15:00,38212.25,38442.1,38097.3,38236.4,0
2025-04-01 09:30:00,38233.7,38344.85,38208.35,38336.15,0
2025-04-01 09:45:00,38336.15,38376.25,38203.8,38271.65,0
2025-04-01 10:00:00,38273.55,38295.25,38184.1,38207.15,0
2025-04-01 10:15:00,38207.45,38299.5,38068.15,38079.4,0
2025-04-01 10:30:00,38076.5,38104.35,38013.6,38094.75,0
2025-04-01 10:45:00,38094.75,38108.5,37966.1,37967.0,0
2025-04-01 11:00:00,37969.45,37979.35,37893.75,37925.9,0
2025-04-01 11:15:00,37921.8,37979.15,37872.05,37905.4,0
2025-04-01 11:30:00,37905.4,37908.9,37763.85,37791.7,0
2025-04-01 11:45:00,37791.7,37831.6,37769.85,37814.5,0
2025-04-01 12:00:00,37809.4,37845.1,37733.45,37838.35,0
2025-04-01 12:15:00,37838.35,37916.25,37827.95,37848.95,0
2025-04-01 12:30:00,37849.9,37897.7,37844.75,37850.65,0
2025-04-01 12:45:00,37850.6,37863.65,37758.2,37763.95,0
2025-04-01 13:00:00,37759.45,37800.65,37719.45,37794.6,0
2025-04-01 13:15:00,37794.05,37796.25,37691.5,37725.95,0
2025-04-01 13:30:00,37725.95,37781.9,37691.95,37753.55,0
2025-04-01 13:45:00,37753.55,37796.55,37736.9,37737.4,0
2025-04-01 14:00:00,37737.4,37807.85,37736.35,37763.0,0
2025-04-01 14:15:00,37763.1,37763.1,37698.0,37735.2,0
2025-04-01 14:30:00,37735.85,37750.3,37670.4,37697.9,0
2025-04-01 14:45:00,37697.9,37722.25,37681.55,37703.3,0
2025-04-01 15:00:00,37703.3,37747.25,37657.7,37661.55,0
2025-04-01 15:15:00,37661.55,37668.7,37614.8,37650.25,0
2025-04-02 09:15:00,37719.55,37779.35,37450.6,37582.5,0
2025-04-02 09:30:00,37583.45,37748.9,37494.4,37494.4,0
2025-04-02 09:45:00,37494.4,37497.6,37348.5,37448.15,0
2025-04-02 10:00:00,37450.8,37479.0,37367.7,37384.6,0
2025-04-02 10:15:00,37384.6,37479.55,37349.85,37475.75,0
2025-04-02 10:30:00,37476.7,37578.8,37465.15,37565.45,0
2025-04-02 10:45:00,37565.45,37711.4,37563.3,37710.25,0
2025-04-02 11:00:00,37710.7,37754.5,37668.85,37669.0,0
2025-04-02 11:15:00,37669.0,37705.85,37607.45,37676.85,0
2025-04-02 11:30:00,37676.85,37757.65,37656.45,37682.05,0
2025-04-02 11:45:00,37681.75,37747.7,37655.4,37724.35,0
2025-04-02 12:00:00,37722.25,37830.85,37722.25,37754.1,0
2025-04-02 12:15:00,37752.35,37810.7,37749.15,37786.6,0
2025-04-02 12:30:00,37786.6,37819.9,37782.65,37815.8,0
2025-04-02 12:45:00,37816.6,37875.55,37718.15,37753.75,0
2025-04-02 13:00:00,37753.75,37819.7,37748.0,37815.4,0
2025-04-02 13:15:00,37816.8,37843.5,37786.15,37830.15,0
2025-04-02 13:30:00,37830.65,37846.45,37776.55,37780.4,0
2025-04-02 13:45:00,37781.55,37810.85,37744.15,37804.4,0
2025-04-02 14:00:00,37804.4,37842.8,37802.75,37825.85,0
2025-04-02 14:15:00,37828.35,37920.45,37825.15,37913.8,0
2025-04-02 14:30:00,37913.8,38008.75,37911.15,37960.25,0
2025-04-02 14:45:00,37954.9,37987.75,37943.5,37972.05,0
2025-04-02 15:00:00,37970.05,38037.9,37970.05,38000.4,0
2025-04-02 15:15:00,38000.65,38030.45,37992.3,38005.0,0
2025-04-03 09:15:00,37578.25,37834.05,37471.7,37786.7,0
2025-04-03 09:30:00,37781.9,37797.6,37563.75,37669.05,0
2025-04-03 09:45:00,37669.05,37669.25,37393.65,37470.75,0
2025-04-03 10:00:00,37472.65,37611.15,37423.3,37608.05,0
2025-04-03 10:15:00,37609.15,37612.45,37524.05,37587.3,0
2025-04-03 10:30:00,37587.3,37616.9,37532.2,37588.75,0
2025-04-03 10:45:00,37589.15,37589.5,37530.2,37559.8,0
2025-04-03 11:00:00,37559.8,37562.7,37480.3,37501.55,0
2025-04-03 11:15:00,37502.0,37502.05,37412.15,37458.65,0
2025-04-03 11:30:00,37458.65,37511.5,37451.5,37511.5,0
2025-04-03 11:45:00,37511.5,37541.0,37493.6,37531.3,0
2025-04-03 12:00:00,37531.65,37562.15,37531.65,37544.25,0
2025-04-03 12:15:00,37545.25,37563.35,37487.35,37502.4,0
2025-04-03 12:30:00,37502.4,37521.7,37454.1,37483.5,0
2025-04-03 12:45:00,37483.5,37506.95,37453.15,37496.4,0
2025-04-03 13:00:00,37496.4,37504.2,37467.2,37487.5,0
2025-04-03 13:15:00,37487.2,37568.8,37484.45,37556.7,0
2025-04-03 13:30:00,37556.4,37587.35,37551.35,37574.05,0
2025-04-03 13:45:00,37574.05,37593.35,37569.3,37575.85,0
2025-04-03 14:00:00,37575.85,37622.05,37562.95,37564.4,0
2025-04-03 14:15:00,37565.5,37599.35,37564.65,37595.4,0
2025-04-03 14:30:00,37595.95,37603.15,37546.25,37559.55,0
2025-04-03 14:45:00,37559.55,37583.55,37542.35,37555.35,0
2025-04-03 15:00:00,37555.35,37639.55,37555.25,37629.5,0
2025-04-03 15:15:00,37629.5,37658.65,37613.35,37632.45,0
2025-04-04 09:15:00,37429.4,37483.45,36998.9,37134.95,0
2025-04-04 09:30:00,37134.95,37189.95,36972.4,36976.85,0
2025-04-04 09:45:00,36976.85,37000.2,36714.55,36737.85,0
2025-04-04 10:00:00,36737.65,36744.8,36574.7,36581.4,0
2025-04-04 10:15:00,36581.4,36625.15,36462.55,36469.05,0
2025-04-04 10:30:00,36471.05,36669.85,36451.3,36649.6,0
2025-04-04 10:45:00,36647.45,36702.55,36604.85,36702.55,0
2025-04-04 11:00:00,36702.55,36744.35,36670.2,36686.3,0
2025-04-04 11:15:00,36686.35,36691.5,36602.85,36674.9,0
2025-04-04 11:30:00,36674.9,36739.45,36636.3,36672.65,0
2025-04-04 11:45:00,36672.65,36672.65,36537.1,36572.05,0
2025-04-04 12:00:00,36572.85,36573.05,36441.2,36481.9,0
2025-04-04 12:15:00,36483.35,36576.85,36481.25,36528.05,0
2025-04-04 12:30:00,36528.05,36536.4,36461.7,36498.35,0
2025-04-04 12:45:00,36498.35,36511.9,36463.45,36501.8,0
2025-04-04 13:00:00,36502.75,36539.0,36458.1,36461.65,0
2025-04-04 13:15:00,36459.5,36501.6,36437.4,36455.65,0
2025-04-04 13:30:00,36455.85,36455.85,36289.85,36302.1,0
2025-04-04 13:45:00,36302.1,36309.25,36261.0,36273.45,0
2025-04-04 14:00:00,36273.45,36303.6,36253.0,36288.75,0
2025-04-04 14:15:00,36287.65,36305.65,36177.75,36220.45,0
2025-04-04 14:30:00,36220.45,36223.2,36118.2,36135.15,0
2025-04-04 14:45:00,36135.15,36222.7,36125.45,36211.05,0
2025-04-04 15:00:00,36211.05,36325.45,36211.05,36300.1,0
2025-04-04 15:15:00,36299.95,36397.25,36267.35,36392.8,0
2025-04-07 09:15:00,33420.35,34466.4,33420.0,34427.75,0
2025-04-07 09:30:00,34422.8,34618.5,34191.9,34244.1,0
2025-04-07 09:45:00,34244.1,34312.25,34089.45,34155.45,0
2025-04-07 10:00:00,34151.45,34311.6,34002.55,34035.4,0
2025-04-07 10:15:00,34035.4,34297.15,33962.55,34291.5,0
2025-04-07 10:30:00,34293.45,34423.05,34205.0,34418.65,0
2025-04-07 10:45:00,34420.9,34541.75,34342.75,34416.35,0
2025-04-07 11:00:00,34414.8,34576.15,34414.7,34520.2,0
2025-04-07 11:15:00,34520.2,34582.3,34448.95,34575.6,0
2025-04-07 11:30:00,34575.6,34659.65,34496.25,34523.6,0
2025-04-07 11:45:00,34525.55,34538.4,34429.5,34459.65,0
2025-04-07 12:00:00,34459.65,34477.15,34343.15,34351.85,0
2025-04-07 12:15:00,34351.1,34351.1,34268.0,34268.0,0
2025-04-07 12:30:00,34268.0,34367.75,34205.35,34360.85,0
2025-04-07 12:45:00,34360.6,34409.1,34290.05,34291.2,0
2025-04-07 13:00:00,34291.2,34314.9,34240.05,34296.1,0
2025-04-07 13:15:00,34297.5,34435.45,34252.1,34401.0,0
2025-04-07 13:30:00,34401.0,34562.7,34382.1,34527.35,0
2025-04-07 13:45:00,34527.35,34623.4,34507.55,34555.7,0
2025-04-07 14:00:00,34555.7,34611.65,34508.15,34584.6,0
2025-04-07 14:15:00,34586.0,34696.05,34561.2,34651.9,0
2025-04-07 14:30:00,34651.8,34760.15,34615.45,34660.1,0
2025-04-07 14:45:00,34659.85,34789.6,34644.5,34778.45,0
2025-04-07 15:00:00,34778.45,34959.75,34762.7,34927.1,0
2025-04-07 15:15:00,34928.15,35114.75,34870.45,35093.35,0
2025-04-08 09:15:00,35718.65,36090.5,35560.55,35700.15,0
2025-04-08 09:30:00,35703.7,35719.2,35409.85,35415.55,0
2025-04-08 09:45:00,35415.55,35512.7,35335.9,35379.95,0
2025-04-08 10:00:00,35379.8,35394.3,35287.6,35335.05,0
2025-04-08 10:15:00,35333.7,35432.05,35309.95,35424.15,0
2025-04-08 10:30:00,35424.15,35457.05,35181.65,35185.15,0
2025-04-08 10:45:00,35188.05,35328.7,35126.65,35302.25,0
2025-04-08 11:00:00,35302.3,35492.05,35302.3,35393.55,0
2025-04-08 11:15:00,35393.55,35426.95,35332.1,35382.2,0
2025-04-08 11:30:00,35382.2,35450.0,35339.5,35348.9,0
2025-04-08 11:45:00,35348.65,35437.0,35348.1,35435.9,0
2025-04-08 12:00:00,35435.35,35600.5,35418.35,35600.5,0
2025-04-08 12:15:00,35601.05,35612.7,35543.2,35610.2,0
2025-04-08 12:30:00,35610.2,35693.8,35581.3,35690.85,0
2025-04-08 12:45:00,35690.85,35756.8,35648.65,35756.8,0
2025-04-08 13:00:00,35755.65,35758.55,35666.3,35735.6,0
2025-04-08 13:15:00,35735.6,35774.85,35719.0,35746.8,0
2025-04-08 13:30:00,35747.95,35764.45,35583.05,35622.75,0
2025-04-08 13:45:00,35616.3,35616.55,35480.75,35580.0,0
2025-04-08 14:00:00,35586.15,35644.2,35554.45,35639.6,0
2025-04-08 14:15:00,35640.2,35714.85,35640.0,35702.3,0
2025-04-08 14:30:00,35702.25,35703.95,35606.7,35627.9,0
2025-04-08 14:45:00,35628.4,35659.65,35584.65,35618.3,0
2025-04-08 15:00:00,35616.45,35630.35,35543.85,35561.7,0
2025-04-08 15:15:00,35561.7,35633.35,35544.35,35621.05,0
2025-04-09 09:15:00,35507.1,35523.95,35206.95,35217.8,0
2025-04-09 09:30:00,35217.8,35257.15,35108.1,35238.0,0
2025-04-09 09:45:00,35237.7,35238.65,35069.35,35069.35,0
2025-04-09 10:00:00,35070.8,35160.95,34985.4,34997.05,0
2025-04-09 10:15:00,34996.6,35072.0,34967.45,35043.3,0
2025-04-09 10:30:00,35043.3,35064.85,35017.75,35034.05,0
2025-04-09 10:45:00,35032.6,35086.7,35022.0,35067.9,0
2025-04-09 11:00:00,35067.85,35069.4,34984.75,35057.5,0
2025-04-09 11:15:00,35056.25,35143.45,35051.4,35143.45,0
2025-04-09 11:30:00,35143.45,35291.55,35143.45,35263.8,0
2025-04-09 11:45:00,35264.5,35285.15,35212.4,35214.2,0
2025-04-09 12:00:00,35214.2,35244.2,35193.65,35241.0,0
2025-04-09 12:15:00,35240.2,35254.95,35205.55,35214.8,0
2025-04-09 12:30:00,35214.8,35341.8,35199.45,35329.6,0
2025-04-09 12:45:00,35329.6,35416.75,35329.6,35398.15,0
2025-04-09 13:00:00,35398.15,35442.65,35367.15,35416.35,0
2025-04-09 13:15:00,35415.65,35432.0,35324.6,35384.0,0
2025-04-09 13:30:00,35384.0,35395.8,35278.15,35301.65,0
2025-04-09 13:45:00,35301.65,35312.8,35276.3,35295.1,0
2025-04-09 14:00:00,35295.1,35309.65,35264.5,35265.4,0
2025-04-09 14:15:00,35266.15,35302.35,35257.8,35276.05,0
2025-04-09 14:30:00,35275.65,35350.0,35258.9,35331.0,0
2025-04-09 14:45:00,35331.0,35343.5,35291.9,35302.65,0
2025-04-09 15:00:00,35302.65,35333.65,35283.45,35285.95,0
2025-04-09 15:15:00,35285.95,35308.65,35254.3,35273.2,0
2025-04-11 09:15:00,35972.0,36040.7,35725.45,35914.0,0
2025-04-11 09:30:00,35914.0,36100.35,35906.7,36029.05,0
2025-04-11 09:45:00,36029.05,36061.35,35944.45,35944.45,0
2025-04-11 10:00:00,35945.95,36016.9,35936.65,35994.95,0
2025-04-11 10:15:00,35995.8,36017.2,35908.05,35928.5,0
2025-04-11 10:30:00,35928.5,36014.75,35870.55,35946.35,0
2025-04-11 10:45:00,35946.35,36000.95,35893.1,35998.05,0
2025-04-11 11:00:00,35998.05,36108.2,35997.15,36074.2,0
2025-04-11 11:15:00,36074.2,36113.95,36043.15,36102.35,0
2025-04-11 11:30:00,36103.2,36226.35,36095.5,36196.4,0
2025-04-11 11:45:00,36196.4,36250.75,36193.45,36204.0,0
2025-04-11 12:00:00,36204.0,36313.6,36196.85,36313.6,0
2025-04-11 12:15:00,36312.15,36322.4,36256.35,36272.35,0
2025-04-11 12:30:00,36272.35,36276.7,36220.6,36246.4,0
2025-04-11 12:45:00,36246.3,36265.0,36224.65,36231.4,0
2025-04-11 13:00:00,36232.6,36296.35,36229.9,36295.0,0
2025-04-11 13:15:00,36294.4,36295.5,36216.85,36228.3,0
2025-04-11 13:30:00,36228.3,36231.9,36167.15,36201.35,0
2025-04-11 13:45:00,36201.25,36204.8,36102.7,36141.25,0
2025-04-11 14:00:00,36141.45,36141.45,36055.1,36103.3,0
2025-04-11 14:15:00,36103.75,36122.25,36067.3,36082.8,0
2025-04-11 14:30:00,36082.8,36182.2,36082.8,36179.25,0
2025-04-11 14:45:00,36179.25,36252.2,36179.25,36241.45,0
2025-04-11 15:00:00,36241.45,36270.3,36223.7,36254.6,0
2025-04-11 15:15:00,36254.6,36267.6,36220.7,36240.0,0
2025-04-15 09:15:00,36998.45,36998.45,36719.7,36944.5,0
2025-04-15 09:30:00,36940.9,37115.4,36900.9,37093.35,0
2025-04-15 09:45:00,37090.6,37129.65,37056.25,37092.95,0
2025-04-15 10:00:00,37092.95,37121.7,37051.45,37063.25,0
2025-04-15 10:15:00,37062.15,37108.45,37043.9,37070.0,0
2025-04-15 10:30:00,37069.7,37119.1,37058.35,37113.15,0
2025-04-15 10:45:00,37113.65,37122.15,37086.35,37105.4,0
2025-04-15 11:00:00,37105.4,37132.9,37074.65,37079.75,0
2025-04-15 11:15:00,37079.75,37123.7,37071.45,37114.4,0
2025-04-15 11:30:00,37115.2,37117.0,37051.65,37054.2,0
2025-04-15 11:45:00,37053.65,37069.6,37028.15,37061.1,0
2025-04-15 12:00:00,37061.1,37140.65,37056.6,37137.55,0
2025-04-15 12:15:00,37137.25,37171.95,37127.5,37170.2,0
2025-04-15 12:30:00,37170.2,37187.8,37154.75,37158.2,0
2025-04-15 12:45:00,37155.75,37172.3,37147.2,37156.9,0
2025-04-15 13:00:00,37158.4,37162.65,37144.35,37152.3,0
2025-04-15 13:15:00,37152.3,37164.75,37124.0,37135.7,0
2025-04-15 13:30:00,37135.7,37154.15,37099.4,37154.15,0
2025-04-15 13:45:00,37153.7,37208.7,37149.65,37186.85,0
2025-04-15 14:00:00,37186.9,37199.65,37166.3,37191.3,0
2025-04-15 14:15:00,37192.3,37214.55,37180.1,37202.75,0
2025-04-15 14:30:00,37202.8,37225.7,37181.85,37218.35,0
2025-04-15 14:45:00,37218.95,37274.8,37215.8,37255.55,0
2025-04-15 15:00:00,37255.55,37335.7,37254.8,37330.45,0
2025-04-15 15:15:00,37329.9,37439.65,37329.9,37370.25,0
2025-04-16 09:15:00,37408.55,37413.65,37206.5,37395.85,0
2025-04-16 09:30:00,37392.9,37502.6,37371.4,37480.75,0
2025-04-16 09:45:00,37481.3,37524.85,37415.3,37509.55,0
2025-04-16 10:00:00,37509.55,37532.8,37494.85,37521.55,0
2025-04-16 10:15:00,37521.55,37521.55,37323.2,37407.95,0
2025-04-16 10:30:00,37407.15,37439.35,37380.15,37419.05,0
2025-04-16 10:45:00,37419.05,37430.9,37364.0,37367.85,0
2025-04-16 11:00:00,37369.0,37417.65,37309.65,37412.9,0
2025-04-16 11:15:00,37413.0,37432.8,37381.6,37381.6,0
2025-04-16 11:30:00,37382.7,37397.75,37350.2,37397.15,0
2025-04-16 11:45:00,37397.35,37418.85,37393.25,37403.65,0
2025-04-16 12:00:00,37403.65,37446.85,37398.2,37433.95,0
2025-04-16 12:15:00,37433.95,37444.05,37418.25,37432.9,0
2025-04-16 12:30:00,37432.9,37469.85,37432.9,37463.95,0
2025-04-16 12:45:00,37463.95,37464.25,37404.7,37404.7,0
2025-04-16 13:00:00,37406.45,37421.45,37378.0,37419.55,0
2025-04-16 13:15:00,37419.55,37423.95,37291.2,37294.9,0
2025-04-16 13:30:00,37297.25,37310.55,37260.65,37303.15,0
2025-04-16 13:45:00,37303.15,37416.05,37288.6,37397.55,0
2025-04-16 14:00:00,37397.55,37454.0,37397.55,37452.95,0
2025-04-16 14:15:00,37452.15,37452.95,37421.15,37432.0,0
2025-04-16 14:30:00,37431.9,37445.55,37407.35,37440.8,0
2025-04-16 14:45:00,37440.15,37466.7,37432.15,37466.4,0
2025-04-16 15:00:00,37466.4,37542.6,37466.4,37511.05,0
2025-04-16 15:15:00,37511.95,37546.3,37502.9,37518.1,0
2025-04-17 09:15:00,37459.8,37526.7,37256.9,37302.0,0
2025-04-17 09:30:00,37302.0,37407.35,37285.6,37400.55,0
2025-04-17 09:45:00,37401.0,37468.45,37397.4,37429.9,0
2025-04-17 10:00:00,37428.75,37436.1,37277.45,37300.65,0
2025-04-17 10:15:00,37300.65,37452.2,37274.8,37439.3,0
2025-04-17 10:30:00,37442.15,37533.75,37437.15,37526.4,0
2025-04-17 10:45:00,37526.4,37559.65,37497.05,37500.75,0
2025-04-17 11:00:00,37502.8,37561.4,37478.55,37558.1,0
2025-04-17 11:15:00,37558.1,37657.7,37553.1,37650.65,0
2025-04-17 11:30:00,37649.2,37720.05,37640.6,37702.65,0
2025-04-17 11:45:00,37702.65,37716.15,37651.65,37704.7,0
2025-04-17 12:00:00,37706.3,37747.05,37679.4,37739.25,0
2025-04-17 12:15:00,37739.25,37787.3,37726.6,37776.3,0
2025-04-17 12:30:00,37776.3,37819.45,37753.55,37802.7,0
2025-04-17 12:45:00,37802.8,37833.05,37779.8,37780.2,0
2025-04-17 13:00:00,37780.2,37804.9,37766.95,37773.1,0
2025-04-17 13:15:00,37773.1,37774.55,37715.6,37730.65,0
2025-04-17 13:30:00,37730.1,37801.6,37691.15,37800.6,0
2025-04-17 13:45:00,37799.9,37861.5,37781.45,37853.3,0
2025-04-17 14:00:00,37853.3,37887.15,37786.2,37786.2,0
2025-04-17 14:15:00,37780.45,37802.85,37746.8,37797.6,0
2025-04-17 14:30:00,37797.6,37836.65,37796.25,37820.55,0
2025-04-17 14:45:00,37819.65,37843.05,37796.3,37813.35,0
2025-04-17 15:00:00,37813.35,37849.15,37775.1,37843.45,0
2025-04-17 15:15:00,37844.95,37858.7,37827.2,37827.2,0
2025-04-21 09:15:00,38043.05,38185.0,37997.55,38149.6,0
2025-04-21 09:30:00,38149.6,38375.7,38109.2,38372.3,0
2025-04-21 09:45:00,38372.6,38472.75,38353.35,38467.9,0
2025-04-21 10:00:00,38470.15,38508.4,38446.75,38487.65,0
2025-04-21 10:15:00,38487.65,38519.65,38469.75,38507.55,0
2025-04-21 10:30:00,38507.55,38549.9,38495.5,38530.2,0
2025-04-21 10:45:00,38530.2,38547.6,38509.35,38535.5,0
2025-04-21 11:00:00,38535.5,38543.1,38505.55,38524.9,0
2025-04-21 11:15:00,38525.45,38584.7,38522.25,38582.3,0
2025-04-21 11:30:00,38582.3,38597.65,38558.5,38590.25,0
2025-04-21 11:45:00,38589.5,38634.9,38586.05,38623.4,0
2025-04-21 12:00:00,38623.1,38744.25,38598.4,38731.85,0
2025-04-21 12:15:00,38730.5,38784.05,38720.3,38746.05,0
2025-04-21 12:30:00,38744.9,38788.55,38739.65,38768.85,0
2025-04-21 12:45:00,38768.85,38802.3,38755.9,38779.4,0
2025-04-21 13:00:00,38779.4,38794.3,38747.85,38754.0,0
2025-04-21 13:15:00,38754.0,38754.95,38674.7,38688.5,0
2025-04-21 13:30:00,38688.5,38740.95,38648.85,38656.7,0
2025-04-21 13:45:00,38656.7,38723.05,38637.4,38703.15,0
2025-04-21 14:00:00,38701.65,38724.45,38679.7,38692.0,0
2025-04-21 14:15:00,38692.0,38720.75,38685.2,38695.4,0
2025-04-21 14:30:00,38695.4,38715.1,38654.45,38714.95,0
2025-04-21 14:45:00,38715.9,38744.85,38700.45,38726.2,0
2025-04-21 15:00:00,38726.4,38747.0,38678.85,38688.05,0
2025-04-21 15:15:00,38686.9,38720.8,38682.25,38692.45,0
2025-04-22 09:15:00,38816.95,38863.2,38600.4,38822.2,0
2025-04-22 09:30:00,38822.2,38957.0,38813.0,38943.45,0
2025-04-22 09:45:00,38944.25,39014.5,38901.35,38968.85,0
2025-04-22 10:00:00,38967.9,39095.95,38964.0,39051.5,0
2025-04-22 10:15:00,39051.5,39056.65,38958.85,38959.25,0
2025-04-22 10:30:00,38959.7,39020.1,38933.95,39015.4,0
2025-04-22 10:45:00,39016.6,39053.6,39016.6,39039.6,0
2025-04-22 11:00:00,39039.6,39046.5,39009.5,39045.7,0
2025-04-22 11:15:00,39045.5,39061.55,38979.7,38979.7,0
2025-04-22 11:30:00,38979.55,39048.8,38956.35,39038.0,0
2025-04-22 11:45:00,39038.0,39063.3,39024.1,39051.35,0
2025-04-22 12:00:00,39050.4,39083.5,39041.75,39071.05,0
2025-04-22 12:15:00,39071.75,39077.25,39016.75,39048.95,0
2025-04-22 12:30:00,39048.95,39057.95,39028.1,39052.6,0
2025-04-22 12:45:00,39052.7,39061.9,39028.95,39037.2,0
2025-04-22 13:00:00,39036.1,39038.7,38988.7,39017.15,0
2025-04-22 13:15:00,39017.15,39084.1,39011.3,39082.3,0
2025-04-22 13:30:00,39082.8,39087.1,39056.0,39063.9,0
2025-04-22 13:45:00,39063.9,39093.7,39047.15,39069.9,0
2025-04-22 14:00:00,39069.45,39104.6,39065.6,39080.05,0
2025-04-22 14:15:00,39080.05,39121.75,39071.8,39110.1,0
2025-04-22 14:30:00,39110.1,39110.35,39069.8,39090.3,0
2025-04-22 14:45:00,39090.3,39090.7,39014.45,39064.65,0
2025-04-22 15:00:00,39067.6,39081.7,39032.85,39040.5,0
2025-04-22 15:15:00,39039.75,39048.95,39000.25,39003.7,0
2025-04-23 09:15:00,39449.4,39682.15,39439.95,39639.6,0
2025-04-23 09:30:00,39638.95,39655.7,39450.65,39621.35,0
2025-04-23 09:45:00,39621.5,39649.75,39551.5,39560.9,0
2025-04-23 10:00:00,39560.9,39596.85,39273.6,39280.5,0
2025-04-23 10:15:00,39280.5,39475.75,39261.7,39471.3,0
2025-04-23 10:30:00,39471.3,39472.1,39318.8,39319.1,0
2025-04-23 10:45:00,39319.95,39340.4,39209.25,39310.85,0
2025-04-23 11:00:00,39310.25,39507.0,39309.25,39502.5,0
2025-04-23 11:15:00,39502.95,39614.65,39502.0,39608.65,0
2025-04-23 11:30:00,39610.4,39671.1,39594.6,39664.3,0
2025-04-23 11:45:00,39664.3,39664.3,39585.3,39585.3,0
2025-04-23 12:00:00,39585.95,39631.0,39570.8,39607.35,0
2025-04-23 12:15:00,39607.35,39637.55,39591.65,39610.95,0
2025-04-23 12:30:00,39610.95,39654.85,39610.65,39639.6,0
2025-04-23 12:45:00,39640.8,39702.5,39637.0,39698.3,0
2025-04-23 13:00:00,39698.8,39717.5,39676.6,39705.7,0
2025-04-23 13:15:00,39704.65,39714.75,39687.6,39706.15,0
2025-04-23 13:30:00,39706.15,39733.7,39677.55,39727.45,0
2025-04-23 13:45:00,39727.35,39782.05,39727.35,39763.35,0
2025-04-23 14:00:00,39763.35,39781.85,39737.0,39775.1,0
2025-04-23 14:15:00,39776.4,39814.2,39752.75,39804.95,0
2025-04-23 14:30:00,39804.8,39809.95,39740.15,39753.75,0
2025-04-23 14:45:00,39754.4,39792.35,39741.8,39777.7,0
2025-04-23 15:00:00,39777.7,39828.05,39777.7,39822.45,0
2025-04-23 15:15:00,39824.1,39855.85,39779.95,39779.95,0
2025-04-24 09:15:00,39884.5,39936.4,39797.05,39819.65,0
2025-04-24 09:30:00,39819.65,39988.65,39809.85,39916.2,0
2025-04-24 09:45:00,39919.1,39920.1,39807.65,39850.5,0
2025-04-24 10:00:00,39848.55,39906.45,39812.45,39901.85,0
2025-04-24 10:15:00,39901.85,39915.5,39861.25,39899.9,0
2025-04-24 10:30:00,39898.6,39899.75,39823.0,39835.0,0
2025-04-24 10:45:00,39833.95,39862.45,39827.2,39833.35,0
2025-04-24 11:00:00,39831.05,39898.25,39826.35,39870.3,0
2025-04-24 11:15:00,39869.0,39878.55,39810.2,39833.2,0
2025-04-24 11:30:00,39833.2,39913.3,39824.25,39899.55,0
2025-04-24 11:45:00,39900.0,39902.3,39872.55,39881.25,0
2025-04-24 12:00:00,39880.4,39904.95,39860.6,39868.85,0
2025-04-24 12:15:00,39868.85,39910.75,39863.7,39904.45,0
2025-04-24 12:30:00,39904.45,39919.75,39848.9,39866.0,0
2025-04-24 12:45:00,39866.35,39883.6,39856.7,39867.2,0
2025-04-24 13:00:00,39867.55,39884.85,39843.7,39855.85,0
2025-04-24 13:15:00,39855.85,39863.25,39836.65,39844.4,0
2025-04-24 13:30:00,39843.9,39847.9,39777.4,39788.05,0
2025-04-24 13:45:00,39786.5,39786.85,39711.3,39712.2,0
2025-04-24 14:00:00,39714.05,39728.1,39682.4,39695.05,0
2025-04-24 14:15:00,39695.05,39707.55,39669.4,39685.0,0
2025-04-24 14:30:00,39685.0,39718.2,39675.6,39709.85,0
2025-04-24 14:45:00,39710.3,39712.6,39640.55,39660.75,0
2025-04-24 15:00:00,39659.9,39710.0,39655.75,39694.95,0
2025-04-24 15:15:00,39692.75,39701.9,39655.25,39672.1,0
2025-04-25 09:15:00,39796.4,39854.25,39698.65,39743.65,0
2025-04-25 09:30:00,39744.05,39781.1,39257.9,39259.6,0
2025-04-25 09:45:00,39259.6,39342.7,38972.5,39002.6,0
2025-04-25 10:00:00,39002.6,39045.1,38765.55,39041.15,0
2025-04-25 10:15:00,39040.25,39097.4,38717.25,38719.7,0
2025-04-25 10:30:00,38719.7,38856.2,38681.7,38842.5,0
2025-04-25 10:45:00,38840.15,38906.5,38743.0,38784.65,0
2025-04-25 11:00:00,38784.65,38784.65,38628.65,38753.55,0
2025-04-25 11:15:00,38754.2,38762.65,38550.6,38675.9,0
2025-04-25 11:30:00,38675.9,38760.05,38611.95,38701.95,0
2025-04-25 11:45:00,38702.55,38715.3,38589.75,38670.65,0
2025-04-25 12:00:00,38672.45,38912.9,38660.6,38882.55,0
2025-04-25 12:15:00,38886.4,38942.65,38861.5,38909.3,0
2025-04-25 12:30:00,38911.1,39010.15,38892.95,38922.45,0
2025-04-25 12:45:00,38925.05,39082.2,38924.1,39070.25,0
2025-04-25 13:00:00,39069.35,39104.2,39020.1,39083.1,0
2025-04-25 13:15:00,39083.4,39161.2,39055.1,39067.0,0
2025-04-25 13:30:00,39067.8,39208.95,39067.35,39174.95,0
2025-04-25 13:45:00,39174.95,39278.9,39158.7,39274.05,0
2025-04-25 14:00:00,39275.5,39283.55,39011.6,39072.85,0
2025-04-25 14:15:00,39074.2,39168.15,39073.0,39135.75,0
2025-04-25 14:30:00,39136.1,39144.3,38986.7,39013.4,0
2025-04-25 14:45:00,39013.4,39086.85,38964.15,39018.55,0
2025-04-25 15:00:00,39021.95,39061.35,38961.2,38970.55,0
2025-04-25 15:15:00,38970.6,38973.2,38853.0,38865.9,0
2025-04-28 09:15:00,38908.9,39146.5,38850.0,39016.7,0
2025-04-28 09:30:00,39016.7,39215.05,39009.95,39111.3,0
2025-04-28 09:45:00,39111.45,39266.9,39111.4,39228.25,0
2025-04-28 10:00:00,39227.1,39382.9,39222.0,39370.65,0
2025-04-28 10:15:00,39370.65,39383.8,39183.55,39194.1,0
2025-04-28 10:30:00,39194.1,39251.7,39170.1,39201.7,0
2025-04-28 10:45:00,39201.7,39304.95,39196.35,39292.25,0
2025-04-28 11:00:00,39293.55,39305.4,39205.95,39211.2,0
2025-04-28 11:15:00,39211.2,39280.65,39175.15,39280.65,0
2025-04-28 11:30:00,39280.05,39327.4,39277.2,39281.25,0
2025-04-28 11:45:00,39281.25,39311.7,39265.4,39275.9,0
2025-04-28 12:00:00,39275.9,39311.2,39256.1,39296.05,0
2025-04-28 12:15:00,39294.65,39367.75,39294.15,39359.3,0
2025-04-28 12:30:00,39357.75,39414.15,39357.75,39411.8,0
2025-04-28 12:45:00,39412.05,39424.45,39372.05,39403.55,0
2025-04-28 13:00:00,39403.55,39420.3,39301.1,39359.75,0
2025-04-28 13:15:00,39360.05,39368.8,39309.25,39333.25,0
2025-04-28 13:30:00,39333.25,39415.05,39316.35,39409.95,0
2025-04-28 13:45:00,39411.45,39431.05,39362.65,39383.6,0
2025-04-28 14:00:00,39383.95,39397.1,39357.35,39377.45,0
2025-04-28 14:15:00,39377.45,39383.55,39265.5,39281.95,0
2025-04-28 14:30:00,39282.55,39331.8,39248.65,39279.25,0
2025-04-28 14:45:00,39281.0,39378.5,39272.75,39374.3,0
2025-04-28 15:00:00,39374.3,39417.15,39369.45,39380.15,0
2025-04-28 15:15:00,39380.15,39451.3,39380.15,39427.1,0
2025-04-29 09:15:00,39566.25,39842.5,39550.0,39777.2,0
2025-04-29 09:30:00,39777.2,39862.25,39609.65,39645.45,0
2025-04-29 09:45:00,39642.5,39788.75,39556.75,39775.05,0
2025-04-29 10:00:00,39775.05,39786.45,39702.05,39733.1,0
2025-04-29 10:15:00,39733.1,39737.0,39632.4,39639.0,0
2025-04-29 10:30:00,39639.3,39678.65,39593.6,39660.1,0
2025-04-29 10:45:00,39659.65,39738.0,39659.15,39724.2,0
2025-04-29 11:00:00,39722.75,39800.1,39722.75,39749.8,0
2025-04-29 11:15:00,39749.4,39802.35,39721.65,39785.75,0
2025-04-29 11:30:00,39785.75,39786.85,39733.55,39780.5,0
2025-04-29 11:45:00,39779.5,39779.5,39686.95,39691.15,0
2025-04-29 12:00:00,39691.15,39749.25,39656.8,39742.7,0
2025-04-29 12:15:00,39740.25,39777.25,39707.35,39725.75,0
2025-04-29 12:30:00,39725.75,39836.05,39715.55,39817.1,0
2025-04-29 12:45:00,39815.75,39874.05,39801.8,39852.9,0
2025-04-29 13:00:00,39852.9,39877.5,39807.85,39825.75,0
2025-04-29 13:15:00,39825.65,39850.25,39797.4,39845.4,0
2025-04-29 13:30:00,39847.15,39885.2,39842.0,39856.75,0
2025-04-29 13:45:00,39856.75,39894.3,39806.7,39842.75,0
2025-04-29 14:00:00,39842.9,39886.25,39827.1,39832.2,0
2025-04-29 14:15:00,39832.6,39836.0,39747.05,39747.6,0
2025-04-29 14:30:00,39747.6,39801.15,39723.1,39796.8,0
2025-04-29 14:45:00,39797.1,39819.25,39775.65,39794.35,0
2025-04-29 15:00:00,39793.35,39816.45,39770.15,39793.9,0
2025-04-29 15:15:00,39793.8,39915.9,39770.05,39891.6,0
2025-04-30 09:15:00,39876.1,39878.6,39455.2,39583.35,0
2025-04-30 09:30:00,39583.35,39738.05,39551.55,39633.65,0
2025-04-30 09:45:00,39634.3,39755.0,39599.25,39609.3,0
2025-04-30 10:00:00,39609.3,39681.75,39588.15,39638.3,0
2025-04-30 10:15:00,39638.3,39748.6,39634.0,39641.9,0
2025-04-30 10:30:00,39641.9,39655.8,39557.2,39641.05,0
2025-04-30 10:45:00,39641.05,39692.5,39626.1,39685.75,0
2025-04-30 11:00:00,39685.85,39714.4,39636.65,39643.85,0
2025-04-30 11:15:00,39643.85,39724.5,39613.95,39614.1,0
2025-04-30 11:30:00,39614.1,39635.9,39581.35,39604.25,0
2025-04-30 11:45:00,39604.25,39604.25,39523.4,39527.3,0
2025-04-30 12:00:00,39527.3,39565.7,39504.0,39553.05,0
2025-04-30 12:15:00,39550.9,39579.1,39528.5,39557.85,0
2025-04-30 12:30:00,39555.55,39557.65,39516.85,39543.35,0
2025-04-30 12:45:00,39544.2,39549.35,39501.15,39505.3,0
2025-04-30 13:00:00,39505.3,39507.85,39457.8,39481.55,0
2025-04-30 13:15:00,39481.55,39501.0,39446.7,39468.5,0
2025-04-30 13:30:00,39468.95,39550.7,39468.8,39536.7,0
2025-04-30 13:45:00,39536.65,39538.75,39461.2,39474.25,0
2025-04-30 14:00:00,39474.25,39474.6,39382.9,39397.25,0
2025-04-30 14:15:00,39397.25,39400.2,39344.05,39368.05,0
2025-04-30 14:30:00,39368.15,39391.95,39333.75,39346.3,0
2025-04-30 14:45:00,39346.3,39423.9,39345.7,39402.55,0
2025-04-30 15:00:00,39402.55,39456.85,39332.95,39332.95,0
2025-04-30 15:15:00,39332.65,39349.95,39137.05,39166.5,0
2025-05-02 09:15:00,39345.05,39609.4,39286.35,39406.7,0
2025-05-02 09:30:00,39407.2,39614.2,39390.5,39543.35,0
2025-05-02 09:45:00,39543.35,39657.4,39543.05,39653.35,0
2025-05-02 10:00:00,39653.35,39687.5,39583.2,39633.55,0
2025-05-02 10:15:00,39632.2,39667.2,39585.75,39591.85,0
2025-05-02 10:30:00,39592.75,39681.1,39539.1,39656.5,0
2025-05-02 10:45:00,39656.5,39681.75,39515.6,39568.2,0
2025-05-02 11:00:00,39568.2,39607.95,39537.45,39560.1,0
2025-05-02 11:15:00,39560.1,39565.9,39398.2,39443.4,0
2025-05-02 11:30:00,39442.1,39442.1,39316.1,39356.0,0
2025-05-02 11:45:00,39355.75,39437.1,39346.3,39400.2,0
2025-05-02 12:00:00,39398.55,39405.1,39276.55,39299.6,0
2025-05-02 12:15:00,39299.4,39299.4,39093.6,39101.55,0
2025-05-02 12:30:00,39101.55,39185.5,39100.85,39185.0,0
2025-05-02 12:45:00,39185.0,39266.55,39185.0,39205.95,0
2025-05-02 13:00:00,39205.95,39251.55,39180.6,39217.4,0
2025-05-02 13:15:00,39217.4,39344.15,39217.4,39330.25,0
2025-05-02 13:30:00,39329.35,39385.1,39327.55,39360.55,0
2025-05-02 13:45:00,39362.75,39373.2,39313.3,39317.45,0
2025-05-02 14:00:00,39316.8,39339.75,39260.3,39269.6,0
2025-05-02 14:15:00,39269.25,39290.4,39143.9,39145.55,0
2025-05-02 14:30:00,39145.55,39182.35,39087.95,39159.3,0
2025-05-02 14:45:00,39158.8,39255.25,39151.6,39209.6,0
2025-05-02 15:00:00,39209.6,39245.3,39173.05,39188.05,0
2025-05-02 15:15:00,39188.8,39190.3,39102.25,39124.95,0
2025-05-05 09:15:00,39367.45,39499.25,39276.65,39437.9,0
2025-05-05 09:30:00,39438.0,39493.55,39393.55,39452.65,0
2025-05-05 09:45:00,39453.5,39610.15,39446.9,39606.8,0
2025-05-05 10:00:00,39607.5,39639.55,39485.8,39542.65,0
2025-05-05 10:15:00,39542.65,39596.9,39530.45,39539.8,0
2025-05-05 10:30:00,39539.8,39603.3,39539.4,39580.2,0
2025-05-05 10:45:00,39581.85,39607.0,39511.9,39529.4,0
2025-05-05 11:00:00,39529.4,39615.2,39515.5,39608.5,0
2025-05-05 11:15:00,39608.5,39644.45,39603.7,39620.0,0
2025-05-05 11:30:00,39620.25,39641.95,39579.9,39599.1,0
2025-05-05 11:45:00,39599.45,39662.3,39559.15,39659.55,0
2025-05-05 12:00:00,39660.45,39710.8,39654.5,39666.85,0
2025-05-05 12:15:00,39666.85,39691.2,39653.25,39688.95,0
2025-05-05 12:30:00,39688.9,39696.0,39664.1,39673.9,0
2025-05-05 12:45:00,39673.5,39696.5,39651.3,39693.8,0
2025-05-05 13:00:00,39693.8,39716.7,39664.15,39670.55,0
2025-05-05 13:15:00,39670.15,39702.5,39657.3,39689.4,0
2025-05-05 13:30:00,39691.25,39744.75,39689.25,39742.7,0
2025-05-05 13:45:00,39742.7,39777.55,39738.35,39756.9,0
2025-05-05 14:00:00,39756.9,39792.9,39756.0,39765.7,0
2025-05-05 14:15:00,39765.7,39770.45,39745.2,39762.35,0
2025-05-05 14:30:00,39762.35,39798.55,39762.35,39779.9,0
2025-05-05 14:45:00,39779.9,39806.0,39768.5,39798.55,0
2025-05-05 15:00:00,39797.2,39811.85,39762.9,39788.15,0
2025-05-05 15:15:00,39788.15,39851.8,39784.1,39821.35,0
2025-05-06 09:15:00,39949.7,40107.1,39696.8,39784.6,0
2025-05-06 09:30:00,39784.6,39942.55,39740.4,39882.6,0
2025-05-06 09:45:00,39886.45,39889.95,39616.75,39652.25,0
2025-05-06 10:00:00,39652.25,39736.35,39590.5,39666.0,0
2025-05-06 10:15:00,39666.0,39699.2,39583.85,39649.7,0
2025-05-06 10:30:00,39654.0,39683.05,39593.3,39667.5,0
2025-05-06 10:45:00,39669.3,39676.2,39595.3,39652.35,0
2025-05-06 11:00:00,39652.9,39656.5,39558.4,39561.3,0
2025-05-06 11:15:00,39561.3,39561.3,39440.75,39451.75,0
2025-05-06 11:30:00,39451.75,39460.6,39367.3,39370.9,0
2025-05-06 11:45:00,39370.9,39464.9,39353.2,39422.95,0
2025-05-06 12:00:00,39422.95,39453.9,39391.95,39449.85,0
2025-05-06 12:15:00,39449.9,39453.7,39405.85,39415.1,0
2025-05-06 12:30:00,39415.1,39422.9,39371.95,39379.0,0
2025-05-06 12:45:00,39378.85,39416.7,39376.85,39400.2,0
2025-05-06 13:00:00,39400.2,39426.55,39371.65,39411.2,0
2025-05-06 13:15:00,39412.55,39432.6,39383.7,39409.65,0
2025-05-06 13:30:00,39409.65,39437.85,39385.95,39417.75,0
2025-05-06 13:45:00,39417.75,39467.1,39410.8,39456.65,0
2025-05-06 14:00:00,39457.45,39465.15,39317.55,39318.2,0
2025-05-06 14:15:00,39319.55,39321.4,39217.5,39233.3,0
2025-05-06 14:30:00,39233.3,39253.9,39124.55,39154.55,0
2025-05-06 14:45:00,39160.15,39179.45,39045.2,39059.6,0
2025-05-06 15:00:00,39057.9,39158.65,39057.9,39137.55,0
2025-05-06 15:15:00,39137.55,39140.2,38999.4,39010.45,0
2025-05-07 09:15:00,38580.75,39280.3,38571.9,39255.5,0
2025-05-07 09:30:00,39258.6,39399.1,39077.3,39122.45,0
2025-05-07 09:45:00,39122.45,39163.45,38884.8,39099.6,0
2025-05-07 10:00:00,39099.55,39102.7,38899.55,38938.65,0
2025-05-07 10:15:00,38938.65,39106.5,38886.9,39042.5,0
2025-05-07 10:30:00,39043.8,39152.8,39029.75,39084.6,0
2025-05-07 10:45:00,39084.6,39158.55,39017.05,39057.45,0
2025-05-07 11:00:00,39056.0,39230.9,39056.0,39229.8,0
2025-05-07 11:15:00,39229.8,39318.45,39229.05,39265.15,0
2025-05-07 11:30:00,39264.2,39354.0,39259.85,39295.15,0
2025-05-07 11:45:00,39295.9,39297.85,39120.4,39169.2,0
2025-05-07 12:00:00,39169.2,39232.75,39141.2,39202.65,0
2025-05-07 12:15:00,39201.55,39235.5,39185.1,39214.65,0
2025-05-07 12:30:00,39215.2,39244.95,39203.95,39232.65,0
2025-05-07 12:45:00,39231.95,39249.7,39173.05,39176.1,0
2025-05-07 13:00:00,39175.05,39176.25,39088.05,39120.7,0
2025-05-07 13:15:00,39120.7,39179.1,39117.4,39118.45,0
2025-05-07 13:30:00,39118.8,39134.35,39045.5,39067.85,0
2025-05-07 13:45:00,39069.0,39071.05,39011.05,39047.55,0
2025-05-07 14:00:00,39048.9,39160.8,39046.85,39129.05,0
2025-05-07 14:15:00,39126.45,39145.05,39024.6,39090.95,0
2025-05-07 14:30:00,39090.15,39156.05,39084.05,39125.9,0
2025-05-07 14:45:00,39125.9,39161.3,39105.35,39143.35,0
2025-05-07 15:00:00,39143.35,39216.75,39141.0,39190.15,0
2025-05-07 15:15:00,39189.7,39244.65,39189.7,39210.45,0
2025-05-08 09:15:00,39312.95,39390.7,39160.5,39283.85,0
2025-05-08 09:30:00,39283.85,39447.25,39242.55,39394.0,0
2025-05-08 09:45:00,39399.2,39402.45,39286.0,39370.6,0
2025-05-08 10:00:00,39370.95,39495.45,39370.85,39481.75,0
2025-05-08 10:15:00,39483.3,39520.7,39473.75,39500.75,0
2025-05-08 10:30:00,39500.75,39501.1,39410.5,39412.9,0
2025-05-08 10:45:00,39412.35,39422.3,39341.5,39396.3,0
2025-05-08 11:00:00,39397.0,39421.6,39378.05,39394.7,0
2025-05-08 11:15:00,39394.85,39456.95,39387.05,39448.7,0
2025-05-08 11:30:00,39448.0,39462.45,39415.7,39435.8,0
2025-05-08 11:45:00,39436.35,39477.6,39435.9,39459.4,0
2025-05-08 12:00:00,39460.3,39479.15,39454.4,39477.05,0
2025-05-08 12:15:00,39477.05,39510.65,39468.15,39474.2,0
2025-05-08 12:30:00,39474.2,39496.6,39436.1,39438.4,0
2025-05-08 12:45:00,39438.35,39439.45,39322.5,39403.3,0
2025-05-08 13:00:00,39403.1,39403.15,39312.1,39325.35,0
2025-05-08 13:15:00,39325.35,39326.1,39208.5,39254.55,0
2025-05-08 13:30:00,39254.55,39257.8,39097.85,39103.95,0
2025-05-08 13:45:00,39106.4,39175.0,39042.2,39053.35,0
2025-05-08 14:00:00,39053.35,39079.2,38981.3,38985.55,0
2025-05-08 14:15:00,38985.55,39132.55,38975.0,39129.15,0
2025-05-08 14:30:00,39129.15,39135.5,39043.2,39078.85,0
2025-05-08 14:45:00,39078.15,39078.7,38799.8,38809.95,0
2025-05-08 15:00:00,38809.95,38889.9,38771.25,38829.45,0
2025-05-08 15:15:00,38829.45,38829.8,38548.4,38552.25,0
2025-05-09 09:15:00,37997.7,38604.55,37991.2,38355.9,0
2025-05-09 09:30:00,38355.9,38648.3,38352.5,38587.3,0
2025-05-09 09:45:00,38587.3,38635.1,38321.65,38323.75,0
2025-05-09 10:00:00,38320.9,38477.55,38224.2,38475.65,0
2025-05-09 10:15:00,38476.05,38522.95,38436.55,38462.85,0
2025-05-09 10:30:00,38462.85,38471.6,38365.3,38367.15,0
2025-05-09 10:45:00,38368.6,38404.15,38336.6,38366.15,0
2025-05-09 11:00:00,38366.15,38468.75,38366.15,38434.3,0
2025-05-09 11:15:00,38434.3,38564.6,38390.05,38560.8,0
2025-05-09 11:30:00,38562.3,38661.0,38556.7,38583.85,0
2025-05-09 11:45:00,38579.2,38642.85,38505.25,38641.05,0
2025-05-09 12:00:00,38641.05,38667.0,38575.5,38655.35,0
2025-05-09 12:15:00,38657.85,38694.95,38569.85,38690.65,0
2025-05-09 12:30:00,38690.8,38690.8,38591.7,38595.5,0
2025-05-09 12:45:00,38594.8,38691.2,38584.7,38654.55,0
2025-05-09 13:00:00,38656.15,38662.75,38554.2,38609.55,0
2025-05-09 13:15:00,38609.55,38660.6,38519.75,38519.75,0
2025-05-09 13:30:00,38521.3,38606.75,38510.25,38582.8,0
2025-05-09 13:45:00,38581.95,38664.95,38563.0,38608.45,0
2025-05-09 14:00:00,38608.45,38684.2,38604.05,38666.75,0
2025-05-09 14:15:00,38666.75,38721.7,38556.6,38568.6,0
2025-05-09 14:30:00,38568.6,38673.8,38565.75,38661.1,0
2025-05-09 14:45:00,38661.1,38777.55,38661.1,38735.2,0
2025-05-09 15:00:00,38739.75,38771.65,38712.75,38736.95,0
2025-05-09 15:15:00,38736.95,38825.5,38733.85,38818.8,0
2025-05-12 09:15:00,39850.0,39857.35,39695.25,39746.05,0
2025-05-12 09:30:00,39748.8,39893.2,39718.7,39757.25,0
2025-05-12 09:45:00,39757.25,39980.4,39757.25,39964.55,0
2025-05-12 10:00:00,39962.05,40041.3,39936.45,39952.6,0
2025-05-12 10:15:00,39951.55,40082.0,39951.55,40024.25,0
2025-05-12 10:30:00,40024.25,40069.6,39941.0,39986.05,0
2025-05-12 10:45:00,39986.05,39992.3,39921.7,39934.15,0
2025-05-12 11:00:00,39934.95,40013.8,39934.95,39993.5,0
2025-05-12 11:15:00,39993.5,40043.7,39988.1,40031.8,0
2025-05-12 11:30:00,40031.8,40055.15,40018.45,40045.85,0
2025-05-12 11:45:00,40045.85,40048.85,40006.6,40008.8,0
2025-05-12 12:00:00,40008.75,40048.1,40005.1,40036.85,0
2025-05-12 12:15:00,40036.85,40043.8,39982.5,40012.15,0
2025-05-12 12:30:00,40010.75,40118.15,40010.4,40065.25,0
2025-05-12 12:45:00,40065.25,40095.3,40013.3,40093.6,0
2025-05-12 13:00:00,40094.0,40154.5,40075.8,40139.7,0
2025-05-12 13:15:00,40141.25,40203.4,40140.95,40181.55,0
2025-05-12 13:30:00,40181.65,40237.2,40181.65,40227.55,0
2025-05-12 13:45:00,40228.35,40276.4,40228.25,40249.35,0
2025-05-12 14:00:00,40249.35,40341.15,40245.5,40339.8,0
2025-05-12 14:15:00,40341.2,40359.7,40323.25,40345.8,0
2025-05-12 14:30:00,40345.8,40365.85,40308.1,40340.3,0
2025-05-12 14:45:00,40340.8,40434.8,40336.1,40428.05,0
2025-05-12 15:00:00,40428.05,40448.2,40377.5,40381.3,0
2025-05-12 15:15:00,40381.3,40391.55,40362.45,40368.9,0
2025-05-13 09:15:00,40494.45,40601.8,40407.45,40489.95,0
2025-05-13 09:30:00,40486.3,40604.9,40349.65,40538.6,0
2025-05-13 09:45:00,40535.45,40588.65,40472.45,40521.65,0
2025-05-13 10:00:00,40521.65,40666.45,40505.45,40661.15,0
2025-05-13 10:15:00,40661.15,40686.25,40532.3,40533.5,0
2025-05-13 10:30:00,40533.5,40669.75,40521.2,40659.1,0
2025-05-13 10:45:00,40662.4,40717.25,40637.65,40713.4,0
2025-05-13 11:00:00,40713.4,40748.55,40649.6,40696.15,0
2025-05-13 11:15:00,40696.15,40752.85,40661.55,40710.55,0
2025-05-13 11:30:00,40710.55,40745.2,40682.1,40720.3,0
2025-05-13 11:45:00,40720.65,40754.6,40705.75,40751.15,0
2025-05-13 12:00:00,40748.7,40776.4,40712.2,40769.5,0
2025-05-13 12:15:00,40769.45,40777.95,40702.6,40714.25,0
2025-05-13 12:30:00,40712.75,40729.05,40660.4,40676.8,0
2025-05-13 12:45:00,40676.8,40687.0,40562.45,40570.5,0
2025-05-13 13:00:00,40568.1,40645.8,40560.6,40627.7,0
2025-05-13 13:15:00,40628.7,40640.8,40549.6,40551.35,0
2025-05-13 13:30:00,40551.45,40573.4,40525.95,40571.05,0
2025-05-13 13:45:00,40571.05,40582.45,40503.3,40505.45,0
2025-05-13 14:00:00,40505.45,40568.95,40491.3,40546.9,0
2025-05-13 14:15:00,40544.25,40561.25,40487.25,40522.0,0
2025-05-13 14:30:00,40524.8,40554.45,40514.85,40535.25,0
2025-05-13 14:45:00,40535.25,40610.55,40535.25,40592.2,0
2025-05-13 15:00:00,40592.65,40600.95,40501.8,40502.55,0
2025-05-13 15:15:00,40502.55,40538.15,40496.55,40536.15,0
2025-05-14 09:15:00,40742.95,40867.9,40509.1,40801.0,0
2025-05-14 09:30:00,40803.45,40870.5,40770.9,40867.15,0
2025-05-14 09:45:00,40868.4,40906.75,40809.7,40859.05,0
2025-05-14 10:00:00,40861.5,40901.15,40803.8,40900.75,0
2025-05-14 10:15:00,40899.8,40942.7,40883.25,40915.9,0
2025-05-14 10:30:00,40915.9,40978.1,40890.85,40960.05,0
2025-05-14 10:45:00,40960.05,40962.9,40855.05,40857.65,0
2025-05-14 11:00:00,40857.65,40925.7,40856.25,40906.5,0
2025-05-14 11:15:00,40906.5,40941.3,40878.6,40931.75,0
2025-05-14 11:30:00,40931.75,40934.5,40826.6,40831.6,0
2025-05-14 11:45:00,40832.3,40834.45,40719.65,40789.95,0
2025-05-14 12:00:00,40789.3,40826.8,40776.8,40824.45,0
2025-05-14 12:15:00,40825.35,40841.3,40804.35,40810.8,0
2025-05-14 12:30:00,40810.95,40843.25,40722.7,40788.55,0
2025-05-14 12:45:00,40788.55,40791.25,40659.9,40715.35,0
2025-05-14 13:00:00,40716.7,40872.55,40714.4,40851.35,0
2025-05-14 13:15:00,40851.35,40871.4,40727.8,40832.55,0
2025-05-14 13:30:00,40832.3,40896.65,40827.05,40840.9,0
2025-05-14 13:45:00,40840.9,40856.6,40811.55,40833.7,0
2025-05-14 14:00:00,40834.3,40839.3,40777.4,40798.2,0
2025-05-14 14:15:00,40798.2,40879.75,40790.9,40816.75,0
2025-05-14 14:30:00,40816.8,40886.55,40774.0,40837.85,0
2025-05-14 14:45:00,40837.85,40868.15,40824.9,40852.0,0
2025-05-14 15:00:00,40851.05,40953.7,40848.7,40944.75,0
2025-05-14 15:15:00,40944.15,41010.65,40924.1,40998.95,0
2025-05-15 09:15:00,41157.55,41179.8,41022.2,41164.35,0
2025-05-15 09:30:00,41164.35,41186.75,41028.85,41044.35,0
2025-05-15 09:45:00,41044.35,41093.05,40940.45,40969.35,0
2025-05-15 10:00:00,40971.75,41013.0,40927.2,40977.35,0
2025-05-15 10:15:00,40976.5,41024.4,40927.65,41011.1,0
2025-05-15 10:30:00,41008.15,41160.75,41007.3,41133.3,0
2025-05-15 10:45:00,41131.0,41223.6,41091.45,41212.05,0
2025-05-15 11:00:00,41212.05,41218.2,41073.9,41099.3,0
2025-05-15 11:15:00,41101.0,41189.45,41089.65,41142.95,0
2025-05-15 11:30:00,41142.95,41159.1,41094.9,41126.3,0
2025-05-15 11:45:00,41126.3,41163.4,41121.9,41122.4,0
2025-05-15 12:00:00,41122.4,41184.05,41109.0,41154.4,0
2025-05-15 12:15:00,41151.8,41200.6,41099.75,41116.6,0
2025-05-15 12:30:00,41116.15,41183.95,41103.2,41133.65,0
2025-05-15 12:45:00,41134.15,41166.25,41106.3,41158.75,0
2025-05-15 13:00:00,41159.3,41304.35,41159.3,41301.45,0
2025-05-15 13:15:00,41302.35,41327.3,41251.2,41306.7,0
2025-05-15 13:30:00,41306.7,41395.45,41306.7,41373.7,0
2025-05-15 13:45:00,41373.7,41467.3,41372.9,41451.4,0
2025-05-15 14:00:00,41449.3,41479.3,41410.2,41470.2,0
2025-05-15 14:15:00,41470.1,41527.4,41465.0,41521.7,0
2025-05-15 14:30:00,41521.85,41556.1,41485.65,41556.1,0
2025-05-15 14:45:00,41553.6,41622.95,41534.45,41619.35,0
2025-05-15 15:00:00,41619.35,41623.6,41576.5,41589.8,0
2025-05-15 15:15:00,41590.0,41632.15,41579.55,41587.45,0
2025-05-16 09:15:00,41730.1,41920.65,41532.6,41912.4,0
2025-05-16 09:30:00,41911.35,41961.55,41835.05,41933.7,0
2025-05-16 09:45:00,41934.5,41969.05,41872.4,41874.25,0
2025-05-16 10:00:00,41874.25,41985.25,41874.05,41898.75,0
2025-05-16 10:15:00,41898.6,41969.65,41885.8,41908.9,0
2025-05-16 10:30:00,41908.9,42002.85,41906.5,41962.8,0
2025-05-16 10:45:00,41962.8,42054.55,41934.25,42025.75,0
2025-05-16 11:00:00,42027.5,42030.45,41952.1,42003.45,0
2025-05-16 11:15:00,42003.75,42045.0,41983.45,41985.55,0
2025-05-16 11:30:00,41985.55,42069.75,41976.15,42057.35,0
2025-05-16 11:45:00,42056.3,42094.7,42040.55,42045.65,0
2025-05-16 12:00:00,42045.65,42156.85,42045.2,42133.85,0
2025-05-16 12:15:00,42134.5,42227.5,42120.2,42227.5,0
2025-05-16 12:30:00,42226.6,42242.55,42188.45,42188.5,0
2025-05-16 12:45:00,42188.85,42222.4,42148.3,42149.65,0
2025-05-16 13:00:00,42149.65,42197.2,42149.65,42194.15,0
2025-05-16 13:15:00,42192.35,42260.6,42170.85,42246.4,0
2025-05-16 13:30:00,42246.4,42246.75,42175.05,42198.7,0
2025-05-16 13:45:00,42198.7,42266.3,42192.8,42243.55,0
2025-05-16 14:00:00,42244.7,42285.6,42236.8,42271.8,0
2025-05-16 14:15:00,42271.8,42278.9,42181.25,42183.65,0
2025-05-16 14:30:00,42183.1,42185.35,42125.15,42139.55,0
2025-05-16 14:45:00,42139.55,42167.35,42129.25,42157.5,0
2025-05-16 15:00:00,42156.8,42269.15,42156.8,42254.15,0
2025-05-16 15:15:00,42255.55,42261.45,42225.95,42239.35,0
2025-05-19 09:15:00,42391.8,42462.25,42177.05,42344.25,0
2025-05-19 09:30:00,42347.45,42394.65,42026.6,42124.05,0
2025-05-19 09:45:00,42127.0,42183.7,42063.8,42174.25,0
2025-05-19 10:00:00,42174.25,42308.55,42152.45,42281.4,0
2025-05-19 10:15:00,42281.4,42327.5,42215.55,42253.75,0
2025-05-19 10:30:00,42251.6,42289.85,42241.25,42247.15,0
2025-05-19 10:45:00,42247.15,42322.65,42234.15,42317.85,0
2025-05-19 11:00:00,42316.45,42373.5,42304.4,42318.1,0
2025-05-19 11:15:00,42318.1,42335.45,42253.45,42275.55,0
2025-05-19 11:30:00,42276.45,42300.15,42242.95,42290.4,0
2025-05-19 11:45:00,42290.75,42309.55,42256.8,42282.65,0
2025-05-19 12:00:00,42282.65,42288.85,42241.0,42247.25,0
2025-05-19 12:15:00,42247.25,42299.75,42217.4,42297.75,0
2025-05-19 12:30:00,42298.15,42311.05,42252.5,42294.5,0
2025-05-19 12:45:00,42294.45,42325.35,42285.9,42318.5,0
2025-05-19 13:00:00,42319.5,42319.75,42257.35,42285.8,0
2025-05-19 13:15:00,42285.8,42285.8,42238.5,42256.8,0
2025-05-19 13:30:00,42254.5,42281.9,42248.7,42269.7,0
2025-05-19 13:45:00,42269.7,42278.55,42245.3,42250.4,0
2025-05-19 14:00:00,42250.4,42250.4,42167.5,42196.75,0
2025-05-19 14:15:00,42196.75,42256.6,42185.85,42219.15,0
2025-05-19 14:30:00,42219.35,42235.25,42183.4,42197.4,0
2025-05-19 14:45:00,42197.4,42198.65,42142.0,42169.4,0
2025-05-19 15:00:00,42169.4,42237.7,42169.4,42219.85,0
2025-05-19 15:15:00,42217.45,42223.15,42168.2,42203.0,0
2025-05-20 09:15:00,42473.25,42473.25,41986.7,42063.05,0
2025-05-20 09:30:00,42063.05,42232.25,41960.75,42173.45,0
2025-05-20 09:45:00,42171.7,42175.45,42001.35,42145.45,0
2025-05-20 10:00:00,42145.45,42230.35,42109.85,42177.95,0
2025-05-20 10:15:00,42177.95,42190.15,42114.1,42131.3,0
2025-05-20 10:30:00,42131.3,42216.15,42128.6,42197.6,0
2025-05-20 10:45:00,42195.95,42242.6,42162.8,42201.75,0
2025-05-20 11:00:00,42201.75,42259.3,42186.7,42239.7,0
2025-05-20 11:15:00,42239.7,42242.85,42145.65,42168.85,0
2025-05-20 11:30:00,42168.85,42177.55,42081.55,42092.2,0
2025-05-20 11:45:00,42091.1,42116.55,42028.25,42089.45,0
2025-05-20 12:00:00,42090.15,42124.4,42071.4,42074.95,0
2025-05-20 12:15:00,42074.55,42112.75,42064.3,42104.4,0
2025-05-20 12:30:00,42104.4,42144.35,42089.25,42094.65,0
2025-05-20 12:45:00,42095.75,42100.8,41949.05,41955.25,0
2025-05-20 13:00:00,41954.4,42062.45,41954.4,42050.9,0
2025-05-20 13:15:00,42051.55,42102.85,42015.75,42095.4,0
2025-05-20 13:30:00,42095.4,42106.55,41969.6,41988.1,0
2025-05-20 13:45:00,41988.1,42034.2,41962.05,41985.25,0
2025-05-20 14:00:00,41983.95,41985.7,41820.25,41832.1,0
2025-05-20 14:15:00,41832.6,41854.2,41725.0,41736.25,0
2025-05-20 14:30:00,41736.45,41771.85,41628.5,41644.1,0
2025-05-20 14:45:00,41644.1,41801.65,41632.25,41666.85,0
2025-05-20 15:00:00,41666.85,41715.15,41592.35,41681.55,0
2025-05-20 15:15:00,41680.9,41763.35,41658.85,41763.35,0
2025-05-21 09:15:00,41790.1,41800.25,41420.55,41516.9,0
2025-05-21 09:30:00,41516.15,41837.3,41450.4,41764.6,0
2025-05-21 09:45:00,41764.6,41875.15,41741.55,41772.75,0
2025-05-21 10:00:00,41772.75,41991.2,41772.75,41981.15,0
2025-05-21 10:15:00,41979.5,42079.3,41978.05,42042.55,0
2025-05-21 10:30:00,42042.55,42113.75,42042.55,42057.15,0
2025-05-21 10:45:00,42055.35,42085.95,42034.35,42034.35,0
2025-05-21 11:00:00,42034.35,42058.85,41915.4,42015.45,0
2025-05-21 11:15:00,42016.15,42063.35,41941.55,41959.7,0
2025-05-21 11:30:00,41960.0,41969.1,41868.9,41923.85,0
2025-05-21 11:45:00,41923.85,41929.5,41840.85,41916.25,0
2025-05-21 12:00:00,41916.4,41920.5,41727.4,41736.25,0
2025-05-21 12:15:00,41739.95,41817.75,41656.1,41813.45,0
2025-05-21 12:30:00,41813.45,41938.55,41813.45,41932.6,0
2025-05-21 12:45:00,41932.6,41957.5,41879.6,41931.6,0
2025-05-21 13:00:00,41931.6,41984.7,41920.2,41975.75,0
2025-05-21 13:15:00,41975.75,42029.05,41947.2,41947.2,0
2025-05-21 13:30:00,41946.65,42019.0,41931.6,41944.2,0
2025-05-21 13:45:00,41943.9,42014.05,41943.3,41985.35,0
2025-05-21 14:00:00,41984.35,42007.75,41927.25,42007.15,0
2025-05-21 14:15:00,42007.15,42047.9,41987.65,42014.95,0
2025-05-21 14:30:00,42016.25,42042.15,41980.95,41996.85,0
2025-05-21 14:45:00,41996.85,42040.35,41994.0,42030.85,0
2025-05-21 15:00:00,42032.25,42130.25,42032.15,42090.0,0
2025-05-21 15:15:00,42090.65,42097.45,42041.25,42061.1,0
2025-05-22 09:15:00,41973.6,41974.0,41663.35,41788.05,0
2025-05-22 09:30:00,41788.05,41858.9,41728.95,41837.1,0
2025-05-22 09:45:00,41836.3,41967.65,41773.3,41967.65,0
2025-05-22 10:00:00,41966.25,41971.3,41875.5,41958.2,0
2025-05-22 10:15:00,41958.2,42010.9,41926.2,41940.5,0
2025-05-22 10:30:00,41940.3,41965.75,41888.15,41929.65,0
2025-05-22 10:45:00,41928.8,41944.65,41898.9,41928.35,0
2025-05-22 11:00:00,41928.35,41928.35,41799.85,41799.85,0
2025-05-22 11:15:00,41799.85,41822.35,41751.3,41821.7,0
2025-05-22 11:30:00,41820.2,41824.05,41754.4,41802.0,0
2025-05-22 11:45:00,41802.15,41865.45,41790.85,41865.4,0
2025-05-22 12:00:00,41865.4,41901.8,41860.75,41868.4,0
2025-05-22 12:15:00,41868.4,41885.15,41836.75,41837.45,0
2025-05-22 12:30:00,41837.45,41857.6,41826.35,41841.75,0
2025-05-22 12:45:00,41841.6,41842.5,41733.4,41756.35,0
2025-05-22 13:00:00,41756.35,41825.8,41745.85,41816.85,0
2025-05-22 13:15:00,41816.85,41891.2,41798.55,41887.75,0
2025-05-22 13:30:00,41887.7,41891.8,41814.95,41826.55,0
2025-05-22 13:45:00,41825.75,41860.4,41821.45,41832.15,0
2025-05-22 14:00:00,41832.15,41835.3,41804.4,41809.9,0
2025-05-22 14:15:00,41809.9,41809.9,41676.65,41686.6,0
2025-05-22 14:30:00,41686.85,41790.7,41647.9,41785.4,0
2025-05-22 14:45:00,41785.15,41876.7,41731.05,41849.95,0
2025-05-22 15:00:00,41849.2,41909.35,41833.8,41885.05,0
2025-05-22 15:15:00,41885.05,41955.95,41863.05,41939.7,0
2025-05-23 09:15:00,42071.7,42186.5,41883.8,42128.45,0
2025-05-23 09:30:00,42126.1,42190.55,42084.3,42114.1,0
2025-05-23 09:45:00,42111.15,42125.15,42034.7,42123.5,0
2025-05-23 10:00:00,42123.5,42193.0,42075.05,42104.6,0
2025-05-23 10:15:00,42106.45,42122.05,42013.2,42084.65,0
2025-05-23 10:30:00,42084.65,42153.8,42040.0,42147.4,0
2025-05-23 10:45:00,42145.9,42198.95,42133.35,42167.4,0
2025-05-23 11:00:00,42167.4,42192.9,42131.9,42153.75,0
2025-05-23 11:15:00,42153.7,42155.7,42106.55,42119.7,0
2025-05-23 11:30:00,42120.1,42134.3,42068.3,42085.05,0
2025-05-23 11:45:00,42085.05,42106.3,42044.2,42100.2,0
2025-05-23 12:00:00,42100.2,42137.4,42087.25,42105.15,0
2025-05-23 12:15:00,42105.15,42125.7,42089.8,42117.6,0
2025-05-23 12:30:00,42116.85,42116.85,42074.9,42091.2,0
2025-05-23 12:45:00,42089.95,42118.8,42089.95,42108.05,0
2025-05-23 13:00:00,42108.05,42132.05,42100.25,42122.5,0
2025-05-23 13:15:00,42122.5,42131.45,42109.0,42111.15,0
2025-05-23 13:30:00,42111.15,42130.7,42047.25,42063.0,0
2025-05-23 13:45:00,42063.75,42098.95,42020.5,42090.65,0
2025-05-23 14:00:00,42090.65,42113.35,42065.0,42076.45,0
2025-05-23 14:15:00,42076.45,42138.85,42059.7,42132.35,0
2025-05-23 14:30:00,42132.35,42137.25,42070.0,42072.95,0
2025-05-23 14:45:00,42070.0,42086.0,42042.0,42078.5,0
2025-05-23 15:00:00,42078.5,42091.8,42031.2,42031.35,0
2025-05-23 15:15:00,42032.35,42036.3,41994.1,42006.75,0
2025-05-26 09:15:00,42191.55,42350.15,42170.15,42241.55,0
2025-05-26 09:30:00,42240.85,42304.95,42231.45,42273.65,0
2025-05-26 09:45:00,42273.8,42317.1,42251.3,42316.4,0
2025-05-26 10:00:00,42316.4,42327.95,42258.6,42324.55,0
2025-05-26 10:15:00,42326.7,42334.85,42240.6,42281.65,0
2025-05-26 10:30:00,42281.65,42323.25,42245.55,42306.9,0
2025-05-26 10:45:00,42306.1,42329.85,42267.05,42300.05,0
2025-05-26 11:00:00,42300.05,42310.55,42271.95,42296.85,0
2025-05-26 11:15:00,42296.85,42375.45,42296.85,42367.4,0
2025-05-26 11:30:00,42367.4,42400.45,42357.35,42386.5,0
2025-05-26 11:45:00,42386.5,42397.55,42369.35,42377.55,0
2025-05-26 12:00:00,42377.8,42391.25,42359.7,42370.7,0
2025-05-26 12:15:00,42370.7,42397.8,42347.85,42395.05,0
2025-05-26 12:30:00,42395.05,42398.95,42361.3,42362.55,0
2025-05-26 12:45:00,42362.55,42376.85,42326.45,42355.05,0
2025-05-26 13:00:00,42355.35,42381.85,42348.7,42371.4,0
2025-05-26 13:15:00,42371.4,42381.75,42354.75,42370.8,0
2025-05-26 13:30:00,42370.8,42395.25,42366.7,42385.65,0
2025-05-26 13:45:00,42385.65,42391.35,42363.8,42369.85,0
2025-05-26 14:00:00,42370.2,42395.8,42360.9,42387.3,0
2025-05-26 14:15:00,42386.25,42392.25,42351.55,42365.65,0
2025-05-26 14:30:00,42366.75,42405.35,42356.2,42390.95,0
2025-05-26 14:45:00,42390.95,42403.8,42365.75,42381.2,0
2025-05-26 15:00:00,42381.2,42407.9,42375.7,42384.4,0
2025-05-26 15:15:00,42382.85,42389.3,42363.0,42381.15,0
2025-05-27 09:15:00,42453.5,42483.65,42287.45,42365.3,0
2025-05-27 09:30:00,42366.6,42457.35,42289.9,42438.55,0
2025-05-27 09:45:00,42438.55,42442.25,42315.75,42319.45,0
2025-05-27 10:00:00,42319.45,42393.15,42303.5,42388.4,0
2025-05-27 10:15:00,42389.4,42389.4,42327.15,42330.5,0
2025-05-27 10:30:00,42330.5,42355.85,42321.65,42326.35,0
2025-05-27 10:45:00,42327.3,42396.55,42312.05,42385.65,0
2025-05-27 11:00:00,42386.4,42415.2,42340.85,42397.9,0
2025-05-27 11:15:00,42397.9,42489.55,42378.7,42484.4,0
2025-05-27 11:30:00,42486.0,42521.1,42433.95,42455.7,0
2025-05-27 11:45:00,42456.1,42467.75,42425.85,42431.75,0
2025-05-27 12:00:00,42431.75,42464.7,42419.8,42436.3,0
2025-05-27 12:15:00,42436.3,42445.2,42354.85,42379.65,0
2025-05-27 12:30:00,42379.65,42423.6,42363.95,42422.35,0
2025-05-27 12:45:00,42422.6,42436.6,42388.25,42403.15,0
2025-05-27 13:00:00,42403.15,42407.35,42376.0,42384.75,0
2025-05-27 13:15:00,42384.75,42388.85,42351.2,42378.45,0
2025-05-27 13:30:00,42378.45,42381.05,42356.6,42371.25,0
2025-05-27 13:45:00,42372.7,42382.0,42304.0,42304.0,0
2025-05-27 14:00:00,42304.0,42330.3,42285.15,42303.55,0
2025-05-27 14:15:00,42303.55,42312.35,42227.55,42291.1,0
2025-05-27 14:30:00,42291.4,42349.15,42286.35,42331.05,0
2025-05-27 14:45:00,42331.05,42374.05,42317.3,42368.45,0
2025-05-27 15:00:00,42372.6,42403.05,42368.5,42389.6,0
2025-05-27 15:15:00,42387.95,42392.0,42357.4,42364.85,0
2025-05-28 09:15:00,42545.8,42601.3,42449.9,42469.45,0
2025-05-28 09:30:00,42469.9,42505.15,42425.95,42493.95,0
2025-05-28 09:45:00,42493.95,42499.45,42346.65,42415.25,0
2025-05-28 10:00:00,42415.25,42423.2,42374.45,42408.1,0
2025-05-28 10:15:00,42407.9,42423.75,42340.65,42401.85,0
2025-05-28 10:30:00,42401.85,42418.45,42371.85,42407.4,0
2025-05-28 10:45:00,42407.4,42496.4,42407.4,42474.8,0
2025-05-28 11:00:00,42474.8,42521.6,42471.1,42501.95,0
2025-05-28 11:15:00,42501.95,42537.3,42491.6,42530.95,0
2025-05-28 11:30:00,42528.85,42546.45,42497.05,42526.55,0
2025-05-28 11:45:00,42524.45,42555.75,42516.15,42543.8,0
2025-05-28 12:00:00,42544.0,42559.2,42515.55,42534.95,0
2025-05-28 12:15:00,42534.95,42537.0,42499.1,42521.1,0
2025-05-28 12:30:00,42520.6,42525.75,42480.75,42505.05,0
2025-05-28 12:45:00,42504.6,42548.05,42495.3,42509.5,0
2025-05-28 13:00:00,42510.1,42539.2,42501.45,42502.85,0
2025-05-28 13:15:00,42502.2,42511.1,42486.15,42498.85,0
2025-05-28 13:30:00,42498.85,42511.8,42460.0,42485.85,0
2025-05-28 13:45:00,42485.85,42487.1,42441.6,42473.55,0
2025-05-28 14:00:00,42474.25,42498.4,42460.6,42479.65,0
2025-05-28 14:15:00,42478.4,42502.0,42460.65,42461.65,0
2025-05-28 14:30:00,42461.95,42486.45,42444.8,42456.4,0
2025-05-28 14:45:00,42455.9,42464.65,42435.3,42442.9,0
2025-05-28 15:00:00,42442.9,42455.35,42407.1,42411.8,0
2025-05-28 15:15:00,42409.65,42414.95,42372.2,42389.1,0
2025-05-29 09:15:00,42575.15,42666.0,42544.2,42559.1,0
2025-05-29 09:30:00,42559.6,42594.8,42499.05,42526.7,0
2025-05-29 09:45:00,42528.7,42537.15,42434.2,42490.75,0
2025-05-29 10:00:00,42490.75,42547.1,42473.8,42490.05,0
2025-05-29 10:15:00,42490.05,42501.25,42441.85,42441.85,0
2025-05-29 10:30:00,42441.85,42448.65,42398.35,42408.0,0
2025-05-29 10:45:00,42408.4,42503.8,42403.35,42478.7,0
2025-05-29 11:00:00,42478.75,42484.9,42418.95,42464.1,0
2025-05-29 11:15:00,42464.1,42487.0,42462.75,42478.55,0
2025-05-29 11:30:00,42480.35,42525.35,42466.85,42515.5,0
2025-05-29 11:45:00,42515.6,42532.35,42495.75,42502.3,0
2025-05-29 12:00:00,42503.2,42531.0,42501.5,42511.25,0
2025-05-29 12:15:00,42511.25,42546.45,42509.85,42541.1,0
2025-05-29 12:30:00,42541.1,42546.7,42464.05,42485.5,0
2025-05-29 12:45:00,42487.65,42536.7,42484.2,42535.65,0
2025-05-29 13:00:00,42534.85,42560.05,42531.9,42545.55,0
2025-05-29 13:15:00,42545.4,42563.0,42527.5,42540.7,0
2025-05-29 13:30:00,42540.6,42556.7,42512.25,42526.25,0
2025-05-29 13:45:00,42525.55,42539.8,42519.75,42527.35,0
2025-05-29 14:00:00,42526.45,42531.3,42483.9,42487.7,0
2025-05-29 14:15:00,42487.25,42522.0,42480.9,42493.05,0
2025-05-29 14:30:00,42491.9,42522.7,42488.55,42499.05,0
2025-05-29 14:45:00,42499.05,42511.25,42485.45,42499.25,0
2025-05-29 15:00:00,42500.9,42594.35,42500.9,42585.8,0
2025-05-29 15:15:00,42585.8,42639.45,42574.9,42624.3,0
2025-05-30 09:15:00,42520.35,42592.9,42393.85,42513.9,0
2025-05-30 09:30:00,42513.9,42547.3,42442.5,42535.55,0
2025-05-30 09:45:00,42535.55,42545.05,42457.65,42470.15,0
2025-05-30 10:00:00,42470.25,42479.0,42405.4,42414.2,0
2025-05-30 10:15:00,42414.2,42423.85,42363.25,42384.3,0
2025-05-30 10:30:00,42384.8,42384.8,42293.4,42331.1,0
2025-05-30 10:45:00,42330.35,42372.8,42285.65,42367.55,0
2025-05-30 11:00:00,42367.55,42397.3,42363.1,42377.3,0
2025-05-30 11:15:00,42376.45,42423.6,42374.65,42408.95,0
2025-05-30 11:30:00,42408.2,42438.1,42369.35,42373.75,0
2025-05-30 11:45:00,42372.95,42387.35,42352.7,42378.8,0
2025-05-30 12:00:00,42378.8,42380.55,42328.45,42341.0,0
2025-05-30 12:15:00,42341.0,42369.7,42329.7,42349.65,0
2025-05-30 12:30:00,42349.65,42349.65,42304.55,42306.3,0
2025-05-30 12:45:00,42307.9,42353.95,42307.9,42324.4,0
2025-05-30 13:00:00,42324.4,42331.9,42300.0,42328.65,0
2025-05-30 13:15:00,42328.65,42330.45,42298.35,42312.6,0
2025-05-30 13:30:00,42312.6,42352.1,42310.25,42318.65,0
2025-05-30 13:45:00,42318.65,42322.0,42276.35,42299.25,0
2025-05-30 14:00:00,42299.25,42313.4,42260.65,42266.2,0
2025-05-30 14:15:00,42265.5,42287.5,42256.65,42271.7,0
2025-05-30 14:30:00,42271.4,42310.55,42268.95,42301.5,0
2025-05-30 14:45:00,42301.5,42324.1,42279.5,42307.4,0
2025-05-30 15:00:00,42308.9,42331.75,42193.15,42195.8,0
2025-05-30 15:15:00,42195.8,42198.15,42118.8,42128.75,0
2025-06-02 09:15:00,42205.8,42222.8,41977.55,42105.1,0
2025-06-02 09:30:00,42105.1,42156.2,42065.15,42119.5,0
2025-06-02 09:45:00,42120.6,42153.7,42098.5,42149.4,0
2025-06-02 10:00:00,42149.4,42185.5,42099.85,42111.25,0
2025-06-02 10:15:00,42113.5,42113.5,42014.75,42067.15,0
2025-06-02 10:30:00,42067.15,42098.8,42028.45,42089.85,0
2025-06-02 10:45:00,42089.85,42114.7,42058.8,42100.2,0
2025-06-02 11:00:00,42100.25,42137.8,42096.7,42127.6,0
2025-06-02 11:15:00,42127.6,42171.8,42118.85,42129.25,0
2025-06-02 11:30:00,42131.9,42186.25,42130.05,42171.65,0
2025-06-02 11:45:00,42171.65,42192.45,42163.05,42166.0,0
2025-06-02 12:00:00,42168.4,42172.3,42142.1,42169.65,0
2025-06-02 12:15:00,42169.65,42201.15,42155.65,42199.0,0
2025-06-02 12:30:00,42199.8,42246.5,42195.7,42221.4,0
2025-06-02 12:45:00,42222.3,42233.15,42150.3,42150.3,0
2025-06-02 13:00:00,42150.3,42227.05,42150.3,42225.2,0
2025-06-02 13:15:00,42223.65,42271.45,42210.75,42251.8,0
2025-06-02 13:30:00,42252.45,42281.45,42240.45,42275.6,0
2025-06-02 13:45:00,42275.6,42287.2,42243.75,42247.7,0
2025-06-02 14:00:00,42247.7,42259.85,42207.7,42242.2,0
2025-06-02 14:15:00,42241.35,42268.95,42218.2,42261.75,0
2025-06-02 14:30:00,42261.75,42281.15,42202.85,42211.9,0
2025-06-02 14:45:00,42213.8,42242.45,42202.4,42239.1,0
2025-06-02 15:00:00,42240.35,42301.15,42240.35,42280.9,0
2025-06-02 15:15:00,42283.05,42286.4,42225.35,42242.6,0
2025-06-03 09:15:00,42430.45,42527.85,42349.8,42477.95,0
2025-06-03 09:30:00,42472.5,42517.7,42407.1,42428.85,0
2025-06-03 09:45:00,42428.85,42446.35,42391.2,42406.05,0
2025-06-03 10:00:00,42406.05,42452.7,42382.75,42440.4,0
2025-06-03 10:15:00,42440.4,42519.5,42431.65,42492.95,0
2025-06-03 10:30:00,42492.95,42516.6,42395.8,42439.65,0
2025-06-03 10:45:00,42438.6,42463.05,42433.95,42451.05,0
2025-06-03 11:00:00,42451.05,42490.3,42402.85,42405.3,0
2025-06-03 11:15:00,42404.9,42412.05,42357.65,42383.7,0
2025-06-03 11:30:00,42382.15,42401.35,42317.85,42342.65,0
2025-06-03 11:45:00,42342.65,42396.75,42325.35,42392.75,0
2025-06-03 12:00:00,42392.75,42392.75,42358.3,42362.3,0
2025-06-03 12:15:00,42361.65,42362.05,42303.4,42345.65,0
2025-06-03 12:30:00,42345.65,42367.25,42329.35,42358.35,0
2025-06-03 12:45:00,42356.55,42358.55,42259.3,42269.3,0
2025-06-03 13:00:00,42267.85,42282.45,42204.0,42234.95,0
2025-06-03 13:15:00,42234.95,42249.75,42206.55,42236.45,0
2025-06-03 13:30:00,42236.45,42268.45,42232.0,42235.1,0
2025-06-03 13:45:00,42235.05,42291.0,42229.45,42279.4,0
2025-06-03 14:00:00,42279.7,42286.65,42258.6,42277.35,0
2025-06-03 14:15:00,42277.35,42282.1,42226.85,42226.85,0
2025-06-03 14:30:00,42226.85,42267.8,42226.0,42255.3,0
2025-06-03 14:45:00,42252.8,42280.6,42246.1,42252.5,0
2025-06-03 15:00:00,42249.75,42266.85,42214.3,42216.5,0
2025-06-03 15:15:00,42216.5,42220.25,42178.7,42189.75,0
2025-06-04 09:15:00,42309.15,42495.75,42268.95,42435.7,0
2025-06-04 09:30:00,42435.7,42491.5,42270.65,42296.7,0
2025-06-04 09:45:00,42294.15,42305.75,42125.45,42252.3,0
2025-06-04 10:00:00,42252.3,42301.9,42236.9,42275.25,0
2025-06-04 10:15:00,42275.25,42323.55,42227.4,42281.55,0
2025-06-04 10:30:00,42283.55,42344.9,42278.55,42332.1,0
2025-06-04 10:45:00,42332.1,42376.45,42327.9,42363.25,0
2025-06-04 11:00:00,42364.5,42376.05,42330.9,42330.9,0
2025-06-04 11:15:00,42331.85,42371.1,42313.15,42360.4,0
2025-06-04 11:30:00,42360.4,42381.95,42341.1,42347.45,0
2025-06-04 11:45:00,42347.6,42351.6,42304.9,42323.8,0
2025-06-04 12:00:00,42323.8,42325.85,42284.8,42317.95,0
2025-06-04 12:15:00,42317.95,42324.5,42268.8,42280.2,0
2025-06-04 12:30:00,42280.2,42292.2,42256.45,42291.8,0
2025-06-04 12:45:00,42291.75,42296.2,42242.9,42280.95,0
2025-06-04 13:00:00,42280.95,42309.2,42279.15,42291.75,0
2025-06-04 13:15:00,42291.75,42336.2,42279.15,42335.3,0
2025-06-04 13:30:00,42335.3,42349.8,42300.8,42308.15,0
2025-06-04 13:45:00,42308.15,42341.2,42303.95,42338.85,0
2025-06-04 14:00:00,42339.1,42357.95,42322.75,42343.45,0
2025-06-04 14:15:00,42343.45,42364.25,42321.8,42336.65,0
2025-06-04 14:30:00,42335.55,42355.15,42321.25,42327.3,0
2025-06-04 14:45:00,42328.2,42377.7,42312.25,42374.9,0
2025-06-04 15:00:00,42374.9,42446.25,42374.15,42408.55,0
2025-06-04 15:15:00,42408.15,42431.05,42398.05,42410.25,0
2025-06-05 09:15:00,42610.55,42636.2,42489.05,42567.75,0
2025-06-05 09:30:00,42567.75,42598.35,42504.7,42574.05,0
2025-06-05 09:45:00,42574.05,42641.05,42560.5,42622.3,0
2025-06-05 10:00:00,42622.3,42654.15,42604.75,42626.3,0
2025-06-05 10:15:00,42626.3,42661.75,42598.4,42646.0,0
2025-06-05 10:30:00,42645.75,42650.45,42601.35,42632.05,0
2025-06-05 10:45:00,42632.6,42636.6,42596.3,42615.85,0
2025-06-05 11:00:00,42615.85,42663.1,42612.5,42657.45,0
2025-06-05 11:15:00,42657.45,42688.55,42640.25,42670.6,0
2025-06-05 11:30:00,42672.05,42703.4,42670.0,42697.55,0
2025-06-05 11:45:00,42697.55,42753.3,42695.65,42750.45,0
2025-06-05 12:00:00,42750.45,42808.0,42748.9,42787.9,0
2025-06-05 12:15:00,42787.7,42837.55,42769.85,42834.0,0
2025-06-05 12:30:00,42833.35,42849.3,42802.15,42832.2,0
2025-06-05 12:45:00,42832.2,42855.15,42812.7,42822.15,0
2025-06-05 13:00:00,42822.15,42862.8,42821.45,42835.2,0
2025-06-05 13:15:00,42834.65,42847.0,42777.85,42778.55,0
2025-06-05 13:30:00,42778.55,42806.7,42733.5,42745.4,0
2025-06-05 13:45:00,42746.0,42766.8,42733.95,42751.2,0
2025-06-05 14:00:00,42751.2,42770.05,42703.9,42755.35,0
2025-06-05 14:15:00,42758.15,42812.25,42740.3,42776.4,0
2025-06-05 14:30:00,42776.8,42787.6,42743.4,42759.45,0
2025-06-05 14:45:00,42759.45,42783.75,42750.45,42769.05,0
2025-06-05 15:00:00,42769.1,42821.7,42769.1,42818.85,0
2025-06-05 15:15:00,42817.4,42859.9,42811.75,42839.3,0
2025-06-06 09:15:00,42959.25,42984.8,42767.3,42791.55,0
2025-06-06 09:30:00,42791.2,42799.6,42727.4,42764.05,0
2025-06-06 09:45:00,42764.25,42842.05,42749.2,42837.0,0
2025-06-06 10:00:00,42837.0,42940.45,42779.95,42829.75,0
2025-06-06 10:15:00,42829.05,42923.05,42808.85,42908.7,0
2025-06-06 10:30:00,42908.7,42912.3,42835.75,42854.35,0
2025-06-06 10:45:00,42854.35,42862.35,42814.8,42856.2,0
2025-06-06 11:00:00,42855.8,42881.55,42822.35,42850.55,0
2025-06-06 11:15:00,42850.55,42914.65,42847.45,42862.5,0
2025-06-06 11:30:00,42861.6,42938.2,42860.7,42936.6,0
2025-06-06 11:45:00,42935.15,42938.7,42890.2,42929.0,0
2025-06-06 12:00:00,42929.0,42944.65,42894.8,42908.2,0
2025-06-06 12:15:00,42908.2,42937.4,42878.4,42933.2,0
2025-06-06 12:30:00,42933.25,42941.0,42886.35,42911.95,0
2025-06-06 12:45:00,42910.8,42923.5,42883.3,42896.45,0
2025-06-06 13:00:00,42897.2,42912.6,42885.3,42891.85,0
2025-06-06 13:15:00,42891.45,42920.2,42882.6,42907.2,0
2025-06-06 13:30:00,42907.15,42951.05,42896.05,42938.8,0
2025-06-06 13:45:00,42938.8,42943.5,42911.6,42937.1,0
2025-06-06 14:00:00,42935.8,42946.8,42913.45,42933.75,0
2025-06-06 14:15:00,42933.2,42963.2,42933.2,42938.2,0
2025-06-06 14:30:00,42937.95,42942.6,42912.45,42914.45,0
2025-06-06 14:45:00,42914.45,42920.8,42886.05,42895.6,0
2025-06-06 15:00:00,42895.6,42930.3,42895.5,42921.3,0
2025-06-06 15:15:00,42923.1,42975.95,42921.0,42943.1,0
2025-06-09 09:15:00,43182.35,43275.4,43131.5,43231.1,0
2025-06-09 09:30:00,43231.1,43290.4,43212.6,43286.45,0
2025-06-09 09:45:00,43286.45,43286.45,43229.65,43252.65,0
2025-06-09 10:00:00,43254.0,43316.35,43245.25,43248.7,0
2025-06-09 10:15:00,43248.7,43319.55,43248.7,43308.75,0
2025-06-09 10:30:00,43308.75,43322.9,43281.0,43303.0,0
2025-06-09 10:45:00,43303.0,43308.6,43267.2,43270.65,0
2025-06-09 11:00:00,43270.65,43311.35,43266.8,43275.25,0
2025-06-09 11:15:00,43274.95,43317.25,43264.1,43303.65,0
2025-06-09 11:30:00,43305.2,43333.45,43295.85,43299.4,0
2025-06-09 11:45:00,43299.4,43307.55,43282.4,43291.05,0
2025-06-09 12:00:00,43291.25,43291.95,43259.35,43272.15,0
2025-06-09 12:15:00,43272.15,43286.55,43251.8,43281.7,0
2025-06-09 12:30:00,43281.7,43317.35,43281.7,43296.1,0
2025-06-09 12:45:00,43296.65,43317.35,43294.05,43315.2,0
2025-06-09 13:00:00,43315.4,43328.3,43301.4,43326.7,0
2025-06-09 13:15:00,43326.7,43348.7,43302.7,43343.95,0
2025-06-09 13:30:00,43343.95,43353.9,43327.45,43335.9,0
2025-06-09 13:45:00,43336.85,43357.25,43332.75,43346.5,0
2025-06-09 14:00:00,43346.5,43363.1,43339.15,43344.4,0
2025-06-09 14:15:00,43344.4,43366.55,43332.35,43348.25,0
2025-06-09 14:30:00,43348.25,43392.95,43345.65,43368.25,0
2025-06-09 14:45:00,43368.25,43380.45,43356.6,43368.65,0
2025-06-09 15:00:00,43368.65,43397.5,43365.8,43395.8,0
2025-06-09 15:15:00,43395.3,43422.25,43389.45,43399.95,0
2025-06-10 09:15:00,43612.05,43669.55,43515.05,43594.5,0
2025-06-10 09:30:00,43591.95,43656.2,43535.9,43638.4,0
2025-06-10 09:45:00,43638.4,43717.3,43636.5,43656.1,0
2025-06-10 10:00:00,43654.35,43686.55,43644.7,43681.5,0
2025-06-10 10:15:00,43681.75,43704.0,43664.1,43669.9,0
2025-06-10 10:30:00,43669.45,43680.15,43645.0,43671.55,0
2025-06-10 10:45:00,43673.9,43692.5,43617.5,43641.55,0
2025-06-10 11:00:00,43643.0,43677.55,43629.15,43675.6,0
2025-06-10 11:15:00,43675.8,43693.2,43652.9,43678.75,0
2025-06-10 11:30:00,43677.4,43682.0,43617.4,43630.05,0
2025-06-10 11:45:00,43630.05,43643.05,43614.85,43632.15,0
2025-06-10 12:00:00,43632.15,43637.25,43590.2,43592.55,0
2025-06-10 12:15:00,43593.6,43596.45,43563.25,43563.95,0
2025-06-10 12:30:00,43563.95,43576.25,43503.65,43510.35,0
2025-06-10 12:45:00,43511.4,43534.8,43498.05,43532.65,0
2025-06-10 13:00:00,43532.4,43565.95,43516.0,43523.8,0
2025-06-10 13:15:00,43522.9,43523.05,43488.1,43521.75,0
2025-06-10 13:30:00,43521.75,43554.25,43519.4,43532.4,0
2025-06-10 13:45:00,43532.4,43539.6,43517.25,43521.95,0
2025-06-10 14:00:00,43521.7,43532.4,43508.5,43529.3,0
2025-06-10 14:15:00,43528.55,43535.7,43503.2,43518.05,0
2025-06-10 14:30:00,43519.0,43540.0,43499.05,43527.1,0
2025-06-10 14:45:00,43527.1,43527.3,43497.95,43509.55,0
2025-06-10 15:00:00,43509.25,43553.75,43483.75,43546.35,0
2025-06-10 15:15:00,43546.35,43557.75,43533.85,43546.5,0
2025-06-11 09:15:00,43625.7,43666.0,43551.55,43574.25,0
2025-06-11 09:30:00,43575.85,43619.75,43507.9,43516.3,0
2025-06-11 09:45:00,43516.1,43551.25,43458.65,43522.15,0
2025-06-11 10:00:00,43522.15,43577.55,43503.8,43506.15,0
2025-06-11 10:15:00,43507.8,43528.2,43474.1,43486.35,0
2025-06-11 10:30:00,43486.35,43486.35,43412.55,43472.15,0
2025-06-11 10:45:00,43472.15,43487.15,43447.15,43447.15,0
2025-06-11 11:00:00,43446.5,43481.3,43443.75,43477.3,0
2025-06-11 11:15:00,43477.3,43525.25,43475.55,43510.05,0
2025-06-11 11:30:00,43510.05,43530.2,43507.5,43514.6,0
2025-06-11 11:45:00,43514.3,43514.9,43486.9,43504.9,0
2025-06-11 12:00:00,43504.9,43508.15,43473.3,43475.4,0
2025-06-11 12:15:00,43474.35,43495.0,43465.35,43490.55,0
2025-06-11 12:30:00,43492.05,43494.2,43453.7,43478.55,0
2025-06-11 12:45:00,43478.55,43530.35,43474.45,43512.9,0
2025-06-11 13:00:00,43511.6,43551.4,43511.6,43547.6,0
2025-06-11 13:15:00,43547.6,43547.6,43431.9,43433.4,0
2025-06-11 13:30:00,43433.4,43446.5,43356.9,43359.8,0
2025-06-11 13:45:00,43359.35,43359.35,43190.45,43321.95,0
2025-06-11 14:00:00,43322.25,43322.25,43257.35,43310.65,0
2025-06-11 14:15:00,43310.65,43393.65,43295.85,43354.35,0
2025-06-11 14:30:00,43354.35,43372.1,43319.55,43363.1,0
2025-06-11 14:45:00,43363.1,43417.4,43361.45,43376.7,0
2025-06-11 15:00:00,43377.7,43445.2,43377.7,43441.1,0
2025-06-11 15:15:00,43441.6,43441.6,43395.1,43415.3,0
2025-06-12 09:15:00,43505.55,43546.0,43379.35,43393.1,0
2025-06-12 09:30:00,43393.1,43450.35,43278.1,43282.45,0
2025-06-12 09:45:00,43282.2,43304.4,43218.2,43225.1,0
2025-06-12 10:00:00,43225.1,43286.2,43193.55,43258.25,0
2025-06-12 10:15:00,43259.95,43261.5,43203.05,43225.3,0
2025-06-12 10:30:00,43224.95,43264.9,43161.35,43165.55,0
2025-06-12 10:45:00,43165.55,43202.25,43163.15,43186.45,0
2025-06-12 11:00:00,43186.45,43221.15,43157.8,43178.45,0
2025-06-12 11:15:00,43178.9,43267.65,43163.15,43236.3,0
2025-06-12 11:30:00,43237.25,43240.5,43150.45,43200.5,0
2025-06-12 11:45:00,43200.2,43202.35,43124.45,43125.65,0
2025-06-12 12:00:00,43125.95,43167.85,43094.0,43162.3,0
2025-06-12 12:15:00,43161.5,43188.15,43141.0,43175.9,0
2025-06-12 12:30:00,43175.9,43273.4,43173.85,43273.4,0
2025-06-12 12:45:00,43273.4,43285.6,43210.0,43210.05,0
2025-06-12 13:00:00,43213.85,43219.7,43182.5,43218.15,0
2025-06-12 13:15:00,43218.15,43234.6,43109.0,43113.2,0
2025-06-12 13:30:00,43113.2,43125.8,42942.4,42942.4,0
2025-06-12 13:45:00,42942.6,42997.6,42883.35,42954.15,0
2025-06-12 14:00:00,42955.5,42957.0,42726.6,42746.0,0
2025-06-12 14:15:00,42748.35,42899.2,42737.5,42804.55,0
2025-06-12 14:30:00,42804.05,42895.3,42802.5,42856.5,0
2025-06-12 14:45:00,42856.2,42883.5,42832.05,42869.1,0
2025-06-12 15:00:00,42869.95,42898.95,42773.6,42781.05,0
2025-06-12 15:15:00,42781.9,42787.4,42709.7,42728.5,0
2025-06-13 09:15:00,42006.8,42467.2,41975.9,42439.2,0
2025-06-13 09:30:00,42437.95,42477.65,42259.55,42387.45,0
2025-06-13 09:45:00,42387.05,42545.1,42266.95,42545.1,0
2025-06-13 10:00:00,42545.0,42644.95,42506.6,42634.35,0
2025-06-13 10:15:00,42634.35,42718.85,42592.8,42716.0,0
2025-06-13 10:30:00,42716.5,42753.2,42709.55,42748.3,0
2025-06-13 10:45:00,42749.05,42779.2,42738.7,42773.25,0
2025-06-13 11:00:00,42772.25,42831.85,42680.0,42689.9,0
2025-06-13 11:15:00,42689.9,42747.25,42659.7,42731.75,0
2025-06-13 11:30:00,42732.3,42776.1,42697.45,42697.45,0
2025-06-13 11:45:00,42696.4,42716.75,42662.65,42692.2,0
2025-06-13 12:00:00,42690.95,42751.35,42686.15,42696.15,0
2025-06-13 12:15:00,42696.15,42741.85,42677.1,42686.4,0
2025-06-13 12:30:00,42686.4,42693.95,42646.5,42658.85,0
2025-06-13 12:45:00,42657.7,42664.2,42570.9,42574.15,0
2025-06-13 13:00:00,42574.15,42578.45,42522.85,42572.35,0
2025-06-13 13:15:00,42573.15,42595.5,42530.25,42594.25,0
2025-06-13 13:30:00,42593.6,42657.05,42591.05,42652.65,0
2025-06-13 13:45:00,42652.95,42691.95,42604.3,42624.2,0
2025-06-13 14:00:00,42624.2,42691.05,42621.1,42667.0,0
2025-06-13 14:15:00,42665.45,42674.15,42630.95,42659.95,0
2025-06-13 14:30:00,42659.95,42687.4,42639.55,42641.45,0
2025-06-13 14:45:00,42641.45,42645.9,42574.55,42598.0,0
2025-06-13 15:00:00,42595.0,42743.55,42595.0,42736.1,0
2025-06-13 15:15:00,42736.1,42807.65,42709.95,42786.35,0
2025-06-16 09:15:00,42687.0,42928.8,42682.15,42775.35,0
2025-06-16 09:30:00,42777.8,42780.45,42477.05,42523.4,0
2025-06-16 09:45:00,42523.4,42537.6,42353.7,42457.95,0
2025-06-16 10:00:00,42458.0,42639.2,42416.75,42596.4,0
2025-06-16 10:15:00,42597.8,42734.2,42596.5,42728.55,0
2025-06-16 10:30:00,42726.4,42767.2,42697.75,42728.35,0
2025-06-16 10:45:00,42728.35,42829.75,42728.35,42822.25,0
2025-06-16 11:00:00,42822.25,42907.35,42822.25,42850.0,0
2025-06-16 11:15:00,42849.65,42906.95,42794.3,42826.0,0
2025-06-16 11:30:00,42827.6,42961.1,42827.6,42940.6,0
2025-06-16 11:45:00,42939.85,42956.65,42883.3,42900.15,0
2025-06-16 12:00:00,42899.95,42954.7,42886.8,42948.95,0
2025-06-16 12:15:00,42948.95,42954.7,42900.45,42936.1,0
2025-06-16 12:30:00,42936.1,43007.35,42929.9,42986.15,0
2025-06-16 12:45:00,42986.5,43008.6,42974.85,42985.9,0
2025-06-16 13:00:00,42985.9,43040.95,42985.9,43034.45,0
2025-06-16 13:15:00,43034.45,43049.8,43004.65,43036.9,0
2025-06-16 13:30:00,43036.9,43067.45,43010.4,43035.75,0
2025-06-16 13:45:00,43034.25,43048.25,43004.7,43037.15,0
2025-06-16 14:00:00,43038.0,43079.45,43038.0,43076.0,0
2025-06-16 14:15:00,43075.9,43097.4,43042.95,43067.95,0
2025-06-16 14:30:00,43067.95,43094.0,43067.05,43087.75,0
2025-06-16 14:45:00,43088.85,43129.3,43075.25,43123.3,0
2025-06-16 15:00:00,43124.5,43134.9,43093.3,43103.5,0
2025-06-16 15:15:00,43103.5,43106.7,43073.1,43087.55,0
2025-06-17 09:15:00,43212.85,43224.6,43071.15,43149.9,0
2025-06-17 09:30:00,43150.4,43334.0,43141.15,43322.35,0
2025-06-17 09:45:00,43324.1,43376.25,43270.15,43325.4,0
2025-06-17 10:00:00,43326.8,43356.1,43295.75,43322.1,0
2025-06-17 10:15:00,43323.55,43439.35,43310.8,43421.85,0
2025-06-17 10:30:00,43421.8,43455.8,43399.15,43409.85,0
2025-06-17 10:45:00,43411.8,43412.45,43362.4,43386.35,0
2025-06-17 11:00:00,43386.35,43411.5,43363.7,43411.5,0
2025-06-17 11:15:00,43411.5,43415.25,43351.3,43379.95,0
2025-06-17 11:30:00,43379.95,43398.9,43372.2,43387.4,0
2025-06-17 11:45:00,43387.4,43399.5,43294.0,43316.3,0
2025-06-17 12:00:00,43315.3,43319.3,43248.95,43275.8,0
2025-06-17 12:15:00,43276.6,43345.1,43265.4,43297.0,0
2025-06-17 12:30:00,43297.0,43310.45,43235.55,43235.55,0
2025-06-17 12:45:00,43235.55,43238.8,43083.8,43141.45,0
2025-06-17 13:00:00,43143.0,43169.75,43125.65,43165.05,0
2025-06-17 13:15:00,43165.05,43190.45,43105.3,43179.75,0
2025-06-17 13:30:00,43180.15,43224.35,43171.35,43215.75,0
2025-06-17 13:45:00,43215.75,43216.4,43148.8,43184.7,0
2025-06-17 14:00:00,43184.7,43226.7,43173.7,43222.35,0
2025-06-17 14:15:00,43221.4,43236.25,43203.8,43230.85,0
2025-06-17 14:30:00,43233.0,43237.45,43143.55,43188.3,0
2025-06-17 14:45:00,43188.3,43213.15,43150.8,43175.65,0
2025-06-17 15:00:00,43175.65,43244.65,43174.2,43236.6,0
2025-06-17 15:15:00,43237.9,43247.4,43175.9,43175.9,0
2025-06-18 09:15:00,43247.9,43274.2,43084.15,43267.85,0
2025-06-18 09:30:00,43267.85,43329.7,43210.7,43293.45,0
2025-06-18 09:45:00,43293.9,43372.5,43271.05,43297.2,0
2025-06-18 10:00:00,43297.6,43313.0,43260.6,43306.75,0
2025-06-18 10:15:00,43306.75,43317.9,43189.1,43213.65,0
2025-06-18 10:30:00,43213.65,43220.3,43107.55,43184.4,0
2025-06-18 10:45:00,43182.25,43182.75,43036.15,43086.2,0
2025-06-18 11:00:00,43085.0,43130.0,43049.65,43125.7,0
2025-06-18 11:15:00,43125.7,43141.2,43058.45,43061.8,0
2025-06-18 11:30:00,43061.85,43096.6,42978.25,43084.7,0
2025-06-18 11:45:00,43083.8,43089.8,43005.65,43008.35,0
2025-06-18 12:00:00,43008.7,43098.3,43000.1,43085.4,0
2025-06-18 12:15:00,43085.4,43087.75,43010.05,43010.05,0
2025-06-18 12:30:00,43010.05,43032.1,42950.75,42951.15,0
2025-06-18 12:45:00,42951.15,42978.7,42935.25,42959.6,0
2025-06-18 13:00:00,42958.65,43008.0,42950.2,43005.35,0
2025-06-18 13:15:00,43004.95,43019.9,42968.5,43017.0,0
2025-06-18 13:30:00,43017.0,43055.4,43013.0,43024.7,0
2025-06-18 13:45:00,43024.0,43026.65,42974.85,42992.3,0
2025-06-18 14:00:00,42992.3,43014.85,42983.55,42988.15,0
2025-06-18 14:15:00,42988.1,42991.25,42928.95,42952.65,0
2025-06-18 14:30:00,42952.35,43038.5,42952.35,43027.2,0
2025-06-18 14:45:00,43027.2,43051.8,43014.05,43031.95,0
2025-06-18 15:00:00,43031.95,43056.1,43007.3,43033.9,0
2025-06-18 15:15:00,43033.3,43036.1,42974.2,42987.5,0
2025-06-19 09:15:00,43053.95,43071.7,42949.4,43039.85,0
2025-06-19 09:30:00,43038.65,43161.2,42995.3,43123.25,0
2025-06-19 09:45:00,43123.25,43205.9,43035.55,43078.8,0
2025-06-19 10:00:00,43077.6,43080.4,42971.2,42999.7,0
2025-06-19 10:15:00,42999.7,43000.05,42878.75,42886.75,0
2025-06-19 10:30:00,42886.25,42888.65,42733.65,42754.85,0
2025-06-19 10:45:00,42755.35,42859.4,42739.6,42832.8,0
2025-06-19 11:00:00,42832.8,42844.95,42737.95,42785.65,0
2025-06-19 11:15:00,42785.65,42800.6,42746.75,42753.4,0
2025-06-19 11:30:00,42754.95,42787.5,42705.35,42752.85,0
2025-06-19 11:45:00,42753.55,42776.65,42693.65,42693.65,0
2025-06-19 12:00:00,42695.3,42737.5,42663.4,42712.25,0
2025-06-19 12:15:00,42711.2,42714.65,42630.25,42664.6,0
2025-06-19 12:30:00,42661.5,42661.5,42526.6,42532.25,0
2025-06-19 12:45:00,42532.75,42532.75,42438.75,42447.15,0
2025-06-19 13:00:00,42446.2,42548.75,42409.7,42456.15,0
2025-06-19 13:15:00,42456.35,42467.75,42396.0,42405.15,0
2025-06-19 13:30:00,42405.15,42410.3,42346.4,42379.1,0
2025-06-19 13:45:00,42378.05,42488.1,42359.1,42488.1,0
2025-06-19 14:00:00,42486.5,42562.1,42486.5,42547.05,0
2025-06-19 14:15:00,42546.9,42624.5,42546.2,42586.55,0
2025-06-19 14:30:00,42585.25,42585.25,42468.2,42495.2,0
2025-06-19 14:45:00,42495.6,42516.25,42467.7,42484.7,0
2025-06-19 15:00:00,42486.25,42509.3,42455.85,42465.9,0
2025-06-19 15:15:00,42465.9,42479.35,42345.35,42361.3,0
2025-06-20 09:15:00,42443.35,42666.0,42322.1,42377.0,0
2025-06-20 09:30:00,42380.05,42540.15,42365.2,42516.8,0
2025-06-20 09:45:00,42517.6,42632.05,42409.85,42458.2,0
2025-06-20 10:00:00,42458.2,42550.6,42446.1,42542.85,0
2025-06-20 10:15:00,42542.85,42635.75,42541.85,42631.15,0
2025-06-20 10:30:00,42631.2,42702.75,42631.2,42664.7,0
2025-06-20 10:45:00,42664.7,42742.75,42664.7,42701.35,0
2025-06-20 11:00:00,42701.35,42766.7,42686.65,42759.7,0
2025-06-20 11:15:00,42760.65,42826.05,42758.85,42773.15,0
2025-06-20 11:30:00,42772.45,42895.3,42768.15,42860.95,0
2025-06-20 11:45:00,42860.3,42909.3,42859.85,42891.9,0
2025-06-20 12:00:00,42889.5,42952.1,42874.8,42925.3,0
2025-06-20 12:15:00,42925.3,42928.15,42722.2,42722.2,0
2025-06-20 12:30:00,42720.6,42783.8,42685.6,42781.55,0
2025-06-20 12:45:00,42781.45,42881.0,42779.3,42866.65,0
2025-06-20 13:00:00,42869.0,42870.95,42822.9,42829.1,0
2025-06-20 13:15:00,42829.95,42872.2,42827.65,42856.0,0
2025-06-20 13:30:00,42856.0,42870.25,42823.85,42849.1,0
2025-06-20 13:45:00,42848.75,42874.15,42838.1,42859.05,0
2025-06-20 14:00:00,42859.05,42866.1,42784.7,42802.85,0
2025-06-20 14:15:00,42801.1,42875.2,42800.6,42852.65,0
2025-06-20 14:30:00,42853.0,42901.3,42844.5,42901.0,0
2025-06-20 14:45:00,42899.7,42938.6,42885.3,42922.95,0
2025-06-20 15:00:00,42922.95,43031.15,42921.9,42990.55,0
2025-06-20 15:15:00,42989.5,43081.8,42956.15,42983.1,0
2025-06-23 09:15:00,42729.65,43007.35,42627.15,42976.4,0
2025-06-23 09:30:00,42978.55,43046.55,42855.8,42901.55,0
2025-06-23 09:45:00,42902.25,42988.6,42848.7,42934.7,0
2025-06-23 10:00:00,42934.15,42979.4,42897.4,42974.4,0
2025-06-23 10:15:00,42975.3,43070.3,42966.85,43019.25,0
2025-06-23 10:30:00,43017.75,43121.95,42987.15,43120.15,0
2025-06-23 10:45:00,43117.95,43149.7,43092.4,43126.75,0
2025-06-23 11:00:00,43127.6,43190.65,43086.8,43183.6,0
2025-06-23 11:15:00,43186.45,43240.3,43150.75,43236.95,0
2025-06-23 11:30:00,43236.95,43253.15,43195.65,43245.6,0
2025-06-23 11:45:00,43245.6,43248.75,43191.35,43203.35,0
2025-06-23 12:00:00,43203.75,43256.65,43202.55,43253.25,0
2025-06-23 12:15:00,43253.25,43273.2,43230.65,43240.8,0
2025-06-23 12:30:00,43242.45,43282.1,43239.1,43278.75,0
2025-06-23 12:45:00,43278.75,43314.55,43266.8,43307.7,0
2025-06-23 13:00:00,43307.7,43316.05,43290.1,43306.7,0
2025-06-23 13:15:00,43306.7,43338.4,43304.2,43317.35,0
2025-06-23 13:30:00,43318.95,43371.05,43318.95,43365.6,0
2025-06-23 13:45:00,43367.25,43388.55,43341.5,43347.55,0
2025-06-23 14:00:00,43350.95,43383.25,43328.4,43337.65,0
2025-06-23 14:15:00,43337.65,43367.6,43255.5,43288.5,0
2025-06-23 14:30:00,43289.45,43310.45,43254.65,43264.0,0
2025-06-23 14:45:00,43264.3,43278.1,43235.5,43263.55,0
2025-06-23 15:00:00,43263.55,43319.75,43240.5,43280.55,0
2025-06-23 15:15:00,43278.1,43289.85,43225.4,43234.2,0
2025-06-24 09:15:00,43692.7,43724.5,43397.0,43411.05,0
2025-06-24 09:30:00,43411.6,43413.3,43333.4,43336.85,0
2025-06-24 09:45:00,43339.6,43475.6,43301.55,43469.0,0
2025-06-24 10:00:00,43468.8,43481.25,43415.2,43471.3,0
2025-06-24 10:15:00,43471.3,43507.15,43453.3,43495.4,0
2025-06-24 10:30:00,43495.4,43496.9,43449.95,43479.55,0
2025-06-24 10:45:00,43476.85,43495.45,43440.35,43487.4,0
2025-06-24 11:00:00,43486.4,43524.0,43480.65,43482.9,0
2025-06-24 11:15:00,43482.9,43512.5,43476.6,43502.1,0
2025-06-24 11:30:00,43502.1,43575.9,43494.15,43575.45,0
2025-06-24 11:45:00,43575.3,43644.25,43567.0,43614.8,0
2025-06-24 12:00:00,43615.7,43622.0,43587.0,43607.7,0
2025-06-24 12:15:00,43607.7,43626.8,43575.5,43598.85,0
2025-06-24 12:30:00,43597.95,43619.75,43477.9,43513.6,0
2025-06-24 12:45:00,43513.6,43582.95,43489.75,43561.4,0
2025-06-24 13:00:00,43564.1,43591.9,43534.8,43549.85,0
2025-06-24 13:15:00,43548.45,43567.2,43465.2,43468.65,0
2025-06-24 13:30:00,43468.65,43480.15,43313.4,43354.0,0
2025-06-24 13:45:00,43354.0,43399.75,43276.55,43397.25,0
2025-06-24 14:00:00,43399.25,43409.1,43319.55,43347.75,0
2025-06-24 14:15:00,43348.8,43392.9,43334.95,43374.85,0
2025-06-24 14:30:00,43374.85,43447.25,43369.45,43408.95,0
2025-06-24 14:45:00,43408.45,43410.8,43347.75,43364.8,0
2025-06-24 15:00:00,43365.9,43385.25,43339.15,43365.95,0
2025-06-24 15:15:00,43366.5,43422.15,43351.3,43391.5,0
2025-06-25 09:15:00,43536.4,43648.3,43461.45,43628.15,0
2025-06-25 09:30:00,43628.15,43662.75,43527.1,43527.1,0
2025-06-25 09:45:00,43527.1,43577.25,43493.65,43554.9,0
2025-06-25 10:00:00,43554.9,43573.45,43464.7,43474.05,0
2025-06-25 10:15:00,43472.95,43549.1,43472.25,43517.45,0
2025-06-25 10:30:00,43519.3,43554.8,43496.85,43519.95,0
2025-06-25 10:45:00,43520.1,43522.3,43497.95,43505.85,0
2025-06-25 11:00:00,43505.85,43534.75,43480.6,43483.9,0
2025-06-25 11:15:00,43483.9,43514.55,43470.95,43505.55,0
2025-06-25 11:30:00,43505.55,43522.5,43497.95,43512.85,0
2025-06-25 11:45:00,43512.0,43539.8,43507.7,43536.05,0
2025-06-25 12:00:00,43533.75,43535.2,43428.7,43431.85,0
2025-06-25 12:15:00,43433.15,43463.5,43420.6,43441.7,0
2025-06-25 12:30:00,43441.7,43464.1,43427.95,43449.85,0
2025-06-25 12:45:00,43449.5,43451.55,43389.8,43415.35,0
2025-06-25 13:00:00,43416.15,43484.95,43398.55,43479.95,0
2025-06-25 13:15:00,43479.2,43482.35,43429.8,43456.4,0
2025-06-25 13:30:00,43455.4,43463.45,43428.3,43463.35,0
2025-06-25 13:45:00,43463.35,43463.85,43434.3,43437.9,0
2025-06-25 14:00:00,43437.9,43442.1,43414.6,43436.3,0
2025-06-25 14:15:00,43436.3,43465.4,43425.85,43442.05,0
2025-06-25 14:30:00,43442.05,43453.2,43395.1,43446.45,0
2025-06-25 14:45:00,43446.15,43446.8,43414.05,43438.9,0
2025-06-25 15:00:00,43438.9,43474.25,43438.4,43473.2,0
2025-06-25 15:15:00,43474.7,43478.85,43434.2,43441.85,0
2025-06-26 09:15:00,43548.5,43595.7,43501.05,43535.0,0
2025-06-26 09:30:00,43535.0,43565.1,43396.0,43423.95,0
2025-06-26 09:45:00,43423.95,43447.6,43364.6,43435.0,0
2025-06-26 10:00:00,43436.35,43441.45,43322.85,43330.95,0
2025-06-26 10:15:00,43329.35,43355.35,43311.75,43345.0,0
2025-06-26 10:30:00,43345.0,43393.65,43331.05,43332.8,0
2025-06-26 10:45:00,43332.8,43380.5,43325.4,43340.35,0
2025-06-26 11:00:00,43340.7,43401.4,43337.25,43396.25,0
2025-06-26 11:15:00,43396.25,43396.7,43342.2,43345.5,0
2025-06-26 11:30:00,43347.2,43378.65,43346.4,43360.7,0
2025-06-26 11:45:00,43360.7,43415.45,43359.3,43387.1,0
2025-06-26 12:00:00,43387.1,43422.3,43387.1,43422.05,0
2025-06-26 12:15:00,43421.9,43470.45,43419.55,43467.65,0
2025-06-26 12:30:00,43468.0,43483.25,43421.3,43436.0,0
2025-06-26 12:45:00,43436.0,43440.55,43336.35,43356.8,0
2025-06-26 13:00:00,43355.95,43447.05,43355.95,43445.4,0
2025-06-26 13:15:00,43445.4,43472.5,43423.4,43425.7,0
2025-06-26 13:30:00,43425.7,43441.95,43411.75,43436.1,0
2025-06-26 13:45:00,43434.5,43489.9,43434.5,43489.9,0
2025-06-26 14:00:00,43489.9,43507.75,43455.15,43480.45,0
2025-06-26 14:15:00,43477.55,43502.4,43467.45,43478.35,0
2025-06-26 14:30:00,43478.45,43518.5,43476.9,43510.7,0
2025-06-26 14:45:00,43511.7,43512.75,43454.75,43494.7,0
2025-06-26 15:00:00,43499.1,43530.5,43488.3,43501.35,0
2025-06-26 15:15:00,43503.6,43541.8,43495.2,43535.85,0
2025-06-27 09:15:00,43688.45,43935.45,43668.75,43908.7,0
2025-06-27 09:30:00,43908.7,44023.45,43873.3,43937.35,0
2025-06-27 09:45:00,43939.7,44010.65,43920.35,43984.65,0
2025-06-27 10:00:00,43985.7,44062.1,43977.75,44007.4,0
2025-06-27 10:15:00,44009.3,44017.55,43965.7,43971.1,0
2025-06-27 10:30:00,43971.1,43972.35,43896.3,43913.9,0
2025-06-27 10:45:00,43913.75,43950.65,43902.1,43914.6,0
2025-06-27 11:00:00,43914.6,43926.85,43885.1,43899.8,0
2025-06-27 11:15:00,43900.3,43910.25,43867.6,43874.45,0
2025-06-27 11:30:00,43874.45,43889.9,43844.9,43885.75,0
2025-06-27 11:45:00,43887.65,43903.55,43870.7,43895.05,0
2025-06-27 12:00:00,43895.05,43897.4,43828.75,43835.85,0
2025-06-27 12:15:00,43837.9,43842.3,43768.3,43785.35,0
2025-06-27 12:30:00,43786.75,43837.65,43784.35,43809.7,0
2025-06-27 12:45:00,43809.7,43843.6,43806.05,43817.25,0
2025-06-27 13:00:00,43817.25,43827.75,43770.25,43776.4,0
2025-06-27 13:15:00,43776.75,43782.6,43720.65,43773.5,0
2025-06-27 13:30:00,43774.15,43778.15,43737.7,43743.7,0
2025-06-27 13:45:00,43743.7,43771.3,43731.55,43768.9,0
2025-06-27 14:00:00,43768.9,43790.7,43744.8,43780.4,0
2025-06-27 14:15:00,43780.4,43788.75,43728.3,43751.85,0
2025-06-27 14:30:00,43751.1,43756.1,43678.3,43723.6,0
2025-06-27 14:45:00,43723.75,43749.0,43687.5,43694.75,0
2025-06-27 15:00:00,43692.65,43725.85,43630.6,43715.1,0
2025-06-27 15:15:00,43715.1,43838.7,43708.0,43799.25,0
2025-06-30 09:15:00,43898.65,43908.2,43714.8,43774.8,0
2025-06-30 09:30:00,43774.35,43840.3,43727.75,43784.35,0
2025-06-30 09:45:00,43782.9,43782.9,43703.25,43703.25,0
2025-06-30 10:00:00,43703.4,43726.1,43675.3,43706.1,0
2025-06-30 10:15:00,43706.1,43732.45,43679.65,43685.15,0
2025-06-30 10:30:00,43687.3,43765.7,43681.2,43716.85,0
2025-06-30 10:45:00,43716.85,43783.85,43704.3,43782.0,0
2025-06-30 11:00:00,43782.0,43804.35,43755.85,43763.85,0
2025-06-30 11:15:00,43762.95,43793.6,43749.45,43787.1,0
2025-06-30 11:30:00,43787.1,43798.15,43765.05,43791.35,0
2025-06-30 11:45:00,43789.9,43812.75,43776.75,43789.5,0
2025-06-30 12:00:00,43788.55,43869.7,43788.55,43863.8,0
2025-06-30 12:15:00,43861.55,43891.35,43843.85,43844.65,0
2025-06-30 12:30:00,43844.65,43854.1,43807.4,43813.85,0
2025-06-30 12:45:00,43811.45,43877.95,43805.05,43807.45,0
2025-06-30 13:00:00,43806.65,43807.35,43768.9,43788.85,0
2025-06-30 13:15:00,43788.85,43837.8,43772.8,43827.3,0
2025-06-30 13:30:00,43827.45,43840.05,43815.8,43817.65,0
2025-06-30 13:45:00,43819.8,43822.4,43767.5,43800.45,0
2025-06-30 14:00:00,43802.0,43918.5,43797.6,43903.1,0
2025-06-30 14:15:00,43903.1,43930.55,43886.6,43926.05,0
2025-06-30 14:30:00,43926.8,43967.85,43915.5,43964.85,0
2025-06-30 14:45:00,43964.85,43996.75,43958.85,43973.05,0
2025-06-30 15:00:00,43973.45,44005.85,43943.4,43984.4,0
2025-06-30 15:15:00,43984.4,44027.55,43976.3,43983.3,0
2025-07-01 09:15:00,44049.25,44071.05,43929.15,43952.6,0
2025-07-01 09:30:00,43952.6,44061.45,43952.25,44023.8,0
2025-07-01 09:45:00,44022.6,44056.15,43977.2,44036.05,0
2025-07-01 10:00:00,44036.1,44037.2,43939.55,43939.55,0
2025-07-01 10:15:00,43940.35,44002.3,43932.75,43943.65,0
2025-07-01 10:30:00,43943.65,43949.5,43885.65,43885.65,0
2025-07-01 10:45:00,43887.15,43909.6,43812.85,43815.55,0
2025-07-01 11:00:00,43816.05,43857.35,43793.5,43840.05,0
2025-07-01 11:15:00,43840.45,43862.9,43818.35,43855.8,0
2025-07-01 11:30:00,43855.8,43870.4,43820.95,43843.65,0
2025-07-01 11:45:00,43843.65,43852.1,43746.9,43774.3,0
2025-07-01 12:00:00,43774.3,43780.5,43736.8,43755.25,0
2025-07-01 12:15:00,43756.65,43794.15,43754.45,43767.8,0
2025-07-01 12:30:00,43767.8,43773.45,43704.9,43704.9,0
2025-07-01 12:45:00,43705.15,43707.8,43658.15,43661.1,0
2025-07-01 13:00:00,43661.15,43674.55,43620.9,43648.05,0
2025-07-01 13:15:00,43648.05,43656.8,43604.3,43624.6,0
2025-07-01 13:30:00,43621.9,43687.85,43621.9,43665.8,0
2025-07-01 13:45:00,43665.8,43677.8,43643.9,43668.3,0
2025-07-01 14:00:00,43667.95,43705.25,43662.4,43704.9,0
2025-07-01 14:15:00,43704.9,43714.25,43676.3,43678.45,0
2025-07-01 14:30:00,43678.45,43708.2,43652.6,43707.35,0
2025-07-01 14:45:00,43705.7,43737.3,43702.45,43723.55,0
2025-07-01 15:00:00,43723.55,43760.65,43721.05,43738.65,0
2025-07-01 15:15:00,43738.65,43774.1,43738.2,43752.05,0
2025-07-02 09:15:00,43736.75,43800.45,43706.0,43731.5,0
2025-07-02 09:30:00,43730.4,43742.75,43622.0,43631.2,0
2025-07-02 09:45:00,43631.2,43679.25,43600.15,43634.15,0
2025-07-02 10:00:00,43633.1,43657.5,43567.85,43594.55,0
2025-07-02 10:15:00,43593.35,43613.0,43535.5,43613.0,0
2025-07-02 10:30:00,43611.9,43611.9,43511.4,43539.2,0
2025-07-02 10:45:00,43539.2,43570.7,43523.7,43567.8,0
2025-07-02 11:00:00,43569.95,43576.8,43517.1,43561.5,0
2025-07-02 11:15:00,43561.4,43588.0,43528.65,43570.8,0
2025-07-02 11:30:00,43571.5,43571.5,43520.1,43544.6,0
2025-07-02 11:45:00,43544.6,43604.2,43540.05,43558.25,0
2025-07-02 12:00:00,43558.25,43561.45,43519.4,43550.6,0
2025-07-02 12:15:00,43550.55,43553.1,43490.95,43505.55,0
2025-07-02 12:30:00,43505.35,43521.55,43477.25,43479.7,0
2025-07-02 12:45:00,43479.7,43486.8,43430.85,43442.45,0
2025-07-02 13:00:00,43442.45,43466.1,43384.15,43387.5,0
2025-07-02 13:15:00,43387.5,43388.15,43262.5,43263.35,0
2025-07-02 13:30:00,43263.35,43318.95,43240.9,43289.9,0
2025-07-02 13:45:00,43289.9,43350.0,43273.9,43348.75,0
2025-07-02 14:00:00,43348.75,43425.7,43340.25,43418.25,0
2025-07-02 14:15:00,43418.25,43428.35,43395.75,43423.0,0
2025-07-02 14:30:00,43423.0,43428.95,43363.05,43388.7,0
2025-07-02 14:45:00,43389.65,43423.4,43385.65,43421.85,0
2025-07-02 15:00:00,43422.5,43501.65,43422.5,43479.85,0
2025-07-02 15:15:00,43479.85,43486.35,43438.2,43459.6,0
2025-07-03 09:15:00,43566.3,43732.8,43515.1,43553.45,0
2025-07-03 09:30:00,43552.6,43639.2,43546.8,43595.6,0
2025-07-03 09:45:00,43595.6,43687.0,43564.85,43676.6,0
2025-07-03 10:00:00,43674.2,43741.35,43646.85,43738.0,0
2025-07-03 10:15:00,43738.0,43769.85,43730.3,43741.2,0
2025-07-03 10:30:00,43741.2,43780.0,43721.05,43725.3,0
2025-07-03 10:45:00,43725.35,43726.9,43687.5,43706.0,0
2025-07-03 11:00:00,43706.0,43777.05,43706.0,43777.05,0
2025-07-03 11:15:00,43776.15,43794.2,43747.5,43748.1,0
2025-07-03 11:30:00,43744.2,43764.15,43699.05,43701.4,0
2025-07-03 11:45:00,43700.35,43713.65,43651.8,43693.8,0
2025-07-03 12:00:00,43695.0,43707.7,43670.65,43689.9,0
2025-07-03 12:15:00,43689.9,43692.05,43648.25,43683.35,0
2025-07-03 12:30:00,43684.1,43692.15,43656.3,43683.1,0
2025-07-03 12:45:00,43682.2,43692.15,43670.0,43674.75,0
2025-07-03 13:00:00,43674.75,43678.9,43648.65,43658.4,0
2025-07-03 13:15:00,43658.4,43659.95,43606.5,43647.75,0
2025-07-03 13:30:00,43647.75,43713.3,43639.05,43685.25,0
2025-07-03 13:45:00,43685.25,43686.95,43603.25,43630.7,0
2025-07-03 14:00:00,43630.35,43639.75,43614.85,43629.2,0
2025-07-03 14:15:00,43628.5,43635.35,43570.7,43570.7,0
2025-07-03 14:30:00,43570.7,43570.7,43501.85,43569.35,0
2025-07-03 14:45:00,43569.05,43595.65,43530.65,43575.0,0
2025-07-03 15:00:00,43576.65,43593.05,43563.3,43574.55,0
2025-07-03 15:15:00,43574.55,43576.4,43543.15,43559.65,0
2025-07-04 09:15:00,43695.8,43697.2,43511.6,43633.45,0
2025-07-04 09:30:00,43633.8,43673.95,43573.7,43673.95,0
2025-07-04 09:45:00,43673.95,43690.3,43657.95,43684.25,0
2025-07-04 10:00:00,43682.95,43699.25,43649.85,43657.25,0
2025-07-04 10:15:00,43655.45,43674.5,43605.35,43666.7,0
2025-07-04 10:30:00,43668.15,43669.05,43630.05,43637.15,0
2025-07-04 10:45:00,43637.15,43642.25,43609.6,43621.5,0
2025-07-04 11:00:00,43621.95,43633.35,43604.6,43623.7,0
2025-07-04 11:15:00,43623.65,43628.55,43570.1,43595.75,0
2025-07-04 11:30:00,43594.05,43623.45,43482.85,43519.75,0
2025-07-04 11:45:00,43519.7,43519.7,43381.9,43419.65,0
2025-07-04 12:00:00,43419.65,43522.4,43413.4,43522.4,0
2025-07-04 12:15:00,43521.2,43528.9,43481.75,43502.0,0
2025-07-04 12:30:00,43501.4,43534.35,43483.7,43500.1,0
2025-07-04 12:45:00,43500.1,43500.25,43426.0,43447.65,0
2025-07-04 13:00:00,43447.65,43497.5,43443.7,43496.7,0
2025-07-04 13:15:00,43494.4,43495.5,43461.55,43471.05,0
2025-07-04 13:30:00,43471.25,43489.5,43456.85,43480.35,0
2025-07-04 13:45:00,43480.35,43512.3,43474.75,43512.1,0
2025-07-04 14:00:00,43510.9,43516.5,43450.35,43452.55,0
2025-07-04 14:15:00,43452.55,43465.0,43437.75,43462.45,0
2025-07-04 14:30:00,43461.95,43542.8,43454.65,43541.25,0
2025-07-04 14:45:00,43541.25,43558.0,43512.2,43558.0,0
2025-07-04 15:00:00,43558.0,43590.15,43553.25,43586.9,0
2025-07-04 15:15:00,43585.75,43594.9,43555.15,43569.55,0
2025-07-07 09:15:00,43594.3,43611.8,43385.3,43479.6,0
2025-07-07 09:30:00,43476.8,43596.7,43462.35,43478.2,0
2025-07-07 09:45:00,43478.2,43605.7,43452.65,43594.85,0
2025-07-07 10:00:00,43594.85,43646.75,43519.7,43534.25,0
2025-07-07 10:15:00,43534.25,43605.4,43530.2,43572.45,0
2025-07-07 10:30:00,43571.4,43607.6,43566.25,43601.95,0
2025-07-07 10:45:00,43601.95,43647.2,43587.1,43595.15,0
2025-07-07 11:00:00,43595.15,43624.6,43586.55,43605.3,0
2025-07-07 11:15:00,43605.3,43626.95,43584.45,43613.05,0
2025-07-07 11:30:00,43612.75,43622.1,43572.4,43605.65,0
2025-07-07 11:45:00,43604.75,43612.6,43566.15,43601.55,0
2025-07-07 12:00:00,43601.55,43611.4,43570.3,43590.2,0
2025-07-07 12:15:00,43590.2,43622.3,43566.9,43594.05,0
2025-07-07 12:30:00,43595.75,43611.45,43591.95,43593.45,0
2025-07-07 12:45:00,43593.45,43602.3,43533.7,43541.25,0
2025-07-07 13:00:00,43540.7,43566.65,43523.2,43565.7,0
2025-07-07 13:15:00,43565.7,43605.1,43565.7,43588.5,0
2025-07-07 13:30:00,43588.5,43589.6,43531.15,43538.25,0
2025-07-07 13:45:00,43538.25,43577.85,43535.85,43566.75,0
2025-07-07 14:00:00,43566.35,43585.75,43551.5,43557.65,0
2025-07-07 14:15:00,43558.6,43574.75,43547.3,43550.6,0
2025-07-07 14:30:00,43551.45,43556.6,43512.4,43533.1,0
2025-07-07 14:45:00,43532.85,43590.65,43521.45,43588.05,0
2025-07-07 15:00:00,43588.05,43608.2,43588.05,43593.7,0
2025-07-07 15:15:00,43591.75,43591.75,43537.75,43537.75,0
2025-07-08 09:15:00,43610.5,43779.35,43569.8,43662.4,0
2025-07-08 09:30:00,43663.1,43701.55,43480.6,43530.2,0
2025-07-08 09:45:00,43530.2,43568.55,43398.75,43402.6,0
2025-07-08 10:00:00,43402.6,43440.35,43370.5,43439.45,0
2025-07-08 10:15:00,43440.75,43492.8,43427.5,43466.6,0
2025-07-08 10:30:00,43466.6,43466.8,43402.15,43408.6,0
2025-07-08 10:45:00,43408.6,43443.15,43349.35,43426.55,0
2025-07-08 11:00:00,43426.55,43433.15,43251.7,43277.85,0
2025-07-08 11:15:00,43278.0,43306.8,43255.75,43278.15,0
2025-07-08 11:30:00,43275.5,43314.3,43255.55,43257.3,0
2025-07-08 11:45:00,43257.3,43272.5,43226.0,43264.25,0
2025-07-08 12:00:00,43265.05,43271.65,43203.3,43205.85,0
2025-07-08 12:15:00,43203.85,43282.65,43148.1,43281.85,0
2025-07-08 12:30:00,43281.2,43346.3,43275.55,43339.1,0
2025-07-08 12:45:00,43339.1,43440.35,43336.2,43430.15,0
2025-07-08 13:00:00,43431.7,43432.35,43391.35,43418.15,0
2025-07-08 13:15:00,43418.15,43465.05,43387.85,43401.75,0
2025-07-08 13:30:00,43402.0,43424.45,43362.15,43417.6,0
2025-07-08 13:45:00,43417.6,43432.95,43381.1,43391.2,0
2025-07-08 14:00:00,43391.2,43392.5,43327.65,43335.45,0
2025-07-08 14:15:00,43333.3,43335.1,43272.55,43307.75,0
2025-07-08 14:30:00,43307.65,43332.5,43296.0,43309.65,0
2025-07-08 14:45:00,43309.65,43378.5,43309.65,43374.35,0
2025-07-08 15:00:00,43374.35,43428.1,43363.95,43421.45,0
2025-07-08 15:15:00,43419.9,43424.65,43376.5,43390.3,0
2025-07-09 09:15:00,43483.65,43570.35,43438.65,43553.55,0
2025-07-09 09:30:00,43552.9,43608.25,43543.2,43557.5,0
2025-07-09 09:45:00,43557.5,43573.1,43517.65,43543.6,0
2025-07-09 10:00:00,43544.65,43569.95,43503.35,43545.35,0
2025-07-09 10:15:00,43545.35,43590.3,43542.15,43555.2,0
2025-07-09 10:30:00,43553.7,43574.25,43530.0,43539.6,0
2025-07-09 10:45:00,43538.3,43558.15,43523.4,43539.45,0
2025-07-09 11:00:00,43539.45,43555.95,43517.4,43542.25,0
2025-07-09 11:15:00,43542.25,43554.05,43523.3,43548.0,0
2025-07-09 11:30:00,43546.35,43553.55,43505.75,43514.25,0
2025-07-09 11:45:00,43513.3,43527.3,43481.3,43510.4,0
2025-07-09 12:00:00,43510.5,43565.4,43508.7,43559.65,0
2025-07-09 12:15:00,43560.85,43568.75,43538.25,43557.5,0
2025-07-09 12:30:00,43555.95,43587.85,43555.95,43567.25,0
2025-07-09 12:45:00,43567.3,43580.1,43538.4,43551.7,0
2025-07-09 13:00:00,43550.85,43556.5,43502.35,43523.5,0
2025-07-09 13:15:00,43523.5,43558.6,43519.3,43551.15,0
2025-07-09 13:30:00,43551.15,43561.55,43537.7,43546.6,0
2025-07-09 13:45:00,43546.6,43555.1,43530.85,43533.8,0
2025-07-09 14:00:00,43534.15,43540.65,43509.25,43533.85,0
2025-07-09 14:15:00,43533.85,43542.8,43465.5,43472.2,0
2025-07-09 14:30:00,43472.2,43478.3,43427.45,43463.7,0
2025-07-09 14:45:00,43463.7,43469.4,43410.25,43466.3,0
2025-07-09 15:00:00,43466.3,43520.4,43466.3,43515.8,0
2025-07-09 15:15:00,43515.8,43527.95,43498.35,43506.1,0
2025-07-10 09:15:00,43595.15,43632.5,43477.05,43494.05,0
2025-07-10 09:30:00,43494.05,43525.65,43446.2,43470.55,0
2025-07-10 09:45:00,43470.55,43509.45,43380.5,43404.8,0
2025-07-10 10:00:00,43404.8,43415.6,43381.85,43413.55,0
2025-07-10 10:15:00,43415.3,43437.7,43380.15,43394.95,0
2025-07-10 10:30:00,43396.55,43416.75,43382.25,43394.3,0
2025-07-10 10:45:00,43394.3,43400.1,43314.75,43351.0,0
2025-07-10 11:00:00,43350.15,43360.2,43312.4,43356.7,0
2025-07-10 11:15:00,43356.7,43367.9,43278.6,43309.6,0
2025-07-10 11:30:00,43309.0,43324.25,43274.6,43276.05,0
2025-07-10 11:45:00,43276.95,43280.05,43244.4,43254.45,0
2025-07-10 12:00:00,43254.45,43260.45,43218.55,43257.2,0
2025-07-10 12:15:00,43257.2,43341.8,43250.15,43341.8,0
2025-07-10 12:30:00,43341.8,43348.0,43296.5,43296.5,0
2025-07-10 12:45:00,43299.1,43302.9,43265.9,43280.2,0
2025-07-10 13:00:00,43280.1,43282.3,43217.6,43225.75,0
2025-07-10 13:15:00,43225.5,43231.05,43176.4,43189.55,0
2025-07-10 13:30:00,43189.55,43197.7,43138.55,43141.2,0
2025-07-10 13:45:00,43140.2,43189.4,43125.55,43170.8,0
2025-07-10 14:00:00,43170.8,43229.65,43166.5,43182.3,0
2025-07-10 14:15:00,43182.0,43226.85,43178.85,43220.65,0
2025-07-10 14:30:00,43219.55,43250.45,43207.35,43237.9,0
2025-07-10 14:45:00,43237.5,43250.15,43191.2,43210.05,0
2025-07-10 15:00:00,43210.05,43235.4,43205.65,43211.15,0
2025-07-10 15:15:00,43211.15,43212.0,43166.2,43175.45,0
2025-07-11 09:15:00,43089.25,43207.25,43064.35,43159.05,0
2025-07-11 09:30:00,43160.2,43177.5,43103.85,43167.7,0
2025-07-11 09:45:00,43166.75,43166.75,43039.25,43052.85,0
2025-07-11 10:00:00,43052.85,43055.1,42945.85,42979.05,0
2025-07-11 10:15:00,42979.05,42979.05,42898.35,42911.9,0
2025-07-11 10:30:00,42912.25,42913.3,42815.65,42819.45,0
2025-07-11 10:45:00,42818.35,42851.15,42765.2,42768.75,0
2025-07-11 11:00:00,42770.35,42833.65,42723.7,42818.05,0
2025-07-11 11:15:00,42818.85,42853.1,42785.6,42812.8,0
2025-07-11 11:30:00,42812.8,42854.7,42811.4,42830.95,0
2025-07-11 11:45:00,42832.25,42873.9,42819.55,42820.2,0
2025-07-11 12:00:00,42820.6,42826.1,42769.05,42818.7,0
2025-07-11 12:15:00,42819.35,42831.6,42770.5,42786.1,0
2025-07-11 12:30:00,42786.1,42891.85,42784.8,42868.6,0
2025-07-11 12:45:00,42868.55,42898.5,42839.3,42843.35,0
2025-07-11 13:00:00,42843.35,42853.05,42791.7,42818.2,0
2025-07-11 13:15:00,42819.0,42855.1,42810.9,42826.9,0
2025-07-11 13:30:00,42826.9,42830.55,42757.85,42762.55,0
2025-07-11 13:45:00,42761.0,42821.85,42757.6,42808.9,0
2025-07-11 14:00:00,42808.9,42826.45,42769.7,42801.2,0
2025-07-11 14:15:00,42801.55,42804.55,42765.7,42768.7,0
2025-07-11 14:30:00,42766.1,42813.5,42763.4,42804.9,0
2025-07-11 14:45:00,42803.2,42814.7,42768.3,42783.4,0
2025-07-11 15:00:00,42783.3,42790.5,42744.7,42746.0,0
2025-07-11 15:15:00,42745.8,42746.6,42643.25,42660.95,0
2025-07-14 09:15:00,42692.7,42711.95,42440.8,42531.7,0
2025-07-14 09:30:00,42533.2,42599.85,42487.9,42585.85,0
2025-07-14 09:45:00,42585.85,42648.1,42559.5,42641.65,0
2025-07-14 10:00:00,42641.65,42708.25,42618.2,42707.5,0
2025-07-14 10:15:00,42710.65,42792.5,42690.85,42754.4,0
2025-07-14 10:30:00,42754.45,42758.25,42676.85,42742.25,0
2025-07-14 10:45:00,42743.6,42796.2,42739.05,42744.55,0
2025-07-14 11:00:00,42744.4,42777.45,42675.75,42684.8,0
2025-07-14 11:15:00,42685.45,42687.75,42592.3,42609.65,0
2025-07-14 11:30:00,42609.45,42638.9,42557.15,42557.8,0
2025-07-14 11:45:00,42557.65,42601.3,42549.7,42575.4,0
2025-07-14 12:00:00,42576.0,42621.15,42553.75,42615.45,0
2025-07-14 12:15:00,42615.45,42670.1,42614.0,42638.2,0
2025-07-14 12:30:00,42638.2,42686.3,42606.6,42685.8,0
2025-07-14 12:45:00,42685.8,42694.05,42660.9,42668.9,0
2025-07-14 13:00:00,42668.9,42689.4,42598.25,42643.1,0
2025-07-14 13:15:00,42643.1,42690.3,42640.4,42665.65,0
2025-07-14 13:30:00,42666.25,42675.0,42653.2,42674.15,0
2025-07-14 13:45:00,42674.4,42679.75,42594.45,42618.45,0
2025-07-14 14:00:00,42618.8,42644.2,42608.95,42639.25,0
2025-07-14 14:15:00,42639.25,42677.65,42632.8,42673.1,0
2025-07-14 14:30:00,42674.3,42692.5,42652.7,42686.4,0
2025-07-14 14:45:00,42686.4,42758.25,42678.85,42751.9,0
2025-07-14 15:00:00,42750.4,42758.8,42701.45,42715.1,0
2025-07-14 15:15:00,42715.1,42725.3,42692.3,42714.2,0
2025-07-15 09:15:00,42792.65,42990.85,42784.35,42967.35,0
2025-07-15 09:30:00,42967.5,42983.45,42805.7,42809.45,0
2025-07-15 09:45:00,42811.4,42883.9,42762.9,42798.7,0
2025-07-15 10:00:00,42801.05,42875.05,42778.55,42873.95,0
2025-07-15 10:15:00,42873.95,42876.25,42755.55,42863.0,0
2025-07-15 10:30:00,42862.3,42917.8,42861.95,42893.3,0
2025-07-15 10:45:00,42892.9,42941.9,42873.4,42935.2,0
2025-07-15 11:00:00,42936.6,42992.25,42934.35,42943.65,0
2025-07-15 11:15:00,42943.65,42961.25,42921.05,42926.95,0
2025-07-15 11:30:00,42926.95,42968.35,42922.25,42967.9,0
2025-07-15 11:45:00,42967.65,42972.7,42922.6,42933.95,0
2025-07-15 12:00:00,42933.95,42951.9,42923.0,42935.0,0
2025-07-15 12:15:00,42935.0,42961.35,42923.55,42948.75,0
2025-07-15 12:30:00,42948.85,42985.4,42948.35,42964.8,0
2025-07-15 12:45:00,42964.8,42981.75,42956.2,42977.05,0
2025-07-15 13:00:00,42977.8,43001.2,42969.2,42984.75,0
2025-07-15 13:15:00,42984.8,43012.2,42970.5,42976.3,0
2025-07-15 13:30:00,42977.3,42989.9,42941.9,42963.5,0
2025-07-15 13:45:00,42963.85,42979.6,42953.0,42979.1,0
2025-07-15 14:00:00,42978.7,42980.95,42948.95,42970.75,0
2025-07-15 14:15:00,42969.6,42983.35,42955.3,42968.25,0
2025-07-15 14:30:00,42968.1,43014.3,42968.1,43000.1,0
2025-07-15 14:45:00,42999.75,43000.15,42953.05,42957.95,0
2025-07-15 15:00:00,42957.95,43058.6,42956.75,43055.35,0
2025-07-15 15:15:00,43055.35,43064.75,43036.1,43044.4,0
2025-07-16 09:15:00,43135.8,43184.45,43032.75,43133.0,0
2025-07-16 09:30:00,43132.95,43191.45,43077.3,43095.0,0
2025-07-16 09:45:00,43093.9,43126.0,43077.95,43097.2,0
2025-07-16 10:00:00,43097.2,43126.35,43077.1,43100.6,0
2025-07-16 10:15:00,43100.6,43140.45,43075.35,43125.35,0
2025-07-16 10:30:00,43125.35,43141.6,43080.3,43093.7,0
2025-07-16 10:45:00,43093.7,43102.5,43077.85,43083.95,0
2025-07-16 11:00:00,43084.6,43107.15,43065.75,43078.45,0
2025-07-16 11:15:00,43078.45,43082.1,43025.2,43053.15,0
2025-07-16 11:30:00,43052.05,43060.15,43033.25,43042.95,0
2025-07-16 11:45:00,43042.5,43105.0,43033.45,43075.7,0
2025-07-16 12:00:00,43074.85,43081.1,43057.5,43064.95,0
2025-07-16 12:15:00,43064.05,43072.1,43021.1,43037.35,0
2025-07-16 12:30:00,43037.35,43056.65,43028.95,43045.55,0
2025-07-16 12:45:00,43045.55,43070.7,43042.0,43047.5,0
2025-07-16 13:00:00,43047.95,43073.9,43046.5,43070.75,0
2025-07-16 13:15:00,43072.3,43088.55,43049.85,43054.1,0
2025-07-16 13:30:00,43054.1,43076.9,43045.35,43068.8,0
2025-07-16 13:45:00,43068.65,43080.25,43053.5,43061.0,0
2025-07-16 14:00:00,43061.0,43087.9,43055.4,43087.3,0
2025-07-16 14:15:00,43085.0,43102.8,43077.25,43080.75,0
2025-07-16 14:30:00,43082.05,43092.6,43072.6,43076.3,0
2025-07-16 14:45:00,43076.0,43092.6,43070.0,43092.15,0
2025-07-16 15:00:00,43092.4,43100.75,43028.95,43030.25,0
2025-07-16 15:15:00,43031.45,43032.9,42996.1,43011.0,0
2025-07-17 09:15:00,43129.55,43180.15,43060.25,43138.75,0
2025-07-17 09:30:00,43139.55,43147.8,43005.9,43036.75,0
2025-07-17 09:45:00,43036.75,43079.7,43019.25,43072.2,0
2025-07-17 10:00:00,43072.25,43075.5,43006.25,43007.15,0
2025-07-17 10:15:00,43008.75,43062.2,43000.7,43054.65,0
2025-07-17 10:30:00,43054.65,43062.3,43030.6,43031.1,0
2025-07-17 10:45:00,43031.55,43083.05,43030.15,43063.2,0
2025-07-17 11:00:00,43062.3,43104.35,43060.65,43070.05,0
2025-07-17 11:15:00,43070.35,43072.15,43051.85,43060.2,0
2025-07-17 11:30:00,43060.55,43065.6,43021.4,43023.6,0
2025-07-17 11:45:00,43023.6,43026.45,42993.15,42997.0,0
2025-07-17 12:00:00,42995.1,43008.0,42935.35,42935.35,0
2025-07-17 12:15:00,42936.1,42937.0,42909.95,42934.9,0
2025-07-17 12:30:00,42934.9,42967.3,42921.9,42965.35,0
2025-07-17 12:45:00,42966.5,42975.65,42943.25,42954.7,0
2025-07-17 13:00:00,42954.7,42964.45,42896.1,42907.8,0
2025-07-17 13:15:00,42906.15,42930.1,42899.65,42924.85,0
2025-07-17 13:30:00,42923.9,42927.65,42910.4,42922.5,0
2025-07-17 13:45:00,42922.5,42945.1,42894.35,42932.5,0
2025-07-17 14:00:00,42932.55,42940.45,42897.9,42910.4,0
2025-07-17 14:15:00,42911.35,42927.15,42878.95,42878.95,0
2025-07-17 14:30:00,42880.5,42955.1,42869.0,42943.45,0
2025-07-17 14:45:00,42945.6,42946.45,42894.8,42910.95,0
2025-07-17 15:00:00,42915.4,42932.9,42901.65,42911.45,0
2025-07-17 15:15:00,42911.45,42916.7,42856.9,42867.5,0
2025-07-18 09:15:00,42955.75,42996.15,42878.15,42926.2,0
2025-07-18 09:30:00,42926.2,42959.3,42841.65,42855.05,0
2025-07-18 09:45:00,42856.35,42856.35,42782.8,42815.05,0
2025-07-18 10:00:00,42814.2,42818.85,42670.3,42686.95,0
2025-07-18 10:15:00,42685.1,42685.1,42547.4,42547.4,0
2025-07-18 10:30:00,42547.4,42602.5,42498.25,42564.0,0
2025-07-18 10:45:00,42564.0,42627.65,42545.85,42574.5,0
2025-07-18 11:00:00,42572.9,42631.0,42543.2,42618.4,0
2025-07-18 11:15:00,42618.6,42668.05,42613.7,42660.85,0
2025-07-18 11:30:00,42661.3,42673.35,42637.15,42642.95,0
2025-07-18 11:45:00,42642.95,42706.25,42641.25,42683.25,0
2025-07-18 12:00:00,42684.8,42696.1,42661.95,42681.15,0
2025-07-18 12:15:00,42681.15,42684.45,42641.25,42666.05,0
2025-07-18 12:30:00,42666.05,42693.85,42650.45,42650.45,0
2025-07-18 12:45:00,42649.5,42649.5,42597.6,42626.65,0
2025-07-18 13:00:00,42627.9,42670.65,42600.55,42617.4,0
2025-07-18 13:15:00,42617.4,42621.95,42592.95,42602.6,0
2025-07-18 13:30:00,42604.15,42668.05,42603.5,42668.05,0
2025-07-18 13:45:00,42667.25,42676.2,42608.35,42623.75,0
2025-07-18 14:00:00,42626.0,42640.35,42616.9,42632.35,0
2025-07-18 14:15:00,42633.15,42638.35,42594.6,42631.55,0
2025-07-18 14:30:00,42631.55,42682.3,42628.65,42646.75,0
2025-07-18 14:45:00,42646.75,42653.25,42629.9,42641.3,0
2025-07-18 15:00:00,42641.4,42666.25,42579.9,42589.8,0
2025-07-18 15:15:00,42590.0,42592.1,42540.85,42562.6,0
2025-07-21 09:15:00,42569.45,42607.6,42370.35,42472.7,0
2025-07-21 09:30:00,42470.8,42558.8,42432.95,42534.45,0
2025-07-21 09:45:00,42533.55,42632.05,42509.65,42615.4,0
2025-07-21 10:00:00,42615.4,42674.25,42599.3,42662.5,0
2025-07-21 10:15:00,42662.5,42768.45,42650.1,42742.75,0
2025-07-21 10:30:00,42742.75,42819.35,42740.7,42763.75,0
2025-07-21 10:45:00,42765.1,42796.6,42719.8,42767.0,0
2025-07-21 11:00:00,42768.25,42790.85,42755.75,42787.15,0
2025-07-21 11:15:00,42787.15,42797.5,42741.55,42747.6,0
2025-07-21 11:30:00,42747.6,42773.5,42710.4,42735.85,0
2025-07-21 11:45:00,42735.85,42768.4,42726.2,42766.55,0
2025-07-21 12:00:00,42768.05,42826.55,42759.65,42813.5,0
2025-07-21 12:15:00,42812.95,42823.6,42794.4,42797.1,0
2025-07-21 12:30:00,42797.1,42829.75,42784.25,42822.35,0
2025-07-21 12:45:00,42822.35,42830.2,42763.2,42763.2,0
2025-07-21 13:00:00,42763.2,42804.45,42762.8,42776.3,0
2025-07-21 13:15:00,42776.75,42802.6,42769.65,42779.6,0
2025-07-21 13:30:00,42779.2,42787.95,42745.45,42749.15,0
2025-07-21 13:45:00,42749.15,42749.15,42662.4,42690.6,0
2025-07-21 14:00:00,42690.6,42737.6,42679.1,42709.45,0
2025-07-21 14:15:00,42709.45,42713.55,42692.35,42700.75,0
2025-07-21 14:30:00,42699.45,42721.35,42668.6,42716.05,0
2025-07-21 14:45:00,42716.05,42762.45,42703.7,42753.85,0
2025-07-21 15:00:00,42751.9,42790.3,42751.9,42786.95,0
2025-07-21 15:15:00,42786.95,42845.35,42779.7,42823.65,0
2025-07-22 09:15:00,42926.7,42988.05,42860.2,42865.3,0
2025-07-22 09:30:00,42860.15,42874.1,42761.75,42805.0,0
2025-07-22 09:45:00,42805.0,42853.75,42782.65,42787.5,0
2025-07-22 10:00:00,42787.5,42812.35,42745.2,42800.5,0
2025-07-22 10:15:00,42800.5,42820.95,42766.35,42766.35,0
2025-07-22 10:30:00,42766.35,42792.4,42746.35,42750.7,0
2025-07-22 10:45:00,42751.65,42782.55,42733.2,42741.2,0
2025-07-22 11:00:00,42739.6,42740.3,42665.55,42704.1,0
2025-07-22 11:15:00,42703.75,42712.65,42672.8,42698.2,0
2025-07-22 11:30:00,42698.2,42723.0,42688.05,42718.6,0
2025-07-22 11:45:00,42717.55,42747.2,42703.1,42742.9,0
2025-07-22 12:00:00,42742.9,42750.8,42712.75,42716.45,0
2025-07-22 12:15:00,42716.3,42742.1,42701.25,42721.85,0
2025-07-22 12:30:00,42722.05,42731.25,42705.9,42727.65,0
2025-07-22 12:45:00,42727.75,42765.75,42720.1,42760.65,0
2025-07-22 13:00:00,42761.6,42768.9,42712.75,42720.45,0
2025-07-22 13:15:00,42719.05,42741.55,42705.15,42720.6,0
2025-07-22 13:30:00,42721.15,42735.15,42710.35,42726.95,0
2025-07-22 13:45:00,42727.0,42759.6,42710.4,42740.4,0
2025-07-22 14:00:00,42741.2,42754.65,42718.5,42719.45,0
2025-07-22 14:15:00,42720.4,42729.05,42654.75,42671.0,0
2025-07-22 14:30:00,42671.0,42683.5,42648.7,42651.0,0
2025-07-22 14:45:00,42651.0,42688.6,42641.45,42654.9,0
2025-07-22 15:00:00,42655.75,42680.3,42611.0,42676.65,0
2025-07-22 15:15:00,42676.65,42720.35,42657.05,42697.7,0
2025-07-23 09:15:00,42798.5,42821.6,42628.65,42632.9,0
2025-07-23 09:30:00,42632.8,42658.4,42546.45,42565.2,0
2025-07-23 09:45:00,42566.7,42617.25,42531.15,42604.15,0
2025-07-23 10:00:00,42604.15,42615.55,42535.4,42591.8,0
2025-07-23 10:15:00,42592.75,42601.25,42545.85,42582.05,0
2025-07-23 10:30:00,42583.75,42603.2,42553.45,42567.1,0
2025-07-23 10:45:00,42566.35,42577.0,42541.7,42551.75,0
2025-07-23 11:00:00,42550.7,42594.25,42538.2,42538.95,0
2025-07-23 11:15:00,42539.35,42550.75,42493.95,42521.8,0
2025-07-23 11:30:00,42522.7,42530.7,42493.45,42506.5,0
2025-07-23 11:45:00,42505.05,42554.2,42500.95,42553.2,0
2025-07-23 12:00:00,42553.2,42567.75,42533.55,42545.55,0
2025-07-23 12:15:00,42546.6,42582.0,42535.45,42579.7,0
2025-07-23 12:30:00,42578.95,42613.25,42571.9,42597.35,0
2025-07-23 12:45:00,42595.05,42607.45,42575.95,42600.15,0
2025-07-23 13:00:00,42600.15,42620.75,42557.0,42558.55,0
2025-07-23 13:15:00,42558.55,42586.15,42552.4,42562.75,0
2025-07-23 13:30:00,42563.1,42583.15,42561.7,42567.0,0
2025-07-23 13:45:00,42567.55,42599.6,42563.65,42591.95,0
2025-07-23 14:00:00,42592.85,42612.7,42577.55,42612.7,0
2025-07-23 14:15:00,42611.45,42624.15,42592.7,42593.6,0
2025-07-23 14:30:00,42593.6,42630.15,42583.2,42626.6,0
2025-07-23 14:45:00,42626.6,42676.3,42626.35,42668.05,0
2025-07-23 15:00:00,42669.45,42715.15,42669.45,42686.35,0
2025-07-23 15:15:00,42686.35,42720.65,42681.25,42695.3,0
2025-07-24 09:15:00,42653.35,42665.3,42442.4,42470.8,0
2025-07-24 09:30:00,42470.8,42478.45,42376.2,42391.1,0
2025-07-24 09:45:00,42387.9,42396.35,42312.2,42315.85,0
2025-07-24 10:00:00,42313.2,42325.3,42173.8,42182.8,0
2025-07-24 10:15:00,42182.5,42229.4,42130.4,42220.0,0
2025-07-24 10:30:00,42220.0,42247.95,42189.05,42217.3,0
2025-07-24 10:45:00,42217.25,42222.0,42115.6,42132.05,0
2025-07-24 11:00:00,42133.35,42147.6,42100.05,42114.4,0
2025-07-24 11:15:00,42115.65,42122.0,42050.05,42065.45,0
2025-07-24 11:30:00,42064.9,42072.4,42007.15,42028.4,0
2025-07-24 11:45:00,42034.0,42058.6,41971.35,41984.05,0
2025-07-24 12:00:00,41984.05,41989.7,41920.2,41982.5,0
2025-07-24 12:15:00,41982.5,42004.95,41973.6,41998.65,0
2025-07-24 12:30:00,41998.65,42044.9,41989.5,42029.55,0
2025-07-24 12:45:00,42029.9,42047.15,41952.8,41953.75,0
2025-07-24 13:00:00,41954.35,41996.05,41941.4,41954.55,0
2025-07-24 13:15:00,41954.55,41986.3,41936.0,41979.65,0
2025-07-24 13:30:00,41978.7,41990.95,41954.75,41980.35,0
2025-07-24 13:45:00,41980.35,42020.4,41974.2,41986.55,0
2025-07-24 14:00:00,41986.55,42041.75,41986.55,42025.8,0
2025-07-24 14:15:00,42026.5,42038.85,41952.55,41961.55,0
2025-07-24 14:30:00,41961.55,42006.35,41954.1,41996.25,0
2025-07-24 14:45:00,41995.55,42001.05,41933.4,41935.85,0
2025-07-24 15:00:00,41935.85,42003.6,41935.85,41995.15,0
2025-07-24 15:15:00,41995.15,42004.3,41959.85,41972.15,0
2025-07-25 09:15:00,41839.65,41896.05,41681.45,41896.05,0
2025-07-25 09:30:00,41894.2,41894.2,41714.7,41716.5,0
2025-07-25 09:45:00,41716.85,41726.5,41608.9,41676.65,0
2025-07-25 10:00:00,41678.3,41678.3,41557.95,41557.95,0
2025-07-25 10:15:00,41559.95,41560.75,41481.1,41504.9,0
2025-07-25 10:30:00,41504.9,41519.55,41446.1,41512.9,0
2025-07-25 10:45:00,41513.25,41513.25,41428.5,41458.95,0
2025-07-25 11:00:00,41458.45,41475.3,41410.1,41432.15,0
2025-07-25 11:15:00,41432.15,41486.9,41425.65,41454.1,0
2025-07-25 11:30:00,41454.1,41492.15,41396.35,41415.8,0
2025-07-25 11:45:00,41416.0,41420.25,41347.85,41392.15,0
2025-07-25 12:00:00,41392.15,41392.4,41328.3,41341.2,0
2025-07-25 12:15:00,41341.15,41344.8,41282.6,41296.15,0
2025-07-25 12:30:00,41296.15,41430.1,41294.85,41404.9,0
2025-07-25 12:45:00,41404.9,41440.7,41393.6,41410.65,0
2025-07-25 13:00:00,41409.8,41419.8,41364.75,41389.25,0
2025-07-25 13:15:00,41386.9,41394.95,41346.95,41346.95,0
2025-07-25 13:30:00,41345.8,41354.3,41293.3,41352.0,0
2025-07-25 13:45:00,41352.0,41376.7,41342.15,41362.6,0
2025-07-25 14:00:00,41362.6,41368.6,41296.7,41312.7,0
2025-07-25 14:15:00,41312.7,41337.8,41296.05,41325.25,0
2025-07-25 14:30:00,41325.25,41348.05,41278.4,41305.15,0
2025-07-25 14:45:00,41303.95,41320.8,41274.45,41316.0,0
2025-07-25 15:00:00,41316.0,41321.6,41215.55,41279.2,0
2025-07-25 15:15:00,41277.6,41290.5,41239.1,41286.2,0
2025-07-28 09:15:00,41183.15,41293.2,41028.95,41293.15,0
2025-07-28 09:30:00,41293.15,41433.35,41290.05,41370.85,0
2025-07-28 09:45:00,41366.7,41465.8,41359.6,41392.1,0
2025-07-28 10:00:00,41392.1,41443.35,41391.1,41419.0,0
2025-07-28 10:15:00,41419.0,41474.4,41415.3,41456.55,0
2025-07-28 10:30:00,41458.55,41484.3,41324.15,41331.85,0
2025-07-28 10:45:00,41332.9,41332.9,41209.1,41307.2,0
2025-07-28 11:00:00,41307.2,41336.5,41214.0,41258.95,0
2025-07-28 11:15:00,41258.95,41276.75,41233.8,41244.85,0
2025-07-28 11:30:00,41244.9,41249.1,41164.4,41170.15,0
2025-07-28 11:45:00,41171.85,41177.85,41132.05,41168.35,0
2025-07-28 12:00:00,41168.9,41170.55,41096.0,41096.0,0
2025-07-28 12:15:00,41096.0,41103.9,41045.9,41103.75,0
2025-07-28 12:30:00,41103.75,41119.4,41067.6,41067.7,0
2025-07-28 12:45:00,41067.7,41067.7,40889.85,40890.7,0
2025-07-28 13:00:00,40892.5,40901.3,40823.05,40833.55,0
2025-07-28 13:15:00,40832.9,40867.0,40807.1,40813.5,0
2025-07-28 13:30:00,40813.5,40824.6,40759.05,40772.95,0
2025-07-28 13:45:00,40770.45,40853.1,40753.6,40819.3,0
2025-07-28 14:00:00,40819.3,40819.3,40750.3,40795.35,0
2025-07-28 14:15:00,40795.15,40812.4,40747.1,40748.2,0
2025-07-28 14:30:00,40750.2,40875.55,40745.6,40873.25,0
2025-07-28 14:45:00,40873.25,40896.7,40812.25,40873.75,0
2025-07-28 15:00:00,40873.75,40896.75,40791.35,40852.25,0
2025-07-28 15:15:00,40851.9,40852.7,40789.4,40820.3,0
2025-07-29 09:15:00,40712.75,40818.65,40635.1,40779.9,0
2025-07-29 09:30:00,40779.35,40830.6,40763.65,40781.9,0
2025-07-29 09:45:00,40781.9,40912.85,40781.9,40865.05,0
2025-07-29 10:00:00,40865.05,40905.75,40743.25,40743.25,0
2025-07-29 10:15:00,40744.2,40772.9,40613.1,40627.5,0
2025-07-29 10:30:00,40627.5,40697.95,40626.9,40663.5,0
2025-07-29 10:45:00,40663.15,40663.65,40597.7,40662.3,0
2025-07-29 11:00:00,40662.3,40666.9,40620.0,40666.3,0
2025-07-29 11:15:00,40666.3,40751.3,40666.3,40723.65,0
2025-07-29 11:30:00,40721.8,40756.75,40672.9,40687.75,0
2025-07-29 11:45:00,40687.75,40735.1,40675.7,40703.0,0
2025-07-29 12:00:00,40701.45,40795.65,40686.25,40777.5,0
2025-07-29 12:15:00,40777.5,40850.5,40777.5,40837.9,0
2025-07-29 12:30:00,40837.9,40884.8,40833.9,40862.65,0
2025-07-29 12:45:00,40862.2,40949.55,40861.85,40918.15,0
2025-07-29 13:00:00,40917.5,40968.85,40881.3,40954.0,0
2025-07-29 13:15:00,40953.8,40964.05,40933.25,40936.9,0
2025-07-29 13:30:00,40937.55,40987.4,40934.15,40971.35,0
2025-07-29 13:45:00,40970.15,41030.55,40969.5,40992.1,0
2025-07-29 14:00:00,40992.7,41025.9,40976.85,41006.3,0
2025-07-29 14:15:00,41006.3,41098.3,41004.15,41087.4,0
2025-07-29 14:30:00,41087.4,41152.0,41077.4,41115.9,0
2025-07-29 14:45:00,41115.4,41115.95,41059.85,41073.0,0
2025-07-29 15:00:00,41073.0,41104.4,41013.75,41086.65,0
2025-07-29 15:15:00,41086.65,41159.0,41084.05,41142.4,0
2025-07-30 09:15:00,41167.2,41254.1,41115.45,41135.95,0
2025-07-30 09:30:00,41135.95,41233.5,41135.95,41233.5,0
2025-07-30 09:45:00,41233.5,41234.05,41079.0,41149.8,0
2025-07-30 10:00:00,41149.25,41161.65,41120.45,41146.7,0
2025-07-30 10:15:00,41147.05,41190.65,41094.3,41094.65,0
2025-07-30 10:30:00,41091.15,41136.65,41068.2,41081.0,0
2025-07-30 10:45:00,41080.55,41139.85,41054.25,41128.75,0
2025-07-30 11:00:00,41128.55,41206.5,41117.6,41205.65,0
2025-07-30 11:15:00,41205.65,41288.25,41205.3,41279.45,0
2025-07-30 11:30:00,41277.95,41339.3,41273.6,41294.75,0
2025-07-30 11:45:00,41296.0,41299.8,41260.85,41290.15,0
2025-07-30 12:00:00,41290.15,41295.45,41236.1,41238.5,0
2025-07-30 12:15:00,41238.5,41294.7,41236.05,41273.5,0
2025-07-30 12:30:00,41274.3,41291.0,41261.5,41274.7,0
2025-07-30 12:45:00,41274.3,41293.85,41269.9,41288.3,0
2025-07-30 13:00:00,41288.3,41298.4,41263.85,41270.55,0
2025-07-30 13:15:00,41270.55,41277.35,41227.85,41230.75,0
2025-07-30 13:30:00,41232.0,41289.6,41225.05,41287.0,0
2025-07-30 13:45:00,41287.9,41289.6,41253.95,41283.2,0
2025-07-30 14:00:00,41282.75,41309.35,41260.2,41286.05,0
2025-07-30 14:15:00,41286.05,41293.5,41257.0,41286.3,0
2025-07-30 14:30:00,41286.3,41296.25,41256.05,41256.35,0
2025-07-30 14:45:00,41256.65,41284.35,41252.7,41273.7,0
2025-07-30 15:00:00,41275.8,41306.15,41272.55,41302.05,0
2025-07-30 15:15:00,41302.05,41303.2,41237.0,41258.75,0
2025-07-31 09:15:00,40790.8,41052.45,40714.2,41046.3,0
2025-07-31 09:30:00,41039.7,41046.65,40984.9,41019.35,0
2025-07-31 09:45:00,41017.4,41021.65,40947.05,40957.9,0
2025-07-31 10:00:00,40957.9,40958.45,40837.1,40886.5,0
2025-07-31 10:15:00,40886.5,40916.2,40853.7,40881.5,0
2025-07-31 10:30:00,40881.5,40917.4,40869.15,40897.7,0
2025-07-31 10:45:00,40896.85,41002.3,40896.85,40983.5,0
2025-07-31 11:00:00,40983.5,41056.45,40982.85,41004.5,0
2025-07-31 11:15:00,41004.15,41074.1,40992.65,41054.95,0
2025-07-31 11:30:00,41054.95,41093.85,41052.65,41082.9,0
2025-07-31 11:45:00,41083.9,41116.85,41028.1,41032.35,0
2025-07-31 12:00:00,41032.85,41065.3,40971.35,41064.5,0
2025-07-31 12:15:00,41064.5,41127.1,41060.6,41110.85,0
2025-07-31 12:30:00,41110.85,41209.5,41110.85,41165.75,0
2025-07-31 12:45:00,41166.2,41247.95,41153.2,41239.9,0
2025-07-31 13:00:00,41240.05,41294.7,41217.75,41249.5,0
2025-07-31 13:15:00,41249.1,41292.6,41233.05,41292.6,0
2025-07-31 13:30:00,41292.6,41326.15,41271.95,41272.2,0
2025-07-31 13:45:00,41272.2,41298.6,41221.25,41248.15,0
2025-07-31 14:00:00,41247.9,41339.45,41237.75,41295.3,0
2025-07-31 14:15:00,41295.2,41296.4,41209.85,41214.15,0
2025-07-31 14:30:00,41214.15,41272.7,41179.5,41249.1,0
2025-07-31 14:45:00,41249.1,41250.2,41188.1,41216.8,0
2025-07-31 15:00:00,41219.85,41219.85,41095.2,41107.2,0
2025-07-31 15:15:00,41105.95,41110.9,41031.85,41039.4,0
2025-08-01 09:15:00,41141.15,41236.9,41087.2,41105.7,0
2025-08-01 09:30:00,41105.7,41189.75,41045.45,41106.9,0
2025-08-01 09:45:00,41106.25,41108.95,40977.35,41007.5,0
2025-08-01 10:00:00,41007.5,41097.1,40972.35,41097.1,0
2025-08-01 10:15:00,41097.1,41172.95,41074.55,41162.5,0
2025-08-01 10:30:00,41162.5,41210.9,41134.6,41150.7,0
2025-08-01 10:45:00,41152.75,41166.7,41119.4,41151.8,0
2025-08-01 11:00:00,41152.95,41183.5,41081.0,41091.6,0
2025-08-01 11:15:00,41091.6,41121.45,41068.45,41088.0,0
2025-08-01 11:30:00,41088.0,41090.0,40959.3,40969.4,0
2025-08-01 11:45:00,40970.1,41034.0,40969.1,41009.75,0
2025-08-01 12:00:00,41009.75,41022.95,40984.45,41001.9,0
2025-08-01 12:15:00,41001.9,41043.0,40977.6,41005.7,0
2025-08-01 12:30:00,41005.7,41047.65,40962.35,40981.6,0
2025-08-01 12:45:00,40981.6,41038.3,40968.1,41013.2,0
2025-08-01 13:00:00,41012.85,41055.95,40989.25,41048.45,0
2025-08-01 13:15:00,41048.45,41066.0,41024.9,41054.9,0
2025-08-01 13:30:00,41054.85,41080.7,40995.95,41046.25,0
2025-08-01 13:45:00,41046.25,41049.75,40996.45,41001.8,0
2025-08-01 14:00:00,41002.75,41011.05,40957.8,40964.1,0
2025-08-01 14:15:00,40964.1,40965.1,40848.0,40875.95,0
2025-08-01 14:30:00,40876.75,40932.75,40835.15,40856.85,0
2025-08-01 14:45:00,40854.7,40935.4,40840.8,40861.5,0
2025-08-01 15:00:00,40865.7,40882.05,40681.7,40686.55,0
2025-08-01 15:15:00,40686.55,40745.95,40663.85,40731.5,0
2025-08-04 09:15:00,40787.55,40971.7,40680.75,40952.25,0
2025-08-04 09:30:00,40952.25,40996.5,40809.15,40809.15,0
2025-08-04 09:45:00,40809.15,40883.2,40708.9,40797.55,0
2025-08-04 10:00:00,40798.4,40885.15,40767.2,40852.4,0
2025-08-04 10:15:00,40852.3,40899.0,40814.4,40830.1,0
2025-08-04 10:30:00,40828.3,40856.55,40809.7,40810.25,0
2025-08-04 10:45:00,40810.25,40810.85,40727.8,40771.95,0
2025-08-04 11:00:00,40772.25,40844.4,40768.45,40843.4,0
2025-08-04 11:15:00,40843.4,40891.95,40841.3,40856.95,0
2025-08-04 11:30:00,40856.6,40890.5,40843.4,40886.1,0
2025-08-04 11:45:00,40886.1,40981.3,40886.1,40979.7,0
2025-08-04 12:00:00,40979.7,41041.85,40957.5,41011.3,0
2025-08-04 12:15:00,41010.35,41083.6,41006.55,41082.85,0
2025-08-04 12:30:00,41080.65,41095.15,41043.5,41047.2,0
2025-08-04 12:45:00,41047.2,41089.75,41040.4,41086.9,0
2025-08-04 13:00:00,41086.9,41112.0,41080.65,41088.1,0
2025-08-04 13:15:00,41088.1,41092.65,41031.6,41041.05,0
2025-08-04 13:30:00,41041.05,41101.15,41037.95,41101.15,0
2025-08-04 13:45:00,41101.5,41157.65,41100.5,41144.0,0
2025-08-04 14:00:00,41142.7,41170.95,41108.5,41170.95,0
2025-08-04 14:15:00,41169.85,41207.9,41169.4,41194.7,0
2025-08-04 14:30:00,41194.45,41236.4,41194.45,41208.95,0
2025-08-04 14:45:00,41208.95,41252.25,41191.65,41234.0,0
2025-08-04 15:00:00,41235.1,41257.85,41183.05,41239.65,0
2025-08-04 15:15:00,41238.6,41266.75,41234.0,41259.8,0
2025-08-05 09:15:00,41348.35,41350.65,41202.75,41280.95,0
2025-08-05 09:30:00,41280.4,41282.8,41122.3,41142.0,0
2025-08-05 09:45:00,41142.0,41142.0,41052.7,41059.55,0
2025-08-05 10:00:00,41059.6,41142.3,41041.1,41108.65,0
2025-08-05 10:15:00,41108.65,41130.9,41072.9,41088.55,0
2025-08-05 10:30:00,41088.55,41173.35,41063.75,41152.35,0
2025-08-05 10:45:00,41151.55,41184.1,41059.15,41075.55,0
2025-08-05 11:00:00,41075.55,41155.2,41030.8,41152.75,0
2025-08-05 11:15:00,41154.35,41203.4,41146.25,41179.3,0
2025-08-05 11:30:00,41177.6,41178.2,41104.5,41124.85,0
2025-08-05 11:45:00,41124.6,41133.1,41098.75,41110.15,0
2025-08-05 12:00:00,41110.15,41166.1,41096.2,41142.75,0
2025-08-05 12:15:00,41141.05,41173.25,41128.2,41158.25,0
2025-08-05 12:30:00,41158.25,41170.95,41102.0,41117.7,0
2025-08-05 12:45:00,41119.25,41126.95,41083.85,41088.15,0
2025-08-05 13:00:00,41088.15,41089.35,41035.9,41084.7,0
2025-08-05 13:15:00,41084.7,41087.65,41010.0,41059.45,0
2025-08-05 13:30:00,41057.9,41105.05,41046.85,41087.55,0
2025-08-05 13:45:00,41089.7,41142.45,41087.35,41132.65,0
2025-08-05 14:00:00,41132.65,41139.65,41035.9,41072.9,0
2025-08-05 14:15:00,41072.9,41115.2,41064.3,41105.8,0
2025-08-05 14:30:00,41103.25,41141.4,41077.9,41131.35,0
2025-08-05 14:45:00,41132.6,41141.1,41081.1,41110.55,0
2025-08-05 15:00:00,41110.55,41228.7,41071.15,41226.45,0
2025-08-05 15:15:00,41225.75,41225.75,41179.4,41196.4,0
2025-08-06 09:15:00,41275.4,41286.25,41036.25,41040.55,0
2025-08-06 09:30:00,41040.55,41060.6,40919.45,40927.45,0
2025-08-06 09:45:00,40927.45,40945.15,40827.2,40885.6,0
2025-08-06 10:00:00,40885.6,40894.2,40778.4,40837.65,0
2025-08-06 10:15:00,40837.9,40933.15,40816.15,40886.1,0
2025-08-06 10:30:00,40886.1,40886.1,40757.6,40758.25,0
2025-08-06 10:45:00,40758.25,40788.3,40709.45,40719.8,0
2025-08-06 11:00:00,40719.4,40732.25,40664.9,40693.25,0
2025-08-06 11:15:00,40692.7,40727.15,40646.1,40726.7,0
2025-08-06 11:30:00,40726.7,40729.2,40642.6,40662.1,0
2025-08-06 11:45:00,40662.1,40727.95,40640.9,40659.2,0
2025-08-06 12:00:00,40659.2,40841.7,40634.9,40827.8,0
2025-08-06 12:15:00,40826.3,40898.7,40805.0,40866.8,0
2025-08-06 12:30:00,40864.4,40875.0,40786.35,40803.2,0
2025-08-06 12:45:00,40803.2,40835.4,40744.15,40803.95,0
2025-08-06 13:00:00,40804.6,40830.75,40799.95,40816.65,0
2025-08-06 13:15:00,40816.65,40829.6,40777.6,40812.25,0
2025-08-06 13:30:00,40812.25,40848.6,40797.9,40833.9,0
2025-08-06 13:45:00,40832.15,40844.75,40765.4,40798.7,0
2025-08-06 14:00:00,40798.7,40799.65,40743.65,40748.95,0
2025-08-06 14:15:00,40748.95,40761.9,40706.25,40711.65,0
2025-08-06 14:30:00,40711.65,40711.65,40637.05,40685.0,0
2025-08-06 14:45:00,40685.0,40769.5,40680.3,40737.4,0
2025-08-06 15:00:00,40736.35,40747.2,40685.9,40705.55,0
2025-08-06 15:15:00,40705.55,40720.2,40661.5,40674.65,0
2025-08-07 09:15:00,40511.1,40709.6,40508.6,40684.6,0
2025-08-07 09:30:00,40680.05,40787.7,40647.2,40674.0,0
2025-08-07 09:45:00,40675.95,40728.55,40628.1,40637.1,0
2025-08-07 10:00:00,40636.1,40694.55,40593.55,40597.9,0
2025-08-07 10:15:00,40598.9,40637.5,40511.95,40511.95,0
2025-08-07 10:30:00,40511.95,40521.4,40454.2,40514.6,0
2025-08-07 10:45:00,40514.6,40516.95,40450.3,40492.75,0
2025-08-07 11:00:00,40492.75,40500.45,40391.1,40402.55,0
2025-08-07 11:15:00,40402.5,40435.95,40390.25,40420.25,0
2025-08-07 11:30:00,40420.25,40428.3,40373.65,40400.35,0
2025-08-07 11:45:00,40397.35,40418.1,40390.7,40395.15,0
2025-08-07 12:00:00,40394.4,40452.7,40370.05,40452.7,0
2025-08-07 12:15:00,40453.15,40480.85,40391.8,40402.2,0
2025-08-07 12:30:00,40402.35,40417.7,40348.7,40403.8,0
2025-08-07 12:45:00,40404.15,40408.9,40370.1,40396.25,0
2025-08-07 13:00:00,40393.25,40395.35,40314.75,40324.15,0
2025-08-07 13:15:00,40325.55,40327.35,40227.0,40231.9,0
2025-08-07 13:30:00,40231.9,40300.8,40209.1,40296.0,0
2025-08-07 13:45:00,40295.45,40329.15,40261.5,40326.0,0
2025-08-07 14:00:00,40326.0,40472.4,40326.0,40460.2,0
2025-08-07 14:15:00,40460.6,40562.35,40460.6,40515.95,0
2025-08-07 14:30:00,40515.95,40640.4,40515.95,40640.4,0
2025-08-07 14:45:00,40640.4,40706.15,40626.4,40699.95,0
2025-08-07 15:00:00,40699.95,40789.15,40698.9,40773.55,0
2025-08-07 15:15:00,40773.55,40843.05,40768.8,40825.4,0
2025-08-08 09:15:00,40818.3,40820.15,40412.35,40414.0,0
2025-08-08 09:30:00,40414.0,40518.55,40403.0,40455.05,0
2025-08-08 09:45:00,40455.05,40467.6,40401.8,40401.8,0
2025-08-08 10:00:00,40400.95,40447.8,40355.8,40420.75,0
2025-08-08 10:15:00,40421.6,40501.0,40407.05,40436.8,0
2025-08-08 10:30:00,40437.15,40445.35,40335.4,40355.1,0
2025-08-08 10:45:00,40355.1,40370.75,40321.15,40344.35,0
2025-08-08 11:00:00,40344.85,40443.8,40340.85,40436.25,0
2025-08-08 11:15:00,40436.25,40476.4,40415.15,40416.6,0
2025-08-08 11:30:00,40417.55,40457.6,40383.35,40399.8,0
2025-08-08 11:45:00,40399.75,40426.6,40378.15,40400.15,0
2025-08-08 12:00:00,40400.7,40404.85,40347.95,40396.1,0
2025-08-08 12:15:00,40394.25,40394.25,40343.8,40382.75,0
2025-08-08 12:30:00,40382.75,40385.45,40335.75,40362.85,0
2025-08-08 12:45:00,40363.4,40430.5,40360.75,40388.0,0
2025-08-08 13:00:00,40388.0,40393.9,40336.25,40345.95,0
2025-08-08 13:15:00,40345.2,40374.35,40315.25,40319.6,0
2025-08-08 13:30:00,40319.6,40378.8,40312.45,40369.15,0
2025-08-08 13:45:00,40369.15,40375.9,40307.85,40312.95,0
2025-08-08 14:00:00,40313.55,40360.6,40242.45,40268.05,0
2025-08-08 14:15:00,40268.05,40301.8,40210.25,40216.15,0
2025-08-08 14:30:00,40216.15,40306.4,40201.05,40264.25,0
2025-08-08 14:45:00,40264.25,40271.05,40181.05,40188.25,0
2025-08-08 15:00:00,40188.25,40193.6,40104.6,40106.75,0
2025-08-08 15:15:00,40106.75,40114.3,40068.3,40098.55,0
2025-08-11 09:15:00,40105.35,40257.85,40027.45,40175.1,0
2025-08-11 09:30:00,40175.1,40176.85,40050.15,40070.05,0
2025-08-11 09:45:00,40070.8,40085.35,39959.95,40072.1,0
2025-08-11 10:00:00,40072.1,40118.3,40043.65,40112.2,0
2025-08-11 10:15:00,40113.7,40310.45,40112.05,40307.9,0
2025-08-11 10:30:00,40308.15,40377.75,40284.35,40370.7,0
2025-08-11 10:45:00,40370.7,40390.7,40337.65,40363.25,0
2025-08-11 11:00:00,40362.75,40395.6,40289.4,40311.3,0
2025-08-11 11:15:00,40311.3,40332.25,40295.65,40328.45,0
2025-08-11 11:30:00,40325.95,40338.85,40202.6,40203.4,0
2025-08-11 11:45:00,40203.6,40228.5,40158.15,40215.6,0
2025-08-11 12:00:00,40216.4,40265.9,40216.0,40261.3,0
2025-08-11 12:15:00,40262.35,40284.35,40252.05,40263.55,0
2025-08-11 12:30:00,40264.3,40306.35,40232.75,40306.35,0
2025-08-11 12:45:00,40306.35,40339.55,40293.35,40330.8,0
2025-08-11 13:00:00,40330.8,40350.9,40309.3,40317.95,0
2025-08-11 13:15:00,40317.95,40333.2,40283.2,40301.5,0
2025-08-11 13:30:00,40301.25,40337.45,40293.4,40329.4,0
2025-08-11 13:45:00,40329.9,40340.7,40306.8,40336.0,0
2025-08-11 14:00:00,40336.5,40366.15,40316.2,40334.85,0
2025-08-11 14:15:00,40336.1,40349.4,40288.85,40310.45,0
2025-08-11 14:30:00,40309.55,40348.55,40309.55,40331.1,0
2025-08-11 14:45:00,40331.1,40373.95,40331.0,40358.85,0
2025-08-11 15:00:00,40358.85,40387.5,40293.5,40301.75,0
2025-08-11 15:15:00,40301.75,40301.75,40257.85,40284.7,0
2025-08-12 09:15:00,40389.7,40420.8,40245.3,40271.55,0
2025-08-12 09:30:00,40271.55,40271.65,40143.2,40202.2,0
2025-08-12 09:45:00,40203.0,40325.15,40202.85,40312.5,0
2025-08-12 10:00:00,40313.75,40342.5,40278.6,40281.1,0
2025-08-12 10:15:00,40281.7,40306.25,40214.05,40214.05,0
2025-08-12 10:30:00,40214.05,40250.9,40131.55,40202.1,0
2025-08-12 10:45:00,40201.7,40247.25,40178.1,40193.15,0
2025-08-12 11:00:00,40193.65,40197.6,40121.75,40139.3,0
2025-08-12 11:15:00,40139.3,40178.05,40116.45,40123.75,0
2025-08-12 11:30:00,40123.75,40151.95,40109.25,40138.5,0
2025-08-12 11:45:00,40138.5,40158.25,40097.65,40154.85,0
2025-08-12 12:00:00,40154.85,40174.8,40140.65,40172.4,0
2025-08-12 12:15:00,40172.4,40218.35,40156.6,40204.0,0
2025-08-12 12:30:00,40205.4,40243.1,40205.0,40221.9,0
2025-08-12 12:45:00,40221.25,40222.25,40174.3,40174.3,0
2025-08-12 13:00:00,40174.3,40209.8,40168.0,40171.1,0
2025-08-12 13:15:00,40171.1,40171.1,40107.65,40125.05,0
2025-08-12 13:30:00,40125.15,40127.55,40095.85,40119.9,0
2025-08-12 13:45:00,40120.0,40193.1,40116.1,40189.9,0
2025-08-12 14:00:00,40187.5,40188.45,40114.2,40131.0,0
2025-08-12 14:15:00,40131.0,40189.95,40065.75,40188.75,0
2025-08-12 14:30:00,40188.05,40188.05,40096.5,40096.9,0
2025-08-12 14:45:00,40095.25,40099.45,40023.85,40050.7,0
2025-08-12 15:00:00,40050.7,40064.4,39987.55,40011.3,0
2025-08-12 15:15:00,40012.65,40016.45,39980.05,40000.05,0
2025-08-13 09:15:00,40130.05,40269.25,40123.85,40138.0,0
2025-08-13 09:30:00,40134.2,40152.95,40095.0,40128.8,0
2025-08-13 09:45:00,40128.8,40217.25,40126.65,40191.2,0
2025-08-13 10:00:00,40191.85,40256.85,40167.5,40213.35,0
2025-08-13 10:15:00,40213.35,40263.8,40195.8,40246.65,0
2025-08-13 10:30:00,40248.45,40251.6,40179.35,40186.2,0
2025-08-13 10:45:00,40185.65,40187.15,40134.95,40169.0,0
2025-08-13 11:00:00,40169.0,40195.75,40157.2,40185.65,0
2025-08-13 11:15:00,40185.65,40212.15,40160.6,40171.1,0
2025-08-13 11:30:00,40171.1,40214.8,40168.35,40173.45,0
2025-08-13 11:45:00,40176.5,40181.1,40087.85,40087.85,0
2025-08-13 12:00:00,40088.35,40155.6,40059.2,40153.8,0
2025-08-13 12:15:00,40153.8,40209.75,40153.8,40163.75,0
2025-08-13 12:30:00,40164.0,40211.25,40163.2,40204.75,0
2025-08-13 12:45:00,40204.75,40236.75,40200.7,40236.75,0
2025-08-13 13:00:00,40237.75,40287.05,40234.1,40247.25,0
2025-08-13 13:15:00,40244.95,40280.3,40232.15,40252.55,0
2025-08-13 13:30:00,40252.55,40315.45,40237.75,40312.7,0
2025-08-13 13:45:00,40313.35,40370.4,40310.75,40367.75,0
2025-08-13 14:00:00,40368.1,40395.15,40362.45,40379.1,0
2025-08-13 14:15:00,40378.75,40380.95,40345.4,40365.4,0
2025-08-13 14:30:00,40362.7,40413.4,40358.0,40406.2,0
2025-08-13 14:45:00,40404.95,40428.6,40386.35,40420.65,0
2025-08-13 15:00:00,40420.0,40420.95,40351.2,40353.5,0
2025-08-13 15:15:00,40353.65,40383.25,40342.9,40378.55,0
2025-08-14 09:15:00,40457.5,40522.15,40408.1,40444.15,0
2025-08-14 09:30:00,40442.25,40449.5,40334.6,40376.35,0
2025-08-14 09:45:00,40376.35,40400.5,40279.7,40289.8,0
2025-08-14 10:00:00,40289.3,40333.6,40253.9,40306.85,0
2025-08-14 10:15:00,40306.85,40396.05,40291.05,40373.45,0
2025-08-14 10:30:00,40373.95,40390.75,40327.95,40353.7,0
2025-08-14 10:45:00,40352.65,40379.45,40344.3,40369.1,0
2025-08-14 11:00:00,40371.0,40393.25,40322.6,40323.8,0
2025-08-14 11:15:00,40326.15,40349.6,40274.0,40294.65,0
2025-08-14 11:30:00,40294.65,40320.25,40272.5,40280.3,0
2025-08-14 11:45:00,40280.3,40326.2,40264.75,40310.9,0
2025-08-14 12:00:00,40310.9,40330.3,40304.65,40318.95,0
2025-08-14 12:15:00,40320.15,40341.1,40314.1,40325.95,0
2025-08-14 12:30:00,40325.95,40351.25,40313.9,40320.65,0
2025-08-14 12:45:00,40322.65,40372.9,40313.85,40365.95,0
2025-08-14 13:00:00,40365.95,40372.45,40341.7,40353.05,0
2025-08-14 13:15:00,40353.05,40373.5,40292.0,40302.2,0
2025-08-14 13:30:00,40300.55,40386.45,40295.05,40382.35,0
2025-08-14 13:45:00,40382.85,40382.85,40346.5,40355.75,0
2025-08-14 14:00:00,40355.75,40372.75,40343.9,40362.85,0
2025-08-14 14:15:00,40362.2,40367.4,40302.8,40309.75,0
2025-08-14 14:30:00,40309.75,40336.6,40269.95,40328.3,0
2025-08-14 14:45:00,40329.2,40383.55,40327.6,40372.4,0
2025-08-14 15:00:00,40372.75,40388.25,40347.45,40356.35,0
2025-08-14 15:15:00,40355.7,40360.75,40318.65,40329.75,0
2025-08-18 09:15:00,40855.4,40993.65,40777.45,40795.85,0
2025-08-18 09:30:00,40795.15,40911.85,40793.3,40910.5,0
2025-08-18 09:45:00,40909.4,41007.2,40898.9,41006.0,0
2025-08-18 10:00:00,41008.1,41064.3,41008.1,41023.6,0
2025-08-18 10:15:00,41023.6,41068.95,41014.15,41042.7,0
2025-08-18 10:30:00,41042.7,41042.8,40978.55,41015.4,0
2025-08-18 10:45:00,41013.45,41013.45,40906.75,40934.5,0
2025-08-18 11:00:00,40934.5,40977.5,40926.8,40976.5,0
2025-08-18 11:15:00,40973.65,40987.4,40939.85,40952.55,0
2025-08-18 11:30:00,40952.55,40955.8,40887.6,40918.75,0
2025-08-18 11:45:00,40920.1,40926.9,40826.65,40832.95,0
2025-08-18 12:00:00,40833.9,40835.2,40728.4,40734.6,0
2025-08-18 12:15:00,40734.6,40766.45,40713.0,40738.6,0
2025-08-18 12:30:00,40739.0,40803.7,40725.3,40796.75,0
2025-08-18 12:45:00,40797.3,40833.25,40791.3,40819.25,0
2025-08-18 13:00:00,40815.65,40862.05,40813.35,40856.45,0
2025-08-18 13:15:00,40855.8,40871.95,40821.0,40827.2,0
2025-08-18 13:30:00,40827.2,40838.1,40799.75,40834.05,0
2025-08-18 13:45:00,40834.05,40834.05,40804.2,40808.75,0
2025-08-18 14:00:00,40808.75,40818.55,40786.1,40807.3,0
2025-08-18 14:15:00,40807.3,40834.15,40801.05,40828.2,0
2025-08-18 14:30:00,40830.55,40844.25,40792.15,40804.0,0
2025-08-18 14:45:00,40804.0,40827.0,40797.1,40810.6,0
2025-08-18 15:00:00,40810.6,40817.55,40734.75,40749.7,0
2025-08-18 15:15:00,40749.7,40780.85,40733.3,40768.3,0
2025-08-19 09:15:00,40825.65,40841.05,40594.45,40602.1,0
2025-08-19 09:30:00,40601.6,40607.85,40491.75,40494.9,0
2025-08-19 09:45:00,40494.9,40609.1,40472.95,40592.0,0
2025-08-19 10:00:00,40591.4,40620.2,40572.0,40603.75,0
2025-08-19 10:15:00,40604.8,40656.15,40576.4,40651.7,0
2025-08-19 10:30:00,40652.45,40684.0,40632.95,40682.85,0
2025-08-19 10:45:00,40682.85,40705.15,40651.7,40675.95,0
2025-08-19 11:00:00,40674.1,40710.4,40674.1,40703.5,0
2025-08-19 11:15:00,40703.0,40732.6,40690.85,40716.45,0
2025-08-19 11:30:00,40715.6,40763.7,40715.6,40754.2,0
2025-08-19 11:45:00,40753.8,40797.5,40749.9,40782.85,0
2025-08-19 12:00:00,40782.85,40814.55,40778.45,40806.8,0
2025-08-19 12:15:00,40806.8,40840.0,40801.0,40819.6,0
2025-08-19 12:30:00,40819.6,40846.55,40804.7,40808.5,0
2025-08-19 12:45:00,40808.1,40810.5,40790.35,40799.25,0
2025-08-19 13:00:00,40802.25,40822.55,40795.25,40808.25,0
2025-08-19 13:15:00,40808.25,40816.05,40777.55,40786.6,0
2025-08-19 13:30:00,40786.6,40810.45,40777.2,40807.1,0
2025-08-19 13:45:00,40807.1,40815.55,40761.1,40773.3,0
2025-08-19 14:00:00,40773.05,40790.6,40759.5,40773.45,0
2025-08-19 14:15:00,40772.15,40845.55,40755.4,40828.85,0
2025-08-19 14:30:00,40829.6,40886.3,40821.85,40869.9,0
2025-08-19 14:45:00,40869.9,40872.1,40833.3,40870.6,0
2025-08-19 15:00:00,40871.4,40878.65,40855.15,40872.65,0
2025-08-19 15:15:00,40872.65,40914.1,40859.95,40914.1,0
2025-08-20 09:15:00,40959.2,40976.9,40752.25,40805.5,0
2025-08-20 09:30:00,40808.25,40886.4,40770.8,40877.25,0
2025-08-20 09:45:00,40877.25,40921.2,40841.6,40868.35,0
2025-08-20 10:00:00,40870.2,40909.85,40848.35,40900.45,0
2025-08-20 10:15:00,40900.45,40923.2,40895.8,40899.45,0
2025-08-20 10:30:00,40898.75,40925.65,40887.5,40917.55,0
2025-08-20 10:45:00,40917.75,40952.35,40903.45,40914.45,0
2025-08-20 11:00:00,40913.55,40985.1,40892.2,40972.6,0
2025-08-20 11:15:00,40972.6,40976.9,40944.5,40976.9,0
2025-08-20 11:30:00,40976.9,41001.65,40955.85,40976.8,0
2025-08-20 11:45:00,40976.25,41040.85,40970.85,41032.55,0
2025-08-20 12:00:00,41034.55,41063.6,41026.15,41055.35,0
2025-08-20 12:15:00,41053.05,41090.8,41053.05,41080.55,0
2025-08-20 12:30:00,41080.55,41116.4,41077.05,41102.45,0
2025-08-20 12:45:00,41103.65,41132.5,41096.2,41124.2,0
2025-08-20 13:00:00,41126.45,41181.8,41123.7,41178.4,0
2025-08-20 13:15:00,41179.0,41185.0,41140.35,41144.4,0
2025-08-20 13:30:00,41144.4,41202.95,41142.75,41179.1,0
2025-08-20 13:45:00,41179.05,41196.8,41165.05,41193.15,0
2025-08-20 14:00:00,41193.15,41199.05,41169.3,41182.75,0
2025-08-20 14:15:00,41181.4,41197.75,41165.9,41172.45,0
2025-08-20 14:30:00,41172.75,41179.25,41153.25,41164.7,0
2025-08-20 14:45:00,41164.7,41193.7,41160.7,41168.25,0
2025-08-20 15:00:00,41168.25,41172.9,41129.85,41136.25,0
2025-08-20 15:15:00,41137.75,41153.8,41120.8,41146.3,0
2025-08-21 09:15:00,41262.35,41275.15,41065.3,41092.1,0
2025-08-21 09:30:00,41090.25,41131.2,41056.25,41068.6,0
2025-08-21 09:45:00,41067.25,41190.05,41053.0,41185.85,0
2025-08-21 10:00:00,41185.85,41214.1,41159.85,41161.45,0
2025-08-21 10:15:00,41161.85,41242.65,41160.75,41240.1,0
2025-08-21 10:30:00,41240.35,41264.25,41234.15,41251.65,0
2025-08-21 10:45:00,41251.65,41296.8,41241.5,41291.95,0
2025-08-21 11:00:00,41291.95,41301.45,41273.9,41278.45,0
2025-08-21 11:15:00,41277.4,41290.6,41258.8,41262.5,0
2025-08-21 11:30:00,41263.25,41279.4,41236.5,41268.35,0
2025-08-21 11:45:00,41268.35,41269.35,41079.35,41081.15,0
2025-08-21 12:00:00,41081.55,41178.55,41059.9,41109.7,0
2025-08-21 12:15:00,41108.1,41108.1,40983.65,41003.85,0
2025-08-21 12:30:00,41003.85,41097.0,40996.3,41073.85,0
2025-08-21 12:45:00,41073.85,41092.05,41053.05,41070.3,0
2025-08-21 13:00:00,41070.75,41085.7,41053.05,41057.95,0
2025-08-21 13:15:00,41057.95,41061.85,40974.95,40981.85,0
2025-08-21 13:30:00,40981.5,40993.6,40931.25,40978.1,0
2025-08-21 13:45:00,40978.35,41032.0,40973.75,41031.55,0
2025-08-21 14:00:00,41031.9,41040.75,41004.25,41038.35,0
2025-08-21 14:15:00,41038.35,41048.5,41023.5,41030.0,0
2025-08-21 14:30:00,41031.8,41037.5,40971.2,40982.45,0
2025-08-21 14:45:00,40982.45,40995.7,40972.2,40988.65,0
2025-08-21 15:00:00,40989.25,40991.0,40923.7,40939.25,0
2025-08-21 15:15:00,40939.25,40944.85,40890.05,40912.25,0
2025-08-22 09:15:00,40956.25,41092.75,40908.85,40999.75,0
2025-08-22 09:30:00,40999.75,41017.35,40915.15,41017.35,0
2025-08-22 09:45:00,41017.35,41072.4,41009.35,41056.1,0
2025-08-22 10:00:00,41055.8,41086.1,41026.3,41071.35,0
2025-08-22 10:15:00,41072.4,41088.4,40999.85,41045.35,0
2025-08-22 10:30:00,41045.35,41049.25,40995.1,41010.3,0
2025-08-22 10:45:00,41010.3,41012.85,40948.25,40962.4,0
2025-08-22 11:00:00,40962.4,40987.5,40938.3,40966.6,0
2025-08-22 11:15:00,40967.95,40997.0,40938.25,40990.8,0
2025-08-22 11:30:00,40990.8,41003.9,40975.75,40988.25,0
2025-08-22 11:45:00,40988.25,41005.75,40974.55,40994.05,0
2025-08-22 12:00:00,40994.05,41010.75,40949.75,40953.6,0
2025-08-22 12:15:00,40953.6,40968.2,40931.4,40965.3,0
2025-08-22 12:30:00,40965.15,40971.05,40945.4,40952.4,0
2025-08-22 12:45:00,40952.4,40954.85,40904.0,40917.35,0
2025-08-22 13:00:00,40916.55,40933.15,40898.2,40916.1,0
2025-08-22 13:15:00,40916.45,40923.9,40899.75,40917.4,0
2025-08-22 13:30:00,40917.4,40926.75,40904.85,40913.8,0
2025-08-22 13:45:00,40913.8,40948.95,40909.2,40937.95,0
2025-08-22 14:00:00,40937.95,40939.2,40905.5,40908.4,0
2025-08-22 14:15:00,40909.0,40919.55,40877.7,40890.85,0
2025-08-22 14:30:00,40890.85,40895.8,40848.45,40886.05,0
2025-08-22 14:45:00,40885.0,40930.65,40874.55,40911.3,0
2025-08-22 15:00:00,40911.05,40912.6,40837.95,40844.6,0
2025-08-22 15:15:00,40844.6,40863.75,40822.55,40862.1,0
2025-08-25 09:15:00,41083.55,41133.85,40973.9,41014.85,0
2025-08-25 09:30:00,41014.85,41097.55,40991.95,41084.3,0
2025-08-25 09:45:00,41082.35,41124.8,41059.6,41069.6,0
2025-08-25 10:00:00,41068.85,41082.55,40981.5,41007.0,0
2025-08-25 10:15:00,41007.0,41043.35,40981.4,41004.05,0
2025-08-25 10:30:00,41004.05,41032.5,40987.95,41010.4,0
2025-08-25 10:45:00,41012.5,41074.2,41010.05,41068.5,0
2025-08-25 11:00:00,41069.0,41084.5,41057.0,41068.2,0
2025-08-25 11:15:00,41068.2,41076.8,41035.55,41052.1,0
2025-08-25 11:30:00,41052.1,41082.15,41050.6,41080.45,0
2025-08-25 11:45:00,41080.45,41093.35,41076.2,41083.45,0
2025-08-25 12:00:00,41083.45,41100.0,41070.45,41100.0,0
2025-08-25 12:15:00,41100.0,41112.65,41071.55,41073.1,0
2025-08-25 12:30:00,41073.1,41099.5,41071.35,41088.55,0
2025-08-25 12:45:00,41087.1,41095.75,41071.55,41075.85,0
2025-08-25 13:00:00,41078.4,41101.55,41073.65,41100.2,0
2025-08-25 13:15:00,41099.3,41104.85,41074.5,41076.35,0
2025-08-25 13:30:00,41076.35,41089.75,41065.25,41087.35,0
2025-08-25 13:45:00,41087.85,41106.1,41086.3,41094.15,0
2025-08-25 14:00:00,41094.25,41103.95,41078.8,41082.65,0
2025-08-25 14:15:00,41082.55,41093.0,41038.75,41044.7,0
2025-08-25 14:30:00,41044.7,41053.8,41018.25,41027.5,0
2025-08-25 14:45:00,41027.5,41051.8,41026.95,41037.65,0
2025-08-25 15:00:00,41037.65,41040.1,40935.65,40948.8,0
2025-08-25 15:15:00,40947.2,40955.9,40929.45,40945.95,0
2025-08-26 09:15:00,40878.05,40970.8,40695.35,40714.4,0
2025-08-26 09:30:00,40712.8,40719.4,40573.4,40591.45,0
2025-08-26 09:45:00,40592.3,40735.35,40553.2,40731.55,0
2025-08-26 10:00:00,40731.55,40771.05,40690.85,40755.35,0
2025-08-26 10:15:00,40757.15,40789.9,40711.3,40785.8,0
2025-08-26 10:30:00,40786.4,40791.45,40715.75,40716.6,0
2025-08-26 10:45:00,40716.6,40722.4,40664.95,40711.0,0
2025-08-26 11:00:00,40712.9,40743.05,40697.65,40705.25,0
2025-08-26 11:15:00,40705.25,40748.8,40695.1,40745.1,0
2025-08-26 11:30:00,40745.1,40750.15,40687.4,40703.3,0
2025-08-26 11:45:00,40704.5,40717.8,40687.85,40717.6,0
2025-08-26 12:00:00,40717.6,40724.8,40692.3,40704.9,0
2025-08-26 12:15:00,40705.25,40725.1,40685.5,40686.85,0
2025-08-26 12:30:00,40686.85,40690.0,40643.15,40665.2,0
2025-08-26 12:45:00,40665.2,40690.75,40648.55,40689.75,0
2025-08-26 13:00:00,40689.9,40712.35,40670.3,40676.2,0
2025-08-26 13:15:00,40676.2,40684.35,40649.3,40669.2,0
2025-08-26 13:30:00,40671.15,40688.6,40658.2,40687.35,0
2025-08-26 13:45:00,40687.35,40696.75,40674.15,40684.85,0
2025-08-26 14:00:00,40684.25,40698.75,40634.1,40635.6,0
2025-08-26 14:15:00,40635.6,40637.35,40582.75,40621.2,0
2025-08-26 14:30:00,40621.2,40625.95,40577.7,40583.65,0
2025-08-26 14:45:00,40583.65,40589.5,40543.15,40546.5,0
2025-08-26 15:00:00,40545.95,40556.65,40491.9,40493.15,0
2025-08-26 15:15:00,40493.85,40503.05,40432.35,40463.4,0
2025-08-28 09:15:00,40557.15,40565.35,40056.9,40066.05,0
2025-08-28 09:30:00,40066.0,40203.7,40035.75,40197.9,0
2025-08-28 09:45:00,40197.9,40282.8,40162.8,40259.85,0
2025-08-28 10:00:00,40260.7,40317.5,40250.45,40269.85,0
2025-08-28 10:15:00,40269.85,40296.4,40209.55,40281.4,0
2025-08-28 10:30:00,40281.4,40334.85,40259.3,40293.4,0
2025-08-28 10:45:00,40293.4,40387.35,40290.7,40374.45,0
2025-08-28 11:00:00,40374.05,40384.05,40335.0,40337.15,0
2025-08-28 11:15:00,40336.5,40347.85,40316.1,40323.9,0
2025-08-28 11:30:00,40323.9,40365.85,40322.2,40351.0,0
2025-08-28 11:45:00,40352.35,40359.6,40308.95,40323.7,0
2025-08-28 12:00:00,40322.4,40331.55,40306.65,40326.3,0
2025-08-28 12:15:00,40326.3,40332.0,40250.0,40266.75,0
2025-08-28 12:30:00,40265.65,40273.7,40232.05,40238.05,0
2025-08-28 12:45:00,40238.05,40245.5,40199.05,40199.05,0
2025-08-28 13:00:00,40198.05,40201.5,40130.95,40150.9,0
2025-08-28 13:15:00,40152.95,40162.1,40135.0,40143.75,0
2025-08-28 13:30:00,40142.0,40145.4,40094.25,40119.0,0
2025-08-28 13:45:00,40119.0,40177.55,40119.0,40173.15,0
2025-08-28 14:00:00,40173.15,40231.55,40151.55,40216.6,0
2025-08-28 14:15:00,40214.7,40235.45,40179.0,40198.75,0
2025-08-28 14:30:00,40199.4,40201.8,40104.75,40104.75,0
2025-08-28 14:45:00,40106.5,40108.25,40052.1,40056.95,0
2025-08-28 15:00:00,40056.95,40069.2,39966.45,39977.85,0
2025-08-28 15:15:00,39977.9,39982.8,39937.65,39975.4,0
2025-08-29 09:15:00,39965.5,40150.1,39926.25,40050.6,0
2025-08-29 09:30:00,40050.9,40060.1,39888.5,39943.5,0
2025-08-29 09:45:00,39941.2,39944.5,39870.5,39904.7,0
2025-08-29 10:00:00,39902.4,39906.1,39861.1,39864.7,0
2025-08-29 10:15:00,39864.7,39963.95,39843.4,39935.25,0
2025-08-29 10:30:00,39935.25,40097.8,39931.7,40094.7,0
2025-08-29 10:45:00,40092.75,40114.8,40043.4,40086.85,0
2025-08-29 11:00:00,40086.85,40182.55,40083.1,40174.9,0
2025-08-29 11:15:00,40174.9,40243.8,40159.1,40240.1,0
2025-08-29 11:30:00,40240.1,40271.0,40228.65,40267.8,0
2025-08-29 11:45:00,40267.8,40291.2,40259.15,40260.1,0
2025-08-29 12:00:00,40261.85,40269.05,40230.95,40264.95,0
2025-08-29 12:15:00,40264.95,40269.7,40161.65,40161.65,0
2025-08-29 12:30:00,40161.65,40200.55,40134.2,40178.05,0
2025-08-29 12:45:00,40177.2,40181.15,40114.65,40120.5,0
2025-08-29 13:00:00,40115.6,40124.05,40071.1,40072.7,0
2025-08-29 13:15:00,40072.2,40124.8,40071.45,40122.55,0
2025-08-29 13:30:00,40122.5,40135.2,40098.55,40103.1,0
2025-08-29 13:45:00,40103.1,40118.55,40025.4,40034.55,0
2025-08-29 14:00:00,40032.7,40092.0,40000.55,40076.8,0
2025-08-29 14:15:00,40076.8,40114.55,40045.15,40050.4,0
2025-08-29 14:30:00,40050.6,40075.35,40004.1,40006.65,0
2025-08-29 14:45:00,40006.75,40065.0,40000.0,40060.9,0
2025-08-29 15:00:00,40060.9,40062.0,39926.25,39928.35,0
2025-08-29 15:15:00,39928.35,39978.2,39912.75,39967.2,0
2025-09-01 09:15:00,40072.2,40294.45,40064.15,40239.55,0
2025-09-01 09:30:00,40239.55,40377.4,40230.95,40377.4,0
2025-09-01 09:45:00,40375.2,40480.6,40375.2,40426.45,0
2025-09-01 10:00:00,40423.95,40427.15,40350.2,40359.8,0
2025-09-01 10:15:00,40359.8,40417.15,40308.3,40405.75,0
2025-09-01 10:30:00,40405.75,40407.3,40353.65,40399.0,0
2025-09-01 10:45:00,40399.0,40415.2,40377.45,40409.8,0
2025-09-01 11:00:00,40409.95,40446.35,40393.75,40444.85,0
2025-09-01 11:15:00,40444.85,40462.1,40439.95,40445.65,0
2025-09-01 11:30:00,40445.7,40476.15,40430.7,40471.35,0
2025-09-01 11:45:00,40469.95,40475.1,40406.6,40410.6,0
2025-09-01 12:00:00,40410.2,40469.75,40410.2,40461.8,0
2025-09-01 12:15:00,40462.25,40520.45,40455.8,40511.3,0
2025-09-01 12:30:00,40510.1,40531.9,40491.7,40521.55,0
2025-09-01 12:45:00,40521.0,40529.6,40499.05,40525.7,0
2025-09-01 13:00:00,40526.35,40589.3,40523.3,40581.2,0
2025-09-01 13:15:00,40579.4,40631.5,40577.5,40625.75,0
2025-09-01 13:30:00,40625.75,40657.4,40599.9,40608.2,0
2025-09-01 13:45:00,40608.2,40611.4,40583.0,40583.9,0
2025-09-01 14:00:00,40583.9,40618.15,40582.55,40604.05,0
2025-09-01 14:15:00,40604.8,40635.15,40597.7,40631.4,0
2025-09-01 14:30:00,40631.4,40683.4,40629.9,40679.95,0
2025-09-01 14:45:00,40678.25,40706.4,40652.1,40697.65,0
2025-09-01 15:00:00,40697.45,40726.45,40678.3,40719.3,0
2025-09-01 15:15:00,40719.3,40765.0,40714.6,40756.6,0
2025-09-02 09:15:00,40868.5,40919.25,40647.75,40679.95,0
2025-09-02 09:30:00,40680.95,40821.65,40668.9,40820.9,0
2025-09-02 09:45:00,40822.7,40916.4,40821.35,40895.95,0
2025-09-02 10:00:00,40895.95,40952.2,40895.4,40939.0,0
2025-09-02 10:15:00,40938.7,40987.4,40938.55,40984.45,0
2025-09-02 10:30:00,40984.45,41017.6,40980.9,40994.05,0
2025-09-02 10:45:00,40994.05,40997.65,40968.6,40990.7,0
2025-09-02 11:00:00,40990.7,41002.95,40960.0,40967.15,0
2025-09-02 11:15:00,40967.15,40986.2,40951.55,40984.9,0
2025-09-02 11:30:00,40985.35,41009.85,40973.3,40987.95,0
2025-09-02 11:45:00,40987.95,41006.85,40978.5,40999.9,0
2025-09-02 12:00:00,40998.4,41021.0,40996.4,41008.85,0
2025-09-02 12:15:00,41008.85,41029.05,40988.05,41029.05,0
2025-09-02 12:30:00,41027.65,41078.45,41027.55,41059.15,0
2025-09-02 12:45:00,41060.35,41081.45,41046.7,41074.75,0
2025-09-02 13:00:00,41074.75,41078.1,41027.25,41028.45,0
2025-09-02 13:15:00,41028.45,41029.85,40927.1,40951.95,0
2025-09-02 13:30:00,40953.85,41002.25,40924.5,40930.25,0
2025-09-02 13:45:00,40929.95,40939.25,40831.7,40834.7,0
2025-09-02 14:00:00,40834.7,40869.4,40779.6,40826.15,0
2025-09-02 14:15:00,40826.9,40892.45,40783.45,40798.7,0
2025-09-02 14:30:00,40798.7,40883.7,40787.7,40871.7,0
2025-09-02 14:45:00,40873.2,40908.65,40849.8,40881.15,0
2025-09-02 15:00:00,40881.3,40910.15,40859.9,40893.5,0
2025-09-02 15:15:00,40893.5,40894.85,40860.15,40890.05,0
2025-09-03 09:15:00,40958.85,41032.7,40843.7,41026.7,0
2025-09-03 09:30:00,41026.2,41063.3,40953.65,40975.7,0
2025-09-03 09:45:00,40975.7,41076.55,40974.05,41061.15,0
2025-09-03 10:00:00,41061.15,41101.0,41034.65,41086.6,0
2025-09-03 10:15:00,41086.6,41097.8,41035.95,41087.95,0
2025-09-03 10:30:00,41083.45,41087.4,40990.15,40990.15,0
2025-09-03 10:45:00,40990.1,40995.05,40952.05,40992.2,0
2025-09-03 11:00:00,40990.55,40999.35,40931.4,40972.3,0
2025-09-03 11:15:00,40972.7,41015.25,40949.25,40962.65,0
2025-09-03 11:30:00,40961.55,40997.15,40943.55,40991.45,0
2025-09-03 11:45:00,40990.8,41007.5,40970.65,41005.4,0
2025-09-03 12:00:00,41005.4,41005.9,40978.75,41000.75,0
2025-09-03 12:15:00,41000.75,41027.05,40988.5,40994.15,0
2025-09-03 12:30:00,40994.9,41017.2,40980.0,40980.0,0
2025-09-03 12:45:00,40980.9,40988.45,40906.3,40911.15,0
2025-09-03 13:00:00,40911.15,40936.15,40903.65,40926.55,0
2025-09-03 13:15:00,40926.55,40957.85,40921.2,40933.95,0
2025-09-03 13:30:00,40934.35,40936.5,40889.45,40928.75,0
2025-09-03 13:45:00,40928.75,40948.55,40923.4,40929.9,0
2025-09-03 14:00:00,40929.9,40968.85,40917.0,40953.55,0
2025-09-03 14:15:00,40953.55,40969.9,40952.3,40964.05,0
2025-09-03 14:30:00,40963.4,40977.8,40930.4,40932.15,0
2025-09-03 14:45:00,40932.15,40983.35,40931.5,40977.35,0
2025-09-03 15:00:00,40979.1,41018.55,40979.1,41003.5,0
2025-09-03 15:15:00,41004.75,41027.65,40988.25,41003.35,0
2025-09-04 09:15:00,41605.4,41618.45,41346.05,41404.35,0
2025-09-04 09:30:00,41405.25,41425.0,41341.9,41355.5,0
2025-09-04 09:45:00,41355.5,41471.95,41352.25,41440.2,0
2025-09-04 10:00:00,41440.55,41451.1,41287.75,41291.6,0
2025-09-04 10:15:00,41291.2,41392.25,41268.45,41300.6,0
2025-09-04 10:30:00,41298.05,41305.0,41192.65,41202.05,0
2025-09-04 10:45:00,41202.15,41255.5,41194.85,41223.1,0
2025-09-04 11:00:00,41221.5,41249.65,41169.9,41174.1,0
2025-09-04 11:15:00,41174.1,41192.2,41106.05,41136.8,0
2025-09-04 11:30:00,41137.25,41149.9,41102.55,41117.2,0
2025-09-04 11:45:00,41117.85,41129.7,41098.6,41125.4,0
2025-09-04 12:00:00,41124.6,41148.0,41090.6,41105.0,0
2025-09-04 12:15:00,41103.95,41106.4,41021.05,41050.15,0
2025-09-04 12:30:00,41050.15,41140.7,41050.15,41139.8,0
2025-09-04 12:45:00,41139.8,41164.4,41103.7,41153.9,0
2025-09-04 13:00:00,41153.85,41159.55,41095.5,41099.15,0
2025-09-04 13:15:00,41099.15,41109.7,41062.55,41088.9,0
2025-09-04 13:30:00,41088.9,41103.65,41046.7,41049.25,0
2025-09-04 13:45:00,41049.75,41055.25,41022.9,41046.95,0
2025-09-04 14:00:00,41047.25,41064.6,41040.6,41047.25,0
2025-09-04 14:15:00,41048.2,41049.4,40966.55,40975.55,0
2025-09-04 14:30:00,40977.15,41060.95,40974.75,41044.9,0
2025-09-04 14:45:00,41044.9,41065.75,40996.8,41009.55,0
2025-09-04 15:00:00,41009.05,41025.0,40947.1,40953.3,0
2025-09-04 15:15:00,40954.3,41015.5,40941.1,40989.5,0
2025-09-05 09:15:00,41084.2,41172.15,41047.4,41119.55,0
2025-09-05 09:30:00,41119.55,41185.25,41097.25,41107.1,0
2025-09-05 09:45:00,41106.55,41232.55,41105.3,41232.55,0
2025-09-05 10:00:00,41232.2,41279.5,40956.1,40964.9,0
2025-09-05 10:15:00,40964.1,41085.85,40850.05,41055.75,0
2025-09-05 10:30:00,41055.35,41066.25,40940.0,40998.5,0
2025-09-05 10:45:00,40996.4,41014.35,40926.35,40942.6,0
2025-09-05 11:00:00,40944.6,40975.9,40927.25,40954.05,0
2025-09-05 11:15:00,40952.3,40968.55,40916.4,40959.6,0
2025-09-05 11:30:00,40959.9,40985.85,40898.55,40904.1,0
2025-09-05 11:45:00,40904.1,40904.1,40830.05,40845.35,0
2025-09-05 12:00:00,40845.75,40851.55,40799.4,40800.95,0
2025-09-05 12:15:00,40800.9,40830.95,40785.35,40820.8,0
2025-09-05 12:30:00,40820.8,40843.15,40776.95,40807.75,0
2025-09-05 12:45:00,40807.15,40810.0,40762.85,40807.9,0
2025-09-05 13:00:00,40807.9,40867.1,40792.4,40864.7,0
2025-09-05 13:15:00,40864.7,40918.85,40864.7,40909.6,0
2025-09-05 13:30:00,40908.3,40957.55,40895.2,40957.55,0
2025-09-05 13:45:00,40957.15,41066.5,40957.15,41052.4,0
2025-09-05 14:00:00,41053.15,41085.45,41000.85,41020.1,0
2025-09-05 14:15:00,41019.75,41040.7,41011.3,41019.05,0
2025-09-05 14:30:00,41020.0,41030.75,40960.8,40966.0,0
2025-09-05 14:45:00,40966.0,40990.15,40953.45,40953.45,0
2025-09-05 15:00:00,40953.45,40956.9,40889.3,40897.15,0
2025-09-05 15:15:00,40897.15,40962.6,40887.25,40952.05,0
2025-09-08 09:15:00,41038.55,41126.75,40905.65,40982.85,0
2025-09-08 09:30:00,40982.85,41109.35,40980.25,41094.65,0
2025-09-08 09:45:00,41092.5,41118.85,41017.2,41021.75,0
2025-09-08 10:00:00,41020.7,41076.65,41020.7,41049.6,0
2025-09-08 10:15:00,41049.6,41081.75,41027.65,41030.3,0
2025-09-08 10:30:00,41028.0,41076.65,40995.65,41050.25,0
2025-09-08 10:45:00,41048.7,41069.3,41023.25,41027.2,0
2025-09-08 11:00:00,41028.55,41106.85,41024.4,41103.25,0
2025-09-08 11:15:00,41104.75,41118.35,41072.25,41114.3,0
2025-09-08 11:30:00,41114.3,41141.4,41110.1,41140.05,0
2025-09-08 11:45:00,41139.65,41148.65,41123.15,41129.95,0
2025-09-08 12:00:00,41129.95,41152.2,41125.05,41150.4,0
2025-09-08 12:15:00,41150.4,41154.0,41125.9,41144.05,0
2025-09-08 12:30:00,41144.05,41207.9,41132.9,41184.0,0
2025-09-08 12:45:00,41183.75,41208.0,41183.2,41205.25,0
2025-09-08 13:00:00,41205.25,41223.75,41193.45,41220.9,0
2025-09-08 13:15:00,41220.25,41229.7,41180.4,41194.0,0
2025-09-08 13:30:00,41192.85,41204.55,41157.9,41161.5,0
2025-09-08 13:45:00,41162.5,41165.8,41123.8,41132.2,0
2025-09-08 14:00:00,41132.25,41148.75,41108.15,41147.05,0
2025-09-08 14:15:00,41146.7,41180.05,41146.7,41172.1,0
2025-09-08 14:30:00,41172.1,41209.25,41172.1,41195.4,0
2025-09-08 14:45:00,41194.9,41197.8,41085.15,41117.0,0
2025-09-08 15:00:00,41117.0,41117.0,41044.25,41055.3,0
2025-09-08 15:15:00,41055.3,41097.15,41027.05,41085.5,0
2025-09-09 09:15:00,41142.05,41227.3,41055.55,41093.3,0
2025-09-09 09:30:00,41093.9,41180.7,41034.95,41163.65,0
2025-09-09 09:45:00,41163.95,41218.45,41146.2,41182.95,0
2025-09-09 10:00:00,41182.95,41200.1,41136.3,41142.65,0
2025-09-09 10:15:00,41142.65,41154.0,41105.6,41110.15,0
2025-09-09 10:30:00,41110.8,41131.5,41087.3,41107.55,0
2025-09-09 10:45:00,41106.7,41156.55,41099.8,41152.6,0
2025-09-09 11:00:00,41153.55,41200.05,41152.7,41173.8,0
2025-09-09 11:15:00,41173.8,41215.45,41169.45,41208.25,0
2025-09-09 11:30:00,41208.25,41228.8,41186.9,41224.15,0
2025-09-09 11:45:00,41225.4,41225.55,41199.2,41211.25,0
2025-09-09 12:00:00,41211.8,41212.9,41130.8,41178.1,0
2025-09-09 12:15:00,41178.1,41204.3,41169.8,41183.15,0
2025-09-09 12:30:00,41183.15,41191.6,41173.45,41189.65,0
2025-09-09 12:45:00,41189.85,41211.35,41165.45,41190.55,0
2025-09-09 13:00:00,41191.8,41214.3,41189.95,41199.15,0
2025-09-09 13:15:00,41199.15,41216.0,41198.55,41215.4,0
2025-09-09 13:30:00,41215.4,41238.65,41190.7,41193.95,0
2025-09-09 13:45:00,41193.95,41218.5,41185.6,41204.9,0
2025-09-09 14:00:00,41204.85,41231.3,41185.45,41231.3,0
2025-09-09 14:15:00,41230.1,41232.55,41202.45,41218.8,0
2025-09-09 14:30:00,41218.4,41248.7,41206.35,41219.15,0
2025-09-09 14:45:00,41219.15,41249.85,41213.7,41219.2,0
2025-09-09 15:00:00,41217.75,41252.35,41216.6,41240.8,0
2025-09-09 15:15:00,41240.8,41273.75,41226.25,41247.75,0
2025-09-10 09:15:00,41405.0,41560.6,41375.15,41531.05,0
2025-09-10 09:30:00,41530.6,41582.5,41512.55,41570.5,0
2025-09-10 09:45:00,41570.5,41587.35,41534.8,41558.75,0
2025-09-10 10:00:00,41558.75,41662.4,41558.75,41655.3,0
2025-09-10 10:15:00,41655.7,41700.55,41641.75,41693.9,0
2025-09-10 10:30:00,41693.9,41693.9,41644.95,41646.2,0
2025-09-10 10:45:00,41646.8,41712.9,41632.2,41707.15,0
2025-09-10 11:00:00,41708.4,41769.2,41707.75,41738.7,0
2025-09-10 11:15:00,41737.4,41742.8,41639.15,41663.5,0
2025-09-10 11:30:00,41662.7,41668.95,41614.3,41620.45,0
2025-09-10 11:45:00,41619.8,41693.3,41592.4,41681.95,0
2025-09-10 12:00:00,41683.35,41724.75,41627.15,41722.0,0
2025-09-10 12:15:00,41722.0,41758.75,41720.95,41751.9,0
2025-09-10 12:30:00,41751.9,41752.45,41711.6,41717.35,0
2025-09-10 12:45:00,41717.35,41751.65,41712.05,41747.65,0
2025-09-10 13:00:00,41745.75,41772.35,41730.9,41742.5,0
2025-09-10 13:15:00,41742.5,41745.55,41687.6,41728.7,0
2025-09-10 13:30:00,41728.7,41729.1,41702.4,41728.5,0
2025-09-10 13:45:00,41728.7,41751.25,41716.75,41725.4,0
2025-09-10 14:00:00,41726.55,41752.55,41716.35,41734.9,0
2025-09-10 14:15:00,41734.9,41739.6,41690.3,41699.7,0
2025-09-10 14:30:00,41699.7,41741.0,41696.0,41696.0,0
2025-09-10 14:45:00,41696.0,41747.25,41696.0,41723.9,0
2025-09-10 15:00:00,41728.5,41825.35,41723.95,41821.5,0
2025-09-10 15:15:00,41821.5,41850.8,41807.25,41830.05,0
2025-09-11 09:15:00,41832.05,41892.6,41748.55,41804.05,0
2025-09-11 09:30:00,41806.6,41845.4,41741.5,41839.3,0
2025-09-11 09:45:00,41839.3,41879.7,41799.4,41838.5,0
2025-09-11 10:00:00,41837.3,41839.9,41745.45,41792.4,0
2025-09-11 10:15:00,41792.4,41857.45,41791.55,41850.85,0
2025-09-11 10:30:00,41849.45,41881.0,41826.2,41826.35,0
2025-09-11 10:45:00,41826.35,41841.95,41806.05,41816.85,0
2025-09-11 11:00:00,41815.65,41848.45,41810.25,41847.25,0
2025-09-11 11:15:00,41847.05,41873.7,41840.75,41843.25,0
2025-09-11 11:30:00,41843.25,41844.7,41703.5,41707.7,0
2025-09-11 11:45:00,41709.25,41766.95,41709.25,41747.45,0
2025-09-11 12:00:00,41746.55,41783.2,41746.55,41771.15,0
2025-09-11 12:15:00,41772.35,41793.65,41767.65,41776.2,0
2025-09-11 12:30:00,41775.3,41781.0,41720.0,41721.15,0
2025-09-11 12:45:00,41721.15,41728.75,41679.5,41721.55,0
2025-09-11 13:00:00,41720.85,41728.95,41696.35,41711.7,0
2025-09-11 13:15:00,41711.3,41713.15,41691.6,41694.95,0
2025-09-11 13:30:00,41694.95,41703.45,41676.5,41690.35,0
2025-09-11 13:45:00,41690.05,41724.05,41657.85,41661.65,0
2025-09-11 14:00:00,41661.5,41697.0,41646.75,41693.85,0
2025-09-11 14:15:00,41694.4,41720.25,41683.5,41717.4,0
2025-09-11 14:30:00,41717.4,41741.8,41687.45,41722.45,0
2025-09-11 14:45:00,41722.45,41740.7,41691.55,41706.1,0
2025-09-11 15:00:00,41706.05,41722.85,41681.1,41706.1,0
2025-09-11 15:15:00,41706.1,41747.05,41700.1,41732.05,0
2025-09-12 09:15:00,41841.7,41877.3,41738.25,41830.45,0
2025-09-12 09:30:00,41830.45,41839.15,41791.65,41809.8,0
2025-09-12 09:45:00,41810.05,41884.0,41806.4,41825.45,0
2025-09-12 10:00:00,41825.45,41966.85,41825.45,41958.4,0
2025-09-12 10:15:00,41956.7,41999.85,41954.0,41980.65,0
2025-09-12 10:30:00,41980.65,42018.15,41955.65,42013.95,0
2025-09-12 10:45:00,42013.95,42021.1,41959.55,41961.8,0
2025-09-12 11:00:00,41961.7,41973.4,41943.0,41952.8,0
2025-09-12 11:15:00,41953.15,42019.1,41950.55,42016.8,0
2025-09-12 11:30:00,42018.3,42022.0,41994.45,42003.0,0
2025-09-12 11:45:00,42003.0,42040.3,41998.5,42036.15,0
2025-09-12 12:00:00,42035.0,42057.95,42031.75,42053.3,0
2025-09-12 12:15:00,42053.3,42087.4,42039.55,42052.6,0
2025-09-12 12:30:00,42053.7,42065.75,42043.2,42056.95,0
2025-09-12 12:45:00,42056.95,42057.2,42023.4,42046.3,0
2025-09-12 13:00:00,42046.3,42063.05,42029.95,42056.75,0
2025-09-12 13:15:00,42056.75,42070.65,42052.25,42061.25,0
2025-09-12 13:30:00,42062.0,42071.95,42043.6,42043.9,0
2025-09-12 13:45:00,42043.9,42067.25,42015.25,42065.35,0
2025-09-12 14:00:00,42065.35,42069.3,42043.5,42045.95,0
2025-09-12 14:15:00,42045.95,42049.55,42020.45,42032.25,0
2025-09-12 14:30:00,42032.2,42046.4,42007.2,42035.0,0
2025-09-12 14:45:00,42035.0,42038.5,42014.85,42030.15,0
2025-09-12 15:00:00,42030.8,42065.05,42030.2,42059.1,0
2025-09-12 15:15:00,42059.1,42098.2,42056.55,42078.1,0
2025-09-15 09:15:00,42130.9,42202.6,42083.2,42170.8,0
2025-09-15 09:30:00,42170.8,42174.15,42116.95,42152.5,0
2025-09-15 09:45:00,42152.5,42157.4,42084.8,42086.95,0
2025-09-15 10:00:00,42087.9,42093.45,41997.05,42041.3,0
2025-09-15 10:15:00,42041.3,42115.25,42031.8,42102.25,0
2025-09-15 10:30:00,42101.85,42122.55,42079.75,42081.55,0
2025-09-15 10:45:00,42081.55,42082.65,42042.95,42070.1,0
2025-09-15 11:00:00,42070.05,42091.05,42047.8,42056.6,0
2025-09-15 11:15:00,42056.6,42102.75,42046.85,42100.6,0
2025-09-15 11:30:00,42100.6,42108.15,42082.85,42095.75,0
2025-09-15 11:45:00,42094.8,42139.75,42093.1,42137.9,0
2025-09-15 12:00:00,42137.85,42148.95,42073.3,42100.65,0
2025-09-15 12:15:00,42099.25,42137.25,42096.7,42125.85,0
2025-09-15 12:30:00,42125.85,42137.75,42114.9,42121.25,0
2025-09-15 12:45:00,42120.7,42139.9,42117.55,42137.55,0
2025-09-15 13:00:00,42136.65,42143.45,42124.05,42138.15,0
2025-09-15 13:15:00,42137.95,42141.6,42107.05,42116.0,0
2025-09-15 13:30:00,42116.0,42119.15,42029.5,42059.95,0
2025-09-15 13:45:00,42059.95,42075.45,42051.45,42066.1,0
2025-09-15 14:00:00,42065.15,42082.7,42053.65,42057.45,0
2025-09-15 14:15:00,42060.1,42087.3,42041.9,42083.85,0
2025-09-15 14:30:00,42083.85,42129.55,42082.6,42114.2,0
2025-09-15 14:45:00,42113.3,42114.85,42082.95,42086.6,0
2025-09-15 15:00:00,42086.6,42106.1,42070.0,42076.1,0
2025-09-15 15:15:00,42076.1,42110.2,42067.3,42093.5,0
2025-09-16 09:15:00,42179.85,42275.5,42045.35,42239.55,0
2025-09-16 09:30:00,42239.2,42257.05,42226.15,42236.3,0
2025-09-16 09:45:00,42236.5,42278.65,42226.6,42261.5,0
2025-09-16 10:00:00,42262.45,42282.35,42254.65,42271.6,0
2025-09-16 10:15:00,42271.6,42299.2,42261.45,42297.2,0
2025-09-16 10:30:00,42297.2,42300.1,42263.6,42270.1,0
2025-09-16 10:45:00,42269.25,42273.65,42249.3,42266.5,0
2025-09-16 11:00:00,42267.25,42280.7,42261.1,42275.2,0
2025-09-16 11:15:00,42275.2,42292.95,42258.95,42292.95,0
2025-09-16 11:30:00,42292.95,42294.25,42250.3,42260.1,0
2025-09-16 11:45:00,42260.9,42272.7,42233.15,42248.65,0
2025-09-16 12:00:00,42248.6,42254.95,42228.95,42250.2,0
2025-09-16 12:15:00,42250.7,42275.55,42241.1,42263.75,0
2025-09-16 12:30:00,42262.75,42285.95,42262.75,42282.75,0
2025-09-16 12:45:00,42282.75,42284.9,42267.7,42284.8,0
2025-09-16 13:00:00,42283.75,42294.7,42267.3,42283.4,0
2025-09-16 13:15:00,42282.6,42290.8,42258.75,42259.75,0
2025-09-16 13:30:00,42259.5,42260.8,42236.95,42239.6,0
2025-09-16 13:45:00,42238.35,42255.45,42227.6,42255.45,0
2025-09-16 14:00:00,42255.45,42302.1,42255.4,42299.4,0
2025-09-16 14:15:00,42298.55,42309.05,42271.4,42271.4,0
2025-09-16 14:30:00,42271.4,42317.8,42269.35,42280.35,0
2025-09-16 14:45:00,42282.3,42295.3,42265.35,42272.1,0
2025-09-16 15:00:00,42272.1,42356.0,42272.1,42349.9,0
2025-09-16 15:15:00,42351.6,42435.35,42336.85,42413.75,0
2025-09-17 09:15:00,42538.7,42598.9,42451.45,42595.1,0
2025-09-17 09:30:00,42596.0,42636.45,42564.6,42622.0,0
2025-09-17 09:45:00,42620.05,42633.45,42561.45,42579.0,0
2025-09-17 10:00:00,42579.0,42602.0,42568.1,42588.55,0
2025-09-17 10:15:00,42588.55,42620.85,42560.9,42612.65,0
2025-09-17 10:30:00,42612.65,42615.05,42552.7,42558.75,0
2025-09-17 10:45:00,42559.15,42598.15,42539.35,42583.95,0
2025-09-17 11:00:00,42584.7,42592.7,42557.5,42592.2,0
2025-09-17 11:15:00,42592.2,42617.2,42583.35,42609.0,0
2025-09-17 11:30:00,42608.25,42622.15,42601.75,42612.55,0
2025-09-17 11:45:00,42612.9,42627.9,42603.5,42625.85,0
2025-09-17 12:00:00,42625.85,42635.25,42592.05,42609.5,0
2025-09-17 12:15:00,42609.5,42633.6,42577.6,42628.35,0
2025-09-17 12:30:00,42627.4,42636.8,42605.1,42605.25,0
2025-09-17 12:45:00,42602.65,42628.4,42595.15,42619.95,0
2025-09-17 13:00:00,42618.65,42627.8,42598.5,42598.5,0
2025-09-17 13:15:00,42598.5,42612.55,42589.35,42590.2,0
2025-09-17 13:30:00,42590.2,42594.85,42560.7,42561.95,0
2025-09-17 13:45:00,42561.5,42594.55,42556.65,42590.05,0
2025-09-17 14:00:00,42588.95,42590.1,42500.3,42505.45,0
2025-09-17 14:15:00,42505.45,42541.0,42485.65,42515.15,0
2025-09-17 14:30:00,42516.0,42526.1,42494.05,42523.45,0
2025-09-17 14:45:00,42521.45,42561.95,42520.7,42559.5,0
2025-09-17 15:00:00,42559.25,42596.95,42559.25,42573.75,0
2025-09-17 15:15:00,42573.75,42593.4,42563.4,42572.6,0
2025-09-18 09:15:00,42686.95,42716.1,42591.95,42658.05,0
2025-09-18 09:30:00,42660.0,42666.15,42608.65,42642.15,0
2025-09-18 09:45:00,42642.15,42665.5,42587.5,42614.5,0
2025-09-18 10:00:00,42616.5,42616.5,42568.7,42573.05,0
2025-09-18 10:15:00,42574.0,42588.4,42557.85,42584.5,0
2025-09-18 10:30:00,42584.3,42619.1,42583.65,42614.6,0
2025-09-18 10:45:00,42613.35,42642.15,42603.2,42615.4,0
2025-09-18 11:00:00,42615.4,42630.05,42602.25,42602.45,0
2025-09-18 11:15:00,42602.45,42642.25,42598.45,42624.0,0
2025-09-18 11:30:00,42622.85,42637.45,42577.5,42577.5,0
2025-09-18 11:45:00,42577.5,42579.4,42530.3,42548.2,0
2025-09-18 12:00:00,42548.1,42559.45,42532.1,42537.85,0
2025-09-18 12:15:00,42537.85,42548.95,42514.55,42521.1,0
2025-09-18 12:30:00,42522.1,42525.5,42433.05,42442.2,0
2025-09-18 12:45:00,42442.2,42473.45,42441.1,42465.65,0
2025-09-18 13:00:00,42465.65,42466.95,42418.0,42418.0,0
2025-09-18 13:15:00,42419.95,42477.85,42408.35,42472.95,0
2025-09-18 13:30:00,42472.95,42500.6,42468.4,42486.8,0
2025-09-18 13:45:00,42486.8,42505.25,42465.4,42469.6,0
2025-09-18 14:00:00,42469.6,42489.25,42460.2,42485.6,0
2025-09-18 14:15:00,42485.65,42505.3,42469.8,42490.1,0
2025-09-18 14:30:00,42489.95,42508.2,42469.6,42506.1,0
2025-09-18 14:45:00,42506.1,42558.35,42501.65,42556.65,0
2025-09-18 15:00:00,42554.9,42596.6,42554.9,42576.85,0
2025-09-18 15:15:00,42578.0,42609.5,42576.15,42591.4,0
2025-09-19 09:15:00,42641.2,42672.4,42574.15,42660.45,0
2025-09-19 09:30:00,42660.15,42663.05,42611.65,42650.7,0
2025-09-19 09:45:00,42651.05,42675.7,42580.05,42587.25,0
2025-09-19 10:00:00,42587.25,42679.4,42576.3,42638.5,0
2025-09-19 10:15:00,42638.5,42651.1,42618.1,42644.7,0
2025-09-19 10:30:00,42644.75,42650.15,42613.25,42620.5,0
2025-09-19 10:45:00,42619.8,42622.2,42580.15,42594.3,0
2025-09-19 11:00:00,42592.8,42608.15,42572.55,42591.0,0
2025-09-19 11:15:00,42591.0,42608.85,42575.65,42606.2,0
2025-09-19 11:30:00,42606.2,42609.45,42555.8,42569.0,0
2025-09-19 11:45:00,42568.7,42576.85,42529.8,42546.5,0
2025-09-19 12:00:00,42545.95,42555.0,42515.25,42531.95,0
2025-09-19 12:15:00,42532.75,42535.7,42508.35,42518.45,0
2025-09-19 12:30:00,42518.9,42529.85,42503.15,42506.2,0
2025-09-19 12:45:00,42506.2,42518.5,42486.25,42516.7,0
2025-09-19 13:00:00,42516.95,42534.85,42511.1,42532.15,0
2025-09-19 13:15:00,42531.65,42545.25,42524.8,42542.6,0
2025-09-19 13:30:00,42542.6,42545.8,42518.55,42535.75,0
2025-09-19 13:45:00,42535.75,42554.7,42524.85,42539.65,0
2025-09-19 14:00:00,42539.65,42570.55,42537.35,42559.2,0
2025-09-19 14:15:00,42559.2,42567.15,42513.85,42514.2,0
2025-09-19 14:30:00,42514.2,42554.5,42510.9,42537.75,0
2025-09-19 14:45:00,42539.6,42570.15,42537.9,42547.35,0
2025-09-19 15:00:00,42547.35,42570.85,42498.3,42516.1,0
2025-09-19 15:15:00,42516.1,42592.4,42511.55,42580.95,0
2025-09-22 09:15:00,42384.8,42452.65,42272.35,42387.4,0
2025-09-22 09:30:00,42381.45,42437.55,42360.75,42431.95,0
2025-09-22 09:45:00,42430.8,42485.5,42338.1,42413.45,0
2025-09-22 10:00:00,42413.45,42416.6,42353.9,42390.05,0
2025-09-22 10:15:00,42387.35,42442.2,42382.2,42430.8,0
2025-09-22 10:30:00,42430.8,42456.7,42407.05,42416.9,0
2025-09-22 10:45:00,42417.55,42431.5,42389.65,42402.4,0
2025-09-22 11:00:00,42403.5,42405.25,42356.7,42362.3,0
2025-09-22 11:15:00,42361.65,42374.65,42308.75,42331.8,0
2025-09-22 11:30:00,42331.8,42391.0,42311.1,42382.3,0
2025-09-22 11:45:00,42382.3,42400.2,42365.65,42367.45,0
2025-09-22 12:00:00,42367.45,42374.75,42345.25,42357.2,0
2025-09-22 12:15:00,42357.2,42357.2,42318.85,42320.1,0
2025-09-22 12:30:00,42319.8,42403.7,42319.75,42392.7,0
2025-09-22 12:45:00,42391.9,42395.0,42340.15,42341.0,0
2025-09-22 13:00:00,42341.0,42360.2,42325.25,42327.0,0
2025-09-22 13:15:00,42327.6,42327.85,42272.55,42301.25,0
2025-09-22 13:30:00,42301.25,42310.7,42244.0,42245.15,0
2025-09-22 13:45:00,42242.9,42243.3,42173.8,42173.8,0
2025-09-22 14:00:00,42173.4,42222.3,42164.85,42200.6,0
2025-09-22 14:15:00,42198.1,42207.55,42140.55,42142.65,0
2025-09-22 14:30:00,42142.65,42158.15,42033.85,42035.65,0
2025-09-22 14:45:00,42035.65,42085.8,41992.95,42069.45,0
2025-09-22 15:00:00,42067.5,42113.4,42067.5,42096.55,0
2025-09-22 15:15:00,42096.55,42126.0,42075.8,42105.65,0
2025-09-23 09:15:00,42167.85,42210.7,42010.6,42014.5,0
2025-09-23 09:30:00,42012.3,42030.75,41913.9,41929.35,0
2025-09-23 09:45:00,41930.35,41930.35,41804.25,41861.2,0
2025-09-23 10:00:00,41861.2,41918.25,41837.6,41895.4,0
2025-09-23 10:15:00,41895.4,41919.55,41845.0,41904.7,0
2025-09-23 10:30:00,41904.7,41955.2,41886.1,41916.25,0
2025-09-23 10:45:00,41914.05,41922.4,41841.95,41856.25,0
2025-09-23 11:00:00,41857.25,41876.5,41812.35,41813.1,0
2025-09-23 11:15:00,41813.3,41843.2,41794.9,41813.2,0
2025-09-23 11:30:00,41812.45,41813.1,41750.15,41790.9,0
2025-09-23 11:45:00,41791.3,41835.35,41790.2,41803.7,0
2025-09-23 12:00:00,41803.35,41852.85,41803.35,41851.85,0
2025-09-23 12:15:00,41851.85,41867.9,41847.55,41857.45,0
2025-09-23 12:30:00,41857.45,41917.8,41857.45,41861.1,0
2025-09-23 12:45:00,41861.05,41863.8,41809.75,41817.7,0
2025-09-23 13:00:00,41818.35,41870.15,41817.5,41836.8,0
2025-09-23 13:15:00,41836.8,41845.45,41800.55,41824.15,0
2025-09-23 13:30:00,41824.55,41866.9,41818.2,41849.2,0
2025-09-23 13:45:00,41850.65,41884.85,41830.2,41838.9,0
2025-09-23 14:00:00,41840.8,41910.55,41834.6,41840.35,0
2025-09-23 14:15:00,41840.8,41877.1,41811.85,41871.6,0
2025-09-23 14:30:00,41871.6,41888.25,41846.8,41878.25,0
2025-09-23 14:45:00,41878.25,41884.5,41840.05,41864.85,0
2025-09-23 15:00:00,41864.85,41871.75,41795.45,41828.2,0
2025-09-23 15:15:00,41828.2,41835.6,41806.0,41818.7,0
2025-09-24 09:15:00,41785.65,41845.2,41618.05,41662.1,0
2025-09-24 09:30:00,41662.1,41734.1,41629.7,41645.6,0
2025-09-24 09:45:00,41645.55,41750.15,41614.7,41734.9,0
2025-09-24 10:00:00,41736.45,41810.45,41723.75,41750.8,0
2025-09-24 10:15:00,41751.85,41785.95,41700.05,41701.95,0
2025-09-24 10:30:00,41704.45,41714.7,41663.35,41664.7,0
2025-09-24 10:45:00,41664.7,41668.65,41606.45,41620.5,0
2025-09-24 11:00:00,41620.1,41625.25,41517.2,41574.8,0
2025-09-24 11:15:00,41578.05,41599.35,41571.15,41592.55,0
2025-09-24 11:30:00,41592.65,41609.15,41573.1,41579.4,0
2025-09-24 11:45:00,41579.4,41611.25,41579.4,41607.6,0
2025-09-24 12:00:00,41607.6,41626.05,41559.4,41623.7,0
2025-09-24 12:15:00,41623.7,41646.15,41610.9,41624.15,0
2025-09-24 12:30:00,41624.15,41669.3,41612.75,41641.05,0
2025-09-24 12:45:00,41641.05,41675.45,41621.85,41669.9,0
2025-09-24 13:00:00,41670.75,41706.3,41669.55,41705.0,0
2025-09-24 13:15:00,41705.2,41735.1,41682.3,41690.2,0
2025-09-24 13:30:00,41690.0,41729.75,41688.75,41692.25,0
2025-09-24 13:45:00,41690.9,41699.25,41654.4,41661.7,0
2025-09-24 14:00:00,41661.7,41673.0,41628.6,41634.4,0
2025-09-24 14:15:00,41634.4,41654.9,41601.45,41602.65,0
2025-09-24 14:30:00,41602.4,41610.75,41547.1,41565.35,0
2025-09-24 14:45:00,41565.25,41565.25,41506.25,41512.25,0
2025-09-24 15:00:00,41509.7,41563.6,41502.7,41516.6,0
2025-09-24 15:15:00,41516.6,41525.65,41467.1,41484.05,0
2025-09-25 09:15:00,41514.85,41743.5,41444.85,41625.3,0
2025-09-25 09:30:00,41624.85,41699.4,41591.2,41636.45,0
2025-09-25 09:45:00,41636.45,41678.85,41587.05,41666.6,0
2025-09-25 10:00:00,41667.55,41693.1,41600.8,41622.15,0
2025-09-25 10:15:00,41622.1,41694.55,41620.9,41674.9,0
2025-09-25 10:30:00,41674.75,41692.05,41582.15,41584.35,0
2025-09-25 10:45:00,41583.25,41661.55,41564.1,41642.5,0
2025-09-25 11:00:00,41642.5,41675.2,41625.8,41656.75,0
2025-09-25 11:15:00,41656.75,41680.9,41613.25,41649.35,0
2025-09-25 11:30:00,41649.35,41651.6,41582.75,41596.7,0
2025-09-25 11:45:00,41596.65,41620.85,41576.65,41587.15,0
2025-09-25 12:00:00,41586.75,41587.7,41517.15,41535.6,0
2025-09-25 12:15:00,41534.9,41571.1,41522.85,41551.35,0
2025-09-25 12:30:00,41551.35,41566.5,41514.0,41521.8,0
2025-09-25 12:45:00,41521.8,41541.5,41513.7,41531.2,0
2025-09-25 13:00:00,41531.55,41572.95,41520.55,41544.55,0
2025-09-25 13:15:00,41544.55,41552.9,41503.3,41520.55,0
2025-09-25 13:30:00,41523.6,41552.95,41508.55,41552.95,0
2025-09-25 13:45:00,41553.2,41567.9,41538.45,41540.55,0
2025-09-25 14:00:00,41540.55,41541.1,41456.35,41473.2,0
2025-09-25 14:15:00,41473.2,41488.25,41426.35,41460.5,0
2025-09-25 14:30:00,41461.85,41478.85,41429.7,41438.8,0
2025-09-25 14:45:00,41439.0,41472.4,41423.6,41427.85,0
2025-09-25 15:00:00,41425.85,41436.25,41245.75,41248.55,0
2025-09-25 15:15:00,41250.4,41304.85,41249.7,41295.35,0
2025-09-26 09:15:00,41258.2,41278.6,40968.75,41019.85,0
2025-09-26 09:30:00,41018.7,41018.7,40894.95,40972.6,0
2025-09-26 09:45:00,40972.25,41146.1,40972.25,41136.9,0
2025-09-26 10:00:00,41137.15,41154.65,40983.6,41000.2,0
2025-09-26 10:15:00,41003.05,41070.55,40992.2,41019.8,0
2025-09-26 10:30:00,41020.2,41042.4,41004.55,41040.95,0
2025-09-26 10:45:00,41040.95,41076.15,41002.9,41011.8,0
2025-09-26 11:00:00,41011.8,41012.75,40972.85,40978.2,0
2025-09-26 11:15:00,40978.2,40978.2,40912.75,40925.65,0
2025-09-26 11:30:00,40924.2,40939.4,40823.75,40839.1,0
2025-09-26 11:45:00,40839.1,40927.5,40836.55,40918.45,0
2025-09-26 12:00:00,40917.4,40917.7,40849.95,40863.7,0
2025-09-26 12:15:00,40863.5,40892.75,40838.05,40867.5,0
2025-09-26 12:30:00,40867.5,40896.65,40835.25,40884.8,0
2025-09-26 12:45:00,40885.45,40924.6,40874.6,40880.5,0
2025-09-26 13:00:00,40881.55,40886.4,40810.7,40813.5,0
2025-09-26 13:15:00,40813.5,40814.75,40684.9,40694.4,0
2025-09-26 13:30:00,40694.4,40695.3,40602.0,40620.75,0
2025-09-26 13:45:00,40620.75,40652.1,40566.1,40579.4,0
2025-09-26 14:00:00,40579.15,40596.65,40534.55,40581.05,0
2025-09-26 14:15:00,40581.05,40581.05,40513.4,40540.95,0
2025-09-26 14:30:00,40541.85,40622.45,40522.75,40597.15,0
2025-09-26 14:45:00,40597.0,40618.35,40540.65,40544.15,0
2025-09-26 15:00:00,40544.55,40552.85,40476.85,40480.5,0
2025-09-26 15:15:00,40480.5,40533.95,40456.25,40525.35,0
2025-09-29 09:15:00,40624.4,40688.55,40526.05,40685.4,0
2025-09-29 09:30:00,40685.4,40726.95,40635.85,40689.65,0
2025-09-29 09:45:00,40690.9,40773.75,40689.25,40749.1,0
2025-09-29 10:00:00,40748.1,40783.75,40680.35,40701.85,0
2025-09-29 10:15:00,40701.75,40745.9,40699.25,40707.25,0
2025-09-29 10:30:00,40711.4,40731.3,40653.95,40658.95,0
2025-09-29 10:45:00,40660.25,40686.7,40592.5,40620.0,0
2025-09-29 11:00:00,40620.0,40662.4,40581.05,40582.75,0
2025-09-29 11:15:00,40582.75,40592.3,40562.35,40570.45,0
2025-09-29 11:30:00,40571.85,40571.85,40421.65,40433.7,0
2025-09-29 11:45:00,40433.8,40460.9,40361.45,40435.25,0
2025-09-29 12:00:00,40433.3,40448.65,40339.75,40350.4,0
2025-09-29 12:15:00,40350.4,40444.3,40348.3,40435.25,0
2025-09-29 12:30:00,40433.7,40436.9,40348.0,40353.8,0
2025-09-29 12:45:00,40353.8,40427.05,40337.1,40410.55,0
2025-09-29 13:00:00,40410.55,40477.05,40395.75,40459.25,0
2025-09-29 13:15:00,40458.35,40524.0,40415.05,40523.75,0
2025-09-29 13:30:00,40523.75,40551.65,40468.5,40474.05,0
2025-09-29 13:45:00,40472.2,40556.0,40471.05,40549.7,0
2025-09-29 14:00:00,40551.5,40587.1,40548.95,40563.75,0
2025-09-29 14:15:00,40563.75,40607.7,40560.2,40571.8,0
2025-09-29 14:30:00,40571.6,40571.6,40486.9,40489.55,0
2025-09-29 14:45:00,40491.7,40538.4,40478.7,40534.95,0
2025-09-29 15:00:00,40534.95,40537.85,40474.5,40528.4,0
2025-09-29 15:15:00,40528.85,40597.3,40495.1,40564.1,0
2025-09-30 09:15:00,40645.7,40697.35,40481.75,40488.6,0
2025-09-30 09:30:00,40490.05,40548.45,40444.8,40498.05,0
2025-09-30 09:45:00,40498.15,40562.6,40482.5,40540.55,0
2025-09-30 10:00:00,40540.55,40618.3,40519.05,40523.85,0
2025-09-30 10:15:00,40523.55,40536.6,40456.75,40458.75,0
2025-09-30 10:30:00,40458.75,40483.85,40425.8,40474.9,0
2025-09-30 10:45:00,40474.2,40489.45,40451.8,40477.4,0
2025-09-30 11:00:00,40477.4,40516.15,40472.8,40502.95,0
2025-09-30 11:15:00,40502.95,40518.5,40454.2,40480.1,0
2025-09-30 11:30:00,40480.1,40509.0,40463.05,40467.25,0
2025-09-30 11:45:00,40465.05,40486.05,40456.6,40471.55,0
2025-09-30 12:00:00,40470.5,40512.7,40457.8,40499.95,0
2025-09-30 12:15:00,40499.95,40544.35,40494.0,40530.0,0
2025-09-30 12:30:00,40529.25,40559.95,40523.25,40541.1,0
2025-09-30 12:45:00,40540.0,40545.4,40495.85,40497.55,0
2025-09-30 13:00:00,40496.75,40496.75,40467.3,40470.3,0
2025-09-30 13:15:00,40469.05,40479.75,40418.05,40426.15,0
2025-09-30 13:30:00,40425.55,40431.45,40355.8,40365.2,0
2025-09-30 13:45:00,40365.15,40390.85,40348.2,40355.95,0
2025-09-30 14:00:00,40353.95,40363.1,40314.1,40341.6,0
2025-09-30 14:15:00,40340.2,40340.2,40263.7,40315.9,0
2025-09-30 14:30:00,40312.1,40438.3,40305.1,40437.3,0
2025-09-30 14:45:00,40437.3,40521.95,40437.3,40501.9,0
2025-09-30 15:00:00,40501.9,40509.6,40432.45,40445.6,0
2025-09-30 15:15:00,40446.5,40459.3,40422.85,40459.3,0
2025-10-01 09:15:00,40438.95,40585.8,40423.35,40585.8,0
2025-10-01 09:30:00,40584.7,40629.75,40575.75,40604.3,0
2025-10-01 09:45:00,40602.95,40631.85,40506.8,40534.4,0
2025-10-01 10:00:00,40534.4,40544.3,40388.55,40468.45,0
2025-10-01 10:15:00,40470.75,40553.1,40464.5,40547.5,0
2025-10-01 10:30:00,40549.7,40577.05,40466.9,40468.25,0
2025-10-01 10:45:00,40468.25,40480.1,40415.9,40466.8,0
2025-10-01 11:00:00,40464.65,40496.75,40449.05,40488.45,0
2025-10-01 11:15:00,40488.75,40537.8,40485.75,40486.15,0
2025-10-01 11:30:00,40486.15,40528.75,40486.15,40526.25,0
2025-10-01 11:45:00,40528.05,40581.0,40507.5,40579.55,0
2025-10-01 12:00:00,40580.1,40635.0,40570.65,40626.85,0
2025-10-01 12:15:00,40626.85,40641.55,40545.1,40573.25,0
2025-10-01 12:30:00,40573.25,40604.35,40551.25,40553.1,0
2025-10-01 12:45:00,40553.85,40571.75,40545.15,40558.4,0
2025-10-01 13:00:00,40558.8,40617.1,40554.55,40610.85,0
2025-10-01 13:15:00,40611.9,40622.7,40593.75,40599.45,0
2025-10-01 13:30:00,40599.45,40601.25,40568.1,40585.25,0
2025-10-01 13:45:00,40585.25,40603.05,40579.9,40596.15,0
2025-10-01 14:00:00,40598.1,40667.8,40594.7,40666.85,0
2025-10-01 14:15:00,40666.95,40698.3,40644.5,40683.8,0
2025-10-01 14:30:00,40682.95,40742.6,40681.0,40721.35,0
2025-10-01 14:45:00,40724.05,40739.25,40691.2,40715.2,0
2025-10-01 15:00:00,40715.2,40741.6,40705.5,40709.85,0
2025-10-01 15:15:00,40708.3,40764.2,40690.9,40756.75,0
2025-10-03 09:15:00,40796.05,40879.0,40690.5,40831.4,0
2025-10-03 09:30:00,40834.25,40934.85,40784.45,40911.4,0
2025-10-03 09:45:00,40910.5,40949.6,40841.5,40938.75,0
2025-10-03 10:00:00,40939.6,40947.55,40847.7,40885.15,0
2025-10-03 10:15:00,40883.65,40916.65,40848.8,40912.55,0
2025-10-03 10:30:00,40913.4,40929.7,40864.45,40867.55,0
2025-10-03 10:45:00,40867.55,40889.35,40851.5,40866.95,0
2025-10-03 11:00:00,40867.8,40902.2,40859.45,40892.75,0
2025-10-03 11:15:00,40892.75,40913.4,40880.45,40880.45,0
2025-10-03 11:30:00,40882.9,40927.35,40880.95,40923.75,0
2025-10-03 11:45:00,40923.75,40930.65,40894.75,40907.55,0
2025-10-03 12:00:00,40907.55,40954.85,40905.75,40907.0,0
2025-10-03 12:15:00,40907.0,40913.6,40862.85,40892.2,0
2025-10-03 12:30:00,40892.2,40909.1,40871.05,40904.55,0
2025-10-03 12:45:00,40906.4,40940.8,40902.65,40936.7,0
2025-10-03 13:00:00,40940.6,40947.2,40923.9,40932.45,0
2025-10-03 13:15:00,40932.2,40940.65,40895.0,40898.2,0
2025-10-03 13:30:00,40898.2,40902.8,40869.4,40893.45,0
2025-10-03 13:45:00,40896.65,40930.35,40888.15,40918.25,0
2025-10-03 14:00:00,40918.2,40929.6,40883.25,40886.3,0
2025-10-03 14:15:00,40886.3,40924.0,40884.5,40922.8,0
2025-10-03 14:30:00,40923.7,41012.6,40922.35,41009.7,0
2025-10-03 14:45:00,41009.7,41034.85,40987.5,41034.85,0
2025-10-03 15:00:00,41034.95,41065.85,41019.7,41054.85,0
2025-10-03 15:15:00,41054.85,41093.15,41050.55,41075.35,0
2025-10-06 09:15:00,41156.3,41250.65,41112.8,41193.55,0
2025-10-06 09:30:00,41192.95,41274.3,41125.7,41270.05,0
2025-10-06 09:45:00,41269.95,41285.3,41215.25,41255.85,0
2025-10-06 10:00:00,41255.85,41308.45,41216.95,41305.45,0
2025-10-06 10:15:00,41305.45,41344.85,41291.65,41312.3,0
2025-10-06 10:30:00,41313.7,41316.7,41272.3,41272.3,0
2025-10-06 10:45:00,41272.3,41293.65,41244.1,41279.55,0
2025-10-06 11:00:00,41279.3,41315.8,41277.05,41305.7,0
2025-10-06 11:15:00,41304.05,41304.6,41261.7,41277.65,0
2025-10-06 11:30:00,41277.65,41316.75,41260.25,41299.15,0
2025-10-06 11:45:00,41299.15,41308.75,41261.6,41288.0,0
2025-10-06 12:00:00,41288.0,41310.2,41275.75,41293.65,0
2025-10-06 12:15:00,41292.0,41315.2,41289.85,41295.05,0
2025-10-06 12:30:00,41294.75,41297.0,41253.2,41261.65,0
2025-10-06 12:45:00,41261.65,41301.35,41255.2,41293.3,0
2025-10-06 13:00:00,41293.3,41312.9,41283.5,41309.15,0
2025-10-06 13:15:00,41309.9,41356.7,41304.9,41356.35,0
2025-10-06 13:30:00,41357.55,41377.75,41353.65,41356.55,0
2025-10-06 13:45:00,41356.55,41385.35,41322.6,41380.7,0
2025-10-06 14:00:00,41380.1,41392.35,41358.2,41367.35,0
2025-10-06 14:15:00,41365.75,41386.7,41347.55,41349.9,0
2025-10-06 14:30:00,41349.9,41401.1,41345.0,41365.0,0
2025-10-06 14:45:00,41365.0,41432.1,41356.95,41428.35,0
2025-10-06 15:00:00,41428.3,41449.65,41419.45,41431.75,0
2025-10-06 15:15:00,41429.85,41460.35,41426.15,41426.15,0
2025-10-07 09:15:00,41528.4,41569.3,41418.25,41524.8,0
2025-10-07 09:30:00,41524.6,41597.5,41490.2,41585.3,0
2025-10-07 09:45:00,41584.15,41633.75,41553.4,41614.45,0
2025-10-07 10:00:00,41614.45,41630.55,41543.05,41545.45,0
2025-10-07 10:15:00,41545.2,41574.85,41523.15,41560.65,0
2025-10-07 10:30:00,41560.65,41598.25,41543.85,41592.1,0
2025-10-07 10:45:00,41592.1,41617.65,41574.1,41578.05,0
2025-10-07 11:00:00,41579.85,41594.65,41539.55,41574.3,0
2025-10-07 11:15:00,41574.3,41575.9,41457.6,41513.15,0
2025-10-07 11:30:00,41512.65,41523.3,41479.9,41506.7,0
2025-10-07 11:45:00,41506.7,41535.05,41490.15,41528.45,0
2025-10-07 12:00:00,41528.45,41575.7,41523.65,41530.85,0
2025-10-07 12:15:00,41531.6,41559.75,41497.95,41556.25,0
2025-10-07 12:30:00,41556.25,41560.9,41540.7,41556.25,0
2025-10-07 12:45:00,41555.2,41598.55,41535.4,41582.95,0
2025-10-07 13:00:00,41584.05,41638.5,41566.8,41618.3,0
2025-10-07 13:15:00,41619.35,41632.05,41586.55,41590.35,0
2025-10-07 13:30:00,41590.35,41639.8,41571.15,41635.25,0
2025-10-07 13:45:00,41635.25,41653.05,41617.2,41632.3,0
2025-10-07 14:00:00,41632.3,41641.3,41607.4,41629.65,0
2025-10-07 14:15:00,41629.65,41629.65,41529.3,41538.2,0
2025-10-07 14:30:00,41535.95,41580.85,41524.45,41530.45,0
2025-10-07 14:45:00,41530.45,41555.05,41516.0,41535.05,0
2025-10-07 15:00:00,41535.05,41538.4,41503.85,41518.25,0
2025-10-07 15:15:00,41518.25,41567.2,41510.15,41550.0,0
2025-10-08 09:15:00,41488.5,41625.1,41436.65,41572.4,0
2025-10-08 09:30:00,41571.4,41614.1,41535.55,41592.8,0
2025-10-08 09:45:00,41592.8,41595.1,41526.25,41566.4,0
2025-10-08 10:00:00,41566.4,41579.25,41498.15,41525.8,0
2025-10-08 10:15:00,41526.25,41526.25,41421.65,41483.55,0
2025-10-08 10:30:00,41483.55,41495.05,41447.6,41479.0,0
2025-10-08 10:45:00,41479.35,41485.5,41416.15,41436.05,0
2025-10-08 11:00:00,41438.4,41447.8,41328.2,41339.55,0
2025-10-08 11:15:00,41339.0,41367.85,41311.95,41360.65,0
2025-10-08 11:30:00,41360.2,41400.05,41338.05,41384.85,0
2025-10-08 11:45:00,41384.85,41431.85,41372.7,41412.9,0
2025-10-08 12:00:00,41413.15,41415.25,41382.65,41406.0,0
2025-10-08 12:15:00,41406.35,41415.95,41362.65,41412.7,0
2025-10-08 12:30:00,41412.7,41426.9,41382.65,41426.9,0
2025-10-08 12:45:00,41427.9,41503.75,41425.4,41503.75,0
2025-10-08 13:00:00,41504.35,41531.2,41487.5,41525.1,0
2025-10-08 13:15:00,41527.75,41563.05,41505.4,41531.45,0
2025-10-08 13:30:00,41531.45,41562.05,41510.45,41523.9,0
2025-10-08 13:45:00,41524.9,41546.0,41514.7,41545.05,0
2025-10-08 14:00:00,41545.05,41550.7,41430.4,41444.1,0
2025-10-08 14:15:00,41444.2,41453.8,41403.1,41405.85,0
2025-10-08 14:30:00,41405.85,41445.35,41400.7,41423.3,0
2025-10-08 14:45:00,41423.3,41432.95,41364.7,41367.85,0
2025-10-08 15:00:00,41368.35,41399.1,41304.85,41304.85,0
2025-10-08 15:15:00,41305.15,41340.05,41287.15,41299.95,0
2025-10-09 09:15:00,41396.95,41444.3,41287.15,41367.85,0
2025-10-09 09:30:00,41368.45,41402.3,41294.25,41294.25,0
2025-10-09 09:45:00,41294.1,41412.6,41274.15,41410.95,0
2025-10-09 10:00:00,41410.95,41451.0,41346.8,41388.6,0
2025-10-09 10:15:00,41388.6,41484.2,41372.3,41474.3,0
2025-10-09 10:30:00,41473.8,41505.95,41445.4,41500.25,0
2025-10-09 10:45:00,41501.8,41518.4,41451.85,41513.4,0
2025-10-09 11:00:00,41513.4,41562.35,41511.95,41545.8,0
2025-10-09 11:15:00,41545.8,41550.9,41514.55,41548.45,0
2025-10-09 11:30:00,41549.45,41559.6,41518.05,41522.0,0
2025-10-09 11:45:00,41522.0,41565.25,41517.35,41518.1,0
2025-10-09 12:00:00,41518.1,41573.4,41502.7,41564.9,0
2025-10-09 12:15:00,41564.9,41620.95,41564.9,41594.35,0
2025-10-09 12:30:00,41597.7,41607.1,41561.4,41580.7,0
2025-10-09 12:45:00,41580.7,41636.9,41579.3,41595.7,0
2025-10-09 13:00:00,41595.7,41621.95,41585.25,41611.7,0
2025-10-09 13:15:00,41611.7,41640.4,41609.75,41638.0,0
2025-10-09 13:30:00,41638.0,41660.55,41597.3,41609.35,0
2025-10-09 13:45:00,41609.1,41651.7,41601.3,41635.55,0
2025-10-09 14:00:00,41635.55,41646.7,41616.2,41622.05,0
2025-10-09 14:15:00,41622.05,41630.0,41586.4,41593.85,0
2025-10-09 14:30:00,41593.85,41647.55,41593.85,41624.2,0
2025-10-09 14:45:00,41625.3,41662.65,41616.5,41658.95,0
2025-10-09 15:00:00,41658.75,41715.4,41658.75,41689.05,0
2025-10-09 15:15:00,41688.5,41724.7,41681.7,41698.5,0
2025-10-10 09:15:00,41746.0,41884.05,41678.3,41780.45,0
2025-10-10 09:30:00,41778.25,41909.0,41778.25,41900.0,0
2025-10-10 09:45:00,41900.0,41945.95,41896.25,41915.45,0
2025-10-10 10:00:00,41915.45,41948.6,41897.85,41916.4,0
2025-10-10 10:15:00,41917.5,41954.5,41877.3,41896.55,0
2025-10-10 10:30:00,41896.75,41912.05,41856.5,41856.5,0
2025-10-10 10:45:00,41856.5,41891.4,41856.5,41867.35,0
2025-10-10 11:00:00,41867.35,41917.35,41864.2,41917.35,0
2025-10-10 11:15:00,41917.35,41921.95,41887.5,41902.15,0
2025-10-10 11:30:00,41903.85,41913.1,41868.95,41906.4,0
2025-10-10 11:45:00,41906.4,41937.55,41895.6,41932.3,0
2025-10-10 12:00:00,41933.1,41998.65,41933.1,41996.75,0
2025-10-10 12:15:00,41996.75,42028.6,41990.35,42001.55,0
2025-10-10 12:30:00,42001.55,42030.05,41983.1,42027.85,0
2025-10-10 12:45:00,42027.15,42028.5,41996.55,42020.05,0
2025-10-10 13:00:00,42019.8,42026.15,42006.0,42011.5,0
2025-10-10 13:15:00,42011.5,42016.45,41959.0,41966.6,0
2025-10-10 13:30:00,41966.6,41984.55,41963.05,41974.55,0
2025-10-10 13:45:00,41975.1,41999.55,41970.7,41979.9,0
2025-10-10 14:00:00,41978.65,41990.1,41967.1,41989.45,0
2025-10-10 14:15:00,41989.45,42047.2,41978.7,42025.55,0
2025-10-10 14:30:00,42025.55,42048.45,42012.25,42022.95,0
2025-10-10 14:45:00,42023.85,42023.85,41972.35,42008.5,0
2025-10-10 15:00:00,42008.5,42008.5,41969.75,41976.55,0
2025-10-10 15:15:00,41977.8,42012.8,41965.65,41984.15,0
2025-10-13 09:15:00,41892.9,41999.4,41712.3,41898.65,0
2025-10-13 09:30:00,41898.3,41900.2,41746.9,41891.6,0
2025-10-13 09:45:00,41891.6,41933.2,41852.7,41866.75,0
2025-10-13 10:00:00,41866.75,41881.6,41830.3,41857.4,0
2025-10-13 10:15:00,41857.4,41859.3,41766.35,41800.55,0
2025-10-13 10:30:00,41798.65,41821.35,41784.75,41803.05,0
2025-10-13 10:45:00,41801.75,41816.0,41742.8,41757.35,0
2025-10-13 11:00:00,41757.4,41777.45,41736.3,41763.4,0
2025-10-13 11:15:00,41763.1,41765.05,41696.65,41734.8,0
2025-10-13 11:30:00,41734.8,41741.25,41715.95,41734.25,0
2025-10-13 11:45:00,41733.9,41789.75,41724.9,41789.75,0
2025-10-13 12:00:00,41789.25,41794.05,41743.3,41778.55,0
2025-10-13 12:15:00,41778.55,41807.15,41748.45,41803.35,0
2025-10-13 12:30:00,41802.1,41803.8,41755.55,41788.7,0
2025-10-13 12:45:00,41789.15,41796.45,41758.7,41781.25,0
2025-10-13 13:00:00,41781.25,41824.8,41753.6,41819.7,0
2025-10-13 13:15:00,41820.4,41856.8,41800.3,41800.3,0
2025-10-13 13:30:00,41800.3,41816.65,41796.15,41808.1,0
2025-10-13 13:45:00,41808.2,41845.95,41793.7,41809.2,0
2025-10-13 14:00:00,41809.2,41843.15,41801.95,41806.2,0
2025-10-13 14:15:00,41803.65,41888.35,41802.85,41864.75,0
2025-10-13 14:30:00,41864.75,41884.9,41826.5,41858.35,0
2025-10-13 14:45:00,41858.35,41922.75,41858.35,41919.75,0
2025-10-13 15:00:00,41919.75,41957.25,41879.7,41955.6,0
2025-10-13 15:15:00,41955.6,41986.85,41954.15,41974.7,0
2025-10-14 09:15:00,42103.7,42202.65,42090.3,42150.6,0
2025-10-14 09:30:00,42152.35,42174.95,42035.85,42046.3,0
2025-10-14 09:45:00,42046.3,42086.1,41977.15,41982.15,0
2025-10-14 10:00:00,41982.15,42024.0,41830.95,41853.6,0
2025-10-14 10:15:00,41853.6,41884.85,41810.85,41869.6,0
2025-10-14 10:30:00,41869.6,41884.95,41832.35,41847.7,0
2025-10-14 10:45:00,41847.7,41878.5,41827.1,41848.45,0
2025-10-14 11:00:00,41848.3,41852.2,41737.95,41757.15,0
2025-10-14 11:15:00,41757.8,41760.2,41658.25,41702.6,0
2025-10-14 11:30:00,41702.25,41705.8,41665.55,41673.65,0
2025-10-14 11:45:00,41676.25,41694.9,41641.55,41687.8,0
2025-10-14 12:00:00,41687.8,41692.25,41559.5,41602.05,0
2025-10-14 12:15:00,41602.05,41635.45,41583.45,41584.55,0
2025-10-14 12:30:00,41584.55,41596.3,41549.0,41556.75,0
2025-10-14 12:45:00,41556.75,41613.15,41553.35,41608.15,0
2025-10-14 13:00:00,41608.25,41616.85,41555.6,41561.25,0
2025-10-14 13:15:00,41561.25,41617.6,41541.7,41607.3,0
2025-10-14 13:30:00,41607.3,41639.8,41606.15,41625.45,0
2025-10-14 13:45:00,41624.0,41638.4,41583.15,41590.6,0
2025-10-14 14:00:00,41591.75,41604.25,41571.15,41583.3,0
2025-10-14 14:15:00,41583.75,41635.0,41552.8,41613.45,0
2025-10-14 14:30:00,41613.45,41683.1,41612.4,41652.35,0
2025-10-14 14:45:00,41652.35,41665.5,41607.9,41626.0,0
2025-10-14 15:00:00,41625.85,41625.85,41558.8,41572.3,0
2025-10-14 15:15:00,41571.8,41598.05,41504.65,41520.45,0
2025-10-15 09:15:00,41729.4,41948.0,41708.3,41923.2,0
2025-10-15 09:30:00,41921.7,41951.2,41874.75,41917.1,0
2025-10-15 09:45:00,41915.05,41943.65,41888.15,41909.05,0
2025-10-15 10:00:00,41907.7,42007.5,41906.9,42007.5,0
2025-10-15 10:15:00,42006.85,42022.8,41971.7,42021.0,0
2025-10-15 10:30:00,42021.65,42055.65,42021.65,42033.0,0
2025-10-15 10:45:00,42033.0,42064.75,42017.3,42063.25,0
2025-10-15 11:00:00,42064.0,42078.55,42038.05,42062.7,0
2025-10-15 11:15:00,42063.0,42128.2,42056.15,42121.6,0
2025-10-15 11:30:00,42121.6,42133.15,42089.65,42118.3,0
2025-10-15 11:45:00,42118.3,42133.55,42106.3,42113.1,0
2025-10-15 12:00:00,42115.45,42152.25,42106.95,42107.45,0
2025-10-15 12:15:00,42109.0,42171.25,42105.35,42161.65,0
2025-10-15 12:30:00,42161.65,42178.3,42148.05,42166.85,0
2025-10-15 12:45:00,42166.45,42184.8,42146.85,42183.55,0
2025-10-15 13:00:00,42183.55,42200.2,42168.05,42170.6,0
2025-10-15 13:15:00,42170.25,42205.75,42169.1,42188.55,0
2025-10-15 13:30:00,42188.55,42227.25,42186.55,42192.05,0
2025-10-15 13:45:00,42191.2,42206.85,42154.65,42161.35,0
2025-10-15 14:00:00,42161.35,42193.5,42155.15,42186.5,0
2025-10-15 14:15:00,42186.0,42224.7,42181.05,42214.75,0
2025-10-15 14:30:00,42214.75,42247.75,42206.6,42237.8,0
2025-10-15 14:45:00,42237.8,42256.55,42201.95,42252.55,0
2025-10-15 15:00:00,42252.45,42257.8,42193.5,42252.55,0
2025-10-15 15:15:00,42251.45,42251.45,42215.95,42227.35,0
2025-10-16 09:15:00,42326.0,42408.45,42271.65,42388.6,0
2025-10-16 09:30:00,42388.6,42478.45,42387.45,42451.95,0
2025-10-16 09:45:00,42451.95,42492.0,42431.1,42459.2,0
2025-10-16 10:00:00,42459.25,42483.75,42398.55,42416.0,0
2025-10-16 10:15:00,42416.0,42461.45,42413.55,42459.8,0
2025-10-16 10:30:00,42459.8,42478.4,42431.45,42477.5,0
2025-10-16 10:45:00,42476.75,42486.75,42452.6,42481.25,0
2025-10-16 11:00:00,42477.55,42490.85,42452.85,42472.85,0
2025-10-16 11:15:00,42472.85,42473.05,42420.25,42468.3,0
2025-10-16 11:30:00,42468.3,42472.4,42405.3,42412.0,0
2025-10-16 11:45:00,42412.95,42552.5,42399.15,42512.35,0
2025-10-16 12:00:00,42512.35,42536.3,42482.9,42524.75,0
2025-10-16 12:15:00,42521.7,42566.4,42504.8,42552.0,0
2025-10-16 12:30:00,42552.0,42579.0,42538.45,42545.85,0
2025-10-16 12:45:00,42545.85,42550.85,42516.35,42530.9,0
2025-10-16 13:00:00,42530.9,42562.6,42530.7,42557.7,0
2025-10-16 13:15:00,42559.0,42571.25,42541.15,42557.15,0
2025-10-16 13:30:00,42556.5,42563.0,42533.1,42556.9,0
2025-10-16 13:45:00,42557.45,42562.75,42525.9,42527.3,0
2025-10-16 14:00:00,42527.3,42573.8,42527.3,42551.25,0
2025-10-16 14:15:00,42551.55,42599.5,42550.9,42583.3,0
2025-10-16 14:30:00,42582.6,42639.55,42576.6,42636.2,0
2025-10-16 14:45:00,42636.2,42637.9,42584.2,42600.4,0
2025-10-16 15:00:00,42603.15,42612.8,42585.95,42587.0,0
2025-10-16 15:15:00,42587.0,42604.8,42572.1,42586.55,0
2025-10-17 09:15:00,42523.4,42610.85,42487.45,42610.85,0
2025-10-17 09:30:00,42611.5,42675.55,42588.3,42672.6,0
2025-10-17 09:45:00,42671.95,42686.25,42528.55,42617.6,0
2025-10-17 10:00:00,42617.6,42723.1,42617.3,42716.8,0
2025-10-17 10:15:00,42717.65,42739.4,42675.15,42725.65,0
2025-10-17 10:30:00,42725.65,42726.95,42680.6,42712.3,0
2025-10-17 10:45:00,42715.55,42775.05,42711.7,42774.3,0
2025-10-17 11:00:00,42777.7,42791.4,42738.65,42741.95,0
2025-10-17 11:15:00,42740.25,42779.7,42735.25,42771.0,0
2025-10-17 11:30:00,42771.2,42791.9,42719.05,42743.9,0
2025-10-17 11:45:00,42740.35,42762.25,42712.65,42761.7,0
2025-10-17 12:00:00,42761.7,42791.4,42747.3,42768.6,0
2025-10-17 12:15:00,42768.6,42774.15,42744.55,42774.15,0
2025-10-17 12:30:00,42776.1,42794.05,42764.0,42777.35,0
2025-10-17 12:45:00,42777.35,42782.25,42614.85,42643.6,0
2025-10-17 13:00:00,42643.4,42661.25,42539.7,42562.4,0
2025-10-17 13:15:00,42562.4,42604.35,42552.45,42573.45,0
2025-10-17 13:30:00,42573.45,42577.9,42409.5,42473.25,0
2025-10-17 13:45:00,42473.25,42484.6,42401.2,42483.85,0
2025-10-17 14:00:00,42484.15,42549.65,42443.7,42528.45,0
2025-10-17 14:15:00,42529.3,42576.55,42506.5,42555.5,0
2025-10-17 14:30:00,42555.5,42623.15,42536.3,42601.95,0
2025-10-17 14:45:00,42601.95,42613.3,42543.0,42552.75,0
2025-10-17 15:00:00,42551.05,42565.05,42498.25,42511.8,0
2025-10-17 15:15:00,42512.3,42529.85,42485.25,42520.35,0
2025-10-20 09:15:00,42702.2,42874.15,42660.2,42730.95,0
2025-10-20 09:30:00,42729.05,42774.5,42684.9,42719.5,0
2025-10-20 09:45:00,42719.85,42730.95,42625.25,42645.4,0
2025-10-20 10:00:00,42645.4,42687.35,42623.45,42634.4,0
2025-10-20 10:15:00,42634.15,42656.45,42611.6,42618.35,0
2025-10-20 10:30:00,42617.3,42644.85,42601.35,42620.55,0
2025-10-20 10:45:00,42620.55,42657.05,42586.9,42623.1,0
2025-10-20 11:00:00,42620.85,42650.85,42611.3,42620.5,0
2025-10-20 11:15:00,42616.75,42624.3,42559.8,42619.95,0
2025-10-20 11:30:00,42619.95,42635.85,42610.4,42616.0,0
2025-10-20 11:45:00,42616.6,42636.4,42603.75,42627.4,0
2025-10-20 12:00:00,42625.9,42644.75,42619.35,42640.95,0
2025-10-20 12:15:00,42640.95,42679.15,42633.15,42672.9,0
2025-10-20 12:30:00,42671.55,42715.6,42671.25,42707.25,0
2025-10-20 12:45:00,42707.25,42718.0,42693.3,42693.75,0
2025-10-20 13:00:00,42694.75,42722.05,42689.85,42693.55,0
2025-10-20 13:15:00,42694.1,42699.25,42671.35,42676.8,0
2025-10-20 13:30:00,42676.8,42686.9,42655.2,42659.15,0
2025-10-20 13:45:00,42659.05,42674.5,42633.45,42669.75,0
2025-10-20 14:00:00,42669.7,42672.8,42643.5,42668.45,0
2025-10-20 14:15:00,42668.45,42693.25,42630.0,42639.35,0
2025-10-20 14:30:00,42639.35,42666.5,42630.8,42653.9,0
2025-10-20 14:45:00,42653.9,42656.7,42620.6,42633.4,0
2025-10-20 15:00:00,42630.5,42630.5,42587.25,42602.3,0
2025-10-20 15:15:00,42602.3,42628.8,42593.65,42627.5,0
2025-10-21 13:45:00,42786.5,42841.65,42717.55,42744.05,0
2025-10-21 14:00:00,42743.1,42761.1,42724.3,42746.75,0
2025-10-21 14:15:00,42748.4,42756.35,42725.15,42727.0,0
2025-10-21 14:30:00,42727.1,42727.1,42594.1,42613.0,0
2025-10-23 09:15:00,42890.15,42899.6,42649.3,42844.8,0
2025-10-23 09:30:00,42846.4,42909.55,42833.65,42843.55,0
2025-10-23 09:45:00,42843.55,42886.55,42771.4,42794.3,0
2025-10-23 10:00:00,42794.3,42820.45,42785.85,42804.25,0
2025-10-23 10:15:00,42805.05,42823.0,42783.65,42805.4,0
2025-10-23 10:30:00,42805.4,42818.25,42766.45,42814.85,0
2025-10-23 10:45:00,42814.85,42817.65,42753.25,42775.8,0
2025-10-23 11:00:00,42775.8,42794.1,42743.3,42784.05,0
2025-10-23 11:15:00,42784.45,42804.0,42769.65,42778.6,0
2025-10-23 11:30:00,42777.65,42799.65,42759.9,42780.85,0
2025-10-23 11:45:00,42780.0,42809.8,42777.25,42805.8,0
2025-10-23 12:00:00,42805.8,42815.8,42790.1,42792.1,0
2025-10-23 12:15:00,42792.3,42826.7,42779.85,42820.65,0
2025-10-23 12:30:00,42820.65,42826.5,42802.4,42824.65,0
2025-10-23 12:45:00,42824.65,42833.35,42795.0,42798.1,0
2025-10-23 13:00:00,42798.6,42801.5,42768.2,42774.6,0
2025-10-23 13:15:00,42775.0,42787.6,42747.4,42752.5,0
2025-10-23 13:30:00,42753.15,42758.75,42695.05,42718.4,0
2025-10-23 13:45:00,42718.4,42720.7,42647.6,42650.2,0
2025-10-23 14:00:00,42650.2,42687.15,42631.05,42670.75,0
2025-10-23 14:15:00,42670.75,42684.65,42646.25,42653.2,0
2025-10-23 14:30:00,42651.2,42667.75,42628.85,42662.15,0
2025-10-23 14:45:00,42660.95,42692.6,42650.85,42652.65,0
2025-10-23 15:00:00,42652.65,42656.2,42444.6,42449.9,0
2025-10-23 15:15:00,42450.85,42495.65,42443.9,42491.0,0
2025-10-24 09:15:00,42591.3,42611.25,42448.35,42529.2,0
2025-10-24 09:30:00,42529.2,42622.7,42485.7,42585.45,0
2025-10-24 09:45:00,42585.45,42590.3,42517.45,42562.55,0
2025-10-24 10:00:00,42562.8,42569.75,42522.05,42527.5,0
2025-10-24 10:15:00,42527.2,42527.85,42441.3,42446.3,0
2025-10-24 10:30:00,42446.0,42462.85,42418.8,42450.8,0
2025-10-24 10:45:00,42450.8,42477.8,42430.95,42456.15,0
2025-10-24 11:00:00,42456.15,42469.1,42417.6,42459.8,0
2025-10-24 11:15:00,42459.5,42486.55,42430.95,42455.45,0
2025-10-24 11:30:00,42454.7,42515.95,42439.75,42507.4,0
2025-10-24 11:45:00,42507.4,42523.6,42493.65,42518.3,0
2025-10-24 12:00:00,42518.3,42553.2,42495.55,42531.65,0
2025-10-24 12:15:00,42533.3,42547.35,42505.4,42508.1,0
2025-10-24 12:30:00,42504.95,42512.85,42476.5,42506.65,0
2025-10-24 12:45:00,42506.65,42512.25,42474.4,42477.9,0
2025-10-24 13:00:00,42477.9,42496.5,42468.9,42475.25,0
2025-10-24 13:15:00,42475.25,42477.6,42360.45,42363.35,0
2025-10-24 13:30:00,42363.9,42385.1,42298.7,42302.3,0
2025-10-24 13:45:00,42302.3,42328.95,42290.9,42323.15,0
2025-10-24 14:00:00,42323.95,42353.5,42299.9,42328.4,0
2025-10-24 14:15:00,42329.0,42366.8,42321.45,42351.35,0
2025-10-24 14:30:00,42349.45,42349.45,42315.9,42319.5,0
2025-10-24 14:45:00,42319.3,42335.55,42297.3,42309.0,0
2025-10-24 15:00:00,42310.45,42427.25,42310.45,42412.75,0
2025-10-24 15:15:00,42412.75,42460.5,42411.5,42433.2,0
2025-10-27 09:15:00,42611.05,42626.3,42517.55,42542.5,0
2025-10-27 09:30:00,42547.3,42578.8,42512.85,42551.45,0
2025-10-27 09:45:00,42550.2,42616.65,42550.05,42606.45,0
2025-10-27 10:00:00,42605.15,42611.15,42565.15,42569.2,0
2025-10-27 10:15:00,42564.15,42582.4,42541.65,42578.3,0
2025-10-27 10:30:00,42578.15,42592.3,42537.55,42586.1,0
2025-10-27 10:45:00,42585.8,42590.6,42563.4,42584.0,0
2025-10-27 11:00:00,42584.0,42599.75,42564.9,42573.8,0
2025-10-27 11:15:00,42575.3,42584.25,42559.5,42564.5,0
2025-10-27 11:30:00,42564.5,42569.0,42542.9,42542.9,0
2025-10-27 11:45:00,42542.9,42555.9,42514.95,42551.55,0
2025-10-27 12:00:00,42551.85,42561.6,42524.7,42524.7,0
2025-10-27 12:15:00,42526.05,42532.9,42505.3,42511.8,0
2025-10-27 12:30:00,42511.8,42526.35,42507.3,42511.5,0
2025-10-27 12:45:00,42511.15,42529.35,42491.7,42521.9,0
2025-10-27 13:00:00,42523.45,42533.8,42486.7,42496.4,0
2025-10-27 13:15:00,42496.7,42498.0,42446.15,42483.7,0
2025-10-27 13:30:00,42483.7,42503.85,42470.45,42483.85,0
2025-10-27 13:45:00,42483.85,42506.95,42474.3,42496.75,0
2025-10-27 14:00:00,42496.75,42521.55,42490.25,42503.4,0
2025-10-27 14:15:00,42502.75,42531.15,42493.05,42526.5,0
2025-10-27 14:30:00,42526.5,42540.6,42518.95,42532.5,0
2025-10-27 14:45:00,42532.5,42536.25,42499.25,42514.1,0
2025-10-27 15:00:00,42514.8,42555.45,42514.8,42542.9,0
2025-10-27 15:15:00,42542.9,42562.75,42532.85,42537.65,0
2025-10-28 09:15:00,42591.0,42667.9,42495.4,42546.85,0
2025-10-28 09:30:00,42548.75,42592.3,42542.55,42576.05,0
2025-10-28 09:45:00,42576.05,42581.65,42486.0,42512.55,0
2025-10-28 10:00:00,42510.5,42512.2,42411.35,42434.95,0
2025-10-28 10:15:00,42434.8,42454.1,42409.4,42422.0,0
2025-10-28 10:30:00,42422.0,42432.6,42342.35,42355.95,0
2025-10-28 10:45:00,42356.25,42391.2,42326.8,42333.05,0
2025-10-28 11:00:00,42333.05,42350.4,42304.3,42332.75,0
2025-10-28 11:15:00,42332.9,42380.7,42316.8,42374.7,0
2025-10-28 11:30:00,42374.7,42389.7,42355.0,42356.8,0
2025-10-28 11:45:00,42356.8,42372.2,42308.75,42309.4,0
2025-10-28 12:00:00,42307.7,42319.15,42265.7,42290.4,0
2025-10-28 12:15:00,42290.4,42360.75,42286.9,42350.8,0
2025-10-28 12:30:00,42350.8,42386.1,42339.55,42384.45,0
2025-10-28 12:45:00,42384.45,42411.0,42376.8,42403.2,0
2025-10-28 13:00:00,42403.4,42407.9,42341.3,42349.5,0
2025-10-28 13:15:00,42349.5,42386.4,42327.05,42358.2,0
2025-10-28 13:30:00,42358.2,42368.9,42284.5,42284.5,0
2025-10-28 13:45:00,42284.8,42289.7,42235.05,42251.95,0
2025-10-28 14:00:00,42252.6,42259.4,42231.95,42247.75,0
2025-10-28 14:15:00,42247.75,42250.15,42210.5,42224.45,0
2025-10-28 14:30:00,42226.1,42243.85,42183.1,42194.8,0
2025-10-28 14:45:00,42194.65,42248.9,42192.4,42235.5,0
2025-10-28 15:00:00,42235.5,42434.0,42235.5,42426.9,0
2025-10-28 15:15:00,42426.9,42442.6,42410.65,42421.25,0
2025-10-29 09:15:00,42374.65,42390.0,42197.25,42358.2,0
2025-10-29 09:30:00,42360.5,42393.3,42206.75,42254.85,0
2025-10-29 09:45:00,42254.85,42305.55,42245.45,42270.3,0
2025-10-29 10:00:00,42269.85,42312.3,42268.25,42300.65,0
2025-10-29 10:15:00,42300.85,42352.6,42275.0,42346.4,0
2025-10-29 10:30:00,42346.4,42395.5,42341.85,42376.5,0
2025-10-29 10:45:00,42376.5,42382.3,42321.75,42345.1,0
2025-10-29 11:00:00,42344.4,42368.2,42307.25,42317.65,0
2025-10-29 11:15:00,42317.65,42337.05,42283.45,42323.95,0
2025-10-29 11:30:00,42323.95,42325.1,42291.9,42305.8,0
2025-10-29 11:45:00,42307.4,42308.45,42288.1,42303.95,0
2025-10-29 12:00:00,42303.95,42327.15,42294.35,42315.95,0
2025-10-29 12:15:00,42315.95,42341.05,42311.65,42322.8,0
2025-10-29 12:30:00,42322.8,42342.65,42304.55,42330.3,0
2025-10-29 12:45:00,42331.65,42345.3,42320.85,42340.35,0
2025-10-29 13:00:00,42340.35,42363.45,42334.3,42355.5,0
2025-10-29 13:15:00,42354.95,42394.45,42354.7,42375.1,0
2025-10-29 13:30:00,42374.75,42398.0,42352.25,42356.2,0
2025-10-29 13:45:00,42356.45,42395.35,42350.4,42374.8,0
2025-10-29 14:00:00,42374.65,42374.65,42329.1,42370.5,0
2025-10-29 14:15:00,42370.5,42407.15,42370.5,42399.35,0
2025-10-29 14:30:00,42399.35,42411.85,42366.35,42376.4,0
2025-10-29 14:45:00,42376.25,42380.05,42335.3,42358.7,0
2025-10-29 15:00:00,42358.7,42395.25,42345.4,42384.8,0
2025-10-29 15:15:00,42384.8,42471.05,42382.05,42455.65,0
2025-10-30 09:15:00,42501.45,42517.75,42386.85,42438.25,0
2025-10-30 09:30:00,42439.45,42439.45,42338.5,42345.6,0
2025-10-30 09:45:00,42346.85,42374.25,42270.15,42273.45,0
2025-10-30 10:00:00,42273.45,42360.55,42260.5,42360.55,0
2025-10-30 10:15:00,42358.55,42367.0,42331.25,42341.7,0
2025-10-30 10:30:00,42341.6,42361.5,42332.3,42342.15,0
2025-10-30 10:45:00,42341.25,42399.25,42334.25,42381.75,0
2025-10-30 11:00:00,42381.75,42502.8,42380.9,42498.45,0
2025-10-30 11:15:00,42498.65,42517.9,42477.35,42501.75,0
2025-10-30 11:30:00,42501.15,42507.05,42440.15,42442.85,0
2025-10-30 11:45:00,42442.5,42465.6,42397.1,42403.35,0
2025-10-30 12:00:00,42404.05,42420.85,42378.95,42391.2,0
2025-10-30 12:15:00,42391.2,42405.0,42364.5,42367.85,0
2025-10-30 12:30:00,42368.6,42402.5,42358.35,42393.8,0
2025-10-30 12:45:00,42393.85,42404.45,42352.6,42353.0,0
2025-10-30 13:00:00,42352.75,42394.95,42346.95,42390.3,0
2025-10-30 13:15:00,42390.3,42397.8,42343.25,42348.75,0
2025-10-30 13:30:00,42349.05,42350.35,42296.15,42315.1,0
2025-10-30 13:45:00,42315.1,42338.8,42294.3,42338.35,0
2025-10-30 14:00:00,42337.9,42350.8,42311.35,42338.5,0
2025-10-30 14:15:00,42338.9,42389.5,42335.35,42374.0,0
2025-10-30 14:30:00,42373.4,42433.8,42372.7,42433.8,0
2025-10-30 14:45:00,42433.8,42446.45,42381.1,42381.1,0
2025-10-30 15:00:00,42381.1,42421.1,42381.1,42420.4,0
2025-10-30 15:15:00,42420.7,42446.35,42409.6,42423.95,0
2025-10-31 09:15:00,42491.1,42551.85,42411.75,42550.6,0
2025-10-31 09:30:00,42549.2,42603.15,42528.6,42577.2,0
2025-10-31 09:45:00,42577.55,42624.85,42572.05,42606.55,0
2025-10-31 10:00:00,42604.5,42612.9,42535.3,42557.75,0
2025-10-31 10:15:00,42559.15,42559.15,42504.05,42508.35,0
2025-10-31 10:30:00,42508.35,42509.65,42434.4,42487.7,0
2025-10-31 10:45:00,42486.35,42538.1,42397.05,42409.6,0
2025-10-31 11:00:00,42409.6,42411.7,42329.9,42373.0,0
2025-10-31 11:15:00,42373.9,42448.3,42372.8,42421.55,0
2025-10-31 11:30:00,42421.5,42464.15,42410.1,42447.3,0
2025-10-31 11:45:00,42446.5,42450.6,42419.35,42448.8,0
2025-10-31 12:00:00,42448.8,42473.6,42400.7,42402.4,0
2025-10-31 12:15:00,42402.65,42442.55,42401.45,42423.65,0
2025-10-31 12:30:00,42424.45,42440.9,42410.65,42422.45,0
2025-10-31 12:45:00,42422.45,42450.9,42409.0,42426.25,0
2025-10-31 13:00:00,42425.9,42533.95,42425.9,42530.1,0
2025-10-31 13:15:00,42531.8,42558.25,42481.55,42489.95,0
2025-10-31 13:30:00,42490.75,42514.5,42471.1,42474.15,0
2025-10-31 13:45:00,42475.4,42533.05,42460.5,42530.7,0
2025-10-31 14:00:00,42529.95,42573.25,42523.65,42567.75,0
2025-10-31 14:15:00,42568.9,42579.15,42529.2,42573.0,0
2025-10-31 14:30:00,42571.95,42621.15,42570.65,42610.4,0
2025-10-31 14:45:00,42610.4,42610.75,42545.0,42558.45,0
2025-10-31 15:00:00,42558.45,42558.45,42413.05,42417.95,0
2025-10-31 15:15:00,42418.9,42483.2,42391.05,42466.5,0
2025-11-03 09:15:00,42473.45,42520.85,42340.7,42379.65,0
2025-11-03 09:30:00,42376.85,42519.2,42327.65,42497.75,0
2025-11-03 09:45:00,42497.75,42530.65,42479.6,42502.95,0
2025-11-03 10:00:00,42502.5,42512.6,42436.65,42440.45,0
2025-11-03 10:15:00,42440.65,42479.0,42418.2,42475.95,0
2025-11-03 10:30:00,42475.95,42542.15,42463.5,42541.6,0
2025-11-03 10:45:00,42541.7,42551.8,42502.9,42543.45,0
2025-11-03 11:00:00,42544.3,42599.4,42541.8,42594.05,0
2025-11-03 11:15:00,42594.05,42598.4,42556.25,42578.8,0
2025-11-03 11:30:00,42578.8,42580.25,42504.35,42509.25,0
2025-11-03 11:45:00,42509.05,42511.3,42459.6,42476.8,0
2025-11-03 12:00:00,42476.8,42495.45,42448.15,42454.9,0
2025-11-03 12:15:00,42454.9,42492.4,42449.9,42478.2,0
2025-11-03 12:30:00,42478.25,42503.95,42464.05,42499.95,0
2025-11-03 12:45:00,42498.15,42578.15,42490.4,42575.3,0
2025-11-03 13:00:00,42575.1,42589.55,42552.15,42557.9,0
2025-11-03 13:15:00,42557.9,42576.5,42546.4,42573.35,0
2025-11-03 13:30:00,42573.35,42578.85,42552.5,42559.5,0
2025-11-03 13:45:00,42560.1,42575.6,42548.2,42572.15,0
2025-11-03 14:00:00,42572.4,42619.15,42572.4,42617.55,0
2025-11-03 14:15:00,42617.55,42669.3,42616.25,42658.4,0
2025-11-03 14:30:00,42658.4,42700.5,42657.15,42677.3,0
2025-11-03 14:45:00,42679.1,42683.45,42631.45,42633.05,0
2025-11-03 15:00:00,42633.05,42664.1,42617.1,42658.45,0
2025-11-03 15:15:00,42661.0,42686.6,42641.05,42660.55,0
2025-11-04 09:15:00,42634.45,42660.9,42482.2,42507.3,0
2025-11-04 09:30:00,42507.3,42558.5,42464.15,42558.5,0
2025-11-04 09:45:00,42556.75,42583.55,42522.15,42562.7,0
2025-11-04 10:00:00,42561.7,42582.05,42515.65,42531.5,0
2025-11-04 10:15:00,42531.5,42574.9,42484.6,42541.45,0
2025-11-04 10:30:00,42541.45,42560.6,42513.5,42515.75,0
2025-11-04 10:45:00,42514.95,42517.1,42458.55,42502.9,0
2025-11-04 11:00:00,42503.85,42519.85,42441.0,42478.95,0
2025-11-04 11:15:00,42478.05,42480.7,42424.5,42430.95,0
2025-11-04 11:30:00,42430.95,42457.25,42420.75,42443.4,0
2025-11-04 11:45:00,42443.4,42491.95,42427.25,42490.6,0
2025-11-04 12:00:00,42492.2,42507.15,42465.2,42483.2,0
2025-11-04 12:15:00,42482.65,42506.95,42436.1,42438.65,0
2025-11-04 12:30:00,42438.65,42476.5,42430.95,42474.05,0
2025-11-04 12:45:00,42473.2,42488.75,42444.25,42486.25,0
2025-11-04 13:00:00,42487.1,42497.7,42463.05,42489.25,0
2025-11-04 13:15:00,42489.8,42497.55,42423.4,42431.25,0
2025-11-04 13:30:00,42431.25,42485.2,42422.15,42443.2,0
2025-11-04 13:45:00,42443.2,42469.3,42415.95,42434.6,0
2025-11-04 14:00:00,42434.6,42441.85,42386.75,42395.45,0
2025-11-04 14:15:00,42397.15,42414.55,42383.45,42404.8,0
2025-11-04 14:30:00,42403.9,42428.75,42401.9,42409.35,0
2025-11-04 14:45:00,42409.35,42409.35,42366.3,42370.3,0
2025-11-04 15:00:00,42370.3,42418.3,42370.2,42397.65,0
2025-11-04 15:15:00,42398.4,42434.25,42380.0,42407.2,0
2025-11-06 09:15:00,42484.25,42537.8,42353.55,42413.4,0
2025-11-06 09:30:00,42413.4,42416.25,42344.15,42364.95,0
2025-11-06 09:45:00,42367.9,42374.8,42309.4,42326.65,0
2025-11-06 10:00:00,42326.2,42367.65,42202.15,42202.65,0
2025-11-06 10:15:00,42200.8,42202.2,42134.25,42139.35,0
2025-11-06 10:30:00,42138.75,42161.25,42111.35,42146.05,0
2025-11-06 10:45:00,42147.45,42231.0,42145.6,42223.5,0
2025-11-06 11:00:00,42223.5,42240.85,42151.15,42155.45,0
2025-11-06 11:15:00,42154.05,42158.85,42084.8,42110.1,0
2025-11-06 11:30:00,42110.1,42126.75,42071.95,42115.7,0
2025-11-06 11:45:00,42115.9,42178.1,42109.95,42174.6,0
2025-11-06 12:00:00,42176.25,42186.35,42095.8,42096.85,0
2025-11-06 12:15:00,42094.1,42132.1,42088.25,42100.15,0
2025-11-06 12:30:00,42100.15,42146.0,42100.15,42133.7,0
2025-11-06 12:45:00,42131.85,42207.7,42123.35,42198.0,0
2025-11-06 13:00:00,42198.0,42228.0,42174.4,42189.45,0
2025-11-06 13:15:00,42190.2,42226.2,42178.7,42199.65,0
2025-11-06 13:30:00,42199.65,42201.2,42170.3,42172.5,0
2025-11-06 13:45:00,42170.95,42180.55,42112.85,42117.9,0
2025-11-06 14:00:00,42117.9,42134.3,42094.1,42124.0,0
2025-11-06 14:15:00,42123.25,42125.4,42092.3,42117.5,0
2025-11-06 14:30:00,42117.5,42177.05,42117.5,42164.9,0
2025-11-06 14:45:00,42163.9,42193.0,42121.25,42145.15,0
2025-11-06 15:00:00,42143.8,42143.8,42021.85,42037.0,0
2025-11-06 15:15:00,42037.0,42072.65,42030.85,42051.3,0
2025-11-07 09:15:00,41920.05,41939.0,41549.2,41648.5,0
2025-11-07 09:30:00,41648.5,41682.2,41536.05,41675.85,0
2025-11-07 09:45:00,41678.4,41861.65,41641.5,41739.35,0
2025-11-07 10:00:00,41739.3,41815.1,41721.1,41803.1,0
2025-11-07 10:15:00,41803.1,41830.6,41780.9,41823.6,0
2025-11-07 10:30:00,41825.55,41912.65,41810.35,41904.55,0
2025-11-07 10:45:00,41904.8,41932.45,41840.85,41864.75,0
2025-11-07 11:00:00,41866.85,41896.85,41830.95,41889.65,0
2025-11-07 11:15:00,41889.65,41948.55,41882.8,41948.55,0
2025-11-07 11:30:00,41946.95,41980.55,41913.9,41926.0,0
2025-11-07 11:45:00,41926.1,41930.2,41868.9,41879.15,0
2025-11-07 12:00:00,41878.8,41945.0,41864.3,41921.6,0
2025-11-07 12:15:00,41922.15,41967.55,41908.1,41937.45,0
2025-11-07 12:30:00,41937.45,42080.15,41937.15,42080.15,0
2025-11-07 12:45:00,42077.9,42106.95,42057.4,42095.65,0
2025-11-07 13:00:00,42095.65,42116.65,42066.0,42087.35,0
2025-11-07 13:15:00,42089.75,42138.0,42067.25,42126.35,0
2025-11-07 13:30:00,42126.25,42200.9,42123.6,42188.25,0
2025-11-07 13:45:00,42187.5,42211.25,42119.9,42133.3,0
2025-11-07 14:00:00,42133.3,42163.2,42067.85,42123.5,0
2025-11-07 14:15:00,42123.5,42271.0,42108.3,42253.4,0
2025-11-07 14:30:00,42256.25,42271.3,42225.35,42244.55,0
2025-11-07 14:45:00,42244.55,42251.1,42199.35,42212.55,0
2025-11-07 15:00:00,42212.55,42235.9,42177.75,42204.75,0
2025-11-07 15:15:00,42205.05,42254.45,42204.95,42220.15,0
2025-11-10 09:15:00,42316.35,42389.3,42226.5,42274.0,0
2025-11-10 09:30:00,42274.0,42408.9,42274.0,42318.3,0
2025-11-10 09:45:00,42318.3,42390.1,42318.3,42330.55,0
2025-11-10 10:00:00,42331.35,42360.15,42302.75,42347.3,0
2025-11-10 10:15:00,42348.6,42460.65,42345.65,42444.15,0
2025-11-10 10:30:00,42444.15,42470.85,42399.6,42437.4,0
2025-11-10 10:45:00,42437.4,42437.85,42376.9,42427.65,0
2025-11-10 11:00:00,42426.05,42468.75,42425.0,42461.15,0
2025-11-10 11:15:00,42464.0,42511.0,42454.35,42496.85,0
2025-11-10 11:30:00,42496.55,42504.7,42459.3,42491.45,0
2025-11-10 11:45:00,42491.5,42509.35,42473.35,42475.8,0
2025-11-10 12:00:00,42475.8,42487.35,42446.15,42464.0,0
2025-11-10 12:15:00,42464.0,42487.25,42457.8,42468.0,0
2025-11-10 12:30:00,42468.0,42476.3,42434.25,42450.3,0
2025-11-10 12:45:00,42446.9,42448.2,42420.55,42436.3,0
2025-11-10 13:00:00,42436.3,42448.5,42386.7,42398.6,0
2025-11-10 13:15:00,42396.85,42439.9,42396.85,42438.75,0
2025-11-10 13:30:00,42437.5,42456.9,42407.95,42407.95,0
2025-11-10 13:45:00,42406.95,42448.05,42373.8,42418.7,0
2025-11-10 14:00:00,42418.7,42467.5,42414.15,42456.7,0
2025-11-10 14:15:00,42456.7,42520.35,42456.7,42511.5,0
2025-11-10 14:30:00,42510.35,42527.7,42480.1,42489.0,0
2025-11-10 14:45:00,42492.05,42496.9,42433.25,42457.05,0
2025-11-10 15:00:00,42459.0,42468.05,42424.75,42437.35,0
2025-11-10 15:15:00,42438.95,42462.4,42416.25,42445.1,0
2025-11-11 09:15:00,42381.35,42384.2,42091.4,42179.55,0
2025-11-11 09:30:00,42182.35,42214.55,42117.8,42213.45,0
2025-11-11 09:45:00,42212.0,42230.95,42140.7,42172.1,0
2025-11-11 10:00:00,42172.1,42222.2,42156.1,42187.9,0
2025-11-11 10:15:00,42187.7,42221.6,42176.25,42176.25,0
2025-11-11 10:30:00,42176.0,42184.7,42100.55,42139.75,0
2025-11-11 10:45:00,42138.65,42220.25,42127.5,42217.4,0
2025-11-11 11:00:00,42217.4,42217.5,42150.55,42151.55,0
2025-11-11 11:15:00,42151.55,42156.75,42075.15,42082.6,0
2025-11-11 11:30:00,42083.35,42152.7,42073.5,42151.95,0
2025-11-11 11:45:00,42152.9,42252.3,42149.6,42248.0,0
2025-11-11 12:00:00,42248.5,42273.45,42236.5,42246.05,0
2025-11-11 12:15:00,42245.95,42281.35,42237.15,42281.0,0
2025-11-11 12:30:00,42281.0,42316.65,42274.6,42278.75,0
2025-11-11 12:45:00,42278.75,42333.8,42274.95,42298.75,0
2025-11-11 13:00:00,42298.35,42329.05,42280.45,42305.45,0
2025-11-11 13:15:00,42306.9,42353.15,42306.15,42334.35,0
2025-11-11 13:30:00,42335.55,42360.05,42319.4,42327.85,0
2025-11-11 13:45:00,42327.85,42361.6,42322.25,42329.6,0
2025-11-11 14:00:00,42329.6,42382.0,42329.6,42367.4,0
2025-11-11 14:15:00,42367.4,42401.6,42367.2,42394.3,0
2025-11-11 14:30:00,42396.5,42426.1,42376.0,42395.0,0
2025-11-11 14:45:00,42396.8,42462.05,42396.3,42443.15,0
2025-11-11 15:00:00,42443.85,42470.25,42435.1,42460.65,0
2025-11-11 15:15:00,42460.65,42487.5,42446.65,42477.05,0
2025-11-12 09:15:00,42713.05,42731.3,42622.95,42676.3,0
2025-11-12 09:30:00,42676.3,42719.95,42661.1,42715.3,0
2025-11-12 09:45:00,42717.45,42778.65,42717.45,42772.6,0
2025-11-12 10:00:00,42770.6,42781.25,42704.15,42716.75,0
2025-11-12 10:15:00,42716.75,42759.9,42701.25,42757.9,0
2025-11-12 10:30:00,42757.9,42781.95,42742.8,42774.6,0
2025-11-12 10:45:00,42773.2,42795.25,42751.1,42786.95,0
2025-11-12 11:00:00,42785.85,42806.45,42762.5,42803.0,0
2025-11-12 11:15:00,42801.6,42835.9,42801.6,42828.2,0
2025-11-12 11:30:00,42828.2,42839.9,42805.85,42830.8,0
2025-11-12 11:45:00,42830.5,42853.25,42823.4,42847.05,0
2025-11-12 12:00:00,42847.05,42851.9,42830.9,42835.3,0
2025-11-12 12:15:00,42834.6,42855.65,42834.5,42845.55,0
2025-11-12 12:30:00,42845.55,42880.35,42834.75,42875.0,0
2025-11-12 12:45:00,42875.0,42880.5,42848.7,42870.85,0
2025-11-12 13:00:00,42870.85,42907.55,42862.85,42892.0,0
2025-11-12 13:15:00,42892.0,42918.2,42887.7,42911.35,0
2025-11-12 13:30:00,42910.05,42944.45,42896.0,42937.2,0
2025-11-12 13:45:00,42938.45,42955.0,42893.9,42899.45,0
2025-11-12 14:00:00,42898.9,42908.4,42859.1,42873.75,0
2025-11-12 14:15:00,42873.35,42877.2,42786.7,42790.05,0
2025-11-12 14:30:00,42791.7,42822.35,42738.9,42762.05,0
2025-11-12 14:45:00,42762.4,42824.7,42747.7,42821.2,0
2025-11-12 15:00:00,42821.2,42873.4,42805.5,42840.7,0
2025-11-12 15:15:00,42840.7,42843.95,42735.7,42762.9,0
2025-11-13 09:15:00,42857.65,42859.65,42627.6,42809.5,0
2025-11-13 09:30:00,42809.75,42812.6,42755.3,42793.75,0
2025-11-13 09:45:00,42792.45,42837.55,42790.2,42815.75,0
2025-11-13 10:00:00,42812.95,42835.0,42798.35,42831.05,0
2025-11-13 10:15:00,42831.05,42849.25,42823.5,42838.05,0
2025-11-13 10:30:00,42837.3,42853.25,42814.1,42814.5,0
2025-11-13 10:45:00,42814.0,42840.0,42810.05,42836.8,0
2025-11-13 11:00:00,42836.0,42895.35,42833.4,42845.75,0
2025-11-13 11:15:00,42843.65,42849.65,42816.35,42822.8,0
2025-11-13 11:30:00,42822.8,42854.9,42821.25,42842.35,0
2025-11-13 11:45:00,42840.75,42890.75,42839.55,42884.85,0
2025-11-13 12:00:00,42888.95,42923.6,42871.8,42907.0,0
2025-11-13 12:15:00,42907.0,42922.1,42890.65,42919.8,0
2025-11-13 12:30:00,42919.3,42921.0,42820.85,42823.9,0
2025-11-13 12:45:00,42825.55,42842.75,42792.3,42834.9,0
2025-11-13 13:00:00,42835.35,42882.15,42835.35,42868.3,0
2025-11-13 13:15:00,42868.55,42886.65,42853.4,42880.15,0
2025-11-13 13:30:00,42879.8,42917.8,42871.25,42911.1,0
2025-11-13 13:45:00,42910.35,42913.9,42816.95,42816.95,0
2025-11-13 14:00:00,42818.95,42819.2,42717.25,42743.4,0
2025-11-13 14:15:00,42744.05,42795.55,42743.0,42778.1,0
2025-11-13 14:30:00,42778.1,42781.1,42716.25,42743.85,0
2025-11-13 14:45:00,42743.85,42743.9,42659.9,42663.15,0
2025-11-13 15:00:00,42663.55,42682.5,42601.4,42618.15,0
2025-11-13 15:15:00,42620.05,42625.1,42566.25,42583.8,0
2025-11-14 09:15:00,42521.6,42661.0,42454.65,42661.0,0
2025-11-14 09:30:00,42659.95,42723.45,42648.05,42710.05,0
2025-11-14 09:45:00,42709.75,42737.4,42582.5,42609.25,0
2025-11-14 10:00:00,42609.25,42617.2,42549.4,42553.75,0
2025-11-14 10:15:00,42554.35,42598.5,42516.65,42521.2,0
2025-11-14 10:30:00,42520.25,42526.6,42468.5,42488.75,0
2025-11-14 10:45:00,42489.8,42613.9,42477.15,42599.9,0
2025-11-14 11:00:00,42598.9,42629.85,42589.3,42621.45,0
2025-11-14 11:15:00,42621.45,42639.6,42560.65,42596.6,0
2025-11-14 11:30:00,42597.8,42611.85,42565.4,42573.65,0
2025-11-14 11:45:00,42573.65,42595.9,42531.45,42531.45,0
2025-11-14 12:00:00,42531.45,42580.0,42529.35,42576.25,0
2025-11-14 12:15:00,42576.25,42592.5,42555.8,42580.55,0
2025-11-14 12:30:00,42580.55,42588.3,42520.95,42523.2,0
2025-11-14 12:45:00,42523.2,42539.25,42489.75,42490.4,0
2025-11-14 13:00:00,42490.4,42493.9,42416.4,42455.85,0
2025-11-14 13:15:00,42455.5,42508.65,42451.05,42507.4,0
2025-11-14 13:30:00,42507.05,42509.55,42444.65,42444.65,0
2025-11-14 13:45:00,42444.65,42456.0,42415.35,42441.45,0
2025-11-14 14:00:00,42441.45,42466.55,42421.45,42448.55,0
2025-11-14 14:15:00,42448.35,42452.0,42409.45,42441.45,0
2025-11-14 14:30:00,42439.3,42482.35,42421.75,42471.5,0
2025-11-14 14:45:00,42469.75,42472.95,42425.0,42442.2,0
2025-11-14 15:00:00,42443.85,42655.5,42443.85,42650.3,0
2025-11-14 15:15:00,42650.3,42658.6,42614.1,42628.45,0
2025-11-17 09:15:00,42771.35,42886.2,42708.0,42869.95,0
2025-11-17 09:30:00,42869.95,42899.25,42828.5,42851.65,0
2025-11-17 09:45:00,42851.65,42865.0,42807.9,42839.45,0
2025-11-17 10:00:00,42840.05,42854.55,42818.05,42838.1,0
2025-11-17 10:15:00,42838.1,42880.45,42809.8,42816.35,0
2025-11-17 10:30:00,42816.05,42846.85,42752.0,42775.6,0
2025-11-17 10:45:00,42775.6,42807.45,42763.25,42785.95,0
2025-11-17 11:00:00,42785.95,42820.6,42784.4,42798.1,0
2025-11-17 11:15:00,42798.1,42806.9,42723.5,42730.2,0
2025-11-17 11:30:00,42731.3,42777.75,42712.0,42777.75,0
2025-11-17 11:45:00,42777.75,42826.9,42757.45,42809.0,0
2025-11-17 12:00:00,42809.0,42831.45,42796.6,42823.2,0
2025-11-17 12:15:00,42823.2,42832.2,42809.8,42826.95,0
2025-11-17 12:30:00,42826.05,42855.05,42817.1,42853.5,0
2025-11-17 12:45:00,42850.75,42877.0,42850.75,42866.9,0
2025-11-17 13:00:00,42866.9,42876.25,42838.1,42855.5,0
2025-11-17 13:15:00,42855.3,42865.4,42841.1,42846.4,0
2025-11-17 13:30:00,42848.45,42865.0,42840.6,42852.35,0
2025-11-17 13:45:00,42852.35,42869.1,42840.15,42868.3,0
2025-11-17 14:00:00,42869.15,42886.15,42856.55,42865.55,0
2025-11-17 14:15:00,42865.55,42876.2,42844.35,42856.95,0
2025-11-17 14:30:00,42856.95,42872.55,42833.65,42833.85,0
2025-11-17 14:45:00,42834.6,42838.1,42814.9,42831.95,0
2025-11-17 15:00:00,42831.4,42890.45,42828.35,42881.3,0
2025-11-17 15:15:00,42881.3,42918.15,42876.4,42908.8,0
2025-11-18 09:15:00,42877.7,42888.2,42713.6,42830.65,0
2025-11-18 09:30:00,42828.9,42838.35,42758.0,42763.8,0
2025-11-18 09:45:00,42763.8,42775.2,42668.7,42668.7,0
2025-11-18 10:00:00,42669.95,42711.8,42634.95,42642.4,0
2025-11-18 10:15:00,42642.4,42700.45,42640.0,42640.5,0
2025-11-18 10:30:00,42639.6,42647.95,42605.75,42647.6,0
2025-11-18 10:45:00,42647.6,42714.25,42635.4,42700.35,0
2025-11-18 11:00:00,42700.35,42722.4,42669.5,42687.9,0
2025-11-18 11:15:00,42687.9,42715.6,42659.95,42663.3,0
2025-11-18 11:30:00,42664.5,42713.0,42657.5,42712.8,0
2025-11-18 11:45:00,42712.8,42749.0,42703.1,42742.55,0
2025-11-18 12:00:00,42742.55,42758.8,42726.4,42728.1,0
2025-11-18 12:15:00,42729.0,42730.5,42677.6,42696.85,0
2025-11-18 12:30:00,42697.05,42726.65,42679.65,42719.85,0
2025-11-18 12:45:00,42719.1,42722.75,42679.65,42699.35,0
2025-11-18 13:00:00,42699.35,42722.85,42699.35,42718.8,0
2025-11-18 13:15:00,42718.15,42749.1,42718.15,42735.25,0
2025-11-18 13:30:00,42735.9,42754.3,42727.7,42743.5,0
2025-11-18 13:45:00,42744.0,42745.4,42718.65,42728.7,0
2025-11-18 14:00:00,42728.7,42784.9,42721.8,42781.8,0
2025-11-18 14:15:00,42781.8,42784.4,42740.45,42743.35,0
2025-11-18 14:30:00,42741.6,42748.1,42704.85,42712.95,0
2025-11-18 14:45:00,42711.85,42718.65,42666.15,42670.4,0
2025-11-18 15:00:00,42670.4,42678.95,42615.6,42623.5,0
2025-11-18 15:15:00,42624.6,42629.95,42581.35,42608.35,0
2025-11-19 09:15:00,42643.9,42751.35,42520.75,42696.15,0
2025-11-19 09:30:00,42696.15,42711.0,42649.2,42677.05,0
2025-11-19 09:45:00,42677.05,42697.3,42629.95,42686.4,0
2025-11-19 10:00:00,42686.55,42739.65,42678.9,42732.7,0
2025-11-19 10:15:00,42732.7,42773.9,42711.3,42715.5,0
2025-11-19 10:30:00,42715.5,42747.6,42712.95,42728.65,0
2025-11-19 10:45:00,42727.65,42777.2,42701.5,42748.25,0
2025-11-19 11:00:00,42748.6,42768.4,42690.15,42692.75,0
2025-11-19 11:15:00,42692.75,42753.95,42679.5,42740.4,0
2025-11-19 11:30:00,42740.4,42771.55,42730.3,42758.35,0
2025-11-19 11:45:00,42758.35,42789.7,42753.0,42777.05,0
2025-11-19 12:00:00,42778.25,42853.0,42777.7,42837.35,0
2025-11-19 12:15:00,42838.65,42885.5,42838.65,42872.25,0
2025-11-19 12:30:00,42872.25,42896.85,42866.4,42889.25,0
2025-11-19 12:45:00,42889.25,42902.75,42869.45,42881.95,0
2025-11-19 13:00:00,42881.45,42901.3,42875.85,42897.75,0
2025-11-19 13:15:00,42898.5,42907.95,42857.2,42865.85,0
2025-11-19 13:30:00,42865.05,42875.45,42838.3,42856.85,0
2025-11-19 13:45:00,42856.2,42877.7,42839.4,42868.5,0
2025-11-19 14:00:00,42868.75,42898.75,42848.1,42898.75,0
2025-11-19 14:15:00,42897.6,42937.25,42897.4,42926.9,0
2025-11-19 14:30:00,42926.9,42939.55,42908.45,42921.55,0
2025-11-19 14:45:00,42921.55,42927.8,42896.95,42901.8,0
2025-11-19 15:00:00,42901.5,42932.65,42901.5,42907.95,0
2025-11-19 15:15:00,42907.25,42908.9,42866.9,42878.6,0
2025-11-20 09:15:00,43068.45,43070.0,42942.5,42985.85,0
2025-11-20 09:30:00,42985.85,43055.05,42968.4,42983.35,0
2025-11-20 09:45:00,42985.2,43081.5,42969.05,43064.05,0
2025-11-20 10:00:00,43064.85,43124.15,43059.25,43099.8,0
2025-11-20 10:15:00,43096.85,43145.8,43096.75,43140.9,0
2025-11-20 10:30:00,43140.9,43147.95,43109.15,43116.75,0
2025-11-20 10:45:00,43116.4,43136.45,43094.75,43099.25,0
2025-11-20 11:00:00,43100.35,43124.15,43070.6,43072.2,0
2025-11-20 11:15:00,43072.2,43076.1,43040.25,43075.55,0
2025-11-20 11:30:00,43075.65,43092.95,43055.15,43083.35,0
2025-11-20 11:45:00,43083.6,43097.6,43070.4,43097.6,0
2025-11-20 12:00:00,43097.6,43115.25,43075.8,43115.25,0
2025-11-20 12:15:00,43115.35,43132.05,43104.7,43123.35,0
2025-11-20 12:30:00,43123.6,43128.25,43098.65,43115.7,0
2025-11-20 12:45:00,43115.65,43133.3,43111.05,43120.1,0
2025-11-20 13:00:00,43120.1,43131.95,43094.0,43096.1,0
2025-11-20 13:15:00,43096.1,43111.25,43088.6,43110.1,0
2025-11-20 13:30:00,43110.25,43145.0,43099.7,43142.25,0
2025-11-20 13:45:00,43143.05,43155.25,43128.15,43137.2,0
2025-11-20 14:00:00,43137.2,43140.25,43114.8,43134.2,0
2025-11-20 14:15:00,43134.2,43151.35,43106.25,43107.6,0
2025-11-20 14:30:00,43108.05,43114.4,43053.1,43056.7,0
2025-11-20 14:45:00,43055.55,43070.0,43009.9,43043.0,0
2025-11-20 15:00:00,43043.4,43060.95,42985.6,43058.05,0
2025-11-20 15:15:00,43058.05,43061.45,43024.3,43031.05,0
2025-11-21 09:15:00,42947.4,42948.8,42821.3,42917.1,0
2025-11-21 09:30:00,42919.05,42972.2,42868.85,42868.85,0
2025-11-21 09:45:00,42870.85,42874.05,42760.65,42808.65,0
2025-11-21 10:00:00,42807.55,42810.9,42751.8,42770.85,0
2025-11-21 10:15:00,42768.1,42770.95,42691.05,42699.5,0
2025-11-21 10:30:00,42699.5,42726.65,42677.55,42682.55,0
2025-11-21 10:45:00,42682.55,42728.6,42648.05,42726.95,0
2025-11-21 11:00:00,42725.5,42737.6,42645.85,42696.05,0
2025-11-21 11:15:00,42697.15,42718.65,42654.2,42698.05,0
2025-11-21 11:30:00,42698.95,42700.45,42629.5,42634.15,0
2025-11-21 11:45:00,42634.15,42682.65,42627.95,42663.35,0
2025-11-21 12:00:00,42662.0,42716.0,42644.8,42712.25,0
2025-11-21 12:15:00,42712.35,42725.4,42689.95,42724.3,0
2025-11-21 12:30:00,42724.3,42727.75,42687.8,42703.5,0
2025-11-21 12:45:00,42703.5,42742.3,42699.15,42718.35,0
2025-11-21 13:00:00,42716.4,42747.15,42676.85,42679.6,0
2025-11-21 13:15:00,42679.6,42691.55,42641.8,42657.15,0
2025-11-21 13:30:00,42656.9,42678.85,42633.05,42645.5,0
2025-11-21 13:45:00,42645.55,42668.65,42630.1,42667.55,0
2025-11-21 14:00:00,42667.55,42671.7,42638.1,42667.65,0
2025-11-21 14:15:00,42667.3,42680.55,42641.35,42647.2,0
2025-11-21 14:30:00,42647.35,42671.1,42623.1,42623.1,0
2025-11-21 14:45:00,42620.2,42632.5,42491.6,42497.15,0
2025-11-21 15:00:00,42498.3,42542.5,42488.85,42511.6,0
2025-11-21 15:15:00,42511.6,42543.8,42474.45,42491.45,0
2025-11-24 09:15:00,42475.65,42551.25,42350.45,42540.55,0
2025-11-24 09:30:00,42540.55,42544.3,42428.25,42428.25,0
2025-11-24 09:45:00,42425.3,42443.65,42366.5,42391.4,0
2025-11-24 10:00:00,42391.4,42477.4,42387.55,42442.75,0
2025-11-24 10:15:00,42442.75,42443.55,42384.4,42393.2,0
2025-11-24 10:30:00,42393.1,42397.8,42365.95,42375.7,0
2025-11-24 10:45:00,42376.35,42403.05,42355.1,42358.35,0
2025-11-24 11:00:00,42358.35,42367.1,42329.1,42352.35,0
2025-11-24 11:15:00,42352.35,42372.9,42327.95,42370.2,0
2025-11-24 11:30:00,42370.25,42377.4,42328.95,42342.85,0
2025-11-24 11:45:00,42339.9,42345.5,42254.45,42279.7,0
2025-11-24 12:00:00,42278.9,42309.7,42260.9,42273.65,0
2025-11-24 12:15:00,42273.65,42297.3,42253.7,42259.4,0
2025-11-24 12:30:00,42258.5,42293.75,42216.75,42277.2,0
2025-11-24 12:45:00,42276.05,42290.75,42260.9,42281.45,0
2025-11-24 13:00:00,42281.45,42298.95,42269.85,42281.45,0
2025-11-24 13:15:00,42281.45,42312.0,42277.85,42300.8,0
2025-11-24 13:30:00,42300.8,42315.8,42270.25,42282.6,0
2025-11-24 13:45:00,42282.1,42308.0,42275.95,42279.8,0
2025-11-24 14:00:00,42279.1,42280.55,42219.55,42237.9,0
2025-11-24 14:15:00,42237.9,42241.65,42187.75,42187.75,0
2025-11-24 14:30:00,42190.15,42191.5,42143.55,42162.25,0
2025-11-24 14:45:00,42162.25,42193.4,42117.85,42137.2,0
2025-11-24 15:00:00,42134.9,42225.7,42134.1,42165.85,0
2025-11-24 15:15:00,42165.85,42172.35,42112.4,42140.3,0
2025-11-25 09:15:00,42194.3,42197.3,42024.85,42083.1,0
2025-11-25 09:30:00,42082.6,42090.6,42022.75,42035.95,0
2025-11-25 09:45:00,42035.6,42102.4,42013.2,42081.75,0
2025-11-25 10:00:00,42081.75,42116.45,42061.7,42104.85,0
2025-11-25 10:15:00,42104.9,42133.95,42098.0,42099.7,0
2025-11-25 10:30:00,42099.1,42110.4,42050.75,42076.95,0
2025-11-25 10:45:00,42076.4,42082.45,41971.05,41975.5,0
2025-11-25 11:00:00,41975.5,42010.9,41964.95,42005.7,0
2025-11-25 11:15:00,42005.7,42032.7,41997.2,42027.6,0
2025-11-25 11:30:00,42025.7,42044.25,42013.25,42024.4,0
2025-11-25 11:45:00,42024.4,42059.0,42014.3,42047.05,0
2025-11-25 12:00:00,42047.05,42070.05,42037.2,42062.25,0
2025-11-25 12:15:00,42062.25,42065.0,42020.9,42046.9,0
2025-11-25 12:30:00,42046.25,42093.45,42046.25,42087.05,0
2025-11-25 12:45:00,42087.85,42115.1,42066.1,42067.65,0
2025-11-25 13:00:00,42067.65,42078.6,42038.8,42062.8,0
2025-11-25 13:15:00,42062.8,42073.35,42036.3,42073.35,0
2025-11-25 13:30:00,42073.35,42078.3,42052.4,42059.45,0
2025-11-25 13:45:00,42059.45,42080.25,42051.65,42079.05,0
2025-11-25 14:00:00,42079.05,42146.75,42078.9,42140.0,0
2025-11-25 14:15:00,42140.0,42172.95,42111.4,42116.6,0
2025-11-25 14:30:00,42117.65,42122.55,42074.65,42096.7,0
2025-11-25 14:45:00,42096.05,42101.3,42046.3,42049.75,0
2025-11-25 15:00:00,42049.75,42097.2,42049.75,42092.6,0
2025-11-25 15:15:00,42092.6,42104.2,42042.7,42058.6,0
2025-11-26 09:15:00,42167.55,42381.25,42123.6,42378.95,0
2025-11-26 09:30:00,42380.7,42435.3,42371.4,42408.45,0
2025-11-26 09:45:00,42406.95,42463.2,42406.95,42424.85,0
2025-11-26 10:00:00,42424.85,42507.25,42424.85,42463.65,0
2025-11-26 10:15:00,42463.2,42482.15,42436.25,42449.0,0
2025-11-26 10:30:00,42449.0,42486.15,42442.2,42474.2,0
2025-11-26 10:45:00,42474.8,42533.25,42473.9,42524.35,0
2025-11-26 11:00:00,42524.35,42557.65,42517.75,42527.75,0
2025-11-26 11:15:00,42527.75,42579.8,42526.4,42560.05,0
2025-11-26 11:30:00,42560.05,42573.1,42546.1,42546.1,0
2025-11-26 11:45:00,42546.9,42568.1,42532.85,42564.35,0
2025-11-26 12:00:00,42564.35,42632.25,42562.35,42621.25,0
2025-11-26 12:15:00,42621.25,42621.25,42585.3,42589.0,0
2025-11-26 12:30:00,42588.55,42591.5,42557.15,42565.95,0
2025-11-26 12:45:00,42567.35,42578.1,42556.5,42575.5,0
2025-11-26 13:00:00,42575.5,42627.85,42570.45,42602.85,0
2025-11-26 13:15:00,42602.85,42615.85,42567.1,42567.1,0
2025-11-26 13:30:00,42567.5,42604.75,42560.95,42591.35,0
2025-11-26 13:45:00,42590.75,42613.45,42590.75,42607.4,0
2025-11-26 14:00:00,42605.2,42624.2,42595.55,42620.35,0
2025-11-26 14:15:00,42620.35,42633.15,42603.3,42603.3,0
2025-11-26 14:30:00,42603.3,42614.0,42579.0,42591.35,0
2025-11-26 14:45:00,42591.4,42607.1,42557.7,42587.85,0
2025-11-26 15:00:00,42588.7,42669.75,42588.7,42654.55,0
2025-11-26 15:15:00,42654.55,42664.4,42631.25,42631.25,0
2025-11-27 09:15:00,42765.75,42775.5,42634.65,42703.1,0
2025-11-27 09:30:00,42703.1,42727.85,42620.4,42641.7,0
2025-11-27 09:45:00,42641.35,42755.2,42632.15,42747.95,0
2025-11-27 10:00:00,42747.95,42759.55,42688.0,42697.75,0
2025-11-27 10:15:00,42697.75,42737.25,42668.7,42707.25,0
2025-11-27 10:30:00,42708.5,42717.45,42689.55,42691.65,0
2025-11-27 10:45:00,42690.95,42721.15,42639.75,42650.3,0
2025-11-27 11:00:00,42650.3,42671.85,42645.55,42648.95,0
2025-11-27 11:15:00,42648.95,42658.8,42598.65,42600.35,0
2025-11-27 11:30:00,42600.35,42625.95,42577.7,42623.25,0
2025-11-27 11:45:00,42621.75,42628.35,42565.25,42582.7,0
2025-11-27 12:00:00,42582.7,42605.15,42548.15,42565.2,0
2025-11-27 12:15:00,42565.2,42575.8,42541.15,42555.2,0
2025-11-27 12:30:00,42557.15,42575.9,42540.25,42569.15,0
2025-11-27 12:45:00,42570.55,42600.55,42570.45,42589.05,0
2025-11-27 13:00:00,42589.05,42592.75,42509.8,42510.7,0
2025-11-27 13:15:00,42509.3,42535.0,42457.45,42474.15,0
2025-11-27 13:30:00,42474.15,42488.8,42451.8,42454.0,0
2025-11-27 13:45:00,42454.0,42526.95,42440.9,42522.05,0
2025-11-27 14:00:00,42523.35,42534.55,42510.65,42514.85,0
2025-11-27 14:15:00,42514.85,42563.8,42514.85,42543.35,0
2025-11-27 14:30:00,42543.35,42570.35,42520.5,42562.05,0
2025-11-27 14:45:00,42564.3,42578.8,42533.0,42563.9,0
2025-11-27 15:00:00,42564.35,42620.9,42564.35,42616.4,0
2025-11-27 15:15:00,42616.4,42623.1,42590.45,42604.4,0
2025-11-28 09:15:00,42666.3,42697.8,42480.25,42498.95,0
2025-11-28 09:30:00,42500.25,42591.45,42492.1,42538.95,0
2025-11-28 09:45:00,42538.95,42584.6,42507.95,42555.35,0
2025-11-28 10:00:00,42556.0,42582.6,42545.3,42562.35,0
2025-11-28 10:15:00,42562.35,42567.85,42516.75,42521.55,0
2025-11-28 10:30:00,42521.55,42585.2,42519.25,42571.25,0
2025-11-28 10:45:00,42569.5,42597.85,42547.3,42567.65,0
2025-11-28 11:00:00,42570.15,42597.4,42559.4,42596.35,0
2025-11-28 11:15:00,42596.65,42601.4,42541.9,42547.8,0
2025-11-28 11:30:00,42547.8,42560.75,42527.4,42555.55,0
2025-11-28 11:45:00,42555.55,42575.75,42551.35,42552.1,0
2025-11-28 12:00:00,42552.0,42564.15,42542.1,42553.15,0
2025-11-28 12:15:00,42553.15,42557.15,42497.5,42498.2,0
2025-11-28 12:30:00,42498.2,42521.9,42492.8,42504.9,0
2025-11-28 12:45:00,42504.9,42508.5,42438.5,42494.85,0
2025-11-28 13:00:00,42496.2,42498.4,42479.75,42485.75,0
2025-11-28 13:15:00,42485.75,42496.2,42449.6,42476.85,0
2025-11-28 13:30:00,42476.85,42503.7,42468.1,42469.8,0
2025-11-28 13:45:00,42470.7,42479.35,42459.8,42473.85,0
2025-11-28 14:00:00,42474.4,42489.5,42464.05,42467.8,0
2025-11-28 14:15:00,42468.6,42472.15,42443.15,42452.1,0
2025-11-28 14:30:00,42452.1,42487.15,42449.75,42473.5,0
2025-11-28 14:45:00,42473.5,42493.25,42462.4,42482.5,0
2025-11-28 15:00:00,42482.5,42523.5,42471.1,42499.35,0
2025-11-28 15:15:00,42499.35,42521.45,42483.15,42500.45,0
2025-12-01 09:15:00,42652.85,42692.0,42604.4,42666.75,0
2025-12-01 09:30:00,42669.25,42697.6,42622.0,42624.85,0
2025-12-01 09:45:00,42624.85,42656.2,42551.3,42562.35,0
2025-12-01 10:00:00,42562.35,42624.8,42560.3,42600.95,0
2025-12-01 10:15:00,42602.3,42614.6,42582.1,42597.9,0
2025-12-01 10:30:00,42597.9,42612.6,42555.65,42566.85,0
2025-12-01 10:45:00,42566.7,42569.95,42492.7,42503.8,0
2025-12-01 11:00:00,42503.3,42513.95,42479.1,42507.7,0
2025-12-01 11:15:00,42507.4,42544.6,42506.45,42533.45,0
2025-12-01 11:30:00,42533.45,42552.65,42494.15,42502.45,0
2025-12-01 11:45:00,42502.95,42503.3,42438.35,42497.6,0
2025-12-01 12:00:00,42497.6,42527.2,42463.75,42478.7,0
2025-12-01 12:15:00,42480.3,42497.55,42443.05,42494.8,0
2025-12-01 12:30:00,42494.8,42496.05,42419.5,42444.4,0
2025-12-01 12:45:00,42444.4,42491.45,42437.85,42490.4,0
2025-12-01 13:00:00,42491.25,42491.7,42463.15,42486.05,0
2025-12-01 13:15:00,42486.05,42507.3,42458.25,42465.25,0
2025-12-01 13:30:00,42465.25,42510.6,42452.15,42499.3,0
2025-12-01 13:45:00,42498.0,42519.95,42471.05,42472.65,0
2025-12-01 14:00:00,42472.65,42547.75,42472.65,42535.7,0
2025-12-01 14:15:00,42535.7,42541.5,42505.55,42521.5,0
2025-12-01 14:30:00,42524.6,42524.6,42411.2,42427.5,0
2025-12-01 14:45:00,42427.75,42427.75,42317.25,42351.95,0
2025-12-01 15:00:00,42353.5,42469.5,42353.5,42459.85,0
2025-12-01 15:15:00,42459.85,42464.25,42403.8,42408.2,0
2025-12-02 09:15:00,42396.2,42503.15,42359.8,42431.0,0
2025-12-02 09:30:00,42431.35,42438.3,42367.9,42370.3,0
2025-12-02 09:45:00,42370.3,42399.15,42318.85,42342.2,0
2025-12-02 10:00:00,42342.2,42354.95,42261.95,42272.2,0
2025-12-02 10:15:00,42271.9,42289.3,42253.6,42279.5,0
2025-12-02 10:30:00,42279.5,42323.75,42279.3,42307.15,0
2025-12-02 10:45:00,42306.65,42384.05,42292.45,42348.45,0
2025-12-02 11:00:00,42349.7,42375.75,42325.6,42340.0,0
2025-12-02 11:15:00,42339.65,42345.1,42260.95,42264.75,0
2025-12-02 11:30:00,42266.2,42276.8,42231.3,42246.9,0
2025-12-02 11:45:00,42246.85,42248.5,42179.15,42204.45,0
2025-12-02 12:00:00,42204.45,42224.75,42187.55,42193.35,0
2025-12-02 12:15:00,42193.35,42213.0,42176.65,42206.25,0
2025-12-02 12:30:00,42206.25,42231.8,42189.15,42198.9,0
2025-12-02 12:45:00,42198.9,42205.9,42174.35,42191.15,0
2025-12-02 13:00:00,42189.8,42203.55,42136.65,42162.3,0
2025-12-02 13:15:00,42161.3,42164.05,42132.45,42150.25,0
2025-12-02 13:30:00,42150.1,42153.3,42127.95,42147.35,0
2025-12-02 13:45:00,42146.55,42204.5,42142.15,42201.8,0
2025-12-02 14:00:00,42201.55,42215.85,42174.7,42185.3,0
2025-12-02 14:15:00,42185.3,42190.45,42171.85,42186.15,0
2025-12-02 14:30:00,42185.55,42193.05,42134.45,42177.6,0
2025-12-02 14:45:00,42177.75,42208.95,42162.65,42194.85,0
2025-12-02 15:00:00,42194.85,42280.6,42194.85,42273.5,0
2025-12-02 15:15:00,42272.4,42293.25,42246.1,42253.2,0
2025-12-03 09:15:00,42272.9,42311.7,42053.55,42061.2,0
2025-12-03 09:30:00,42061.2,42087.25,41936.25,41996.3,0
2025-12-03 09:45:00,41996.3,42029.2,41976.05,41995.85,0
2025-12-03 10:00:00,41996.35,41999.6,41849.0,41895.1,0
2025-12-03 10:15:00,41895.35,41901.45,41835.3,41846.5,0
2025-12-03 10:30:00,41846.5,41873.7,41816.15,41828.5,0
2025-12-03 10:45:00,41828.15,41869.35,41828.15,41861.1,0
2025-12-03 11:00:00,41861.35,41890.9,41847.9,41851.25,0
2025-12-03 11:15:00,41852.0,41862.95,41823.25,41859.05,0
2025-12-03 11:30:00,41859.55,41898.2,41833.65,41879.5,0
2025-12-03 11:45:00,41879.5,41893.15,41840.25,41859.25,0
2025-12-03 12:00:00,41861.6,41923.7,41856.25,41911.1,0
2025-12-03 12:15:00,41911.1,41925.5,41885.75,41913.0,0
2025-12-03 12:30:00,41913.0,41915.6,41871.1,41887.3,0
2025-12-03 12:45:00,41886.65,41908.55,41883.65,41898.65,0
2025-12-03 13:00:00,41898.65,41929.5,41888.8,41921.4,0
2025-12-03 13:15:00,41921.8,41925.0,41877.85,41892.2,0
2025-12-03 13:30:00,41892.2,41902.2,41859.7,41878.0,0
2025-12-03 13:45:00,41878.15,41881.2,41837.4,41868.35,0
2025-12-03 14:00:00,41868.35,41892.45,41851.55,41879.05,0
2025-12-03 14:15:00,41880.7,41880.7,41804.7,41806.1,0
2025-12-03 14:30:00,41805.95,41831.2,41785.7,41830.75,0
2025-12-03 14:45:00,41832.4,41833.1,41793.55,41802.1,0
2025-12-03 15:00:00,41802.1,41861.6,41781.8,41851.2,0
2025-12-03 15:15:00,41851.2,41885.75,41823.15,41864.25,0
2025-12-04 09:15:00,41931.35,41974.15,41823.7,41969.4,0
2025-12-04 09:30:00,41969.4,42058.75,41963.6,42027.35,0
2025-12-04 09:45:00,42026.2,42030.85,41959.55,42012.3,0
2025-12-04 10:00:00,42012.3,42027.1,41982.4,42008.15,0
2025-12-04 10:15:00,42007.95,42055.05,41997.7,42039.7,0
2025-12-04 10:30:00,42039.7,42053.25,42014.1,42048.6,0
2025-12-04 10:45:00,42048.6,42064.2,41991.95,42018.45,0
2025-12-04 11:00:00,42017.15,42039.75,41977.05,42002.2,0
2025-12-04 11:15:00,42002.4,42030.4,41970.7,41973.35,0
2025-12-04 11:30:00,41973.4,42004.65,41937.2,41940.75,0
2025-12-04 11:45:00,41939.25,41948.05,41917.85,41930.2,0
2025-12-04 12:00:00,41930.55,42000.35,41930.55,41998.95,0
2025-12-04 12:15:00,41998.95,42019.55,41960.8,42012.4,0
2025-12-04 12:30:00,42011.5,42022.3,41986.95,41992.95,0
2025-12-04 12:45:00,41994.2,41998.1,41961.5,41993.35,0
2025-12-04 13:00:00,41994.65,42024.05,41983.45,42003.85,0
2025-12-04 13:15:00,42003.85,42011.9,41977.95,41991.9,0
2025-12-04 13:30:00,41993.55,42008.45,41885.95,41912.45,0
2025-12-04 13:45:00,41912.5,41927.45,41879.8,41882.75,0
2025-12-04 14:00:00,41882.75,41958.85,41878.35,41946.0,0
2025-12-04 14:15:00,41946.0,41958.4,41927.7,41954.45,0
2025-12-04 14:30:00,41954.0,41967.1,41906.55,41906.85,0
2025-12-04 14:45:00,41906.45,41951.6,41874.6,41940.55,0
2025-12-04 15:00:00,41940.55,41997.6,41939.35,41982.0,0
2025-12-04 15:15:00,41982.0,41984.1,41942.4,41943.65,0
2025-12-05 09:15:00,41989.1,42031.5,41902.1,41959.1,0
2025-12-05 09:30:00,41958.85,41972.85,41889.85,41917.9,0
2025-12-05 09:45:00,41917.9,41929.35,41827.3,41845.2,0
2025-12-05 10:00:00,41844.35,41993.0,41833.0,41906.65,0
2025-12-05 10:15:00,41907.95,41992.35,41860.25,41862.7,0
2025-12-05 10:30:00,41862.85,41955.1,41820.4,41950.25,0
2025-12-05 10:45:00,41948.4,42064.0,41925.55,41993.7,0
2025-12-05 11:00:00,41996.05,42087.7,41994.65,42086.5,0
2025-12-05 11:15:00,42086.5,42101.0,42051.9,42054.0,0
2025-12-05 11:30:00,42052.9,42058.6,42014.6,42034.9,0
2025-12-05 11:45:00,42035.95,42056.0,42000.8,42028.5,0
2025-12-05 12:00:00,42028.5,42069.7,42027.2,42045.4,0
2025-12-05 12:15:00,42045.4,42069.65,42019.6,42060.15,0
2025-12-05 12:30:00,42060.15,42094.2,42052.45,42087.6,0
2025-12-05 12:45:00,42087.3,42147.15,42084.95,42106.95,0
2025-12-05 13:00:00,42106.95,42140.45,42106.9,42113.0,0
2025-12-05 13:15:00,42112.9,42176.55,42112.85,42160.55,0
2025-12-05 13:30:00,42160.55,42182.25,42149.65,42180.4,0
2025-12-05 13:45:00,42181.5,42186.35,42135.3,42146.15,0
2025-12-05 14:00:00,42146.15,42170.5,42128.85,42139.3,0
2025-12-05 14:15:00,42140.15,42166.75,42134.15,42151.5,0
2025-12-05 14:30:00,42151.5,42160.5,42061.4,42061.4,0
2025-12-05 14:45:00,42060.3,42075.2,41993.15,42063.5,0
2025-12-05 15:00:00,42063.5,42203.95,42063.5,42178.85,0
2025-12-05 15:15:00,42178.35,42197.5,42150.5,42159.6,0
2025-12-08 09:15:00,42202.3,42222.35,42002.75,42161.65,0
2025-12-08 09:30:00,42164.15,42199.85,42085.4,42090.1,0
2025-12-08 09:45:00,42090.6,42090.6,41919.9,41940.4,0
2025-12-08 10:00:00,41938.15,41953.05,41866.7,41902.6,0
2025-12-08 10:15:00,41907.4,41970.65,41897.8,41930.7,0
2025-12-08 10:30:00,41930.25,41933.6,41878.3,41914.8,0
2025-12-08 10:45:00,41914.8,41936.3,41857.75,41860.5,0
2025-12-08 11:00:00,41860.5,41864.0,41811.7,41825.1,0
2025-12-08 11:15:00,41823.95,41824.1,41751.55,41757.95,0
2025-12-08 11:30:00,41757.2,41767.9,41710.8,41733.2,0
2025-12-08 11:45:00,41733.2,41748.75,41697.7,41719.1,0
2025-12-08 12:00:00,41719.1,41720.15,41665.95,41665.95,0
2025-12-08 12:15:00,41666.4,41677.85,41629.45,41643.1,0
2025-12-08 12:30:00,41644.5,41648.15,41597.3,41621.15,0
2025-12-08 12:45:00,41621.15,41629.6,41545.05,41556.0,0
2025-12-08 13:00:00,41556.0,41564.6,41516.7,41549.65,0
2025-12-08 13:15:00,41549.45,41549.45,41420.05,41429.9,0
2025-12-08 13:30:00,41429.9,41438.55,41363.3,41401.7,0
2025-12-08 13:45:00,41403.6,41458.25,41392.35,41420.8,0
2025-12-08 14:00:00,41420.8,41423.6,41357.95,41357.95,0
2025-12-08 14:15:00,41357.75,41382.4,41322.85,41346.2,0
2025-12-08 14:30:00,41346.2,41356.8,41262.2,41284.8,0
2025-12-08 14:45:00,41283.6,41395.15,41266.3,41313.7,0
2025-12-08 15:00:00,41312.55,41441.6,41312.55,41421.95,0
2025-12-08 15:15:00,41421.95,41422.95,41349.7,41374.55,0
2025-12-09 09:15:00,41286.55,41294.55,40890.35,40912.8,0
2025-12-09 09:30:00,40914.0,40917.1,40754.75,40754.75,0
2025-12-09 09:45:00,40756.0,40778.8,40666.3,40720.2,0
2025-12-09 10:00:00,40721.6,40946.45,40711.95,40935.95,0
2025-12-09 10:15:00,40933.95,41113.45,40933.95,41066.0,0
2025-12-09 10:30:00,41066.0,41070.85,40928.3,40975.4,0
2025-12-09 10:45:00,40973.1,41043.8,40929.15,41039.15,0
2025-12-09 11:00:00,41043.35,41203.25,41043.35,41193.25,0
2025-12-09 11:15:00,41192.15,41241.15,41163.15,41232.1,0
2025-12-09 11:30:00,41233.9,41247.85,41178.0,41178.0,0
2025-12-09 11:45:00,41175.9,41249.65,41145.05,41230.55,0
2025-12-09 12:00:00,41230.55,41316.15,41215.85,41314.05,0
2025-12-09 12:15:00,41314.05,41370.2,41282.45,41338.55,0
2025-12-09 12:30:00,41338.55,41360.2,41264.25,41288.9,0
2025-12-09 12:45:00,41288.9,41313.35,41178.35,41213.85,0
2025-12-09 13:00:00,41215.45,41293.0,41200.15,41274.2,0
2025-12-09 13:15:00,41273.55,41341.8,41261.75,41337.4,0
2025-12-09 13:30:00,41337.4,41346.55,41286.7,41308.0,0
2025-12-09 13:45:00,41308.0,41328.8,41277.25,41312.25,0
2025-12-09 14:00:00,41313.2,41330.6,41262.55,41312.75,0
2025-12-09 14:15:00,41312.75,41313.45,41203.65,41210.05,0
2025-12-09 14:30:00,41210.05,41210.05,41144.8,41171.0,0
2025-12-09 14:45:00,41171.0,41209.1,41154.1,41205.25,0
2025-12-09 15:00:00,41205.25,41352.15,41204.2,41332.5,0
2025-12-09 15:15:00,41333.6,41334.2,41284.45,41296.9,0
2025-12-10 09:15:00,41360.1,41415.35,41274.0,41381.3,0
2025-12-10 09:30:00,41380.0,41493.65,41371.9,41482.55,0
2025-12-10 09:45:00,41480.95,41494.65,41417.85,41419.95,0
2025-12-10 10:00:00,41419.1,41526.55,41419.1,41493.9,0
2025-12-10 10:15:00,41493.6,41541.95,41470.55,41495.9,0
2025-12-10 10:30:00,41492.8,41497.35,41396.05,41399.35,0
2025-12-10 10:45:00,41400.85,41406.35,41176.75,41179.7,0
2025-12-10 11:00:00,41179.2,41258.95,41154.75,41256.25,0
2025-12-10 11:15:00,41256.55,41273.55,41222.25,41230.45,0
2025-12-10 11:30:00,41230.45,41260.85,41209.65,41217.8,0
2025-12-10 11:45:00,41216.95,41217.75,41149.55,41175.45,0
2025-12-10 12:00:00,41174.5,41225.35,41156.1,41188.55,0
2025-12-10 12:15:00,41187.0,41188.7,41136.05,41138.7,0
2025-12-10 12:30:00,41138.7,41141.2,41045.9,41055.3,0
2025-12-10 12:45:00,41052.9,41104.7,41046.3,41082.3,0
2025-12-10 13:00:00,41082.95,41136.1,41082.75,41109.45,0
2025-12-10 13:15:00,41109.45,41147.45,41098.5,41142.15,0
2025-12-10 13:30:00,41141.6,41193.85,41132.8,41132.8,0
2025-12-10 13:45:00,41132.85,41136.9,41058.75,41066.45,0
2025-12-10 14:00:00,41066.45,41079.3,40976.7,40987.25,0
2025-12-10 14:15:00,40986.4,40994.35,40862.95,40865.45,0
2025-12-10 14:30:00,40866.25,40955.45,40819.3,40828.5,0
2025-12-10 14:45:00,40828.5,40855.5,40785.75,40836.25,0
2025-12-10 15:00:00,40837.65,40883.1,40800.65,40812.4,0
2025-12-10 15:15:00,40812.2,40820.85,40767.6,40788.75,0
2025-12-11 09:15:00,40848.85,41046.8,40791.3,41041.85,0
2025-12-11 09:30:00,41040.85,41050.35,40786.9,40855.9,0
2025-12-11 09:45:00,40856.4,40912.9,40804.9,40843.15,0
2025-12-11 10:00:00,40844.45,41007.65,40810.7,41007.65,0
2025-12-11 10:15:00,41007.85,41101.75,41007.85,41083.7,0
2025-12-11 10:30:00,41084.2,41155.65,41081.4,41125.15,0
2025-12-11 10:45:00,41124.95,41138.7,41049.35,41049.85,0
2025-12-11 11:00:00,41049.85,41076.55,41017.25,41051.25,0
2025-12-11 11:15:00,41051.5,41139.75,41046.35,41126.5,0
2025-12-11 11:30:00,41126.2,41143.95,41081.7,41120.95,0
2025-12-11 11:45:00,41120.5,41178.65,41095.25,41163.75,0
2025-12-11 12:00:00,41162.2,41254.9,41162.2,41234.6,0
2025-12-11 12:15:00,41232.5,41255.35,41208.2,41242.7,0
2025-12-11 12:30:00,41242.7,41277.15,41204.85,41276.45,0
2025-12-11 12:45:00,41274.9,41281.55,41198.7,41203.95,0
2025-12-11 13:00:00,41203.95,41218.2,41100.75,41139.45,0
2025-12-11 13:15:00,41140.2,41180.9,41132.35,41143.45,0
2025-12-11 13:30:00,41143.45,41207.0,41143.45,41170.5,0
2025-12-11 13:45:00,41169.85,41189.1,41155.2,41162.85,0
2025-12-11 14:00:00,41162.85,41170.25,41106.7,41112.65,0
2025-12-11 14:15:00,41112.65,41181.3,41112.4,41180.5,0
2025-12-11 14:30:00,41180.5,41201.7,41086.2,41089.5,0
2025-12-11 14:45:00,41090.25,41129.6,41048.4,41129.4,0
2025-12-11 15:00:00,41128.75,41242.35,41128.75,41228.95,0
2025-12-11 15:15:00,41228.95,41261.0,41214.45,41238.1,0
2025-12-12 09:15:00,41338.2,41454.2,41320.95,41422.55,0
2025-12-12 09:30:00,41422.85,41526.9,41422.85,41501.05,0
2025-12-12 09:45:00,41498.95,41530.35,41460.95,41492.9,0
2025-12-12 10:00:00,41492.9,41503.3,41408.85,41440.15,0
2025-12-12 10:15:00,41440.15,41482.55,41360.55,41406.5,0
2025-12-12 10:30:00,41406.5,41447.9,41382.15,41393.8,0
2025-12-12 10:45:00,41392.2,41412.45,41357.7,41369.2,0
2025-12-12 11:00:00,41369.2,41462.1,41369.1,41424.05,0
2025-12-12 11:15:00,41424.05,41496.95,41420.9,41470.5,0
2025-12-12 11:30:00,41470.6,41486.15,41459.5,41472.25,0
2025-12-12 11:45:00,41472.5,41499.2,41460.0,41478.9,0
2025-12-12 12:00:00,41478.9,41482.6,41421.75,41444.65,0
2025-12-12 12:15:00,41444.65,41479.25,41437.25,41460.15,0
2025-12-12 12:30:00,41459.75,41464.75,41412.15,41427.65,0
2025-12-12 12:45:00,41427.15,41433.9,41396.9,41414.2,0
2025-12-12 13:00:00,41414.2,41440.85,41381.75,41439.5,0
2025-12-12 13:15:00,41439.5,41441.8,41393.6,41394.4,0
2025-12-12 13:30:00,41394.05,41445.4,41371.15,41441.9,0
2025-12-12 13:45:00,41442.85,41497.6,41437.05,41477.8,0
2025-12-12 14:00:00,41477.8,41563.45,41475.9,41534.1,0
2025-12-12 14:15:00,41534.1,41550.55,41502.1,41523.55,0
2025-12-12 14:30:00,41522.55,41532.05,41485.6,41511.8,0
2025-12-12 14:45:00,41509.65,41552.9,41502.4,41550.75,0
2025-12-12 15:00:00,41550.75,41611.1,41550.75,41608.65,0
2025-12-12 15:15:00,41608.65,41614.65,41535.7,41535.7,0
2025-12-15 09:15:00,41493.25,41508.55,41345.75,41384.0,0
2025-12-15 09:30:00,41382.75,41414.85,41339.05,41348.3,0
2025-12-15 09:45:00,41348.3,41445.25,41318.2,41433.6,0
2025-12-15 10:00:00,41433.6,41482.45,41433.5,41463.55,0
2025-12-15 10:15:00,41463.55,41520.7,41461.2,41512.15,0
2025-12-15 10:30:00,41511.85,41538.15,41469.6,41492.55,0
2025-12-15 10:45:00,41491.3,41553.0,41488.25,41551.3,0
2025-12-15 11:00:00,41551.3,41575.35,41507.35,41530.75,0
2025-12-15 11:15:00,41530.75,41555.55,41515.55,41547.35,0
2025-12-15 11:30:00,41546.65,41547.1,41477.85,41490.65,0
2025-12-15 11:45:00,41489.75,41547.25,41488.3,41533.5,0
2025-12-15 12:00:00,41534.35,41544.8,41515.1,41533.05,0
2025-12-15 12:15:00,41532.05,41558.05,41526.7,41532.75,0
2025-12-15 12:30:00,41532.65,41553.0,41508.0,41511.45,0
2025-12-15 12:45:00,41511.45,41522.65,41493.6,41499.5,0
2025-12-15 13:00:00,41499.5,41547.2,41496.9,41542.2,0
2025-12-15 13:15:00,41542.45,41553.55,41518.95,41523.6,0
2025-12-15 13:30:00,41523.6,41550.1,41522.3,41540.3,0
2025-12-15 13:45:00,41540.3,41561.0,41522.2,41523.1,0
2025-12-15 14:00:00,41523.5,41545.15,41476.5,41499.6,0
2025-12-15 14:15:00,41499.6,41505.3,41477.4,41487.75,0
2025-12-15 14:30:00,41486.35,41528.9,41481.6,41524.7,0
2025-12-15 14:45:00,41524.7,41553.2,41522.25,41550.9,0
2025-12-15 15:00:00,41550.9,41561.45,41527.1,41549.6,0
2025-12-15 15:15:00,41549.15,41549.95,41502.0,41520.55,0
2025-12-16 09:15:00,41490.55,41503.3,41292.3,41311.95,0
2025-12-16 09:30:00,41311.85,41383.95,41273.15,41360.5,0
2025-12-16 09:45:00,41359.5,41402.8,41308.4,41309.45,0
2025-12-16 10:00:00,41310.15,41314.7,41236.7,41254.45,0
2025-12-16 10:15:00,41254.45,41313.85,41232.1,41285.7,0
2025-12-16 10:30:00,41285.7,41311.15,41275.85,41293.85,0
2025-12-16 10:45:00,41294.9,41329.0,41280.8,41296.1,0
2025-12-16 11:00:00,41296.3,41307.95,41271.0,41273.6,0
2025-12-16 11:15:00,41274.55,41275.15,41233.4,41263.6,0
2025-12-16 11:30:00,41263.6,41266.0,41204.35,41224.65,0
2025-12-16 11:45:00,41223.85,41233.6,41192.75,41197.05,0
2025-12-16 12:00:00,41197.05,41217.75,41181.45,41210.55,0
2025-12-16 12:15:00,41210.55,41272.15,41205.65,41269.05,0
2025-12-16 12:30:00,41269.1,41270.9,41209.3,41219.25,0
2025-12-16 12:45:00,41219.25,41223.9,41196.9,41205.15,0
2025-12-16 13:00:00,41206.9,41209.35,41179.3,41185.0,0
2025-12-16 13:15:00,41182.85,41187.35,41156.95,41182.65,0
2025-12-16 13:30:00,41182.65,41241.45,41180.95,41233.55,0
2025-12-16 13:45:00,41233.55,41263.0,41202.4,41202.4,0
2025-12-16 14:00:00,41202.4,41221.95,41186.7,41191.2,0
2025-12-16 14:15:00,41191.2,41192.7,41150.0,41153.35,0
2025-12-16 14:30:00,41153.45,41175.0,41130.1,41168.05,0
2025-12-16 14:45:00,41168.75,41235.0,41159.3,41231.3,0
2025-12-16 15:00:00,41231.9,41291.65,41231.9,41243.55,0
2025-12-16 15:15:00,41243.7,41261.25,41154.95,41177.05,0
2025-12-17 09:15:00,41256.7,41398.95,41225.2,41379.8,0
2025-12-17 09:30:00,41379.5,41426.75,41345.95,41355.0,0
2025-12-17 09:45:00,41354.35,41387.8,41314.5,41372.25,0
2025-12-17 10:00:00,41370.6,41383.1,41233.55,41260.15,0
2025-12-17 10:15:00,41260.0,41291.3,41206.2,41209.35,0
2025-12-17 10:30:00,41209.8,41246.75,41184.95,41205.85,0
2025-12-17 10:45:00,41205.85,41227.75,41143.8,41167.75,0
2025-12-17 11:00:00,41167.5,41232.35,41166.65,41229.95,0
2025-12-17 11:15:00,41229.95,41260.2,41198.2,41210.05,0
2025-12-17 11:30:00,41210.5,41225.8,41163.95,41212.55,0
2025-12-17 11:45:00,41211.55,41236.8,41184.25,41185.95,0
2025-12-17 12:00:00,41185.95,41186.75,41131.85,41134.7,0
2025-12-17 12:15:00,41134.5,41145.1,41073.85,41075.1,0
2025-12-17 12:30:00,41077.25,41106.55,41059.85,41068.25,0
2025-12-17 12:45:00,41068.8,41092.55,41057.7,41071.65,0
2025-12-17 13:00:00,41071.65,41100.75,41060.3,41087.15,0
2025-12-17 13:15:00,41087.35,41122.0,41074.9,41115.25,0
2025-12-17 13:30:00,41115.25,41119.6,41046.15,41052.0,0
2025-12-17 13:45:00,41052.3,41062.95,41023.35,41046.75,0
2025-12-17 14:00:00,41046.75,41067.95,41026.75,41052.25,0
2025-12-17 14:15:00,41052.25,41104.9,41028.95,41033.0,0
2025-12-17 14:30:00,41033.0,41046.6,40981.05,41007.0,0
2025-12-17 14:45:00,41007.0,41067.05,40992.55,41054.3,0
2025-12-17 15:00:00,41054.85,41119.25,41033.95,41039.7,0
2025-12-17 15:15:00,41039.1,41041.55,40988.15,40996.35,0
2025-12-18 09:15:00,41099.75,41194.15,41051.2,41135.45,0
2025-12-18 09:30:00,41134.0,41138.55,40937.3,40937.3,0
2025-12-18 09:45:00,40934.4,40934.4,40871.1,40887.95,0
2025-12-18 10:00:00,40887.95,40977.2,40838.5,40968.85,0
2025-12-18 10:15:00,40966.95,41084.95,40945.35,41041.5,0
2025-12-18 10:30:00,41040.2,41134.9,41040.2,41119.05,0
2025-12-18 10:45:00,41119.05,41154.95,41074.0,41109.85,0
2025-12-18 11:00:00,41109.85,41111.45,41053.75,41055.85,0
2025-12-18 11:15:00,41053.85,41132.4,41030.15,41124.85,0
2025-12-18 11:30:00,41125.65,41137.8,41105.25,41120.95,0
2025-12-18 11:45:00,41120.95,41198.45,41107.0,41181.05,0
2025-12-18 12:00:00,41181.05,41189.1,41145.55,41178.85,0
2025-12-18 12:15:00,41178.85,41193.2,41169.05,41186.5,0
2025-12-18 12:30:00,41186.6,41264.65,41186.6,41250.1,0
2025-12-18 12:45:00,41250.4,41266.9,41212.55,41227.1,0
2025-12-18 13:00:00,41225.9,41253.65,41219.45,41236.05,0
2025-12-18 13:15:00,41235.05,41248.75,41223.0,41223.3,0
2025-12-18 13:30:00,41223.3,41226.8,41166.25,41201.5,0
2025-12-18 13:45:00,41201.95,41204.5,41152.6,41163.15,0
2025-12-18 14:00:00,41161.95,41167.3,41089.3,41096.7,0
2025-12-18 14:15:00,41096.35,41102.9,41032.75,41056.6,0
2025-12-18 14:30:00,41056.6,41159.05,41056.6,41072.4,0
2025-12-18 14:45:00,41072.7,41109.35,41036.9,41091.45,0
2025-12-18 15:00:00,41092.9,41218.15,41092.9,41203.1,0
2025-12-18 15:15:00,41202.05,41215.5,41150.75,41159.75,0
2025-12-19 09:15:00,41272.8,41418.05,41254.9,41408.55,0
2025-12-19 09:30:00,41409.35,41440.5,41384.15,41394.5,0
2025-12-19 09:45:00,41393.45,41418.1,41366.4,41372.75,0
2025-12-19 10:00:00,41372.85,41405.05,41304.15,41319.7,0
2025-12-19 10:15:00,41320.7,41397.8,41313.65,41374.9,0
2025-12-19 10:30:00,41374.7,41389.3,41335.7,41358.05,0
2025-12-19 10:45:00,41358.05,41359.2,41296.75,41300.95,0
2025-12-19 11:00:00,41300.55,41320.5,41246.25,41273.35,0
2025-12-19 11:15:00,41273.8,41298.0,41215.95,41215.95,0
2025-12-19 11:30:00,41217.4,41228.0,41174.1,41174.1,0
2025-12-19 11:45:00,41174.15,41239.25,41154.5,41218.6,0
2025-12-19 12:00:00,41217.7,41273.5,41216.1,41263.75,0
2025-12-19 12:15:00,41264.55,41274.1,41230.7,41244.6,0
2025-12-19 12:30:00,41243.75,41314.45,41243.75,41284.25,0
2025-12-19 12:45:00,41284.25,41288.3,41265.35,41270.95,0
2025-12-19 13:00:00,41270.95,41280.25,41250.95,41259.65,0
2025-12-19 13:15:00,41258.65,41347.4,41256.35,41337.35,0
2025-12-19 13:30:00,41337.35,41348.6,41323.15,41333.2,0
2025-12-19 13:45:00,41333.3,41349.1,41320.6,41346.3,0
2025-12-19 14:00:00,41346.3,41363.1,41337.5,41350.35,0
2025-12-19 14:15:00,41350.35,41386.4,41348.1,41361.3,0
2025-12-19 14:30:00,41361.2,41423.45,41355.2,41414.45,0
2025-12-19 14:45:00,41416.0,41468.0,41406.2,41435.05,0
2025-12-19 15:00:00,41435.05,41549.45,41430.8,41538.6,0
2025-12-19 15:15:00,41538.6,41616.05,41533.55,41545.85,0
2025-12-22 09:15:00,41646.55,41796.25,41563.3,41757.45,0
2025-12-22 09:30:00,41758.4,41766.55,41711.55,41742.55,0
2025-12-22 09:45:00,41740.45,41772.9,41708.8,41763.25,0
2025-12-22 10:00:00,41763.95,41798.9,41757.45,41791.6,0
2025-12-22 10:15:00,41791.6,41813.1,41776.7,41793.2,0
2025-12-22 10:30:00,41792.6,41823.55,41784.45,41809.6,0
2025-12-22 10:45:00,41807.85,41864.4,41802.75,41861.75,0
2025-12-22 11:00:00,41862.6,41876.75,41833.15,41863.4,0
2025-12-22 11:15:00,41863.4,41884.3,41845.7,41883.55,0
2025-12-22 11:30:00,41883.55,41918.95,41879.6,41914.0,0
2025-12-22 11:45:00,41914.0,41974.45,41910.2,41969.2,0
2025-12-22 12:00:00,41970.55,41990.7,41958.05,41965.65,0
2025-12-22 12:15:00,41965.65,41991.4,41965.65,41981.75,0
2025-12-22 12:30:00,41981.75,41984.75,41950.55,41955.4,0
2025-12-22 12:45:00,41953.05,41953.05,41923.25,41933.05,0
2025-12-22 13:00:00,41931.65,41993.0,41931.4,41972.95,0
2025-12-22 13:15:00,41971.4,42000.95,41971.35,41992.95,0
2025-12-22 13:30:00,41992.95,42001.1,41967.1,41982.0,0
2025-12-22 13:45:00,41981.35,42003.3,41978.4,41986.85,0
2025-12-22 14:00:00,41988.25,41995.0,41957.75,41973.9,0
2025-12-22 14:15:00,41972.8,41987.15,41948.45,41987.15,0
2025-12-22 14:30:00,41987.15,42005.3,41977.0,41978.9,0
2025-12-22 14:45:00,41978.55,42027.2,41962.9,42024.0,0
2025-12-22 15:00:00,42024.0,42081.05,42024.0,42069.25,0
2025-12-22 15:15:00,42069.0,42076.6,42026.65,42034.85,0
2025-12-23 09:15:00,42141.35,42142.5,41894.7,41940.75,0
2025-12-23 09:30:00,41938.9,41991.05,41884.75,41888.8,0
2025-12-23 09:45:00,41892.35,42052.65,41881.1,42041.45,0
2025-12-23 10:00:00,42041.45,42055.2,42009.75,42037.15,0
2025-12-23 10:15:00,42037.35,42039.65,41961.75,41987.35,0
2025-12-23 10:30:00,41987.95,41998.85,41937.1,41990.3,0
2025-12-23 10:45:00,41990.3,42009.9,41979.1,41992.45,0
2025-12-23 11:00:00,41992.45,42010.8,41967.45,42000.9,0
2025-12-23 11:15:00,42000.9,42011.2,41972.0,41979.3,0
2025-12-23 11:30:00,41979.45,41981.6,41927.85,41951.95,0
2025-12-23 11:45:00,41951.95,41972.05,41928.85,41958.35,0
2025-12-23 12:00:00,41958.35,41979.5,41952.5,41961.85,0
2025-12-23 12:15:00,41963.25,41977.95,41951.65,41967.85,0
2025-12-23 12:30:00,41968.65,41979.45,41959.6,41967.35,0
2025-12-23 12:45:00,41967.35,41982.85,41953.0,41965.5,0
2025-12-23 13:00:00,41965.1,41980.85,41938.65,41959.45,0
2025-12-23 13:15:00,41959.15,41971.05,41946.5,41954.15,0
2025-12-23 13:30:00,41955.1,41960.5,41935.75,41943.1,0
2025-12-23 13:45:00,41943.1,41964.7,41938.6,41951.3,0
2025-12-23 14:00:00,41950.7,41957.25,41929.9,41956.15,0
2025-12-23 14:15:00,41956.15,41989.8,41946.05,41946.05,0
2025-12-23 14:30:00,41946.05,41951.35,41831.65,41831.65,0
2025-12-23 14:45:00,41833.9,41929.4,41815.75,41929.05,0
2025-12-23 15:00:00,41932.55,42020.55,41932.55,41966.55,0
2025-12-23 15:15:00,41967.85,41967.85,41919.8,41920.15,0
2025-12-24 09:15:00,41955.5,42086.75,41830.2,42062.45,0
2025-12-24 09:30:00,42062.45,42073.55,42026.9,42047.1,0
2025-12-24 09:45:00,42049.75,42086.05,42027.5,42084.05,0
2025-12-24 10:00:00,42081.3,42115.9,42060.65,42100.7,0
2025-12-24 10:15:00,42100.7,42125.35,42054.25,42122.55,0
2025-12-24 10:30:00,42122.55,42146.2,42115.9,42123.4,0
2025-12-24 10:45:00,42121.5,42140.55,42097.85,42111.3,0
2025-12-24 11:00:00,42111.4,42129.95,42068.8,42075.8,0
2025-12-24 11:15:00,42075.8,42090.2,42058.4,42081.05,0
2025-12-24 11:30:00,42081.2,42093.6,42029.15,42029.15,0
2025-12-24 11:45:00,42029.6,42035.9,41994.45,42030.25,0
2025-12-24 12:00:00,42029.05,42036.85,42005.05,42032.5,0
2025-12-24 12:15:00,42032.5,42073.15,42030.8,42066.85,0
2025-12-24 12:30:00,42066.85,42080.05,42044.35,42048.0,0
2025-12-24 12:45:00,42050.75,42068.7,42042.45,42060.0,0
2025-12-24 13:00:00,42059.4,42061.75,42027.95,42034.4,0
2025-12-24 13:15:00,42034.4,42035.0,41984.65,41989.3,0
2025-12-24 13:30:00,41989.3,41990.65,41933.6,41945.0,0
2025-12-24 13:45:00,41947.8,41953.15,41910.75,41920.65,0
2025-12-24 14:00:00,41922.35,41924.45,41882.6,41918.3,0
2025-12-24 14:15:00,41918.3,41926.8,41844.45,41855.25,0
2025-12-24 14:30:00,41855.25,41871.05,41782.1,41804.55,0
2025-12-24 14:45:00,41805.45,41830.35,41774.4,41826.5,0
2025-12-24 15:00:00,41827.05,41860.7,41777.15,41793.05,0
2025-12-24 15:15:00,41793.05,41793.1,41726.25,41749.05,0
2025-12-26 09:15:00,41791.65,41976.35,41687.45,41968.45,0
2025-12-26 09:30:00,41970.3,41985.4,41829.9,41846.35,0
2025-12-26 09:45:00,41843.85,41859.05,41795.15,41804.9,0
2025-12-26 10:00:00,41804.9,41807.65,41737.25,41749.8,0
2025-12-26 10:15:00,41749.8,41785.45,41697.8,41784.3,0
2025-12-26 10:30:00,41785.35,41815.15,41773.65,41803.45,0
2025-12-26 10:45:00,41804.2,41804.2,41774.85,41795.3,0
2025-12-26 11:00:00,41795.3,41805.75,41740.35,41750.3,0
2025-12-26 11:15:00,41750.3,41750.3,41711.05,41736.35,0
2025-12-26 11:30:00,41737.1,41741.05,41699.9,41722.55,0
2025-12-26 11:45:00,41723.7,41733.25,41689.35,41727.0,0
2025-12-26 12:00:00,41727.0,41733.5,41694.8,41717.5,0
2025-12-26 12:15:00,41717.5,41725.55,41691.25,41709.4,0
2025-12-26 12:30:00,41709.45,41709.45,41644.65,41650.75,0
2025-12-26 12:45:00,41651.45,41663.5,41639.3,41644.1,0
2025-12-26 13:00:00,41644.1,41655.6,41629.4,41654.2,0
2025-12-26 13:15:00,41654.05,41691.85,41651.4,41688.9,0
2025-12-26 13:30:00,41687.1,41692.5,41647.45,41659.25,0
2025-12-26 13:45:00,41659.25,41671.7,41635.75,41650.65,0
2025-12-26 14:00:00,41650.65,41655.8,41592.95,41600.25,0
2025-12-26 14:15:00,41600.25,41601.3,41521.1,41539.85,0
2025-12-26 14:30:00,41539.85,41539.85,41479.25,41497.6,0
2025-12-26 14:45:00,41497.6,41522.0,41451.75,41522.0,0
2025-12-26 15:00:00,41522.0,41549.05,41495.4,41512.8,0
2025-12-26 15:15:00,41511.65,41523.45,41476.1,41521.35,0
2025-12-29 09:15:00,41627.05,41631.75,41474.25,41565.45,0
2025-12-29 09:30:00,41566.6,41704.8,41563.85,41656.6,0
2025-12-29 09:45:00,41656.6,41703.05,41593.3,41595.0,0
2025-12-29 10:00:00,41592.1,41606.55,41549.5,41556.4,0
2025-12-29 10:15:00,41559.7,41562.4,41518.15,41521.7,0
2025-12-29 10:30:00,41521.7,41522.5,41488.2,41489.6,0
2025-12-29 10:45:00,41489.6,41510.45,41480.25,41487.05,0
2025-12-29 11:00:00,41487.35,41487.9,41420.0,41431.2,0
2025-12-29 11:15:00,41429.3,41430.65,41372.6,41405.5,0
2025-12-29 11:30:00,41406.65,41406.8,41370.8,41384.2,0
2025-12-29 11:45:00,41384.2,41426.9,41382.8,41409.65,0
2025-12-29 12:00:00,41408.75,41431.8,41388.3,41414.8,0
2025-12-29 12:15:00,41415.4,41425.45,41381.15,41389.0,0
2025-12-29 12:30:00,41389.0,41397.3,41346.55,41351.65,0
2025-12-29 12:45:00,41350.3,41363.65,41338.95,41357.55,0
2025-12-29 13:00:00,41358.2,41379.6,41332.0,41333.9,0
2025-12-29 13:15:00,41333.9,41338.85,41311.5,41320.1,0
2025-12-29 13:30:00,41319.65,41328.85,41290.9,41317.65,0
2025-12-29 13:45:00,41317.9,41372.2,41311.35,41347.8,0
2025-12-29 14:00:00,41347.8,41360.8,41305.4,41309.8,0
2025-12-29 14:15:00,41309.35,41338.9,41265.9,41296.9,0
2025-12-29 14:30:00,41296.9,41309.5,41244.3,41261.65,0
2025-12-29 14:45:00,41260.05,41296.05,41234.35,41289.5,0
2025-12-29 15:00:00,41289.5,41333.65,41274.2,41277.95,0
2025-12-29 15:15:00,41277.95,41283.45,41237.05,41271.45,0
2025-12-30 09:15:00,41302.95,41310.25,41077.6,41084.2,0
2025-12-30 09:30:00,41084.05,41172.55,41076.75,41160.9,0
2025-12-30 09:45:00,41160.9,41160.9,41064.9,41098.95,0
2025-12-30 10:00:00,41098.8,41108.9,41063.25,41099.75,0
2025-12-30 10:15:00,41099.75,41162.5,41097.45,41133.6,0
2025-12-30 10:30:00,41133.6,41143.75,41066.85,41069.9,0
2025-12-30 10:45:00,41069.9,41070.7,40950.55,40958.6,0
2025-12-30 11:00:00,40959.55,40961.9,40889.65,40900.0,0
2025-12-30 11:15:00,40900.0,40914.8,40866.55,40874.95,0
2025-12-30 11:30:00,40874.95,40876.45,40837.75,40855.6,0
2025-12-30 11:45:00,40855.5,40863.65,40807.85,40816.25,0
2025-12-30 12:00:00,40814.15,40820.6,40749.5,40756.45,0
2025-12-30 12:15:00,40756.45,40768.5,40722.35,40729.6,0
2025-12-30 12:30:00,40729.0,40751.05,40725.1,40729.1,0
2025-12-30 12:45:00,40729.1,40740.8,40705.4,40718.5,0
2025-12-30 13:00:00,40714.55,40729.2,40676.2,40712.5,0
2025-12-30 13:15:00,40712.5,40749.8,40703.65,40724.4,0
2025-12-30 13:30:00,40725.25,40809.1,40719.95,40801.15,0
2025-12-30 13:45:00,40799.8,40838.7,40797.45,40827.5,0
2025-12-30 14:00:00,40827.5,40880.8,40827.5,40873.1,0
2025-12-30 14:15:00,40873.1,40898.35,40848.9,40852.45,0
2025-12-30 14:30:00,40852.45,40883.9,40826.6,40877.65,0
2025-12-30 14:45:00,40877.45,40882.1,40798.5,40803.0,0
2025-12-30 15:00:00,40802.85,40802.85,40710.0,40730.3,0
2025-12-30 15:15:00,40730.3,40961.3,40701.7,40941.85,0
2025-12-31 09:15:00,40816.05,40965.75,40814.15,40955.35,0
2025-12-31 09:30:00,40952.95,41014.3,40941.5,40949.45,0
2025-12-31 09:45:00,40949.45,41027.95,40944.7,41013.0,0
2025-12-31 10:00:00,41013.0,41056.65,40978.5,41056.0,0
2025-12-31 10:15:00,41056.15,41104.9,41038.9,41101.1,0
2025-12-31 10:30:00,41104.5,41142.7,41095.3,41141.7,0
2025-12-31 10:45:00,41142.45,41148.8,41099.35,41136.45,0
2025-12-31 11:00:00,41136.45,41165.1,41130.25,41134.95,0
2025-12-31 11:15:00,41134.65,41139.8,41091.7,41096.6,0
2025-12-31 11:30:00,41095.55,41095.55,41066.75,41078.3,0
2025-12-31 11:45:00,41079.25,41103.05,41066.2,41072.7,0
2025-12-31 12:00:00,41070.7,41113.4,41070.7,41096.45,0
2025-12-31 12:15:00,41096.05,41143.25,41094.65,41137.05,0
2025-12-31 12:30:00,41137.05,41173.85,41122.65,41173.85,0
2025-12-31 12:45:00,41171.3,41213.8,41164.0,41198.8,0
2025-12-31 13:00:00,41197.85,41205.4,41169.0,41185.45,0
2025-12-31 13:15:00,41185.45,41192.2,41162.0,41187.35,0
2025-12-31 13:30:00,41187.35,41195.65,41159.3,41168.0,0
2025-12-31 13:45:00,41168.65,41216.6,41167.8,41200.6,0
2025-12-31 14:00:00,41203.6,41206.85,41177.55,41181.75,0
2025-12-31 14:15:00,41181.75,41186.4,41143.1,41147.6,0
2025-12-31 14:30:00,41148.9,41213.95,41148.9,41205.6,0
2025-12-31 14:45:00,41203.85,41259.85,41192.05,41256.1,0
2025-12-31 15:00:00,41256.1,41269.7,41148.75,41158.05,0
2025-12-31 15:15:00,41157.5,41168.35,41123.5,41138.25,0
2026-01-01 09:15:00,41218.85,41246.75,41048.85,41108.25,0
2026-01-01 09:30:00,41105.8,41109.0,41032.3,41045.6,0
2026-01-01 09:45:00,41045.6,41097.65,41011.05,41037.65,0
2026-01-01 10:00:00,41036.85,41061.15,40990.65,41004.0,0
2026-01-01 10:15:00,41005.6,41007.5,40899.0,40991.45,0
2026-01-01 10:30:00,40992.75,41039.8,40964.2,41030.7,0
2026-01-01 10:45:00,41031.7,41066.9,41025.3,41030.7,0
2026-01-01 11:00:00,41030.5,41069.8,41014.9,41055.3,0
2026-01-01 11:15:00,41056.25,41109.15,41044.25,41091.5,0
2026-01-01 11:30:00,41091.5,41102.7,41059.2,41059.5,0
2026-01-01 11:45:00,41059.8,41083.35,41039.65,41080.75,0
2026-01-01 12:00:00,41080.75,41098.05,41031.25,41031.55,0
2026-01-01 12:15:00,41031.55,41041.8,41009.6,41037.6,0
2026-01-01 12:30:00,41038.95,41049.55,41011.9,41021.65,0
2026-01-01 12:45:00,41021.65,41053.15,41018.65,41046.05,0
2026-01-01 13:00:00,41046.05,41060.25,41025.8,41036.3,0
2026-01-01 13:15:00,41035.05,41065.1,41022.65,41053.9,0
2026-01-01 13:30:00,41051.35,41059.1,41024.0,41039.9,0
2026-01-01 13:45:00,41039.9,41050.95,41030.75,41042.15,0
2026-01-01 14:00:00,41042.15,41070.25,41035.25,41068.6,0
2026-01-01 14:15:00,41069.3,41102.95,41063.0,41070.55,0
2026-01-01 14:30:00,41070.55,41093.5,41068.85,41083.15,0
2026-01-01 14:45:00,41081.7,41124.1,41077.6,41120.45,0
2026-01-01 15:00:00,41120.45,41144.55,41101.65,41125.7,0
2026-01-01 15:15:00,41124.85,41141.85,41106.0,41132.85,0
2026-01-02 09:15:00,41223.75,41374.45,41172.1,41368.9,0
2026-01-02 09:30:00,41368.8,41397.65,41316.4,41375.35,0
2026-01-02 09:45:00,41376.5,41438.35,41364.45,41402.6,0
2026-01-02 10:00:00,41402.6,41450.6,41395.85,41446.4,0
2026-01-02 10:15:00,41443.1,41461.6,41380.25,41382.55,0
2026-01-02 10:30:00,41382.35,41388.3,41323.55,41329.6,0
2026-01-02 10:45:00,41329.6,41358.7,41325.05,41350.5,0
2026-01-02 11:00:00,41350.0,41352.95,41321.65,41343.0,0
2026-01-02 11:15:00,41340.65,41373.25,41336.0,41362.9,0
2026-01-02 11:30:00,41362.9,41368.7,41336.65,41340.45,0
2026-01-02 11:45:00,41340.45,41344.15,41322.65,41335.5,0
2026-01-02 12:00:00,41337.5,41346.95,41318.55,41342.8,0
2026-01-02 12:15:00,41342.8,41349.65,41307.05,41308.25,0
2026-01-02 12:30:00,41308.25,41420.7,41296.9,41338.2,0
2026-01-02 12:45:00,41338.2,41350.25,41321.95,41339.4,0
2026-01-02 13:00:00,41340.0,41343.15,41315.55,41326.8,0
2026-01-02 13:15:00,41325.7,41333.8,41293.0,41301.75,0
2026-01-02 13:30:00,41301.75,41318.0,41294.75,41302.85,0
2026-01-02 13:45:00,41302.85,41324.7,41287.2,41302.65,0
2026-01-02 14:00:00,41304.9,41317.5,41280.75,41296.95,0
2026-01-02 14:15:00,41296.95,41327.75,41291.05,41320.75,0
2026-01-02 14:30:00,41320.9,41323.75,41263.45,41283.05,0
2026-01-02 14:45:00,41282.6,41314.4,41256.45,41313.15,0
2026-01-02 15:00:00,41312.05,41385.4,41312.05,41372.15,0
2026-01-02 15:15:00,41374.55,41393.7,41364.85,41393.5,0
2026-01-05 09:15:00,41442.2,41549.85,41411.65,41462.85,0
2026-01-05 09:30:00,41464.0,41513.65,41446.25,41505.65,0
2026-01-05 09:45:00,41505.1,41594.9,41488.7,41531.25,0
2026-01-05 10:00:00,41529.2,41602.7,41493.7,41602.7,0
2026-01-05 10:15:00,41602.45,41682.05,41598.05,41650.2,0
2026-01-05 10:30:00,41651.5,41693.7,41629.65,41653.0,0
2026-01-05 10:45:00,41655.5,41732.7,41650.05,41708.0,0
2026-01-05 11:00:00,41708.0,41733.8,41679.45,41722.3,0
2026-01-05 11:15:00,41722.8,41737.6,41648.55,41675.25,0
2026-01-05 11:30:00,41675.25,41727.75,41651.85,41721.1,0
2026-01-05 11:45:00,41723.5,41728.9,41686.95,41704.65,0
2026-01-05 12:00:00,41704.65,41752.25,41671.05,41747.3,0
2026-01-05 12:15:00,41746.85,41770.1,41735.7,41749.8,0
2026-01-05 12:30:00,41750.2,41766.25,41705.85,41711.5,0
2026-01-05 12:45:00,41712.3,41746.0,41692.0,41735.1,0
2026-01-05 13:00:00,41733.6,41746.65,41707.9,41711.45,0
2026-01-05 13:15:00,41711.45,41732.35,41674.4,41697.95,0
2026-01-05 13:30:00,41696.0,41711.0,41674.1,41710.15,0
2026-01-05 13:45:00,41710.15,41711.45,41573.55,41573.55,0
2026-01-05 14:00:00,41573.55,41573.55,41478.15,41528.3,0
2026-01-05 14:15:00,41528.3,41572.55,41505.0,41543.45,0
2026-01-05 14:30:00,41543.45,41611.8,41540.9,41608.8,0
2026-01-05 14:45:00,41608.35,41679.5,41600.65,41679.4,0
2026-01-05 15:00:00,41679.4,41690.95,41602.2,41619.2,0
2026-01-05 15:15:00,41619.2,41619.2,41567.0,41593.35,0
2026-01-06 09:15:00,41714.5,41783.85,41596.35,41725.4,0
2026-01-06 09:30:00,41723.3,41804.3,41685.95,41730.35,0
2026-01-06 09:45:00,41730.35,41798.5,41726.8,41790.5,0
2026-01-06 10:00:00,41790.05,41824.7,41779.55,41794.25,0
2026-01-06 10:15:00,41792.8,41794.8,41722.45,41730.9,0
2026-01-06 10:30:00,41730.45,41765.2,41685.15,41695.8,0
2026-01-06 10:45:00,41694.75,41708.05,41663.25,41667.75,0
2026-01-06 11:00:00,41667.75,41707.05,41654.3,41678.1,0
2026-01-06 11:15:00,41676.65,41677.75,41578.75,41644.3,0
2026-01-06 11:30:00,41644.35,41716.3,41632.2,41716.3,0
2026-01-06 11:45:00,41716.95,41729.4,41695.85,41706.45,0
2026-01-06 12:00:00,41706.45,41707.3,41666.0,41689.05,0
2026-01-06 12:15:00,41687.35,41696.3,41658.55,41682.85,0
2026-01-06 12:30:00,41682.85,41700.35,41669.45,41691.0,0
2026-01-06 12:45:00,41689.85,41735.45,41688.55,41733.7,0
2026-01-06 13:00:00,41735.75,41751.55,41699.6,41708.55,0
2026-01-06 13:15:00,41705.9,41708.45,41663.6,41675.05,0
2026-01-06 13:30:00,41674.95,41691.35,41639.75,41689.8,0
2026-01-06 13:45:00,41689.8,41699.15,41633.7,41635.35,0
2026-01-06 14:00:00,41634.2,41645.9,41555.0,41564.8,0
2026-01-06 14:15:00,41564.2,41568.85,41513.7,41546.45,0
2026-01-06 14:30:00,41546.45,41594.55,41509.4,41585.6,0
2026-01-06 14:45:00,41585.6,41677.2,41576.4,41677.2,0
2026-01-06 15:00:00,41676.3,41701.15,41657.95,41660.4,0
2026-01-06 15:15:00,41660.4,41664.65,41635.95,41660.2,0
2026-01-07 09:15:00,41679.2,41834.15,41606.0,41756.05,0
2026-01-07 09:30:00,41758.35,41795.25,41705.45,41708.8,0
2026-01-07 09:45:00,41708.8,41797.9,41706.55,41797.8,0
2026-01-07 10:00:00,41797.8,41842.75,41774.9,41842.1,0
2026-01-07 10:15:00,41842.9,41882.1,41813.85,41818.3,0
2026-01-07 10:30:00,41819.7,41834.9,41796.25,41815.0,0
2026-01-07 10:45:00,41814.8,41890.25,41793.25,41859.9,0
2026-01-07 11:00:00,41860.1,41900.2,41832.25,41832.25,0
2026-01-07 11:15:00,41832.25,41853.35,41805.4,41828.2,0
2026-01-07 11:30:00,41829.1,41855.25,41804.55,41819.65,0
2026-01-07 11:45:00,41819.65,41823.1,41788.35,41802.25,0
2026-01-07 12:00:00,41802.25,41818.85,41788.9,41818.0,0
2026-01-07 12:15:00,41818.0,41819.5,41788.55,41797.15,0
2026-01-07 12:30:00,41795.5,41823.5,41755.95,41759.5,0
2026-01-07 12:45:00,41759.5,41798.15,41745.5,41795.2,0
2026-01-07 13:00:00,41795.75,41816.1,41778.0,41780.05,0
2026-01-07 13:15:00,41780.05,41780.05,41693.55,41694.0,0
2026-01-07 13:30:00,41693.75,41715.6,41678.3,41707.9,0
2026-01-07 13:45:00,41707.9,41741.8,41697.55,41739.25,0
2026-01-07 14:00:00,41739.2,41772.6,41715.95,41745.05,0
2026-01-07 14:15:00,41745.15,41755.45,41725.3,41752.5,0
2026-01-07 14:30:00,41752.5,41817.8,41731.05,41813.75,0
2026-01-07 14:45:00,41813.75,41857.15,41783.15,41857.15,0
2026-01-07 15:00:00,41856.55,41882.8,41816.8,41846.75,0
2026-01-07 15:15:00,41846.75,41853.85,41790.0,41820.25,0
2026-01-08 09:15:00,41794.1,41796.45,41624.7,41642.9,0
2026-01-08 09:30:00,41641.35,41713.25,41520.0,41692.45,0
2026-01-08 09:45:00,41693.75,41696.6,41589.35,41677.4,0
2026-01-08 10:00:00,41677.7,41678.85,41595.5,41654.6,0
2026-01-08 10:15:00,41654.6,41659.8,41560.55,41629.8,0
2026-01-08 10:30:00,41629.35,41633.3,41548.1,41571.0,0
2026-01-08 10:45:00,41569.2,41573.15,41461.05,41464.55,0
2026-01-08 11:00:00,41464.55,41467.65,41372.65,41376.1,0
2026-01-08 11:15:00,41375.75,41399.4,41287.25,41329.15,0
2026-01-08 11:30:00,41330.95,41392.3,41294.55,41373.25,0
2026-01-08 11:45:00,41375.3,41390.9,41273.2,41277.1,0
2026-01-08 12:00:00,41276.6,41350.35,41196.45,41345.15,0
2026-01-08 12:15:00,41344.7,41434.5,41337.25,41417.9,0
2026-01-08 12:30:00,41417.9,41426.05,41331.05,41343.95,0
2026-01-08 12:45:00,41343.25,41349.7,41284.5,41334.2,0
2026-01-08 13:00:00,41334.6,41404.0,41311.7,41375.8,0
2026-01-08 13:15:00,41375.8,41376.4,41265.2,41265.5,0
2026-01-08 13:30:00,41265.5,41297.6,41252.95,41294.7,0
2026-01-08 13:45:00,41296.95,41358.2,41294.1,41330.6,0
2026-01-08 14:00:00,41329.6,41345.35,41278.35,41289.75,0
2026-01-08 14:15:00,41289.75,41305.95,41199.6,41204.8,0
2026-01-08 14:30:00,41204.9,41290.95,41198.45,41285.5,0
2026-01-08 14:45:00,41284.9,41362.0,41267.65,41358.55,0
2026-01-08 15:00:00,41358.55,41366.05,41163.65,41184.45,0
2026-01-08 15:15:00,41184.45,41196.75,41135.15,41157.6,0
2026-01-09 09:15:00,41146.7,41367.3,41076.2,41108.05,0
2026-01-09 09:30:00,41108.05,41157.1,40940.35,41095.75,0
2026-01-09 09:45:00,41095.75,41335.1,41087.9,41309.55,0
2026-01-09 10:00:00,41309.05,41347.7,41224.2,41226.4,0
2026-01-09 10:15:00,41226.4,41361.5,41226.4,41335.55,0
2026-01-09 10:30:00,41332.6,41343.2,41207.55,41343.2,0
2026-01-09 10:45:00,41343.05,41395.85,41197.5,41227.15,0
2026-01-09 11:00:00,41226.45,41226.75,41156.3,41168.3,0
2026-01-09 11:15:00,41165.1,41177.05,41104.1,41152.3,0
2026-01-09 11:30:00,41151.75,41198.55,41053.1,41062.7,0
2026-01-09 11:45:00,41060.95,41074.8,40989.9,40995.0,0
2026-01-09 12:00:00,40995.0,41049.65,40975.75,41013.7,0
2026-01-09 12:15:00,41013.7,41066.5,40953.7,40954.45,0
2026-01-09 12:30:00,40953.95,40985.15,40886.45,40914.9,0
2026-01-09 12:45:00,40914.9,40969.6,40885.35,40965.2,0
2026-01-09 13:00:00,40966.15,40981.8,40902.65,40904.6,0
2026-01-09 13:15:00,40903.35,40984.6,40896.25,40972.0,0
2026-01-09 13:30:00,40972.0,41009.65,40897.8,40905.65,0
2026-01-09 13:45:00,40905.9,40912.35,40833.55,40889.15,0
2026-01-09 14:00:00,40889.15,40902.75,40807.4,40810.4,0
2026-01-09 14:15:00,40808.9,40829.6,40725.7,40745.15,0
2026-01-09 14:30:00,40743.7,40814.9,40667.5,40805.95,0
2026-01-09 14:45:00,40804.75,40915.0,40804.35,40896.55,0
2026-01-09 15:00:00,40900.15,40913.55,40778.75,40818.15,0
2026-01-09 15:15:00,40818.15,40857.75,40766.9,40853.4,0
2026-01-12 09:15:00,40806.55,40905.5,40464.05,40469.6,0
2026-01-12 09:30:00,40469.6,40683.85,40469.6,40560.65,0
2026-01-12 09:45:00,40560.65,40775.95,40493.0,40615.2,0
2026-01-12 10:00:00,40613.6,40758.45,40590.4,40658.1,0
2026-01-12 10:15:00,40656.0,40778.85,40623.0,40724.5,0
2026-01-12 10:30:00,40722.15,40744.3,40561.7,40571.15,0
2026-01-12 10:45:00,40571.15,40630.7,40481.65,40484.25,0
2026-01-12 11:00:00,40484.25,40507.85,40422.0,40431.55,0
2026-01-12 11:15:00,40431.55,40442.65,40336.3,40341.6,0
2026-01-12 11:30:00,40341.05,40363.05,40278.95,40287.65,0
2026-01-12 11:45:00,40289.0,40369.65,40282.55,40364.0,0
2026-01-12 12:00:00,40363.95,40520.55,40352.6,40520.55,0
2026-01-12 12:15:00,40521.95,40665.5,40500.85,40633.7,0
2026-01-12 12:30:00,40633.7,40773.6,40633.7,40754.75,0
2026-01-12 12:45:00,40756.45,40791.4,40682.25,40682.25,0
2026-01-12 13:00:00,40682.25,40715.65,40607.1,40707.15,0
2026-01-12 13:15:00,40707.0,40723.7,40636.5,40636.5,0
2026-01-12 13:30:00,40636.5,40762.5,40636.05,40695.45,0
2026-01-12 13:45:00,40696.15,40727.75,40667.95,40711.4,0
2026-01-12 14:00:00,40710.65,40723.85,40654.4,40679.0,0
2026-01-12 14:15:00,40680.3,40743.8,40657.3,40695.65,0
2026-01-12 14:30:00,40697.35,40749.05,40597.25,40743.25,0
2026-01-12 14:45:00,40741.05,40872.95,40715.65,40862.9,0
2026-01-12 15:00:00,40863.85,40863.85,40778.95,40805.9,0
2026-01-12 15:15:00,40805.9,40878.9,40804.85,40862.45,0
2026-01-13 09:15:00,40990.85,41203.0,40958.4,41045.9,0
2026-01-13 09:30:00,41047.85,41094.3,40897.55,40940.75,0
2026-01-13 09:45:00,40943.85,41098.5,40863.2,40886.85,0
2026-01-13 10:00:00,40887.8,41018.65,40871.45,40940.6,0
2026-01-13 10:15:00,40939.8,41078.65,40924.75,41074.75,0
2026-01-13 10:30:00,41076.0,41107.5,40960.4,40994.45,0
2026-01-13 10:45:00,40992.5,41004.55,40908.55,40946.15,0
2026-01-13 11:00:00,40947.7,40982.75,40916.8,40957.05,0
2026-01-13 11:15:00,40957.05,41074.8,40946.2,41054.25,0
2026-01-13 11:30:00,41058.15,41076.45,40998.85,41005.05,0
2026-01-13 11:45:00,41005.15,41011.9,40933.2,40964.1,0
2026-01-13 12:00:00,40962.4,40963.5,40825.25,40825.25,0
2026-01-13 12:15:00,40826.0,40874.45,40795.05,40874.45,0
2026-01-13 12:30:00,40875.5,40883.4,40801.6,40841.5,0
2026-01-13 12:45:00,40839.9,40841.65,40751.6,40751.6,0
2026-01-13 13:00:00,40754.4,40774.8,40696.45,40764.0,0
2026-01-13 13:15:00,40764.1,40795.7,40720.4,40754.95,0
2026-01-13 13:30:00,40754.95,40806.3,40732.6,40800.9,0
2026-01-13 13:45:00,40799.3,40813.05,40740.0,40749.15,0
2026-01-13 14:00:00,40749.35,40752.35,40654.95,40684.6,0
2026-01-13 14:15:00,40684.4,40718.75,40625.25,40634.35,0
2026-01-13 14:30:00,40634.35,40817.35,40619.45,40801.2,0
2026-01-13 14:45:00,40801.2,40923.55,40799.55,40894.75,0
2026-01-13 15:00:00,40894.75,40971.95,40889.95,40951.25,0
2026-01-13 15:15:00,40953.65,40975.05,40874.5,40874.5,0
2026-01-14 09:15:00,40916.45,41026.9,40783.95,41018.15,0
2026-01-14 09:30:00,41020.9,41048.35,40976.15,40982.4,0
2026-01-14 09:45:00,40981.55,41088.4,40930.4,41037.05,0
2026-01-14 10:00:00,41037.05,41047.3,40947.25,40965.7,0
2026-01-14 10:15:00,40965.7,40993.75,40894.8,40992.2,0
2026-01-14 10:30:00,40992.2,41068.05,40936.3,41000.25,0
2026-01-14 10:45:00,41000.25,41075.45,40974.35,41075.45,0
2026-01-14 11:00:00,41075.45,41084.4,41021.6,41024.55,0
2026-01-14 11:15:00,41024.55,41133.55,41019.5,41115.15,0
2026-01-14 11:30:00,41116.35,41127.3,41082.0,41086.8,0
2026-01-14 11:45:00,41086.8,41127.8,41081.45,41110.95,0
2026-01-14 12:00:00,41110.95,41128.5,41042.35,41049.15,0
2026-01-14 12:15:00,41049.15,41136.5,41027.55,41103.05,0
2026-01-14 12:30:00,41103.25,41178.1,41101.5,41145.2,0
2026-01-14 12:45:00,41145.2,41185.65,41119.25,41140.45,0
2026-01-14 13:00:00,41139.25,41171.6,41111.5,41155.2,0
2026-01-14 13:15:00,41155.15,41159.55,41029.7,41062.7,0
2026-01-14 13:30:00,41062.7,41072.05,41000.25,41002.8,0
2026-01-14 13:45:00,41002.8,41048.4,40979.85,40995.45,0
2026-01-14 14:00:00,40995.45,41045.9,40980.05,41044.15,0
2026-01-14 14:15:00,41044.15,41062.15,40952.5,40957.35,0
2026-01-14 14:30:00,40958.25,41085.15,40937.3,41080.75,0
2026-01-14 14:45:00,41077.85,41166.1,41077.85,41125.2,0
2026-01-14 15:00:00,41125.2,41125.2,41081.4,41089.35,0
2026-01-14 15:15:00,41090.05,41093.25,41051.85,41075.25,0
2026-01-16 09:15:00,41033.4,41332.75,41015.7,41305.45,0
2026-01-16 09:30:00,41306.85,41306.85,41207.65,41270.5,0
2026-01-16 09:45:00,41271.2,41345.9,41256.75,41290.4,0
2026-01-16 10:00:00,41290.4,41372.75,41276.65,41352.85,0
2026-01-16 10:15:00,41353.5,41461.1,41352.15,41454.1,0
2026-01-16 10:30:00,41454.0,41463.7,41398.85,41406.65,0
2026-01-16 10:45:00,41408.4,41458.85,41402.45,41404.05,0
2026-01-16 11:00:00,41404.05,41428.05,41335.2,41351.45,0
2026-01-16 11:15:00,41351.45,41394.9,41339.55,41349.25,0
2026-01-16 11:30:00,41349.25,41376.5,41319.25,41332.15,0
2026-01-16 11:45:00,41333.3,41346.1,41297.9,41304.6,0
2026-01-16 12:00:00,41303.65,41355.1,41290.2,41351.2,0
2026-01-16 12:15:00,41351.2,41359.85,41223.0,41227.8,0
2026-01-16 12:30:00,41226.7,41256.1,41210.8,41220.1,0
2026-01-16 12:45:00,41220.75,41227.55,41175.15,41189.95,0
2026-01-16 13:00:00,41191.15,41192.5,41126.1,41134.05,0
2026-01-16 13:15:00,41134.05,41152.1,41019.65,41061.8,0
2026-01-16 13:30:00,41061.8,41120.1,41042.95,41049.7,0
2026-01-16 13:45:00,41052.3,41089.5,41022.8,41025.9,0
2026-01-16 14:00:00,41026.25,41053.65,40999.65,41009.15,0
2026-01-16 14:15:00,41006.05,41034.8,40948.95,40992.9,0
2026-01-16 14:30:00,40992.9,41043.45,40909.1,41023.4,0
2026-01-16 14:45:00,41023.4,41089.85,41007.6,41084.45,0
2026-01-16 15:00:00,41084.45,41084.45,41032.4,41033.45,0
2026-01-16 15:15:00,41034.8,41036.55,40991.75,41001.35,0
2026-01-19 09:15:00,40987.7,41100.25,40903.1,40920.8,0
2026-01-19 09:30:00,40920.8,41038.55,40880.85,41012.9,0
2026-01-19 09:45:00,41007.0,41080.05,40944.85,40974.35,0
2026-01-19 10:00:00,40974.35,41072.35,40945.25,41052.0,0
2026-01-19 10:15:00,41053.55,41091.25,41024.3,41053.1,0
2026-01-19 10:30:00,41051.95,41084.65,41017.15,41059.8,0
2026-01-19 10:45:00,41058.5,41120.4,41058.5,41117.8,0
2026-01-19 11:00:00,41117.8,41155.5,41038.3,41054.9,0
2026-01-19 11:15:00,41054.9,41068.8,41019.15,41039.7,0
2026-01-19 11:30:00,41038.1,41102.55,41015.45,41094.6,0
2026-01-19 11:45:00,41093.6,41094.45,41001.75,41009.6,0
2026-01-19 12:00:00,41008.8,41089.35,40996.65,41088.8,0
2026-01-19 12:15:00,41087.55,41131.2,41052.85,41067.8,0
2026-01-19 12:30:00,41067.8,41072.45,41026.9,41061.45,0
2026-01-19 12:45:00,41061.45,41089.95,41028.4,41089.95,0
2026-01-19 13:00:00,41089.95,41095.9,41039.15,41055.65,0
2026-01-19 13:15:00,41055.25,41073.85,41030.5,41038.65,0
2026-01-19 13:30:00,41039.0,41077.8,41038.35,41068.45,0
2026-01-19 13:45:00,41068.45,41138.05,41055.2,41100.4,0
2026-01-19 14:00:00,41099.25,41135.95,41057.05,41061.75,0
2026-01-19 14:15:00,41058.55,41094.95,41017.55,41020.1,0
2026-01-19 14:30:00,41020.5,41113.6,41012.25,41113.6,0
2026-01-19 14:45:00,41112.8,41200.95,41099.95,41161.9,0
2026-01-19 15:00:00,41161.9,41174.85,41059.3,41068.05,0
2026-01-19 15:15:00,41064.4,41065.05,40966.15,40998.05,0
2026-01-20 09:15:00,41092.05,41093.4,40733.45,40733.45,0
2026-01-20 09:30:00,40737.95,40792.95,40544.55,40583.6,0
2026-01-20 09:45:00,40586.25,40633.7,40473.15,40502.55,0
2026-01-20 10:00:00,40501.95,40667.5,40495.8,40610.2,0
2026-01-20 10:15:00,40609.4,40665.55,40547.95,40556.5,0
2026-01-20 10:30:00,40555.3,40672.2,40532.5,40629.7,0
2026-01-20 10:45:00,40627.9,40671.5,40587.8,40624.95,0
2026-01-20 11:00:00,40625.95,40649.85,40571.05,40582.45,0
2026-01-20 11:15:00,40582.45,40667.85,40575.75,40602.75,0
2026-01-20 11:30:00,40602.75,40633.6,40583.8,40616.65,0
2026-01-20 11:45:00,40616.65,40647.95,40581.05,40618.6,0
2026-01-20 12:00:00,40618.95,40619.55,40476.65,40505.4,0
2026-01-20 12:15:00,40505.4,40521.9,40452.0,40480.85,0
2026-01-20 12:30:00,40479.75,40487.55,40417.2,40419.15,0
2026-01-20 12:45:00,40420.45,40496.65,40403.4,40476.15,0
2026-01-20 13:00:00,40476.2,40480.1,40412.85,40429.65,0
2026-01-20 13:15:00,40429.65,40452.15,40395.3,40422.25,0
2026-01-20 13:30:00,40424.1,40430.75,40342.8,40361.35,0
2026-01-20 13:45:00,40361.35,40365.3,40311.65,40317.9,0
2026-01-20 14:00:00,40318.4,40372.25,40250.9,40268.1,0
2026-01-20 14:15:00,40268.1,40353.65,40243.45,40349.45,0
2026-01-20 14:30:00,40349.45,40385.65,40342.55,40375.15,0
2026-01-20 14:45:00,40375.7,40406.7,40322.15,40322.15,0
2026-01-20 15:00:00,40322.15,40324.05,40128.3,40134.6,0
2026-01-20 15:15:00,40135.15,40159.8,40019.5,40120.45,0
2026-01-21 09:15:00,39997.45,40285.35,39939.45,39999.15,0
2026-01-21 09:30:00,39994.4,40140.4,39858.8,39868.3,0
2026-01-21 09:45:00,39868.3,39931.85,39771.3,39776.75,0
2026-01-21 10:00:00,39776.75,39888.25,39747.7,39811.0,0
2026-01-21 10:15:00,39806.65,39834.4,39669.1,39669.1,0
2026-01-21 10:30:00,39669.1,39699.1,39526.75,39538.5,0
2026-01-21 10:45:00,39538.5,39551.65,39368.1,39503.4,0
2026-01-21 11:00:00,39503.4,39671.7,39503.4,39614.1,0
2026-01-21 11:15:00,39612.9,39644.95,39525.0,39525.0,0
2026-01-21 11:30:00,39525.0,39584.75,39495.55,39503.6,0
2026-01-21 11:45:00,39500.75,39570.8,39479.95,39551.4,0
2026-01-21 12:00:00,39551.65,39807.75,39544.85,39807.75,0
2026-01-21 12:15:00,39809.95,39868.85,39729.6,39743.65,0
2026-01-21 12:30:00,39743.65,39935.6,39740.45,39898.65,0
2026-01-21 12:45:00,39898.65,40061.9,39896.6,40039.35,0
2026-01-21 13:00:00,40039.35,40063.9,39937.7,39977.7,0
2026-01-21 13:15:00,39980.65,39992.4,39917.2,39931.45,0
2026-01-21 13:30:00,39931.45,39940.55,39791.15,39796.95,0
2026-01-21 13:45:00,39797.75,39805.7,39665.6,39670.55,0
2026-01-21 14:00:00,39670.7,39689.45,39550.25,39560.0,0
2026-01-21 14:15:00,39560.0,39718.05,39545.4,39594.8,0
2026-01-21 14:30:00,39594.8,39720.4,39594.0,39711.8,0
2026-01-21 14:45:00,39711.55,39766.6,39689.5,39725.95,0
2026-01-21 15:00:00,39727.1,39783.1,39697.45,39738.0,0
2026-01-21 15:15:00,39738.0,39802.7,39718.3,39798.65,0
2026-01-22 09:15:00,40134.2,40356.75,40114.35,40355.25,0
2026-01-22 09:30:00,40355.25,40459.85,40351.0,40413.3,0
2026-01-22 09:45:00,40416.65,40493.8,40292.0,40302.9,0
2026-01-22 10:00:00,40301.1,40326.0,40203.35,40212.8,0
2026-01-22 10:15:00,40212.8,40240.3,40096.45,40101.25,0
2026-01-22 10:30:00,40099.9,40250.8,40048.65,40185.8,0
2026-01-22 10:45:00,40188.5,40193.05,40068.0,40069.75,0
2026-01-22 11:00:00,40066.6,40128.65,40007.05,40039.55,0
2026-01-22 11:15:00,40039.55,40077.45,39996.75,40026.8,0
2026-01-22 11:30:00,40026.75,40027.1,39907.3,39921.7,0
2026-01-22 11:45:00,39921.7,39982.1,39880.85,39883.1,0
2026-01-22 12:00:00,39883.05,40004.65,39871.5,39999.0,0
2026-01-22 12:15:00,39999.65,40139.35,39988.2,40129.5,0
2026-01-22 12:30:00,40129.25,40146.75,40043.4,40088.55,0
2026-01-22 12:45:00,40088.1,40153.05,40069.25,40069.25,0
2026-01-22 13:00:00,40071.5,40102.55,40021.4,40024.25,0
2026-01-22 13:15:00,40024.25,40068.7,39996.0,40014.95,0
2026-01-22 13:30:00,40014.95,40090.0,39991.7,40078.85,0
2026-01-22 13:45:00,40078.85,40158.95,40054.45,40127.0,0
2026-01-22 14:00:00,40127.2,40164.85,40080.05,40083.15,0
2026-01-22 14:15:00,40081.75,40135.6,40069.65,40133.85,0
2026-01-22 14:30:00,40134.25,40201.15,40125.85,40159.0,0
2026-01-22 14:45:00,40159.0,40217.2,40137.05,40183.25,0
2026-01-22 15:00:00,40182.95,40182.95,40089.9,40152.65,0
2026-01-22 15:15:00,40152.65,40184.55,40147.1,40167.85,0
2026-01-23 09:15:00,40353.55,40357.3,40078.4,40337.65,0
2026-01-23 09:30:00,40337.65,40339.0,40209.5,40209.85,0
2026-01-23 09:45:00,40209.85,40274.5,40168.5,40211.1,0
2026-01-23 10:00:00,40211.1,40251.85,40179.95,40183.6,0
2026-01-23 10:15:00,40183.6,40263.0,40179.1,40245.85,0
2026-01-23 10:30:00,40245.85,40305.65,40231.05,40246.3,0
2026-01-23 10:45:00,40246.1,40257.0,40154.65,40173.0,0
2026-01-23 11:00:00,40172.25,40216.95,40122.85,40208.25,0
2026-01-23 11:15:00,40207.75,40215.3,40157.5,40176.8,0
2026-01-23 11:30:00,40176.8,40184.85,40044.6,40046.8,0
2026-01-23 11:45:00,40046.85,40057.7,39993.75,40017.2,0
2026-01-23 12:00:00,40017.1,40046.85,39920.1,39920.1,0
2026-01-23 12:15:00,39921.0,40001.5,39918.75,39962.2,0
2026-01-23 12:30:00,39962.2,40000.75,39947.6,39988.55,0
2026-01-23 12:45:00,39989.4,40035.25,39927.45,39929.35,0
2026-01-23 13:00:00,39929.35,39962.4,39891.4,39919.05,0
2026-01-23 13:15:00,39918.75,39922.9,39793.05,39820.9,0
2026-01-23 13:30:00,39820.9,39825.0,39750.5,39750.5,0
2026-01-23 13:45:00,39750.55,39800.45,39713.8,39718.85,0
2026-01-23 14:00:00,39717.85,39749.4,39681.65,39704.15,0
2026-01-23 14:15:00,39705.85,39756.9,39651.05,39694.15,0
2026-01-23 14:30:00,39694.15,39740.7,39672.5,39681.0,0
2026-01-23 14:45:00,39679.45,39718.45,39595.15,39633.55,0
2026-01-23 15:00:00,39633.55,39643.95,39519.15,39542.15,0
2026-01-23 15:15:00,39541.05,39575.5,39501.5,39566.8,0
2026-01-27 09:15:00,39774.6,39801.25,39393.15,39534.35,0
2026-01-27 09:30:00,39534.3,39788.7,39483.4,39755.95,0
2026-01-27 09:45:00,39755.95,39887.85,39755.95,39833.65,0
2026-01-27 10:00:00,39833.75,39877.85,39751.45,39835.7,0
2026-01-27 10:15:00,39835.7,39896.65,39744.4,39744.4,0
2026-01-27 10:30:00,39744.4,39780.2,39601.5,39608.4,0
2026-01-27 10:45:00,39606.1,39646.3,39518.95,39520.4,0
2026-01-27 11:00:00,39521.6,39604.85,39517.2,39584.1,0
2026-01-27 11:15:00,39584.1,39637.35,39559.95,39622.5,0
2026-01-27 11:30:00,39622.5,39730.2,39603.45,39725.0,0
2026-01-27 11:45:00,39724.45,39739.05,39593.65,39633.4,0
2026-01-27 12:00:00,39632.95,39657.15,39616.2,39631.25,0
2026-01-27 12:15:00,39631.25,39673.5,39567.1,39610.0,0
2026-01-27 12:30:00,39610.0,39645.8,39581.85,39634.4,0
2026-01-27 12:45:00,39635.1,39663.65,39588.9,39648.8,0
2026-01-27 13:00:00,39648.8,39651.7,39564.2,39603.15,0
2026-01-27 13:15:00,39603.15,39671.2,39593.05,39671.2,0
2026-01-27 13:30:00,39670.9,39686.1,39549.5,39562.75,0
2026-01-27 13:45:00,39561.9,39588.85,39527.9,39531.7,0
2026-01-27 14:00:00,39530.55,39534.95,39397.7,39473.25,0
2026-01-27 14:15:00,39473.25,39478.15,39424.15,39463.8,0
2026-01-27 14:30:00,39462.1,39694.45,39457.9,39671.5,0
2026-01-27 14:45:00,39674.45,39771.6,39674.45,39738.1,0
2026-01-27 15:00:00,39738.1,39822.5,39679.45,39820.35,0
2026-01-27 15:15:00,39820.35,39970.75,39814.15,39930.4,0
2026-01-28 09:15:00,39931.6,40112.6,39861.8,40088.05,0
2026-01-28 09:30:00,40089.1,40123.95,40016.85,40028.1,0
2026-01-28 09:45:00,40028.85,40056.8,39988.1,40032.4,0
2026-01-28 10:00:00,40031.7,40051.35,39907.3,39937.8,0
2026-01-28 10:15:00,39938.7,39979.9,39909.35,39927.0,0
2026-01-28 10:30:00,39928.8,39997.0,39901.8,39936.6,0
2026-01-28 10:45:00,39934.6,40021.9,39928.2,40010.5,0
2026-01-28 11:00:00,40010.55,40114.95,40010.55,40109.35,0
2026-01-28 11:15:00,40109.3,40184.75,40046.15,40164.4,0
2026-01-28 11:30:00,40163.4,40170.65,40041.2,40054.75,0
2026-01-28 11:45:00,40052.55,40158.7,40048.2,40157.85,0
2026-01-28 12:00:00,40158.55,40218.75,40153.5,40182.75,0
2026-01-28 12:15:00,40182.4,40199.35,40105.1,40123.1,0
2026-01-28 12:30:00,40123.1,40176.45,40113.65,40175.35,0
2026-01-28 12:45:00,40175.3,40196.45,40155.0,40161.55,0
2026-01-28 13:00:00,40163.1,40272.45,40161.65,40268.85,0
2026-01-28 13:15:00,40270.45,40360.25,40231.15,40239.25,0
2026-01-28 13:30:00,40240.55,40251.75,40169.9,40169.9,0
2026-01-28 13:45:00,40167.25,40249.65,40143.4,40239.55,0
2026-01-28 14:00:00,40239.55,40330.7,40238.8,40268.05,0
2026-01-28 14:15:00,40268.05,40439.05,40227.4,40426.05,0
2026-01-28 14:30:00,40427.95,40456.65,40355.9,40449.55,0
2026-01-28 14:45:00,40451.15,40584.85,40447.75,40545.6,0
2026-01-28 15:00:00,40545.6,40602.9,40523.4,40542.25,0
2026-01-28 15:15:00,40542.25,40614.1,40539.6,40595.7,0
2026-01-29 09:15:00,40768.45,40779.8,40558.0,40759.9,0
2026-01-29 09:30:00,40759.35,40759.35,40584.45,40596.9,0
2026-01-29 09:45:00,40595.7,40656.0,40506.45,40593.35,0
2026-01-29 10:00:00,40592.45,40619.85,40528.2,40568.75,0
2026-01-29 10:15:00,40569.55,40569.55,40405.05,40502.5,0
2026-01-29 10:30:00,40502.5,40541.5,40422.9,40458.45,0
2026-01-29 10:45:00,40458.45,40482.4,40400.55,40442.05,0
2026-01-29 11:00:00,40442.75,40484.95,40440.4,40477.5,0
2026-01-29 11:15:00,40478.7,40574.8,40478.25,40534.75,0
2026-01-29 11:30:00,40534.75,40581.3,40507.45,40531.95,0
2026-01-29 11:45:00,40531.95,40531.95,40471.7,40482.7,0
2026-01-29 12:00:00,40480.85,40524.8,40478.7,40522.75,0
2026-01-29 12:15:00,40522.75,40530.65,40481.65,40490.6,0
2026-01-29 12:30:00,40490.6,40543.15,40488.05,40521.5,0
2026-01-29 12:45:00,40521.5,40590.25,40514.1,40546.8,0
2026-01-29 13:00:00,40546.9,40586.8,40537.2,40546.1,0
2026-01-29 13:15:00,40546.1,40562.4,40512.75,40551.65,0
2026-01-29 13:30:00,40551.65,40643.75,40548.6,40639.6,0
2026-01-29 13:45:00,40639.6,40704.4,40637.85,40702.15,0
2026-01-29 14:00:00,40702.15,40727.0,40613.0,40654.35,0
2026-01-29 14:15:00,40654.35,40689.1,40633.55,40687.4,0
2026-01-29 14:30:00,40689.45,40754.4,40689.45,40749.3,0
2026-01-29 14:45:00,40751.6,40775.95,40724.35,40736.9,0
2026-01-29 15:00:00,40736.9,40769.3,40711.35,40716.75,0
2026-01-29 15:15:00,40716.75,40771.15,40715.75,40756.8,0
2026-01-30 09:15:00,40512.3,40512.3,40059.6,40308.05,0
2026-01-30 09:30:00,40308.05,40618.8,40273.7,40618.8,0
2026-01-30 09:45:00,40615.85,40649.8,40475.0,40497.15,0
2026-01-30 10:00:00,40497.15,40609.85,40489.25,40600.05,0
2026-01-30 10:15:00,40601.75,40632.35,40488.25,40502.9,0
2026-01-30 10:30:00,40502.9,40627.75,40489.35,40610.3,0
2026-01-30 10:45:00,40610.3,40689.45,40595.15,40660.45,0
2026-01-30 11:00:00,40659.7,40678.45,40582.3,40619.7,0
2026-01-30 11:15:00,40619.7,40658.75,40596.05,40620.75,0
2026-01-30 11:30:00,40622.3,40653.6,40578.0,40623.3,0
2026-01-30 11:45:00,40623.3,40665.4,40594.3,40615.7,0
2026-01-30 12:00:00,40615.7,40619.4,40565.5,40616.6,0
2026-01-30 12:15:00,40616.6,40638.25,40565.4,40602.1,0
2026-01-30 12:30:00,40602.1,40643.45,40589.35,40602.7,0
2026-01-30 12:45:00,40603.45,40622.95,40590.15,40610.15,0
2026-01-30 13:00:00,40610.2,40618.15,40404.15,40405.2,0
2026-01-30 13:15:00,40405.2,40405.2,40306.55,40359.8,0
2026-01-30 13:30:00,40358.45,40558.6,40358.45,40541.35,0
2026-01-30 13:45:00,40542.8,40632.85,40502.9,40618.75,0
2026-01-30 14:00:00,40618.95,40638.1,40522.95,40547.35,0
2026-01-30 14:15:00,40547.75,40564.4,40470.95,40483.1,0
2026-01-30 14:30:00,40483.1,40518.25,40415.0,40427.05,0
2026-01-30 14:45:00,40427.05,40558.2,40395.65,40521.9,0
2026-01-30 15:00:00,40521.9,40567.1,40466.95,40508.25,0
2026-01-30 15:15:00,40508.25,40533.75,40346.75,40398.6,0
2026-02-01 09:15:00,40151.5,40168.3,39741.95,39839.8,0
2026-02-01 09:30:00,39839.8,39841.9,39663.0,39802.7,0
2026-02-01 09:45:00,39802.7,39958.0,39800.75,39928.75,0
2026-02-01 10:00:00,39928.75,39983.5,39924.55,39972.6,0
2026-02-01 10:15:00,39972.6,40043.95,39959.15,40015.65,0
2026-02-01 10:30:00,40015.65,40063.75,40003.75,40031.3,0
2026-02-01 10:45:00,40031.3,40078.9,40017.9,40072.7,0
2026-02-01 11:00:00,40072.7,40197.55,40013.3,40093.25,0
2026-02-01 11:15:00,40093.25,40097.25,39991.65,40047.3,0
2026-02-01 11:30:00,40046.55,40082.4,39809.95,39843.2,0
2026-02-01 11:45:00,39843.2,39874.7,39716.0,39717.35,0
2026-02-01 12:00:00,39717.35,39812.35,39296.6,39334.1,0
2026-02-01 12:15:00,39334.45,39338.9,38576.9,38576.9,0
2026-02-01 12:30:00,38579.9,39161.55,38207.8,39138.3,0
2026-02-01 12:45:00,39138.3,39433.75,39116.1,39433.75,0
2026-02-01 13:00:00,39433.75,39508.85,39332.9,39486.55,0
2026-02-01 13:15:00,39486.55,39491.05,39239.15,39241.3,0
2026-02-01 13:30:00,39239.8,39366.0,39187.9,39333.55,0
2026-02-01 13:45:00,39336.3,39369.75,39125.3,39231.8,0
2026-02-01 14:00:00,39231.8,39264.9,39088.25,39164.75,0
2026-02-01 14:15:00,39164.75,39225.9,39109.55,39204.5,0
2026-02-01 14:30:00,39204.5,39302.05,39202.3,39237.3,0
2026-02-01 14:45:00,39237.3,39288.0,39111.8,39131.75,0
2026-02-01 15:00:00,39130.0,39192.15,38979.4,38988.35,0
2026-02-01 15:15:00,38988.35,38991.85,38823.15,38887.25,0
2026-02-02 09:15:00,38954.5,39090.75,38806.35,38952.3,0
2026-02-02 09:30:00,38952.9,39071.15,38904.7,38974.4,0
2026-02-02 09:45:00,38976.0,39285.45,38968.9,39131.45,0
2026-02-02 10:00:00,39129.35,39146.0,39054.05,39099.8,0
2026-02-02 10:15:00,39094.55,39110.95,38968.85,39017.65,0
2026-02-02 10:30:00,39012.5,39103.5,39001.3,39048.25,0
2026-02-02 10:45:00,39047.1,39054.45,38859.3,38869.0,0
2026-02-02 11:00:00,38869.3,38869.3,38723.45,38822.3,0
2026-02-02 11:15:00,38822.0,38841.55,38705.85,38804.25,0
2026-02-02 11:30:00,38804.25,39037.85,38793.15,39025.9,0
2026-02-02 11:45:00,39025.9,39036.65,38925.6,38968.15,0
2026-02-02 12:00:00,38970.15,38978.75,38875.7,38964.8,0
2026-02-02 12:15:00,38965.25,39041.7,38930.6,38985.55,0
2026-02-02 12:30:00,38986.3,39071.8,38940.4,39032.1,0
2026-02-02 12:45:00,39030.25,39111.0,39018.8,39100.25,0
2026-02-02 13:00:00,39102.4,39198.5,39078.25,39128.65,0
2026-02-02 13:15:00,39129.85,39153.95,38972.25,39057.45,0
2026-02-02 13:30:00,39059.3,39198.3,39017.6,39195.75,0
2026-02-02 13:45:00,39194.5,39241.15,39162.7,39181.35,0
2026-02-02 14:00:00,39184.1,39227.95,39147.05,39225.9,0
2026-02-02 14:15:00,39229.05,39318.4,39198.35,39314.9,0
2026-02-02 14:30:00,39315.6,39356.75,39271.95,39343.35,0
2026-02-02 14:45:00,39341.05,39477.25,39337.75,39477.25,0
2026-02-02 15:00:00,39478.15,39710.0,39478.15,39699.35,0
2026-02-02 15:15:00,39698.2,39845.35,39696.7,39799.2,0
2026-02-03 09:15:00,41430.1,41712.4,40827.25,40899.25,0
2026-02-03 09:30:00,40899.25,40972.05,40746.95,40753.45,0
2026-02-03 09:45:00,40748.55,40828.95,40659.25,40664.85,0
2026-02-03 10:00:00,40665.05,40690.45,40468.35,40489.55,0
2026-02-03 10:15:00,40491.05,40640.8,40491.05,40599.7,0
2026-02-03 10:30:00,40599.7,40678.8,40569.0,40602.6,0
2026-02-03 10:45:00,40603.9,40661.4,40547.8,40653.8,0
2026-02-03 11:00:00,40653.8,40703.25,40645.45,40686.6,0
2026-02-03 11:15:00,40684.6,40707.05,40670.7,40705.9,0
2026-02-03 11:30:00,40706.15,40814.3,40706.15,40803.25,0
2026-02-03 11:45:00,40802.15,40860.05,40767.1,40860.05,0
2026-02-03 12:00:00,40860.3,40868.85,40783.7,40790.5,0
2026-02-03 12:15:00,40790.9,40836.7,40782.45,40802.45,0
2026-02-03 12:30:00,40802.2,40823.65,40751.3,40807.15,0
2026-02-03 12:45:00,40807.15,40808.25,40747.6,40767.4,0
2026-02-03 13:00:00,40769.05,40786.5,40751.85,40781.8,0
2026-02-03 13:15:00,40781.95,40864.8,40759.05,40783.85,0
2026-02-03 13:30:00,40783.85,40810.8,40695.05,40808.2,0
2026-02-03 13:45:00,40808.2,40878.45,40806.65,40848.55,0
2026-02-03 14:00:00,40848.55,40886.65,40823.4,40853.25,0
2026-02-03 14:15:00,40853.25,40886.55,40848.3,40867.9,0
2026-02-03 14:30:00,40867.9,40899.95,40778.25,40783.6,0
2026-02-03 14:45:00,40783.6,40843.35,40772.1,40819.5,0
2026-02-03 15:00:00,40823.35,40837.9,40764.7,40836.45,0
2026-02-03 15:15:00,40835.3,40855.2,40806.1,40811.0,0
2026-02-04 09:15:00,40774.3,40994.7,40503.7,40869.85,0
2026-02-04 09:30:00,40869.85,41003.1,40869.85,40990.7,0
2026-02-04 09:45:00,40990.7,41042.4,40921.7,40988.1,0
2026-02-04 10:00:00,40988.1,41051.1,40948.0,41029.8,0
2026-02-04 10:15:00,41029.8,41054.6,40918.85,40925.65,0
2026-02-04 10:30:00,40925.65,40943.15,40860.95,40907.1,0
2026-02-04 10:45:00,40907.3,40927.4,40865.4,40921.25,0
2026-02-04 11:00:00,40921.65,40961.05,40846.0,40876.95,0
2026-02-04 11:15:00,40876.95,40903.4,40826.45,40838.75,0
2026-02-04 11:30:00,40838.75,40908.75,40825.15,40895.2,0
2026-02-04 11:45:00,40895.2,40976.2,40863.7,40962.6,0
2026-02-04 12:00:00,40962.6,41069.5,40955.0,41065.0,0
2026-02-04 12:15:00,41065.75,41077.95,41018.75,41047.9,0
2026-02-04 12:30:00,41047.9,41064.6,41007.1,41030.75,0
2026-02-04 12:45:00,41030.75,41033.2,40965.9,40967.9,0
2026-02-04 13:00:00,40967.05,41057.1,40966.65,41040.95,0
2026-02-04 13:15:00,41041.35,41074.25,41010.7,41068.25,0
2026-02-04 13:30:00,41068.25,41100.35,41059.05,41095.45,0
2026-02-04 13:45:00,41095.45,41104.9,41031.0,41103.4,0
2026-02-04 14:00:00,41103.4,41137.55,41072.2,41130.35,0
2026-02-04 14:15:00,41133.65,41174.6,41131.95,41151.9,0
2026-02-04 14:30:00,41151.9,41168.95,41115.75,41121.35,0
2026-02-04 14:45:00,41121.35,41126.7,41068.5,41081.3,0
2026-02-04 15:00:00,41081.3,41138.1,41078.65,41126.25,0
2026-02-04 15:15:00,41127.35,41141.05,41040.45,41052.25,0
2026-02-05 09:15:00,40917.85,40917.85,40672.55,40760.45,0
2026-02-05 09:30:00,40760.45,40831.85,40580.8,40582.3,0
2026-02-05 09:45:00,40583.0,40653.45,40539.95,40653.45,0
2026-02-05 10:00:00,40652.8,40678.75,40590.3,40675.4,0
2026-02-05 10:15:00,40674.15,40785.5,40654.65,40681.35,0
2026-02-05 10:30:00,40681.35,40709.1,40636.5,40643.5,0
2026-02-05 10:45:00,40641.15,40667.7,40585.35,40589.7,0
2026-02-05 11:00:00,40589.7,40714.4,40572.8,40709.7,0
2026-02-05 11:15:00,40709.7,40730.6,40681.05,40720.25,0
2026-02-05 11:30:00,40720.25,40758.5,40662.75,40721.15,0
2026-02-05 11:45:00,40721.15,40729.75,40679.3,40729.05,0
2026-02-05 12:00:00,40729.05,40749.8,40698.65,40707.85,0
2026-02-05 12:15:00,40708.15,40710.7,40654.25,40686.45,0
2026-02-05 12:30:00,40686.85,40735.85,40675.7,40716.15,0
2026-02-05 12:45:00,40716.05,40738.75,40686.4,40727.95,0
2026-02-05 13:00:00,40727.95,40776.75,40707.2,40758.8,0
2026-02-05 13:15:00,40758.8,40828.75,40758.8,40765.35,0
2026-02-05 13:30:00,40765.35,40827.45,40762.45,40817.9,0
2026-02-05 13:45:00,40817.9,40841.4,40799.8,40817.2,0
2026-02-05 14:00:00,40817.2,40826.35,40715.4,40753.65,0
2026-02-05 14:15:00,40753.65,40777.35,40732.15,40770.2,0
2026-02-05 14:30:00,40770.2,40832.25,40765.8,40779.25,0
2026-02-05 14:45:00,40779.25,40879.4,40771.2,40866.7,0
2026-02-05 15:00:00,40866.7,40881.95,40802.35,40826.85,0
2026-02-05 15:15:00,40824.65,40832.5,40785.2,40818.55,0
2026-02-06 09:15:00,40660.95,40671.9,40423.7,40448.55,0
2026-02-06 09:30:00,40449.85,40463.8,40310.55,40323.6,0
2026-02-06 09:45:00,40325.85,40443.65,40322.85,40354.8,0
2026-02-06 10:00:00,40356.95,40375.25,40258.15,40281.3,0
2026-02-06 10:15:00,40281.3,40358.75,40251.25,40252.75,0
2026-02-06 10:30:00,40252.75,40265.95,40205.4,40223.1,0
2026-02-06 10:45:00,40223.1,40232.3,40147.3,40211.55,0
2026-02-06 11:00:00,40211.55,40365.75,40208.45,40361.3,0
2026-02-06 11:15:00,40361.3,40440.0,40332.2,40388.7,0
2026-02-06 11:30:00,40390.9,40523.45,40377.4,40473.65,0
2026-02-06 11:45:00,40472.85,40537.4,40461.3,40505.1,0
2026-02-06 12:00:00,40504.5,40576.4,40439.3,40500.05,0
2026-02-06 12:15:00,40500.05,40502.2,40424.1,40445.1,0
2026-02-06 12:30:00,40444.35,40512.05,40377.1,40451.9,0
2026-02-06 12:45:00,40451.9,40477.65,40394.6,40432.3,0
2026-02-06 13:00:00,40431.8,40433.9,40389.65,40407.7,0
2026-02-06 13:15:00,40408.45,40420.35,40383.9,40404.3,0
2026-02-06 13:30:00,40404.15,40442.5,40346.6,40428.05,0
2026-02-06 13:45:00,40428.05,40514.7,40421.65,40500.55,0
2026-02-06 14:00:00,40500.55,40552.35,40500.55,40548.45,0
2026-02-06 14:15:00,40548.45,40592.2,40537.9,40541.8,0
2026-02-06 14:30:00,40541.8,40638.5,40530.0,40621.5,0
2026-02-06 14:45:00,40621.75,40664.15,40584.3,40649.55,0
2026-02-06 15:00:00,40650.6,40724.7,40650.6,40713.6,0
2026-02-06 15:15:00,40713.6,40723.65,40609.85,40629.05,0
2026-02-09 09:15:00,40939.8,41045.75,40830.6,40992.25,0
2026-02-09 09:30:00,40992.25,41041.25,40929.55,40966.4,0
2026-02-09 09:45:00,40968.4,41003.0,40963.4,40967.25,0
2026-02-09 10:00:00,40967.25,41006.85,40938.4,40954.35,0
2026-02-09 10:15:00,40954.35,41033.1,40946.25,41022.35,0
2026-02-09 10:30:00,41022.35,41068.0,41018.0,41063.35,0
2026-02-09 10:45:00,41063.35,41081.75,41023.25,41080.0,0
2026-02-09 11:00:00,41080.0,41100.4,41046.5,41059.15,0
2026-02-09 11:15:00,41061.15,41079.55,41050.05,41053.35,0
2026-02-09 11:30:00,41053.35,41086.7,41020.7,41082.4,0
2026-02-09 11:45:00,41082.4,41106.4,41062.1,41081.5,0
2026-02-09 12:00:00,41081.5,41161.25,41074.7,41151.55,0
2026-02-09 12:15:00,41151.55,41163.2,41114.15,41114.45,0
2026-02-09 12:30:00,41113.25,41114.8,41061.2,41072.85,0
2026-02-09 12:45:00,41074.3,41088.8,41052.15,41076.9,0
2026-02-09 13:00:00,41076.9,41127.7,41076.9,41105.0,0
2026-02-09 13:15:00,41104.75,41124.45,41078.15,41080.3,0
2026-02-09 13:30:00,41079.65,41132.1,41076.85,41115.4,0
2026-02-09 13:45:00,41116.25,41142.3,41097.15,41100.8,0
2026-02-09 14:00:00,41098.9,41132.15,41086.8,41099.4,0
2026-02-09 14:15:00,41099.4,41147.2,41098.15,41136.3,0
2026-02-09 14:30:00,41137.55,41147.95,41081.4,41108.25,0
2026-02-09 14:45:00,41108.25,41168.2,41101.65,41162.7,0
2026-02-09 15:00:00,41162.7,41196.75,41156.4,41171.6,0
2026-02-09 15:15:00,41171.6,41184.1,41150.2,41153.1,0
2026-02-10 09:15:00,41391.85,41415.9,41246.25,41390.4,0
2026-02-10 09:30:00,41394.45,41472.7,41356.65,41472.7,0
2026-02-10 09:45:00,41472.3,41521.2,41435.0,41453.95,0
2026-02-10 10:00:00,41454.3,41481.0,41403.2,41405.1,0
2026-02-10 10:15:00,41406.45,41441.8,41396.5,41417.4,0
2026-02-10 10:30:00,41418.2,41453.6,41387.5,41390.5,0
2026-02-10 10:45:00,41388.1,41401.85,41356.9,41373.35,0
2026-02-10 11:00:00,41373.9,41408.15,41371.5,41382.2,0
2026-02-10 11:15:00,41382.8,41396.65,41348.35,41359.8,0
2026-02-10 11:30:00,41360.2,41397.0,41359.85,41396.2,0
2026-02-10 11:45:00,41395.95,41444.95,41388.05,41440.9,0
2026-02-10 12:00:00,41441.15,41456.6,41424.9,41456.3,0
2026-02-10 12:15:00,41456.2,41479.15,41454.5,41462.1,0
2026-02-10 12:30:00,41462.1,41487.05,41454.05,41472.95,0
2026-02-10 12:45:00,41471.85,41546.85,41465.0,41539.05,0
2026-02-10 13:00:00,41539.05,41541.3,41470.6,41501.55,0
2026-02-10 13:15:00,41501.95,41502.75,41440.6,41454.35,0
2026-02-10 13:30:00,41453.5,41454.0,41394.2,41436.3,0
2026-02-10 13:45:00,41436.3,41458.2,41413.05,41421.7,0
2026-02-10 14:00:00,41423.15,41436.8,41370.35,41429.2,0
2026-02-10 14:15:00,41430.95,41486.25,41429.25,41460.55,0
2026-02-10 14:30:00,41459.95,41490.0,41429.7,41448.75,0
2026-02-10 14:45:00,41448.3,41496.6,41447.2,41492.4,0
2026-02-10 15:00:00,41492.4,41523.75,41470.45,41475.35,0
2026-02-10 15:15:00,41475.35,41480.7,41438.2,41454.5,0
2026-02-11 09:15:00,41653.35,41715.1,41492.05,41628.4,0
2026-02-11 09:30:00,41628.4,41641.25,41522.2,41570.9,0
2026-02-11 09:45:00,41570.9,41640.2,41548.25,41598.75,0
2026-02-11 10:00:00,41598.75,41600.85,41514.5,41540.25,0
2026-02-11 10:15:00,41540.25,41634.85,41529.75,41620.2,0
2026-02-11 10:30:00,41620.2,41665.3,41618.9,41641.75,0
2026-02-11 10:45:00,41641.4,41666.9,41606.9,41620.0,0
2026-02-11 11:00:00,41620.15,41646.7,41561.6,41593.2,0
2026-02-11 11:15:00,41593.2,41609.9,41554.7,41561.25,0
2026-02-11 11:30:00,41561.25,41614.75,41559.8,41564.65,0
2026-02-11 11:45:00,41564.65,41592.5,41553.7,41558.4,0
2026-02-11 12:00:00,41558.7,41569.25,41515.65,41553.55,0
2026-02-11 12:15:00,41553.3,41557.15,41493.45,41515.75,0
2026-02-11 12:30:00,41517.2,41535.2,41473.75,41492.8,0
2026-02-11 12:45:00,41492.8,41564.85,41473.0,41558.1,0
2026-02-11 13:00:00,41558.1,41559.05,41504.4,41513.25,0
2026-02-11 13:15:00,41513.5,41570.0,41509.05,41566.45,0
2026-02-11 13:30:00,41567.5,41578.45,41543.75,41567.65,0
2026-02-11 13:45:00,41568.9,41583.25,41519.1,41521.4,0
2026-02-11 14:00:00,41521.4,41588.15,41514.1,41588.15,0
2026-02-11 14:15:00,41588.15,41592.35,41524.9,41547.95,0
2026-02-11 14:30:00,41547.95,41561.95,41516.2,41535.7,0
2026-02-11 14:45:00,41535.7,41569.95,41524.55,41548.2,0
2026-02-11 15:00:00,41548.2,41605.75,41548.2,41565.55,0
2026-02-11 15:15:00,41567.45,41591.75,41535.15,41554.15,0
2026-02-12 09:15:00,41588.85,41588.85,41378.0,41387.3,0
2026-02-12 09:30:00,41387.3,41501.7,41377.2,41501.7,0
2026-02-12 09:45:00,41501.6,41581.5,41458.55,41546.75,0
2026-02-12 10:00:00,41545.55,41552.7,41473.7,41524.45,0
2026-02-12 10:15:00,41529.1,41596.8,41502.0,41529.95,0
2026-02-12 10:30:00,41529.75,41585.5,41523.45,41532.85,0
2026-02-12 10:45:00,41532.75,41563.55,41516.0,41543.1,0
2026-02-12 11:00:00,41541.5,41574.4,41531.35,41556.45,0
2026-02-12 11:15:00,41556.45,41570.95,41522.65,41561.4,0
2026-02-12 11:30:00,41561.4,41569.5,41516.05,41561.3,0
2026-02-12 11:45:00,41562.2,41577.7,41509.15,41525.35,0
2026-02-12 12:00:00,41525.6,41548.55,41504.5,41534.4,0
2026-02-12 12:15:00,41534.1,41577.85,41534.1,41577.2,0
2026-02-12 12:30:00,41576.9,41608.55,41576.6,41596.15,0
2026-02-12 12:45:00,41596.15,41649.35,41592.65,41636.4,0
2026-02-12 13:00:00,41638.75,41650.75,41577.2,41586.55,0
2026-02-12 13:15:00,41585.0,41673.15,41584.05,41653.65,0
2026-02-12 13:30:00,41653.8,41692.4,41646.4,41668.75,0
2026-02-12 13:45:00,41669.9,41674.8,41598.9,41655.9,0
2026-02-12 14:00:00,41657.05,41660.25,41630.0,41651.15,0
2026-02-12 14:15:00,41649.7,41681.65,41628.45,41667.05,0
2026-02-12 14:30:00,41668.05,41670.55,41619.0,41620.8,0
2026-02-12 14:45:00,41621.55,41656.5,41536.7,41648.8,0
2026-02-12 15:00:00,41648.8,41722.3,41648.8,41687.7,0
2026-02-12 15:15:00,41687.7,41706.8,41672.2,41685.85,0
2026-02-13 09:15:00,41253.75,41294.0,41033.3,41043.15,0
2026-02-13 09:30:00,41042.25,41046.15,40855.95,40968.2,0
2026-02-13 09:45:00,40968.75,40991.1,40882.4,40913.95,0
2026-02-13 10:00:00,40913.95,40935.6,40852.05,40874.0,0
2026-02-13 10:15:00,40874.0,40955.75,40823.85,40934.45,0
2026-02-13 10:30:00,40934.45,41113.05,40932.1,41070.65,0
2026-02-13 10:45:00,41070.65,41071.0,41016.6,41020.45,0
2026-02-13 11:00:00,41020.45,41020.7,40925.45,40965.75,0
2026-02-13 11:15:00,40966.35,40982.35,40898.1,40945.85,0
2026-02-13 11:30:00,40947.9,40959.9,40902.2,40959.9,0
2026-02-13 11:45:00,40960.2,41030.75,40957.35,41019.75,0
2026-02-13 12:00:00,41019.75,41076.65,41012.7,41056.15,0
2026-02-13 12:15:00,41055.4,41129.65,41028.7,41095.25,0
2026-02-13 12:30:00,41097.1,41131.3,41081.4,41093.05,0
2026-02-13 12:45:00,41091.55,41110.2,41005.8,41007.5,0
2026-02-13 13:00:00,41007.5,41074.95,40996.6,41061.85,0
2026-02-13 13:15:00,41062.1,41079.75,40989.1,41009.8,0
2026-02-13 13:30:00,41009.8,41047.8,40987.35,41033.3,0
2026-02-13 13:45:00,41033.55,41033.55,40955.95,41008.0,0
2026-02-13 14:00:00,41009.45,41050.2,40979.3,41035.3,0
2026-02-13 14:15:00,41035.3,41046.45,40976.75,40997.95,0
2026-02-13 14:30:00,40997.95,41005.7,40946.85,40959.75,0
2026-02-13 14:45:00,40959.75,40971.0,40917.1,40963.65,0
2026-02-13 15:00:00,40963.65,40970.75,40817.7,40846.5,0
2026-02-13 15:15:00,40847.6,40862.45,40786.05,40845.2,0
2026-02-16 09:15:00,40506.4,40565.85,40277.45,40548.95,0
2026-02-16 09:30:00,40548.15,40696.05,40514.7,40519.25,0
2026-02-16 09:45:00,40519.25,40635.85,40480.45,40634.95,0
2026-02-16 10:00:00,40634.55,40740.9,40634.55,40725.2,0
2026-02-16 10:15:00,40725.2,40748.4,40665.9,40683.55,0
2026-02-16 10:30:00,40685.1,40749.5,40680.5,40744.15,0
2026-02-16 10:45:00,40741.8,40780.35,40719.55,40744.45,0
2026-02-16 11:00:00,40743.95,40786.15,40721.7,40779.6,0
2026-02-16 11:15:00,40780.6,40835.1,40761.25,40761.25,0
2026-02-16 11:30:00,40761.25,40767.65,40715.85,40725.05,0
2026-02-16 11:45:00,40725.05,40725.35,40668.55,40717.05,0
2026-02-16 12:00:00,40717.55,40731.0,40688.3,40704.4,0
2026-02-16 12:15:00,40703.7,40751.25,40679.15,40718.4,0
2026-02-16 12:30:00,40718.4,40792.7,40718.4,40728.55,0
2026-02-16 12:45:00,40728.3,40739.9,40667.7,40682.7,0
2026-02-16 13:00:00,40682.25,40753.1,40681.2,40732.05,0
2026-02-16 13:15:00,40731.5,40755.65,40728.3,40755.3,0
2026-02-16 13:30:00,40754.45,40759.4,40715.4,40753.35,0
2026-02-16 13:45:00,40753.7,40768.2,40719.95,40729.55,0
2026-02-16 14:00:00,40729.45,40752.4,40702.05,40726.45,0
2026-02-16 14:15:00,40726.45,40731.4,40697.7,40728.25,0
2026-02-16 14:30:00,40730.05,40814.8,40729.55,40809.95,0
2026-02-16 14:45:00,40811.85,40827.55,40769.6,40827.55,0
2026-02-16 15:00:00,40828.25,40862.9,40821.45,40850.9,0
2026-02-16 15:15:00,40850.9,40854.7,40824.05,40839.15,0
2026-02-17 09:15:00,40826.8,40855.25,40705.5,40828.4,0
2026-02-17 09:30:00,40828.4,40855.3,40769.55,40852.9,0
2026-02-17 09:45:00,40852.9,40864.0,40817.95,40817.95,0
2026-02-17 10:00:00,40817.55,40887.3,40797.9,40868.2,0
2026-02-17 10:15:00,40868.2,40943.3,40837.3,40940.5,0
2026-02-17 10:30:00,40940.5,40966.4,40846.5,40846.5,0
2026-02-17 10:45:00,40846.5,40869.9,40807.95,40864.85,0
2026-02-17 11:00:00,40865.7,40873.55,40821.6,40845.15,0
2026-02-17 11:15:00,40844.05,40877.55,40833.85,40856.9,0
2026-02-17 11:30:00,40856.6,40914.1,40856.45,40874.85,0
2026-02-17 11:45:00,40874.75,40898.45,40870.45,40876.6,0
2026-02-17 12:00:00,40876.6,40893.15,40849.8,40874.95,0
2026-02-17 12:15:00,40874.3,40938.35,40873.75,40921.5,0
2026-02-17 12:30:00,40922.0,40932.1,40893.85,40924.0,0
2026-02-17 12:45:00,40925.5,40971.25,40907.7,40909.7,0
2026-02-17 13:00:00,40909.05,40970.95,40887.6,40937.15,0
2026-02-17 13:15:00,40935.1,40961.3,40931.05,40957.05,0
2026-02-17 13:30:00,40957.05,40982.8,40944.6,40971.95,0
2026-02-17 13:45:00,40972.5,40974.8,40896.6,40898.9,0
2026-02-17 14:00:00,40898.9,40973.95,40869.5,40873.0,0
2026-02-17 14:15:00,40873.0,40921.2,40859.95,40860.65,0
2026-02-17 14:30:00,40860.65,40945.95,40847.05,40916.0,0
2026-02-17 14:45:00,40916.0,40970.3,40912.45,40966.05,0
2026-02-17 15:00:00,40966.05,41019.45,40965.4,40987.95,0
2026-02-17 15:15:00,40987.4,40993.6,40966.75,40978.75,0
2026-02-18 09:15:00,41061.5,41243.9,41024.25,41223.95,0
2026-02-18 09:30:00,41224.05,41239.95,41155.65,41171.35,0
2026-02-18 09:45:00,41171.35,41176.55,41033.8,41042.95,0
2026-02-18 10:00:00,41046.45,41090.85,41018.4,41077.9,0
2026-02-18 10:15:00,41079.45,41091.5,41014.05,41053.75,0
2026-02-18 10:30:00,41053.65,41092.15,41033.95,41034.7,0
2026-02-18 10:45:00,41034.7,41125.3,41024.5,41116.95,0
2026-02-18 11:00:00,41116.95,41123.7,41072.0,41081.1,0
2026-02-18 11:15:00,41081.1,41084.6,41040.0,41064.9,0
2026-02-18 11:30:00,41064.9,41087.25,41028.1,41051.05,0
2026-02-18 11:45:00,41051.05,41067.0,41034.05,41065.45,0
2026-02-18 12:00:00,41066.45,41117.5,41066.45,41110.8,0
2026-02-18 12:15:00,41109.2,41143.5,41095.5,41111.65,0
2026-02-18 12:30:00,41113.35,41147.2,41108.25,41119.75,0
2026-02-18 12:45:00,41119.75,41142.1,41108.3,41137.55,0
2026-02-18 13:00:00,41138.75,41171.6,41136.6,41169.3,0
2026-02-18 13:15:00,41168.25,41180.8,41154.15,41159.45,0
2026-02-18 13:30:00,41159.05,41195.35,41158.85,41193.0,0
2026-02-18 13:45:00,41193.0,41213.8,41133.5,41184.6,0
2026-02-18 14:00:00,41184.6,41228.4,41164.1,41218.05,0
2026-02-18 14:15:00,41218.85,41238.9,41194.65,41197.95,0
2026-02-18 14:30:00,41197.95,41213.65,41171.4,41183.0,0
2026-02-18 14:45:00,41180.6,41250.5,41167.5,41236.05,0
2026-02-18 15:00:00,41236.05,41304.9,41236.05,41266.95,0
2026-02-18 15:15:00,41266.95,41279.25,41223.8,41235.8,0
2026-02-19 09:15:00,41352.15,41419.5,41275.75,41292.3,0
2026-02-19 09:30:00,41290.4,41315.0,41207.5,41214.75,0
2026-02-19 09:45:00,41214.75,41276.45,41176.85,41179.7,0
2026-02-19 10:00:00,41178.8,41194.8,41069.65,41074.4,0
2026-02-19 10:15:00,41075.95,41092.95,41039.65,41066.6,0
2026-02-19 10:30:00,41065.95,41083.15,40993.55,41035.55,0
2026-02-19 10:45:00,41033.85,41049.65,41004.85,41046.1,0
2026-02-19 11:00:00,41046.1,41051.6,40971.4,40976.05,0
2026-02-19 11:15:00,40975.85,40978.3,40927.75,40954.7,0
2026-02-19 11:30:00,40955.15,40966.35,40924.95,40957.0,0
2026-02-19 11:45:00,40957.0,40957.0,40900.25,40920.4,0
2026-02-19 12:00:00,40920.4,40921.5,40804.1,40807.2,0
2026-02-19 12:15:00,40807.2,40875.55,40796.25,40862.95,0
2026-02-19 12:30:00,40862.95,40869.15,40782.4,40809.45,0
2026-02-19 12:45:00,40808.5,40878.55,40787.85,40866.85,0
2026-02-19 13:00:00,40866.3,40911.75,40851.85,40907.1,0
2026-02-19 13:15:00,40907.7,40907.7,40852.45,40869.25,0
2026-02-19 13:30:00,40869.25,40871.45,40797.95,40806.9,0
2026-02-19 13:45:00,40806.65,40813.65,40740.0,40744.1,0
2026-02-19 14:00:00,40741.2,40757.55,40698.1,40741.95,0
2026-02-19 14:15:00,40742.6,40782.4,40685.55,40688.75,0
2026-02-19 14:30:00,40688.55,40750.45,40657.1,40661.4,0
2026-02-19 14:45:00,40661.4,40745.75,40645.2,40727.55,0
2026-02-19 15:00:00,40727.55,40727.55,40504.6,40509.2,0
2026-02-19 15:15:00,40506.25,40508.6,40389.7,40443.2,0
2026-02-20 09:15:00,40448.6,40609.65,40386.1,40389.8,0
2026-02-20 09:30:00,40389.65,40627.8,40382.45,40619.4,0
2026-02-20 09:45:00,40619.4,40698.85,40604.9,40662.7,0
2026-02-20 10:00:00,40663.85,40670.55,40520.3,40541.85,0
2026-02-20 10:15:00,40541.65,40691.3,40538.8,40671.25,0
2026-02-20 10:30:00,40672.35,40735.3,40667.45,40716.5,0
2026-02-20 10:45:00,40716.5,40756.85,40689.45,40733.25,0
2026-02-20 11:00:00,40733.25,40739.7,40677.3,40689.4,0
2026-02-20 11:15:00,40689.4,40744.4,40689.4,40736.3,0
2026-02-20 11:30:00,40735.45,40768.3,40725.5,40735.45,0
2026-02-20 11:45:00,40735.45,40769.05,40688.1,40723.35,0
2026-02-20 12:00:00,40722.25,40759.55,40695.05,40754.9,0
2026-02-20 12:15:00,40755.0,40851.45,40738.45,40821.1,0
2026-02-20 12:30:00,40821.4,40843.35,40778.65,40780.35,0
2026-02-20 12:45:00,40780.35,40796.05,40714.6,40754.95,0
2026-02-20 13:00:00,40754.95,40775.15,40648.05,40682.1,0
2026-02-20 13:15:00,40682.1,40730.15,40647.0,40726.65,0
2026-02-20 13:30:00,40725.6,40791.5,40725.0,40775.45,0
2026-02-20 13:45:00,40775.45,40836.1,40770.8,40832.65,0
2026-02-20 14:00:00,40832.5,40874.05,40810.0,40844.55,0
2026-02-20 14:15:00,40844.95,40856.05,40782.35,40783.0,0
2026-02-20 14:30:00,40782.45,40825.15,40770.7,40812.0,0
2026-02-20 14:45:00,40812.0,40853.25,40777.7,40833.65,0
2026-02-20 15:00:00,40833.65,40849.1,40731.25,40748.85,0
2026-02-20 15:15:00,40748.75,40754.9,40686.4,40711.85,0
2026-02-23 09:15:00,41024.3,41101.75,40877.75,41086.25,0
2026-02-23 09:30:00,41088.5,41117.25,41033.7,41047.35,0
2026-02-23 09:45:00,41046.5,41077.6,40984.35,41011.95,0
2026-02-23 10:00:00,41009.45,41039.05,40953.5,40978.35,0
2026-02-23 10:15:00,40978.8,40989.85,40931.1,40946.4,0
2026-02-23 10:30:00,40946.4,40956.55,40815.35,40847.7,0
2026-02-23 10:45:00,40846.75,40869.85,40791.1,40853.75,0
2026-02-23 11:00:00,40852.35,40887.7,40804.55,40873.3,0
2026-02-23 11:15:00,40873.3,40877.15,40811.85,40840.15,0
2026-02-23 11:30:00,40839.65,40850.65,40801.05,40839.1,0
2026-02-23 11:45:00,40839.45,40840.05,40757.85,40802.0,0
2026-02-23 12:00:00,40802.0,40849.55,40799.4,40844.3,0
2026-02-23 12:15:00,40844.2,40881.9,40826.0,40857.5,0
2026-02-23 12:30:00,40857.75,40863.35,40817.15,40862.4,0
2026-02-23 12:45:00,40861.8,40874.8,40798.15,40841.2,0
2026-02-23 13:00:00,40841.1,40854.4,40815.0,40825.25,0
2026-02-23 13:15:00,40823.1,40870.45,40806.5,40870.05,0
2026-02-23 13:30:00,40870.0,40883.3,40827.7,40862.45,0
2026-02-23 13:45:00,40862.45,40872.1,40814.65,40815.5,0
2026-02-23 14:00:00,40814.4,40818.7,40745.95,40767.35,0
2026-02-23 14:15:00,40767.35,40777.95,40728.8,40775.1,0
2026-02-23 14:30:00,40775.55,40836.45,40748.35,40761.3,0
2026-02-23 14:45:00,40760.05,40835.8,40753.25,40812.55,0
2026-02-23 15:00:00,40812.55,40934.5,40812.55,40899.55,0
2026-02-23 15:15:00,40901.2,40909.75,40875.65,40890.55,0
2026-02-24 09:15:00,40728.2,40737.75,40638.65,40655.0,0
2026-02-24 09:30:00,40655.0,40660.05,40585.5,40622.05,0
2026-02-24 09:45:00,40622.05,40723.05,40614.9,40697.45,0
2026-02-24 10:00:00,40697.45,40748.95,40673.65,40678.75,0
2026-02-24 10:15:00,40678.85,40728.15,40645.25,40707.05,0
2026-02-24 10:30:00,40704.05,40757.6,40697.0,40727.4,0
2026-02-24 10:45:00,40727.4,40728.7,40628.2,40648.0,0
2026-02-24 11:00:00,40648.0,40708.95,40644.9,40691.5,0
2026-02-24 11:15:00,40691.5,40695.15,40665.7,40691.4,0
2026-02-24 11:30:00,40691.4,40699.75,40640.2,40640.8,0
2026-02-24 11:45:00,40640.8,40641.65,40574.25,40576.35,0
2026-02-24 12:00:00,40575.8,40581.7,40543.55,40563.05,0
2026-02-24 12:15:00,40563.05,40563.05,40502.65,40516.5,0
2026-02-24 12:30:00,40517.15,40541.9,40500.75,40501.5,0
2026-02-24 12:45:00,40501.5,40502.65,40469.45,40482.65,0
2026-02-24 13:00:00,40482.65,40541.1,40465.05,40531.85,0
2026-02-24 13:15:00,40531.85,40533.95,40469.75,40469.75,0
2026-02-24 13:30:00,40468.55,40470.2,40385.85,40436.75,0
2026-02-24 13:45:00,40436.5,40555.9,40425.4,40554.55,0
2026-02-24 14:00:00,40554.55,40585.35,40496.55,40583.0,0
2026-02-24 14:15:00,40581.8,40607.05,40553.95,40569.8,0
2026-02-24 14:30:00,40569.8,40581.45,40536.55,40539.1,0
2026-02-24 14:45:00,40539.1,40623.95,40526.2,40619.0,0
2026-02-24 15:00:00,40619.0,40657.45,40611.2,40652.1,0
2026-02-24 15:15:00,40653.95,40742.15,40646.95,40730.45,0
2026-02-25 09:15:00,40822.1,40913.0,40788.05,40874.95,0
2026-02-25 09:30:00,40875.95,40928.75,40853.25,40887.7,0
2026-02-25 09:45:00,40888.75,40949.95,40887.0,40946.4,0
2026-02-25 10:00:00,40947.6,41005.9,40928.85,40996.85,0
2026-02-25 10:15:00,40996.65,41045.4,40996.15,41004.65,0
2026-02-25 10:30:00,41004.65,41032.05,40999.15,41003.55,0
2026-02-25 10:45:00,41003.55,41024.85,40973.55,41010.75,0
2026-02-25 11:00:00,41010.75,41107.35,41010.35,41103.05,0
2026-02-25 11:15:00,41103.05,41110.7,41055.8,41088.2,0
2026-02-25 11:30:00,41088.2,41145.7,41079.9,41118.15,0
2026-02-25 11:45:00,41118.15,41185.35,41117.35,41161.25,0
2026-02-25 12:00:00,41161.25,41197.75,41158.6,41177.65,0
2026-02-25 12:15:00,41177.65,41198.75,41145.65,41152.5,0
2026-02-25 12:30:00,41152.5,41178.0,40987.55,40988.6,0
2026-02-25 12:45:00,40988.6,40991.85,40880.85,40882.05,0
2026-02-25 13:00:00,40882.05,40920.65,40827.25,40893.05,0
2026-02-25 13:15:00,40893.1,40927.05,40868.8,40898.75,0
2026-02-25 13:30:00,40898.75,40949.0,40898.75,40940.0,0
2026-02-25 13:45:00,40940.0,40961.6,40918.05,40950.4,0
2026-02-25 14:00:00,40950.4,40950.5,40887.4,40925.6,0
2026-02-25 14:15:00,40925.6,40977.1,40923.2,40938.25,0
2026-02-25 14:30:00,40936.65,40979.75,40923.0,40949.05,0
2026-02-25 14:45:00,40948.0,40985.95,40905.25,40984.75,0
2026-02-25 15:00:00,40988.6,41090.7,40988.6,41055.5,0
2026-02-25 15:15:00,41055.5,41079.2,41037.7,41054.65,0
2026-02-26 09:15:00,41146.25,41205.05,41024.85,41074.8,0
2026-02-26 09:30:00,41074.8,41142.75,41005.25,41142.1,0
2026-02-26 09:45:00,41142.1,41171.3,41102.7,41131.1,0
2026-02-26 10:00:00,41133.25,41199.6,41108.2,41182.15,0
2026-02-26 10:15:00,41184.75,41192.0,41138.85,41147.7,0
2026-02-26 10:30:00,41147.7,41160.05,41129.9,41158.0,0
2026-02-26 10:45:00,41159.85,41175.2,41088.25,41099.4,0
2026-02-26 11:00:00,41099.4,41099.4,41061.55,41083.3,0
2026-02-26 11:15:00,41083.6,41154.15,41081.35,41118.0,0
2026-02-26 11:30:00,41119.95,41120.05,41005.0,41005.0,0
2026-02-26 11:45:00,41007.7,41050.05,40988.25,41011.25,0
2026-02-26 12:00:00,41012.45,41034.95,40974.15,40984.2,0
2026-02-26 12:15:00,40984.2,40997.8,40930.2,40935.8,0
2026-02-26 12:30:00,40936.25,40979.1,40908.7,40974.35,0
2026-02-26 12:45:00,40977.15,40979.0,40921.75,40930.45,0
2026-02-26 13:00:00,40931.0,40971.95,40927.65,40939.75,0
2026-02-26 13:15:00,40941.95,40984.55,40898.6,40967.45,0
2026-02-26 13:30:00,40968.55,41013.95,40948.65,40999.85,0
2026-02-26 13:45:00,41000.95,41006.65,40939.9,40953.95,0
2026-02-26 14:00:00,40953.95,41009.4,40937.5,41001.25,0
2026-02-26 14:15:00,41001.25,41019.6,40950.45,40983.1,0
2026-02-26 14:30:00,40983.1,41090.3,40980.25,41088.35,0
2026-02-26 14:45:00,41088.35,41120.35,41074.3,41118.35,0
2026-02-26 15:00:00,41118.5,41185.15,41118.5,41140.85,0
2026-02-26 15:15:00,41143.3,41163.95,41097.7,41104.75,0
2026-02-27 09:15:00,41072.7,41086.75,40867.85,40867.85,0
2026-02-27 09:30:00,40871.2,40900.35,40811.55,40812.85,0
2026-02-27 09:45:00,40812.65,40815.3,40677.1,40680.35,0
2026-02-27 10:00:00,40680.2,40684.75,40639.4,40659.55,0
2026-02-27 10:15:00,40659.05,40695.3,40608.15,40690.8,0
2026-02-27 10:30:00,40691.4,40743.55,40670.6,40674.85,0
2026-02-27 10:45:00,40676.45,40681.75,40617.45,40618.7,0
2026-02-27 11:00:00,40619.05,40703.8,40616.75,40701.0,0
2026-02-27 11:15:00,40701.3,40711.25,40633.25,40640.15,0
2026-02-27 11:30:00,40640.15,40682.75,40599.85,40681.45,0
2026-02-27 11:45:00,40681.4,40715.5,40681.15,40704.45,0
2026-02-27 12:00:00,40704.75,40715.5,40647.25,40648.7,0
2026-02-27 12:15:00,40648.7,40710.95,40646.5,40692.6,0
2026-02-27 12:30:00,40692.45,40692.85,40659.75,40667.95,0
2026-02-27 12:45:00,40669.1,40698.25,40629.8,40670.6,0
2026-02-27 13:00:00,40671.65,40696.65,40666.9,40675.8,0
2026-02-27 13:15:00,40679.1,40696.35,40653.4,40696.35,0
2026-02-27 13:30:00,40696.75,40712.3,40678.15,40684.4,0
2026-02-27 13:45:00,40683.1,40736.7,40680.6,40735.95,0
2026-02-27 14:00:00,40735.35,40766.8,40717.75,40726.9,0
2026-02-27 14:15:00,40728.3,40737.6,40672.65,40678.45,0
2026-02-27 14:30:00,40678.9,40714.1,40671.1,40699.65,0
2026-02-27 14:45:00,40702.6,40756.3,40678.8,40744.6,0
2026-02-27 15:00:00,40724.05,40724.05,40412.15,40453.95,0
2026-02-27 15:15:00,40454.05,40485.35,40432.1,40460.85,0
2026-03-02 09:15:00,39338.05,40302.6,39332.4,40200.1,0
2026-03-02 09:30:00,40202.3,40390.25,40199.65,40371.6,0
2026-03-02 09:45:00,40369.9,40459.4,40322.7,40408.15,0
2026-03-02 10:00:00,40409.35,40428.5,40276.35,40303.15,0
2026-03-02 10:15:00,40303.15,40313.85,40211.0,40213.05,0
2026-03-02 10:30:00,40210.65,40265.45,40149.65,40149.65,0
2026-03-02 10:45:00,40151.75,40196.1,40099.55,40190.2,0
2026-03-02 11:00:00,40188.5,40226.6,40162.55,40187.75,0
2026-03-02 11:15:00,40187.9,40194.8,40077.2,40086.6,0
2026-03-02 11:30:00,40088.5,40091.25,40043.95,40071.1,0
2026-03-02 11:45:00,40070.15,40098.45,39964.0,39964.25,0
2026-03-02 12:00:00,39964.0,39964.0,39901.8,39903.25,0
2026-03-02 12:15:00,39902.8,39906.75,39818.65,39837.25,0
2026-03-02 12:30:00,39838.2,39858.1,39775.25,39778.95,0
2026-03-02 12:45:00,39775.85,39822.35,39763.15,39776.2,0
2026-03-02 13:00:00,39776.8,39786.45,39749.65,39759.4,0
2026-03-02 13:15:00,39759.4,39784.25,39712.6,39722.0,0
2026-03-02 13:30:00,39720.75,39735.3,39677.7,39716.9,0
2026-03-02 13:45:00,39716.5,39726.95,39582.85,39602.5,0
2026-03-02 14:00:00,39607.45,40025.15,39582.85,40021.1,0
2026-03-02 14:15:00,40020.4,40038.4,39911.35,39915.65,0
2026-03-02 14:30:00,39914.4,40113.5,39870.8,40107.6,0
2026-03-02 14:45:00,40110.3,40126.0,39972.3,39979.1,0
2026-03-02 15:00:00,40006.2,40056.3,39970.4,40055.95,0
2026-03-02 15:15:00,40057.4,40063.95,39994.95,40016.4,0
2026-03-04 09:15:00,39464.1,39505.8,39130.2,39225.75,0
2026-03-04 09:30:00,39226.9,39333.35,39145.15,39306.35,0
2026-03-04 09:45:00,39308.3,39337.15,39119.4,39132.4,0
2026-03-04 10:00:00,39132.4,39305.1,39084.65,39305.1,0
2026-03-04 10:15:00,39302.15,39302.15,39196.15,39201.9,0
2026-03-04 10:30:00,39201.9,39220.45,39082.65,39098.25,0
2026-03-04 10:45:00,39098.25,39167.1,39073.2,39086.2,0
2026-03-04 11:00:00,39086.35,39197.15,39068.3,39120.5,0
2026-03-04 11:15:00,39120.5,39121.9,39019.85,39019.85,0
2026-03-04 11:30:00,39021.4,39038.3,38984.0,38984.0,0
2026-03-04 11:45:00,38985.45,39076.4,38972.95,39032.4,0
2026-03-04 12:00:00,39032.15,39063.05,38970.9,38973.8,0
2026-03-04 12:15:00,38974.4,38981.75,38915.1,38927.5,0
2026-03-04 12:30:00,38927.5,38980.6,38909.8,38969.4,0
2026-03-04 12:45:00,38969.4,39040.65,38961.75,39015.25,0
2026-03-04 13:00:00,39015.0,39118.75,39015.0,39116.8,0
2026-03-04 13:15:00,39116.8,39208.35,39083.45,39141.5,0
2026-03-04 13:30:00,39139.2,39186.05,39127.05,39169.05,0
2026-03-04 13:45:00,39170.6,39176.3,39087.8,39137.95,0
2026-03-04 14:00:00,39136.0,39334.05,39129.05,39334.05,0
2026-03-04 14:15:00,39334.0,39390.75,39237.1,39237.15,0
2026-03-04 14:30:00,39237.15,39338.85,39196.7,39333.65,0
2026-03-04 14:45:00,39332.3,39398.75,39253.9,39344.3,0
2026-03-04 15:00:00,39344.5,39354.05,39161.9,39177.85,0
2026-03-04 15:15:00,39177.6,39213.15,39156.9,39190.3,0
2026-03-05 09:15:00,39540.3,39707.4,39507.3,39583.65,0
2026-03-05 09:30:00,39585.2,39599.5,39460.15,39531.05,0
2026-03-05 09:45:00,39533.55,39669.3,39533.55,39599.55,0
2026-03-05 10:00:00,39601.0,39644.15,39562.5,39562.5,0
2026-03-05 10:15:00,39562.5,39599.65,39497.15,39511.55,0
2026-03-05 10:30:00,39511.55,39602.4,39483.9,39588.55,0
2026-03-05 10:45:00,39588.55,39593.65,39523.95,39558.55,0
2026-03-05 11:00:00,39559.65,39569.55,39520.2,39538.45,0
2026-03-05 11:15:00,39538.45,39598.6,39509.4,39522.5,0
2026-03-05 11:30:00,39523.3,39548.15,39486.9,39489.4,0
2026-03-05 11:45:00,39489.4,39489.4,39410.2,39430.85,0
2026-03-05 12:00:00,39430.85,39549.8,39423.9,39549.8,0
2026-03-05 12:15:00,39549.25,39639.95,39530.05,39635.15,0
2026-03-05 12:30:00,39635.15,39673.75,39604.75,39632.45,0
2026-03-05 12:45:00,39632.5,39679.7,39589.65,39672.95,0
2026-03-05 13:00:00,39673.65,39710.1,39645.0,39703.15,0
2026-03-05 13:15:00,39703.15,39719.9,39631.55,39717.8,0
2026-03-05 13:30:00,39718.9,39751.9,39685.1,39708.4,0
2026-03-05 13:45:00,39708.4,39714.45,39610.05,39610.45,0
2026-03-05 14:00:00,39610.45,39621.75,39540.4,39550.4,0
2026-03-05 14:15:00,39549.65,39637.5,39518.25,39635.55,0
2026-03-05 14:30:00,39635.55,39847.35,39580.65,39824.35,0
2026-03-05 14:45:00,39824.35,40027.4,39817.45,39955.25,0
2026-03-05 15:00:00,39954.35,39970.95,39779.0,39781.95,0
2026-03-05 15:15:00,39786.9,39894.3,39786.8,39894.3,0
2026-03-06 09:15:00,39787.95,40046.8,39667.9,40034.15,0
2026-03-06 09:30:00,40034.15,40034.15,39909.95,39972.5,0
2026-03-06 09:45:00,39972.5,40005.45,39900.55,39911.9,0
2026-03-06 10:00:00,39913.0,39943.45,39861.65,39914.35,0
2026-03-06 10:15:00,39914.35,39977.1,39910.9,39944.7,0
2026-03-06 10:30:00,39944.3,39946.65,39877.3,39920.1,0
2026-03-06 10:45:00,39920.1,39934.0,39810.35,39839.6,0
2026-03-06 11:00:00,39839.6,39939.95,39839.6,39869.4,0
2026-03-06 11:15:00,39869.4,39902.5,39858.9,39902.2,0
2026-03-06 11:30:00,39902.2,39982.45,39878.05,39925.2,0
2026-03-06 11:45:00,39924.85,39981.3,39907.35,39941.7,0
2026-03-06 12:00:00,39941.7,39950.8,39903.4,39912.95,0
2026-03-06 12:15:00,39913.2,39942.6,39878.9,39880.45,0
2026-03-06 12:30:00,39879.3,39920.9,39879.15,39916.65,0
2026-03-06 12:45:00,39916.65,39933.25,39881.25,39913.55,0
2026-03-06 13:00:00,39913.55,39939.8,39886.2,39910.15,0
2026-03-06 13:15:00,39910.15,39953.95,39907.3,39926.75,0
2026-03-06 13:30:00,39926.75,39929.15,39857.25,39897.15,0
2026-03-06 13:45:00,39897.6,39943.6,39854.4,39874.05,0
2026-03-06 14:00:00,39874.05,39929.0,39860.35,39914.6,0
2026-03-06 14:15:00,39914.6,39984.4,39911.0,39963.2,0
2026-03-06 14:30:00,39963.2,39976.75,39830.15,39846.45,0
2026-03-06 14:45:00,39845.05,39864.35,39707.25,39711.25,0
2026-03-06 15:00:00,39708.15,39722.3,39651.5,39699.25,0
2026-03-06 15:15:00,39699.3,39755.6,39668.95,39752.9,0
2026-03-09 09:15:00,38961.05,38972.05,38376.1,38466.45,0
2026-03-09 09:30:00,38465.05,38691.35,38464.45,38609.55,0
2026-03-09 09:45:00,38610.75,38730.0,38536.35,38709.0,0
2026-03-09 10:00:00,38703.25,38798.15,38645.35,38754.45,0
2026-03-09 10:15:00,38754.45,38765.4,38659.3,38689.55,0
2026-03-09 10:30:00,38689.55,38689.95,38553.8,38578.4,0
2026-03-09 10:45:00,38578.4,38788.85,38487.95,38763.65,0
2026-03-09 11:00:00,38768.2,38787.05,38672.5,38703.7,0
2026-03-09 11:15:00,38704.25,38843.05,38665.75,38831.9,0
2026-03-09 11:30:00,38831.2,38932.35,38815.45,38889.95,0
2026-03-09 11:45:00,38889.55,38898.0,38847.85,38855.4,0
2026-03-09 12:00:00,38855.2,38856.95,38753.05,38816.25,0
2026-03-09 12:15:00,38815.5,38851.3,38784.45,38849.6,0
2026-03-09 12:30:00,38850.55,38901.55,38814.1,38891.4,0
2026-03-09 12:45:00,38890.55,38915.9,38818.25,38889.7,0
2026-03-09 13:00:00,38890.0,38891.2,38788.05,38804.0,0
2026-03-09 13:15:00,38804.25,38876.65,38792.5,38845.95,0
2026-03-09 13:30:00,38845.95,38936.8,38841.85,38905.05,0
2026-03-09 13:45:00,38904.65,38904.65,38832.95,38841.65,0
2026-03-09 14:00:00,38841.65,38878.15,38818.3,38819.0,0
2026-03-09 14:15:00,38819.8,38874.6,38779.7,38854.0,0
2026-03-09 14:30:00,38853.35,38945.85,38834.8,38934.65,0
2026-03-09 14:45:00,38935.6,39061.45,38931.7,39040.05,0
2026-03-09 15:00:00,39043.8,39115.3,38976.55,39063.0,0
2026-03-09 15:15:00,39062.1,39083.75,39016.6,39047.5,0
2026-03-10 09:15:00,39628.2,39719.75,39501.3,39538.55,0
2026-03-10 09:30:00,39534.65,39539.85,39327.3,39471.95,0
2026-03-10 09:45:00,39467.8,39467.8,39312.95,39324.25,0
2026-03-10 10:00:00,39324.25,39417.2,39319.05,39407.1,0
2026-03-10 10:15:00,39408.85,39480.2,39387.05,39447.2,0
2026-03-10 10:30:00,39446.5,39527.4,39432.95,39526.35,0
2026-03-10 10:45:00,39527.5,39620.25,39524.0,39544.1,0
2026-03-10 11:00:00,39544.95,39655.6,39537.95,39655.05,0
2026-03-10 11:15:00,39654.5,39683.95,39621.35,39644.15,0
2026-03-10 11:30:00,39644.15,39664.35,39632.25,39657.35,0
2026-03-10 11:45:00,39657.35,39657.55,39581.15,39622.45,0
2026-03-10 12:00:00,39622.45,39642.55,39560.0,39560.2,0
2026-03-10 12:15:00,39559.65,39590.65,39520.9,39550.8,0
2026-03-10 12:30:00,39550.8,39592.45,39531.75,39582.05,0
2026-03-10 12:45:00,39582.05,39713.3,39577.0,39702.15,0
2026-03-10 13:00:00,39702.15,39738.1,39642.05,39657.3,0
2026-03-10 13:15:00,39657.3,39685.0,39622.65,39677.55,0
2026-03-10 13:30:00,39677.55,39787.65,39677.55,39754.6,0
2026-03-10 13:45:00,39754.6,39776.15,39729.55,39729.55,0
2026-03-10 14:00:00,39729.95,39811.6,39686.2,39807.5,0
2026-03-10 14:15:00,39806.85,39825.35,39728.8,39749.7,0
2026-03-10 14:30:00,39749.7,39762.6,39709.35,39757.35,0
2026-03-10 14:45:00,39757.35,39827.95,39714.3,39814.45,0
2026-03-10 15:00:00,39814.45,39860.9,39737.9,39805.35,0
2026-03-10 15:15:00,39805.6,39944.6,39804.5,39923.75,0
2026-03-11 09:15:00,39940.2,40075.95,39858.35,39969.8,0
2026-03-11 09:30:00,39965.75,39997.25,39889.55,39940.85,0
2026-03-11 09:45:00,39938.2,39957.95,39833.3,39837.35,0
2026-03-11 10:00:00,39837.35,39837.35,39756.7,39765.85,0
2026-03-11 10:15:00,39765.85,39791.85,39732.65,39766.05,0
2026-03-11 10:30:00,39766.05,39806.7,39643.2,39648.1,0
2026-03-11 10:45:00,39651.05,39688.3,39604.25,39683.5,0
2026-03-11 11:00:00,39683.5,39704.4,39549.75,39569.75,0
2026-03-11 11:15:00,39570.15,39571.05,39501.2,39549.8,0
2026-03-11 11:30:00,39549.2,39551.4,39471.4,39523.2,0
2026-03-11 11:45:00,39523.45,39534.8,39422.7,39446.75,0
2026-03-11 12:00:00,39446.75,39522.5,39427.65,39486.7,0
2026-03-11 12:15:00,39486.15,39519.4,39448.65,39455.0,0
2026-03-11 12:30:00,39454.75,39484.0,39370.65,39458.45,0
2026-03-11 12:45:00,39457.7,39457.7,39406.7,39420.6,0
2026-03-11 13:00:00,39421.65,39429.45,39239.15,39263.65,0
2026-03-11 13:15:00,39263.65,39313.8,39216.95,39311.7,0
2026-03-11 13:30:00,39311.7,39351.25,39243.25,39246.95,0
2026-03-11 13:45:00,39246.95,39264.45,39216.45,39236.35,0
2026-03-11 14:00:00,39237.2,39243.15,39184.15,39203.9,0
2026-03-11 14:15:00,39203.9,39297.1,39121.5,39296.1,0
2026-03-11 14:30:00,39295.4,39300.25,39175.5,39180.1,0
2026-03-11 14:45:00,39179.15,39198.0,39105.3,39105.3,0
2026-03-11 15:00:00,39106.2,39197.0,39034.65,39039.85,0
2026-03-11 15:15:00,39039.85,39096.3,39028.6,39066.5,0
2026-03-12 09:15:00,38863.7,38878.8,38422.3,38571.2,0
2026-03-12 09:30:00,38568.5,38578.4,38502.25,38532.4,0
2026-03-12 09:45:00,38532.4,38727.95,38507.75,38711.6,0
2026-03-12 10:00:00,38714.2,38715.75,38485.5,38495.45,0
2026-03-12 10:15:00,38495.45,38607.85,38415.35,38585.4,0
2026-03-12 10:30:00,38585.4,38678.45,38525.6,38622.2,0
2026-03-12 10:45:00,38622.0,38718.2,38601.55,38713.9,0
2026-03-12 11:00:00,38713.3,38814.25,38713.3,38780.8,0
2026-03-12 11:15:00,38782.85,38831.1,38657.35,38714.7,0
2026-03-12 11:30:00,38714.7,38817.85,38676.45,38811.65,0
2026-03-12 11:45:00,38811.65,38865.65,38766.15,38860.35,0
2026-03-12 12:00:00,38859.6,38873.55,38766.9,38847.85,0
2026-03-12 12:15:00,38847.85,38885.3,38787.9,38846.95,0
2026-03-12 12:30:00,38845.85,38853.05,38748.45,38767.95,0
2026-03-12 12:45:00,38767.25,38812.65,38754.0,38807.55,0
2026-03-12 13:00:00,38804.25,38832.5,38719.8,38825.65,0
2026-03-12 13:15:00,38825.65,38937.85,38802.7,38937.85,0
2026-03-12 13:30:00,38937.0,39070.75,38937.0,39000.2,0
2026-03-12 13:45:00,39000.35,39016.55,38892.2,38896.45,0
2026-03-12 14:00:00,38895.35,38955.7,38837.4,38911.9,0
2026-03-12 14:15:00,38913.5,38941.3,38865.6,38865.6,0
2026-03-12 14:30:00,38863.75,38911.85,38800.55,38801.9,0
2026-03-12 14:45:00,38800.25,38810.85,38672.2,38784.4,0
2026-03-12 15:00:00,38783.95,38838.1,38751.35,38806.3,0
2026-03-12 15:15:00,38805.6,38821.4,38768.2,38789.5,0
2026-03-13 09:15:00,38599.55,38691.75,38372.85,38519.1,0
2026-03-13 09:30:00,38522.6,38605.0,38425.1,38433.9,0
2026-03-13 09:45:00,38433.55,38433.55,38253.1,38263.05,0
2026-03-13 10:00:00,38261.85,38293.9,38145.15,38165.8,0
2026-03-13 10:15:00,38168.3,38201.2,38053.95,38179.8,0
2026-03-13 10:30:00,38179.05,38217.65,38088.1,38121.0,0
2026-03-13 10:45:00,38121.0,38280.95,38083.2,38265.0,0
2026-03-13 11:00:00,38265.0,38275.1,38155.7,38167.8,0
2026-03-13 11:15:00,38167.85,38347.85,38130.75,38341.25,0
2026-03-13 11:30:00,38341.25,38364.75,38279.95,38327.75,0
2026-03-13 11:45:00,38327.75,38330.35,38224.0,38225.25,0
2026-03-13 12:00:00,38225.2,38234.35,38178.65,38218.8,0
2026-03-13 12:15:00,38218.3,38226.2,38066.15,38134.9,0
2026-03-13 12:30:00,38135.85,38140.0,37997.55,38018.15,0
2026-03-13 12:45:00,38018.15,38072.8,37974.9,38004.55,0
2026-03-13 13:00:00,38004.55,38011.5,37913.45,37926.25,0
2026-03-13 13:15:00,37926.25,37992.85,37870.05,37985.5,0
2026-03-13 13:30:00,37984.3,38005.8,37910.45,37954.35,0
2026-03-13 13:45:00,37950.55,37963.7,37872.8,37878.95,0
2026-03-13 14:00:00,37878.95,38051.85,37874.85,38047.9,0
2026-03-13 14:15:00,38046.9,38096.9,38002.1,38054.75,0
2026-03-13 14:30:00,38054.75,38147.2,38048.9,38088.9,0
2026-03-13 14:45:00,38088.9,38094.25,37957.05,38004.0,0
2026-03-13 15:00:00,38004.0,38012.15,37901.95,37985.6,0
2026-03-13 15:15:00,37985.6,38023.3,37962.05,38014.7,0
2026-03-16 09:15:00,37813.5,38024.7,37642.3,37781.65,0
2026-03-16 09:30:00,37781.65,38101.95,37769.1,38020.65,0
2026-03-16 09:45:00,38020.6,38092.85,37895.9,37898.1,0
2026-03-16 10:00:00,37899.55,37969.85,37782.6,37821.05,0
2026-03-16 10:15:00,37821.05,37821.05,37498.85,37498.85,0
2026-03-16 10:30:00,37499.6,37579.35,37449.9,37454.65,0
2026-03-16 10:45:00,37453.1,37492.2,37293.3,37482.7,0
2026-03-16 11:00:00,37483.05,37660.8,37459.7,37629.1,0
2026-03-16 11:15:00,37629.1,37886.55,37622.15,37782.35,0
2026-03-16 11:30:00,37784.5,37865.1,37738.1,37738.1,0
2026-03-16 11:45:00,37738.1,37792.7,37715.65,37741.35,0
2026-03-16 12:00:00,37741.35,37817.85,37712.2,37744.25,0
2026-03-16 12:15:00,37743.55,37783.75,37696.1,37746.85,0
2026-03-16 12:30:00,37748.4,37748.4,37618.75,37658.55,0
2026-03-16 12:45:00,37657.85,37657.85,37578.8,37607.85,0
2026-03-16 13:00:00,37605.75,37690.6,37519.0,37576.25,0
2026-03-16 13:15:00,37576.25,37650.15,37576.25,37612.05,0
2026-03-16 13:30:00,37612.05,37725.5,37598.65,37657.95,0
2026-03-16 13:45:00,37657.95,37701.1,37626.7,37675.2,0
2026-03-16 14:00:00,37672.65,37744.7,37634.25,37696.05,0
2026-03-16 14:15:00,37696.5,38005.6,37667.15,37999.05,0
2026-03-16 14:30:00,38004.65,38181.95,37993.8,38142.95,0
2026-03-16 14:45:00,38142.95,38223.4,38099.15,38166.55,0
2026-03-16 15:00:00,38166.55,38169.65,38010.7,38046.2,0
2026-03-16 15:15:00,38046.2,38057.9,37948.55,38015.25,0
2026-03-17 09:15:00,38210.4,38219.1,38028.25,38090.35,0
2026-03-17 09:30:00,38090.5,38249.9,38044.25,38222.7,0
2026-03-17 09:45:00,38222.7,38321.3,38159.95,38321.3,0
2026-03-17 10:00:00,38318.05,38431.8,38318.05,38431.8,0
2026-03-17 10:15:00,38432.05,38554.1,38408.35,38409.15,0
2026-03-17 10:30:00,38407.65,38418.1,38317.3,38362.0,0
2026-03-17 10:45:00,38362.0,38490.15,38355.8,38424.9,0
2026-03-17 11:00:00,38425.0,38443.5,38362.65,38365.8,0
2026-03-17 11:15:00,38367.3,38387.55,38248.0,38258.9,0
2026-03-17 11:30:00,38262.15,38291.55,38212.05,38264.45,0
2026-03-17 11:45:00,38264.45,38319.1,38231.85,38295.85,0
2026-03-17 12:00:00,38296.65,38313.0,38261.25,38305.05,0
2026-03-17 12:15:00,38305.45,38308.3,38227.05,38247.55,0
2026-03-17 12:30:00,38246.7,38288.75,38196.65,38287.3,0
2026-03-17 12:45:00,38287.3,38349.25,38282.45,38346.15,0
2026-03-17 13:00:00,38346.75,38435.15,38333.55,38431.2,0
2026-03-17 13:15:00,38434.35,38488.15,38423.4,38460.4,0
2026-03-17 13:30:00,38460.9,38538.35,38417.3,38461.4,0
2026-03-17 13:45:00,38461.4,38513.5,38445.75,38457.7,0
2026-03-17 14:00:00,38458.65,38548.95,38456.45,38544.5,0
2026-03-17 14:15:00,38544.45,38554.75,38445.15,38497.0,0
2026-03-17 14:30:00,38498.25,38583.9,38498.25,38542.3,0
2026-03-17 14:45:00,38541.95,38633.6,38502.2,38633.6,0
2026-03-17 15:00:00,38631.0,38635.5,38489.45,38548.2,0
2026-03-17 15:15:00,38548.2,38601.9,38530.3,38591.0,0
2026-03-18 09:15:00,38708.0,38993.65,38684.25,38971.45,0
2026-03-18 09:30:00,38968.45,39039.05,38957.55,38981.7,0
2026-03-18 09:45:00,38981.7,39021.85,38893.2,38926.1,0
2026-03-18 10:00:00,38926.1,38935.15,38840.9,38883.2,0
2026-03-18 10:15:00,38885.35,38971.35,38882.9,38912.75,0
2026-03-18 10:30:00,38912.95,38990.45,38900.7,38947.6,0
2026-03-18 10:45:00,38948.2,38995.9,38945.85,38976.8,0
2026-03-18 11:00:00,38976.8,38992.15,38934.45,38973.4,0
2026-03-18 11:15:00,38973.4,39023.2,38936.1,39011.9,0
2026-03-18 11:30:00,39011.7,39075.5,38984.45,39052.1,0
2026-03-18 11:45:00,39051.7,39055.95,39015.4,39037.0,0
2026-03-18 12:00:00,39037.2,39048.5,38993.2,39018.55,0
2026-03-18 12:15:00,39018.55,39034.95,38990.5,38996.5,0
2026-03-18 12:30:00,38996.5,39050.8,38995.95,39035.7,0
2026-03-18 12:45:00,39035.7,39038.1,38950.05,38969.6,0
2026-03-18 13:00:00,38969.6,39011.3,38912.6,39006.95,0
2026-03-18 13:15:00,39005.5,39074.2,38995.1,39032.65,0
2026-03-18 13:30:00,39032.1,39101.55,39013.0,39090.55,0
2026-03-18 13:45:00,39094.6,39116.75,39055.55,39072.0,0
2026-03-18 14:00:00,39072.0,39103.1,39044.75,39056.2,0
2026-03-18 14:15:00,39056.2,39132.5,39050.1,39098.1,0
2026-03-18 14:30:00,39095.5,39098.65,38946.35,38951.9,0
2026-03-18 14:45:00,38951.1,39042.55,38940.9,39035.35,0
2026-03-18 15:00:00,39036.75,39054.4,38957.25,39029.35,0
2026-03-18 15:15:00,39032.35,39034.95,38956.0,39009.2,0
2026-03-19 09:15:00,38362.9,38489.2,38212.35,38413.7,0
2026-03-19 09:30:00,38414.7,38428.55,38331.45,38356.6,0
2026-03-19 09:45:00,38359.35,38374.2,38257.75,38276.15,0
2026-03-19 10:00:00,38276.2,38291.45,38245.6,38254.9,0
2026-03-19 10:15:00,38253.5,38283.3,38182.2,38246.2,0
2026-03-19 10:30:00,38246.05,38367.9,38239.1,38319.85,0
2026-03-19 10:45:00,38319.85,38319.85,38240.05,38243.5,0
2026-03-19 11:00:00,38243.6,38246.65,38119.5,38129.25,0
2026-03-19 11:15:00,38127.3,38171.65,38072.3,38075.05,0
2026-03-19 11:30:00,38075.55,38138.65,38074.45,38106.05,0
2026-03-19 11:45:00,38106.1,38156.15,38094.7,38106.3,0
2026-03-19 12:00:00,38106.75,38116.7,38051.05,38116.6,0
2026-03-19 12:15:00,38115.9,38159.05,38069.0,38095.4,0
2026-03-19 12:30:00,38096.7,38141.25,38069.25,38077.2,0
2026-03-19 12:45:00,38077.85,38148.6,38073.55,38103.95,0
2026-03-19 13:00:00,38104.55,38104.65,38021.25,38027.8,0
2026-03-19 13:15:00,38027.8,38035.8,37987.15,37992.2,0
2026-03-19 13:30:00,37992.2,38054.15,37992.2,38013.1,0
2026-03-19 13:45:00,38010.7,38042.25,37956.8,37963.2,0
2026-03-19 14:00:00,37963.2,37979.5,37839.4,37860.0,0
2026-03-19 14:15:00,37861.15,37915.1,37826.2,37831.9,0
2026-03-19 14:30:00,37831.9,37902.45,37795.9,37875.7,0
2026-03-19 14:45:00,37875.7,37880.85,37630.05,37646.0,0
2026-03-19 15:00:00,37647.05,37774.05,37600.5,37735.5,0
2026-03-19 15:15:00,37735.5,37879.8,37722.2,37868.3,0
2026-03-20 09:15:00,38009.4,38225.4,37986.25,38206.45,0
2026-03-20 09:30:00,38207.5,38247.45,38012.35,38014.55,0
2026-03-20 09:45:00,38015.15,38048.5,37960.05,37985.0,0
2026-03-20 10:00:00,37985.0,37991.25,37913.75,37922.35,0
2026-03-20 10:15:00,37920.35,37947.1,37795.15,37944.75,0
2026-03-20 10:30:00,37943.4,38021.1,37924.35,38019.7,0
2026-03-20 10:45:00,38017.6,38068.55,37983.2,37999.0,0
2026-03-20 11:00:00,37997.65,38014.25,37958.6,38002.55,0
2026-03-20 11:15:00,38001.7,38141.3,37998.3,38072.7,0
2026-03-20 11:30:00,38072.25,38103.75,37985.65,37988.85,0
2026-03-20 11:45:00,37987.7,38015.5,37889.4,37935.5,0
2026-03-20 12:00:00,37935.5,37944.55,37788.2,37820.1,0
2026-03-20 12:15:00,37821.5,37822.05,37668.45,37694.9,0
2026-03-20 12:30:00,37694.55,37825.05,37632.15,37803.65,0
2026-03-20 12:45:00,37802.95,37884.3,37788.05,37809.55,0
2026-03-20 13:00:00,37809.55,37859.4,37776.65,37846.75,0
2026-03-20 13:15:00,37846.75,37898.5,37796.95,37869.85,0
2026-03-20 13:30:00,37869.1,37896.9,37821.0,37823.1,0
2026-03-20 13:45:00,37823.1,37846.25,37768.7,37772.25,0
2026-03-20 14:00:00,37772.4,37850.95,37758.7,37766.35,0
2026-03-20 14:15:00,37766.35,37773.45,37695.15,37710.35,0
2026-03-20 14:30:00,37709.3,37743.6,37606.95,37608.9,0
2026-03-20 14:45:00,37608.55,37634.05,37569.75,37613.3,0
2026-03-20 15:00:00,37613.3,37770.1,37613.3,37712.5,0
2026-03-20 15:15:00,37713.8,37779.2,37676.7,37775.8,0
2026-03-23 09:15:00,37263.45,37263.45,36784.7,36792.4,0
2026-03-23 09:30:00,36790.55,36918.15,36769.15,36871.15,0
2026-03-23 09:45:00,36872.8,36872.8,36600.15,36607.85,0
2026-03-23 10:00:00,36609.65,36695.1,36555.1,36561.7,0
2026-03-23 10:15:00,36559.65,36564.3,36416.55,36422.5,0
2026-03-23 10:30:00,36422.5,36506.55,36388.95,36396.25,0
2026-03-23 10:45:00,36396.25,36403.35,36302.1,36339.6,0
2026-03-23 11:00:00,36339.6,36445.25,36280.7,36377.3,0
2026-03-23 11:15:00,36377.65,36442.05,36320.3,36437.35,0
2026-03-23 11:30:00,36438.8,36478.05,36362.2,36381.55,0
2026-03-23 11:45:00,36381.55,36465.1,36371.4,36432.4,0
2026-03-23 12:00:00,36432.4,36445.45,36362.6,36370.05,0
2026-03-23 12:15:00,36369.05,36374.2,36234.1,36311.5,0
2026-03-23 12:30:00,36311.5,36350.35,36260.0,36320.8,0
2026-03-23 12:45:00,36319.55,36365.0,36259.0,36277.05,0
2026-03-23 13:00:00,36276.15,36277.2,36179.25,36200.1,0
2026-03-23 13:15:00,36202.45,36269.45,36202.45,36216.3,0
2026-03-23 13:30:00,36217.55,36392.15,36215.7,36380.2,0
2026-03-23 13:45:00,36380.2,36523.6,36379.9,36484.7,0
2026-03-23 14:00:00,36479.85,36570.85,36447.75,36504.4,0
2026-03-23 14:15:00,36505.75,36559.55,36439.6,36473.7,0
2026-03-23 14:30:00,36473.7,36481.2,36350.75,36452.25,0
2026-03-23 14:45:00,36452.25,36502.0,36414.45,36465.4,0
2026-03-23 15:00:00,36465.4,36465.8,36290.5,36393.55,0
2026-03-23 15:15:00,36394.8,36441.15,36314.45,36339.1,0
2026-03-24 09:15:00,37128.5,37162.5,36967.65,37092.0,0
2026-03-24 09:30:00,37093.85,37117.8,36871.7,36881.7,0
2026-03-24 09:45:00,36882.5,36918.2,36814.95,36863.65,0
2026-03-24 10:00:00,36866.4,36866.4,36713.05,36744.3,0
2026-03-24 10:15:00,36744.95,36840.2,36727.4,36746.8,0
2026-03-24 10:30:00,36747.75,36747.75,36593.55,36631.15,0
2026-03-24 10:45:00,36631.15,36745.25,36574.1,36593.9,0
2026-03-24 11:00:00,36593.9,36686.55,36590.9,36634.55,0
2026-03-24 11:15:00,36634.55,36736.75,36631.45,36662.1,0
2026-03-24 11:30:00,36661.6,36776.85,36661.6,36776.25,0
2026-03-24 11:45:00,36777.85,36961.65,36773.35,36916.65,0
2026-03-24 12:00:00,36916.75,36938.05,36878.95,36883.3,0
2026-03-24 12:15:00,36882.35,37237.85,36874.65,37114.05,0
2026-03-24 12:30:00,37114.05,37353.15,37112.1,37309.8,0
2026-03-24 12:45:00,37309.7,37388.3,37258.4,37309.25,0
2026-03-24 13:00:00,37308.6,37319.4,37213.25,37314.0,0
2026-03-24 13:15:00,37316.2,37427.8,37277.45,37426.2,0
2026-03-24 13:30:00,37426.95,37472.5,37382.2,37417.65,0
2026-03-24 13:45:00,37416.7,37442.75,37294.3,37361.55,0
2026-03-24 14:00:00,37361.2,37428.9,37333.9,37427.15,0
2026-03-24 14:15:00,37428.0,37479.9,37349.2,37394.25,0
2026-03-24 14:30:00,37394.25,37434.6,37276.7,37301.1,0
2026-03-24 14:45:00,37301.1,37379.4,37269.15,37354.85,0
2026-03-24 15:00:00,37353.55,37377.85,37257.45,37331.0,0
2026-03-24 15:15:00,37331.0,37393.9,37296.0,37373.9,0
2026-03-25 09:15:00,37710.4,38096.75,37645.35,38074.95,0
2026-03-25 09:30:00,38074.95,38121.55,38002.05,38112.25,0
2026-03-25 09:45:00,38112.25,38164.55,38101.15,38152.05,0
2026-03-25 10:00:00,38152.05,38198.95,38101.9,38197.8,0
2026-03-25 10:15:00,38197.8,38212.35,38168.8,38195.6,0
2026-03-25 10:30:00,38195.6,38282.55,38184.9,38274.65,0
2026-03-25 10:45:00,38274.65,38279.5,38201.55,38204.55,0
2026-03-25 11:00:00,38204.55,38281.0,38204.55,38281.0,0
2026-03-25 11:15:00,38281.0,38281.8,38144.25,38151.0,0
2026-03-25 11:30:00,38151.1,38179.4,38104.45,38133.5,0
2026-03-25 11:45:00,38133.15,38244.2,38133.15,38196.65,0
2026-03-25 12:00:00,38195.45,38284.4,38187.4,38279.85,0
2026-03-25 12:15:00,38279.85,38299.9,38248.3,38275.65,0
2026-03-25 12:30:00,38276.6,38320.2,38260.55,38313.0,0
2026-03-25 12:45:00,38312.05,38323.3,38224.5,38239.45,0
2026-03-25 13:00:00,38238.8,38341.9,38233.4,38304.2,0
2026-03-25 13:15:00,38304.25,38359.45,38279.25,38349.2,0
2026-03-25 13:30:00,38349.2,38389.6,38316.95,38371.15,0
2026-03-25 13:45:00,38371.15,38428.85,38368.85,38392.85,0
2026-03-25 14:00:00,38392.85,38450.45,38359.6,38362.75,0
2026-03-25 14:15:00,38362.75,38385.3,38224.5,38273.9,0
2026-03-25 14:30:00,38273.9,38305.55,38236.05,38299.15,0
2026-03-25 14:45:00,38299.15,38312.6,38248.25,38282.45,0
2026-03-25 15:00:00,38282.0,38282.0,38187.2,38218.65,0
2026-03-25 15:15:00,38216.3,38235.8,38177.75,38189.05,0
2026-03-27 09:15:00,37880.65,37914.9,37545.85,37757.9,0
2026-03-27 09:30:00,37756.85,37758.2,37618.85,37747.9,0
2026-03-27 09:45:00,37747.4,37749.2,37603.0,37638.65,0
2026-03-27 10:00:00,37638.2,37722.55,37566.0,37568.3,0
2026-03-27 10:15:00,37569.05,37593.15,37493.55,37571.45,0
2026-03-27 10:30:00,37569.75,37636.65,37543.55,37544.25,0
2026-03-27 10:45:00,37542.35,37546.1,37481.95,37495.9,0
2026-03-27 11:00:00,37495.9,37531.0,37465.95,37504.95,0
2026-03-27 11:15:00,37505.9,37518.0,37404.95,37406.6,0
2026-03-27 11:30:00,37406.9,37467.65,37386.0,37461.8,0
2026-03-27 11:45:00,37464.25,37496.0,37437.75,37476.1,0
2026-03-27 12:00:00,37476.1,37476.55,37415.1,37440.15,0
2026-03-27 12:15:00,37439.95,37514.65,37378.1,37488.4,0
2026-03-27 12:30:00,37488.4,37489.3,37431.3,37473.6,0
2026-03-27 12:45:00,37475.4,37523.15,37443.15,37490.7,0
2026-03-27 13:00:00,37489.85,37513.7,37459.9,37512.35,0
2026-03-27 13:15:00,37514.05,37606.65,37482.55,37489.6,0
2026-03-27 13:30:00,37487.8,37515.0,37444.25,37488.5,0
2026-03-27 13:45:00,37488.5,37511.75,37456.85,37473.95,0
2026-03-27 14:00:00,37473.95,37490.55,37413.7,37472.15,0
2026-03-27 14:15:00,37472.15,37474.5,37397.7,37423.65,0
2026-03-27 14:30:00,37423.65,37423.65,37341.6,37369.05,0
2026-03-27 14:45:00,37370.35,37389.3,37315.25,37319.15,0
2026-03-27 15:00:00,37317.7,37317.7,37232.0,37275.85,0
2026-03-27 15:15:00,37276.7,37328.3,37262.8,37308.0,0
2026-03-30 09:15:00,36827.8,36943.5,36660.45,36928.65,0
2026-03-30 09:30:00,36939.75,37162.4,36939.75,37115.4,0
2026-03-30 09:45:00,37117.5,37164.3,36949.55,36983.35,0
2026-03-30 10:00:00,36980.35,37090.6,36852.25,36929.85,0
2026-03-30 10:15:00,36929.85,36946.45,36794.2,36795.7,0
2026-03-30 10:30:00,36795.7,36855.7,36742.4,36742.8,0
2026-03-30 10:45:00,36742.8,36777.25,36691.45,36698.8,0
2026-03-30 11:00:00,36698.15,36723.05,36640.0,36662.65,0
2026-03-30 11:15:00,36662.65,36724.85,36629.15,36638.05,0
2026-03-30 11:30:00,36638.05,36770.7,36625.95,36666.25,0
2026-03-30 11:45:00,36663.1,36711.35,36622.4,36705.95,0
2026-03-30 12:00:00,36705.95,36854.9,36686.65,36797.1,0
2026-03-30 12:15:00,36796.75,36856.95,36705.9,36737.1,0
2026-03-30 12:30:00,36737.1,36814.65,36711.2,36788.3,0
2026-03-30 12:45:00,36788.55,36790.7,36685.2,36722.2,0
2026-03-30 13:00:00,36722.7,36769.8,36680.15,36743.4,0
2026-03-30 13:15:00,36743.05,36785.6,36690.1,36719.25,0
2026-03-30 13:30:00,36718.95,36803.65,36692.75,36711.2,0
2026-03-30 13:45:00,36711.5,36722.75,36618.65,36623.95,0
2026-03-30 14:00:00,36623.95,36741.8,36622.35,36652.8,0
2026-03-30 14:15:00,36651.7,36680.25,36602.2,36610.2,0
2026-03-30 14:30:00,36610.7,36650.4,36526.8,36553.15,0
2026-03-30 14:45:00,36551.25,36576.7,36463.75,36477.45,0
2026-03-30 15:00:00,36476.55,36476.55,36360.35,36435.6,0
2026-03-30 15:15:00,36435.3,36459.05,36378.1,36419.7,0
2026-04-01 09:15:00,37487.15,37874.05,37413.35,37874.05,0
2026-04-01 09:30:00,37875.65,37903.7,37623.45,37675.05,0
2026-04-01 09:45:00,37676.8,37851.1,37666.3,37815.95,0
2026-04-01 10:00:00,37816.3,37859.0,37711.85,37717.15,0
2026-04-01 10:15:00,37717.15,37775.85,37622.05,37672.45,0
2026-04-01 10:30:00,37672.45,37725.85,37646.55,37715.3,0
2026-04-01 10:45:00,37715.45,37718.3,37627.9,37649.45,0
2026-04-01 11:00:00,37650.7,37676.65,37566.6,37671.0,0
2026-04-01 11:15:00,37671.0,37733.95,37634.65,37646.7,0
2026-04-01 11:30:00,37645.25,37701.25,37641.05,37663.45,0
2026-04-01 11:45:00,37663.45,37663.45,37560.55,37627.35,0
2026-04-01 12:00:00,37627.95,37781.7,37626.7,37768.5,0
2026-04-01 12:15:00,37768.7,37846.7,37750.55,37846.7,0
2026-04-01 12:30:00,37848.1,37888.75,37817.6,37856.8,0
2026-04-01 12:45:00,37856.4,37944.45,37855.4,37918.45,0
2026-04-01 13:00:00,37916.5,37942.15,37863.9,37927.45,0
2026-04-01 13:15:00,37927.05,37950.7,37812.65,37846.45,0
2026-04-01 13:30:00,37846.45,37846.45,37559.8,37621.75,0
2026-04-01 13:45:00,37618.25,37695.85,37564.7,37658.75,0
2026-04-01 14:00:00,37660.4,37725.95,37643.95,37719.0,0
2026-04-01 14:15:00,37719.0,37722.65,37643.4,37682.8,0
2026-04-01 14:30:00,37682.45,37683.75,37522.2,37540.45,0
2026-04-01 14:45:00,37540.45,37560.45,37442.0,37512.45,0
2026-04-01 15:00:00,37511.4,37667.9,37511.4,37602.1,0
2026-04-01 15:15:00,37604.2,37648.45,37599.3,37630.45,0
2026-04-02 09:15:00,37144.05,37174.25,36627.4,36734.95,0
2026-04-02 09:30:00,36734.95,36818.45,36705.6,36795.8,0
2026-04-02 09:45:00,36795.8,36810.05,36655.8,36666.05,0
2026-04-02 10:00:00,36666.05,36713.5,36603.75,36703.2,0
2026-04-02 10:15:00,36703.2,36726.25,36635.8,36693.55,0
2026-04-02 10:30:00,36693.55,36794.5,36681.55,36764.3,0
2026-04-02 10:45:00,36763.45,36813.2,36687.0,36810.8,0
2026-04-02 11:00:00,36809.55,36844.85,36777.3,36792.6,0
2026-04-02 11:15:00,36790.9,36838.7,36788.0,36811.45,0
2026-04-02 11:30:00,36812.75,36879.55,36804.55,36876.25,0
2026-04-02 11:45:00,36874.75,37037.15,36874.75,36980.4,0
2026-04-02 12:00:00,36979.95,37002.45,36901.3,36964.25,0
2026-04-02 12:15:00,36964.25,37012.35,36895.35,37010.25,0
2026-04-02 12:30:00,37010.25,37115.95,37009.2,37106.45,0
2026-04-02 12:45:00,37106.45,37156.55,37049.55,37156.15,0
2026-04-02 13:00:00,37154.4,37214.95,37081.75,37173.6,0
2026-04-02 13:15:00,37173.05,37354.4,37162.25,37352.3,0
2026-04-02 13:30:00,37351.15,37403.55,37303.05,37384.85,0
2026-04-02 13:45:00,37387.05,37432.5,37360.1,37412.1,0
2026-04-02 14:00:00,37414.55,37524.1,37396.3,37513.6,0
2026-04-02 14:15:00,37513.6,37588.5,37490.1,37543.3,0
2026-04-02 14:30:00,37543.3,37578.6,37346.55,37357.75,0
2026-04-02 14:45:00,37357.75,37496.45,37325.65,37487.6,0
2026-04-02 15:00:00,37487.6,37644.1,37474.75,37608.5,0
2026-04-02 15:15:00,37605.3,37625.85,37509.95,37553.1,0
2026-04-06 09:15:00,37603.45,37762.05,37297.55,37542.2,0
2026-04-06 09:30:00,37542.2,37900.9,37517.65,37756.35,0
2026-04-06 09:45:00,37756.35,37795.6,37568.25,37571.5,0
2026-04-06 10:00:00,37570.35,37710.6,37541.6,37702.1,0
2026-04-06 10:15:00,37702.1,37743.7,37566.6,37634.25,0
2026-04-06 10:30:00,37632.45,37717.0,37572.15,37712.9,0
2026-04-06 10:45:00,37710.05,37770.45,37667.65,37691.4,0
2026-04-06 11:00:00,37691.4,37691.4,37514.05,37552.7,0
2026-04-06 11:15:00,37552.7,37643.1,37520.85,37643.1,0
2026-04-06 11:30:00,37645.5,37707.55,37597.6,37672.05,0
2026-04-06 11:45:00,37669.95,37777.0,37669.95,37717.25,0
2026-04-06 12:00:00,37717.25,37766.0,37711.3,37724.0,0
2026-04-06 12:15:00,37724.55,37825.8,37714.75,37805.85,0
2026-04-06 12:30:00,37805.85,37812.8,37706.45,37740.45,0
2026-04-06 12:45:00,37740.45,37896.8,37737.3,37895.65,0
2026-04-06 13:00:00,37895.15,37939.85,37816.35,37939.85,0
2026-04-06 13:15:00,37940.95,37969.95,37896.65,37914.85,0
2026-04-06 13:30:00,37915.45,37983.85,37915.45,37931.05,0
2026-04-06 13:45:00,37931.05,38003.3,37923.4,37974.0,0
2026-04-06 14:00:00,37974.0,38055.8,37973.65,38049.95,0
2026-04-06 14:15:00,38049.95,38097.15,38025.5,38078.7,0
2026-04-06 14:30:00,38078.7,38128.05,38078.7,38089.25,0
2026-04-06 14:45:00,38089.25,38120.05,38048.9,38108.1,0
2026-04-06 15:00:00,38110.9,38185.0,38093.3,38157.3,0
2026-04-06 15:15:00,38157.3,38167.65,38100.4,38130.65,0
2026-04-07 09:15:00,37954.2,37990.05,37631.4,37983.45,0
2026-04-07 09:30:00,37983.45,38024.5,37773.0,37773.0,0
2026-04-07 09:45:00,37771.8,37892.4,37771.8,37882.85,0
2026-04-07 10:00:00,37882.85,37964.9,37866.35,37950.05,0
2026-04-07 10:15:00,37950.05,38062.25,37934.3,38059.65,0
2026-04-07 10:30:00,38059.65,38106.25,37969.1,38096.6,0
2026-04-07 10:45:00,38096.6,38103.95,37865.9,37893.15,0
2026-04-07 11:00:00,37893.15,37940.25,37848.45,37864.9,0
2026-04-07 11:15:00,37864.3,38003.05,37858.7,37989.9,0
2026-04-07 11:30:00,37988.65,38008.1,37927.05,37970.6,0
2026-04-07 11:45:00,37970.6,38075.8,37956.3,38070.7,0
2026-04-07 12:00:00,38070.7,38073.0,37961.5,38015.15,0
2026-04-07 12:15:00,38015.15,38023.15,37967.65,37994.65,0
2026-04-07 12:30:00,37993.4,38027.1,37987.0,38012.95,0
2026-04-07 12:45:00,38012.95,38013.95,37922.05,37928.3,0
2026-04-07 13:00:00,37928.3,37996.1,37915.2,37974.55,0
2026-04-07 13:15:00,37974.55,38004.1,37950.2,37987.25,0
2026-04-07 13:30:00,37987.25,38121.35,37985.95,38107.05,0
2026-04-07 13:45:00,38106.8,38112.85,37977.55,38007.7,0
2026-04-07 14:00:00,38007.7,38072.65,37982.05,38019.95,0
2026-04-07 14:15:00,38019.95,38044.85,37958.45,38024.25,0
2026-04-07 14:30:00,38023.85,38066.4,37975.75,38044.6,0
2026-04-07 14:45:00,38044.65,38123.0,38035.5,38114.0,0
2026-04-07 15:00:00,38114.0,38158.1,38068.3,38124.6,0
2026-04-07 15:15:00,38123.5,38156.95,38106.95,38122.0,0
2026-04-08 09:15:00,39501.5,39520.8,39297.6,39348.1,0
2026-04-08 09:30:00,39352.45,39478.05,39330.8,39467.7,0
2026-04-08 09:45:00,39466.2,39565.25,39423.95,39425.5,0
2026-04-08 10:00:00,39427.35,39539.7,39423.15,39500.25,0
2026-04-08 10:15:00,39501.05,39589.35,39480.15,39575.0,0
2026-04-08 10:30:00,39572.8,39620.6,39572.8,39614.55,0
2026-04-08 10:45:00,39612.0,39649.45,39567.5,39636.25,0
2026-04-08 11:00:00,39636.25,39678.35,39610.35,39628.25,0
2026-04-08 11:15:00,39628.25,39695.5,39625.2,39635.65,0
2026-04-08 11:30:00,39635.65,39661.4,39587.75,39605.2,0
2026-04-08 11:45:00,39605.2,39627.4,39514.4,39560.55,0
2026-04-08 12:00:00,39560.55,39602.25,39529.8,39597.45,0
2026-04-08 12:15:00,39596.1,39654.7,39592.2,39618.75,0
2026-04-08 12:30:00,39617.9,39617.9,39552.35,39612.45,0
2026-04-08 12:45:00,39613.1,39659.3,39598.7,39645.85,0
2026-04-08 13:00:00,39645.45,39648.5,39575.55,39603.5,0
2026-04-08 13:15:00,39603.3,39647.7,39597.05,39645.95,0
2026-04-08 13:30:00,39645.95,39672.95,39625.8,39638.25,0
2026-04-08 13:45:00,39638.8,39649.95,39589.55,39593.55,0
2026-04-08 14:00:00,39594.55,39595.35,39548.1,39565.35,0
2026-04-08 14:15:00,39565.25,39634.7,39561.7,39631.9,0
2026-04-08 14:30:00,39633.7,39670.0,39633.15,39655.8,0
2026-04-08 14:45:00,39655.8,39671.05,39591.45,39636.35,0
2026-04-08 15:00:00,39636.35,39670.8,39539.6,39659.9,0
2026-04-08 15:15:00,39659.9,39731.35,39649.05,39707.4,0
2026-04-09 09:15:00,39590.95,39995.0,39399.25,39984.7,0
2026-04-09 09:30:00,39986.6,39986.6,39719.8,39729.85,0
2026-04-09 09:45:00,39729.85,39765.45,39539.95,39551.5,0
2026-04-09 10:00:00,39551.5,39719.95,39511.95,39693.3,0
2026-04-09 10:15:00,39693.3,39784.8,39650.55,39760.15,0
2026-04-09 10:30:00,39762.3,39823.75,39749.25,39759.2,0
2026-04-09 10:45:00,39759.0,39792.5,39743.7,39770.45,0
2026-04-09 11:00:00,39770.45,39866.35,39770.45,39845.7,0
2026-04-09 11:15:00,39846.85,39911.6,39813.85,39906.65,0
2026-04-09 11:30:00,39906.65,40028.05,39904.15,40026.65,0
2026-04-09 11:45:00,40026.65,40119.0,40003.55,40097.7,0
2026-04-09 12:00:00,40097.05,40150.15,40064.8,40089.35,0
2026-04-09 12:15:00,40087.25,40127.4,40063.25,40087.7,0
2026-04-09 12:30:00,40088.3,40090.95,40024.8,40045.75,0
2026-04-09 12:45:00,40045.75,40047.45,39935.05,39982.6,0
2026-04-09 13:00:00,39982.6,40021.75,39915.1,39968.45,0
2026-04-09 13:15:00,39967.65,39970.1,39870.8,39891.55,0
2026-04-09 13:30:00,39891.55,39926.0,39859.2,39861.4,0
2026-04-09 13:45:00,39861.25,39885.65,39814.55,39870.6,0
2026-04-09 14:00:00,39869.6,39917.05,39845.85,39857.85,0
2026-04-09 14:15:00,39857.85,39868.5,39805.7,39818.15,0
2026-04-09 14:30:00,39817.25,39877.5,39760.95,39866.4,0
2026-04-09 14:45:00,39866.4,39903.15,39836.95,39889.7,0
2026-04-09 15:00:00,39889.7,39996.6,39861.25,39982.15,0
2026-04-09 15:15:00,39982.15,39987.5,39945.25,39964.25,0
2026-04-10 09:15:00,40265.2,40493.0,40205.55,40332.0,0
2026-04-10 09:30:00,40330.15,40382.6,40269.8,40319.75,0
2026-04-10 09:45:00,40319.9,40430.35,40311.95,40407.25,0
2026-04-10 10:00:00,40407.8,40425.6,40198.6,40369.3,0
2026-04-10 10:15:00,40369.3,40411.85,40363.05,40384.55,0
2026-04-10 10:30:00,40384.55,40413.25,40368.55,40388.65,0
2026-04-10 10:45:00,40388.65,40406.25,40349.7,40405.75,0
2026-04-10 11:00:00,40405.75,40420.75,40361.6,40404.35,0
2026-04-10 11:15:00,40404.35,40420.3,40366.5,40384.15,0
2026-04-10 11:30:00,40383.9,40434.55,40382.15,40416.3,0
2026-04-10 11:45:00,40416.55,40437.4,40346.9,40436.4,0
2026-04-10 12:00:00,40437.4,40510.45,40430.4,40480.85,0
2026-04-10 12:15:00,40480.9,40534.5,40442.7,40525.85,0
2026-04-10 12:30:00,40525.85,40577.15,40519.8,40526.55,0
2026-04-10 12:45:00,40526.25,40565.0,40512.4,40554.25,0
2026-04-10 13:00:00,40555.15,40599.05,40549.15,40575.25,0
2026-04-10 13:15:00,40575.25,40599.65,40557.85,40588.9,0
2026-04-10 13:30:00,40586.05,40663.05,40577.65,40660.65,0
2026-04-10 13:45:00,40660.5,40661.1,40613.7,40644.8,0
2026-04-10 14:00:00,40644.8,40669.9,40595.5,40631.15,0
2026-04-10 14:15:00,40631.15,40633.1,40451.6,40539.55,0
2026-04-10 14:30:00,40539.55,40576.3,40528.5,40573.0,0
2026-04-10 14:45:00,40573.0,40655.85,40558.25,40645.0,0
2026-04-10 15:00:00,40645.0,40749.15,40644.6,40733.75,0
2026-04-10 15:15:00,40735.3,40739.8,40674.55,40700.95,0
2026-04-13 09:15:00,39832.5,40161.1,39720.7,40149.95,0
2026-04-13 09:30:00,40149.95,40157.25,39950.25,40088.55,0
2026-04-13 09:45:00,40088.55,40206.5,40057.4,40201.9,0
2026-04-13 10:00:00,40202.15,40204.7,40117.0,40121.0,0
2026-04-13 10:15:00,40121.0,40253.3,40042.35,40253.3,0
2026-04-13 10:30:00,40252.9,40293.2,40151.7,40228.8,0
2026-04-13 10:45:00,40228.8,40372.0,40227.4,40347.65,0
2026-04-13 11:00:00,40347.65,40349.1,40268.5,40280.55,0
2026-04-13 11:15:00,40278.65,40316.5,40264.65,40274.1,0
2026-04-13 11:30:00,40272.45,40320.8,40259.75,40309.95,0
2026-04-13 11:45:00,40310.85,40357.85,40304.55,40333.05,0
2026-04-13 12:00:00,40333.45,40357.05,40321.4,40355.75,0
2026-04-13 12:15:00,40355.75,40365.35,40324.05,40364.6,0
2026-04-13 12:30:00,40364.85,40405.55,40344.75,40401.35,0
2026-04-13 12:45:00,40402.15,40403.2,40280.55,40328.75,0
2026-04-13 13:00:00,40328.75,40379.5,40265.05,40375.05,0
2026-04-13 13:15:00,40375.15,40392.2,40324.7,40326.55,0
2026-04-13 13:30:00,40324.6,40355.4,40301.45,40304.9,0
2026-04-13 13:45:00,40304.55,40396.75,40289.5,40377.35,0
2026-04-13 14:00:00,40377.35,40382.9,40301.1,40335.95,0
2026-04-13 14:15:00,40335.9,40338.15,40299.8,40326.9,0
2026-04-13 14:30:00,40325.25,40381.3,40324.1,40343.8,0
2026-04-13 14:45:00,40341.35,40382.25,40334.95,40345.15,0
2026-04-13 15:00:00,40344.65,40344.65,40215.75,40276.15,0
2026-04-13 15:15:00,40277.75,40304.8,40245.75,40283.2,0
2026-04-15 09:15:00,41028.85,41158.0,40946.65,40998.3,0
2026-04-15 09:30:00,41001.5,41074.5,40918.6,41063.55,0
2026-04-15 09:45:00,41061.25,41099.45,41014.85,41050.25,0
2026-04-15 10:00:00,41050.25,41114.25,41031.1,41104.8,0
2026-04-15 10:15:00,41106.75,41160.45,41106.75,41153.1,0
2026-04-15 10:30:00,41153.4,41188.4,41137.7,41177.25,0
2026-04-15 10:45:00,41180.15,41191.05,41081.75,41115.2,0
2026-04-15 11:00:00,41115.35,41120.2,41079.75,41086.65,0
2026-04-15 11:15:00,41086.45,41112.4,41065.15,41097.9,0
2026-04-15 11:30:00,41097.95,41160.6,41094.55,41156.4,0
2026-04-15 11:45:00,41156.4,41181.85,41146.5,41155.1,0
2026-04-15 12:00:00,41155.1,41214.65,41155.1,41202.4,0
2026-04-15 12:15:00,41202.4,41219.7,41180.3,41180.5,0
2026-04-15 12:30:00,41180.75,41183.6,41147.25,41160.0,0
2026-04-15 12:45:00,41160.45,41177.85,41142.65,41149.4,0
2026-04-15 13:00:00,41149.6,41167.3,41135.6,41142.9,0
2026-04-15 13:15:00,41141.75,41142.7,41072.35,41098.3,0
2026-04-15 13:30:00,41098.3,41139.3,41093.65,41135.2,0
2026-04-15 13:45:00,41135.2,41142.0,41101.5,41137.5,0
2026-04-15 14:00:00,41137.5,41139.05,41101.1,41120.05,0
2026-04-15 14:15:00,41120.55,41126.1,41103.0,41115.35,0
2026-04-15 14:30:00,41115.35,41139.35,41099.15,41128.95,0
2026-04-15 14:45:00,41128.2,41146.4,41113.25,41135.6,0
2026-04-15 15:00:00,41136.95,41152.85,41101.7,41104.65,0
2026-04-15 15:15:00,41104.65,41108.25,41082.4,41105.8,0
2026-04-16 09:15:00,41396.3,41536.95,41306.65,41470.05,0
2026-04-16 09:30:00,41464.5,41483.0,41319.0,41319.0,0
2026-04-16 09:45:00,41317.25,41323.3,41189.95,41194.4,0
2026-04-16 10:00:00,41192.05,41290.7,41169.7,41258.45,0
2026-04-16 10:15:00,41258.1,41313.9,41225.0,41290.75,0
2026-04-16 10:30:00,41290.75,41365.3,41290.15,41338.25,0
2026-04-16 10:45:00,41339.25,41347.8,41313.75,41331.9,0
2026-04-16 11:00:00,41331.15,41346.95,41298.5,41311.75,0
2026-04-16 11:15:00,41312.25,41338.85,41271.8,41282.85,0
2026-04-16 11:30:00,41283.3,41307.15,41263.55,41276.45,0
2026-04-16 11:45:00,41273.75,41273.75,41152.15,41155.0,0
2026-04-16 12:00:00,41153.55,41194.75,41098.55,41183.6,0
2026-04-16 12:15:00,41183.6,41186.0,41141.85,41162.75,0
2026-04-16 12:30:00,41162.75,41175.05,41129.2,41138.65,0
2026-04-16 12:45:00,41138.65,41147.4,41066.6,41113.9,0
2026-04-16 13:00:00,41114.1,41117.35,41006.9,41022.85,0
2026-04-16 13:15:00,41022.85,41048.6,40968.6,40996.9,0
2026-04-16 13:30:00,40996.9,41034.25,40986.65,41034.25,0
2026-04-16 13:45:00,41034.8,41137.9,41033.25,41132.7,0
2026-04-16 14:00:00,41133.0,41138.9,41071.9,41120.6,0
2026-04-16 14:15:00,41121.3,41164.4,41111.25,41146.45,0
2026-04-16 14:30:00,41146.45,41243.65,41146.45,41239.5,0
2026-04-16 14:45:00,41239.5,41297.45,41238.4,41284.1,0
2026-04-16 15:00:00,41284.85,41304.6,41172.3,41242.45,0
2026-04-16 15:15:00,41242.45,41276.15,41231.35,41258.0,0
2026-04-17 09:15:00,41286.2,41433.55,41163.6,41421.15,0
2026-04-17 09:30:00,41420.95,41486.85,41342.7,41379.7,0
2026-04-17 09:45:00,41381.65,41569.25,41381.6,41562.7,0
2026-04-17 10:00:00,41563.2,41663.9,41475.0,41657.75,0
2026-04-17 10:15:00,41659.35,41685.7,41649.95,41664.7,0
2026-04-17 10:30:00,41663.7,41671.9,41557.15,41623.95,0
2026-04-17 10:45:00,41623.95,41647.15,41588.0,41601.6,0
2026-04-17 11:00:00,41601.15,41601.15,41511.05,41572.05,0
2026-04-17 11:15:00,41572.05,41613.2,41565.65,41610.5,0
2026-04-17 11:30:00,41610.7,41618.35,41554.6,41579.55,0
2026-04-17 11:45:00,41579.55,41607.85,41566.45,41570.2,0
2026-04-17 12:00:00,41570.2,41604.4,41548.85,41591.15,0
2026-04-17 12:15:00,41591.15,41654.95,41584.9,41650.85,0
2026-04-17 12:30:00,41650.85,41668.9,41624.75,41652.4,0
2026-04-17 12:45:00,41653.35,41682.45,41645.0,41676.2,0
2026-04-17 13:00:00,41676.2,41733.0,41674.3,41709.1,0
2026-04-17 13:15:00,41709.1,41772.25,41704.65,41766.0,0
2026-04-17 13:30:00,41766.0,41787.0,41751.4,41768.3,0
2026-04-17 13:45:00,41767.6,41793.4,41761.75,41786.45,0
2026-04-17 14:00:00,41785.1,41797.5,41753.1,41757.25,0
2026-04-17 14:15:00,41757.25,41778.7,41741.55,41747.25,0
2026-04-17 14:30:00,41747.25,41821.25,41740.05,41821.25,0
2026-04-17 14:45:00,41820.7,41843.5,41814.45,41828.35,0
2026-04-17 15:00:00,41828.35,41848.7,41747.4,41834.5,0
2026-04-17 15:15:00,41834.5,41869.7,41818.05,41829.7,0
2026-04-20 09:15:00,41870.45,41999.2,41500.95,41831.9,0
2026-04-20 09:30:00,41831.9,41831.9,41563.55,41564.7,0
2026-04-20 09:45:00,41564.7,41707.45,41553.95,41646.0,0
2026-04-20 10:00:00,41646.0,41742.2,41637.95,41716.65,0
2026-04-20 10:15:00,41716.65,41839.05,41714.95,41825.6,0
2026-04-20 10:30:00,41827.25,41899.35,41826.8,41891.1,0
2026-04-20 10:45:00,41892.05,41892.05,41835.9,41863.8,0
2026-04-20 11:00:00,41863.8,41872.35,41802.55,41816.35,0
2026-04-20 11:15:00,41816.35,41866.65,41816.35,41861.4,0
2026-04-20 11:30:00,41861.4,41872.45,41842.2,41852.8,0
2026-04-20 11:45:00,41852.8,41869.05,41828.5,41846.95,0
2026-04-20 12:00:00,41847.75,41864.45,41826.95,41846.55,0
2026-04-20 12:15:00,41846.55,41897.35,41837.2,41896.6,0
2026-04-20 12:30:00,41896.35,41904.5,41861.45,41899.45,0
2026-04-20 12:45:00,41899.55,41920.7,41894.3,41898.0,0
2026-04-20 13:00:00,41898.6,41905.95,41804.05,41839.95,0
2026-04-20 13:15:00,41839.95,41857.45,41723.1,41773.75,0
2026-04-20 13:30:00,41774.7,41793.1,41742.55,41769.2,0
2026-04-20 13:45:00,41767.5,41772.65,41740.8,41758.25,0
2026-04-20 14:00:00,41758.65,41767.85,41710.75,41741.95,0
2026-04-20 14:15:00,41742.35,41835.05,41736.55,41833.85,0
2026-04-20 14:30:00,41835.0,41835.7,41788.2,41793.0,0
2026-04-20 14:45:00,41793.0,41810.05,41776.95,41795.6,0
2026-04-20 15:00:00,41795.6,41812.45,41752.8,41767.8,0
2026-04-20 15:15:00,41767.8,41770.1,41631.25,41662.9,0
2026-04-21 09:15:00,41763.8,41911.95,41754.05,41840.8,0
2026-04-21 09:30:00,41840.8,41946.75,41837.9,41943.15,0
2026-04-21 09:45:00,41943.35,42002.6,41941.35,41993.5,0
2026-04-21 10:00:00,41993.5,42035.95,41981.3,42003.0,0
2026-04-21 10:15:00,42002.7,42008.15,41927.65,41930.6,0
2026-04-21 10:30:00,41929.8,41993.65,41927.8,41959.1,0
2026-04-21 10:45:00,41959.1,42008.95,41955.45,41955.45,0
2026-04-21 11:00:00,41954.6,41980.5,41936.6,41978.0,0
2026-04-21 11:15:00,41977.1,41987.3,41954.15,41958.2,0
2026-04-21 11:30:00,41958.3,41961.75,41925.1,41958.25,0
2026-04-21 11:45:00,41958.35,41986.55,41945.7,41967.25,0
2026-04-21 12:00:00,41966.95,41990.9,41958.4,41973.8,0
2026-04-21 12:15:00,41974.05,41986.0,41958.1,41970.1,0
2026-04-21 12:30:00,41969.1,41991.85,41944.85,41963.7,0
2026-04-21 12:45:00,41964.05,41966.8,41926.0,41954.45,0
2026-04-21 13:00:00,41955.35,41963.4,41907.35,41945.55,0
2026-04-21 13:15:00,41945.1,41964.3,41942.35,41952.7,0
2026-04-21 13:30:00,41952.8,41983.35,41894.9,41897.7,0
2026-04-21 13:45:00,41899.0,41922.2,41889.9,41917.85,0
2026-04-21 14:00:00,41917.1,41921.65,41875.75,41914.6,0
2026-04-21 14:15:00,41915.85,42010.8,41912.9,41995.55,0
2026-04-21 14:30:00,41994.95,42013.15,41964.0,41972.8,0
2026-04-21 14:45:00,41972.5,42038.9,41972.5,42032.4,0
2026-04-21 15:00:00,42032.7,42048.5,41987.45,42004.65,0
2026-04-21 15:15:00,42003.9,42067.95,41996.65,42057.85,0
2026-04-22 09:15:00,41954.5,42162.85,41889.3,41904.75,0
2026-04-22 09:30:00,41904.75,42011.45,41894.95,41956.45,0
2026-04-22 09:45:00,41955.75,41964.9,41901.65,41901.65,0
2026-04-22 10:00:00,41901.55,41947.4,41868.65,41871.95,0
2026-04-22 10:15:00,41871.5,41930.65,41852.85,41928.15,0
2026-04-22 10:30:00,41928.15,41944.75,41900.65,41940.5,0
2026-04-22 10:45:00,41941.4,42006.1,41922.65,41989.25,0
2026-04-22 11:00:00,41989.25,41990.25,41937.45,41950.7,0
2026-04-22 11:15:00,41950.7,41985.55,41945.1,41982.75,0
2026-04-22 11:30:00,41982.75,41992.05,41963.85,41977.1,0
2026-04-22 11:45:00,41976.8,42010.7,41944.9,42009.25,0
2026-04-22 12:00:00,42009.25,42020.9,41991.2,42001.0,0
2026-04-22 12:15:00,42002.05,42019.6,41988.65,42005.05,0
2026-04-22 12:30:00,42003.8,42020.65,41985.85,42017.05,0
2026-04-22 12:45:00,42017.05,42028.45,41976.5,42013.15,0
2026-04-22 13:00:00,42013.15,42041.2,41987.5,42019.35,0
2026-04-22 13:15:00,42019.35,42024.55,41939.6,41986.35,0
2026-04-22 13:30:00,41988.25,42016.6,41984.2,42016.05,0
2026-04-22 13:45:00,42016.5,42061.8,42002.65,42057.1,0
2026-04-22 14:00:00,42057.8,42070.25,41989.25,41998.8,0
2026-04-22 14:15:00,42000.85,42002.95,41960.65,41980.65,0
2026-04-22 14:30:00,41980.65,42018.45,41968.65,42010.35,0
2026-04-22 14:45:00,42012.05,42030.35,41992.6,42018.9,0
2026-04-22 15:00:00,42018.9,42019.2,41900.6,41900.6,0
2026-04-22 15:15:00,41899.6,41946.7,41899.6,41934.55,0
2026-04-23 09:15:00,41820.6,41904.9,41657.7,41802.5,0
2026-04-23 09:30:00,41802.5,41911.85,41752.7,41903.25,0
2026-04-23 09:45:00,41903.25,42009.2,41885.05,41980.0,0
2026-04-23 10:00:00,41980.0,42026.3,41904.15,41926.2,0
2026-04-23 10:15:00,41926.2,41927.3,41853.05,41854.6,0
2026-04-23 10:30:00,41857.6,41858.25,41770.65,41777.35,0
2026-04-23 10:45:00,41776.45,41802.8,41734.95,41800.05,0
2026-04-23 11:00:00,41800.05,41838.75,41759.95,41763.4,0
2026-04-23 11:15:00,41763.4,41809.6,41758.95,41805.95,0
2026-04-23 11:30:00,41805.95,41809.5,41753.25,41761.85,0
2026-04-23 11:45:00,41761.5,41802.95,41752.35,41794.45,0
2026-04-23 12:00:00,41794.45,41818.7,41761.65,41811.45,0
2026-04-23 12:15:00,41811.45,41835.45,41770.9,41774.1,0
2026-04-23 12:30:00,41773.75,41794.4,41741.0,41781.55,0
2026-04-23 12:45:00,41779.15,41786.25,41721.65,41778.45,0
2026-04-23 13:00:00,41780.8,41814.0,41771.05,41798.45,0
2026-04-23 13:15:00,41798.45,41851.45,41782.65,41843.8,0
2026-04-23 13:30:00,41843.8,41850.4,41726.15,41743.65,0
2026-04-23 13:45:00,41743.65,41776.25,41720.55,41768.9,0
2026-04-23 14:00:00,41768.9,41774.9,41699.6,41701.75,0
2026-04-23 14:15:00,41701.85,41727.15,41670.45,41670.45,0
2026-04-23 14:30:00,41670.45,41672.8,41572.95,41586.35,0
2026-04-23 14:45:00,41586.35,41660.4,41581.85,41655.7,0
2026-04-23 15:00:00,41657.85,41717.25,41630.65,41630.7,0
2026-04-23 15:15:00,41630.7,41644.45,41604.3,41631.05,0
2026-04-24 09:15:00,41707.75,41871.35,41560.05,41560.05,0
2026-04-24 09:30:00,41563.05,41619.9,41404.3,41464.45,0
2026-04-24 09:45:00,41464.45,41465.65,41339.1,41373.65,0
2026-04-24 10:00:00,41374.1,41523.9,41374.1,41500.4,0
2026-04-24 10:15:00,41498.65,41498.65,41390.25,41412.45,0
2026-04-24 10:30:00,41412.45,41412.45,41334.75,41334.75,0
2026-04-24 10:45:00,41334.75,41349.05,41269.7,41271.35,0
2026-04-24 11:00:00,41270.0,41270.0,41194.9,41199.55,0
2026-04-24 11:15:00,41199.55,41249.25,41191.1,41212.65,0
2026-04-24 11:30:00,41209.15,41254.45,41207.9,41239.65,0
2026-04-24 11:45:00,41239.55,41241.35,41172.95,41189.75,0
2026-04-24 12:00:00,41189.4,41284.45,41166.25,41282.4,0
2026-04-24 12:15:00,41282.4,41291.15,41183.65,41196.2,0
2026-04-24 12:30:00,41196.2,41263.15,41193.25,41225.1,0
2026-04-24 12:45:00,41225.1,41320.7,41223.45,41306.4,0
2026-04-24 13:00:00,41306.25,41308.45,41165.75,41188.5,0
2026-04-24 13:15:00,41188.5,41210.4,41155.15,41209.65,0
2026-04-24 13:30:00,41208.9,41215.05,41117.0,41135.85,0
2026-04-24 13:45:00,41135.85,41220.85,41133.75,41202.75,0
2026-04-24 14:00:00,41202.75,41258.65,41174.75,41250.05,0
2026-04-24 14:15:00,41250.05,41366.55,41244.05,41363.1,0
2026-04-24 14:30:00,41364.55,41419.85,41354.65,41417.05,0
2026-04-24 14:45:00,41417.8,41424.45,41333.2,41371.55,0
2026-04-24 15:00:00,41370.7,41370.7,41268.55,41320.55,0
2026-04-24 15:15:00,41317.85,41388.65,41317.2,41377.2,0
2026-04-27 09:15:00,41551.95,41772.7,41514.7,41643.45,0
2026-04-27 09:30:00,41642.25,41697.0,41575.85,41679.35,0
2026-04-27 09:45:00,41683.85,41804.9,41683.85,41783.45,0
2026-04-27 10:00:00,41781.2,41782.55,41612.75,41613.95,0
2026-04-27 10:15:00,41613.75,41687.05,41571.4,41593.1,0
2026-04-27 10:30:00,41592.85,41600.85,41547.1,41597.55,0
2026-04-27 10:45:00,41596.9,41645.45,41571.8,41605.3,0
2026-04-27 11:00:00,41603.85,41611.8,41553.6,41588.75,0
2026-04-27 11:15:00,41588.75,41611.3,41563.3,41577.5,0
2026-04-27 11:30:00,41577.5,41590.05,41517.9,41561.55,0
2026-04-27 11:45:00,41562.9,41622.7,41547.9,41620.2,0
2026-04-27 12:00:00,41620.2,41627.0,41583.3,41625.0,0
2026-04-27 12:15:00,41625.55,41657.7,41613.15,41633.25,0
2026-04-27 12:30:00,41632.8,41695.05,41625.8,41667.6,0
2026-04-27 12:45:00,41668.3,41694.15,41659.95,41660.5,0
2026-04-27 13:00:00,41660.35,41704.35,41657.45,41704.35,0
2026-04-27 13:15:00,41705.0,41732.8,41672.3,41672.5,0
2026-04-27 13:30:00,41673.35,41711.4,41659.25,41693.15,0
2026-04-27 13:45:00,41693.15,41723.15,41669.35,41699.35,0
2026-04-27 14:00:00,41700.35,41700.35,41660.05,41674.95,0
2026-04-27 14:15:00,41673.75,41681.85,41656.4,41665.3,0
2026-04-27 14:30:00,41665.3,41667.2,41617.85,41655.15,0
2026-04-27 14:45:00,41655.15,41657.6,41630.35,41645.1,0
2026-04-27 15:00:00,41645.1,41645.45,41605.35,41628.3,0
2026-04-27 15:15:00,41630.2,41691.7,41610.75,41678.45,0
2026-04-28 09:15:00,41637.7,41837.6,41580.55,41807.1,0
2026-04-28 09:30:00,41806.25,41810.25,41725.1,41783.5,0
2026-04-28 09:45:00,41783.5,41845.45,41767.05,41845.45,0
2026-04-28 10:00:00,41845.5,41882.3,41843.9,41867.7,0
2026-04-28 10:15:00,41868.15,41901.95,41844.5,41859.45,0
2026-04-28 10:30:00,41860.5,41863.3,41779.1,41804.8,0
2026-04-28 10:45:00,41804.8,41841.2,41804.8,41808.15,0
2026-04-28 11:00:00,41808.15,41821.25,41772.2,41801.25,0
2026-04-28 11:15:00,41802.05,41811.95,41716.9,41725.05,0
2026-04-28 11:30:00,41723.7,41807.75,41704.35,41802.45,0
2026-04-28 11:45:00,41802.45,41814.5,41717.75,41719.3,0
2026-04-28 12:00:00,41718.8,41723.6,41677.15,41693.2,0
2026-04-28 12:15:00,41695.4,41719.55,41654.4,41696.15,0
2026-04-28 12:30:00,41696.15,41759.8,41667.3,41753.45,0
2026-04-28 12:45:00,41753.45,41763.6,41707.95,41719.3,0
2026-04-28 13:00:00,41718.2,41739.5,41696.85,41699.7,0
2026-04-28 13:15:00,41699.7,41780.75,41696.55,41747.9,0
2026-04-28 13:30:00,41747.6,41750.65,41670.85,41699.7,0
2026-04-28 13:45:00,41699.7,41761.1,41680.95,41735.8,0
2026-04-28 14:00:00,41735.25,41736.25,41673.15,41673.65,0
2026-04-28 14:15:00,41672.0,41730.0,41657.3,41696.15,0
2026-04-28 14:30:00,41696.15,41794.5,41695.05,41793.5,0
2026-04-28 14:45:00,41793.25,41832.5,41761.85,41818.85,0
2026-04-28 15:00:00,41818.85,41835.6,41658.45,41667.95,0
2026-04-28 15:15:00,41668.65,41741.6,41663.7,41716.0,0
2026-04-29 09:15:00,41893.95,42078.2,41840.3,41983.55,0
2026-04-29 09:30:00,41985.35,42012.65,41938.45,42005.5,0
2026-04-29 09:45:00,42005.5,42075.2,41987.15,42043.5,0
2026-04-29 10:00:00,42042.05,42066.1,42020.9,42046.65,0
2026-04-29 10:15:00,42046.65,42107.3,42046.1,42070.65,0
2026-04-29 10:30:00,42070.65,42095.95,42043.6,42082.65,0
2026-04-29 10:45:00,42082.65,42103.65,42061.0,42096.5,0
2026-04-29 11:00:00,42096.1,42118.0,42065.2,42115.4,0
2026-04-29 11:15:00,42115.4,42137.25,42089.15,42089.15,0
2026-04-29 11:30:00,42089.4,42126.75,42086.3,42110.4,0
2026-04-29 11:45:00,42111.2,42152.25,42085.85,42138.0,0
2026-04-29 12:00:00,42138.0,42180.4,42124.0,42156.4,0
2026-04-29 12:15:00,42156.3,42203.9,42150.95,42156.85,0
2026-04-29 12:30:00,42156.85,42180.45,42147.45,42159.45,0
2026-04-29 12:45:00,42159.45,42177.1,42149.45,42167.25,0
2026-04-29 13:00:00,42167.25,42200.5,42158.5,42177.15,0
2026-04-29 13:15:00,42177.15,42179.35,42133.95,42142.6,0
2026-04-29 13:30:00,42141.8,42153.35,42008.3,42016.8,0
2026-04-29 13:45:00,42015.95,42086.2,41980.0,42011.05,0
2026-04-29 14:00:00,42005.9,42009.05,41919.05,41960.75,0
2026-04-29 14:15:00,41960.75,41961.6,41882.4,41896.95,0
2026-04-29 14:30:00,41896.05,41992.0,41885.8,41990.9,0
2026-04-29 14:45:00,41990.9,41991.8,41887.7,41899.85,0
2026-04-29 15:00:00,41899.85,41993.8,41894.7,41928.1,0
2026-04-29 15:15:00,41928.1,41932.35,41861.85,41897.0,0
2026-04-30 09:15:00,41810.55,41834.6,41566.85,41604.15,0
2026-04-30 09:30:00,41604.15,41680.5,41554.8,41670.35,0
2026-04-30 09:45:00,41670.35,41708.4,41553.55,41556.3,0
2026-04-30 10:00:00,41556.3,41556.65,41346.2,41350.0,0
2026-04-30 10:15:00,41348.4,41378.65,41294.9,41340.3,0
2026-04-30 10:30:00,41340.85,41443.3,41334.55,41401.6,0
2026-04-30 10:45:00,41401.6,41404.6,41316.55,41352.4,0
2026-04-30 11:00:00,41352.4,41382.05,41313.75,41316.0,0
2026-04-30 11:15:00,41316.8,41407.55,41312.2,41404.25,0
2026-04-30 11:30:00,41405.05,41441.85,41381.25,41405.0,0
2026-04-30 11:45:00,41403.7,41444.95,41392.05,41417.65,0
2026-04-30 12:00:00,41417.65,41480.7,41406.9,41480.7,0
2026-04-30 12:15:00,41483.55,41513.75,41442.45,41486.35,0
2026-04-30 12:30:00,41486.0,41502.3,41461.55,41490.1,0
2026-04-30 12:45:00,41489.35,41541.45,41486.9,41533.6,0
2026-04-30 13:00:00,41532.3,41543.65,41498.6,41521.3,0
2026-04-30 13:15:00,41520.45,41527.05,41489.8,41502.9,0
2026-04-30 13:30:00,41500.05,41573.9,41495.25,41573.9,0
2026-04-30 13:45:00,41573.35,41634.8,41544.25,41633.35,0
2026-04-30 14:00:00,41633.35,41633.35,41538.15,41594.55,0
2026-04-30 14:15:00,41594.9,41629.35,41552.5,41597.35,0
2026-04-30 14:30:00,41599.45,41723.5,41597.5,41722.3,0
2026-04-30 14:45:00,41722.3,41742.6,41654.85,41731.1,0
2026-04-30 15:00:00,41731.6,41733.3,41517.95,41564.45,0
2026-04-30 15:15:00,41561.45,41631.2,41542.4,41611.3,0
2026-05-04 09:15:00,41842.6,42136.0,41811.15,42107.6,0
2026-05-04 09:30:00,42110.7,42148.8,42104.55,42127.55,0
2026-05-04 09:45:00,42127.7,42138.65,42056.5,42132.5,0
2026-05-04 10:00:00,42135.3,42168.4,42040.3,42048.35,0
2026-05-04 10:15:00,42047.4,42091.35,41995.85,42084.35,0
2026-05-04 10:30:00,42084.9,42129.15,42026.45,42035.0,0
2026-05-04 10:45:00,42035.0,42091.1,41867.15,41884.55,0
2026-05-04 11:00:00,41884.55,42038.4,41879.05,42034.5,0
2026-05-04 11:15:00,42038.1,42060.35,42012.25,42053.6,0
2026-05-04 11:30:00,42053.6,42068.7,42024.6,42045.5,0
2026-05-04 11:45:00,42044.75,42094.9,42035.15,42040.55,0
2026-05-04 12:00:00,42038.5,42058.05,41842.85,41842.85,0
2026-05-04 12:15:00,41842.85,41904.4,41819.4,41879.7,0
2026-05-04 12:30:00,41880.05,41881.65,41792.0,41798.75,0
2026-05-04 12:45:00,41798.75,41818.0,41733.05,41782.95,0
2026-05-04 13:00:00,41783.3,41809.1,41758.45,41790.25,0
2026-05-04 13:15:00,41790.25,41795.4,41641.5,41641.5,0
2026-05-04 13:30:00,41640.8,41761.35,41588.5,41758.35,0
2026-05-04 13:45:00,41758.35,41805.6,41700.6,41736.9,0
2026-05-04 14:00:00,41738.25,41864.2,41715.85,41857.55,0
2026-05-04 14:15:00,41858.55,41918.25,41840.7,41855.25,0
2026-05-04 14:30:00,41855.25,41861.75,41803.25,41849.35,0
2026-05-04 14:45:00,41849.35,41852.65,41781.25,41846.45,0
2026-05-04 15:00:00,41848.65,41904.6,41833.0,41884.1,0
2026-05-04 15:15:00,41884.5,41942.4,41855.9,41938.75,0
2026-05-05 09:15:00,41876.25,41879.75,41655.5,41742.3,0
2026-05-05 09:30:00,41742.3,41866.65,41728.6,41749.4,0
2026-05-05 09:45:00,41752.55,41877.8,41726.2,41877.8,0
2026-05-05 10:00:00,41879.55,41902.7,41797.0,41817.1,0
2026-05-05 10:15:00,41818.2,41848.45,41767.35,41780.5,0
2026-05-05 10:30:00,41780.5,41796.9,41713.25,41721.65,0
2026-05-05 10:45:00,41721.65,41751.25,41716.45,41745.65,0
2026-05-05 11:00:00,41745.8,41853.9,41743.95,41851.4,0
2026-05-05 11:15:00,41850.95,41958.9,41849.3,41945.3,0
2026-05-05 11:30:00,41945.1,41993.05,41909.35,41914.65,0
2026-05-05 11:45:00,41914.65,41920.9,41847.8,41855.3,0
2026-05-05 12:00:00,41855.3,41902.5,41853.5,41900.75,0
2026-05-05 12:15:00,41902.85,41964.1,41902.3,41909.3,0
2026-05-05 12:30:00,41910.15,41985.0,41894.35,41951.3,0
2026-05-05 12:45:00,41951.3,41980.8,41940.35,41976.55,0
2026-05-05 13:00:00,41977.15,42068.3,41967.55,42063.4,0
2026-05-05 13:15:00,42064.0,42083.85,42007.5,42013.05,0
2026-05-05 13:30:00,42013.05,42020.65,41964.9,42010.1,0
2026-05-05 13:45:00,42010.1,42025.95,41926.8,41952.4,0
2026-05-05 14:00:00,41952.4,41965.95,41921.2,41947.8,0
2026-05-05 14:15:00,41945.25,42019.65,41932.95,42019.6,0
2026-05-05 14:30:00,42018.85,42044.75,41988.45,42031.85,0
2026-05-05 14:45:00,42031.4,42037.15,41995.4,42019.45,0
2026-05-05 15:00:00,42019.45,42065.05,42009.5,42061.5,0
2026-05-05 15:15:00,42061.5,42144.75,42059.65,42119.75,0
2026-05-06 09:15:00,42538.2,42609.65,42462.95,42470.65,0
2026-05-06 09:30:00,42469.8,42501.25,42432.45,42451.5,0
2026-05-06 09:45:00,42451.45,42554.4,42437.95,42521.2,0
2026-05-06 10:00:00,42520.85,42552.85,42477.1,42549.55,0
2026-05-06 10:15:00,42549.75,42556.0,42491.1,42498.15,0
2026-05-06 10:30:00,42500.35,42541.65,42454.45,42515.35,0
2026-05-06 10:45:00,42515.35,42526.8,42382.1,42420.8,0
2026-05-06 11:00:00,42419.95,42439.0,42337.4,42424.65,0
2026-05-06 11:15:00,42425.25,42493.45,42399.15,42490.05,0
2026-05-06 11:30:00,42490.45,42509.85,42450.75,42495.8,0
2026-05-06 11:45:00,42497.5,42512.55,42486.0,42500.4,0
2026-05-06 12:00:00,42502.5,42513.05,42471.9,42490.75,0
2026-05-06 12:15:00,42491.6,42499.7,42435.8,42493.0,0
2026-05-06 12:30:00,42492.85,42493.6,42440.55,42441.1,0
2026-05-06 12:45:00,42440.75,42456.7,42406.85,42443.2,0
2026-05-06 13:00:00,42443.2,42503.0,42408.2,42492.4,0
2026-05-06 13:15:00,42491.15,42545.85,42486.3,42539.6,0
2026-05-06 13:30:00,42539.6,42573.45,42539.6,42553.95,0
2026-05-06 13:45:00,42556.75,42603.9,42548.15,42572.0,0
2026-05-06 14:00:00,42571.4,42591.65,42557.65,42586.1,0
2026-05-06 14:15:00,42585.55,42739.65,42585.55,42724.0,0
2026-05-06 14:30:00,42725.75,42752.3,42665.35,42723.4,0
2026-05-06 14:45:00,42726.95,42734.85,42686.65,42715.05,0
2026-05-06 15:00:00,42715.45,42756.85,42681.1,42740.15,0
2026-05-06 15:15:00,42740.15,42818.8,42731.95,42805.15,0
2026-05-07 09:15:00,42998.6,43047.1,42916.65,43017.05,0
2026-05-07 09:30:00,43017.05,43066.45,42992.45,43028.85,0
2026-05-07 09:45:00,43028.85,43035.25,42887.3,42918.25,0
2026-05-07 10:00:00,42918.25,42959.5,42871.85,42881.3,0
2026-05-07 10:15:00,42883.55,42991.05,42881.5,42966.3,0
2026-05-07 10:30:00,42968.2,43010.3,42956.3,43007.15,0
2026-05-07 10:45:00,43008.05,43013.6,42971.6,42994.9,0
2026-05-07 11:00:00,42994.9,43016.45,42964.25,42988.2,0
2026-05-07 11:15:00,42987.4,43013.1,42947.85,42970.2,0
2026-05-07 11:30:00,42970.2,43000.5,42929.0,42932.2,0
2026-05-07 11:45:00,42932.2,43053.85,42931.15,43050.0,0
2026-05-07 12:00:00,43050.3,43114.2,43048.8,43086.2,0
2026-05-07 12:15:00,43086.75,43154.45,43085.4,43131.6,0
2026-05-07 12:30:00,43131.6,43225.15,43096.5,43206.5,0
2026-05-07 12:45:00,43206.5,43212.75,43119.75,43155.0,0
2026-05-07 13:00:00,43155.0,43219.55,43153.85,43216.25,0
2026-05-07 13:15:00,43216.25,43223.9,43130.1,43171.8,0
2026-05-07 13:30:00,43171.8,43224.2,43144.95,43196.75,0
2026-05-07 13:45:00,43195.45,43199.4,43163.45,43167.05,0
2026-05-07 14:00:00,43167.05,43172.75,43136.75,43151.75,0
2026-05-07 14:15:00,43151.75,43173.05,43134.6,43171.75,0
2026-05-07 14:30:00,43171.75,43189.75,43144.1,43146.4,0
2026-05-07 14:45:00,43146.4,43166.35,43112.9,43143.7,0
2026-05-07 15:00:00,43144.15,43156.2,43076.75,43085.75,0
2026-05-07 15:15:00,43086.7,43226.3,43086.45,43216.5,0
2026-05-08 09:15:00,43089.05,43104.35,42845.45,43095.15,0
2026-05-08 09:30:00,43095.15,43113.8,43012.25,43030.35,0
2026-05-08 09:45:00,43028.45,43102.8,42980.35,43094.65,0
2026-05-08 10:00:00,43096.45,43141.2,43048.65,43134.1,0
2026-05-08 10:15:00,43134.3,43230.1,43121.2,43197.65,0
2026-05-08 10:30:00,43194.15,43201.65,43112.15,43140.9,0
2026-05-08 10:45:00,43140.9,43200.75,43137.6,43176.85,0
2026-05-08 11:00:00,43174.2,43225.6,43162.7,43222.75,0
2026-05-08 11:15:00,43222.75,43253.3,43180.15,43189.4,0
2026-05-08 11:30:00,43192.8,43192.8,43149.65,43168.1,0
2026-05-08 11:45:00,43168.1,43168.1,43100.75,43133.4,0
2026-05-08 12:00:00,43133.6,43138.25,43088.25,43097.65,0
2026-05-08 12:15:00,43097.65,43099.1,43067.0,43091.55,0
2026-05-08 12:30:00,43091.55,43101.6,43045.95,43067.8,0
2026-05-08 12:45:00,43067.3,43071.35,43018.1,43061.45,0
2026-05-08 13:00:00,43061.45,43063.6,43000.9,43007.1,0
2026-05-08 13:15:00,43007.95,43067.4,42983.5,43064.25,0
2026-05-08 13:30:00,43065.6,43072.5,43023.75,43060.3,0
2026-05-08 13:45:00,43057.95,43065.0,42993.15,43004.35,0
2026-05-08 14:00:00,43004.35,43091.5,42991.95,43022.25,0
2026-05-08 14:15:00,43024.05,43051.2,42994.5,43045.95,0
2026-05-08 14:30:00,43045.85,43135.6,43045.55,43116.4,0
2026-05-08 14:45:00,43116.15,43130.25,43067.05,43078.6,0
2026-05-08 15:00:00,43078.6,43081.0,43008.65,43018.5,0
2026-05-08 15:15:00,43021.2,43036.7,42987.3,43005.25,0
2026-05-11 09:15:00,42808.9,42810.9,42456.35,42648.4,0
2026-05-11 09:30:00,42648.4,42648.4,42404.9,42430.55,0
2026-05-11 09:45:00,42432.95,42608.1,42432.95,42563.35,0
2026-05-11 10:00:00,42561.5,42765.25,42561.5,42757.1,0
2026-05-11 10:15:00,42760.9,42761.0,42625.45,42649.4,0
2026-05-11 10:30:00,42649.4,42656.4,42539.65,42542.55,0
2026-05-11 10:45:00,42542.55,42639.25,42512.3,42622.85,0
2026-05-11 11:00:00,42621.2,42754.1,42619.1,42713.55,0
2026-05-11 11:15:00,42713.55,42743.65,42688.0,42728.8,0
2026-05-11 11:30:00,42728.8,42761.9,42699.05,42748.8,0
2026-05-11 11:45:00,42748.15,42758.3,42699.55,42711.65,0
2026-05-11 12:00:00,42711.65,42750.0,42682.2,42715.05,0
2026-05-11 12:15:00,42715.15,42717.0,42679.8,42684.15,0
2026-05-11 12:30:00,42684.15,42710.75,42621.3,42699.15,0
2026-05-11 12:45:00,42699.65,42728.05,42690.05,42696.25,0
2026-05-11 13:00:00,42695.15,42727.75,42632.45,42711.1,0
2026-05-11 13:15:00,42711.9,42721.4,42615.7,42640.05,0
2026-05-11 13:30:00,42640.05,42714.05,42622.95,42688.85,0
2026-05-11 13:45:00,42686.35,42756.7,42685.8,42686.2,0
2026-05-11 14:00:00,42688.25,42711.05,42654.65,42657.25,0
2026-05-11 14:15:00,42657.6,42675.25,42634.75,42658.35,0
2026-05-11 14:30:00,42656.55,42724.35,42647.55,42668.7,0
2026-05-11 14:45:00,42670.1,42673.15,42589.45,42609.1,0
2026-05-11 15:00:00,42605.55,42611.4,42442.05,42444.7,0
2026-05-11 15:15:00,42444.7,42514.1,42439.1,42490.9,0
2026-05-12 09:15:00,42386.0,42562.75,42202.6,42206.0,0
2026-05-12 09:30:00,42201.0,42252.05,42103.7,42240.3,0
2026-05-12 09:45:00,42238.25,42293.8,42191.8,42197.0,0
2026-05-12 10:00:00,42197.0,42199.4,42121.55,42176.65,0
2026-05-12 10:15:00,42176.65,42259.75,42142.05,42152.25,0
2026-05-12 10:30:00,42152.8,42164.55,42081.45,42141.5,0
2026-05-12 10:45:00,42141.5,42144.65,42098.8,42123.2,0
2026-05-12 11:00:00,42123.2,42123.2,41991.75,41997.5,0
2026-05-12 11:15:00,41997.5,42043.2,41991.6,42029.5,0
2026-05-12 11:30:00,42027.75,42094.9,41991.2,42068.5,0
2026-05-12 11:45:00,42068.5,42087.9,42023.7,42047.75,0
2026-05-12 12:00:00,42047.05,42048.75,41988.2,41997.9,0
2026-05-12 12:15:00,41998.8,42049.4,41985.15,41987.35,0
2026-05-12 12:30:00,41987.35,41987.35,41877.55,41928.15,0
2026-05-12 12:45:00,41928.15,41951.0,41894.45,41908.1,0
2026-05-12 13:00:00,41908.1,41914.55,41838.7,41895.6,0
2026-05-12 13:15:00,41895.05,41950.75,41876.0,41904.2,0
2026-05-12 13:30:00,41904.3,41916.3,41791.75,41807.7,0
2026-05-12 13:45:00,41807.7,41864.8,41768.0,41771.8,0
2026-05-12 14:00:00,41771.8,41771.85,41678.85,41686.2,0
2026-05-12 14:15:00,41686.45,41769.0,41655.35,41703.85,0
2026-05-12 14:30:00,41707.15,41717.15,41636.5,41671.5,0
2026-05-12 14:45:00,41669.6,41680.35,41556.5,41574.85,0
2026-05-12 15:00:00,41573.15,41573.15,41399.3,41409.6,0
2026-05-12 15:15:00,41409.6,41558.35,41406.0,41547.4,0
2026-05-13 09:15:00,41649.05,41882.6,41644.8,41751.95,0
2026-05-13 09:30:00,41751.95,41788.9,41457.15,41566.75,0
2026-05-13 09:45:00,41569.1,41731.75,41543.25,41715.5,0
2026-05-13 10:00:00,41719.0,41840.6,41688.2,41789.35,0
2026-05-13 10:15:00,41789.35,41978.55,41784.7,41942.35,0
2026-05-13 10:30:00,41942.35,41985.6,41878.35,41878.35,0
2026-05-13 10:45:00,41877.95,41912.9,41700.65,41700.7,0
2026-05-13 11:00:00,41699.9,41737.95,41657.25,41699.4,0
2026-05-13 11:15:00,41699.15,41765.55,41688.2,41760.75,0
2026-05-13 11:30:00,41759.65,41939.55,41759.65,41937.5,0
2026-05-13 11:45:00,41940.2,41953.35,41869.9,41888.75,0
2026-05-13 12:00:00,41888.75,42011.1,41887.7,42007.05,0
2026-05-13 12:15:00,42007.05,42018.0,41935.65,41942.2,0
2026-05-13 12:30:00,41942.7,41953.8,41831.45,41858.75,0
2026-05-13 12:45:00,41859.25,42013.85,41852.85,42006.1,0
2026-05-13 13:00:00,42007.35,42038.35,41955.5,42014.25,0
2026-05-13 13:15:00,42014.25,42014.25,41950.85,41957.55,0
2026-05-13 13:30:00,41957.15,42028.25,41944.7,41995.25,0
2026-05-13 13:45:00,41995.25,42013.75,41912.5,41949.4,0
2026-05-13 14:00:00,41948.9,42034.7,41915.15,42019.25,0
2026-05-13 14:15:00,42018.45,42029.0,41941.1,41986.5,0
2026-05-13 14:30:00,41986.5,42045.0,41983.2,41985.55,0
2026-05-13 14:45:00,41987.3,41998.85,41955.4,41977.55,0
2026-05-13 15:00:00,41977.55,41978.5,41826.8,41861.9,0
2026-05-13 15:15:00,41861.9,41927.65,41812.25,41901.7,0
2026-05-14 09:15:00,42080.25,42201.4,42055.6,42196.35,0
2026-05-14 09:30:00,42196.45,42212.0,41896.0,41910.05,0
2026-05-14 09:45:00,41910.95,41958.7,41669.5,41708.0,0
2026-05-14 10:00:00,41708.0,41833.45,41653.65,41825.35,0
2026-05-14 10:15:00,41825.35,41949.35,41817.15,41926.8,0
2026-05-14 10:30:00,41925.9,41989.2,41894.55,41894.55,0
2026-05-14 10:45:00,41895.4,41895.4,41780.55,41781.95,0
2026-05-14 11:00:00,41780.0,41807.65,41711.35,41807.4,0
2026-05-14 11:15:00,41807.4,41907.55,41806.5,41887.65,0
2026-05-14 11:30:00,41888.95,42019.75,41878.95,42019.75,0
2026-05-14 11:45:00,42020.3,42106.65,41994.15,42095.45,0
2026-05-14 12:00:00,42093.95,42102.25,42033.05,42070.85,0
2026-05-14 12:15:00,42070.85,42210.8,42070.6,42173.3,0
2026-05-14 12:30:00,42173.3,42248.5,42131.35,42240.05,0
2026-05-14 12:45:00,42241.25,42260.65,42170.7,42182.75,0
2026-05-14 13:00:00,42182.85,42274.15,42182.85,42219.3,0
2026-05-14 13:15:00,42221.0,42257.3,42207.95,42208.65,0
2026-05-14 13:30:00,42208.65,42269.75,42201.35,42269.75,0
2026-05-14 13:45:00,42269.75,42293.85,42230.8,42284.1,0
2026-05-14 14:00:00,42284.1,42367.3,42273.95,42336.9,0
2026-05-14 14:15:00,42338.4,42378.7,42313.5,42367.1,0
2026-05-14 14:30:00,42365.85,42391.6,42309.35,42317.1,0
2026-05-14 14:45:00,42320.5,42343.7,42257.35,42321.65,0
2026-05-14 15:00:00,42323.1,42332.45,42252.8,42277.85,0
2026-05-14 15:15:00,42276.35,42359.5,42271.1,42358.3,0
2026-05-15 09:15:00,42396.6,42416.85,42131.95,42225.55,0
2026-05-15 09:30:00,42225.55,42398.35,42169.55,42398.35,0
2026-05-15 09:45:00,42400.0,42525.9,42394.55,42473.4,0
2026-05-15 10:00:00,42473.4,42483.65,42378.4,42404.0,0
2026-05-15 10:15:00,42400.9,42469.85,42400.9,42447.0,0
2026-05-15 10:30:00,42447.0,42448.75,42328.25,42333.3,0
2026-05-15 10:45:00,42330.7,42426.95,42327.55,42413.9,0
2026-05-15 11:00:00,42414.5,42417.0,42236.55,42241.25,0
2026-05-15 11:15:00,42240.6,42240.6,42164.95,42165.65,0
2026-05-15 11:30:00,42165.65,42165.65,42116.6,42148.25,0
2026-05-15 11:45:00,42149.7,42195.1,42136.05,42173.4,0
2026-05-15 12:00:00,42173.4,42268.05,42158.15,42215.95,0
2026-05-15 12:15:00,42215.95,42225.0,42138.1,42140.8,0
2026-05-15 12:30:00,42140.8,42277.55,42131.8,42271.95,0
2026-05-15 12:45:00,42273.2,42311.85,42270.05,42282.2,0
2026-05-15 13:00:00,42286.45,42303.5,42255.5,42271.65,0
2026-05-15 13:15:00,42271.65,42300.55,42255.5,42280.2,0
2026-05-15 13:30:00,42280.2,42286.95,42214.9,42238.7,0
2026-05-15 13:45:00,42238.7,42264.75,42153.9,42194.9,0
2026-05-15 14:00:00,42194.9,42208.15,42141.0,42182.15,0
2026-05-15 14:15:00,42182.15,42190.75,42112.05,42137.4,0
2026-05-15 14:30:00,42138.6,42205.55,42097.25,42170.75,0
2026-05-15 14:45:00,42170.0,42173.35,42019.7,42094.0,0
2026-05-15 15:00:00,42093.15,42169.4,42055.7,42133.15,0
2026-05-15 15:15:00,42131.2,42139.15,42070.4,42088.05,0
2026-05-18 09:15:00,41821.0,41841.75,41429.95,41453.2,0
2026-05-18 09:30:00,41453.2,41556.0,41427.15,41502.15,0
2026-05-18 09:45:00,41500.1,41500.1,41342.05,41397.1,0
2026-05-18 10:00:00,41397.1,41452.85,41383.65,41452.85,0
2026-05-18 10:15:00,41450.25,41515.8,41428.45,41448.7,0
2026-05-18 10:30:00,41444.05,41587.8,41379.9,41562.65,0
2026-05-18 10:45:00,41562.1,41626.4,41503.4,41617.4,0
2026-05-18 11:00:00,41618.85,41664.7,41597.35,41634.85,0
2026-05-18 11:15:00,41634.85,41686.8,41629.1,41675.95,0
2026-05-18 11:30:00,41675.95,41773.0,41675.35,41733.1,0
2026-05-18 11:45:00,41733.1,41740.35,41629.8,41629.8,0
2026-05-18 12:00:00,41629.8,41720.8,41614.4,41720.8,0
2026-05-18 12:15:00,41718.65,41754.6,41654.35,41744.9,0
2026-05-18 12:30:00,41744.75,41838.75,41744.75,41791.3,0
2026-05-18 12:45:00,41791.3,41874.75,41761.85,41874.75,0
2026-05-18 13:00:00,41873.9,41918.05,41807.1,41847.6,0
2026-05-18 13:15:00,41847.6,41902.0,41822.35,41872.7,0
2026-05-18 13:30:00,41873.5,41928.85,41870.7,41907.5,0
2026-05-18 13:45:00,41907.5,41953.4,41871.55,41930.15,0
2026-05-18 14:00:00,41930.15,41937.2,41866.75,41925.4,0
2026-05-18 14:15:00,41925.4,41925.4,41850.6,41901.15,0
2026-05-18 14:30:00,41901.15,41909.4,41848.5,41878.25,0
2026-05-18 14:45:00,41878.25,41896.8,41811.45,41834.0,0
2026-05-18 15:00:00,41834.2,42083.6,41834.2,41979.55,0
2026-05-18 15:15:00,41979.55,42060.9,41975.25,42017.9,0
2026-05-19 09:15:00,42088.7,42364.95,42081.0,42350.75,0
2026-05-19 09:30:00,42354.7,42438.1,42194.2,42414.85,0
2026-05-19 09:45:00,42415.85,42435.3,42375.4,42396.2,0
2026-05-19 10:00:00,42396.2,42501.15,42390.55,42480.25,0
2026-05-19 10:15:00,42480.25,42509.0,42443.3,42467.9,0
2026-05-19 10:30:00,42469.2,42486.9,42441.85,42472.35,0
2026-05-19 10:45:00,42473.55,42557.6,42472.6,42540.1,0
2026-05-19 11:00:00,42537.9,42540.5,42434.7,42437.15,0
2026-05-19 11:15:00,42436.5,42453.55,42397.65,42453.3,0
2026-05-19 11:30:00,42454.05,42484.35,42410.55,42474.85,0
2026-05-19 11:45:00,42474.75,42516.7,42464.9,42466.8,0
2026-05-19 12:00:00,42466.8,42508.25,42450.9,42508.25,0
2026-05-19 12:15:00,42506.95,42521.1,42476.45,42517.4,0
2026-05-19 12:30:00,42517.05,42540.85,42474.8,42503.6,0
2026-05-19 12:45:00,42503.6,42524.1,42467.5,42480.5,0
2026-05-19 13:00:00,42480.1,42500.9,42461.8,42470.0,0
2026-05-19 13:15:00,42470.0,42516.35,42463.35,42507.0,0
