date,open,high,low,close,volume
2015-01-09 09:15:00,451.25,451.85,450.3,451.5,0
2015-01-09 10:15:00,451.5,451.65,450.95,451.4,0
2015-01-09 11:15:00,451.4,456.35,451.4,454.8,0
2015-01-09 12:15:00,454.8,456.05,451.95,453.4,0
2015-01-09 13:15:00,453.45,455.7,453.1,454.6,0
2015-01-09 14:15:00,454.6,454.6,450.65,451.2,0
2015-01-09 15:15:00,451.25,451.6,451.1,451.45,0
2015-01-12 09:15:00,451.25,453.65,451.15,451.5,0
2015-01-12 10:15:00,451.6,452.0,450.9,451.75,0
2015-01-12 11:15:00,451.75,452.7,451.15,452.5,0
2015-01-12 12:15:00,452.5,453.3,452.1,452.25,0
2015-01-12 13:15:00,452.25,452.65,451.1,451.65,0
2015-01-12 14:15:00,451.65,451.7,449.55,449.75,0
2015-01-12 15:15:00,449.75,449.75,449.05,449.35,0
2015-01-13 09:15:00,448.35,449.65,447.85,448.85,0
2015-01-13 10:15:00,448.85,449.1,448.45,448.85,0
2015-01-13 11:15:00,448.85,449.6,448.5,448.7,0
2015-01-13 12:15:00,448.7,449.7,448.55,448.65,0
2015-01-13 13:15:00,448.65,448.65,447.8,448.65,0
2015-01-13 14:15:00,448.65,452.55,448.55,450.6,0
2015-01-13 15:15:00,450.6,451.05,450.35,450.45,0
2015-01-14 09:15:00,450.55,451.5,449.55,450.75,0
2015-01-14 10:15:00,450.75,451.6,450.5,451.5,0
2015-01-14 11:15:00,451.5,452.5,451.35,452.3,0
2015-01-14 12:15:00,452.3,454.35,452.2,453.3,0
2015-01-14 13:15:00,453.25,453.95,451.4,451.95,0
2015-01-14 14:15:00,451.95,453.55,450.85,452.4,0
2015-01-14 15:15:00,452.4,452.6,451.5,451.55,0
2015-01-15 09:15:00,444.25,446.65,442.9,445.2,0
2015-01-15 10:15:00,445.15,445.6,443.6,443.75,0
2015-01-15 11:15:00,443.75,443.9,441.9,442.35,0
2015-01-15 12:15:00,442.35,442.75,441.05,441.7,0
2015-01-15 13:15:00,441.7,441.85,440.35,440.55,0
2015-01-15 14:15:00,440.55,440.85,438.65,439.55,0
2015-01-15 15:15:00,439.55,442.3,439.55,442.3,0
2015-01-19 09:15:00,437.75,437.95,437.05,437.3,0
2015-01-19 10:15:00,437.35,437.6,436.8,437.0,0
2015-01-19 11:15:00,437.0,438.3,436.95,437.8,0
2015-01-19 12:15:00,437.8,438.75,437.5,437.65,0
2015-01-19 13:15:00,437.65,437.7,436.9,437.1,0
2015-01-19 14:15:00,437.1,438.15,437.05,437.8,0
2015-01-19 15:15:00,437.8,438.05,437.7,437.8,0
2015-01-20 09:15:00,436.65,436.65,435.45,435.45,0
2015-01-20 10:15:00,435.45,435.75,435.1,435.3,0
2015-01-20 11:15:00,435.3,435.75,434.95,435.2,0
2015-01-20 12:15:00,435.2,435.2,433.9,434.15,0
2015-01-20 13:15:00,434.15,434.65,432.4,432.55,0
2015-01-20 14:15:00,432.55,432.55,429.85,430.75,0
2015-01-20 15:15:00,430.75,430.9,430.4,430.65,0
2015-01-21 09:15:00,429.4,430.25,428.35,429.6,0
2015-01-21 10:15:00,429.6,430.85,428.75,430.15,0
2015-01-21 11:15:00,430.15,430.55,428.95,429.35,0
2015-01-21 12:15:00,429.35,430.2,429.15,429.35,0
2015-01-21 13:15:00,429.35,429.75,428.65,429.6,0
2015-01-21 14:15:00,429.6,430.15,428.7,428.8,0
2015-01-21 15:15:00,428.8,429.15,428.65,428.95,0
2015-01-22 09:15:00,428.2,428.7,427.3,427.4,0
2015-01-22 10:15:00,427.4,428.1,426.9,427.7,0
2015-01-22 11:15:00,427.75,428.0,427.2,427.55,0
2015-01-22 12:15:00,427.6,428.4,427.45,428.1,0
2015-01-22 13:15:00,428.1,428.95,427.5,428.7,0
2015-01-22 14:15:00,428.7,429.05,427.45,427.45,0
2015-01-22 15:15:00,427.45,427.5,426.8,427.5,0
2015-01-23 09:15:00,424.25,424.25,422.4,423.45,0
2015-01-23 10:15:00,423.5,425.8,423.5,425.45,0
2015-01-23 11:15:00,425.35,425.65,424.6,425.2,0
2015-01-23 12:15:00,425.25,425.3,424.3,424.5,0
2015-01-23 13:15:00,424.55,425.3,423.85,424.15,0
2015-01-23 14:15:00,424.15,424.7,423.25,423.9,0
2015-01-23 15:15:00,423.9,424.45,423.85,424.45,0
2015-01-27 09:15:00,422.3,424.45,422.15,423.15,0
2015-01-27 10:15:00,423.15,423.8,422.85,423.5,0
2015-01-27 11:15:00,423.5,424.5,423.35,424.15,0
2015-01-27 12:15:00,424.15,424.15,423.2,423.35,0
2015-01-27 13:15:00,423.35,423.7,422.65,423.3,0
2015-01-27 14:15:00,423.3,423.3,419.8,420.15,0
2015-01-27 15:15:00,420.2,420.8,420.2,420.7,0
2015-01-28 09:15:00,420.9,421.55,420.2,420.55,0
2015-01-28 10:15:00,420.55,421.1,419.6,419.65,0
2015-01-28 11:15:00,419.65,419.7,418.1,418.4,0
2015-01-28 12:15:00,418.4,420.65,417.05,419.75,0
2015-01-28 13:15:00,419.7,421.35,419.3,420.5,0
2015-01-28 14:15:00,420.5,422.2,419.9,420.05,0
2015-01-28 15:15:00,420.05,420.75,420.05,420.6,0
2015-01-29 09:15:00,421.05,422.9,421.05,422.4,0
2015-01-29 10:15:00,422.4,422.4,421.5,422.35,0
2015-01-29 11:15:00,422.4,422.85,420.8,421.05,0
2015-01-29 12:15:00,421.1,422.35,421.1,422.2,0
2015-01-29 13:15:00,422.2,422.45,420.9,421.95,0
2015-01-29 14:15:00,421.95,422.45,418.0,418.5,0
2015-01-29 15:15:00,418.55,418.85,418.45,418.75,0
2015-01-30 09:15:00,416.65,420.35,416.65,420.0,0
2015-01-30 10:15:00,420.0,422.9,419.45,422.55,0
2015-01-30 11:15:00,422.55,424.85,422.0,424.3,0
2015-01-30 12:15:00,424.25,424.5,423.15,424.25,0
2015-01-30 13:15:00,424.25,425.9,423.35,425.9,0
2015-01-30 14:15:00,425.9,427.0,424.8,425.5,0
2015-01-30 15:15:00,425.45,425.95,424.8,424.8,0
2015-02-02 09:15:00,425.95,427.4,425.75,427.2,0
2015-02-02 10:15:00,427.2,427.35,425.8,426.7,0
2015-02-02 11:15:00,426.7,428.4,426.45,427.6,0
2015-02-02 12:15:00,427.6,428.3,427.5,428.1,0
2015-02-02 13:15:00,428.05,428.2,424.15,424.85,0
2015-02-02 14:15:00,424.85,427.25,424.75,426.15,0
2015-02-02 15:15:00,426.25,426.55,425.9,426.25,0
2015-02-03 09:15:00,425.05,426.2,424.45,426.1,0
2015-02-03 10:15:00,426.1,427.6,424.4,424.75,0
2015-02-03 11:15:00,424.75,429.55,424.75,429.0,0
2015-02-03 12:15:00,429.0,429.7,428.15,429.35,0
2015-02-03 13:15:00,429.35,429.45,426.4,427.5,0
2015-02-03 14:15:00,427.6,428.45,426.95,428.05,0
2015-02-03 15:15:00,428.05,429.05,428.0,428.75,0
2015-02-04 09:15:00,426.75,429.5,426.7,429.2,0
2015-02-04 10:15:00,429.2,430.3,428.35,428.9,0
2015-02-04 11:15:00,428.9,429.1,427.95,428.8,0
2015-02-04 12:15:00,428.8,429.35,427.2,427.6,0
2015-02-04 13:15:00,427.6,428.65,427.5,428.25,0
2015-02-04 14:15:00,428.2,429.95,427.55,429.95,0
2015-02-04 15:15:00,429.95,430.9,429.9,430.6,0
2015-02-05 09:15:00,429.6,430.95,428.2,428.45,0
2015-02-05 10:15:00,428.4,429.3,427.9,428.6,0
2015-02-05 11:15:00,428.6,429.15,427.95,428.65,0
2015-02-05 12:15:00,428.65,428.75,427.35,427.35,0
2015-02-05 13:15:00,427.35,427.35,424.45,425.05,0
2015-02-05 14:15:00,425.1,430.8,424.9,430.8,0
2015-02-05 15:15:00,430.8,432.0,430.65,431.25,0
2015-02-06 09:15:00,431.45,431.75,430.1,431.65,0
2015-02-06 10:15:00,431.55,433.1,431.3,432.15,0
2015-02-06 11:15:00,432.0,432.75,431.05,431.7,0
2015-02-06 12:15:00,431.7,432.3,430.55,431.9,0
2015-02-06 13:15:00,431.9,432.5,431.5,431.8,0
2015-02-06 14:15:00,431.8,433.9,431.8,433.55,0
2015-02-06 15:15:00,433.55,433.7,432.8,433.0,0
2015-02-09 09:15:00,438.25,439.85,437.3,439.4,0
2015-02-09 10:15:00,439.35,440.0,438.55,439.6,0
2015-02-09 11:15:00,439.6,439.75,438.4,439.15,0
2015-02-09 12:15:00,439.15,439.25,437.85,438.35,0
2015-02-09 13:15:00,438.35,439.5,437.85,439.25,0
2015-02-09 14:15:00,439.25,441.4,439.1,441.15,0
2015-02-09 15:15:00,441.2,441.6,440.95,441.3,0
2015-02-10 09:15:00,443.75,444.05,436.8,438.15,0
2015-02-10 10:15:00,438.15,438.65,436.95,437.35,0
2015-02-10 11:15:00,437.35,438.85,435.1,438.7,0
2015-02-10 12:15:00,438.6,439.8,437.75,439.05,0
2015-02-10 13:15:00,439.05,443.8,438.65,442.9,0
2015-02-10 14:15:00,442.9,443.45,438.45,439.8,0
2015-02-10 15:15:00,439.9,440.1,438.6,438.6,0
2015-02-11 09:15:00,437.35,437.75,436.5,437.0,0
2015-02-11 10:15:00,437.0,437.85,435.95,437.1,0
2015-02-11 11:15:00,437.15,437.5,436.3,436.55,0
2015-02-11 12:15:00,436.55,436.9,435.25,435.6,0
2015-02-11 13:15:00,435.6,437.4,434.9,436.1,0
2015-02-11 14:15:00,436.1,436.6,435.05,436.3,0
2015-02-11 15:15:00,436.3,436.3,435.65,435.7,0
2015-02-12 09:15:00,433.7,436.4,433.55,435.85,0
2015-02-12 10:15:00,435.85,436.75,435.6,436.05,0
2015-02-12 11:15:00,436.05,437.6,435.95,437.0,0
2015-02-12 12:15:00,437.0,437.5,436.7,437.0,0
2015-02-12 13:15:00,437.0,437.15,434.85,435.0,0
2015-02-12 14:15:00,435.0,435.3,431.25,431.45,0
2015-02-12 15:15:00,431.45,431.9,431.0,431.0,0
2015-02-13 09:15:00,430.6,431.1,429.4,429.95,0
2015-02-13 10:15:00,429.95,430.85,429.65,430.3,0
2015-02-13 11:15:00,430.3,430.55,428.65,429.2,0
2015-02-13 12:15:00,429.2,429.8,428.0,428.85,0
2015-02-13 13:15:00,428.85,428.9,427.75,427.8,0
2015-02-13 14:15:00,427.8,428.1,426.6,427.3,0
2015-02-13 15:15:00,427.3,428.15,427.2,427.55,0
2015-02-16 09:15:00,426.25,426.45,424.45,424.85,0
2015-02-16 10:15:00,424.75,425.6,424.45,425.5,0
2015-02-16 11:15:00,425.55,427.0,425.55,426.75,0
2015-02-16 12:15:00,426.75,426.95,425.95,426.5,0
2015-02-16 13:15:00,426.5,426.65,425.6,425.9,0
2015-02-16 14:15:00,425.9,427.7,425.1,427.55,0
2015-02-16 15:15:00,427.6,428.1,427.45,427.45,0
2015-02-18 09:15:00,427.4,427.4,425.5,425.5,0
2015-02-18 10:15:00,425.5,425.95,425.0,425.35,0
2015-02-18 11:15:00,425.35,426.0,425.0,426.0,0
2015-02-18 12:15:00,426.0,426.15,425.35,425.4,0
2015-02-18 13:15:00,425.4,426.3,424.45,424.6,0
2015-02-18 14:15:00,424.6,424.95,423.45,424.55,0
2015-02-18 15:15:00,424.55,425.1,424.5,424.9,0
2015-02-19 09:15:00,424.05,424.2,423.15,423.5,0
2015-02-19 10:15:00,423.5,427.55,423.4,426.7,0
2015-02-19 11:15:00,426.65,427.25,426.0,426.6,0
2015-02-19 12:15:00,426.55,426.85,425.7,426.45,0
2015-02-19 13:15:00,426.45,428.3,425.9,427.85,0
2015-02-19 14:15:00,427.85,427.85,423.0,423.05,0
2015-02-19 15:15:00,423.05,423.5,422.6,423.35,0
2015-02-20 09:15:00,423.55,427.25,423.55,426.3,0
2015-02-20 10:15:00,426.3,426.55,425.6,426.0,0
2015-02-20 11:15:00,426.0,426.0,423.95,425.05,0
2015-02-20 12:15:00,425.05,425.65,424.55,425.0,0
2015-02-20 13:15:00,425.0,426.5,423.85,425.0,0
2015-02-20 14:15:00,425.0,426.55,424.5,426.5,0
2015-02-20 15:15:00,426.5,427.05,426.35,426.8,0
2015-02-23 09:15:00,425.65,426.5,425.1,426.4,0
2015-02-23 10:15:00,426.4,426.4,425.45,426.0,0
2015-02-23 11:15:00,426.0,426.85,425.95,426.1,0
2015-02-23 12:15:00,426.1,426.5,425.85,426.0,0
2015-02-23 13:15:00,426.0,429.9,425.7,429.3,0
2015-02-23 14:15:00,429.55,430.85,429.15,430.35,0
2015-02-23 15:15:00,430.35,431.4,430.25,431.2,0
2015-02-24 09:15:00,429.8,431.1,429.65,430.65,0
2015-02-24 10:15:00,430.65,431.55,429.6,430.95,0
2015-02-24 11:15:00,430.95,431.3,429.95,430.25,0
2015-02-24 12:15:00,430.25,431.25,429.95,430.75,0
2015-02-24 13:15:00,430.75,430.85,428.45,429.7,0
2015-02-24 14:15:00,429.7,432.05,429.65,429.85,0
2015-02-24 15:15:00,429.85,430.5,429.75,430.4,0
2015-02-25 09:15:00,428.45,428.6,426.6,427.7,0
2015-02-25 10:15:00,427.7,428.1,427.15,427.7,0
2015-02-25 11:15:00,427.7,427.75,427.2,427.55,0
2015-02-25 12:15:00,427.55,428.25,427.0,428.1,0
2015-02-25 13:15:00,428.1,430.15,427.55,429.95,0
2015-02-25 14:15:00,429.95,430.95,429.3,429.95,0
2015-02-25 15:15:00,429.95,430.35,429.85,430.25,0
2015-02-26 09:15:00,429.7,431.85,429.4,431.2,0
2015-02-26 10:15:00,431.2,431.95,431.1,431.35,0
2015-02-26 11:15:00,431.35,432.2,430.8,431.6,0
2015-02-26 12:15:00,431.6,433.2,431.35,431.85,0
2015-02-26 13:15:00,431.85,434.85,431.75,433.15,0
2015-02-26 14:15:00,433.15,435.0,431.85,434.45,0
2015-02-26 15:15:00,434.45,434.65,433.9,433.9,0
2015-02-27 09:15:00,432.15,432.45,430.75,431.85,0
2015-02-27 10:15:00,431.85,432.75,431.55,432.05,0
2015-02-27 11:15:00,432.0,432.1,429.95,429.95,0
2015-02-27 12:15:00,429.95,430.55,428.35,428.45,0
2015-02-27 13:15:00,428.45,428.8,427.15,427.7,0
2015-02-27 14:15:00,427.8,428.5,425.95,425.95,0
2015-02-27 15:15:00,426.0,426.65,425.85,426.1,0
2015-02-28 09:15:00,423.2,424.0,422.9,423.5,0
2015-02-28 10:15:00,423.55,424.35,422.4,422.95,0
2015-02-28 11:15:00,422.95,426.85,422.45,423.55,0
2015-02-28 12:15:00,423.5,428.15,421.9,427.45,0
2015-02-28 13:15:00,427.4,430.95,427.4,428.65,0
2015-02-28 14:15:00,428.6,428.6,423.3,423.3,0
2015-02-28 15:15:00,423.35,424.0,422.4,422.7,0
2015-03-02 09:15:00,421.4,422.85,420.7,421.1,0
2015-03-02 10:15:00,421.1,423.1,420.6,422.7,0
2015-03-02 11:15:00,422.7,424.6,422.7,423.85,0
2015-03-02 12:15:00,423.8,424.35,422.5,424.05,0
2015-03-02 13:15:00,424.05,424.3,422.6,422.6,0
2015-03-02 14:15:00,422.6,423.35,420.95,421.3,0
2015-03-02 15:15:00,421.3,421.5,420.7,421.15,0
2015-03-03 09:15:00,421.05,422.8,421.05,421.5,0
2015-03-03 10:15:00,421.55,421.8,420.75,421.55,0
2015-03-03 11:15:00,421.6,422.3,421.0,421.15,0
2015-03-03 12:15:00,421.15,421.25,420.1,420.4,0
2015-03-03 13:15:00,420.4,421.15,419.8,420.2,0
2015-03-03 14:15:00,420.15,420.45,418.95,419.8,0
2015-03-03 15:15:00,419.7,419.7,419.35,419.4,0
2015-03-04 09:15:00,414.3,416.6,413.95,415.85,0
2015-03-04 10:15:00,415.85,416.95,415.55,416.35,0
2015-03-04 11:15:00,416.35,418.4,416.1,417.55,0
2015-03-04 12:15:00,417.55,417.65,416.55,417.3,0
2015-03-04 13:15:00,417.35,418.25,416.7,418.25,0
2015-03-04 14:15:00,418.25,424.3,417.8,422.95,0
2015-03-04 15:15:00,423.2,423.9,423.05,423.3,0
2015-03-05 09:15:00,422.8,424.45,421.9,423.35,0
2015-03-05 10:15:00,423.35,423.45,422.35,422.85,0
2015-03-05 11:15:00,422.9,424.45,422.6,423.9,0
2015-03-05 12:15:00,423.9,426.4,423.65,425.95,0
2015-03-05 13:15:00,425.95,426.55,423.15,423.45,0
2015-03-05 14:15:00,423.45,424.55,421.45,421.75,0
2015-03-05 15:15:00,421.75,422.6,421.65,422.5,0
2015-03-09 09:15:00,425.0,429.1,425.0,428.4,0
2015-03-09 10:15:00,428.35,429.2,428.0,428.75,0
2015-03-09 11:15:00,428.75,429.05,428.05,428.3,0
2015-03-09 12:15:00,428.35,429.8,428.15,429.8,0
2015-03-09 13:15:00,429.8,431.45,429.6,430.35,0
2015-03-09 14:15:00,430.3,431.4,429.55,431.2,0
2015-03-09 15:15:00,431.2,432.05,431.2,432.0,0
2015-03-10 09:15:00,430.8,433.0,430.8,432.55,0
2015-03-10 10:15:00,432.55,432.55,430.4,431.25,0
2015-03-10 11:15:00,431.25,432.0,430.75,431.6,0
2015-03-10 12:15:00,431.6,432.8,431.05,432.7,0
2015-03-10 13:15:00,432.55,434.5,432.1,433.75,0
2015-03-10 14:15:00,433.85,435.3,432.75,433.35,0
2015-03-10 15:15:00,433.35,433.75,433.0,433.05,0
2015-03-11 09:15:00,432.9,433.6,432.15,432.3,0
2015-03-11 10:15:00,432.3,434.25,432.0,433.55,0
2015-03-11 11:15:00,433.55,434.9,433.45,433.75,0
2015-03-11 12:15:00,433.75,434.2,433.0,433.6,0
2015-03-11 13:15:00,433.55,434.75,432.8,432.95,0
2015-03-11 14:15:00,432.95,434.45,431.6,434.45,0
2015-03-11 15:15:00,434.55,435.2,434.2,434.2,0
2015-03-12 09:15:00,432.4,432.75,430.75,431.65,0
2015-03-12 10:15:00,431.6,431.9,431.0,431.45,0
2015-03-12 11:15:00,431.45,432.2,431.15,431.85,0
2015-03-12 12:15:00,431.85,432.0,430.95,431.55,0
2015-03-12 13:15:00,431.7,432.15,431.0,431.6,0
2015-03-12 14:15:00,431.6,431.9,430.1,430.35,0
2015-03-12 15:15:00,430.3,430.8,430.25,430.75,0
2015-03-13 09:15:00,427.35,432.9,427.35,431.95,0
2015-03-13 10:15:00,431.95,433.15,431.35,432.75,0
2015-03-13 11:15:00,432.65,435.85,432.4,434.95,0
2015-03-13 12:15:00,434.95,435.35,434.35,434.95,0
2015-03-13 13:15:00,434.95,437.35,434.4,436.55,0
2015-03-13 14:15:00,436.55,437.75,436.25,437.45,0
2015-03-13 15:15:00,437.45,437.55,436.2,436.3,0
2015-03-16 09:15:00,437.8,438.65,437.2,437.75,0
2015-03-16 10:15:00,437.75,438.15,437.3,438.05,0
2015-03-16 11:15:00,438.05,438.5,437.05,438.4,0
2015-03-16 12:15:00,438.4,439.05,438.1,438.15,0
2015-03-16 13:15:00,438.15,438.6,437.55,438.6,0
2015-03-16 14:15:00,438.6,439.05,436.65,438.0,0
2015-03-16 15:15:00,438.0,438.2,437.65,437.65,0
2015-03-17 09:15:00,435.3,436.5,433.25,433.55,0
2015-03-17 10:15:00,433.6,434.15,433.3,433.65,0
2015-03-17 11:15:00,433.65,436.25,432.9,435.65,0
2015-03-17 12:15:00,435.7,437.65,435.1,437.15,0
2015-03-17 13:15:00,437.15,438.2,436.55,436.85,0
2015-03-17 14:15:00,436.85,437.8,432.9,433.1,0
2015-03-17 15:15:00,433.1,433.7,432.6,433.55,0
2015-03-18 09:15:00,432.65,435.55,432.65,434.45,0
2015-03-18 10:15:00,434.45,435.55,434.1,434.9,0
2015-03-18 11:15:00,434.9,435.25,433.3,433.85,0
2015-03-18 12:15:00,433.75,434.45,433.45,433.7,0
2015-03-18 13:15:00,433.7,436.15,433.5,434.8,0
2015-03-18 14:15:00,434.85,436.55,434.55,435.35,0
2015-03-18 15:15:00,435.35,435.95,435.3,435.85,0
2015-03-19 09:15:00,432.4,433.25,430.5,430.9,0
2015-03-19 10:15:00,430.95,432.95,430.9,432.75,0
2015-03-19 11:15:00,432.8,433.7,432.25,432.7,0
2015-03-19 12:15:00,432.7,433.55,432.25,433.15,0
2015-03-19 13:15:00,433.1,433.15,432.15,432.65,0
2015-03-19 14:15:00,432.65,439.15,432.4,438.2,0
2015-03-19 15:15:00,438.2,438.85,438.0,438.7,0
2015-03-20 09:15:00,438.6,440.5,438.6,440.15,0
2015-03-20 10:15:00,440.15,441.25,439.65,439.9,0
2015-03-20 11:15:00,439.8,440.95,438.95,440.4,0
2015-03-20 12:15:00,440.4,441.9,440.05,441.15,0
2015-03-20 13:15:00,441.1,441.35,439.7,440.9,0
2015-03-20 14:15:00,440.85,441.8,440.25,441.55,0
2015-03-20 15:15:00,441.55,442.4,440.65,440.75,0
2015-03-23 09:15:00,440.7,442.3,439.85,441.5,0
2015-03-23 10:15:00,441.45,441.95,440.85,441.65,0
2015-03-23 11:15:00,441.55,441.95,440.55,440.75,0
2015-03-23 12:15:00,440.75,441.65,440.6,441.45,0
2015-03-23 13:15:00,441.4,443.0,440.85,442.75,0
2015-03-23 14:15:00,442.85,443.25,441.95,442.6,0
2015-03-23 15:15:00,442.6,443.3,442.55,442.8,0
2015-03-24 09:15:00,443.6,443.6,441.3,441.4,0
2015-03-24 10:15:00,441.4,442.15,441.0,441.25,0
2015-03-24 11:15:00,441.25,441.65,440.2,441.1,0
2015-03-24 12:15:00,441.1,441.55,440.8,441.4,0
2015-03-24 13:15:00,441.4,443.1,439.35,439.4,0
2015-03-24 14:15:00,439.2,443.55,438.95,443.35,0
2015-03-24 15:15:00,443.35,443.5,442.8,442.85,0
2015-03-25 09:15:00,442.05,443.35,441.95,443.2,0
2015-03-25 10:15:00,443.2,443.55,442.45,442.8,0
2015-03-25 11:15:00,442.7,443.65,442.65,443.25,0
2015-03-25 12:15:00,443.25,443.95,443.2,443.75,0
2015-03-25 13:15:00,443.7,444.65,443.4,443.65,0
2015-03-25 14:15:00,443.65,444.7,443.1,443.9,0
2015-03-25 15:15:00,443.95,444.7,443.9,444.7,0
2015-03-26 09:15:00,447.0,447.6,445.85,447.15,0
2015-03-26 10:15:00,447.15,447.75,446.95,447.4,0
2015-03-26 11:15:00,447.4,448.9,447.25,448.2,0
2015-03-26 12:15:00,448.3,449.1,448.15,448.45,0
2015-03-26 13:15:00,448.4,450.85,448.35,450.15,0
2015-03-26 14:15:00,450.15,454.75,450.15,454.15,0
2015-03-26 15:15:00,454.15,454.7,451.85,451.85,0
2015-03-27 09:15:00,451.1,453.8,450.4,452.9,0
2015-03-27 10:15:00,452.9,454.3,452.4,453.15,0
2015-03-27 11:15:00,453.1,455.3,452.85,455.05,0
2015-03-27 12:15:00,454.95,457.95,454.9,456.25,0
2015-03-27 13:15:00,456.5,456.85,453.55,454.45,0
2015-03-27 14:15:00,454.45,455.35,452.75,453.85,0
2015-03-27 15:15:00,453.85,454.25,453.7,453.7,0
2015-03-30 09:15:00,451.65,452.2,450.5,451.2,0
2015-03-30 10:15:00,451.2,451.3,449.4,450.25,0
2015-03-30 11:15:00,450.15,451.2,450.0,450.95,0
2015-03-30 12:15:00,450.95,451.2,449.3,449.65,0
2015-03-30 13:15:00,449.65,449.65,447.45,447.75,0
2015-03-30 14:15:00,447.75,448.15,445.95,446.1,0
2015-03-30 15:15:00,446.1,446.45,445.55,445.6,0
2015-03-31 09:15:00,444.35,445.8,444.25,445.1,0
2015-03-31 10:15:00,445.1,445.4,444.3,444.85,0
2015-03-31 11:15:00,444.7,445.15,444.25,444.35,0
2015-03-31 12:15:00,444.3,445.05,444.0,444.3,0
2015-03-31 13:15:00,444.3,444.3,443.2,443.95,0
2015-03-31 14:15:00,443.95,448.1,443.95,446.05,0
2015-03-31 15:15:00,446.05,446.7,445.95,446.7,0
2015-04-01 09:15:00,446.8,447.8,446.45,446.7,0
2015-04-01 10:15:00,446.7,447.1,446.1,446.45,0
2015-04-01 11:15:00,446.45,447.25,445.95,446.8,0
2015-04-01 12:15:00,446.85,446.9,445.0,445.2,0
2015-04-01 13:15:00,445.3,445.35,443.75,443.8,0
2015-04-01 14:15:00,443.8,444.75,441.5,441.7,0
2015-04-01 15:15:00,441.7,441.75,440.65,441.3,0
2015-04-06 09:15:00,440.3,442.35,440.3,441.7,0
2015-04-06 10:15:00,441.7,442.0,441.05,441.75,0
2015-04-06 11:15:00,441.75,442.4,441.5,442.25,0
2015-04-06 12:15:00,442.25,442.25,440.85,440.9,0
2015-04-06 13:15:00,440.9,441.1,439.45,439.65,0
2015-04-06 14:15:00,439.65,440.2,437.7,438.2,0
2015-04-06 15:15:00,438.2,438.4,437.7,438.3,0
2015-04-07 09:15:00,436.9,438.35,436.5,437.65,0
2015-04-07 10:15:00,437.6,440.45,437.55,440.3,0
2015-04-07 11:15:00,440.3,440.85,437.15,440.5,0
2015-04-07 12:15:00,440.5,441.8,440.05,440.8,0
2015-04-07 13:15:00,440.75,441.5,440.4,440.6,0
2015-04-07 14:15:00,440.45,440.85,437.8,437.8,0
2015-04-07 15:15:00,437.8,438.25,437.0,437.35,0
2015-04-08 09:15:00,436.25,436.5,435.4,436.4,0
2015-04-08 10:15:00,436.4,437.2,435.9,436.0,0
2015-04-08 11:15:00,435.95,436.85,434.8,434.9,0
2015-04-08 12:15:00,434.9,436.15,434.75,435.55,0
2015-04-08 13:15:00,435.55,436.4,434.8,435.65,0
2015-04-08 14:15:00,435.7,436.1,434.8,435.35,0
2015-04-08 15:15:00,435.35,435.55,435.25,435.35,0
2015-04-09 09:15:00,433.45,437.1,433.35,435.95,0
2015-04-09 10:15:00,435.95,435.95,434.5,434.95,0
2015-04-09 11:15:00,434.9,435.6,434.6,434.8,0
2015-04-09 12:15:00,434.8,434.8,433.85,434.0,0
2015-04-09 13:15:00,434.0,436.2,433.05,435.05,0
2015-04-09 14:15:00,435.1,436.1,432.15,432.2,0
2015-04-09 15:15:00,432.2,432.6,432.0,432.55,0
2015-04-10 09:15:00,432.65,433.35,432.3,433.15,0
2015-04-10 10:15:00,433.15,433.3,432.75,433.0,0
2015-04-10 11:15:00,433.0,434.3,433.0,433.4,0
2015-04-10 12:15:00,433.4,434.2,433.3,433.9,0
2015-04-10 13:15:00,433.85,434.55,432.5,433.1,0
2015-04-10 14:15:00,433.25,433.7,432.05,432.2,0
2015-04-10 15:15:00,432.2,432.95,432.15,432.9,0
2015-04-13 09:15:00,431.55,433.45,431.55,433.25,0
2015-04-13 10:15:00,433.25,433.25,432.4,432.6,0
2015-04-13 11:15:00,432.6,432.8,431.3,431.3,0
2015-04-13 12:15:00,431.3,431.4,430.35,430.85,0
2015-04-13 13:15:00,430.85,432.35,430.65,431.25,0
2015-04-13 14:15:00,431.25,431.5,429.6,430.0,0
2015-04-13 15:15:00,430.0,430.35,429.9,430.25,0
2015-04-15 09:15:00,429.6,431.55,429.6,431.3,0
2015-04-15 10:15:00,431.3,431.7,431.0,431.25,0
2015-04-15 11:15:00,431.25,432.0,431.0,431.2,0
2015-04-15 12:15:00,431.2,431.4,430.75,431.1,0
2015-04-15 13:15:00,431.1,431.55,430.25,430.5,0
2015-04-15 14:15:00,430.5,435.35,430.05,435.0,0
2015-04-15 15:15:00,435.0,435.55,434.25,435.1,0
2015-04-16 09:15:00,433.95,436.65,433.85,436.3,0
2015-04-16 10:15:00,436.3,437.55,436.0,437.1,0
2015-04-16 11:15:00,437.1,437.25,436.4,437.1,0
2015-04-16 12:15:00,437.1,439.15,437.1,438.95,0
2015-04-16 13:15:00,438.95,439.5,436.95,437.95,0
2015-04-16 14:15:00,438.05,438.75,435.6,436.35,0
2015-04-16 15:15:00,436.35,437.05,436.15,437.05,0
2015-04-17 09:15:00,437.0,439.9,436.95,439.65,0
2015-04-17 10:15:00,439.65,439.9,438.3,438.7,0
2015-04-17 11:15:00,438.7,439.45,438.4,439.35,0
2015-04-17 12:15:00,439.35,440.1,438.75,439.85,0
2015-04-17 13:15:00,439.85,440.4,439.25,440.0,0
2015-04-17 14:15:00,440.0,441.9,439.4,441.9,0
2015-04-17 15:15:00,441.9,442.05,441.45,441.7,0
2015-04-20 09:15:00,441.25,444.85,441.25,444.45,0
2015-04-20 10:15:00,444.45,445.65,444.05,445.65,0
2015-04-20 11:15:00,445.65,445.8,444.5,445.1,0
2015-04-20 12:15:00,445.1,446.05,444.1,446.05,0
2015-04-20 13:15:00,446.05,447.75,445.5,447.6,0
2015-04-20 14:15:00,447.6,451.2,447.5,449.65,0
2015-04-20 15:15:00,449.7,450.3,449.7,450.25,0
2015-04-21 09:15:00,451.8,452.75,449.0,451.6,0
2015-04-21 10:15:00,451.6,453.55,450.2,451.15,0
2015-04-21 11:15:00,451.15,451.5,449.45,451.4,0
2015-04-21 12:15:00,451.4,451.75,449.35,449.65,0
2015-04-21 13:15:00,449.65,451.55,449.6,451.0,0
2015-04-21 14:15:00,451.0,455.15,450.45,454.4,0
2015-04-21 15:15:00,454.4,454.4,452.8,452.8,0
2015-04-22 09:15:00,452.7,453.7,451.5,453.15,0
2015-04-22 10:15:00,453.1,454.45,452.7,452.95,0
2015-04-22 11:15:00,452.95,453.45,452.4,453.35,0
2015-04-22 12:15:00,453.35,454.7,452.9,454.4,0
2015-04-22 13:15:00,454.4,458.9,454.4,457.55,0
2015-04-22 14:15:00,457.6,458.2,450.6,450.6,0
2015-04-22 15:15:00,450.6,451.1,450.05,450.75,0
2015-04-23 09:15:00,448.6,450.0,447.25,448.15,0
2015-04-23 10:15:00,448.15,452.75,447.75,451.85,0
2015-04-23 11:15:00,451.85,453.25,451.2,452.15,0
2015-04-23 12:15:00,452.15,454.15,452.0,454.15,0
2015-04-23 13:15:00,454.15,454.8,451.95,453.15,0
2015-04-23 14:15:00,453.15,453.85,449.9,452.7,0
2015-04-23 15:15:00,452.7,453.6,452.7,453.3,0
2015-04-24 09:15:00,452.6,456.0,452.5,455.15,0
2015-04-24 10:15:00,455.15,457.1,455.0,456.6,0
2015-04-24 11:15:00,456.6,457.2,454.85,455.6,0
2015-04-24 12:15:00,455.6,456.15,454.8,456.1,0
2015-04-24 13:15:00,456.1,456.8,455.5,455.75,0
2015-04-24 14:15:00,455.75,459.65,455.4,458.0,0
2015-04-24 15:15:00,458.0,458.05,456.75,457.3,0
2015-04-27 09:15:00,456.85,461.7,456.7,461.4,0
2015-04-27 10:15:00,461.4,462.9,460.55,461.55,0
2015-04-27 11:15:00,461.65,461.65,459.55,460.6,0
2015-04-27 12:15:00,460.65,461.7,460.35,460.65,0
2015-04-27 13:15:00,460.65,462.6,460.65,461.35,0
2015-04-27 14:15:00,461.35,463.5,461.35,462.85,0
2015-04-27 15:15:00,462.85,463.8,462.65,463.8,0
2015-04-28 09:15:00,463.3,464.95,460.75,461.75,0
2015-04-28 10:15:00,461.75,462.45,460.6,461.3,0
2015-04-28 11:15:00,461.3,464.45,461.3,463.65,0
2015-04-28 12:15:00,463.65,464.25,462.7,463.95,0
2015-04-28 13:15:00,463.95,464.65,462.05,463.45,0
2015-04-28 14:15:00,463.35,463.35,458.1,458.65,0
2015-04-28 15:15:00,458.65,460.7,458.65,460.55,0
2015-04-29 09:15:00,460.05,461.3,459.15,460.75,0
2015-04-29 10:15:00,460.75,463.1,460.75,461.95,0
2015-04-29 11:15:00,461.95,462.75,461.6,461.6,0
2015-04-29 12:15:00,461.65,462.2,458.6,460.1,0
2015-04-29 13:15:00,460.1,460.75,458.2,459.65,0
2015-04-29 14:15:00,459.65,462.6,459.15,462.1,0
2015-04-29 15:15:00,462.0,462.45,461.8,462.25,0
2015-04-30 09:15:00,462.95,467.25,462.85,466.35,0
2015-04-30 10:15:00,466.35,466.5,465.5,465.65,0
2015-04-30 11:15:00,465.7,465.9,464.6,465.45,0
2015-04-30 12:15:00,465.5,467.4,465.0,466.6,0
2015-04-30 13:15:00,466.6,467.25,465.0,465.45,0
2015-04-30 14:15:00,465.45,466.15,463.75,465.9,0
2015-04-30 15:15:00,465.9,465.95,463.75,463.75,0
2015-05-04 09:15:00,462.95,463.35,459.4,461.2,0
2015-05-04 10:15:00,461.2,461.45,460.1,460.1,0
2015-05-04 11:15:00,460.1,460.2,459.25,459.35,0
2015-05-04 12:15:00,459.35,460.3,459.1,459.65,0
2015-05-04 13:15:00,459.65,460.1,458.9,459.3,0
2015-05-04 14:15:00,459.3,461.1,456.95,457.3,0
2015-05-04 15:15:00,457.3,457.4,456.4,456.55,0
2015-05-05 09:15:00,456.85,458.95,456.85,458.0,0
2015-05-05 10:15:00,457.9,458.05,455.95,456.3,0
2015-05-05 11:15:00,456.25,458.05,456.2,457.1,0
2015-05-05 12:15:00,457.1,459.1,456.85,459.0,0
2015-05-05 13:15:00,459.0,460.0,457.75,457.95,0
2015-05-05 14:15:00,457.95,459.25,457.2,457.5,0
2015-05-05 15:15:00,457.5,457.9,457.5,457.7,0
2015-05-06 09:15:00,458.15,467.8,457.5,466.45,0
2015-05-06 10:15:00,466.35,467.7,465.5,467.05,0
2015-05-06 11:15:00,467.05,468.95,467.0,468.2,0
2015-05-06 12:15:00,468.2,470.0,467.9,468.85,0
2015-05-06 13:15:00,468.85,469.25,467.35,467.35,0
2015-05-06 14:15:00,467.25,470.35,467.1,470.1,0
2015-05-06 15:15:00,470.1,471.0,470.1,470.45,0
2015-05-07 09:15:00,471.5,473.9,468.9,469.9,0
2015-05-07 10:15:00,469.9,471.8,469.25,471.1,0
2015-05-07 11:15:00,471.1,472.65,470.35,472.6,0
2015-05-07 12:15:00,472.6,474.3,471.05,472.15,0
2015-05-07 13:15:00,472.15,474.5,471.6,473.95,0
2015-05-07 14:15:00,474.0,476.05,471.5,471.9,0
2015-05-07 15:15:00,471.9,473.25,471.6,473.15,0
2015-05-08 09:15:00,468.4,468.8,465.8,466.55,0
2015-05-08 10:15:00,466.55,467.1,465.85,466.2,0
2015-05-08 11:15:00,466.2,466.8,464.95,466.25,0
2015-05-08 12:15:00,466.25,466.4,464.1,464.65,0
2015-05-08 13:15:00,464.7,466.0,464.1,464.65,0
2015-05-08 14:15:00,464.65,465.25,462.9,465.25,0
2015-05-08 15:15:00,465.25,465.65,464.85,464.9,0
2015-05-11 09:15:00,462.25,463.25,460.75,461.4,0
2015-05-11 10:15:00,461.4,461.4,459.55,459.55,0
2015-05-11 11:15:00,459.55,459.55,458.1,459.0,0
2015-05-11 12:15:00,459.0,459.1,457.75,458.6,0
2015-05-11 13:15:00,458.6,459.1,458.0,458.6,0
2015-05-11 14:15:00,458.6,459.7,457.15,457.4,0
2015-05-11 15:15:00,457.4,457.8,457.3,457.75,0
2015-05-12 09:15:00,457.6,466.15,457.6,465.65,0
2015-05-12 10:15:00,465.65,466.8,465.3,466.15,0
2015-05-12 11:15:00,466.2,467.2,465.4,467.1,0
2015-05-12 12:15:00,467.1,467.9,466.45,467.65,0
2015-05-12 13:15:00,467.65,468.4,466.6,467.9,0
2015-05-12 14:15:00,467.9,469.2,467.15,469.05,0
2015-05-12 15:15:00,469.05,469.1,468.0,468.6,0
2015-05-13 09:15:00,465.5,466.9,461.3,461.85,0
2015-05-13 10:15:00,461.85,470.65,461.55,468.9,0
2015-05-13 11:15:00,468.9,469.15,467.25,468.65,0
2015-05-13 12:15:00,468.65,468.7,465.45,466.2,0
2015-05-13 13:15:00,466.2,466.45,462.15,463.1,0
2015-05-13 14:15:00,463.1,464.4,461.9,462.5,0
2015-05-13 15:15:00,462.45,462.7,462.25,462.3,0
2015-05-14 09:15:00,462.7,467.9,462.7,464.25,0
2015-05-14 10:15:00,464.25,466.2,463.25,465.45,0
2015-05-14 11:15:00,465.45,465.7,464.7,465.0,0
2015-05-14 12:15:00,465.0,466.85,464.85,465.8,0
2015-05-14 13:15:00,465.8,466.1,463.95,464.4,0
2015-05-14 14:15:00,464.4,464.7,462.7,462.85,0
2015-05-14 15:15:00,462.85,463.4,462.5,463.35,0
2015-05-15 09:15:00,462.35,463.85,460.2,461.85,0
2015-05-15 10:15:00,461.85,463.0,461.5,462.3,0
2015-05-15 11:15:00,462.3,462.4,461.0,461.3,0
2015-05-15 12:15:00,461.3,462.0,460.55,461.25,0
2015-05-15 13:15:00,461.3,461.95,460.7,461.35,0
2015-05-15 14:15:00,461.35,462.35,460.5,461.15,0
2015-05-15 15:15:00,461.15,461.5,461.0,461.4,0
2015-05-18 09:15:00,460.1,460.8,458.1,458.5,0
2015-05-18 10:15:00,458.5,460.25,458.05,459.8,0
2015-05-18 11:15:00,459.8,459.8,458.9,459.05,0
2015-05-18 12:15:00,459.05,459.85,458.7,459.05,0
2015-05-18 13:15:00,459.05,459.15,457.5,457.9,0
2015-05-18 14:15:00,457.9,457.9,454.55,455.05,0
2015-05-18 15:15:00,455.05,455.2,454.75,455.1,0
2015-05-19 09:15:00,456.2,457.35,455.6,456.15,0
2015-05-19 10:15:00,456.15,456.45,455.55,456.0,0
2015-05-19 11:15:00,455.95,456.05,453.8,453.8,0
2015-05-19 12:15:00,453.9,454.3,453.2,453.35,0
2015-05-19 13:15:00,453.35,454.15,452.35,453.95,0
2015-05-19 14:15:00,453.95,457.3,453.95,455.55,0
2015-05-19 15:15:00,455.55,456.25,455.55,456.2,0
2015-05-20 09:15:00,454.3,454.3,451.75,452.65,0
2015-05-20 10:15:00,452.65,453.0,451.9,452.05,0
2015-05-20 11:15:00,452.05,453.55,451.75,453.45,0
2015-05-20 12:15:00,453.45,453.9,452.45,453.1,0
2015-05-20 13:15:00,453.1,453.75,452.5,452.85,0
2015-05-20 14:15:00,452.85,453.1,452.1,452.6,0
2015-05-20 15:15:00,452.65,453.25,452.4,453.1,0
2015-05-21 09:15:00,452.15,454.9,451.8,454.2,0
2015-05-21 10:15:00,454.2,454.95,453.55,453.9,0
2015-05-21 11:15:00,453.9,454.55,453.6,453.65,0
2015-05-21 12:15:00,453.6,454.05,452.9,453.5,0
2015-05-21 13:15:00,453.5,453.65,452.2,453.4,0
2015-05-21 14:15:00,453.4,453.7,452.6,452.85,0
2015-05-21 15:15:00,452.75,453.15,452.6,452.95,0
2015-05-22 09:15:00,452.35,452.95,451.9,452.3,0
2015-05-22 10:15:00,452.25,452.25,450.35,450.7,0
2015-05-22 11:15:00,450.7,450.8,449.8,449.9,0
2015-05-22 12:15:00,449.9,451.05,449.65,449.7,0
2015-05-22 13:15:00,449.65,451.6,449.35,450.9,0
2015-05-22 14:15:00,450.9,451.7,450.3,450.8,0
2015-05-22 15:15:00,450.8,451.6,450.5,451.45,0
2015-05-25 09:15:00,452.3,453.55,452.1,452.8,0
2015-05-25 10:15:00,452.8,453.05,452.3,453.0,0
2015-05-25 11:15:00,453.0,453.15,452.5,452.7,0
2015-05-25 12:15:00,452.7,454.9,452.7,454.45,0
2015-05-25 13:15:00,454.45,455.9,454.45,455.05,0
2015-05-25 14:15:00,455.05,456.25,454.35,455.75,0
2015-05-25 15:15:00,455.7,456.05,455.6,455.9,0
2015-05-26 09:15:00,455.65,457.8,455.65,456.15,0
2015-05-26 10:15:00,456.15,457.3,456.1,456.85,0
2015-05-26 11:15:00,456.85,457.2,456.45,456.9,0
2015-05-26 12:15:00,456.9,457.35,456.7,457.15,0
2015-05-26 13:15:00,457.15,458.65,457.1,458.2,0
2015-05-26 14:15:00,458.2,458.75,457.8,458.1,0
2015-05-26 15:15:00,458.1,458.15,457.0,457.0,0
2015-05-27 09:15:00,459.8,461.15,458.15,458.8,0
2015-05-27 10:15:00,458.8,459.3,458.1,459.3,0
2015-05-27 11:15:00,459.35,459.55,459.0,459.15,0
2015-05-27 12:15:00,459.15,459.55,457.75,457.9,0
2015-05-27 13:15:00,457.9,459.55,457.9,459.3,0
2015-05-27 14:15:00,459.35,459.35,458.1,458.3,0
2015-05-27 15:15:00,458.3,458.4,457.65,458.05,0
2015-05-28 09:15:00,457.55,458.1,456.55,457.8,0
2015-05-28 10:15:00,457.8,459.25,457.55,459.1,0
2015-05-28 11:15:00,459.1,460.4,458.6,460.4,0
2015-05-28 12:15:00,460.45,461.7,459.8,461.2,0
2015-05-28 13:15:00,461.25,461.6,460.45,460.7,0
2015-05-28 14:15:00,460.7,460.9,458.5,458.9,0
2015-05-28 15:15:00,458.95,459.3,458.75,458.95,0
2015-05-29 09:15:00,458.7,459.75,456.8,457.0,0
2015-05-29 10:15:00,457.0,457.0,453.75,453.85,0
2015-05-29 11:15:00,453.85,454.45,453.55,454.05,0
2015-05-29 12:15:00,454.05,454.55,453.6,454.0,0
2015-05-29 13:15:00,454.05,456.35,453.95,455.35,0
2015-05-29 14:15:00,455.35,455.55,452.25,452.85,0
2015-05-29 15:15:00,452.9,453.25,452.35,452.75,0
2015-06-01 09:15:00,453.9,453.9,452.3,452.9,0
2015-06-01 10:15:00,452.9,453.1,451.65,451.65,0
2015-06-01 11:15:00,451.65,452.7,451.25,452.1,0
2015-06-01 12:15:00,452.1,452.6,451.5,452.0,0
2015-06-01 13:15:00,452.0,453.35,451.55,452.85,0
2015-06-01 14:15:00,452.85,453.45,452.4,452.9,0
2015-06-01 15:15:00,452.9,453.6,452.75,453.6,0
2015-06-02 09:15:00,452.65,456.7,452.65,455.15,0
2015-06-02 10:15:00,455.15,458.65,454.95,457.5,0
2015-06-02 11:15:00,457.5,460.45,457.15,457.5,0
2015-06-02 12:15:00,457.5,460.5,457.15,460.05,0
2015-06-02 13:15:00,460.05,461.6,459.4,461.45,0
2015-06-02 14:15:00,461.45,463.75,461.45,463.75,0
2015-06-02 15:15:00,463.75,464.25,463.7,463.95,0
2015-06-03 09:15:00,464.05,467.35,464.05,466.85,0
2015-06-03 10:15:00,466.85,467.8,466.3,467.2,0
2015-06-03 11:15:00,467.2,471.8,467.05,469.75,0
2015-06-03 12:15:00,469.7,471.15,468.75,469.3,0
2015-06-03 13:15:00,469.3,470.85,468.05,470.7,0
2015-06-03 14:15:00,470.7,471.4,469.35,469.95,0
2015-06-03 15:15:00,469.95,470.05,468.55,468.75,0
2015-06-04 09:15:00,468.45,471.25,468.45,469.5,0
2015-06-04 10:15:00,469.55,470.3,468.6,469.25,0
2015-06-04 11:15:00,469.25,470.95,468.95,470.7,0
2015-06-04 12:15:00,470.7,472.9,470.1,472.75,0
2015-06-04 13:15:00,472.75,474.1,472.6,473.45,0
2015-06-04 14:15:00,473.45,473.55,469.3,470.1,0
2015-06-04 15:15:00,470.05,470.25,469.45,469.6,0
2015-06-05 09:15:00,470.65,471.45,469.6,470.3,0
2015-06-05 10:15:00,470.4,471.6,469.9,470.65,0
2015-06-05 11:15:00,470.65,470.85,467.05,467.6,0
2015-06-05 12:15:00,467.6,470.0,467.6,468.55,0
2015-06-05 13:15:00,468.55,468.8,466.75,467.15,0
2015-06-05 14:15:00,467.2,471.4,466.5,470.65,0
2015-06-05 15:15:00,470.65,471.35,470.65,471.05,0
2015-06-08 09:15:00,470.65,474.7,470.5,473.2,0
2015-06-08 10:15:00,473.2,474.2,473.15,473.75,0
2015-06-08 11:15:00,473.75,474.5,473.5,474.1,0
2015-06-08 12:15:00,474.1,475.1,473.85,474.65,0
2015-06-08 13:15:00,474.65,475.9,474.65,474.95,0
2015-06-08 14:15:00,474.95,475.7,473.3,474.85,0
2015-06-08 15:15:00,474.85,476.1,474.85,475.85,0
2015-06-09 09:15:00,476.45,477.2,474.7,476.25,0
2015-06-09 10:15:00,476.2,477.5,475.85,476.8,0
2015-06-09 11:15:00,476.8,476.8,475.65,476.3,0
2015-06-09 12:15:00,476.3,476.55,475.0,475.45,0
2015-06-09 13:15:00,475.45,476.3,474.65,475.95,0
2015-06-09 14:15:00,475.9,477.7,475.9,476.5,0
2015-06-09 15:15:00,476.5,477.25,476.5,477.1,0
2015-06-10 09:15:00,476.7,476.7,471.7,472.3,0
2015-06-10 10:15:00,472.25,472.85,471.55,472.55,0
2015-06-10 11:15:00,472.55,473.05,471.65,471.85,0
2015-06-10 12:15:00,471.85,472.4,471.25,471.65,0
2015-06-10 13:15:00,471.65,472.7,471.4,471.5,0
2015-06-10 14:15:00,471.5,471.65,469.1,470.85,0
2015-06-10 15:15:00,470.85,471.1,470.5,470.85,0
2015-06-11 09:15:00,468.9,470.9,468.8,470.8,0
2015-06-11 10:15:00,470.8,476.25,470.6,475.95,0
2015-06-11 11:15:00,475.95,477.4,475.15,475.85,0
2015-06-11 12:15:00,475.85,476.45,474.95,476.05,0
2015-06-11 13:15:00,476.05,478.05,475.65,477.2,0
2015-06-11 14:15:00,477.2,480.3,476.8,479.85,0
2015-06-11 15:15:00,479.8,480.4,479.8,480.05,0
2015-06-12 09:15:00,480.45,481.6,479.2,479.25,0
2015-06-12 10:15:00,479.3,480.2,478.8,480.2,0
2015-06-12 11:15:00,480.2,480.85,478.35,478.45,0
2015-06-12 12:15:00,478.45,480.55,478.35,480.2,0
2015-06-12 13:15:00,480.15,481.1,479.6,480.85,0
2015-06-12 14:15:00,480.85,481.6,478.6,478.95,0
2015-06-12 15:15:00,478.95,479.3,478.55,478.6,0
2015-06-15 09:15:00,479.1,481.55,476.3,479.35,0
2015-06-15 10:15:00,479.35,479.35,476.65,477.05,0
2015-06-15 11:15:00,477.05,477.85,476.95,477.3,0
2015-06-15 12:15:00,477.3,479.25,476.85,476.85,0
2015-06-15 13:15:00,476.85,477.0,474.85,476.1,0
2015-06-15 14:15:00,476.1,477.6,475.45,477.3,0
2015-06-15 15:15:00,477.3,478.0,477.15,477.8,0
2015-06-16 09:15:00,478.15,480.0,478.0,479.7,0
2015-06-16 10:15:00,479.7,479.7,478.6,479.15,0
2015-06-16 11:15:00,479.15,479.9,478.75,479.75,0
2015-06-16 12:15:00,479.75,480.65,479.15,480.55,0
2015-06-16 13:15:00,480.55,481.2,479.7,479.7,0
2015-06-16 14:15:00,479.7,480.05,475.0,475.3,0
2015-06-16 15:15:00,475.35,475.75,474.75,474.95,0
2015-06-17 09:15:00,473.5,475.5,473.05,474.75,0
2015-06-17 10:15:00,474.75,474.9,473.8,473.9,0
2015-06-17 11:15:00,473.9,473.95,473.35,473.55,0
2015-06-17 12:15:00,473.55,474.5,473.15,473.95,0
2015-06-17 13:15:00,473.95,474.65,471.5,471.65,0
2015-06-17 14:15:00,471.65,473.9,470.4,473.2,0
2015-06-17 15:15:00,473.2,473.3,472.8,473.2,0
2015-06-18 09:15:00,471.85,472.35,469.2,470.35,0
2015-06-18 10:15:00,470.35,470.35,468.8,469.25,0
2015-06-18 11:15:00,469.25,470.15,469.05,469.15,0
2015-06-18 12:15:00,469.1,470.0,468.1,468.15,0
2015-06-18 13:15:00,468.15,468.8,467.6,467.8,0
2015-06-18 14:15:00,467.8,469.25,467.65,468.35,0
2015-06-18 15:15:00,468.3,468.85,468.1,468.1,0
2015-06-19 09:15:00,466.85,466.85,465.5,465.5,0
2015-06-19 10:15:00,465.5,465.75,465.0,465.0,0
2015-06-19 11:15:00,465.0,465.65,464.9,465.45,0
2015-06-19 12:15:00,465.45,466.95,465.45,465.6,0
2015-06-19 13:15:00,465.6,465.8,464.75,464.75,0
2015-06-19 14:15:00,464.75,466.15,464.05,466.05,0
2015-06-19 15:15:00,466.1,466.1,464.85,465.0,0
2015-06-22 09:15:00,463.8,463.8,461.35,461.45,0
2015-06-22 10:15:00,461.45,461.6,460.15,460.4,0
2015-06-22 11:15:00,460.4,461.1,459.65,459.8,0
2015-06-22 12:15:00,459.8,460.1,459.25,459.45,0
2015-06-22 13:15:00,459.45,459.45,458.2,459.0,0
2015-06-22 14:15:00,459.0,459.0,457.6,458.55,0
2015-06-22 15:15:00,458.55,458.75,458.2,458.5,0
2015-06-23 09:15:00,457.25,459.55,456.55,456.6,0
2015-06-23 10:15:00,456.6,458.25,456.1,457.95,0
2015-06-23 11:15:00,457.9,458.75,457.35,457.45,0
2015-06-23 12:15:00,457.4,457.45,456.65,457.0,0
2015-06-23 13:15:00,456.95,457.75,456.2,457.45,0
2015-06-23 14:15:00,457.5,457.5,456.45,456.9,0
2015-06-23 15:15:00,456.8,457.4,456.8,457.0,0
2015-06-24 09:15:00,456.15,457.4,455.35,455.65,0
2015-06-24 10:15:00,455.65,456.55,455.55,455.85,0
2015-06-24 11:15:00,455.85,456.35,455.65,455.95,0
2015-06-24 12:15:00,455.95,456.0,455.15,455.3,0
2015-06-24 13:15:00,455.3,455.85,455.1,455.25,0
2015-06-24 14:15:00,455.3,458.9,454.95,458.9,0
2015-06-24 15:15:00,459.0,459.4,458.7,459.2,0
2015-06-25 09:15:00,459.7,460.0,457.9,457.95,0
2015-06-25 10:15:00,457.95,458.75,457.75,458.1,0
2015-06-25 11:15:00,458.1,458.65,457.7,457.8,0
2015-06-25 12:15:00,457.8,458.2,456.75,456.75,0
2015-06-25 13:15:00,456.75,456.95,455.8,456.5,0
2015-06-25 14:15:00,456.5,457.0,454.9,456.4,0
2015-06-25 15:15:00,456.4,456.45,455.3,455.4,0
2015-06-26 09:15:00,456.6,458.85,455.85,457.8,0
2015-06-26 10:15:00,457.8,457.8,456.8,457.6,0
2015-06-26 11:15:00,457.6,458.9,457.25,458.55,0
2015-06-26 12:15:00,458.55,459.55,457.3,457.3,0
2015-06-26 13:15:00,457.3,457.7,456.8,456.85,0
2015-06-26 14:15:00,456.85,458.15,456.1,457.35,0
2015-06-26 15:15:00,457.25,457.35,456.95,457.2,0
2015-06-29 09:15:00,464.85,467.0,464.85,465.7,0
2015-06-29 10:15:00,465.7,467.6,465.05,467.2,0
2015-06-29 11:15:00,467.2,467.2,466.35,466.65,0
2015-06-29 12:15:00,466.65,466.85,464.35,464.8,0
2015-06-29 13:15:00,464.8,465.4,461.2,461.2,0
2015-06-29 14:15:00,461.2,461.85,460.55,461.3,0
2015-06-29 15:15:00,461.3,461.4,460.4,460.5,0
2015-06-30 09:15:00,461.15,462.1,459.0,460.6,0
2015-06-30 10:15:00,460.6,460.95,459.35,460.8,0
2015-06-30 11:15:00,460.8,460.85,459.6,460.25,0
2015-06-30 12:15:00,460.25,461.4,459.95,460.35,0
2015-06-30 13:15:00,460.35,461.65,459.85,461.55,0
2015-06-30 14:15:00,461.45,461.55,457.8,458.3,0
2015-06-30 15:15:00,458.3,458.4,457.9,458.0,0
2015-07-01 09:15:00,457.95,458.25,455.25,455.4,0
2015-07-01 10:15:00,455.4,455.65,454.45,454.5,0
2015-07-01 11:15:00,454.5,455.95,454.45,454.9,0
2015-07-01 12:15:00,454.9,455.1,453.85,453.95,0
2015-07-01 13:15:00,453.95,454.7,453.7,454.1,0
2015-07-01 14:15:00,454.1,454.4,452.6,454.1,0
2015-07-01 15:15:00,454.1,454.3,452.95,453.2,0
2015-07-02 09:15:00,452.8,454.65,452.8,453.65,0
2015-07-02 10:15:00,453.65,453.7,452.65,452.9,0
2015-07-02 11:15:00,452.9,454.0,452.4,453.35,0
2015-07-02 12:15:00,453.35,454.0,452.75,453.55,0
2015-07-02 13:15:00,453.55,454.05,452.9,453.6,0
2015-07-02 14:15:00,453.6,454.85,453.45,454.3,0
2015-07-02 15:15:00,454.3,454.85,454.25,454.35,0
2015-07-03 09:15:00,454.6,455.4,451.5,451.55,0
2015-07-03 10:15:00,451.55,452.7,451.5,452.05,0
2015-07-03 11:15:00,452.05,452.4,451.75,452.1,0
2015-07-03 12:15:00,452.1,453.5,451.95,452.5,0
2015-07-03 13:15:00,452.55,453.15,452.35,452.6,0
2015-07-03 14:15:00,452.6,453.4,452.15,452.5,0
2015-07-03 15:15:00,452.5,452.5,451.7,452.0,0
2015-07-06 09:15:00,457.7,457.7,454.7,455.85,0
2015-07-06 10:15:00,455.85,456.8,455.35,456.3,0
2015-07-06 11:15:00,456.3,456.4,455.2,455.4,0
2015-07-06 12:15:00,455.4,455.55,453.25,453.75,0
2015-07-06 13:15:00,453.75,454.05,452.9,452.95,0
2015-07-06 14:15:00,452.95,453.2,449.95,450.3,0
2015-07-06 15:15:00,450.35,450.7,450.3,450.4,0
2015-07-07 09:15:00,450.35,450.4,448.5,449.05,0
2015-07-07 10:15:00,449.05,449.95,448.9,449.95,0
2015-07-07 11:15:00,449.95,450.45,449.35,449.55,0
2015-07-07 12:15:00,449.6,450.2,449.3,449.45,0
2015-07-07 13:15:00,449.45,451.15,449.2,451.05,0
2015-07-07 14:15:00,451.05,452.55,450.4,451.15,0
2015-07-07 15:15:00,451.15,451.2,450.65,450.7,0
2015-07-08 09:15:00,455.0,456.1,454.05,454.4,0
2015-07-08 10:15:00,454.4,458.4,454.05,457.6,0
2015-07-08 11:15:00,457.55,459.8,457.4,459.05,0
2015-07-08 12:15:00,459.05,460.2,458.55,459.5,0
2015-07-08 13:15:00,459.5,459.7,456.05,458.25,0
2015-07-08 14:15:00,458.25,459.45,456.35,459.4,0
2015-07-08 15:15:00,459.4,459.85,459.25,459.45,0
2015-07-09 09:15:00,459.05,460.2,457.15,459.8,0
2015-07-09 10:15:00,459.8,459.9,458.45,459.0,0
2015-07-09 11:15:00,459.0,460.05,458.65,460.0,0
2015-07-09 12:15:00,460.0,460.15,459.3,459.95,0
2015-07-09 13:15:00,459.95,460.6,458.9,459.65,0
2015-07-09 14:15:00,459.65,461.2,459.35,461.1,0
2015-07-09 15:15:00,461.1,461.3,460.7,460.7,0
2015-07-10 09:15:00,459.05,460.35,458.55,460.35,0
2015-07-10 10:15:00,460.35,461.85,459.95,460.85,0
2015-07-10 11:15:00,460.9,461.35,460.6,461.35,0
2015-07-10 12:15:00,461.4,461.65,459.65,460.3,0
2015-07-10 13:15:00,460.25,461.6,459.95,461.0,0
2015-07-10 14:15:00,461.0,461.35,458.45,459.35,0
2015-07-10 15:15:00,459.35,459.9,459.2,459.6,0
2015-07-13 09:15:00,457.6,459.5,457.5,459.3,0
2015-07-13 10:15:00,459.3,459.7,458.8,459.45,0
2015-07-13 11:15:00,459.45,459.9,459.05,459.4,0
2015-07-13 12:15:00,459.35,459.4,454.1,455.05,0
2015-07-13 13:15:00,455.05,455.1,453.8,454.0,0
2015-07-13 14:15:00,454.0,454.8,453.6,454.05,0
2015-07-13 15:15:00,454.05,454.35,454.0,454.05,0
2015-07-14 09:15:00,453.65,455.65,453.65,454.45,0
2015-07-14 10:15:00,454.45,455.8,454.05,455.55,0
2015-07-14 11:15:00,455.55,456.15,454.6,455.2,0
2015-07-14 12:15:00,455.2,455.25,454.6,454.9,0
2015-07-14 13:15:00,454.9,455.3,453.2,453.6,0
2015-07-14 14:15:00,453.6,455.3,453.6,454.15,0
2015-07-14 15:15:00,454.15,455.2,454.15,455.15,0
2015-07-15 09:15:00,454.15,454.15,451.2,451.75,0
2015-07-15 10:15:00,451.75,451.8,450.85,450.85,0
2015-07-15 11:15:00,450.85,451.35,450.8,451.0,0
2015-07-15 12:15:00,450.95,451.65,450.55,451.55,0
2015-07-15 13:15:00,451.55,451.65,450.55,451.0,0
2015-07-15 14:15:00,451.0,451.9,450.6,450.75,0
2015-07-15 15:15:00,450.75,450.95,450.65,450.8,0
2015-07-16 09:15:00,449.8,449.9,448.3,448.4,0
2015-07-16 10:15:00,448.4,448.85,448.35,448.45,0
2015-07-16 11:15:00,448.45,448.7,448.25,448.3,0
2015-07-16 12:15:00,448.3,448.75,447.7,447.75,0
2015-07-16 13:15:00,447.75,447.85,446.5,446.65,0
2015-07-16 14:15:00,446.6,447.4,446.25,446.6,0
2015-07-16 15:15:00,446.6,446.65,446.1,446.35,0
2015-07-17 09:15:00,445.8,447.4,444.9,446.4,0
2015-07-17 10:15:00,446.4,447.1,446.3,446.65,0
2015-07-17 11:15:00,446.65,447.05,446.3,446.55,0
2015-07-17 12:15:00,446.55,446.8,445.95,446.2,0
2015-07-17 13:15:00,446.2,446.45,445.15,445.6,0
2015-07-17 14:15:00,445.55,446.95,445.45,446.8,0
2015-07-17 15:15:00,446.8,446.8,446.15,446.35,0
2015-07-20 09:15:00,446.05,448.8,446.05,448.3,0
2015-07-20 10:15:00,448.3,448.9,447.9,448.45,0
2015-07-20 11:15:00,448.4,449.4,448.15,449.1,0
2015-07-20 12:15:00,449.1,449.3,448.75,449.0,0
2015-07-20 13:15:00,449.0,449.3,448.05,448.05,0
2015-07-20 14:15:00,448.05,448.1,446.1,447.25,0
2015-07-20 15:15:00,447.25,447.5,447.15,447.3,0
2015-07-21 09:15:00,447.3,447.95,445.8,446.3,0
2015-07-21 10:15:00,446.3,446.5,445.65,446.25,0
2015-07-21 11:15:00,446.25,447.8,446.15,447.35,0
2015-07-21 12:15:00,447.35,447.6,446.7,447.5,0
2015-07-21 13:15:00,447.45,447.45,446.9,447.15,0
2015-07-21 14:15:00,447.15,451.65,447.15,451.25,0
2015-07-21 15:15:00,451.25,451.4,450.8,450.95,0
2015-07-22 09:15:00,452.05,452.75,448.75,449.0,0
2015-07-22 10:15:00,449.0,449.45,447.9,448.5,0
2015-07-22 11:15:00,448.5,448.55,447.0,447.05,0
2015-07-22 12:15:00,447.05,447.65,446.65,447.4,0
2015-07-22 13:15:00,447.4,447.4,445.1,446.1,0
2015-07-22 14:15:00,446.1,446.15,445.15,445.6,0
2015-07-22 15:15:00,445.65,446.0,445.2,445.8,0
2015-07-23 09:15:00,445.2,446.35,444.7,445.9,0
2015-07-23 10:15:00,445.9,446.25,445.3,445.8,0
2015-07-23 11:15:00,445.8,447.95,445.6,446.55,0
2015-07-23 12:15:00,446.55,447.1,445.9,446.25,0
2015-07-23 13:15:00,446.25,448.8,446.0,448.65,0
2015-07-23 14:15:00,448.5,448.75,446.4,448.0,0
2015-07-23 15:15:00,448.0,448.25,447.85,448.15,0
2015-07-24 09:15:00,448.2,449.55,448.2,448.85,0
2015-07-24 10:15:00,448.85,449.3,448.4,449.3,0
2015-07-24 11:15:00,449.3,449.45,448.75,449.05,0
2015-07-24 12:15:00,449.05,449.5,448.8,449.1,0
2015-07-24 13:15:00,449.1,450.5,449.05,450.5,0
2015-07-24 14:15:00,450.5,452.05,449.5,451.7,0
2015-07-24 15:15:00,451.7,451.9,451.3,451.3,0
2015-07-27 09:15:00,453.45,457.0,453.45,456.7,0
2015-07-27 10:15:00,456.7,457.05,455.75,456.35,0
2015-07-27 11:15:00,456.35,456.85,455.9,456.85,0
2015-07-27 12:15:00,456.85,458.7,456.8,458.35,0
2015-07-27 13:15:00,458.35,458.95,457.85,458.85,0
2015-07-27 14:15:00,458.85,460.75,458.35,460.6,0
2015-07-27 15:15:00,460.6,460.8,460.0,460.35,0
2015-07-28 09:15:00,459.95,461.35,458.8,459.95,0
2015-07-28 10:15:00,459.95,460.65,458.5,460.5,0
2015-07-28 11:15:00,460.5,460.6,459.85,459.95,0
2015-07-28 12:15:00,459.95,460.4,459.2,459.4,0
2015-07-28 13:15:00,459.4,462.6,459.4,460.1,0
2015-07-28 14:15:00,460.1,462.2,460.05,461.8,0
2015-07-28 15:15:00,461.8,462.2,461.5,461.5,0
2015-07-29 09:15:00,460.3,461.8,459.9,460.6,0
2015-07-29 10:15:00,460.6,461.25,460.3,460.95,0
2015-07-29 11:15:00,460.95,461.55,460.6,461.3,0
2015-07-29 12:15:00,461.3,461.3,459.5,459.8,0
2015-07-29 13:15:00,459.8,461.1,459.65,460.6,0
2015-07-29 14:15:00,460.6,460.85,459.45,459.9,0
2015-07-29 15:15:00,459.9,459.95,459.55,459.55,0
2015-07-30 09:15:00,457.6,457.95,456.55,456.75,0
2015-07-30 10:15:00,456.75,456.75,456.2,456.2,0
2015-07-30 11:15:00,456.2,456.35,455.3,455.9,0
2015-07-30 12:15:00,455.9,456.25,455.55,455.85,0
2015-07-30 13:15:00,455.85,457.9,455.8,456.75,0
2015-07-30 14:15:00,456.75,458.05,456.45,457.4,0
2015-07-30 15:15:00,457.4,457.55,456.55,456.8,0
2015-07-31 09:15:00,455.55,455.65,453.8,454.85,0
2015-07-31 10:15:00,454.8,455.0,453.0,453.35,0
2015-07-31 11:15:00,453.35,453.6,452.2,452.2,0
2015-07-31 12:15:00,452.2,452.9,452.15,452.4,0
2015-07-31 13:15:00,452.4,452.6,450.85,451.05,0
2015-07-31 14:15:00,451.05,451.8,450.5,451.2,0
2015-07-31 15:15:00,451.2,451.8,451.2,451.4,0
2015-08-03 09:15:00,452.8,452.8,450.15,450.25,0
2015-08-03 10:15:00,450.25,451.1,450.2,450.6,0
2015-08-03 11:15:00,450.6,450.75,450.0,450.05,0
2015-08-03 12:15:00,450.1,451.35,450.0,451.35,0
2015-08-03 13:15:00,451.35,451.85,450.25,450.55,0
2015-08-03 14:15:00,450.5,451.25,449.95,450.9,0
2015-08-03 15:15:00,450.9,451.45,450.85,451.4,0
2015-08-04 09:15:00,450.05,453.3,450.05,452.65,0
2015-08-04 10:15:00,452.65,454.1,451.65,452.15,0
2015-08-04 11:15:00,452.15,453.55,450.5,452.9,0
2015-08-04 12:15:00,452.9,456.1,452.65,455.25,0
2015-08-04 13:15:00,455.2,455.25,452.25,452.65,0
2015-08-04 14:15:00,452.65,453.0,451.95,452.75,0
2015-08-04 15:15:00,452.7,452.7,451.9,452.15,0
2015-08-05 09:15:00,451.0,451.0,448.9,449.2,0
2015-08-05 10:15:00,449.2,450.0,449.05,449.55,0
2015-08-05 11:15:00,449.55,450.05,449.05,450.0,0
2015-08-05 12:15:00,450.0,450.0,448.9,449.7,0
2015-08-05 13:15:00,449.7,450.45,448.65,450.0,0
2015-08-05 14:15:00,450.0,450.5,449.35,449.85,0
2015-08-05 15:15:00,449.85,450.25,449.65,449.95,0
2015-08-06 09:15:00,449.05,450.8,448.95,449.9,0
2015-08-06 10:15:00,449.9,450.35,449.4,450.0,0
2015-08-06 11:15:00,450.0,450.85,450.0,450.7,0
2015-08-06 12:15:00,450.65,450.65,449.5,449.9,0
2015-08-06 13:15:00,449.9,449.9,448.35,448.85,0
2015-08-06 14:15:00,448.85,449.6,448.0,448.65,0
2015-08-06 15:15:00,448.65,449.3,448.65,449.0,0
2015-08-07 09:15:00,449.4,449.95,448.65,448.8,0
2015-08-07 10:15:00,448.8,449.75,448.75,449.65,0
2015-08-07 11:15:00,449.65,450.25,449.05,449.2,0
2015-08-07 12:15:00,449.2,449.55,448.8,448.95,0
2015-08-07 13:15:00,448.95,450.7,448.85,450.15,0
2015-08-07 14:15:00,450.15,450.85,449.55,450.25,0
2015-08-07 15:15:00,450.25,450.3,449.8,449.95,0
2015-08-10 09:15:00,449.9,450.5,447.7,448.15,0
2015-08-10 10:15:00,448.1,448.4,447.55,448.2,0
2015-08-10 11:15:00,448.2,448.4,448.05,448.3,0
2015-08-10 12:15:00,448.3,448.9,448.05,448.5,0
2015-08-10 13:15:00,448.5,449.65,448.45,448.85,0
2015-08-10 14:15:00,448.9,453.95,448.75,453.5,0
2015-08-10 15:15:00,453.5,453.75,452.5,453.6,0
2015-08-11 09:15:00,451.45,454.3,451.35,452.75,0
2015-08-11 10:15:00,452.75,453.55,452.6,453.35,0
2015-08-11 11:15:00,453.35,455.45,453.2,454.8,0
2015-08-11 12:15:00,454.8,456.0,454.25,455.3,0
2015-08-11 13:15:00,455.3,457.1,454.8,456.95,0
2015-08-11 14:15:00,456.95,457.1,454.95,456.15,0
2015-08-11 15:15:00,456.15,456.3,455.5,455.7,0
2015-08-12 09:15:00,457.05,460.45,457.05,459.0,0
2015-08-12 10:15:00,459.0,459.1,457.7,458.55,0
2015-08-12 11:15:00,458.55,458.9,457.75,458.35,0
2015-08-12 12:15:00,458.35,460.45,458.25,459.9,0
2015-08-12 13:15:00,459.9,461.25,459.0,461.25,0
2015-08-12 14:15:00,461.25,462.65,460.6,462.45,0
2015-08-12 15:15:00,462.45,462.8,461.85,462.05,0
2015-08-13 09:15:00,460.35,460.9,457.9,460.0,0
2015-08-13 10:15:00,460.05,460.75,459.55,459.75,0
2015-08-13 11:15:00,459.75,461.6,459.65,461.6,0
2015-08-13 12:15:00,461.6,462.1,458.8,459.75,0
2015-08-13 13:15:00,459.75,461.65,459.15,461.05,0
2015-08-13 14:15:00,461.05,462.75,459.8,462.4,0
2015-08-13 15:15:00,462.4,462.45,460.55,460.55,0
2015-08-14 09:15:00,459.45,460.6,459.15,459.7,0
2015-08-14 10:15:00,459.7,459.75,455.2,456.15,0
2015-08-14 11:15:00,456.15,456.25,454.7,455.35,0
2015-08-14 12:15:00,455.35,455.85,453.35,453.45,0
2015-08-14 13:15:00,453.45,453.55,452.65,452.95,0
2015-08-14 14:15:00,452.95,454.25,452.55,452.9,0
2015-08-14 15:15:00,452.9,453.15,452.45,453.05,0
2015-08-17 09:15:00,452.7,458.05,452.7,456.35,0
2015-08-17 10:15:00,456.35,457.75,456.3,457.35,0
2015-08-17 11:15:00,457.35,457.4,454.65,455.4,0
2015-08-17 12:15:00,455.4,455.4,453.45,454.4,0
2015-08-17 13:15:00,454.4,456.0,454.4,455.3,0
2015-08-17 14:15:00,455.3,456.3,454.7,455.5,0
2015-08-17 15:15:00,455.55,455.95,455.5,455.8,0
2015-08-18 09:15:00,454.05,454.3,453.2,453.65,0
2015-08-18 10:15:00,453.65,454.75,453.0,454.7,0
2015-08-18 11:15:00,454.7,457.5,454.0,457.1,0
2015-08-18 12:15:00,457.1,457.9,455.85,456.65,0
2015-08-18 13:15:00,456.65,457.55,456.0,456.05,0
2015-08-18 14:15:00,456.05,456.45,455.05,455.95,0
2015-08-18 15:15:00,455.95,456.4,455.95,456.2,0
2015-08-19 09:15:00,456.2,458.4,456.2,456.7,0
2015-08-19 10:15:00,456.7,456.85,454.7,454.85,0
2015-08-19 11:15:00,454.85,454.95,453.4,453.85,0
2015-08-19 12:15:00,453.85,454.95,453.65,454.15,0
2015-08-19 13:15:00,454.15,454.7,453.55,454.1,0
2015-08-19 14:15:00,454.1,455.65,454.0,454.95,0
2015-08-19 15:15:00,454.95,455.1,454.55,454.6,0
2015-08-20 09:15:00,456.1,456.95,454.55,456.2,0
2015-08-20 10:15:00,456.2,456.7,455.15,455.35,0
2015-08-20 11:15:00,455.4,456.45,455.2,456.15,0
2015-08-20 12:15:00,456.15,459.55,455.75,459.35,0
2015-08-20 13:15:00,459.35,460.1,458.55,459.95,0
2015-08-20 14:15:00,459.95,462.05,459.7,461.35,0
2015-08-20 15:15:00,461.35,461.45,460.6,460.75,0
2015-08-21 09:15:00,465.15,469.55,465.15,467.35,0
2015-08-21 10:15:00,467.35,469.2,467.3,468.45,0
2015-08-21 11:15:00,468.45,468.5,466.95,468.15,0
2015-08-21 12:15:00,468.15,468.6,466.4,467.25,0
2015-08-21 13:15:00,467.2,468.35,466.7,467.8,0
2015-08-21 14:15:00,467.8,467.8,464.25,465.0,0
2015-08-21 15:15:00,465.0,466.75,464.95,466.35,0
2015-08-24 09:15:00,479.4,482.95,479.35,480.65,0
2015-08-24 10:15:00,480.65,485.85,480.65,482.5,0
2015-08-24 11:15:00,482.45,484.75,481.9,484.7,0
2015-08-24 12:15:00,484.7,486.9,483.2,485.9,0
2015-08-24 13:15:00,486.0,490.55,484.55,490.35,0
2015-08-24 14:15:00,490.35,492.65,489.4,492.55,0
2015-08-24 15:15:00,492.55,495.45,492.55,493.55,0
2015-08-25 09:15:00,487.9,494.0,486.1,490.85,0
2015-08-25 10:15:00,490.85,498.4,490.15,498.4,0
2015-08-25 11:15:00,498.4,502.2,495.95,496.85,0
2015-08-25 12:15:00,496.85,497.3,489.7,490.55,0
2015-08-25 13:15:00,490.55,490.8,487.85,489.85,0
2015-08-25 14:15:00,489.85,491.95,488.55,488.95,0
2015-08-25 15:15:00,488.95,489.3,486.9,487.2,0
2015-08-26 09:15:00,489.9,494.75,488.3,488.3,0
2015-08-26 10:15:00,488.3,489.8,485.9,487.0,0
2015-08-26 11:15:00,487.0,490.55,486.5,489.2,0
2015-08-26 12:15:00,489.25,491.8,489.25,489.7,0
2015-08-26 13:15:00,489.7,490.95,488.5,490.65,0
2015-08-26 14:15:00,490.65,495.3,489.6,494.85,0
2015-08-26 15:15:00,494.85,495.2,494.2,494.6,0
2015-08-27 09:15:00,486.3,490.0,486.3,487.75,0
2015-08-27 10:15:00,487.75,488.25,486.9,487.4,0
2015-08-27 11:15:00,487.4,488.7,487.3,487.6,0
2015-08-27 12:15:00,487.6,487.85,484.9,484.9,0
2015-08-27 13:15:00,484.9,486.15,483.85,484.1,0
2015-08-27 14:15:00,484.1,485.2,483.65,484.4,0
2015-08-27 15:15:00,484.45,485.05,484.1,484.2,0
2015-08-28 09:15:00,478.3,480.05,476.45,476.85,0
2015-08-28 10:15:00,476.85,477.65,476.0,477.0,0
2015-08-28 11:15:00,477.0,478.5,476.6,476.75,0
2015-08-28 12:15:00,476.75,479.0,476.35,478.95,0
2015-08-28 13:15:00,479.35,482.75,478.45,481.4,0
2015-08-28 14:15:00,481.45,483.85,480.0,480.95,0
2015-08-28 15:15:00,481.0,482.0,480.9,481.85,0
2015-08-31 09:15:00,481.25,484.5,481.25,483.5,0
2015-08-31 10:15:00,483.5,484.4,480.8,481.0,0
2015-08-31 11:15:00,481.0,481.95,479.25,481.15,0
2015-08-31 12:15:00,481.15,481.5,480.05,480.75,0
2015-08-31 13:15:00,480.75,484.85,480.35,483.85,0
2015-08-31 14:15:00,483.85,484.2,482.15,483.65,0
2015-08-31 15:15:00,483.65,483.85,483.1,483.55,0
2015-09-01 09:15:00,487.5,488.65,486.25,487.8,0
2015-09-01 10:15:00,487.8,488.75,486.95,486.95,0
2015-09-01 11:15:00,486.9,490.4,486.85,490.0,0
2015-09-01 12:15:00,490.0,490.95,489.45,490.7,0
2015-09-01 13:15:00,490.7,495.15,490.7,494.75,0
2015-09-01 14:15:00,494.75,497.25,494.4,494.9,0
2015-09-01 15:15:00,494.9,495.2,493.8,495.2,0
2015-09-02 09:15:00,490.5,495.35,490.45,493.4,0
2015-09-02 10:15:00,493.4,495.45,491.3,495.2,0
2015-09-02 11:15:00,495.2,496.55,493.4,493.85,0
2015-09-02 12:15:00,493.85,495.1,493.4,494.8,0
2015-09-02 13:15:00,494.8,497.95,494.1,496.85,0
2015-09-02 14:15:00,496.85,500.45,496.0,499.3,0
2015-09-02 15:15:00,499.3,499.45,498.5,498.65,0
2015-09-03 09:15:00,495.75,496.95,493.7,493.75,0
2015-09-03 10:15:00,493.75,495.25,493.35,494.1,0
2015-09-03 11:15:00,494.1,495.0,493.55,494.25,0
2015-09-03 12:15:00,494.25,496.4,493.85,494.15,0
2015-09-03 13:15:00,494.15,494.25,491.2,491.35,0
2015-09-03 14:15:00,491.4,493.35,491.15,492.6,0
2015-09-03 15:15:00,492.6,492.9,492.0,492.1,0
2015-09-04 09:15:00,493.95,504.2,493.95,502.6,0
2015-09-04 10:15:00,502.6,504.1,501.5,502.1,0
2015-09-04 11:15:00,502.1,502.85,500.8,502.5,0
2015-09-04 12:15:00,502.5,504.4,502.05,503.7,0
2015-09-04 13:15:00,503.7,505.0,502.2,504.45,0
2015-09-04 14:15:00,504.45,504.9,502.55,503.3,0
2015-09-04 15:15:00,503.3,503.65,503.2,503.2,0
2015-09-07 09:15:00,501.55,506.7,500.4,504.5,0
2015-09-07 10:15:00,504.5,505.35,503.3,503.95,0
2015-09-07 11:15:00,504.1,505.7,503.45,504.4,0
2015-09-07 12:15:00,504.4,505.6,503.9,505.55,0
2015-09-07 13:15:00,505.65,506.45,504.65,506.4,0
2015-09-07 14:15:00,506.4,510.45,506.1,509.9,0
2015-09-07 15:15:00,509.9,510.7,509.5,510.35,0
2015-09-08 09:15:00,508.05,511.25,507.3,509.75,0
2015-09-08 10:15:00,509.75,511.05,507.4,510.0,0
2015-09-08 11:15:00,510.0,510.05,505.65,505.75,0
2015-09-08 12:15:00,505.65,506.55,503.45,503.75,0
2015-09-08 13:15:00,503.75,504.85,501.35,501.35,0
2015-09-08 14:15:00,501.35,502.1,499.15,501.95,0
2015-09-08 15:15:00,501.95,502.4,500.15,500.35,0
2015-09-09 09:15:00,493.7,495.3,492.75,494.0,0
2015-09-09 10:15:00,494.0,496.35,493.9,494.8,0
2015-09-09 11:15:00,494.8,494.85,491.7,491.9,0
2015-09-09 12:15:00,491.9,492.65,491.1,491.5,0
2015-09-09 13:15:00,491.5,495.3,491.5,494.2,0
2015-09-09 14:15:00,494.2,494.65,491.85,492.2,0
2015-09-09 15:15:00,492.2,494.05,492.2,493.75,0
2015-09-10 09:15:00,498.65,501.7,498.65,500.2,0
2015-09-10 10:15:00,500.2,500.8,498.9,499.85,0
2015-09-10 11:15:00,499.85,499.85,496.85,497.55,0
2015-09-10 12:15:00,497.55,499.1,497.2,497.55,0
2015-09-10 13:15:00,497.5,499.4,495.75,498.35,0
2015-09-10 14:15:00,498.35,498.85,494.75,494.75,0
2015-09-10 15:15:00,494.75,494.9,493.1,493.15,0
2015-09-11 09:15:00,492.1,492.9,490.15,491.85,0
2015-09-11 10:15:00,491.85,494.2,491.45,493.95,0
2015-09-11 11:15:00,493.95,494.3,492.75,493.5,0
2015-09-11 12:15:00,493.5,495.5,492.95,494.9,0
2015-09-11 13:15:00,494.9,495.7,493.5,494.65,0
2015-09-11 14:15:00,494.65,496.35,492.8,496.35,0
2015-09-11 15:15:00,496.35,496.75,495.0,495.35,0
2015-09-14 09:15:00,493.85,496.95,493.85,495.2,0
2015-09-14 10:15:00,495.3,495.6,492.6,493.05,0
2015-09-14 11:15:00,493.05,494.1,493.0,493.85,0
2015-09-14 12:15:00,493.85,494.2,491.55,491.55,0
2015-09-14 13:15:00,491.5,492.65,491.45,492.45,0
2015-09-14 14:15:00,492.45,492.6,489.55,489.85,0
2015-09-14 15:15:00,489.85,490.55,489.55,490.45,0
2015-09-15 09:15:00,490.35,492.25,489.6,491.9,0
2015-09-15 10:15:00,491.9,492.7,491.25,492.0,0
2015-09-15 11:15:00,492.0,493.25,492.0,492.9,0
2015-09-15 12:15:00,492.9,493.0,491.25,491.25,0
2015-09-15 13:15:00,491.25,494.35,491.05,493.65,0
2015-09-15 14:15:00,493.65,494.45,491.85,492.75,0
2015-09-15 15:15:00,492.7,493.6,492.6,493.4,0
2015-09-16 09:15:00,489.2,490.7,489.1,490.3,0
2015-09-16 10:15:00,490.3,491.3,490.05,490.55,0
2015-09-16 11:15:00,490.55,490.6,488.75,488.95,0
2015-09-16 12:15:00,488.95,489.0,487.5,488.2,0
2015-09-16 13:15:00,488.2,488.85,487.7,488.55,0
2015-09-16 14:15:00,488.55,489.6,487.8,488.25,0
2015-09-16 15:15:00,488.25,489.1,488.15,489.1,0
2015-09-18 09:15:00,484.4,484.75,480.4,480.5,0
2015-09-18 10:15:00,480.5,480.9,479.75,480.55,0
2015-09-18 11:15:00,480.55,481.05,479.0,479.35,0
2015-09-18 12:15:00,479.3,480.95,479.05,480.3,0
2015-09-18 13:15:00,480.3,481.0,479.6,481.0,0
2015-09-18 14:15:00,481.0,484.25,480.85,482.9,0
2015-09-18 15:15:00,482.85,484.65,482.55,484.2,0
2015-09-21 09:15:00,488.0,488.05,485.85,486.45,0
2015-09-21 10:15:00,486.45,486.8,484.8,485.5,0
2015-09-21 11:15:00,485.5,486.0,484.65,485.1,0
2015-09-21 12:15:00,485.1,486.3,484.05,484.2,0
2015-09-21 13:15:00,484.2,485.75,483.95,485.25,0
2015-09-21 14:15:00,485.25,485.25,483.4,484.35,0
2015-09-21 15:15:00,484.35,484.4,483.6,483.8,0
2015-09-22 09:15:00,481.85,483.75,481.5,483.3,0
2015-09-22 10:15:00,483.3,483.95,482.8,482.9,0
2015-09-22 11:15:00,482.9,483.35,482.5,483.15,0
2015-09-22 12:15:00,483.2,485.15,482.9,485.0,0
2015-09-22 13:15:00,485.1,493.5,484.95,492.75,0
2015-09-22 14:15:00,492.75,495.3,492.3,493.75,0
2015-09-22 15:15:00,493.75,495.5,493.75,495.4,0
2015-09-23 09:15:00,499.0,499.8,496.55,496.65,0
2015-09-23 10:15:00,496.9,497.5,495.9,497.1,0
2015-09-23 11:15:00,497.2,497.2,494.4,495.15,0
2015-09-23 12:15:00,495.15,495.3,492.65,492.9,0
2015-09-23 13:15:00,492.9,493.8,491.0,491.75,0
2015-09-23 14:15:00,491.75,492.6,489.8,492.45,0
2015-09-23 15:15:00,492.4,492.5,491.4,491.45,0
2015-09-24 09:15:00,492.7,494.8,492.05,493.45,0
2015-09-24 10:15:00,493.45,493.6,492.25,493.4,0
2015-09-24 11:15:00,493.4,493.4,491.9,491.9,0
2015-09-24 12:15:00,491.9,493.9,491.45,493.6,0
2015-09-24 13:15:00,493.6,493.6,489.2,490.55,0
2015-09-24 14:15:00,490.55,491.05,489.6,491.0,0
2015-09-24 15:15:00,491.0,491.05,490.45,490.7,0
2015-09-28 09:15:00,489.7,493.5,489.7,491.25,0
2015-09-28 10:15:00,491.25,491.9,490.45,491.55,0
2015-09-28 11:15:00,491.55,491.9,490.9,491.45,0
2015-09-28 12:15:00,491.45,492.75,490.85,490.85,0
2015-09-28 13:15:00,490.8,492.5,489.8,492.4,0
2015-09-28 14:15:00,492.4,496.05,491.75,495.75,0
2015-09-28 15:15:00,495.75,496.15,495.25,495.4,0
2015-09-29 09:15:00,500.3,501.8,500.15,501.15,0
2015-09-29 10:15:00,501.15,502.4,494.5,495.45,0
2015-09-29 11:15:00,495.45,498.95,495.4,495.55,0
2015-09-29 12:15:00,495.55,496.4,491.15,491.3,0
2015-09-29 13:15:00,491.3,492.3,487.5,488.1,0
2015-09-29 14:15:00,488.1,492.75,487.65,492.4,0
2015-09-29 15:15:00,492.4,494.0,492.4,493.75,0
2015-09-30 09:15:00,487.8,490.9,487.8,489.4,0
2015-09-30 10:15:00,489.4,490.55,488.6,490.1,0
2015-09-30 11:15:00,490.1,490.35,488.55,489.9,0
2015-09-30 12:15:00,489.9,489.95,487.75,488.5,0
2015-09-30 13:15:00,488.5,490.25,488.25,488.7,0
2015-09-30 14:15:00,488.7,488.95,485.75,485.8,0
2015-09-30 15:15:00,485.8,486.5,485.8,486.2,0
2015-10-01 09:15:00,483.7,484.25,482.8,483.85,0
2015-10-01 10:15:00,483.85,487.15,483.8,485.8,0
2015-10-01 11:15:00,485.8,486.5,484.85,485.5,0
2015-10-01 12:15:00,485.5,486.05,484.95,485.2,0
2015-10-01 13:15:00,485.2,487.35,484.45,486.35,0
2015-10-01 14:15:00,486.35,487.45,485.55,486.4,0
2015-10-01 15:15:00,486.4,486.7,485.95,486.55,0
2015-10-05 09:15:00,483.25,483.25,479.8,480.4,0
2015-10-05 10:15:00,480.4,480.45,479.35,479.85,0
2015-10-05 11:15:00,479.85,480.3,479.5,479.6,0
2015-10-05 12:15:00,479.6,479.95,478.9,478.95,0
2015-10-05 13:15:00,478.95,479.0,477.65,477.95,0
2015-10-05 14:15:00,478.0,478.1,475.85,476.65,0
2015-10-05 15:15:00,476.65,476.7,475.85,475.85,0
2015-10-06 09:15:00,472.75,476.65,472.75,476.15,0
2015-10-06 10:15:00,476.1,476.5,474.95,475.35,0
2015-10-06 11:15:00,475.35,476.75,475.25,476.45,0
2015-10-06 12:15:00,476.45,477.65,476.0,476.1,0
2015-10-06 13:15:00,476.1,477.0,474.4,475.05,0
2015-10-06 14:15:00,475.05,475.05,473.3,474.55,0
2015-10-06 15:15:00,474.55,474.75,474.4,474.55,0
2015-10-07 09:15:00,474.85,475.5,473.15,473.2,0
2015-10-07 10:15:00,473.2,473.85,472.5,473.1,0
2015-10-07 11:15:00,473.1,474.45,473.0,474.45,0
2015-10-07 12:15:00,474.5,475.55,473.4,473.4,0
2015-10-07 13:15:00,473.4,474.3,473.05,473.7,0
2015-10-07 14:15:00,473.75,474.6,473.05,473.25,0
2015-10-07 15:15:00,473.25,473.3,472.5,472.55,0
2015-10-08 09:15:00,472.0,475.15,472.0,474.7,0
2015-10-08 10:15:00,474.7,475.2,474.2,475.0,0
2015-10-08 11:15:00,475.05,476.8,475.0,476.5,0
2015-10-08 12:15:00,476.5,476.9,475.85,476.15,0
2015-10-08 13:15:00,476.15,476.85,475.4,476.55,0
2015-10-08 14:15:00,476.55,477.25,475.55,476.05,0
2015-10-08 15:15:00,476.05,476.05,475.5,475.85,0
2015-10-09 09:15:00,472.65,472.65,470.5,470.75,0
2015-10-09 10:15:00,470.75,472.5,470.05,472.15,0
2015-10-09 11:15:00,472.15,473.75,471.85,473.6,0
2015-10-09 12:15:00,473.6,474.5,472.65,474.5,0
2015-10-09 13:15:00,474.5,475.35,473.35,473.45,0
2015-10-09 14:15:00,473.45,473.95,471.7,472.75,0
2015-10-09 15:15:00,472.75,473.15,472.5,473.1,0
2015-10-12 09:15:00,470.3,473.7,469.6,471.0,0
2015-10-12 10:15:00,471.0,473.1,471.0,472.8,0
2015-10-12 11:15:00,472.8,473.85,472.35,473.15,0
2015-10-12 12:15:00,473.15,473.15,472.2,472.8,0
2015-10-12 13:15:00,472.8,475.3,472.5,474.25,0
2015-10-12 14:15:00,474.25,476.25,474.15,475.55,0
2015-10-12 15:15:00,475.55,475.55,474.9,475.35,0
2015-10-13 09:15:00,476.75,477.35,475.1,476.55,0
2015-10-13 10:15:00,476.55,477.45,476.1,477.3,0
2015-10-13 11:15:00,477.3,477.4,476.25,476.65,0
2015-10-13 12:15:00,476.65,477.55,475.6,477.05,0
2015-10-13 13:15:00,477.05,478.65,477.0,477.7,0
2015-10-13 14:15:00,477.7,478.3,475.6,476.15,0
2015-10-13 15:15:00,476.15,476.55,475.9,476.35,0
2015-10-14 09:15:00,477.95,478.05,476.2,476.3,0
2015-10-14 10:15:00,476.3,476.9,475.85,476.4,0
2015-10-14 11:15:00,476.4,477.2,476.4,476.9,0
2015-10-14 12:15:00,476.9,477.85,476.8,477.75,0
2015-10-14 13:15:00,477.75,477.85,476.1,476.9,0
2015-10-14 14:15:00,476.9,477.9,476.55,477.75,0
2015-10-14 15:15:00,477.75,477.85,477.5,477.5,0
2015-10-15 09:15:00,476.2,476.35,473.45,474.0,0
2015-10-15 10:15:00,474.0,474.4,473.6,473.95,0
2015-10-15 11:15:00,474.0,474.05,473.1,473.4,0
2015-10-15 12:15:00,473.4,474.0,473.25,473.5,0
2015-10-15 13:15:00,473.5,474.1,472.9,474.05,0
2015-10-15 14:15:00,474.05,474.3,473.15,473.6,0
2015-10-15 15:15:00,473.6,473.85,473.45,473.55,0
2015-10-16 09:15:00,472.8,474.95,472.65,474.15,0
2015-10-16 10:15:00,474.15,474.6,473.75,474.6,0
2015-10-16 11:15:00,474.6,475.45,474.45,475.25,0
2015-10-16 12:15:00,475.25,475.3,474.1,474.6,0
2015-10-16 13:15:00,474.6,475.0,473.05,473.1,0
2015-10-16 14:15:00,473.1,473.1,469.75,470.45,0
2015-10-16 15:15:00,470.45,470.5,469.9,470.0,0
2015-10-19 09:15:00,469.05,470.35,469.05,470.0,0
2015-10-19 10:15:00,470.0,470.35,469.6,470.25,0
2015-10-19 11:15:00,470.25,470.3,469.3,469.5,0
2015-10-19 12:15:00,469.45,469.55,468.1,468.25,0
2015-10-19 13:15:00,468.25,469.15,468.15,468.6,0
2015-10-19 14:15:00,468.6,469.6,468.1,468.45,0
2015-10-19 15:15:00,468.45,468.75,467.9,468.55,0
2015-10-20 09:15:00,468.15,469.35,468.0,468.05,0
2015-10-20 10:15:00,468.05,468.2,467.65,467.85,0
2015-10-20 11:15:00,467.85,468.8,467.75,467.85,0
2015-10-20 12:15:00,467.85,468.2,467.45,467.85,0
2015-10-20 13:15:00,467.85,469.7,467.4,469.1,0
2015-10-20 14:15:00,469.1,471.0,468.95,469.3,0
2015-10-20 15:15:00,469.3,469.7,468.85,469.55,0
2015-10-21 09:15:00,469.5,469.5,467.7,467.75,0
2015-10-21 10:15:00,467.75,468.1,467.5,467.75,0
2015-10-21 11:15:00,467.75,470.4,467.6,470.35,0
2015-10-21 12:15:00,470.25,471.8,469.7,470.85,0
2015-10-21 13:15:00,470.8,471.5,469.85,471.25,0
2015-10-21 14:15:00,471.25,471.25,469.0,469.65,0
2015-10-21 15:15:00,469.65,470.2,469.55,470.05,0
2015-10-23 09:15:00,466.8,467.25,465.75,466.8,0
2015-10-23 10:15:00,466.8,467.0,466.5,467.0,0
2015-10-23 11:15:00,467.0,467.25,466.6,466.8,0
2015-10-23 12:15:00,466.8,467.9,466.7,467.45,0
2015-10-23 13:15:00,467.45,467.8,466.4,466.85,0
2015-10-23 14:15:00,466.85,468.4,466.65,467.45,0
2015-10-23 15:15:00,467.45,467.55,467.3,467.55,0
2015-10-26 09:15:00,465.65,468.0,465.65,467.95,0
2015-10-26 10:15:00,467.95,469.1,467.55,469.0,0
2015-10-26 11:15:00,469.0,469.1,468.35,468.8,0
2015-10-26 12:15:00,468.8,469.6,468.45,468.8,0
2015-10-26 13:15:00,468.8,469.15,468.1,469.05,0
2015-10-26 14:15:00,469.05,470.15,468.5,469.8,0
2015-10-26 15:15:00,469.8,470.25,469.55,470.15,0
2015-10-27 09:15:00,471.6,471.75,470.95,471.5,0
2015-10-27 10:15:00,471.5,472.35,471.35,472.1,0
2015-10-27 11:15:00,472.1,472.25,471.0,471.3,0
2015-10-27 12:15:00,471.3,471.9,471.15,471.85,0
2015-10-27 13:15:00,471.85,471.9,471.4,471.55,0
2015-10-27 14:15:00,471.55,472.3,471.2,471.4,0
2015-10-27 15:15:00,471.4,471.8,471.25,471.8,0
2015-10-28 09:15:00,474.05,474.05,472.95,473.2,0
2015-10-28 10:15:00,473.2,473.95,473.05,473.55,0
2015-10-28 11:15:00,473.55,474.1,473.35,473.85,0
2015-10-28 12:15:00,473.85,475.55,473.55,475.5,0
2015-10-28 13:15:00,475.55,476.15,474.95,475.45,0
2015-10-28 14:15:00,475.45,477.3,474.8,475.1,0
2015-10-28 15:15:00,475.1,475.1,474.4,474.75,0
2015-10-29 09:15:00,474.9,477.3,474.9,476.2,0
2015-10-29 10:15:00,476.2,477.0,476.15,476.65,0
2015-10-29 11:15:00,476.65,476.95,476.55,476.85,0
2015-10-29 12:15:00,476.85,478.15,476.4,478.05,0
2015-10-29 13:15:00,478.05,478.6,477.45,477.7,0
2015-10-29 14:15:00,477.7,478.8,477.6,478.45,0
2015-10-29 15:15:00,478.4,479.4,478.4,478.4,0
2015-10-30 09:15:00,478.0,479.75,477.95,478.5,0
2015-10-30 10:15:00,478.5,478.55,476.75,477.25,0
2015-10-30 11:15:00,477.25,477.9,476.9,477.05,0
2015-10-30 12:15:00,477.05,479.65,476.75,479.1,0
2015-10-30 13:15:00,479.1,480.65,478.8,480.65,0
2015-10-30 14:15:00,480.65,482.6,480.25,481.5,0
2015-10-30 15:15:00,481.5,482.1,481.25,481.95,0
2015-11-02 09:15:00,482.3,484.35,482.05,484.1,0
2015-11-02 10:15:00,484.1,484.2,482.95,483.75,0
2015-11-02 11:15:00,483.75,485.1,483.75,484.8,0
2015-11-02 12:15:00,484.8,485.6,484.65,484.7,0
2015-11-02 13:15:00,484.7,485.7,484.35,485.7,0
2015-11-02 14:15:00,485.7,485.8,482.3,482.55,0
2015-11-02 15:15:00,482.55,482.8,481.95,482.6,0
2015-11-03 09:15:00,480.5,481.45,479.7,480.85,0
2015-11-03 10:15:00,480.8,481.1,480.45,480.7,0
2015-11-03 11:15:00,480.65,480.9,480.0,480.85,0
2015-11-03 12:15:00,480.85,482.25,480.85,482.1,0
2015-11-03 13:15:00,482.1,483.75,481.6,481.95,0
2015-11-03 14:15:00,481.95,482.05,481.0,481.7,0
2015-11-03 15:15:00,481.75,482.95,481.65,482.9,0
2015-11-04 09:15:00,479.5,480.8,478.9,480.5,0
2015-11-04 10:15:00,480.5,481.5,480.25,480.9,0
2015-11-04 11:15:00,480.9,481.25,480.4,481.1,0
2015-11-04 12:15:00,481.1,481.25,480.3,480.85,0
2015-11-04 13:15:00,480.85,482.35,480.55,481.85,0
2015-11-04 14:15:00,481.85,483.7,480.95,483.35,0
2015-11-04 15:15:00,483.35,484.1,483.2,484.0,0
2015-11-05 09:15:00,484.05,485.85,484.05,485.75,0
2015-11-05 10:15:00,485.75,486.9,485.5,486.2,0
2015-11-05 11:15:00,486.2,486.35,484.35,484.8,0
2015-11-05 12:15:00,484.8,486.1,484.65,485.6,0
2015-11-05 13:15:00,485.6,486.75,485.05,486.25,0
2015-11-05 14:15:00,486.25,488.95,485.95,488.65,0
2015-11-05 15:15:00,488.65,489.15,488.25,488.95,0
2015-11-06 09:15:00,488.55,489.0,485.75,488.65,0
2015-11-06 10:15:00,488.7,490.3,487.35,488.0,0
2015-11-06 11:15:00,488.0,488.35,487.15,488.15,0
2015-11-06 12:15:00,488.15,488.95,487.65,488.75,0
2015-11-06 13:15:00,488.75,490.4,488.45,489.45,0
2015-11-06 14:15:00,489.45,489.75,487.1,489.1,0
2015-11-06 15:15:00,489.1,489.1,488.2,488.3,0
2015-11-10 09:15:00,493.85,495.3,493.4,495.1,0
2015-11-10 10:15:00,495.1,495.55,494.7,494.75,0
2015-11-10 11:15:00,494.75,496.0,494.25,495.65,0
2015-11-10 12:15:00,495.65,497.45,495.6,497.05,0
2015-11-10 13:15:00,497.05,497.7,495.8,496.0,0
2015-11-10 14:15:00,496.0,499.9,495.35,499.8,0
2015-11-10 15:15:00,499.8,500.3,499.35,499.75,0
2015-11-11 17:30:00,499.7,499.7,495.75,497.05,0
2015-11-11 18:30:00,497.05,497.45,496.75,496.9,0
2015-11-13 09:15:00,501.25,502.6,500.5,501.45,0
2015-11-13 10:15:00,501.5,502.55,500.8,502.2,0
2015-11-13 11:15:00,502.2,503.2,501.6,501.6,0
2015-11-13 12:15:00,501.6,501.85,500.7,501.1,0
2015-11-13 13:15:00,501.1,502.05,500.45,501.15,0
2015-11-13 14:15:00,501.15,501.6,500.6,501.5,0
2015-11-13 15:15:00,501.4,501.5,501.25,501.25,0
2015-11-16 09:15:00,503.45,504.65,502.45,503.75,0
2015-11-16 10:15:00,503.75,503.9,501.15,501.6,0
2015-11-16 11:15:00,501.6,502.0,499.45,499.75,0
2015-11-16 12:15:00,499.75,500.0,498.9,499.55,0
2015-11-16 13:15:00,499.55,500.1,497.55,498.1,0
2015-11-16 14:15:00,498.1,499.25,496.7,499.25,0
2015-11-16 15:15:00,499.25,499.3,498.45,498.5,0
2015-11-17 09:15:00,496.1,498.1,496.1,497.55,0
2015-11-17 10:15:00,497.55,498.3,496.5,498.05,0
2015-11-17 11:15:00,498.1,499.05,497.95,498.5,0
2015-11-17 12:15:00,498.5,499.65,498.1,498.2,0
2015-11-17 13:15:00,498.2,498.4,495.45,495.6,0
2015-11-17 14:15:00,495.6,497.25,495.5,496.6,0
2015-11-17 15:15:00,496.55,497.25,496.55,497.25,0
2015-11-18 09:15:00,497.85,498.35,496.55,497.7,0
2015-11-18 10:15:00,497.7,498.35,497.4,498.1,0
2015-11-18 11:15:00,498.1,498.2,497.25,497.3,0
2015-11-18 12:15:00,497.3,499.0,497.1,498.7,0
2015-11-18 13:15:00,498.75,503.0,498.75,502.0,0
2015-11-18 14:15:00,502.0,504.0,502.0,503.6,0
2015-11-18 15:15:00,503.6,503.95,503.45,503.75,0
2015-11-19 09:15:00,500.0,501.5,499.95,500.4,0
2015-11-19 10:15:00,500.4,500.75,498.05,498.6,0
2015-11-19 11:15:00,498.6,499.0,497.85,498.25,0
2015-11-19 12:15:00,498.25,498.35,496.9,497.35,0
2015-11-19 13:15:00,497.4,497.8,496.45,497.8,0
2015-11-19 14:15:00,497.85,498.5,496.4,496.5,0
2015-11-19 15:15:00,496.5,496.65,495.75,496.45,0
2015-11-20 09:15:00,496.65,498.15,496.35,498.0,0
2015-11-20 10:15:00,498.0,498.0,493.0,493.05,0
2015-11-20 11:15:00,493.15,493.4,492.55,493.05,0
2015-11-20 12:15:00,493.05,494.2,492.6,493.15,0
2015-11-20 13:15:00,493.15,493.8,492.7,493.25,0
2015-11-20 14:15:00,493.25,496.05,492.55,495.9,0
2015-11-20 15:15:00,495.85,496.45,495.65,495.85,0
2015-11-23 09:15:00,495.15,496.35,494.65,495.6,0
2015-11-23 10:15:00,495.6,496.55,495.45,495.7,0
2015-11-23 11:15:00,495.7,495.75,494.75,495.5,0
2015-11-23 12:15:00,495.5,496.65,495.25,496.4,0
2015-11-23 13:15:00,496.4,497.95,496.1,497.6,0
2015-11-23 14:15:00,497.6,497.6,495.55,496.65,0
2015-11-23 15:15:00,496.65,496.7,496.25,496.5,0
2015-11-24 09:15:00,497.3,498.7,495.4,495.8,0
2015-11-24 10:15:00,495.75,496.95,495.45,496.15,0
2015-11-24 11:15:00,496.15,496.8,496.15,496.65,0
2015-11-24 12:15:00,496.65,496.95,495.75,495.95,0
2015-11-24 13:15:00,495.95,496.75,495.2,495.95,0
2015-11-24 14:15:00,495.95,498.15,495.85,497.8,0
2015-11-24 15:15:00,497.8,497.85,497.5,497.55,0
2015-11-26 09:15:00,497.45,497.45,494.4,494.95,0
2015-11-26 10:15:00,494.95,495.55,494.85,495.1,0
2015-11-26 11:15:00,495.1,495.6,495.0,495.35,0
2015-11-26 12:15:00,495.35,495.6,494.9,495.2,0
2015-11-26 13:15:00,495.2,495.4,494.2,494.2,0
2015-11-26 14:15:00,494.2,495.0,493.7,494.3,0
2015-11-26 15:15:00,494.3,494.6,493.8,493.95,0
2015-11-27 09:15:00,492.9,494.85,491.6,492.1,0
2015-11-27 10:15:00,492.1,492.15,491.15,491.45,0
2015-11-27 11:15:00,491.45,493.95,491.25,493.7,0
2015-11-27 12:15:00,493.7,493.85,492.7,492.8,0
2015-11-27 13:15:00,492.8,493.05,491.45,491.65,0
2015-11-27 14:15:00,491.65,491.85,489.95,491.05,0
2015-11-27 15:15:00,491.05,491.05,490.5,490.75,0
2015-11-30 09:15:00,491.6,492.05,489.9,491.55,0
2015-11-30 10:15:00,491.5,492.05,491.25,491.65,0
2015-11-30 11:15:00,491.65,492.05,491.1,491.1,0
2015-11-30 12:15:00,491.1,491.95,490.5,491.9,0
2015-11-30 13:15:00,491.9,492.15,490.9,490.95,0
2015-11-30 14:15:00,490.95,491.75,489.85,491.55,0
2015-11-30 15:15:00,491.55,492.35,491.15,491.4,0
2015-12-01 09:15:00,490.3,490.75,489.5,490.3,0
2015-12-01 10:15:00,490.3,491.1,489.55,490.45,0
2015-12-01 11:15:00,490.45,491.75,489.5,489.95,0
2015-12-01 12:15:00,489.95,491.45,489.8,490.65,0
2015-12-01 13:15:00,490.65,491.55,490.5,490.75,0
2015-12-01 14:15:00,490.75,491.0,489.95,490.5,0
2015-12-01 15:15:00,490.45,490.9,490.4,490.5,0
2015-12-02 09:15:00,489.25,491.0,489.25,490.65,0
2015-12-02 10:15:00,490.65,493.25,490.65,492.75,0
2015-12-02 11:15:00,492.75,493.3,492.3,492.65,0
2015-12-02 12:15:00,492.65,493.1,492.35,492.8,0
2015-12-02 13:15:00,492.8,493.3,491.4,492.45,0
2015-12-02 14:15:00,492.45,492.85,491.4,491.8,0
2015-12-02 15:15:00,491.8,492.65,491.8,492.4,0
2015-12-03 09:15:00,493.95,495.4,493.35,494.7,0
2015-12-03 10:15:00,494.7,495.2,494.65,494.9,0
2015-12-03 11:15:00,494.9,494.95,494.15,494.6,0
2015-12-03 12:15:00,494.6,495.35,494.55,495.2,0
2015-12-03 13:15:00,495.2,495.25,493.65,493.75,0
2015-12-03 14:15:00,493.75,497.0,493.7,496.5,0
2015-12-03 15:15:00,496.5,496.75,496.15,496.15,0
2015-12-04 09:15:00,499.35,501.2,499.35,500.15,0
2015-12-04 10:15:00,500.15,501.4,499.95,501.1,0
2015-12-04 11:15:00,501.1,501.1,500.45,500.95,0
2015-12-04 12:15:00,500.95,501.2,499.85,499.9,0
2015-12-04 13:15:00,499.9,500.6,499.1,500.4,0
2015-12-04 14:15:00,500.4,501.8,500.0,501.4,0
2015-12-04 15:15:00,501.4,501.95,501.3,501.35,0
2015-12-07 09:15:00,499.65,501.3,499.15,500.85,0
2015-12-07 10:15:00,500.85,502.15,500.65,501.75,0
2015-12-07 11:15:00,501.75,502.15,501.3,501.65,0
2015-12-07 12:15:00,501.65,503.45,501.4,502.85,0
2015-12-07 13:15:00,502.85,504.15,502.7,504.0,0
2015-12-07 14:15:00,504.0,504.05,502.55,502.85,0
2015-12-07 15:15:00,502.85,503.1,502.8,502.95,0
2015-12-08 09:15:00,504.75,504.95,502.65,503.5,0
2015-12-08 10:15:00,503.5,504.5,503.45,504.3,0
2015-12-08 11:15:00,504.3,505.1,504.3,504.6,0
2015-12-08 12:15:00,504.6,505.5,504.6,505.1,0
2015-12-08 13:15:00,505.1,505.25,504.35,505.0,0
2015-12-08 14:15:00,505.0,507.4,504.45,507.3,0
2015-12-08 15:15:00,507.3,508.2,507.3,507.85,0
2015-12-09 09:15:00,507.65,509.05,507.2,508.5,0
2015-12-09 10:15:00,508.5,510.4,508.5,508.85,0
2015-12-09 11:15:00,508.85,510.15,508.8,509.6,0
2015-12-09 12:15:00,509.6,510.45,509.35,509.65,0
2015-12-09 13:15:00,509.75,511.4,509.35,511.15,0
2015-12-09 14:15:00,511.15,513.5,510.8,513.15,0
2015-12-09 15:15:00,513.15,513.3,512.65,512.8,0
2015-12-10 09:15:00,511.15,512.95,510.6,512.0,0
2015-12-10 10:15:00,512.0,513.35,511.6,513.35,0
2015-12-10 11:15:00,513.35,513.4,510.85,512.05,0
2015-12-10 12:15:00,511.95,512.15,511.1,511.2,0
2015-12-10 13:15:00,511.2,512.3,508.9,510.3,0
2015-12-10 14:15:00,510.35,510.4,507.9,508.45,0
2015-12-10 15:15:00,508.45,508.75,508.2,508.5,0
2015-12-11 09:15:00,507.45,510.05,507.45,509.35,0
2015-12-11 10:15:00,509.3,509.7,508.5,509.65,0
2015-12-11 11:15:00,509.65,512.0,509.45,511.9,0
2015-12-11 12:15:00,511.9,514.9,511.65,513.4,0
2015-12-11 13:15:00,513.4,515.4,512.7,514.55,0
2015-12-11 14:15:00,514.55,515.65,512.65,513.85,0
2015-12-11 15:15:00,513.85,513.85,513.0,513.35,0
2015-12-14 09:15:00,517.15,517.35,513.15,513.65,0
2015-12-14 10:15:00,513.65,513.65,511.45,512.45,0
2015-12-14 11:15:00,512.45,513.0,511.7,512.2,0
2015-12-14 12:15:00,512.2,512.6,510.55,511.1,0
2015-12-14 13:15:00,511.1,512.75,510.1,512.1,0
2015-12-14 14:15:00,512.1,514.7,511.0,511.0,0
2015-12-14 15:15:00,511.0,511.15,510.25,510.35,0
2015-12-15 09:15:00,510.45,512.7,510.35,511.65,0
2015-12-15 10:15:00,511.65,512.5,511.35,512.0,0
2015-12-15 11:15:00,512.0,512.2,510.55,510.95,0
2015-12-15 12:15:00,510.95,511.4,510.5,511.2,0
2015-12-15 13:15:00,511.2,511.2,508.9,508.95,0
2015-12-15 14:15:00,508.95,509.15,507.5,507.5,0
2015-12-15 15:15:00,507.5,508.25,507.45,508.2,0
2015-12-16 09:15:00,506.15,506.75,503.6,504.1,0
2015-12-16 10:15:00,504.1,504.55,503.7,504.25,0
2015-12-16 11:15:00,504.25,504.5,503.2,503.4,0
2015-12-16 12:15:00,503.4,504.15,502.8,503.65,0
2015-12-16 13:15:00,503.65,505.6,503.6,504.6,0
2015-12-16 14:15:00,504.6,504.7,503.4,504.65,0
2015-12-16 15:15:00,504.65,505.0,504.3,504.35,0
2015-12-17 09:15:00,502.5,504.25,501.4,504.0,0
2015-12-17 10:15:00,504.0,505.3,503.55,505.05,0
2015-12-17 11:15:00,505.05,505.45,504.1,504.6,0
2015-12-17 12:15:00,504.6,505.1,504.35,504.4,0
2015-12-17 13:15:00,504.4,504.45,500.25,500.6,0
2015-12-17 14:15:00,500.6,500.6,498.2,498.35,0
2015-12-17 15:15:00,498.35,499.0,497.95,498.9,0
2015-12-18 09:15:00,499.6,500.85,499.15,500.5,0
2015-12-18 10:15:00,500.5,501.7,499.95,501.45,0
2015-12-18 11:15:00,501.45,501.75,500.95,501.6,0
2015-12-18 12:15:00,501.6,502.45,500.8,502.35,0
2015-12-18 13:15:00,502.35,503.0,501.1,501.85,0
2015-12-18 14:15:00,501.85,504.35,501.4,503.75,0
2015-12-18 15:15:00,503.75,504.1,503.55,503.85,0
2015-12-21 09:15:00,505.15,505.75,501.9,502.45,0
2015-12-21 10:15:00,502.45,502.45,500.6,501.6,0
2015-12-21 11:15:00,501.6,501.95,500.85,501.2,0
2015-12-21 12:15:00,501.2,501.55,500.4,500.4,0
2015-12-21 13:15:00,500.4,500.7,499.8,500.05,0
2015-12-21 14:15:00,500.05,500.05,499.1,499.25,0
2015-12-21 15:15:00,499.25,499.75,499.1,499.7,0
2015-12-22 09:15:00,499.8,501.55,499.8,500.2,0
2015-12-22 10:15:00,500.2,500.8,499.75,500.4,0
2015-12-22 11:15:00,500.4,500.5,499.9,500.1,0
2015-12-22 12:15:00,500.15,500.2,499.3,499.45,0
2015-12-22 13:15:00,499.45,501.2,498.75,500.35,0
2015-12-22 14:15:00,500.35,503.15,500.25,502.55,0
2015-12-22 15:15:00,502.55,503.05,502.3,502.55,0
2015-12-23 09:15:00,499.8,500.0,498.0,498.25,0
2015-12-23 10:15:00,498.25,498.3,497.6,497.75,0
2015-12-23 11:15:00,497.75,498.5,497.5,498.15,0
2015-12-23 12:15:00,498.15,498.65,497.9,498.1,0
2015-12-23 13:15:00,498.1,498.15,497.35,497.4,0
2015-12-23 14:15:00,497.4,498.05,497.15,497.4,0
2015-12-23 15:15:00,497.4,497.75,497.4,497.65,0
2015-12-24 09:15:00,496.15,498.35,496.15,497.85,0
2015-12-24 10:15:00,497.85,497.95,497.4,497.75,0
2015-12-24 11:15:00,497.75,498.4,497.65,498.35,0
2015-12-24 12:15:00,498.35,498.4,497.7,497.95,0
2015-12-24 13:15:00,497.95,499.5,497.65,498.9,0
2015-12-24 14:15:00,498.9,498.9,497.85,497.85,0
2015-12-24 15:15:00,497.85,498.15,497.45,497.85,0
2015-12-28 09:15:00,498.15,498.15,495.55,495.7,0
2015-12-28 10:15:00,495.7,496.25,495.7,496.05,0
2015-12-28 11:15:00,496.05,496.25,495.4,495.4,0
2015-12-28 12:15:00,495.4,496.05,495.15,495.2,0
2015-12-28 13:15:00,495.2,495.45,494.8,494.95,0
2015-12-28 14:15:00,494.95,495.6,493.5,494.2,0
2015-12-28 15:15:00,494.2,494.7,493.95,494.6,0
2015-12-29 09:15:00,494.05,494.35,493.25,494.05,0
2015-12-29 10:15:00,494.05,494.05,493.3,493.45,0
2015-12-29 11:15:00,493.45,495.05,493.4,495.05,0
2015-12-29 12:15:00,495.05,495.7,494.9,495.55,0
2015-12-29 13:15:00,495.55,495.65,493.5,493.65,0
2015-12-29 14:15:00,493.65,494.55,493.45,494.05,0
2015-12-29 15:15:00,494.05,494.2,493.75,493.8,0
2015-12-30 09:15:00,493.55,494.45,493.4,494.1,0
2015-12-30 10:15:00,494.1,494.15,493.65,494.15,0
2015-12-30 11:15:00,494.15,494.45,494.05,494.2,0
2015-12-30 12:15:00,494.2,494.3,493.75,493.75,0
2015-12-30 13:15:00,493.7,494.9,493.7,494.3,0
2015-12-30 14:15:00,494.3,496.35,494.3,496.2,0
2015-12-30 15:15:00,496.2,496.55,496.05,496.2,0
2015-12-31 09:15:00,496.2,496.6,495.5,496.0,0
2015-12-31 10:15:00,496.0,496.3,495.25,495.35,0
2015-12-31 11:15:00,495.35,495.45,495.1,495.3,0
2015-12-31 12:15:00,495.3,496.1,495.25,495.95,0
2015-12-31 13:15:00,495.95,495.95,494.75,494.9,0
2015-12-31 14:15:00,494.9,495.15,492.6,492.95,0
2015-12-31 15:15:00,493.05,493.55,492.9,493.55,0
2016-01-01 09:15:00,493.75,495.45,493.7,494.2,0
2016-01-01 10:15:00,494.2,494.2,492.9,493.0,0
2016-01-01 11:15:00,493.0,493.65,493.0,493.5,0
2016-01-01 12:15:00,493.5,494.25,493.45,494.25,0
2016-01-01 13:15:00,494.25,494.6,491.8,491.95,0
2016-01-01 14:15:00,491.95,492.5,491.7,492.15,0
2016-01-01 15:15:00,492.15,492.5,492.0,492.35,0
2016-01-04 09:15:00,494.8,497.65,494.05,497.2,0
2016-01-04 10:15:00,497.2,499.7,496.5,499.7,0
2016-01-04 11:15:00,499.7,501.65,499.7,500.05,0
2016-01-04 12:15:00,500.05,501.9,500.05,501.8,0
2016-01-04 13:15:00,501.8,503.35,501.6,502.6,0
2016-01-04 14:15:00,502.6,503.55,501.8,503.5,0
2016-01-04 15:15:00,503.5,503.65,502.95,503.15,0
2016-01-05 09:15:00,500.75,503.65,500.65,502.0,0
2016-01-05 10:15:00,502.0,504.6,501.5,504.3,0
2016-01-05 11:15:00,504.3,504.95,502.95,503.05,0
2016-01-05 12:15:00,503.05,503.6,501.95,502.15,0
2016-01-05 13:15:00,502.15,503.4,501.95,502.35,0
2016-01-05 14:15:00,502.35,503.95,502.3,503.55,0
2016-01-05 15:15:00,503.55,504.1,503.45,504.05,0
2016-01-06 09:15:00,503.45,505.25,503.45,504.55,0
2016-01-06 10:15:00,504.55,504.6,503.15,503.3,0
2016-01-06 11:15:00,503.3,504.05,502.9,503.4,0
2016-01-06 12:15:00,503.4,504.25,503.2,503.3,0
2016-01-06 13:15:00,503.3,507.55,502.65,507.5,0
2016-01-06 14:15:00,507.6,507.75,505.45,506.65,0
2016-01-06 15:15:00,506.65,507.0,506.4,506.85,0
2016-01-07 09:15:00,511.0,514.3,511.0,514.0,0
2016-01-07 10:15:00,514.0,515.0,513.35,514.4,0
2016-01-07 11:15:00,514.4,517.05,514.25,516.6,0
2016-01-07 12:15:00,516.65,516.65,515.35,516.35,0
2016-01-07 13:15:00,516.35,516.9,515.6,516.4,0
2016-01-07 14:15:00,516.4,518.05,515.45,517.7,0
2016-01-07 15:15:00,517.7,518.6,517.7,517.85,0
2016-01-08 09:15:00,515.05,516.8,513.65,516.1,0
2016-01-08 10:15:00,516.1,517.1,515.5,516.8,0
2016-01-08 11:15:00,516.8,516.9,515.7,516.55,0
2016-01-08 12:15:00,516.55,516.7,514.45,514.65,0
2016-01-08 13:15:00,514.6,515.8,514.0,514.05,0
2016-01-08 14:15:00,514.05,516.25,513.75,515.9,0
2016-01-08 15:15:00,515.9,516.0,515.3,515.3,0
2016-01-11 09:15:00,521.05,523.25,520.9,521.1,0
2016-01-11 10:15:00,521.1,521.55,519.15,519.95,0
2016-01-11 11:15:00,519.95,520.55,518.4,520.45,0
2016-01-11 12:15:00,520.45,521.0,520.0,520.1,0
2016-01-11 13:15:00,520.1,520.2,516.4,517.25,0
2016-01-11 14:15:00,517.25,519.0,515.8,518.95,0
2016-01-11 15:15:00,518.95,519.2,518.1,518.1,0
2016-01-12 09:15:00,517.1,519.6,517.1,519.25,0
2016-01-12 10:15:00,519.25,522.4,519.0,521.05,0
2016-01-12 11:15:00,521.05,522.9,520.5,522.9,0
2016-01-12 12:15:00,522.9,523.9,521.6,523.45,0
2016-01-12 13:15:00,523.45,523.9,521.85,522.65,0
2016-01-12 14:15:00,522.65,523.35,521.9,522.65,0
2016-01-12 15:15:00,522.65,522.75,522.1,522.25,0
2016-01-13 09:15:00,519.15,519.55,517.2,517.9,0
2016-01-13 10:15:00,517.85,525.85,517.35,524.55,0
2016-01-13 11:15:00,524.55,526.35,522.7,524.8,0
2016-01-13 12:15:00,524.8,528.3,524.45,526.75,0
2016-01-13 13:15:00,526.75,527.15,520.45,520.7,0
2016-01-13 14:15:00,520.7,521.45,516.9,518.35,0
2016-01-13 15:15:00,518.35,519.7,518.3,519.2,0
2016-01-14 09:15:00,525.45,527.0,523.7,524.35,0
2016-01-14 10:15:00,524.35,524.8,521.95,522.05,0
2016-01-14 11:15:00,522.25,522.4,520.15,520.65,0
2016-01-14 12:15:00,520.65,520.65,517.5,517.7,0
2016-01-14 13:15:00,517.7,520.25,516.05,519.45,0
2016-01-14 14:15:00,519.45,522.15,519.45,520.45,0
2016-01-14 15:15:00,520.45,521.05,520.25,520.55,0
2016-01-15 09:15:00,519.05,522.1,518.8,521.05,0
2016-01-15 10:15:00,521.05,523.1,520.75,522.05,0
2016-01-15 11:15:00,522.05,522.7,520.8,522.65,0
2016-01-15 12:15:00,522.65,522.95,521.1,521.1,0
2016-01-15 13:15:00,521.1,522.9,520.3,521.75,0
2016-01-15 14:15:00,521.75,528.3,521.2,527.25,0
2016-01-15 15:15:00,527.25,528.0,527.15,527.75,0
2016-01-18 09:15:00,529.15,531.75,526.15,530.0,0
2016-01-18 10:15:00,530.0,530.6,527.85,528.4,0
2016-01-18 11:15:00,528.4,531.0,527.9,530.2,0
2016-01-18 12:15:00,530.25,530.75,529.15,530.4,0
2016-01-18 13:15:00,530.4,531.9,528.4,529.35,0
2016-01-18 14:15:00,529.35,535.05,529.35,534.85,0
2016-01-18 15:15:00,534.85,534.85,533.75,534.2,0
2016-01-19 09:15:00,531.95,533.15,530.15,530.8,0
2016-01-19 10:15:00,530.8,532.2,529.3,530.25,0
2016-01-19 11:15:00,530.25,530.9,528.9,529.35,0
2016-01-19 12:15:00,529.35,529.5,526.55,527.25,0
2016-01-19 13:15:00,527.25,528.7,526.05,527.6,0
2016-01-19 14:15:00,527.6,530.05,527.5,528.3,0
2016-01-19 15:15:00,528.3,528.35,527.75,527.75,0
2016-01-20 09:15:00,533.7,538.35,533.7,536.75,0
2016-01-20 10:15:00,536.75,537.45,536.1,537.0,0
2016-01-20 11:15:00,537.0,538.65,536.1,537.45,0
2016-01-20 12:15:00,537.45,538.4,537.3,538.05,0
2016-01-20 13:15:00,538.05,540.75,537.5,539.85,0
2016-01-20 14:15:00,539.85,541.9,536.7,537.0,0
2016-01-20 15:15:00,536.85,537.45,536.45,536.5,0
2016-01-21 09:15:00,532.25,535.65,530.7,535.45,0
2016-01-21 10:15:00,535.45,538.0,535.0,537.15,0
2016-01-21 11:15:00,537.15,540.4,536.05,539.95,0
2016-01-21 12:15:00,539.95,541.4,539.0,541.25,0
2016-01-21 13:15:00,541.25,541.5,535.8,537.15,0
2016-01-21 14:15:00,537.15,540.25,537.15,540.25,0
2016-01-21 15:15:00,540.25,540.4,539.15,539.35,0
2016-01-22 09:15:00,533.85,535.85,532.25,532.6,0
2016-01-22 10:15:00,532.6,532.8,529.85,530.5,0
2016-01-22 11:15:00,530.5,531.05,529.5,529.7,0
2016-01-22 12:15:00,529.7,530.1,529.0,529.55,0
2016-01-22 13:15:00,529.55,530.65,528.55,530.1,0
2016-01-22 14:15:00,530.1,530.1,528.15,528.85,0
2016-01-22 15:15:00,528.85,529.2,528.55,528.8,0
2016-01-25 09:15:00,525.9,527.2,524.6,525.4,0
2016-01-25 10:15:00,525.4,526.8,525.1,526.5,0
2016-01-25 11:15:00,526.5,527.3,526.15,526.15,0
2016-01-25 12:15:00,526.15,527.15,526.1,526.95,0
2016-01-25 13:15:00,527.05,529.25,526.4,528.25,0
2016-01-25 14:15:00,528.25,528.85,527.15,528.2,0
2016-01-25 15:15:00,528.2,528.45,527.85,528.35,0
2016-01-27 09:15:00,526.05,529.55,525.85,528.1,0
2016-01-27 10:15:00,528.1,528.85,527.8,528.1,0
2016-01-27 11:15:00,528.1,528.6,526.3,526.45,0
2016-01-27 12:15:00,526.45,526.85,525.55,526.45,0
2016-01-27 13:15:00,526.45,529.35,526.45,527.3,0
2016-01-27 14:15:00,527.45,528.55,527.1,528.3,0
2016-01-27 15:15:00,528.3,528.9,528.1,528.75,0
2016-01-28 09:15:00,529.2,530.15,527.8,528.85,0
2016-01-28 10:15:00,528.85,529.05,527.75,528.1,0
2016-01-28 11:15:00,528.1,528.95,528.1,528.95,0
2016-01-28 12:15:00,529.1,529.4,528.2,528.5,0
2016-01-28 13:15:00,528.5,528.6,526.65,526.75,0
2016-01-28 14:15:00,526.7,529.65,526.25,529.55,0
2016-01-28 15:15:00,529.55,529.85,529.2,529.25,0
2016-01-29 09:15:00,530.25,530.5,525.55,527.25,0
2016-01-29 10:15:00,527.25,527.9,525.0,525.0,0
2016-01-29 11:15:00,525.0,525.35,523.1,523.25,0
2016-01-29 12:15:00,523.25,523.6,522.4,522.75,0
2016-01-29 13:15:00,522.65,523.25,521.3,521.65,0
2016-01-29 14:15:00,521.65,522.25,519.15,519.15,0
2016-01-29 15:15:00,519.2,520.4,518.75,519.6,0
2016-02-01 09:15:00,518.0,520.2,517.85,518.55,0
2016-02-01 10:15:00,518.55,518.65,517.3,518.55,0
2016-02-01 11:15:00,518.55,519.3,517.85,518.7,0
2016-02-01 12:15:00,518.7,520.25,518.4,519.05,0
2016-02-01 13:15:00,519.05,520.75,518.7,519.4,0
2016-02-01 14:15:00,519.45,521.3,519.3,520.2,0
2016-02-01 15:15:00,520.2,520.85,520.0,520.8,0
2016-02-02 09:15:00,519.65,520.6,519.55,520.4,0
2016-02-02 10:15:00,520.4,522.75,519.8,522.75,0
2016-02-02 11:15:00,522.75,523.6,519.0,519.85,0
2016-02-02 12:15:00,519.85,521.5,519.15,521.0,0
2016-02-02 13:15:00,521.0,524.5,520.65,523.65,0
2016-02-02 14:15:00,523.65,527.85,522.3,527.4,0
2016-02-02 15:15:00,527.4,529.1,527.35,528.3,0
2016-02-03 09:15:00,531.85,533.4,530.9,531.95,0
2016-02-03 10:15:00,531.95,533.95,531.85,532.85,0
2016-02-03 11:15:00,532.85,533.3,531.9,532.9,0
2016-02-03 12:15:00,532.65,533.0,531.2,531.75,0
2016-02-03 13:15:00,531.75,532.6,530.0,531.85,0
2016-02-03 14:15:00,531.85,534.7,530.2,534.45,0
2016-02-03 15:15:00,534.45,534.75,532.55,533.6,0
2016-02-04 09:15:00,530.5,531.3,529.1,531.3,0
2016-02-04 10:15:00,531.3,532.6,530.25,530.8,0
2016-02-04 11:15:00,530.8,530.85,529.2,529.75,0
2016-02-04 12:15:00,529.75,529.95,527.25,528.15,0
2016-02-04 13:15:00,528.15,531.55,528.15,529.85,0
2016-02-04 14:15:00,529.85,533.75,529.45,530.85,0
2016-02-04 15:15:00,530.85,531.1,530.2,530.35,0
2016-02-05 09:15:00,530.15,530.9,528.35,529.3,0
2016-02-05 10:15:00,529.3,529.35,525.35,526.85,0
2016-02-05 11:15:00,526.85,527.45,525.7,526.15,0
2016-02-05 12:15:00,526.15,528.05,526.05,527.7,0
2016-02-05 13:15:00,527.7,528.05,526.15,527.0,0
2016-02-05 14:15:00,527.0,527.8,525.2,525.5,0
2016-02-05 15:15:00,525.5,525.55,524.2,524.3,0
2016-02-08 09:15:00,525.35,527.1,524.85,525.45,0
2016-02-08 10:15:00,525.45,526.05,523.9,524.45,0
2016-02-08 11:15:00,524.5,525.5,524.3,525.0,0
2016-02-08 12:15:00,525.0,525.45,524.25,524.85,0
2016-02-08 13:15:00,524.85,525.95,523.75,525.25,0
2016-02-08 14:15:00,525.25,533.1,525.0,533.0,0
2016-02-08 15:15:00,533.0,534.15,532.25,534.0,0
2016-02-09 09:15:00,538.6,540.2,537.65,538.0,0
2016-02-09 10:15:00,538.1,539.3,537.8,538.55,0
2016-02-09 11:15:00,538.55,540.65,538.55,539.95,0
2016-02-09 12:15:00,539.95,540.5,538.85,538.9,0
2016-02-09 13:15:00,538.9,539.95,537.25,539.15,0
2016-02-09 14:15:00,539.15,539.6,537.4,539.45,0
2016-02-09 15:15:00,539.45,539.5,538.65,538.8,0
2016-02-10 09:15:00,541.65,544.7,541.25,543.4,0
2016-02-10 10:15:00,543.4,545.35,543.25,545.05,0
2016-02-10 11:15:00,545.05,545.3,543.05,544.4,0
2016-02-10 12:15:00,544.4,544.55,543.05,544.25,0
2016-02-10 13:15:00,544.25,547.95,543.9,545.9,0
2016-02-10 14:15:00,545.9,546.45,542.25,545.85,0
2016-02-10 15:15:00,545.85,546.05,544.45,544.8,0
2016-02-11 09:15:00,546.25,550.85,546.15,550.1,0
2016-02-11 10:15:00,550.1,550.7,549.1,550.6,0
2016-02-11 11:15:00,550.6,552.05,550.05,551.55,0
2016-02-11 12:15:00,551.55,553.3,550.8,552.85,0
2016-02-11 13:15:00,552.75,558.05,552.4,556.8,0
2016-02-11 14:15:00,556.8,564.35,556.7,561.9,0
2016-02-11 15:15:00,561.9,564.6,561.85,563.45,0
2016-02-12 09:15:00,559.7,566.15,559.7,565.5,0
2016-02-12 10:15:00,565.5,568.0,562.75,565.3,0
2016-02-12 11:15:00,565.3,569.0,565.25,568.75,0
2016-02-12 12:15:00,568.75,572.1,564.4,566.5,0
2016-02-12 13:15:00,566.5,567.3,561.5,564.05,0
2016-02-12 14:15:00,564.05,564.3,558.85,563.15,0
2016-02-12 15:15:00,563.15,564.35,562.65,563.95,0
2016-02-15 09:15:00,557.3,557.3,551.25,551.65,0
2016-02-15 10:15:00,551.65,551.75,549.5,550.0,0
2016-02-15 11:15:00,550.0,550.75,549.0,549.6,0
2016-02-15 12:15:00,549.6,550.1,548.45,548.85,0
2016-02-15 13:15:00,548.85,549.05,547.25,548.05,0
2016-02-15 14:15:00,548.05,549.8,547.6,548.75,0
2016-02-15 15:15:00,548.75,549.6,548.45,549.4,0
2016-02-16 09:15:00,545.95,551.85,545.95,551.35,0
2016-02-16 10:15:00,551.35,551.6,548.6,550.0,0
2016-02-16 11:15:00,550.0,552.85,550.0,552.25,0
2016-02-16 12:15:00,552.25,553.65,551.95,553.05,0
2016-02-16 13:15:00,553.05,555.2,550.7,555.05,0
2016-02-16 14:15:00,554.85,558.05,553.75,557.75,0
2016-02-16 15:15:00,557.65,558.45,557.6,557.9,0
2016-02-17 09:15:00,556.95,564.65,556.95,563.9,0
2016-02-17 10:15:00,563.9,563.9,558.85,559.05,0
2016-02-17 11:15:00,558.95,560.15,557.05,558.8,0
2016-02-17 12:15:00,558.8,561.85,558.8,561.15,0
2016-02-17 13:15:00,561.15,562.1,557.15,558.15,0
2016-02-17 14:15:00,558.1,558.25,552.65,552.9,0
2016-02-17 15:15:00,552.9,553.25,551.85,551.95,0
2016-02-18 09:15:00,547.75,547.75,545.1,546.95,0
2016-02-18 10:15:00,546.95,547.55,544.85,546.2,0
2016-02-18 11:15:00,546.2,549.4,546.15,548.4,0
2016-02-18 12:15:00,548.4,550.2,548.05,548.85,0
2016-02-18 13:15:00,548.85,550.8,548.05,550.15,0
2016-02-18 14:15:00,550.15,551.55,545.55,545.8,0
2016-02-18 15:15:00,545.8,547.65,545.75,547.6,0
2016-02-19 09:15:00,548.35,550.05,546.4,548.05,0
2016-02-19 10:15:00,548.05,548.8,545.95,546.9,0
2016-02-19 11:15:00,546.9,547.5,546.2,546.95,0
2016-02-19 12:15:00,547.0,548.85,546.9,548.1,0
2016-02-19 13:15:00,548.1,549.5,546.45,546.45,0
2016-02-19 14:15:00,546.45,546.75,544.1,545.05,0
2016-02-19 15:15:00,545.1,546.15,545.05,546.15,0
2016-02-22 09:15:00,545.75,546.3,543.2,544.1,0
2016-02-22 10:15:00,544.1,544.9,543.4,544.5,0
2016-02-22 11:15:00,544.5,545.35,544.05,544.6,0
2016-02-22 12:15:00,544.65,544.8,544.0,544.25,0
2016-02-22 13:15:00,544.25,544.25,542.45,543.2,0
2016-02-22 14:15:00,543.2,544.65,542.8,544.05,0
2016-02-22 15:15:00,544.05,544.3,543.55,543.8,0
2016-02-23 09:15:00,543.45,548.6,543.45,548.45,0
2016-02-23 10:15:00,548.45,549.55,548.2,548.4,0
2016-02-23 11:15:00,548.4,549.95,548.15,549.95,0
2016-02-23 12:15:00,549.95,553.0,549.85,552.7,0
2016-02-23 13:15:00,552.7,553.7,551.25,552.4,0
2016-02-23 14:15:00,552.45,553.15,550.65,553.0,0
2016-02-23 15:15:00,553.0,554.0,552.95,553.85,0
2016-02-24 09:15:00,556.1,557.8,555.75,556.05,0
2016-02-24 10:15:00,556.05,558.65,556.05,558.35,0
2016-02-24 11:15:00,558.35,559.5,557.1,558.15,0
2016-02-24 12:15:00,558.15,558.35,554.85,555.8,0
2016-02-24 13:15:00,555.8,558.1,555.2,556.75,0
2016-02-24 14:15:00,556.75,561.15,555.95,560.65,0
2016-02-24 15:15:00,560.65,560.65,559.9,560.4,0
2016-02-25 09:15:00,559.7,562.25,559.7,560.55,0
2016-02-25 10:15:00,560.55,561.05,559.95,560.65,0
2016-02-25 11:15:00,560.65,563.7,559.8,563.7,0
2016-02-25 12:15:00,563.7,564.3,561.55,563.5,0
2016-02-25 13:15:00,563.5,564.35,561.85,562.15,0
2016-02-25 14:15:00,562.15,565.1,561.45,564.75,0
2016-02-25 15:15:00,564.7,564.85,563.35,563.45,0
2016-02-26 09:15:00,558.95,562.8,557.95,562.4,0
2016-02-26 10:15:00,562.4,562.8,560.75,561.55,0
2016-02-26 11:15:00,561.55,563.3,561.0,562.7,0
2016-02-26 12:15:00,562.7,562.8,559.4,560.35,0
2016-02-26 13:15:00,560.35,561.0,558.3,559.35,0
2016-02-26 14:15:00,559.5,560.55,558.1,560.0,0
2016-02-26 15:15:00,560.0,560.1,559.1,559.15,0
2016-02-29 09:15:00,558.4,562.45,558.4,561.25,0
2016-02-29 10:15:00,561.25,561.95,557.05,560.1,0
2016-02-29 11:15:00,560.1,565.3,558.8,564.2,0
2016-02-29 12:15:00,564.25,576.1,558.35,559.2,0
2016-02-29 13:15:00,559.2,561.75,555.1,558.35,0
2016-02-29 14:15:00,558.35,564.85,557.7,564.55,0
2016-02-29 15:15:00,564.55,564.55,562.55,562.85,0
2016-03-01 09:15:00,559.45,559.45,550.35,551.4,0
2016-03-01 10:15:00,551.4,552.15,550.5,550.85,0
2016-03-01 11:15:00,550.8,551.65,548.95,549.15,0
2016-03-01 12:15:00,549.15,550.0,547.6,548.6,0
2016-03-01 13:15:00,548.6,549.05,545.5,545.7,0
2016-03-01 14:15:00,545.75,546.9,544.5,544.6,0
2016-03-01 15:15:00,544.6,544.6,543.55,544.05,0
2016-03-02 09:15:00,537.2,538.2,534.35,534.55,0
2016-03-02 10:15:00,534.6,535.75,533.4,534.85,0
2016-03-02 11:15:00,534.85,534.95,534.0,534.1,0
2016-03-02 12:15:00,534.1,534.8,533.0,533.3,0
2016-03-02 13:15:00,533.3,535.5,533.0,533.85,0
2016-03-02 14:15:00,533.85,534.85,532.85,533.6,0
2016-03-02 15:15:00,533.6,533.65,532.9,533.05,0
2016-03-03 09:15:00,529.35,531.05,528.2,529.4,0
2016-03-03 10:15:00,529.4,530.05,528.25,528.6,0
2016-03-03 11:15:00,528.6,530.0,528.15,528.75,0
2016-03-03 12:15:00,528.85,529.05,526.7,526.9,0
2016-03-03 13:15:00,527.0,528.3,526.25,527.25,0
2016-03-03 14:15:00,527.25,527.6,525.65,525.75,0
2016-03-03 15:15:00,525.75,526.4,525.45,526.15,0
2016-03-04 09:15:00,524.05,528.25,524.05,526.85,0
2016-03-04 10:15:00,526.85,527.1,525.75,526.25,0
2016-03-04 11:15:00,526.3,526.4,525.25,525.9,0
2016-03-04 12:15:00,525.9,526.9,525.5,526.3,0
2016-03-04 13:15:00,526.3,527.65,525.25,525.25,0
2016-03-04 14:15:00,525.05,527.65,524.3,525.5,0
2016-03-04 15:15:00,525.55,525.85,524.2,524.2,0
2016-03-08 09:15:00,525.8,525.9,522.95,524.0,0
2016-03-08 10:15:00,524.05,524.95,523.5,524.25,0
2016-03-08 11:15:00,524.25,525.8,524.05,525.2,0
2016-03-08 12:15:00,525.2,526.5,524.65,526.0,0
2016-03-08 13:15:00,526.0,528.8,526.0,527.9,0
2016-03-08 14:15:00,527.9,528.85,525.55,526.15,0
2016-03-08 15:15:00,526.2,526.45,525.25,526.05,0
2016-03-09 09:15:00,529.4,530.2,527.95,528.25,0
2016-03-09 10:15:00,528.25,529.6,527.65,529.45,0
2016-03-09 11:15:00,529.45,529.75,527.65,527.8,0
2016-03-09 12:15:00,527.8,527.8,525.85,526.45,0
2016-03-09 13:15:00,526.45,527.4,524.0,524.75,0
2016-03-09 14:15:00,524.7,525.35,522.2,522.45,0
2016-03-09 15:15:00,522.45,522.75,522.3,522.6,0
2016-03-10 09:15:00,521.85,526.45,521.85,525.5,0
2016-03-10 10:15:00,525.5,527.75,524.9,527.1,0
2016-03-10 11:15:00,527.1,527.6,526.05,527.35,0
2016-03-10 12:15:00,527.35,528.6,527.25,527.25,0
2016-03-10 13:15:00,527.25,527.3,524.6,525.4,0
2016-03-10 14:15:00,525.4,526.6,524.9,526.2,0
2016-03-10 15:15:00,526.2,526.45,525.75,526.15,0
2016-03-11 09:15:00,526.15,526.75,522.0,522.7,0
2016-03-11 10:15:00,522.7,523.8,522.15,523.65,0
2016-03-11 11:15:00,523.65,527.8,523.05,525.8,0
2016-03-11 12:15:00,525.8,526.15,523.45,524.25,0
2016-03-11 13:15:00,524.25,526.3,523.35,525.4,0
2016-03-11 14:15:00,525.45,525.9,523.85,524.85,0
2016-03-11 15:15:00,524.85,525.0,523.9,524.2,0
2016-03-14 09:15:00,522.4,522.4,519.55,521.1,0
2016-03-14 10:15:00,521.1,521.85,520.75,521.65,0
2016-03-14 11:15:00,521.6,523.0,521.45,522.95,0
2016-03-14 12:15:00,522.95,523.65,522.4,522.95,0
2016-03-14 13:15:00,522.95,523.6,521.9,522.7,0
2016-03-14 14:15:00,522.7,524.3,522.1,522.5,0
2016-03-14 15:15:00,522.5,523.3,522.4,523.25,0
2016-03-15 09:15:00,522.95,525.75,522.8,525.75,0
2016-03-15 10:15:00,525.75,526.6,525.2,525.45,0
2016-03-15 11:15:00,525.45,526.3,525.25,526.15,0
2016-03-15 12:15:00,526.15,527.25,526.15,527.1,0
2016-03-15 13:15:00,527.1,528.6,526.85,528.2,0
2016-03-15 14:15:00,528.2,528.7,527.05,528.3,0
2016-03-15 15:15:00,528.3,528.35,527.85,528.05,0
2016-03-16 09:15:00,528.55,530.35,527.6,529.85,0
2016-03-16 10:15:00,529.85,530.95,529.4,530.05,0
2016-03-16 11:15:00,530.05,531.9,529.95,531.75,0
2016-03-16 12:15:00,531.75,532.15,531.05,531.05,0
2016-03-16 13:15:00,531.05,531.35,528.6,529.6,0
2016-03-16 14:15:00,529.6,529.65,525.5,525.8,0
2016-03-16 15:15:00,525.8,525.85,525.05,525.3,0
2016-03-17 09:15:00,521.55,521.55,519.65,520.7,0
2016-03-17 10:15:00,520.7,522.65,520.7,521.7,0
2016-03-17 11:15:00,521.7,522.05,520.65,521.75,0
2016-03-17 12:15:00,521.75,521.85,521.05,521.45,0
2016-03-17 13:15:00,521.45,521.85,520.3,521.85,0
2016-03-17 14:15:00,521.85,524.65,521.5,524.25,0
2016-03-17 15:15:00,524.25,527.0,524.25,526.45,0
2016-03-18 09:15:00,523.25,524.4,521.55,521.8,0
2016-03-18 10:15:00,521.8,522.2,521.05,521.9,0
2016-03-18 11:15:00,521.9,523.55,521.9,523.0,0
2016-03-18 12:15:00,523.0,523.05,521.15,521.95,0
2016-03-18 13:15:00,521.95,523.8,521.8,522.15,0
2016-03-18 14:15:00,522.15,522.7,517.8,518.2,0
2016-03-18 15:15:00,518.2,519.0,518.2,518.6,0
2016-03-21 09:15:00,517.65,517.65,515.3,515.55,0
2016-03-21 10:15:00,515.55,515.95,514.7,515.35,0
2016-03-21 11:15:00,515.35,516.0,515.1,515.3,0
2016-03-21 12:15:00,515.3,516.3,515.25,515.85,0
2016-03-21 13:15:00,515.85,517.05,514.4,514.65,0
2016-03-21 14:15:00,514.65,514.85,511.25,511.4,0
2016-03-21 15:15:00,511.4,512.0,511.25,511.9,0
2016-03-22 09:15:00,512.5,514.25,512.2,514.05,0
2016-03-22 10:15:00,514.05,514.05,511.6,512.75,0
2016-03-22 11:15:00,512.75,513.05,512.15,512.75,0
2016-03-22 12:15:00,512.75,514.35,512.65,514.25,0
2016-03-22 13:15:00,514.25,515.9,513.95,514.55,0
2016-03-22 14:15:00,514.55,514.7,510.9,510.95,0
2016-03-22 15:15:00,511.0,511.4,510.4,511.25,0
2016-03-23 09:15:00,511.15,513.25,511.15,512.3,0
2016-03-23 10:15:00,512.3,513.9,511.6,513.75,0
2016-03-23 11:15:00,513.75,514.25,512.75,513.4,0
2016-03-23 12:15:00,513.4,514.25,513.05,513.4,0
2016-03-23 13:15:00,513.4,513.7,511.9,512.6,0
2016-03-23 14:15:00,512.6,513.4,510.8,510.8,0
2016-03-23 15:15:00,510.8,511.95,510.55,511.95,0
2016-03-28 09:15:00,510.1,513.4,510.1,513.15,0
2016-03-28 10:15:00,513.15,514.1,512.55,513.8,0
2016-03-28 11:15:00,513.8,514.3,513.2,513.8,0
2016-03-28 12:15:00,513.8,514.9,513.55,514.85,0
2016-03-28 13:15:00,514.85,516.75,514.2,516.4,0
2016-03-28 14:15:00,516.4,520.2,516.35,518.5,0
2016-03-28 15:15:00,518.5,518.75,517.05,517.45,0
2016-03-29 09:15:00,519.1,519.3,516.45,518.6,0
2016-03-29 10:15:00,518.6,520.7,517.9,520.4,0
2016-03-29 11:15:00,520.4,520.5,518.25,519.3,0
2016-03-29 12:15:00,519.3,519.35,517.35,518.8,0
2016-03-29 13:15:00,518.8,519.8,517.45,517.45,0
2016-03-29 14:15:00,517.45,519.95,516.05,519.8,0
2016-03-29 15:15:00,519.8,520.35,519.6,520.0,0
2016-03-30 09:15:00,516.15,516.65,515.25,515.8,0
2016-03-30 10:15:00,515.8,516.25,514.4,514.4,0
2016-03-30 11:15:00,514.4,515.0,514.3,514.55,0
2016-03-30 12:15:00,514.55,514.55,512.2,512.5,0
2016-03-30 13:15:00,512.55,513.05,511.35,511.8,0
2016-03-30 14:15:00,511.9,511.9,510.25,510.7,0
2016-03-30 15:15:00,510.7,510.8,510.0,510.55,0
2016-03-31 09:15:00,511.0,511.0,508.25,508.4,0
2016-03-31 10:15:00,508.4,508.85,507.8,508.0,0
2016-03-31 11:15:00,507.95,509.25,507.9,509.05,0
2016-03-31 12:15:00,509.05,510.15,508.7,509.65,0
2016-03-31 13:15:00,509.6,509.8,508.25,508.55,0
2016-03-31 14:15:00,508.55,512.65,508.1,510.15,0
2016-03-31 15:15:00,510.2,510.7,508.75,509.75,0
2016-04-01 09:15:00,511.75,512.9,510.3,511.15,0
2016-04-01 10:15:00,511.15,512.75,510.65,512.5,0
2016-04-01 11:15:00,512.5,513.4,511.45,511.8,0
2016-04-01 12:15:00,511.8,514.5,511.8,513.65,0
2016-04-01 13:15:00,513.65,515.1,512.25,512.95,0
2016-04-01 14:15:00,512.95,513.7,511.8,512.1,0
2016-04-01 15:15:00,512.1,512.35,511.4,512.1,0
2016-04-04 09:15:00,510.95,510.95,509.35,510.15,0
2016-04-04 10:15:00,510.15,511.75,509.95,510.85,0
2016-04-04 11:15:00,510.85,512.05,510.7,512.05,0
2016-04-04 12:15:00,512.05,512.85,511.3,511.85,0
2016-04-04 13:15:00,511.8,511.8,510.65,510.7,0
2016-04-04 14:15:00,510.75,511.35,509.05,509.05,0
2016-04-04 15:15:00,509.05,509.55,508.9,509.55,0
2016-04-05 09:15:00,510.85,512.15,510.85,511.9,0
2016-04-05 10:15:00,511.9,515.1,511.55,512.8,0
2016-04-05 11:15:00,512.8,516.9,512.35,515.9,0
2016-04-05 12:15:00,515.9,517.9,515.65,517.2,0
2016-04-05 13:15:00,517.2,518.95,516.8,518.3,0
2016-04-05 14:15:00,518.3,520.0,516.7,519.5,0
2016-04-05 15:15:00,519.5,520.5,519.4,520.3,0
2016-04-06 09:15:00,517.45,520.3,517.35,518.95,0
2016-04-06 10:15:00,518.95,519.9,518.45,519.55,0
2016-04-06 11:15:00,519.55,519.65,517.5,518.15,0
2016-04-06 12:15:00,518.15,519.2,517.9,518.15,0
2016-04-06 13:15:00,518.15,520.4,517.7,519.65,0
2016-04-06 14:15:00,519.65,520.15,518.45,519.35,0
2016-04-06 15:15:00,519.35,519.45,518.45,518.65,0
2016-04-07 09:15:00,517.9,523.5,517.9,523.4,0
2016-04-07 10:15:00,523.4,523.9,521.15,522.15,0
2016-04-07 11:15:00,522.15,522.25,519.8,520.7,0
2016-04-07 12:15:00,520.7,522.15,520.4,521.2,0
2016-04-07 13:15:00,521.2,522.2,520.9,521.5,0
2016-04-07 14:15:00,521.55,524.2,521.15,524.1,0
2016-04-07 15:15:00,524.1,524.35,523.6,523.9,0
2016-04-08 09:15:00,524.0,525.05,523.05,523.65,0
2016-04-08 10:15:00,523.65,523.65,522.15,522.75,0
2016-04-08 11:15:00,522.75,523.9,522.75,523.15,0
2016-04-08 12:15:00,523.15,523.35,522.35,522.6,0
2016-04-08 13:15:00,522.6,524.1,522.45,524.1,0
2016-04-08 14:15:00,524.1,524.4,522.85,523.35,0
2016-04-08 15:15:00,523.35,523.35,522.8,522.85,0
2016-04-11 09:15:00,521.55,524.45,521.55,523.8,0
2016-04-11 10:15:00,523.8,523.85,522.6,523.55,0
2016-04-11 11:15:00,523.55,524.45,523.4,523.85,0
2016-04-11 12:15:00,523.85,526.0,523.4,525.15,0
2016-04-11 13:15:00,525.15,525.15,519.2,519.95,0
2016-04-11 14:15:00,519.95,520.75,515.05,515.4,0
2016-04-11 15:15:00,515.4,515.75,514.85,515.7,0
2016-04-12 09:15:00,515.6,515.9,513.4,514.45,0
2016-04-12 10:15:00,514.4,514.95,512.95,513.45,0
2016-04-12 11:15:00,513.45,513.9,513.15,513.45,0
2016-04-12 12:15:00,513.4,513.45,512.4,513.05,0
2016-04-12 13:15:00,513.05,515.25,512.7,513.85,0
2016-04-12 14:15:00,513.85,513.85,512.35,512.85,0
2016-04-12 15:15:00,512.85,513.1,512.6,513.0,0
2016-04-13 09:15:00,508.5,508.5,504.75,505.2,0
2016-04-13 10:15:00,505.2,505.4,504.2,504.95,0
2016-04-13 11:15:00,504.95,505.3,504.6,505.1,0
2016-04-13 12:15:00,505.1,505.2,504.1,504.15,0
2016-04-13 13:15:00,504.15,505.05,503.75,504.5,0
2016-04-13 14:15:00,504.45,504.6,502.65,503.75,0
2016-04-13 15:15:00,503.75,503.95,503.6,503.85,0
2016-04-18 09:15:00,500.35,504.5,500.35,502.55,0
2016-04-18 10:15:00,502.5,502.5,501.15,501.35,0
2016-04-18 11:15:00,501.35,502.55,501.3,502.35,0
2016-04-18 12:15:00,502.35,502.7,500.65,500.95,0
2016-04-18 13:15:00,500.95,501.25,500.15,500.5,0
2016-04-18 14:15:00,500.5,501.45,499.7,499.7,0
2016-04-18 15:15:00,499.7,500.4,499.6,500.4,0
2016-04-20 09:15:00,497.85,500.55,497.85,499.15,0
2016-04-20 10:15:00,499.15,502.3,499.05,501.85,0
2016-04-20 11:15:00,501.85,502.15,500.6,501.25,0
2016-04-20 12:15:00,501.25,502.4,500.45,501.35,0
2016-04-20 13:15:00,501.35,501.6,499.7,500.15,0
2016-04-20 14:15:00,500.15,501.25,499.8,500.3,0
2016-04-20 15:15:00,500.3,500.4,499.75,499.9,0
2016-04-21 09:15:00,497.75,497.75,496.2,496.75,0
2016-04-21 10:15:00,496.75,499.2,496.65,498.55,0
2016-04-21 11:15:00,498.55,498.9,498.05,498.6,0
2016-04-21 12:15:00,498.6,499.55,498.6,498.9,0
2016-04-21 13:15:00,498.9,499.3,498.35,499.0,0
2016-04-21 14:15:00,499.05,502.05,498.7,499.65,0
2016-04-21 15:15:00,499.65,501.35,499.6,501.3,0
2016-04-22 09:15:00,501.75,502.8,500.55,500.85,0
2016-04-22 10:15:00,500.85,501.35,499.95,501.05,0
2016-04-22 11:15:00,501.05,501.35,499.75,500.0,0
2016-04-22 12:15:00,500.0,500.95,499.95,499.95,0
2016-04-22 13:15:00,499.95,501.4,499.9,500.9,0
2016-04-22 14:15:00,500.9,502.2,500.9,501.15,0
2016-04-22 15:15:00,501.15,501.35,500.85,501.05,0
2016-04-25 09:15:00,501.8,503.25,500.85,503.1,0
2016-04-25 10:15:00,503.15,504.4,503.1,504.25,0
2016-04-25 11:15:00,504.25,505.25,503.9,504.35,0
2016-04-25 12:15:00,504.35,505.15,504.1,504.8,0
2016-04-25 13:15:00,504.8,505.9,504.8,505.15,0
2016-04-25 14:15:00,505.15,506.1,504.35,504.65,0
2016-04-25 15:15:00,504.65,504.8,503.65,503.75,0
2016-04-26 09:15:00,506.15,506.5,504.85,505.15,0
2016-04-26 10:15:00,505.15,505.35,504.05,504.2,0
2016-04-26 11:15:00,504.2,504.55,503.6,503.9,0
2016-04-26 12:15:00,503.9,503.95,498.05,499.05,0
2016-04-26 13:15:00,499.1,499.1,497.2,497.45,0
2016-04-26 14:15:00,497.45,498.25,496.8,497.35,0
2016-04-26 15:15:00,497.35,498.2,497.2,497.95,0
2016-04-27 09:15:00,498.9,498.9,496.35,496.6,0
2016-04-27 10:15:00,496.6,498.1,496.25,497.1,0
2016-04-27 11:15:00,497.1,497.7,496.65,496.95,0
2016-04-27 12:15:00,496.95,497.05,496.2,496.55,0
2016-04-27 13:15:00,496.55,497.7,495.9,497.25,0
2016-04-27 14:15:00,497.2,497.6,496.15,496.45,0
2016-04-27 15:15:00,496.5,496.8,496.5,496.6,0
2016-04-28 09:15:00,497.4,497.85,495.9,496.15,0
2016-04-28 10:15:00,496.15,499.65,496.15,499.65,0
2016-04-28 11:15:00,499.65,501.05,499.05,500.05,0
2016-04-28 12:15:00,500.05,501.95,500.0,501.4,0
2016-04-28 13:15:00,501.4,503.05,501.0,502.7,0
2016-04-28 14:15:00,502.7,505.25,502.55,505.1,0
2016-04-28 15:15:00,505.1,505.55,504.65,504.7,0
2016-04-29 09:15:00,505.15,506.55,502.3,503.8,0
2016-04-29 10:15:00,503.8,505.55,503.1,504.2,0
2016-04-29 11:15:00,504.2,505.65,503.9,505.65,0
2016-04-29 12:15:00,505.6,508.3,504.7,507.45,0
2016-04-29 13:15:00,507.45,508.65,506.3,507.2,0
2016-04-29 14:15:00,507.2,508.1,503.65,504.4,0
2016-04-29 15:15:00,504.4,505.2,504.25,505.1,0
2016-05-02 09:15:00,506.8,509.05,506.8,508.1,0
2016-05-02 10:15:00,508.1,508.95,507.55,508.55,0
2016-05-02 11:15:00,508.55,509.7,506.4,507.25,0
2016-05-02 12:15:00,507.25,508.55,506.9,507.95,0
2016-05-02 13:15:00,507.95,508.05,507.05,507.55,0
2016-05-02 14:15:00,507.55,508.45,507.45,507.9,0
2016-05-02 15:15:00,507.9,508.25,507.65,507.7,0
2016-05-03 09:15:00,506.75,506.9,502.55,503.8,0
2016-05-03 10:15:00,503.8,505.45,503.45,505.4,0
2016-05-03 11:15:00,505.4,505.7,504.65,505.05,0
2016-05-03 12:15:00,505.05,509.8,504.9,509.8,0
2016-05-03 13:15:00,509.8,512.55,509.8,511.0,0
2016-05-03 14:15:00,511.0,512.2,510.65,512.0,0
2016-05-03 15:15:00,512.0,512.3,511.5,512.2,0
2016-05-04 09:15:00,513.4,514.2,512.5,512.85,0
2016-05-04 10:15:00,512.85,514.75,512.85,513.5,0
2016-05-04 11:15:00,513.5,514.05,511.75,512.9,0
2016-05-04 12:15:00,512.9,513.65,512.05,512.5,0
2016-05-04 13:15:00,512.5,514.65,511.8,513.95,0
2016-05-04 14:15:00,513.9,514.95,513.25,514.7,0
2016-05-04 15:15:00,514.75,515.15,514.55,514.85,0
2016-05-05 09:15:00,513.0,514.1,512.4,513.6,0
2016-05-05 10:15:00,513.6,513.9,512.25,513.05,0
2016-05-05 11:15:00,513.05,513.1,511.8,512.0,0
2016-05-05 12:15:00,512.0,514.3,511.7,513.75,0
2016-05-05 13:15:00,513.75,514.6,510.0,510.3,0
2016-05-05 14:15:00,510.3,513.15,509.95,512.85,0
2016-05-05 15:15:00,512.85,513.15,512.4,512.45,0
2016-05-06 09:15:00,514.0,516.55,514.0,515.5,0
2016-05-06 10:15:00,515.5,515.75,514.65,515.35,0
2016-05-06 11:15:00,515.35,515.6,514.45,515.05,0
2016-05-06 12:15:00,515.05,515.85,513.1,513.5,0
2016-05-06 13:15:00,513.5,514.3,512.75,512.85,0
2016-05-06 14:15:00,512.85,513.9,512.8,512.8,0
2016-05-06 15:15:00,512.8,513.05,512.65,512.95,0
2016-05-09 09:15:00,511.8,511.8,506.5,507.05,0
2016-05-09 10:15:00,507.05,507.3,505.95,506.3,0
2016-05-09 11:15:00,506.3,506.9,506.15,506.55,0
2016-05-09 12:15:00,506.55,507.65,506.25,506.75,0
2016-05-09 13:15:00,506.75,507.05,505.45,505.85,0
2016-05-09 14:15:00,505.85,505.85,504.0,504.45,0
2016-05-09 15:15:00,504.45,504.7,504.2,504.25,0
2016-05-10 09:15:00,504.05,505.95,504.05,505.25,0
2016-05-10 10:15:00,505.25,506.3,505.05,506.3,0
2016-05-10 11:15:00,506.3,506.3,505.2,505.6,0
2016-05-10 12:15:00,505.6,505.7,503.15,503.2,0
2016-05-10 13:15:00,503.2,504.6,503.15,503.45,0
2016-05-10 14:15:00,503.45,503.65,502.55,503.1,0
2016-05-10 15:15:00,503.1,503.35,502.8,502.95,0
2016-05-11 09:15:00,508.55,510.0,504.15,505.2,0
2016-05-11 10:15:00,505.2,505.25,503.25,503.9,0
2016-05-11 11:15:00,503.9,504.2,502.9,503.85,0
2016-05-11 12:15:00,503.85,507.85,503.85,506.8,0
2016-05-11 13:15:00,506.8,507.5,505.1,505.45,0
2016-05-11 14:15:00,505.45,506.75,505.05,505.75,0
2016-05-11 15:15:00,505.75,505.85,505.35,505.65,0
2016-05-12 09:15:00,504.35,504.35,501.5,502.8,0
2016-05-12 10:15:00,502.8,503.4,502.7,503.1,0
2016-05-12 11:15:00,503.1,503.25,502.45,502.7,0
2016-05-12 12:15:00,502.7,505.75,502.65,504.55,0
2016-05-12 13:15:00,504.6,504.85,502.8,503.1,0
2016-05-12 14:15:00,503.1,503.45,502.5,502.5,0
2016-05-12 15:15:00,502.5,502.65,502.05,502.15,0
2016-05-13 09:15:00,503.8,507.65,503.8,506.5,0
2016-05-13 10:15:00,506.5,507.75,506.5,507.2,0
2016-05-13 11:15:00,507.2,507.4,506.15,507.1,0
2016-05-13 12:15:00,507.1,509.9,507.1,508.85,0
2016-05-13 13:15:00,508.85,509.3,508.05,508.3,0
2016-05-13 14:15:00,508.3,508.6,507.6,507.6,0
2016-05-13 15:15:00,507.6,508.15,507.6,508.0,0
2016-05-16 09:15:00,507.2,509.35,506.35,509.05,0
2016-05-16 10:15:00,509.05,510.65,508.7,510.65,0
2016-05-16 11:15:00,510.65,510.95,509.75,510.0,0
2016-05-16 12:15:00,510.0,511.0,509.6,509.65,0
2016-05-16 13:15:00,509.65,509.95,507.45,507.75,0
2016-05-16 14:15:00,507.7,508.2,504.45,505.3,0
2016-05-16 15:15:00,505.3,505.55,505.15,505.35,0
2016-05-17 09:15:00,503.05,503.5,501.95,503.2,0
2016-05-17 10:15:00,503.2,503.2,502.15,503.0,0
2016-05-17 11:15:00,503.0,503.2,500.95,501.05,0
2016-05-17 12:15:00,501.05,501.4,500.7,501.4,0
2016-05-17 13:15:00,501.35,501.8,500.3,500.3,0
2016-05-17 14:15:00,500.3,503.65,500.3,503.15,0
2016-05-17 15:15:00,503.2,504.1,503.15,503.65,0
2016-05-18 09:15:00,506.3,508.5,506.3,507.9,0
2016-05-18 10:15:00,507.9,508.3,507.4,507.65,0
2016-05-18 11:15:00,507.65,508.6,507.2,507.45,0
2016-05-18 12:15:00,507.45,507.55,505.1,506.25,0
2016-05-18 13:15:00,506.25,506.65,505.5,506.25,0
2016-05-18 14:15:00,506.25,506.4,504.85,504.95,0
2016-05-18 15:15:00,504.95,505.05,504.1,504.7,0
2016-05-19 09:15:00,504.6,507.6,504.6,507.15,0
2016-05-19 10:15:00,507.15,507.7,505.8,506.65,0
2016-05-19 11:15:00,506.65,506.9,506.05,506.6,0
2016-05-19 12:15:00,506.6,509.0,506.5,508.3,0
2016-05-19 13:15:00,508.3,508.65,507.05,508.6,0
2016-05-19 14:15:00,508.6,510.8,508.6,510.35,0
2016-05-19 15:15:00,510.35,511.45,510.3,511.45,0
2016-05-20 09:15:00,510.0,511.25,508.8,510.45,0
2016-05-20 10:15:00,510.45,511.15,509.65,509.95,0
2016-05-20 11:15:00,509.95,510.2,509.1,509.85,0
2016-05-20 12:15:00,509.85,510.0,508.75,509.45,0
2016-05-20 13:15:00,509.45,511.05,509.35,510.4,0
2016-05-20 14:15:00,510.4,513.7,510.1,513.0,0
2016-05-20 15:15:00,513.0,513.0,512.2,512.2,0
2016-05-23 09:15:00,508.8,512.2,508.8,511.9,0
2016-05-23 10:15:00,511.9,512.6,510.9,511.8,0
2016-05-23 11:15:00,511.8,512.35,511.45,512.2,0
2016-05-23 12:15:00,512.2,513.8,512.15,512.85,0
2016-05-23 13:15:00,512.85,513.1,510.2,510.25,0
2016-05-23 14:15:00,510.25,514.6,509.45,514.25,0
2016-05-23 15:15:00,514.25,514.85,514.25,514.55,0
2016-05-24 09:15:00,513.95,515.4,513.5,514.1,0
2016-05-24 10:15:00,514.1,514.5,513.8,514.5,0
2016-05-24 11:15:00,514.5,515.3,514.3,514.85,0
2016-05-24 12:15:00,514.9,515.0,513.1,513.35,0
2016-05-24 13:15:00,513.35,513.95,512.7,513.3,0
2016-05-24 14:15:00,513.3,514.4,513.05,513.5,0
2016-05-24 15:15:00,513.5,513.5,512.4,512.55,0
2016-05-25 09:15:00,509.15,509.15,505.55,505.8,0
2016-05-25 10:15:00,505.8,505.95,505.0,505.2,0
2016-05-25 11:15:00,505.2,505.5,503.75,504.0,0
2016-05-25 12:15:00,504.0,504.55,503.5,503.6,0
2016-05-25 13:15:00,503.6,504.3,502.7,503.0,0
2016-05-25 14:15:00,503.0,503.05,500.8,501.0,0
2016-05-25 15:15:00,501.0,501.25,500.6,501.2,0
2016-05-26 09:15:00,498.55,500.2,498.05,498.7,0
2016-05-26 10:15:00,498.7,498.95,498.15,498.85,0
2016-05-26 11:15:00,498.85,499.55,498.05,498.45,0
2016-05-26 12:15:00,498.45,498.55,496.95,497.0,0
2016-05-26 13:15:00,497.0,497.0,495.15,495.45,0
2016-05-26 14:15:00,495.45,496.35,492.4,492.4,0
2016-05-26 15:15:00,492.4,492.55,491.75,492.1,0
2016-05-27 09:15:00,491.9,491.9,488.6,489.8,0
2016-05-27 10:15:00,489.8,489.8,488.35,488.4,0
2016-05-27 11:15:00,488.4,489.45,488.4,488.9,0
2016-05-27 12:15:00,488.9,489.6,487.05,487.75,0
2016-05-27 13:15:00,487.75,488.75,487.2,488.4,0
2016-05-27 14:15:00,488.4,488.6,486.9,487.95,0
2016-05-27 15:15:00,487.65,487.8,487.3,487.8,0
2016-05-30 09:15:00,487.0,487.0,485.0,486.7,0
2016-05-30 10:15:00,486.7,487.9,486.2,486.45,0
2016-05-30 11:15:00,486.4,487.25,486.4,486.9,0
2016-05-30 12:15:00,486.9,487.6,486.2,486.25,0
2016-05-30 13:15:00,486.25,487.0,486.15,486.55,0
2016-05-30 14:15:00,486.55,486.75,485.65,486.2,0
2016-05-30 15:15:00,486.2,486.6,486.1,486.55,0
2016-05-31 09:15:00,484.5,487.8,484.5,487.45,0
2016-05-31 10:15:00,487.45,488.3,487.0,487.2,0
2016-05-31 11:15:00,487.2,488.05,486.9,487.4,0
2016-05-31 12:15:00,487.4,487.5,486.6,486.85,0
2016-05-31 13:15:00,486.85,488.3,486.6,488.25,0
2016-05-31 14:15:00,488.25,488.95,486.15,487.6,0
2016-05-31 15:15:00,487.6,487.6,486.75,487.25,0
2016-06-01 09:15:00,486.4,486.65,484.55,485.2,0
2016-06-01 10:15:00,485.2,485.35,484.25,484.5,0
2016-06-01 11:15:00,484.5,486.4,484.35,485.8,0
2016-06-01 12:15:00,485.8,486.7,485.05,485.3,0
2016-06-01 13:15:00,485.3,485.75,485.1,485.6,0
2016-06-01 14:15:00,485.6,486.85,485.35,486.5,0
2016-06-01 15:15:00,486.55,486.6,486.1,486.35,0
2016-06-02 09:15:00,487.8,487.8,486.1,487.25,0
2016-06-02 10:15:00,487.25,487.7,486.55,487.3,0
2016-06-02 11:15:00,487.3,487.6,486.95,487.2,0
2016-06-02 12:15:00,487.2,487.75,486.5,487.1,0
2016-06-02 13:15:00,487.1,487.45,485.85,486.05,0
2016-06-02 14:15:00,486.05,486.4,483.5,484.0,0
2016-06-02 15:15:00,484.05,484.6,484.05,484.3,0
2016-06-03 09:15:00,482.6,482.9,481.7,482.35,0
2016-06-03 10:15:00,482.35,483.4,482.3,483.1,0
2016-06-03 11:15:00,483.1,483.25,482.55,483.05,0
2016-06-03 12:15:00,483.05,483.15,481.95,482.2,0
2016-06-03 13:15:00,482.2,484.5,482.15,483.65,0
2016-06-03 14:15:00,483.65,484.4,483.35,483.7,0
2016-06-03 15:15:00,483.75,484.7,483.75,484.7,0
2016-06-06 09:15:00,483.85,484.8,483.55,484.7,0
2016-06-06 10:15:00,484.7,484.8,483.85,484.2,0
2016-06-06 11:15:00,484.2,485.25,484.15,484.75,0
2016-06-06 12:15:00,484.7,485.0,484.25,484.5,0
2016-06-06 13:15:00,484.5,484.95,484.15,484.8,0
2016-06-06 14:15:00,484.8,486.35,484.5,485.4,0
2016-06-06 15:15:00,485.4,485.55,485.2,485.25,0
2016-06-07 09:15:00,483.5,484.3,483.5,483.9,0
2016-06-07 10:15:00,483.9,484.6,483.3,483.75,0
2016-06-07 11:15:00,483.75,484.45,482.5,483.1,0
2016-06-07 12:15:00,483.1,483.1,480.3,481.0,0
2016-06-07 13:15:00,481.0,481.05,480.05,480.7,0
2016-06-07 14:15:00,480.7,482.65,480.65,481.5,0
2016-06-07 15:15:00,481.5,481.9,481.45,481.9,0
2016-06-08 09:15:00,480.65,482.0,480.65,481.5,0
2016-06-08 10:15:00,481.5,482.1,481.1,481.9,0
2016-06-08 11:15:00,481.9,482.35,480.9,481.3,0
2016-06-08 12:15:00,481.3,481.95,481.2,481.45,0
2016-06-08 13:15:00,481.45,481.85,480.95,481.65,0
2016-06-08 14:15:00,481.65,482.6,481.25,481.25,0
2016-06-08 15:15:00,481.25,481.7,481.1,481.55,0
2016-06-09 09:15:00,481.45,484.8,481.45,484.25,0
2016-06-09 10:15:00,484.3,484.3,483.5,484.05,0
2016-06-09 11:15:00,484.05,484.65,484.05,484.35,0
2016-06-09 12:15:00,484.4,485.0,483.95,484.7,0
2016-06-09 13:15:00,484.7,486.45,484.35,486.4,0
2016-06-09 14:15:00,486.4,486.6,484.95,485.5,0
2016-06-09 15:15:00,485.5,485.85,485.3,485.75,0
2016-06-10 09:15:00,487.0,487.0,485.5,485.9,0
2016-06-10 10:15:00,485.9,486.1,482.05,482.25,0
2016-06-10 11:15:00,482.25,483.55,482.0,483.15,0
2016-06-10 12:15:00,483.15,486.85,482.95,486.4,0
2016-06-10 13:15:00,486.4,487.85,486.3,487.25,0
2016-06-10 14:15:00,487.25,488.0,486.45,487.45,0
2016-06-10 15:15:00,487.45,487.6,487.35,487.35,0
2016-06-13 09:15:00,491.85,492.8,491.3,492.35,0
2016-06-13 10:15:00,492.35,493.15,492.1,492.95,0
2016-06-13 11:15:00,492.95,494.1,492.85,494.05,0
2016-06-13 12:15:00,494.05,494.1,491.6,492.25,0
2016-06-13 13:15:00,492.25,492.3,490.55,492.05,0
2016-06-13 14:15:00,492.05,492.55,491.25,491.25,0
2016-06-13 15:15:00,491.25,491.4,490.95,491.3,0
2016-06-14 09:15:00,490.0,492.75,490.0,491.65,0
2016-06-14 10:15:00,491.65,492.25,491.45,492.1,0
2016-06-14 11:15:00,492.1,492.35,491.4,491.9,0
2016-06-14 12:15:00,491.9,492.65,491.85,492.3,0
2016-06-14 13:15:00,492.3,493.9,492.2,493.5,0
2016-06-14 14:15:00,493.5,493.8,491.25,491.5,0
2016-06-14 15:15:00,491.5,491.8,491.25,491.5,0
2016-06-15 09:15:00,489.8,490.75,489.3,490.05,0
2016-06-15 10:15:00,490.05,490.55,489.65,490.05,0
2016-06-15 11:15:00,490.05,490.3,489.6,489.65,0
2016-06-15 12:15:00,489.65,489.7,488.85,489.2,0
2016-06-15 13:15:00,489.2,489.6,487.3,487.5,0
2016-06-15 14:15:00,487.5,487.9,485.35,485.95,0
2016-06-15 15:15:00,485.95,486.1,485.7,486.05,0
2016-06-16 09:15:00,487.3,491.9,487.3,491.8,0
2016-06-16 10:15:00,491.65,492.8,491.0,492.6,0
2016-06-16 11:15:00,492.6,493.6,492.2,493.35,0
2016-06-16 12:15:00,493.35,493.45,491.35,491.5,0
2016-06-16 13:15:00,491.5,491.65,490.05,490.6,0
2016-06-16 14:15:00,490.6,491.6,488.85,489.75,0
2016-06-16 15:15:00,489.75,490.25,489.6,490.25,0
2016-06-17 09:15:00,487.6,488.75,486.55,488.15,0
2016-06-17 10:15:00,488.15,488.25,487.5,488.0,0
2016-06-17 11:15:00,488.0,488.6,487.95,488.05,0
2016-06-17 12:15:00,488.05,489.3,487.45,488.0,0
2016-06-17 13:15:00,488.0,489.05,487.6,487.9,0
2016-06-17 14:15:00,487.9,490.05,487.65,488.15,0
2016-06-17 15:15:00,488.15,488.8,487.85,488.8,0
2016-06-20 09:15:00,491.5,491.95,486.3,487.3,0
2016-06-20 10:15:00,487.3,487.85,487.0,487.25,0
2016-06-20 11:15:00,487.25,487.55,486.2,486.2,0
2016-06-20 12:15:00,486.2,486.35,484.7,485.3,0
2016-06-20 13:15:00,485.3,486.05,484.85,485.0,0
2016-06-20 14:15:00,485.0,485.0,483.9,483.95,0
2016-06-20 15:15:00,484.0,484.45,483.9,484.25,0
2016-06-21 09:15:00,483.25,485.9,483.25,485.5,0
2016-06-21 10:15:00,485.5,485.6,484.75,485.4,0
2016-06-21 11:15:00,485.4,485.65,484.85,485.6,0
2016-06-21 12:15:00,485.6,486.3,485.15,485.75,0
2016-06-21 13:15:00,485.75,485.95,484.85,484.9,0
2016-06-21 14:15:00,484.9,485.6,484.8,485.25,0
2016-06-21 15:15:00,485.25,485.9,485.2,485.9,0
2016-06-22 09:15:00,485.8,486.1,484.4,484.75,0
2016-06-22 10:15:00,484.8,486.05,484.75,485.55,0
2016-06-22 11:15:00,485.55,486.0,485.35,485.8,0
2016-06-22 12:15:00,485.8,486.65,485.5,486.3,0
2016-06-22 13:15:00,486.3,489.35,486.05,488.1,0
2016-06-22 14:15:00,488.1,488.1,486.2,486.5,0
2016-06-22 15:15:00,486.5,486.9,486.15,486.9,0
2016-06-23 09:15:00,486.65,487.4,486.0,487.0,0
2016-06-23 10:15:00,487.0,487.3,486.6,486.85,0
2016-06-23 11:15:00,486.85,487.2,486.8,486.85,0
2016-06-23 12:15:00,486.85,487.05,485.35,485.7,0
2016-06-23 13:15:00,485.7,486.1,485.15,485.2,0
2016-06-23 14:15:00,485.2,485.25,481.65,482.6,0
2016-06-23 15:15:00,482.65,482.9,482.45,482.55,0
2016-06-24 09:15:00,496.7,501.15,495.0,500.25,0
2016-06-24 10:15:00,500.25,501.95,499.55,500.75,0
2016-06-24 11:15:00,500.75,501.9,500.05,501.5,0
2016-06-24 12:15:00,501.5,502.55,497.45,497.5,0
2016-06-24 13:15:00,497.5,498.1,493.9,493.9,0
2016-06-24 14:15:00,493.9,496.2,492.65,493.2,0
2016-06-24 15:15:00,493.2,494.0,493.0,494.0,0
2016-06-27 09:15:00,496.5,496.5,492.75,494.1,0
2016-06-27 10:15:00,494.1,494.2,493.2,493.7,0
2016-06-27 11:15:00,493.7,493.95,492.35,492.75,0
2016-06-27 12:15:00,492.75,493.1,491.55,492.55,0
2016-06-27 13:15:00,492.55,495.5,492.3,494.2,0
2016-06-27 14:15:00,494.2,494.2,492.1,493.1,0
2016-06-27 15:15:00,493.1,493.25,492.9,493.15,0
2016-06-28 09:15:00,493.1,493.3,491.4,492.0,0
2016-06-28 10:15:00,492.0,492.5,491.6,492.25,0
2016-06-28 11:15:00,492.25,492.5,491.8,492.3,0
2016-06-28 12:15:00,492.3,492.4,490.05,490.55,0
2016-06-28 13:15:00,490.55,491.65,490.25,491.35,0
2016-06-28 14:15:00,491.25,492.1,490.8,491.15,0
2016-06-28 15:15:00,491.15,491.45,491.1,491.25,0
2016-06-29 09:15:00,488.5,489.15,487.9,488.1,0
2016-06-29 10:15:00,488.1,489.05,487.7,489.0,0
2016-06-29 11:15:00,489.0,489.4,488.5,488.5,0
2016-06-29 12:15:00,488.5,488.75,488.1,488.5,0
2016-06-29 13:15:00,488.5,488.55,487.4,487.4,0
2016-06-29 14:15:00,487.4,487.45,486.15,486.8,0
2016-06-29 15:15:00,486.8,486.95,486.5,486.85,0
2016-06-30 09:15:00,483.4,483.7,482.4,482.55,0
2016-06-30 10:15:00,482.55,483.9,482.5,483.15,0
2016-06-30 11:15:00,483.15,484.4,483.15,483.85,0
2016-06-30 12:15:00,483.8,484.45,483.1,483.25,0
2016-06-30 13:15:00,483.25,483.25,480.6,480.75,0
2016-06-30 14:15:00,480.75,482.7,480.65,481.55,0
2016-06-30 15:15:00,481.55,482.1,481.35,481.9,0
2016-07-01 09:15:00,480.4,480.4,478.05,478.5,0
2016-07-01 10:15:00,478.5,478.75,477.9,478.25,0
2016-07-01 11:15:00,478.25,478.85,477.95,478.1,0
2016-07-01 12:15:00,478.1,478.65,478.0,478.55,0
2016-07-01 13:15:00,478.55,479.45,478.3,478.55,0
2016-07-01 14:15:00,478.55,479.55,478.5,479.4,0
2016-07-01 15:15:00,479.4,479.85,479.4,479.55,0
2016-07-04 09:15:00,476.95,477.2,476.35,476.8,0
2016-07-04 10:15:00,476.8,476.8,475.95,476.1,0
2016-07-04 11:15:00,476.1,476.55,476.05,476.1,0
2016-07-04 12:15:00,476.1,477.25,475.7,477.05,0
2016-07-04 13:15:00,477.05,477.45,476.65,476.9,0
2016-07-04 14:15:00,476.85,477.65,476.5,477.45,0
2016-07-04 15:15:00,477.45,477.55,477.15,477.3,0
2016-07-05 09:15:00,476.9,478.7,476.9,478.35,0
2016-07-05 10:15:00,478.35,479.35,478.2,478.7,0
2016-07-05 11:15:00,478.7,478.85,477.8,478.75,0
2016-07-05 12:15:00,478.75,479.4,478.6,478.85,0
2016-07-05 13:15:00,478.75,480.25,478.7,479.85,0
2016-07-05 14:15:00,479.85,480.25,479.2,479.4,0
2016-07-05 15:15:00,479.4,479.75,479.25,479.75,0
2016-07-07 09:15:00,479.2,480.3,479.05,479.55,0
2016-07-07 10:15:00,479.6,480.2,479.25,480.1,0
2016-07-07 11:15:00,480.1,480.45,479.75,480.35,0
2016-07-07 12:15:00,480.35,480.6,479.25,479.8,0
2016-07-07 13:15:00,479.8,479.85,478.1,478.25,0
2016-07-07 14:15:00,478.25,480.25,478.15,480.15,0
2016-07-07 15:15:00,480.15,480.15,479.1,479.1,0
2016-07-08 09:15:00,478.8,482.35,478.8,481.05,0
2016-07-08 10:15:00,481.05,481.45,480.7,481.25,0
2016-07-08 11:15:00,481.25,481.4,480.85,481.15,0
2016-07-08 12:15:00,481.15,481.5,480.2,480.55,0
2016-07-08 13:15:00,480.55,480.95,479.8,480.8,0
2016-07-08 14:15:00,480.8,481.3,480.15,480.4,0
2016-07-08 15:15:00,480.4,480.45,480.0,480.15,0
2016-07-11 09:15:00,475.4,475.65,472.65,472.95,0
2016-07-11 10:15:00,472.95,473.4,472.6,473.25,0
2016-07-11 11:15:00,473.2,473.45,472.75,472.8,0
2016-07-11 12:15:00,472.8,473.0,472.25,472.85,0
2016-07-11 13:15:00,472.85,473.4,472.5,472.55,0
2016-07-11 14:15:00,472.6,473.6,472.2,472.2,0
2016-07-11 15:15:00,472.2,472.2,471.8,472.05,0
2016-07-12 09:15:00,470.4,471.7,470.35,471.2,0
2016-07-12 10:15:00,471.2,471.35,470.85,471.2,0
2016-07-12 11:15:00,471.2,471.25,470.6,470.7,0
2016-07-12 12:15:00,470.7,470.9,470.25,470.85,0
2016-07-12 13:15:00,470.85,471.6,470.35,470.4,0
2016-07-12 14:15:00,470.4,470.8,469.15,469.2,0
2016-07-12 15:15:00,469.2,469.65,469.1,469.65,0
2016-07-13 09:15:00,468.35,469.85,468.35,469.4,0
2016-07-13 10:15:00,469.4,470.55,468.95,469.85,0
2016-07-13 11:15:00,469.85,470.95,469.7,469.75,0
2016-07-13 12:15:00,469.75,470.7,469.75,470.35,0
2016-07-13 13:15:00,470.3,470.4,469.45,469.55,0
2016-07-13 14:15:00,469.55,470.55,469.15,469.55,0
2016-07-13 15:15:00,469.55,470.2,469.4,470.2,0
2016-07-14 09:15:00,469.8,470.6,469.4,469.9,0
2016-07-14 10:15:00,469.9,470.4,469.75,469.9,0
2016-07-14 11:15:00,469.9,470.4,468.45,468.6,0
2016-07-14 12:15:00,468.6,468.8,467.9,468.45,0
2016-07-14 13:15:00,468.45,468.5,467.85,467.95,0
2016-07-14 14:15:00,467.95,468.55,466.9,466.9,0
2016-07-14 15:15:00,466.95,467.25,466.85,467.2,0
2016-07-15 09:15:00,467.15,468.9,465.55,468.4,0
2016-07-15 10:15:00,468.4,469.95,468.2,469.15,0
2016-07-15 11:15:00,469.15,470.15,468.95,469.45,0
2016-07-15 12:15:00,469.5,470.0,467.6,467.6,0
2016-07-15 13:15:00,467.6,468.4,467.35,467.95,0
2016-07-15 14:15:00,467.9,469.35,467.7,468.35,0
2016-07-15 15:15:00,468.35,468.7,468.25,468.7,0
2016-07-18 09:15:00,467.45,467.45,466.3,466.9,0
2016-07-18 10:15:00,466.9,467.15,466.4,466.5,0
2016-07-18 11:15:00,466.5,466.9,466.4,466.7,0
2016-07-18 12:15:00,466.7,467.25,466.2,467.2,0
2016-07-18 13:15:00,467.2,468.95,467.05,467.95,0
2016-07-18 14:15:00,467.95,470.35,467.95,470.15,0
2016-07-18 15:15:00,470.15,471.15,470.1,471.15,0
2016-07-19 09:15:00,470.25,471.4,469.65,470.3,0
2016-07-19 10:15:00,470.3,470.65,469.75,470.15,0
2016-07-19 11:15:00,470.15,470.95,470.1,470.7,0
2016-07-19 12:15:00,470.7,470.95,469.0,470.95,0
2016-07-19 13:15:00,470.95,472.35,470.9,471.65,0
2016-07-19 14:15:00,471.65,472.0,469.0,469.1,0
2016-07-19 15:15:00,469.05,469.4,468.85,469.05,0
2016-07-20 09:15:00,470.3,470.3,467.85,468.35,0
2016-07-20 10:15:00,468.35,468.8,468.05,468.45,0
2016-07-20 11:15:00,468.5,468.55,467.5,467.85,0
2016-07-20 12:15:00,467.85,468.55,467.6,468.35,0
2016-07-20 13:15:00,468.35,468.6,467.7,468.1,0
2016-07-20 14:15:00,468.1,468.1,467.35,467.5,0
2016-07-20 15:15:00,467.5,467.65,467.35,467.5,0
2016-07-21 09:15:00,466.7,468.25,466.55,468.15,0
2016-07-21 10:15:00,468.15,468.15,467.1,467.4,0
2016-07-21 11:15:00,467.4,468.6,467.15,468.35,0
2016-07-21 12:15:00,468.35,469.5,468.0,469.5,0
2016-07-21 13:15:00,469.5,469.8,468.2,469.3,0
2016-07-21 14:15:00,469.35,470.95,469.0,470.5,0
2016-07-21 15:15:00,470.5,470.85,470.45,470.8,0
2016-07-22 09:15:00,470.2,471.8,470.05,470.7,0
2016-07-22 10:15:00,470.7,471.6,470.65,470.75,0
2016-07-22 11:15:00,470.75,471.0,469.2,469.35,0
2016-07-22 12:15:00,469.35,470.25,468.9,469.1,0
2016-07-22 13:15:00,469.1,471.05,469.1,469.2,0
2016-07-22 14:15:00,469.2,469.5,468.65,469.25,0
2016-07-22 15:15:00,469.25,469.3,468.75,468.75,0
2016-07-25 09:15:00,470.4,470.4,468.95,469.2,0
2016-07-25 10:15:00,469.25,469.55,467.9,467.95,0
2016-07-25 11:15:00,467.95,468.0,466.6,466.95,0
2016-07-25 12:15:00,466.95,467.2,466.05,466.1,0
2016-07-25 13:15:00,466.1,466.1,464.3,464.8,0
2016-07-25 14:15:00,464.8,464.95,463.8,463.9,0
2016-07-25 15:15:00,463.9,464.45,463.75,464.35,0
2016-07-26 09:15:00,464.2,464.9,463.7,464.35,0
2016-07-26 10:15:00,464.35,464.9,463.9,463.9,0
2016-07-26 11:15:00,463.9,464.55,463.75,464.0,0
2016-07-26 12:15:00,464.0,464.8,463.9,464.7,0
2016-07-26 13:15:00,464.7,464.9,464.05,464.25,0
2016-07-26 14:15:00,464.25,467.05,463.6,466.85,0
2016-07-26 15:15:00,466.85,467.25,466.65,466.95,0
2016-07-27 09:15:00,466.15,466.25,462.65,462.8,0
2016-07-27 10:15:00,462.8,464.35,462.8,464.0,0
2016-07-27 11:15:00,464.0,467.55,464.0,467.25,0
2016-07-27 12:15:00,467.25,467.6,465.55,466.9,0
2016-07-27 13:15:00,466.9,467.05,465.9,466.75,0
2016-07-27 14:15:00,466.75,467.05,464.75,464.85,0
2016-07-27 15:15:00,464.85,465.65,464.8,465.6,0
2016-07-28 09:15:00,464.2,464.7,463.6,464.15,0
2016-07-28 10:15:00,464.1,464.3,463.55,463.6,0
2016-07-28 11:15:00,463.6,463.95,463.45,463.5,0
2016-07-28 12:15:00,463.5,464.25,463.3,463.45,0
2016-07-28 13:15:00,463.45,464.35,463.25,464.05,0
2016-07-28 14:15:00,464.05,464.8,462.35,462.5,0
2016-07-28 15:15:00,462.5,462.75,462.25,462.6,0
2016-07-29 09:15:00,462.6,464.25,462.6,463.95,0
2016-07-29 10:15:00,463.95,463.95,462.85,463.2,0
2016-07-29 11:15:00,463.2,463.9,462.55,463.45,0
2016-07-29 12:15:00,463.45,463.85,463.3,463.35,0
2016-07-29 13:15:00,463.4,464.25,463.25,464.0,0
2016-07-29 14:15:00,464.0,464.55,463.65,464.15,0
2016-07-29 15:15:00,464.15,464.3,463.8,464.05,0
2016-08-01 09:15:00,463.55,463.55,460.95,461.2,0
2016-08-01 10:15:00,461.25,461.55,460.5,461.55,0
2016-08-01 11:15:00,461.55,464.1,461.3,463.5,0
2016-08-01 12:15:00,463.5,466.2,463.5,465.95,0
2016-08-01 13:15:00,465.95,466.95,463.95,464.35,0
2016-08-01 14:15:00,464.35,465.4,464.25,464.55,0
2016-08-01 15:15:00,464.55,464.8,463.9,464.05,0
2016-08-02 09:15:00,464.0,464.65,461.95,463.4,0
2016-08-02 10:15:00,463.4,463.8,462.6,462.6,0
2016-08-02 11:15:00,462.6,463.9,462.3,463.8,0
2016-08-02 12:15:00,463.8,464.85,463.55,464.15,0
2016-08-02 13:15:00,464.15,465.7,463.75,465.65,0
2016-08-02 14:15:00,465.65,465.95,464.55,465.4,0
2016-08-02 15:15:00,465.4,465.55,465.0,465.1,0
2016-08-03 09:15:00,464.75,468.55,464.75,466.35,0
2016-08-03 10:15:00,466.35,468.45,466.25,468.3,0
2016-08-03 11:15:00,468.3,469.6,468.05,468.25,0
2016-08-03 12:15:00,468.25,469.5,467.95,469.5,0
2016-08-03 13:15:00,469.5,469.55,467.55,468.15,0
2016-08-03 14:15:00,468.1,469.95,467.7,469.9,0
2016-08-03 15:15:00,469.9,470.4,469.7,469.95,0
2016-08-04 09:15:00,466.7,471.1,466.7,468.75,0
2016-08-04 10:15:00,468.75,469.2,468.15,468.65,0
2016-08-04 11:15:00,468.65,469.35,468.3,469.2,0
2016-08-04 12:15:00,469.2,470.05,468.8,469.95,0
2016-08-04 13:15:00,469.95,471.1,469.75,470.85,0
2016-08-04 14:15:00,470.85,471.15,469.65,469.75,0
2016-08-04 15:15:00,469.75,469.75,468.6,468.75,0
2016-08-05 09:15:00,466.75,466.9,465.1,465.3,0
2016-08-05 10:15:00,465.3,465.45,464.25,464.45,0
2016-08-05 11:15:00,464.45,464.6,463.95,464.25,0
2016-08-05 12:15:00,464.25,464.9,463.85,464.45,0
2016-08-05 13:15:00,464.45,464.95,464.1,464.95,0
2016-08-05 14:15:00,464.95,465.45,461.9,462.1,0
2016-08-05 15:15:00,462.1,462.55,461.85,462.45,0
2016-08-08 09:15:00,460.9,461.55,460.4,460.95,0
2016-08-08 10:15:00,460.95,461.6,460.65,461.05,0
2016-08-08 11:15:00,461.05,461.7,460.95,461.3,0
2016-08-08 12:15:00,461.3,461.3,460.75,461.0,0
2016-08-08 13:15:00,461.0,461.6,460.65,460.95,0
2016-08-08 14:15:00,460.95,461.4,460.45,460.8,0
2016-08-08 15:15:00,460.8,461.65,460.8,461.55,0
2016-08-09 09:15:00,460.15,462.3,460.15,462.0,0
2016-08-09 10:15:00,462.0,463.1,461.65,462.2,0
2016-08-09 11:15:00,462.2,464.2,461.4,463.8,0
2016-08-09 12:15:00,463.8,464.75,463.75,464.75,0
2016-08-09 13:15:00,464.75,464.9,462.9,463.05,0
2016-08-09 14:15:00,463.05,463.3,462.3,462.95,0
2016-08-09 15:15:00,462.95,463.2,462.45,463.15,0
2016-08-10 09:15:00,462.45,466.3,462.3,466.25,0
2016-08-10 10:15:00,466.25,467.4,465.75,466.7,0
2016-08-10 11:15:00,466.7,467.85,466.35,466.85,0
2016-08-10 12:15:00,466.8,467.45,466.55,466.9,0
2016-08-10 13:15:00,466.9,468.35,466.9,468.1,0
2016-08-10 14:15:00,467.95,468.5,467.25,468.4,0
2016-08-10 15:15:00,468.4,468.9,468.35,468.65,0
2016-08-11 09:15:00,468.6,469.95,467.85,468.9,0
2016-08-11 10:15:00,468.9,469.15,467.65,468.05,0
2016-08-11 11:15:00,468.05,468.25,467.05,467.65,0
2016-08-11 12:15:00,467.65,469.6,467.6,469.0,0
2016-08-11 13:15:00,469.05,470.35,469.0,470.0,0
2016-08-11 14:15:00,470.0,470.2,467.35,467.65,0
2016-08-11 15:15:00,467.65,467.65,467.15,467.4,0
2016-08-12 09:15:00,466.9,466.9,463.35,463.35,0
2016-08-12 10:15:00,463.35,463.7,463.1,463.4,0
2016-08-12 11:15:00,463.4,465.15,463.3,463.9,0
2016-08-12 12:15:00,463.9,464.75,463.25,463.4,0
2016-08-12 13:15:00,463.4,464.2,463.3,463.75,0
2016-08-12 14:15:00,463.75,464.55,462.65,463.4,0
2016-08-12 15:15:00,463.4,464.15,463.2,464.0,0
2016-08-16 09:15:00,463.7,464.9,463.1,463.1,0
2016-08-16 10:15:00,463.1,464.85,463.05,464.15,0
2016-08-16 11:15:00,464.15,467.35,464.1,466.85,0
2016-08-16 12:15:00,466.85,466.95,465.9,466.05,0
2016-08-16 13:15:00,466.1,467.05,466.0,466.6,0
2016-08-16 14:15:00,466.6,466.65,464.6,465.05,0
2016-08-16 15:15:00,465.05,465.4,464.8,465.4,0
2016-08-17 09:15:00,465.4,466.1,464.45,465.35,0
2016-08-17 10:15:00,465.35,465.6,464.65,464.65,0
2016-08-17 11:15:00,464.65,465.6,464.65,464.75,0
2016-08-17 12:15:00,464.75,466.0,464.0,465.65,0
2016-08-17 13:15:00,465.65,467.3,465.55,466.7,0
2016-08-17 14:15:00,466.7,467.25,465.9,466.4,0
2016-08-17 15:15:00,466.4,466.5,466.1,466.4,0
2016-08-18 09:15:00,465.0,465.0,463.85,464.45,0
2016-08-18 10:15:00,464.45,464.55,462.8,463.35,0
2016-08-18 11:15:00,463.35,463.85,463.25,463.65,0
2016-08-18 12:15:00,463.65,463.7,463.3,463.5,0
2016-08-18 13:15:00,463.5,464.25,462.9,463.85,0
2016-08-18 14:15:00,463.85,464.25,463.4,463.85,0
2016-08-18 15:15:00,463.85,464.0,463.65,463.85,0
2016-08-19 09:15:00,462.6,464.25,462.6,463.65,0
2016-08-19 10:15:00,463.65,464.0,463.45,463.95,0
2016-08-19 11:15:00,463.9,464.0,463.1,463.35,0
2016-08-19 12:15:00,463.35,465.15,463.3,464.65,0
2016-08-19 13:15:00,464.65,464.9,464.25,464.3,0
2016-08-19 14:15:00,464.3,464.85,463.9,464.0,0
2016-08-19 15:15:00,464.05,464.25,464.0,464.0,0
2016-08-22 09:15:00,464.35,466.15,463.4,465.55,0
2016-08-22 10:15:00,465.55,467.05,465.45,466.35,0
2016-08-22 11:15:00,466.35,467.15,466.1,466.9,0
2016-08-22 12:15:00,466.9,467.05,466.1,466.55,0
2016-08-22 13:15:00,466.55,466.7,465.5,465.5,0
2016-08-22 14:15:00,465.5,466.85,465.3,466.3,0
2016-08-22 15:15:00,466.3,466.6,466.25,466.5,0
2016-08-23 09:15:00,466.45,467.55,466.1,466.55,0
2016-08-23 10:15:00,466.55,467.35,466.25,466.9,0
2016-08-23 11:15:00,466.9,467.05,466.6,466.8,0
2016-08-23 12:15:00,466.8,467.35,466.25,467.15,0
2016-08-23 13:15:00,467.15,469.0,467.1,468.5,0
2016-08-23 14:15:00,468.55,468.6,466.15,466.3,0
2016-08-23 15:15:00,466.3,466.45,465.8,465.9,0
2016-08-24 09:15:00,465.5,466.25,464.85,465.85,0
2016-08-24 10:15:00,465.85,466.05,465.6,465.85,0
2016-08-24 11:15:00,465.85,466.0,465.45,466.0,0
2016-08-24 12:15:00,466.05,466.95,465.45,465.75,0
2016-08-24 13:15:00,465.75,466.95,465.75,466.5,0
2016-08-24 14:15:00,466.5,466.5,464.85,465.3,0
2016-08-24 15:15:00,465.3,465.7,465.3,465.5,0
2016-08-25 09:15:00,464.45,464.65,463.7,463.95,0
2016-08-25 10:15:00,463.95,464.6,463.95,464.05,0
2016-08-25 11:15:00,464.05,464.55,464.05,464.5,0
2016-08-25 12:15:00,464.5,465.35,464.3,465.2,0
2016-08-25 13:15:00,465.2,466.75,464.95,466.55,0
2016-08-25 14:15:00,466.55,468.95,466.55,468.85,0
2016-08-25 15:15:00,468.85,469.0,468.55,468.6,0
2016-08-26 09:15:00,467.45,469.35,467.0,468.9,0
2016-08-26 10:15:00,468.9,469.65,468.5,469.1,0
2016-08-26 11:15:00,469.1,469.85,468.6,469.55,0
2016-08-26 12:15:00,469.55,470.15,469.35,469.85,0
2016-08-26 13:15:00,469.9,470.7,469.05,470.4,0
2016-08-26 14:15:00,470.4,471.1,469.45,469.6,0
2016-08-26 15:15:00,469.6,469.85,469.05,469.6,0
2016-08-29 09:15:00,469.4,471.55,469.4,470.8,0
2016-08-29 10:15:00,470.75,470.95,469.9,470.3,0
2016-08-29 11:15:00,470.3,470.35,469.6,470.0,0
2016-08-29 12:15:00,470.0,470.4,469.7,470.1,0
2016-08-29 13:15:00,470.1,470.75,469.3,469.3,0
2016-08-29 14:15:00,469.3,469.4,467.85,468.2,0
2016-08-29 15:15:00,468.2,468.2,467.3,467.4,0
2016-08-30 09:15:00,466.05,466.05,464.45,464.6,0
2016-08-30 10:15:00,464.6,464.9,464.15,464.75,0
2016-08-30 11:15:00,464.7,465.0,464.15,464.2,0
2016-08-30 12:15:00,464.2,464.25,462.65,462.7,0
2016-08-30 13:15:00,462.7,463.0,462.35,462.45,0
2016-08-30 14:15:00,462.45,462.5,460.5,460.75,0
2016-08-30 15:15:00,460.75,460.9,460.45,460.65,0
2016-08-31 09:15:00,460.3,460.3,457.8,458.4,0
2016-08-31 10:15:00,458.4,459.3,458.4,458.65,0
2016-08-31 11:15:00,458.65,459.3,458.6,459.3,0
2016-08-31 12:15:00,459.3,459.55,458.2,458.25,0
2016-08-31 13:15:00,458.25,458.25,456.9,458.15,0
2016-08-31 14:15:00,458.15,459.0,456.95,458.95,0
2016-08-31 15:15:00,458.95,459.3,458.5,458.7,0
2016-09-01 09:15:00,458.3,459.2,457.35,458.45,0
2016-09-01 10:15:00,458.45,458.45,457.7,457.95,0
2016-09-01 11:15:00,457.95,459.4,457.95,458.9,0
2016-09-01 12:15:00,458.9,459.35,458.15,458.4,0
2016-09-01 13:15:00,458.4,458.55,457.3,457.5,0
2016-09-01 14:15:00,457.5,460.0,457.3,459.65,0
2016-09-01 15:15:00,459.65,459.75,458.95,459.05,0
2016-09-02 09:15:00,458.25,459.6,458.15,459.0,0
2016-09-02 10:15:00,459.0,459.3,458.7,458.9,0
2016-09-02 11:15:00,458.9,459.0,458.4,458.95,0
2016-09-02 12:15:00,458.95,459.7,458.55,459.3,0
2016-09-02 13:15:00,459.25,459.4,457.75,458.1,0
2016-09-02 14:15:00,458.1,458.15,456.85,457.5,0
2016-09-02 15:15:00,457.5,457.7,457.45,457.65,0
2016-09-06 09:15:00,455.6,455.6,453.5,453.9,0
2016-09-06 10:15:00,453.9,453.9,453.25,453.6,0
2016-09-06 11:15:00,453.6,453.7,453.05,453.05,0
2016-09-06 12:15:00,453.05,453.25,452.65,452.85,0
2016-09-06 13:15:00,452.85,453.45,452.85,452.9,0
2016-09-06 14:15:00,452.9,453.4,450.9,450.9,0
2016-09-06 15:15:00,450.9,451.0,450.55,450.9,0
2016-09-07 09:15:00,449.7,452.15,449.7,451.65,0
2016-09-07 10:15:00,451.65,451.85,450.6,451.05,0
2016-09-07 11:15:00,451.05,451.45,450.6,450.85,0
2016-09-07 12:15:00,450.85,451.85,450.8,451.3,0
2016-09-07 13:15:00,451.3,451.4,450.3,450.95,0
2016-09-07 14:15:00,450.95,452.45,450.85,451.95,0
2016-09-07 15:15:00,451.95,452.5,451.95,452.0,0
2016-09-08 09:15:00,452.5,453.45,452.5,452.85,0
2016-09-08 10:15:00,452.85,453.0,451.65,451.95,0
2016-09-08 11:15:00,451.95,452.25,451.45,451.65,0
2016-09-08 12:15:00,451.65,452.65,451.2,451.55,0
2016-09-08 13:15:00,451.55,452.0,451.25,451.6,0
2016-09-08 14:15:00,451.6,451.75,450.2,450.55,0
2016-09-08 15:15:00,450.55,450.95,450.45,450.75,0
2016-09-09 09:15:00,451.6,454.4,451.6,454.4,0
2016-09-09 10:15:00,454.45,455.05,453.9,454.15,0
2016-09-09 11:15:00,454.15,454.85,454.0,454.7,0
2016-09-09 12:15:00,454.7,455.2,453.5,453.85,0
2016-09-09 13:15:00,453.85,454.2,452.95,453.05,0
2016-09-09 14:15:00,453.05,455.4,452.95,455.4,0
2016-09-09 15:15:00,455.4,455.4,454.85,455.15,0
2016-09-12 09:15:00,462.1,463.75,461.4,461.8,0
2016-09-12 10:15:00,461.8,462.6,461.6,462.2,0
2016-09-12 11:15:00,462.2,462.45,461.6,461.65,0
2016-09-12 12:15:00,461.65,462.6,461.4,461.85,0
2016-09-12 13:15:00,461.85,462.85,461.8,462.6,0
2016-09-12 14:15:00,462.6,463.65,462.35,463.15,0
2016-09-12 15:15:00,463.15,463.25,462.8,462.85,0
2016-09-14 09:15:00,463.45,464.1,462.05,464.1,0
2016-09-14 10:15:00,464.05,464.55,463.5,464.05,0
2016-09-14 11:15:00,464.05,464.15,463.0,463.0,0
2016-09-14 12:15:00,463.0,463.55,462.3,463.55,0
2016-09-14 13:15:00,463.55,463.7,462.4,462.65,0
2016-09-14 14:15:00,462.7,463.75,462.3,462.3,0
2016-09-14 15:15:00,462.3,462.55,461.9,461.95,0
2016-09-15 09:15:00,461.75,463.25,461.65,463.25,0
2016-09-15 10:15:00,463.3,463.85,462.45,462.75,0
2016-09-15 11:15:00,462.75,462.95,462.2,462.85,0
2016-09-15 12:15:00,462.85,463.75,462.65,463.0,0
2016-09-15 13:15:00,463.0,463.5,462.05,462.05,0
2016-09-15 14:15:00,462.05,462.55,461.35,462.05,0
2016-09-15 15:15:00,462.05,462.15,461.35,461.5,0
2016-09-16 09:15:00,459.9,459.9,457.05,457.3,0
2016-09-16 10:15:00,457.3,457.35,456.4,456.65,0
2016-09-16 11:15:00,456.65,457.05,456.5,456.6,0
2016-09-16 12:15:00,456.6,457.7,456.55,457.6,0
2016-09-16 13:15:00,457.6,461.45,457.5,460.5,0
2016-09-16 14:15:00,460.5,460.85,459.25,459.75,0
2016-09-16 15:15:00,459.75,460.1,459.4,459.9,0
2016-09-19 09:15:00,459.7,460.45,458.6,458.65,0
2016-09-19 10:15:00,458.65,458.85,457.95,458.35,0
2016-09-19 11:15:00,458.3,458.55,458.15,458.25,0
2016-09-19 12:15:00,458.25,458.85,458.25,458.45,0
2016-09-19 13:15:00,458.45,459.15,458.2,458.65,0
2016-09-19 14:15:00,458.65,458.85,457.85,458.8,0
2016-09-19 15:15:00,458.8,458.85,458.55,458.65,0
2016-09-20 09:15:00,458.35,460.85,458.35,460.15,0
2016-09-20 10:15:00,460.15,460.25,459.7,460.15,0
2016-09-20 11:15:00,460.15,460.65,460.1,460.2,0
2016-09-20 12:15:00,460.2,460.75,460.05,460.25,0
2016-09-20 13:15:00,460.25,461.3,460.0,460.8,0
2016-09-20 14:15:00,460.8,461.0,460.15,460.6,0
2016-09-20 15:15:00,460.6,460.65,460.3,460.55,0
2016-09-21 09:15:00,459.8,460.4,458.65,459.0,0
2016-09-21 10:15:00,459.0,459.45,458.0,458.25,0
2016-09-21 11:15:00,458.25,458.55,457.85,458.45,0
2016-09-21 12:15:00,458.45,459.05,458.1,459.0,0
2016-09-21 13:15:00,459.0,460.3,458.75,460.25,0
2016-09-21 14:15:00,460.25,461.45,460.05,460.35,0
2016-09-21 15:15:00,460.35,460.6,460.35,460.55,0
2016-09-22 09:15:00,455.5,456.15,454.55,456.1,0
2016-09-22 10:15:00,456.1,456.3,455.55,455.9,0
2016-09-22 11:15:00,455.9,457.35,455.9,456.7,0
2016-09-22 12:15:00,456.7,457.25,456.25,456.55,0
2016-09-22 13:15:00,456.55,456.9,455.85,456.1,0
2016-09-22 14:15:00,456.1,456.45,455.4,455.65,0
2016-09-22 15:15:00,455.65,456.25,455.65,456.15,0
2016-09-23 09:15:00,455.2,456.95,455.1,456.25,0
2016-09-23 10:15:00,456.25,456.6,456.0,456.1,0
2016-09-23 11:15:00,456.1,456.3,455.7,455.9,0
2016-09-23 12:15:00,455.9,456.4,455.6,456.15,0
2016-09-23 13:15:00,456.15,456.5,455.8,456.0,0
2016-09-23 14:15:00,456.0,458.1,455.8,457.95,0
2016-09-23 15:15:00,457.95,458.3,457.6,458.2,0
2016-09-26 09:15:00,459.2,460.65,459.2,459.9,0
2016-09-26 10:15:00,459.9,460.4,459.75,460.25,0
2016-09-26 11:15:00,460.25,461.25,460.25,461.15,0
2016-09-26 12:15:00,461.15,462.25,460.9,462.15,0
2016-09-26 13:15:00,462.15,463.55,462.1,462.95,0
2016-09-26 14:15:00,463.0,464.0,462.55,463.75,0
2016-09-26 15:15:00,463.75,463.95,463.5,463.7,0
2016-09-27 09:15:00,462.35,462.85,461.35,462.75,0
2016-09-27 10:15:00,462.75,463.15,462.3,463.0,0
2016-09-27 11:15:00,463.0,463.0,461.7,462.0,0
2016-09-27 12:15:00,462.0,463.3,461.95,463.05,0
2016-09-27 13:15:00,463.05,463.55,462.65,463.1,0
2016-09-27 14:15:00,463.15,465.4,462.8,464.75,0
2016-09-27 15:15:00,464.75,464.75,463.8,463.8,0
2016-09-28 09:15:00,464.4,464.8,463.4,463.65,0
2016-09-28 10:15:00,463.65,464.65,463.6,464.1,0
2016-09-28 11:15:00,464.1,464.2,463.65,463.8,0
2016-09-28 12:15:00,463.8,463.9,462.55,463.1,0
2016-09-28 13:15:00,463.1,463.4,462.1,462.35,0
2016-09-28 14:15:00,462.35,463.0,461.45,462.7,0
2016-09-28 15:15:00,462.7,462.7,462.3,462.45,0
2016-09-29 09:15:00,460.15,461.3,459.8,461.15,0
2016-09-29 10:15:00,461.15,461.6,460.85,461.2,0
2016-09-29 11:15:00,461.2,461.9,461.05,461.9,0
2016-09-29 12:15:00,461.9,472.5,461.9,469.55,0
2016-09-29 13:15:00,469.55,470.1,466.65,469.75,0
2016-09-29 14:15:00,469.65,472.05,469.25,471.05,0
2016-09-29 15:15:00,471.05,471.05,469.35,469.55,0
2016-09-30 09:15:00,471.45,472.85,469.5,470.95,0
2016-09-30 10:15:00,470.95,471.5,469.7,470.95,0
2016-09-30 11:15:00,470.95,472.2,470.8,472.1,0
2016-09-30 12:15:00,472.1,472.3,470.95,471.1,0
2016-09-30 13:15:00,471.1,471.6,470.2,470.45,0
2016-09-30 14:15:00,470.45,470.7,468.45,470.0,0
2016-09-30 15:15:00,470.0,470.05,469.2,469.2,0
2016-10-03 09:15:00,467.05,468.7,465.15,465.35,0
2016-10-03 10:15:00,465.4,465.4,463.75,464.15,0
2016-10-03 11:15:00,464.15,465.25,464.1,464.65,0
2016-10-03 12:15:00,464.65,465.0,464.3,464.35,0
2016-10-03 13:15:00,464.35,464.5,463.45,464.0,0
2016-10-03 14:15:00,464.0,464.05,462.8,463.1,0
2016-10-03 15:15:00,463.05,463.35,462.85,462.9,0
2016-10-04 09:15:00,461.5,462.5,461.1,462.2,0
2016-10-04 10:15:00,462.2,462.65,461.8,462.1,0
2016-10-04 11:15:00,462.1,463.15,462.05,462.55,0
2016-10-04 12:15:00,462.5,463.05,462.1,462.35,0
2016-10-04 13:15:00,462.35,462.5,461.75,462.35,0
2016-10-04 14:15:00,462.35,463.3,460.9,461.3,0
2016-10-04 15:15:00,461.3,461.55,461.05,461.55,0
2016-10-05 09:15:00,459.7,462.5,459.7,462.25,0
2016-10-05 10:15:00,462.25,463.45,462.1,462.2,0
2016-10-05 11:15:00,462.2,463.2,462.05,462.8,0
2016-10-05 12:15:00,462.8,463.6,462.2,462.55,0
2016-10-05 13:15:00,462.55,463.0,461.95,462.95,0
2016-10-05 14:15:00,462.95,462.95,462.0,462.7,0
2016-10-05 15:15:00,462.7,463.55,462.7,463.3,0
2016-10-06 09:15:00,461.75,463.15,461.45,461.75,0
2016-10-06 10:15:00,461.75,462.2,461.45,461.7,0
2016-10-06 11:15:00,461.7,462.2,461.45,461.7,0
2016-10-06 12:15:00,461.7,461.85,461.1,461.5,0
2016-10-06 13:15:00,461.45,464.95,461.45,463.95,0
2016-10-06 14:15:00,463.95,466.15,463.9,464.7,0
2016-10-06 15:15:00,464.7,464.85,464.4,464.75,0
2016-10-07 09:15:00,464.3,466.3,464.2,465.4,0
2016-10-07 10:15:00,465.4,466.25,465.05,465.9,0
2016-10-07 11:15:00,465.9,467.05,465.9,466.9,0
2016-10-07 12:15:00,466.9,467.15,465.8,467.15,0
2016-10-07 13:15:00,467.15,467.35,465.25,465.45,0
2016-10-07 14:15:00,465.45,466.6,465.3,465.8,0
2016-10-07 15:15:00,465.8,465.8,465.3,465.55,0
2016-10-10 09:15:00,463.8,465.2,463.3,464.65,0
2016-10-10 10:15:00,464.65,464.9,464.25,464.45,0
2016-10-10 11:15:00,464.45,464.75,464.35,464.4,0
2016-10-10 12:15:00,464.4,464.95,464.1,464.55,0
2016-10-10 13:15:00,464.55,464.9,464.3,464.6,0
2016-10-10 14:15:00,464.6,465.45,464.45,465.4,0
2016-10-10 15:15:00,465.4,465.4,464.85,465.0,0
2016-10-13 09:15:00,467.45,470.0,467.35,469.55,0
2016-10-13 10:15:00,469.55,470.2,469.2,469.95,0
2016-10-13 11:15:00,469.95,470.85,469.75,470.65,0
2016-10-13 12:15:00,470.65,472.75,470.4,472.6,0
2016-10-13 13:15:00,472.6,474.35,472.5,473.05,0
2016-10-13 14:15:00,473.05,473.8,472.4,472.4,0
2016-10-13 15:15:00,472.4,472.85,472.25,472.85,0
2016-10-14 09:15:00,471.65,474.05,471.35,473.15,0
2016-10-14 10:15:00,473.15,473.5,472.05,472.9,0
2016-10-14 11:15:00,472.9,473.05,472.15,472.55,0
2016-10-14 12:15:00,472.6,473.1,471.5,472.1,0
2016-10-14 13:15:00,472.1,472.9,471.15,472.1,0
2016-10-14 14:15:00,472.1,472.6,471.6,472.25,0
2016-10-14 15:15:00,472.25,472.4,471.9,472.0,0
2016-10-17 09:15:00,470.85,473.3,470.85,472.7,0
2016-10-17 10:15:00,472.7,473.05,472.15,472.15,0
2016-10-17 11:15:00,472.15,475.7,472.15,475.15,0
2016-10-17 12:15:00,475.15,476.05,474.5,474.7,0
2016-10-17 13:15:00,474.7,475.4,474.7,475.05,0
2016-10-17 14:15:00,475.05,476.7,474.8,475.95,0
2016-10-17 15:15:00,475.95,476.2,475.6,475.85,0
2016-10-18 09:15:00,474.05,474.05,472.25,472.25,0
2016-10-18 10:15:00,472.25,473.2,471.95,472.2,0
2016-10-18 11:15:00,472.25,472.45,471.8,472.15,0
2016-10-18 12:15:00,472.15,472.3,470.45,470.65,0
2016-10-18 13:15:00,470.65,470.75,468.8,468.8,0
2016-10-18 14:15:00,468.8,469.25,467.15,467.15,0
2016-10-18 15:15:00,467.15,467.6,466.9,467.5,0
2016-10-19 09:15:00,466.25,468.4,466.25,467.95,0
2016-10-19 10:15:00,467.95,468.4,467.8,468.0,0
2016-10-19 11:15:00,468.0,468.45,467.6,467.75,0
2016-10-19 12:15:00,467.75,469.2,467.75,468.85,0
2016-10-19 13:15:00,468.85,469.5,467.0,467.05,0
2016-10-19 14:15:00,467.05,469.0,466.8,468.4,0
2016-10-19 15:15:00,468.4,468.65,468.25,468.5,0
2016-10-20 09:15:00,466.55,466.85,464.75,465.3,0
2016-10-20 10:15:00,465.3,466.2,465.2,465.5,0
2016-10-20 11:15:00,465.5,467.0,465.2,466.4,0
2016-10-20 12:15:00,466.4,467.35,466.25,466.4,0
2016-10-20 13:15:00,466.4,466.85,465.6,466.7,0
2016-10-20 14:15:00,466.7,466.8,465.85,466.15,0
2016-10-20 15:15:00,466.15,466.3,466.1,466.15,0
2016-10-21 09:15:00,465.8,468.4,465.8,467.8,0
2016-10-21 10:15:00,467.8,468.6,467.8,468.45,0
2016-10-21 11:15:00,468.5,468.85,467.95,468.2,0
2016-10-21 12:15:00,468.2,468.45,467.55,467.7,0
2016-10-21 13:15:00,467.7,468.4,467.5,468.3,0
2016-10-21 14:15:00,468.3,468.7,466.45,466.7,0
2016-10-21 15:15:00,466.7,466.85,466.35,466.65,0
2016-10-24 09:15:00,466.0,467.35,465.3,466.4,0
2016-10-24 10:15:00,466.4,466.75,466.1,466.7,0
2016-10-24 11:15:00,466.7,466.9,466.1,466.25,0
2016-10-24 12:15:00,466.25,466.25,465.2,465.35,0
2016-10-24 13:15:00,465.35,465.5,464.55,465.0,0
2016-10-24 14:15:00,465.0,466.1,464.7,465.95,0
2016-10-24 15:15:00,465.95,466.4,465.8,465.8,0
2016-10-25 09:15:00,465.45,468.4,465.45,468.2,0
2016-10-25 10:15:00,468.2,468.55,467.75,467.8,0
2016-10-25 11:15:00,467.8,467.9,466.65,467.2,0
2016-10-25 12:15:00,467.2,467.9,466.6,467.9,0
2016-10-25 13:15:00,467.95,468.05,466.9,467.15,0
2016-10-25 14:15:00,467.1,467.5,466.75,467.15,0
2016-10-25 15:15:00,467.1,467.2,466.8,467.0,0
2016-10-26 09:15:00,468.95,471.05,468.95,470.2,0
2016-10-26 10:15:00,470.2,470.45,469.8,470.1,0
2016-10-26 11:15:00,470.1,470.5,469.95,470.0,0
2016-10-26 12:15:00,470.0,471.1,469.9,470.2,0
2016-10-26 13:15:00,470.2,470.6,469.8,470.2,0
2016-10-26 14:15:00,470.2,472.2,470.15,470.95,0
2016-10-26 15:15:00,470.95,471.65,470.85,471.65,0
2016-10-27 09:15:00,471.75,474.15,471.75,473.5,0
2016-10-27 10:15:00,473.5,474.4,473.25,473.9,0
2016-10-27 11:15:00,473.9,474.85,473.75,474.25,0
2016-10-27 12:15:00,474.25,474.25,472.55,472.85,0
2016-10-27 13:15:00,472.75,473.05,471.65,472.9,0
2016-10-27 14:15:00,472.9,473.4,470.85,471.25,0
2016-10-27 15:15:00,471.25,471.5,471.1,471.35,0
2016-10-28 09:15:00,470.85,473.2,470.85,471.0,0
2016-10-28 10:15:00,471.0,471.05,469.55,470.1,0
2016-10-28 11:15:00,470.1,470.7,469.85,470.1,0
2016-10-28 12:15:00,470.1,471.55,469.85,470.45,0
2016-10-28 13:15:00,470.45,470.9,470.15,470.35,0
2016-10-28 14:15:00,470.35,470.35,469.3,470.05,0
2016-10-28 15:15:00,470.05,470.45,470.05,470.15,0
2016-10-30 18:15:00,468.45,470.6,468.15,470.5,0
2016-10-30 19:15:00,470.5,471.45,470.5,471.4,0
2016-11-01 09:15:00,469.65,471.75,469.65,470.5,0
2016-11-01 10:15:00,470.5,471.25,470.5,470.8,0
2016-11-01 11:15:00,470.8,470.85,469.6,469.65,0
2016-11-01 12:15:00,469.6,469.7,468.9,469.5,0
2016-11-01 13:15:00,469.5,469.55,468.75,469.35,0
2016-11-01 14:15:00,469.35,471.35,469.35,471.35,0
2016-11-01 15:15:00,471.35,471.5,471.05,471.05,0
2016-11-02 09:15:00,475.75,477.0,475.5,476.05,0
2016-11-02 10:15:00,476.05,476.9,475.4,476.4,0
2016-11-02 11:15:00,476.4,477.2,476.05,476.95,0
2016-11-02 12:15:00,476.95,477.05,475.8,475.95,0
2016-11-02 13:15:00,475.95,476.6,475.45,476.2,0
2016-11-02 14:15:00,476.2,477.75,475.6,477.45,0
2016-11-02 15:15:00,477.45,477.5,477.05,477.1,0
2016-11-03 09:15:00,478.2,478.55,476.35,476.6,0
2016-11-03 10:15:00,476.6,476.9,476.1,476.55,0
2016-11-03 11:15:00,476.55,477.35,476.15,477.25,0
2016-11-03 12:15:00,477.25,477.85,476.2,477.6,0
2016-11-03 13:15:00,477.6,478.9,477.15,478.0,0
2016-11-03 14:15:00,478.0,479.4,476.8,479.1,0
2016-11-03 15:15:00,479.1,479.5,479.05,479.05,0
2016-11-04 09:15:00,478.05,480.6,478.05,479.95,0
2016-11-04 10:15:00,479.95,481.45,479.95,481.35,0
2016-11-04 11:15:00,481.35,482.05,480.0,480.6,0
2016-11-04 12:15:00,480.6,481.35,479.95,480.8,0
2016-11-04 13:15:00,480.8,483.35,480.6,482.95,0
2016-11-04 14:15:00,482.95,483.85,481.7,482.3,0
2016-11-04 15:15:00,482.3,482.3,481.6,482.05,0
2016-11-07 09:15:00,476.4,478.75,476.4,478.05,0
2016-11-07 10:15:00,478.05,478.1,476.95,477.45,0
2016-11-07 11:15:00,477.45,478.45,477.1,477.9,0
2016-11-07 12:15:00,477.9,478.05,477.05,477.5,0
2016-11-07 13:15:00,477.5,477.6,476.7,477.25,0
2016-11-07 14:15:00,477.25,478.65,476.9,478.4,0
2016-11-07 15:15:00,478.4,479.5,478.4,479.1,0
2016-11-08 09:15:00,476.3,478.4,476.25,477.75,0
2016-11-08 10:15:00,477.75,479.15,477.65,478.5,0
2016-11-08 11:15:00,478.5,478.9,477.95,478.85,0
2016-11-08 12:15:00,478.85,479.6,478.75,479.2,0
2016-11-08 13:15:00,479.2,479.65,478.3,478.4,0
2016-11-08 14:15:00,478.4,478.45,475.25,475.55,0
2016-11-08 15:15:00,475.55,476.3,475.5,476.15,0
2016-11-09 09:15:00,502.7,506.0,486.95,491.65,0
2016-11-09 10:15:00,491.65,496.6,491.25,493.7,0
2016-11-09 11:15:00,493.7,494.1,490.1,492.8,0
2016-11-09 12:15:00,492.8,492.95,487.75,487.9,0
2016-11-09 13:15:00,487.9,488.55,481.0,481.75,0
2016-11-09 14:15:00,481.75,484.3,479.95,482.75,0
2016-11-09 15:15:00,482.75,482.75,480.7,481.0,0
2016-11-10 09:15:00,475.4,477.75,475.05,475.05,0
2016-11-10 10:15:00,475.05,475.6,473.15,473.4,0
2016-11-10 11:15:00,473.45,474.2,473.0,473.65,0
2016-11-10 12:15:00,473.65,475.75,473.05,474.55,0
2016-11-10 13:15:00,474.55,475.2,473.6,474.8,0
2016-11-10 14:15:00,474.8,477.2,474.35,477.15,0
2016-11-10 15:15:00,477.15,477.95,477.05,477.3,0
2016-11-11 09:15:00,481.05,485.1,480.95,485.0,0
2016-11-11 10:15:00,484.95,485.75,484.1,485.35,0
2016-11-11 11:15:00,485.35,485.85,484.4,485.85,0
2016-11-11 12:15:00,485.9,486.85,484.8,485.05,0
2016-11-11 13:15:00,485.05,486.5,484.35,485.7,0
2016-11-11 14:15:00,485.7,490.65,485.65,490.15,0
2016-11-11 15:15:00,490.15,490.55,489.35,489.35,0
2016-11-15 09:15:00,491.0,499.5,491.0,499.5,0
2016-11-15 10:15:00,499.5,500.35,496.2,497.65,0
2016-11-15 11:15:00,497.65,500.75,497.65,497.85,0
2016-11-15 12:15:00,497.85,499.75,497.85,498.7,0
2016-11-15 13:15:00,498.7,499.3,497.0,498.05,0
2016-11-15 14:15:00,498.05,501.45,497.75,501.25,0
2016-11-15 15:15:00,501.25,502.3,501.0,502.15,0
2016-11-16 09:15:00,495.5,501.95,495.45,499.65,0
2016-11-16 10:15:00,499.65,500.5,498.2,498.6,0
2016-11-16 11:15:00,498.6,499.25,497.55,498.15,0
2016-11-16 12:15:00,498.15,499.3,496.25,498.3,0
2016-11-16 13:15:00,498.3,500.65,497.5,498.65,0
2016-11-16 14:15:00,498.65,501.65,497.7,501.65,0
2016-11-16 15:15:00,501.65,502.45,501.3,502.25,0
2016-11-17 09:15:00,501.8,502.55,499.0,501.95,0
2016-11-17 10:15:00,501.95,502.6,500.85,500.9,0
2016-11-17 11:15:00,500.9,501.3,499.5,500.15,0
2016-11-17 12:15:00,500.15,501.85,500.15,500.85,0
2016-11-17 13:15:00,500.85,504.15,500.8,502.45,0
2016-11-17 14:15:00,502.45,504.55,501.05,503.15,0
2016-11-17 15:15:00,503.15,503.5,502.5,502.7,0
2016-11-18 09:15:00,502.35,505.4,502.05,504.3,0
2016-11-18 10:15:00,504.25,504.55,502.75,503.2,0
2016-11-18 11:15:00,503.2,503.75,502.2,502.55,0
2016-11-18 12:15:00,502.55,503.05,500.9,500.9,0
2016-11-18 13:15:00,500.9,503.15,500.4,502.9,0
2016-11-18 14:15:00,502.9,504.55,502.9,504.05,0
2016-11-18 15:15:00,504.05,504.4,503.5,504.4,0
2016-11-21 09:15:00,502.3,508.1,502.3,507.65,0
2016-11-21 10:15:00,507.65,512.0,507.15,511.55,0
2016-11-21 11:15:00,511.55,512.15,510.5,511.35,0
2016-11-21 12:15:00,511.35,511.8,509.95,509.95,0
2016-11-21 13:15:00,509.9,513.15,509.65,512.95,0
2016-11-21 14:15:00,512.95,513.85,511.0,513.05,0
2016-11-21 15:15:00,513.1,513.4,512.05,512.05,0
2016-11-22 09:15:00,509.3,512.0,507.45,510.85,0
2016-11-22 10:15:00,510.85,511.2,509.6,510.55,0
2016-11-22 11:15:00,510.55,512.0,510.25,511.9,0
2016-11-22 12:15:00,511.9,512.5,510.85,511.5,0
2016-11-22 13:15:00,511.5,511.9,510.35,510.35,0
2016-11-22 14:15:00,510.35,510.5,507.85,508.8,0
2016-11-22 15:15:00,508.8,508.9,507.5,507.55,0
2016-11-23 09:15:00,505.4,510.0,505.4,509.2,0
2016-11-23 10:15:00,509.2,510.35,507.05,507.55,0
2016-11-23 11:15:00,507.55,508.45,506.95,508.15,0
2016-11-23 12:15:00,508.1,508.55,507.1,507.4,0
2016-11-23 13:15:00,507.5,507.7,505.6,506.8,0
2016-11-23 14:15:00,506.8,507.0,505.6,506.35,0
2016-11-23 15:15:00,506.35,507.4,506.15,506.8,0
2016-11-24 09:15:00,508.0,510.35,508.0,508.95,0
2016-11-24 10:15:00,508.95,509.7,508.8,509.45,0
2016-11-24 11:15:00,509.45,509.5,508.35,508.7,0
2016-11-24 12:15:00,508.7,511.0,508.45,511.0,0
2016-11-24 13:15:00,511.0,511.45,509.35,509.4,0
2016-11-24 14:15:00,509.35,511.65,507.2,511.4,0
2016-11-24 15:15:00,511.4,511.4,510.4,510.45,0
2016-11-25 09:15:00,508.3,510.25,506.7,507.3,0
2016-11-25 10:15:00,507.3,507.9,505.2,505.55,0
2016-11-25 11:15:00,505.55,505.65,504.2,504.6,0
2016-11-25 12:15:00,504.6,505.1,503.55,504.2,0
2016-11-25 13:15:00,504.2,504.35,502.75,503.0,0
2016-11-25 14:15:00,503.0,503.45,501.05,501.3,0
2016-11-25 15:15:00,501.3,502.1,501.1,501.8,0
2016-11-28 09:15:00,503.75,504.65,501.4,502.75,0
2016-11-28 10:15:00,502.75,502.95,500.75,501.15,0
2016-11-28 11:15:00,501.15,501.4,499.8,500.25,0
2016-11-28 12:15:00,500.25,501.0,500.0,500.35,0
2016-11-28 13:15:00,500.35,502.45,500.25,501.35,0
2016-11-28 14:15:00,501.35,501.7,499.7,501.1,0
2016-11-28 15:15:00,501.1,501.35,500.6,501.25,0
2016-11-29 09:15:00,500.7,500.8,497.9,498.4,0
2016-11-29 10:15:00,498.4,498.4,496.75,497.75,0
2016-11-29 11:15:00,497.75,498.05,497.15,497.7,0
2016-11-29 12:15:00,497.7,498.25,496.7,497.1,0
2016-11-29 13:15:00,497.1,498.4,496.7,497.75,0
2016-11-29 14:15:00,497.75,500.8,497.75,500.25,0
2016-11-29 15:15:00,500.25,500.4,499.75,499.8,0
2016-11-30 09:15:00,498.3,500.3,497.8,498.1,0
2016-11-30 10:15:00,498.1,498.4,497.3,497.6,0
2016-11-30 11:15:00,497.6,498.55,497.55,498.3,0
2016-11-30 12:15:00,498.3,498.85,497.7,497.75,0
2016-11-30 13:15:00,497.75,498.3,496.35,496.65,0
2016-11-30 14:15:00,496.65,496.8,494.7,494.7,0
2016-11-30 15:15:00,494.7,496.25,494.5,495.65,0
2016-12-01 09:15:00,494.0,496.5,493.6,495.4,0
2016-12-01 10:15:00,495.4,495.9,494.5,495.35,0
2016-12-01 11:15:00,495.35,496.05,495.0,495.95,0
2016-12-01 12:15:00,495.95,496.4,494.9,494.9,0
2016-12-01 13:15:00,494.9,495.75,494.4,495.65,0
2016-12-01 14:15:00,495.65,497.5,495.25,497.05,0
2016-12-01 15:15:00,497.05,497.45,496.95,497.15,0
2016-12-02 09:15:00,499.55,501.3,499.55,500.55,0
2016-12-02 10:15:00,500.55,502.25,500.3,501.35,0
2016-12-02 11:15:00,501.35,502.45,501.15,501.95,0
2016-12-02 12:15:00,501.95,502.55,501.8,502.2,0
2016-12-02 13:15:00,502.2,502.3,499.25,501.55,0
2016-12-02 14:15:00,501.55,504.55,501.25,503.6,0
2016-12-02 15:15:00,503.65,503.8,502.95,503.6,0
2016-12-05 09:15:00,503.7,504.7,502.85,504.45,0
2016-12-05 10:15:00,504.45,504.75,503.8,504.4,0
2016-12-05 11:15:00,504.4,505.7,504.1,505.3,0
2016-12-05 12:15:00,505.3,505.65,503.95,504.05,0
2016-12-05 13:15:00,504.05,504.35,500.75,501.5,0
2016-12-05 14:15:00,501.5,502.25,500.45,501.45,0
2016-12-05 15:15:00,501.45,501.5,500.65,500.65,0
2016-12-06 09:15:00,499.8,500.0,498.6,499.2,0
2016-12-06 10:15:00,499.2,499.85,498.75,499.0,0
2016-12-06 11:15:00,499.0,499.25,498.35,499.05,0
2016-12-06 12:15:00,499.05,499.65,498.85,499.2,0
2016-12-06 13:15:00,499.2,500.05,498.35,498.7,0
2016-12-06 14:15:00,498.7,500.4,498.25,500.1,0
2016-12-06 15:15:00,500.1,501.15,500.1,500.8,0
2016-12-07 09:15:00,498.95,500.1,498.95,500.0,0
2016-12-07 10:15:00,500.0,500.05,499.0,499.15,0
2016-12-07 11:15:00,499.15,499.75,499.05,499.3,0
2016-12-07 12:15:00,499.3,499.6,498.1,498.4,0
2016-12-07 13:15:00,498.4,498.55,497.6,498.1,0
2016-12-07 14:15:00,498.15,504.45,497.9,503.55,0
2016-12-07 15:15:00,503.55,503.8,502.15,502.25,0
2016-12-08 09:15:00,500.0,500.0,496.05,496.05,0
2016-12-08 10:15:00,496.05,496.45,495.5,496.05,0
2016-12-08 11:15:00,496.05,496.55,495.7,495.85,0
2016-12-08 12:15:00,495.85,495.95,495.15,495.65,0
2016-12-08 13:15:00,495.65,495.65,494.0,494.05,0
2016-12-08 14:15:00,494.05,494.9,493.6,494.15,0
2016-12-08 15:15:00,494.15,494.45,494.05,494.35,0
2016-12-09 09:15:00,492.75,494.45,492.75,493.4,0
2016-12-09 10:15:00,493.4,494.3,493.2,493.7,0
2016-12-09 11:15:00,493.7,493.75,492.55,493.15,0
2016-12-09 12:15:00,493.15,494.15,492.95,494.15,0
2016-12-09 13:15:00,494.1,494.25,492.8,493.4,0
2016-12-09 14:15:00,493.4,493.7,492.8,493.5,0
2016-12-09 15:15:00,493.5,493.95,493.0,493.75,0
2016-12-12 09:15:00,495.4,497.1,495.4,497.0,0
2016-12-12 10:15:00,497.0,497.45,496.5,496.85,0
2016-12-12 11:15:00,496.85,497.5,496.5,496.7,0
2016-12-12 12:15:00,496.7,497.45,496.45,497.1,0
2016-12-12 13:15:00,497.1,498.3,496.85,497.75,0
2016-12-12 14:15:00,497.75,499.9,497.7,498.9,0
2016-12-12 15:15:00,498.9,499.1,498.65,498.9,0
2016-12-13 09:15:00,497.5,500.0,497.5,498.4,0
2016-12-13 10:15:00,498.4,498.95,498.25,498.45,0
2016-12-13 11:15:00,498.45,498.7,498.0,498.15,0
2016-12-13 12:15:00,498.15,498.9,497.65,498.4,0
2016-12-13 13:15:00,498.4,498.8,496.75,497.3,0
2016-12-13 14:15:00,497.3,497.4,495.55,496.1,0
2016-12-13 15:15:00,496.1,496.45,495.95,496.45,0
2016-12-14 09:15:00,495.55,497.8,495.55,497.2,0
2016-12-14 10:15:00,497.2,497.85,496.95,497.5,0
2016-12-14 11:15:00,497.5,497.5,496.65,497.35,0
2016-12-14 12:15:00,497.35,499.35,496.9,498.7,0
2016-12-14 13:15:00,498.7,498.7,496.5,496.85,0
2016-12-14 14:15:00,496.85,498.65,496.45,498.55,0
2016-12-14 15:15:00,498.55,498.8,498.2,498.45,0
2016-12-15 09:15:00,501.8,502.1,496.05,496.8,0
2016-12-15 10:15:00,496.8,497.7,495.85,497.7,0
2016-12-15 11:15:00,497.75,499.9,497.65,499.6,0
2016-12-15 12:15:00,499.6,499.75,497.85,498.45,0
2016-12-15 13:15:00,498.5,499.0,497.4,498.9,0
2016-12-15 14:15:00,498.9,500.45,498.1,500.45,0
2016-12-15 15:15:00,500.45,500.55,500.1,500.2,0
2016-12-16 09:15:00,498.8,501.5,498.8,501.05,0
2016-12-16 10:15:00,501.05,501.5,500.85,500.9,0
2016-12-16 11:15:00,500.9,501.9,500.8,501.3,0
2016-12-16 12:15:00,501.3,501.85,501.0,501.2,0
2016-12-16 13:15:00,501.2,501.6,500.15,501.0,0
2016-12-16 14:15:00,500.9,501.55,500.2,501.4,0
2016-12-16 15:15:00,501.35,501.35,501.0,501.3,0
2016-12-19 09:15:00,502.25,503.55,502.25,502.5,0
2016-12-19 10:15:00,502.5,503.05,501.9,502.55,0
2016-12-19 11:15:00,502.55,502.9,502.3,502.75,0
2016-12-19 12:15:00,502.75,502.75,502.3,502.65,0
2016-12-19 13:15:00,502.65,502.95,502.2,502.65,0
2016-12-19 14:15:00,502.6,503.6,502.1,503.55,0
2016-12-19 15:15:00,503.55,504.2,503.55,503.7,0
2016-12-20 09:15:00,503.3,504.05,502.5,503.35,0
2016-12-20 10:15:00,503.35,503.8,503.1,503.65,0
2016-12-20 11:15:00,503.65,505.5,503.65,505.1,0
2016-12-20 12:15:00,505.1,505.75,504.45,505.55,0
2016-12-20 13:15:00,505.55,506.25,505.15,505.5,0
2016-12-20 14:15:00,505.5,505.65,504.4,505.4,0
2016-12-20 15:15:00,505.4,505.45,504.5,504.6,0
2016-12-21 09:15:00,503.65,505.5,503.3,504.55,0
2016-12-21 10:15:00,504.55,504.75,503.6,504.75,0
2016-12-21 11:15:00,504.75,504.8,504.3,504.65,0
2016-12-21 12:15:00,504.7,504.85,504.15,504.85,0
2016-12-21 13:15:00,504.85,504.9,503.7,503.75,0
2016-12-21 14:15:00,503.75,506.7,503.5,506.65,0
2016-12-21 15:15:00,506.65,506.9,506.55,506.7,0
2016-12-22 09:15:00,507.65,510.3,507.55,510.25,0
2016-12-22 10:15:00,510.25,510.9,509.8,510.6,0
2016-12-22 11:15:00,510.6,511.55,510.55,511.15,0
2016-12-22 12:15:00,511.15,512.1,511.05,511.95,0
2016-12-22 13:15:00,511.95,512.55,510.8,511.7,0
2016-12-22 14:15:00,511.7,512.35,510.9,511.7,0
2016-12-22 15:15:00,511.7,511.95,511.05,511.15,0
2016-12-23 09:15:00,512.2,514.15,511.4,513.8,0
2016-12-23 10:15:00,513.8,514.15,512.4,512.7,0
2016-12-23 11:15:00,512.7,512.7,511.05,511.55,0
2016-12-23 12:15:00,511.55,511.85,510.6,510.7,0
2016-12-23 13:15:00,510.7,510.95,509.05,510.95,0
2016-12-23 14:15:00,510.95,511.8,510.45,511.5,0
2016-12-23 15:15:00,511.5,511.55,510.95,510.95,0
2016-12-26 09:15:00,512.9,517.4,512.9,515.4,0
2016-12-26 10:15:00,515.4,516.3,515.4,516.2,0
2016-12-26 11:15:00,516.2,517.2,516.05,517.0,0
2016-12-26 12:15:00,517.0,517.25,515.8,516.0,0
2016-12-26 13:15:00,516.0,516.15,514.6,515.55,0
2016-12-26 14:15:00,515.6,516.8,514.85,516.45,0
2016-12-26 15:15:00,516.45,516.7,516.15,516.35,0
2016-12-27 09:15:00,516.15,516.9,514.85,515.4,0
2016-12-27 10:15:00,515.4,515.4,513.6,513.75,0
2016-12-27 11:15:00,513.7,514.45,513.4,513.8,0
2016-12-27 12:15:00,513.75,514.4,513.75,514.0,0
2016-12-27 13:15:00,514.0,514.0,511.95,512.45,0
2016-12-27 14:15:00,512.45,512.6,507.9,508.0,0
2016-12-27 15:15:00,508.0,508.85,507.75,508.75,0
2016-12-28 09:15:00,507.65,508.55,505.85,506.45,0
2016-12-28 10:15:00,506.55,507.2,506.2,506.65,0
2016-12-28 11:15:00,506.65,506.9,505.15,505.2,0
2016-12-28 12:15:00,505.2,506.05,504.65,505.05,0
2016-12-28 13:15:00,505.05,506.4,504.3,506.15,0
2016-12-28 14:15:00,506.15,508.8,506.1,508.8,0
2016-12-28 15:15:00,508.8,508.8,508.1,508.4,0
2016-12-29 09:15:00,508.8,509.4,507.3,507.6,0
2016-12-29 10:15:00,507.6,507.85,506.9,507.6,0
2016-12-29 11:15:00,507.6,508.15,507.4,507.4,0
2016-12-29 12:15:00,507.4,507.75,506.95,507.55,0
2016-12-29 13:15:00,507.55,507.85,506.1,506.55,0
2016-12-29 14:15:00,506.55,506.95,503.75,503.75,0
2016-12-29 15:15:00,503.75,504.35,503.75,503.9,0
2016-12-30 09:15:00,503.25,503.35,500.2,500.55,0
2016-12-30 10:15:00,500.5,501.3,500.45,500.8,0
2016-12-30 11:15:00,500.8,500.85,499.4,499.65,0
2016-12-30 12:15:00,499.7,500.25,499.25,499.35,0
2016-12-30 13:15:00,499.3,500.05,499.25,499.45,0
2016-12-30 14:15:00,499.45,500.45,498.45,499.15,0
2016-12-30 15:15:00,499.15,499.95,499.0,499.95,0
2017-01-02 09:15:00,497.9,502.05,497.8,501.25,0
2017-01-02 10:15:00,501.25,502.5,500.85,501.75,0
2017-01-02 11:15:00,501.75,502.3,501.0,501.55,0
2017-01-02 12:15:00,501.55,501.85,500.55,500.65,0
2017-01-02 13:15:00,500.65,500.85,498.8,498.95,0
2017-01-02 14:15:00,498.95,500.25,498.4,499.85,0
2017-01-02 15:15:00,499.85,500.1,499.7,499.8,0
2017-01-03 09:15:00,498.85,501.7,498.85,499.5,0
2017-01-03 10:15:00,499.5,499.7,498.2,498.25,0
2017-01-03 11:15:00,498.25,498.9,497.75,498.2,0
2017-01-03 12:15:00,498.2,498.3,497.85,498.2,0
2017-01-03 13:15:00,498.2,499.85,498.05,498.7,0
2017-01-03 14:15:00,498.7,499.15,497.45,499.15,0
2017-01-03 15:15:00,499.2,499.4,498.85,499.25,0
2017-01-04 09:15:00,498.5,499.2,497.6,497.65,0
2017-01-04 10:15:00,497.65,499.1,497.55,498.65,0
2017-01-04 11:15:00,498.65,499.8,498.05,499.6,0
2017-01-04 12:15:00,499.6,499.7,498.45,498.7,0
2017-01-04 13:15:00,498.65,499.1,497.9,498.65,0
2017-01-04 14:15:00,498.65,499.75,498.55,499.35,0
2017-01-04 15:15:00,499.35,499.45,498.85,498.9,0
2017-01-05 09:15:00,497.15,497.3,495.6,496.15,0
2017-01-05 10:15:00,496.15,496.35,495.35,495.4,0
2017-01-05 11:15:00,495.4,495.55,494.7,494.8,0
2017-01-05 12:15:00,494.8,495.5,494.4,494.65,0
2017-01-05 13:15:00,494.65,495.1,494.0,494.75,0
2017-01-05 14:15:00,494.75,495.55,493.75,494.35,0
2017-01-05 15:15:00,494.35,494.65,494.2,494.4,0
2017-01-06 09:15:00,493.85,493.85,492.4,493.1,0
2017-01-06 10:15:00,493.1,495.15,493.1,495.15,0
2017-01-06 11:15:00,495.15,495.15,494.0,494.15,0
2017-01-06 12:15:00,494.15,495.2,494.05,494.8,0
2017-01-06 13:15:00,494.8,495.25,494.2,494.6,0
2017-01-06 14:15:00,494.6,496.75,494.2,496.25,0
2017-01-06 15:15:00,496.25,496.3,495.65,495.9,0
2017-01-09 09:15:00,495.45,497.0,495.45,496.55,0
2017-01-09 10:15:00,496.55,497.35,496.25,496.65,0
2017-01-09 11:15:00,496.65,496.8,496.0,496.25,0
2017-01-09 12:15:00,496.25,496.8,496.25,496.65,0
2017-01-09 13:15:00,496.7,496.8,495.75,496.0,0
2017-01-09 14:15:00,496.0,496.95,495.9,496.9,0
2017-01-09 15:15:00,496.9,497.25,496.75,497.0,0
2017-01-10 09:15:00,495.35,495.35,493.8,494.6,0
2017-01-10 10:15:00,494.6,495.25,494.45,495.1,0
2017-01-10 11:15:00,495.15,495.15,494.5,494.95,0
2017-01-10 12:15:00,494.95,495.25,494.6,494.6,0
2017-01-10 13:15:00,494.6,494.6,493.7,494.35,0
2017-01-10 14:15:00,494.35,494.75,493.9,494.0,0
2017-01-10 15:15:00,494.0,494.0,493.5,493.75,0
2017-01-11 09:15:00,491.5,491.85,490.5,490.9,0
2017-01-11 10:15:00,490.9,491.3,490.7,491.0,0
2017-01-11 11:15:00,491.0,491.25,490.4,490.55,0
2017-01-11 12:15:00,490.55,490.6,489.2,489.2,0
2017-01-11 13:15:00,489.2,489.4,488.5,488.65,0
2017-01-11 14:15:00,488.65,488.75,487.9,488.4,0
2017-01-11 15:15:00,488.45,488.85,488.4,488.8,0
2017-01-12 09:15:00,487.85,488.35,486.35,487.7,0
2017-01-12 10:15:00,487.7,487.7,486.75,487.2,0
2017-01-12 11:15:00,487.2,487.85,487.1,487.6,0
2017-01-12 12:15:00,487.6,487.8,486.5,486.6,0
2017-01-12 13:15:00,486.6,487.6,486.55,487.4,0
2017-01-12 14:15:00,487.4,488.05,486.5,486.9,0
2017-01-12 15:15:00,486.9,487.05,486.75,486.85,0
2017-01-13 09:15:00,484.05,488.4,484.05,488.35,0
2017-01-13 10:15:00,488.35,488.9,487.4,487.75,0
2017-01-13 11:15:00,487.75,487.85,487.0,487.4,0
2017-01-13 12:15:00,487.4,488.1,487.35,487.85,0
2017-01-13 13:15:00,487.8,488.8,487.5,488.7,0
2017-01-13 14:15:00,488.7,488.95,487.0,487.5,0
2017-01-13 15:15:00,487.5,487.7,487.4,487.5,0
2017-01-16 09:15:00,488.2,489.1,487.8,487.85,0
2017-01-16 10:15:00,487.85,487.9,486.8,487.2,0
2017-01-16 11:15:00,487.2,487.8,487.15,487.65,0
2017-01-16 12:15:00,487.65,487.75,486.8,486.95,0
2017-01-16 13:15:00,486.95,486.95,486.15,486.4,0
2017-01-16 14:15:00,486.4,487.3,486.2,487.1,0
2017-01-16 15:15:00,487.1,487.1,486.55,486.6,0
2017-01-17 09:15:00,486.85,486.85,485.4,486.3,0
2017-01-17 10:15:00,486.3,488.0,486.3,487.55,0
2017-01-17 11:15:00,487.5,488.6,487.4,488.5,0
2017-01-17 12:15:00,488.5,489.0,487.6,487.9,0
2017-01-17 13:15:00,487.9,488.5,487.75,488.25,0
2017-01-17 14:15:00,488.25,488.75,487.5,487.6,0
2017-01-17 15:15:00,487.6,488.45,487.55,488.35,0
2017-01-18 09:15:00,487.6,487.6,484.5,484.8,0
2017-01-18 10:15:00,484.8,485.55,484.35,485.25,0
2017-01-18 11:15:00,485.2,486.15,485.0,486.1,0
2017-01-18 12:15:00,486.1,486.8,486.1,486.5,0
2017-01-18 13:15:00,486.5,487.95,486.3,487.1,0
2017-01-18 14:15:00,487.15,487.8,486.5,486.55,0
2017-01-18 15:15:00,486.55,487.05,486.5,486.95,0
2017-01-19 09:15:00,486.85,487.65,486.3,487.3,0
2017-01-19 10:15:00,487.3,487.35,486.4,486.5,0
2017-01-19 11:15:00,486.5,486.5,485.65,485.9,0
2017-01-19 12:15:00,485.9,486.4,485.6,486.0,0
2017-01-19 13:15:00,486.0,486.9,485.95,486.85,0
2017-01-19 14:15:00,486.85,487.05,485.35,485.95,0
2017-01-19 15:15:00,485.95,486.15,485.75,486.15,0
2017-01-20 09:15:00,487.75,488.05,486.65,487.35,0
2017-01-20 10:15:00,487.35,488.0,487.3,487.55,0
2017-01-20 11:15:00,487.55,487.65,486.95,487.25,0
2017-01-20 12:15:00,487.25,489.75,487.2,489.1,0
2017-01-20 13:15:00,489.1,490.8,489.05,490.65,0
2017-01-20 14:15:00,490.65,491.4,490.35,491.05,0
2017-01-20 15:15:00,491.05,491.25,490.75,491.1,0
2017-01-23 09:15:00,492.3,492.3,488.5,489.35,0
2017-01-23 10:15:00,489.35,489.45,487.95,488.5,0
2017-01-23 11:15:00,488.5,489.75,488.45,489.45,0
2017-01-23 12:15:00,489.45,490.9,489.45,490.5,0
2017-01-23 13:15:00,490.5,491.05,489.8,489.85,0
2017-01-23 14:15:00,489.85,490.25,488.65,488.65,0
2017-01-23 15:15:00,488.65,488.7,488.15,488.3,0
2017-01-24 09:15:00,487.85,488.25,486.25,486.4,0
2017-01-24 10:15:00,486.4,486.65,485.85,485.85,0
2017-01-24 11:15:00,485.85,486.55,485.8,486.2,0
2017-01-24 12:15:00,486.2,486.55,485.65,486.35,0
2017-01-24 13:15:00,486.35,486.65,484.95,485.0,0
2017-01-24 14:15:00,485.0,485.05,483.85,484.0,0
2017-01-24 15:15:00,484.0,484.05,483.55,483.7,0
2017-01-25 09:15:00,482.55,482.85,481.45,482.1,0
2017-01-25 10:15:00,482.1,482.15,481.05,481.15,0
2017-01-25 11:15:00,481.15,481.45,480.8,480.85,0
2017-01-25 12:15:00,480.85,481.25,479.9,479.95,0
2017-01-25 13:15:00,479.95,480.0,479.3,479.75,0
2017-01-25 14:15:00,479.75,479.8,476.4,476.45,0
2017-01-25 15:15:00,476.45,477.1,476.15,477.1,0
2017-01-27 09:15:00,476.4,476.4,473.8,474.15,0
2017-01-27 10:15:00,474.15,474.35,473.15,473.45,0
2017-01-27 11:15:00,473.45,473.75,472.95,473.2,0
2017-01-27 12:15:00,473.2,474.95,473.2,474.1,0
2017-01-27 13:15:00,474.1,474.5,473.15,473.3,0
2017-01-27 14:15:00,473.3,475.15,473.25,474.6,0
2017-01-27 15:15:00,474.6,475.05,474.5,474.65,0
2017-01-30 09:15:00,475.25,476.2,474.5,475.15,0
2017-01-30 10:15:00,475.1,475.85,475.05,475.55,0
2017-01-30 11:15:00,475.6,475.65,474.85,475.4,0
2017-01-30 12:15:00,475.4,475.8,475.15,475.25,0
2017-01-30 13:15:00,475.25,475.3,473.8,475.25,0
2017-01-30 14:15:00,475.25,475.65,474.6,475.55,0
2017-01-30 15:15:00,475.55,475.8,475.1,475.35,0
2017-01-31 09:15:00,475.65,478.4,475.65,477.05,0
2017-01-31 10:15:00,477.05,478.25,477.05,477.9,0
2017-01-31 11:15:00,477.9,479.7,477.8,479.45,0
2017-01-31 12:15:00,479.4,479.7,477.2,478.05,0
2017-01-31 13:15:00,478.05,478.6,477.15,478.05,0
2017-01-31 14:15:00,478.05,479.35,478.0,479.2,0
2017-01-31 15:15:00,479.2,479.85,479.1,479.75,0
2017-02-01 09:15:00,479.0,479.9,478.25,479.6,0
2017-02-01 10:15:00,479.65,480.8,478.9,479.3,0
2017-02-01 11:15:00,479.3,480.85,478.15,480.3,0
2017-02-01 12:15:00,480.3,480.65,474.15,476.3,0
2017-02-01 13:15:00,476.3,476.6,472.15,472.55,0
2017-02-01 14:15:00,472.55,473.1,470.5,470.7,0
2017-02-01 15:15:00,470.7,471.25,470.7,470.95,0
2017-02-02 09:15:00,470.45,472.2,470.35,470.8,0
2017-02-02 10:15:00,470.8,471.75,470.5,471.15,0
2017-02-02 11:15:00,471.2,472.55,471.1,472.05,0
2017-02-02 12:15:00,472.05,472.05,470.6,470.9,0
2017-02-02 13:15:00,470.9,471.2,469.2,469.25,0
2017-02-02 14:15:00,469.25,470.2,468.7,470.2,0
2017-02-02 15:15:00,470.2,470.8,470.2,470.6,0
2017-02-03 09:15:00,470.0,470.85,469.3,470.65,0
2017-02-03 10:15:00,470.65,471.3,470.25,470.6,0
2017-02-03 11:15:00,470.6,471.45,470.5,470.7,0
2017-02-03 12:15:00,470.7,471.3,470.4,471.2,0
2017-02-03 13:15:00,471.2,471.35,469.6,469.75,0
2017-02-03 14:15:00,469.75,470.8,469.5,469.55,0
2017-02-03 15:15:00,469.55,469.8,469.45,469.75,0
2017-02-06 09:15:00,467.5,467.8,466.25,467.05,0
2017-02-06 10:15:00,467.05,467.05,466.4,466.55,0
2017-02-06 11:15:00,466.55,466.95,466.45,466.75,0
2017-02-06 12:15:00,466.75,466.95,466.0,466.35,0
2017-02-06 13:15:00,466.35,468.3,466.3,466.75,0
2017-02-06 14:15:00,466.75,467.05,466.35,466.7,0
2017-02-06 15:15:00,466.7,466.95,466.6,466.9,0
2017-02-07 09:15:00,466.5,468.15,466.5,467.6,0
2017-02-07 10:15:00,467.55,468.35,467.4,468.25,0
2017-02-07 11:15:00,468.25,468.4,467.6,467.95,0
2017-02-07 12:15:00,467.95,468.05,467.4,467.55,0
2017-02-07 13:15:00,467.5,468.35,467.25,468.05,0
2017-02-07 14:15:00,468.05,469.9,467.8,468.65,0
2017-02-07 15:15:00,468.65,468.8,468.1,468.25,0
2017-02-08 09:15:00,468.25,468.65,467.95,468.5,0
2017-02-08 10:15:00,468.5,468.5,467.8,468.05,0
2017-02-08 11:15:00,468.05,468.75,467.95,468.7,0
2017-02-08 12:15:00,468.7,469.2,468.65,468.95,0
2017-02-08 13:15:00,468.95,469.45,468.55,468.9,0
2017-02-08 14:15:00,468.9,471.4,468.3,468.3,0
2017-02-08 15:15:00,468.3,468.45,467.35,468.2,0
2017-02-09 09:15:00,467.2,468.05,465.85,468.05,0
2017-02-09 10:15:00,468.05,470.7,468.05,470.05,0
2017-02-09 11:15:00,470.05,470.95,469.35,469.8,0
2017-02-09 12:15:00,469.8,469.9,468.85,468.95,0
2017-02-09 13:15:00,468.95,469.25,467.7,468.85,0
2017-02-09 14:15:00,468.85,469.25,467.95,467.95,0
2017-02-09 15:15:00,467.95,468.3,467.65,467.75,0
2017-02-10 09:15:00,466.4,468.0,465.95,466.85,0
2017-02-10 10:15:00,466.85,467.65,466.75,467.4,0
2017-02-10 11:15:00,467.4,467.45,467.0,467.1,0
2017-02-10 12:15:00,467.1,467.65,467.0,467.2,0
2017-02-10 13:15:00,467.2,468.55,466.9,467.05,0
2017-02-10 14:15:00,467.05,468.2,466.45,467.45,0
2017-02-10 15:15:00,467.45,467.65,467.2,467.4,0
2017-02-13 09:15:00,466.2,467.95,465.85,466.85,0
2017-02-13 10:15:00,466.85,467.85,466.7,467.4,0
2017-02-13 11:15:00,467.4,469.15,467.4,468.85,0
2017-02-13 12:15:00,468.85,469.7,468.8,469.2,0
2017-02-13 13:15:00,469.2,469.2,467.1,467.45,0
2017-02-13 14:15:00,467.45,468.3,466.8,466.85,0
2017-02-13 15:15:00,466.85,467.15,466.6,467.1,0
2017-02-14 09:15:00,466.3,468.8,466.3,467.45,0
2017-02-14 10:15:00,467.45,467.95,467.25,467.55,0
2017-02-14 11:15:00,467.55,468.1,467.35,467.85,0
2017-02-14 12:15:00,467.85,468.45,467.35,467.5,0
2017-02-14 13:15:00,467.5,467.5,466.85,467.15,0
2017-02-14 14:15:00,467.15,467.7,466.6,467.5,0
2017-02-14 15:15:00,467.5,468.2,467.5,468.2,0
2017-02-15 09:15:00,468.55,468.55,467.05,468.2,0
2017-02-15 10:15:00,468.2,469.3,468.1,469.3,0
2017-02-15 11:15:00,469.3,471.25,469.1,470.7,0
2017-02-15 12:15:00,470.7,471.8,470.65,471.1,0
2017-02-15 13:15:00,471.1,472.05,470.05,470.45,0
2017-02-15 14:15:00,470.45,471.7,470.05,471.4,0
2017-02-15 15:15:00,471.4,471.7,471.1,471.25,0
2017-02-16 09:15:00,470.75,471.75,470.1,471.35,0
2017-02-16 10:15:00,471.3,471.35,470.35,470.35,0
2017-02-16 11:15:00,470.35,470.4,468.75,469.15,0
2017-02-16 12:15:00,469.15,469.85,468.8,469.85,0
2017-02-16 13:15:00,469.85,470.0,468.5,468.85,0
2017-02-16 14:15:00,468.85,469.3,468.35,468.6,0
2017-02-16 15:15:00,468.6,468.85,468.5,468.8,0
2017-02-17 09:15:00,463.1,467.3,463.1,466.75,0
2017-02-17 10:15:00,466.75,466.75,465.6,465.6,0
2017-02-17 11:15:00,465.6,466.2,465.05,465.15,0
2017-02-17 12:15:00,465.2,466.45,464.55,466.3,0
2017-02-17 13:15:00,466.3,467.0,465.95,466.1,0
2017-02-17 14:15:00,466.15,466.55,465.6,466.35,0
2017-02-17 15:15:00,466.35,466.8,466.35,466.8,0
2017-02-20 09:15:00,466.8,467.25,465.9,466.3,0
2017-02-20 10:15:00,466.3,466.35,465.65,466.0,0
2017-02-20 11:15:00,466.0,466.05,465.3,465.55,0
2017-02-20 12:15:00,465.55,465.8,464.9,465.2,0
2017-02-20 13:15:00,465.2,465.4,464.4,464.7,0
2017-02-20 14:15:00,464.7,464.7,464.15,464.4,0
2017-02-20 15:15:00,464.4,464.45,463.25,463.25,0
2017-02-21 09:15:00,463.05,463.95,462.95,463.15,0
2017-02-21 10:15:00,463.15,464.4,463.1,464.25,0
2017-02-21 11:15:00,464.0,464.15,463.7,464.1,0
2017-02-21 12:15:00,464.1,464.55,464.0,464.55,0
2017-02-21 13:15:00,464.55,464.6,463.55,463.65,0
2017-02-21 14:15:00,463.65,463.85,461.55,462.05,0
2017-02-21 15:15:00,462.05,462.55,462.05,462.35,0
2017-02-22 09:15:00,461.0,461.7,460.6,460.85,0
2017-02-22 10:15:00,460.85,460.9,460.25,460.4,0
2017-02-22 11:15:00,460.4,460.8,459.85,460.15,0
2017-02-22 12:15:00,460.15,462.1,459.55,461.5,0
2017-02-22 13:15:00,461.5,462.35,460.9,461.85,0
2017-02-22 14:15:00,461.9,462.2,461.0,461.05,0
2017-02-22 15:15:00,461.0,461.45,461.0,461.25,0
2017-02-23 09:15:00,459.8,460.85,459.8,460.35,0
2017-02-23 10:15:00,460.3,460.5,459.6,459.65,0
2017-02-23 11:15:00,459.6,460.0,459.35,459.95,0
2017-02-23 12:15:00,459.95,460.3,458.95,459.05,0
2017-02-23 13:15:00,459.05,459.9,458.5,459.45,0
2017-02-23 14:15:00,459.45,461.25,458.65,461.25,0
2017-02-23 15:15:00,461.25,461.25,460.25,460.7,0
2017-02-27 09:15:00,460.75,462.25,460.35,461.0,0
2017-02-27 10:15:00,461.0,462.15,460.95,461.75,0
2017-02-27 11:15:00,461.75,462.2,461.55,462.1,0
2017-02-27 12:15:00,462.1,462.1,461.5,461.65,0
2017-02-27 13:15:00,461.65,462.1,461.45,461.5,0
2017-02-27 14:15:00,461.55,463.55,461.45,463.05,0
2017-02-27 15:15:00,463.05,463.45,462.95,463.2,0
2017-02-28 09:15:00,463.15,463.4,462.35,463.05,0
2017-02-28 10:15:00,463.05,463.6,462.9,463.6,0
2017-02-28 11:15:00,463.55,464.15,463.35,463.5,0
2017-02-28 12:15:00,463.5,463.85,463.2,463.75,0
2017-02-28 13:15:00,463.75,464.75,463.6,463.65,0
2017-02-28 14:15:00,463.65,464.6,463.4,464.5,0
2017-02-28 15:15:00,464.5,464.5,464.05,464.2,0
2017-03-01 09:15:00,462.9,463.0,460.55,461.3,0
2017-03-01 10:15:00,461.3,461.5,461.05,461.3,0
2017-03-01 11:15:00,461.3,461.7,461.25,461.45,0
2017-03-01 12:15:00,461.45,461.7,461.15,461.55,0
2017-03-01 13:15:00,461.55,461.7,460.95,461.0,0
2017-03-01 14:15:00,461.0,461.1,460.0,460.65,0
2017-03-01 15:15:00,460.65,461.25,460.6,461.15,0
2017-03-02 09:15:00,458.9,459.55,458.45,458.8,0
2017-03-02 10:15:00,458.8,459.15,458.65,458.9,0
2017-03-02 11:15:00,458.9,460.0,458.45,459.55,0
2017-03-02 12:15:00,459.55,460.9,459.3,460.3,0
2017-03-02 13:15:00,460.3,461.2,460.05,460.15,0
2017-03-02 14:15:00,460.15,463.95,460.0,463.75,0
2017-03-02 15:15:00,463.75,464.2,463.3,463.65,0
2017-03-03 09:15:00,464.1,465.2,463.35,464.35,0
2017-03-03 10:15:00,464.35,465.0,464.1,465.0,0
2017-03-03 11:15:00,465.0,465.05,464.35,465.05,0
2017-03-03 12:15:00,465.05,465.35,464.6,465.2,0
2017-03-03 13:15:00,465.2,465.2,464.05,464.15,0
2017-03-03 14:15:00,464.15,464.15,463.35,463.65,0
2017-03-03 15:15:00,463.65,463.7,462.9,463.05,0
2017-03-06 09:15:00,462.7,462.75,460.35,460.8,0
2017-03-06 10:15:00,460.8,460.85,459.95,460.4,0
2017-03-06 11:15:00,460.4,461.25,460.35,461.15,0
2017-03-06 12:15:00,461.15,461.9,460.7,461.55,0
2017-03-06 13:15:00,461.55,461.75,461.15,461.65,0
2017-03-06 14:15:00,461.65,461.7,460.0,460.05,0
2017-03-06 15:15:00,460.1,460.4,460.0,460.25,0
2017-03-07 09:15:00,459.55,461.1,459.55,461.05,0
2017-03-07 10:15:00,461.0,461.65,460.8,461.15,0
2017-03-07 11:15:00,461.15,461.85,461.1,461.75,0
2017-03-07 12:15:00,461.75,461.8,461.2,461.25,0
2017-03-07 13:15:00,461.25,461.65,460.9,461.05,0
2017-03-07 14:15:00,461.05,461.4,460.75,461.15,0
2017-03-07 15:15:00,461.15,461.3,461.0,461.2,0
2017-03-08 09:15:00,461.0,461.5,460.65,461.45,0
2017-03-08 10:15:00,461.45,463.55,461.2,463.2,0
2017-03-08 11:15:00,463.15,464.0,463.1,463.5,0
2017-03-08 12:15:00,463.5,463.75,463.0,463.2,0
2017-03-08 13:15:00,463.2,463.25,462.05,462.6,0
2017-03-08 14:15:00,462.65,463.2,462.15,462.3,0
2017-03-08 15:15:00,462.25,462.45,461.95,462.35,0
2017-03-09 09:15:00,462.95,463.65,462.5,462.95,0
2017-03-09 10:15:00,462.95,463.15,462.15,462.8,0
2017-03-09 11:15:00,462.85,463.15,462.55,463.0,0
2017-03-09 12:15:00,463.05,463.4,462.9,463.0,0
2017-03-09 13:15:00,463.0,463.4,462.55,462.6,0
2017-03-09 14:15:00,462.55,462.6,461.35,462.25,0
2017-03-09 15:15:00,462.25,462.65,462.2,462.25,0
2017-03-10 09:15:00,460.95,461.65,459.85,461.3,0
2017-03-10 10:15:00,461.35,461.9,460.85,461.6,0
2017-03-10 11:15:00,461.65,462.3,461.6,461.8,0
2017-03-10 12:15:00,461.8,461.85,461.5,461.65,0
2017-03-10 13:15:00,461.65,463.5,461.65,463.1,0
2017-03-10 14:15:00,463.15,463.55,461.55,462.1,0
2017-03-10 15:15:00,462.1,462.25,461.8,461.85,0
2017-03-14 09:15:00,454.15,455.75,452.65,454.85,0
2017-03-14 10:15:00,454.8,455.05,454.35,454.4,0
2017-03-14 11:15:00,454.35,455.0,454.35,454.7,0
2017-03-14 12:15:00,454.7,455.15,454.6,454.8,0
2017-03-14 13:15:00,454.8,454.85,453.65,453.95,0
2017-03-14 14:15:00,453.95,455.25,453.95,454.25,0
2017-03-14 15:15:00,454.25,455.1,454.15,455.05,0
2017-03-15 09:15:00,454.45,455.0,453.7,453.9,0
2017-03-15 10:15:00,453.9,454.35,453.6,454.15,0
2017-03-15 11:15:00,454.15,454.75,454.05,454.35,0
2017-03-15 12:15:00,454.3,454.45,453.95,454.15,0
2017-03-15 13:15:00,454.15,454.8,453.6,453.8,0
2017-03-15 14:15:00,453.8,454.7,453.5,454.3,0
2017-03-15 15:15:00,454.25,455.05,454.25,454.65,0
2017-03-16 09:15:00,452.4,452.4,451.25,451.85,0
2017-03-16 10:15:00,451.8,452.25,451.6,452.15,0
2017-03-16 11:15:00,452.15,452.4,451.9,452.25,0
2017-03-16 12:15:00,452.25,452.4,451.8,451.95,0
2017-03-16 13:15:00,451.95,452.25,451.7,451.7,0
2017-03-16 14:15:00,451.7,452.15,451.15,451.25,0
2017-03-16 15:15:00,451.25,451.3,451.0,451.05,0
2017-03-17 09:15:00,448.6,450.65,448.3,450.1,0
2017-03-17 10:15:00,450.2,451.15,450.1,451.05,0
2017-03-17 11:15:00,451.05,451.55,450.75,451.35,0
2017-03-17 12:15:00,451.35,451.55,450.9,451.1,0
2017-03-17 13:15:00,451.15,451.15,450.4,450.9,0
2017-03-17 14:15:00,450.95,451.3,450.25,451.05,0
2017-03-17 15:15:00,451.05,451.4,451.0,451.4,0
2017-03-20 09:15:00,450.85,452.85,450.85,452.8,0
2017-03-20 10:15:00,452.75,453.3,452.7,453.0,0
2017-03-20 11:15:00,453.0,453.35,452.7,452.8,0
2017-03-20 12:15:00,452.75,453.15,452.7,453.05,0
2017-03-20 13:15:00,453.05,453.2,452.55,452.95,0
2017-03-20 14:15:00,452.95,453.2,452.85,452.85,0
2017-03-20 15:15:00,452.85,453.05,452.65,452.7,0
2017-03-21 09:15:00,452.55,452.95,451.9,452.95,0
2017-03-21 10:15:00,452.95,453.85,452.9,453.55,0
2017-03-21 11:15:00,453.55,454.25,453.55,454.05,0
2017-03-21 12:15:00,454.05,454.85,453.95,454.8,0
2017-03-21 13:15:00,454.85,454.9,453.8,454.1,0
2017-03-21 14:15:00,454.1,454.4,452.95,453.1,0
2017-03-21 15:15:00,453.1,453.4,452.7,452.95,0
2017-03-22 09:15:00,456.95,457.5,455.7,457.25,0
2017-03-22 10:15:00,457.25,457.5,456.8,457.3,0
2017-03-22 11:15:00,457.3,457.3,456.5,456.75,0
2017-03-22 12:15:00,456.75,456.8,455.95,456.15,0
2017-03-22 13:15:00,456.15,456.7,456.1,456.25,0
2017-03-22 14:15:00,456.25,458.35,456.15,457.75,0
2017-03-22 15:15:00,457.75,458.1,457.6,457.9,0
2017-03-23 09:15:00,456.95,456.95,455.6,456.55,0
2017-03-23 10:15:00,456.55,456.55,455.7,455.95,0
2017-03-23 11:15:00,456.0,456.3,455.7,456.15,0
2017-03-23 12:15:00,456.15,456.5,455.85,456.15,0
2017-03-23 13:15:00,456.1,456.45,455.9,456.0,0
2017-03-23 14:15:00,456.05,456.2,454.4,454.85,0
2017-03-23 15:15:00,454.9,455.35,454.75,455.35,0
2017-03-24 09:15:00,454.2,454.95,452.8,453.25,0
2017-03-24 10:15:00,453.25,453.55,453.05,453.5,0
2017-03-24 11:15:00,453.45,453.75,453.4,453.45,0
2017-03-24 12:15:00,453.45,453.9,453.35,453.8,0
2017-03-24 13:15:00,453.8,454.05,453.05,453.1,0
2017-03-24 14:15:00,453.05,454.05,452.75,454.05,0
2017-03-24 15:15:00,454.05,454.5,453.95,454.4,0
2017-03-27 09:15:00,454.95,457.0,454.9,456.7,0
2017-03-27 10:15:00,456.65,457.2,456.55,456.65,0
2017-03-27 11:15:00,456.65,457.95,456.6,457.75,0
2017-03-27 12:15:00,457.75,458.4,457.6,457.85,0
2017-03-27 13:15:00,457.85,458.3,456.35,456.4,0
2017-03-27 14:15:00,456.4,457.55,455.95,457.4,0
2017-03-27 15:15:00,457.4,457.7,457.0,457.0,0
2017-03-28 09:15:00,455.6,455.6,454.85,455.0,0
2017-03-28 10:15:00,455.05,455.25,454.2,454.45,0
2017-03-28 11:15:00,454.45,454.75,454.3,454.55,0
2017-03-28 12:15:00,454.55,454.7,454.2,454.65,0
2017-03-28 13:15:00,454.65,455.35,454.55,454.8,0
2017-03-28 14:15:00,454.8,455.7,454.6,454.8,0
2017-03-28 15:15:00,454.8,454.85,454.15,454.25,0
2017-03-29 09:15:00,453.3,454.25,453.05,453.8,0
2017-03-29 10:15:00,453.8,453.85,453.45,453.45,0
2017-03-29 11:15:00,453.45,453.5,452.95,453.25,0
2017-03-29 12:15:00,453.3,453.7,453.1,453.3,0
2017-03-29 13:15:00,453.3,453.65,452.75,453.25,0
2017-03-29 14:15:00,453.1,454.0,452.5,452.55,0
2017-03-29 15:15:00,452.45,452.6,452.1,452.5,0
2017-03-30 09:15:00,452.65,452.9,451.35,451.45,0
2017-03-30 10:15:00,451.45,452.0,451.35,451.6,0
2017-03-30 11:15:00,451.6,452.1,451.6,452.05,0
2017-03-30 12:15:00,452.05,452.4,451.9,452.25,0
2017-03-30 13:15:00,452.25,452.6,451.55,451.55,0
2017-03-30 14:15:00,451.5,452.5,450.75,451.15,0
2017-03-30 15:15:00,451.15,452.15,450.8,451.85,0
2017-03-31 09:15:00,451.95,452.2,450.85,451.65,0
2017-03-31 10:15:00,451.65,452.2,451.6,451.95,0
2017-03-31 11:15:00,451.95,452.25,451.7,452.0,0
2017-03-31 12:15:00,452.0,452.0,451.55,451.9,0
2017-03-31 13:15:00,451.9,452.0,450.45,450.65,0
2017-03-31 14:15:00,450.5,451.6,450.35,451.4,0
2017-03-31 15:15:00,451.35,451.55,451.05,451.35,0
2017-04-03 09:15:00,449.1,450.5,449.1,449.75,0
2017-04-03 10:15:00,449.85,450.2,449.65,449.9,0
2017-04-03 11:15:00,449.95,450.1,449.4,449.4,0
2017-04-03 12:15:00,449.4,449.6,449.0,449.05,0
2017-04-03 13:15:00,449.05,449.2,448.55,448.65,0
2017-04-03 14:15:00,448.6,449.25,448.15,448.3,0
2017-04-03 15:15:00,448.35,448.4,447.9,448.0,0
2017-04-05 09:15:00,447.1,449.5,447.1,448.6,0
2017-04-05 10:15:00,448.6,448.65,447.95,447.95,0
2017-04-05 11:15:00,447.95,448.15,447.6,448.0,0
2017-04-05 12:15:00,448.0,448.0,447.35,447.75,0
2017-04-05 13:15:00,447.7,447.9,447.15,447.45,0
2017-04-05 14:15:00,447.45,447.8,446.65,446.8,0
2017-04-05 15:15:00,446.8,447.55,446.75,447.5,0
2017-04-06 09:15:00,448.05,449.0,448.05,448.3,0
2017-04-06 10:15:00,448.3,449.3,448.2,449.0,0
2017-04-06 11:15:00,449.0,449.3,448.3,448.45,0
2017-04-06 12:15:00,448.45,449.15,448.3,449.1,0
2017-04-06 13:15:00,449.1,449.1,448.6,448.85,0
2017-04-06 14:15:00,448.85,449.35,447.05,447.15,0
2017-04-06 15:15:00,447.15,447.85,447.0,447.6,0
2017-04-07 09:15:00,449.2,449.7,448.4,448.45,0
2017-04-07 10:15:00,448.5,448.5,448.0,448.4,0
2017-04-07 11:15:00,448.4,448.85,448.25,448.3,0
2017-04-07 12:15:00,448.3,448.75,448.2,448.35,0
2017-04-07 13:15:00,448.35,448.6,447.95,448.0,0
2017-04-07 14:15:00,448.0,450.9,447.95,450.65,0
2017-04-07 15:15:00,450.7,450.75,450.25,450.5,0
2017-04-10 09:15:00,449.3,451.0,449.3,450.15,0
2017-04-10 10:15:00,450.15,450.4,449.4,449.6,0
2017-04-10 11:15:00,449.6,450.6,449.6,450.45,0
2017-04-10 12:15:00,450.45,451.8,450.25,451.7,0
2017-04-10 13:15:00,451.7,451.75,450.85,450.85,0
2017-04-10 14:15:00,450.9,451.8,450.4,451.45,0
2017-04-10 15:15:00,451.45,451.8,451.3,451.7,0
2017-04-11 09:15:00,451.4,451.9,450.1,450.15,0
2017-04-11 10:15:00,450.2,450.35,448.8,448.95,0
2017-04-11 11:15:00,448.95,449.8,448.85,449.65,0
2017-04-11 12:15:00,449.65,449.85,449.15,449.5,0
2017-04-11 13:15:00,449.5,449.65,448.9,449.2,0
2017-04-11 14:15:00,449.25,449.4,448.55,448.85,0
2017-04-11 15:15:00,448.85,449.05,448.75,449.0,0
2017-04-12 09:15:00,448.65,452.55,448.45,451.55,0
2017-04-12 10:15:00,451.55,451.7,450.95,451.1,0
2017-04-12 11:15:00,451.15,451.75,450.8,451.0,0
2017-04-12 12:15:00,451.0,451.05,449.4,449.75,0
2017-04-12 13:15:00,449.75,450.95,449.45,450.3,0
2017-04-12 14:15:00,450.3,451.6,450.15,450.35,0
2017-04-12 15:15:00,450.35,450.75,450.3,450.75,0
2017-04-13 09:15:00,450.65,452.25,450.65,451.3,0
2017-04-13 10:15:00,451.25,451.65,451.25,451.5,0
2017-04-13 11:15:00,451.5,451.7,451.1,451.7,0
2017-04-13 12:15:00,451.7,452.5,451.6,452.05,0
2017-04-13 13:15:00,452.05,452.45,451.5,452.05,0
2017-04-13 14:15:00,452.0,453.4,451.75,453.25,0
2017-04-13 15:15:00,453.25,453.45,453.0,453.35,0
2017-04-17 09:15:00,453.75,455.0,453.0,453.95,0
2017-04-17 10:15:00,453.95,454.15,453.1,453.55,0
2017-04-17 11:15:00,453.5,454.45,453.5,454.2,0
2017-04-17 12:15:00,454.25,454.4,453.7,454.1,0
2017-04-17 13:15:00,454.1,454.65,453.9,454.2,0
2017-04-17 14:15:00,454.25,454.8,453.95,454.25,0
2017-04-17 15:15:00,454.2,454.4,453.8,454.1,0
2017-04-18 09:15:00,452.95,453.0,450.2,450.45,0
2017-04-18 10:15:00,450.45,450.8,450.2,450.6,0
2017-04-18 11:15:00,450.6,450.9,450.35,450.65,0
2017-04-18 12:15:00,450.65,452.35,450.6,452.25,0
2017-04-18 13:15:00,452.2,453.55,452.1,452.55,0
2017-04-18 14:15:00,452.55,455.95,452.35,455.7,0
2017-04-18 15:15:00,455.7,456.3,455.55,456.05,0
2017-04-19 09:15:00,455.55,457.15,455.15,455.9,0
2017-04-19 10:15:00,455.9,456.25,455.4,455.55,0
2017-04-19 11:15:00,455.55,457.0,455.5,456.35,0
2017-04-19 12:15:00,456.4,456.8,455.75,456.4,0
2017-04-19 13:15:00,456.4,456.75,455.85,456.4,0
2017-04-19 14:15:00,456.4,457.4,455.9,456.15,0
2017-04-19 15:15:00,456.15,456.15,455.3,455.45,0
2017-04-20 09:15:00,455.8,455.9,454.9,455.6,0
2017-04-20 10:15:00,455.6,455.8,454.4,454.8,0
2017-04-20 11:15:00,454.8,455.0,454.05,454.35,0
2017-04-20 12:15:00,454.4,455.1,454.35,454.9,0
2017-04-20 13:15:00,454.85,455.5,454.6,454.9,0
2017-04-20 14:15:00,454.85,455.6,454.1,454.15,0
2017-04-20 15:15:00,454.15,454.5,454.05,454.4,0
2017-04-21 09:15:00,452.35,453.85,452.15,453.55,0
2017-04-21 10:15:00,453.55,453.95,453.3,453.3,0
2017-04-21 11:15:00,453.3,454.15,453.25,453.9,0
2017-04-21 12:15:00,453.9,456.05,453.8,456.05,0
2017-04-21 13:15:00,456.0,456.85,455.45,456.45,0
2017-04-21 14:15:00,456.4,456.65,454.95,455.4,0
2017-04-21 15:15:00,455.4,455.55,455.1,455.4,0
2017-04-24 09:15:00,454.75,455.0,453.15,453.4,0
2017-04-24 10:15:00,453.4,453.85,453.2,453.25,0
2017-04-24 11:15:00,453.25,453.65,452.45,452.75,0
2017-04-24 12:15:00,452.75,452.8,451.5,451.55,0
2017-04-24 13:15:00,451.55,451.55,450.6,450.8,0
2017-04-24 14:15:00,450.75,451.55,450.25,450.55,0
2017-04-24 15:15:00,450.55,450.85,450.3,450.65,0
2017-04-25 09:15:00,448.0,449.1,447.75,448.7,0
2017-04-25 10:15:00,448.7,448.85,448.05,448.1,0
2017-04-25 11:15:00,448.1,448.2,447.5,447.7,0
2017-04-25 12:15:00,447.7,447.75,447.2,447.65,0
2017-04-25 13:15:00,447.65,448.35,446.7,446.95,0
2017-04-25 14:15:00,446.95,447.1,446.25,446.4,0
2017-04-25 15:15:00,446.4,446.7,446.3,446.5,0
2017-04-26 09:15:00,445.05,445.85,444.5,444.55,0
2017-04-26 10:15:00,444.55,444.75,444.0,444.25,0
2017-04-26 11:15:00,444.3,444.45,443.7,444.15,0
2017-04-26 12:15:00,444.2,444.9,443.95,444.5,0
2017-04-26 13:15:00,444.5,444.8,443.55,444.75,0
2017-04-26 14:15:00,444.75,446.65,443.9,444.0,0
2017-04-26 15:15:00,444.0,444.7,443.9,444.65,0
2017-04-27 09:15:00,444.0,445.4,443.9,445.05,0
2017-04-27 10:15:00,445.1,445.15,444.2,444.4,0
2017-04-27 11:15:00,444.4,444.8,444.05,444.7,0
2017-04-27 12:15:00,444.7,445.15,444.35,444.4,0
2017-04-27 13:15:00,444.4,444.65,443.65,444.0,0
2017-04-27 14:15:00,443.95,445.05,443.7,444.95,0
2017-04-27 15:15:00,444.95,445.75,444.8,445.45,0
2017-04-28 09:15:00,444.95,447.0,444.95,447.0,0
2017-04-28 10:15:00,447.0,447.35,446.45,447.0,0
2017-04-28 11:15:00,447.0,447.75,446.9,447.55,0
2017-04-28 12:15:00,447.55,447.6,446.75,446.75,0
2017-04-28 13:15:00,446.75,446.85,446.05,446.65,0
2017-04-28 14:15:00,446.65,447.0,446.2,446.95,0
2017-04-28 15:15:00,446.9,447.0,446.45,446.7,0
2017-05-02 09:15:00,445.3,446.15,444.7,445.0,0
2017-05-02 10:15:00,445.0,447.85,444.95,447.7,0
2017-05-02 11:15:00,447.7,448.65,447.35,447.6,0
2017-05-02 12:15:00,447.6,447.6,446.7,446.8,0
2017-05-02 13:15:00,446.8,447.15,446.25,447.0,0
2017-05-02 14:15:00,447.0,447.6,446.35,446.6,0
2017-05-02 15:15:00,446.6,446.85,446.3,446.35,0
2017-05-03 09:15:00,445.15,446.65,445.15,445.85,0
2017-05-03 10:15:00,445.85,446.4,445.7,446.25,0
2017-05-03 11:15:00,446.25,446.9,446.25,446.85,0
2017-05-03 12:15:00,446.85,447.35,446.5,446.65,0
2017-05-03 13:15:00,446.65,446.85,446.1,446.35,0
2017-05-03 14:15:00,446.35,447.15,446.35,446.75,0
2017-05-03 15:15:00,446.75,447.15,446.65,447.1,0
2017-05-04 09:15:00,444.45,445.35,444.45,445.0,0
2017-05-04 10:15:00,445.0,445.4,444.95,445.3,0
2017-05-04 11:15:00,445.3,445.8,445.05,445.8,0
2017-05-04 12:15:00,445.8,446.25,445.35,445.5,0
2017-05-04 13:15:00,445.55,445.55,444.45,444.6,0
2017-05-04 14:15:00,444.6,445.1,444.2,444.4,0
2017-05-04 15:15:00,444.45,444.65,444.2,444.6,0
2017-05-05 09:15:00,443.85,446.65,443.85,446.25,0
2017-05-05 10:15:00,446.25,446.75,446.05,446.25,0
2017-05-05 11:15:00,446.25,448.2,446.2,447.55,0
2017-05-05 12:15:00,447.55,448.35,447.05,448.3,0
2017-05-05 13:15:00,448.35,448.75,447.2,447.5,0
2017-05-05 14:15:00,447.5,448.4,447.4,448.15,0
2017-05-05 15:15:00,448.15,448.55,447.95,448.5,0
2017-05-08 09:15:00,447.05,447.7,446.45,446.75,0
2017-05-08 10:15:00,446.7,447.0,445.75,445.85,0
2017-05-08 11:15:00,445.85,447.0,445.8,446.9,0
2017-05-08 12:15:00,446.9,447.25,446.55,447.2,0
2017-05-08 13:15:00,447.15,447.2,446.35,446.55,0
2017-05-08 14:15:00,446.5,447.05,446.2,446.65,0
2017-05-08 15:15:00,446.7,447.15,446.65,447.05,0
2017-05-09 09:15:00,445.9,447.3,445.9,446.8,0
2017-05-09 10:15:00,446.8,446.95,446.3,446.4,0
2017-05-09 11:15:00,446.4,446.75,446.25,446.7,0
2017-05-09 12:15:00,446.7,446.95,446.0,446.0,0
2017-05-09 13:15:00,446.05,446.75,445.9,446.55,0
2017-05-09 14:15:00,446.5,447.25,446.35,446.85,0
2017-05-09 15:15:00,446.8,446.95,446.75,446.85,0
2017-05-10 09:15:00,445.85,446.0,443.45,443.8,0
2017-05-10 10:15:00,443.85,443.9,443.35,443.55,0
2017-05-10 11:15:00,443.55,444.25,443.4,443.85,0
2017-05-10 12:15:00,443.85,444.3,443.35,443.7,0
2017-05-10 13:15:00,443.7,444.15,443.3,443.4,0
2017-05-10 14:15:00,443.35,443.6,442.65,442.65,0
2017-05-10 15:15:00,442.7,442.7,442.3,442.35,0
2017-05-11 09:15:00,440.75,441.75,440.75,441.2,0
2017-05-11 10:15:00,441.25,441.4,440.65,440.85,0
2017-05-11 11:15:00,440.85,441.05,440.7,440.85,0
2017-05-11 12:15:00,440.8,441.55,440.7,441.5,0
2017-05-11 13:15:00,441.55,441.95,441.0,441.5,0
2017-05-11 14:15:00,441.5,442.1,440.9,441.75,0
2017-05-11 15:15:00,441.8,442.5,441.7,442.5,0
2017-05-12 09:15:00,441.4,443.85,441.4,442.7,0
2017-05-12 10:15:00,442.7,443.2,442.7,442.75,0
2017-05-12 11:15:00,442.75,443.75,442.7,443.4,0
2017-05-12 12:15:00,443.4,444.2,443.15,443.65,0
2017-05-12 13:15:00,443.65,444.05,443.1,443.7,0
2017-05-12 14:15:00,443.7,444.4,443.05,443.2,0
2017-05-12 15:15:00,443.2,443.25,442.75,442.75,0
2017-05-15 09:15:00,441.75,442.2,441.3,441.55,0
2017-05-15 10:15:00,441.55,441.6,441.2,441.45,0
2017-05-15 11:15:00,441.45,441.6,441.05,441.55,0
2017-05-15 12:15:00,441.5,442.0,441.1,441.9,0
2017-05-15 13:15:00,441.9,441.95,441.25,441.35,0
2017-05-15 14:15:00,441.4,441.5,441.05,441.15,0
2017-05-15 15:15:00,441.15,441.4,441.0,441.15,0
2017-05-16 09:15:00,440.55,440.75,439.05,440.1,0
2017-05-16 10:15:00,440.1,440.55,439.85,439.95,0
2017-05-16 11:15:00,439.95,440.3,439.9,440.2,0
2017-05-16 12:15:00,440.25,440.25,439.45,439.55,0
2017-05-16 13:15:00,439.55,439.6,438.15,438.15,0
2017-05-16 14:15:00,438.15,438.6,437.9,438.2,0
2017-05-16 15:15:00,438.2,438.3,438.0,438.25,0
2017-05-17 09:15:00,437.95,439.25,437.85,438.1,0
2017-05-17 10:15:00,438.1,438.5,437.9,438.45,0
2017-05-17 11:15:00,438.45,438.95,438.25,438.6,0
2017-05-17 12:15:00,438.6,439.4,438.1,438.15,0
2017-05-17 13:15:00,438.2,438.35,437.45,437.65,0
2017-05-17 14:15:00,437.65,438.15,437.3,437.4,0
2017-05-17 15:15:00,437.4,438.0,437.4,437.85,0
2017-05-18 09:15:00,441.0,441.0,439.35,440.45,0
2017-05-18 10:15:00,440.45,441.35,440.4,440.5,0
2017-05-18 11:15:00,440.5,440.7,439.8,440.05,0
2017-05-18 12:15:00,440.05,440.55,439.9,440.5,0
2017-05-18 13:15:00,440.5,441.05,440.4,441.0,0
2017-05-18 14:15:00,441.0,442.15,440.75,441.75,0
2017-05-18 15:15:00,441.75,442.55,441.7,442.35,0
2017-05-19 09:15:00,440.25,440.45,438.6,439.15,0
2017-05-19 10:15:00,439.15,440.65,438.75,440.6,0
2017-05-19 11:15:00,440.65,443.65,440.65,443.15,0
2017-05-19 12:15:00,443.15,443.95,442.35,443.15,0
2017-05-19 13:15:00,443.15,443.85,441.7,441.85,0
2017-05-19 14:15:00,441.9,442.8,441.45,442.55,0
2017-05-19 15:15:00,442.55,442.7,441.8,441.85,0
2017-05-22 09:15:00,440.0,441.3,439.15,441.05,0
2017-05-22 10:15:00,441.05,441.65,440.75,440.9,0
2017-05-22 11:15:00,440.9,441.35,440.7,441.1,0
2017-05-22 12:15:00,441.1,442.2,440.9,442.1,0
2017-05-22 13:15:00,442.1,442.45,440.95,441.55,0
2017-05-22 14:15:00,441.55,442.45,441.35,442.05,0
2017-05-22 15:15:00,442.05,442.15,441.8,442.0,0
2017-05-23 09:15:00,441.75,445.05,441.6,444.1,0
2017-05-23 10:15:00,444.05,444.8,443.6,444.35,0
2017-05-23 11:15:00,444.4,444.7,444.0,444.45,0
2017-05-23 12:15:00,444.45,444.5,442.7,442.9,0
2017-05-23 13:15:00,442.9,443.5,442.15,442.75,0
2017-05-23 14:15:00,442.75,445.2,442.75,444.65,0
2017-05-23 15:15:00,444.65,444.8,444.25,444.7,0
2017-05-24 09:15:00,443.4,444.55,443.15,443.5,0
2017-05-24 10:15:00,443.5,443.55,442.4,442.9,0
2017-05-24 11:15:00,442.9,443.8,442.85,443.55,0
2017-05-24 12:15:00,443.55,445.95,443.5,445.7,0
2017-05-24 13:15:00,445.6,446.15,443.95,446.0,0
2017-05-24 14:15:00,446.0,446.65,445.5,445.75,0
2017-05-24 15:15:00,445.75,446.0,445.25,445.35,0
2017-05-25 09:15:00,444.75,444.95,443.5,444.0,0
2017-05-25 10:15:00,443.95,443.95,442.75,443.1,0
2017-05-25 11:15:00,443.1,443.55,442.85,443.15,0
2017-05-25 12:15:00,443.2,443.65,442.55,442.8,0
2017-05-25 13:15:00,442.8,442.95,440.65,440.95,0
2017-05-25 14:15:00,440.95,441.15,438.1,438.5,0
2017-05-25 15:15:00,438.45,439.35,438.35,439.15,0
2017-05-26 09:15:00,438.9,439.45,437.1,437.35,0
2017-05-26 10:15:00,437.35,437.5,436.4,437.0,0
2017-05-26 11:15:00,437.0,437.45,436.1,436.2,0
2017-05-26 12:15:00,436.2,436.4,435.6,435.6,0
2017-05-26 13:15:00,435.6,435.95,435.0,435.5,0
2017-05-26 14:15:00,435.5,435.75,434.45,434.9,0
2017-05-26 15:15:00,434.9,435.65,434.8,435.5,0
2017-05-29 09:15:00,436.65,437.1,433.85,436.45,0
2017-05-29 10:15:00,436.5,436.85,434.95,434.95,0
2017-05-29 11:15:00,434.95,435.6,434.6,434.75,0
2017-05-29 12:15:00,434.75,435.2,434.1,434.85,0
2017-05-29 13:15:00,434.85,435.2,433.15,433.15,0
2017-05-29 14:15:00,433.15,435.0,433.15,434.65,0
2017-05-29 15:15:00,434.7,434.9,434.4,434.9,0
2017-05-30 09:15:00,435.35,435.75,433.5,434.65,0
2017-05-30 10:15:00,434.6,435.45,434.4,434.4,0
2017-05-30 11:15:00,434.4,434.7,434.0,434.2,0
2017-05-30 12:15:00,434.2,434.95,433.85,434.2,0
2017-05-30 13:15:00,434.2,434.3,433.7,433.85,0
2017-05-30 14:15:00,433.85,434.05,433.35,434.0,0
2017-05-30 15:15:00,434.0,434.0,433.45,433.75,0
2017-05-31 09:15:00,433.3,434.45,433.3,433.8,0
2017-05-31 10:15:00,433.8,434.3,433.65,434.15,0
2017-05-31 11:15:00,434.1,434.55,433.5,433.75,0
2017-05-31 12:15:00,433.75,433.9,433.35,433.55,0
2017-05-31 13:15:00,433.55,434.05,433.0,433.2,0
2017-05-31 14:15:00,433.2,434.3,432.75,433.85,0
2017-05-31 15:15:00,433.85,434.25,433.8,433.8,0
2017-06-01 09:15:00,434.9,435.05,433.65,434.25,0
2017-06-01 10:15:00,434.25,434.4,433.5,434.05,0
2017-06-01 11:15:00,434.05,434.55,434.0,434.35,0
2017-06-01 12:15:00,434.35,435.5,434.3,435.0,0
2017-06-01 13:15:00,434.95,435.05,434.05,434.4,0
2017-06-01 14:15:00,434.4,434.75,434.05,434.25,0
2017-06-01 15:15:00,434.25,434.45,434.15,434.3,0
2017-06-02 09:15:00,432.55,433.4,431.85,433.35,0
2017-06-02 10:15:00,433.35,433.35,432.45,432.45,0
2017-06-02 11:15:00,432.45,433.15,432.35,432.75,0
2017-06-02 12:15:00,432.75,432.95,432.45,432.65,0
2017-06-02 13:15:00,432.65,433.0,432.35,432.7,0
2017-06-02 14:15:00,432.7,432.8,432.3,432.6,0
2017-06-02 15:15:00,432.6,433.4,432.5,433.25,0
2017-06-05 09:15:00,432.8,433.45,432.15,432.5,0
2017-06-05 10:15:00,432.45,432.65,431.95,432.0,0
2017-06-05 11:15:00,432.0,432.05,431.4,431.5,0
2017-06-05 12:15:00,431.5,432.6,431.45,432.15,0
2017-06-05 13:15:00,432.2,432.25,431.4,431.65,0
2017-06-05 14:15:00,431.65,432.1,431.55,431.95,0
2017-06-05 15:15:00,431.95,432.05,431.8,431.95,0
2017-06-06 09:15:00,430.7,433.0,430.6,432.4,0
2017-06-06 10:15:00,432.4,432.65,431.8,432.5,0
2017-06-06 11:15:00,432.5,432.85,432.3,432.7,0
2017-06-06 12:15:00,432.65,433.8,432.65,433.6,0
2017-06-06 13:15:00,433.6,433.7,432.95,433.25,0
2017-06-06 14:15:00,433.25,434.0,433.2,433.85,0
2017-06-06 15:15:00,433.85,433.9,433.55,433.7,0
2017-06-07 09:15:00,432.6,433.3,432.05,432.05,0
2017-06-07 10:15:00,432.05,432.5,431.95,432.2,0
2017-06-07 11:15:00,432.2,432.65,432.15,432.6,0
2017-06-07 12:15:00,432.6,434.05,432.55,433.4,0
2017-06-07 13:15:00,433.4,433.9,433.35,433.75,0
2017-06-07 14:15:00,433.8,434.05,432.45,432.55,0
2017-06-07 15:15:00,432.55,432.75,432.35,432.6,0
2017-06-08 09:15:00,431.85,433.6,431.55,432.95,0
2017-06-08 10:15:00,432.95,433.4,432.85,433.05,0
2017-06-08 11:15:00,433.05,433.2,432.7,432.9,0
2017-06-08 12:15:00,432.9,433.3,432.65,432.65,0
2017-06-08 13:15:00,432.7,433.1,432.45,432.6,0
2017-06-08 14:15:00,432.6,433.6,432.45,433.45,0
2017-06-08 15:15:00,433.45,433.65,433.3,433.6,0
2017-06-09 09:15:00,433.85,435.2,433.6,434.45,0
2017-06-09 10:15:00,434.45,434.55,433.9,434.35,0
2017-06-09 11:15:00,434.35,434.5,434.1,434.25,0
2017-06-09 12:15:00,434.25,434.65,433.7,433.75,0
2017-06-09 13:15:00,433.75,434.35,433.5,433.7,0
2017-06-09 14:15:00,433.7,433.7,432.2,432.6,0
2017-06-09 15:15:00,432.6,432.7,432.45,432.6,0
2017-06-12 09:15:00,433.7,435.5,433.7,434.8,0
2017-06-12 10:15:00,434.8,435.0,434.4,434.4,0
2017-06-12 11:15:00,434.4,435.0,434.25,434.85,0
2017-06-12 12:15:00,434.85,435.35,434.6,435.05,0
2017-06-12 13:15:00,435.05,435.75,434.55,435.3,0
2017-06-12 14:15:00,435.3,435.85,434.85,435.05,0
2017-06-12 15:15:00,435.05,435.2,434.7,434.9,0
2017-06-13 09:15:00,435.15,435.15,433.75,434.35,0
2017-06-13 10:15:00,434.35,434.65,433.95,434.0,0
2017-06-13 11:15:00,434.0,434.4,433.65,433.7,0
2017-06-13 12:15:00,433.7,434.4,433.7,433.95,0
2017-06-13 13:15:00,434.0,434.4,433.45,434.35,0
2017-06-13 14:15:00,434.35,435.45,434.25,435.2,0
2017-06-13 15:15:00,435.2,436.05,435.15,435.95,0
2017-06-14 09:15:00,434.95,436.6,434.8,435.95,0
2017-06-14 10:15:00,435.95,436.4,435.8,436.2,0
2017-06-14 11:15:00,436.15,436.8,436.05,436.4,0
2017-06-14 12:15:00,436.4,436.6,435.15,435.55,0
2017-06-14 13:15:00,435.55,435.8,435.1,435.55,0
2017-06-14 14:15:00,435.5,435.6,434.9,435.15,0
2017-06-14 15:15:00,435.2,435.4,435.05,435.35,0
2017-06-15 09:15:00,435.2,436.45,435.2,435.75,0
2017-06-15 10:15:00,435.8,436.0,435.4,435.85,0
2017-06-15 11:15:00,435.85,436.6,435.8,436.5,0
2017-06-15 12:15:00,436.5,437.05,436.05,436.65,0
2017-06-15 13:15:00,436.65,437.1,436.4,436.95,0
2017-06-15 14:15:00,436.95,437.75,436.65,436.95,0
2017-06-15 15:15:00,436.95,437.25,436.85,437.15,0
2017-06-16 09:15:00,436.25,436.4,435.6,435.6,0
2017-06-16 10:15:00,435.6,436.9,435.35,436.4,0
2017-06-16 11:15:00,436.4,437.2,436.3,436.85,0
2017-06-16 12:15:00,436.85,436.85,436.25,436.55,0
2017-06-16 13:15:00,436.55,436.7,436.05,436.6,0
2017-06-16 14:15:00,436.6,437.65,436.2,436.55,0
2017-06-16 15:15:00,436.55,437.15,436.45,437.05,0
2017-06-19 09:15:00,435.1,435.6,434.55,435.2,0
2017-06-19 10:15:00,435.25,435.4,434.7,435.15,0
2017-06-19 11:15:00,435.15,435.3,434.95,435.2,0
2017-06-19 12:15:00,435.2,435.3,434.9,435.15,0
2017-06-19 13:15:00,435.15,435.15,433.65,433.8,0
2017-06-19 14:15:00,433.8,433.8,433.0,433.65,0
2017-06-19 15:15:00,433.65,433.85,433.6,433.8,0
2017-06-20 09:15:00,433.15,433.8,433.0,433.3,0
2017-06-20 10:15:00,433.3,433.45,432.9,433.35,0
2017-06-20 11:15:00,433.35,433.5,433.0,433.3,0
2017-06-20 12:15:00,433.3,434.05,433.25,433.6,0
2017-06-20 13:15:00,433.55,434.35,433.5,433.95,0
2017-06-20 14:15:00,433.95,434.1,433.5,433.85,0
2017-06-20 15:15:00,433.85,434.15,433.75,434.05,0
2017-06-21 09:15:00,434.25,436.0,434.15,435.3,0
2017-06-21 10:15:00,435.3,435.9,435.25,435.85,0
2017-06-21 11:15:00,435.85,435.9,435.3,435.35,0
2017-06-21 12:15:00,435.35,435.75,435.25,435.5,0
2017-06-21 13:15:00,435.5,436.0,434.8,435.05,0
2017-06-21 14:15:00,435.05,435.15,434.3,435.1,0
2017-06-21 15:15:00,435.1,435.1,434.65,434.75,0
2017-06-22 09:15:00,434.55,434.55,433.25,433.35,0
2017-06-22 10:15:00,433.4,433.55,432.45,432.65,0
2017-06-22 11:15:00,432.6,432.65,432.05,432.25,0
2017-06-22 12:15:00,432.25,433.1,432.25,432.65,0
2017-06-22 13:15:00,432.65,433.3,432.6,433.05,0
2017-06-22 14:15:00,433.0,435.65,432.95,434.8,0
2017-06-22 15:15:00,434.85,435.6,434.8,435.45,0
2017-06-23 09:15:00,434.6,437.25,434.45,436.65,0
2017-06-23 10:15:00,436.65,437.15,436.25,436.75,0
2017-06-23 11:15:00,436.75,438.15,436.7,437.55,0
2017-06-23 12:15:00,437.55,437.8,436.7,437.0,0
2017-06-23 13:15:00,437.0,437.6,436.45,436.85,0
2017-06-23 14:15:00,436.85,437.95,436.6,437.8,0
2017-06-23 15:15:00,437.8,438.1,437.65,437.7,0
2017-06-27 09:15:00,437.1,439.8,436.15,439.35,0
2017-06-27 10:15:00,439.35,440.5,439.2,440.2,0
2017-06-27 11:15:00,440.25,440.3,439.75,439.8,0
2017-06-27 12:15:00,439.75,441.15,439.75,441.1,0
2017-06-27 13:15:00,441.05,442.6,440.95,442.6,0
2017-06-27 14:15:00,442.6,442.6,440.55,440.55,0
2017-06-27 15:15:00,440.55,441.0,440.45,440.95,0
2017-06-28 09:15:00,440.55,442.4,440.45,441.55,0
2017-06-28 10:15:00,441.55,441.7,440.75,441.25,0
2017-06-28 11:15:00,441.25,441.4,440.45,440.95,0
2017-06-28 12:15:00,440.95,442.2,440.85,441.8,0
2017-06-28 13:15:00,441.75,442.7,441.65,441.7,0
2017-06-28 14:15:00,441.7,442.35,441.35,441.75,0
2017-06-28 15:15:00,441.8,441.95,441.6,441.85,0
2017-06-29 09:15:00,440.5,440.5,438.65,438.8,0
2017-06-29 10:15:00,438.8,439.5,438.8,438.9,0
2017-06-29 11:15:00,438.9,439.1,438.05,438.35,0
2017-06-29 12:15:00,438.35,441.0,438.3,440.75,0
2017-06-29 13:15:00,440.75,441.45,440.0,440.5,0
2017-06-29 14:15:00,440.55,441.8,439.5,441.55,0
2017-06-29 15:15:00,441.6,441.8,441.3,441.7,0
2017-06-30 09:15:00,442.65,444.0,442.65,443.0,0
2017-06-30 10:15:00,443.0,443.05,442.1,442.1,0
2017-06-30 11:15:00,442.1,442.75,441.95,441.95,0
2017-06-30 12:15:00,441.95,442.35,441.55,441.7,0
2017-06-30 13:15:00,441.7,442.8,441.55,442.25,0
2017-06-30 14:15:00,442.25,442.25,440.8,440.85,0
2017-06-30 15:15:00,440.85,440.85,440.0,440.5,0
2017-07-03 09:15:00,437.8,439.85,437.1,438.7,0
2017-07-03 10:15:00,438.7,438.7,436.7,436.85,0
2017-07-03 11:15:00,436.85,437.35,436.4,436.7,0
2017-07-03 12:15:00,436.7,437.05,436.5,437.0,0
2017-07-03 13:15:00,437.0,437.95,436.95,437.25,0
2017-07-03 14:15:00,437.25,437.35,436.45,436.7,0
2017-07-03 15:15:00,436.7,436.8,436.15,436.5,0
2017-07-04 09:15:00,435.2,436.25,435.05,435.85,0
2017-07-04 10:15:00,435.85,437.25,435.8,436.65,0
2017-07-04 11:15:00,436.65,437.2,436.4,436.85,0
2017-07-04 12:15:00,436.85,437.5,436.05,436.2,0
2017-07-04 13:15:00,436.2,436.35,435.45,435.55,0
2017-07-04 14:15:00,435.55,436.8,435.45,436.75,0
2017-07-04 15:15:00,436.75,437.05,436.7,436.75,0
2017-07-05 09:15:00,436.45,437.05,436.0,436.15,0
2017-07-05 10:15:00,436.15,436.15,435.7,435.85,0
2017-07-05 11:15:00,435.85,436.45,435.85,436.25,0
2017-07-05 12:15:00,436.2,436.7,436.05,436.1,0
2017-07-05 13:15:00,436.1,436.75,436.0,436.1,0
2017-07-05 14:15:00,436.05,436.55,435.55,435.6,0
2017-07-05 15:15:00,435.6,435.6,435.4,435.45,0
2017-07-06 09:15:00,435.0,435.65,434.3,434.6,0
2017-07-06 10:15:00,434.6,434.65,433.7,433.9,0
2017-07-06 11:15:00,433.9,434.3,433.8,433.8,0
2017-07-06 12:15:00,433.8,433.95,433.5,433.7,0
2017-07-06 13:15:00,433.7,434.05,433.05,433.1,0
2017-07-06 14:15:00,433.1,434.35,432.9,434.2,0
2017-07-06 15:15:00,434.2,434.45,434.1,434.35,0
2017-07-07 09:15:00,434.3,435.55,434.25,435.15,0
2017-07-07 10:15:00,435.15,435.35,434.9,435.1,0
2017-07-07 11:15:00,435.1,435.2,434.65,434.75,0
2017-07-07 12:15:00,434.75,435.1,434.65,434.85,0
2017-07-07 13:15:00,434.8,435.05,433.85,434.05,0
2017-07-07 14:15:00,434.05,434.9,433.7,434.6,0
2017-07-07 15:15:00,434.6,434.75,434.35,434.55,0
2017-07-10 09:15:00,434.55,434.6,430.4,434.6,0
2017-07-10 10:15:00,434.6,434.6,434.6,434.6,0
2017-07-10 11:15:00,434.6,434.6,431.85,432.05,0
2017-07-10 12:15:00,432.05,433.0,430.15,431.6,0
2017-07-10 13:15:00,431.6,431.7,430.0,430.05,0
2017-07-10 14:15:00,430.1,430.2,429.5,429.95,0
2017-07-10 15:15:00,429.95,430.45,429.9,430.35,0
2017-07-11 09:15:00,428.9,429.5,428.15,428.7,0
2017-07-11 10:15:00,428.7,429.05,428.5,428.7,0
2017-07-11 11:15:00,428.7,428.75,427.95,427.95,0
2017-07-11 12:15:00,428.0,428.05,427.45,427.6,0
2017-07-11 13:15:00,427.6,428.5,427.55,427.8,0
2017-07-11 14:15:00,427.8,429.7,427.75,429.15,0
2017-07-11 15:15:00,429.15,429.55,429.15,429.4,0
2017-07-12 09:15:00,428.55,429.25,427.85,429.1,0
2017-07-12 10:15:00,429.05,429.1,428.15,428.75,0
2017-07-12 11:15:00,428.7,429.4,428.4,429.15,0
2017-07-12 12:15:00,429.15,429.3,428.5,428.65,0
2017-07-12 13:15:00,428.65,429.0,428.3,428.4,0
2017-07-12 14:15:00,428.4,428.65,428.15,428.2,0
2017-07-12 15:15:00,428.2,428.25,427.8,427.85,0
2017-07-13 09:15:00,426.5,426.5,425.2,425.45,0
2017-07-13 10:15:00,425.45,425.6,425.15,425.35,0
2017-07-13 11:15:00,425.35,426.05,425.15,425.6,0
2017-07-13 12:15:00,425.55,426.05,425.4,425.5,0
2017-07-13 13:15:00,425.5,425.75,424.85,425.0,0
2017-07-13 14:15:00,425.0,425.5,424.7,424.9,0
2017-07-13 15:15:00,424.9,425.25,424.8,425.15,0
2017-07-14 09:15:00,424.05,426.3,424.05,425.85,0
2017-07-14 10:15:00,425.9,427.0,425.75,426.25,0
2017-07-14 11:15:00,426.25,426.65,425.55,425.7,0
2017-07-14 12:15:00,425.7,426.05,425.45,425.7,0
2017-07-14 13:15:00,425.7,426.1,425.45,425.6,0
2017-07-14 14:15:00,425.6,426.15,424.95,425.2,0
2017-07-14 15:15:00,425.2,425.5,425.05,425.25,0
2017-07-17 09:15:00,424.5,425.05,424.15,424.2,0
2017-07-17 10:15:00,424.2,424.35,424.0,424.2,0
2017-07-17 11:15:00,424.2,424.75,424.15,424.65,0
2017-07-17 12:15:00,424.65,424.75,424.35,424.55,0
2017-07-17 13:15:00,424.55,424.65,424.1,424.1,0
2017-07-17 14:15:00,424.1,424.15,423.65,424.05,0
2017-07-17 15:15:00,424.05,424.4,423.95,424.25,0
2017-07-18 09:15:00,427.8,428.6,425.55,426.0,0
2017-07-18 10:15:00,426.05,427.4,425.9,426.9,0
2017-07-18 11:15:00,426.9,427.05,426.45,426.8,0
2017-07-18 12:15:00,426.8,427.35,426.65,427.35,0
2017-07-18 13:15:00,427.35,427.4,426.1,426.3,0
2017-07-18 14:15:00,426.3,428.5,426.15,427.9,0
2017-07-18 15:15:00,427.9,428.2,427.9,428.0,0
2017-07-19 09:15:00,426.85,427.05,426.0,426.5,0
2017-07-19 10:15:00,426.5,426.5,425.9,426.1,0
2017-07-19 11:15:00,426.1,426.15,425.7,425.85,0
2017-07-19 12:15:00,425.85,426.1,425.4,426.0,0
2017-07-19 13:15:00,426.0,426.65,425.9,425.95,0
2017-07-19 14:15:00,425.95,426.05,424.75,425.0,0
2017-07-19 15:15:00,425.0,425.1,424.75,424.85,0
2017-07-20 09:15:00,424.15,425.25,424.05,425.25,0
2017-07-20 10:15:00,425.25,425.5,424.6,424.65,0
2017-07-20 11:15:00,424.6,425.3,424.55,425.3,0
2017-07-20 12:15:00,425.3,426.55,425.25,425.85,0
2017-07-20 13:15:00,425.9,426.55,425.45,426.05,0
2017-07-20 14:15:00,426.05,426.4,425.5,426.25,0
2017-07-20 15:15:00,426.2,426.35,426.05,426.25,0
2017-07-21 09:15:00,425.1,426.0,424.3,424.3,0
2017-07-21 10:15:00,424.25,424.85,424.25,424.5,0
2017-07-21 11:15:00,424.5,425.75,424.5,425.6,0
2017-07-21 12:15:00,425.6,427.75,425.15,427.1,0
2017-07-21 13:15:00,427.15,427.35,426.0,426.55,0
2017-07-21 14:15:00,426.55,426.55,424.25,424.35,0
2017-07-21 15:15:00,424.3,424.55,424.05,424.45,0
2017-07-24 09:15:00,423.7,424.4,423.0,423.15,0
2017-07-24 10:15:00,423.15,423.15,422.3,422.5,0
2017-07-24 11:15:00,422.5,422.85,422.45,422.75,0
2017-07-24 12:15:00,422.75,422.9,422.25,422.65,0
2017-07-24 13:15:00,422.65,422.8,421.95,422.1,0
2017-07-24 14:15:00,422.05,423.1,421.75,422.45,0
2017-07-24 15:15:00,422.45,422.55,422.15,422.45,0
2017-07-25 09:15:00,420.6,423.0,420.6,422.25,0
2017-07-25 10:15:00,422.25,422.65,422.05,422.35,0
2017-07-25 11:15:00,422.4,423.15,422.3,423.0,0
2017-07-25 12:15:00,422.95,423.2,422.65,423.05,0
2017-07-25 13:15:00,423.0,423.1,422.05,422.1,0
2017-07-25 14:15:00,422.15,422.75,421.9,422.7,0
2017-07-25 15:15:00,422.7,422.85,422.55,422.65,0
2017-07-26 09:15:00,421.85,422.55,421.55,421.9,0
2017-07-26 10:15:00,421.9,421.95,421.3,421.55,0
2017-07-26 11:15:00,421.55,421.65,421.05,421.1,0
2017-07-26 12:15:00,421.1,421.5,420.7,421.3,0
2017-07-26 13:15:00,421.3,421.7,420.85,421.2,0
2017-07-26 14:15:00,421.2,421.3,420.05,420.25,0
2017-07-26 15:15:00,420.2,420.35,420.05,420.3,0
2017-07-27 09:15:00,418.55,418.85,417.1,417.55,0
2017-07-27 10:15:00,417.55,417.7,416.7,416.8,0
2017-07-27 11:15:00,416.8,417.2,416.4,416.85,0
2017-07-27 12:15:00,416.85,418.7,416.8,417.9,0
2017-07-27 13:15:00,417.9,419.0,417.7,418.1,0
2017-07-27 14:15:00,418.1,420.95,417.6,420.45,0
2017-07-27 15:15:00,420.45,420.75,420.25,420.35,0
2017-07-28 09:15:00,421.4,422.8,421.4,421.8,0
2017-07-28 10:15:00,421.8,422.4,421.3,421.8,0
2017-07-28 11:15:00,421.9,422.35,421.45,422.0,0
2017-07-28 12:15:00,422.0,422.65,421.75,422.3,0
2017-07-28 13:15:00,422.3,423.6,422.0,422.2,0
2017-07-28 14:15:00,422.2,422.55,420.5,420.65,0
2017-07-28 15:15:00,420.65,421.15,420.2,421.05,0
2017-07-31 09:15:00,420.05,420.75,419.45,420.15,0
2017-07-31 10:15:00,420.15,420.5,419.45,419.9,0
2017-07-31 11:15:00,419.9,419.95,419.4,419.65,0
2017-07-31 12:15:00,419.7,419.9,418.9,419.3,0
2017-07-31 13:15:00,419.3,419.5,418.8,419.35,0
2017-07-31 14:15:00,419.35,419.65,418.0,418.2,0
2017-07-31 15:15:00,418.2,418.3,417.9,418.25,0
2017-08-01 09:15:00,417.35,418.2,417.3,417.55,0
2017-08-01 10:15:00,417.55,418.4,417.3,418.3,0
2017-08-01 11:15:00,418.3,418.8,417.9,417.95,0
2017-08-01 12:15:00,417.95,418.25,417.6,418.05,0
2017-08-01 13:15:00,418.05,418.1,417.35,417.45,0
2017-08-01 14:15:00,417.45,418.35,416.55,416.6,0
2017-08-01 15:15:00,416.55,416.7,416.2,416.55,0
2017-08-02 09:15:00,415.95,417.2,415.95,417.1,0
2017-08-02 10:15:00,417.1,417.75,416.9,417.4,0
2017-08-02 11:15:00,417.4,417.6,417.15,417.45,0
2017-08-02 12:15:00,417.45,417.95,417.35,417.85,0
2017-08-02 13:15:00,417.85,418.15,417.35,417.75,0
2017-08-02 14:15:00,417.75,418.8,417.3,417.8,0
2017-08-02 15:15:00,417.8,419.3,417.7,419.15,0
2017-08-03 09:15:00,418.3,420.5,418.3,420.3,0
2017-08-03 10:15:00,420.3,420.65,419.75,420.25,0
2017-08-03 11:15:00,420.25,420.3,419.6,419.85,0
2017-08-03 12:15:00,419.85,419.95,419.5,419.6,0
2017-08-03 13:15:00,419.6,420.45,419.55,420.0,0
2017-08-03 14:15:00,420.0,421.7,419.9,420.8,0
2017-08-03 15:15:00,420.8,421.55,420.75,421.5,0
2017-08-04 09:15:00,421.35,422.1,420.6,421.45,0
2017-08-04 10:15:00,421.4,422.2,421.05,421.7,0
2017-08-04 11:15:00,421.7,421.95,421.4,421.75,0
2017-08-04 12:15:00,421.75,421.8,421.05,421.55,0
2017-08-04 13:15:00,421.55,421.65,419.75,419.75,0
2017-08-04 14:15:00,419.75,420.25,418.75,418.75,0
2017-08-04 15:15:00,418.75,418.95,418.55,418.75,0
2017-08-07 09:15:00,418.75,419.45,418.25,418.8,0
2017-08-07 10:15:00,418.8,419.1,418.3,418.6,0
2017-08-07 11:15:00,418.6,419.0,418.45,418.95,0
2017-08-07 12:15:00,418.95,419.05,418.7,418.8,0
2017-08-07 13:15:00,418.85,419.45,418.65,418.85,0
2017-08-07 14:15:00,418.85,419.65,418.45,419.6,0
2017-08-07 15:15:00,419.6,419.95,419.5,419.8,0
2017-08-08 09:15:00,419.1,422.7,418.5,422.55,0
2017-08-08 10:15:00,422.6,424.15,421.85,421.85,0
2017-08-08 11:15:00,421.9,422.2,421.05,421.8,0
2017-08-08 12:15:00,421.8,421.95,421.4,421.75,0
2017-08-08 13:15:00,421.75,423.2,421.55,422.65,0
2017-08-08 14:15:00,422.65,423.3,422.25,423.15,0
2017-08-08 15:15:00,423.1,423.15,422.5,422.9,0
2017-08-09 09:15:00,423.65,425.15,423.65,423.85,0
2017-08-09 10:15:00,423.85,424.35,423.35,424.15,0
2017-08-09 11:15:00,424.15,425.0,424.1,424.55,0
2017-08-09 12:15:00,424.5,424.9,424.15,424.85,0
2017-08-09 13:15:00,424.85,425.7,424.7,424.95,0
2017-08-09 14:15:00,425.0,425.8,423.65,425.8,0
2017-08-09 15:15:00,425.75,426.55,425.65,426.25,0
2017-08-10 09:15:00,427.5,429.1,427.25,428.35,0
2017-08-10 10:15:00,428.35,428.45,426.7,426.75,0
2017-08-10 11:15:00,426.8,427.65,426.7,427.55,0
2017-08-10 12:15:00,427.55,428.4,427.3,428.2,0
2017-08-10 13:15:00,428.2,429.0,428.0,428.2,0
2017-08-10 14:15:00,428.2,431.6,428.1,430.0,0
2017-08-10 15:15:00,430.0,430.7,428.4,428.45,0
2017-08-11 09:15:00,434.55,434.75,433.25,433.75,0
2017-08-11 10:15:00,433.75,433.85,432.6,432.9,0
2017-08-11 11:15:00,432.9,433.4,431.95,432.65,0
2017-08-11 12:15:00,432.65,433.95,432.6,433.45,0
2017-08-11 13:15:00,433.45,435.35,433.15,435.0,0
2017-08-11 14:15:00,435.05,435.75,434.15,434.35,0
2017-08-11 15:15:00,434.35,434.65,434.0,434.45,0
2017-08-14 09:15:00,432.85,432.9,431.15,431.65,0
2017-08-14 10:15:00,431.65,431.9,431.2,431.55,0
2017-08-14 11:15:00,431.55,431.6,430.55,431.3,0
2017-08-14 12:15:00,431.3,431.4,430.65,430.75,0
2017-08-14 13:15:00,430.75,431.1,430.35,430.7,0
2017-08-14 14:15:00,430.7,431.2,430.05,431.0,0
2017-08-14 15:15:00,431.0,431.7,430.85,431.25,0
2017-08-16 09:15:00,429.85,432.1,429.7,431.45,0
2017-08-16 10:15:00,431.45,431.45,430.6,430.85,0
2017-08-16 11:15:00,430.9,431.65,430.35,430.55,0
2017-08-16 12:15:00,430.55,430.65,428.75,428.85,0
2017-08-16 13:15:00,428.85,428.95,427.55,428.05,0
2017-08-16 14:15:00,428.05,428.3,426.6,426.8,0
2017-08-16 15:15:00,426.8,426.8,426.45,426.55,0
2017-08-17 09:15:00,424.7,426.65,424.6,425.6,0
2017-08-17 10:15:00,425.6,426.95,424.95,426.9,0
2017-08-17 11:15:00,426.95,427.3,426.3,426.45,0
2017-08-17 12:15:00,426.5,426.55,425.0,425.0,0
2017-08-17 13:15:00,425.0,426.0,424.95,425.85,0
2017-08-17 14:15:00,425.85,427.1,425.1,427.1,0
2017-08-17 15:15:00,427.1,427.35,426.3,426.5,0
2017-08-18 09:15:00,428.2,430.3,428.2,429.15,0
2017-08-18 10:15:00,429.15,429.45,428.9,429.25,0
2017-08-18 11:15:00,429.25,430.05,428.85,429.55,0
2017-08-18 12:15:00,429.5,431.1,429.5,431.1,0
2017-08-18 13:15:00,431.1,431.75,430.05,430.05,0
2017-08-18 14:15:00,430.1,430.95,429.1,429.2,0
2017-08-18 15:15:00,429.15,429.7,429.1,429.55,0
2017-08-21 09:15:00,428.45,429.2,427.6,428.2,0
2017-08-21 10:15:00,428.15,430.05,428.0,429.05,0
2017-08-21 11:15:00,429.05,430.4,429.0,429.95,0
2017-08-21 12:15:00,429.95,431.2,429.8,430.9,0
2017-08-21 13:15:00,430.9,432.0,430.4,431.65,0
2017-08-21 14:15:00,431.65,433.45,431.25,433.3,0
2017-08-21 15:15:00,433.25,433.85,433.1,433.4,0
2017-08-22 09:15:00,430.6,432.9,430.05,432.8,0
2017-08-22 10:15:00,432.8,433.4,431.8,432.05,0
2017-08-22 11:15:00,432.05,432.75,431.25,431.55,0
2017-08-22 12:15:00,431.55,432.25,430.9,431.9,0
2017-08-22 13:15:00,431.9,433.1,431.25,433.0,0
2017-08-22 14:15:00,433.0,433.25,432.0,432.85,0
2017-08-22 15:15:00,432.85,433.1,432.3,432.4,0
2017-08-23 09:15:00,431.25,431.95,430.7,431.35,0
2017-08-23 10:15:00,431.35,431.6,430.95,431.1,0
2017-08-23 11:15:00,431.1,431.55,430.6,430.85,0
2017-08-23 12:15:00,430.85,431.65,430.45,431.3,0
2017-08-23 13:15:00,431.25,431.7,431.15,431.35,0
2017-08-23 14:15:00,431.35,431.75,428.8,428.95,0
2017-08-23 15:15:00,429.0,429.25,428.9,429.2,0
2017-08-24 09:15:00,427.85,429.25,427.85,428.8,0
2017-08-24 10:15:00,428.8,429.2,428.55,428.85,0
2017-08-24 11:15:00,428.85,429.2,428.55,429.15,0
2017-08-24 12:15:00,429.15,429.25,427.95,428.6,0
2017-08-24 13:15:00,428.6,429.2,428.35,428.7,0
2017-08-24 14:15:00,428.7,428.95,428.0,428.65,0
2017-08-24 15:15:00,428.65,429.2,428.4,428.55,0
2017-08-28 09:15:00,427.0,428.1,426.75,426.75,0
2017-08-28 10:15:00,426.75,427.1,426.65,426.9,0
2017-08-28 11:15:00,426.9,427.2,426.45,426.45,0
2017-08-28 12:15:00,426.45,427.1,426.2,427.0,0
2017-08-28 13:15:00,427.0,427.65,426.95,427.35,0
2017-08-28 14:15:00,427.35,427.45,426.65,426.65,0
2017-08-28 15:15:00,426.65,426.85,426.6,426.75,0
2017-08-29 09:15:00,428.0,429.95,428.0,429.95,0
2017-08-29 10:15:00,430.0,430.75,429.8,430.6,0
2017-08-29 11:15:00,430.6,430.65,429.7,429.9,0
2017-08-29 12:15:00,429.9,431.05,429.75,430.65,0
2017-08-29 13:15:00,430.65,432.4,430.65,431.8,0
2017-08-29 14:15:00,431.8,432.4,431.65,431.9,0
2017-08-29 15:15:00,431.9,432.25,431.7,431.95,0
2017-08-30 09:15:00,429.15,429.55,428.1,428.35,0
2017-08-30 10:15:00,428.35,428.75,428.15,428.35,0
2017-08-30 11:15:00,428.35,428.35,427.2,427.35,0
2017-08-30 12:15:00,427.35,427.8,426.95,427.75,0
2017-08-30 13:15:00,427.75,427.85,427.3,427.35,0
2017-08-30 14:15:00,427.4,428.5,427.35,428.15,0
2017-08-30 15:15:00,428.15,428.25,427.95,427.95,0
2017-08-31 09:15:00,427.2,429.0,427.2,428.7,0
2017-08-31 10:15:00,428.7,429.05,428.45,428.9,0
2017-08-31 11:15:00,428.9,429.3,428.05,428.05,0
2017-08-31 12:15:00,428.05,428.65,427.4,428.65,0
2017-08-31 13:15:00,428.65,428.7,428.0,428.05,0
2017-08-31 14:15:00,428.05,428.2,426.45,426.65,0
2017-08-31 15:15:00,426.65,426.85,426.35,426.75,0
2017-09-01 09:15:00,425.9,427.05,424.8,424.9,0
2017-09-01 10:15:00,424.9,425.35,424.75,425.2,0
2017-09-01 11:15:00,425.2,425.35,424.95,425.05,0
2017-09-01 12:15:00,425.05,425.1,424.75,424.85,0
2017-09-01 13:15:00,424.85,425.0,424.15,424.8,0
2017-09-01 14:15:00,424.8,425.05,423.95,424.1,0
2017-09-01 15:15:00,424.1,424.6,424.1,424.5,0
2017-09-04 09:15:00,424.05,425.5,424.05,425.25,0
2017-09-04 10:15:00,425.3,426.1,425.15,425.65,0
2017-09-04 11:15:00,425.65,428.8,425.6,428.45,0
2017-09-04 12:15:00,428.45,429.3,427.5,427.55,0
2017-09-04 13:15:00,427.55,428.7,427.4,427.8,0
2017-09-04 14:15:00,427.8,427.9,426.65,426.85,0
2017-09-04 15:15:00,426.85,427.6,426.8,427.5,0
2017-09-05 09:15:00,426.3,427.15,425.65,426.2,0
2017-09-05 10:15:00,426.2,426.4,425.75,425.9,0
2017-09-05 11:15:00,425.9,426.95,425.9,426.9,0
2017-09-05 12:15:00,426.9,427.65,426.6,426.65,0
2017-09-05 13:15:00,426.65,426.85,425.75,425.8,0
2017-09-05 14:15:00,425.8,425.8,425.0,425.35,0
2017-09-05 15:15:00,425.35,425.8,425.3,425.75,0
2017-09-06 09:15:00,427.8,428.5,427.25,427.75,0
2017-09-06 10:15:00,427.8,428.1,427.4,427.5,0
2017-09-06 11:15:00,427.5,427.7,427.05,427.45,0
2017-09-06 12:15:00,427.4,427.5,426.65,426.85,0
2017-09-06 13:15:00,426.85,427.05,426.4,426.7,0
2017-09-06 14:15:00,426.7,427.3,426.4,427.25,0
2017-09-06 15:15:00,427.25,427.4,427.05,427.1,0
2017-09-07 09:15:00,425.85,426.15,425.05,426.0,0
2017-09-07 10:15:00,426.0,426.4,425.65,426.35,0
2017-09-07 11:15:00,426.35,427.1,426.3,426.75,0
2017-09-07 12:15:00,426.75,427.0,426.45,426.75,0
2017-09-07 13:15:00,426.75,426.9,425.85,426.3,0
2017-09-07 14:15:00,426.3,426.85,425.85,426.3,0
2017-09-07 15:15:00,426.35,426.95,426.25,426.85,0
2017-09-08 09:15:00,425.4,425.9,425.2,425.45,0
2017-09-08 10:15:00,425.45,426.65,425.3,425.95,0
2017-09-08 11:15:00,425.95,426.15,425.8,425.95,0
2017-09-08 12:15:00,425.95,427.25,425.75,427.15,0
2017-09-08 13:15:00,427.15,427.15,426.25,426.65,0
2017-09-08 14:15:00,426.65,427.35,425.9,426.3,0
2017-09-08 15:15:00,426.3,426.9,426.25,426.85,0
2017-09-11 09:15:00,425.05,425.05,424.15,424.5,0
2017-09-11 10:15:00,424.5,425.05,424.3,424.55,0
2017-09-11 11:15:00,424.5,424.55,423.3,423.45,0
2017-09-11 12:15:00,423.45,423.65,423.25,423.35,0
2017-09-11 13:15:00,423.35,423.45,422.75,422.85,0
2017-09-11 14:15:00,422.85,423.7,422.6,423.5,0
2017-09-11 15:15:00,423.5,423.85,423.5,423.55,0
2017-09-12 09:15:00,421.5,422.7,421.5,422.3,0
2017-09-12 10:15:00,422.3,422.3,421.35,421.4,0
2017-09-12 11:15:00,421.4,421.7,421.2,421.35,0
2017-09-12 12:15:00,421.35,421.75,421.25,421.4,0
2017-09-12 13:15:00,421.4,421.5,421.0,421.0,0
2017-09-12 14:15:00,421.0,421.25,419.75,419.95,0
2017-09-12 15:15:00,419.95,420.25,419.85,420.15,0
2017-09-13 09:15:00,419.75,420.4,418.9,419.15,0
2017-09-13 10:15:00,419.15,419.55,419.0,419.4,0
2017-09-13 11:15:00,419.4,419.75,419.2,419.25,0
2017-09-13 12:15:00,419.25,419.5,418.6,418.7,0
2017-09-13 13:15:00,418.7,419.0,418.45,418.65,0
2017-09-13 14:15:00,418.65,421.0,418.65,421.0,0
2017-09-13 15:15:00,421.0,421.25,420.25,420.35,0
2017-09-14 09:15:00,419.5,419.85,418.7,419.0,0
2017-09-14 10:15:00,419.0,420.4,418.85,420.35,0
2017-09-14 11:15:00,420.35,420.95,420.05,420.75,0
2017-09-14 12:15:00,420.75,420.8,420.35,420.45,0
2017-09-14 13:15:00,420.45,421.05,420.45,420.8,0
2017-09-14 14:15:00,420.8,420.85,419.65,420.45,0
2017-09-14 15:15:00,420.45,420.75,420.3,420.3,0
2017-09-15 09:15:00,421.45,422.15,420.55,421.65,0
2017-09-15 10:15:00,421.65,422.15,421.25,422.15,0
2017-09-15 11:15:00,422.15,422.2,421.55,421.7,0
2017-09-15 12:15:00,421.7,421.75,421.3,421.4,0
2017-09-15 13:15:00,421.4,422.0,421.05,421.2,0
2017-09-15 14:15:00,421.2,421.4,419.25,420.45,0
2017-09-15 15:15:00,420.5,420.85,420.35,420.45,0
2017-09-18 09:15:00,418.7,418.7,417.3,417.65,0
2017-09-18 10:15:00,417.65,417.85,417.4,417.55,0
2017-09-18 11:15:00,417.55,417.75,417.35,417.5,0
2017-09-18 12:15:00,417.5,417.65,417.2,417.6,0
2017-09-18 13:15:00,417.6,417.7,417.1,417.15,0
2017-09-18 14:15:00,417.15,418.05,417.15,417.9,0
2017-09-18 15:15:00,417.95,418.15,417.7,417.8,0
2017-09-19 09:15:00,417.0,418.5,416.9,418.35,0
2017-09-19 10:15:00,418.35,418.9,418.2,418.25,0
2017-09-19 11:15:00,418.25,418.3,417.85,418.15,0
2017-09-19 12:15:00,418.15,418.5,417.9,418.15,0
2017-09-19 13:15:00,418.15,418.25,417.45,417.65,0
2017-09-19 14:15:00,417.6,418.35,417.5,418.15,0
2017-09-19 15:15:00,418.15,418.3,418.05,418.05,0
2017-09-20 09:15:00,417.7,418.3,417.3,418.05,0
2017-09-20 10:15:00,418.05,418.65,418.05,418.5,0
2017-09-20 11:15:00,418.5,418.65,418.25,418.35,0
2017-09-20 12:15:00,418.35,418.5,418.25,418.45,0
2017-09-20 13:15:00,418.45,418.8,418.05,418.25,0
2017-09-20 14:15:00,418.25,418.55,417.85,418.5,0
2017-09-20 15:15:00,418.5,418.75,418.45,418.6,0
2017-09-21 09:15:00,418.65,421.15,417.85,420.7,0
2017-09-21 10:15:00,420.7,422.0,420.35,420.45,0
2017-09-21 11:15:00,420.45,420.95,420.25,420.65,0
2017-09-21 12:15:00,420.65,420.75,419.95,420.55,0
2017-09-21 13:15:00,420.55,420.55,419.65,419.85,0
2017-09-21 14:15:00,419.85,419.85,418.55,419.3,0
2017-09-21 15:15:00,419.3,419.55,419.2,419.3,0
2017-09-22 09:15:00,420.6,423.8,420.6,423.75,0
2017-09-22 10:15:00,423.75,424.2,423.25,424.05,0
2017-09-22 11:15:00,424.0,424.5,423.65,424.0,0
2017-09-22 12:15:00,424.0,424.8,423.7,423.95,0
2017-09-22 13:15:00,423.95,425.75,423.85,425.25,0
2017-09-22 14:15:00,425.25,426.0,424.95,425.9,0
2017-09-22 15:15:00,425.95,426.45,425.9,426.0,0
2017-09-25 09:15:00,426.35,430.85,426.35,430.8,0
2017-09-25 10:15:00,430.8,431.65,429.2,430.1,0
2017-09-25 11:15:00,430.1,430.9,430.0,430.6,0
2017-09-25 12:15:00,430.55,431.6,430.0,431.15,0
2017-09-25 13:15:00,431.15,432.5,430.85,431.55,0
2017-09-25 14:15:00,431.6,431.7,429.9,429.95,0
2017-09-25 15:15:00,429.95,430.05,429.6,430.0,0
2017-09-26 09:15:00,430.05,431.8,429.6,431.6,0
2017-09-26 10:15:00,431.6,432.75,431.0,432.2,0
2017-09-26 11:15:00,432.2,432.5,431.1,431.3,0
2017-09-26 12:15:00,431.3,431.75,430.95,431.25,0
2017-09-26 13:15:00,431.2,431.5,430.0,430.25,0
2017-09-26 14:15:00,430.25,430.6,429.4,430.1,0
2017-09-26 15:15:00,430.15,431.1,430.1,431.0,0
2017-09-27 09:15:00,428.15,431.8,428.15,431.65,0
2017-09-27 10:15:00,431.65,433.2,431.3,432.2,0
2017-09-27 11:15:00,432.15,432.8,431.7,432.6,0
2017-09-27 12:15:00,432.6,434.1,432.5,433.5,0
2017-09-27 13:15:00,433.5,434.4,432.95,434.3,0
2017-09-27 14:15:00,434.3,436.75,434.0,436.65,0
2017-09-27 15:15:00,436.6,437.1,435.9,436.05,0
2017-09-28 09:15:00,436.25,438.4,435.6,435.85,0
2017-09-28 10:15:00,435.85,436.55,435.25,436.0,0
2017-09-28 11:15:00,435.95,436.5,435.45,436.15,0
2017-09-28 12:15:00,436.15,437.7,435.85,437.65,0
2017-09-28 13:15:00,437.7,437.85,435.65,435.85,0
2017-09-28 14:15:00,435.85,436.55,434.0,435.05,0
2017-09-28 15:15:00,435.05,435.3,434.7,435.2,0
2017-09-29 09:15:00,432.85,433.65,432.25,433.2,0
2017-09-29 10:15:00,433.2,433.3,432.55,432.75,0
2017-09-29 11:15:00,432.75,432.95,432.1,432.15,0
2017-09-29 12:15:00,432.15,432.3,431.75,431.95,0
2017-09-29 13:15:00,431.95,432.05,431.1,431.25,0
2017-09-29 14:15:00,431.25,434.55,431.15,434.15,0
2017-09-29 15:15:00,434.2,434.45,433.9,434.25,0
2017-10-03 09:15:00,429.6,432.35,429.6,432.0,0
2017-10-03 10:15:00,432.0,432.3,430.8,430.85,0
2017-10-03 11:15:00,430.85,431.2,430.6,431.05,0
2017-10-03 12:15:00,431.05,431.5,430.6,431.15,0
2017-10-03 13:15:00,431.2,432.2,431.1,431.55,0
2017-10-03 14:15:00,431.6,431.7,430.7,431.0,0
2017-10-03 15:15:00,431.05,431.35,431.0,431.35,0
2017-10-04 09:15:00,430.1,431.55,429.2,429.3,0
2017-10-04 10:15:00,429.3,429.45,428.7,428.8,0
2017-10-04 11:15:00,428.8,429.0,428.6,428.6,0
2017-10-04 12:15:00,428.6,428.95,428.35,428.6,0
2017-10-04 13:15:00,428.6,429.2,428.25,429.1,0
2017-10-04 14:15:00,429.1,429.6,427.75,428.9,0
2017-10-04 15:15:00,428.95,429.2,428.2,428.4,0
2017-10-05 09:15:00,428.3,428.9,427.5,427.9,0
2017-10-05 10:15:00,427.9,429.55,427.8,429.3,0
2017-10-05 11:15:00,429.3,429.75,429.05,429.6,0
2017-10-05 12:15:00,429.6,429.7,429.1,429.15,0
2017-10-05 13:15:00,429.2,429.6,428.5,429.1,0
2017-10-05 14:15:00,429.1,430.25,428.8,430.2,0
2017-10-05 15:15:00,430.2,430.25,429.95,430.05,0
2017-10-06 09:15:00,429.2,429.2,427.0,427.0,0
2017-10-06 10:15:00,427.0,427.35,426.6,426.7,0
2017-10-06 11:15:00,426.7,427.15,426.6,427.05,0
2017-10-06 12:15:00,427.05,427.25,426.8,427.1,0
2017-10-06 13:15:00,427.1,427.45,426.6,427.1,0
2017-10-06 14:15:00,427.1,427.2,425.9,425.95,0
2017-10-06 15:15:00,425.95,425.95,425.65,425.75,0
2017-10-09 09:15:00,425.95,427.15,424.75,425.35,0
2017-10-09 10:15:00,425.3,425.95,424.95,425.95,0
2017-10-09 11:15:00,425.95,426.35,425.65,426.1,0
2017-10-09 12:15:00,426.15,426.65,425.95,426.1,0
2017-10-09 13:15:00,426.1,426.15,425.35,425.65,0
2017-10-09 14:15:00,425.7,426.15,425.4,425.8,0
2017-10-09 15:15:00,425.8,426.05,425.75,425.95,0
2017-10-10 09:15:00,424.9,425.3,424.5,425.1,0
2017-10-10 10:15:00,425.05,425.4,424.3,424.35,0
2017-10-10 11:15:00,424.35,425.0,424.05,424.8,0
2017-10-10 12:15:00,424.85,425.0,424.6,424.65,0
2017-10-10 13:15:00,424.65,425.4,424.45,425.15,0
2017-10-10 14:15:00,425.15,425.25,424.35,424.75,0
2017-10-10 15:15:00,424.7,425.05,424.7,424.9,0
2017-10-11 09:15:00,423.75,423.95,422.75,422.95,0
2017-10-11 10:15:00,422.95,423.25,422.7,423.25,0
2017-10-11 11:15:00,423.25,423.4,423.05,423.15,0
2017-10-11 12:15:00,423.1,423.35,423.05,423.35,0
2017-10-11 13:15:00,423.35,426.5,423.3,425.5,0
2017-10-11 14:15:00,425.5,427.45,425.45,426.25,0
2017-10-11 15:15:00,426.25,426.85,426.2,426.85,0
2017-10-12 09:15:00,425.15,426.6,424.55,425.1,0
2017-10-12 10:15:00,425.1,425.2,424.25,424.7,0
2017-10-12 11:15:00,424.65,424.75,424.05,424.2,0
2017-10-12 12:15:00,424.2,425.3,424.05,424.95,0
2017-10-12 13:15:00,424.95,425.15,423.7,423.7,0
2017-10-12 14:15:00,423.7,423.7,421.35,421.45,0
2017-10-12 15:15:00,421.45,421.6,421.2,421.45,0
2017-10-13 09:15:00,420.45,420.45,418.9,419.4,0
2017-10-13 10:15:00,419.4,419.6,418.6,418.9,0
2017-10-13 11:15:00,418.9,419.25,418.7,418.8,0
2017-10-13 12:15:00,418.8,419.1,418.4,418.5,0
2017-10-13 13:15:00,418.5,418.75,417.95,418.3,0
2017-10-13 14:15:00,418.3,418.9,417.6,418.55,0
2017-10-13 15:15:00,418.55,418.9,418.5,418.85,0
2017-10-16 09:15:00,417.15,417.15,415.7,416.25,0
2017-10-16 10:15:00,416.25,418.45,416.1,417.9,0
2017-10-16 11:15:00,417.9,418.05,416.65,416.95,0
2017-10-16 12:15:00,416.95,418.15,416.85,417.85,0
2017-10-16 13:15:00,417.85,417.95,416.25,416.25,0
2017-10-16 14:15:00,416.25,416.65,415.8,416.35,0
2017-10-16 15:15:00,416.35,416.4,415.95,416.05,0
2017-10-17 09:15:00,416.4,417.0,415.9,416.6,0
2017-10-17 10:15:00,416.6,416.8,415.55,415.55,0
2017-10-17 11:15:00,415.6,416.1,415.4,416.1,0
2017-10-17 12:15:00,416.1,416.95,416.1,416.55,0
2017-10-17 13:15:00,416.55,416.9,416.0,416.2,0
2017-10-17 14:15:00,416.2,416.45,415.5,416.1,0
2017-10-17 15:15:00,416.1,416.3,415.95,415.95,0
2017-10-18 09:15:00,417.2,418.0,417.1,417.65,0
2017-10-18 10:15:00,417.65,418.2,417.55,417.65,0
2017-10-18 11:15:00,417.65,418.55,417.55,418.15,0
2017-10-18 12:15:00,418.15,418.35,416.95,417.0,0
2017-10-18 13:15:00,417.0,417.3,416.1,416.9,0
2017-10-18 14:15:00,416.9,417.5,416.45,417.45,0
2017-10-18 15:15:00,417.4,417.55,416.75,416.95,0
2017-10-19 18:15:00,417.2,420.35,417.2,420.15,0
2017-10-19 19:15:00,420.15,420.75,419.85,420.65,0
2017-10-23 09:15:00,418.85,419.65,416.9,419.25,0
2017-10-23 10:15:00,419.25,419.45,418.45,418.85,0
2017-10-23 11:15:00,418.85,420.95,418.8,420.8,0
2017-10-23 12:15:00,420.8,421.0,420.2,420.55,0
2017-10-23 13:15:00,420.55,420.75,419.25,419.35,0
2017-10-23 14:15:00,419.35,419.65,418.2,418.3,0
2017-10-23 15:15:00,418.3,418.55,418.05,418.25,0
2017-10-24 09:15:00,417.2,418.45,416.7,416.7,0
2017-10-24 10:15:00,416.7,417.5,416.4,417.3,0
2017-10-24 11:15:00,417.3,417.65,417.0,417.15,0
2017-10-24 12:15:00,417.15,417.7,416.85,417.4,0
2017-10-24 13:15:00,417.45,418.7,417.25,417.9,0
2017-10-24 14:15:00,417.9,417.9,417.2,417.55,0
2017-10-24 15:15:00,417.5,417.75,417.5,417.65,0
2017-10-25 09:15:00,413.05,416.05,412.6,415.95,0
2017-10-25 10:15:00,415.95,416.35,415.2,415.5,0
2017-10-25 11:15:00,415.5,415.55,415.0,415.3,0
2017-10-25 12:15:00,415.3,415.55,414.15,414.2,0
2017-10-25 13:15:00,414.2,414.8,413.4,413.65,0
2017-10-25 14:15:00,413.65,414.4,413.45,413.9,0
2017-10-25 15:15:00,413.9,414.35,413.8,414.2,0
2017-10-26 09:15:00,414.35,415.1,414.25,414.6,0
2017-10-26 10:15:00,414.6,415.1,414.25,414.4,0
2017-10-26 11:15:00,414.45,414.5,413.5,413.85,0
2017-10-26 12:15:00,413.8,413.95,413.05,413.3,0
2017-10-26 13:15:00,413.3,413.7,412.45,412.95,0
2017-10-26 14:15:00,412.95,414.15,411.75,412.2,0
2017-10-26 15:15:00,412.2,412.65,412.0,412.6,0
2017-10-27 09:15:00,411.55,412.55,411.45,412.25,0
2017-10-27 10:15:00,412.3,412.55,412.0,412.45,0
2017-10-27 11:15:00,412.45,413.0,412.05,412.6,0
2017-10-27 12:15:00,412.6,412.6,411.65,412.35,0
2017-10-27 13:15:00,412.35,412.5,411.75,411.95,0
2017-10-27 14:15:00,412.0,413.35,411.75,413.25,0
2017-10-27 15:15:00,413.25,413.55,413.0,413.35,0
2017-10-30 09:15:00,412.05,412.45,410.9,411.3,0
2017-10-30 10:15:00,411.3,411.7,411.05,411.55,0
2017-10-30 11:15:00,411.5,411.75,411.1,411.4,0
2017-10-30 12:15:00,411.4,411.95,411.35,411.5,0
2017-10-30 13:15:00,411.5,411.75,411.1,411.35,0
2017-10-30 14:15:00,411.35,411.7,410.85,411.6,0
2017-10-30 15:15:00,411.6,411.95,411.6,411.6,0
2017-10-31 09:15:00,411.7,412.6,411.7,412.35,0
2017-10-31 10:15:00,412.35,413.3,412.25,412.75,0
2017-10-31 11:15:00,412.75,413.0,412.15,412.3,0
2017-10-31 12:15:00,412.3,412.5,411.9,411.95,0
2017-10-31 13:15:00,411.9,413.0,411.8,412.8,0
2017-10-31 14:15:00,412.8,413.15,412.2,412.9,0
2017-10-31 15:15:00,412.9,413.05,412.65,412.7,0
2017-11-01 09:15:00,410.75,410.9,408.95,409.05,0
2017-11-01 10:15:00,409.05,409.45,408.85,409.1,0
2017-11-01 11:15:00,409.1,409.2,408.7,408.75,0
2017-11-01 12:15:00,408.75,408.95,408.3,408.7,0
2017-11-01 13:15:00,408.7,409.35,408.6,408.95,0
2017-11-01 14:15:00,408.9,409.2,408.3,408.7,0
2017-11-01 15:15:00,408.7,408.9,408.6,408.7,0
2017-11-02 09:15:00,408.8,409.1,408.35,408.6,0
2017-11-02 10:15:00,408.65,408.95,408.4,408.6,0
2017-11-02 11:15:00,408.6,409.7,408.4,409.4,0
2017-11-02 12:15:00,409.4,409.9,409.05,409.05,0
2017-11-02 13:15:00,409.05,409.45,408.85,408.85,0
2017-11-02 14:15:00,408.85,409.65,408.65,409.5,0
2017-11-02 15:15:00,409.5,409.6,409.35,409.4,0
2017-11-03 09:15:00,408.05,410.3,408.05,409.4,0
2017-11-03 10:15:00,409.4,409.4,408.7,408.85,0
2017-11-03 11:15:00,408.85,409.15,408.7,408.9,0
2017-11-03 12:15:00,408.9,408.9,408.65,408.75,0
2017-11-03 13:15:00,408.75,408.8,408.15,408.35,0
2017-11-03 14:15:00,408.4,408.8,408.05,408.5,0
2017-11-03 15:15:00,408.55,408.55,408.05,408.35,0
2017-11-06 09:15:00,409.4,410.1,408.7,409.55,0
2017-11-06 10:15:00,409.55,409.55,408.55,408.75,0
2017-11-06 11:15:00,408.8,409.15,408.8,408.95,0
2017-11-06 12:15:00,408.95,408.95,407.5,407.85,0
2017-11-06 13:15:00,407.8,407.95,407.1,407.7,0
2017-11-06 14:15:00,407.7,408.5,407.45,408.5,0
2017-11-06 15:15:00,408.5,409.5,408.4,409.2,0
2017-11-07 09:15:00,407.7,409.5,407.4,409.45,0
2017-11-07 10:15:00,409.45,410.9,409.45,409.75,0
2017-11-07 11:15:00,409.75,410.55,409.3,409.35,0
2017-11-07 12:15:00,409.35,410.7,409.0,410.5,0
2017-11-07 13:15:00,410.55,412.55,410.4,412.2,0
2017-11-07 14:15:00,412.2,413.0,411.6,412.75,0
2017-11-07 15:15:00,412.7,413.0,412.5,412.65,0
2017-11-08 09:15:00,412.25,413.45,411.4,412.95,0
2017-11-08 10:15:00,412.95,413.2,412.0,413.05,0
2017-11-08 11:15:00,413.05,413.2,411.95,412.65,0
2017-11-08 12:15:00,412.65,413.4,412.6,413.25,0
2017-11-08 13:15:00,413.25,414.25,412.7,414.05,0
2017-11-08 14:15:00,414.0,415.3,414.0,414.45,0
2017-11-08 15:15:00,414.45,414.65,414.0,414.2,0
2017-11-09 09:15:00,412.45,413.0,412.05,412.8,0
2017-11-09 10:15:00,412.85,414.6,412.7,414.4,0
2017-11-09 11:15:00,414.4,415.2,413.7,414.9,0
2017-11-09 12:15:00,414.9,416.1,414.7,414.85,0
2017-11-09 13:15:00,414.85,415.7,414.65,415.45,0
2017-11-09 14:15:00,415.45,415.45,414.3,414.65,0
2017-11-09 15:15:00,414.65,414.75,413.75,413.75,0
2017-11-10 09:15:00,414.7,416.05,414.7,415.3,0
2017-11-10 10:15:00,415.3,415.35,414.25,414.5,0
2017-11-10 11:15:00,414.5,415.25,414.4,415.25,0
2017-11-10 12:15:00,415.25,415.6,414.9,415.0,0
2017-11-10 13:15:00,414.95,415.0,413.5,414.5,0
2017-11-10 14:15:00,414.5,416.7,413.35,413.35,0
2017-11-10 15:15:00,413.35,413.85,413.05,413.45,0
2017-11-13 09:15:00,414.15,415.9,413.7,415.8,0
2017-11-13 10:15:00,415.8,416.2,415.3,416.1,0
2017-11-13 11:15:00,416.15,416.7,415.95,416.1,0
2017-11-13 12:15:00,416.1,416.15,415.6,415.65,0
2017-11-13 13:15:00,415.65,416.95,415.65,416.5,0
2017-11-13 14:15:00,416.5,418.05,416.2,417.95,0
2017-11-13 15:15:00,417.9,418.35,417.9,418.15,0
2017-11-14 09:15:00,418.15,419.2,417.15,418.7,0
2017-11-14 10:15:00,418.7,419.05,418.0,418.8,0
2017-11-14 11:15:00,418.8,419.7,418.7,419.5,0
2017-11-14 12:15:00,419.5,419.9,419.25,419.45,0
2017-11-14 13:15:00,419.45,419.55,418.7,419.1,0
2017-11-14 14:15:00,419.1,420.0,418.2,419.95,0
2017-11-14 15:15:00,419.95,420.15,419.65,419.9,0
2017-11-15 09:15:00,420.35,421.35,420.2,420.55,0
2017-11-15 10:15:00,420.55,421.6,420.3,421.0,0
2017-11-15 11:15:00,420.95,421.25,420.7,421.15,0
2017-11-15 12:15:00,421.15,421.95,421.05,421.1,0
2017-11-15 13:15:00,421.1,422.25,421.05,422.25,0
2017-11-15 14:15:00,422.25,423.55,422.2,422.4,0
2017-11-15 15:15:00,422.4,422.6,422.1,422.1,0
2017-11-16 09:15:00,421.2,421.75,420.55,420.6,0
2017-11-16 10:15:00,420.6,421.25,420.5,420.8,0
2017-11-16 11:15:00,420.85,420.85,419.6,419.65,0
2017-11-16 12:15:00,419.65,419.7,418.75,419.3,0
2017-11-16 13:15:00,419.3,419.9,419.15,419.3,0
2017-11-16 14:15:00,419.3,419.4,418.6,418.9,0
2017-11-16 15:15:00,418.85,418.85,417.9,417.9,0
2017-11-17 09:15:00,414.15,414.6,413.4,414.25,0
2017-11-17 10:15:00,414.25,414.3,413.8,414.0,0
2017-11-17 11:15:00,414.0,414.85,414.0,414.6,0
2017-11-17 12:15:00,414.6,414.85,414.3,414.65,0
2017-11-17 13:15:00,414.6,414.8,414.25,414.65,0
2017-11-17 14:15:00,414.65,415.9,414.6,415.7,0
2017-11-17 15:15:00,415.7,416.45,415.7,416.2,0
2017-11-20 09:15:00,415.9,416.95,415.0,416.45,0
2017-11-20 10:15:00,416.4,416.8,416.2,416.25,0
2017-11-20 11:15:00,416.25,416.5,415.85,416.0,0
2017-11-20 12:15:00,416.0,416.5,415.95,416.2,0
2017-11-20 13:15:00,416.2,416.35,415.85,416.0,0
2017-11-20 14:15:00,416.0,416.05,415.0,415.35,0
2017-11-20 15:15:00,415.35,415.8,415.3,415.55,0
2017-11-21 09:15:00,414.3,414.5,413.85,414.05,0
2017-11-21 10:15:00,414.05,414.1,413.2,413.5,0
2017-11-21 11:15:00,413.5,413.95,413.35,413.7,0
2017-11-21 12:15:00,413.65,413.7,413.25,413.65,0
2017-11-21 13:15:00,413.6,413.65,413.1,413.45,0
2017-11-21 14:15:00,413.5,414.85,413.5,414.35,0
2017-11-21 15:15:00,414.4,414.7,414.3,414.65,0
2017-11-22 09:15:00,413.5,414.95,412.75,414.75,0
2017-11-22 10:15:00,414.7,415.15,414.15,414.45,0
2017-11-22 11:15:00,414.45,414.55,413.6,413.8,0
2017-11-22 12:15:00,413.8,414.05,413.35,413.6,0
2017-11-22 13:15:00,413.6,413.85,413.2,413.6,0
2017-11-22 14:15:00,413.6,414.3,413.55,413.9,0
2017-11-22 15:15:00,413.95,413.95,413.65,413.65,0
2017-11-23 09:15:00,413.25,414.3,412.9,413.2,0
2017-11-23 10:15:00,413.2,413.7,413.15,413.2,0
2017-11-23 11:15:00,413.2,413.4,412.6,413.1,0
2017-11-23 12:15:00,413.1,415.15,413.05,415.15,0
2017-11-23 13:15:00,415.2,415.3,413.95,414.3,0
2017-11-23 14:15:00,414.35,414.6,413.4,413.65,0
2017-11-23 15:15:00,413.65,413.7,413.3,413.55,0
2017-11-24 09:15:00,413.0,413.15,412.05,412.25,0
2017-11-24 10:15:00,412.25,412.6,411.95,412.4,0
2017-11-24 11:15:00,412.4,412.4,411.9,412.0,0
2017-11-24 12:15:00,412.0,412.35,411.9,412.05,0
2017-11-24 13:15:00,412.05,412.15,411.45,411.9,0
2017-11-24 14:15:00,411.9,412.4,411.7,412.1,0
2017-11-24 15:15:00,412.1,412.25,411.8,411.9,0
2017-11-27 09:15:00,413.35,413.9,413.1,413.35,0
2017-11-27 10:15:00,413.35,413.8,413.05,413.6,0
2017-11-27 11:15:00,413.6,413.7,413.35,413.7,0
2017-11-27 12:15:00,413.7,414.2,413.6,413.95,0
2017-11-27 13:15:00,413.95,414.0,412.7,412.75,0
2017-11-27 14:15:00,412.75,413.0,411.7,411.85,0
2017-11-27 15:15:00,411.8,411.9,411.55,411.65,0
2017-11-28 09:15:00,412.4,412.95,411.95,412.2,0
2017-11-28 10:15:00,412.2,412.5,411.85,412.3,0
2017-11-28 11:15:00,412.3,412.75,412.25,412.6,0
2017-11-28 12:15:00,412.6,412.7,412.0,412.0,0
2017-11-28 13:15:00,412.0,413.25,411.55,413.05,0
2017-11-28 14:15:00,413.05,413.65,412.85,413.05,0
2017-11-28 15:15:00,413.05,413.5,412.95,413.3,0
2017-11-29 09:15:00,412.9,413.4,412.3,413.05,0
2017-11-29 10:15:00,413.05,413.1,412.65,412.75,0
2017-11-29 11:15:00,412.75,412.95,412.3,412.9,0
2017-11-29 12:15:00,412.9,413.05,412.35,412.45,0
2017-11-29 13:15:00,412.4,413.4,412.25,413.15,0
2017-11-29 14:15:00,413.2,413.7,412.95,413.3,0
2017-11-29 15:15:00,413.3,414.1,413.25,413.95,0
2017-11-30 09:15:00,414.7,416.65,414.7,416.4,0
2017-11-30 10:15:00,416.4,416.95,416.1,416.6,0
2017-11-30 11:15:00,416.6,417.25,416.5,417.1,0
2017-11-30 12:15:00,417.1,417.55,416.85,417.15,0
2017-11-30 13:15:00,417.15,417.15,415.8,415.9,0
2017-11-30 14:15:00,415.9,419.5,415.55,419.15,0
2017-11-30 15:15:00,419.1,419.5,418.65,418.8,0
2017-12-01 09:15:00,417.5,418.7,417.1,418.1,0
2017-12-01 10:15:00,418.1,419.5,417.65,419.3,0
2017-12-01 11:15:00,419.3,420.05,419.0,419.45,0
2017-12-01 12:15:00,419.45,419.8,418.65,419.2,0
2017-12-01 13:15:00,419.2,420.75,419.15,420.45,0
2017-12-01 14:15:00,420.45,423.4,420.4,423.1,0
2017-12-01 15:15:00,423.15,423.8,423.0,423.4,0
2017-12-04 09:15:00,421.25,424.6,421.25,423.2,0
2017-12-04 10:15:00,423.15,423.3,422.1,422.65,0
2017-12-04 11:15:00,422.65,422.65,421.85,422.1,0
2017-12-04 12:15:00,422.1,422.6,421.8,422.05,0
2017-12-04 13:15:00,422.1,423.7,421.75,423.0,0
2017-12-04 14:15:00,422.95,423.95,422.65,423.4,0
2017-12-04 15:15:00,423.4,423.55,422.75,422.8,0
2017-12-05 09:15:00,423.7,425.75,423.7,424.8,0
2017-12-05 10:15:00,424.8,425.1,424.3,424.75,0
2017-12-05 11:15:00,424.75,425.2,424.45,424.65,0
2017-12-05 12:15:00,424.65,425.4,424.45,425.05,0
2017-12-05 13:15:00,425.05,425.55,423.45,423.45,0
2017-12-05 14:15:00,423.45,423.85,422.5,423.85,0
2017-12-05 15:15:00,423.9,423.95,423.55,423.55,0
2017-12-06 09:15:00,425.0,425.6,424.35,425.1,0
2017-12-06 10:15:00,425.1,425.3,424.75,425.0,0
2017-12-06 11:15:00,425.0,426.55,424.95,425.7,0
2017-12-06 12:15:00,425.7,426.15,425.65,426.1,0
2017-12-06 13:15:00,426.05,426.25,425.65,425.8,0
2017-12-06 14:15:00,425.8,427.3,425.45,426.95,0
2017-12-06 15:15:00,426.95,427.2,426.5,427.05,0
2017-12-07 09:15:00,426.15,426.2,424.4,425.05,0
2017-12-07 10:15:00,425.05,425.1,423.4,423.4,0
2017-12-07 11:15:00,423.4,424.55,423.35,424.4,0
2017-12-07 12:15:00,424.45,424.5,423.9,424.1,0
2017-12-07 13:15:00,424.1,424.15,423.1,423.35,0
2017-12-07 14:15:00,423.35,423.4,421.4,421.45,0
2017-12-07 15:15:00,421.45,421.65,421.05,421.5,0
2017-12-08 09:15:00,420.5,420.6,418.75,418.8,0
2017-12-08 10:15:00,418.8,418.85,418.05,418.1,0
2017-12-08 11:15:00,418.1,418.75,417.9,418.4,0
2017-12-08 12:15:00,418.4,418.85,417.95,418.5,0
2017-12-08 13:15:00,418.55,419.0,417.65,417.8,0
2017-12-08 14:15:00,417.8,418.25,417.5,417.8,0
2017-12-08 15:15:00,417.8,417.9,417.5,417.6,0
2017-12-11 09:15:00,416.05,416.6,415.55,416.0,0
2017-12-11 10:15:00,416.0,417.05,415.9,416.25,0
2017-12-11 11:15:00,416.25,417.0,416.2,416.95,0
2017-12-11 12:15:00,416.95,417.2,416.6,416.8,0
2017-12-11 13:15:00,416.8,417.05,416.2,416.35,0
2017-12-11 14:15:00,416.35,416.35,415.55,415.7,0
2017-12-11 15:15:00,415.65,415.7,415.3,415.4,0
2017-12-12 09:15:00,415.55,417.55,415.55,417.5,0
2017-12-12 10:15:00,417.5,417.95,417.3,417.8,0
2017-12-12 11:15:00,417.8,417.85,417.3,417.65,0
2017-12-12 12:15:00,417.7,418.15,417.6,417.95,0
2017-12-12 13:15:00,417.95,418.3,417.7,418.1,0
2017-12-12 14:15:00,418.1,419.35,417.8,418.85,0
2017-12-12 15:15:00,418.85,419.1,418.75,418.9,0
2017-12-13 09:15:00,419.15,420.2,418.75,419.55,0
2017-12-13 10:15:00,419.55,419.7,417.1,417.15,0
2017-12-13 11:15:00,417.15,417.65,416.7,416.95,0
2017-12-13 12:15:00,417.0,417.6,416.85,417.1,0
2017-12-13 13:15:00,417.1,420.3,416.9,420.2,0
2017-12-13 14:15:00,420.2,421.9,419.85,420.8,0
2017-12-13 15:15:00,420.8,420.9,420.4,420.55,0
2017-12-14 09:15:00,419.5,421.5,419.5,420.3,0
2017-12-14 10:15:00,420.35,422.25,420.2,422.25,0
2017-12-14 11:15:00,422.2,422.75,421.75,422.2,0
2017-12-14 12:15:00,422.2,423.15,421.25,421.5,0
2017-12-14 13:15:00,421.5,421.9,420.55,420.75,0
2017-12-14 14:15:00,420.8,421.3,418.5,418.5,0
2017-12-14 15:15:00,418.5,418.75,417.6,418.2,0
2017-12-15 09:15:00,414.8,415.35,413.7,414.25,0
2017-12-15 10:15:00,414.2,415.2,414.2,414.7,0
2017-12-15 11:15:00,414.7,415.15,414.7,414.8,0
2017-12-15 12:15:00,414.8,414.95,414.3,414.75,0
2017-12-15 13:15:00,414.75,415.6,414.4,415.0,0
2017-12-15 14:15:00,415.0,415.4,414.65,415.2,0
2017-12-15 15:15:00,415.2,415.85,415.15,415.55,0
2017-12-18 09:15:00,418.35,425.85,412.4,413.5,0
2017-12-18 10:15:00,413.5,413.8,411.7,412.6,0
2017-12-18 11:15:00,412.6,413.0,411.6,411.65,0
2017-12-18 12:15:00,411.65,412.3,411.1,412.1,0
2017-12-18 13:15:00,412.1,412.95,411.6,412.65,0
2017-12-18 14:15:00,412.6,413.95,412.05,413.2,0
2017-12-18 15:15:00,413.2,413.8,413.15,413.2,0
2017-12-19 09:15:00,412.35,412.7,411.7,412.25,0
2017-12-19 10:15:00,412.25,412.4,411.8,412.05,0
2017-12-19 11:15:00,412.05,412.2,411.9,412.1,0
2017-12-19 12:15:00,412.15,412.5,411.75,412.35,0
2017-12-19 13:15:00,412.3,412.45,411.4,411.75,0
2017-12-19 14:15:00,411.75,411.8,410.2,410.3,0
2017-12-19 15:15:00,410.3,410.45,410.15,410.15,0
2017-12-20 09:15:00,409.25,411.35,409.25,410.8,0
2017-12-20 10:15:00,410.8,410.9,409.9,409.95,0
2017-12-20 11:15:00,409.95,410.2,409.55,410.05,0
2017-12-20 12:15:00,410.05,410.25,409.7,410.05,0
2017-12-20 13:15:00,410.0,410.4,409.6,410.25,0
2017-12-20 14:15:00,410.25,411.5,409.6,411.25,0
2017-12-20 15:15:00,411.3,411.5,411.1,411.25,0
2017-12-21 09:15:00,410.15,411.5,410.15,410.95,0
2017-12-21 10:15:00,410.95,411.4,410.8,411.1,0
2017-12-21 11:15:00,411.1,411.6,410.8,411.25,0
2017-12-21 12:15:00,411.25,411.9,410.9,411.1,0
2017-12-21 13:15:00,411.1,411.6,411.0,411.25,0
2017-12-21 14:15:00,411.25,411.5,410.7,411.35,0
2017-12-21 15:15:00,411.3,411.95,411.25,411.75,0
2017-12-22 09:15:00,410.85,411.15,410.0,410.2,0
2017-12-22 10:15:00,410.2,410.35,409.5,410.0,0
2017-12-22 11:15:00,410.0,410.45,409.8,409.85,0
2017-12-22 12:15:00,409.85,409.9,409.45,409.6,0
2017-12-22 13:15:00,409.65,410.15,409.45,410.1,0
2017-12-22 14:15:00,410.15,410.55,409.2,409.25,0
2017-12-22 15:15:00,409.25,409.75,409.15,409.7,0
2017-12-26 09:15:00,408.95,409.95,408.95,409.8,0
2017-12-26 10:15:00,409.8,410.2,409.6,409.95,0
2017-12-26 11:15:00,409.95,410.0,409.5,409.95,0
2017-12-26 12:15:00,409.95,410.3,409.65,410.15,0
2017-12-26 13:15:00,410.1,410.25,409.55,409.95,0
2017-12-26 14:15:00,409.95,410.1,408.25,408.3,0
2017-12-26 15:15:00,408.3,408.55,407.65,408.45,0
2017-12-27 09:15:00,408.3,408.9,407.65,408.05,0
2017-12-27 10:15:00,408.0,408.25,407.7,408.0,0
2017-12-27 11:15:00,408.0,408.3,407.9,408.1,0
2017-12-27 12:15:00,408.1,408.3,407.9,407.95,0
2017-12-27 13:15:00,407.95,408.15,407.45,407.8,0
2017-12-27 14:15:00,407.8,410.7,407.65,409.4,0
2017-12-27 15:15:00,409.35,410.45,409.35,410.45,0
2017-12-28 09:15:00,409.65,410.1,408.95,409.9,0
2017-12-28 10:15:00,409.9,409.95,409.35,409.4,0
2017-12-28 11:15:00,409.45,410.0,409.4,409.85,0
2017-12-28 12:15:00,409.85,410.0,409.45,409.65,0
2017-12-28 13:15:00,409.65,410.0,408.55,408.85,0
2017-12-28 14:15:00,408.85,410.75,408.2,410.6,0
2017-12-28 15:15:00,410.65,411.05,410.6,410.9,0
2017-12-29 09:15:00,409.95,410.0,409.05,409.15,0
2017-12-29 10:15:00,409.15,409.25,408.7,408.8,0
2017-12-29 11:15:00,408.8,409.4,408.6,409.0,0
2017-12-29 12:15:00,409.0,409.3,408.9,409.05,0
2017-12-29 13:15:00,409.05,409.25,408.55,408.75,0
2017-12-29 14:15:00,408.75,409.0,408.25,408.3,0
2017-12-29 15:15:00,408.3,408.6,408.15,408.6,0
2018-01-01 09:15:00,408.6,409.2,408.45,408.55,0
2018-01-01 10:15:00,408.55,408.85,408.35,408.75,0
2018-01-01 11:15:00,408.75,409.0,408.5,408.9,0
2018-01-01 12:15:00,408.9,409.2,408.85,409.2,0
2018-01-01 13:15:00,409.2,409.65,408.85,408.95,0
2018-01-01 14:15:00,408.95,412.8,408.6,412.05,0
2018-01-01 15:15:00,412.05,412.65,412.05,412.35,0
2018-01-02 09:15:00,410.75,413.4,410.05,412.7,0
2018-01-02 10:15:00,412.65,412.75,411.6,412.0,0
2018-01-02 11:15:00,412.0,412.65,411.9,412.25,0
2018-01-02 12:15:00,412.25,412.65,411.65,412.35,0
2018-01-02 13:15:00,412.35,413.15,411.9,412.85,0
2018-01-02 14:15:00,412.85,413.6,411.75,412.05,0
2018-01-02 15:15:00,411.95,412.3,411.95,412.2,0
2018-01-03 09:15:00,410.6,411.45,409.75,410.1,0
2018-01-03 10:15:00,410.1,410.85,409.95,410.8,0
2018-01-03 11:15:00,410.8,410.85,410.45,410.8,0
2018-01-03 12:15:00,410.8,411.7,410.55,411.2,0
2018-01-03 13:15:00,411.2,411.4,410.85,411.1,0
2018-01-03 14:15:00,411.15,412.65,410.95,412.25,0
2018-01-03 15:15:00,412.25,412.3,412.0,412.0,0
2018-01-04 09:15:00,411.2,412.3,411.15,411.95,0
2018-01-04 10:15:00,411.9,412.05,411.45,411.65,0
2018-01-04 11:15:00,411.65,411.75,410.95,411.0,0
2018-01-04 12:15:00,411.0,411.4,410.8,411.0,0
2018-01-04 13:15:00,411.0,411.1,410.1,410.55,0
2018-01-04 14:15:00,410.55,410.75,409.75,409.85,0
2018-01-04 15:15:00,409.8,409.85,409.5,409.75,0
2018-01-05 09:15:00,408.7,409.15,407.6,407.95,0
2018-01-05 10:15:00,407.95,408.3,407.85,408.25,0
2018-01-05 11:15:00,408.2,409.25,408.2,408.7,0
2018-01-05 12:15:00,408.7,408.95,408.45,408.65,0
2018-01-05 13:15:00,408.65,408.8,408.05,408.1,0
2018-01-05 14:15:00,408.1,408.4,407.7,407.9,0
2018-01-05 15:15:00,407.9,407.9,407.5,407.65,0
2018-01-08 09:15:00,406.7,406.7,405.65,405.9,0
2018-01-08 10:15:00,405.9,406.05,405.55,405.75,0
2018-01-08 11:15:00,405.75,405.95,405.5,405.85,0
2018-01-08 12:15:00,405.85,406.0,405.6,405.9,0
2018-01-08 13:15:00,405.9,406.45,405.85,406.2,0
2018-01-08 14:15:00,406.2,406.25,405.15,405.35,0
2018-01-08 15:15:00,405.4,405.8,405.3,405.65,0
2018-01-09 09:15:00,404.7,406.1,404.15,405.4,0
2018-01-09 10:15:00,405.4,405.45,405.05,405.3,0
2018-01-09 11:15:00,405.3,405.7,405.05,405.6,0
2018-01-09 12:15:00,405.6,405.95,405.4,405.6,0
2018-01-09 13:15:00,405.55,406.3,405.2,405.35,0
2018-01-09 14:15:00,405.35,405.6,404.65,405.05,0
2018-01-09 15:15:00,405.05,405.4,404.95,405.4,0
2018-01-10 09:15:00,404.5,405.4,404.4,405.0,0
2018-01-10 10:15:00,405.0,405.95,404.9,405.45,0
2018-01-10 11:15:00,405.45,406.75,405.4,406.2,0
2018-01-10 12:15:00,406.2,406.4,405.8,406.0,0
2018-01-10 13:15:00,405.95,406.25,405.25,405.45,0
2018-01-10 14:15:00,405.45,406.1,405.1,405.1,0
2018-01-10 15:15:00,405.1,405.6,405.0,405.5,0
2018-01-11 09:15:00,405.15,406.05,405.05,405.6,0
2018-01-11 10:15:00,405.6,405.9,405.3,405.55,0
2018-01-11 11:15:00,405.55,405.6,405.1,405.25,0
2018-01-11 12:15:00,405.25,405.25,404.1,404.4,0
2018-01-11 13:15:00,404.4,404.75,404.2,404.25,0
2018-01-11 14:15:00,404.25,405.35,404.1,404.6,0
2018-01-11 15:15:00,404.6,404.75,404.35,404.65,0
2018-01-12 09:15:00,403.45,403.7,403.2,403.55,0
2018-01-12 10:15:00,403.55,403.95,403.35,403.65,0
2018-01-12 11:15:00,403.65,404.25,403.5,404.2,0
2018-01-12 12:15:00,404.2,406.7,404.2,405.45,0
2018-01-12 13:15:00,405.5,405.65,404.3,404.45,0
2018-01-12 14:15:00,404.4,404.45,403.2,403.3,0
2018-01-12 15:15:00,403.3,404.05,403.25,404.0,0
2018-01-15 09:15:00,402.3,402.4,400.95,401.3,0
2018-01-15 10:15:00,401.3,401.3,400.05,400.1,0
2018-01-15 11:15:00,400.1,401.0,399.9,400.95,0
2018-01-15 12:15:00,400.95,401.5,400.75,401.3,0
2018-01-15 13:15:00,401.3,401.45,400.85,401.25,0
2018-01-15 14:15:00,401.25,401.5,400.7,401.5,0
2018-01-15 15:15:00,401.5,401.85,401.4,401.75,0
2018-01-16 09:15:00,400.75,401.65,400.75,401.1,0
2018-01-16 10:15:00,401.1,402.85,401.05,402.05,0
2018-01-16 11:15:00,402.0,402.2,401.25,401.4,0
2018-01-16 12:15:00,401.35,402.65,401.25,402.6,0
2018-01-16 13:15:00,402.6,403.4,402.0,402.9,0
2018-01-16 14:15:00,402.85,403.5,402.2,403.1,0
2018-01-16 15:15:00,403.15,403.4,402.55,402.6,0
2018-01-17 09:15:00,403.05,404.4,401.75,402.5,0
2018-01-17 10:15:00,402.5,402.5,401.55,401.9,0
2018-01-17 11:15:00,401.9,402.1,401.75,401.9,0
2018-01-17 12:15:00,401.9,401.95,401.1,401.3,0
2018-01-17 13:15:00,401.3,401.55,400.85,401.25,0
2018-01-17 14:15:00,401.25,401.5,399.5,399.8,0
2018-01-17 15:15:00,399.8,399.85,399.3,399.5,0
2018-01-18 09:15:00,396.7,397.55,396.2,396.95,0
2018-01-18 10:15:00,396.95,397.15,396.5,396.6,0
2018-01-18 11:15:00,396.6,397.75,396.55,396.85,0
2018-01-18 12:15:00,396.85,397.0,396.35,396.6,0
2018-01-18 13:15:00,396.55,397.65,396.25,397.15,0
2018-01-18 14:15:00,397.15,400.05,397.1,398.8,0
2018-01-18 15:15:00,398.75,399.1,398.4,398.6,0
2018-01-19 09:15:00,398.4,399.7,397.55,397.6,0
2018-01-19 10:15:00,397.6,397.95,397.35,397.6,0
2018-01-19 11:15:00,397.6,398.25,397.5,398.05,0
2018-01-19 12:15:00,398.05,398.85,397.95,398.45,0
2018-01-19 13:15:00,398.5,398.85,397.9,398.4,0
2018-01-19 14:15:00,398.4,398.55,396.0,396.15,0
2018-01-19 15:15:00,396.15,396.2,395.55,395.8,0
2018-01-22 09:15:00,396.6,396.6,394.95,395.8,0
2018-01-22 10:15:00,395.8,396.55,395.75,395.85,0
2018-01-22 11:15:00,395.85,396.15,395.45,395.55,0
2018-01-22 12:15:00,395.55,395.65,395.05,395.4,0
2018-01-22 13:15:00,395.4,395.8,394.4,394.8,0
2018-01-22 14:15:00,394.85,395.3,393.3,393.95,0
2018-01-22 15:15:00,393.95,394.0,393.35,393.85,0
2018-01-23 09:15:00,392.55,392.55,390.8,390.8,0
2018-01-23 10:15:00,390.85,391.1,390.55,390.85,0
2018-01-23 11:15:00,390.8,391.05,390.15,390.2,0
2018-01-23 12:15:00,390.2,390.45,389.3,390.05,0
2018-01-23 13:15:00,390.05,390.8,389.55,390.45,0
2018-01-23 14:15:00,390.45,390.7,389.3,389.3,0
2018-01-23 15:15:00,389.3,389.55,389.15,389.5,0
2018-01-24 09:15:00,390.0,390.85,388.6,389.25,0
2018-01-24 10:15:00,389.25,390.0,388.7,389.3,0
2018-01-24 11:15:00,389.3,389.85,389.1,389.8,0
2018-01-24 12:15:00,389.8,390.45,389.25,389.25,0
2018-01-24 13:15:00,389.25,390.0,388.75,389.45,0
2018-01-24 14:15:00,389.5,390.0,389.15,389.25,0
2018-01-24 15:15:00,389.25,389.6,389.2,389.5,0
2018-01-25 09:15:00,389.15,390.4,389.15,389.65,0
2018-01-25 10:15:00,389.65,390.5,389.5,390.45,0
2018-01-25 11:15:00,390.45,390.85,390.1,390.45,0
2018-01-25 12:15:00,390.45,391.35,390.35,391.35,0
2018-01-25 13:15:00,391.35,392.2,390.1,390.25,0
2018-01-25 14:15:00,390.25,391.5,389.5,389.9,0
2018-01-25 15:15:00,389.9,390.35,389.75,390.25,0
2018-01-29 09:15:00,390.0,390.0,387.55,387.8,0
2018-01-29 10:15:00,387.8,387.95,387.1,387.15,0
2018-01-29 11:15:00,387.15,387.55,387.0,387.2,0
2018-01-29 12:15:00,387.2,387.75,387.15,387.4,0
2018-01-29 13:15:00,387.45,387.75,386.75,387.55,0
2018-01-29 14:15:00,387.55,388.95,387.55,388.1,0
2018-01-29 15:15:00,388.1,388.6,388.05,388.35,0
2018-01-30 09:15:00,388.6,391.3,388.6,390.8,0
2018-01-30 10:15:00,390.8,391.15,390.55,390.7,0
2018-01-30 11:15:00,390.75,391.4,390.4,391.4,0
2018-01-30 12:15:00,391.35,391.55,390.7,390.8,0
2018-01-30 13:15:00,390.85,391.25,390.35,391.1,0
2018-01-30 14:15:00,391.1,391.6,390.7,391.05,0
2018-01-30 15:15:00,391.05,391.2,390.8,391.05,0
2018-01-31 09:15:00,392.2,392.4,390.8,391.5,0
2018-01-31 10:15:00,391.55,392.45,391.2,392.25,0
2018-01-31 11:15:00,392.25,392.5,391.9,392.25,0
2018-01-31 12:15:00,392.25,393.25,391.9,392.45,0
2018-01-31 13:15:00,392.45,393.6,392.4,392.85,0
2018-01-31 14:15:00,392.85,393.35,391.45,391.95,0
2018-01-31 15:15:00,391.95,392.15,391.75,391.8,0
2018-02-01 09:15:00,391.35,391.35,389.35,390.3,0
2018-02-01 10:15:00,390.3,390.95,389.45,389.7,0
2018-02-01 11:15:00,389.7,392.85,389.3,392.5,0
2018-02-01 12:15:00,392.45,397.25,390.7,391.0,0
2018-02-01 13:15:00,391.05,391.85,388.8,390.75,0
2018-02-01 14:15:00,390.75,392.8,390.4,392.25,0
2018-02-01 15:15:00,392.2,392.55,392.1,392.2,0
2018-02-02 09:15:00,395.2,396.45,394.65,396.15,0
2018-02-02 10:15:00,396.15,399.2,396.15,398.05,0
2018-02-02 11:15:00,398.0,398.6,397.35,398.4,0
2018-02-02 12:15:00,398.4,398.8,397.15,397.75,0
2018-02-02 13:15:00,397.75,399.85,397.6,399.5,0
2018-02-02 14:15:00,399.5,401.7,399.15,401.15,0
2018-02-02 15:15:00,401.15,402.4,401.1,402.3,0
2018-02-05 09:15:00,407.55,408.15,404.4,405.0,0
2018-02-05 10:15:00,405.0,406.2,404.9,405.65,0
2018-02-05 11:15:00,405.6,405.65,404.15,405.35,0
2018-02-05 12:15:00,405.3,405.45,403.9,404.9,0
2018-02-05 13:15:00,404.9,406.7,404.9,406.2,0
2018-02-05 14:15:00,406.2,406.35,405.05,405.4,0
2018-02-05 15:15:00,405.4,405.45,404.35,404.35,0
2018-02-06 09:15:00,419.45,419.9,414.55,418.85,0
2018-02-06 10:15:00,418.85,419.4,416.45,416.5,0
2018-02-06 11:15:00,416.5,417.45,416.45,417.1,0
2018-02-06 12:15:00,417.1,417.25,414.85,415.9,0
2018-02-06 13:15:00,415.85,416.3,410.4,411.45,0
2018-02-06 14:15:00,411.45,412.7,408.1,412.45,0
2018-02-06 15:15:00,412.45,412.5,410.65,410.85,0
2018-02-07 09:15:00,407.5,410.4,407.3,409.55,0
2018-02-07 10:15:00,409.55,411.45,409.1,411.15,0
2018-02-07 11:15:00,411.15,413.1,410.8,411.8,0
2018-02-07 12:15:00,411.8,412.15,410.6,411.1,0
2018-02-07 13:15:00,411.1,412.45,411.1,412.0,0
2018-02-07 14:15:00,411.95,412.65,410.95,412.5,0
2018-02-07 15:15:00,412.5,413.8,412.5,413.3,0
2018-02-08 09:15:00,411.05,412.55,408.8,409.6,0
2018-02-08 10:15:00,409.65,409.65,407.3,407.7,0
2018-02-08 11:15:00,407.65,408.45,407.35,407.65,0
2018-02-08 12:15:00,407.65,408.35,407.35,407.8,0
2018-02-08 13:15:00,407.8,407.95,406.35,407.8,0
2018-02-08 14:15:00,407.8,410.65,407.75,408.45,0
2018-02-08 15:15:00,408.45,408.9,408.45,408.55,0
2018-02-09 09:15:00,415.0,415.7,413.55,413.95,0
2018-02-09 10:15:00,414.0,415.5,413.7,415.1,0
2018-02-09 11:15:00,415.1,415.6,414.0,414.65,0
2018-02-09 12:15:00,414.65,415.0,413.15,413.8,0
2018-02-09 13:15:00,413.8,413.95,412.75,413.25,0
2018-02-09 14:15:00,413.3,414.45,412.55,413.25,0
2018-02-09 15:15:00,413.25,413.45,412.95,413.05,0
2018-02-12 09:15:00,411.2,412.5,410.45,411.75,0
2018-02-12 10:15:00,411.7,411.9,410.85,411.2,0
2018-02-12 11:15:00,411.2,411.65,410.9,411.3,0
2018-02-12 12:15:00,411.3,411.6,411.0,411.2,0
2018-02-12 13:15:00,411.2,412.25,410.8,410.9,0
2018-02-12 14:15:00,410.9,410.9,409.75,410.4,0
2018-02-12 15:15:00,410.4,410.8,410.35,410.55,0
2018-02-14 09:15:00,408.7,410.95,408.6,409.9,0
2018-02-14 10:15:00,409.9,410.4,409.45,410.05,0
2018-02-14 11:15:00,410.05,410.65,410.05,410.25,0
2018-02-14 12:15:00,410.2,410.95,409.85,409.9,0
2018-02-14 13:15:00,409.9,410.3,409.45,409.75,0
2018-02-14 14:15:00,409.75,411.95,409.35,411.9,0
2018-02-14 15:15:00,411.95,413.7,411.8,413.6,0
2018-02-15 09:15:00,410.65,411.4,408.85,409.3,0
2018-02-15 10:15:00,409.3,409.5,408.7,409.25,0
2018-02-15 11:15:00,409.25,409.75,409.05,409.4,0
2018-02-15 12:15:00,409.4,409.45,407.5,409.0,0
2018-02-15 13:15:00,409.0,410.9,408.7,409.5,0
2018-02-15 14:15:00,409.5,411.65,409.4,410.25,0
2018-02-15 15:15:00,410.2,410.35,409.9,410.2,0
2018-02-16 09:15:00,408.45,410.1,407.8,409.55,0
2018-02-16 10:15:00,409.55,410.95,409.2,410.45,0
2018-02-16 11:15:00,410.45,412.4,410.45,411.6,0
2018-02-16 12:15:00,411.6,412.15,411.25,411.5,0
2018-02-16 13:15:00,411.5,414.15,411.2,412.75,0
2018-02-16 14:15:00,412.75,414.7,412.75,413.9,0
2018-02-16 15:15:00,413.95,414.35,413.7,414.15,0
2018-02-19 09:15:00,412.8,417.15,412.8,416.45,0
2018-02-19 10:15:00,416.45,417.0,415.5,416.9,0
2018-02-19 11:15:00,416.95,417.05,416.1,416.8,0
2018-02-19 12:15:00,416.8,419.8,416.55,419.05,0
2018-02-19 13:15:00,419.05,419.9,418.45,419.35,0
2018-02-19 14:15:00,419.35,420.15,417.15,417.25,0
2018-02-19 15:15:00,417.2,417.25,416.4,416.8,0
2018-02-20 09:15:00,416.75,418.05,415.2,415.7,0
2018-02-20 10:15:00,415.7,417.05,415.4,417.05,0
2018-02-20 11:15:00,417.1,417.4,416.35,416.85,0
2018-02-20 12:15:00,416.85,417.05,415.45,416.5,0
2018-02-20 13:15:00,416.5,416.95,415.85,416.1,0
2018-02-20 14:15:00,416.1,418.4,415.55,418.25,0
2018-02-20 15:15:00,418.25,418.45,417.75,418.05,0
2018-02-21 09:15:00,415.4,418.45,415.4,417.8,0
2018-02-21 10:15:00,417.8,418.15,417.35,417.55,0
2018-02-21 11:15:00,417.55,417.75,416.9,417.4,0
2018-02-21 12:15:00,417.4,418.2,417.05,417.85,0
2018-02-21 13:15:00,417.85,418.3,416.7,417.05,0
2018-02-21 14:15:00,417.05,417.7,416.25,416.65,0
2018-02-21 15:15:00,416.6,416.75,416.05,416.6,0
2018-02-22 09:15:00,418.35,418.85,417.9,418.2,0
2018-02-22 10:15:00,418.2,418.4,417.9,418.2,0
2018-02-22 11:15:00,418.2,418.5,417.9,418.3,0
2018-02-22 12:15:00,418.35,418.5,418.05,418.2,0
2018-02-22 13:15:00,418.2,418.2,416.75,417.7,0
2018-02-22 14:15:00,417.7,418.8,416.6,417.25,0
2018-02-22 15:15:00,417.3,417.55,417.15,417.4,0
2018-02-23 09:15:00,416.25,416.65,415.45,415.95,0
2018-02-23 10:15:00,415.9,416.1,414.85,415.45,0
2018-02-23 11:15:00,415.45,415.6,413.55,414.15,0
2018-02-23 12:15:00,414.15,414.2,413.45,413.5,0
2018-02-23 13:15:00,413.5,413.65,412.75,413.35,0
2018-02-23 14:15:00,413.3,413.65,412.7,413.05,0
2018-02-23 15:15:00,413.05,413.15,412.6,412.85,0
2018-02-26 09:15:00,411.7,411.95,410.3,410.3,0
2018-02-26 10:15:00,410.3,410.5,409.65,410.0,0
2018-02-26 11:15:00,409.95,410.5,409.95,410.2,0
2018-02-26 12:15:00,410.15,410.35,409.9,410.1,0
2018-02-26 13:15:00,410.1,410.3,409.25,409.5,0
2018-02-26 14:15:00,409.5,409.95,409.1,409.35,0
2018-02-26 15:15:00,409.35,409.75,409.35,409.7,0
2018-02-27 09:15:00,408.3,410.2,407.7,410.0,0
2018-02-27 10:15:00,410.0,411.15,409.7,409.75,0
2018-02-27 11:15:00,409.75,410.9,409.75,410.85,0
2018-02-27 12:15:00,410.85,411.25,410.6,410.9,0
2018-02-27 13:15:00,410.85,411.3,410.2,410.6,0
2018-02-27 14:15:00,410.6,411.15,410.3,410.65,0
2018-02-27 15:15:00,410.6,411.0,410.5,410.8,0
2018-02-28 09:15:00,413.3,414.35,412.9,412.95,0
2018-02-28 10:15:00,413.0,413.25,412.55,412.8,0
2018-02-28 11:15:00,412.8,413.0,412.6,412.95,0
2018-02-28 12:15:00,413.0,413.7,412.75,413.1,0
2018-02-28 13:15:00,413.05,414.15,412.95,413.05,0
2018-02-28 14:15:00,413.05,413.35,411.5,413.15,0
2018-02-28 15:15:00,413.15,413.85,413.1,413.35,0
2018-03-01 09:15:00,413.7,414.0,411.9,413.65,0
2018-03-01 10:15:00,413.65,413.75,413.15,413.65,0
2018-03-01 11:15:00,413.7,414.1,413.4,413.55,0
2018-03-01 12:15:00,413.55,413.65,412.95,413.15,0
2018-03-01 13:15:00,413.15,413.6,412.35,413.45,0
2018-03-01 14:15:00,413.45,414.7,412.9,414.55,0
2018-03-01 15:15:00,414.5,414.95,414.45,414.85,0
2018-03-05 09:15:00,416.0,418.95,416.0,418.6,0
2018-03-05 10:15:00,418.6,419.35,418.55,419.05,0
2018-03-05 11:15:00,419.05,419.6,418.8,418.95,0
2018-03-05 12:15:00,418.9,420.15,418.9,420.15,0
2018-03-05 13:15:00,420.1,420.15,418.15,418.25,0
2018-03-05 14:15:00,418.25,419.25,418.05,418.75,0
2018-03-05 15:15:00,418.75,419.0,418.6,418.85,0
2018-03-06 09:15:00,416.35,417.1,415.5,416.7,0
2018-03-06 10:15:00,416.75,417.7,416.6,417.3,0
2018-03-06 11:15:00,417.3,418.05,417.0,417.2,0
2018-03-06 12:15:00,417.15,417.65,416.95,417.25,0
2018-03-06 13:15:00,417.25,418.9,416.9,418.9,0
2018-03-06 14:15:00,418.85,423.3,418.5,422.7,0
2018-03-06 15:15:00,422.75,424.55,422.7,424.4,0
2018-03-07 09:15:00,424.0,425.65,423.6,424.35,0
2018-03-07 10:15:00,424.35,425.6,423.75,425.6,0
2018-03-07 11:15:00,425.65,426.9,425.35,426.5,0
2018-03-07 12:15:00,426.5,426.65,425.7,426.35,0
2018-03-07 13:15:00,426.35,427.0,425.05,426.35,0
2018-03-07 14:15:00,426.35,427.8,425.7,427.45,0
2018-03-07 15:15:00,427.45,427.6,426.75,426.85,0
2018-03-08 09:15:00,424.7,426.75,423.65,426.3,0
2018-03-08 10:15:00,426.3,427.65,426.0,426.3,0
2018-03-08 11:15:00,426.3,426.7,425.0,425.2,0
2018-03-08 12:15:00,425.2,426.1,424.25,425.95,0
2018-03-08 13:15:00,425.95,426.15,424.65,424.85,0
2018-03-08 14:15:00,424.85,424.85,422.45,424.25,0
2018-03-08 15:15:00,424.25,424.35,423.7,423.95,0
2018-03-09 09:15:00,422.5,424.15,421.7,422.15,0
2018-03-09 10:15:00,422.15,422.8,421.45,422.25,0
2018-03-09 11:15:00,422.25,423.25,421.8,422.2,0
2018-03-09 12:15:00,422.25,422.45,421.7,421.9,0
2018-03-09 13:15:00,421.9,422.9,421.65,422.8,0
2018-03-09 14:15:00,422.8,424.95,421.85,424.4,0
2018-03-09 15:15:00,424.4,424.45,423.9,424.25,0
2018-03-12 09:15:00,421.45,421.5,419.75,420.1,0
2018-03-12 10:15:00,420.1,420.6,419.8,420.35,0
2018-03-12 11:15:00,420.35,421.0,420.35,420.55,0
2018-03-12 12:15:00,420.55,420.85,419.4,419.65,0
2018-03-12 13:15:00,419.65,419.8,418.45,418.55,0
2018-03-12 14:15:00,418.55,418.95,416.05,416.25,0
2018-03-12 15:15:00,416.2,416.5,416.0,416.35,0
2018-03-13 09:15:00,417.8,418.0,415.0,415.2,0
2018-03-13 10:15:00,415.2,415.35,414.25,415.1,0
2018-03-13 11:15:00,415.1,415.55,414.85,415.2,0
2018-03-13 12:15:00,415.2,415.55,414.55,414.85,0
2018-03-13 13:15:00,414.8,418.25,414.4,417.65,0
2018-03-13 14:15:00,417.85,418.2,415.55,417.0,0
2018-03-13 15:15:00,416.9,416.9,416.1,416.35,0
2018-03-14 09:15:00,417.75,418.6,417.15,418.05,0
2018-03-14 10:15:00,418.05,418.65,417.5,418.4,0
2018-03-14 11:15:00,418.4,419.45,418.35,419.25,0
2018-03-14 12:15:00,419.25,420.0,418.45,418.85,0
2018-03-14 13:15:00,418.9,419.0,417.9,418.9,0
2018-03-14 14:15:00,418.9,419.1,416.8,417.1,0
2018-03-14 15:15:00,417.1,417.15,416.65,416.9,0
2018-03-15 09:15:00,417.3,418.05,416.7,417.05,0
2018-03-15 10:15:00,417.1,418.15,416.75,418.15,0
2018-03-15 11:15:00,418.15,418.45,417.9,418.05,0
2018-03-15 12:15:00,418.0,418.05,417.4,417.4,0
2018-03-15 13:15:00,417.4,419.2,417.25,418.85,0
2018-03-15 14:15:00,418.85,419.15,417.95,418.9,0
2018-03-15 15:15:00,418.95,419.65,418.8,419.45,0
2018-03-16 09:15:00,419.8,421.5,419.8,421.4,0
2018-03-16 10:15:00,421.35,421.9,421.15,421.5,0
2018-03-16 11:15:00,421.5,422.8,421.4,422.7,0
2018-03-16 12:15:00,422.7,423.35,422.65,423.15,0
2018-03-16 13:15:00,423.15,424.55,422.6,424.4,0
2018-03-16 14:15:00,424.4,426.45,424.1,426.1,0
2018-03-16 15:15:00,426.1,426.15,424.85,424.85,0
2018-03-19 09:15:00,425.2,427.65,424.85,427.05,0
2018-03-19 10:15:00,427.05,427.75,426.85,427.45,0
2018-03-19 11:15:00,427.45,428.5,427.1,427.9,0
2018-03-19 12:15:00,427.9,429.6,427.85,429.25,0
2018-03-19 13:15:00,429.25,430.25,428.5,429.85,0
2018-03-19 14:15:00,429.85,431.0,428.45,430.55,0
2018-03-19 15:15:00,430.6,430.65,430.15,430.35,0
2018-03-20 09:15:00,432.15,432.2,429.1,429.3,0
2018-03-20 10:15:00,429.3,429.65,428.75,429.35,0
2018-03-20 11:15:00,429.35,429.35,427.85,427.9,0
2018-03-20 12:15:00,427.9,429.1,427.75,428.85,0
2018-03-20 13:15:00,428.85,430.1,428.65,429.3,0
2018-03-20 14:15:00,429.3,430.5,428.55,429.3,0
2018-03-20 15:15:00,429.3,429.45,428.4,428.5,0
2018-03-21 09:15:00,426.7,426.85,425.0,425.2,0
2018-03-21 10:15:00,425.2,425.35,424.75,424.9,0
2018-03-21 11:15:00,424.9,426.85,424.8,426.25,0
2018-03-21 12:15:00,426.25,427.4,426.15,427.1,0
2018-03-21 13:15:00,427.1,428.05,426.15,427.8,0
2018-03-21 14:15:00,427.85,428.75,427.2,427.45,0
2018-03-21 15:15:00,427.4,427.85,427.35,427.8,0
2018-03-22 09:15:00,427.35,428.2,425.65,426.55,0
2018-03-22 10:15:00,426.55,427.3,426.1,427.0,0
2018-03-22 11:15:00,426.95,428.45,426.95,428.35,0
2018-03-22 12:15:00,428.4,429.05,427.65,429.05,0
2018-03-22 13:15:00,429.05,429.9,427.65,427.9,0
2018-03-22 14:15:00,427.9,429.9,427.55,429.75,0
2018-03-22 15:15:00,429.75,429.95,429.45,429.85,0
2018-03-23 09:15:00,435.85,436.15,434.0,435.0,0
2018-03-23 10:15:00,435.0,435.35,434.4,435.1,0
2018-03-23 11:15:00,435.1,436.5,434.95,436.2,0
2018-03-23 12:15:00,436.2,436.6,434.9,435.05,0
2018-03-23 13:15:00,435.05,435.05,433.4,434.5,0
2018-03-23 14:15:00,434.5,435.3,433.6,434.25,0
2018-03-23 15:15:00,434.3,435.4,434.1,435.1,0
2018-03-26 09:15:00,435.25,436.0,434.3,435.95,0
2018-03-26 10:15:00,435.9,436.55,435.0,435.65,0
2018-03-26 11:15:00,435.65,435.75,434.5,434.95,0
2018-03-26 12:15:00,434.95,435.0,433.85,433.9,0
2018-03-26 13:15:00,433.9,434.5,430.95,431.65,0
2018-03-26 14:15:00,431.6,431.75,428.65,428.85,0
2018-03-26 15:15:00,428.9,429.4,428.55,428.65,0
2018-03-27 09:15:00,426.7,428.15,426.0,427.8,0
2018-03-27 10:15:00,427.8,428.05,427.25,427.9,0
2018-03-27 11:15:00,427.95,428.75,427.3,427.45,0
2018-03-27 12:15:00,427.45,427.7,426.75,427.15,0
2018-03-27 13:15:00,427.15,427.95,426.45,426.6,0
2018-03-27 14:15:00,426.6,427.55,425.9,426.9,0
2018-03-27 15:15:00,426.9,427.1,426.8,426.9,0
2018-03-28 09:15:00,428.65,429.9,428.65,429.9,0
2018-03-28 10:15:00,429.9,429.95,429.3,429.6,0
2018-03-28 11:15:00,429.6,429.6,428.25,428.4,0
2018-03-28 12:15:00,428.35,429.35,428.15,429.3,0
2018-03-28 13:15:00,429.3,429.55,428.45,428.9,0
2018-03-28 14:15:00,428.95,430.55,428.05,430.4,0
2018-03-28 15:15:00,430.35,430.4,429.35,429.55,0
2018-04-02 09:15:00,428.65,429.65,427.55,429.2,0
2018-04-02 10:15:00,429.15,429.25,428.15,428.15,0
2018-04-02 11:15:00,428.15,428.35,427.75,428.1,0
2018-04-02 12:15:00,428.1,428.65,427.55,427.65,0
2018-04-02 13:15:00,427.65,427.8,426.7,427.1,0
2018-04-02 14:15:00,427.1,427.65,426.05,426.1,0
2018-04-02 15:15:00,426.1,426.15,425.75,425.9,0
2018-04-03 09:15:00,427.2,427.25,425.45,426.1,0
2018-04-03 10:15:00,426.1,427.85,426.05,427.35,0
2018-04-03 11:15:00,427.35,427.6,426.6,427.1,0
2018-04-03 12:15:00,427.15,427.3,426.3,426.5,0
2018-04-03 13:15:00,426.5,427.15,426.3,426.35,0
2018-04-03 14:15:00,426.35,426.7,424.7,424.8,0
2018-04-03 15:15:00,424.8,424.95,424.4,424.85,0
2018-04-04 09:15:00,423.65,425.05,423.65,424.1,0
2018-04-04 10:15:00,424.1,424.2,423.4,423.95,0
2018-04-04 11:15:00,423.95,424.9,423.85,424.45,0
2018-04-04 12:15:00,424.45,426.25,424.35,426.25,0
2018-04-04 13:15:00,426.2,430.05,426.2,428.95,0
2018-04-04 14:15:00,428.9,430.4,428.65,429.4,0
2018-04-04 15:15:00,429.4,430.1,429.3,430.05,0
2018-04-05 09:15:00,425.5,425.5,423.9,423.9,0
2018-04-05 10:15:00,423.9,424.15,423.05,424.1,0
2018-04-05 11:15:00,424.1,424.25,423.4,423.45,0
2018-04-05 12:15:00,423.45,423.75,423.2,423.2,0
2018-04-05 13:15:00,423.2,423.55,423.05,423.15,0
2018-04-05 14:15:00,423.1,423.55,421.5,421.55,0
2018-04-05 15:15:00,421.55,421.55,421.15,421.3,0
2018-04-06 09:15:00,421.6,422.85,421.45,421.6,0
2018-04-06 10:15:00,421.6,422.65,421.2,422.5,0
2018-04-06 11:15:00,422.5,422.55,421.65,421.85,0
2018-04-06 12:15:00,421.85,422.55,421.5,422.0,0
2018-04-06 13:15:00,422.0,422.6,421.45,422.05,0
2018-04-06 14:15:00,422.05,422.05,420.45,421.2,0
2018-04-06 15:15:00,421.2,421.7,421.0,421.65,0
2018-04-09 09:15:00,421.35,421.45,419.0,419.35,0
2018-04-09 10:15:00,419.3,419.85,419.15,419.35,0
2018-04-09 11:15:00,419.35,420.2,418.9,419.0,0
2018-04-09 12:15:00,419.0,420.2,418.8,419.35,0
2018-04-09 13:15:00,419.35,419.7,418.85,418.9,0
2018-04-09 14:15:00,418.9,419.5,418.75,419.3,0
2018-04-09 15:15:00,419.3,420.1,419.3,419.75,0
2018-04-10 09:15:00,418.2,418.6,417.7,418.05,0
2018-04-10 10:15:00,418.1,419.45,417.95,418.65,0
2018-04-10 11:15:00,418.65,419.1,418.45,418.7,0
2018-04-10 12:15:00,418.7,418.9,418.4,418.8,0
2018-04-10 13:15:00,418.8,419.1,418.05,418.25,0
2018-04-10 14:15:00,418.25,418.9,417.75,418.7,0
2018-04-10 15:15:00,418.7,418.75,418.3,418.65,0
2018-04-11 09:15:00,417.65,420.55,417.65,419.95,0
2018-04-11 10:15:00,420.0,420.25,419.25,419.45,0
2018-04-11 11:15:00,419.45,419.65,419.05,419.45,0
2018-04-11 12:15:00,419.45,419.55,418.95,419.15,0
2018-04-11 13:15:00,419.15,419.15,417.9,417.95,0
2018-04-11 14:15:00,417.95,418.75,417.9,417.9,0
2018-04-11 15:15:00,417.9,418.35,417.85,418.25,0
2018-04-12 09:15:00,418.4,419.0,417.65,417.85,0
2018-04-12 10:15:00,417.85,418.55,417.35,417.6,0
2018-04-12 11:15:00,417.6,417.9,417.45,417.7,0
2018-04-12 12:15:00,417.7,417.95,417.0,417.05,0
2018-04-12 13:15:00,417.05,417.05,416.05,416.25,0
2018-04-12 14:15:00,416.3,417.15,416.05,416.45,0
2018-04-12 15:15:00,416.45,416.7,416.35,416.65,0
2018-04-13 09:15:00,415.1,415.85,414.9,414.95,0
2018-04-13 10:15:00,415.0,415.1,414.45,414.55,0
2018-04-13 11:15:00,414.55,414.8,414.25,414.35,0
2018-04-13 12:15:00,414.35,416.0,414.1,415.35,0
2018-04-13 13:15:00,415.4,416.5,415.05,416.3,0
2018-04-13 14:15:00,416.3,416.85,415.45,415.75,0
2018-04-13 15:15:00,415.75,415.85,415.5,415.6,0
2018-04-16 09:15:00,419.1,419.1,415.95,416.4,0
2018-04-16 10:15:00,416.4,416.8,416.0,416.75,0
2018-04-16 11:15:00,416.75,416.95,416.2,416.3,0
2018-04-16 12:15:00,416.25,416.45,415.4,415.85,0
2018-04-16 13:15:00,415.85,415.85,414.45,414.6,0
2018-04-16 14:15:00,414.6,414.65,414.0,414.15,0
2018-04-16 15:15:00,414.15,414.15,413.55,413.8,0
2018-04-17 09:15:00,412.9,414.4,412.9,413.25,0
2018-04-17 10:15:00,413.25,414.05,413.0,413.85,0
2018-04-17 11:15:00,413.85,414.6,413.7,414.45,0
2018-04-17 12:15:00,414.5,415.3,414.35,414.6,0
2018-04-17 13:15:00,414.6,414.6,413.4,413.6,0
2018-04-17 14:15:00,413.6,413.7,412.75,413.25,0
2018-04-17 15:15:00,413.25,413.45,413.2,413.35,0
2018-04-18 09:15:00,412.1,413.65,412.1,412.9,0
2018-04-18 10:15:00,412.9,413.25,412.4,412.45,0
2018-04-18 11:15:00,412.45,412.8,412.3,412.5,0
2018-04-18 12:15:00,412.5,412.8,411.9,411.9,0
2018-04-18 13:15:00,411.9,413.3,411.55,413.1,0
2018-04-18 14:15:00,413.1,414.8,412.75,414.0,0
2018-04-18 15:15:00,414.0,414.25,413.55,413.75,0
2018-04-19 09:15:00,412.75,413.4,412.6,413.05,0
2018-04-19 10:15:00,413.05,413.3,412.55,413.0,0
2018-04-19 11:15:00,413.0,413.45,412.65,413.05,0
2018-04-19 12:15:00,413.05,413.2,412.65,412.9,0
2018-04-19 13:15:00,412.9,413.4,412.6,413.05,0
2018-04-19 14:15:00,413.05,413.3,412.7,412.75,0
2018-04-19 15:15:00,412.8,412.85,412.45,412.65,0
2018-04-20 09:15:00,412.95,413.8,412.85,413.5,0
2018-04-20 10:15:00,413.5,413.7,413.05,413.6,0
2018-04-20 11:15:00,413.6,414.15,413.55,413.75,0
2018-04-20 12:15:00,413.75,414.25,413.2,414.15,0
2018-04-20 13:15:00,414.15,414.25,413.05,413.15,0
2018-04-20 14:15:00,413.15,413.75,412.75,413.0,0
2018-04-20 15:15:00,413.0,413.15,412.15,412.15,0
2018-04-23 09:15:00,411.9,413.5,411.9,412.1,0
2018-04-23 10:15:00,412.1,412.25,410.85,411.6,0
2018-04-23 11:15:00,411.6,411.8,411.0,411.0,0
2018-04-23 12:15:00,411.05,411.35,410.65,411.1,0
2018-04-23 13:15:00,411.1,411.15,410.15,411.1,0
2018-04-23 14:15:00,411.1,412.7,410.65,412.2,0
2018-04-23 15:15:00,412.2,412.45,412.15,412.35,0
2018-04-24 09:15:00,412.55,412.65,411.35,411.75,0
2018-04-24 10:15:00,411.75,412.05,411.35,411.6,0
2018-04-24 11:15:00,411.6,411.85,411.4,411.85,0
2018-04-24 12:15:00,411.8,412.9,411.8,412.05,0
2018-04-24 13:15:00,412.05,412.1,410.95,411.4,0
2018-04-24 14:15:00,411.35,411.5,410.25,411.3,0
2018-04-24 15:15:00,411.25,411.4,410.8,410.9,0
2018-04-25 09:15:00,411.25,412.65,411.25,412.25,0
2018-04-25 10:15:00,412.25,412.4,412.0,412.2,0
2018-04-25 11:15:00,412.2,412.5,412.05,412.3,0
2018-04-25 12:15:00,412.3,412.45,411.65,411.7,0
2018-04-25 13:15:00,411.7,413.9,411.35,413.55,0
2018-04-25 14:15:00,413.5,414.2,412.6,412.9,0
2018-04-25 15:15:00,412.9,413.2,412.75,413.1,0
2018-04-26 09:15:00,412.35,412.85,411.95,412.3,0
2018-04-26 10:15:00,412.3,412.8,412.25,412.65,0
2018-04-26 11:15:00,412.65,413.4,412.3,412.8,0
2018-04-26 12:15:00,412.8,413.3,412.4,412.7,0
2018-04-26 13:15:00,412.7,413.05,412.35,412.55,0
2018-04-26 14:15:00,412.6,413.1,410.75,410.95,0
2018-04-26 15:15:00,410.95,411.25,410.7,411.25,0
2018-04-27 09:15:00,409.9,409.9,407.8,408.05,0
2018-04-27 10:15:00,408.05,408.75,408.05,408.25,0
2018-04-27 11:15:00,408.3,408.9,408.1,408.6,0
2018-04-27 12:15:00,408.6,408.7,407.95,408.1,0
2018-04-27 13:15:00,408.15,408.35,407.25,408.35,0
2018-04-27 14:15:00,408.3,408.7,407.95,408.25,0
2018-04-27 15:15:00,408.25,408.4,408.05,408.25,0
2018-04-30 09:15:00,407.95,407.95,406.05,406.65,0
2018-04-30 10:15:00,406.65,406.8,406.15,406.3,0
2018-04-30 11:15:00,406.3,406.45,405.95,406.15,0
2018-04-30 12:15:00,406.1,406.5,405.95,406.35,0
2018-04-30 13:15:00,406.4,407.05,406.3,406.65,0
2018-04-30 14:15:00,406.65,407.35,406.45,406.7,0
2018-04-30 15:15:00,406.7,406.9,406.45,406.65,0
2018-05-02 09:15:00,405.15,407.55,405.15,407.55,0
2018-05-02 10:15:00,407.6,407.6,406.6,406.9,0
2018-05-02 11:15:00,406.9,407.35,406.45,406.5,0
2018-05-02 12:15:00,406.45,406.85,405.75,405.95,0
2018-05-02 13:15:00,405.95,407.2,405.65,407.1,0
2018-05-02 14:15:00,407.05,408.7,406.8,407.4,0
2018-05-02 15:15:00,407.35,407.7,407.25,407.65,0
2018-05-03 09:15:00,407.6,409.3,407.6,409.2,0
2018-05-03 10:15:00,409.25,410.3,409.2,410.2,0
2018-05-03 11:15:00,410.2,410.35,409.55,409.9,0
2018-05-03 12:15:00,409.9,409.95,408.8,409.15,0
2018-05-03 13:15:00,409.15,409.15,408.1,408.35,0
2018-05-03 14:15:00,408.35,409.3,408.05,409.3,0
2018-05-03 15:15:00,409.3,409.65,409.15,409.5,0
2018-05-04 09:15:00,408.4,411.0,408.4,410.65,0
2018-05-04 10:15:00,410.65,411.1,410.35,410.65,0
2018-05-04 11:15:00,410.65,411.7,410.45,411.3,0
2018-05-04 12:15:00,411.25,411.75,410.95,411.7,0
2018-05-04 13:15:00,411.7,411.75,410.7,411.45,0
2018-05-04 14:15:00,411.45,412.2,411.15,411.6,0
2018-05-04 15:15:00,411.6,411.85,411.45,411.75,0
2018-05-07 09:15:00,410.4,411.1,410.25,410.8,0
2018-05-07 10:15:00,410.75,410.8,410.05,410.2,0
2018-05-07 11:15:00,410.2,410.6,410.05,410.1,0
2018-05-07 12:15:00,410.1,410.1,409.3,409.3,0
2018-05-07 13:15:00,409.35,409.6,408.8,409.0,0
2018-05-07 14:15:00,409.0,409.0,407.85,408.05,0
2018-05-07 15:15:00,408.05,408.1,407.7,407.7,0
2018-05-08 09:15:00,406.45,408.35,406.45,407.65,0
2018-05-08 10:15:00,407.65,407.65,407.05,407.4,0
2018-05-08 11:15:00,407.4,407.45,407.1,407.4,0
2018-05-08 12:15:00,407.4,409.05,407.15,408.5,0
2018-05-08 13:15:00,408.5,408.75,407.85,407.95,0
2018-05-08 14:15:00,408.0,408.4,407.75,408.1,0
2018-05-08 15:15:00,408.1,408.3,407.9,408.1,0
2018-05-09 09:15:00,409.0,409.05,407.75,408.2,0
2018-05-09 10:15:00,408.2,408.65,407.45,407.6,0
2018-05-09 11:15:00,407.6,408.05,407.55,407.6,0
2018-05-09 12:15:00,407.65,407.8,406.55,406.6,0
2018-05-09 13:15:00,406.6,407.0,406.2,406.65,0
2018-05-09 14:15:00,406.65,407.5,406.5,406.95,0
2018-05-09 15:15:00,406.95,407.2,406.75,406.9,0
2018-05-10 09:15:00,405.8,406.95,405.55,406.45,0
2018-05-10 10:15:00,406.45,407.6,406.4,407.05,0
2018-05-10 11:15:00,407.05,407.35,406.7,407.25,0
2018-05-10 12:15:00,407.25,408.5,407.2,408.25,0
2018-05-10 13:15:00,408.25,408.3,407.05,407.35,0
2018-05-10 14:15:00,407.35,408.4,406.95,408.35,0
2018-05-10 15:15:00,408.35,408.6,408.15,408.35,0
2018-05-11 09:15:00,407.25,407.95,406.5,407.15,0
2018-05-11 10:15:00,407.15,407.25,406.5,406.75,0
2018-05-11 11:15:00,406.75,407.1,406.6,406.9,0
2018-05-11 12:15:00,406.9,407.25,406.55,407.0,0
2018-05-11 13:15:00,407.0,407.15,406.1,406.25,0
2018-05-11 14:15:00,406.25,406.65,404.6,404.95,0
2018-05-11 15:15:00,404.95,405.2,404.65,405.15,0
2018-05-14 09:15:00,404.65,405.15,404.05,404.2,0
2018-05-14 10:15:00,404.2,404.55,403.95,404.35,0
2018-05-14 11:15:00,404.4,405.65,404.25,405.6,0
2018-05-14 12:15:00,405.6,405.85,405.15,405.6,0
2018-05-14 13:15:00,405.6,406.2,405.55,405.8,0
2018-05-14 14:15:00,405.8,406.1,404.55,404.75,0
2018-05-14 15:15:00,404.75,405.4,404.7,405.35,0
2018-05-15 09:15:00,404.85,405.65,400.5,400.6,0
2018-05-15 10:15:00,400.6,401.95,400.45,401.6,0
2018-05-15 11:15:00,401.6,402.95,401.55,402.6,0
2018-05-15 12:15:00,402.6,403.8,402.25,403.7,0
2018-05-15 13:15:00,403.7,404.9,403.15,404.85,0
2018-05-15 14:15:00,404.85,406.0,404.45,405.1,0
2018-05-15 15:15:00,405.1,405.6,405.1,405.15,0
2018-05-16 09:15:00,407.15,409.1,406.7,408.7,0
2018-05-16 10:15:00,408.7,408.75,407.9,408.05,0
2018-05-16 11:15:00,408.05,408.05,406.75,407.4,0
2018-05-16 12:15:00,407.4,407.55,405.9,406.25,0
2018-05-16 13:15:00,406.25,407.3,405.75,407.2,0
2018-05-16 14:15:00,407.2,408.2,406.75,407.35,0
2018-05-16 15:15:00,407.35,407.75,407.25,407.5,0
2018-05-17 09:15:00,406.35,408.6,406.35,408.4,0
2018-05-17 10:15:00,408.35,409.25,407.75,408.8,0
2018-05-17 11:15:00,408.8,409.2,408.5,409.15,0
2018-05-17 12:15:00,409.1,409.35,408.5,408.8,0
2018-05-17 13:15:00,408.75,409.3,408.55,408.85,0
2018-05-17 14:15:00,408.85,410.35,408.25,410.25,0
2018-05-17 15:15:00,410.25,410.55,410.0,410.05,0
2018-05-18 09:15:00,410.35,411.9,410.35,411.55,0
2018-05-18 10:15:00,411.55,411.7,410.6,411.1,0
2018-05-18 11:15:00,411.1,412.0,411.05,411.7,0
2018-05-18 12:15:00,411.7,412.45,411.15,412.15,0
2018-05-18 13:15:00,412.15,412.95,412.1,412.5,0
2018-05-18 14:15:00,412.5,413.5,411.75,413.15,0
2018-05-18 15:15:00,413.1,413.4,412.9,412.95,0
2018-05-21 09:15:00,412.65,414.55,412.5,414.25,0
2018-05-21 10:15:00,414.25,415.2,413.5,414.5,0
2018-05-21 11:15:00,414.5,415.65,414.5,415.5,0
2018-05-21 12:15:00,415.5,416.15,415.45,415.85,0
2018-05-21 13:15:00,415.85,416.7,415.45,416.55,0
2018-05-21 14:15:00,416.55,416.95,416.1,416.4,0
2018-05-21 15:15:00,416.4,416.75,416.35,416.4,0
2018-05-22 09:15:00,416.55,417.65,414.95,415.6,0
2018-05-22 10:15:00,415.6,416.95,414.95,416.9,0
2018-05-22 11:15:00,416.9,416.9,416.05,416.3,0
2018-05-22 12:15:00,416.3,416.55,415.4,415.9,0
2018-05-22 13:15:00,415.9,416.45,415.55,416.0,0
2018-05-22 14:15:00,415.95,416.8,415.65,415.8,0
2018-05-22 15:15:00,415.8,415.9,415.5,415.6,0
2018-05-23 09:15:00,416.5,418.1,416.05,417.75,0
2018-05-23 10:15:00,417.75,417.95,417.1,417.25,0
2018-05-23 11:15:00,417.25,417.7,416.4,416.7,0
2018-05-23 12:15:00,416.65,417.2,416.6,416.9,0
2018-05-23 13:15:00,416.9,418.7,416.5,418.2,0
2018-05-23 14:15:00,418.2,420.55,418.2,420.45,0
2018-05-23 15:15:00,420.45,420.6,419.95,420.2,0
2018-05-24 09:15:00,418.8,420.6,418.55,419.25,0
2018-05-24 10:15:00,419.2,419.4,418.35,418.5,0
2018-05-24 11:15:00,418.45,419.0,418.25,418.7,0
2018-05-24 12:15:00,418.65,418.7,417.25,417.55,0
2018-05-24 13:15:00,417.55,419.3,416.6,419.15,0
2018-05-24 14:15:00,419.15,419.15,416.7,416.85,0
2018-05-24 15:15:00,416.8,416.85,415.95,416.05,0
2018-05-25 09:15:00,416.1,416.45,414.55,415.15,0
2018-05-25 10:15:00,415.15,415.15,414.3,414.45,0
2018-05-25 11:15:00,414.4,415.2,414.35,414.75,0
2018-05-25 12:15:00,414.75,415.0,414.05,414.2,0
2018-05-25 13:15:00,414.2,414.25,412.7,412.8,0
2018-05-25 14:15:00,412.8,414.05,412.35,413.55,0
2018-05-25 15:15:00,413.6,413.65,412.45,412.95,0
2018-05-28 09:15:00,411.75,412.05,410.8,411.05,0
2018-05-28 10:15:00,411.0,411.15,410.4,410.9,0
2018-05-28 11:15:00,410.9,411.15,410.45,410.5,0
2018-05-28 12:15:00,410.5,410.6,409.7,409.8,0
2018-05-28 13:15:00,409.75,410.25,409.75,409.95,0
2018-05-28 14:15:00,409.95,410.3,409.35,410.15,0
2018-05-28 15:15:00,410.15,410.55,410.1,410.4,0
2018-05-29 09:15:00,410.2,411.2,410.0,410.25,0
2018-05-29 10:15:00,410.25,410.4,409.45,409.8,0
2018-05-29 11:15:00,409.8,411.0,409.15,410.95,0
2018-05-29 12:15:00,410.9,411.8,410.55,411.35,0
2018-05-29 13:15:00,411.4,412.3,411.05,412.1,0
2018-05-29 14:15:00,412.15,413.05,411.7,412.25,0
2018-05-29 15:15:00,412.25,412.6,412.25,412.5,0
2018-05-30 09:15:00,414.55,415.35,413.65,414.25,0
2018-05-30 10:15:00,414.25,415.15,414.25,415.1,0
2018-05-30 11:15:00,415.1,415.15,413.65,414.15,0
2018-05-30 12:15:00,414.15,414.35,411.85,412.05,0
2018-05-30 13:15:00,412.0,414.3,411.95,414.3,0
2018-05-30 14:15:00,414.3,414.5,412.9,413.25,0
2018-05-30 15:15:00,413.25,413.25,412.75,413.1,0
2018-05-31 09:15:00,411.05,412.9,410.9,412.8,0
2018-05-31 10:15:00,412.8,413.0,411.7,411.8,0
2018-05-31 11:15:00,411.85,412.05,411.2,411.5,0
2018-05-31 12:15:00,411.5,411.8,410.9,411.05,0
2018-05-31 13:15:00,411.05,411.65,410.7,411.45,0
2018-05-31 14:15:00,411.45,411.5,407.45,408.65,0
2018-05-31 15:15:00,408.65,408.85,407.8,408.6,0
2018-06-01 09:15:00,408.5,409.3,407.5,407.9,0
2018-06-01 10:15:00,407.9,409.0,407.8,408.3,0
2018-06-01 11:15:00,408.25,409.8,407.95,409.4,0
2018-06-01 12:15:00,409.4,410.5,408.85,410.25,0
2018-06-01 13:15:00,410.2,410.2,408.95,409.5,0
2018-06-01 14:15:00,409.45,410.05,408.55,409.9,0
2018-06-01 15:15:00,409.9,410.65,409.85,410.5,0
2018-06-04 09:15:00,407.6,412.1,407.5,410.95,0
2018-06-04 10:15:00,410.95,411.2,410.05,410.55,0
2018-06-04 11:15:00,410.55,411.0,410.3,410.4,0
2018-06-04 12:15:00,410.4,411.9,409.95,411.75,0
2018-06-04 13:15:00,411.75,412.75,411.3,412.45,0
2018-06-04 14:15:00,412.45,413.1,412.05,412.6,0
2018-06-04 15:15:00,412.6,413.25,412.6,413.0,0
2018-06-05 09:15:00,412.85,414.45,412.85,414.05,0
2018-06-05 10:15:00,414.05,415.4,414.05,415.1,0
2018-06-05 11:15:00,415.1,415.15,413.05,413.8,0
2018-06-05 12:15:00,413.75,414.8,413.4,414.2,0
2018-06-05 13:15:00,414.2,415.8,414.05,415.15,0
2018-06-05 14:15:00,415.15,415.95,414.15,414.5,0
2018-06-05 15:15:00,414.5,414.55,413.7,413.85,0
2018-06-06 09:15:00,414.0,414.6,412.55,412.75,0
2018-06-06 10:15:00,412.8,413.25,412.3,412.65,0
2018-06-06 11:15:00,412.65,412.8,411.75,412.0,0
2018-06-06 12:15:00,412.0,412.45,411.65,412.05,0
2018-06-06 13:15:00,412.05,412.15,411.2,411.55,0
2018-06-06 14:15:00,411.55,413.45,410.3,410.85,0
2018-06-06 15:15:00,410.85,410.9,410.6,410.7,0
2018-06-07 09:15:00,409.4,409.4,407.6,407.8,0
2018-06-07 10:15:00,407.8,407.95,406.95,407.15,0
2018-06-07 11:15:00,407.15,407.4,406.75,406.8,0
2018-06-07 12:15:00,406.75,406.95,406.15,406.2,0
2018-06-07 13:15:00,406.2,406.7,405.75,406.55,0
2018-06-07 14:15:00,406.55,407.45,406.2,407.45,0
2018-06-07 15:15:00,407.45,408.05,407.45,407.9,0
2018-06-08 09:15:00,408.95,409.65,408.45,408.7,0
2018-06-08 10:15:00,408.65,409.3,408.4,409.15,0
2018-06-08 11:15:00,409.15,409.75,408.8,409.7,0
2018-06-08 12:15:00,409.7,409.95,409.3,409.35,0
2018-06-08 13:15:00,409.3,409.4,408.4,408.7,0
2018-06-08 14:15:00,408.6,409.0,407.3,407.55,0
2018-06-08 15:15:00,407.55,408.3,407.55,408.05,0
2018-06-11 09:15:00,407.4,407.45,405.5,405.75,0
2018-06-11 10:15:00,405.75,406.4,405.4,406.35,0
2018-06-11 11:15:00,406.35,406.45,405.55,405.75,0
2018-06-11 12:15:00,405.75,405.8,404.95,405.05,0
2018-06-11 13:15:00,405.05,405.25,404.8,405.15,0
2018-06-11 14:15:00,405.1,407.4,405.1,407.35,0
2018-06-11 15:15:00,407.4,407.55,407.15,407.4,0
2018-06-12 09:15:00,406.15,407.15,405.8,405.85,0
2018-06-12 10:15:00,405.85,405.95,405.2,405.4,0
2018-06-12 11:15:00,405.4,405.75,404.95,405.15,0
2018-06-12 12:15:00,405.15,406.2,404.65,405.65,0
2018-06-12 13:15:00,405.6,405.65,405.0,405.3,0
2018-06-12 14:15:00,405.3,405.55,404.85,405.35,0
2018-06-12 15:15:00,405.35,405.4,404.65,404.75,0
2018-06-13 09:15:00,403.55,405.2,403.55,404.65,0
2018-06-13 10:15:00,404.65,404.8,403.85,404.0,0
2018-06-13 11:15:00,404.05,404.3,403.8,404.25,0
2018-06-13 12:15:00,404.25,404.4,403.75,404.15,0
2018-06-13 13:15:00,404.15,404.2,403.35,403.45,0
2018-06-13 14:15:00,403.45,404.95,403.35,404.65,0
2018-06-13 15:15:00,404.65,404.8,404.55,404.7,0
2018-06-14 09:15:00,405.65,407.3,405.65,407.05,0
2018-06-14 10:15:00,407.05,407.55,406.9,407.45,0
2018-06-14 11:15:00,407.45,407.85,407.1,407.55,0
2018-06-14 12:15:00,407.55,407.8,407.2,407.3,0
2018-06-14 13:15:00,407.3,407.35,406.45,406.65,0
2018-06-14 14:15:00,406.65,406.8,406.2,406.65,0
2018-06-14 15:15:00,406.65,406.95,406.4,406.5,0
2018-06-15 09:15:00,406.65,407.35,405.8,406.1,0
2018-06-15 10:15:00,406.1,406.45,405.65,405.85,0
2018-06-15 11:15:00,405.85,406.9,405.8,406.85,0
2018-06-15 12:15:00,406.9,408.4,406.75,408.15,0
2018-06-15 13:15:00,408.15,408.65,407.7,408.1,0
2018-06-15 14:15:00,408.1,408.15,405.9,406.0,0
2018-06-15 15:15:00,406.0,406.6,405.95,406.4,0
2018-06-18 09:15:00,406.0,407.6,406.0,406.85,0
2018-06-18 10:15:00,406.85,406.95,406.15,406.5,0
2018-06-18 11:15:00,406.5,407.0,406.45,406.6,0
2018-06-18 12:15:00,406.55,407.1,406.45,407.0,0
2018-06-18 13:15:00,406.95,407.25,406.35,406.6,0
2018-06-18 14:15:00,406.6,407.45,406.1,407.3,0
2018-06-18 15:15:00,407.25,407.4,407.1,407.35,0
2018-06-19 09:15:00,407.6,409.25,407.6,408.7,0
2018-06-19 10:15:00,408.7,409.7,408.7,409.6,0
2018-06-19 11:15:00,409.6,410.1,409.45,410.0,0
2018-06-19 12:15:00,410.0,410.65,409.7,410.3,0
2018-06-19 13:15:00,410.3,410.45,409.6,410.15,0
2018-06-19 14:15:00,410.15,410.75,409.45,410.5,0
2018-06-19 15:15:00,410.5,410.95,410.45,410.55,0
2018-06-20 09:15:00,409.75,410.15,408.9,409.95,0
2018-06-20 10:15:00,409.95,410.1,408.7,408.85,0
2018-06-20 11:15:00,408.85,409.05,408.6,408.9,0
2018-06-20 12:15:00,408.9,408.9,408.45,408.6,0
2018-06-20 13:15:00,408.55,409.05,408.3,408.8,0
2018-06-20 14:15:00,408.8,409.1,407.95,408.2,0
2018-06-20 15:15:00,408.2,408.5,408.15,408.25,0
2018-06-21 09:15:00,407.0,408.7,407.0,408.25,0
2018-06-21 10:15:00,408.25,408.75,408.05,408.6,0
2018-06-21 11:15:00,408.6,409.25,408.3,409.2,0
2018-06-21 12:15:00,409.2,409.3,408.05,408.15,0
2018-06-21 13:15:00,408.1,408.65,408.0,408.3,0
2018-06-21 14:15:00,408.3,410.15,408.2,409.45,0
2018-06-21 15:15:00,409.45,409.7,409.3,409.5,0
2018-06-22 09:15:00,409.55,410.75,409.55,410.55,0
2018-06-22 10:15:00,410.55,410.8,409.5,410.15,0
2018-06-22 11:15:00,410.1,410.25,409.25,409.3,0
2018-06-22 12:15:00,409.3,409.6,408.75,408.8,0
2018-06-22 13:15:00,408.8,409.15,408.5,408.7,0
2018-06-22 14:15:00,408.65,408.95,406.15,406.3,0
2018-06-22 15:15:00,406.3,406.65,405.95,406.45,0
2018-06-25 09:15:00,406.7,407.65,406.4,407.4,0
2018-06-25 10:15:00,407.4,407.9,406.75,407.9,0
2018-06-25 11:15:00,407.95,407.95,407.2,407.25,0
2018-06-25 12:15:00,407.25,408.05,407.15,407.7,0
2018-06-25 13:15:00,407.7,408.0,407.0,407.8,0
2018-06-25 14:15:00,407.8,409.1,407.8,408.9,0
2018-06-25 15:15:00,408.9,409.3,408.9,409.15,0
2018-06-26 09:15:00,409.75,410.15,408.25,409.05,0
2018-06-26 10:15:00,409.05,409.25,407.75,408.0,0
2018-06-26 11:15:00,407.95,408.25,407.85,408.05,0
2018-06-26 12:15:00,408.05,408.4,407.55,408.2,0
2018-06-26 13:15:00,408.15,409.35,408.0,408.3,0
2018-06-26 14:15:00,408.3,409.25,407.4,408.8,0
2018-06-26 15:15:00,408.8,409.2,408.75,408.95,0
2018-06-27 09:15:00,408.2,409.45,408.2,408.5,0
2018-06-27 10:15:00,408.5,409.9,408.5,409.3,0
2018-06-27 11:15:00,409.3,410.55,409.3,410.2,0
2018-06-27 12:15:00,410.2,411.8,410.2,411.6,0
2018-06-27 13:15:00,411.6,412.65,411.25,412.55,0
2018-06-27 14:15:00,412.55,413.05,411.25,412.85,0
2018-06-27 15:15:00,412.85,413.25,412.6,412.7,0
2018-06-28 09:15:00,413.05,414.1,412.5,412.95,0
2018-06-28 10:15:00,412.95,413.4,412.8,413.25,0
2018-06-28 11:15:00,413.25,414.75,413.2,414.5,0
2018-06-28 12:15:00,414.45,414.95,414.05,414.55,0
2018-06-28 13:15:00,414.55,416.05,414.2,416.05,0
2018-06-28 14:15:00,416.05,417.0,415.1,415.85,0
2018-06-28 15:15:00,415.85,416.35,415.55,415.6,0
2018-06-29 09:15:00,414.95,414.95,412.9,413.5,0
2018-06-29 10:15:00,413.5,413.9,412.9,413.1,0
2018-06-29 11:15:00,413.1,413.25,412.25,412.6,0
2018-06-29 12:15:00,412.6,412.65,411.95,412.2,0
2018-06-29 13:15:00,412.2,412.4,411.45,411.5,0
2018-06-29 14:15:00,411.5,412.2,410.65,410.8,0
2018-06-29 15:15:00,410.8,411.15,410.7,411.05,0
2018-07-02 09:15:00,410.5,413.8,410.35,413.5,0
2018-07-02 10:15:00,413.55,414.35,413.35,414.25,0
2018-07-02 11:15:00,414.2,414.65,413.9,414.2,0
2018-07-02 12:15:00,414.2,415.25,414.15,415.1,0
2018-07-02 13:15:00,415.1,415.35,413.15,413.35,0
2018-07-02 14:15:00,413.35,413.85,412.75,413.3,0
2018-07-02 15:15:00,413.25,413.75,413.2,413.55,0
2018-07-03 09:15:00,413.0,414.5,412.25,412.9,0
2018-07-03 10:15:00,412.9,413.6,412.0,412.15,0
2018-07-03 11:15:00,412.15,412.25,411.5,412.25,0
2018-07-03 12:15:00,412.25,412.3,411.25,411.7,0
2018-07-03 13:15:00,411.7,412.65,411.6,411.75,0
2018-07-03 14:15:00,411.75,412.25,411.45,411.9,0
2018-07-03 15:15:00,411.95,411.95,411.4,411.45,0
2018-07-04 09:15:00,411.25,412.7,411.2,412.35,0
2018-07-04 10:15:00,412.35,412.55,411.5,412.1,0
2018-07-04 11:15:00,412.1,412.15,410.95,411.25,0
2018-07-04 12:15:00,411.25,411.3,410.8,411.05,0
2018-07-04 13:15:00,411.1,411.1,409.7,409.7,0
2018-07-04 14:15:00,409.7,409.85,408.9,409.1,0
2018-07-04 15:15:00,409.1,409.25,409.0,409.2,0
2018-07-05 09:15:00,408.6,409.75,408.6,409.3,0
2018-07-05 10:15:00,409.25,410.75,408.95,410.2,0
2018-07-05 11:15:00,410.2,410.3,409.65,410.2,0
2018-07-05 12:15:00,410.2,410.4,408.75,408.9,0
2018-07-05 13:15:00,408.9,409.85,408.8,409.2,0
2018-07-05 14:15:00,409.15,410.65,408.9,409.8,0
2018-07-05 15:15:00,409.75,410.05,409.7,409.8,0
2018-07-06 09:15:00,410.25,410.55,408.6,408.85,0
2018-07-06 10:15:00,408.85,409.1,407.6,407.7,0
2018-07-06 11:15:00,407.7,408.9,407.55,408.8,0
2018-07-06 12:15:00,408.85,409.05,408.25,408.4,0
2018-07-06 13:15:00,408.4,408.75,407.7,408.05,0
2018-07-06 14:15:00,408.05,409.35,407.5,409.35,0
2018-07-06 15:15:00,409.35,409.6,409.2,409.25,0
2018-07-09 09:15:00,406.9,407.65,406.7,407.55,0
2018-07-09 10:15:00,407.55,408.05,407.3,407.35,0
2018-07-09 11:15:00,407.35,407.45,406.95,407.05,0
2018-07-09 12:15:00,407.05,407.05,406.5,406.5,0
2018-07-09 13:15:00,406.5,406.7,406.1,406.55,0
2018-07-09 14:15:00,406.55,406.6,406.05,406.4,0
2018-07-09 15:15:00,406.4,406.5,406.15,406.4,0
2018-07-10 09:15:00,404.55,405.5,404.0,404.05,0
2018-07-10 10:15:00,404.05,404.45,403.8,404.0,0
2018-07-10 11:15:00,404.0,404.0,403.55,403.6,0
2018-07-10 12:15:00,403.6,404.0,403.55,404.0,0
2018-07-10 13:15:00,404.0,404.15,403.1,403.55,0
2018-07-10 14:15:00,403.55,404.0,402.8,402.95,0
2018-07-10 15:15:00,402.95,403.0,402.5,402.9,0
2018-07-11 09:15:00,402.6,403.8,402.3,402.45,0
2018-07-11 10:15:00,402.45,403.45,401.85,403.4,0
2018-07-11 11:15:00,403.4,403.6,402.6,402.6,0
2018-07-11 12:15:00,402.6,403.15,402.45,402.65,0
2018-07-11 13:15:00,402.65,403.05,402.3,402.55,0
2018-07-11 14:15:00,402.55,403.05,402.05,402.8,0
2018-07-11 15:15:00,402.8,403.2,402.75,403.15,0
2018-07-12 09:15:00,400.8,401.0,399.9,400.0,0
2018-07-12 10:15:00,400.0,400.1,399.25,399.3,0
2018-07-12 11:15:00,399.3,399.45,398.2,398.65,0
2018-07-12 12:15:00,398.65,399.25,398.45,398.9,0
2018-07-12 13:15:00,398.9,400.3,398.6,400.0,0
2018-07-12 14:15:00,400.0,400.3,399.4,400.1,0
2018-07-12 15:15:00,400.1,400.6,400.1,400.55,0
2018-07-13 09:15:00,399.05,400.6,398.55,400.45,0
2018-07-13 10:15:00,400.45,401.15,400.2,400.6,0
2018-07-13 11:15:00,400.6,400.65,399.75,400.0,0
2018-07-13 12:15:00,400.0,400.2,399.65,399.8,0
2018-07-13 13:15:00,399.8,400.4,399.45,400.35,0
2018-07-13 14:15:00,400.4,401.1,400.15,400.2,0
2018-07-13 15:15:00,400.2,400.55,400.05,400.35,0
2018-07-16 09:15:00,400.65,402.25,400.65,401.2,0
2018-07-16 10:15:00,401.25,402.1,401.25,402.05,0
2018-07-16 11:15:00,402.1,402.65,401.8,401.85,0
2018-07-16 12:15:00,401.85,402.1,401.35,401.85,0
2018-07-16 13:15:00,401.85,402.9,401.7,402.65,0
2018-07-16 14:15:00,402.6,404.0,402.4,403.45,0
2018-07-16 15:15:00,403.45,403.75,403.4,403.5,0
2018-07-17 09:15:00,403.6,404.1,401.8,402.7,0
2018-07-17 10:15:00,402.7,403.75,402.6,402.9,0
2018-07-17 11:15:00,402.9,403.0,402.45,402.65,0
2018-07-17 12:15:00,402.6,402.85,402.45,402.45,0
2018-07-17 13:15:00,402.45,402.5,401.2,401.65,0
2018-07-17 14:15:00,401.65,401.8,400.75,401.2,0
2018-07-17 15:15:00,401.2,401.2,400.75,400.8,0
2018-07-18 09:15:00,399.25,400.2,398.7,399.45,0
2018-07-18 10:15:00,399.45,399.95,399.3,399.6,0
2018-07-18 11:15:00,399.6,400.05,399.3,400.05,0
2018-07-18 12:15:00,400.05,403.0,400.05,401.3,0
2018-07-18 13:15:00,401.3,402.9,401.25,402.5,0
2018-07-18 14:15:00,402.5,402.85,401.6,402.1,0
2018-07-18 15:15:00,402.15,402.3,401.8,402.1,0
2018-07-19 09:15:00,401.55,403.8,401.3,402.65,0
2018-07-19 10:15:00,402.65,402.9,401.55,401.7,0
2018-07-19 11:15:00,401.7,402.6,401.7,402.3,0
2018-07-19 12:15:00,402.3,402.95,401.85,402.85,0
2018-07-19 13:15:00,402.85,403.75,402.6,403.05,0
2018-07-19 14:15:00,403.05,403.85,402.4,403.15,0
2018-07-19 15:15:00,403.15,403.2,402.55,402.7,0
2018-07-20 09:15:00,402.9,403.55,400.95,401.35,0
2018-07-20 10:15:00,401.3,401.75,401.1,401.55,0
2018-07-20 11:15:00,401.55,401.8,400.9,401.05,0
2018-07-20 12:15:00,401.05,401.65,400.65,401.4,0
2018-07-20 13:15:00,401.4,402.3,401.3,401.8,0
2018-07-20 14:15:00,401.8,401.8,400.45,401.2,0
2018-07-20 15:15:00,401.2,401.3,401.05,401.15,0
2018-07-23 09:15:00,401.05,401.1,399.8,400.65,0
2018-07-23 10:15:00,400.65,400.95,400.25,400.5,0
2018-07-23 11:15:00,400.5,400.6,400.0,400.05,0
2018-07-23 12:15:00,400.05,400.9,400.05,400.5,0
2018-07-23 13:15:00,400.5,400.5,399.5,399.7,0
2018-07-23 14:15:00,399.7,399.75,398.5,398.6,0
2018-07-23 15:15:00,398.6,399.05,398.4,398.9,0
2018-07-24 09:15:00,397.9,398.0,396.7,397.1,0
2018-07-24 10:15:00,397.1,397.25,396.65,397.0,0
2018-07-24 11:15:00,397.0,397.2,396.7,396.85,0
2018-07-24 12:15:00,396.85,398.45,396.8,397.65,0
2018-07-24 13:15:00,397.65,398.05,396.7,396.85,0
2018-07-24 14:15:00,396.8,397.35,396.7,396.95,0
2018-07-24 15:15:00,396.95,397.2,396.75,397.0,0
2018-07-25 09:15:00,396.55,397.5,396.55,397.2,0
2018-07-25 10:15:00,397.25,397.6,397.1,397.35,0
2018-07-25 11:15:00,397.35,397.55,396.7,396.9,0
2018-07-25 12:15:00,396.9,397.0,396.3,396.85,0
2018-07-25 13:15:00,396.85,397.0,396.4,396.75,0
2018-07-25 14:15:00,396.75,397.3,396.55,396.85,0
2018-07-25 15:15:00,396.85,397.8,396.8,397.45,0
2018-07-26 09:15:00,397.15,397.15,395.75,395.95,0
2018-07-26 10:15:00,395.95,396.25,395.5,395.8,0
2018-07-26 11:15:00,395.8,396.25,395.65,395.7,0
2018-07-26 12:15:00,395.7,396.15,395.55,395.7,0
2018-07-26 13:15:00,395.75,396.7,395.65,396.45,0
2018-07-26 14:15:00,396.45,397.4,395.9,395.95,0
2018-07-26 15:15:00,395.9,396.0,395.3,395.4,0
2018-07-27 09:15:00,393.7,394.45,393.0,393.15,0
2018-07-27 10:15:00,393.15,393.75,392.95,393.2,0
2018-07-27 11:15:00,393.2,393.6,393.1,393.15,0
2018-07-27 12:15:00,393.15,393.4,392.85,393.2,0
2018-07-27 13:15:00,393.2,393.35,392.4,392.5,0
2018-07-27 14:15:00,392.5,392.8,391.95,392.05,0
2018-07-27 15:15:00,392.05,392.4,391.95,392.25,0
2018-07-30 09:15:00,391.65,392.65,391.25,392.55,0
2018-07-30 10:15:00,392.55,392.85,392.05,392.1,0
2018-07-30 11:15:00,392.1,392.15,391.8,392.0,0
2018-07-30 12:15:00,392.0,392.05,391.45,391.55,0
2018-07-30 13:15:00,391.5,391.6,390.9,391.25,0
2018-07-30 14:15:00,391.25,391.7,390.55,390.75,0
2018-07-30 15:15:00,390.7,391.15,390.65,391.1,0
2018-07-31 09:15:00,391.2,392.1,391.15,391.6,0
2018-07-31 10:15:00,391.6,392.7,391.6,391.85,0
2018-07-31 11:15:00,391.85,392.55,391.75,391.85,0
2018-07-31 12:15:00,391.85,391.9,391.25,391.65,0
2018-07-31 13:15:00,391.65,391.85,390.95,391.1,0
2018-07-31 14:15:00,391.1,391.15,389.45,389.6,0
2018-07-31 15:15:00,389.6,389.75,389.3,389.6,0
2018-08-01 09:15:00,389.6,389.6,388.55,388.9,0
2018-08-01 10:15:00,388.85,389.9,388.6,389.6,0
2018-08-01 11:15:00,389.6,390.35,389.3,389.4,0
2018-08-01 12:15:00,389.4,390.15,389.3,390.0,0
2018-08-01 13:15:00,390.0,390.4,389.65,390.35,0
2018-08-01 14:15:00,390.35,391.15,389.15,389.95,0
2018-08-01 15:15:00,389.95,390.9,389.85,390.9,0
2018-08-02 09:15:00,390.7,392.95,390.7,392.15,0
2018-08-02 10:15:00,392.15,392.55,391.8,392.25,0
2018-08-02 11:15:00,392.25,392.6,391.9,392.05,0
2018-08-02 12:15:00,392.05,392.65,391.75,392.6,0
2018-08-02 13:15:00,392.6,393.35,392.35,393.35,0
2018-08-02 14:15:00,393.35,393.65,392.8,393.4,0
2018-08-02 15:15:00,393.4,393.95,393.35,393.8,0
2018-08-03 09:15:00,391.8,391.85,390.55,390.95,0
2018-08-03 10:15:00,390.95,391.0,390.5,390.85,0
2018-08-03 11:15:00,390.85,391.2,390.8,390.95,0
2018-08-03 12:15:00,390.9,391.15,390.75,390.9,0
2018-08-03 13:15:00,390.9,390.9,390.25,390.25,0
2018-08-03 14:15:00,390.25,390.4,389.4,389.7,0
2018-08-03 15:15:00,389.7,389.85,389.4,389.6,0
2018-08-06 09:15:00,388.45,389.15,387.55,388.95,0
2018-08-06 10:15:00,388.95,389.2,388.1,388.2,0
2018-08-06 11:15:00,388.2,388.65,388.0,388.65,0
2018-08-06 12:15:00,388.65,389.0,388.4,388.55,0
2018-08-06 13:15:00,388.55,388.7,388.3,388.5,0
2018-08-06 14:15:00,388.55,389.45,388.45,388.9,0
2018-08-06 15:15:00,388.85,389.05,388.75,388.8,0
2018-08-07 09:15:00,387.75,388.95,387.6,388.4,0
2018-08-07 10:15:00,388.4,389.45,388.3,389.45,0
2018-08-07 11:15:00,389.45,389.9,388.9,388.95,0
2018-08-07 12:15:00,388.95,389.1,388.3,388.55,0
2018-08-07 13:15:00,388.6,389.1,388.1,388.45,0
2018-08-07 14:15:00,388.45,389.25,388.3,389.0,0
2018-08-07 15:15:00,389.0,389.2,388.8,388.95,0
2018-08-08 09:15:00,388.2,389.3,387.85,388.6,0
2018-08-08 10:15:00,388.6,388.75,387.4,387.45,0
2018-08-08 11:15:00,387.45,387.75,387.0,387.05,0
2018-08-08 12:15:00,387.05,387.4,386.95,387.2,0
2018-08-08 13:15:00,387.2,387.65,386.8,387.4,0
2018-08-08 14:15:00,387.4,388.1,386.85,386.9,0
2018-08-08 15:15:00,386.95,386.95,386.6,386.75,0
2018-08-09 09:15:00,385.5,386.5,385.45,386.0,0
2018-08-09 10:15:00,386.0,386.85,385.75,386.5,0
2018-08-09 11:15:00,386.5,386.8,385.65,385.75,0
2018-08-09 12:15:00,385.75,386.6,385.6,386.2,0
2018-08-09 13:15:00,386.2,386.4,385.75,385.75,0
2018-08-09 14:15:00,385.8,386.5,385.75,386.2,0
2018-08-09 15:15:00,386.25,386.4,386.1,386.25,0
2018-08-10 09:15:00,386.2,387.6,386.1,387.45,0
2018-08-10 10:15:00,387.45,387.8,386.95,387.65,0
2018-08-10 11:15:00,387.65,387.85,387.35,387.45,0
2018-08-10 12:15:00,387.45,387.65,387.05,387.25,0
2018-08-10 13:15:00,387.25,387.55,386.6,386.65,0
2018-08-10 14:15:00,386.7,388.0,386.65,387.65,0
2018-08-10 15:15:00,387.65,388.05,387.55,387.95,0
2018-08-13 09:15:00,390.0,390.95,390.0,390.4,0
2018-08-13 10:15:00,390.4,390.65,389.75,390.15,0
2018-08-13 11:15:00,390.15,390.5,389.3,389.65,0
2018-08-13 12:15:00,389.65,389.8,388.95,389.25,0
2018-08-13 13:15:00,389.25,389.8,388.75,389.6,0
2018-08-13 14:15:00,389.6,390.65,389.25,390.4,0
2018-08-13 15:15:00,390.4,390.55,390.2,390.25,0
2018-08-14 09:15:00,389.65,389.95,388.4,388.6,0
2018-08-14 10:15:00,388.55,389.15,388.35,388.85,0
2018-08-14 11:15:00,388.85,388.95,388.25,388.35,0
2018-08-14 12:15:00,388.35,388.45,387.45,387.7,0
2018-08-14 13:15:00,387.7,387.75,387.2,387.6,0
2018-08-14 14:15:00,387.65,387.95,387.25,387.65,0
2018-08-14 15:15:00,387.65,388.05,387.6,387.85,0
2018-08-16 09:15:00,389.2,389.85,387.95,387.95,0
2018-08-16 10:15:00,387.95,388.3,387.45,387.6,0
2018-08-16 11:15:00,387.6,388.2,387.6,388.1,0
2018-08-16 12:15:00,388.1,388.9,388.05,388.85,0
2018-08-16 13:15:00,388.85,389.45,388.6,388.8,0
2018-08-16 14:15:00,388.8,390.25,388.75,389.7,0
2018-08-16 15:15:00,389.7,389.8,389.35,389.4,0
2018-08-17 09:15:00,387.9,388.05,387.0,387.05,0
2018-08-17 10:15:00,387.0,387.2,386.55,386.55,0
2018-08-17 11:15:00,386.6,386.75,386.45,386.55,0
2018-08-17 12:15:00,386.55,387.05,386.45,386.8,0
2018-08-17 13:15:00,386.8,387.2,386.6,386.65,0
2018-08-17 14:15:00,386.65,386.75,386.25,386.7,0
2018-08-17 15:15:00,386.7,387.1,386.65,386.95,0
2018-08-20 09:15:00,385.9,385.95,384.55,384.6,0
2018-08-20 10:15:00,384.6,384.95,384.45,384.65,0
2018-08-20 11:15:00,384.65,384.75,384.25,384.3,0
2018-08-20 12:15:00,384.3,384.5,383.9,384.1,0
2018-08-20 13:15:00,384.1,384.25,383.8,383.85,0
2018-08-20 14:15:00,383.85,384.45,383.85,384.3,0
2018-08-20 15:15:00,384.3,384.5,384.0,384.1,0
2018-08-21 09:15:00,383.5,384.6,383.3,384.0,0
2018-08-21 10:15:00,384.0,384.35,383.7,384.3,0
2018-08-21 11:15:00,384.3,384.7,384.0,384.3,0
2018-08-21 12:15:00,384.3,384.4,383.75,383.95,0
2018-08-21 13:15:00,383.95,384.3,383.65,384.0,0
2018-08-21 14:15:00,384.0,384.0,383.4,383.7,0
2018-08-21 15:15:00,383.7,383.85,383.55,383.65,0
2018-08-23 09:15:00,382.15,384.35,382.15,384.25,0
2018-08-23 10:15:00,384.25,384.6,383.75,384.1,0
2018-08-23 11:15:00,384.1,384.35,383.55,383.65,0
2018-08-23 12:15:00,383.65,383.9,383.45,383.75,0
2018-08-23 13:15:00,383.8,383.95,383.35,383.4,0
2018-08-23 14:15:00,383.4,383.7,383.05,383.25,0
2018-08-23 15:15:00,383.25,383.85,383.2,383.6,0
2018-08-24 09:15:00,384.0,384.25,382.75,383.25,0
2018-08-24 10:15:00,383.25,384.45,383.25,384.05,0
2018-08-24 11:15:00,384.05,384.45,383.8,384.4,0
2018-08-24 12:15:00,384.4,385.15,384.2,384.65,0
2018-08-24 13:15:00,384.7,384.7,383.95,384.1,0
2018-08-24 14:15:00,384.1,384.85,383.9,384.2,0
2018-08-24 15:15:00,384.2,384.5,384.2,384.4,0
2018-08-27 09:15:00,382.95,383.0,381.15,381.25,0
2018-08-27 10:15:00,381.25,381.35,380.95,380.95,0
2018-08-27 11:15:00,380.95,381.2,380.6,380.7,0
2018-08-27 12:15:00,380.7,380.75,380.3,380.4,0
2018-08-27 13:15:00,380.4,380.45,379.95,380.2,0
2018-08-27 14:15:00,380.2,380.3,379.8,380.15,0
2018-08-27 15:15:00,380.2,380.25,379.75,379.9,0
2018-08-28 09:15:00,378.85,379.5,377.9,378.7,0
2018-08-28 10:15:00,378.7,379.05,378.5,378.6,0
2018-08-28 11:15:00,378.65,379.15,378.5,378.8,0
2018-08-28 12:15:00,378.8,378.8,378.2,378.35,0
2018-08-28 13:15:00,378.35,378.9,378.3,378.5,0
2018-08-28 14:15:00,378.55,379.15,378.5,378.6,0
2018-08-28 15:15:00,378.6,378.7,378.4,378.45,0
2018-08-29 09:15:00,378.45,379.4,378.2,378.8,0
2018-08-29 10:15:00,378.8,379.1,378.55,378.65,0
2018-08-29 11:15:00,378.65,379.35,378.65,379.05,0
2018-08-29 12:15:00,379.1,379.55,378.85,379.3,0
2018-08-29 13:15:00,379.3,379.8,379.1,379.3,0
2018-08-29 14:15:00,379.3,380.55,379.0,380.3,0
2018-08-29 15:15:00,380.3,380.6,380.2,380.3,0
2018-08-30 09:15:00,380.15,381.35,380.05,381.1,0
2018-08-30 10:15:00,381.1,381.15,380.7,380.95,0
2018-08-30 11:15:00,380.95,381.15,380.8,380.8,0
2018-08-30 12:15:00,380.8,381.5,380.45,381.5,0
2018-08-30 13:15:00,381.5,381.55,381.05,381.5,0
2018-08-30 14:15:00,381.5,381.9,380.5,380.7,0
2018-08-30 15:15:00,380.7,380.85,380.4,380.65,0
2018-08-31 09:15:00,380.85,381.5,379.15,379.95,0
2018-08-31 10:15:00,379.95,381.65,379.95,381.65,0
2018-08-31 11:15:00,381.65,381.9,380.95,381.4,0
2018-08-31 12:15:00,381.4,381.95,381.3,381.6,0
2018-08-31 13:15:00,381.65,381.8,380.9,381.15,0
2018-08-31 14:15:00,381.15,381.35,380.4,380.5,0
2018-08-31 15:15:00,380.5,381.05,380.5,380.85,0
2018-09-03 09:15:00,378.55,380.9,378.55,379.95,0
2018-09-03 10:15:00,379.95,380.25,379.75,380.1,0
2018-09-03 11:15:00,380.1,380.6,379.95,380.1,0
2018-09-03 12:15:00,380.1,380.8,380.05,380.55,0
2018-09-03 13:15:00,380.55,381.85,380.45,381.75,0
2018-09-03 14:15:00,381.7,384.2,381.35,384.0,0
2018-09-03 15:15:00,384.05,384.55,383.95,384.45,0
2018-09-04 09:15:00,383.6,385.8,383.5,384.7,0
2018-09-04 10:15:00,384.7,385.45,384.15,384.8,0
2018-09-04 11:15:00,384.8,385.1,384.2,384.5,0
2018-09-04 12:15:00,384.5,384.9,383.7,384.45,0
2018-09-04 13:15:00,384.45,386.05,384.4,385.9,0
2018-09-04 14:15:00,385.95,386.95,385.85,386.4,0
2018-09-04 15:15:00,386.35,386.55,386.1,386.15,0
2018-09-05 09:15:00,386.45,387.3,385.55,386.4,0
2018-09-05 10:15:00,386.35,387.4,386.35,387.05,0
2018-09-05 11:15:00,387.0,388.55,386.95,388.35,0
2018-09-05 12:15:00,388.35,389.9,388.3,388.85,0
2018-09-05 13:15:00,388.85,390.5,388.65,390.25,0
2018-09-05 14:15:00,390.25,390.25,387.55,387.8,0
2018-09-05 15:15:00,387.8,388.0,387.3,387.95,0
2018-09-06 09:15:00,386.55,388.35,386.5,387.4,0
2018-09-06 10:15:00,387.4,387.5,386.2,386.55,0
2018-09-06 11:15:00,386.5,388.0,386.4,387.75,0
2018-09-06 12:15:00,387.75,389.15,387.3,388.25,0
2018-09-06 13:15:00,388.2,388.4,386.65,386.75,0
2018-09-06 14:15:00,386.75,386.8,384.9,386.1,0
2018-09-06 15:15:00,386.1,386.45,385.7,386.35,0
2018-09-07 09:15:00,385.1,387.6,385.1,386.2,0
2018-09-07 10:15:00,386.2,386.25,384.85,385.05,0
2018-09-07 11:15:00,385.05,385.95,385.05,385.4,0
2018-09-07 12:15:00,385.4,385.65,384.45,384.45,0
2018-09-07 13:15:00,384.45,385.1,384.4,384.65,0
2018-09-07 14:15:00,384.7,384.95,383.65,383.9,0
2018-09-07 15:15:00,383.9,384.35,383.85,384.2,0
2018-09-10 09:15:00,384.9,387.35,384.85,386.95,0
2018-09-10 10:15:00,386.95,387.35,386.35,387.35,0
2018-09-10 11:15:00,387.4,388.3,386.8,388.2,0
2018-09-10 12:15:00,388.2,388.8,387.9,388.05,0
2018-09-10 13:15:00,388.1,388.7,387.35,388.25,0
2018-09-10 14:15:00,388.25,389.4,388.2,389.25,0
2018-09-10 15:15:00,389.2,389.65,389.1,389.25,0
2018-09-11 09:15:00,388.05,390.1,388.0,389.25,0
2018-09-11 10:15:00,389.25,390.05,389.15,389.7,0
2018-09-11 11:15:00,389.65,390.65,389.45,390.45,0
2018-09-11 12:15:00,390.45,390.6,389.45,390.1,0
2018-09-11 13:15:00,390.1,392.25,390.0,392.25,0
2018-09-11 14:15:00,392.25,394.75,392.15,394.55,0
2018-09-11 15:15:00,394.55,394.95,394.4,394.7,0
2018-09-12 09:15:00,392.75,395.35,392.75,394.65,0
2018-09-12 10:15:00,394.65,394.65,393.25,393.75,0
2018-09-12 11:15:00,393.75,394.85,393.35,394.3,0
2018-09-12 12:15:00,394.3,395.85,394.25,394.65,0
2018-09-12 13:15:00,394.65,394.75,391.75,392.25,0
2018-09-12 14:15:00,392.3,392.45,391.35,391.8,0
2018-09-12 15:15:00,391.8,391.85,391.4,391.7,0
2018-09-14 09:15:00,389.3,389.7,388.0,388.9,0
2018-09-14 10:15:00,388.9,389.05,388.5,388.65,0
2018-09-14 11:15:00,388.65,389.65,388.55,389.1,0
2018-09-14 12:15:00,389.05,389.05,387.85,387.95,0
2018-09-14 13:15:00,388.0,388.3,387.55,387.6,0
2018-09-14 14:15:00,387.6,388.05,386.55,386.8,0
2018-09-14 15:15:00,386.8,387.0,386.7,386.95,0
2018-09-17 09:15:00,388.75,390.85,388.75,390.25,0
2018-09-17 10:15:00,390.25,391.6,390.25,391.55,0
2018-09-17 11:15:00,391.55,391.8,390.3,390.5,0
2018-09-17 12:15:00,390.5,390.95,390.35,390.5,0
2018-09-17 13:15:00,390.5,391.65,390.3,390.75,0
2018-09-17 14:15:00,390.75,391.8,390.55,391.7,0
2018-09-17 15:15:00,391.7,392.0,391.6,391.85,0
2018-09-18 09:15:00,391.6,392.35,390.6,391.75,0
2018-09-18 10:15:00,391.75,393.2,391.55,392.7,0
2018-09-18 11:15:00,392.7,392.7,391.15,391.7,0
2018-09-18 12:15:00,391.7,392.35,391.3,392.15,0
2018-09-18 13:15:00,392.15,392.75,391.7,392.25,0
2018-09-18 14:15:00,392.2,395.25,392.1,395.2,0
2018-09-18 15:15:00,395.25,395.45,394.9,395.0,0
2018-09-19 09:15:00,393.55,395.15,393.5,394.45,0
2018-09-19 10:15:00,394.45,394.45,393.35,394.05,0
2018-09-19 11:15:00,394.05,394.45,393.6,394.45,0
2018-09-19 12:15:00,394.45,395.9,394.25,395.85,0
2018-09-19 13:15:00,395.85,396.1,394.55,396.0,0
2018-09-19 14:15:00,396.0,397.6,395.95,397.0,0
2018-09-19 15:15:00,397.0,397.0,396.3,396.65,0
2018-09-21 09:15:00,395.6,395.8,392.95,393.7,0
2018-09-21 10:15:00,393.7,394.4,393.35,393.55,0
2018-09-21 11:15:00,393.55,395.3,393.55,394.8,0
2018-09-21 12:15:00,394.75,409.8,394.45,401.3,0
2018-09-21 13:15:00,401.4,402.9,398.45,402.5,0
2018-09-21 14:15:00,402.5,404.9,399.85,399.85,0
2018-09-21 15:15:00,399.9,400.35,398.9,399.55,0
2018-09-24 09:15:00,399.55,404.0,399.45,403.85,0
2018-09-24 10:15:00,403.85,404.0,401.65,402.5,0
2018-09-24 11:15:00,402.5,405.9,402.5,405.9,0
2018-09-24 12:15:00,405.9,407.35,404.6,404.85,0
2018-09-24 13:15:00,404.9,407.5,404.8,406.75,0
2018-09-24 14:15:00,406.75,407.35,405.0,406.9,0
2018-09-24 15:15:00,406.9,407.2,406.4,406.4,0
2018-09-25 09:15:00,406.6,409.85,406.1,406.1,0
2018-09-25 10:15:00,406.1,406.8,403.85,404.15,0
2018-09-25 11:15:00,404.1,406.6,403.7,405.65,0
2018-09-25 12:15:00,405.65,406.1,404.1,405.65,0
2018-09-25 13:15:00,405.7,408.85,405.35,405.35,0
2018-09-25 14:15:00,405.35,407.4,402.6,402.7,0
2018-09-25 15:15:00,402.7,403.3,402.55,402.55,0
2018-09-26 09:15:00,400.25,403.3,400.25,402.35,0
2018-09-26 10:15:00,402.35,404.05,402.15,403.9,0
2018-09-26 11:15:00,403.9,405.25,403.6,404.45,0
2018-09-26 12:15:00,404.45,405.75,403.55,405.25,0
2018-09-26 13:15:00,405.25,405.6,403.7,403.9,0
2018-09-26 14:15:00,403.85,404.9,403.0,403.25,0
2018-09-26 15:15:00,403.25,404.05,403.0,403.85,0
2018-09-27 09:15:00,402.7,404.05,402.35,403.7,0
2018-09-27 10:15:00,403.75,404.95,403.45,404.65,0
2018-09-27 11:15:00,404.65,405.45,404.25,404.65,0
2018-09-27 12:15:00,404.65,406.2,404.4,405.8,0
2018-09-27 13:15:00,405.8,407.15,405.4,406.4,0
2018-09-27 14:15:00,406.4,407.3,405.8,406.5,0
2018-09-27 15:15:00,406.5,406.6,405.75,405.85,0
2018-09-28 09:15:00,405.35,408.55,404.4,408.0,0
2018-09-28 10:15:00,407.95,408.3,405.75,406.05,0
2018-09-28 11:15:00,406.0,406.1,404.45,405.9,0
2018-09-28 12:15:00,405.9,407.15,405.45,406.1,0
2018-09-28 13:15:00,406.15,410.1,405.7,408.85,0
2018-09-28 14:15:00,408.85,411.2,407.35,407.35,0
2018-09-28 15:15:00,407.35,408.35,407.15,408.15,0
2018-10-01 09:15:00,408.45,411.2,408.45,410.2,0
2018-10-01 10:15:00,410.2,411.55,409.6,410.95,0
2018-10-01 11:15:00,411.0,412.45,410.7,411.2,0
2018-10-01 12:15:00,411.2,411.9,409.65,410.85,0
2018-10-01 13:15:00,410.85,410.9,408.55,408.6,0
2018-10-01 14:15:00,408.6,408.6,405.5,405.7,0
2018-10-01 15:15:00,405.65,405.75,404.5,405.35,0
2018-10-03 09:15:00,406.6,409.3,406.6,408.1,0
2018-10-03 10:15:00,408.1,409.65,408.1,408.85,0
2018-10-03 11:15:00,408.85,409.3,406.65,406.7,0
2018-10-03 12:15:00,406.7,408.65,406.4,407.9,0
2018-10-03 13:15:00,407.9,408.45,407.05,407.85,0
2018-10-03 14:15:00,407.9,411.35,407.7,411.1,0
2018-10-03 15:15:00,411.15,411.7,411.0,411.5,0
2018-10-04 09:15:00,415.2,418.65,415.2,418.0,0
2018-10-04 10:15:00,417.95,419.45,417.85,418.35,0
2018-10-04 11:15:00,418.3,421.35,418.05,420.55,0
2018-10-04 12:15:00,420.55,420.75,418.5,420.3,0
2018-10-04 13:15:00,420.3,422.15,419.95,421.1,0
2018-10-04 14:15:00,421.1,421.2,418.2,419.85,0
2018-10-04 15:15:00,419.85,422.85,419.85,422.85,0
2018-10-05 09:15:00,424.55,427.05,423.5,426.0,0
2018-10-05 10:15:00,426.0,427.25,425.45,426.55,0
2018-10-05 11:15:00,426.6,427.65,426.1,427.45,0
2018-10-05 12:15:00,427.5,428.8,427.1,428.55,0
2018-10-05 13:15:00,428.5,428.85,426.9,427.6,0
2018-10-05 14:15:00,427.6,432.6,425.85,432.4,0
2018-10-05 15:15:00,432.35,434.45,432.35,434.45,0
2018-10-08 09:15:00,432.9,437.4,431.7,432.7,0
2018-10-08 10:15:00,432.7,433.7,429.6,429.6,0
2018-10-08 11:15:00,429.65,431.75,429.2,431.1,0
2018-10-08 12:15:00,431.1,432.75,430.5,432.55,0
2018-10-08 13:15:00,432.55,436.45,432.2,435.85,0
2018-10-08 14:15:00,435.8,437.55,430.0,430.2,0
2018-10-08 15:15:00,430.25,431.35,429.7,431.0,0
2018-10-09 09:15:00,429.6,432.55,429.3,431.0,0
2018-10-09 10:15:00,431.0,433.65,430.85,432.5,0
2018-10-09 11:15:00,432.45,433.25,431.1,432.9,0
2018-10-09 12:15:00,432.9,434.2,431.4,432.5,0
2018-10-09 13:15:00,432.5,433.55,431.3,431.9,0
2018-10-09 14:15:00,431.85,434.0,429.5,433.5,0
2018-10-09 15:15:00,433.55,434.2,433.0,433.65,0
2018-10-10 09:15:00,432.1,432.65,428.4,429.35,0
2018-10-10 10:15:00,429.35,429.65,427.35,427.6,0
2018-10-10 11:15:00,427.6,428.9,426.9,427.8,0
2018-10-10 12:15:00,427.8,428.45,426.85,427.65,0
2018-10-10 13:15:00,427.65,427.7,425.9,426.55,0
2018-10-10 14:15:00,426.55,427.35,425.75,427.05,0
2018-10-10 15:15:00,427.05,427.1,426.5,426.6,0
2018-10-11 09:15:00,438.65,439.9,436.6,437.85,0
2018-10-11 10:15:00,437.9,438.1,437.0,437.5,0
2018-10-11 11:15:00,437.5,437.6,434.7,434.9,0
2018-10-11 12:15:00,434.9,435.45,431.85,432.65,0
2018-10-11 13:15:00,432.65,435.5,432.25,435.2,0
2018-10-11 14:15:00,435.2,437.9,435.15,436.35,0
2018-10-11 15:15:00,436.3,436.6,435.3,435.45,0
2018-10-12 09:15:00,431.95,432.0,427.2,427.2,0
2018-10-12 10:15:00,427.25,428.15,426.95,427.35,0
2018-10-12 11:15:00,427.35,427.4,426.5,427.2,0
2018-10-12 12:15:00,427.2,427.35,426.0,426.25,0
2018-10-12 13:15:00,426.25,426.75,425.25,425.5,0
2018-10-12 14:15:00,425.5,427.25,425.1,425.7,0
2018-10-12 15:15:00,425.7,426.5,425.6,426.25,0
2018-10-15 09:15:00,424.0,428.0,424.0,427.15,0
2018-10-15 10:15:00,427.15,428.65,426.9,428.1,0
2018-10-15 11:15:00,428.1,428.55,426.5,426.75,0
2018-10-15 12:15:00,426.8,426.95,425.6,426.0,0
2018-10-15 13:15:00,426.0,427.05,423.9,426.1,0
2018-10-15 14:15:00,426.1,426.95,424.25,424.4,0
2018-10-15 15:15:00,424.35,424.5,424.0,424.25,0
2018-10-16 09:15:00,423.05,424.0,421.45,421.5,0
2018-10-16 10:15:00,421.5,421.75,420.85,421.55,0
2018-10-16 11:15:00,421.55,423.25,421.5,422.95,0
2018-10-16 12:15:00,422.95,423.55,421.4,421.8,0
2018-10-16 13:15:00,421.8,422.3,421.15,421.55,0
2018-10-16 14:15:00,421.55,422.45,421.25,421.4,0
2018-10-16 15:15:00,421.4,422.2,421.25,421.95,0
2018-10-17 09:15:00,417.6,420.55,416.75,419.25,0
2018-10-17 10:15:00,419.25,421.2,418.95,420.8,0
2018-10-17 11:15:00,420.8,422.45,420.45,420.75,0
2018-10-17 12:15:00,420.75,422.8,420.5,422.45,0
2018-10-17 13:15:00,422.45,424.15,421.95,423.6,0
2018-10-17 14:15:00,423.6,427.6,423.55,426.85,0
2018-10-17 15:15:00,426.85,427.5,426.6,426.65,0
2018-10-19 09:15:00,431.75,433.05,430.15,430.85,0
2018-10-19 10:15:00,430.85,433.75,430.6,433.05,0
2018-10-19 11:15:00,433.0,433.05,431.25,431.9,0
2018-10-19 12:15:00,431.9,433.0,431.5,432.7,0
2018-10-19 13:15:00,432.7,435.4,432.65,434.6,0
2018-10-19 14:15:00,434.65,435.2,432.55,433.3,0
2018-10-19 15:15:00,433.3,433.55,432.55,432.7,0
2018-10-22 09:15:00,429.15,434.0,429.15,431.95,0
2018-10-22 10:15:00,431.95,433.2,431.5,432.75,0
2018-10-22 11:15:00,432.75,433.3,431.05,431.2,0
2018-10-22 12:15:00,431.25,432.65,430.8,432.0,0
2018-10-22 13:15:00,432.0,433.65,431.9,433.25,0
2018-10-22 14:15:00,433.25,436.75,432.45,436.35,0
2018-10-22 15:15:00,436.35,436.55,435.0,435.65,0
2018-10-23 09:15:00,439.9,439.9,437.75,438.0,0
2018-10-23 10:15:00,438.0,438.6,437.0,438.0,0
2018-10-23 11:15:00,438.0,439.15,437.9,438.45,0
2018-10-23 12:15:00,438.45,439.6,438.0,438.8,0
2018-10-23 13:15:00,438.8,442.0,438.75,440.85,0
2018-10-23 14:15:00,440.85,442.05,439.25,440.1,0
2018-10-23 15:15:00,440.1,440.4,438.4,438.55,0
2018-10-24 09:15:00,434.55,437.65,434.1,436.8,0
2018-10-24 10:15:00,436.8,439.65,436.7,438.75,0
2018-10-24 11:15:00,438.75,439.4,437.4,437.75,0
2018-10-24 12:15:00,437.75,439.1,437.6,438.35,0
2018-10-24 13:15:00,438.3,441.05,436.9,440.25,0
2018-10-24 14:15:00,440.25,441.1,436.1,436.1,0
2018-10-24 15:15:00,436.15,436.85,436.05,436.1,0
2018-10-25 09:15:00,440.8,441.5,439.75,440.85,0
2018-10-25 10:15:00,440.8,443.15,440.65,442.35,0
2018-10-25 11:15:00,442.35,442.7,440.8,441.25,0
2018-10-25 12:15:00,441.25,442.55,440.3,440.45,0
2018-10-25 13:15:00,440.45,441.5,439.45,440.75,0
2018-10-25 14:15:00,440.7,441.75,439.75,441.6,0
2018-10-25 15:15:00,441.6,441.8,440.45,440.6,0
2018-10-26 09:15:00,441.4,446.5,441.4,444.2,0
2018-10-26 10:15:00,444.25,444.25,441.9,443.15,0
2018-10-26 11:15:00,443.15,444.05,441.95,442.2,0
2018-10-26 12:15:00,442.2,443.65,441.15,443.25,0
2018-10-26 13:15:00,443.25,445.0,442.0,444.7,0
2018-10-26 14:15:00,444.7,445.6,443.5,444.85,0
2018-10-26 15:15:00,444.85,446.15,444.85,446.1,0
2018-10-29 09:15:00,443.5,446.05,442.95,443.6,0
2018-10-29 10:15:00,443.6,444.3,442.45,443.15,0
2018-10-29 11:15:00,443.1,443.5,441.2,441.6,0
2018-10-29 12:15:00,441.65,442.5,439.05,439.3,0
2018-10-29 13:15:00,439.3,439.6,438.05,439.3,0
2018-10-29 14:15:00,439.3,440.25,435.5,435.55,0
2018-10-29 15:15:00,435.55,435.9,434.8,435.85,0
2018-10-30 09:15:00,436.35,437.7,434.95,435.05,0
2018-10-30 10:15:00,435.1,436.25,434.45,436.15,0
2018-10-30 11:15:00,436.2,437.3,435.6,436.5,0
2018-10-30 12:15:00,436.5,437.75,435.95,436.25,0
2018-10-30 13:15:00,436.25,437.15,435.75,436.75,0
2018-10-30 14:15:00,436.75,439.1,436.55,438.0,0
2018-10-30 15:15:00,438.0,438.55,437.75,438.55,0
2018-10-31 09:15:00,437.7,441.6,436.15,440.45,0
2018-10-31 10:15:00,440.45,442.2,439.3,439.45,0
2018-10-31 11:15:00,439.45,439.8,436.8,436.8,0
2018-10-31 12:15:00,436.8,437.45,435.6,436.3,0
2018-10-31 13:15:00,436.3,436.3,432.75,433.05,0
2018-10-31 14:15:00,433.05,433.35,429.9,430.05,0
2018-10-31 15:15:00,430.1,431.15,429.7,431.15,0
2018-11-01 09:15:00,427.9,431.35,427.9,430.05,0
2018-11-01 10:15:00,430.05,431.4,429.05,430.9,0
2018-11-01 11:15:00,430.95,432.05,430.25,431.25,0
2018-11-01 12:15:00,431.25,432.0,429.75,430.05,0
2018-11-01 13:15:00,430.05,431.3,429.25,430.65,0
2018-11-01 14:15:00,430.65,431.05,428.9,430.4,0
2018-11-01 15:15:00,430.4,430.85,430.2,430.4,0
2018-11-02 09:15:00,427.1,427.2,424.1,424.35,0
2018-11-02 10:15:00,424.3,424.3,422.7,423.2,0
2018-11-02 11:15:00,423.25,423.45,422.1,422.8,0
2018-11-02 12:15:00,422.8,423.45,422.3,422.45,0
2018-11-02 13:15:00,422.45,423.05,421.15,422.7,0
2018-11-02 14:15:00,422.7,424.4,422.55,423.3,0
2018-11-02 15:15:00,423.3,423.85,423.1,423.2,0
2018-11-05 09:15:00,423.35,425.75,423.35,424.3,0
2018-11-05 10:15:00,424.3,426.15,424.2,426.05,0
2018-11-05 11:15:00,426.1,426.6,425.35,425.45,0
2018-11-05 12:15:00,425.45,425.7,424.85,425.35,0
2018-11-05 13:15:00,425.35,426.5,425.05,425.85,0
2018-11-05 14:15:00,425.8,426.55,424.7,424.7,0
2018-11-05 15:15:00,424.7,424.9,424.2,424.65,0
2018-11-06 09:15:00,423.7,423.85,421.75,423.15,0
2018-11-06 10:15:00,423.15,424.2,422.75,423.7,0
2018-11-06 11:15:00,423.7,423.9,423.25,423.5,0
2018-11-06 12:15:00,423.45,423.65,422.65,422.9,0
2018-11-06 13:15:00,422.85,425.5,422.45,425.2,0
2018-11-06 14:15:00,425.2,426.1,424.2,424.45,0
2018-11-06 15:15:00,424.45,425.0,424.2,425.0,0
2018-11-07 17:30:00,421.25,422.5,421.25,421.85,0
2018-11-09 09:15:00,421.4,424.15,421.4,422.25,0
2018-11-09 10:15:00,422.25,422.5,421.2,421.25,0
2018-11-09 11:15:00,421.25,422.1,421.2,421.6,0
2018-11-09 12:15:00,421.6,422.85,421.5,422.45,0
2018-11-09 13:15:00,422.45,423.45,422.3,423.0,0
2018-11-09 14:15:00,423.05,423.05,421.95,422.25,0
2018-11-09 15:15:00,422.25,422.85,422.2,422.6,0
2018-11-12 09:15:00,421.9,422.5,420.4,422.5,0
2018-11-12 10:15:00,422.45,423.3,422.4,422.45,0
2018-11-12 11:15:00,422.45,423.4,422.05,423.15,0
2018-11-12 12:15:00,423.15,424.7,422.7,424.35,0
2018-11-12 13:15:00,424.35,425.9,424.2,425.35,0
2018-11-12 14:15:00,425.35,426.7,425.05,426.65,0
2018-11-12 15:15:00,426.65,427.6,426.65,426.95,0
2018-11-13 09:15:00,428.2,428.65,426.1,426.7,0
2018-11-13 10:15:00,426.7,428.0,426.6,427.5,0
2018-11-13 11:15:00,427.55,427.65,426.1,426.1,0
2018-11-13 12:15:00,426.1,426.65,425.45,425.6,0
2018-11-13 13:15:00,425.6,425.95,423.2,423.6,0
2018-11-13 14:15:00,423.6,424.15,422.65,422.65,0
2018-11-13 15:15:00,422.65,423.15,422.35,422.95,0
2018-11-14 09:15:00,420.9,423.85,420.25,423.2,0
2018-11-14 10:15:00,423.25,423.9,421.6,422.4,0
2018-11-14 11:15:00,422.4,422.6,421.1,421.7,0
2018-11-14 12:15:00,421.7,422.95,421.15,422.3,0
2018-11-14 13:15:00,422.25,424.35,422.1,423.95,0
2018-11-14 14:15:00,423.95,424.95,422.4,423.05,0
2018-11-14 15:15:00,423.05,423.65,423.0,423.55,0
2018-11-15 09:15:00,423.1,423.95,422.05,423.25,0
2018-11-15 10:15:00,423.25,423.45,422.1,422.4,0
2018-11-15 11:15:00,422.4,422.6,421.35,421.6,0
2018-11-15 12:15:00,421.65,422.25,420.65,420.8,0
2018-11-15 13:15:00,420.8,421.55,420.5,421.3,0
2018-11-15 14:15:00,421.3,422.1,420.85,421.45,0
2018-11-15 15:15:00,421.45,422.4,421.4,422.25,0
2018-11-16 09:15:00,420.65,421.05,418.9,419.3,0
2018-11-16 10:15:00,419.25,420.15,418.65,419.6,0
2018-11-16 11:15:00,419.6,420.7,419.4,419.7,0
2018-11-16 12:15:00,419.7,419.85,419.0,419.1,0
2018-11-16 13:15:00,419.1,420.3,418.85,419.85,0
2018-11-16 14:15:00,419.85,421.15,418.9,419.15,0
2018-11-16 15:15:00,419.15,419.35,418.85,419.2,0
2018-11-19 09:15:00,417.45,418.95,417.45,418.3,0
2018-11-19 10:15:00,418.35,419.1,418.25,418.5,0
2018-11-19 11:15:00,418.5,418.85,418.05,418.25,0
2018-11-19 12:15:00,418.25,418.55,418.05,418.35,0
2018-11-19 13:15:00,418.35,418.4,417.1,417.3,0
2018-11-19 14:15:00,417.3,418.2,416.25,416.3,0
2018-11-19 15:15:00,416.3,416.35,415.75,415.95,0
2018-11-20 09:15:00,417.15,418.3,417.15,417.8,0
2018-11-20 10:15:00,417.75,418.45,417.6,418.3,0
2018-11-20 11:15:00,418.3,418.65,417.85,418.0,0
2018-11-20 12:15:00,418.0,419.25,417.8,418.9,0
2018-11-20 13:15:00,418.9,420.05,418.45,419.75,0
2018-11-20 14:15:00,419.75,421.0,419.75,420.2,0
2018-11-20 15:15:00,420.2,420.85,420.15,420.7,0
2018-11-21 09:15:00,419.9,422.9,419.9,422.6,0
2018-11-21 10:15:00,422.6,424.2,422.55,423.75,0
2018-11-21 11:15:00,423.75,424.1,423.2,423.3,0
2018-11-21 12:15:00,423.3,423.45,422.35,423.4,0
2018-11-21 13:15:00,423.4,423.6,421.85,421.9,0
2018-11-21 14:15:00,421.9,423.0,421.35,422.7,0
2018-11-21 15:15:00,422.7,423.15,422.4,422.5,0
2018-11-22 09:15:00,422.25,422.55,420.95,421.75,0
2018-11-22 10:15:00,421.75,422.55,421.1,422.0,0
2018-11-22 11:15:00,422.0,422.45,421.75,422.2,0
2018-11-22 12:15:00,422.2,423.45,421.5,423.1,0
2018-11-22 13:15:00,423.1,424.65,423.05,423.95,0
2018-11-22 14:15:00,424.0,426.05,423.4,425.75,0
2018-11-22 15:15:00,425.8,426.25,425.4,425.95,0
2018-11-26 09:15:00,424.35,426.0,423.65,425.45,0
2018-11-26 10:15:00,425.45,426.6,425.45,426.45,0
2018-11-26 11:15:00,426.45,427.45,426.1,426.2,0
2018-11-26 12:15:00,426.2,426.45,424.7,425.2,0
2018-11-26 13:15:00,425.2,425.35,423.15,423.25,0
2018-11-26 14:15:00,423.25,423.25,421.55,421.6,0
2018-11-26 15:15:00,421.6,422.0,421.6,421.7,0
2018-11-27 09:15:00,422.25,423.25,421.7,422.05,0
2018-11-27 10:15:00,422.05,422.3,421.45,422.05,0
2018-11-27 11:15:00,422.05,423.0,422.05,422.4,0
2018-11-27 12:15:00,422.45,423.15,420.85,421.3,0
2018-11-27 13:15:00,421.25,421.95,420.05,421.2,0
2018-11-27 14:15:00,421.25,421.4,419.35,419.85,0
2018-11-27 15:15:00,419.85,420.0,419.55,419.7,0
2018-11-28 09:15:00,418.85,419.05,417.65,417.8,0
2018-11-28 10:15:00,417.8,418.45,417.55,418.0,0
2018-11-28 11:15:00,418.0,418.05,417.3,417.5,0
2018-11-28 12:15:00,417.45,417.7,416.95,417.2,0
2018-11-28 13:15:00,417.2,418.25,417.2,418.25,0
2018-11-28 14:15:00,418.25,418.6,417.25,418.0,0
2018-11-28 15:15:00,418.0,418.5,417.95,418.35,0
2018-11-29 09:15:00,415.05,416.05,414.85,415.1,0
2018-11-29 10:15:00,415.05,415.1,414.0,414.75,0
2018-11-29 11:15:00,414.75,414.75,413.95,414.45,0
2018-11-29 12:15:00,414.45,414.75,413.55,413.7,0
2018-11-29 13:15:00,413.7,414.25,412.25,412.4,0
2018-11-29 14:15:00,412.4,413.5,412.3,413.4,0
2018-11-29 15:15:00,413.4,413.45,412.25,412.4,0
2018-11-30 09:15:00,411.9,412.25,410.75,411.7,0
2018-11-30 10:15:00,411.7,411.9,411.05,411.4,0
2018-11-30 11:15:00,411.4,412.95,411.2,412.7,0
2018-11-30 12:15:00,412.65,413.45,412.3,413.3,0
2018-11-30 13:15:00,413.3,413.9,413.05,413.4,0
2018-11-30 14:15:00,413.4,414.05,412.35,412.75,0
2018-11-30 15:15:00,412.75,412.75,411.95,412.25,0
2018-12-03 09:15:00,410.65,411.8,410.25,411.3,0
2018-12-03 10:15:00,411.3,412.3,410.85,412.0,0
2018-12-03 11:15:00,412.0,413.55,411.75,413.4,0
2018-12-03 12:15:00,413.4,413.9,412.95,413.35,0
2018-12-03 13:15:00,413.4,413.45,412.0,412.6,0
2018-12-03 14:15:00,412.6,413.3,412.15,412.35,0
2018-12-03 15:15:00,412.3,412.5,412.1,412.15,0
2018-12-04 09:15:00,412.75,413.95,412.25,413.35,0
2018-12-04 10:15:00,413.35,414.15,413.15,414.05,0
2018-12-04 11:15:00,414.05,414.4,413.4,413.45,0
2018-12-04 12:15:00,413.45,413.65,413.15,413.55,0
2018-12-04 13:15:00,413.55,414.0,412.55,413.0,0
2018-12-04 14:15:00,413.0,413.3,412.65,413.0,0
2018-12-04 15:15:00,413.0,413.2,412.85,413.05,0
2018-12-05 09:15:00,414.95,416.3,414.95,415.7,0
2018-12-05 10:15:00,415.7,416.45,415.4,416.15,0
2018-12-05 11:15:00,416.15,416.35,415.85,415.95,0
2018-12-05 12:15:00,415.95,416.1,415.4,415.9,0
2018-12-05 13:15:00,415.9,416.6,415.85,416.3,0
2018-12-05 14:15:00,416.25,417.75,415.75,416.35,0
2018-12-05 15:15:00,416.35,416.55,416.0,416.15,0
2018-12-06 09:15:00,418.95,421.4,418.8,421.15,0
2018-12-06 10:15:00,421.15,421.9,420.75,421.6,0
2018-12-06 11:15:00,421.6,421.8,421.1,421.45,0
2018-12-06 12:15:00,421.45,421.65,419.9,420.3,0
2018-12-06 13:15:00,420.3,422.2,419.85,422.05,0
2018-12-06 14:15:00,422.05,423.8,422.05,423.7,0
2018-12-06 15:15:00,423.75,424.0,423.35,423.8,0
2018-12-07 09:15:00,421.8,422.8,421.4,422.25,0
2018-12-07 10:15:00,422.25,422.3,421.65,422.25,0
2018-12-07 11:15:00,422.2,422.95,422.1,422.65,0
2018-12-07 12:15:00,422.65,423.2,421.35,422.8,0
2018-12-07 13:15:00,422.8,423.6,421.5,421.7,0
2018-12-07 14:15:00,421.65,422.35,419.9,419.9,0
2018-12-07 15:15:00,419.85,420.0,419.45,419.7,0
2018-12-10 09:15:00,427.35,428.25,425.4,427.85,0
2018-12-10 10:15:00,427.85,427.85,427.05,427.15,0
2018-12-10 11:15:00,427.15,427.2,426.0,426.05,0
2018-12-10 12:15:00,426.1,427.0,426.0,426.5,0
2018-12-10 13:15:00,426.5,427.85,426.05,427.6,0
2018-12-10 14:15:00,427.6,428.45,427.35,428.0,0
2018-12-10 15:15:00,428.0,428.65,427.95,428.55,0
2018-12-11 09:15:00,433.9,434.5,431.3,432.15,0
2018-12-11 10:15:00,432.15,432.6,429.45,429.6,0
2018-12-11 11:15:00,429.65,429.95,426.45,429.2,0
2018-12-11 12:15:00,429.2,429.6,425.1,425.95,0
2018-12-11 13:15:00,425.95,428.0,425.35,426.95,0
2018-12-11 14:15:00,426.95,427.0,425.05,425.9,0
2018-12-11 15:15:00,425.9,425.95,425.1,425.4,0
2018-12-12 09:15:00,424.15,425.3,421.65,422.35,0
2018-12-12 10:15:00,422.35,422.45,420.75,421.35,0
2018-12-12 11:15:00,421.35,421.4,420.9,421.15,0
2018-12-12 12:15:00,421.2,422.3,421.1,421.95,0
2018-12-12 13:15:00,421.95,422.4,420.3,420.4,0
2018-12-12 14:15:00,420.4,420.5,418.3,418.45,0
2018-12-12 15:15:00,418.45,418.45,417.65,418.3,0
2018-12-13 09:15:00,415.45,416.7,415.25,415.75,0
2018-12-13 10:15:00,415.75,416.65,415.45,416.45,0
2018-12-13 11:15:00,416.45,416.95,416.2,416.4,0
2018-12-13 12:15:00,416.4,416.6,415.4,415.75,0
2018-12-13 13:15:00,415.75,416.7,414.35,416.6,0
2018-12-13 14:15:00,416.55,417.8,416.05,416.05,0
2018-12-13 15:15:00,416.05,416.45,415.7,416.3,0
2018-12-14 09:15:00,416.55,417.75,415.35,415.55,0
2018-12-14 10:15:00,415.55,417.0,415.4,416.9,0
2018-12-14 11:15:00,416.9,417.2,415.95,416.35,0
2018-12-14 12:15:00,416.35,416.6,415.55,415.95,0
2018-12-14 13:15:00,415.95,416.85,415.55,416.5,0
2018-12-14 14:15:00,416.5,417.0,415.45,415.45,0
2018-12-14 15:15:00,415.45,415.95,415.35,415.85,0
2018-12-17 09:15:00,414.1,414.4,413.25,413.85,0
2018-12-17 10:15:00,413.85,413.85,413.15,413.45,0
2018-12-17 11:15:00,413.45,413.9,413.35,413.55,0
2018-12-17 12:15:00,413.55,414.0,413.35,413.7,0
2018-12-17 13:15:00,413.7,414.3,413.45,413.85,0
2018-12-17 14:15:00,413.85,413.85,412.35,412.8,0
2018-12-17 15:15:00,412.8,413.15,412.65,412.9,0
2018-12-18 09:15:00,414.25,415.2,414.25,414.9,0
2018-12-18 10:15:00,414.9,415.45,414.85,415.1,0
2018-12-18 11:15:00,415.1,415.25,414.45,414.75,0
2018-12-18 12:15:00,414.75,414.9,413.65,413.85,0
2018-12-18 13:15:00,413.85,414.35,413.2,413.2,0
2018-12-18 14:15:00,413.25,413.4,411.8,411.9,0
2018-12-18 15:15:00,411.9,412.15,411.85,411.95,0
2018-12-19 09:15:00,411.3,411.3,410.15,410.3,0
2018-12-19 10:15:00,410.3,411.15,410.1,411.15,0
2018-12-19 11:15:00,411.15,411.4,410.25,410.6,0
2018-12-19 12:15:00,410.6,410.65,409.8,409.85,0
2018-12-19 13:15:00,409.85,410.1,409.35,409.75,0
2018-12-19 14:15:00,409.75,410.15,409.25,409.9,0
2018-12-19 15:15:00,409.95,410.25,409.9,410.15,0
2018-12-20 09:15:00,413.05,413.25,411.2,411.7,0
2018-12-20 10:15:00,411.7,413.2,411.65,412.45,0
2018-12-20 11:15:00,412.45,412.55,411.9,412.1,0
2018-12-20 12:15:00,412.1,412.2,410.75,411.15,0
2018-12-20 13:15:00,411.15,412.15,411.1,411.3,0
2018-12-20 14:15:00,411.3,411.7,410.3,410.3,0
2018-12-20 15:15:00,410.3,410.55,410.2,410.25,0
2018-12-21 09:15:00,410.95,413.05,410.2,412.65,0
2018-12-21 10:15:00,412.65,415.8,412.65,415.15,0
2018-12-21 11:15:00,415.15,416.05,414.85,415.8,0
2018-12-21 12:15:00,415.8,415.85,414.5,415.35,0
2018-12-21 13:15:00,415.35,417.15,415.2,417.05,0
2018-12-21 14:15:00,417.05,418.35,416.8,418.3,0
2018-12-21 15:15:00,418.3,418.6,417.9,418.0,0
2018-12-24 09:15:00,417.25,420.05,417.25,419.4,0
2018-12-24 10:15:00,419.45,419.85,418.7,419.2,0
2018-12-24 11:15:00,419.2,420.0,419.0,419.65,0
2018-12-24 12:15:00,419.65,419.9,417.95,418.75,0
2018-12-24 13:15:00,418.75,419.55,418.1,419.0,0
2018-12-24 14:15:00,419.0,422.35,418.85,421.75,0
2018-12-24 15:15:00,421.7,422.15,421.4,421.5,0
2018-12-26 09:15:00,423.1,426.85,423.1,426.85,0
2018-12-26 10:15:00,426.85,427.05,425.2,425.5,0
2018-12-26 11:15:00,425.5,426.0,424.25,424.55,0
2018-12-26 12:15:00,424.55,424.85,423.45,423.9,0
2018-12-26 13:15:00,423.9,424.15,419.65,420.35,0
2018-12-26 14:15:00,420.35,420.35,418.65,419.55,0
2018-12-26 15:15:00,419.55,419.65,418.85,419.05,0
2018-12-27 09:15:00,416.0,417.7,415.75,417.3,0
2018-12-27 10:15:00,417.3,417.3,415.35,416.05,0
2018-12-27 11:15:00,416.05,417.05,416.0,416.45,0
2018-12-27 12:15:00,416.45,417.75,416.25,417.2,0
2018-12-27 13:15:00,417.2,417.3,415.9,416.2,0
2018-12-27 14:15:00,416.2,418.05,416.1,417.4,0
2018-12-27 15:15:00,417.45,417.7,417.35,417.7,0
2018-12-28 09:15:00,415.95,416.0,413.65,413.7,0
2018-12-28 10:15:00,413.7,414.05,413.4,413.7,0
2018-12-28 11:15:00,413.7,414.3,413.35,413.55,0
2018-12-28 12:15:00,413.55,413.95,413.4,413.7,0
2018-12-28 13:15:00,413.75,413.75,413.2,413.7,0
2018-12-28 14:15:00,413.75,414.75,413.15,414.75,0
2018-12-28 15:15:00,414.75,414.85,414.35,414.5,0
2018-12-31 09:15:00,412.6,414.15,412.25,413.4,0
2018-12-31 10:15:00,413.4,413.8,413.05,413.7,0
2018-12-31 11:15:00,413.7,414.55,413.65,414.45,0
2018-12-31 12:15:00,414.45,414.9,414.3,414.4,0
2018-12-31 13:15:00,414.4,414.5,413.6,413.95,0
2018-12-31 14:15:00,413.95,414.65,413.8,414.55,0
2018-12-31 15:15:00,414.55,414.75,414.5,414.6,0
2019-01-01 09:15:00,413.9,416.5,413.8,416.0,0
2019-01-01 10:15:00,416.0,416.15,415.4,415.5,0
2019-01-01 11:15:00,415.5,415.9,415.45,415.6,0
2019-01-01 12:15:00,415.6,416.25,415.55,415.95,0
2019-01-01 13:15:00,415.95,416.75,415.85,416.3,0
2019-01-01 14:15:00,416.3,416.3,412.7,413.15,0
2019-01-01 15:15:00,413.15,413.15,412.35,412.65,0
2019-01-02 09:15:00,414.45,415.55,413.95,414.55,0
2019-01-02 10:15:00,414.55,414.6,413.45,414.3,0
2019-01-02 11:15:00,414.3,414.5,414.05,414.3,0
2019-01-02 12:15:00,414.3,417.75,414.25,416.85,0
2019-01-02 13:15:00,416.85,419.5,416.7,418.55,0
2019-01-02 14:15:00,418.55,418.95,416.7,417.45,0
2019-01-02 15:15:00,417.45,417.9,417.2,417.8,0
2019-01-03 09:15:00,417.25,419.05,416.75,416.85,0
2019-01-03 10:15:00,416.85,419.05,416.6,418.95,0
2019-01-03 11:15:00,418.95,420.55,418.95,420.35,0
2019-01-03 12:15:00,420.35,420.95,419.85,420.2,0
2019-01-03 13:15:00,420.2,422.0,419.7,421.8,0
2019-01-03 14:15:00,421.8,422.25,421.35,422.1,0
2019-01-03 15:15:00,422.1,422.45,422.0,422.25,0
2019-01-04 09:15:00,421.05,423.05,419.9,422.45,0
2019-01-04 10:15:00,422.4,423.85,421.1,422.1,0
2019-01-04 11:15:00,422.1,422.2,421.15,421.4,0
2019-01-04 12:15:00,421.4,421.8,419.4,419.8,0
2019-01-04 13:15:00,419.8,422.25,419.55,422.2,0
2019-01-04 14:15:00,422.15,422.65,419.6,420.05,0
2019-01-04 15:15:00,420.05,420.25,419.75,419.8,0
2019-01-07 09:15:00,417.15,418.05,416.45,416.75,0
2019-01-07 10:15:00,416.75,416.9,415.95,416.7,0
2019-01-07 11:15:00,416.7,417.9,416.45,417.3,0
2019-01-07 12:15:00,417.3,417.6,417.05,417.15,0
2019-01-07 13:15:00,417.15,418.0,416.65,417.15,0
2019-01-07 14:15:00,417.1,419.25,417.1,418.35,0
2019-01-07 15:15:00,418.35,418.55,418.15,418.5,0
2019-01-08 09:15:00,417.95,420.0,417.55,417.85,0
2019-01-08 10:15:00,417.85,419.2,417.45,418.85,0
2019-01-08 11:15:00,418.85,419.45,418.55,418.85,0
2019-01-08 12:15:00,418.85,419.05,418.35,418.8,0
2019-01-08 13:15:00,418.8,419.1,416.75,417.25,0
2019-01-08 14:15:00,417.25,417.7,416.7,417.05,0
2019-01-08 15:15:00,417.05,417.95,416.95,417.85,0
2019-01-09 09:15:00,415.1,415.6,414.75,415.25,0
2019-01-09 10:15:00,415.3,416.15,415.15,415.8,0
2019-01-09 11:15:00,415.85,416.35,415.8,416.15,0
2019-01-09 12:15:00,416.15,416.8,415.4,415.55,0
2019-01-09 13:15:00,415.6,419.4,415.0,417.6,0
2019-01-09 14:15:00,417.6,418.1,414.95,415.15,0
2019-01-09 15:15:00,415.15,415.65,415.0,415.55,0
2019-01-10 09:15:00,415.25,416.55,415.25,415.95,0
2019-01-10 10:15:00,416.0,416.35,415.3,416.3,0
2019-01-10 11:15:00,416.3,417.1,416.15,416.7,0
2019-01-10 12:15:00,416.7,417.0,416.4,416.45,0
2019-01-10 13:15:00,416.45,417.15,416.15,416.35,0
2019-01-10 14:15:00,416.35,417.45,416.15,416.7,0
2019-01-10 15:15:00,416.7,417.05,416.65,416.95,0
2019-01-11 09:15:00,416.3,416.9,415.7,416.7,0
2019-01-11 10:15:00,416.7,417.6,416.5,417.3,0
2019-01-11 11:15:00,417.35,419.25,417.15,418.55,0
2019-01-11 12:15:00,418.55,419.1,418.4,418.75,0
2019-01-11 13:15:00,418.75,419.95,418.6,419.3,0
2019-01-11 14:15:00,419.25,419.4,417.25,417.4,0
2019-01-11 15:15:00,417.4,418.3,417.35,418.3,0
2019-01-14 09:15:00,417.55,421.25,417.55,421.2,0
2019-01-14 10:15:00,421.2,421.35,420.35,420.9,0
2019-01-14 11:15:00,420.9,422.0,420.9,421.8,0
2019-01-14 12:15:00,421.75,421.75,421.1,421.5,0
2019-01-14 13:15:00,421.5,421.6,420.55,420.7,0
2019-01-14 14:15:00,420.65,420.85,420.05,420.2,0
2019-01-14 15:15:00,420.2,420.5,420.0,420.15,0
2019-01-15 09:15:00,418.75,418.75,416.45,417.05,0
2019-01-15 10:15:00,417.05,417.3,416.0,416.3,0
2019-01-15 11:15:00,416.3,416.35,415.5,416.05,0
2019-01-15 12:15:00,416.05,416.5,416.05,416.2,0
2019-01-15 13:15:00,416.2,416.35,415.65,415.85,0
2019-01-15 14:15:00,415.85,415.9,414.4,414.4,0
2019-01-15 15:15:00,414.4,414.6,414.15,414.6,0
2019-01-16 09:15:00,414.1,414.3,413.0,413.6,0
2019-01-16 10:15:00,413.6,414.6,413.5,414.5,0
2019-01-16 11:15:00,414.5,414.85,413.5,413.75,0
2019-01-16 12:15:00,413.75,414.0,413.15,413.75,0
2019-01-16 13:15:00,413.75,414.95,413.4,414.45,0
2019-01-16 14:15:00,414.45,414.7,413.75,414.35,0
2019-01-16 15:15:00,414.35,414.7,414.3,414.5,0
2019-01-17 09:15:00,413.35,414.15,413.05,413.55,0
2019-01-17 10:15:00,413.55,414.1,413.2,413.4,0
2019-01-17 11:15:00,413.4,414.4,413.35,414.2,0
2019-01-17 12:15:00,414.25,414.8,414.05,414.55,0
2019-01-17 13:15:00,414.55,416.25,414.55,415.2,0
2019-01-17 14:15:00,415.15,415.15,413.0,413.85,0
2019-01-17 15:15:00,413.9,414.55,413.9,414.55,0
2019-01-18 09:15:00,413.65,415.5,413.15,415.2,0
2019-01-18 10:15:00,415.2,416.05,414.2,415.0,0
2019-01-18 11:15:00,415.0,415.3,414.65,415.15,0
2019-01-18 12:15:00,415.2,415.65,414.9,415.25,0
2019-01-18 13:15:00,415.25,415.25,413.7,414.1,0
2019-01-18 14:15:00,414.1,414.9,413.65,414.1,0
2019-01-18 15:15:00,414.15,414.25,413.65,413.95,0
2019-01-21 09:15:00,413.7,415.0,411.25,411.75,0
2019-01-21 10:15:00,411.75,412.2,411.15,412.1,0
2019-01-21 11:15:00,412.1,412.55,411.9,412.1,0
2019-01-21 12:15:00,412.15,412.2,411.75,411.85,0
2019-01-21 13:15:00,411.85,412.55,411.5,411.95,0
2019-01-21 14:15:00,411.95,412.2,411.45,411.95,0
2019-01-21 15:15:00,412.0,412.65,411.95,412.6,0
2019-01-22 09:15:00,412.65,414.4,412.65,414.15,0
2019-01-22 10:15:00,414.1,414.7,413.7,414.7,0
2019-01-22 11:15:00,414.7,415.85,414.25,415.4,0
2019-01-22 12:15:00,415.4,415.6,414.6,415.0,0
2019-01-22 13:15:00,415.0,415.2,413.7,413.9,0
2019-01-22 14:15:00,413.9,414.8,413.45,413.55,0
2019-01-22 15:15:00,413.55,413.9,413.35,413.8,0
2019-01-23 09:15:00,413.4,414.05,412.95,413.85,0
2019-01-23 10:15:00,413.85,414.35,413.65,414.0,0
2019-01-23 11:15:00,414.05,414.05,413.2,413.25,0
2019-01-23 12:15:00,413.25,413.65,412.9,413.55,0
2019-01-23 13:15:00,413.55,414.3,413.45,413.6,0
2019-01-23 14:15:00,413.55,417.5,413.55,417.35,0
2019-01-23 15:15:00,417.35,417.85,417.2,417.5,0
2019-01-24 09:15:00,416.75,418.5,416.65,417.15,0
2019-01-24 10:15:00,417.15,417.35,416.2,417.1,0
2019-01-24 11:15:00,417.1,417.9,416.85,417.05,0
2019-01-24 12:15:00,417.05,418.1,416.7,417.6,0
2019-01-24 13:15:00,417.6,418.4,417.0,417.35,0
2019-01-24 14:15:00,417.3,417.65,416.05,416.15,0
2019-01-24 15:15:00,416.15,416.5,415.9,416.1,0
2019-01-25 09:15:00,416.25,416.25,413.5,413.9,0
2019-01-25 10:15:00,413.9,414.5,413.85,414.3,0
2019-01-25 11:15:00,414.25,414.95,414.25,414.75,0
2019-01-25 12:15:00,414.75,415.2,414.45,414.8,0
2019-01-25 13:15:00,414.8,417.9,414.7,417.45,0
2019-01-25 14:15:00,417.45,420.15,417.4,419.4,0
2019-01-25 15:15:00,419.35,419.5,418.6,419.35,0
2019-01-28 09:15:00,419.05,422.7,418.6,422.05,0
2019-01-28 10:15:00,422.05,422.75,421.65,422.75,0
2019-01-28 11:15:00,422.75,424.05,422.65,423.05,0
2019-01-28 12:15:00,423.05,423.75,422.85,423.4,0
2019-01-28 13:15:00,423.4,425.3,423.25,424.8,0
2019-01-28 14:15:00,424.8,425.15,423.2,424.35,0
2019-01-28 15:15:00,424.35,424.65,423.5,423.6,0
2019-01-29 09:15:00,424.5,425.95,423.65,424.75,0
2019-01-29 10:15:00,424.75,425.55,424.3,425.1,0
2019-01-29 11:15:00,425.1,425.25,424.5,424.65,0
2019-01-29 12:15:00,424.7,426.9,424.0,426.9,0
2019-01-29 13:15:00,426.95,427.3,425.95,426.95,0
2019-01-29 14:15:00,426.9,427.05,424.6,425.35,0
2019-01-29 15:15:00,425.3,425.35,423.05,423.6,0
2019-01-30 09:15:00,422.65,424.05,422.45,423.35,0
2019-01-30 10:15:00,423.35,425.8,423.3,425.55,0
2019-01-30 11:15:00,425.55,425.55,424.6,425.3,0
2019-01-30 12:15:00,425.3,425.4,423.65,424.1,0
2019-01-30 13:15:00,424.15,424.95,423.7,424.15,0
2019-01-30 14:15:00,424.2,426.2,423.1,424.6,0
2019-01-30 15:15:00,424.6,425.35,424.15,425.2,0
2019-01-31 09:15:00,423.2,423.65,422.5,423.1,0
2019-01-31 10:15:00,423.1,423.3,421.25,421.4,0
2019-01-31 11:15:00,421.4,421.65,420.4,420.7,0
2019-01-31 12:15:00,420.7,421.3,420.0,420.1,0
2019-01-31 13:15:00,420.1,420.1,418.3,419.35,0
2019-01-31 14:15:00,419.35,419.4,417.3,417.65,0
2019-01-31 15:15:00,417.65,418.15,417.45,418.15,0
2019-02-01 09:15:00,416.9,417.45,415.45,416.1,0
2019-02-01 10:15:00,416.05,416.95,415.7,416.45,0
2019-02-01 11:15:00,416.5,416.85,415.65,416.4,0
2019-02-01 12:15:00,416.4,416.5,411.8,411.9,0
2019-02-01 13:15:00,411.9,417.6,411.85,416.2,0
2019-02-01 14:15:00,416.2,418.35,414.85,415.35,0
2019-02-01 15:15:00,415.35,415.45,415.0,415.3,0
2019-02-04 09:15:00,416.1,417.9,416.1,416.9,0
2019-02-04 10:15:00,416.9,417.8,416.45,417.7,0
2019-02-04 11:15:00,417.7,417.7,416.6,416.9,0
2019-02-04 12:15:00,416.9,418.5,416.85,417.4,0
2019-02-04 13:15:00,417.4,418.1,415.5,416.25,0
2019-02-04 14:15:00,416.25,416.45,414.15,415.1,0
2019-02-04 15:15:00,415.05,415.1,414.7,414.85,0
2019-02-05 09:15:00,414.95,415.8,414.2,414.5,0
2019-02-05 10:15:00,414.5,415.05,414.1,414.9,0
2019-02-05 11:15:00,414.9,415.1,413.45,413.5,0
2019-02-05 12:15:00,413.5,414.2,413.4,413.75,0
2019-02-05 13:15:00,413.75,414.65,413.15,413.9,0
2019-02-05 14:15:00,413.9,414.25,413.35,414.0,0
2019-02-05 15:15:00,414.0,414.2,413.9,413.95,0
2019-02-06 09:15:00,412.9,412.95,410.9,411.85,0
2019-02-06 10:15:00,411.85,412.35,411.55,411.75,0
2019-02-06 11:15:00,411.8,411.85,410.8,410.95,0
2019-02-06 12:15:00,410.95,411.05,409.85,410.1,0
2019-02-06 13:15:00,410.1,410.45,409.3,409.6,0
2019-02-06 14:15:00,409.55,410.0,409.1,409.2,0
2019-02-06 15:15:00,409.2,409.35,408.85,408.95,0
2019-02-07 09:15:00,409.0,409.5,407.8,408.3,0
2019-02-07 10:15:00,408.3,408.55,407.9,408.35,0
2019-02-07 11:15:00,408.35,409.35,407.2,408.45,0
2019-02-07 12:15:00,408.45,409.95,408.1,408.35,0
2019-02-07 13:15:00,408.35,408.95,407.4,407.95,0
2019-02-07 14:15:00,407.95,408.85,407.45,408.8,0
2019-02-07 15:15:00,408.85,409.75,408.75,409.55,0
2019-02-08 09:15:00,410.8,411.45,410.15,411.2,0
2019-02-08 10:15:00,411.2,412.05,410.95,411.6,0
2019-02-08 11:15:00,411.6,411.8,411.3,411.55,0
2019-02-08 12:15:00,411.55,413.4,411.45,412.9,0
2019-02-08 13:15:00,412.9,413.0,410.8,411.25,0
2019-02-08 14:15:00,411.25,414.15,411.1,414.05,0
2019-02-08 15:15:00,414.05,414.4,414.0,414.15,0
2019-02-11 09:15:00,414.45,417.2,414.45,416.65,0
2019-02-11 10:15:00,416.65,417.0,416.25,416.4,0
2019-02-11 11:15:00,416.4,416.6,415.7,416.0,0
2019-02-11 12:15:00,416.0,416.45,415.45,415.7,0
2019-02-11 13:15:00,415.65,416.9,415.25,415.5,0
2019-02-11 14:15:00,415.5,416.65,414.85,416.15,0
2019-02-11 15:15:00,416.15,416.3,415.5,415.6,0
2019-02-12 09:15:00,416.45,417.1,415.25,416.7,0
2019-02-12 10:15:00,416.7,416.75,415.8,416.25,0
2019-02-12 11:15:00,416.25,416.6,415.8,416.5,0
2019-02-12 12:15:00,416.5,417.15,415.95,416.6,0
2019-02-12 13:15:00,416.6,417.05,416.25,416.45,0
2019-02-12 14:15:00,416.4,418.55,415.9,418.2,0
2019-02-12 15:15:00,418.25,418.55,418.05,418.4,0
2019-02-13 09:15:00,416.85,418.15,416.05,417.8,0
2019-02-13 10:15:00,417.8,417.85,416.7,417.2,0
2019-02-13 11:15:00,417.2,417.6,417.0,417.4,0
2019-02-13 12:15:00,417.45,417.65,416.95,417.4,0
2019-02-13 13:15:00,417.35,418.6,417.2,417.5,0
2019-02-13 14:15:00,417.5,420.1,417.45,420.0,0
2019-02-13 15:15:00,420.0,420.65,420.0,420.55,0
2019-02-14 09:15:00,420.2,421.95,420.2,421.75,0
2019-02-14 10:15:00,421.75,422.1,421.5,421.95,0
2019-02-14 11:15:00,421.95,422.1,421.4,421.45,0
2019-02-14 12:15:00,421.45,422.45,421.25,422.0,0
2019-02-14 13:15:00,422.0,422.8,420.3,421.15,0
2019-02-14 14:15:00,421.2,422.3,420.95,421.95,0
2019-02-14 15:15:00,421.95,422.0,421.15,421.25,0
2019-02-15 09:15:00,420.45,424.55,420.4,424.4,0
2019-02-15 10:15:00,424.45,425.9,423.7,425.85,0
2019-02-15 11:15:00,425.85,426.2,424.8,425.85,0
2019-02-15 12:15:00,425.85,426.75,425.15,425.5,0
2019-02-15 13:15:00,425.55,425.9,423.1,423.1,0
2019-02-15 14:15:00,423.05,424.65,422.3,422.5,0
2019-02-15 15:15:00,422.5,422.7,421.9,422.55,0
2019-02-18 09:15:00,422.3,425.65,421.5,424.75,0
2019-02-18 10:15:00,424.75,426.15,424.6,426.0,0
2019-02-18 11:15:00,426.0,426.2,425.4,425.8,0
2019-02-18 12:15:00,425.8,426.0,424.5,425.2,0
2019-02-18 13:15:00,425.2,426.05,424.7,425.3,0
2019-02-18 14:15:00,425.3,426.3,424.75,425.95,0
2019-02-18 15:15:00,425.95,426.65,425.9,426.6,0
2019-02-19 09:15:00,426.4,426.4,424.1,424.75,0
2019-02-19 10:15:00,424.75,425.25,424.35,424.8,0
2019-02-19 11:15:00,424.8,425.05,424.45,424.8,0
2019-02-19 12:15:00,424.8,425.2,422.95,423.25,0
2019-02-19 13:15:00,423.25,424.5,423.2,424.4,0
2019-02-19 14:15:00,424.45,428.0,423.9,427.7,0
2019-02-19 15:15:00,427.7,428.45,427.5,427.7,0
2019-02-20 09:15:00,425.7,425.75,424.05,424.8,0
2019-02-20 10:15:00,424.8,425.1,424.4,424.9,0
2019-02-20 11:15:00,424.9,425.85,424.8,425.7,0
2019-02-20 12:15:00,425.7,425.85,424.65,424.85,0
2019-02-20 13:15:00,424.85,426.05,424.05,426.05,0
2019-02-20 14:15:00,426.05,426.1,422.0,422.4,0
2019-02-20 15:15:00,422.4,422.5,421.8,422.2,0
2019-02-21 09:15:00,422.25,423.1,421.75,422.75,0
2019-02-21 10:15:00,422.8,423.1,422.05,422.2,0
2019-02-21 11:15:00,422.2,422.25,420.9,421.3,0
2019-02-21 12:15:00,421.3,421.65,420.4,420.55,0
2019-02-21 13:15:00,420.55,420.95,420.1,420.2,0
2019-02-21 14:15:00,420.25,421.2,419.7,420.65,0
2019-02-21 15:15:00,420.6,420.65,420.2,420.35,0
2019-02-22 09:15:00,420.8,421.75,420.15,420.35,0
2019-02-22 10:15:00,420.4,420.8,420.15,420.55,0
2019-02-22 11:15:00,420.55,421.15,420.5,420.75,0
2019-02-22 12:15:00,420.75,421.15,420.4,421.0,0
2019-02-22 13:15:00,421.0,421.2,420.5,420.55,0
2019-02-22 14:15:00,420.55,421.0,420.05,420.6,0
2019-02-22 15:15:00,420.55,420.7,420.2,420.4,0
2019-02-25 09:15:00,419.8,420.8,419.15,420.2,0
2019-02-25 10:15:00,420.2,420.45,419.85,419.9,0
2019-02-25 11:15:00,419.9,420.1,419.25,419.45,0
2019-02-25 12:15:00,419.45,419.7,419.1,419.15,0
2019-02-25 13:15:00,419.1,419.15,418.3,418.3,0
2019-02-25 14:15:00,418.35,418.65,416.95,417.05,0
2019-02-25 15:15:00,417.0,417.3,416.95,417.2,0
2019-02-26 09:15:00,421.3,423.05,418.95,421.95,0
2019-02-26 10:15:00,421.95,422.4,420.1,420.2,0
2019-02-26 11:15:00,420.2,420.45,418.75,419.35,0
2019-02-26 12:15:00,419.35,419.8,417.9,418.6,0
2019-02-26 13:15:00,418.6,419.25,418.05,418.05,0
2019-02-26 14:15:00,418.05,419.45,416.95,418.95,0
2019-02-26 15:15:00,418.95,419.35,418.9,419.2,0
2019-02-27 09:15:00,417.3,417.5,415.75,416.0,0
2019-02-27 10:15:00,416.0,416.2,415.05,415.55,0
2019-02-27 11:15:00,415.55,422.3,415.55,421.95,0
2019-02-27 12:15:00,421.9,421.95,419.85,421.0,0
2019-02-27 13:15:00,421.05,421.8,418.75,419.5,0
2019-02-27 14:15:00,419.5,421.1,419.45,420.15,0
2019-02-27 15:15:00,420.1,420.7,420.05,420.65,0
2019-02-28 09:15:00,417.95,420.45,417.95,419.6,0
2019-02-28 10:15:00,419.6,419.7,418.85,419.6,0
2019-02-28 11:15:00,419.6,420.45,419.3,420.35,0
2019-02-28 12:15:00,420.3,420.95,419.85,420.85,0
2019-02-28 13:15:00,420.8,420.85,418.75,419.0,0
2019-02-28 14:15:00,419.0,421.1,418.95,420.9,0
2019-02-28 15:15:00,420.9,420.9,420.35,420.45,0
2019-03-01 09:15:00,418.9,418.9,417.8,418.45,0
2019-03-01 10:15:00,418.45,419.1,418.3,418.85,0
2019-03-01 11:15:00,418.85,419.05,418.6,418.95,0
2019-03-01 12:15:00,418.95,419.6,418.8,419.15,0
2019-03-01 13:15:00,419.15,419.65,418.95,419.0,0
2019-03-01 14:15:00,419.0,419.1,417.55,418.1,0
2019-03-01 15:15:00,418.15,418.3,418.05,418.2,0
2019-03-05 09:15:00,418.35,420.1,418.35,418.7,0
2019-03-05 10:15:00,418.7,418.7,417.15,417.4,0
2019-03-05 11:15:00,417.4,417.6,416.9,417.0,0
2019-03-05 12:15:00,417.0,417.25,416.2,416.5,0
2019-03-05 13:15:00,416.5,416.7,415.55,415.9,0
2019-03-05 14:15:00,415.9,415.95,413.55,413.65,0
2019-03-05 15:15:00,413.65,413.7,413.35,413.7,0
2019-03-06 09:15:00,412.3,412.35,411.25,412.05,0
2019-03-06 10:15:00,412.05,413.25,411.8,411.95,0
2019-03-06 11:15:00,411.95,412.1,411.55,411.75,0
2019-03-06 12:15:00,411.75,412.3,411.3,411.5,0
2019-03-06 13:15:00,411.5,412.75,411.5,412.0,0
2019-03-06 14:15:00,412.0,412.1,410.9,411.3,0
2019-03-06 15:15:00,411.3,411.6,411.0,411.35,0
2019-03-07 09:15:00,410.35,411.6,410.35,411.0,0
2019-03-07 10:15:00,411.05,411.8,410.65,411.75,0
2019-03-07 11:15:00,411.75,411.75,411.15,411.4,0
2019-03-07 12:15:00,411.4,412.25,411.4,411.7,0
2019-03-07 13:15:00,411.75,411.85,410.25,410.35,0
2019-03-07 14:15:00,410.35,411.3,409.95,411.15,0
2019-03-07 15:15:00,411.15,411.45,411.0,411.35,0
2019-03-08 09:15:00,411.9,412.95,411.55,412.3,0
2019-03-08 10:15:00,412.35,412.6,412.05,412.4,0
2019-03-08 11:15:00,412.4,412.4,411.5,411.8,0
2019-03-08 12:15:00,411.75,413.0,411.75,412.65,0
2019-03-08 13:15:00,412.65,412.9,412.15,412.35,0
2019-03-08 14:15:00,412.35,412.6,411.75,412.0,0
2019-03-08 15:15:00,411.95,412.05,411.8,411.9,0
2019-03-11 09:15:00,411.0,411.3,408.35,408.6,0
2019-03-11 10:15:00,408.6,408.7,408.1,408.25,0
2019-03-11 11:15:00,408.25,408.35,408.0,408.1,0
2019-03-11 12:15:00,408.1,408.3,407.85,407.85,0
2019-03-11 13:15:00,407.85,408.25,407.25,408.25,0
2019-03-11 14:15:00,408.25,408.35,407.1,407.25,0
2019-03-11 15:15:00,407.25,407.4,406.85,406.95,0
2019-03-12 09:15:00,405.05,405.1,403.25,403.3,0
2019-03-12 10:15:00,403.25,403.4,402.35,402.6,0
2019-03-12 11:15:00,402.6,403.85,402.55,403.55,0
2019-03-12 12:15:00,403.6,403.8,402.95,403.0,0
2019-03-12 13:15:00,403.0,403.65,402.9,403.15,0
2019-03-12 14:15:00,403.15,403.3,401.8,402.45,0
2019-03-12 15:15:00,402.5,403.05,402.45,402.9,0
2019-03-13 09:15:00,401.65,403.4,401.1,402.55,0
2019-03-13 10:15:00,402.55,403.05,402.05,402.3,0
2019-03-13 11:15:00,402.3,402.4,401.75,402.15,0
2019-03-13 12:15:00,402.15,402.55,402.0,402.1,0
2019-03-13 13:15:00,402.1,402.3,400.85,401.3,0
2019-03-13 14:15:00,401.3,401.8,400.8,401.2,0
2019-03-13 15:15:00,401.2,401.3,400.75,401.1,0
2019-03-14 09:15:00,399.75,401.05,399.7,401.05,0
2019-03-14 10:15:00,401.05,401.6,400.65,401.15,0
2019-03-14 11:15:00,401.15,401.7,401.0,401.65,0
2019-03-14 12:15:00,401.7,402.2,401.2,401.7,0
2019-03-14 13:15:00,401.7,401.95,401.0,401.35,0
2019-03-14 14:15:00,401.35,401.65,400.4,401.1,0
2019-03-14 15:15:00,401.1,401.35,400.9,401.0,0
2019-03-15 09:15:00,400.0,400.2,398.2,398.6,0
2019-03-15 10:15:00,398.6,398.85,398.45,398.6,0
2019-03-15 11:15:00,398.6,399.2,398.2,398.45,0
2019-03-15 12:15:00,398.45,398.5,397.5,397.6,0
2019-03-15 13:15:00,397.6,397.95,396.8,396.9,0
2019-03-15 14:15:00,396.9,398.85,396.1,398.65,0
2019-03-15 15:15:00,398.65,398.85,398.0,398.1,0
2019-03-18 09:15:00,396.8,396.95,394.85,396.0,0
2019-03-18 10:15:00,395.95,398.35,395.75,397.65,0
2019-03-18 11:15:00,397.65,398.85,397.2,398.6,0
2019-03-18 12:15:00,398.55,398.6,397.6,398.25,0
2019-03-18 13:15:00,398.25,398.55,397.55,398.4,0
2019-03-18 14:15:00,398.4,398.95,396.55,397.25,0
2019-03-18 15:15:00,397.25,397.25,396.55,396.65,0
2019-03-19 09:15:00,395.95,397.55,395.95,397.3,0
2019-03-19 10:15:00,397.3,397.65,396.3,396.7,0
2019-03-19 11:15:00,396.75,397.1,396.5,396.65,0
2019-03-19 12:15:00,396.65,397.3,396.55,397.15,0
2019-03-19 13:15:00,397.15,397.15,395.55,395.65,0
2019-03-19 14:15:00,395.65,396.4,394.55,394.8,0
2019-03-19 15:15:00,394.8,394.8,394.45,394.7,0
2019-03-20 09:15:00,394.2,395.65,394.2,394.85,0
2019-03-20 10:15:00,394.85,394.95,394.25,394.4,0
2019-03-20 11:15:00,394.4,395.35,394.4,395.35,0
2019-03-20 12:15:00,395.35,395.9,394.95,395.3,0
2019-03-20 13:15:00,395.3,395.7,394.55,394.7,0
2019-03-20 14:15:00,394.7,395.6,394.45,395.35,0
2019-03-20 15:15:00,395.35,395.5,395.2,395.45,0
2019-03-22 09:15:00,394.5,394.8,393.7,394.2,0
2019-03-22 10:15:00,394.2,396.8,394.1,396.1,0
2019-03-22 11:15:00,396.1,396.9,395.8,396.6,0
2019-03-22 12:15:00,396.6,396.75,395.55,395.75,0
2019-03-22 13:15:00,395.75,397.45,395.45,397.4,0
2019-03-22 14:15:00,397.4,398.4,397.3,397.75,0
2019-03-22 15:15:00,397.75,397.75,396.95,397.5,0
2019-03-25 09:15:00,400.0,401.75,400.0,401.1,0
2019-03-25 10:15:00,401.1,401.8,400.75,401.8,0
2019-03-25 11:15:00,401.8,402.2,401.5,402.1,0
2019-03-25 12:15:00,402.1,402.3,401.8,402.0,0
2019-03-25 13:15:00,402.0,402.45,401.65,402.15,0
2019-03-25 14:15:00,402.15,402.9,401.35,401.4,0
2019-03-25 15:15:00,401.45,401.65,401.0,401.5,0
2019-03-26 09:15:00,400.75,401.15,399.8,400.2,0
2019-03-26 10:15:00,400.2,400.95,400.0,400.7,0
2019-03-26 11:15:00,400.7,401.55,400.6,401.15,0
2019-03-26 12:15:00,401.15,401.15,400.6,400.65,0
2019-03-26 13:15:00,400.65,400.65,399.3,399.45,0
2019-03-26 14:15:00,399.45,399.65,396.8,396.8,0
2019-03-26 15:15:00,396.8,397.05,396.45,396.6,0
2019-03-27 09:15:00,395.35,396.4,395.1,395.6,0
2019-03-27 10:15:00,395.6,395.6,394.85,394.95,0
2019-03-27 11:15:00,394.95,396.5,394.95,396.0,0
2019-03-27 12:15:00,396.05,396.15,394.9,395.45,0
2019-03-27 13:15:00,395.45,399.4,395.1,398.3,0
2019-03-27 14:15:00,398.3,398.5,396.6,398.15,0
2019-03-27 15:15:00,398.15,398.9,398.15,398.65,0
2019-03-28 09:15:00,397.75,398.1,395.75,396.4,0
2019-03-28 10:15:00,396.4,396.85,396.05,396.2,0
2019-03-28 11:15:00,396.2,396.7,396.0,396.15,0
2019-03-28 12:15:00,396.15,396.4,395.6,395.8,0
2019-03-28 13:15:00,395.8,396.4,394.35,394.35,0
2019-03-28 14:15:00,394.35,395.45,393.95,394.0,0
2019-03-28 15:15:00,394.0,394.0,393.45,393.6,0
2019-03-29 09:15:00,392.2,394.1,392.1,393.2,0
2019-03-29 10:15:00,393.25,394.1,393.2,393.65,0
2019-03-29 11:15:00,393.7,393.85,393.2,393.4,0
2019-03-29 12:15:00,393.4,393.75,393.1,393.25,0
2019-03-29 13:15:00,393.25,393.7,392.7,393.15,0
2019-03-29 14:15:00,393.1,393.15,392.1,392.35,0
2019-03-29 15:15:00,392.35,392.7,392.05,392.65,0
2019-04-01 09:15:00,391.1,391.1,389.7,389.75,0
2019-04-01 10:15:00,389.75,390.5,389.4,390.35,0
2019-04-01 11:15:00,390.35,390.6,389.7,390.1,0
2019-04-01 12:15:00,390.1,390.3,389.4,389.55,0
2019-04-01 13:15:00,389.55,389.9,388.95,389.15,0
2019-04-01 14:15:00,389.2,391.25,388.65,390.9,0
2019-04-01 15:15:00,390.9,391.75,390.9,391.45,0
2019-04-02 09:15:00,389.6,391.45,389.6,390.65,0
2019-04-02 10:15:00,390.65,391.25,390.6,390.85,0
2019-04-02 11:15:00,390.85,390.85,389.75,389.9,0
2019-04-02 12:15:00,389.9,390.65,389.55,389.9,0
2019-04-02 13:15:00,389.9,390.85,389.65,390.85,0
2019-04-02 14:15:00,390.8,391.2,389.5,389.75,0
2019-04-02 15:15:00,389.75,389.75,389.05,389.15,0
2019-04-03 09:15:00,388.9,389.0,388.05,388.4,0
2019-04-03 10:15:00,388.35,388.9,388.2,388.85,0
2019-04-03 11:15:00,388.85,389.3,388.65,388.8,0
2019-04-03 12:15:00,388.8,389.15,388.4,388.45,0
2019-04-03 13:15:00,388.45,390.1,388.3,389.55,0
2019-04-03 14:15:00,389.55,392.15,389.45,392.0,0
2019-04-03 15:15:00,392.0,392.4,391.85,392.15,0
2019-04-04 09:15:00,391.45,392.4,391.4,392.25,0
2019-04-04 10:15:00,392.2,392.9,392.2,392.3,0
2019-04-04 11:15:00,392.3,393.55,391.95,393.0,0
2019-04-04 12:15:00,393.05,393.05,391.35,391.85,0
2019-04-04 13:15:00,391.85,393.3,391.4,393.0,0
2019-04-04 14:15:00,393.0,394.8,392.95,393.75,0
2019-04-04 15:15:00,393.75,393.8,393.2,393.35,0
2019-04-05 09:15:00,392.2,392.6,391.3,391.9,0
2019-04-05 10:15:00,391.9,392.85,391.9,392.8,0
2019-04-05 11:15:00,392.8,393.2,392.25,392.45,0
2019-04-05 12:15:00,392.45,392.9,392.25,392.55,0
2019-04-05 13:15:00,392.55,392.6,391.65,392.25,0
2019-04-05 14:15:00,392.25,392.65,391.6,391.6,0
2019-04-05 15:15:00,391.6,391.7,390.5,390.7,0
2019-04-08 09:15:00,390.2,392.2,390.0,391.45,0
2019-04-08 10:15:00,391.5,392.35,391.45,392.15,0
2019-04-08 11:15:00,392.15,393.05,391.9,392.8,0
2019-04-08 12:15:00,392.85,393.05,392.35,392.9,0
2019-04-08 13:15:00,392.9,394.35,392.7,394.1,0
2019-04-08 14:15:00,394.05,395.35,393.35,393.6,0
2019-04-08 15:15:00,393.6,393.7,393.15,393.55,0
2019-04-09 09:15:00,393.35,394.65,392.45,393.1,0
2019-04-09 10:15:00,393.1,394.45,393.05,393.9,0
2019-04-09 11:15:00,393.9,394.8,393.8,394.55,0
2019-04-09 12:15:00,394.6,394.7,393.6,394.05,0
2019-04-09 13:15:00,394.05,394.2,392.3,392.55,0
2019-04-09 14:15:00,392.55,392.7,391.1,391.25,0
2019-04-09 15:15:00,391.2,391.25,390.9,391.2,0
2019-04-10 09:15:00,392.2,392.45,391.1,391.55,0
2019-04-10 10:15:00,391.55,392.4,391.2,392.1,0
2019-04-10 11:15:00,392.1,392.45,391.8,392.05,0
2019-04-10 12:15:00,392.05,392.2,391.25,391.6,0
2019-04-10 13:15:00,391.6,393.75,391.5,393.4,0
2019-04-10 14:15:00,393.4,394.75,393.25,394.3,0
2019-04-10 15:15:00,394.3,394.6,394.25,394.4,0
2019-04-11 09:15:00,394.1,394.9,393.7,394.5,0
2019-04-11 10:15:00,394.45,394.85,393.85,394.85,0
2019-04-11 11:15:00,394.85,395.0,394.35,394.55,0
2019-04-11 12:15:00,394.55,394.8,394.2,394.3,0
2019-04-11 13:15:00,394.35,395.55,393.9,395.15,0
2019-04-11 14:15:00,395.15,395.2,393.8,393.95,0
2019-04-11 15:15:00,393.9,394.15,393.65,393.8,0
2019-04-12 09:15:00,393.5,393.85,393.0,393.6,0
2019-04-12 10:15:00,393.6,394.05,393.3,393.7,0
2019-04-12 11:15:00,393.7,394.6,393.7,394.3,0
2019-04-12 12:15:00,394.3,394.45,393.8,393.8,0
2019-04-12 13:15:00,393.8,394.15,392.65,392.75,0
2019-04-12 14:15:00,392.75,392.75,391.95,392.35,0
2019-04-12 15:15:00,392.35,392.95,392.3,392.9,0
2019-04-15 09:15:00,391.85,392.45,391.5,391.85,0
2019-04-15 10:15:00,391.85,391.9,391.4,391.65,0
2019-04-15 11:15:00,391.65,391.95,391.2,391.25,0
2019-04-15 12:15:00,391.25,391.5,390.95,391.1,0
2019-04-15 13:15:00,391.1,392.0,390.75,390.95,0
2019-04-15 14:15:00,390.95,391.4,390.6,391.05,0
2019-04-15 15:15:00,391.05,391.3,391.0,391.15,0
2019-04-16 09:15:00,389.6,389.7,388.2,388.25,0
2019-04-16 10:15:00,388.25,388.25,387.9,388.15,0
2019-04-16 11:15:00,388.15,388.3,388.0,388.3,0
2019-04-16 12:15:00,388.3,388.55,387.65,387.85,0
2019-04-16 13:15:00,387.85,388.2,387.2,387.2,0
2019-04-16 14:15:00,387.2,388.25,387.1,388.1,0
2019-04-16 15:15:00,388.1,388.1,387.5,387.6,0
2019-04-18 09:15:00,385.75,389.2,385.75,389.0,0
2019-04-18 10:15:00,389.0,389.6,388.5,388.8,0
2019-04-18 11:15:00,388.75,389.2,388.6,389.15,0
2019-04-18 12:15:00,389.2,389.4,388.65,389.0,0
2019-04-18 13:15:00,389.0,389.2,388.15,388.4,0
2019-04-18 14:15:00,388.4,389.4,387.85,389.0,0
2019-04-18 15:15:00,389.05,389.55,389.0,389.35,0
2019-04-22 09:15:00,390.25,392.95,390.25,392.45,0
2019-04-22 10:15:00,392.45,392.55,392.1,392.3,0
2019-04-22 11:15:00,392.3,392.7,392.15,392.6,0
2019-04-22 12:15:00,392.6,393.45,392.45,393.4,0
2019-04-22 13:15:00,393.4,393.6,392.7,393.2,0
2019-04-22 14:15:00,393.2,394.85,392.8,394.65,0
2019-04-22 15:15:00,394.6,394.95,394.55,394.7,0
2019-04-23 09:15:00,394.1,395.1,392.95,394.4,0
2019-04-23 10:15:00,394.35,394.55,393.8,394.05,0
2019-04-23 11:15:00,394.05,394.25,393.0,393.6,0
2019-04-23 12:15:00,393.6,394.2,393.25,393.6,0
2019-04-23 13:15:00,393.6,394.15,393.05,393.55,0
2019-04-23 14:15:00,393.55,395.7,393.1,395.15,0
2019-04-23 15:15:00,395.15,395.4,395.1,395.2,0
2019-04-24 09:15:00,394.55,394.95,393.9,394.55,0
2019-04-24 10:15:00,394.55,395.3,394.2,394.95,0
2019-04-24 11:15:00,394.95,394.95,394.3,394.5,0
2019-04-24 12:15:00,394.5,394.85,394.1,394.35,0
2019-04-24 13:15:00,394.35,395.0,392.6,392.6,0
2019-04-24 14:15:00,392.65,393.0,389.8,390.1,0
2019-04-24 15:15:00,390.1,390.45,390.05,390.45,0
2019-04-25 09:15:00,390.05,390.7,389.3,389.5,0
2019-04-25 10:15:00,389.5,389.6,388.55,388.7,0
2019-04-25 11:15:00,388.7,388.75,388.0,388.5,0
2019-04-25 12:15:00,388.55,389.75,388.5,389.0,0
2019-04-25 13:15:00,389.0,390.85,388.8,389.9,0
2019-04-25 14:15:00,389.9,393.75,389.7,393.45,0
2019-04-25 15:15:00,393.45,393.6,392.75,392.75,0
2019-04-26 09:15:00,391.8,392.55,391.35,391.85,0
2019-04-26 10:15:00,391.85,392.35,391.5,392.15,0
2019-04-26 11:15:00,392.15,392.3,391.5,391.55,0
2019-04-26 12:15:00,391.55,392.4,391.55,392.0,0
2019-04-26 13:15:00,392.0,392.2,389.9,390.1,0
2019-04-26 14:15:00,390.1,390.65,389.15,389.4,0
2019-04-26 15:15:00,389.4,389.65,389.3,389.65,0
2019-04-30 09:15:00,389.85,392.95,389.85,392.55,0
2019-04-30 10:15:00,392.55,392.75,391.4,391.5,0
2019-04-30 11:15:00,391.5,391.9,391.15,391.45,0
2019-04-30 12:15:00,391.45,391.95,390.9,391.3,0
2019-04-30 13:15:00,391.3,392.3,390.85,391.2,0
2019-04-30 14:15:00,391.2,391.75,389.65,389.85,0
2019-04-30 15:15:00,389.85,390.2,389.7,390.2,0
2019-05-02 09:15:00,390.8,391.65,389.0,389.1,0
2019-05-02 10:15:00,389.1,389.55,388.65,389.25,0
2019-05-02 11:15:00,389.25,390.2,389.1,390.1,0
2019-05-02 12:15:00,390.1,391.15,389.7,390.75,0
2019-05-02 13:15:00,390.75,391.0,389.3,389.3,0
2019-05-02 14:15:00,389.3,391.35,389.15,390.75,0
2019-05-02 15:15:00,390.75,391.05,390.7,391.0,0
2019-05-03 09:15:00,390.95,391.0,389.7,389.95,0
2019-05-03 10:15:00,389.95,390.0,389.45,389.75,0
2019-05-03 11:15:00,389.75,390.5,389.7,390.15,0
2019-05-03 12:15:00,390.15,390.3,389.75,390.05,0
2019-05-03 13:15:00,390.05,390.65,389.35,390.3,0
2019-05-03 14:15:00,390.25,391.7,389.95,391.45,0
2019-05-03 15:15:00,391.45,391.6,391.05,391.35,0
2019-05-06 09:15:00,395.05,395.7,394.25,394.65,0
2019-05-06 10:15:00,394.65,394.85,394.25,394.6,0
2019-05-06 11:15:00,394.6,394.95,394.5,394.7,0
2019-05-06 12:15:00,394.7,395.25,394.15,395.15,0
2019-05-06 13:15:00,395.15,395.5,394.8,395.05,0
2019-05-06 14:15:00,395.05,396.15,394.9,395.35,0
2019-05-06 15:15:00,395.35,395.65,395.15,395.45,0
2019-05-07 09:15:00,393.55,395.1,393.4,394.7,0
2019-05-07 10:15:00,394.7,395.55,394.65,395.45,0
2019-05-07 11:15:00,395.45,395.45,394.45,394.55,0
2019-05-07 12:15:00,394.55,394.85,394.1,394.65,0
2019-05-07 13:15:00,394.65,396.35,394.65,395.85,0
2019-05-07 14:15:00,395.85,399.05,395.7,398.85,0
2019-05-07 15:15:00,398.85,399.2,398.65,398.8,0
2019-05-08 09:15:00,399.5,401.5,399.5,401.35,0
2019-05-08 10:15:00,401.4,401.9,401.25,401.65,0
2019-05-08 11:15:00,401.65,402.35,401.4,401.75,0
2019-05-08 12:15:00,401.8,402.55,401.35,402.15,0
2019-05-08 13:15:00,402.15,402.6,400.5,401.75,0
2019-05-08 14:15:00,401.75,403.8,401.5,403.7,0
2019-05-08 15:15:00,403.7,404.05,403.4,403.4,0
2019-05-09 09:15:00,405.0,406.1,404.65,404.9,0
2019-05-09 10:15:00,404.9,405.05,403.75,404.4,0
2019-05-09 11:15:00,404.4,405.6,404.2,405.4,0
2019-05-09 12:15:00,405.4,406.7,405.1,406.6,0
2019-05-09 13:15:00,406.55,407.4,405.8,406.45,0
2019-05-09 14:15:00,406.45,406.45,404.1,405.85,0
2019-05-09 15:15:00,405.85,405.85,405.5,405.85,0
2019-05-10 09:15:00,405.35,406.85,404.35,405.7,0
2019-05-10 10:15:00,405.7,406.35,404.55,404.6,0
2019-05-10 11:15:00,404.6,405.35,404.4,405.2,0
2019-05-10 12:15:00,405.25,405.7,404.75,405.4,0
2019-05-10 13:15:00,405.4,407.05,404.6,404.6,0
2019-05-10 14:15:00,404.6,406.8,404.25,406.4,0
2019-05-10 15:15:00,406.4,407.6,406.4,407.4,0
2019-05-13 09:15:00,407.55,408.55,406.2,406.25,0
2019-05-13 10:15:00,406.25,407.0,406.1,406.8,0
2019-05-13 11:15:00,406.8,407.9,406.6,407.65,0
2019-05-13 12:15:00,407.65,408.3,406.9,407.65,0
2019-05-13 13:15:00,407.65,408.9,406.95,407.25,0
2019-05-13 14:15:00,407.25,412.05,407.05,411.8,0
2019-05-13 15:15:00,411.75,412.35,411.3,411.3,0
2019-05-14 09:15:00,411.5,413.05,411.25,412.25,0
2019-05-14 10:15:00,412.25,412.6,411.8,412.05,0
2019-05-14 11:15:00,412.05,413.1,412.0,412.3,0
2019-05-14 12:15:00,412.35,412.65,411.1,411.35,0
2019-05-14 13:15:00,411.35,411.35,407.65,407.9,0
2019-05-14 14:15:00,407.9,410.4,406.2,408.45,0
2019-05-14 15:15:00,408.45,408.55,407.95,408.15,0
2019-05-15 09:15:00,407.15,408.45,407.0,407.1,0
2019-05-15 10:15:00,407.1,407.45,406.6,407.1,0
2019-05-15 11:15:00,407.1,407.8,406.7,407.45,0
2019-05-15 12:15:00,407.45,409.3,407.3,409.1,0
2019-05-15 13:15:00,409.1,409.75,406.9,407.8,0
2019-05-15 14:15:00,407.75,412.05,407.3,411.5,0
2019-05-15 15:15:00,411.45,411.95,411.4,411.95,0
2019-05-16 09:15:00,410.55,411.5,410.35,410.95,0
2019-05-16 10:15:00,410.95,411.9,410.9,411.6,0
2019-05-16 11:15:00,411.6,411.75,410.45,410.45,0
2019-05-16 12:15:00,410.45,411.15,410.1,410.85,0
2019-05-16 13:15:00,410.85,410.85,408.25,408.6,0
2019-05-16 14:15:00,408.6,409.85,407.45,407.8,0
2019-05-16 15:15:00,407.8,407.8,406.8,407.05,0
2019-05-17 09:15:00,407.6,407.7,405.55,406.0,0
2019-05-17 10:15:00,406.05,406.3,405.6,405.9,0
2019-05-17 11:15:00,405.9,405.95,404.45,404.5,0
2019-05-17 12:15:00,404.5,405.55,404.25,404.65,0
2019-05-17 13:15:00,404.65,404.95,402.85,403.8,0
2019-05-17 14:15:00,403.8,404.75,402.05,402.75,0
2019-05-17 15:15:00,402.7,402.8,401.75,402.0,0
2019-05-20 09:15:00,393.9,396.0,392.45,392.65,0
2019-05-20 10:15:00,392.65,393.3,392.25,393.0,0
2019-05-20 11:15:00,393.0,393.15,391.4,391.4,0
2019-05-20 12:15:00,391.4,391.5,390.7,390.95,0
2019-05-20 13:15:00,390.95,390.95,388.6,388.7,0
2019-05-20 14:15:00,388.7,389.55,387.1,387.8,0
2019-05-20 15:15:00,387.8,388.1,387.4,387.55,0
2019-05-21 09:15:00,386.6,388.3,385.95,386.6,0
2019-05-21 10:15:00,386.6,387.9,386.4,386.9,0
2019-05-21 11:15:00,386.9,388.05,386.85,387.35,0
2019-05-21 12:15:00,387.35,390.05,387.3,389.95,0
2019-05-21 13:15:00,389.95,391.1,389.45,390.85,0
2019-05-21 14:15:00,390.9,392.5,390.2,391.75,0
2019-05-21 15:15:00,391.75,391.75,391.25,391.65,0
2019-05-22 09:15:00,391.1,392.6,390.25,391.1,0
2019-05-22 10:15:00,391.1,391.4,390.0,391.25,0
2019-05-22 11:15:00,391.25,391.6,390.75,391.15,0
2019-05-22 12:15:00,391.15,392.2,390.95,391.35,0
2019-05-22 13:15:00,391.4,391.4,389.2,389.75,0
2019-05-22 14:15:00,389.75,391.75,389.6,390.75,0
2019-05-22 15:15:00,390.75,391.1,390.05,390.15,0
2019-05-23 09:15:00,385.4,387.5,383.15,383.65,0
2019-05-23 10:15:00,383.65,385.6,380.75,385.15,0
2019-05-23 11:15:00,385.15,388.1,384.8,387.7,0
2019-05-23 12:15:00,387.7,389.45,387.0,387.2,0
2019-05-23 13:15:00,387.15,391.0,386.75,389.2,0
2019-05-23 14:15:00,389.15,394.25,388.55,394.15,0
2019-05-23 15:15:00,394.15,394.9,392.45,392.65,0
2019-05-24 09:15:00,390.5,393.55,389.6,393.15,0
2019-05-24 10:15:00,393.1,393.1,391.15,391.6,0
2019-05-24 11:15:00,391.55,392.05,389.75,390.15,0
2019-05-24 12:15:00,390.15,390.8,387.8,388.05,0
2019-05-24 13:15:00,388.05,390.0,387.6,388.35,0
2019-05-24 14:15:00,388.3,388.65,386.8,387.45,0
2019-05-24 15:15:00,387.5,387.5,387.05,387.25,0
2019-05-27 09:15:00,387.1,388.5,385.65,386.1,0
2019-05-27 10:15:00,386.1,386.4,385.75,385.95,0
2019-05-27 11:15:00,386.0,386.1,384.35,384.5,0
2019-05-27 12:15:00,384.5,385.25,383.75,384.2,0
2019-05-27 13:15:00,384.2,385.1,384.1,384.2,0
2019-05-27 14:15:00,384.2,385.05,383.95,384.85,0
2019-05-27 15:15:00,384.85,385.3,384.8,385.0,0
2019-05-28 09:15:00,383.8,385.65,383.8,385.6,0
2019-05-28 10:15:00,385.6,385.95,384.5,385.1,0
2019-05-28 11:15:00,385.1,385.95,384.6,385.4,0
2019-05-28 12:15:00,385.4,386.3,385.05,385.45,0
2019-05-28 13:15:00,385.45,386.0,384.95,385.6,0
2019-05-28 14:15:00,385.65,386.8,384.05,384.75,0
2019-05-28 15:15:00,384.75,385.2,384.2,384.4,0
2019-05-29 09:15:00,385.55,385.85,384.85,385.7,0
2019-05-29 10:15:00,385.7,386.05,384.9,385.0,0
2019-05-29 11:15:00,385.0,385.65,384.7,385.55,0
2019-05-29 12:15:00,385.55,386.5,385.45,386.4,0
2019-05-29 13:15:00,386.4,386.65,385.85,386.0,0
2019-05-29 14:15:00,386.0,387.8,385.9,386.95,0
2019-05-29 15:15:00,386.95,387.2,386.75,387.0,0
2019-05-30 09:15:00,386.95,387.0,385.2,385.25,0
2019-05-30 10:15:00,385.25,385.6,384.9,385.1,0
2019-05-30 11:15:00,385.15,385.65,384.85,384.9,0
2019-05-30 12:15:00,384.85,384.85,384.0,384.05,0
2019-05-30 13:15:00,384.05,384.4,383.55,383.85,0
2019-05-30 14:15:00,383.85,385.1,383.6,384.3,0
2019-05-30 15:15:00,384.3,384.45,384.15,384.35,0
2019-05-31 09:15:00,382.65,383.05,381.35,381.55,0
2019-05-31 10:15:00,381.55,382.4,381.5,381.8,0
2019-05-31 11:15:00,381.8,388.0,381.65,385.45,0
2019-05-31 12:15:00,385.45,385.65,384.05,384.85,0
2019-05-31 13:15:00,384.85,386.7,384.65,385.5,0
2019-05-31 14:15:00,385.55,386.4,385.05,385.15,0
2019-05-31 15:15:00,385.15,385.2,384.65,385.15,0
2019-06-03 09:15:00,384.3,385.35,383.55,383.55,0
2019-06-03 10:15:00,383.55,384.05,382.95,382.95,0
2019-06-03 11:15:00,382.95,383.3,382.2,382.2,0
2019-06-03 12:15:00,382.2,382.6,382.0,382.1,0
2019-06-03 13:15:00,382.1,382.8,381.05,381.05,0
2019-06-03 14:15:00,381.05,381.1,379.8,379.95,0
2019-06-03 15:15:00,379.95,379.95,379.5,379.85,0
2019-06-04 09:15:00,381.15,381.45,379.8,381.1,0
2019-06-04 10:15:00,381.1,381.65,381.05,381.6,0
2019-06-04 11:15:00,381.6,382.0,381.15,381.85,0
2019-06-04 12:15:00,381.9,382.2,380.55,381.05,0
2019-06-04 13:15:00,381.1,381.65,380.7,381.4,0
2019-06-04 14:15:00,381.4,382.6,381.0,382.3,0
2019-06-04 15:15:00,382.3,382.35,381.55,381.65,0
2019-06-06 09:15:00,381.65,384.2,381.65,384.0,0
2019-06-06 10:15:00,384.0,384.35,383.75,384.15,0
2019-06-06 11:15:00,384.15,385.05,383.7,385.0,0
2019-06-06 12:15:00,385.0,386.05,384.95,385.75,0
2019-06-06 13:15:00,385.75,387.7,385.35,387.7,0
2019-06-06 14:15:00,387.7,388.3,387.15,387.8,0
2019-06-06 15:15:00,387.8,388.0,387.65,387.65,0
2019-06-07 09:15:00,387.25,390.4,387.15,387.4,0
2019-06-07 10:15:00,387.4,388.35,386.55,387.95,0
2019-06-07 11:15:00,387.95,388.95,387.75,388.25,0
2019-06-07 12:15:00,388.25,388.45,387.25,388.1,0
2019-06-07 13:15:00,388.1,389.15,387.85,388.55,0
2019-06-07 14:15:00,388.55,388.55,386.2,387.3,0
2019-06-07 15:15:00,387.35,387.6,387.25,387.3,0
2019-06-10 09:15:00,385.15,385.35,383.85,384.75,0
2019-06-10 10:15:00,384.75,386.0,384.55,385.65,0
2019-06-10 11:15:00,385.65,386.75,385.3,386.65,0
2019-06-10 12:15:00,386.65,387.2,386.2,386.55,0
2019-06-10 13:15:00,386.55,387.15,385.7,387.0,0
2019-06-10 14:15:00,387.0,387.05,385.5,385.55,0
2019-06-10 15:15:00,385.55,385.75,385.1,385.3,0
2019-06-11 09:15:00,384.4,386.2,384.4,384.85,0
2019-06-11 10:15:00,384.85,385.6,384.7,385.0,0
2019-06-11 11:15:00,385.0,385.05,384.2,384.45,0
2019-06-11 12:15:00,384.45,384.85,384.1,384.2,0
2019-06-11 13:15:00,384.2,384.45,383.3,383.4,0
2019-06-11 14:15:00,383.45,384.5,383.1,384.3,0
2019-06-11 15:15:00,384.3,384.45,384.05,384.3,0
2019-06-12 09:15:00,384.4,386.35,384.4,386.05,0
2019-06-12 10:15:00,386.05,387.15,386.05,387.0,0
2019-06-12 11:15:00,387.0,387.1,386.6,386.8,0
2019-06-12 12:15:00,386.8,387.05,386.25,386.5,0
2019-06-12 13:15:00,386.55,387.45,386.2,386.3,0
2019-06-12 14:15:00,386.3,387.15,385.9,386.25,0
2019-06-12 15:15:00,386.25,386.3,385.7,385.85,0
2019-06-13 09:15:00,387.3,388.55,386.55,388.05,0
2019-06-13 10:15:00,388.05,388.65,387.7,388.55,0
2019-06-13 11:15:00,388.55,389.15,388.3,388.75,0
2019-06-13 12:15:00,388.75,388.95,387.7,387.75,0
2019-06-13 13:15:00,387.75,388.2,386.55,386.55,0
2019-06-13 14:15:00,386.55,387.05,385.45,385.85,0
2019-06-13 15:15:00,385.9,386.35,385.85,386.35,0
2019-06-14 09:15:00,386.2,388.15,386.15,387.15,0
2019-06-14 10:15:00,387.15,388.1,387.05,387.95,0
2019-06-14 11:15:00,387.95,388.5,387.9,388.1,0
2019-06-14 12:15:00,388.1,388.35,387.5,388.15,0
2019-06-14 13:15:00,388.1,388.4,387.8,388.1,0
2019-06-14 14:15:00,388.1,389.6,387.25,389.55,0
2019-06-14 15:15:00,389.55,389.8,389.15,389.45,0
2019-06-17 09:15:00,388.5,391.85,388.5,391.35,0
2019-06-17 10:15:00,391.35,391.85,391.0,391.65,0
2019-06-17 11:15:00,391.7,392.65,391.5,392.55,0
2019-06-17 12:15:00,392.6,392.95,392.25,392.95,0
2019-06-17 13:15:00,392.95,393.35,392.7,393.1,0
2019-06-17 14:15:00,393.05,394.45,392.7,394.35,0
2019-06-17 15:15:00,394.35,394.6,394.0,394.05,0
2019-06-18 09:15:00,394.1,394.55,392.65,392.95,0
2019-06-18 10:15:00,392.95,394.0,392.9,393.95,0
2019-06-18 11:15:00,393.9,393.95,392.7,393.1,0
2019-06-18 12:15:00,393.1,393.1,392.4,392.6,0
2019-06-18 13:15:00,392.6,394.25,392.55,393.15,0
2019-06-18 14:15:00,393.1,395.3,392.5,393.45,0
2019-06-18 15:15:00,393.45,393.45,393.1,393.3,0
2019-06-19 09:15:00,391.85,391.95,389.9,390.5,0
2019-06-19 10:15:00,390.5,391.4,390.3,391.35,0
2019-06-19 11:15:00,391.35,393.15,391.3,392.85,0
2019-06-19 12:15:00,392.85,393.6,392.45,393.05,0
2019-06-19 13:15:00,393.05,394.6,392.8,394.2,0
2019-06-19 14:15:00,394.2,395.9,393.2,393.4,0
2019-06-19 15:15:00,393.45,393.75,392.9,393.1,0
2019-06-20 09:15:00,395.0,395.6,392.6,392.6,0
2019-06-20 10:15:00,392.6,393.2,392.0,392.1,0
2019-06-20 11:15:00,392.15,393.05,391.9,392.45,0
2019-06-20 12:15:00,392.45,392.45,391.4,392.3,0
2019-06-20 13:15:00,392.3,392.4,390.85,391.1,0
2019-06-20 14:15:00,391.0,391.5,388.7,388.8,0
2019-06-20 15:15:00,388.75,389.0,388.6,388.65,0
2019-06-21 09:15:00,389.2,391.1,389.2,390.5,0
2019-06-21 10:15:00,390.5,391.45,390.4,391.05,0
2019-06-21 11:15:00,391.05,391.25,390.2,390.8,0
2019-06-21 12:15:00,390.8,391.2,390.5,390.8,0
2019-06-21 13:15:00,390.8,392.8,390.45,392.45,0
2019-06-21 14:15:00,392.45,393.2,391.0,392.6,0
2019-06-21 15:15:00,392.6,392.85,392.25,392.45,0
2019-06-24 09:15:00,392.7,394.0,391.8,393.65,0
2019-06-24 10:15:00,393.65,393.75,393.05,393.55,0
2019-06-24 11:15:00,393.5,393.55,392.4,392.65,0
2019-06-24 12:15:00,392.65,393.35,392.4,393.15,0
2019-06-24 13:15:00,393.15,393.7,392.65,393.45,0
2019-06-24 14:15:00,393.45,394.55,393.3,393.75,0
2019-06-24 15:15:00,393.75,393.85,393.25,393.5,0
2019-06-25 09:15:00,394.3,395.3,393.3,393.7,0
2019-06-25 10:15:00,393.7,394.1,393.35,393.75,0
2019-06-25 11:15:00,393.75,393.8,392.65,392.75,0
2019-06-25 12:15:00,392.75,393.05,391.9,392.05,0
2019-06-25 13:15:00,392.05,392.15,390.8,391.05,0
2019-06-25 14:15:00,390.95,391.15,389.8,390.4,0
2019-06-25 15:15:00,390.35,391.15,390.35,391.05,0
2019-06-26 09:15:00,391.4,391.7,389.05,389.7,0
2019-06-26 10:15:00,389.7,390.65,389.35,389.75,0
2019-06-26 11:15:00,389.75,390.2,389.5,389.65,0
2019-06-26 12:15:00,389.65,389.95,389.15,389.75,0
2019-06-26 13:15:00,389.8,390.15,389.2,389.35,0
2019-06-26 14:15:00,389.35,389.6,387.95,388.65,0
2019-06-26 15:15:00,388.7,389.05,388.7,388.95,0
2019-06-27 09:15:00,388.4,388.4,387.5,387.7,0
2019-06-27 10:15:00,387.75,387.8,387.25,387.3,0
2019-06-27 11:15:00,387.35,387.8,387.05,387.6,0
2019-06-27 12:15:00,387.65,387.65,386.9,387.15,0
2019-06-27 13:15:00,387.15,389.4,386.75,388.75,0
2019-06-27 14:15:00,388.8,389.6,387.4,388.85,0
2019-06-27 15:15:00,388.85,389.05,388.8,388.95,0
2019-06-28 09:15:00,388.45,389.6,388.1,389.0,0
2019-06-28 10:15:00,389.0,390.3,388.95,390.1,0
2019-06-28 11:15:00,390.1,390.5,389.9,390.0,0
2019-06-28 12:15:00,390.0,390.45,389.55,389.85,0
2019-06-28 13:15:00,389.85,390.3,389.25,390.15,0
2019-06-28 14:15:00,390.15,391.25,389.9,390.85,0
2019-06-28 15:15:00,390.85,390.95,390.5,390.65,0
2019-07-01 09:15:00,389.3,389.6,388.6,389.25,0
2019-07-01 10:15:00,389.2,389.5,388.2,388.35,0
2019-07-01 11:15:00,388.3,389.05,388.15,388.8,0
2019-07-01 12:15:00,388.8,388.8,388.4,388.55,0
2019-07-01 13:15:00,388.55,388.9,387.9,387.9,0
2019-07-01 14:15:00,387.85,388.6,387.8,388.45,0
2019-07-01 15:15:00,388.45,388.6,388.4,388.45,0
2019-07-02 09:15:00,387.7,389.65,387.7,389.55,0
2019-07-02 10:15:00,389.55,390.15,389.15,389.75,0
2019-07-02 11:15:00,389.7,389.85,389.3,389.45,0
2019-07-02 12:15:00,389.45,389.8,388.1,388.4,0
2019-07-02 13:15:00,388.35,388.75,387.45,387.9,0
2019-07-02 14:15:00,387.85,388.05,386.9,386.95,0
2019-07-02 15:15:00,386.95,387.1,386.85,387.05,0
2019-07-03 09:15:00,386.4,387.85,386.4,387.4,0
2019-07-03 10:15:00,387.4,387.45,386.85,386.95,0
2019-07-03 11:15:00,386.95,387.3,386.8,387.15,0
2019-07-03 12:15:00,387.15,387.15,386.35,386.7,0
2019-07-03 13:15:00,386.65,386.65,386.25,386.45,0
2019-07-03 14:15:00,386.45,387.35,386.0,386.9,0
2019-07-03 15:15:00,386.85,387.05,386.75,387.0,0
2019-07-04 09:15:00,386.55,386.7,385.55,385.9,0
2019-07-04 10:15:00,385.9,386.05,385.55,385.85,0
2019-07-04 11:15:00,385.85,386.35,385.7,385.9,0
2019-07-04 12:15:00,385.85,386.25,385.65,386.2,0
2019-07-04 13:15:00,386.2,386.45,385.75,386.3,0
2019-07-04 14:15:00,386.3,386.4,385.25,385.95,0
2019-07-04 15:15:00,385.95,386.3,385.9,386.3,0
2019-07-05 09:15:00,385.45,385.95,384.9,385.9,0
2019-07-05 10:15:00,385.9,386.7,385.8,385.85,0
2019-07-05 11:15:00,385.8,388.15,385.8,387.5,0
2019-07-05 12:15:00,387.45,389.6,386.15,389.0,0
2019-07-05 13:15:00,388.9,390.8,388.45,389.3,0
2019-07-05 14:15:00,389.3,390.55,388.15,390.4,0
2019-07-05 15:15:00,390.4,390.85,390.35,390.7,0
2019-07-08 09:15:00,391.95,395.15,391.95,394.8,0
2019-07-08 10:15:00,394.8,397.4,394.7,396.95,0
2019-07-08 11:15:00,396.95,397.55,396.3,396.5,0
2019-07-08 12:15:00,396.45,398.0,396.45,397.65,0
2019-07-08 13:15:00,397.6,399.1,397.3,399.0,0
2019-07-08 14:15:00,399.0,400.1,398.4,398.9,0
2019-07-08 15:15:00,398.95,399.0,398.6,398.8,0
2019-07-09 09:15:00,399.95,402.0,399.75,401.9,0
2019-07-09 10:15:00,401.85,402.4,400.45,400.8,0
2019-07-09 11:15:00,400.8,401.15,398.2,399.2,0
2019-07-09 12:15:00,399.2,400.35,399.1,399.5,0
2019-07-09 13:15:00,399.5,400.65,398.85,399.5,0
2019-07-09 14:15:00,399.5,400.0,398.7,398.85,0
2019-07-09 15:15:00,398.85,399.35,398.8,399.2,0
2019-07-10 09:15:00,399.85,400.5,397.9,399.15,0
2019-07-10 10:15:00,399.2,400.65,398.95,400.0,0
2019-07-10 11:15:00,399.95,401.1,399.75,400.95,0
2019-07-10 12:15:00,400.9,401.85,400.4,401.0,0
2019-07-10 13:15:00,401.0,401.1,400.0,400.85,0
2019-07-10 14:15:00,400.85,401.95,400.45,401.2,0
2019-07-10 15:15:00,401.25,401.6,401.15,401.35,0
2019-07-11 09:15:00,399.05,400.5,399.05,399.45,0
2019-07-11 10:15:00,399.45,399.95,399.2,399.55,0
2019-07-11 11:15:00,399.55,399.75,398.8,399.1,0
2019-07-11 12:15:00,399.1,399.15,398.5,398.7,0
2019-07-11 13:15:00,398.7,399.0,398.05,398.35,0
2019-07-11 14:15:00,398.35,398.6,397.75,398.2,0
2019-07-11 15:15:00,398.15,398.65,398.1,398.5,0
2019-07-12 09:15:00,397.7,399.35,397.45,398.95,0
2019-07-12 10:15:00,398.95,398.95,398.15,398.55,0
2019-07-12 11:15:00,398.55,398.65,397.8,398.5,0
2019-07-12 12:15:00,398.55,398.55,397.05,397.2,0
2019-07-12 13:15:00,397.2,397.45,396.4,397.2,0
2019-07-12 14:15:00,397.2,399.85,396.75,399.55,0
2019-07-12 15:15:00,399.55,399.7,399.1,399.55,0
2019-07-15 09:15:00,397.4,399.35,397.35,399.1,0
2019-07-15 10:15:00,399.05,400.25,398.55,399.7,0
2019-07-15 11:15:00,399.7,399.95,399.3,399.85,0
2019-07-15 12:15:00,399.85,400.25,398.75,399.0,0
2019-07-15 13:15:00,399.0,399.55,398.6,399.25,0
2019-07-15 14:15:00,399.3,399.3,398.1,398.3,0
2019-07-15 15:15:00,398.3,398.4,398.15,398.4,0
2019-07-16 09:15:00,398.1,398.9,396.75,397.2,0
2019-07-16 10:15:00,397.25,397.6,397.0,397.1,0
2019-07-16 11:15:00,397.1,397.2,396.65,396.9,0
2019-07-16 12:15:00,396.9,397.35,396.6,396.95,0
2019-07-16 13:15:00,396.95,397.5,395.95,395.95,0
2019-07-16 14:15:00,395.95,396.45,395.6,395.7,0
2019-07-16 15:15:00,395.7,396.05,395.65,395.9,0
2019-07-17 09:15:00,395.65,396.3,394.85,395.05,0
2019-07-17 10:15:00,395.05,395.25,394.5,394.65,0
2019-07-17 11:15:00,394.7,395.05,394.4,394.75,0
2019-07-17 12:15:00,394.75,395.6,394.7,395.5,0
2019-07-17 13:15:00,395.5,395.85,395.05,395.4,0
2019-07-17 14:15:00,395.4,395.55,394.8,395.0,0
2019-07-17 15:15:00,394.95,395.2,394.95,395.05,0
2019-07-18 09:15:00,395.55,396.55,395.55,395.8,0
2019-07-18 10:15:00,395.8,396.2,395.5,396.1,0
2019-07-18 11:15:00,396.1,396.4,396.0,396.15,0
2019-07-18 12:15:00,396.15,396.85,396.1,396.55,0
2019-07-18 13:15:00,396.55,397.2,396.05,397.0,0
2019-07-18 14:15:00,397.0,398.45,396.4,398.3,0
2019-07-18 15:15:00,398.3,398.7,398.0,398.05,0
2019-07-19 09:15:00,397.2,401.15,396.8,401.15,0
2019-07-19 10:15:00,401.15,402.15,400.4,402.05,0
2019-07-19 11:15:00,402.05,402.75,401.7,402.3,0
2019-07-19 12:15:00,402.3,403.5,402.2,403.4,0
2019-07-19 13:15:00,403.35,404.15,403.3,404.15,0
2019-07-19 14:15:00,404.15,405.0,403.4,404.45,0
2019-07-19 15:15:00,404.4,404.5,403.7,403.7,0
2019-07-22 09:15:00,405.5,408.7,405.5,407.15,0
2019-07-22 10:15:00,407.1,407.3,405.95,407.05,0
2019-07-22 11:15:00,407.05,408.15,407.0,407.7,0
2019-07-22 12:15:00,407.65,408.5,407.35,408.25,0
2019-07-22 13:15:00,408.25,408.65,406.7,406.85,0
2019-07-22 14:15:00,406.9,408.35,406.55,406.7,0
2019-07-22 15:15:00,406.75,407.5,406.7,407.5,0
2019-07-23 09:15:00,406.25,408.25,406.25,406.55,0
2019-07-23 10:15:00,406.55,407.4,406.35,407.0,0
2019-07-23 11:15:00,407.0,407.3,406.7,407.0,0
2019-07-23 12:15:00,407.0,407.35,406.45,406.8,0
2019-07-23 13:15:00,406.8,406.9,405.4,405.65,0
2019-07-23 14:15:00,405.65,408.75,405.35,407.95,0
2019-07-23 15:15:00,407.9,408.0,407.5,407.8,0
2019-07-24 09:15:00,408.1,410.65,406.8,410.5,0
2019-07-24 10:15:00,410.45,411.45,410.0,411.25,0
2019-07-24 11:15:00,411.25,411.4,410.4,410.85,0
2019-07-24 12:15:00,410.85,411.3,410.0,410.25,0
2019-07-24 13:15:00,410.25,410.25,409.0,409.1,0
2019-07-24 14:15:00,409.1,411.05,409.1,410.1,0
2019-07-24 15:15:00,410.1,410.2,409.75,410.05,0
2019-07-25 09:15:00,409.3,409.85,406.75,407.7,0
2019-07-25 10:15:00,407.7,409.1,407.45,408.4,0
2019-07-25 11:15:00,408.4,410.35,408.35,410.25,0
2019-07-25 12:15:00,410.25,410.75,409.7,410.35,0
2019-07-25 13:15:00,410.35,410.9,409.35,409.8,0
2019-07-25 14:15:00,409.8,411.15,408.6,410.65,0
2019-07-25 15:15:00,410.65,410.75,410.3,410.35,0
2019-07-26 09:15:00,410.95,412.3,410.25,411.6,0
2019-07-26 10:15:00,411.6,411.9,409.75,410.15,0
2019-07-26 11:15:00,410.15,410.25,408.75,409.3,0
2019-07-26 12:15:00,409.3,410.25,409.15,409.35,0
2019-07-26 13:15:00,409.35,410.6,409.1,409.55,0
2019-07-26 14:15:00,409.55,410.0,409.1,409.6,0
2019-07-26 15:15:00,409.6,409.7,409.1,409.1,0
2019-07-29 09:15:00,408.95,411.75,408.95,411.4,0
2019-07-29 10:15:00,411.4,411.95,411.15,411.45,0
2019-07-29 11:15:00,411.45,414.55,411.45,413.9,0
2019-07-29 12:15:00,413.95,414.5,413.25,413.4,0
2019-07-29 13:15:00,413.35,413.45,412.05,412.8,0
2019-07-29 14:15:00,412.8,414.05,412.6,413.25,0
2019-07-29 15:15:00,413.25,413.45,413.05,413.1,0
2019-07-30 09:15:00,412.4,413.2,410.45,411.55,0
2019-07-30 10:15:00,411.55,412.7,411.5,412.65,0
2019-07-30 11:15:00,412.6,414.3,412.5,412.5,0
2019-07-30 12:15:00,412.5,413.5,412.15,413.15,0
2019-07-30 13:15:00,413.15,413.85,412.6,413.75,0
2019-07-30 14:15:00,413.75,417.6,413.75,417.1,0
2019-07-30 15:15:00,417.1,417.6,416.95,417.45,0
2019-07-31 09:15:00,419.15,420.0,417.7,419.05,0
2019-07-31 10:15:00,419.0,420.45,418.45,419.15,0
2019-07-31 11:15:00,419.15,419.3,416.8,417.8,0
2019-07-31 12:15:00,417.8,418.35,416.8,416.8,0
2019-07-31 13:15:00,416.75,418.1,416.35,417.15,0
2019-07-31 14:15:00,417.15,417.15,415.0,415.55,0
2019-07-31 15:15:00,415.55,416.3,415.55,416.15,0
2019-08-01 09:15:00,418.2,419.05,417.6,418.8,0
2019-08-01 10:15:00,418.8,421.05,418.8,420.9,0
2019-08-01 11:15:00,420.9,421.7,420.25,421.45,0
2019-08-01 12:15:00,421.45,421.85,420.55,421.8,0
2019-08-01 13:15:00,421.75,422.85,420.9,421.95,0
2019-08-01 14:15:00,421.95,424.9,420.3,420.3,0
2019-08-01 15:15:00,420.3,421.0,420.25,420.8,0
2019-08-02 09:15:00,423.2,426.0,423.05,425.6,0
2019-08-02 10:15:00,425.6,426.3,424.5,424.9,0
2019-08-02 11:15:00,424.85,424.95,422.0,422.65,0
2019-08-02 12:15:00,422.65,424.15,422.1,423.5,0
2019-08-02 13:15:00,423.45,424.25,418.55,418.55,0
2019-08-02 14:15:00,418.55,421.7,417.45,420.2,0
2019-08-02 15:15:00,420.15,420.85,420.0,420.45,0
2019-08-05 09:15:00,424.7,428.75,424.7,427.6,0
2019-08-05 10:15:00,427.55,428.7,426.85,427.8,0
2019-08-05 11:15:00,427.95,429.0,425.85,426.15,0
2019-08-05 12:15:00,426.15,427.05,424.8,426.1,0
2019-08-05 13:15:00,426.1,427.4,425.3,426.15,0
2019-08-05 14:15:00,426.15,426.8,425.7,426.05,0
2019-08-05 15:15:00,426.1,426.2,425.5,426.15,0
2019-08-06 09:15:00,427.9,427.9,423.05,424.05,0
2019-08-06 10:15:00,424.05,425.2,423.95,425.05,0
2019-08-06 11:15:00,425.1,425.1,423.65,423.8,0
2019-08-06 12:15:00,423.8,423.95,422.05,422.5,0
2019-08-06 13:15:00,422.5,423.35,420.85,420.85,0
2019-08-06 14:15:00,420.9,423.0,419.95,422.5,0
2019-08-06 15:15:00,422.5,423.45,422.45,423.3,0
2019-08-07 09:15:00,422.35,424.05,421.9,422.65,0
2019-08-07 10:15:00,422.65,423.55,422.25,422.35,0
2019-08-07 11:15:00,422.35,424.9,421.7,422.7,0
2019-08-07 12:15:00,422.65,423.55,422.15,422.35,0
2019-08-07 13:15:00,422.35,425.35,422.35,423.7,0
2019-08-07 14:15:00,423.75,426.6,423.4,426.2,0
2019-08-07 15:15:00,426.2,427.05,426.15,426.95,0
2019-08-08 09:15:00,424.65,426.85,424.05,425.65,0
2019-08-08 10:15:00,425.65,425.8,424.4,425.6,0
2019-08-08 11:15:00,425.6,426.35,424.95,425.35,0
2019-08-08 12:15:00,425.35,426.1,424.75,425.75,0
2019-08-08 13:15:00,425.7,425.9,423.75,424.6,0
2019-08-08 14:15:00,424.6,425.2,419.55,419.95,0
2019-08-08 15:15:00,419.9,419.9,418.45,418.85,0
2019-08-09 09:15:00,417.4,418.35,416.1,416.5,0
2019-08-09 10:15:00,416.55,416.65,415.1,415.3,0
2019-08-09 11:15:00,415.25,415.8,414.35,414.35,0
2019-08-09 12:15:00,414.35,414.95,413.85,414.05,0
2019-08-09 13:15:00,414.05,416.15,413.9,415.75,0
2019-08-09 14:15:00,415.7,417.1,414.8,416.55,0
2019-08-09 15:15:00,416.5,416.8,416.4,416.5,0
2019-08-13 09:15:00,415.7,419.35,415.5,418.65,0
2019-08-13 10:15:00,418.65,418.65,416.4,417.6,0
2019-08-13 11:15:00,417.65,418.8,417.65,418.15,0
2019-08-13 12:15:00,418.15,419.1,417.9,418.95,0
2019-08-13 13:15:00,418.95,420.55,418.95,419.95,0
2019-08-13 14:15:00,419.95,424.0,419.95,423.3,0
2019-08-13 15:15:00,423.35,424.5,423.3,423.95,0
2019-08-14 09:15:00,420.75,423.4,420.75,422.15,0
2019-08-14 10:15:00,422.2,422.2,418.95,419.7,0
2019-08-14 11:15:00,419.65,420.9,418.6,420.6,0
2019-08-14 12:15:00,420.55,420.6,418.9,419.05,0
2019-08-14 13:15:00,419.0,419.8,417.9,418.15,0
2019-08-14 14:15:00,418.2,420.15,418.15,419.5,0
2019-08-14 15:15:00,419.45,420.55,419.4,420.45,0
2019-08-16 09:15:00,419.35,423.9,419.35,422.6,0
2019-08-16 10:15:00,422.6,422.65,420.25,420.35,0
2019-08-16 11:15:00,420.35,420.8,419.3,419.8,0
2019-08-16 12:15:00,419.75,420.6,418.7,418.9,0
2019-08-16 13:15:00,418.9,420.1,418.4,419.15,0
2019-08-16 14:15:00,419.15,419.85,418.75,419.1,0
2019-08-16 15:15:00,419.1,419.45,418.95,419.45,0
2019-08-19 09:15:00,417.6,418.6,416.55,416.9,0
2019-08-19 10:15:00,416.9,416.9,415.9,416.85,0
2019-08-19 11:15:00,416.85,416.9,416.0,416.15,0
2019-08-19 12:15:00,416.15,416.4,415.6,416.0,0
2019-08-19 13:15:00,416.05,417.75,415.85,417.15,0
2019-08-19 14:15:00,417.2,419.7,417.05,419.1,0
2019-08-19 15:15:00,419.05,419.45,418.95,419.1,0
2019-08-20 09:15:00,418.8,421.45,418.35,421.15,0
2019-08-20 10:15:00,421.1,421.25,420.1,420.6,0
2019-08-20 11:15:00,420.6,421.4,420.55,421.0,0
2019-08-20 12:15:00,421.0,421.8,420.9,421.35,0
2019-08-20 13:15:00,421.3,421.4,419.0,419.5,0
2019-08-20 14:15:00,419.5,421.75,419.35,420.65,0
2019-08-20 15:15:00,420.6,420.8,420.1,420.35,0
2019-08-21 09:15:00,420.6,422.0,420.0,420.6,0
2019-08-21 10:15:00,420.65,421.65,420.45,421.6,0
2019-08-21 11:15:00,421.6,423.3,421.1,422.7,0
2019-08-21 12:15:00,422.65,423.05,421.9,422.45,0
2019-08-21 13:15:00,422.45,424.05,422.1,424.0,0
2019-08-21 14:15:00,424.0,424.85,423.4,424.45,0
2019-08-21 15:15:00,424.45,424.7,424.25,424.35,0
2019-08-22 09:15:00,425.0,426.85,424.95,426.55,0
2019-08-22 10:15:00,426.55,428.15,426.35,427.85,0
2019-08-22 11:15:00,427.8,428.55,427.05,427.3,0
2019-08-22 12:15:00,427.25,428.05,426.25,427.15,0
2019-08-22 13:15:00,427.15,430.1,426.55,429.2,0
2019-08-22 14:15:00,429.25,431.6,428.45,431.0,0
2019-08-22 15:15:00,431.05,432.25,430.95,431.55,0
2019-08-23 09:15:00,433.1,435.6,431.5,432.1,0
2019-08-23 10:15:00,432.05,432.55,429.3,431.65,0
2019-08-23 11:15:00,431.65,431.95,430.45,431.15,0
2019-08-23 12:15:00,431.15,431.2,429.1,429.3,0
2019-08-23 13:15:00,429.35,429.4,426.6,427.45,0
2019-08-23 14:15:00,427.45,429.1,426.95,427.95,0
2019-08-23 15:15:00,427.9,428.2,427.35,427.35,0
2019-08-26 09:15:00,421.3,430.95,421.3,429.7,0
2019-08-26 10:15:00,429.7,429.8,426.6,427.15,0
2019-08-26 11:15:00,427.2,427.35,423.85,424.25,0
2019-08-26 12:15:00,424.25,424.25,421.6,422.0,0
2019-08-26 13:15:00,422.0,422.5,419.7,419.75,0
2019-08-26 14:15:00,419.75,420.7,418.55,419.1,0
2019-08-26 15:15:00,419.1,419.35,418.6,419.05,0
2019-08-27 09:15:00,417.25,419.45,416.7,416.85,0
2019-08-27 10:15:00,416.85,417.55,416.1,416.95,0
2019-08-27 11:15:00,416.95,417.5,416.25,416.6,0
2019-08-27 12:15:00,416.65,417.4,415.95,417.1,0
2019-08-27 13:15:00,417.1,418.4,416.6,417.7,0
2019-08-27 14:15:00,417.7,418.15,416.2,417.35,0
2019-08-27 15:15:00,417.35,417.35,416.65,416.95,0
2019-08-28 09:15:00,417.5,419.35,416.5,418.65,0
2019-08-28 10:15:00,418.65,419.3,418.0,418.0,0
2019-08-28 11:15:00,417.95,419.7,417.85,419.2,0
2019-08-28 12:15:00,419.2,420.1,418.8,420.0,0
2019-08-28 13:15:00,420.0,421.6,419.75,421.6,0
2019-08-28 14:15:00,421.6,421.8,418.9,419.7,0
2019-08-28 15:15:00,419.7,420.0,419.35,419.7,0
2019-08-29 09:15:00,421.55,422.7,420.65,421.65,0
2019-08-29 10:15:00,421.7,423.2,421.65,422.55,0
2019-08-29 11:15:00,422.55,423.7,422.3,423.55,0
2019-08-29 12:15:00,423.55,424.35,421.95,422.35,0
2019-08-29 13:15:00,422.4,423.3,420.6,421.0,0
2019-08-29 14:15:00,420.95,424.15,420.85,423.8,0
2019-08-29 15:15:00,423.8,423.85,422.7,422.9,0
2019-08-30 09:15:00,421.9,423.25,420.5,422.5,0
2019-08-30 10:15:00,422.5,425.15,422.45,424.65,0
2019-08-30 11:15:00,424.65,426.3,424.45,425.25,0
2019-08-30 12:15:00,425.25,425.55,423.75,424.05,0
2019-08-30 13:15:00,424.1,425.25,422.0,422.3,0
2019-08-30 14:15:00,422.3,423.6,420.5,420.6,0
2019-08-30 15:15:00,420.65,420.7,419.85,420.15,0
2019-09-03 09:15:00,423.15,426.0,423.15,425.1,0
2019-09-03 10:15:00,425.1,426.3,425.05,425.5,0
2019-09-03 11:15:00,425.5,426.05,425.1,425.9,0
2019-09-03 12:15:00,425.9,426.6,425.65,426.0,0
2019-09-03 13:15:00,426.0,427.8,425.7,427.25,0
2019-09-03 14:15:00,427.25,429.15,426.2,429.0,0
2019-09-03 15:15:00,429.0,430.3,429.0,430.2,0
2019-09-04 09:15:00,429.75,431.05,428.45,429.3,0
2019-09-04 10:15:00,429.3,431.5,429.1,431.05,0
2019-09-04 11:15:00,431.05,431.25,428.45,429.45,0
2019-09-04 12:15:00,429.4,430.0,428.1,428.25,0
2019-09-04 13:15:00,428.2,428.5,427.45,428.1,0
2019-09-04 14:15:00,428.1,429.6,427.05,427.2,0
2019-09-04 15:15:00,427.2,428.1,427.2,427.9,0
2019-09-05 09:15:00,427.0,427.0,425.1,425.2,0
2019-09-05 10:15:00,425.2,426.05,424.7,425.85,0
2019-09-05 11:15:00,425.9,428.4,425.65,428.1,0
2019-09-05 12:15:00,428.1,428.75,427.25,427.25,0
2019-09-05 13:15:00,427.25,428.45,427.05,428.25,0
2019-09-05 14:15:00,428.25,428.4,427.1,427.35,0
2019-09-05 15:15:00,427.35,427.85,427.25,427.8,0
2019-09-06 09:15:00,426.15,426.55,425.25,426.1,0
2019-09-06 10:15:00,426.1,426.8,425.3,425.6,0
2019-09-06 11:15:00,425.55,425.9,424.8,424.85,0
2019-09-06 12:15:00,424.85,425.5,423.9,424.05,0
2019-09-06 13:15:00,424.05,424.75,423.7,424.55,0
2019-09-06 14:15:00,424.55,425.0,423.3,423.6,0
2019-09-06 15:15:00,423.65,424.05,423.5,423.9,0
2019-09-09 09:15:00,424.25,426.05,422.05,422.3,0
2019-09-09 10:15:00,422.3,422.45,421.35,421.7,0
2019-09-09 11:15:00,421.7,422.1,421.15,421.4,0
2019-09-09 12:15:00,421.4,421.8,420.85,421.0,0
2019-09-09 13:15:00,421.0,423.15,420.7,422.05,0
2019-09-09 14:15:00,422.05,422.55,421.45,421.7,0
2019-09-09 15:15:00,421.7,421.8,421.55,421.65,0
2019-09-11 09:15:00,420.85,421.45,420.25,420.7,0
2019-09-11 10:15:00,420.75,420.75,420.1,420.45,0
2019-09-11 11:15:00,420.5,420.75,419.85,420.7,0
2019-09-11 12:15:00,420.75,421.15,420.3,420.45,0
2019-09-11 13:15:00,420.45,421.1,419.95,420.15,0
2019-09-11 14:15:00,420.2,420.85,419.95,420.35,0
2019-09-11 15:15:00,420.4,421.25,420.4,421.15,0
2019-09-12 09:15:00,419.75,419.95,418.85,419.5,0
2019-09-12 10:15:00,419.5,420.75,419.4,420.7,0
2019-09-12 11:15:00,420.7,421.4,420.1,420.15,0
2019-09-12 12:15:00,420.15,420.65,419.8,420.4,0
2019-09-12 13:15:00,420.4,421.85,420.1,421.1,0
2019-09-12 14:15:00,421.1,423.3,421.1,422.85,0
2019-09-12 15:15:00,422.9,423.05,422.55,422.7,0
2019-09-13 09:15:00,422.55,424.1,421.15,423.7,0
2019-09-13 10:15:00,423.7,424.0,422.4,423.25,0
2019-09-13 11:15:00,423.25,423.45,422.2,422.8,0
2019-09-13 12:15:00,422.8,423.65,422.55,422.9,0
2019-09-13 13:15:00,422.9,423.1,420.95,421.2,0
2019-09-13 14:15:00,421.15,421.2,418.85,419.05,0
2019-09-13 15:15:00,419.05,419.1,418.8,418.9,0
2019-09-16 09:15:00,422.35,422.6,421.0,421.05,0
2019-09-16 10:15:00,421.0,422.0,420.2,420.6,0
2019-09-16 11:15:00,420.6,421.45,420.35,421.25,0
2019-09-16 12:15:00,421.25,423.15,421.15,422.85,0
2019-09-16 13:15:00,422.85,423.35,421.8,422.55,0
2019-09-16 14:15:00,422.6,423.0,421.55,422.0,0
2019-09-16 15:15:00,421.95,422.45,421.95,422.45,0
2019-09-17 09:15:00,422.25,424.6,422.25,424.5,0
2019-09-17 10:15:00,424.5,425.5,424.1,424.8,0
2019-09-17 11:15:00,424.8,425.8,424.75,425.75,0
2019-09-17 12:15:00,425.75,426.6,425.25,426.6,0
2019-09-17 13:15:00,426.55,429.4,426.45,429.35,0
2019-09-17 14:15:00,429.35,430.0,428.3,429.65,0
2019-09-17 15:15:00,429.6,429.75,428.8,428.85,0
2019-09-18 09:15:00,427.1,429.8,426.65,429.3,0
2019-09-18 10:15:00,429.3,429.55,428.05,429.05,0
2019-09-18 11:15:00,429.1,429.2,428.2,429.0,0
2019-09-18 12:15:00,429.0,429.15,427.3,427.35,0
2019-09-18 13:15:00,427.3,429.0,427.0,427.9,0
2019-09-18 14:15:00,427.9,429.05,427.2,428.5,0
2019-09-18 15:15:00,428.55,429.0,428.0,428.05,0
2019-09-19 09:15:00,428.25,431.8,428.25,431.55,0
2019-09-19 10:15:00,431.55,432.7,431.4,432.15,0
2019-09-19 11:15:00,432.15,432.7,431.5,432.65,0
2019-09-19 12:15:00,432.6,433.85,432.15,433.85,0
2019-09-19 13:15:00,433.9,434.45,432.95,433.75,0
2019-09-19 14:15:00,433.75,435.15,433.35,433.65,0
2019-09-19 15:15:00,433.7,434.25,433.5,433.95,0
2019-09-20 09:15:00,432.15,434.4,432.15,433.55,0
2019-09-20 10:15:00,433.6,433.7,418.9,419.8,0
2019-09-20 11:15:00,419.7,420.25,411.0,411.35,0
2019-09-20 12:15:00,411.3,414.2,410.9,412.0,0
2019-09-20 13:15:00,411.95,412.2,407.75,407.8,0
2019-09-20 14:15:00,407.85,412.25,406.45,410.55,0
2019-09-20 15:15:00,410.55,411.4,410.45,410.6,0
2019-09-23 09:15:00,401.2,403.75,396.85,402.25,0
2019-09-23 10:15:00,402.3,403.05,399.1,399.1,0
2019-09-23 11:15:00,399.1,399.4,396.75,397.75,0
2019-09-23 12:15:00,397.8,397.85,395.65,397.55,0
2019-09-23 13:15:00,397.55,399.45,397.45,399.2,0
2019-09-23 14:15:00,399.25,400.05,398.0,398.85,0
2019-09-23 15:15:00,399.45,399.75,399.0,399.0,0
2019-09-24 09:15:00,399.5,400.45,397.3,398.5,0
2019-09-24 10:15:00,398.45,400.55,398.05,400.4,0
2019-09-24 11:15:00,400.45,401.25,399.7,400.25,0
2019-09-24 12:15:00,400.2,400.6,399.0,400.05,0
2019-09-24 13:15:00,400.05,401.2,399.8,400.35,0
2019-09-24 14:15:00,400.3,400.75,397.95,399.75,0
2019-09-24 15:15:00,399.75,400.1,399.4,399.55,0
2019-09-25 09:15:00,400.45,403.0,400.45,402.45,0
2019-09-25 10:15:00,402.45,403.95,402.45,403.4,0
2019-09-25 11:15:00,403.4,403.9,403.0,403.55,0
2019-09-25 12:15:00,403.5,403.55,402.25,403.15,0
2019-09-25 13:15:00,403.1,405.1,403.0,404.65,0
2019-09-25 14:15:00,404.65,405.55,404.0,404.1,0
2019-09-25 15:15:00,404.1,405.0,404.05,405.0,0
2019-09-26 09:15:00,403.75,403.75,400.15,400.8,0
2019-09-26 10:15:00,400.8,400.85,398.8,400.5,0
2019-09-26 11:15:00,400.5,402.45,399.55,402.35,0
2019-09-26 12:15:00,402.4,403.0,400.7,401.35,0
2019-09-26 13:15:00,401.35,402.15,400.6,401.05,0
2019-09-26 14:15:00,401.0,401.0,399.5,400.2,0
2019-09-26 15:15:00,400.25,400.4,399.65,399.8,0
2019-09-27 09:15:00,400.7,402.05,399.45,401.35,0
2019-09-27 10:15:00,401.35,402.3,400.95,402.2,0
2019-09-27 11:15:00,402.2,402.45,401.0,401.55,0
2019-09-27 12:15:00,401.55,401.85,400.75,401.2,0
2019-09-27 13:15:00,401.2,401.4,400.05,401.0,0
2019-09-27 14:15:00,401.0,402.65,401.0,402.3,0
2019-09-27 15:15:00,402.35,402.45,402.05,402.25,0
2019-09-30 09:15:00,403.15,405.7,402.7,405.6,0
2019-09-30 10:15:00,405.55,405.95,405.1,405.4,0
2019-09-30 11:15:00,405.45,405.75,404.5,405.35,0
2019-09-30 12:15:00,405.35,406.65,405.2,405.3,0
2019-09-30 13:15:00,405.3,405.8,404.8,405.2,0
2019-09-30 14:15:00,405.2,405.45,402.55,403.95,0
2019-09-30 15:15:00,403.9,403.95,403.35,403.75,0
2019-10-01 09:15:00,402.35,406.15,401.0,404.85,0
2019-10-01 10:15:00,404.8,405.0,401.65,402.55,0
2019-10-01 11:15:00,402.45,403.65,402.1,403.65,0
2019-10-01 12:15:00,403.65,404.5,403.15,404.0,0
2019-10-01 13:15:00,403.95,411.25,403.95,411.2,0
2019-10-01 14:15:00,411.2,411.75,406.85,408.4,0
2019-10-01 15:15:00,408.45,408.45,407.35,407.6,0
2019-10-03 09:15:00,409.3,411.6,408.2,409.7,0
2019-10-03 10:15:00,409.65,410.55,408.65,408.9,0
2019-10-03 11:15:00,408.9,409.95,408.2,408.35,0
2019-10-03 12:15:00,408.4,409.75,407.6,409.65,0
2019-10-03 13:15:00,409.65,411.15,409.0,409.5,0
2019-10-03 14:15:00,409.55,410.6,409.25,409.7,0
2019-10-03 15:15:00,409.75,409.8,409.3,409.6,0
2019-10-04 09:15:00,406.95,408.5,406.55,408.0,0
2019-10-04 10:15:00,408.0,408.5,407.5,407.7,0
2019-10-04 11:15:00,407.7,411.45,407.45,411.15,0
2019-10-04 12:15:00,411.15,412.55,409.1,411.65,0
2019-10-04 13:15:00,411.65,414.35,411.0,412.95,0
2019-10-04 14:15:00,412.95,415.05,412.3,414.85,0
2019-10-04 15:15:00,414.85,415.3,414.7,415.15,0
2019-10-07 09:15:00,414.05,416.95,412.7,413.0,0
2019-10-07 10:15:00,412.95,415.35,412.75,414.05,0
2019-10-07 11:15:00,414.0,414.65,413.25,413.25,0
2019-10-07 12:15:00,413.3,413.95,413.0,413.65,0
2019-10-07 13:15:00,413.65,414.95,413.3,414.65,0
2019-10-07 14:15:00,414.7,417.0,413.7,416.9,0
2019-10-07 15:15:00,416.95,417.15,416.6,416.95,0
2019-10-09 09:15:00,415.75,417.75,415.75,417.5,0
2019-10-09 10:15:00,417.45,418.1,416.15,416.75,0
2019-10-09 11:15:00,416.75,416.8,413.2,413.9,0
2019-10-09 12:15:00,413.9,414.25,412.55,412.75,0
2019-10-09 13:15:00,412.75,412.95,411.75,412.2,0
2019-10-09 14:15:00,412.15,412.25,409.5,409.85,0
2019-10-09 15:15:00,409.85,409.95,409.5,409.55,0
2019-10-10 09:15:00,411.0,411.95,410.55,410.85,0
2019-10-10 10:15:00,410.85,411.75,410.55,411.7,0
2019-10-10 11:15:00,411.75,413.05,411.75,412.6,0
2019-10-10 12:15:00,412.65,413.6,411.5,412.95,0
2019-10-10 13:15:00,413.0,413.45,412.1,412.6,0
2019-10-10 14:15:00,412.65,413.45,411.95,412.7,0
2019-10-10 15:15:00,412.65,412.8,412.2,412.5,0
2019-10-11 09:15:00,411.85,411.85,408.05,408.6,0
2019-10-11 10:15:00,408.6,414.4,408.45,412.4,0
2019-10-11 11:15:00,412.4,412.95,411.15,412.3,0
2019-10-11 12:15:00,412.3,412.6,410.95,411.3,0
2019-10-11 13:15:00,411.3,412.1,408.8,409.9,0
2019-10-11 14:15:00,409.9,411.6,409.55,409.95,0
2019-10-11 15:15:00,409.95,410.45,409.95,410.25,0
2019-10-14 09:15:00,409.15,410.85,408.5,409.15,0
2019-10-14 10:15:00,409.15,409.3,407.5,407.85,0
2019-10-14 11:15:00,407.9,408.5,407.75,407.95,0
2019-10-14 12:15:00,407.95,408.8,407.65,408.35,0
2019-10-14 13:15:00,408.35,408.45,406.45,406.6,0
2019-10-14 14:15:00,406.65,409.55,406.1,409.55,0
2019-10-14 15:15:00,409.65,410.0,409.1,409.35,0
2019-10-15 09:15:00,408.3,408.95,407.05,407.25,0
2019-10-15 10:15:00,407.25,407.75,406.6,407.0,0
2019-10-15 11:15:00,406.95,407.15,406.2,406.2,0
2019-10-15 12:15:00,406.15,407.4,405.85,406.8,0
2019-10-15 13:15:00,406.85,407.15,405.5,405.6,0
2019-10-15 14:15:00,405.65,406.15,404.65,406.0,0
2019-10-15 15:15:00,406.0,406.05,405.75,405.9,0
2019-10-16 09:15:00,404.65,406.1,404.1,405.65,0
2019-10-16 10:15:00,405.65,405.65,404.6,405.05,0
2019-10-16 11:15:00,405.05,405.35,404.55,404.95,0
2019-10-16 12:15:00,404.9,406.05,404.55,405.75,0
2019-10-16 13:15:00,405.8,406.55,405.2,405.65,0
2019-10-16 14:15:00,405.65,406.0,404.35,404.45,0
2019-10-16 15:15:00,404.4,404.75,404.25,404.5,0
2019-10-17 09:15:00,404.65,405.55,404.15,404.45,0
2019-10-17 10:15:00,404.45,405.0,404.1,404.85,0
2019-10-17 11:15:00,404.85,405.35,404.15,404.5,0
2019-10-17 12:15:00,404.5,404.7,402.8,402.8,0
2019-10-17 13:15:00,402.8,403.2,401.15,401.35,0
2019-10-17 14:15:00,401.35,401.85,399.95,400.15,0
2019-10-17 15:15:00,400.15,400.7,400.1,400.6,0
2019-10-18 09:15:00,400.65,401.55,398.75,399.5,0
2019-10-18 10:15:00,399.5,399.65,398.4,398.95,0
2019-10-18 11:15:00,398.95,399.15,398.05,398.35,0
2019-10-18 12:15:00,398.35,398.95,398.1,398.35,0
2019-10-18 13:15:00,398.35,398.75,397.4,397.5,0
2019-10-18 14:15:00,397.45,398.7,397.05,397.75,0
2019-10-18 15:15:00,397.75,398.05,397.7,397.85,0
2019-10-22 09:15:00,398.25,398.75,396.3,398.25,0
2019-10-22 10:15:00,398.25,399.1,398.15,398.8,0
2019-10-22 11:15:00,398.8,398.95,397.3,397.5,0
2019-10-22 12:15:00,397.5,398.7,396.95,398.35,0
2019-10-22 13:15:00,398.35,400.45,398.0,400.05,0
2019-10-22 14:15:00,400.0,401.0,399.15,400.7,0
2019-10-22 15:15:00,400.65,400.95,400.3,400.55,0
2019-10-23 09:15:00,400.35,401.8,398.9,399.5,0
2019-10-23 10:15:00,399.55,399.65,398.6,399.1,0
2019-10-23 11:15:00,399.1,399.2,398.45,398.7,0
2019-10-23 12:15:00,398.7,399.9,398.65,399.35,0
2019-10-23 13:15:00,399.35,399.9,398.55,399.7,0
2019-10-23 14:15:00,399.7,401.5,399.3,400.1,0
2019-10-23 15:15:00,400.1,400.1,399.75,399.85,0
2019-10-24 09:15:00,398.15,400.55,397.55,399.55,0
2019-10-24 10:15:00,399.55,401.5,399.35,401.35,0
2019-10-24 11:15:00,401.35,401.5,400.05,400.1,0
2019-10-24 12:15:00,400.1,401.1,399.55,401.1,0
2019-10-24 13:15:00,401.05,402.5,400.85,401.8,0
2019-10-24 14:15:00,401.8,402.45,400.0,400.95,0
2019-10-24 15:15:00,400.95,401.15,400.7,400.85,0
2019-10-25 09:15:00,398.75,401.4,398.75,400.7,0
2019-10-25 10:15:00,400.7,401.75,400.6,401.0,0
2019-10-25 11:15:00,401.0,401.55,400.7,401.35,0
2019-10-25 12:15:00,401.4,403.75,401.25,403.75,0
2019-10-25 13:15:00,403.75,404.1,401.95,402.05,0
2019-10-25 14:15:00,402.1,402.4,399.65,400.9,0
2019-10-25 15:15:00,400.9,401.25,400.8,401.2,0
2019-10-27 18:15:00,398.3,400.25,398.05,399.45,0
2019-10-29 09:15:00,399.05,399.6,397.05,397.45,0
2019-10-29 10:15:00,397.45,397.45,395.55,395.75,0
2019-10-29 11:15:00,395.7,395.75,394.85,395.15,0
2019-10-29 12:15:00,395.2,395.35,394.3,394.35,0
2019-10-29 13:15:00,394.35,394.35,393.35,393.65,0
2019-10-29 14:15:00,393.6,394.5,393.4,394.15,0
2019-10-29 15:15:00,394.15,394.3,393.8,393.95,0
2019-10-30 09:15:00,390.95,394.25,390.95,392.75,0
2019-10-30 10:15:00,392.75,393.0,392.0,392.85,0
2019-10-30 11:15:00,392.9,393.05,391.8,391.9,0
2019-10-30 12:15:00,391.85,392.5,391.65,391.8,0
2019-10-30 13:15:00,391.8,392.25,391.1,391.75,0
2019-10-30 14:15:00,391.75,393.1,391.7,392.25,0
2019-10-30 15:15:00,392.3,392.45,391.9,392.1,0
2019-10-31 09:15:00,390.8,391.0,390.0,390.15,0
2019-10-31 10:15:00,390.15,390.6,389.55,389.75,0
2019-10-31 11:15:00,389.75,390.8,389.7,390.35,0
2019-10-31 12:15:00,390.35,390.55,389.65,389.8,0
2019-10-31 13:15:00,389.8,390.45,389.35,389.4,0
2019-10-31 14:15:00,389.45,391.9,389.0,390.85,0
2019-10-31 15:15:00,390.8,391.6,390.8,391.05,0
2019-11-01 09:15:00,390.95,391.55,389.95,390.95,0
2019-11-01 10:15:00,390.95,392.4,390.9,391.3,0
2019-11-01 11:15:00,391.3,391.8,390.85,390.85,0
2019-11-01 12:15:00,390.9,391.95,390.5,391.55,0
2019-11-01 13:15:00,391.55,391.8,390.55,390.75,0
2019-11-01 14:15:00,390.75,391.55,390.15,390.9,0
2019-11-01 15:15:00,390.9,391.0,390.55,390.55,0
2019-11-04 09:15:00,389.75,389.75,388.25,388.8,0
2019-11-04 10:15:00,388.8,389.0,387.95,388.0,0
2019-11-04 11:15:00,388.0,390.45,387.75,389.9,0
2019-11-04 12:15:00,389.9,390.45,389.55,389.95,0
2019-11-04 13:15:00,390.0,390.5,389.55,389.6,0
2019-11-04 14:15:00,389.6,389.9,388.8,389.45,0
2019-11-04 15:15:00,389.5,389.6,389.1,389.2,0
2019-11-05 09:15:00,388.3,390.1,388.15,389.25,0
2019-11-05 10:15:00,389.25,389.65,388.95,389.35,0
2019-11-05 11:15:00,389.4,391.1,389.35,390.85,0
2019-11-05 12:15:00,390.85,391.65,390.4,391.5,0
2019-11-05 13:15:00,391.55,391.95,390.35,390.45,0
2019-11-05 14:15:00,390.45,390.9,389.95,390.05,0
2019-11-05 15:15:00,390.1,390.3,389.9,390.15,0
2019-11-06 09:15:00,390.4,392.25,390.4,392.0,0
2019-11-06 10:15:00,392.0,392.4,391.6,391.9,0
2019-11-06 11:15:00,391.9,391.9,388.35,388.8,0
2019-11-06 12:15:00,388.8,389.35,388.4,388.65,0
2019-11-06 13:15:00,388.7,388.75,387.4,387.9,0
2019-11-06 14:15:00,387.9,388.8,387.4,388.65,0
2019-11-06 15:15:00,388.65,388.9,388.5,388.7,0
2019-11-07 09:15:00,386.9,388.2,386.9,388.15,0
2019-11-07 10:15:00,388.15,388.85,387.9,388.15,0
2019-11-07 11:15:00,388.15,388.65,388.0,388.1,0
2019-11-07 12:15:00,388.1,389.3,387.3,387.8,0
2019-11-07 13:15:00,387.85,388.05,387.1,387.35,0
2019-11-07 14:15:00,387.35,388.1,387.0,387.15,0
2019-11-07 15:15:00,387.15,387.25,386.9,387.0,0
2019-11-08 09:15:00,388.05,388.65,387.75,388.05,0
2019-11-08 10:15:00,388.1,389.25,387.75,389.0,0
2019-11-08 11:15:00,389.0,389.05,387.8,388.15,0
2019-11-08 12:15:00,388.15,388.15,386.6,386.85,0
2019-11-08 13:15:00,386.85,388.9,386.5,388.3,0
2019-11-08 14:15:00,388.3,390.6,388.05,390.55,0
2019-11-08 15:15:00,390.55,391.15,390.5,390.7,0
2019-11-11 09:15:00,391.7,392.1,390.35,390.75,0
2019-11-11 10:15:00,390.75,391.7,390.7,391.4,0
2019-11-11 11:15:00,391.4,392.5,391.0,392.15,0
2019-11-11 12:15:00,392.15,392.45,391.45,391.95,0
2019-11-11 13:15:00,391.95,392.25,391.1,391.45,0
2019-11-11 14:15:00,391.45,392.0,390.4,390.4,0
2019-11-11 15:15:00,390.4,390.75,389.95,390.6,0
2019-11-13 09:15:00,390.85,391.25,389.6,390.25,0
2019-11-13 10:15:00,390.25,391.15,389.95,390.85,0
2019-11-13 11:15:00,390.85,391.4,390.4,391.35,0
2019-11-13 12:15:00,391.35,391.35,390.6,391.15,0
2019-11-13 13:15:00,391.1,391.85,391.05,391.45,0
2019-11-13 14:15:00,391.45,393.6,391.4,393.05,0
2019-11-13 15:15:00,393.0,393.3,392.85,393.25,0
2019-11-14 09:15:00,392.5,394.35,392.5,393.75,0
2019-11-14 10:15:00,393.8,394.05,391.3,392.0,0
2019-11-14 11:15:00,392.0,393.8,391.8,393.65,0
2019-11-14 12:15:00,393.65,394.1,393.2,393.5,0
2019-11-14 13:15:00,393.5,393.7,392.3,392.45,0
2019-11-14 14:15:00,392.45,393.4,391.7,392.0,0
2019-11-14 15:15:00,392.0,392.4,391.85,392.15,0
2019-11-15 09:15:00,391.05,391.1,389.75,390.2,0
2019-11-15 10:15:00,390.15,390.8,388.8,390.2,0
2019-11-15 11:15:00,390.2,390.7,389.95,390.15,0
2019-11-15 12:15:00,390.15,390.55,389.9,390.05,0
2019-11-15 13:15:00,390.05,390.35,389.05,389.4,0
2019-11-15 14:15:00,389.45,391.5,389.2,391.5,0
2019-11-15 15:15:00,391.45,391.85,391.4,391.4,0
2019-11-18 09:15:00,390.85,391.85,389.8,391.2,0
2019-11-18 10:15:00,391.2,391.8,391.05,391.4,0
2019-11-18 11:15:00,391.4,392.3,391.25,392.15,0
2019-11-18 12:15:00,392.15,392.4,391.25,391.6,0
2019-11-18 13:15:00,391.65,392.15,391.4,391.45,0
2019-11-18 14:15:00,391.45,392.1,391.2,391.85,0
2019-11-18 15:15:00,391.85,392.05,391.45,391.5,0
2019-11-19 09:15:00,390.75,392.0,390.6,391.55,0
2019-11-19 10:15:00,391.5,391.65,390.45,391.0,0
2019-11-19 11:15:00,391.0,391.1,389.9,390.35,0
2019-11-19 12:15:00,390.35,390.85,389.95,390.3,0
2019-11-19 13:15:00,390.3,390.75,390.15,390.6,0
2019-11-19 14:15:00,390.6,391.4,390.2,390.2,0
2019-11-19 15:15:00,390.2,390.3,389.45,389.55,0
2019-11-20 09:15:00,388.0,389.2,387.65,387.7,0
2019-11-20 10:15:00,387.7,387.8,386.9,387.55,0
2019-11-20 11:15:00,387.55,387.7,387.25,387.25,0
2019-11-20 12:15:00,387.25,387.6,386.9,387.35,0
2019-11-20 13:15:00,387.35,388.55,387.3,388.1,0
2019-11-20 14:15:00,388.1,388.85,387.8,388.15,0
2019-11-20 15:15:00,388.1,388.55,388.0,388.4,0
2019-11-21 09:15:00,387.4,388.9,387.4,388.55,0
2019-11-21 10:15:00,388.6,389.3,388.5,389.05,0
2019-11-21 11:15:00,389.05,389.2,388.25,388.45,0
2019-11-21 12:15:00,388.45,388.65,387.95,388.1,0
2019-11-21 13:15:00,388.1,388.85,387.9,388.6,0
2019-11-21 14:15:00,388.6,389.6,388.0,389.15,0
2019-11-21 15:15:00,389.2,389.45,389.1,389.4,0
2019-11-22 09:15:00,389.35,390.7,389.35,390.6,0
2019-11-22 10:15:00,390.55,391.0,390.05,390.45,0
2019-11-22 11:15:00,390.45,392.0,390.4,391.45,0
2019-11-22 12:15:00,391.45,392.05,391.25,391.8,0
2019-11-22 13:15:00,391.8,391.85,390.8,391.2,0
2019-11-22 14:15:00,391.2,391.8,390.75,391.15,0
2019-11-22 15:15:00,391.15,391.25,390.95,390.95,0
2019-11-25 09:15:00,390.95,390.95,388.85,389.25,0
2019-11-25 10:15:00,389.25,389.45,388.35,388.65,0
2019-11-25 11:15:00,388.65,388.7,387.75,387.85,0
2019-11-25 12:15:00,387.85,387.85,387.35,387.55,0
2019-11-25 13:15:00,387.55,387.7,386.3,386.55,0
2019-11-25 14:15:00,386.55,387.05,385.75,385.9,0
2019-11-25 15:15:00,385.9,386.0,385.65,385.8,0
2019-11-26 09:15:00,384.85,385.6,384.15,385.25,0
2019-11-26 10:15:00,385.25,386.35,385.25,385.85,0
2019-11-26 11:15:00,385.85,386.2,385.7,385.95,0
2019-11-26 12:15:00,385.95,386.05,384.95,385.2,0
2019-11-26 13:15:00,385.2,386.25,385.2,386.2,0
2019-11-26 14:15:00,386.15,388.15,385.95,387.35,0
2019-11-26 15:15:00,387.35,387.55,386.5,386.85,0
2019-11-27 09:15:00,386.25,386.3,385.0,385.25,0
2019-11-27 10:15:00,385.25,386.1,385.05,385.95,0
2019-11-27 11:15:00,385.95,386.5,385.7,386.3,0
2019-11-27 12:15:00,386.3,386.7,385.8,386.2,0
2019-11-27 13:15:00,386.2,386.4,385.85,386.15,0
2019-11-27 14:15:00,386.15,386.2,385.25,385.3,0
2019-11-27 15:15:00,385.3,385.3,384.8,384.85,0
2019-11-28 09:15:00,384.25,385.3,384.15,384.55,0
2019-11-28 10:15:00,384.5,385.0,384.45,384.8,0
2019-11-28 11:15:00,384.8,384.95,383.9,384.2,0
2019-11-28 12:15:00,384.2,384.65,384.0,384.15,0
2019-11-28 13:15:00,384.15,385.15,384.05,384.55,0
2019-11-28 14:15:00,384.6,384.9,383.5,383.65,0
2019-11-28 15:15:00,383.65,383.8,383.45,383.55,0
2019-11-29 09:15:00,383.9,385.8,383.85,385.6,0
2019-11-29 10:15:00,385.6,386.75,385.45,386.5,0
2019-11-29 11:15:00,386.5,387.95,386.45,387.25,0
2019-11-29 12:15:00,387.2,387.2,386.35,387.05,0
2019-11-29 13:15:00,387.05,387.65,386.75,387.65,0
2019-11-29 14:15:00,387.65,387.9,386.1,386.75,0
2019-11-29 15:15:00,386.75,387.0,386.6,387.0,0
2019-12-02 09:15:00,384.3,386.6,384.3,386.3,0
2019-12-02 10:15:00,386.3,387.65,386.3,387.2,0
2019-12-02 11:15:00,387.2,387.35,386.25,386.8,0
2019-12-02 12:15:00,386.8,387.85,386.65,387.6,0
2019-12-02 13:15:00,387.65,387.85,386.65,386.8,0
2019-12-02 14:15:00,386.8,387.9,386.75,387.15,0
2019-12-02 15:15:00,387.15,387.3,386.8,386.95,0
2019-12-03 09:15:00,386.55,388.5,386.55,388.1,0
2019-12-03 10:15:00,388.1,388.85,387.85,388.45,0
2019-12-03 11:15:00,388.45,389.7,388.4,389.5,0
2019-12-03 12:15:00,389.5,390.0,389.15,389.85,0
2019-12-03 13:15:00,389.85,389.9,389.05,389.6,0
2019-12-03 14:15:00,389.6,390.1,388.6,388.9,0
2019-12-03 15:15:00,388.9,389.05,388.65,388.7,0
2019-12-04 09:15:00,389.75,390.35,388.0,388.0,0
2019-12-04 10:15:00,388.0,389.1,387.95,388.65,0
2019-12-04 11:15:00,388.65,389.65,388.65,389.5,0
2019-12-04 12:15:00,389.55,390.9,389.3,390.6,0
2019-12-04 13:15:00,390.6,390.85,389.55,390.1,0
2019-12-04 14:15:00,390.1,390.3,387.0,387.35,0
2019-12-04 15:15:00,387.35,387.7,387.2,387.55,0
2019-12-05 09:15:00,386.55,387.35,386.35,386.8,0
2019-12-05 10:15:00,386.8,387.0,386.2,386.5,0
2019-12-05 11:15:00,386.55,388.75,386.4,387.9,0
2019-12-05 12:15:00,387.9,388.55,387.0,387.15,0
2019-12-05 13:15:00,387.15,387.45,386.4,387.05,0
2019-12-05 14:15:00,387.05,388.85,386.85,387.8,0
2019-12-05 15:15:00,387.85,388.75,387.7,388.55,0
2019-12-06 09:15:00,387.35,387.95,387.05,387.75,0
2019-12-06 10:15:00,387.75,389.0,387.7,388.85,0
2019-12-06 11:15:00,388.85,390.2,388.8,389.85,0
2019-12-06 12:15:00,389.85,390.2,389.15,389.95,0
2019-12-06 13:15:00,389.95,391.85,389.55,391.85,0
2019-12-06 14:15:00,391.85,392.45,390.85,391.5,0
2019-12-06 15:15:00,391.5,391.8,391.35,391.6,0
2019-12-09 09:15:00,391.0,392.65,391.0,391.45,0
2019-12-09 10:15:00,391.45,392.15,390.25,390.55,0
2019-12-09 11:15:00,390.55,390.9,390.1,390.75,0
2019-12-09 12:15:00,390.75,390.75,389.6,389.85,0
2019-12-09 13:15:00,389.9,391.25,389.7,391.15,0
2019-12-09 14:15:00,391.15,391.6,390.4,391.05,0
2019-12-09 15:15:00,391.0,391.2,390.85,391.05,0
2019-12-10 09:15:00,390.7,391.95,390.7,391.45,0
2019-12-10 10:15:00,391.45,392.5,391.35,392.4,0
2019-12-10 11:15:00,392.4,392.9,391.85,392.6,0
2019-12-10 12:15:00,392.6,393.1,392.1,392.45,0
2019-12-10 13:15:00,392.45,393.45,392.2,393.4,0
2019-12-10 14:15:00,393.4,394.15,393.3,393.85,0
2019-12-10 15:15:00,393.85,393.85,393.5,393.6,0
2019-12-11 09:15:00,393.45,393.55,392.15,392.2,0
2019-12-11 10:15:00,392.2,393.2,392.2,392.85,0
2019-12-11 11:15:00,392.85,393.9,392.85,393.6,0
2019-12-11 12:15:00,393.6,394.0,393.25,393.7,0
2019-12-11 13:15:00,393.7,393.75,392.85,393.4,0
2019-12-11 14:15:00,393.4,394.6,391.6,391.95,0
2019-12-11 15:15:00,391.9,392.05,391.6,391.95,0
2019-12-12 09:15:00,390.95,391.3,389.9,390.65,0
2019-12-12 10:15:00,390.65,391.0,390.4,390.95,0
2019-12-12 11:15:00,390.95,391.1,390.4,390.75,0
2019-12-12 12:15:00,390.75,391.0,390.3,390.35,0
2019-12-12 13:15:00,390.3,390.6,389.8,390.0,0
2019-12-12 14:15:00,390.0,390.05,388.95,390.0,0
2019-12-12 15:15:00,390.0,390.45,389.65,390.1,0
2019-12-13 09:15:00,388.3,388.3,387.3,387.35,0
2019-12-13 10:15:00,387.35,387.55,387.0,387.4,0
2019-12-13 11:15:00,387.4,388.0,387.2,387.2,0
2019-12-13 12:15:00,387.2,387.45,386.6,386.9,0
2019-12-13 13:15:00,386.9,387.05,386.35,386.7,0
2019-12-13 14:15:00,386.75,387.0,386.0,386.05,0
2019-12-13 15:15:00,386.05,386.75,386.05,386.3,0
2019-12-16 09:15:00,385.1,386.85,385.05,386.3,0
2019-12-16 10:15:00,386.3,387.05,386.25,386.55,0
2019-12-16 11:15:00,386.6,387.15,386.45,387.0,0
2019-12-16 12:15:00,387.0,387.3,386.65,386.75,0
2019-12-16 13:15:00,386.8,386.8,386.05,386.3,0
2019-12-16 14:15:00,386.3,387.8,386.25,387.6,0
2019-12-16 15:15:00,387.6,387.75,387.3,387.35,0
2019-12-17 09:15:00,386.7,387.05,385.05,385.25,0
2019-12-17 10:15:00,385.2,385.4,384.8,384.85,0
2019-12-17 11:15:00,384.85,385.3,384.7,384.75,0
2019-12-17 12:15:00,384.75,384.85,384.3,384.7,0
2019-12-17 13:15:00,384.75,385.05,384.35,384.8,0
2019-12-17 14:15:00,384.8,385.0,383.95,384.0,0
2019-12-17 15:15:00,384.0,384.1,383.45,383.8,0
2019-12-18 09:15:00,383.1,383.95,383.05,383.55,0
2019-12-18 10:15:00,383.55,384.15,383.4,383.6,0
2019-12-18 11:15:00,383.6,383.85,382.85,383.1,0
2019-12-18 12:15:00,383.1,383.4,382.35,382.6,0
2019-12-18 13:15:00,382.55,383.3,382.55,383.05,0
2019-12-18 14:15:00,383.05,383.1,381.8,382.5,0
2019-12-18 15:15:00,382.45,382.75,381.85,382.2,0
2019-12-19 09:15:00,382.3,383.3,382.3,382.7,0
2019-12-19 10:15:00,382.7,383.25,382.1,382.2,0
2019-12-19 11:15:00,382.2,382.45,381.4,381.6,0
2019-12-19 12:15:00,381.6,382.2,381.15,382.0,0
2019-12-19 13:15:00,382.0,382.0,381.4,381.45,0
2019-12-19 14:15:00,381.45,381.85,381.15,381.2,0
2019-12-19 15:15:00,381.2,381.3,380.95,381.15,0
2019-12-20 09:15:00,381.0,381.45,380.2,380.55,0
2019-12-20 10:15:00,380.55,381.4,380.35,380.55,0
2019-12-20 11:15:00,380.55,380.85,380.25,380.4,0
2019-12-20 12:15:00,380.45,380.95,380.3,380.9,0
2019-12-20 13:15:00,380.9,381.3,380.6,380.65,0
2019-12-20 14:15:00,380.7,381.2,380.4,381.0,0
2019-12-20 15:15:00,381.0,381.15,380.7,380.95,0
2019-12-23 09:15:00,382.15,382.15,380.65,381.05,0
2019-12-23 10:15:00,381.0,381.4,380.55,381.2,0
2019-12-23 11:15:00,381.2,381.25,380.8,381.05,0
2019-12-23 12:15:00,381.1,381.6,380.85,381.45,0
2019-12-23 13:15:00,381.45,382.15,381.45,381.8,0
2019-12-23 14:15:00,381.8,382.8,381.05,381.25,0
2019-12-23 15:15:00,381.25,381.25,380.95,381.15,0
2019-12-24 09:15:00,381.15,381.65,380.7,381.4,0
2019-12-24 10:15:00,381.4,381.9,381.3,381.8,0
2019-12-24 11:15:00,381.8,381.85,381.4,381.75,0
2019-12-24 12:15:00,381.75,382.2,381.65,381.85,0
2019-12-24 13:15:00,381.85,382.15,381.5,381.85,0
2019-12-24 14:15:00,381.85,383.0,381.6,382.9,0
2019-12-24 15:15:00,382.95,383.2,382.85,382.95,0
2019-12-26 09:15:00,383.0,383.45,382.75,383.1,0
2019-12-26 10:15:00,383.1,383.6,382.9,383.55,0
2019-12-26 11:15:00,383.55,383.95,383.5,383.7,0
2019-12-26 12:15:00,383.7,384.25,383.5,384.15,0
2019-12-26 13:15:00,384.15,384.65,383.95,384.6,0
2019-12-26 14:15:00,384.55,385.9,384.0,385.55,0
2019-12-26 15:15:00,385.55,385.85,385.5,385.55,0
2019-12-27 09:15:00,384.25,384.75,383.65,383.9,0
2019-12-27 10:15:00,383.9,384.25,383.0,383.0,0
2019-12-27 11:15:00,383.0,383.5,382.9,382.95,0
2019-12-27 12:15:00,382.95,383.25,382.75,382.9,0
2019-12-27 13:15:00,382.9,383.1,382.4,382.9,0
2019-12-27 14:15:00,382.9,383.4,381.85,382.05,0
2019-12-27 15:15:00,382.05,382.05,381.55,381.8,0
2019-12-30 09:15:00,381.2,381.75,380.85,381.35,0
2019-12-30 10:15:00,381.35,381.65,381.05,381.6,0
2019-12-30 11:15:00,381.6,382.95,381.55,382.75,0
2019-12-30 12:15:00,382.75,383.1,382.4,382.4,0
2019-12-30 13:15:00,382.4,382.75,382.3,382.65,0
2019-12-30 14:15:00,382.65,382.7,381.55,381.75,0
2019-12-30 15:15:00,381.7,382.0,381.6,381.7,0
2019-12-31 09:15:00,382.1,383.4,382.1,383.2,0
2019-12-31 10:15:00,383.2,383.7,383.0,383.4,0
2019-12-31 11:15:00,383.4,383.6,382.35,382.85,0
2019-12-31 12:15:00,382.85,383.2,382.75,382.95,0
2019-12-31 13:15:00,383.0,383.05,382.45,382.65,0
2019-12-31 14:15:00,382.65,384.85,382.65,384.7,0
2019-12-31 15:15:00,384.65,385.05,384.2,384.25,0
2020-01-01 09:15:00,383.55,384.1,382.9,383.9,0
2020-01-01 10:15:00,383.9,384.55,383.6,384.15,0
2020-01-01 11:15:00,384.15,384.45,383.95,384.0,0
2020-01-01 12:15:00,384.0,384.7,383.8,384.4,0
2020-01-01 13:15:00,384.4,384.5,383.65,384.15,0
2020-01-01 14:15:00,384.15,384.55,383.95,384.1,0
2020-01-01 15:15:00,384.15,384.3,383.85,383.95,0
2020-01-02 09:15:00,383.7,383.7,382.7,383.0,0
2020-01-02 10:15:00,383.05,383.05,382.5,382.75,0
2020-01-02 11:15:00,382.75,382.75,381.85,381.85,0
2020-01-02 12:15:00,381.9,382.05,381.45,381.8,0
2020-01-02 13:15:00,381.8,382.0,381.5,381.7,0
2020-01-02 14:15:00,381.7,381.7,380.95,381.0,0
2020-01-02 15:15:00,381.0,381.2,380.85,381.05,0
2020-01-03 09:15:00,381.75,382.75,381.75,381.95,0
2020-01-03 10:15:00,381.95,382.55,381.65,382.3,0
2020-01-03 11:15:00,382.3,383.1,382.15,382.95,0
2020-01-03 12:15:00,382.95,383.2,382.4,382.5,0
2020-01-03 13:15:00,382.5,383.25,382.5,383.2,0
2020-01-03 14:15:00,383.2,383.9,382.6,382.85,0
2020-01-03 15:15:00,382.8,382.95,382.65,382.95,0
2020-01-06 09:15:00,384.75,388.1,384.6,387.35,0
2020-01-06 10:15:00,387.35,387.9,387.0,387.85,0
2020-01-06 11:15:00,387.85,389.6,387.85,389.35,0
2020-01-06 12:15:00,389.35,389.8,388.9,389.45,0
2020-01-06 13:15:00,389.45,390.35,389.3,390.35,0
2020-01-06 14:15:00,390.35,390.9,389.65,390.25,0
2020-01-06 15:15:00,390.25,390.45,390.05,390.45,0
2020-01-07 09:15:00,387.55,387.55,385.15,385.85,0
2020-01-07 10:15:00,385.85,388.3,385.8,388.05,0
2020-01-07 11:15:00,388.05,388.35,387.0,387.55,0
2020-01-07 12:15:00,387.55,389.05,387.25,388.95,0
2020-01-07 13:15:00,388.95,389.9,388.4,388.85,0
2020-01-07 14:15:00,388.85,389.25,388.2,388.35,0
2020-01-07 15:15:00,388.3,388.35,387.95,388.15,0
2020-01-08 09:15:00,392.1,392.35,388.7,390.3,0
2020-01-08 10:15:00,390.25,391.35,389.45,391.25,0
2020-01-08 11:15:00,391.25,391.7,391.0,391.4,0
2020-01-08 12:15:00,391.45,391.6,389.75,390.4,0
2020-01-08 13:15:00,390.4,390.75,389.2,389.9,0
2020-01-08 14:15:00,389.9,390.45,388.95,389.4,0
2020-01-08 15:15:00,389.35,389.5,389.1,389.4,0
2020-01-09 09:15:00,385.25,385.75,384.5,385.1,0
2020-01-09 10:15:00,385.1,385.1,384.15,384.45,0
2020-01-09 11:15:00,384.4,384.65,383.95,384.05,0
2020-01-09 12:15:00,384.05,384.35,383.45,383.5,0
2020-01-09 13:15:00,383.5,384.2,383.15,383.9,0
2020-01-09 14:15:00,383.9,384.05,382.95,383.1,0
2020-01-09 15:15:00,383.15,383.35,383.05,383.25,0
2020-01-10 09:15:00,381.5,382.8,381.5,381.65,0
2020-01-10 10:15:00,381.65,381.75,381.0,381.05,0
2020-01-10 11:15:00,381.05,381.1,380.3,380.6,0
2020-01-10 12:15:00,380.65,381.3,380.3,381.0,0
2020-01-10 13:15:00,381.0,382.8,380.85,382.55,0
2020-01-10 14:15:00,382.55,383.3,381.7,381.9,0
2020-01-10 15:15:00,381.9,382.1,381.9,381.95,0
2020-01-13 09:15:00,380.9,381.2,379.6,380.25,0
2020-01-13 10:15:00,380.25,380.25,379.7,379.8,0
2020-01-13 11:15:00,379.8,380.2,379.65,379.9,0
2020-01-13 12:15:00,379.9,380.5,379.65,380.45,0
2020-01-13 13:15:00,380.45,380.9,380.1,380.75,0
2020-01-13 14:15:00,380.75,380.9,379.65,379.8,0
2020-01-13 15:15:00,379.8,379.95,379.65,379.85,0
2020-01-14 09:15:00,379.8,380.55,379.3,379.7,0
2020-01-14 10:15:00,379.7,380.25,379.4,379.8,0
2020-01-14 11:15:00,379.8,380.0,379.4,379.4,0
2020-01-14 12:15:00,379.4,379.85,379.35,379.65,0
2020-01-14 13:15:00,379.65,380.15,379.6,379.95,0
2020-01-14 14:15:00,379.95,380.05,378.55,378.9,0
2020-01-14 15:15:00,378.95,379.1,378.85,379.0,0
2020-01-15 09:15:00,379.35,381.15,379.35,381.1,0
2020-01-15 10:15:00,381.1,381.15,380.6,380.75,0
2020-01-15 11:15:00,380.75,381.15,380.5,381.1,0
2020-01-15 12:15:00,381.1,381.35,380.75,380.9,0
2020-01-15 13:15:00,380.9,381.5,380.65,381.0,0
2020-01-15 14:15:00,381.05,381.15,379.35,379.35,0
2020-01-15 15:15:00,379.35,379.7,379.2,379.6,0
2020-01-16 09:15:00,379.45,379.5,378.2,378.7,0
2020-01-16 10:15:00,378.7,380.45,378.65,380.25,0
2020-01-16 11:15:00,380.25,380.3,379.7,379.95,0
2020-01-16 12:15:00,379.95,380.25,379.2,379.25,0
2020-01-16 13:15:00,379.25,379.5,378.8,378.95,0
2020-01-16 14:15:00,378.95,379.55,378.85,379.1,0
2020-01-16 15:15:00,379.05,379.4,379.0,379.25,0
2020-01-17 09:15:00,380.1,380.3,378.45,378.55,0
2020-01-17 10:15:00,378.6,379.05,378.35,378.85,0
2020-01-17 11:15:00,378.85,379.85,378.85,379.55,0
2020-01-17 12:15:00,379.55,379.7,378.9,379.0,0
2020-01-17 13:15:00,379.0,379.25,378.95,379.05,0
2020-01-17 14:15:00,379.05,379.55,378.8,379.4,0
2020-01-17 15:15:00,379.4,379.6,379.25,379.6,0
2020-01-20 09:15:00,377.1,381.05,377.1,380.8,0
2020-01-20 10:15:00,380.8,381.8,380.5,381.45,0
2020-01-20 11:15:00,381.4,381.55,381.1,381.25,0
2020-01-20 12:15:00,381.25,382.75,381.15,382.75,0
2020-01-20 13:15:00,382.75,382.8,381.7,382.45,0
2020-01-20 14:15:00,382.4,383.65,382.4,383.45,0
2020-01-20 15:15:00,383.45,383.65,383.2,383.25,0
2020-01-21 09:15:00,384.4,385.45,383.35,384.1,0
2020-01-21 10:15:00,384.1,385.25,384.1,384.6,0
2020-01-21 11:15:00,384.6,385.0,383.95,384.3,0
2020-01-21 12:15:00,384.3,384.9,384.2,384.35,0
2020-01-21 13:15:00,384.35,385.0,384.3,384.85,0
2020-01-21 14:15:00,384.85,385.45,384.25,385.25,0
2020-01-21 15:15:00,385.3,385.45,385.1,385.25,0
2020-01-22 09:15:00,383.75,385.25,383.55,385.25,0
2020-01-22 10:15:00,385.25,386.65,385.1,386.4,0
2020-01-22 11:15:00,386.4,386.85,386.15,386.85,0
2020-01-22 12:15:00,386.85,386.85,386.1,386.35,0
2020-01-22 13:15:00,386.4,387.6,386.2,387.2,0
2020-01-22 14:15:00,387.2,387.85,386.75,387.25,0
2020-01-22 15:15:00,387.25,387.55,387.05,387.2,0
2020-01-23 09:15:00,386.8,387.7,385.05,385.65,0
2020-01-23 10:15:00,385.65,387.1,385.5,387.05,0
2020-01-23 11:15:00,387.05,387.25,386.25,386.3,0
2020-01-23 12:15:00,386.3,386.3,384.95,384.95,0
2020-01-23 13:15:00,385.0,385.55,384.75,385.45,0
2020-01-23 14:15:00,385.45,385.6,384.7,384.95,0
2020-01-23 15:15:00,384.95,385.2,384.9,385.0,0
2020-01-24 09:15:00,385.2,386.0,383.3,383.5,0
2020-01-24 10:15:00,383.45,383.6,382.95,383.45,0
2020-01-24 11:15:00,383.5,383.9,383.3,383.65,0
2020-01-24 12:15:00,383.65,383.85,383.0,383.05,0
2020-01-24 13:15:00,383.05,383.2,382.35,382.45,0
2020-01-24 14:15:00,382.45,383.05,382.15,382.85,0
2020-01-24 15:15:00,382.85,383.0,382.65,382.7,0
2020-01-27 09:15:00,384.65,385.95,384.15,384.45,0
2020-01-27 10:15:00,384.45,384.9,384.05,384.85,0
2020-01-27 11:15:00,384.85,385.05,384.5,384.6,0
2020-01-27 12:15:00,384.6,385.25,384.3,385.25,0
2020-01-27 13:15:00,385.25,385.7,384.95,385.5,0
2020-01-27 14:15:00,385.5,387.0,385.4,387.0,0
2020-01-27 15:15:00,386.95,387.45,386.95,387.3,0
2020-01-28 09:15:00,386.2,387.9,385.75,387.0,0
2020-01-28 10:15:00,387.05,387.8,386.8,387.45,0
2020-01-28 11:15:00,387.45,387.45,386.55,386.6,0
2020-01-28 12:15:00,386.6,387.4,386.4,386.55,0
2020-01-28 13:15:00,386.55,388.6,386.45,388.5,0
2020-01-28 14:15:00,388.5,390.1,388.4,388.8,0
2020-01-28 15:15:00,388.8,389.1,388.7,389.0,0
2020-01-29 09:15:00,387.3,387.4,386.0,386.55,0
2020-01-29 10:15:00,386.55,387.15,385.8,386.1,0
2020-01-29 11:15:00,386.1,386.5,385.8,386.05,0
2020-01-29 12:15:00,386.05,386.7,385.9,386.2,0
2020-01-29 13:15:00,386.2,387.65,385.55,386.1,0
2020-01-29 14:15:00,386.1,387.4,385.65,386.7,0
2020-01-29 15:15:00,386.7,386.9,386.55,386.75,0
2020-01-30 09:15:00,386.3,389.2,386.25,388.9,0
2020-01-30 10:15:00,388.9,389.75,388.7,389.3,0
2020-01-30 11:15:00,389.3,389.55,388.8,389.35,0
2020-01-30 12:15:00,389.35,390.35,389.2,390.0,0
2020-01-30 13:15:00,390.0,390.65,389.5,390.6,0
2020-01-30 14:15:00,390.6,390.6,389.0,389.85,0
2020-01-30 15:15:00,389.85,390.45,389.8,390.25,0
2020-01-31 09:15:00,387.8,390.15,387.8,389.7,0
2020-01-31 10:15:00,389.7,391.5,389.5,391.15,0
2020-01-31 11:15:00,391.15,392.3,391.05,392.05,0
2020-01-31 12:15:00,392.05,392.3,390.65,391.25,0
2020-01-31 13:15:00,391.25,391.25,389.8,389.8,0
2020-01-31 14:15:00,389.75,392.8,389.35,392.45,0
2020-01-31 15:15:00,392.45,392.7,392.05,392.1,0
2020-02-01 09:15:00,393.1,395.0,391.65,391.9,0
2020-02-01 10:15:00,391.9,392.2,390.55,390.9,0
2020-02-01 11:15:00,390.85,393.7,390.8,393.6,0
2020-02-01 12:15:00,393.65,395.55,392.05,394.1,0
2020-02-01 13:15:00,394.05,400.35,394.0,396.55,0
2020-02-01 14:15:00,396.6,402.45,396.5,402.2,0
2020-02-01 15:15:00,402.25,403.1,401.95,402.85,0
2020-02-03 09:15:00,403.5,403.9,400.25,400.65,0
2020-02-03 10:15:00,400.65,400.75,399.3,399.95,0
2020-02-03 11:15:00,399.95,402.75,399.95,401.6,0
2020-02-03 12:15:00,401.6,402.15,400.05,400.95,0
2020-02-03 13:15:00,400.95,402.2,400.55,401.6,0
2020-02-03 14:15:00,401.6,402.0,399.45,401.15,0
2020-02-03 15:15:00,401.15,401.2,400.15,400.2,0
2020-02-04 09:15:00,398.1,398.1,395.65,395.8,0
2020-02-04 10:15:00,395.8,395.8,393.3,393.85,0
2020-02-04 11:15:00,393.85,393.9,392.4,392.65,0
2020-02-04 12:15:00,392.65,393.6,392.35,392.7,0
2020-02-04 13:15:00,392.7,392.8,391.6,392.3,0
2020-02-04 14:15:00,392.3,392.45,391.25,391.55,0
2020-02-04 15:15:00,391.6,391.65,391.35,391.4,0
2020-02-05 09:15:00,390.65,392.35,389.6,389.6,0
2020-02-05 10:15:00,389.6,390.1,389.25,389.8,0
2020-02-05 11:15:00,389.8,391.5,389.6,391.1,0
2020-02-05 12:15:00,391.1,391.2,389.95,390.4,0
2020-02-05 13:15:00,390.4,390.55,388.65,388.95,0
2020-02-05 14:15:00,388.95,388.95,387.65,388.0,0
2020-02-05 15:15:00,388.0,388.15,387.65,387.85,0
2020-02-06 09:15:00,387.0,387.25,386.0,387.2,0
2020-02-06 10:15:00,387.2,388.15,386.9,388.15,0
2020-02-06 11:15:00,388.1,388.1,385.9,386.65,0
2020-02-06 12:15:00,386.65,386.7,385.75,386.35,0
2020-02-06 13:15:00,386.35,387.55,385.7,386.8,0
2020-02-06 14:15:00,386.8,387.05,386.1,386.5,0
2020-02-06 15:15:00,386.45,386.75,386.35,386.6,0
2020-02-07 09:15:00,386.05,387.6,386.05,387.15,0
2020-02-07 10:15:00,387.15,387.8,387.1,387.6,0
2020-02-07 11:15:00,387.6,388.25,387.45,388.25,0
2020-02-07 12:15:00,388.25,388.5,387.1,387.65,0
2020-02-07 13:15:00,387.7,388.5,387.55,388.0,0
2020-02-07 14:15:00,388.0,388.4,387.25,387.7,0
2020-02-07 15:15:00,387.65,388.15,387.65,388.1,0
2020-02-10 09:15:00,387.75,390.5,387.75,390.3,0
2020-02-10 10:15:00,390.3,391.35,390.3,390.6,0
2020-02-10 11:15:00,390.6,391.05,389.85,389.95,0
2020-02-10 12:15:00,389.95,390.65,389.75,390.65,0
2020-02-10 13:15:00,390.65,391.05,390.2,390.7,0
2020-02-10 14:15:00,390.7,391.05,389.8,389.8,0
2020-02-10 15:15:00,389.8,390.0,389.65,389.9,0
2020-02-11 09:15:00,387.6,387.7,385.55,386.0,0
2020-02-11 10:15:00,386.0,386.6,385.95,386.6,0
2020-02-11 11:15:00,386.6,387.15,386.35,387.1,0
2020-02-11 12:15:00,387.1,387.4,386.5,386.6,0
2020-02-11 13:15:00,386.6,386.9,386.2,386.85,0
2020-02-11 14:15:00,386.85,387.9,386.6,387.4,0
2020-02-11 15:15:00,387.4,387.85,387.35,387.55,0
2020-02-12 09:15:00,386.3,386.5,384.0,384.0,0
2020-02-12 10:15:00,384.0,384.75,383.7,384.45,0
2020-02-12 11:15:00,384.4,385.15,384.15,384.75,0
2020-02-12 12:15:00,384.8,385.1,384.5,384.8,0
2020-02-12 13:15:00,384.8,385.15,384.1,384.45,0
2020-02-12 14:15:00,384.45,384.9,384.1,384.9,0
2020-02-12 15:15:00,384.9,384.9,384.6,384.6,0
2020-02-13 09:15:00,384.15,386.15,384.15,385.8,0
2020-02-13 10:15:00,385.8,386.3,385.7,385.95,0
2020-02-13 11:15:00,385.95,386.55,385.9,386.45,0
2020-02-13 12:15:00,386.45,386.65,386.0,386.1,0
2020-02-13 13:15:00,386.1,386.65,386.1,386.4,0
2020-02-13 14:15:00,386.4,386.45,385.55,385.55,0
2020-02-13 15:15:00,385.6,385.8,385.4,385.8,0
2020-02-14 09:15:00,385.15,385.15,383.35,384.85,0
2020-02-14 10:15:00,384.85,388.05,384.45,387.3,0
2020-02-14 11:15:00,387.3,387.45,385.35,386.1,0
2020-02-14 12:15:00,386.1,386.6,385.9,386.35,0
2020-02-14 13:15:00,386.35,387.25,386.3,386.6,0
2020-02-14 14:15:00,386.6,388.25,386.55,387.5,0
2020-02-14 15:15:00,387.55,387.85,387.4,387.65,0
2020-02-17 09:15:00,387.15,389.0,386.25,388.05,0
2020-02-17 10:15:00,388.0,388.6,387.75,388.3,0
2020-02-17 11:15:00,388.3,388.5,387.8,388.35,0
2020-02-17 12:15:00,388.35,389.7,388.3,389.45,0
2020-02-17 13:15:00,389.45,389.95,389.0,389.8,0
2020-02-17 14:15:00,389.8,390.15,389.15,390.0,0
2020-02-17 15:15:00,390.0,390.1,389.7,389.75,0
2020-02-18 09:15:00,390.5,392.9,390.5,392.35,0
2020-02-18 10:15:00,392.35,393.55,392.35,393.55,0
2020-02-18 11:15:00,393.55,394.0,393.35,393.85,0
2020-02-18 12:15:00,393.85,394.35,393.3,393.7,0
2020-02-18 13:15:00,393.7,394.4,393.35,393.6,0
2020-02-18 14:15:00,393.6,393.65,391.4,391.4,0
2020-02-18 15:15:00,391.4,391.6,391.0,391.15,0
2020-02-19 09:15:00,388.5,389.55,387.6,389.15,0
2020-02-19 10:15:00,389.15,390.1,388.75,389.25,0
2020-02-19 11:15:00,389.25,389.25,388.4,388.45,0
2020-02-19 12:15:00,388.45,388.55,387.4,387.7,0
2020-02-19 13:15:00,387.7,388.65,387.6,388.2,0
2020-02-19 14:15:00,388.25,388.55,387.3,387.45,0
2020-02-19 15:15:00,387.45,387.45,387.1,387.25,0
2020-02-20 09:15:00,387.65,388.45,387.25,387.8,0
2020-02-20 10:15:00,387.85,387.85,387.15,387.35,0
2020-02-20 11:15:00,387.35,387.4,386.6,387.0,0
2020-02-20 12:15:00,387.0,387.2,386.7,387.05,0
2020-02-20 13:15:00,387.05,387.9,387.05,387.7,0
2020-02-20 14:15:00,387.7,389.15,387.35,388.75,0
2020-02-20 15:15:00,388.75,389.1,388.55,388.9,0
2020-02-24 09:15:00,391.3,394.1,391.3,393.1,0
2020-02-24 10:15:00,393.1,393.65,392.85,393.2,0
2020-02-24 11:15:00,393.2,393.35,392.3,392.85,0
2020-02-24 12:15:00,392.8,393.3,392.45,393.2,0
2020-02-24 13:15:00,393.15,394.5,393.05,394.35,0
2020-02-24 14:15:00,394.35,397.55,394.25,397.15,0
2020-02-24 15:15:00,397.1,397.7,396.9,397.0,0
2020-02-25 09:15:00,395.6,397.85,395.45,396.65,0
2020-02-25 10:15:00,396.65,397.45,396.1,396.8,0
2020-02-25 11:15:00,396.8,397.25,396.05,396.3,0
2020-02-25 12:15:00,396.3,397.65,395.8,397.6,0
2020-02-25 13:15:00,397.6,398.7,396.7,398.45,0
2020-02-25 14:15:00,398.45,398.9,397.05,398.15,0
2020-02-25 15:15:00,398.15,398.35,397.65,397.75,0
2020-02-26 09:15:00,400.35,402.3,400.2,401.15,0
2020-02-26 10:15:00,401.2,402.1,400.75,401.75,0
2020-02-26 11:15:00,401.75,401.75,400.95,401.15,0
2020-02-26 12:15:00,401.15,401.15,400.25,400.5,0
2020-02-26 13:15:00,400.5,400.9,398.85,400.9,0
2020-02-26 14:15:00,400.9,403.65,400.55,402.05,0
2020-02-26 15:15:00,402.0,402.55,401.85,402.4,0
2020-02-27 09:15:00,403.0,406.85,403.0,406.55,0
2020-02-27 10:15:00,406.55,407.3,406.1,406.4,0
2020-02-27 11:15:00,406.4,406.75,405.7,406.4,0
2020-02-27 12:15:00,406.4,406.55,404.6,405.0,0
2020-02-27 13:15:00,404.95,406.15,404.2,405.6,0
2020-02-27 14:15:00,405.6,406.0,403.65,403.7,0
2020-02-27 15:15:00,403.75,404.65,403.7,404.45,0
2020-02-28 09:15:00,412.75,416.65,412.75,415.95,0
2020-02-28 10:15:00,415.95,416.3,415.1,416.15,0
2020-02-28 11:15:00,416.15,417.4,415.25,417.15,0
2020-02-28 12:15:00,417.15,417.85,415.0,415.95,0
2020-02-28 13:15:00,416.0,416.9,415.2,416.6,0
2020-02-28 14:15:00,416.6,419.95,416.25,419.2,0
2020-02-28 15:15:00,419.2,419.2,418.2,418.35,0
2020-03-02 09:15:00,412.25,415.15,410.55,414.4,0
2020-03-02 10:15:00,414.4,414.55,412.65,413.4,0
2020-03-02 11:15:00,413.4,413.6,411.5,412.4,0
2020-03-02 12:15:00,412.4,413.5,412.05,412.95,0
2020-03-02 13:15:00,412.95,412.95,411.05,411.95,0
2020-03-02 14:15:00,411.95,425.25,411.85,424.85,0
2020-03-02 15:15:00,424.9,425.35,420.65,421.1,0
2020-03-03 09:15:00,418.6,418.6,414.85,416.5,0
2020-03-03 10:15:00,416.45,420.65,416.25,419.35,0
2020-03-03 11:15:00,419.4,421.1,418.6,419.65,0
2020-03-03 12:15:00,419.65,420.05,417.05,419.25,0
2020-03-03 13:15:00,419.3,419.9,415.55,416.4,0
2020-03-03 14:15:00,416.4,417.65,413.9,415.6,0
2020-03-03 15:15:00,415.55,415.7,414.35,414.4,0
2020-03-04 09:15:00,413.65,416.85,413.6,415.5,0
2020-03-04 10:15:00,415.45,418.15,415.45,417.65,0
2020-03-04 11:15:00,417.65,417.7,416.75,417.05,0
2020-03-04 12:15:00,417.05,420.5,416.4,420.25,0
2020-03-04 13:15:00,420.3,423.5,419.45,422.0,0
2020-03-04 14:15:00,422.0,422.2,416.35,417.1,0
2020-03-04 15:15:00,417.05,417.45,416.5,417.15,0
2020-03-05 09:15:00,415.35,417.45,414.15,416.6,0
2020-03-05 10:15:00,416.6,417.1,413.1,413.85,0
2020-03-05 11:15:00,413.85,414.3,412.55,413.05,0
2020-03-05 12:15:00,413.05,414.2,412.3,413.15,0
2020-03-05 13:15:00,413.2,415.95,413.0,415.3,0
2020-03-05 14:15:00,415.3,417.05,414.55,417.0,0
2020-03-05 15:15:00,417.0,417.65,416.8,417.15,0
2020-03-06 09:15:00,428.85,432.95,427.45,429.1,0
2020-03-06 10:15:00,429.1,430.95,428.9,430.6,0
2020-03-06 11:15:00,430.55,431.2,429.45,429.9,0
2020-03-06 12:15:00,429.9,430.5,427.1,427.45,0
2020-03-06 13:15:00,427.45,428.3,425.45,427.5,0
2020-03-06 14:15:00,427.55,428.25,425.6,426.9,0
2020-03-06 15:15:00,426.9,427.85,426.8,427.5,0
2020-03-09 09:15:00,436.9,444.15,436.85,443.3,0
2020-03-09 10:15:00,443.25,445.85,442.65,444.55,0
2020-03-09 11:15:00,444.6,445.35,444.05,444.2,0
2020-03-09 12:15:00,444.2,453.0,443.75,452.0,0
2020-03-09 13:15:00,452.1,454.3,449.4,449.55,0
2020-03-09 14:15:00,449.5,450.2,445.8,447.7,0
2020-03-09 15:15:00,447.6,449.85,447.55,448.05,0
2020-03-11 09:15:00,453.35,453.35,445.0,449.6,0
2020-03-11 10:15:00,449.65,451.85,448.8,450.1,0
2020-03-11 11:15:00,450.15,450.6,446.4,447.85,0
2020-03-11 12:15:00,447.85,448.1,444.35,445.7,0
2020-03-11 13:15:00,445.7,448.65,444.35,446.8,0
2020-03-11 14:15:00,446.85,448.5,444.8,448.25,0
2020-03-11 15:15:00,448.25,448.7,447.75,448.35,0
2020-03-12 09:15:00,466.0,473.0,466.0,471.55,0
2020-03-12 10:15:00,471.6,482.7,471.5,479.15,0
2020-03-12 11:15:00,479.1,480.95,477.05,479.85,0
2020-03-12 12:15:00,479.85,479.85,474.65,477.6,0
2020-03-12 13:15:00,477.55,480.1,475.25,480.0,0
2020-03-12 14:15:00,480.1,488.8,479.35,486.15,0
2020-03-12 15:15:00,486.25,486.5,482.65,483.55,0
2020-03-13 09:15:00,509.75,534.25,509.45,534.25,0
2020-03-13 10:15:00,534.25,534.25,477.35,486.85,0
2020-03-13 11:15:00,486.9,492.35,478.3,479.8,0
2020-03-13 12:15:00,479.8,481.0,458.3,464.7,0
2020-03-13 13:15:00,465.15,468.0,456.7,466.1,0
2020-03-13 14:15:00,466.05,478.1,465.25,466.05,0
2020-03-13 15:15:00,466.05,468.0,463.25,463.65,0
2020-03-16 09:15:00,484.3,495.9,484.3,487.8,0
2020-03-16 10:15:00,487.8,489.6,483.65,487.05,0
2020-03-16 11:15:00,487.05,492.25,485.25,491.4,0
2020-03-16 12:15:00,491.4,494.3,489.35,491.5,0
2020-03-16 13:15:00,491.45,499.7,489.7,499.65,0
2020-03-16 14:15:00,499.6,503.9,497.0,503.7,0
2020-03-16 15:15:00,503.65,504.1,502.0,502.65,0
2020-03-17 09:15:00,497.85,512.45,493.1,495.0,0
2020-03-17 10:15:00,495.1,499.75,491.4,498.55,0
2020-03-17 11:15:00,498.6,503.3,496.45,498.4,0
2020-03-17 12:15:00,498.4,499.6,494.55,496.45,0
2020-03-17 13:15:00,496.45,503.7,494.8,501.2,0
2020-03-17 14:15:00,501.15,518.0,500.35,517.3,0
2020-03-17 15:15:00,517.25,517.85,514.85,515.35,0
2020-03-18 09:15:00,508.35,523.5,506.2,523.0,0
2020-03-18 10:15:00,523.1,525.95,516.75,525.35,0
2020-03-18 11:15:00,525.25,534.45,522.15,533.6,0
2020-03-18 12:15:00,533.6,539.55,529.15,535.65,0
2020-03-18 13:15:00,535.7,540.65,532.1,540.35,0
2020-03-18 14:15:00,540.25,547.4,534.6,545.05,0
2020-03-18 15:15:00,545.05,546.35,539.35,539.85,0
2020-03-19 09:15:00,570.05,584.75,569.4,572.95,0
2020-03-19 10:15:00,572.95,577.05,551.0,551.0,0
2020-03-19 11:15:00,551.0,566.55,549.2,564.05,0
2020-03-19 12:15:00,564.1,564.1,549.0,554.55,0
2020-03-19 13:15:00,554.55,559.55,537.25,538.25,0
2020-03-19 14:15:00,538.65,557.8,538.45,557.55,0
2020-03-19 15:15:00,557.55,560.6,556.55,556.95,0
2020-03-20 09:15:00,555.85,563.0,545.35,551.0,0
2020-03-20 10:15:00,550.95,554.9,548.0,552.0,0
2020-03-20 11:15:00,552.0,552.0,534.6,535.05,0
2020-03-20 12:15:00,535.0,535.1,525.2,527.05,0
2020-03-20 13:15:00,526.85,540.05,515.55,537.55,0
2020-03-20 14:15:00,537.45,541.2,523.3,525.05,0
2020-03-20 15:15:00,525.05,526.35,521.55,524.85,0
2020-03-23 09:15:00,573.0,576.15,560.2,575.55,0
2020-03-23 10:15:00,575.55,580.8,571.65,579.7,0
2020-03-23 11:15:00,579.7,587.05,577.2,585.85,0
2020-03-23 12:15:00,585.9,588.25,577.9,583.9,0
2020-03-23 13:15:00,583.85,588.8,579.55,588.15,0
2020-03-23 14:15:00,588.15,593.75,581.85,593.2,0
2020-03-23 15:15:00,593.2,594.65,590.95,591.15,0
2020-03-24 09:15:00,574.6,596.5,560.15,593.5,0
2020-03-24 10:15:00,593.4,600.8,582.3,585.7,0
2020-03-24 11:15:00,585.65,585.7,575.45,580.35,0
2020-03-24 12:15:00,580.25,582.95,570.7,572.1,0
2020-03-24 13:15:00,572.15,575.25,564.65,571.1,0
2020-03-24 14:15:00,571.1,583.0,563.2,576.0,0
2020-03-24 15:15:00,576.0,578.35,574.25,574.3,0
2020-03-25 09:15:00,583.2,584.7,565.15,579.0,0
2020-03-25 10:15:00,579.05,581.35,573.55,575.85,0
2020-03-25 11:15:00,575.85,578.35,567.2,568.1,0
2020-03-25 12:15:00,568.15,570.1,550.1,550.6,0
2020-03-25 13:15:00,550.65,550.65,539.85,540.65,0
2020-03-25 14:15:00,540.55,543.0,535.7,541.4,0
2020-03-25 15:15:00,541.3,542.85,540.6,541.3,0
2020-03-26 09:15:00,531.4,540.55,516.65,516.75,0
2020-03-26 10:15:00,516.75,526.0,512.1,521.9,0
2020-03-26 11:15:00,521.75,527.6,513.3,513.7,0
2020-03-26 12:15:00,513.65,517.7,512.95,514.75,0
2020-03-26 13:15:00,514.8,531.2,513.45,525.3,0
2020-03-26 14:15:00,525.35,526.95,513.15,520.2,0
2020-03-26 15:15:00,520.25,521.25,517.1,518.2,0
2020-03-27 09:15:00,500.55,508.95,495.2,508.05,0
2020-03-27 10:15:00,508.05,523.45,502.35,523.25,0
2020-03-27 11:15:00,523.3,525.2,512.4,516.1,0
2020-03-27 12:15:00,516.25,523.4,514.8,521.6,0
2020-03-27 13:15:00,521.6,526.1,511.95,512.0,0
2020-03-27 14:15:00,511.95,520.8,507.1,517.75,0
2020-03-27 15:15:00,517.75,517.75,515.7,517.25,0
2020-03-30 09:15:00,534.35,537.45,524.6,528.8,0
2020-03-30 10:15:00,528.75,530.6,523.0,526.55,0
2020-03-30 11:15:00,526.55,532.45,525.6,531.4,0
2020-03-30 12:15:00,531.4,535.35,529.45,534.0,0
2020-03-30 13:15:00,534.0,536.45,532.0,533.45,0
2020-03-30 14:15:00,533.5,542.8,533.4,539.2,0
2020-03-30 15:15:00,539.15,541.9,539.0,540.0,0
2020-03-31 09:15:00,524.4,535.55,524.4,531.15,0
2020-03-31 10:15:00,531.1,531.1,525.5,529.25,0
2020-03-31 11:15:00,529.2,529.35,521.5,521.85,0
2020-03-31 12:15:00,521.9,523.85,519.55,523.15,0
2020-03-31 13:15:00,523.1,523.5,517.25,519.4,0
2020-03-31 14:15:00,519.4,520.6,514.75,519.6,0
2020-03-31 15:15:00,519.65,522.95,519.65,522.65,0
2020-04-01 09:15:00,520.75,534.45,520.55,532.9,0
2020-04-01 10:15:00,532.9,539.75,531.85,539.5,0
2020-04-01 11:15:00,539.45,539.65,536.85,537.8,0
2020-04-01 12:15:00,537.8,540.9,536.15,540.0,0
2020-04-01 13:15:00,540.05,544.0,539.6,542.6,0
2020-04-01 14:15:00,542.65,543.3,539.4,540.85,0
2020-04-01 15:15:00,540.9,540.95,540.2,540.2,0
2020-04-03 09:15:00,534.05,549.6,534.05,545.75,0
2020-04-03 10:15:00,545.8,551.0,544.75,549.05,0
2020-04-03 11:15:00,549.05,549.95,546.7,548.75,0
2020-04-03 12:15:00,548.7,550.7,546.8,547.7,0
2020-04-03 13:15:00,547.75,552.95,542.85,551.45,0
2020-04-03 14:15:00,551.5,553.7,550.15,552.45,0
2020-04-03 15:15:00,552.45,552.5,550.4,550.4,0
2020-04-07 09:15:00,527.4,533.15,526.0,529.85,0
2020-04-07 10:15:00,529.8,531.95,523.85,524.7,0
2020-04-07 11:15:00,524.7,524.7,520.65,521.65,0
2020-04-07 12:15:00,521.65,521.7,514.65,515.35,0
2020-04-07 13:15:00,515.4,516.8,509.7,510.95,0
2020-04-07 14:15:00,510.95,511.55,502.0,502.5,0
2020-04-07 15:15:00,502.45,505.45,502.45,504.65,0
2020-04-08 09:15:00,509.75,511.5,493.05,493.05,0
2020-04-08 10:15:00,493.05,494.5,484.45,492.75,0
2020-04-08 11:15:00,492.65,504.1,489.65,498.4,0
2020-04-08 12:15:00,498.45,505.7,497.4,500.85,0
2020-04-08 13:15:00,500.9,509.1,500.45,507.8,0
2020-04-08 14:15:00,507.85,507.95,502.8,507.1,0
2020-04-08 15:15:00,507.15,507.2,505.9,506.0,0
2020-04-09 09:15:00,493.35,496.4,490.0,491.9,0
2020-04-09 10:15:00,491.9,497.3,490.4,494.8,0
2020-04-09 11:15:00,494.8,496.2,488.45,489.35,0
2020-04-09 12:15:00,489.4,490.4,485.5,487.2,0
2020-04-09 13:15:00,487.1,491.1,485.4,489.15,0
2020-04-09 14:15:00,489.1,491.8,484.4,485.1,0
2020-04-09 15:15:00,485.1,486.3,485.0,486.1,0
2020-04-13 09:15:00,485.9,496.1,485.5,494.2,0
2020-04-13 10:15:00,494.2,495.2,490.0,491.1,0
2020-04-13 11:15:00,491.05,491.9,486.05,488.35,0
2020-04-13 12:15:00,488.4,491.85,488.1,491.85,0
2020-04-13 13:15:00,491.9,494.45,491.3,494.1,0
2020-04-13 14:15:00,494.1,494.6,489.75,492.0,0
2020-04-13 15:15:00,492.05,492.15,491.1,491.1,0
2020-04-15 09:15:00,480.8,485.25,478.65,478.8,0
2020-04-15 10:15:00,478.8,480.25,477.3,478.8,0
2020-04-15 11:15:00,478.8,481.35,478.05,479.2,0
2020-04-15 12:15:00,479.2,483.25,478.65,482.75,0
2020-04-15 13:15:00,482.7,494.55,482.65,494.15,0
2020-04-15 14:15:00,494.35,498.4,493.4,495.6,0
2020-04-15 15:15:00,495.55,495.8,494.6,494.6,0
2020-04-16 09:15:00,499.75,501.35,493.55,497.05,0
2020-04-16 10:15:00,497.05,497.75,493.9,494.55,0
2020-04-16 11:15:00,494.5,494.5,490.75,490.85,0
2020-04-16 12:15:00,490.85,493.75,489.25,490.55,0
2020-04-16 13:15:00,490.45,491.8,489.2,491.05,0
2020-04-16 14:15:00,491.0,493.65,488.55,491.85,0
2020-04-16 15:15:00,491.8,491.9,490.45,490.65,0
2020-04-17 09:15:00,473.85,480.3,473.85,479.05,0
2020-04-17 10:15:00,479.0,484.5,477.55,481.35,0
2020-04-17 11:15:00,481.4,486.55,479.75,484.55,0
2020-04-17 12:15:00,484.5,485.45,481.85,484.4,0
2020-04-17 13:15:00,484.4,485.6,481.95,482.55,0
2020-04-17 14:15:00,482.5,483.45,476.5,476.6,0
2020-04-17 15:15:00,476.6,476.8,475.4,475.65,0
2020-04-20 09:15:00,470.75,478.25,470.75,476.05,0
2020-04-20 10:15:00,476.1,476.85,473.5,474.85,0
2020-04-20 11:15:00,474.85,478.9,474.85,476.8,0
2020-04-20 12:15:00,476.8,478.6,475.75,476.8,0
2020-04-20 13:15:00,476.75,477.4,475.3,476.05,0
2020-04-20 14:15:00,476.0,478.35,473.2,477.3,0
2020-04-20 15:15:00,477.3,477.4,476.7,477.35,0
2020-04-21 09:15:00,490.0,492.4,488.7,490.4,0
2020-04-21 10:15:00,490.35,490.75,488.6,490.0,0
2020-04-21 11:15:00,490.0,491.75,489.6,490.75,0
2020-04-21 12:15:00,490.8,495.3,490.6,493.75,0
2020-04-21 13:15:00,493.75,495.5,493.05,493.8,0
2020-04-21 14:15:00,493.8,494.0,490.45,491.6,0
2020-04-21 15:15:00,491.6,492.35,491.2,491.85,0
2020-04-22 09:15:00,489.4,493.8,489.25,491.6,0
2020-04-22 10:15:00,491.55,492.05,484.8,484.85,0
2020-04-22 11:15:00,484.85,487.75,483.9,485.45,0
2020-04-22 12:15:00,485.45,485.85,481.85,482.95,0
2020-04-22 13:15:00,482.95,485.95,481.95,483.0,0
2020-04-22 14:15:00,483.0,483.0,479.4,480.6,0
2020-04-22 15:15:00,480.6,480.95,480.05,480.25,0
2020-04-23 09:15:00,478.3,481.45,475.95,476.7,0
2020-04-23 10:15:00,476.7,477.2,474.85,476.8,0
2020-04-23 11:15:00,476.8,477.4,473.55,474.15,0
2020-04-23 12:15:00,474.2,476.2,473.4,475.3,0
2020-04-23 13:15:00,475.3,478.05,473.75,474.05,0
2020-04-23 14:15:00,474.05,475.35,472.5,473.95,0
2020-04-23 15:15:00,473.95,474.95,473.5,474.65,0
2020-04-24 09:15:00,481.7,482.45,478.45,480.7,0
2020-04-24 10:15:00,480.7,481.7,479.45,480.5,0
2020-04-24 11:15:00,480.45,481.3,478.65,479.0,0
2020-04-24 12:15:00,478.95,479.25,474.95,476.45,0
2020-04-24 13:15:00,476.45,481.5,475.85,480.65,0
2020-04-24 14:15:00,480.6,482.8,479.35,482.65,0
2020-04-24 15:15:00,482.65,482.75,481.15,481.2,0
2020-04-27 09:15:00,476.7,476.75,471.8,472.5,0
2020-04-27 10:15:00,472.45,472.85,470.55,471.85,0
2020-04-27 11:15:00,471.85,473.25,471.45,472.4,0
2020-04-27 12:15:00,472.45,472.45,471.0,471.65,0
2020-04-27 13:15:00,471.65,474.5,471.25,473.45,0
2020-04-27 14:15:00,473.5,476.1,473.3,475.35,0
2020-04-27 15:15:00,475.4,476.2,475.15,475.15,0
2020-04-28 09:15:00,470.05,476.7,469.45,475.5,0
2020-04-28 10:15:00,475.45,476.2,473.65,474.7,0
2020-04-28 11:15:00,474.65,475.2,473.15,475.05,0
2020-04-28 12:15:00,475.05,475.85,472.25,472.6,0
2020-04-28 13:15:00,472.6,473.25,471.05,471.3,0
2020-04-28 14:15:00,471.3,472.4,470.1,470.35,0
2020-04-28 15:15:00,470.35,470.75,469.4,469.45,0
2020-04-29 09:15:00,469.15,469.8,466.0,466.4,0
2020-04-29 10:15:00,466.4,466.8,465.4,465.5,0
2020-04-29 11:15:00,465.5,466.0,465.1,465.4,0
2020-04-29 12:15:00,465.4,465.7,463.95,464.3,0
2020-04-29 13:15:00,464.35,465.25,462.95,463.2,0
2020-04-29 14:15:00,463.2,463.5,459.6,462.0,0
2020-04-29 15:15:00,461.95,463.35,461.65,462.75,0
2020-04-30 09:15:00,452.25,453.2,448.0,448.15,0
2020-04-30 10:15:00,448.2,449.0,447.15,447.95,0
2020-04-30 11:15:00,448.0,448.7,446.9,446.9,0
2020-04-30 12:15:00,446.9,451.15,445.7,449.3,0
2020-04-30 13:15:00,449.4,451.0,448.3,449.5,0
2020-04-30 14:15:00,449.5,451.6,446.5,446.6,0
2020-04-30 15:15:00,446.55,447.7,445.95,447.55,0
2020-05-04 09:15:00,462.05,470.2,462.05,469.15,0
2020-05-04 10:15:00,469.15,469.65,467.75,468.8,0
2020-05-04 11:15:00,468.8,470.6,468.55,469.15,0
2020-05-04 12:15:00,469.15,470.7,468.5,470.05,0
2020-05-04 13:15:00,470.05,472.05,468.95,471.75,0
2020-05-04 14:15:00,471.75,474.1,471.55,473.65,0
2020-05-04 15:15:00,473.6,473.6,471.95,472.4,0
2020-05-05 09:15:00,466.05,470.9,465.0,469.1,0
2020-05-05 10:15:00,469.1,469.2,467.1,468.7,0
2020-05-05 11:15:00,468.7,471.95,468.7,470.5,0
2020-05-05 12:15:00,470.45,472.5,468.35,469.0,0
2020-05-05 13:15:00,469.05,471.7,467.95,470.9,0
2020-05-05 14:15:00,470.95,478.2,470.9,477.8,0
2020-05-05 15:15:00,477.8,477.8,476.6,476.7,0
2020-05-06 09:15:00,476.4,482.05,473.35,473.55,0
2020-05-06 10:15:00,473.65,474.9,470.2,471.85,0
2020-05-06 11:15:00,471.9,474.2,470.8,471.15,0
2020-05-06 12:15:00,471.2,474.3,470.35,474.3,0
2020-05-06 13:15:00,474.3,474.75,470.95,473.55,0
2020-05-06 14:15:00,473.5,478.4,473.3,474.15,0
2020-05-06 15:15:00,474.15,474.4,473.15,473.2,0
2020-05-07 09:15:00,476.05,478.85,473.8,475.7,0
2020-05-07 10:15:00,475.7,478.3,475.15,477.05,0
2020-05-07 11:15:00,477.0,477.75,475.7,477.35,0
2020-05-07 12:15:00,477.35,478.45,475.7,476.15,0
2020-05-07 13:15:00,476.2,478.85,475.1,478.0,0
2020-05-07 14:15:00,478.05,478.55,476.6,477.6,0
2020-05-07 15:15:00,477.65,478.4,476.95,477.05,0
2020-05-08 09:15:00,468.65,472.7,468.4,472.1,0
2020-05-08 10:15:00,472.1,472.15,470.1,470.5,0
2020-05-08 11:15:00,470.5,471.8,470.25,471.0,0
2020-05-08 12:15:00,470.95,472.65,470.4,470.55,0
2020-05-08 13:15:00,470.55,473.6,470.5,472.85,0
2020-05-08 14:15:00,472.85,475.8,472.7,475.45,0
2020-05-08 15:15:00,475.45,475.45,474.1,475.15,0
2020-05-11 09:15:00,470.3,470.6,465.6,468.45,0
2020-05-11 10:15:00,468.45,470.55,468.25,469.95,0
2020-05-11 11:15:00,469.95,472.55,469.45,470.85,0
2020-05-11 12:15:00,470.9,472.15,469.95,470.4,0
2020-05-11 13:15:00,470.4,473.15,470.15,473.15,0
2020-05-11 14:15:00,473.15,476.85,472.15,475.85,0
2020-05-11 15:15:00,475.85,476.15,474.95,475.55,0
2020-05-12 09:15:00,479.55,486.0,479.55,483.35,0
2020-05-12 10:15:00,483.35,484.2,482.25,483.0,0
2020-05-12 11:15:00,483.0,486.0,482.85,484.05,0
2020-05-12 12:15:00,484.0,485.1,481.5,483.1,0
2020-05-12 13:15:00,483.05,484.5,481.65,482.1,0
2020-05-12 14:15:00,482.1,482.15,475.9,479.5,0
2020-05-12 15:15:00,479.55,479.6,477.05,477.55,0
2020-05-13 09:15:00,458.0,470.1,458.0,468.0,0
2020-05-13 10:15:00,468.0,469.05,466.0,466.3,0
2020-05-13 11:15:00,466.35,467.8,466.0,466.8,0
2020-05-13 12:15:00,466.8,469.95,466.7,469.25,0
2020-05-13 13:15:00,469.25,470.0,466.4,468.25,0
2020-05-13 14:15:00,468.25,470.1,467.25,468.2,0
2020-05-13 15:15:00,468.2,469.05,467.8,468.45,0
2020-05-14 09:15:00,476.95,477.75,473.6,475.6,0
2020-05-14 10:15:00,475.65,477.55,475.55,476.9,0
2020-05-14 11:15:00,476.9,478.2,476.4,477.2,0
2020-05-14 12:15:00,477.2,477.8,475.9,476.5,0
2020-05-14 13:15:00,476.55,480.85,476.5,480.4,0
2020-05-14 14:15:00,480.4,481.6,478.9,480.75,0
2020-05-14 15:15:00,480.75,481.1,480.05,480.15,0
2020-05-15 09:15:00,478.45,484.65,478.45,483.6,0
2020-05-15 10:15:00,483.6,485.15,483.05,484.7,0
2020-05-15 11:15:00,484.65,485.4,483.7,484.55,0
2020-05-15 12:15:00,484.55,484.55,481.9,483.5,0
2020-05-15 13:15:00,483.5,484.1,480.3,480.5,0
2020-05-15 14:15:00,480.5,481.85,479.3,480.9,0
2020-05-15 15:15:00,480.95,481.45,480.25,481.25,0
2020-05-18 09:15:00,479.85,493.65,479.85,491.4,0
2020-05-18 10:15:00,491.35,496.7,490.95,495.75,0
2020-05-18 11:15:00,495.65,497.35,494.1,495.05,0
2020-05-18 12:15:00,495.1,495.35,492.8,494.0,0
2020-05-18 13:15:00,494.0,496.55,492.25,493.2,0
2020-05-18 14:15:00,493.2,498.05,492.95,497.45,0
2020-05-18 15:15:00,497.5,498.3,496.9,497.0,0
2020-05-19 09:15:00,489.7,495.0,488.1,489.2,0
2020-05-19 10:15:00,489.2,489.6,485.85,489.25,0
2020-05-19 11:15:00,489.2,490.4,487.25,488.25,0
2020-05-19 12:15:00,488.25,491.95,487.4,490.65,0
2020-05-19 13:15:00,490.65,495.35,489.85,494.55,0
2020-05-19 14:15:00,494.6,495.7,491.95,494.15,0
2020-05-19 15:15:00,494.2,494.25,493.1,493.85,0
2020-05-20 09:15:00,493.85,494.5,487.7,489.45,0
2020-05-20 10:15:00,489.5,491.95,489.45,491.5,0
2020-05-20 11:15:00,491.5,491.5,489.1,490.45,0
2020-05-20 12:15:00,490.45,491.0,489.2,489.8,0
2020-05-20 13:15:00,489.8,491.7,486.7,487.55,0
2020-05-20 14:15:00,487.6,487.75,483.0,484.2,0
2020-05-20 15:15:00,484.2,484.25,482.5,482.8,0
2020-05-21 09:15:00,483.3,484.55,480.65,481.8,0
2020-05-21 10:15:00,481.7,481.75,479.6,480.65,0
2020-05-21 11:15:00,480.65,481.25,479.5,480.35,0
2020-05-21 12:15:00,480.4,481.55,478.4,478.8,0
2020-05-21 13:15:00,478.75,480.8,478.05,479.9,0
2020-05-21 14:15:00,479.9,483.35,479.9,481.55,0
2020-05-21 15:15:00,481.6,482.45,481.45,482.1,0
2020-05-22 09:15:00,483.95,486.2,479.75,484.0,0
2020-05-22 10:15:00,483.95,489.2,482.95,487.0,0
2020-05-22 11:15:00,487.05,487.9,485.1,487.1,0
2020-05-22 12:15:00,487.15,488.4,486.2,487.7,0
2020-05-22 13:15:00,487.75,488.6,484.9,485.25,0
2020-05-22 14:15:00,485.25,487.1,484.65,485.85,0
2020-05-22 15:15:00,485.9,485.9,483.95,484.85,0
2020-05-26 09:15:00,482.35,482.35,479.1,480.85,0
2020-05-26 10:15:00,480.85,482.4,480.25,482.1,0
2020-05-26 11:15:00,482.1,483.95,482.1,482.6,0
2020-05-26 12:15:00,482.6,484.1,481.65,484.1,0
2020-05-26 13:15:00,484.1,487.45,484.1,487.2,0
2020-05-26 14:15:00,487.2,487.9,484.75,486.65,0
2020-05-26 15:15:00,486.65,486.75,485.1,485.3,0
2020-05-27 09:15:00,483.35,487.5,483.2,486.05,0
2020-05-27 10:15:00,486.05,486.05,481.55,482.2,0
2020-05-27 11:15:00,482.2,483.2,481.85,482.0,0
2020-05-27 12:15:00,482.0,482.0,477.85,477.95,0
2020-05-27 13:15:00,477.95,478.45,470.1,473.25,0
2020-05-27 14:15:00,473.2,474.6,470.0,470.45,0
2020-05-27 15:15:00,470.45,471.05,469.8,470.65,0
2020-05-28 09:15:00,468.3,469.65,464.95,464.95,0
2020-05-28 10:15:00,464.95,465.9,462.45,462.9,0
2020-05-28 11:15:00,462.9,464.75,462.2,463.15,0
2020-05-28 12:15:00,463.1,464.9,462.65,464.4,0
2020-05-28 13:15:00,464.45,464.65,462.0,464.25,0
2020-05-28 14:15:00,464.2,464.25,462.0,462.25,0
2020-05-28 15:15:00,462.25,462.4,461.0,462.2,0
2020-05-29 09:15:00,465.35,467.5,462.8,463.45,0
2020-05-29 10:15:00,463.35,463.8,460.65,461.55,0
2020-05-29 11:15:00,461.5,463.85,460.45,462.85,0
2020-05-29 12:15:00,462.85,463.45,461.7,462.8,0
2020-05-29 13:15:00,462.8,463.1,459.2,459.6,0
2020-05-29 14:15:00,459.55,461.2,456.8,457.15,0
2020-05-29 15:15:00,457.15,458.9,457.1,458.2,0
2020-06-01 09:15:00,450.75,451.45,444.75,445.6,0
2020-06-01 10:15:00,445.6,446.5,444.15,444.95,0
2020-06-01 11:15:00,444.9,445.0,442.4,442.5,0
2020-06-01 12:15:00,442.35,443.5,441.0,441.75,0
2020-06-01 13:15:00,441.75,446.9,441.75,445.65,0
2020-06-01 14:15:00,445.6,446.25,443.5,445.8,0
2020-06-01 15:15:00,445.8,447.15,445.8,446.7,0
2020-06-02 09:15:00,443.6,446.15,441.1,444.0,0
2020-06-02 10:15:00,444.05,445.25,442.35,443.0,0
2020-06-02 11:15:00,443.0,443.65,441.5,441.75,0
2020-06-02 12:15:00,441.75,442.6,439.2,440.2,0
2020-06-02 13:15:00,440.15,441.35,438.85,439.75,0
2020-06-02 14:15:00,439.8,440.3,438.8,439.2,0
2020-06-02 15:15:00,439.2,439.45,438.35,438.45,0
2020-06-03 09:15:00,433.45,435.25,431.25,434.3,0
2020-06-03 10:15:00,434.25,434.45,432.9,434.3,0
2020-06-03 11:15:00,434.3,434.3,431.9,432.6,0
2020-06-03 12:15:00,432.6,433.9,432.5,433.4,0
2020-06-03 13:15:00,433.4,433.6,431.55,431.65,0
2020-06-03 14:15:00,431.65,436.1,430.5,436.05,0
2020-06-03 15:15:00,436.05,436.65,435.2,435.25,0
2020-06-04 09:15:00,435.9,437.25,432.9,435.65,0
2020-06-04 10:15:00,435.65,436.4,434.4,436.0,0
2020-06-04 11:15:00,436.0,439.1,435.7,438.8,0
2020-06-04 12:15:00,438.9,440.65,438.8,440.25,0
2020-06-04 13:15:00,440.3,440.5,436.7,438.35,0
2020-06-04 14:15:00,438.35,439.0,436.85,437.15,0
2020-06-04 15:15:00,437.15,437.25,436.4,436.8,0
2020-06-05 09:15:00,434.2,435.1,431.85,434.55,0
2020-06-05 10:15:00,434.55,436.5,434.5,434.7,0
2020-06-05 11:15:00,434.7,435.2,433.25,433.45,0
2020-06-05 12:15:00,433.5,434.55,433.0,433.15,0
2020-06-05 13:15:00,433.15,433.15,430.55,431.1,0
2020-06-05 14:15:00,431.05,433.3,430.7,432.25,0
2020-06-05 15:15:00,432.25,432.6,430.85,430.95,0
2020-06-08 09:15:00,424.35,427.05,424.35,426.0,0
2020-06-08 10:15:00,426.05,426.55,425.15,425.3,0
2020-06-08 11:15:00,425.35,426.5,425.1,425.9,0
2020-06-08 12:15:00,425.9,430.45,425.6,429.15,0
2020-06-08 13:15:00,429.15,431.9,429.05,431.0,0
2020-06-08 14:15:00,431.0,433.15,429.75,431.3,0
2020-06-08 15:15:00,431.3,431.75,430.5,430.8,0
2020-06-09 09:15:00,430.6,432.5,427.2,427.7,0
2020-06-09 10:15:00,427.75,428.6,426.75,427.6,0
2020-06-09 11:15:00,427.6,427.95,425.95,427.0,0
2020-06-09 12:15:00,427.0,431.15,426.7,430.75,0
2020-06-09 13:15:00,430.7,434.35,430.05,434.2,0
2020-06-09 14:15:00,434.2,437.35,433.0,436.1,0
2020-06-09 15:15:00,436.1,437.2,436.0,437.15,0
2020-06-10 09:15:00,435.2,436.75,433.2,435.3,0
2020-06-10 10:15:00,435.3,435.3,432.4,433.0,0
2020-06-10 11:15:00,433.0,435.65,432.65,434.55,0
2020-06-10 12:15:00,434.5,435.25,432.3,433.45,0
2020-06-10 13:15:00,433.5,434.7,433.0,434.0,0
2020-06-10 14:15:00,434.05,436.05,432.75,432.75,0
2020-06-10 15:15:00,432.75,432.8,431.95,432.3,0
2020-06-11 09:15:00,434.3,436.3,433.55,434.45,0
2020-06-11 10:15:00,434.45,437.35,434.3,437.35,0
2020-06-11 11:15:00,437.35,438.1,436.35,437.3,0
2020-06-11 12:15:00,437.35,439.3,436.7,437.7,0
2020-06-11 13:15:00,437.7,440.4,437.45,440.15,0
2020-06-11 14:15:00,440.15,443.25,440.05,442.9,0
2020-06-11 15:15:00,442.9,443.2,442.0,442.2,0
2020-06-12 09:15:00,458.55,458.55,450.95,452.65,0
2020-06-12 10:15:00,452.6,452.95,449.6,450.9,0
2020-06-12 11:15:00,450.9,451.15,446.35,449.15,0
2020-06-12 12:15:00,449.15,450.75,447.85,449.0,0
2020-06-12 13:15:00,448.95,449.3,442.05,443.95,0
2020-06-12 14:15:00,443.9,443.9,438.4,439.3,0
2020-06-12 15:15:00,439.3,440.35,438.95,440.0,0
2020-06-15 09:15:00,441.9,444.55,440.85,444.15,0
2020-06-15 10:15:00,444.2,448.85,444.15,448.5,0
2020-06-15 11:15:00,448.45,450.35,447.7,450.0,0
2020-06-15 12:15:00,450.0,450.25,447.95,448.65,0
2020-06-15 13:15:00,448.65,448.85,445.55,446.15,0
2020-06-15 14:15:00,446.15,447.65,443.9,446.8,0
2020-06-15 15:15:00,446.7,447.4,446.05,446.4,0
2020-06-16 09:15:00,437.4,439.6,436.0,438.75,0
2020-06-16 10:15:00,438.75,439.4,437.25,438.7,0
2020-06-16 11:15:00,438.7,441.15,437.6,440.8,0
2020-06-16 12:15:00,440.8,445.8,440.1,445.2,0
2020-06-16 13:15:00,445.2,450.4,443.2,444.35,0
2020-06-16 14:15:00,444.3,444.85,440.8,441.95,0
2020-06-16 15:15:00,441.95,442.7,441.55,442.65,0
2020-06-17 09:15:00,443.7,445.6,440.15,441.0,0
2020-06-17 10:15:00,441.0,444.3,440.8,443.4,0
2020-06-17 11:15:00,443.4,443.9,440.65,440.95,0
2020-06-17 12:15:00,440.9,441.4,439.1,439.35,0
2020-06-17 13:15:00,439.4,441.3,438.05,440.55,0
2020-06-17 14:15:00,440.55,444.25,439.8,443.55,0
2020-06-17 15:15:00,443.5,444.05,443.15,443.8,0
2020-06-18 09:15:00,444.35,444.9,442.25,442.25,0
2020-06-18 10:15:00,442.25,443.3,441.45,442.1,0
2020-06-18 11:15:00,442.1,442.2,439.35,439.6,0
2020-06-18 12:15:00,439.6,440.65,438.7,439.8,0
2020-06-18 13:15:00,439.8,439.8,435.7,435.7,0
2020-06-18 14:15:00,435.7,435.75,433.25,434.5,0
2020-06-18 15:15:00,434.45,434.55,433.25,434.15,0
2020-06-19 09:15:00,432.95,434.9,431.1,432.5,0
2020-06-19 10:15:00,432.5,434.2,431.8,432.05,0
2020-06-19 11:15:00,432.05,432.35,428.9,429.6,0
2020-06-19 12:15:00,429.6,432.2,429.05,430.8,0
2020-06-19 13:15:00,430.8,431.4,428.4,430.1,0
2020-06-19 14:15:00,430.1,430.3,426.35,427.35,0
2020-06-19 15:15:00,427.3,428.0,426.7,427.1,0
2020-06-22 09:15:00,424.55,425.85,421.75,424.0,0
2020-06-22 10:15:00,424.0,426.0,423.05,425.3,0
2020-06-22 11:15:00,425.3,426.25,424.4,425.3,0
2020-06-22 12:15:00,425.3,425.3,422.75,423.75,0
2020-06-22 13:15:00,423.75,423.9,421.85,422.25,0
2020-06-22 14:15:00,422.25,426.25,421.45,424.65,0
2020-06-22 15:15:00,424.6,425.0,424.05,424.3,0
2020-06-23 09:15:00,423.4,425.3,422.15,422.95,0
2020-06-23 10:15:00,422.95,423.0,421.75,422.8,0
2020-06-23 11:15:00,422.75,423.25,421.15,421.8,0
2020-06-23 12:15:00,421.85,422.4,420.05,420.2,0
2020-06-23 13:15:00,420.2,421.65,419.95,420.8,0
2020-06-23 14:15:00,420.85,421.2,418.05,418.4,0
2020-06-23 15:15:00,418.4,418.7,417.8,417.85,0
2020-06-24 09:15:00,416.05,417.25,415.4,415.4,0
2020-06-24 10:15:00,415.4,419.15,415.1,418.4,0
2020-06-24 11:15:00,418.35,419.6,417.65,418.0,0
2020-06-24 12:15:00,418.05,419.25,415.65,419.25,0
2020-06-24 13:15:00,419.25,422.3,418.4,421.3,0
2020-06-24 14:15:00,421.35,425.9,420.25,425.05,0
2020-06-24 15:15:00,425.05,425.65,424.4,424.4,0
2020-06-25 09:15:00,427.9,429.55,425.3,426.8,0
2020-06-25 10:15:00,426.75,426.85,422.9,423.8,0
2020-06-25 11:15:00,423.8,426.7,423.2,426.5,0
2020-06-25 12:15:00,426.5,429.1,425.85,427.5,0
2020-06-25 13:15:00,427.5,428.55,422.95,423.4,0
2020-06-25 14:15:00,423.4,426.2,422.7,425.9,0
2020-06-25 15:15:00,425.85,426.5,425.6,425.95,0
2020-06-26 09:15:00,422.0,423.05,420.8,421.8,0
2020-06-26 10:15:00,421.75,424.45,421.75,422.3,0
2020-06-26 11:15:00,422.35,423.55,421.95,422.2,0
2020-06-26 12:15:00,422.2,424.25,421.6,423.15,0
2020-06-26 13:15:00,423.15,424.75,422.35,423.35,0
2020-06-26 14:15:00,423.35,423.65,421.5,422.0,0
2020-06-26 15:15:00,422.0,422.0,420.7,421.2,0
2020-06-29 09:15:00,424.8,428.05,424.25,427.65,0
2020-06-29 10:15:00,427.6,428.05,426.2,427.1,0
2020-06-29 11:15:00,427.05,428.35,426.9,427.15,0
2020-06-29 12:15:00,427.15,427.15,424.75,426.15,0
2020-06-29 13:15:00,426.2,427.35,425.55,426.2,0
2020-06-29 14:15:00,426.25,426.65,424.2,424.2,0
2020-06-29 15:15:00,424.2,424.75,423.75,424.65,0
2020-06-30 09:15:00,421.9,422.6,421.15,421.85,0
2020-06-30 10:15:00,421.85,423.35,421.6,422.5,0
2020-06-30 11:15:00,422.5,423.9,422.05,423.3,0
2020-06-30 12:15:00,423.25,423.7,422.25,422.5,0
2020-06-30 13:15:00,422.5,423.2,421.8,422.75,0
2020-06-30 14:15:00,422.8,426.65,422.8,425.25,0
2020-06-30 15:15:00,425.25,425.65,424.8,425.0,0
2020-07-01 09:15:00,424.35,425.35,422.75,423.25,0
2020-07-01 10:15:00,423.25,424.6,423.25,423.8,0
2020-07-01 11:15:00,423.85,424.1,421.6,421.7,0
2020-07-01 12:15:00,421.75,422.1,419.85,420.35,0
2020-07-01 13:15:00,420.3,421.25,419.3,419.9,0
2020-07-01 14:15:00,419.85,421.3,419.3,419.75,0
2020-07-01 15:15:00,419.7,420.7,419.7,420.35,0
2020-07-02 09:15:00,417.5,417.6,415.4,415.85,0
2020-07-02 10:15:00,415.85,417.5,415.6,417.0,0
2020-07-02 11:15:00,417.0,417.55,414.8,414.9,0
2020-07-02 12:15:00,414.9,415.55,414.25,414.75,0
2020-07-02 13:15:00,414.75,415.1,413.3,413.45,0
2020-07-02 14:15:00,413.45,415.45,413.35,415.35,0
2020-07-02 15:15:00,415.3,415.6,414.6,414.65,0
2020-07-03 09:15:00,412.65,414.6,412.15,413.35,0
2020-07-03 10:15:00,413.35,414.1,412.8,413.65,0
2020-07-03 11:15:00,413.7,413.95,412.05,412.7,0
2020-07-03 12:15:00,412.7,413.75,412.2,413.75,0
2020-07-03 13:15:00,413.7,414.7,412.75,413.15,0
2020-07-03 14:15:00,413.1,414.05,412.9,413.0,0
2020-07-03 15:15:00,413.0,413.25,412.45,413.15,0
2020-07-06 09:15:00,408.55,409.65,407.4,408.1,0
2020-07-06 10:15:00,408.05,408.35,407.6,407.6,0
2020-07-06 11:15:00,407.55,407.7,406.8,406.9,0
2020-07-06 12:15:00,406.9,407.05,405.6,405.75,0
2020-07-06 13:15:00,405.75,407.0,405.15,406.8,0
2020-07-06 14:15:00,406.8,407.6,406.4,406.9,0
2020-07-06 15:15:00,406.85,407.25,406.35,406.7,0
2020-07-07 09:15:00,405.55,407.45,405.55,406.6,0
2020-07-07 10:15:00,406.6,408.45,405.9,408.2,0
2020-07-07 11:15:00,408.15,409.8,408.15,408.35,0
2020-07-07 12:15:00,408.35,408.65,406.55,406.9,0
2020-07-07 13:15:00,406.85,407.85,405.8,406.8,0
2020-07-07 14:15:00,406.8,406.95,405.15,405.75,0
2020-07-07 15:15:00,405.75,406.4,405.4,406.15,0
2020-07-08 09:15:00,405.0,406.25,403.9,406.15,0
2020-07-08 10:15:00,406.1,406.25,405.0,405.85,0
2020-07-08 11:15:00,405.85,406.9,405.15,406.0,0
2020-07-08 12:15:00,406.0,406.45,404.95,405.45,0
2020-07-08 13:15:00,405.4,406.1,404.4,404.85,0
2020-07-08 14:15:00,404.8,409.15,404.55,409.1,0
2020-07-08 15:15:00,409.1,410.3,409.1,409.6,0
2020-07-09 09:15:00,407.35,408.2,406.3,406.4,0
2020-07-09 10:15:00,406.4,407.45,405.95,406.55,0
2020-07-09 11:15:00,406.55,407.1,406.3,406.6,0
2020-07-09 12:15:00,406.6,407.35,405.6,406.95,0
2020-07-09 13:15:00,406.95,407.0,405.2,405.7,0
2020-07-09 14:15:00,405.7,406.0,404.75,405.2,0
2020-07-09 15:15:00,405.2,405.25,404.25,404.4,0
2020-07-10 09:15:00,407.0,407.25,404.95,405.35,0
2020-07-10 10:15:00,405.35,407.6,405.3,407.45,0
2020-07-10 11:15:00,407.5,408.3,406.85,407.6,0
2020-07-10 12:15:00,407.6,408.95,406.6,407.3,0
2020-07-10 13:15:00,407.3,407.8,405.85,407.5,0
2020-07-10 14:15:00,407.5,408.05,406.2,407.1,0
2020-07-10 15:15:00,407.1,407.3,406.5,406.75,0
2020-07-13 09:15:00,403.8,404.1,402.25,403.6,0
2020-07-13 10:15:00,403.6,404.85,402.65,404.45,0
2020-07-13 11:15:00,404.45,405.5,403.8,405.45,0
2020-07-13 12:15:00,405.5,406.35,404.35,405.3,0
2020-07-13 13:15:00,405.35,407.45,405.3,406.3,0
2020-07-13 14:15:00,406.3,406.95,405.2,405.9,0
2020-07-13 15:15:00,405.9,406.0,405.1,405.2,0
2020-07-14 09:15:00,407.65,409.65,407.65,408.9,0
2020-07-14 10:15:00,408.9,412.7,408.9,412.25,0
2020-07-14 11:15:00,412.25,412.5,410.85,411.9,0
2020-07-14 12:15:00,411.9,414.7,411.35,414.5,0
2020-07-14 13:15:00,414.5,414.55,411.9,412.15,0
2020-07-14 14:15:00,412.15,413.55,411.65,412.95,0
2020-07-14 15:15:00,412.95,413.3,412.6,412.95,0
2020-07-15 09:15:00,409.45,410.1,406.95,407.3,0
2020-07-15 10:15:00,407.3,407.3,405.2,405.6,0
2020-07-15 11:15:00,405.6,406.35,404.55,406.2,0
2020-07-15 12:15:00,406.2,407.1,405.7,405.85,0
2020-07-15 13:15:00,405.85,406.5,405.05,406.1,0
2020-07-15 14:15:00,406.1,414.2,406.1,413.35,0
2020-07-15 15:15:00,413.3,414.05,411.9,411.9,0
2020-07-16 09:15:00,409.3,413.55,409.3,410.7,0
2020-07-16 10:15:00,410.7,412.3,409.45,411.4,0
2020-07-16 11:15:00,411.4,411.9,410.05,411.45,0
2020-07-16 12:15:00,411.45,412.15,410.6,411.65,0
2020-07-16 13:15:00,411.65,411.8,410.05,411.1,0
2020-07-16 14:15:00,411.1,411.25,407.4,407.7,0
2020-07-16 15:15:00,407.7,408.6,407.5,408.45,0
2020-07-17 09:15:00,407.55,407.55,405.05,405.35,0
2020-07-17 10:15:00,405.35,406.45,404.9,405.3,0
2020-07-17 11:15:00,405.25,405.65,404.4,405.05,0
2020-07-17 12:15:00,405.05,405.8,404.4,405.6,0
2020-07-17 13:15:00,405.65,406.4,403.9,404.35,0
2020-07-17 14:15:00,404.35,404.9,401.9,401.9,0
2020-07-17 15:15:00,401.9,401.95,400.7,400.8,0
2020-07-20 09:15:00,398.35,399.8,397.75,398.3,0
2020-07-20 10:15:00,398.35,399.6,397.7,398.95,0
2020-07-20 11:15:00,399.0,399.7,398.45,399.1,0
2020-07-20 12:15:00,399.1,399.55,398.3,398.45,0
2020-07-20 13:15:00,398.5,400.05,397.35,397.55,0
2020-07-20 14:15:00,397.5,398.7,397.05,397.2,0
2020-07-20 15:15:00,397.2,397.6,396.95,397.3,0
2020-07-21 09:15:00,393.8,394.25,392.45,393.85,0
2020-07-21 10:15:00,393.85,393.95,392.95,393.5,0
2020-07-21 11:15:00,393.5,393.8,392.7,392.85,0
2020-07-21 12:15:00,392.85,393.15,391.9,392.4,0
2020-07-21 13:15:00,392.4,393.5,392.3,393.2,0
2020-07-21 14:15:00,393.2,393.2,391.9,392.4,0
2020-07-21 15:15:00,392.4,392.8,392.1,392.2,0
2020-07-22 09:15:00,390.1,394.6,390.1,393.25,0
2020-07-22 10:15:00,393.3,393.6,392.05,392.05,0
2020-07-22 11:15:00,392.05,392.95,391.75,391.95,0
2020-07-22 12:15:00,392.0,393.55,391.5,393.35,0
2020-07-22 13:15:00,393.4,395.35,393.4,395.15,0
2020-07-22 14:15:00,395.1,396.2,393.45,393.55,0
2020-07-22 15:15:00,393.55,393.6,392.8,393.2,0
2020-07-23 09:15:00,393.55,394.6,392.05,392.85,0
2020-07-23 10:15:00,392.85,392.85,391.5,391.5,0
2020-07-23 11:15:00,391.5,392.0,390.7,390.9,0
2020-07-23 12:15:00,390.9,391.65,390.3,391.25,0
2020-07-23 13:15:00,391.25,391.4,390.3,390.6,0
2020-07-23 14:15:00,390.6,392.1,390.5,390.75,0
2020-07-23 15:15:00,390.75,390.85,389.85,390.1,0
2020-07-24 09:15:00,393.0,393.75,392.3,392.6,0
2020-07-24 10:15:00,392.6,395.05,392.6,394.15,0
2020-07-24 11:15:00,394.15,394.35,393.1,393.7,0
2020-07-24 12:15:00,393.75,394.55,393.55,394.45,0
2020-07-24 13:15:00,394.4,394.4,391.5,391.8,0
2020-07-24 14:15:00,391.8,392.8,390.4,391.2,0
2020-07-24 15:15:00,391.2,391.6,391.05,391.35,0
2020-07-27 09:15:00,390.5,395.25,390.5,394.4,0
2020-07-27 10:15:00,394.4,394.65,393.15,393.8,0
2020-07-27 11:15:00,393.85,394.35,392.7,393.0,0
2020-07-27 12:15:00,393.0,393.2,392.25,392.5,0
2020-07-27 13:15:00,392.5,394.0,391.95,392.8,0
2020-07-27 14:15:00,392.75,394.05,392.05,393.9,0
2020-07-27 15:15:00,393.95,394.4,393.7,394.0,0
2020-07-28 09:15:00,393.0,393.0,390.55,392.35,0
2020-07-28 10:15:00,392.35,392.9,391.3,391.85,0
2020-07-28 11:15:00,391.85,391.9,390.05,390.1,0
2020-07-28 12:15:00,390.1,390.5,389.1,389.95,0
2020-07-28 13:15:00,389.95,390.5,388.9,389.45,0
2020-07-28 14:15:00,389.45,389.5,387.2,387.8,0
2020-07-28 15:15:00,387.75,388.35,387.45,388.1,0
2020-07-29 09:15:00,388.65,389.15,386.45,388.55,0
2020-07-29 10:15:00,388.55,389.75,388.3,389.2,0
2020-07-29 11:15:00,389.2,389.25,387.6,388.5,0
2020-07-29 12:15:00,388.5,389.4,388.05,388.5,0
2020-07-29 13:15:00,388.55,391.3,388.1,391.15,0
2020-07-29 14:15:00,391.15,393.0,390.1,391.1,0
2020-07-29 15:15:00,391.1,391.9,390.85,391.45,0
2020-07-30 09:15:00,389.45,389.75,388.5,388.65,0
2020-07-30 10:15:00,388.65,388.8,387.9,388.1,0
2020-07-30 11:15:00,388.15,389.2,388.0,388.55,0
2020-07-30 12:15:00,388.6,392.25,388.45,391.9,0
2020-07-30 13:15:00,391.9,394.0,391.3,393.85,0
2020-07-30 14:15:00,393.85,395.15,392.9,394.5,0
2020-07-30 15:15:00,394.55,395.3,394.5,394.95,0
2020-07-31 09:15:00,393.45,396.6,393.1,395.45,0
2020-07-31 10:15:00,395.5,395.7,393.8,395.0,0
2020-07-31 11:15:00,395.0,396.3,394.7,395.1,0
2020-07-31 12:15:00,395.1,396.45,394.4,395.55,0
2020-07-31 13:15:00,395.55,397.45,394.8,395.1,0
2020-07-31 14:15:00,395.1,397.0,394.75,395.95,0
2020-07-31 15:15:00,395.95,396.25,395.2,395.2,0
2020-08-03 09:15:00,396.5,400.35,396.5,400.25,0
2020-08-03 10:15:00,400.25,400.35,399.2,399.8,0
2020-08-03 11:15:00,399.8,400.1,398.9,399.75,0
2020-08-03 12:15:00,399.7,401.8,399.7,401.2,0
2020-08-03 13:15:00,401.2,402.55,400.6,401.75,0
2020-08-03 14:15:00,401.7,402.75,401.25,402.4,0
2020-08-03 15:15:00,402.4,402.6,402.05,402.1,0
2020-08-04 09:15:00,400.4,401.85,398.7,398.8,0
2020-08-04 10:15:00,398.85,399.25,397.1,398.25,0
2020-08-04 11:15:00,398.25,398.25,396.0,396.05,0
2020-08-04 12:15:00,396.1,397.5,396.05,396.45,0
2020-08-04 13:15:00,396.45,397.15,395.85,396.55,0
2020-08-04 14:15:00,396.55,396.55,394.6,394.95,0
2020-08-04 15:15:00,394.95,395.05,394.35,394.65,0
2020-08-05 09:15:00,392.8,392.9,390.45,390.75,0
2020-08-05 10:15:00,390.8,392.25,390.35,391.6,0
2020-08-05 11:15:00,391.55,396.05,391.55,394.1,0
2020-08-05 12:15:00,394.1,394.6,393.2,394.25,0
2020-08-05 13:15:00,394.15,395.85,393.75,394.7,0
2020-08-05 14:15:00,394.7,395.4,393.55,394.65,0
2020-08-05 15:15:00,394.65,394.9,394.0,394.05,0
2020-08-06 09:15:00,391.8,393.75,391.8,392.5,0
2020-08-06 10:15:00,392.5,393.0,391.6,392.5,0
2020-08-06 11:15:00,392.55,393.45,391.2,392.6,0
2020-08-06 12:15:00,392.65,392.7,389.3,389.45,0
2020-08-06 13:15:00,389.45,391.4,389.35,390.95,0
2020-08-06 14:15:00,390.95,393.75,390.95,391.3,0
2020-08-06 15:15:00,391.25,391.55,390.9,391.05,0
2020-08-07 09:15:00,391.75,393.2,390.85,391.25,0
2020-08-07 10:15:00,391.25,392.4,391.2,391.95,0
2020-08-07 11:15:00,391.95,392.25,390.9,391.5,0
2020-08-07 12:15:00,391.5,392.35,391.05,391.5,0
2020-08-07 13:15:00,391.5,392.05,391.1,391.4,0
2020-08-07 14:15:00,391.35,391.8,390.2,390.8,0
2020-08-07 15:15:00,390.8,391.15,390.6,390.8,0
2020-08-10 09:15:00,388.95,389.1,387.0,387.65,0
2020-08-10 10:15:00,387.65,388.25,386.95,387.05,0
2020-08-10 11:15:00,387.05,387.6,386.65,387.45,0
2020-08-10 12:15:00,387.4,388.25,387.15,387.6,0
2020-08-10 13:15:00,387.65,390.0,387.25,389.5,0
2020-08-10 14:15:00,389.5,389.6,388.05,389.05,0
2020-08-10 15:15:00,389.05,389.3,388.7,388.8,0
2020-08-11 09:15:00,387.2,387.2,385.45,386.45,0
2020-08-11 10:15:00,386.45,387.2,385.7,387.05,0
2020-08-11 11:15:00,387.1,387.7,386.7,387.3,0
2020-08-11 12:15:00,387.3,388.0,386.05,386.15,0
2020-08-11 13:15:00,386.15,386.65,385.75,386.15,0
2020-08-11 14:15:00,386.15,387.5,385.85,387.2,0
2020-08-11 15:15:00,387.15,387.6,386.85,386.85,0
2020-08-12 09:15:00,388.4,389.95,388.4,389.0,0
2020-08-12 10:15:00,389.0,389.35,387.95,388.2,0
2020-08-12 11:15:00,388.25,388.65,387.75,388.35,0
2020-08-12 12:15:00,388.35,388.4,387.35,387.55,0
2020-08-12 13:15:00,387.55,388.75,387.4,387.8,0
2020-08-12 14:15:00,387.8,388.0,387.25,387.65,0
2020-08-12 15:15:00,387.65,388.0,387.55,387.6,0
2020-08-13 09:15:00,386.85,387.25,386.0,386.75,0
2020-08-13 10:15:00,386.75,387.1,386.15,386.4,0
2020-08-13 11:15:00,386.4,388.15,386.15,388.0,0
2020-08-13 12:15:00,388.0,389.05,387.7,387.9,0
2020-08-13 13:15:00,387.9,388.45,387.2,387.8,0
2020-08-13 14:15:00,387.8,388.6,387.5,388.1,0
2020-08-13 15:15:00,388.1,388.25,387.55,387.7,0
2020-08-14 09:15:00,386.25,386.95,386.0,386.5,0
2020-08-14 10:15:00,386.5,387.65,386.45,387.25,0
2020-08-14 11:15:00,387.25,387.35,386.05,386.2,0
2020-08-14 12:15:00,386.15,387.2,385.8,387.15,0
2020-08-14 13:15:00,387.15,392.4,387.15,391.9,0
2020-08-14 14:15:00,391.9,394.5,391.8,392.25,0
2020-08-14 15:15:00,392.3,392.45,391.6,392.1,0
2020-08-17 09:15:00,389.9,393.5,389.9,391.55,0
2020-08-17 10:15:00,391.55,391.7,390.5,391.45,0
2020-08-17 11:15:00,391.45,392.1,390.9,391.0,0
2020-08-17 12:15:00,391.0,391.9,390.7,391.15,0
2020-08-17 13:15:00,391.15,391.95,390.2,391.6,0
2020-08-17 14:15:00,391.6,392.2,389.7,390.1,0
2020-08-17 15:15:00,390.1,390.2,389.25,389.5,0
2020-08-18 09:15:00,389.55,389.7,387.35,387.55,0
2020-08-18 10:15:00,387.55,387.6,386.75,387.5,0
2020-08-18 11:15:00,387.5,388.45,387.2,387.9,0
2020-08-18 12:15:00,387.9,387.95,386.95,387.45,0
2020-08-18 13:15:00,387.45,387.65,385.3,385.85,0
2020-08-18 14:15:00,385.85,385.85,384.65,385.25,0
2020-08-18 15:15:00,385.25,385.45,384.85,385.0,0
2020-08-19 09:15:00,382.95,384.05,382.75,383.65,0
2020-08-19 10:15:00,383.65,384.05,383.2,384.05,0
2020-08-19 11:15:00,384.05,384.55,383.4,383.85,0
2020-08-19 12:15:00,383.8,383.85,383.2,383.5,0
2020-08-19 13:15:00,383.5,384.25,382.85,383.2,0
2020-08-19 14:15:00,383.2,384.9,383.1,384.6,0
2020-08-19 15:15:00,384.6,384.8,384.0,384.05,0
2020-08-20 09:15:00,387.55,388.25,386.75,387.1,0
2020-08-20 10:15:00,387.1,387.15,386.35,387.0,0
2020-08-20 11:15:00,387.0,387.15,386.6,386.9,0
2020-08-20 12:15:00,386.9,388.35,386.65,387.1,0
2020-08-20 13:15:00,387.1,388.45,386.15,387.75,0
2020-08-20 14:15:00,387.7,388.0,387.0,387.8,0
2020-08-20 15:15:00,387.8,388.1,387.45,387.85,0
2020-08-21 09:15:00,384.4,385.3,384.15,385.25,0
2020-08-21 10:15:00,385.25,385.3,384.8,385.05,0
2020-08-21 11:15:00,385.05,385.55,384.75,384.85,0
2020-08-21 12:15:00,384.85,385.1,384.45,384.9,0
2020-08-21 13:15:00,384.9,385.1,384.2,384.75,0
2020-08-21 14:15:00,384.75,386.05,384.6,385.8,0
2020-08-21 15:15:00,385.8,385.9,385.2,385.45,0
2020-08-24 09:15:00,384.45,384.45,383.2,383.35,0
2020-08-24 10:15:00,383.35,383.8,383.2,383.8,0
2020-08-24 11:15:00,383.8,384.1,383.1,383.2,0
2020-08-24 12:15:00,383.15,383.2,381.95,382.25,0
2020-08-24 13:15:00,382.25,382.65,381.95,382.25,0
2020-08-24 14:15:00,382.3,382.8,381.55,382.55,0
2020-08-24 15:15:00,382.55,383.1,382.35,382.4,0
2020-08-25 09:15:00,381.1,382.15,380.65,381.55,0
2020-08-25 10:15:00,381.55,383.75,381.55,382.65,0
2020-08-25 11:15:00,382.65,383.0,381.95,382.1,0
2020-08-25 12:15:00,382.05,382.8,382.0,382.35,0
2020-08-25 13:15:00,382.3,383.6,381.65,383.55,0
2020-08-25 14:15:00,383.55,384.05,382.3,382.45,0
2020-08-25 15:15:00,382.5,382.5,381.95,382.15,0
2020-08-26 09:15:00,381.1,382.8,381.05,382.65,0
2020-08-26 10:15:00,382.7,382.8,381.75,382.15,0
2020-08-26 11:15:00,382.15,382.75,381.9,382.3,0
2020-08-26 12:15:00,382.3,382.65,381.55,381.8,0
2020-08-26 13:15:00,381.8,382.15,380.8,381.25,0
2020-08-26 14:15:00,381.2,381.3,379.65,379.85,0
2020-08-26 15:15:00,379.85,379.95,379.5,379.8,0
2020-08-27 09:15:00,377.95,378.7,377.7,378.4,0
2020-08-27 10:15:00,378.35,378.8,377.95,378.4,0
2020-08-27 11:15:00,378.4,378.6,378.0,378.2,0
2020-08-27 12:15:00,378.2,378.95,377.9,378.95,0
2020-08-27 13:15:00,378.9,379.65,378.65,378.95,0
2020-08-27 14:15:00,378.9,380.15,378.85,379.7,0
2020-08-27 15:15:00,379.7,379.9,379.15,379.15,0
2020-08-28 09:15:00,378.2,378.55,377.2,378.15,0
2020-08-28 10:15:00,378.15,378.45,377.05,377.15,0
2020-08-28 11:15:00,377.15,377.15,375.45,376.25,0
2020-08-28 12:15:00,376.25,377.7,376.2,377.2,0
2020-08-28 13:15:00,377.25,377.5,376.4,376.5,0
2020-08-28 14:15:00,376.5,376.95,375.75,376.85,0
2020-08-28 15:15:00,376.85,377.2,376.35,376.5,0
2020-08-31 09:15:00,372.65,373.95,372.1,373.45,0
2020-08-31 10:15:00,373.4,376.7,373.4,376.7,0
2020-08-31 11:15:00,376.6,380.65,376.15,379.05,0
2020-08-31 12:15:00,379.05,381.45,378.3,381.15,0
2020-08-31 13:15:00,381.2,384.6,381.2,383.85,0
2020-08-31 14:15:00,383.85,387.2,383.85,384.75,0
2020-08-31 15:15:00,384.75,386.95,383.95,386.75,0
2020-09-01 09:15:00,382.65,385.95,381.15,383.4,0
2020-09-01 10:15:00,383.35,384.65,382.7,384.4,0
2020-09-01 11:15:00,384.4,385.15,381.6,382.6,0
2020-09-01 12:15:00,382.55,383.65,379.65,380.2,0
2020-09-01 13:15:00,380.2,383.1,379.85,381.95,0
2020-09-01 14:15:00,381.95,384.85,381.7,382.25,0
2020-09-01 15:15:00,382.25,382.55,381.6,381.65,0
2020-09-02 09:15:00,382.25,383.15,380.85,382.45,0
2020-09-02 10:15:00,382.45,383.8,382.15,382.6,0
2020-09-02 11:15:00,382.55,382.8,381.65,382.35,0
2020-09-02 12:15:00,382.35,383.45,382.3,382.4,0
2020-09-02 13:15:00,382.4,383.15,381.35,381.35,0
2020-09-02 14:15:00,381.4,381.4,379.9,380.55,0
2020-09-02 15:15:00,380.55,380.7,379.7,380.2,0
2020-09-03 09:15:00,379.35,380.35,378.75,379.5,0
2020-09-03 10:15:00,379.5,379.95,379.15,379.65,0
2020-09-03 11:15:00,379.65,381.0,379.5,380.9,0
2020-09-03 12:15:00,380.9,381.25,379.2,379.8,0
2020-09-03 13:15:00,379.75,380.3,379.3,380.15,0
2020-09-03 14:15:00,380.15,380.95,379.35,380.7,0
2020-09-03 15:15:00,380.65,381.0,380.3,380.3,0
2020-09-04 09:15:00,386.35,387.05,384.55,384.75,0
2020-09-04 10:15:00,384.75,385.7,384.55,384.7,0
2020-09-04 11:15:00,384.75,385.2,384.35,384.9,0
2020-09-04 12:15:00,384.9,385.35,383.45,383.7,0
2020-09-04 13:15:00,383.7,385.15,383.15,385.05,0
2020-09-04 14:15:00,385.05,388.05,384.5,386.8,0
2020-09-04 15:15:00,386.75,387.15,386.25,386.35,0
2020-09-07 09:15:00,386.3,389.95,385.85,387.8,0
2020-09-07 10:15:00,387.8,388.65,387.55,387.65,0
2020-09-07 11:15:00,387.65,388.0,386.55,387.55,0
2020-09-07 12:15:00,387.55,388.25,387.15,387.15,0
2020-09-07 13:15:00,387.15,387.7,386.1,386.85,0
2020-09-07 14:15:00,386.8,389.05,386.35,386.4,0
2020-09-07 15:15:00,386.4,386.4,385.55,385.7,0
2020-09-08 09:15:00,385.7,387.35,385.45,385.5,0
2020-09-08 10:15:00,385.5,385.6,383.85,384.75,0
2020-09-08 11:15:00,384.7,385.15,384.0,384.55,0
2020-09-08 12:15:00,384.55,384.65,383.7,384.6,0
2020-09-08 13:15:00,384.55,385.65,384.1,384.6,0
2020-09-08 14:15:00,384.55,388.1,384.55,387.5,0
2020-09-08 15:15:00,387.5,388.65,387.3,388.55,0
2020-09-09 09:15:00,391.2,391.5,389.05,390.45,0
2020-09-09 10:15:00,390.45,391.1,389.8,390.5,0
2020-09-09 11:15:00,390.5,392.35,390.15,391.95,0
2020-09-09 12:15:00,391.95,391.95,390.4,390.45,0
2020-09-09 13:15:00,390.45,390.95,389.65,390.7,0
2020-09-09 14:15:00,390.7,391.15,388.85,389.05,0
2020-09-09 15:15:00,389.1,389.2,388.5,388.9,0
2020-09-10 09:15:00,386.25,387.4,386.15,386.4,0
2020-09-10 10:15:00,386.35,386.6,384.7,384.8,0
2020-09-10 11:15:00,384.8,385.15,384.15,384.65,0
2020-09-10 12:15:00,384.65,385.5,383.45,385.0,0
2020-09-10 13:15:00,385.0,386.25,384.85,385.5,0
2020-09-10 14:15:00,385.5,385.6,383.1,383.15,0
2020-09-10 15:15:00,383.15,383.35,382.8,383.1,0
2020-09-11 09:15:00,383.35,384.1,381.85,383.05,0
2020-09-11 10:15:00,383.05,383.55,382.3,383.05,0
2020-09-11 11:15:00,383.05,383.85,382.75,383.1,0
2020-09-11 12:15:00,383.1,384.2,382.55,383.95,0
2020-09-11 13:15:00,383.95,384.25,382.95,382.95,0
2020-09-11 14:15:00,382.95,383.7,382.35,382.6,0
2020-09-11 15:15:00,382.6,383.15,382.6,383.1,0
2020-09-14 09:15:00,380.35,381.15,379.6,380.7,0
2020-09-14 10:15:00,380.75,380.75,380.0,380.35,0
2020-09-14 11:15:00,380.35,380.6,379.5,379.9,0
2020-09-14 12:15:00,379.95,380.7,379.85,380.5,0
2020-09-14 13:15:00,380.45,384.3,380.45,383.65,0
2020-09-14 14:15:00,383.6,385.6,382.4,383.5,0
2020-09-14 15:15:00,383.5,384.7,383.4,384.4,0
2020-09-15 09:15:00,382.15,382.9,381.4,382.25,0
2020-09-15 10:15:00,382.25,383.65,382.0,382.95,0
2020-09-15 11:15:00,382.95,383.15,381.6,382.15,0
2020-09-15 12:15:00,382.2,382.9,381.25,382.4,0
2020-09-15 13:15:00,382.45,382.85,380.95,381.15,0
2020-09-15 14:15:00,381.15,381.6,380.6,381.05,0
2020-09-15 15:15:00,381.05,381.3,380.55,380.65,0
2020-09-16 09:15:00,380.5,381.05,379.9,380.3,0
2020-09-16 10:15:00,380.3,380.55,379.5,380.4,0
2020-09-16 11:15:00,380.45,381.0,379.8,380.25,0
2020-09-16 12:15:00,380.25,380.35,379.05,379.65,0
2020-09-16 13:15:00,379.65,380.05,378.75,378.8,0
2020-09-16 14:15:00,378.8,379.1,377.9,378.45,0
2020-09-16 15:15:00,378.4,378.65,378.0,378.45,0
2020-09-17 09:15:00,380.45,380.9,379.15,379.5,0
2020-09-17 10:15:00,379.5,379.9,378.95,379.5,0
2020-09-17 11:15:00,379.5,381.55,379.5,381.1,0
2020-09-17 12:15:00,381.1,381.3,380.1,380.95,0
2020-09-17 13:15:00,380.9,381.0,380.3,380.7,0
2020-09-17 14:15:00,380.7,381.8,379.75,381.0,0
2020-09-17 15:15:00,381.0,381.5,380.9,381.15,0
2020-09-18 09:15:00,379.0,380.1,379.0,379.6,0
2020-09-18 10:15:00,379.6,380.55,379.6,380.25,0
2020-09-18 11:15:00,380.25,380.45,379.45,379.9,0
2020-09-18 12:15:00,379.9,380.25,379.5,379.8,0
2020-09-18 13:15:00,379.8,380.5,379.2,379.5,0
2020-09-18 14:15:00,379.55,383.55,379.55,381.55,0
2020-09-18 15:15:00,381.55,381.85,381.2,381.25,0
2020-09-21 09:15:00,381.8,382.6,380.9,382.3,0
2020-09-21 10:15:00,382.3,382.65,380.75,382.45,0
2020-09-21 11:15:00,382.45,382.5,381.5,381.9,0
2020-09-21 12:15:00,381.9,383.8,381.5,383.6,0
2020-09-21 13:15:00,383.6,388.35,383.6,387.95,0
2020-09-21 14:15:00,387.95,390.2,387.85,389.85,0
2020-09-21 15:15:00,389.8,391.2,389.7,391.15,0
2020-09-22 09:15:00,388.45,395.95,388.45,393.35,0
2020-09-22 10:15:00,393.35,394.4,391.75,394.15,0
2020-09-22 11:15:00,394.15,394.6,392.15,393.05,0
2020-09-22 12:15:00,393.0,393.85,391.1,392.4,0
2020-09-22 13:15:00,392.4,393.85,390.25,393.8,0
2020-09-22 14:15:00,393.8,394.85,393.05,393.35,0
2020-09-22 15:15:00,393.3,393.8,392.8,392.85,0
2020-09-23 09:15:00,389.9,392.5,389.9,392.1,0
2020-09-23 10:15:00,392.1,392.15,390.7,391.2,0
2020-09-23 11:15:00,391.2,394.2,391.1,394.15,0
2020-09-23 12:15:00,394.15,396.25,393.15,394.5,0
2020-09-23 13:15:00,394.55,398.15,394.2,397.15,0
2020-09-23 14:15:00,397.1,397.5,393.75,394.3,0
2020-09-23 15:15:00,394.3,394.75,394.1,394.35,0
2020-09-24 09:15:00,398.7,400.75,398.6,400.0,0
2020-09-24 10:15:00,400.0,402.0,399.85,401.65,0
2020-09-24 11:15:00,401.6,402.4,400.6,401.8,0
2020-09-24 12:15:00,401.8,403.0,401.1,401.15,0
2020-09-24 13:15:00,401.15,403.35,400.65,402.65,0
2020-09-24 14:15:00,402.65,406.35,402.15,406.2,0
2020-09-24 15:15:00,406.25,406.5,405.2,405.3,0
2020-09-25 09:15:00,402.1,403.8,400.75,403.05,0
2020-09-25 10:15:00,403.05,404.15,401.65,401.8,0
2020-09-25 11:15:00,401.8,402.3,399.6,399.6,0
2020-09-25 12:15:00,399.65,400.0,398.3,399.45,0
2020-09-25 13:15:00,399.45,400.2,397.6,397.8,0
2020-09-25 14:15:00,397.8,398.15,396.0,396.6,0
2020-09-25 15:15:00,396.6,397.45,396.3,397.4,0
2020-09-28 09:15:00,393.7,395.15,392.4,392.95,0
2020-09-28 10:15:00,392.95,393.45,391.5,391.75,0
2020-09-28 11:15:00,391.75,392.35,391.15,391.25,0
2020-09-28 12:15:00,391.25,392.4,390.6,391.15,0
2020-09-28 13:15:00,391.15,391.65,390.35,390.65,0
2020-09-28 14:15:00,390.65,391.65,390.2,390.55,0
2020-09-28 15:15:00,390.6,390.9,390.2,390.3,0
2020-09-29 09:15:00,388.5,390.35,387.95,389.6,0
2020-09-29 10:15:00,389.6,391.8,389.0,391.3,0
2020-09-29 11:15:00,391.3,391.55,389.75,390.7,0
2020-09-29 12:15:00,390.7,392.2,390.15,391.25,0
2020-09-29 13:15:00,391.3,391.7,389.55,390.1,0
2020-09-29 14:15:00,390.1,391.45,388.65,390.6,0
2020-09-29 15:15:00,390.6,391.1,390.4,390.8,0
2020-09-30 09:15:00,390.05,392.15,390.0,391.15,0
2020-09-30 10:15:00,391.15,391.2,388.8,389.75,0
2020-09-30 11:15:00,389.75,391.45,389.5,390.5,0
2020-09-30 12:15:00,390.5,390.9,389.0,389.75,0
2020-09-30 13:15:00,389.75,390.15,388.45,388.55,0
2020-09-30 14:15:00,388.5,390.1,388.3,389.95,0
2020-09-30 15:15:00,389.95,390.85,389.7,390.75,0
2020-10-01 09:15:00,385.95,386.4,384.8,385.1,0
2020-10-01 10:15:00,385.1,385.35,384.35,384.7,0
2020-10-01 11:15:00,384.7,384.85,383.9,384.4,0
2020-10-01 12:15:00,384.45,384.95,383.9,384.6,0
2020-10-01 13:15:00,384.6,385.1,384.15,384.3,0
2020-10-01 14:15:00,384.25,385.25,383.75,383.75,0
2020-10-01 15:15:00,383.75,384.25,383.75,383.9,0
2020-10-05 09:15:00,381.85,382.0,379.65,380.15,0
2020-10-05 10:15:00,380.15,380.75,378.85,379.55,0
2020-10-05 11:15:00,379.6,381.15,379.0,380.3,0
2020-10-05 12:15:00,380.3,382.4,380.1,382.15,0
2020-10-05 13:15:00,382.1,383.05,380.35,380.55,0
2020-10-05 14:15:00,380.55,381.65,380.05,381.4,0
2020-10-05 15:15:00,381.4,381.6,380.95,381.2,0
2020-10-06 09:15:00,378.05,379.35,377.75,378.15,0
2020-10-06 10:15:00,378.15,378.9,377.75,378.35,0
2020-10-06 11:15:00,378.35,378.85,378.2,378.25,0
2020-10-06 12:15:00,378.25,378.95,377.9,378.4,0
2020-10-06 13:15:00,378.4,379.1,377.85,378.3,0
2020-10-06 14:15:00,378.3,378.3,376.0,376.1,0
2020-10-06 15:15:00,376.1,376.25,375.55,376.2,0
2020-10-07 09:15:00,375.6,377.15,373.75,373.8,0
2020-10-07 10:15:00,373.85,374.9,373.4,374.6,0
2020-10-07 11:15:00,374.55,375.25,373.8,374.55,0
2020-10-07 12:15:00,374.55,374.55,373.3,374.0,0
2020-10-07 13:15:00,374.0,374.7,373.5,373.7,0
2020-10-07 14:15:00,373.75,374.25,372.9,373.85,0
2020-10-07 15:15:00,373.85,373.95,373.15,373.35,0
2020-10-08 09:15:00,370.65,370.95,369.2,369.75,0
2020-10-08 10:15:00,369.75,369.95,369.05,369.2,0
2020-10-08 11:15:00,369.2,369.5,368.7,368.85,0
2020-10-08 12:15:00,368.85,369.45,368.65,368.85,0
2020-10-08 13:15:00,368.8,370.65,368.4,369.65,0
2020-10-08 14:15:00,369.6,372.05,369.6,370.65,0
2020-10-08 15:15:00,370.65,370.8,370.2,370.7,0
2020-10-09 09:15:00,370.15,371.6,369.25,370.2,0
2020-10-09 10:15:00,370.2,370.3,367.9,368.15,0
2020-10-09 11:15:00,368.15,368.75,367.55,368.7,0
2020-10-09 12:15:00,368.7,369.35,368.25,368.9,0
2020-10-09 13:15:00,368.9,369.9,368.1,368.35,0
2020-10-09 14:15:00,368.4,368.7,367.8,368.3,0
2020-10-09 15:15:00,368.3,368.4,367.5,367.5,0
2020-10-12 09:15:00,366.45,367.0,365.0,366.45,0
2020-10-12 10:15:00,366.55,367.95,366.05,367.2,0
2020-10-12 11:15:00,367.2,368.4,366.85,368.3,0
2020-10-12 12:15:00,368.3,368.75,366.85,368.1,0
2020-10-12 13:15:00,368.1,369.75,367.35,368.1,0
2020-10-12 14:15:00,368.15,368.9,367.4,367.8,0
2020-10-12 15:15:00,367.85,367.95,367.4,367.6,0
2020-10-13 09:15:00,367.7,369.0,366.45,366.95,0
2020-10-13 10:15:00,366.95,367.0,366.05,366.55,0
2020-10-13 11:15:00,366.6,367.55,366.4,367.0,0
2020-10-13 12:15:00,367.0,368.85,367.0,368.1,0
2020-10-13 13:15:00,368.1,368.5,367.45,367.55,0
2020-10-13 14:15:00,367.5,368.05,367.15,367.55,0
2020-10-13 15:15:00,367.55,368.1,367.4,368.05,0
2020-10-14 09:15:00,368.25,371.05,368.25,370.3,0
2020-10-14 10:15:00,370.3,370.55,369.95,370.35,0
2020-10-14 11:15:00,370.35,371.2,370.0,370.2,0
2020-10-14 12:15:00,370.25,370.9,369.3,370.55,0
2020-10-14 13:15:00,370.55,371.1,369.75,369.9,0
2020-10-14 14:15:00,369.9,369.95,366.5,366.7,0
2020-10-14 15:15:00,366.75,366.9,365.85,366.75,0
2020-10-15 09:15:00,365.05,368.6,365.05,367.0,0
2020-10-15 10:15:00,367.0,368.35,367.0,367.85,0
2020-10-15 11:15:00,367.85,369.65,367.6,368.85,0
2020-10-15 12:15:00,368.85,370.65,368.4,370.35,0
2020-10-15 13:15:00,370.35,374.9,369.8,374.7,0
2020-10-15 14:15:00,374.65,376.05,373.15,376.0,0
2020-10-15 15:15:00,376.0,376.1,375.3,375.8,0
2020-10-16 09:15:00,374.05,375.95,372.3,373.9,0
2020-10-16 10:15:00,373.9,374.35,372.75,372.8,0
2020-10-16 11:15:00,372.85,375.2,372.85,373.7,0
2020-10-16 12:15:00,373.7,374.5,372.4,372.95,0
2020-10-16 13:15:00,373.0,374.05,372.1,372.8,0
2020-10-16 14:15:00,372.8,373.75,372.45,372.85,0
2020-10-16 15:15:00,372.85,373.35,372.7,372.75,0
2020-10-19 09:15:00,369.35,371.1,368.95,369.65,0
2020-10-19 10:15:00,369.65,370.25,368.75,370.15,0
2020-10-19 11:15:00,370.2,371.2,369.85,370.35,0
2020-10-19 12:15:00,370.35,370.7,369.8,370.05,0
2020-10-19 13:15:00,370.05,370.75,369.4,369.5,0
2020-10-19 14:15:00,369.5,370.1,369.1,369.4,0
2020-10-19 15:15:00,369.35,369.8,369.2,369.35,0
2020-10-20 09:15:00,369.95,370.6,368.0,368.5,0
2020-10-20 10:15:00,368.5,368.9,367.5,367.75,0
2020-10-20 11:15:00,367.75,368.1,367.25,367.55,0
2020-10-20 12:15:00,367.5,368.45,367.3,368.3,0
2020-10-20 13:15:00,368.3,369.2,367.85,368.8,0
2020-10-20 14:15:00,368.8,369.2,368.3,368.7,0
2020-10-20 15:15:00,368.7,369.1,368.65,368.8,0
2020-10-21 09:15:00,366.95,367.0,365.1,365.45,0
2020-10-21 10:15:00,365.45,366.15,365.4,365.7,0
2020-10-21 11:15:00,365.7,366.3,365.15,365.25,0
2020-10-21 12:15:00,365.25,366.1,365.2,365.9,0
2020-10-21 13:15:00,365.95,371.7,365.9,371.7,0
2020-10-21 14:15:00,371.7,372.6,367.05,367.2,0
2020-10-21 15:15:00,367.2,367.8,367.0,367.75,0
2020-10-22 09:15:00,369.1,370.15,367.6,368.85,0
2020-10-22 10:15:00,368.85,369.65,368.1,368.6,0
2020-10-22 11:15:00,368.6,369.6,368.45,368.65,0
2020-10-22 12:15:00,368.65,370.45,368.55,369.2,0
2020-10-22 13:15:00,369.2,370.2,368.1,368.95,0
2020-10-22 14:15:00,368.95,371.1,368.8,368.85,0
2020-10-22 15:15:00,368.9,368.95,368.3,368.65,0
2020-10-23 09:15:00,367.0,367.95,366.5,367.3,0
2020-10-23 10:15:00,367.3,368.15,367.1,367.8,0
2020-10-23 11:15:00,367.85,368.55,367.35,367.95,0
2020-10-23 12:15:00,367.9,368.0,366.7,367.1,0
2020-10-23 13:15:00,367.05,367.75,366.95,367.7,0
2020-10-23 14:15:00,367.7,368.0,366.9,367.9,0
2020-10-23 15:15:00,367.85,368.15,367.8,367.9,0
2020-10-26 09:15:00,367.75,369.6,367.75,368.8,0
2020-10-26 10:15:00,368.8,369.45,368.65,369.35,0
2020-10-26 11:15:00,369.4,371.5,369.35,371.25,0
2020-10-26 12:15:00,371.25,373.45,371.15,372.65,0
2020-10-26 13:15:00,372.65,374.7,372.05,374.3,0
2020-10-26 14:15:00,374.35,374.6,372.85,373.0,0
2020-10-26 15:15:00,372.95,373.05,372.45,372.7,0
2020-10-27 09:15:00,371.75,374.4,371.4,372.35,0
2020-10-27 10:15:00,372.35,372.95,371.2,371.8,0
2020-10-27 11:15:00,371.85,372.3,370.5,370.85,0
2020-10-27 12:15:00,370.85,371.75,370.2,370.3,0
2020-10-27 13:15:00,370.3,370.9,370.05,370.35,0
2020-10-27 14:15:00,370.35,370.35,368.85,369.3,0
2020-10-27 15:15:00,369.3,369.35,368.9,369.35,0
2020-10-28 09:15:00,368.15,370.05,367.95,369.2,0
2020-10-28 10:15:00,369.2,371.5,368.8,371.45,0
2020-10-28 11:15:00,371.45,371.5,370.2,370.75,0
2020-10-28 12:15:00,370.75,374.05,370.05,373.65,0
2020-10-28 13:15:00,373.6,375.5,372.7,374.05,0
2020-10-28 14:15:00,374.1,374.65,373.3,374.1,0
2020-10-28 15:15:00,374.1,374.5,373.95,374.2,0
2020-10-29 09:15:00,377.25,378.0,374.8,375.0,0
2020-10-29 10:15:00,375.0,376.7,374.85,375.45,0
2020-10-29 11:15:00,375.4,376.35,373.75,374.3,0
2020-10-29 12:15:00,374.3,376.7,373.75,376.7,0
2020-10-29 13:15:00,376.75,377.5,375.3,376.5,0
2020-10-29 14:15:00,376.55,378.1,375.7,375.8,0
2020-10-29 15:15:00,375.8,376.4,375.75,376.05,0
2020-10-30 09:15:00,375.85,376.9,373.6,373.9,0
2020-10-30 10:15:00,373.9,377.25,373.8,377.0,0
2020-10-30 11:15:00,376.95,379.55,376.3,379.1,0
2020-10-30 12:15:00,379.1,380.45,378.2,379.05,0
2020-10-30 13:15:00,379.05,379.2,377.1,377.9,0
2020-10-30 14:15:00,377.9,378.55,376.55,376.8,0
2020-10-30 15:15:00,376.8,377.05,376.5,376.85,0
2020-11-02 09:15:00,375.35,379.85,375.35,379.35,0
2020-11-02 10:15:00,379.4,379.4,377.45,377.7,0
2020-11-02 11:15:00,377.75,378.4,376.9,378.35,0
2020-11-02 12:15:00,378.35,379.25,377.65,377.85,0
2020-11-02 13:15:00,377.85,378.45,376.35,376.9,0
2020-11-02 14:15:00,376.9,376.9,374.5,376.7,0
2020-11-02 15:15:00,376.65,377.35,376.35,376.8,0
2020-11-03 09:15:00,374.2,374.3,372.15,372.65,0
2020-11-03 10:15:00,372.65,372.85,371.5,372.6,0
2020-11-03 11:15:00,372.6,372.9,371.25,371.5,0
2020-11-03 12:15:00,371.5,372.45,370.95,371.5,0
2020-11-03 13:15:00,371.5,372.25,370.95,372.0,0
2020-11-03 14:15:00,371.95,372.7,371.2,371.55,0
2020-11-03 15:15:00,371.6,371.8,371.0,371.75,0
2020-11-04 09:15:00,372.6,372.6,368.3,370.15,0
2020-11-04 10:15:00,370.15,371.45,369.7,370.2,0
2020-11-04 11:15:00,370.2,370.6,368.45,369.15,0
2020-11-04 12:15:00,369.1,372.4,368.35,371.6,0
2020-11-04 13:15:00,371.6,373.45,369.65,370.4,0
2020-11-04 14:15:00,370.4,370.45,368.0,368.6,0
2020-11-04 15:15:00,368.6,369.35,368.5,369.15,0
2020-11-05 09:15:00,363.95,365.0,363.5,363.65,0
2020-11-05 10:15:00,363.65,364.2,362.75,363.6,0
2020-11-05 11:15:00,363.6,364.05,363.15,363.4,0
2020-11-05 12:15:00,363.4,363.9,362.3,362.6,0
2020-11-05 13:15:00,362.6,363.65,362.45,363.3,0
2020-11-05 14:15:00,363.3,363.35,362.0,362.1,0
2020-11-05 15:15:00,362.1,362.25,361.8,361.9,0
2020-11-06 09:15:00,361.1,361.75,359.55,359.9,0
2020-11-06 10:15:00,359.9,361.45,359.8,360.4,0
2020-11-06 11:15:00,360.4,360.65,359.4,359.7,0
2020-11-06 12:15:00,359.65,359.75,358.05,358.3,0
2020-11-06 13:15:00,358.25,358.95,357.85,358.2,0
2020-11-06 14:15:00,358.2,359.9,357.65,357.8,0
2020-11-06 15:15:00,357.8,358.05,357.4,357.95,0
2020-11-09 09:15:00,354.05,354.25,352.5,353.0,0
2020-11-09 10:15:00,353.05,354.4,353.0,353.85,0
2020-11-09 11:15:00,353.85,354.95,353.8,354.75,0
2020-11-09 12:15:00,354.75,354.95,353.9,353.95,0
2020-11-09 13:15:00,353.95,354.15,352.95,353.0,0
2020-11-09 14:15:00,352.95,353.3,352.1,352.1,0
2020-11-09 15:15:00,352.1,352.25,351.9,352.0,0
2020-11-10 09:15:00,349.55,351.85,349.4,349.55,0
2020-11-10 10:15:00,349.6,350.25,348.4,349.0,0
2020-11-10 11:15:00,349.0,349.95,348.55,349.15,0
2020-11-10 12:15:00,349.15,349.45,347.65,347.9,0
2020-11-10 13:15:00,347.9,350.3,347.55,350.25,0
2020-11-10 14:15:00,350.25,350.6,347.15,347.65,0
2020-11-10 15:15:00,347.65,347.7,347.2,347.2,0
2020-11-11 09:15:00,346.15,346.75,343.7,344.55,0
2020-11-11 10:15:00,344.55,347.55,344.4,347.55,0
2020-11-11 11:15:00,347.55,348.85,346.55,346.6,0
2020-11-11 12:15:00,346.6,347.85,346.35,347.45,0
2020-11-11 13:15:00,347.5,349.1,344.75,345.1,0
2020-11-11 14:15:00,345.1,345.5,343.9,344.3,0
2020-11-11 15:15:00,344.3,344.3,343.9,344.05,0
2020-11-12 09:15:00,345.55,346.2,344.5,345.6,0
2020-11-12 10:15:00,345.6,346.65,345.55,346.25,0
2020-11-12 11:15:00,346.25,346.5,345.75,346.0,0
2020-11-12 12:15:00,346.0,346.85,345.15,346.1,0
2020-11-12 13:15:00,346.15,347.6,345.45,345.95,0
2020-11-12 14:15:00,345.95,347.2,345.75,345.8,0
2020-11-12 15:15:00,345.8,346.05,345.45,345.7,0
2020-11-13 09:15:00,346.7,348.1,346.7,346.95,0
2020-11-13 10:15:00,346.9,346.95,344.65,345.6,0
2020-11-13 11:15:00,345.6,346.65,345.45,345.9,0
2020-11-13 12:15:00,345.9,346.9,345.8,345.85,0
2020-11-13 13:15:00,345.85,346.45,345.1,345.55,0
2020-11-13 14:15:00,345.5,346.0,344.75,345.0,0
2020-11-13 15:15:00,345.0,345.3,345.0,345.0,0
2020-11-14 18:15:00,342.3,344.25,342.15,343.75,0
2020-11-17 09:15:00,339.45,341.95,339.45,341.35,0
2020-11-17 10:15:00,341.3,343.0,341.2,342.75,0
2020-11-17 11:15:00,342.7,343.05,342.0,342.2,0
2020-11-17 12:15:00,342.25,342.65,341.5,341.85,0
2020-11-17 13:15:00,341.85,342.0,341.1,341.35,0
2020-11-17 14:15:00,341.35,342.15,340.8,340.95,0
2020-11-17 15:15:00,340.95,341.25,340.85,340.85,0
2020-11-18 09:15:00,341.4,341.95,340.35,341.35,0
2020-11-18 10:15:00,341.35,342.05,340.7,341.85,0
2020-11-18 11:15:00,341.9,342.45,341.6,342.0,0
2020-11-18 12:15:00,342.0,342.35,341.3,341.5,0
2020-11-18 13:15:00,341.5,341.75,339.9,340.2,0
2020-11-18 14:15:00,340.2,340.55,339.15,339.2,0
2020-11-18 15:15:00,339.2,339.45,339.05,339.3,0
2020-11-19 09:15:00,341.95,342.05,338.8,339.0,0
2020-11-19 10:15:00,339.0,340.15,338.95,339.4,0
2020-11-19 11:15:00,339.4,339.5,338.85,339.05,0
2020-11-19 12:15:00,339.05,340.25,338.7,339.75,0
2020-11-19 13:15:00,339.8,341.6,339.55,341.4,0
2020-11-19 14:15:00,341.4,344.4,341.35,343.75,0
2020-11-19 15:15:00,343.75,344.35,343.65,344.0,0
2020-11-20 09:15:00,342.65,343.35,341.55,342.25,0
2020-11-20 10:15:00,342.25,344.4,341.8,344.35,0
2020-11-20 11:15:00,344.35,344.85,343.15,343.35,0
2020-11-20 12:15:00,343.35,344.35,342.35,342.65,0
2020-11-20 13:15:00,342.6,343.65,340.75,341.15,0
2020-11-20 14:15:00,341.15,341.9,340.55,341.2,0
2020-11-20 15:15:00,341.2,341.85,341.15,341.75,0
2020-11-23 09:15:00,338.8,341.9,338.8,340.9,0
2020-11-23 10:15:00,340.9,342.4,340.5,341.1,0
2020-11-23 11:15:00,341.1,341.4,339.95,340.85,0
2020-11-23 12:15:00,340.85,341.1,339.6,340.3,0
2020-11-23 13:15:00,340.35,340.5,338.6,339.0,0
2020-11-23 14:15:00,339.0,339.9,338.85,339.5,0
2020-11-23 15:15:00,339.5,340.15,339.45,339.65,0
2020-11-24 09:15:00,337.75,338.3,336.65,336.95,0
2020-11-24 10:15:00,336.95,337.45,336.5,337.45,0
2020-11-24 11:15:00,337.4,337.95,337.05,337.4,0
2020-11-24 12:15:00,337.4,337.55,336.8,337.05,0
2020-11-24 13:15:00,337.05,337.35,336.3,336.5,0
2020-11-24 14:15:00,336.5,336.7,336.0,336.45,0
2020-11-24 15:15:00,336.45,336.55,335.75,335.8,0
2020-11-25 09:15:00,334.45,335.65,334.1,335.35,0
2020-11-25 10:15:00,335.35,338.3,335.3,338.15,0
2020-11-25 11:15:00,338.15,338.75,337.4,338.05,0
2020-11-25 12:15:00,338.05,338.65,336.8,336.9,0
2020-11-25 13:15:00,336.9,341.2,336.85,341.0,0
2020-11-25 14:15:00,340.95,341.75,339.85,341.45,0
2020-11-25 15:15:00,341.4,342.1,341.05,341.5,0
2020-11-26 09:15:00,340.2,342.9,339.95,342.15,0
2020-11-26 10:15:00,342.15,342.45,341.35,341.9,0
2020-11-26 11:15:00,341.95,343.3,341.65,343.1,0
2020-11-26 12:15:00,343.15,343.2,339.85,340.3,0
2020-11-26 13:15:00,340.3,341.2,339.3,339.5,0
2020-11-26 14:15:00,339.45,340.4,337.7,338.05,0
2020-11-26 15:15:00,338.05,338.15,337.25,337.35,0
2020-11-27 09:15:00,337.45,338.95,336.95,338.35,0
2020-11-27 10:15:00,338.35,339.0,337.8,338.85,0
2020-11-27 11:15:00,338.85,339.15,337.8,338.2,0
2020-11-27 12:15:00,338.2,338.5,336.95,338.45,0
2020-11-27 13:15:00,338.4,338.95,337.6,338.2,0
2020-11-27 14:15:00,338.2,339.95,338.0,338.3,0
2020-11-27 15:15:00,338.3,339.65,338.25,339.3,0
2020-12-01 09:15:00,336.25,338.8,336.25,337.0,0
2020-12-01 10:15:00,336.95,337.1,335.75,335.75,0
2020-12-01 11:15:00,335.75,336.1,335.45,335.9,0
2020-12-01 12:15:00,335.9,336.55,335.4,335.6,0
2020-12-01 13:15:00,335.6,336.05,334.65,334.8,0
2020-12-01 14:15:00,334.85,335.2,334.5,335.05,0
2020-12-01 15:15:00,335.05,335.45,334.9,335.35,0
2020-12-02 09:15:00,334.75,336.0,334.55,335.75,0
2020-12-02 10:15:00,335.8,336.1,335.25,335.55,0
2020-12-02 11:15:00,335.55,336.45,335.45,335.8,0
2020-12-02 12:15:00,335.8,337.05,335.2,337.0,0
2020-12-02 13:15:00,337.05,338.25,336.75,337.6,0
2020-12-02 14:15:00,337.6,337.95,334.65,334.75,0
2020-12-02 15:15:00,334.75,335.3,334.7,335.15,0
2020-12-03 09:15:00,332.35,334.2,332.35,333.8,0
2020-12-03 10:15:00,333.8,334.2,333.15,333.7,0
2020-12-03 11:15:00,333.7,334.35,333.65,334.25,0
2020-12-03 12:15:00,334.25,335.0,333.8,334.55,0
2020-12-03 13:15:00,334.55,334.8,333.85,334.25,0
2020-12-03 14:15:00,334.25,335.1,333.95,334.35,0
2020-12-03 15:15:00,334.3,334.65,334.25,334.35,0
2020-12-04 09:15:00,333.35,333.65,332.0,332.05,0
2020-12-04 10:15:00,332.05,332.35,331.5,331.95,0
2020-12-04 11:15:00,331.95,332.85,331.85,332.55,0
2020-12-04 12:15:00,332.55,334.0,332.4,332.8,0
2020-12-04 13:15:00,332.8,333.3,332.2,332.9,0
2020-12-04 14:15:00,332.85,332.9,331.25,331.35,0
2020-12-04 15:15:00,331.35,331.4,330.8,331.0,0
2020-12-07 09:15:00,331.25,331.7,329.8,330.45,0
2020-12-07 10:15:00,330.45,330.9,330.15,330.6,0
2020-12-07 11:15:00,330.6,330.8,329.65,329.8,0
2020-12-07 12:15:00,329.8,330.0,329.3,329.55,0
2020-12-07 13:15:00,329.55,330.55,329.05,330.05,0
2020-12-07 14:15:00,330.0,330.2,328.7,328.9,0
2020-12-07 15:15:00,328.9,329.15,328.85,329.0,0
2020-12-08 09:15:00,328.05,328.65,327.05,327.3,0
2020-12-08 10:15:00,327.35,329.15,327.05,328.4,0
2020-12-08 11:15:00,328.4,330.1,328.25,329.25,0
2020-12-08 12:15:00,329.25,329.65,328.0,328.4,0
2020-12-08 13:15:00,328.4,328.6,327.6,328.0,0
2020-12-08 14:15:00,328.0,328.25,327.15,328.15,0
2020-12-08 15:15:00,328.15,328.5,327.95,328.15,0
2020-12-09 09:15:00,326.5,326.6,325.9,325.95,0
2020-12-09 10:15:00,325.95,326.35,325.6,325.75,0
2020-12-09 11:15:00,325.75,326.0,325.5,325.9,0
2020-12-09 12:15:00,325.9,326.35,325.6,325.7,0
2020-12-09 13:15:00,325.7,325.75,324.45,324.45,0
2020-12-09 14:15:00,324.4,325.25,324.3,324.7,0
2020-12-09 15:15:00,324.7,324.85,324.45,324.65,0
2020-12-10 09:15:00,325.75,327.9,325.75,327.5,0
2020-12-10 10:15:00,327.5,327.7,326.5,326.65,0
2020-12-10 11:15:00,326.65,327.8,326.6,327.45,0
2020-12-10 12:15:00,327.45,327.6,326.8,327.05,0
2020-12-10 13:15:00,327.05,327.7,326.8,327.5,0
2020-12-10 14:15:00,327.5,327.65,325.4,326.15,0
2020-12-10 15:15:00,326.2,326.2,325.8,325.95,0
2020-12-11 09:15:00,325.2,325.25,324.0,324.15,0
2020-12-11 10:15:00,324.15,324.35,323.6,324.25,0
2020-12-11 11:15:00,324.25,324.9,324.1,324.4,0
2020-12-11 12:15:00,324.4,324.45,323.9,324.35,0
2020-12-11 13:15:00,324.35,326.8,324.25,326.8,0
2020-12-11 14:15:00,326.8,327.85,325.1,325.1,0
2020-12-11 15:15:00,325.1,325.45,324.85,325.4,0
2020-12-14 09:15:00,323.9,324.8,323.25,324.55,0
2020-12-14 10:15:00,324.55,325.45,324.35,325.0,0
2020-12-14 11:15:00,325.0,325.5,324.85,325.1,0
2020-12-14 12:15:00,325.1,326.25,324.7,324.7,0
2020-12-14 13:15:00,324.7,325.45,324.3,324.55,0
2020-12-14 14:15:00,324.55,324.8,324.0,324.1,0
2020-12-14 15:15:00,324.1,324.4,324.05,324.3,0
2020-12-15 09:15:00,324.5,326.8,324.5,326.5,0
2020-12-15 10:15:00,326.5,326.9,326.0,326.35,0
2020-12-15 11:15:00,326.35,326.35,325.15,325.2,0
2020-12-15 12:15:00,325.2,325.7,324.65,324.7,0
2020-12-15 13:15:00,324.7,325.25,323.8,323.95,0
2020-12-15 14:15:00,323.95,324.35,323.5,323.9,0
2020-12-15 15:15:00,323.9,324.2,323.7,324.05,0
2020-12-16 09:15:00,321.75,322.65,321.75,322.5,0
2020-12-16 10:15:00,322.5,322.55,321.85,322.2,0
2020-12-16 11:15:00,322.2,322.45,321.9,322.05,0
2020-12-16 12:15:00,322.05,323.1,321.95,322.25,0
2020-12-16 13:15:00,322.25,322.45,321.15,321.2,0
2020-12-16 14:15:00,321.2,321.75,321.05,321.2,0
2020-12-16 15:15:00,321.2,321.6,321.1,321.5,0
2020-12-17 09:15:00,320.6,321.4,320.35,320.6,0
2020-12-17 10:15:00,320.6,320.8,320.35,320.35,0
2020-12-17 11:15:00,320.35,320.65,320.15,320.25,0
2020-12-17 12:15:00,320.25,320.35,319.9,319.95,0
2020-12-17 13:15:00,319.95,320.05,319.2,319.35,0
2020-12-17 14:15:00,319.35,320.35,319.25,319.85,0
2020-12-17 15:15:00,319.85,320.35,319.85,320.05,0
2020-12-18 09:15:00,319.45,321.9,319.35,321.05,0
2020-12-18 10:15:00,321.05,321.3,320.55,320.75,0
2020-12-18 11:15:00,320.75,321.15,320.55,320.85,0
2020-12-18 12:15:00,320.85,321.25,320.6,320.85,0
2020-12-18 13:15:00,320.85,320.95,319.7,319.7,0
2020-12-18 14:15:00,319.7,320.3,319.4,319.45,0
2020-12-18 15:15:00,319.5,320.05,319.25,319.9,0
2020-12-21 09:15:00,320.05,321.6,319.55,319.75,0
2020-12-21 10:15:00,319.7,320.35,319.25,320.35,0
2020-12-21 11:15:00,320.35,320.65,319.9,320.4,0
2020-12-21 12:15:00,320.4,322.4,320.15,321.7,0
2020-12-21 13:15:00,321.7,324.5,321.5,323.75,0
2020-12-21 14:15:00,323.75,334.15,323.7,329.4,0
2020-12-21 15:15:00,329.45,330.9,329.2,330.7,0
2020-12-22 09:15:00,328.55,333.0,326.75,330.35,0
2020-12-22 10:15:00,330.35,331.3,329.4,331.3,0
2020-12-22 11:15:00,331.35,332.65,331.05,331.85,0
2020-12-22 12:15:00,331.85,332.95,330.45,330.9,0
2020-12-22 13:15:00,330.9,331.2,327.2,327.2,0
2020-12-22 14:15:00,327.25,328.0,325.85,326.15,0
2020-12-22 15:15:00,326.2,326.45,325.65,326.45,0
2020-12-23 09:15:00,326.15,327.1,324.65,325.6,0
2020-12-23 10:15:00,325.65,325.65,324.45,324.95,0
2020-12-23 11:15:00,324.95,325.45,324.4,324.6,0
2020-12-23 12:15:00,324.55,325.1,323.9,324.5,0
2020-12-23 13:15:00,324.5,324.75,323.85,324.2,0
2020-12-23 14:15:00,324.2,324.25,322.95,322.95,0
2020-12-23 15:15:00,322.95,323.15,322.6,322.9,0
2020-12-24 09:15:00,321.4,321.8,319.9,319.95,0
2020-12-24 10:15:00,319.95,321.85,319.8,321.75,0
2020-12-24 11:15:00,321.75,322.45,321.1,321.3,0
2020-12-24 12:15:00,321.3,321.3,320.35,320.85,0
2020-12-24 13:15:00,320.8,321.15,319.8,320.05,0
2020-12-24 14:15:00,320.05,320.3,319.05,319.55,0
2020-12-24 15:15:00,319.55,320.05,319.45,319.8,0
2020-12-28 09:15:00,318.15,318.15,317.0,317.45,0
2020-12-28 10:15:00,317.45,318.2,317.4,317.85,0
2020-12-28 11:15:00,317.85,317.9,317.3,317.35,0
2020-12-28 12:15:00,317.35,317.35,316.85,316.95,0
2020-12-28 13:15:00,316.95,317.5,316.85,317.0,0
2020-12-28 14:15:00,317.05,317.5,316.5,316.85,0
2020-12-28 15:15:00,316.85,317.1,316.6,316.6,0
2020-12-29 09:15:00,315.95,315.95,314.65,314.9,0
2020-12-29 10:15:00,314.9,317.1,314.9,316.0,0
2020-12-29 11:15:00,316.0,316.7,315.8,316.25,0
2020-12-29 12:15:00,316.25,316.5,315.3,315.45,0
2020-12-29 13:15:00,315.45,316.0,315.25,315.65,0
2020-12-29 14:15:00,315.65,316.2,315.3,315.45,0
2020-12-29 15:15:00,315.45,315.85,315.3,315.55,0
2020-12-30 09:15:00,314.4,316.5,314.4,315.65,0
2020-12-30 10:15:00,315.65,316.35,315.05,315.35,0
2020-12-30 11:15:00,315.35,315.85,315.1,315.5,0
2020-12-30 12:15:00,315.45,317.0,315.45,316.0,0
2020-12-30 13:15:00,316.0,316.25,314.8,315.2,0
2020-12-30 14:15:00,315.2,315.25,314.15,314.25,0
2020-12-30 15:15:00,314.25,314.65,314.05,314.5,0
2020-12-31 09:15:00,314.65,315.3,314.05,314.2,0
2020-12-31 10:15:00,314.2,314.6,313.75,314.3,0
2020-12-31 11:15:00,314.3,314.75,313.95,314.65,0
2020-12-31 12:15:00,314.65,314.95,313.95,314.2,0
2020-12-31 13:15:00,314.2,314.55,313.45,314.15,0
2020-12-31 14:15:00,314.15,315.0,313.95,314.3,0
2020-12-31 15:15:00,314.3,314.75,314.25,314.7,0
2021-01-01 09:15:00,314.1,314.1,313.25,313.45,0
2021-01-01 10:15:00,313.45,313.6,313.15,313.35,0
2021-01-01 11:15:00,313.35,313.9,313.25,313.5,0
2021-01-01 12:15:00,313.5,313.65,313.1,313.3,0
2021-01-01 13:15:00,313.3,313.6,313.05,313.05,0
2021-01-01 14:15:00,313.05,313.7,312.9,313.65,0
2021-01-01 15:15:00,313.65,313.95,313.35,313.65,0
2021-01-04 09:15:00,311.75,312.3,311.55,312.15,0
2021-01-04 10:15:00,312.15,315.05,311.95,313.7,0
2021-01-04 11:15:00,313.7,314.0,312.65,312.75,0
2021-01-04 12:15:00,312.7,313.0,312.1,312.15,0
2021-01-04 13:15:00,312.15,312.35,311.5,311.95,0
2021-01-04 14:15:00,311.95,312.55,311.05,311.25,0
2021-01-04 15:15:00,311.2,311.35,310.8,310.85,0
2021-01-05 09:15:00,312.4,312.95,311.55,312.5,0
2021-01-05 10:15:00,312.5,313.0,311.3,311.4,0
2021-01-05 11:15:00,311.45,311.55,311.0,311.0,0
2021-01-05 12:15:00,311.0,311.2,310.65,311.15,0
2021-01-05 13:15:00,311.15,312.15,310.25,310.4,0
2021-01-05 14:15:00,310.45,310.85,309.45,309.5,0
2021-01-05 15:15:00,309.5,309.8,309.3,309.65,0
2021-01-06 09:15:00,308.8,310.25,308.8,309.85,0
2021-01-06 10:15:00,309.85,310.0,309.25,309.35,0
2021-01-06 11:15:00,309.35,310.15,309.3,309.9,0
2021-01-06 12:15:00,309.95,310.2,309.4,310.15,0
2021-01-06 13:15:00,310.15,313.15,309.65,312.4,0
2021-01-06 14:15:00,312.45,312.65,310.4,310.8,0
2021-01-06 15:15:00,310.8,311.35,310.6,311.1,0
2021-01-07 09:15:00,308.5,309.8,308.5,309.65,0
2021-01-07 10:15:00,309.65,310.45,309.35,310.0,0
2021-01-07 11:15:00,310.0,310.15,309.75,309.85,0
2021-01-07 12:15:00,309.85,310.05,309.35,309.55,0
2021-01-07 13:15:00,309.55,310.65,309.4,309.95,0
2021-01-07 14:15:00,309.95,311.35,309.8,311.1,0
2021-01-07 15:15:00,311.1,311.4,310.85,310.85,0
2021-01-08 09:15:00,308.45,309.2,308.45,308.55,0
2021-01-08 10:15:00,308.55,308.55,307.8,308.1,0
2021-01-08 11:15:00,308.1,308.35,307.7,307.8,0
2021-01-08 12:15:00,307.8,307.9,307.5,307.75,0
2021-01-08 13:15:00,307.75,308.35,307.55,307.85,0
2021-01-08 14:15:00,307.85,308.4,306.25,306.25,0
2021-01-08 15:15:00,306.25,306.55,306.05,306.55,0
2021-01-11 09:15:00,303.85,305.35,303.75,304.5,0
2021-01-11 10:15:00,304.5,305.8,304.25,304.55,0
2021-01-11 11:15:00,304.55,305.55,304.5,304.75,0
2021-01-11 12:15:00,304.75,305.05,304.4,304.55,0
2021-01-11 13:15:00,304.6,304.7,303.9,304.15,0
2021-01-11 14:15:00,304.15,304.45,303.5,303.6,0
2021-01-11 15:15:00,303.6,303.75,303.4,303.6,0
2021-01-12 09:15:00,303.9,304.7,303.35,304.2,0
2021-01-12 10:15:00,304.2,304.35,303.45,303.45,0
2021-01-12 11:15:00,303.45,303.65,302.8,302.95,0
2021-01-12 12:15:00,303.0,303.1,302.3,302.3,0
2021-01-12 13:15:00,302.35,302.4,301.65,301.85,0
2021-01-12 14:15:00,301.85,302.15,301.45,301.85,0
2021-01-12 15:15:00,301.9,302.2,301.75,301.75,0
2021-01-13 09:15:00,300.45,300.85,300.2,300.8,0
2021-01-13 10:15:00,300.8,301.55,300.55,301.25,0
2021-01-13 11:15:00,301.25,302.8,301.2,302.1,0
2021-01-13 12:15:00,302.1,302.55,301.5,302.4,0
2021-01-13 13:15:00,302.4,304.65,302.05,303.4,0
2021-01-13 14:15:00,303.35,303.65,301.7,301.75,0
2021-01-13 15:15:00,301.8,302.5,301.75,302.1,0
2021-01-14 09:15:00,302.35,303.95,302.1,303.2,0
2021-01-14 10:15:00,303.2,303.4,301.8,302.0,0
2021-01-14 11:15:00,302.0,302.2,301.6,301.95,0
2021-01-14 12:15:00,301.95,302.2,301.4,301.6,0
2021-01-14 13:15:00,301.65,302.0,300.95,301.45,0
2021-01-14 14:15:00,301.5,301.75,301.1,301.55,0
2021-01-14 15:15:00,301.55,301.6,301.2,301.35,0
2021-01-15 09:15:00,301.45,303.9,301.0,302.65,0
2021-01-15 10:15:00,302.65,304.15,302.45,303.75,0
2021-01-15 11:15:00,303.75,304.5,303.2,303.35,0
2021-01-15 12:15:00,303.4,303.65,302.55,303.0,0
2021-01-15 13:15:00,303.0,305.5,302.6,305.35,0
2021-01-15 14:15:00,305.35,306.3,304.25,304.75,0
2021-01-15 15:15:00,304.8,304.95,304.55,304.75,0
2021-01-18 09:15:00,304.45,307.35,304.4,306.8,0
2021-01-18 10:15:00,306.85,308.45,306.8,307.05,0
2021-01-18 11:15:00,307.05,308.4,306.7,307.7,0
2021-01-18 12:15:00,307.7,308.0,307.2,307.35,0
2021-01-18 13:15:00,307.35,308.3,305.5,305.5,0
2021-01-18 14:15:00,305.5,307.95,305.5,307.95,0
2021-01-18 15:15:00,307.95,309.25,307.8,309.2,0
2021-01-19 09:15:00,306.15,306.6,305.1,305.25,0
2021-01-19 10:15:00,305.25,305.5,304.35,304.85,0
2021-01-19 11:15:00,304.8,305.0,303.85,304.05,0
2021-01-19 12:15:00,304.05,304.3,303.55,303.8,0
2021-01-19 13:15:00,303.8,304.0,303.1,303.45,0
2021-01-19 14:15:00,303.45,303.55,302.4,302.8,0
2021-01-19 15:15:00,302.8,303.15,302.75,302.8,0
2021-01-20 09:15:00,302.6,303.0,301.55,301.8,0
2021-01-20 10:15:00,301.8,301.95,300.85,301.05,0
2021-01-20 11:15:00,301.05,301.4,300.9,301.15,0
2021-01-20 12:15:00,301.15,302.1,301.05,301.25,0
2021-01-20 13:15:00,301.25,301.55,300.6,300.65,0
2021-01-20 14:15:00,300.65,300.65,299.95,300.4,0
2021-01-20 15:15:00,300.4,300.9,300.25,300.8,0
2021-01-21 09:15:00,298.65,299.25,298.5,298.7,0
2021-01-21 10:15:00,298.7,298.95,298.35,298.4,0
2021-01-21 11:15:00,298.45,298.75,298.35,298.55,0
2021-01-21 12:15:00,298.55,298.7,298.25,298.4,0
2021-01-21 13:15:00,298.4,299.3,298.15,299.25,0
2021-01-21 14:15:00,299.25,302.85,298.75,301.6,0
2021-01-21 15:15:00,301.6,301.6,300.65,300.7,0
2021-01-22 09:15:00,301.7,303.0,301.1,301.35,0
2021-01-22 10:15:00,301.3,303.7,300.95,303.45,0
2021-01-22 11:15:00,303.4,304.35,302.65,303.35,0
2021-01-22 12:15:00,303.35,305.45,303.15,305.45,0
2021-01-22 13:15:00,305.45,306.05,304.4,305.4,0
2021-01-22 14:15:00,305.45,306.3,303.7,306.2,0
2021-01-22 15:15:00,306.2,306.3,305.85,306.15,0
2021-01-25 09:15:00,303.9,308.5,303.6,306.05,0
2021-01-25 10:15:00,306.05,306.55,304.7,305.3,0
2021-01-25 11:15:00,305.3,307.15,305.25,306.45,0
2021-01-25 12:15:00,306.45,306.7,305.5,305.55,0
2021-01-25 13:15:00,305.55,308.0,305.25,307.3,0
2021-01-25 14:15:00,307.3,309.25,307.2,308.95,0
2021-01-25 15:15:00,309.0,309.4,308.7,308.7,0
2021-01-27 09:15:00,309.05,311.75,309.05,310.6,0
2021-01-27 10:15:00,310.55,311.9,310.55,311.0,0
2021-01-27 11:15:00,311.0,312.45,310.55,312.3,0
2021-01-27 12:15:00,312.35,312.9,311.85,312.75,0
2021-01-27 13:15:00,312.75,314.75,312.5,314.65,0
2021-01-27 14:15:00,314.7,315.75,314.0,314.95,0
2021-01-27 15:15:00,314.95,315.1,314.55,314.95,0
2021-01-28 09:15:00,318.45,318.85,316.5,317.2,0
2021-01-28 10:15:00,317.2,318.4,316.75,317.3,0
2021-01-28 11:15:00,317.3,318.65,317.2,318.45,0
2021-01-28 12:15:00,318.45,320.6,317.8,320.05,0
2021-01-28 13:15:00,320.05,320.05,317.7,318.65,0
2021-01-28 14:15:00,318.65,319.75,317.9,318.2,0
2021-01-28 15:15:00,318.2,318.5,318.05,318.2,0
2021-01-29 09:15:00,315.35,318.1,314.95,317.45,0
2021-01-29 10:15:00,317.45,319.05,316.85,317.15,0
2021-01-29 11:15:00,317.15,319.3,317.15,319.05,0
2021-01-29 12:15:00,319.05,319.7,317.8,319.5,0
2021-01-29 13:15:00,319.45,320.4,318.6,318.65,0
2021-01-29 14:15:00,318.65,323.15,317.05,322.75,0
2021-01-29 15:15:00,322.75,323.4,321.7,321.95,0
2021-02-01 09:15:00,319.7,322.0,319.35,319.95,0
2021-02-01 10:15:00,320.0,320.55,318.9,319.65,0
2021-02-01 11:15:00,319.65,319.7,316.25,318.3,0
2021-02-01 12:15:00,318.55,319.25,311.35,313.5,0
2021-02-01 13:15:00,313.5,313.5,308.9,310.55,0
2021-02-01 14:15:00,310.6,311.15,307.0,307.6,0
2021-02-01 15:15:00,307.65,307.75,306.05,306.05,0
2021-02-02 09:15:00,303.05,303.25,297.7,299.25,0
2021-02-02 10:15:00,299.3,302.6,299.15,300.75,0
2021-02-02 11:15:00,300.75,302.35,300.25,300.7,0
2021-02-02 12:15:00,300.75,301.75,299.9,300.35,0
2021-02-02 13:15:00,300.3,301.1,299.4,299.5,0
2021-02-02 14:15:00,299.5,300.55,298.55,299.6,0
2021-02-02 15:15:00,299.6,299.7,298.95,298.95,0
2021-02-03 09:15:00,297.3,301.0,297.3,297.35,0
2021-02-03 10:15:00,297.35,297.35,296.0,296.55,0
2021-02-03 11:15:00,296.55,296.65,295.8,296.15,0
2021-02-03 12:15:00,296.15,296.15,295.15,295.4,0
2021-02-03 13:15:00,295.4,296.3,295.0,296.0,0
2021-02-03 14:15:00,296.0,297.15,295.05,296.55,0
2021-02-03 15:15:00,296.55,296.8,296.4,296.75,0
2021-02-04 09:15:00,296.65,297.95,296.55,297.4,0
2021-02-04 10:15:00,297.45,298.15,296.65,296.75,0
2021-02-04 11:15:00,296.75,296.75,295.65,296.0,0
2021-02-04 12:15:00,296.0,296.25,295.2,295.8,0
2021-02-04 13:15:00,295.8,296.15,294.3,294.35,0
2021-02-04 14:15:00,294.35,295.15,294.15,294.7,0
2021-02-04 15:15:00,294.7,294.8,294.35,294.65,0
2021-02-05 09:15:00,293.4,294.0,292.2,293.55,0
2021-02-05 10:15:00,293.55,295.15,293.1,293.65,0
2021-02-05 11:15:00,293.65,293.65,292.65,292.85,0
2021-02-05 12:15:00,292.85,294.2,292.75,294.15,0
2021-02-05 13:15:00,294.15,294.8,293.25,293.55,0
2021-02-05 14:15:00,293.55,294.45,293.3,294.1,0
2021-02-05 15:15:00,294.1,294.1,293.6,293.6,0
2021-02-08 09:15:00,291.3,291.6,290.25,290.55,0
2021-02-08 10:15:00,290.55,290.6,289.95,290.3,0
2021-02-08 11:15:00,290.3,291.0,290.1,290.8,0
2021-02-08 12:15:00,290.75,291.45,290.1,290.1,0
2021-02-08 13:15:00,290.1,290.5,289.5,289.85,0
2021-02-08 14:15:00,289.85,290.65,289.45,290.25,0
2021-02-08 15:15:00,290.25,290.45,290.0,290.05,0
2021-02-09 09:15:00,289.4,289.95,288.75,289.3,0
2021-02-09 10:15:00,289.3,289.5,288.2,288.3,0
2021-02-09 11:15:00,288.35,288.8,287.95,288.3,0
2021-02-09 12:15:00,288.25,288.45,287.85,288.0,0
2021-02-09 13:15:00,288.0,288.3,287.65,287.85,0
2021-02-09 14:15:00,287.85,291.3,287.6,290.3,0
2021-02-09 15:15:00,290.3,290.55,290.05,290.45,0
2021-02-10 09:15:00,290.3,291.2,289.35,291.1,0
2021-02-10 10:15:00,291.1,292.45,291.0,291.2,0
2021-02-10 11:15:00,291.25,291.35,290.15,290.7,0
2021-02-10 12:15:00,290.7,291.3,290.4,291.15,0
2021-02-10 13:15:00,291.15,293.0,291.05,291.75,0
2021-02-10 14:15:00,291.75,292.7,290.45,290.55,0
2021-02-10 15:15:00,290.5,290.5,289.8,289.95,0
2021-02-11 09:15:00,291.2,291.3,289.4,289.75,0
2021-02-11 10:15:00,289.75,290.15,289.45,290.15,0
2021-02-11 11:15:00,290.15,290.5,289.7,290.15,0
2021-02-11 12:15:00,290.15,290.5,289.5,290.0,0
2021-02-11 13:15:00,290.0,290.5,289.65,289.75,0
2021-02-11 14:15:00,289.75,289.9,289.2,289.25,0
2021-02-11 15:15:00,289.25,289.4,288.95,289.2,0
2021-02-12 09:15:00,289.05,289.55,288.35,288.9,0
2021-02-12 10:15:00,288.9,289.1,288.05,288.05,0
2021-02-12 11:15:00,288.0,288.9,287.95,288.8,0
2021-02-12 12:15:00,288.8,288.9,288.2,288.35,0
2021-02-12 13:15:00,288.35,291.05,288.25,290.35,0
2021-02-12 14:15:00,290.35,290.4,289.35,289.5,0
2021-02-12 15:15:00,289.5,289.55,289.0,289.45,0
2021-02-15 09:15:00,287.5,287.8,286.7,287.15,0
2021-02-15 10:15:00,287.15,287.2,286.55,286.65,0
2021-02-15 11:15:00,286.7,287.1,286.65,286.85,0
2021-02-15 12:15:00,286.85,287.05,286.45,286.6,0
2021-02-15 13:15:00,286.6,287.2,286.55,287.0,0
2021-02-15 14:15:00,287.0,287.4,286.6,286.6,0
2021-02-15 15:15:00,286.6,286.8,286.2,286.25,0
2021-02-16 09:15:00,285.6,285.7,284.5,285.2,0
2021-02-16 10:15:00,285.2,285.5,284.85,285.4,0
2021-02-16 11:15:00,285.4,286.35,285.4,285.95,0
2021-02-16 12:15:00,285.95,287.75,285.7,287.4,0
2021-02-16 13:15:00,287.4,288.0,286.6,287.4,0
2021-02-16 14:15:00,287.4,287.6,286.45,286.75,0
2021-02-16 15:15:00,286.7,286.9,286.35,286.6,0
2021-02-17 09:15:00,287.35,288.85,287.15,288.1,0
2021-02-17 10:15:00,288.1,288.4,286.75,287.15,0
2021-02-17 11:15:00,287.15,287.6,286.9,287.25,0
2021-02-17 12:15:00,287.25,288.55,286.75,288.3,0
2021-02-17 13:15:00,288.3,289.4,288.0,288.3,0
2021-02-17 14:15:00,288.3,289.0,288.05,288.5,0
2021-02-17 15:15:00,288.55,289.05,288.45,288.95,0
2021-02-18 09:15:00,288.15,288.85,287.95,288.4,0
2021-02-18 10:15:00,288.4,288.55,287.95,288.5,0
2021-02-18 11:15:00,288.5,290.05,288.5,289.75,0
2021-02-18 12:15:00,289.75,290.75,289.75,290.1,0
2021-02-18 13:15:00,290.1,291.2,290.05,290.2,0
2021-02-18 14:15:00,290.15,290.55,289.65,290.5,0
2021-02-18 15:15:00,290.5,290.85,290.35,290.4,0
2021-02-19 09:15:00,291.3,292.15,290.55,290.75,0
2021-02-19 10:15:00,290.75,291.65,290.0,291.45,0
2021-02-19 11:15:00,291.35,291.7,290.6,291.15,0
2021-02-19 12:15:00,291.15,291.6,290.8,291.2,0
2021-02-19 13:15:00,291.2,294.45,291.15,294.4,0
2021-02-19 14:15:00,294.4,294.7,292.5,292.6,0
2021-02-19 15:15:00,292.6,293.0,292.35,292.65,0
2021-02-22 09:15:00,292.85,295.4,292.65,295.2,0
2021-02-22 10:15:00,295.25,295.65,294.3,295.6,0
2021-02-22 11:15:00,295.6,297.1,295.2,296.85,0
2021-02-22 12:15:00,296.85,297.65,296.35,297.15,0
2021-02-22 13:15:00,297.15,298.8,296.95,298.5,0
2021-02-22 14:15:00,298.5,299.3,297.35,299.05,0
2021-02-22 15:15:00,299.05,299.95,298.9,299.85,0
2021-02-23 09:15:00,297.0,299.65,297.0,297.55,0
2021-02-23 10:15:00,297.6,297.6,295.55,296.15,0
2021-02-23 11:15:00,296.15,298.8,295.9,298.15,0
2021-02-23 12:15:00,298.15,298.75,296.95,297.05,0
2021-02-23 13:15:00,297.1,298.55,296.95,297.9,0
2021-02-23 14:15:00,297.9,299.15,297.25,298.15,0
2021-02-23 15:15:00,298.15,298.75,298.15,298.35,0
2021-02-24 09:15:00,298.1,298.1,296.25,296.25,0
2021-02-24 15:15:00,297.05,297.5,295.0,295.05,0
2021-02-24 16:15:00,295.05,295.1,292.45,292.85,0
2021-02-25 09:15:00,291.1,291.25,289.35,290.35,0
2021-02-25 10:15:00,290.35,290.45,289.75,290.0,0
2021-02-25 11:15:00,290.0,291.2,289.9,291.0,0
2021-02-25 12:15:00,291.0,291.15,290.05,290.1,0
2021-02-25 13:15:00,290.1,290.4,289.75,289.95,0
2021-02-25 14:15:00,289.9,291.05,289.25,290.8,0
2021-02-25 15:15:00,290.8,291.0,290.55,290.65,0
2021-02-26 09:15:00,294.8,296.8,294.2,295.0,0
2021-02-26 10:15:00,295.0,298.25,295.0,297.6,0
2021-02-26 11:15:00,297.55,300.2,297.55,300.2,0
2021-02-26 12:15:00,300.2,301.2,299.35,300.55,0
2021-02-26 13:15:00,300.55,300.95,298.6,298.65,0
2021-02-26 14:15:00,298.7,302.0,298.5,301.35,0
2021-02-26 15:15:00,301.35,302.9,301.35,301.85,0
2021-03-01 09:15:00,298.2,299.45,296.9,297.5,0
2021-03-01 10:15:00,297.55,297.55,296.05,296.45,0
2021-03-01 11:15:00,296.45,298.75,296.35,298.1,0
2021-03-01 12:15:00,298.1,299.55,297.55,297.7,0
2021-03-01 13:15:00,297.7,298.3,296.7,297.2,0
2021-03-01 14:15:00,297.25,298.2,296.7,297.0,0
2021-03-01 15:15:00,297.0,297.05,296.4,296.5,0
2021-03-02 09:15:00,294.95,295.95,293.6,293.8,0
2021-03-02 10:15:00,293.8,296.1,293.7,296.0,0
2021-03-02 11:15:00,296.05,297.05,295.1,295.55,0
2021-03-02 12:15:00,295.55,296.55,295.25,296.0,0
2021-03-02 13:15:00,296.05,296.55,294.8,295.1,0
2021-03-02 14:15:00,295.1,296.05,293.5,293.55,0
2021-03-02 15:15:00,293.55,293.65,293.05,293.4,0
2021-03-03 09:15:00,291.0,292.35,291.0,291.55,0
2021-03-03 10:15:00,291.55,291.55,290.5,291.0,0
2021-03-03 11:15:00,291.0,291.1,290.1,290.15,0
2021-03-03 12:15:00,290.15,290.5,289.55,289.85,0
2021-03-03 13:15:00,289.85,289.85,288.9,289.7,0
2021-03-03 14:15:00,289.7,289.75,287.25,287.4,0
2021-03-03 15:15:00,287.4,287.65,286.95,287.55,0
2021-03-04 09:15:00,291.6,292.45,290.2,290.85,0
2021-03-04 10:15:00,290.85,291.55,289.5,289.55,0
2021-03-04 11:15:00,289.55,290.05,288.9,289.55,0
2021-03-04 12:15:00,289.55,289.75,288.3,288.45,0
2021-03-04 13:15:00,288.4,290.0,288.35,289.1,0
2021-03-04 14:15:00,289.15,291.05,288.7,290.5,0
2021-03-04 15:15:00,290.5,290.9,290.45,290.45,0
2021-03-05 09:15:00,292.55,293.5,290.4,290.9,0
2021-03-05 10:15:00,290.9,293.1,290.9,292.05,0
2021-03-05 11:15:00,292.05,292.45,291.3,292.0,0
2021-03-05 12:15:00,292.0,292.25,291.15,292.0,0
2021-03-05 13:15:00,291.95,294.8,291.5,294.25,0
2021-03-05 14:15:00,294.25,294.65,292.95,293.0,0
2021-03-05 15:15:00,293.0,293.35,292.8,292.85,0
2021-03-08 09:15:00,292.15,292.4,290.05,290.45,0
2021-03-08 10:15:00,290.45,293.15,290.45,291.7,0
2021-03-08 11:15:00,291.75,292.25,291.3,291.95,0
2021-03-08 12:15:00,291.95,293.1,291.65,292.1,0
2021-03-08 13:15:00,292.1,293.45,292.0,292.5,0
2021-03-08 14:15:00,292.5,293.75,291.35,292.95,0
2021-03-08 15:15:00,292.95,293.1,292.6,292.95,0
2021-03-09 09:15:00,291.25,291.5,289.95,291.2,0
2021-03-09 10:15:00,291.2,291.4,290.8,291.15,0
2021-03-09 11:15:00,291.15,291.15,290.45,291.05,0
2021-03-09 12:15:00,291.1,292.8,291.0,292.75,0
2021-03-09 13:15:00,292.8,293.7,292.1,292.55,0
2021-03-09 14:15:00,292.55,292.85,290.0,290.0,0
2021-03-09 15:15:00,290.0,290.35,289.8,290.3,0
2021-03-10 09:15:00,288.35,289.1,288.05,288.55,0
2021-03-10 10:15:00,288.55,289.6,288.55,289.35,0
2021-03-10 11:15:00,289.35,290.15,289.2,289.9,0
2021-03-10 12:15:00,289.9,290.3,289.05,289.1,0
2021-03-10 13:15:00,289.1,289.75,288.7,288.75,0
2021-03-10 14:15:00,288.75,289.35,288.5,288.85,0
2021-03-10 15:15:00,288.85,289.1,288.6,289.05,0
2021-03-12 09:15:00,286.15,287.0,285.9,286.75,0
2021-03-12 10:15:00,286.75,287.25,286.65,287.1,0
2021-03-12 11:15:00,287.1,287.45,286.75,287.45,0
2021-03-12 12:15:00,287.4,288.5,287.4,288.35,0
2021-03-12 13:15:00,288.4,292.35,288.15,292.35,0
2021-03-12 14:15:00,292.35,293.1,291.1,291.7,0
2021-03-12 15:15:00,291.7,292.15,291.55,291.8,0
2021-03-15 09:15:00,291.4,295.85,291.4,294.9,0
2021-03-15 10:15:00,294.9,296.25,294.15,296.0,0
2021-03-15 11:15:00,296.0,296.7,295.3,295.8,0
2021-03-15 12:15:00,295.8,297.3,295.8,296.9,0
2021-03-15 13:15:00,296.9,297.05,295.45,296.1,0
2021-03-15 14:15:00,296.1,296.25,293.1,293.85,0
2021-03-15 15:15:00,293.8,294.15,293.5,293.9,0
2021-03-16 09:15:00,292.45,293.55,292.05,292.65,0
2021-03-16 10:15:00,292.65,292.75,291.35,291.8,0
2021-03-16 11:15:00,291.8,293.1,291.65,292.55,0
2021-03-16 12:15:00,292.55,293.75,292.15,293.6,0
2021-03-16 13:15:00,293.55,294.45,293.05,294.05,0
2021-03-16 14:15:00,294.05,294.5,293.05,294.35,0
2021-03-16 15:15:00,294.3,294.35,293.8,293.9,0
2021-03-17 09:15:00,293.45,295.1,293.3,295.0,0
2021-03-17 10:15:00,295.0,295.4,294.55,294.85,0
2021-03-17 11:15:00,294.85,295.2,293.35,295.15,0
2021-03-17 12:15:00,295.1,295.9,294.9,295.7,0
2021-03-17 13:15:00,295.75,296.7,295.05,296.5,0
2021-03-17 14:15:00,296.5,298.35,296.3,298.3,0
2021-03-17 15:15:00,298.3,298.35,297.8,298.1,0
2021-03-18 09:15:00,295.2,296.2,294.9,296.15,0
2021-03-18 10:15:00,296.15,297.15,296.05,296.65,0
2021-03-18 11:15:00,296.6,296.95,295.75,295.75,0
2021-03-18 12:15:00,295.8,298.2,295.7,298.2,0
2021-03-18 13:15:00,298.15,302.3,298.0,302.2,0
2021-03-18 14:15:00,302.25,302.8,300.65,300.65,0
2021-03-18 15:15:00,300.65,301.25,300.55,300.7,0
2021-03-19 09:15:00,303.05,305.55,302.05,302.4,0
2021-03-19 10:15:00,302.4,303.3,299.5,300.0,0
2021-03-19 11:15:00,300.05,302.35,299.9,302.05,0
2021-03-19 12:15:00,302.0,302.55,300.35,300.8,0
2021-03-19 13:15:00,300.8,301.05,298.45,298.85,0
2021-03-19 14:15:00,298.85,299.55,296.5,297.3,0
2021-03-19 15:15:00,297.3,298.05,297.3,297.55,0
2021-03-22 09:15:00,297.65,299.35,297.1,297.75,0
2021-03-22 10:15:00,297.7,299.55,297.65,298.7,0
2021-03-22 11:15:00,298.7,299.25,297.9,298.75,0
2021-03-22 12:15:00,298.75,300.4,298.75,299.85,0
2021-03-22 13:15:00,299.85,300.4,298.15,298.5,0
2021-03-22 14:15:00,298.5,299.45,297.15,297.25,0
2021-03-22 15:15:00,297.2,297.7,297.15,297.4,0
2021-03-23 09:15:00,297.0,297.45,295.5,296.9,0
2021-03-23 10:15:00,296.95,297.5,295.05,296.35,0
2021-03-23 11:15:00,296.35,298.2,296.05,297.1,0
2021-03-23 12:15:00,297.1,297.75,296.3,296.6,0
2021-03-23 13:15:00,296.6,297.4,295.85,296.05,0
2021-03-23 14:15:00,296.05,296.2,294.8,296.05,0
2021-03-23 15:15:00,296.0,296.7,295.95,296.25,0
2021-03-24 09:15:00,298.15,299.1,297.35,299.0,0
2021-03-24 10:15:00,299.0,300.3,299.0,299.85,0
2021-03-24 11:15:00,299.85,300.8,299.45,299.8,0
2021-03-24 12:15:00,299.75,300.2,298.9,300.05,0
2021-03-24 13:15:00,300.05,300.3,299.05,299.65,0
2021-03-24 14:15:00,299.65,301.7,298.9,301.4,0
2021-03-24 15:15:00,301.4,301.6,300.95,301.1,0
2021-03-25 09:15:00,301.0,304.4,301.0,303.75,0
2021-03-25 10:15:00,303.75,305.25,303.75,305.1,0
2021-03-25 11:15:00,305.15,306.9,304.55,306.3,0
2021-03-25 12:15:00,306.3,307.3,305.95,306.65,0
2021-03-25 13:15:00,306.7,306.8,303.55,304.5,0
2021-03-25 14:15:00,304.5,307.15,302.6,306.6,0
2021-03-25 15:15:00,306.6,306.85,305.55,305.65,0
2021-03-26 09:15:00,302.25,304.2,302.25,302.8,0
2021-03-26 10:15:00,302.8,303.45,302.05,302.7,0
2021-03-26 11:15:00,302.75,303.15,301.2,301.55,0
2021-03-26 12:15:00,301.55,302.35,300.8,301.75,0
2021-03-26 13:15:00,301.8,302.4,300.95,301.65,0
2021-03-26 14:15:00,301.65,302.7,301.3,302.45,0
2021-03-26 15:15:00,302.45,302.9,301.55,301.95,0
2021-03-30 09:15:00,299.8,299.95,297.4,297.45,0
2021-03-30 10:15:00,297.45,297.5,296.75,297.1,0
2021-03-30 11:15:00,297.1,298.1,296.6,297.85,0
2021-03-30 12:15:00,297.85,298.1,296.85,297.0,0
2021-03-30 13:15:00,297.0,297.1,295.05,295.15,0
2021-03-30 14:15:00,295.15,295.65,294.65,295.2,0
2021-03-30 15:15:00,295.2,295.65,294.9,295.1,0
2021-03-31 09:15:00,295.95,297.7,295.95,297.25,0
2021-03-31 10:15:00,297.25,298.1,297.05,297.4,0
2021-03-31 11:15:00,297.35,297.95,297.1,297.5,0
2021-03-31 12:15:00,297.5,297.65,296.7,297.25,0
2021-03-31 13:15:00,297.25,298.35,297.05,297.4,0
2021-03-31 14:15:00,297.4,298.8,297.2,298.3,0
2021-03-31 15:15:00,298.3,298.65,298.2,298.35,0
2021-04-01 09:15:00,296.2,297.0,295.9,296.85,0
2021-04-01 10:15:00,296.9,298.35,296.55,297.65,0
2021-04-01 11:15:00,297.65,298.1,297.0,297.15,0
2021-04-01 12:15:00,297.15,297.65,296.35,296.4,0
2021-04-01 13:15:00,296.35,296.35,295.35,295.35,0
2021-04-01 14:15:00,295.3,295.35,294.6,294.65,0
2021-04-01 15:15:00,294.65,295.05,294.5,294.85,0
2021-04-05 09:15:00,295.55,301.0,295.45,300.7,0
2021-04-05 10:15:00,300.75,303.0,300.75,302.75,0
2021-04-05 11:15:00,302.75,303.0,301.4,301.5,0
2021-04-05 12:15:00,301.5,301.7,300.4,300.75,0
2021-04-05 13:15:00,300.75,300.85,299.3,299.3,0
2021-04-05 14:15:00,299.3,299.8,298.65,299.6,0
2021-04-05 15:15:00,299.6,299.7,299.2,299.25,0
2021-04-06 09:15:00,297.5,300.8,297.05,297.8,0
2021-04-06 10:15:00,297.8,298.85,296.95,297.2,0
2021-04-06 11:15:00,297.2,298.1,296.65,297.75,0
2021-04-06 12:15:00,297.75,300.1,297.5,298.4,0
2021-04-06 13:15:00,298.4,299.75,298.3,299.2,0
2021-04-06 14:15:00,299.2,299.45,298.65,298.65,0
2021-04-06 15:15:00,298.65,298.65,298.15,298.25,0
2021-04-07 09:15:00,297.95,299.25,296.05,296.5,0
2021-04-07 10:15:00,296.5,297.3,295.0,295.1,0
2021-04-07 11:15:00,295.1,295.85,294.85,295.05,0
2021-04-07 12:15:00,295.05,295.6,294.6,294.75,0
2021-04-07 13:15:00,294.75,296.7,294.75,295.55,0
2021-04-07 14:15:00,295.55,296.15,295.1,295.85,0
2021-04-07 15:15:00,295.85,296.15,295.75,296.1,0
2021-04-08 09:15:00,294.75,294.85,293.3,293.4,0
2021-04-08 10:15:00,293.4,293.6,293.05,293.45,0
2021-04-08 11:15:00,293.45,294.5,293.15,294.5,0
2021-04-08 12:15:00,294.5,294.55,293.25,293.6,0
2021-04-08 13:15:00,293.6,293.65,292.6,293.35,0
2021-04-08 14:15:00,293.35,295.8,293.35,294.9,0
2021-04-08 15:15:00,294.95,294.95,294.55,294.7,0
2021-04-09 09:15:00,294.65,296.15,293.9,294.15,0
2021-04-09 10:15:00,294.15,295.55,294.05,295.35,0
2021-04-09 11:15:00,295.35,295.6,294.75,295.2,0
2021-04-09 12:15:00,295.2,295.3,294.5,295.05,0
2021-04-09 13:15:00,295.05,296.55,294.8,295.85,0
2021-04-09 14:15:00,295.8,295.85,294.95,295.6,0
2021-04-09 15:15:00,295.6,295.65,295.4,295.5,0
2021-04-12 09:15:00,299.45,304.65,299.45,303.2,0
2021-04-12 10:15:00,303.25,304.6,302.9,303.8,0
2021-04-12 11:15:00,303.8,306.65,303.6,305.9,0
2021-04-12 12:15:00,305.85,306.3,305.0,305.9,0
2021-04-12 13:15:00,305.9,306.65,305.45,305.95,0
2021-04-12 14:15:00,305.95,307.3,305.4,306.3,0
2021-04-12 15:15:00,306.3,306.3,305.25,305.3,0
2021-04-13 09:15:00,304.95,306.85,303.2,303.35,0
2021-04-13 10:15:00,303.3,305.25,303.2,305.2,0
2021-04-13 11:15:00,305.15,306.45,305.05,305.85,0
2021-04-13 12:15:00,305.85,306.0,304.1,305.65,0
2021-04-13 13:15:00,305.7,306.0,302.6,302.85,0
2021-04-13 14:15:00,302.85,303.2,301.8,301.9,0
2021-04-13 15:15:00,301.9,302.0,301.5,301.55,0
2021-04-15 09:15:00,301.65,303.55,300.75,303.05,0
2021-04-15 10:15:00,303.05,305.05,303.0,304.9,0
2021-04-15 11:15:00,304.9,305.15,302.95,303.6,0
2021-04-15 12:15:00,303.6,304.05,302.95,303.65,0
2021-04-15 13:15:00,303.65,303.95,301.65,301.8,0
2021-04-15 14:15:00,301.8,302.7,300.3,300.3,0
2021-04-15 15:15:00,300.3,300.45,300.15,300.35,0
2021-04-16 09:15:00,300.1,300.9,298.65,298.95,0
2021-04-16 10:15:00,298.95,299.1,298.25,298.6,0
2021-04-16 11:15:00,298.6,299.7,298.25,299.15,0
2021-04-16 12:15:00,299.15,299.55,298.5,298.9,0
2021-04-16 13:15:00,298.9,299.45,298.65,299.0,0
2021-04-16 14:15:00,299.0,299.8,298.1,299.7,0
2021-04-16 15:15:00,299.7,300.4,299.6,300.3,0
2021-04-19 09:15:00,306.2,308.55,305.85,306.6,0
2021-04-19 10:15:00,306.55,307.4,305.7,306.15,0
2021-04-19 11:15:00,306.15,307.35,306.15,306.9,0
2021-04-19 12:15:00,306.95,307.05,305.95,306.0,0
2021-04-19 13:15:00,306.0,306.15,304.65,305.2,0
2021-04-19 14:15:00,305.2,306.35,304.9,305.05,0
2021-04-19 15:15:00,305.05,305.2,304.9,304.95,0
2021-04-20 09:15:00,301.55,303.4,301.55,303.3,0
2021-04-20 10:15:00,303.3,303.9,302.85,303.55,0
2021-04-20 11:15:00,303.55,304.55,303.55,304.3,0
2021-04-20 12:15:00,304.3,305.65,304.25,304.75,0
2021-04-20 13:15:00,304.75,305.1,304.4,304.9,0
2021-04-20 14:15:00,304.9,308.35,304.75,306.05,0
2021-04-20 15:15:00,306.05,306.9,305.95,306.85,0
2021-04-22 09:15:00,308.2,309.6,307.05,307.65,0
2021-04-22 10:15:00,307.65,307.85,306.7,307.45,0
2021-04-22 11:15:00,307.45,307.55,305.8,305.95,0
2021-04-22 12:15:00,305.95,306.65,304.95,305.5,0
2021-04-22 13:15:00,305.5,306.0,304.2,304.3,0
2021-04-22 14:15:00,304.3,305.3,303.8,304.15,0
2021-04-22 15:15:00,304.15,304.4,304.05,304.3,0
2021-04-23 09:15:00,305.9,305.95,304.3,304.5,0
2021-04-23 10:15:00,304.5,304.75,303.25,303.25,0
2021-04-23 11:15:00,303.25,304.0,303.05,303.7,0
2021-04-23 12:15:00,303.7,304.9,303.7,304.4,0
2021-04-23 13:15:00,304.4,305.4,303.8,305.35,0
2021-04-23 14:15:00,305.35,307.0,304.75,305.55,0
2021-04-23 15:15:00,305.55,305.85,305.35,305.75,0
2021-04-26 09:15:00,303.35,303.9,301.05,301.8,0
2021-04-26 10:15:00,301.8,302.2,301.4,301.45,0
2021-04-26 11:15:00,301.45,302.2,301.4,301.95,0
2021-04-26 12:15:00,301.95,302.75,301.75,302.35,0
2021-04-26 13:15:00,302.3,303.05,301.95,302.55,0
2021-04-26 14:15:00,302.55,303.3,302.45,302.7,0
2021-04-26 15:15:00,302.7,302.7,302.4,302.5,0
2021-04-27 09:15:00,302.45,302.55,300.55,300.9,0
2021-04-27 10:15:00,300.9,301.35,300.35,300.5,0
2021-04-27 11:15:00,300.5,300.8,299.65,299.7,0
2021-04-27 12:15:00,299.7,300.4,299.6,300.25,0
2021-04-27 13:15:00,300.2,300.45,299.35,299.55,0
2021-04-27 14:15:00,299.55,299.7,299.0,299.1,0
2021-04-27 15:15:00,299.1,299.15,298.8,299.0,0
2021-04-28 09:15:00,297.95,298.2,296.85,297.05,0
2021-04-28 10:15:00,297.05,297.45,296.45,296.6,0
2021-04-28 11:15:00,296.6,296.75,296.1,296.15,0
2021-04-28 12:15:00,296.15,296.35,294.75,294.8,0
2021-04-28 13:15:00,294.8,295.35,294.55,294.65,0
2021-04-28 14:15:00,294.65,294.9,294.3,294.8,0
2021-04-28 15:15:00,294.8,295.15,294.8,295.1,0
2021-04-29 09:15:00,292.6,294.2,291.3,293.7,0
2021-04-29 10:15:00,293.7,295.85,293.55,295.3,0
2021-04-29 11:15:00,295.3,295.4,293.75,294.05,0
2021-04-29 12:15:00,294.05,294.4,293.15,293.9,0
2021-04-29 13:15:00,293.85,294.75,293.0,294.15,0
2021-04-29 14:15:00,294.15,294.5,293.65,294.3,0
2021-04-29 15:15:00,294.3,294.65,294.25,294.4,0
2021-04-30 09:15:00,297.2,297.45,295.05,296.1,0
2021-04-30 10:15:00,296.05,296.35,295.6,295.9,0
2021-04-30 11:15:00,295.9,296.8,295.7,296.45,0
2021-04-30 12:15:00,296.45,297.05,295.75,296.9,0
2021-04-30 13:15:00,296.9,298.6,296.55,298.1,0
2021-04-30 14:15:00,298.1,299.6,297.65,299.5,0
2021-04-30 15:15:00,299.5,300.05,299.45,299.75,0
2021-05-03 09:15:00,302.65,303.95,301.0,301.4,0
2021-05-03 10:15:00,301.35,302.0,300.3,301.35,0
2021-05-03 11:15:00,301.35,301.8,300.8,300.8,0
2021-05-03 12:15:00,300.85,301.55,300.4,300.4,0
2021-05-03 13:15:00,300.4,301.65,300.2,301.05,0
2021-05-03 14:15:00,301.05,301.1,298.7,299.6,0
2021-05-03 15:15:00,299.6,299.8,299.2,299.2,0
2021-05-04 09:15:00,298.45,300.6,297.75,299.2,0
2021-05-04 10:15:00,299.2,299.55,298.4,298.5,0
2021-05-04 11:15:00,298.45,299.0,298.2,298.85,0
2021-05-04 12:15:00,298.8,300.5,298.6,300.5,0
2021-05-04 13:15:00,300.65,301.0,299.45,300.15,0
2021-05-04 14:15:00,300.2,303.05,299.75,302.2,0
2021-05-04 15:15:00,302.15,302.45,302.1,302.2,0
2021-05-05 09:15:00,300.1,302.1,300.1,301.25,0
2021-05-05 10:15:00,301.25,301.6,300.05,300.95,0
2021-05-05 11:15:00,300.95,301.65,300.6,300.8,0
2021-05-05 12:15:00,300.8,301.2,299.55,299.9,0
2021-05-05 13:15:00,299.9,301.35,299.65,301.15,0
2021-05-05 14:15:00,301.2,301.3,299.75,299.8,0
2021-05-05 15:15:00,299.75,299.85,299.45,299.5,0
2021-05-06 09:15:00,298.85,299.5,298.25,299.25,0
2021-05-06 10:15:00,299.25,300.0,298.9,299.5,0
2021-05-06 11:15:00,299.5,299.9,298.65,298.75,0
2021-05-06 12:15:00,298.75,298.85,297.65,297.95,0
2021-05-06 13:15:00,297.95,298.75,297.8,298.35,0
2021-05-06 14:15:00,298.35,298.7,297.7,297.75,0
2021-05-06 15:15:00,297.75,297.75,297.3,297.5,0
2021-05-07 09:15:00,295.85,295.85,294.9,295.55,0
2021-05-07 10:15:00,295.5,296.35,295.35,295.95,0
2021-05-07 11:15:00,295.95,296.65,295.45,296.35,0
2021-05-07 12:15:00,296.3,296.75,295.95,296.65,0
2021-05-07 13:15:00,296.6,296.85,295.4,295.5,0
2021-05-07 14:15:00,295.5,295.85,295.15,295.6,0
2021-05-07 15:15:00,295.6,296.05,295.6,295.95,0
2021-05-10 09:15:00,293.7,294.4,293.25,293.85,0
2021-05-10 10:15:00,293.85,293.95,293.4,293.6,0
2021-05-10 11:15:00,293.6,293.75,293.25,293.45,0
2021-05-10 12:15:00,293.45,293.65,292.95,293.6,0
2021-05-10 13:15:00,293.55,293.85,293.1,293.3,0
2021-05-10 14:15:00,293.35,293.65,292.9,293.45,0
2021-05-10 15:15:00,293.45,293.65,293.2,293.3,0
2021-05-11 09:15:00,296.45,296.75,295.3,295.35,0
2021-05-11 10:15:00,295.3,295.7,295.25,295.6,0
2021-05-11 11:15:00,295.6,295.6,294.45,294.6,0
2021-05-11 12:15:00,294.6,295.35,294.3,295.25,0
2021-05-11 13:15:00,295.25,296.15,295.25,295.6,0
2021-05-11 14:15:00,295.6,295.75,295.1,295.15,0
2021-05-11 15:15:00,295.15,295.4,295.15,295.35,0
2021-05-12 09:15:00,295.8,297.65,295.8,297.45,0
2021-05-12 10:15:00,297.45,298.0,297.25,298.0,0
2021-05-12 11:15:00,298.0,298.35,297.1,297.1,0
2021-05-12 12:15:00,297.1,297.35,296.75,296.75,0
2021-05-12 13:15:00,296.75,297.75,296.65,297.35,0
2021-05-12 14:15:00,297.35,299.25,297.15,298.1,0
2021-05-12 15:15:00,298.1,298.45,298.0,298.25,0
2021-05-14 09:15:00,297.3,299.95,297.3,298.55,0
2021-05-14 10:15:00,298.6,299.25,298.1,299.05,0
2021-05-14 11:15:00,299.05,300.5,298.6,299.85,0
2021-05-14 12:15:00,299.85,300.0,298.55,298.95,0
2021-05-14 13:15:00,299.0,299.75,298.45,299.1,0
2021-05-14 14:15:00,299.1,299.4,298.05,298.85,0
2021-05-14 15:15:00,298.85,298.9,298.45,298.65,0
2021-05-17 09:15:00,297.25,297.85,296.1,296.2,0
2021-05-17 10:15:00,296.2,296.55,295.85,296.3,0
2021-05-17 11:15:00,296.3,296.4,295.65,295.8,0
2021-05-17 12:15:00,295.8,295.85,295.1,295.6,0
2021-05-17 13:15:00,295.55,295.8,294.6,294.9,0
2021-05-17 14:15:00,294.9,295.0,293.7,293.9,0
2021-05-17 15:15:00,293.9,294.05,293.6,293.8,0
2021-05-18 09:15:00,291.05,291.5,289.9,291.2,0
2021-05-18 10:15:00,291.2,291.25,289.7,289.85,0
2021-05-18 11:15:00,289.9,290.35,289.8,289.95,0
2021-05-18 12:15:00,290.0,290.65,289.9,290.35,0
2021-05-18 13:15:00,290.35,290.35,289.65,290.2,0
2021-05-18 14:15:00,290.2,290.9,290.0,290.3,0
2021-05-18 15:15:00,290.3,290.4,290.05,290.2,0
2021-05-19 09:15:00,291.2,291.3,289.8,290.4,0
2021-05-19 10:15:00,290.35,291.0,290.2,290.6,0
2021-05-19 11:15:00,290.6,291.15,289.95,290.0,0
2021-05-19 12:15:00,290.0,290.8,290.0,290.75,0
2021-05-19 13:15:00,290.75,291.9,290.55,291.6,0
2021-05-19 14:15:00,291.65,291.9,290.95,291.65,0
2021-05-19 15:15:00,291.65,292.15,291.65,291.95,0
2021-05-20 09:15:00,291.55,293.1,291.05,291.9,0
2021-05-20 10:15:00,291.9,292.6,291.75,292.1,0
2021-05-20 11:15:00,292.1,292.5,291.95,292.15,0
2021-05-20 12:15:00,292.15,292.75,292.15,292.6,0
2021-05-20 13:15:00,292.6,293.05,292.35,292.95,0
2021-05-20 14:15:00,292.95,294.6,292.95,294.2,0
2021-05-20 15:15:00,294.15,294.35,293.85,293.95,0
2021-05-21 09:15:00,292.6,292.65,290.85,291.2,0
2021-05-21 10:15:00,291.2,291.2,290.35,290.5,0
2021-05-21 11:15:00,290.45,290.7,290.0,290.55,0
2021-05-21 12:15:00,290.55,290.8,290.3,290.75,0
2021-05-21 13:15:00,290.75,290.85,290.05,290.05,0
2021-05-21 14:15:00,290.05,290.05,288.75,288.75,0
2021-05-21 15:15:00,288.75,288.95,288.65,288.75,0
2021-05-24 09:15:00,286.3,289.55,286.3,288.75,0
2021-05-24 10:15:00,288.75,288.75,288.0,288.15,0
2021-05-24 11:15:00,288.15,288.5,287.95,288.25,0
2021-05-24 12:15:00,288.25,288.9,287.95,288.15,0
2021-05-24 13:15:00,288.15,288.7,288.1,288.4,0
2021-05-24 14:15:00,288.4,288.7,287.45,288.45,0
2021-05-24 15:15:00,288.45,289.05,288.45,288.8,0
2021-05-25 09:15:00,286.8,287.6,286.8,287.35,0
2021-05-25 10:15:00,287.35,287.85,287.1,287.85,0
2021-05-25 11:15:00,287.85,288.1,287.3,287.55,0
2021-05-25 12:15:00,287.55,287.95,287.4,287.7,0
2021-05-25 13:15:00,287.7,289.05,287.7,289.0,0
2021-05-25 14:15:00,289.0,289.2,288.1,288.5,0
2021-05-25 15:15:00,288.5,288.5,288.1,288.2,0
2021-05-26 09:15:00,287.45,288.65,287.45,287.75,0
2021-05-26 10:15:00,287.75,287.85,286.6,286.65,0
2021-05-26 11:15:00,286.65,287.25,286.6,286.7,0
2021-05-26 12:15:00,286.7,286.95,286.4,286.85,0
2021-05-26 13:15:00,286.85,287.05,286.4,286.6,0
2021-05-26 14:15:00,286.65,287.05,286.3,286.6,0
2021-05-26 15:15:00,286.6,286.7,286.35,286.65,0
2021-05-27 09:15:00,286.25,287.05,286.1,286.4,0
2021-05-27 10:15:00,286.4,286.6,286.1,286.2,0
2021-05-27 11:15:00,286.2,286.3,285.5,285.7,0
2021-05-27 12:15:00,285.7,286.1,285.65,285.8,0
2021-05-27 13:15:00,285.8,286.7,285.6,286.65,0
2021-05-27 14:15:00,286.65,287.2,286.0,286.05,0
2021-05-27 15:15:00,286.1,286.1,285.1,285.35,0
2021-05-28 09:15:00,284.45,284.7,283.85,284.25,0
2021-05-28 10:15:00,284.25,284.9,284.0,284.8,0
2021-05-28 11:15:00,284.8,284.9,284.05,284.15,0
2021-05-28 12:15:00,284.15,284.6,284.0,284.15,0
2021-05-28 13:15:00,284.2,284.55,283.55,284.1,0
2021-05-28 14:15:00,284.05,284.65,283.7,284.15,0
2021-05-28 15:15:00,284.15,284.2,283.75,283.9,0
2021-05-31 09:15:00,284.2,285.35,283.15,283.15,0
2021-05-31 10:15:00,283.1,283.3,282.55,282.7,0
2021-05-31 11:15:00,282.7,282.95,282.3,282.4,0
2021-05-31 12:15:00,282.4,282.5,281.7,282.0,0
2021-05-31 13:15:00,282.0,282.6,281.75,281.8,0
2021-05-31 14:15:00,281.8,282.15,281.5,281.5,0
2021-05-31 15:15:00,281.5,281.7,281.15,281.65,0
2021-06-01 09:15:00,280.7,281.45,280.15,281.4,0
2021-06-01 10:15:00,281.4,282.35,281.35,282.1,0
2021-06-01 11:15:00,282.1,282.55,281.8,281.85,0
2021-06-01 12:15:00,281.85,282.15,281.55,281.7,0
2021-06-01 13:15:00,281.7,282.3,280.95,281.95,0
2021-06-01 14:15:00,281.95,282.05,281.45,281.7,0
2021-06-01 15:15:00,281.7,281.85,281.5,281.75,0
2021-06-02 09:15:00,282.7,283.2,281.95,282.9,0
2021-06-02 10:15:00,282.9,283.3,282.9,282.95,0
2021-06-02 11:15:00,282.9,283.5,282.8,283.35,0
2021-06-02 12:15:00,283.35,283.7,283.0,283.65,0
2021-06-02 13:15:00,283.7,283.8,282.95,283.15,0
2021-06-02 14:15:00,283.15,283.2,281.7,281.75,0
2021-06-02 15:15:00,281.75,281.75,281.35,281.5,0
2021-06-03 09:15:00,280.3,280.5,279.8,280.3,0
2021-06-03 10:15:00,280.3,280.65,280.15,280.5,0
2021-06-03 11:15:00,280.5,280.6,280.1,280.3,0
2021-06-03 12:15:00,280.3,280.75,280.3,280.7,0
2021-06-03 13:15:00,280.7,281.1,279.95,280.05,0
2021-06-03 14:15:00,280.0,280.5,279.55,279.6,0
2021-06-03 15:15:00,279.6,279.85,279.4,279.7,0
2021-06-04 09:15:00,279.3,279.85,278.95,279.0,0
2021-06-04 10:15:00,279.0,280.1,278.95,280.05,0
2021-06-04 11:15:00,280.05,280.55,279.9,280.15,0
2021-06-04 12:15:00,280.2,280.25,279.45,280.15,0
2021-06-04 13:15:00,280.15,280.9,280.0,280.2,0
2021-06-04 14:15:00,280.2,280.45,279.95,280.05,0
2021-06-04 15:15:00,280.0,280.15,279.85,280.05,0
2021-06-07 09:15:00,279.15,279.95,279.15,279.3,0
2021-06-07 10:15:00,279.3,279.35,278.9,278.95,0
2021-06-07 11:15:00,278.95,279.3,278.95,279.25,0
2021-06-07 12:15:00,279.25,279.55,278.95,278.95,0
2021-06-07 13:15:00,278.95,279.0,278.5,278.65,0
2021-06-07 14:15:00,278.6,278.75,278.3,278.65,0
2021-06-07 15:15:00,278.65,278.85,278.6,278.75,0
2021-06-08 09:15:00,278.3,279.95,278.3,279.7,0
2021-06-08 10:15:00,279.7,279.75,279.15,279.25,0
2021-06-08 11:15:00,279.25,279.6,278.9,279.4,0
2021-06-08 12:15:00,279.4,279.4,278.95,279.15,0
2021-06-08 13:15:00,279.15,279.35,278.6,279.05,0
2021-06-08 14:15:00,279.05,279.1,278.6,278.95,0
2021-06-08 15:15:00,278.95,279.0,278.8,278.9,0
2021-06-09 09:15:00,278.45,279.2,278.0,278.2,0
2021-06-09 10:15:00,278.15,278.4,278.1,278.2,0
2021-06-09 11:15:00,278.2,278.3,277.95,278.05,0
2021-06-09 12:15:00,278.05,280.35,277.85,280.3,0
2021-06-09 13:15:00,280.35,281.25,279.65,280.0,0
2021-06-09 14:15:00,280.0,282.0,279.7,280.7,0
2021-06-09 15:15:00,280.7,280.85,280.45,280.7,0
2021-06-10 09:15:00,279.8,280.55,279.5,279.75,0
2021-06-10 10:15:00,279.8,279.85,279.3,279.8,0
2021-06-10 11:15:00,279.8,279.8,278.95,279.2,0
2021-06-10 12:15:00,279.2,279.85,279.1,279.55,0
2021-06-10 13:15:00,279.55,279.55,278.85,279.15,0
2021-06-10 14:15:00,279.15,279.25,278.75,279.05,0
2021-06-10 15:15:00,279.05,279.1,278.85,278.85,0
2021-06-11 09:15:00,277.95,278.1,277.3,277.75,0
2021-06-11 10:15:00,277.75,277.85,277.35,277.65,0
2021-06-11 11:15:00,277.65,278.8,277.65,278.7,0
2021-06-11 12:15:00,278.7,278.8,277.9,278.05,0
2021-06-11 13:15:00,278.0,278.6,277.7,277.75,0
2021-06-11 14:15:00,277.75,278.2,277.75,277.9,0
2021-06-11 15:15:00,277.9,278.0,277.75,277.8,0
2021-06-14 09:15:00,278.1,281.35,278.1,279.15,0
2021-06-14 10:15:00,279.15,280.0,279.1,279.65,0
2021-06-14 11:15:00,279.65,279.85,279.3,279.4,0
2021-06-14 12:15:00,279.4,279.5,278.85,279.35,0
2021-06-14 13:15:00,279.35,279.35,277.85,278.0,0
2021-06-14 14:15:00,278.0,278.2,277.65,277.8,0
2021-06-14 15:15:00,277.8,277.85,277.55,277.8,0
2021-06-15 09:15:00,276.85,277.1,276.4,276.5,0
2021-06-15 10:15:00,276.5,276.65,276.25,276.55,0
2021-06-15 11:15:00,276.55,276.85,276.45,276.65,0
2021-06-15 12:15:00,276.65,276.7,276.25,276.45,0
2021-06-15 13:15:00,276.45,277.0,276.25,276.45,0
2021-06-15 14:15:00,276.45,276.85,276.35,276.65,0
2021-06-15 15:15:00,276.65,277.05,276.65,276.95,0
2021-06-16 09:15:00,277.2,277.75,276.6,277.55,0
2021-06-16 10:15:00,277.6,278.6,277.55,278.3,0
2021-06-16 11:15:00,278.3,278.4,278.0,278.25,0
2021-06-16 12:15:00,278.25,278.8,278.1,278.2,0
2021-06-16 13:15:00,278.2,278.3,277.65,277.75,0
2021-06-16 14:15:00,277.75,278.65,277.55,278.55,0
2021-06-16 15:15:00,278.55,279.0,278.45,278.75,0
2021-06-17 09:15:00,280.7,280.7,279.15,279.2,0
2021-06-17 10:15:00,279.2,279.25,278.6,279.05,0
2021-06-17 11:15:00,279.05,279.8,279.05,279.6,0
2021-06-17 12:15:00,279.6,279.95,279.1,279.35,0
2021-06-17 13:15:00,279.35,280.6,279.25,280.6,0
2021-06-17 14:15:00,280.6,281.25,279.7,279.75,0
2021-06-17 15:15:00,279.75,280.3,279.65,280.15,0
2021-06-18 09:15:00,278.8,282.15,278.8,281.2,0
2021-06-18 10:15:00,281.2,284.25,281.15,282.75,0
2021-06-18 11:15:00,282.75,282.9,282.0,282.35,0
2021-06-18 12:15:00,282.35,282.4,281.45,281.9,0
2021-06-18 13:15:00,281.9,282.3,280.9,281.15,0
2021-06-18 14:15:00,281.15,281.3,280.1,280.15,0
2021-06-18 15:15:00,280.15,280.15,279.3,279.45,0
2021-06-21 09:15:00,283.0,283.4,281.55,281.75,0
2021-06-21 10:15:00,281.75,281.8,281.1,281.65,0
2021-06-21 11:15:00,281.65,281.95,281.15,281.6,0
2021-06-21 12:15:00,281.6,281.7,280.05,280.1,0
2021-06-21 13:15:00,280.1,280.75,279.6,279.65,0
2021-06-21 14:15:00,279.65,279.85,279.05,279.1,0
2021-06-21 15:15:00,279.1,279.15,278.75,279.05,0
2021-06-22 09:15:00,277.45,277.9,276.6,276.65,0
2021-06-22 10:15:00,276.65,277.1,276.45,277.0,0
2021-06-22 11:15:00,277.0,277.4,276.75,276.95,0
2021-06-22 12:15:00,276.95,277.65,276.95,277.3,0
2021-06-22 13:15:00,277.35,278.1,277.25,277.8,0
2021-06-22 14:15:00,277.8,278.85,277.4,278.5,0
2021-06-22 15:15:00,278.5,279.0,278.5,278.75,0
2021-06-23 09:15:00,277.05,279.0,277.05,279.0,0
2021-06-23 10:15:00,279.0,279.5,278.35,278.8,0
2021-06-23 11:15:00,278.8,279.3,278.55,278.9,0
2021-06-23 12:15:00,278.9,279.75,278.75,279.6,0
2021-06-23 13:15:00,279.6,279.9,278.45,279.1,0
2021-06-23 14:15:00,279.1,280.4,279.0,280.2,0
2021-06-23 15:15:00,280.2,280.4,280.05,280.05,0
2021-06-24 09:15:00,279.3,279.85,278.85,279.4,0
2021-06-24 10:15:00,279.4,279.45,278.85,279.0,0
2021-06-24 11:15:00,279.0,279.35,278.75,278.8,0
2021-06-24 12:15:00,278.85,279.0,278.35,278.35,0
2021-06-24 13:15:00,278.35,278.6,277.95,278.1,0
2021-06-24 14:15:00,278.1,278.95,277.8,278.25,0
2021-06-24 15:15:00,278.3,278.55,278.25,278.3,0
2021-06-25 09:15:00,277.5,278.7,277.5,278.25,0
2021-06-25 10:15:00,278.3,278.7,278.0,278.1,0
2021-06-25 11:15:00,278.1,278.3,277.65,277.7,0
2021-06-25 12:15:00,277.7,277.75,277.2,277.5,0
2021-06-25 13:15:00,277.5,277.6,277.0,277.1,0
2021-06-25 14:15:00,277.1,277.45,277.0,277.05,0
2021-06-25 15:15:00,277.05,277.45,277.0,277.4,0
2021-06-28 09:15:00,276.25,277.5,276.25,277.2,0
2021-06-28 10:15:00,277.2,277.95,277.15,277.85,0
2021-06-28 11:15:00,277.85,278.05,277.45,277.7,0
2021-06-28 12:15:00,277.7,277.9,277.55,277.55,0
2021-06-28 13:15:00,277.5,278.1,277.35,277.7,0
2021-06-28 14:15:00,277.7,278.4,277.55,278.05,0
2021-06-28 15:15:00,278.05,278.15,277.85,277.9,0
2021-06-29 09:15:00,278.15,279.05,277.7,278.85,0
2021-06-29 10:15:00,278.85,279.2,278.7,278.8,0
2021-06-29 11:15:00,278.8,279.3,278.65,279.3,0
2021-06-29 12:15:00,279.3,279.3,278.65,278.8,0
2021-06-29 13:15:00,278.8,279.4,278.3,278.9,0
2021-06-29 14:15:00,278.9,279.65,278.9,279.3,0
2021-06-29 15:15:00,279.3,279.35,279.0,279.15,0
2021-06-30 09:15:00,278.75,278.75,278.1,278.2,0
2021-06-30 10:15:00,278.2,278.35,277.65,277.75,0
2021-06-30 11:15:00,277.7,278.0,277.65,277.75,0
2021-06-30 12:15:00,277.75,278.15,277.65,278.0,0
2021-06-30 13:15:00,278.0,278.85,277.9,278.55,0
2021-06-30 14:15:00,278.55,279.85,278.35,279.85,0
2021-06-30 15:15:00,279.85,279.9,279.55,279.55,0
2021-07-01 09:15:00,279.15,279.95,279.15,279.8,0
2021-07-01 10:15:00,279.8,280.35,279.65,279.95,0
2021-07-01 11:15:00,279.95,280.3,279.9,280.15,0
2021-07-01 12:15:00,280.15,280.35,279.7,279.85,0
2021-07-01 13:15:00,279.85,280.3,279.55,279.95,0
2021-07-01 14:15:00,279.95,280.7,279.95,280.5,0
2021-07-01 15:15:00,280.5,280.6,280.2,280.25,0
2021-07-02 09:15:00,280.05,281.05,280.05,280.45,0
2021-07-02 10:15:00,280.4,281.3,280.4,280.8,0
2021-07-02 11:15:00,280.8,280.95,280.45,280.5,0
2021-07-02 12:15:00,280.5,280.55,279.95,280.15,0
2021-07-02 13:15:00,280.15,280.8,280.05,280.4,0
2021-07-02 14:15:00,280.4,280.6,279.7,279.75,0
2021-07-02 15:15:00,279.75,279.75,279.45,279.6,0
2021-07-05 09:15:00,278.55,279.1,278.05,278.15,0
2021-07-05 10:15:00,278.15,278.15,277.85,278.0,0
2021-07-05 11:15:00,278.0,278.1,277.85,277.9,0
2021-07-05 12:15:00,277.9,278.35,277.9,278.05,0
2021-07-05 13:15:00,278.05,278.2,277.8,277.9,0
2021-07-05 14:15:00,277.95,278.25,277.7,277.75,0
2021-07-05 15:15:00,277.75,277.85,277.6,277.75,0
2021-07-06 09:15:00,278.2,278.2,277.1,277.3,0
2021-07-06 10:15:00,277.3,277.6,276.95,277.0,0
2021-07-06 11:15:00,277.0,277.15,276.55,276.65,0
2021-07-06 12:15:00,276.65,277.15,276.55,276.9,0
2021-07-06 13:15:00,276.9,277.05,276.45,276.75,0
2021-07-06 14:15:00,276.75,278.35,276.75,278.35,0
2021-07-06 15:15:00,278.35,278.4,278.0,278.15,0
2021-07-07 09:15:00,278.15,278.8,277.6,278.25,0
2021-07-07 10:15:00,278.25,278.55,278.0,278.0,0
2021-07-07 11:15:00,278.0,278.05,277.7,277.9,0
2021-07-07 12:15:00,277.9,278.25,277.65,277.9,0
2021-07-07 13:15:00,277.9,278.25,277.5,277.5,0
2021-07-07 14:15:00,277.5,277.9,277.0,277.05,0
2021-07-07 15:15:00,277.05,277.1,276.85,277.1,0
2021-07-08 09:15:00,277.55,277.75,277.0,277.55,0
2021-07-08 10:15:00,277.55,278.1,277.55,277.9,0
2021-07-08 11:15:00,277.9,278.7,277.7,278.65,0
2021-07-08 12:15:00,278.6,279.55,278.5,279.3,0
2021-07-08 13:15:00,279.3,280.2,278.95,279.8,0
2021-07-08 14:15:00,279.8,280.55,279.4,279.6,0
2021-07-08 15:15:00,279.6,279.85,279.5,279.75,0
2021-07-09 09:15:00,280.5,281.45,280.45,280.7,0
2021-07-09 10:15:00,280.7,280.8,279.75,280.6,0
2021-07-09 11:15:00,280.6,281.15,280.55,280.65,0
2021-07-09 12:15:00,280.65,281.05,280.25,280.7,0
2021-07-09 13:15:00,280.7,280.85,280.15,280.25,0
2021-07-09 14:15:00,280.25,281.1,280.2,280.5,0
2021-07-09 15:15:00,280.5,280.55,280.25,280.35,0
2021-07-12 09:15:00,279.15,279.5,278.9,279.05,0
2021-07-12 10:15:00,279.05,279.1,278.75,279.05,0
2021-07-12 11:15:00,279.05,279.25,278.85,279.15,0
2021-07-12 12:15:00,279.15,280.45,279.05,280.3,0
2021-07-12 13:15:00,280.3,281.15,279.9,280.55,0
2021-07-12 14:15:00,280.55,281.3,280.25,280.55,0
2021-07-12 15:15:00,280.55,280.65,280.3,280.55,0
2021-07-13 09:15:00,278.7,279.5,278.7,279.25,0
2021-07-13 10:15:00,279.25,279.55,279.1,279.2,0
2021-07-13 11:15:00,279.2,279.25,278.65,278.7,0
2021-07-13 12:15:00,278.7,278.95,278.35,278.5,0
2021-07-13 13:15:00,278.45,278.8,278.3,278.55,0
2021-07-13 14:15:00,278.55,278.65,278.25,278.3,0
2021-07-13 15:15:00,278.3,278.5,278.2,278.45,0
2021-07-14 09:15:00,278.45,279.25,278.4,278.8,0
2021-07-14 10:15:00,278.8,278.9,277.95,277.95,0
2021-07-14 11:15:00,278.0,278.15,277.85,277.95,0
2021-07-14 12:15:00,277.95,278.0,277.25,277.3,0
2021-07-14 13:15:00,277.3,277.9,277.25,277.6,0
2021-07-14 14:15:00,277.65,277.85,277.4,277.5,0
2021-07-14 15:15:00,277.5,278.0,277.5,277.8,0
2021-07-15 09:15:00,277.35,277.6,276.85,277.1,0
2021-07-15 10:15:00,277.1,277.2,276.15,276.3,0
2021-07-15 11:15:00,276.3,276.45,276.2,276.3,0
2021-07-15 12:15:00,276.3,276.7,276.05,276.3,0
2021-07-15 13:15:00,276.3,276.6,275.95,276.05,0
2021-07-15 14:15:00,276.05,276.6,275.95,276.5,0
2021-07-15 15:15:00,276.5,276.55,276.35,276.5,0
2021-07-16 09:15:00,275.85,276.55,275.8,276.4,0
2021-07-16 10:15:00,276.4,276.75,276.1,276.2,0
2021-07-16 11:15:00,276.2,276.95,276.1,276.75,0
2021-07-16 12:15:00,276.75,277.1,276.45,276.55,0
2021-07-16 13:15:00,276.55,277.2,276.5,276.8,0
2021-07-16 14:15:00,276.8,276.85,276.15,276.5,0
2021-07-16 15:15:00,276.5,276.65,276.45,276.45,0
2021-07-19 09:15:00,279.5,279.75,278.05,278.25,0
2021-07-19 10:15:00,278.25,278.55,278.15,278.35,0
2021-07-19 11:15:00,278.35,278.5,278.2,278.35,0
2021-07-19 12:15:00,278.35,279.9,278.35,279.45,0
2021-07-19 13:15:00,279.45,279.55,279.2,279.5,0
2021-07-19 14:15:00,279.5,280.3,279.5,279.55,0
2021-07-19 15:15:00,279.55,279.6,279.3,279.45,0
2021-07-20 09:15:00,280.4,281.5,280.0,280.9,0
2021-07-20 10:15:00,280.9,282.5,280.85,282.4,0
2021-07-20 11:15:00,282.4,282.65,281.95,282.55,0
2021-07-20 12:15:00,282.55,282.55,281.0,281.05,0
2021-07-20 13:15:00,281.0,281.35,280.8,280.9,0
2021-07-20 14:15:00,280.9,281.75,280.85,281.6,0
2021-07-20 15:15:00,281.6,281.95,281.6,281.8,0
2021-07-22 09:15:00,279.85,280.0,278.75,278.85,0
2021-07-22 10:15:00,278.85,279.15,278.45,278.55,0
2021-07-22 11:15:00,278.55,278.8,278.25,278.35,0
2021-07-22 12:15:00,278.35,278.75,278.3,278.75,0
2021-07-22 13:15:00,278.75,278.8,278.25,278.6,0
2021-07-22 14:15:00,278.6,279.25,278.2,278.35,0
2021-07-22 15:15:00,278.35,278.35,278.1,278.2,0
2021-07-23 09:15:00,277.7,279.25,277.4,277.85,0
2021-07-23 10:15:00,277.85,278.75,277.75,278.1,0
2021-07-23 11:15:00,278.1,278.35,277.8,277.95,0
2021-07-23 12:15:00,277.95,278.0,277.2,277.4,0
2021-07-23 13:15:00,277.4,277.55,276.95,277.1,0
2021-07-23 14:15:00,277.1,277.7,277.05,277.65,0
2021-07-23 15:15:00,277.65,278.0,277.65,277.8,0
2021-07-26 09:15:00,277.9,278.8,277.4,277.55,0
2021-07-26 10:15:00,277.55,277.75,277.15,277.35,0
2021-07-26 11:15:00,277.35,278.1,277.25,277.9,0
2021-07-26 12:15:00,277.9,278.1,277.6,277.9,0
2021-07-26 13:15:00,277.9,278.05,277.55,277.9,0
2021-07-26 14:15:00,277.85,278.4,277.6,278.4,0
2021-07-26 15:15:00,278.4,278.5,278.2,278.4,0
2021-07-27 09:15:00,277.75,278.0,277.4,277.6,0
2021-07-27 10:15:00,277.6,278.1,277.45,277.9,0
2021-07-27 11:15:00,277.95,278.4,277.85,278.2,0
2021-07-27 12:15:00,278.2,280.55,278.15,280.3,0
2021-07-27 13:15:00,280.3,280.35,279.2,280.1,0
2021-07-27 14:15:00,280.15,280.4,279.65,279.75,0
2021-07-27 15:15:00,279.75,279.9,279.65,279.8,0
2021-07-28 09:15:00,279.5,281.9,279.5,281.5,0
2021-07-28 10:15:00,281.5,283.9,281.4,282.6,0
2021-07-28 11:15:00,282.6,282.85,281.8,281.8,0
2021-07-28 12:15:00,281.8,281.95,281.2,281.2,0
2021-07-28 13:15:00,281.2,281.3,280.4,280.8,0
2021-07-28 14:15:00,280.8,281.6,280.25,280.4,0
2021-07-28 15:15:00,280.4,280.45,280.2,280.35,0
2021-07-29 09:15:00,279.5,279.95,279.1,279.35,0
2021-07-29 10:15:00,279.35,279.8,278.85,278.95,0
2021-07-29 11:15:00,278.95,279.2,278.8,279.1,0
2021-07-29 12:15:00,279.1,279.45,278.75,278.85,0
2021-07-29 13:15:00,278.85,279.0,278.55,278.9,0
2021-07-29 14:15:00,278.9,279.45,278.8,279.25,0
2021-07-29 15:15:00,279.25,279.4,279.1,279.1,0
2021-07-30 09:15:00,278.85,279.75,278.45,278.55,0
2021-07-30 10:15:00,278.6,279.05,278.55,278.8,0
2021-07-30 11:15:00,278.75,279.0,278.5,278.55,0
2021-07-30 12:15:00,278.55,278.85,278.45,278.7,0
2021-07-30 13:15:00,278.7,278.75,277.85,277.9,0
2021-07-30 14:15:00,277.9,279.85,277.75,279.8,0
2021-07-30 15:15:00,279.8,279.8,279.3,279.35,0
2021-08-02 09:15:00,277.6,278.25,277.6,278.05,0
2021-08-02 10:15:00,278.05,278.1,277.7,277.75,0
2021-08-02 11:15:00,277.8,277.85,277.5,277.6,0
2021-08-02 12:15:00,277.6,277.7,277.45,277.6,0
2021-08-02 13:15:00,277.6,277.9,277.35,277.45,0
2021-08-02 14:15:00,277.5,278.25,277.3,277.35,0
2021-08-02 15:15:00,277.4,277.5,277.3,277.4,0
2021-08-03 09:15:00,276.3,276.95,276.0,276.0,0
2021-08-03 10:15:00,276.0,276.25,275.75,275.95,0
2021-08-03 11:15:00,275.95,275.95,275.35,275.35,0
2021-08-03 12:15:00,275.35,275.4,274.8,274.8,0
2021-08-03 13:15:00,274.8,275.0,274.65,274.9,0
2021-08-03 14:15:00,274.95,274.95,273.2,273.3,0
2021-08-03 15:15:00,273.25,273.3,272.9,273.25,0
2021-08-04 09:15:00,272.1,272.25,270.95,271.15,0
2021-08-04 10:15:00,271.15,271.2,270.5,270.8,0
2021-08-04 11:15:00,270.8,271.95,270.8,271.05,0
2021-08-04 12:15:00,271.05,271.7,270.9,271.4,0
2021-08-04 13:15:00,271.4,271.4,270.85,270.95,0
2021-08-04 14:15:00,270.95,271.25,270.6,270.95,0
2021-08-04 15:15:00,270.95,271.25,270.9,271.15,0
2021-08-05 09:15:00,270.55,271.85,270.5,271.35,0
2021-08-05 10:15:00,271.4,271.7,271.2,271.4,0
2021-08-05 11:15:00,271.4,271.4,270.7,270.7,0
2021-08-05 12:15:00,270.7,270.9,269.8,269.9,0
2021-08-05 13:15:00,269.9,270.3,269.6,269.75,0
2021-08-05 14:15:00,269.75,270.65,269.55,270.65,0
2021-08-05 15:15:00,270.65,270.8,270.5,270.65,0
2021-08-06 09:15:00,270.35,270.8,269.8,270.15,0
2021-08-06 10:15:00,270.15,271.45,269.95,270.9,0
2021-08-06 11:15:00,270.9,271.4,270.6,270.75,0
2021-08-06 12:15:00,270.75,271.25,270.7,271.05,0
2021-08-06 13:15:00,271.05,271.35,270.85,271.05,0
2021-08-06 14:15:00,271.05,271.65,270.85,271.55,0
2021-08-06 15:15:00,271.55,271.6,271.15,271.2,0
2021-08-09 09:15:00,270.8,271.2,270.15,270.45,0
2021-08-09 10:15:00,270.5,270.95,270.25,270.65,0
2021-08-09 11:15:00,270.65,271.3,270.5,271.15,0
2021-08-09 12:15:00,271.15,271.75,271.05,271.45,0
2021-08-09 13:15:00,271.45,272.5,271.4,271.6,0
2021-08-09 14:15:00,271.65,271.9,270.95,271.15,0
2021-08-09 15:15:00,271.15,271.3,271.05,271.3,0
2021-08-10 09:15:00,270.9,271.0,270.0,270.15,0
2021-08-10 10:15:00,270.15,270.5,269.5,270.2,0
2021-08-10 11:15:00,270.2,270.2,269.5,269.65,0
2021-08-10 12:15:00,269.65,270.1,269.6,270.0,0
2021-08-10 13:15:00,270.0,272.1,269.8,272.0,0
2021-08-10 14:15:00,272.05,272.1,270.6,270.7,0
2021-08-10 15:15:00,270.7,271.1,270.7,271.05,0
2021-08-11 09:15:00,270.05,272.1,269.9,271.9,0
2021-08-11 10:15:00,271.85,272.5,271.35,272.5,0
2021-08-11 11:15:00,272.45,272.8,272.0,272.4,0
2021-08-11 12:15:00,272.35,272.4,271.55,271.65,0
2021-08-11 13:15:00,271.65,271.7,270.95,271.3,0
2021-08-11 14:15:00,271.3,271.6,270.7,270.85,0
2021-08-11 15:15:00,270.8,271.0,270.7,270.95,0
2021-08-12 09:15:00,270.5,270.75,269.95,270.1,0
2021-08-12 10:15:00,270.1,270.25,269.9,270.0,0
2021-08-12 11:15:00,270.0,270.15,269.7,269.75,0
2021-08-12 12:15:00,269.75,269.95,269.5,269.65,0
2021-08-12 13:15:00,269.7,269.8,269.3,269.7,0
2021-08-12 14:15:00,269.75,269.9,269.35,269.6,0
2021-08-12 15:15:00,269.6,269.6,269.35,269.5,0
2021-08-13 09:15:00,269.15,269.15,268.15,268.2,0
2021-08-13 10:15:00,268.2,268.35,267.75,267.75,0
2021-08-13 11:15:00,267.75,268.0,267.25,267.45,0
2021-08-13 12:15:00,267.45,267.8,267.15,267.45,0
2021-08-13 13:15:00,267.45,267.75,266.95,266.95,0
2021-08-13 14:15:00,266.95,267.25,266.55,266.85,0
2021-08-13 15:15:00,266.85,267.05,266.65,266.95,0
2021-08-16 09:15:00,267.05,267.65,266.55,266.75,0
2021-08-16 10:15:00,266.75,266.95,266.1,266.2,0
2021-08-16 11:15:00,266.2,266.5,265.95,266.3,0
2021-08-16 12:15:00,266.3,266.85,266.15,266.3,0
2021-08-16 13:15:00,266.3,266.5,266.1,266.25,0
2021-08-16 14:15:00,266.25,266.45,265.9,266.25,0
2021-08-16 15:15:00,266.25,266.6,266.15,266.55,0
2021-08-17 09:15:00,266.6,267.05,265.9,266.35,0
2021-08-17 10:15:00,266.35,266.45,266.0,266.1,0
2021-08-17 11:15:00,266.1,267.4,265.95,266.95,0
2021-08-17 12:15:00,266.95,267.4,266.6,266.85,0
2021-08-17 13:15:00,266.85,267.0,266.1,266.15,0
2021-08-17 14:15:00,266.15,266.65,265.35,265.4,0
2021-08-17 15:15:00,265.4,265.7,265.3,265.6,0
2021-08-18 09:15:00,264.3,264.85,264.2,264.2,0
2021-08-18 10:15:00,264.2,264.6,264.15,264.5,0
2021-08-18 11:15:00,264.5,265.15,264.45,265.1,0
2021-08-18 12:15:00,265.1,266.25,264.8,266.05,0
2021-08-18 13:15:00,266.05,266.45,265.7,266.3,0
2021-08-18 14:15:00,266.3,266.75,265.9,266.15,0
2021-08-18 15:15:00,266.15,266.6,266.05,266.55,0
2021-08-20 09:15:00,269.3,269.4,267.25,267.95,0
2021-08-20 10:15:00,267.95,268.95,267.6,268.75,0
2021-08-20 11:15:00,268.75,268.75,267.55,267.85,0
2021-08-20 12:15:00,267.85,268.6,267.6,268.35,0
2021-08-20 13:15:00,268.35,268.55,267.85,267.95,0
2021-08-20 14:15:00,267.95,268.05,267.3,268.05,0
2021-08-20 15:15:00,268.05,268.85,268.0,268.75,0
2021-08-23 09:15:00,265.95,267.6,265.95,267.45,0
2021-08-23 10:15:00,267.45,269.15,267.3,268.1,0
2021-08-23 11:15:00,268.1,268.4,267.15,267.25,0
2021-08-23 12:15:00,267.25,267.95,267.15,267.55,0
2021-08-23 13:15:00,267.55,267.55,266.85,267.05,0
2021-08-23 14:15:00,267.0,267.7,267.0,267.5,0
2021-08-23 15:15:00,267.5,267.7,267.5,267.65,0
2021-08-24 09:15:00,266.5,267.55,266.2,267.25,0
2021-08-24 10:15:00,267.25,267.25,266.75,266.95,0
2021-08-24 11:15:00,267.0,267.05,266.5,266.55,0
2021-08-24 12:15:00,266.55,266.65,266.25,266.45,0
2021-08-24 13:15:00,266.45,266.5,265.45,265.6,0
2021-08-24 14:15:00,265.6,265.7,265.1,265.5,0
2021-08-24 15:15:00,265.45,265.75,265.35,265.65,0
2021-08-25 09:15:00,265.0,265.1,264.3,264.55,0
2021-08-25 10:15:00,264.55,264.8,264.4,264.6,0
2021-08-25 11:15:00,264.6,265.4,264.1,264.85,0
2021-08-25 12:15:00,264.85,265.05,264.6,264.8,0
2021-08-25 13:15:00,264.8,265.1,264.4,265.1,0
2021-08-25 14:15:00,265.1,265.6,264.85,265.45,0
2021-08-25 15:15:00,265.45,265.45,265.2,265.3,0
2021-08-26 09:15:00,265.45,265.7,264.7,264.85,0
2021-08-26 10:15:00,264.85,265.0,264.6,264.9,0
2021-08-26 11:15:00,264.9,265.25,264.7,265.1,0
2021-08-26 12:15:00,265.1,265.85,264.9,265.3,0
2021-08-26 13:15:00,265.25,265.45,265.05,265.25,0
2021-08-26 14:15:00,265.25,265.8,265.15,265.25,0
2021-08-26 15:15:00,265.25,265.5,265.1,265.35,0
2021-08-27 09:15:00,265.25,266.45,265.05,265.35,0
2021-08-27 10:15:00,265.35,265.35,264.85,264.85,0
2021-08-27 11:15:00,264.85,264.9,264.4,264.5,0
2021-08-27 12:15:00,264.5,264.7,264.25,264.35,0
2021-08-27 13:15:00,264.35,264.6,264.15,264.4,0
2021-08-27 14:15:00,264.4,264.4,264.0,264.15,0
2021-08-27 15:15:00,264.15,264.5,264.1,264.45,0
2021-08-30 09:15:00,263.2,263.35,261.95,262.05,0
2021-08-30 10:15:00,262.0,262.05,261.55,261.7,0
2021-08-30 11:15:00,261.75,262.05,261.65,261.8,0
2021-08-30 12:15:00,261.85,261.9,261.45,261.45,0
2021-08-30 13:15:00,261.5,261.65,261.25,261.3,0
2021-08-30 14:15:00,261.25,261.35,260.7,260.7,0
2021-08-30 15:15:00,260.7,260.75,260.45,260.65,0
2021-08-31 09:15:00,260.5,261.0,259.8,260.4,0
2021-08-31 10:15:00,260.4,260.45,259.8,260.2,0
2021-08-31 11:15:00,260.15,260.4,259.7,259.7,0
2021-08-31 12:15:00,259.7,259.9,258.95,259.05,0
2021-08-31 13:15:00,259.0,259.95,258.8,259.1,0
2021-08-31 14:15:00,259.15,259.15,257.45,257.5,0
2021-08-31 15:15:00,257.5,257.8,257.35,257.7,0
2021-09-01 09:15:00,256.9,257.45,256.3,256.7,0
2021-09-01 10:15:00,256.7,258.35,256.65,258.0,0
2021-09-01 11:15:00,258.0,258.4,257.65,258.2,0
2021-09-01 12:15:00,258.2,258.55,257.6,257.95,0
2021-09-01 13:15:00,257.95,258.25,257.45,257.9,0
2021-09-01 14:15:00,257.9,258.7,257.7,258.65,0
2021-09-01 15:15:00,258.65,258.85,258.6,258.8,0
2021-09-02 09:15:00,258.25,258.75,257.7,257.8,0
2021-09-02 10:15:00,257.8,258.05,257.45,257.45,0
2021-09-02 11:15:00,257.45,257.45,257.05,257.05,0
2021-09-02 12:15:00,257.1,257.45,256.8,256.85,0
2021-09-02 13:15:00,256.85,257.2,256.4,256.45,0
2021-09-02 14:15:00,256.45,256.55,256.0,256.2,0
2021-09-02 15:15:00,256.2,256.35,256.05,256.2,0
2021-09-03 09:15:00,255.75,255.85,255.05,255.25,0
2021-09-03 10:15:00,255.2,256.3,255.05,256.2,0
2021-09-03 11:15:00,256.2,256.5,255.6,255.65,0
2021-09-03 12:15:00,255.65,255.85,255.25,255.3,0
2021-09-03 13:15:00,255.3,256.3,254.9,255.65,0
2021-09-03 14:15:00,255.65,255.85,254.85,254.9,0
2021-09-03 15:15:00,254.9,254.95,254.65,254.9,0
2021-09-06 09:15:00,253.8,254.1,253.4,253.8,0
2021-09-06 10:15:00,253.8,254.55,253.8,254.3,0
2021-09-06 11:15:00,254.3,254.6,254.1,254.3,0
2021-09-06 12:15:00,254.25,254.4,253.9,253.95,0
2021-09-06 13:15:00,253.95,254.45,253.85,254.15,0
2021-09-06 14:15:00,254.15,254.4,253.9,254.15,0
2021-09-06 15:15:00,254.15,254.25,254.05,254.1,0
2021-09-07 09:15:00,253.8,255.4,253.5,255.15,0
2021-09-07 10:15:00,255.15,255.45,254.7,254.85,0
2021-09-07 11:15:00,254.85,255.05,254.05,254.05,0
2021-09-07 12:15:00,254.05,254.05,253.3,253.7,0
2021-09-07 13:15:00,253.7,254.1,253.35,253.65,0
2021-09-07 14:15:00,253.7,254.6,253.6,254.4,0
2021-09-07 15:15:00,254.4,254.6,254.35,254.45,0
2021-09-08 09:15:00,254.2,254.95,254.1,254.7,0
2021-09-08 10:15:00,254.75,254.75,254.2,254.3,0
2021-09-08 11:15:00,254.3,254.6,254.2,254.35,0
2021-09-08 12:15:00,254.35,256.0,254.35,255.85,0
2021-09-08 13:15:00,255.85,255.85,254.95,254.95,0
2021-09-08 14:15:00,254.95,255.35,254.5,254.55,0
2021-09-08 15:15:00,254.55,254.6,254.25,254.3,0
2021-09-09 09:15:00,255.15,255.2,254.55,255.0,0
2021-09-09 10:15:00,254.95,255.05,254.3,254.6,0
2021-09-09 11:15:00,254.6,254.8,254.45,254.65,0
2021-09-09 12:15:00,254.65,255.3,254.55,255.05,0
2021-09-09 13:15:00,255.05,255.1,254.55,254.7,0
2021-09-09 14:15:00,254.7,255.05,254.25,254.4,0
2021-09-09 15:15:00,254.4,254.5,254.15,254.5,0
2021-09-13 09:15:00,254.5,255.85,254.4,255.6,0
2021-09-13 10:15:00,255.6,255.65,255.05,255.2,0
2021-09-13 11:15:00,255.2,255.35,254.9,255.0,0
2021-09-13 12:15:00,255.0,255.0,254.35,254.55,0
2021-09-13 13:15:00,254.55,254.8,254.4,254.5,0
2021-09-13 14:15:00,254.5,254.9,254.3,254.55,0
2021-09-13 15:15:00,254.6,254.8,254.55,254.7,0
2021-09-14 09:15:00,253.7,254.1,253.4,253.75,0
2021-09-14 10:15:00,253.7,253.75,253.5,253.6,0
2021-09-14 11:15:00,253.6,253.95,253.6,253.8,0
2021-09-14 12:15:00,253.85,254.4,253.7,254.1,0
2021-09-14 13:15:00,254.1,254.35,253.9,254.1,0
2021-09-14 14:15:00,254.1,254.45,254.0,254.35,0
2021-09-14 15:15:00,254.35,254.35,254.2,254.25,0
2021-09-15 09:15:00,254.2,254.2,253.3,253.3,0
2021-09-15 10:15:00,253.3,253.4,253.1,253.25,0
2021-09-15 11:15:00,253.25,253.25,252.9,253.0,0
2021-09-15 12:15:00,253.0,253.05,252.55,252.6,0
2021-09-15 13:15:00,252.6,252.8,252.2,252.25,0
2021-09-15 14:15:00,252.25,252.4,252.05,252.35,0
2021-09-15 15:15:00,252.35,252.35,252.1,252.25,0
2021-09-16 09:15:00,252.0,252.4,251.45,251.7,0
2021-09-16 10:15:00,251.7,252.1,251.6,252.05,0
2021-09-16 11:15:00,252.05,252.1,251.4,251.4,0
2021-09-16 12:15:00,251.4,251.55,251.15,251.4,0
2021-09-16 13:15:00,251.4,251.6,250.95,251.0,0
2021-09-16 14:15:00,251.0,251.1,250.5,250.75,0
2021-09-16 15:15:00,250.75,250.9,250.6,250.7,0
2021-09-17 09:15:00,249.55,249.75,248.85,249.0,0
2021-09-17 10:15:00,249.0,249.0,248.4,248.9,0
2021-09-17 11:15:00,248.9,251.0,248.9,250.85,0
2021-09-17 12:15:00,250.85,251.3,250.2,250.4,0
2021-09-17 13:15:00,250.4,251.05,250.25,250.65,0
2021-09-17 14:15:00,250.7,252.0,250.45,251.4,0
2021-09-17 15:15:00,251.4,251.5,251.05,251.1,0
2021-09-20 09:15:00,253.45,253.7,251.65,251.95,0
2021-09-20 10:15:00,251.95,252.0,250.9,251.05,0
2021-09-20 11:15:00,251.05,252.6,250.9,252.45,0
2021-09-20 12:15:00,252.45,252.6,251.85,251.95,0
2021-09-20 13:15:00,251.95,253.25,251.9,253.05,0
2021-09-20 14:15:00,253.05,254.2,252.65,253.8,0
2021-09-20 15:15:00,253.8,254.6,253.8,254.45,0
2021-09-21 09:15:00,253.35,254.5,252.9,254.45,0
2021-09-21 10:15:00,254.5,254.85,253.7,254.85,0
2021-09-21 11:15:00,254.85,255.15,253.75,254.35,0
2021-09-21 12:15:00,254.35,254.55,253.25,253.25,0
2021-09-21 13:15:00,253.3,253.55,252.55,252.85,0
2021-09-21 14:15:00,252.85,252.9,251.75,251.9,0
2021-09-21 15:15:00,251.9,251.95,251.5,251.7,0
2021-09-22 09:15:00,251.45,252.2,251.1,251.15,0
2021-09-22 10:15:00,251.15,251.65,251.05,251.45,0
2021-09-22 11:15:00,251.45,252.25,251.45,251.7,0
2021-09-22 12:15:00,251.7,251.75,251.05,251.25,0
2021-09-22 13:15:00,251.25,251.75,251.05,251.3,0
2021-09-22 14:15:00,251.25,252.1,251.2,252.1,0
2021-09-22 15:15:00,252.1,252.15,251.8,251.9,0
2021-09-23 09:15:00,250.2,250.5,249.35,249.4,0
2021-09-23 10:15:00,249.4,249.7,249.25,249.3,0
2021-09-23 11:15:00,249.3,249.5,248.85,248.9,0
2021-09-23 12:15:00,248.9,248.95,248.6,248.9,0
2021-09-23 13:15:00,248.9,249.15,248.55,248.6,0
2021-09-23 14:15:00,248.6,248.65,247.7,247.85,0
2021-09-23 15:15:00,247.85,248.1,247.8,247.95,0
2021-09-24 09:15:00,247.0,247.55,246.3,247.25,0
2021-09-24 10:15:00,247.25,247.3,246.4,246.8,0
2021-09-24 11:15:00,246.8,247.4,246.75,247.25,0
2021-09-24 12:15:00,247.25,247.75,247.0,247.5,0
2021-09-24 13:15:00,247.5,248.05,247.45,247.65,0
2021-09-24 14:15:00,247.65,247.9,247.2,247.45,0
2021-09-24 15:15:00,247.45,247.85,247.4,247.75,0
2021-09-27 09:15:00,246.6,247.6,246.45,247.25,0
2021-09-27 10:15:00,247.25,248.1,247.2,247.8,0
2021-09-27 11:15:00,247.8,248.35,247.4,247.45,0
2021-09-27 12:15:00,247.45,247.75,247.15,247.2,0
2021-09-27 13:15:00,247.2,247.4,247.1,247.25,0
2021-09-27 14:15:00,247.25,248.05,247.2,247.6,0
2021-09-27 15:15:00,247.55,247.8,247.55,247.65,0
2021-09-28 09:15:00,246.95,248.2,246.95,247.35,0
2021-09-28 10:15:00,247.35,248.6,247.3,248.55,0
2021-09-28 11:15:00,248.55,249.4,248.05,249.4,0
2021-09-28 12:15:00,249.35,251.0,249.35,250.95,0
2021-09-28 13:15:00,250.95,251.1,250.0,251.0,0
2021-09-28 14:15:00,251.0,251.55,248.8,248.85,0
2021-09-28 15:15:00,248.85,249.4,248.75,249.35,0
2021-09-29 09:15:00,250.45,251.15,250.1,250.35,0
2021-09-29 10:15:00,250.35,251.1,250.0,250.5,0
2021-09-29 11:15:00,250.5,250.8,250.15,250.55,0
2021-09-29 12:15:00,250.5,250.7,249.9,249.9,0
2021-09-29 13:15:00,249.9,250.05,249.3,249.35,0
2021-09-29 14:15:00,249.35,249.85,248.7,249.85,0
2021-09-29 15:15:00,249.85,249.95,249.65,249.75,0
2021-09-30 09:15:00,249.6,250.45,249.35,249.85,0
2021-09-30 10:15:00,249.85,250.25,249.8,250.05,0
2021-09-30 11:15:00,250.0,250.05,249.3,249.5,0
2021-09-30 12:15:00,249.5,250.85,249.45,250.55,0
2021-09-30 13:15:00,250.55,251.2,250.25,250.8,0
2021-09-30 14:15:00,250.8,251.4,250.5,250.9,0
2021-09-30 15:15:00,250.9,251.5,250.85,251.2,0
2021-10-01 09:15:00,252.3,253.4,252.3,252.95,0
2021-10-01 10:15:00,252.95,252.95,252.0,252.35,0
2021-10-01 11:15:00,252.35,253.35,252.25,253.1,0
2021-10-01 12:15:00,253.1,253.3,252.45,252.7,0
2021-10-01 13:15:00,252.7,253.0,252.35,252.35,0
2021-10-01 14:15:00,252.4,252.65,251.95,252.3,0
2021-10-01 15:15:00,252.3,252.5,252.25,252.35,0
2021-10-04 09:15:00,251.15,251.6,249.65,249.75,0
2021-10-04 10:15:00,249.75,249.85,249.2,249.55,0
2021-10-04 11:15:00,249.55,250.2,249.5,250.05,0
2021-10-04 12:15:00,250.0,250.7,250.0,250.3,0
2021-10-04 13:15:00,250.3,250.3,249.7,249.95,0
2021-10-04 14:15:00,249.95,250.25,249.8,249.95,0
2021-10-04 15:15:00,249.95,250.15,249.95,249.95,0
2021-10-05 09:15:00,250.5,250.75,250.0,250.2,0
2021-10-05 10:15:00,250.2,250.25,249.85,250.15,0
2021-10-05 11:15:00,250.15,250.3,249.9,250.05,0
2021-10-05 12:15:00,250.05,250.15,249.0,249.15,0
2021-10-05 13:15:00,249.15,249.3,248.6,248.65,0
2021-10-05 14:15:00,248.65,248.9,248.1,248.15,0
2021-10-05 15:15:00,248.15,248.3,248.1,248.1,0
2021-10-06 09:15:00,247.7,248.15,247.4,248.1,0
2021-10-06 10:15:00,248.15,248.9,248.0,248.2,0
2021-10-06 11:15:00,248.2,248.25,247.6,247.7,0
2021-10-06 12:15:00,247.7,248.95,247.5,248.9,0
2021-10-06 13:15:00,248.9,249.75,248.75,249.1,0
2021-10-06 14:15:00,249.1,250.85,249.05,250.65,0
2021-10-06 15:15:00,250.65,251.15,250.55,251.0,0
2021-10-07 09:15:00,248.4,249.0,248.15,248.45,0
2021-10-07 10:15:00,248.45,248.7,248.25,248.5,0
2021-10-07 11:15:00,248.5,248.7,247.85,248.0,0
2021-10-07 12:15:00,248.0,248.15,247.75,247.9,0
2021-10-07 13:15:00,247.85,248.3,247.75,247.9,0
2021-10-07 14:15:00,247.9,248.75,247.9,248.7,0
2021-10-07 15:15:00,248.7,248.85,248.5,248.55,0
2021-10-08 09:15:00,247.35,247.9,247.05,247.25,0
2021-10-08 10:15:00,247.25,247.45,246.6,247.05,0
2021-10-08 11:15:00,247.05,247.75,246.8,247.7,0
2021-10-08 12:15:00,247.65,248.0,247.25,247.45,0
2021-10-08 13:15:00,247.45,247.55,246.9,246.95,0
2021-10-08 14:15:00,246.95,247.35,246.7,247.25,0
2021-10-08 15:15:00,247.25,247.35,247.05,247.05,0
2021-10-11 09:15:00,247.7,248.0,246.15,246.15,0
2021-10-11 10:15:00,246.15,246.4,245.6,245.65,0
2021-10-11 11:15:00,245.65,246.2,245.45,245.9,0
2021-10-11 12:15:00,245.9,245.9,245.3,245.7,0
2021-10-11 13:15:00,245.65,246.1,245.3,245.7,0
2021-10-11 14:15:00,245.65,246.6,245.65,246.55,0
2021-10-11 15:15:00,246.55,246.8,246.5,246.5,0
2021-10-12 09:15:00,247.05,247.05,245.95,246.4,0
2021-10-12 10:15:00,246.4,247.45,246.3,246.9,0
2021-10-12 11:15:00,246.95,247.75,246.75,247.25,0
2021-10-12 12:15:00,247.2,247.4,246.7,246.75,0
2021-10-12 13:15:00,246.75,247.25,246.35,246.4,0
2021-10-12 14:15:00,246.4,246.45,246.0,246.0,0
2021-10-12 15:15:00,246.0,246.0,245.8,245.8,0
2021-10-13 09:15:00,244.55,245.15,244.15,244.3,0
2021-10-13 10:15:00,244.3,244.5,243.95,244.0,0
2021-10-13 11:15:00,244.0,244.45,243.9,244.0,0
2021-10-13 12:15:00,244.05,244.15,243.6,243.6,0
2021-10-13 13:15:00,243.6,243.75,243.2,243.7,0
2021-10-13 14:15:00,243.7,243.8,243.25,243.65,0
2021-10-13 15:15:00,243.6,243.85,243.6,243.65,0
2021-10-14 09:15:00,242.25,242.45,241.95,242.2,0
2021-10-14 10:15:00,242.2,242.35,241.8,241.85,0
2021-10-14 11:15:00,241.9,241.9,241.55,241.75,0
2021-10-14 12:15:00,241.75,242.3,241.7,242.1,0
2021-10-14 13:15:00,242.1,242.55,241.6,241.75,0
2021-10-14 14:15:00,241.75,241.9,241.3,241.35,0
2021-10-14 15:15:00,241.35,241.45,241.2,241.35,0
2021-10-18 09:15:00,239.3,240.0,239.05,239.35,0
2021-10-18 10:15:00,239.35,239.5,239.0,239.4,0
2021-10-18 11:15:00,239.4,239.5,239.05,239.1,0
2021-10-18 12:15:00,239.1,239.45,238.75,239.4,0
2021-10-18 13:15:00,239.4,239.75,238.85,238.95,0
2021-10-18 14:15:00,238.95,239.7,238.9,239.65,0
2021-10-18 15:15:00,239.65,239.8,239.6,239.65,0
2021-10-19 09:15:00,238.0,240.65,238.0,239.85,0
2021-10-19 10:15:00,239.85,240.15,238.7,238.85,0
2021-10-19 11:15:00,238.9,238.95,238.25,238.4,0
2021-10-19 12:15:00,238.4,238.7,238.15,238.25,0
2021-10-19 13:15:00,238.3,239.25,238.2,239.15,0
2021-10-19 14:15:00,239.15,240.7,238.85,240.55,0
2021-10-19 15:15:00,240.6,240.9,240.25,240.3,0
2021-10-20 09:15:00,240.15,241.6,239.9,240.1,0
2021-10-20 10:15:00,240.1,241.05,240.0,240.7,0
2021-10-20 11:15:00,240.65,241.95,240.35,241.95,0
2021-10-20 12:15:00,241.95,242.25,241.35,241.35,0
2021-10-20 13:15:00,241.4,242.75,241.15,242.55,0
2021-10-20 14:15:00,242.55,243.15,242.15,242.5,0
2021-10-20 15:15:00,242.5,242.55,242.15,242.2,0
2021-10-21 09:15:00,240.9,242.85,240.9,242.7,0
2021-10-21 10:15:00,242.7,244.4,242.7,244.25,0
2021-10-21 11:15:00,244.2,244.55,243.4,243.8,0
2021-10-21 12:15:00,243.8,244.45,243.55,244.15,0
2021-10-21 13:15:00,244.1,245.1,244.05,244.95,0
2021-10-21 14:15:00,244.95,245.3,243.45,243.75,0
2021-10-21 15:15:00,243.75,243.75,243.0,243.05,0
2021-10-22 09:15:00,242.95,243.25,241.8,242.3,0
2021-10-22 10:15:00,242.3,242.95,242.15,242.5,0
2021-10-22 11:15:00,242.5,244.1,242.4,244.05,0
2021-10-22 12:15:00,244.05,244.9,243.7,244.9,0
2021-10-22 13:15:00,244.9,245.2,244.05,244.15,0
2021-10-22 14:15:00,244.1,245.55,244.0,244.35,0
2021-10-22 15:15:00,244.35,244.7,244.3,244.55,0
2021-10-25 09:15:00,243.0,246.5,242.9,246.0,0
2021-10-25 10:15:00,246.0,246.2,244.4,244.55,0
2021-10-25 11:15:00,244.55,244.55,243.1,244.05,0
2021-10-25 12:15:00,244.0,244.5,243.7,244.1,0
2021-10-25 13:15:00,244.1,244.7,243.55,244.7,0
2021-10-25 14:15:00,244.75,245.25,244.1,244.45,0
2021-10-25 15:15:00,244.5,244.55,244.2,244.25,0
2021-10-26 09:15:00,244.05,244.05,242.55,242.95,0
2021-10-26 10:15:00,242.95,244.5,242.85,243.95,0
2021-10-26 11:15:00,243.95,244.75,243.55,243.95,0
2021-10-26 12:15:00,243.95,244.65,243.6,243.9,0
2021-10-26 13:15:00,243.9,243.95,242.8,242.8,0
2021-10-26 14:15:00,242.8,243.25,242.55,242.6,0
2021-10-26 15:15:00,242.55,242.6,242.0,242.0,0
2021-10-27 09:15:00,242.15,242.65,241.7,242.1,0
2021-10-27 10:15:00,242.15,242.55,241.9,242.0,0
2021-10-27 11:15:00,242.0,242.2,241.55,242.2,0
2021-10-27 12:15:00,242.2,242.25,241.85,241.95,0
2021-10-27 13:15:00,241.95,242.15,241.8,241.95,0
2021-10-27 14:15:00,241.95,243.4,241.8,243.05,0
2021-10-27 15:15:00,243.05,243.85,243.05,243.7,0
2021-10-28 09:15:00,243.6,245.4,243.6,244.9,0
2021-10-28 10:15:00,244.9,246.1,244.75,245.6,0
2021-10-28 11:15:00,245.6,245.85,245.0,245.8,0
2021-10-28 12:15:00,245.8,246.35,245.5,246.05,0
2021-10-28 13:15:00,246.05,247.1,245.65,246.8,0
2021-10-28 14:15:00,246.8,248.15,246.6,248.05,0
2021-10-28 15:15:00,248.1,248.8,247.9,247.95,0
2021-10-29 09:15:00,248.4,251.4,247.95,248.05,0
2021-10-29 10:15:00,248.1,248.5,247.25,248.4,0
2021-10-29 11:15:00,248.4,248.95,247.8,248.6,0
2021-10-29 12:15:00,248.55,249.9,248.35,249.65,0
2021-10-29 13:15:00,249.65,251.1,249.4,251.05,0
2021-10-29 14:15:00,251.05,251.4,249.35,251.0,0
2021-10-29 15:15:00,250.95,251.1,250.0,250.15,0
2021-11-01 09:15:00,249.15,250.3,248.4,249.45,0
2021-11-01 10:15:00,249.45,250.3,249.2,249.6,0
2021-11-01 11:15:00,249.6,250.0,249.1,249.2,0
2021-11-01 12:15:00,249.2,249.4,248.7,248.75,0
2021-11-01 13:15:00,248.75,248.8,247.2,247.55,0
2021-11-01 14:15:00,247.55,247.65,246.7,247.0,0
2021-11-01 15:15:00,247.0,247.15,246.75,246.85,0
2021-11-02 09:15:00,246.5,247.25,245.95,247.0,0
2021-11-02 10:15:00,247.0,247.85,246.8,247.0,0
2021-11-02 11:15:00,247.0,247.35,246.7,246.8,0
2021-11-02 12:15:00,246.8,247.75,246.7,247.3,0
2021-11-02 13:15:00,247.3,248.2,246.9,247.65,0
2021-11-02 14:15:00,247.65,247.9,247.05,247.55,0
2021-11-02 15:15:00,247.55,247.8,247.5,247.65,0
2021-11-03 09:15:00,246.85,246.9,246.3,246.65,0
2021-11-03 10:15:00,246.65,246.85,246.45,246.45,0
2021-11-03 11:15:00,246.45,247.65,246.4,247.55,0
2021-11-03 12:15:00,247.55,248.8,247.55,248.75,0
2021-11-03 13:15:00,248.75,249.0,247.4,248.05,0
2021-11-03 14:15:00,248.1,249.45,248.1,248.6,0
2021-11-03 15:15:00,248.6,248.85,248.3,248.45,0
2021-11-04 18:15:00,247.05,247.5,246.85,247.25,0
2021-11-08 09:15:00,245.65,248.45,245.65,248.2,0
2021-11-08 10:15:00,248.25,248.5,247.3,247.35,0
2021-11-08 11:15:00,247.35,248.15,246.45,246.7,0
2021-11-08 12:15:00,246.7,246.85,245.7,245.75,0
2021-11-08 13:15:00,245.7,246.1,245.15,245.3,0
2021-11-08 14:15:00,245.3,245.7,245.15,245.35,0
2021-11-08 15:15:00,245.35,245.4,245.0,245.1,0
2021-11-09 09:15:00,245.1,245.7,244.7,245.5,0
2021-11-09 10:15:00,245.5,246.0,245.35,245.8,0
2021-11-09 11:15:00,245.8,245.95,245.35,245.65,0
2021-11-09 12:15:00,245.65,246.05,245.45,245.5,0
2021-11-09 13:15:00,245.5,246.45,245.25,246.0,0
2021-11-09 14:15:00,245.95,246.35,245.5,245.65,0
2021-11-09 15:15:00,245.65,245.65,245.35,245.55,0
2021-11-10 09:15:00,246.6,247.4,246.6,246.8,0
2021-11-10 10:15:00,246.8,247.05,246.65,246.7,0
2021-11-10 11:15:00,246.7,247.0,246.65,246.8,0
2021-11-10 12:15:00,246.8,246.9,246.4,246.45,0
2021-11-10 13:15:00,246.45,246.6,245.45,245.6,0
2021-11-10 14:15:00,245.6,246.3,245.5,246.1,0
2021-11-10 15:15:00,246.1,246.25,245.9,246.1,0
2021-11-11 09:15:00,246.7,248.0,246.7,247.95,0
2021-11-11 10:15:00,247.95,248.65,247.9,248.4,0
2021-11-11 11:15:00,248.4,248.45,247.8,248.3,0
2021-11-11 12:15:00,248.3,248.6,247.85,247.85,0
2021-11-11 13:15:00,247.85,248.85,247.75,248.75,0
2021-11-11 14:15:00,248.75,249.0,248.0,248.1,0
2021-11-11 15:15:00,248.1,248.1,247.7,247.85,0
2021-11-12 09:15:00,246.6,247.0,246.25,246.95,0
2021-11-12 10:15:00,246.95,247.55,246.85,247.1,0
2021-11-12 11:15:00,247.1,247.15,246.6,246.8,0
2021-11-12 12:15:00,246.8,246.85,245.95,246.0,0
2021-11-12 13:15:00,246.0,246.0,245.0,245.0,0
2021-11-12 14:15:00,245.0,245.2,244.55,244.9,0
2021-11-12 15:15:00,244.9,244.95,244.7,244.9,0
2021-11-15 09:15:00,244.4,244.4,243.45,244.2,0
2021-11-15 10:15:00,244.15,244.65,244.05,244.4,0
2021-11-15 11:15:00,244.4,245.2,244.3,244.85,0
2021-11-15 12:15:00,244.85,245.35,244.55,245.15,0
2021-11-15 13:15:00,245.15,245.2,244.4,244.45,0
2021-11-15 14:15:00,244.45,244.85,244.35,244.85,0
2021-11-15 15:15:00,244.85,245.15,244.75,245.05,0
2021-11-16 09:15:00,244.6,245.85,244.55,245.2,0
2021-11-16 10:15:00,245.2,245.85,245.2,245.8,0
2021-11-16 11:15:00,245.8,246.0,245.1,245.15,0
2021-11-16 12:15:00,245.15,245.35,244.7,244.7,0
2021-11-16 13:15:00,244.75,245.45,244.65,245.4,0
2021-11-16 14:15:00,245.4,246.5,245.4,246.3,0
2021-11-16 15:15:00,246.3,246.85,246.2,246.8,0
2021-11-17 09:15:00,247.15,247.6,246.45,246.7,0
2021-11-17 10:15:00,246.7,246.8,246.05,246.3,0
2021-11-17 11:15:00,246.3,247.15,246.25,247.0,0
2021-11-17 12:15:00,246.95,247.3,246.55,246.55,0
2021-11-17 13:15:00,246.55,246.95,246.2,246.75,0
2021-11-17 14:15:00,246.75,247.8,246.65,247.8,0
2021-11-17 15:15:00,247.8,248.0,247.7,247.9,0
2021-11-18 09:15:00,247.85,249.2,247.1,249.2,0
2021-11-18 10:15:00,249.2,250.2,249.2,249.6,0
2021-11-18 11:15:00,249.6,250.4,249.55,250.25,0
2021-11-18 12:15:00,250.25,250.65,249.8,249.9,0
2021-11-18 13:15:00,249.9,249.9,248.8,249.05,0
2021-11-18 14:15:00,249.05,249.8,248.65,249.75,0
2021-11-18 15:15:00,249.8,250.0,249.6,249.9,0
2021-11-22 09:15:00,249.25,251.85,249.25,251.55,0
2021-11-22 10:15:00,251.55,252.7,251.4,252.7,0
2021-11-22 11:15:00,252.75,254.4,252.1,254.05,0
2021-11-22 12:15:00,254.0,254.6,253.3,253.55,0
2021-11-22 13:15:00,253.55,255.1,253.55,254.9,0
2021-11-22 14:15:00,254.9,256.5,254.55,254.9,0
2021-11-22 15:15:00,254.9,254.9,254.2,254.2,0
2021-11-23 09:15:00,256.6,257.55,254.55,255.75,0
2021-11-23 10:15:00,255.75,255.8,254.9,255.05,0
2021-11-23 11:15:00,255.1,255.45,253.6,254.05,0
2021-11-23 12:15:00,254.05,254.9,253.95,254.3,0
2021-11-23 13:15:00,254.35,254.45,252.9,253.0,0
2021-11-23 14:15:00,253.0,253.55,252.65,253.35,0
2021-11-23 15:15:00,253.35,253.75,253.3,253.5,0
2021-11-24 09:15:00,252.7,253.65,252.4,253.0,0
2021-11-24 10:15:00,253.0,253.05,252.1,252.1,0
2021-11-24 11:15:00,252.1,252.9,252.1,252.4,0
2021-11-24 12:15:00,252.4,252.65,252.0,252.2,0
2021-11-24 13:15:00,252.25,253.1,252.0,252.95,0
2021-11-24 14:15:00,252.95,254.65,252.95,254.65,0
2021-11-24 15:15:00,254.65,255.5,254.6,255.5,0
2021-11-25 09:15:00,254.65,255.6,254.15,254.9,0
2021-11-25 10:15:00,254.9,255.2,253.95,253.95,0
2021-11-25 11:15:00,253.95,253.95,252.9,253.05,0
2021-11-25 12:15:00,253.05,254.1,252.85,253.2,0
2021-11-25 13:15:00,253.2,253.7,252.95,253.3,0
2021-11-25 14:15:00,253.3,253.35,252.5,253.0,0
2021-11-25 15:15:00,253.0,253.05,252.65,252.75,0
2021-11-26 09:15:00,255.8,257.55,255.7,257.05,0
2021-11-26 10:15:00,257.05,259.4,257.05,258.3,0
2021-11-26 11:15:00,258.3,258.7,257.7,258.55,0
2021-11-26 12:15:00,258.55,258.95,257.65,258.1,0
2021-11-26 13:15:00,258.1,259.65,258.1,258.85,0
2021-11-26 14:15:00,258.85,260.85,258.35,260.4,0
2021-11-26 15:15:00,260.4,260.75,260.05,260.6,0
2021-11-29 09:15:00,259.9,264.05,259.25,259.5,0
2021-11-29 10:15:00,259.45,261.2,259.25,259.3,0
2021-11-29 11:15:00,259.3,259.55,258.3,258.4,0
2021-11-29 12:15:00,258.4,259.8,258.3,259.4,0
2021-11-29 13:15:00,259.4,259.4,258.35,258.8,0
2021-11-29 14:15:00,258.8,260.45,258.75,260.0,0
2021-11-29 15:15:00,259.95,260.2,259.7,260.15,0
2021-11-30 09:15:00,260.0,260.0,256.55,256.85,0
2021-11-30 10:15:00,256.85,258.8,255.85,258.6,0
2021-11-30 11:15:00,258.6,260.95,258.6,259.55,0
2021-11-30 12:15:00,259.55,260.05,258.6,259.45,0
2021-11-30 13:15:00,259.45,259.6,258.15,258.5,0
2021-11-30 14:15:00,258.5,261.2,258.15,261.05,0
2021-11-30 15:15:00,261.05,261.8,261.05,261.15,0
2021-12-01 09:15:00,259.2,259.5,257.7,259.1,0
2021-12-01 10:15:00,259.1,259.4,257.6,257.8,0
2021-12-01 11:15:00,257.8,258.3,257.55,258.2,0
2021-12-01 12:15:00,258.25,258.8,258.1,258.45,0
2021-12-01 13:15:00,258.45,259.5,258.2,259.45,0
2021-12-01 14:15:00,259.4,259.8,257.95,258.25,0
2021-12-01 15:15:00,258.25,258.3,257.9,257.95,0
2021-12-02 09:15:00,258.0,258.4,256.45,256.45,0
2021-12-02 10:15:00,256.45,256.9,256.3,256.45,0
2021-12-02 11:15:00,256.5,256.6,255.85,256.55,0
2021-12-02 12:15:00,256.6,256.65,255.85,255.95,0
2021-12-02 13:15:00,255.95,256.55,255.65,256.0,0
2021-12-02 14:15:00,256.0,256.0,254.7,254.7,0
2021-12-02 15:15:00,254.7,254.75,254.5,254.75,0
2021-12-03 09:15:00,254.4,255.3,253.5,254.85,0
2021-12-03 10:15:00,254.9,255.5,254.65,254.65,0
2021-12-03 11:15:00,254.7,255.2,254.55,255.05,0
2021-12-03 12:15:00,255.05,256.5,254.95,256.4,0
2021-12-03 13:15:00,256.4,257.1,256.15,257.1,0
2021-12-03 14:15:00,257.15,258.0,256.9,257.75,0
2021-12-03 15:15:00,257.75,257.85,257.55,257.55,0
2021-12-06 09:15:00,257.65,259.35,257.6,258.6,0
2021-12-06 10:15:00,258.6,259.3,258.35,259.0,0
2021-12-06 11:15:00,259.0,259.95,259.0,259.9,0
2021-12-06 12:15:00,259.9,260.25,259.45,259.85,0
2021-12-06 13:15:00,259.9,260.8,259.55,260.8,0
2021-12-06 14:15:00,260.8,262.15,260.6,262.1,0
2021-12-06 15:15:00,262.1,262.35,262.0,262.15,0
2021-12-07 09:15:00,260.05,260.9,259.2,259.35,0
2021-12-07 10:15:00,259.35,259.45,258.1,258.15,0
2021-12-07 11:15:00,258.15,258.35,257.7,257.75,0
2021-12-07 12:15:00,257.7,258.55,257.5,257.85,0
2021-12-07 13:15:00,257.85,257.95,256.95,257.15,0
2021-12-07 14:15:00,257.15,258.3,256.85,258.0,0
2021-12-07 15:15:00,258.0,258.1,257.85,257.95,0
2021-12-08 09:15:00,255.95,256.0,254.3,254.6,0
2021-12-08 10:15:00,254.6,255.4,254.35,254.55,0
2021-12-08 11:15:00,254.55,254.75,254.15,254.35,0
2021-12-08 12:15:00,254.35,254.7,254.15,254.2,0
2021-12-08 13:15:00,254.2,254.25,253.65,253.85,0
2021-12-08 14:15:00,253.85,254.2,253.4,253.6,0
2021-12-08 15:15:00,253.6,253.8,253.55,253.7,0
2021-12-09 09:15:00,252.85,254.55,252.65,254.5,0
2021-12-09 10:15:00,254.5,254.95,253.95,254.25,0
2021-12-09 11:15:00,254.25,254.55,253.6,253.6,0
2021-12-09 12:15:00,253.6,253.7,252.7,252.75,0
2021-12-09 13:15:00,252.75,253.65,252.7,253.45,0
2021-12-09 14:15:00,253.45,254.0,252.8,252.95,0
2021-12-09 15:15:00,252.95,253.2,252.85,253.2,0
2021-12-10 09:15:00,253.6,254.15,252.75,254.05,0
2021-12-10 10:15:00,254.05,254.2,253.45,253.8,0
2021-12-10 11:15:00,253.8,254.15,253.55,254.05,0
2021-12-10 12:15:00,254.05,254.6,253.95,254.4,0
2021-12-10 13:15:00,254.4,254.6,253.6,253.8,0
2021-12-10 14:15:00,253.8,254.05,252.9,252.95,0
2021-12-10 15:15:00,252.9,253.35,252.8,253.25,0
2021-12-13 09:15:00,251.6,251.85,251.3,251.6,0
2021-12-13 10:15:00,251.65,252.35,251.55,252.3,0
2021-12-13 11:15:00,252.35,252.8,252.2,252.6,0
2021-12-13 12:15:00,252.55,255.15,252.55,254.85,0
2021-12-13 13:15:00,254.85,255.35,254.05,255.25,0
2021-12-13 14:15:00,255.25,255.4,254.45,255.25,0
2021-12-13 15:15:00,255.2,255.35,254.95,254.95,0
2021-12-14 09:15:00,256.5,257.05,255.6,256.55,0
2021-12-14 10:15:00,256.55,257.3,256.5,256.7,0
2021-12-14 11:15:00,256.7,256.85,255.55,255.65,0
2021-12-14 12:15:00,255.65,256.2,255.35,255.55,0
2021-12-14 13:15:00,255.55,256.5,255.1,256.3,0
2021-12-14 14:15:00,256.3,256.8,255.75,255.9,0
2021-12-14 15:15:00,255.9,256.15,255.65,255.95,0
2021-12-15 09:15:00,255.9,257.35,255.5,256.95,0
2021-12-15 10:15:00,256.9,257.85,256.9,257.35,0
2021-12-15 11:15:00,257.35,257.4,256.45,257.05,0
2021-12-15 12:15:00,257.05,257.65,256.9,257.15,0
2021-12-15 13:15:00,257.15,257.25,256.35,256.5,0
2021-12-15 14:15:00,256.5,257.45,256.05,257.4,0
2021-12-15 15:15:00,257.45,257.75,257.4,257.6,0
2021-12-16 09:15:00,255.2,257.2,255.15,256.75,0
2021-12-16 10:15:00,256.75,256.95,256.25,256.55,0
2021-12-16 11:15:00,256.55,257.65,256.35,257.45,0
2021-12-16 12:15:00,257.45,257.8,256.55,257.05,0
2021-12-16 13:15:00,257.05,257.5,256.65,257.4,0
2021-12-16 14:15:00,257.4,258.0,257.1,257.2,0
2021-12-16 15:15:00,257.2,257.2,256.45,256.45,0
2021-12-17 09:15:00,256.65,259.9,256.4,259.15,0
2021-12-17 10:15:00,259.2,260.65,259.2,260.2,0
2021-12-17 11:15:00,260.2,260.9,259.8,260.6,0
2021-12-17 12:15:00,260.6,260.8,259.65,260.05,0
2021-12-17 13:15:00,260.05,260.05,259.15,259.65,0
2021-12-17 14:15:00,259.65,261.25,259.6,261.0,0
2021-12-17 15:15:00,261.05,261.2,260.75,260.85,0
2021-12-20 09:15:00,263.55,267.2,263.45,267.0,0
2021-12-20 10:15:00,266.95,267.5,266.5,267.1,0
2021-12-20 11:15:00,267.1,267.95,267.0,267.8,0
2021-12-20 12:15:00,267.8,269.9,267.8,269.35,0
2021-12-20 13:15:00,269.35,269.4,267.65,268.15,0
2021-12-20 14:15:00,268.15,268.15,266.55,266.7,0
2021-12-20 15:15:00,266.7,266.85,266.45,266.8,0
2021-12-21 09:15:00,264.25,265.05,263.15,263.65,0
2021-12-21 10:15:00,263.65,263.65,262.15,262.5,0
2021-12-21 11:15:00,262.5,262.9,261.75,261.75,0
2021-12-21 12:15:00,261.75,262.65,261.6,262.4,0
2021-12-21 13:15:00,262.4,264.0,262.15,263.95,0
2021-12-21 14:15:00,263.9,265.6,263.75,264.2,0
2021-12-21 15:15:00,264.15,264.35,264.0,264.0,0
2021-12-22 09:15:00,262.8,263.2,261.95,262.5,0
2021-12-22 10:15:00,262.5,263.55,262.5,262.75,0
2021-12-22 11:15:00,262.75,262.9,262.2,262.6,0
2021-12-22 12:15:00,262.6,262.75,262.0,262.65,0
2021-12-22 13:15:00,262.65,263.05,262.2,262.6,0
2021-12-22 14:15:00,262.6,262.75,261.3,261.5,0
2021-12-22 15:15:00,261.5,261.55,261.15,261.2,0
2021-12-23 09:15:00,259.7,260.25,259.05,259.85,0
2021-12-23 10:15:00,259.85,260.2,259.7,260.1,0
2021-12-23 11:15:00,260.1,260.5,259.55,259.65,0
2021-12-23 12:15:00,259.65,259.65,259.3,259.4,0
2021-12-23 13:15:00,259.4,260.0,258.9,259.95,0
2021-12-23 14:15:00,259.95,260.1,259.25,259.4,0
2021-12-23 15:15:00,259.4,260.05,259.35,259.95,0
2021-12-24 09:15:00,258.45,261.85,258.45,261.55,0
2021-12-24 10:15:00,261.55,262.1,261.1,261.25,0
2021-12-24 11:15:00,261.25,261.85,260.9,260.9,0
2021-12-24 12:15:00,260.9,261.65,260.9,261.6,0
2021-12-24 13:15:00,261.6,261.65,260.05,260.1,0
2021-12-24 14:15:00,260.1,261.0,259.7,260.7,0
2021-12-24 15:15:00,260.7,260.85,260.5,260.75,0
2021-12-27 09:15:00,261.75,263.35,260.9,261.4,0
2021-12-27 10:15:00,261.35,261.5,260.25,260.65,0
2021-12-27 11:15:00,260.65,260.95,260.35,260.5,0
2021-12-27 12:15:00,260.5,260.5,259.7,260.2,0
2021-12-27 13:15:00,260.2,260.3,259.35,259.6,0
2021-12-27 14:15:00,259.6,260.1,259.1,259.45,0
2021-12-27 15:15:00,259.45,259.6,259.25,259.25,0
2021-12-28 09:15:00,258.15,258.3,257.5,257.65,0
2021-12-28 10:15:00,257.65,258.25,257.6,257.7,0
2021-12-28 11:15:00,257.7,257.7,257.2,257.2,0
2021-12-28 12:15:00,257.2,257.7,257.1,257.6,0
2021-12-28 13:15:00,257.6,257.8,257.15,257.25,0
2021-12-28 14:15:00,257.25,258.4,257.05,257.2,0
2021-12-28 15:15:00,257.2,257.3,257.15,257.25,0
2021-12-29 09:15:00,257.5,258.05,256.5,257.0,0
2021-12-29 10:15:00,257.0,257.8,256.9,257.45,0
2021-12-29 11:15:00,257.5,257.65,257.25,257.65,0
2021-12-29 12:15:00,257.65,257.85,257.25,257.35,0
2021-12-29 13:15:00,257.35,257.5,257.15,257.15,0
2021-12-29 14:15:00,257.15,257.5,256.95,257.5,0
2021-12-29 15:15:00,257.55,258.15,257.5,257.95,0
2021-12-30 09:15:00,257.8,258.6,257.1,257.1,0
2021-12-30 10:15:00,257.1,257.35,256.85,257.35,0
2021-12-30 11:15:00,257.35,257.75,257.25,257.35,0
2021-12-30 12:15:00,257.35,257.4,256.95,257.05,0
2021-12-30 13:15:00,257.05,257.55,257.05,257.5,0
2021-12-30 14:15:00,257.5,258.15,257.3,257.65,0
2021-12-30 15:15:00,257.65,257.85,257.3,257.4,0
2021-12-31 09:15:00,257.2,257.2,255.45,255.6,0
2021-12-31 10:15:00,255.6,256.0,255.45,255.6,0
2021-12-31 11:15:00,255.6,255.75,255.35,255.45,0
2021-12-31 12:15:00,255.45,255.55,254.85,254.9,0
2021-12-31 13:15:00,254.9,255.7,254.85,255.55,0
2021-12-31 14:15:00,255.55,255.75,255.2,255.6,0
2021-12-31 15:15:00,255.6,255.6,255.35,255.4,0
2022-01-03 09:15:00,255.15,255.15,253.45,253.5,0
2022-01-03 10:15:00,253.5,253.65,253.05,253.05,0
2022-01-03 11:15:00,253.05,253.3,252.95,253.1,0
2022-01-03 12:15:00,253.1,253.1,252.3,252.35,0
2022-01-03 13:15:00,252.35,252.45,251.8,251.85,0
2022-01-03 14:15:00,251.85,251.95,251.3,251.7,0
2022-01-03 15:15:00,251.65,251.75,251.4,251.5,0
2022-01-04 09:15:00,250.85,252.1,250.25,250.25,0
2022-01-04 10:15:00,250.25,250.85,250.1,250.65,0
2022-01-04 11:15:00,250.7,251.1,250.1,250.1,0
2022-01-04 12:15:00,250.1,250.5,249.95,250.4,0
2022-01-04 13:15:00,250.4,251.0,250.15,250.2,0
2022-01-04 14:15:00,250.2,250.2,249.15,249.2,0
2022-01-04 15:15:00,249.2,249.25,248.75,249.05,0
2022-01-05 09:15:00,248.9,249.85,248.45,248.55,0
2022-01-05 10:15:00,248.55,249.35,248.45,249.2,0
2022-01-05 11:15:00,249.2,249.3,248.25,248.3,0
2022-01-05 12:15:00,248.3,248.35,247.4,247.45,0
2022-01-05 13:15:00,247.4,248.05,247.3,247.6,0
2022-01-05 14:15:00,247.6,247.95,247.15,247.3,0
2022-01-05 15:15:00,247.3,247.65,247.25,247.65,0
2022-01-06 09:15:00,249.6,250.95,249.25,250.25,0
2022-01-06 10:15:00,250.25,251.05,250.2,250.8,0
2022-01-06 11:15:00,250.85,251.05,250.45,250.85,0
2022-01-06 12:15:00,250.85,251.15,250.25,250.4,0
2022-01-06 13:15:00,250.4,250.7,249.75,250.15,0
2022-01-06 14:15:00,250.15,250.2,249.3,250.0,0
2022-01-06 15:15:00,250.0,250.15,249.8,249.9,0
2022-01-07 09:15:00,249.2,249.3,247.8,247.95,0
2022-01-07 10:15:00,248.0,248.85,247.7,248.85,0
2022-01-07 11:15:00,248.85,249.5,248.4,249.25,0
2022-01-07 12:15:00,249.25,250.5,249.15,249.65,0
2022-01-07 13:15:00,249.65,249.95,249.2,249.9,0
2022-01-07 14:15:00,249.9,250.0,248.9,249.05,0
2022-01-07 15:15:00,249.05,249.1,248.75,248.9,0
2022-01-10 09:15:00,247.65,248.15,246.9,246.9,0
2022-01-10 10:15:00,246.9,247.3,246.75,247.0,0
2022-01-10 11:15:00,247.0,247.85,246.95,247.3,0
2022-01-10 12:15:00,247.3,247.35,246.75,246.95,0
2022-01-10 13:15:00,246.95,247.15,246.7,246.95,0
2022-01-10 14:15:00,246.95,247.0,246.35,246.4,0
2022-01-10 15:15:00,246.4,246.5,246.2,246.4,0
2022-01-11 09:15:00,246.5,246.9,245.75,246.6,0
2022-01-11 10:15:00,246.6,246.95,245.85,246.0,0
2022-01-11 11:15:00,246.0,246.15,245.65,246.1,0
2022-01-11 12:15:00,246.1,246.15,245.6,245.6,0
2022-01-11 13:15:00,245.6,246.0,245.35,245.6,0
2022-01-11 14:15:00,245.6,246.45,245.4,245.7,0
2022-01-11 15:15:00,245.7,245.85,245.6,245.65,0
2022-01-12 09:15:00,244.2,244.75,244.05,244.4,0
2022-01-12 10:15:00,244.4,244.55,243.75,243.8,0
2022-01-12 11:15:00,243.85,244.0,243.5,243.85,0
2022-01-12 12:15:00,243.85,244.1,243.8,243.95,0
2022-01-12 13:15:00,244.0,244.35,243.8,244.15,0
2022-01-12 14:15:00,244.15,244.3,243.4,243.55,0
2022-01-12 15:15:00,243.6,243.9,243.55,243.8,0
2022-01-13 09:15:00,243.05,243.95,242.85,243.85,0
2022-01-13 10:15:00,243.85,244.3,243.4,243.6,0
2022-01-13 11:15:00,243.6,243.6,243.1,243.15,0
2022-01-13 12:15:00,243.15,243.75,243.05,243.6,0
2022-01-13 13:15:00,243.6,244.0,243.2,243.55,0
2022-01-13 14:15:00,243.55,243.75,242.85,242.85,0
2022-01-13 15:15:00,242.85,243.05,242.85,243.05,0
2022-01-14 09:15:00,244.0,244.85,243.4,243.8,0
2022-01-14 10:15:00,243.8,244.45,243.6,244.0,0
2022-01-14 11:15:00,244.0,244.6,243.85,243.9,0
2022-01-14 12:15:00,243.9,244.1,243.45,243.6,0
2022-01-14 13:15:00,243.6,243.7,243.15,243.45,0
2022-01-14 14:15:00,243.45,243.6,242.65,243.1,0
2022-01-14 15:15:00,243.1,243.4,243.05,243.35,0
2022-01-17 09:15:00,243.4,243.45,242.5,242.7,0
2022-01-17 10:15:00,242.7,242.95,242.4,242.55,0
2022-01-17 11:15:00,242.55,242.8,242.4,242.65,0
2022-01-17 12:15:00,242.6,242.85,242.5,242.6,0
2022-01-17 13:15:00,242.6,243.1,242.45,242.6,0
2022-01-17 14:15:00,242.6,242.65,242.3,242.5,0
2022-01-17 15:15:00,242.5,242.55,242.35,242.45,0
2022-01-18 09:15:00,242.1,243.85,241.9,243.4,0
2022-01-18 10:15:00,243.45,244.1,243.3,243.4,0
2022-01-18 11:15:00,243.45,243.45,243.0,243.15,0
2022-01-18 12:15:00,243.15,243.2,242.35,242.45,0
2022-01-18 13:15:00,242.45,243.3,242.35,242.85,0
2022-01-18 14:15:00,242.85,245.4,242.8,245.25,0
2022-01-18 15:15:00,245.25,245.4,244.8,245.05,0
2022-01-19 09:15:00,244.85,247.3,244.85,246.1,0
2022-01-19 10:15:00,246.1,247.05,245.75,246.95,0
2022-01-19 11:15:00,246.9,247.4,246.65,247.15,0
2022-01-19 12:15:00,247.15,248.15,246.95,247.6,0
2022-01-19 13:15:00,247.6,248.15,247.45,247.6,0
2022-01-19 14:15:00,247.6,248.05,247.15,247.35,0
2022-01-19 15:15:00,247.35,247.65,247.3,247.4,0
2022-01-20 09:15:00,247.7,248.85,247.55,248.8,0
2022-01-20 10:15:00,248.8,249.4,248.55,249.25,0
2022-01-20 11:15:00,249.25,249.8,249.15,249.55,0
2022-01-20 12:15:00,249.55,249.8,248.9,249.8,0
2022-01-20 13:15:00,249.8,251.15,249.75,250.7,0
2022-01-20 14:15:00,250.7,251.45,249.85,249.85,0
2022-01-20 15:15:00,249.85,250.05,249.6,249.6,0
2022-01-21 09:15:00,252.05,253.25,251.1,251.8,0
2022-01-21 10:15:00,251.8,252.8,251.65,252.05,0
2022-01-21 11:15:00,252.05,252.35,251.5,251.5,0
2022-01-21 12:15:00,251.5,251.7,250.7,250.8,0
2022-01-21 13:15:00,250.8,252.3,250.8,252.25,0
2022-01-21 14:15:00,252.25,253.8,251.75,252.0,0
2022-01-21 15:15:00,252.0,252.0,251.5,251.5,0
2022-01-24 09:15:00,252.65,255.1,252.35,254.75,0
2022-01-24 10:15:00,254.75,255.65,254.7,255.3,0
2022-01-24 11:15:00,255.35,256.9,255.25,256.8,0
2022-01-24 12:15:00,256.8,257.9,256.7,257.3,0
2022-01-24 13:15:00,257.25,260.9,257.2,260.9,0
2022-01-24 14:15:00,260.85,260.85,258.3,258.35,0
2022-01-24 15:15:00,258.35,259.35,258.3,259.3,0
2022-01-25 09:15:00,261.0,263.5,258.0,259.95,0
2022-01-25 10:15:00,259.95,260.95,259.6,259.85,0
2022-01-25 11:15:00,259.85,260.3,259.25,259.85,0
2022-01-25 12:15:00,259.85,260.35,259.05,259.1,0
2022-01-25 13:15:00,259.1,259.15,257.5,257.95,0
2022-01-25 14:15:00,257.95,258.3,256.7,256.7,0
2022-01-25 15:15:00,256.7,257.1,256.4,257.0,0
2022-01-27 09:15:00,260.1,262.05,260.05,260.75,0
2022-01-27 10:15:00,260.75,261.85,260.65,261.45,0
2022-01-27 11:15:00,261.45,262.8,261.45,262.8,0
2022-01-27 12:15:00,262.8,263.0,260.85,260.9,0
2022-01-27 13:15:00,260.95,261.2,259.7,260.15,0
2022-01-27 14:15:00,260.15,260.35,258.35,259.2,0
2022-01-27 15:15:00,259.2,259.6,258.6,258.8,0
2022-01-28 09:15:00,257.95,257.95,255.65,256.05,0
2022-01-28 10:15:00,256.05,256.95,255.9,256.25,0
2022-01-28 11:15:00,256.25,256.55,255.7,255.75,0
2022-01-28 12:15:00,255.75,256.1,255.45,255.95,0
2022-01-28 13:15:00,255.95,258.85,255.8,258.55,0
2022-01-28 14:15:00,258.6,259.9,257.95,259.75,0
2022-01-28 15:15:00,259.75,259.85,259.3,259.5,0
2022-01-31 09:15:00,256.6,257.05,255.7,256.05,0
2022-01-31 10:15:00,256.05,257.15,255.7,256.05,0
2022-01-31 11:15:00,256.0,256.45,255.2,255.3,0
2022-01-31 12:15:00,255.3,255.85,255.0,255.25,0
2022-01-31 13:15:00,255.25,256.25,254.95,255.4,0
2022-01-31 14:15:00,255.4,256.1,255.0,256.0,0
2022-01-31 15:15:00,256.0,256.4,255.8,256.05,0
2022-02-01 09:15:00,253.25,254.1,252.45,252.5,0
2022-02-01 10:15:00,252.5,253.1,252.25,252.7,0
2022-02-01 11:15:00,252.7,254.35,251.85,252.4,0
2022-02-01 12:15:00,252.4,257.1,252.0,256.9,0
2022-02-01 13:15:00,256.95,257.45,252.85,253.05,0
2022-02-01 14:15:00,253.05,253.3,252.05,252.75,0
2022-02-01 15:15:00,252.75,252.75,252.1,252.15,0
2022-02-02 09:15:00,250.7,251.15,250.1,250.45,0
2022-02-02 10:15:00,250.45,251.1,250.1,250.4,0
2022-02-02 11:15:00,250.4,250.55,249.8,250.1,0
2022-02-02 12:15:00,250.1,250.35,249.85,250.15,0
2022-02-02 13:15:00,250.15,250.4,249.6,249.7,0
2022-02-02 14:15:00,249.7,250.05,249.55,249.65,0
2022-02-02 15:15:00,249.65,249.7,249.45,249.45,0
2022-02-03 09:15:00,249.85,251.05,249.75,250.65,0
2022-02-03 10:15:00,250.65,251.0,250.5,250.75,0
2022-02-03 11:15:00,250.75,251.8,250.7,251.75,0
2022-02-03 12:15:00,251.75,251.85,250.85,251.25,0
2022-02-03 13:15:00,251.25,252.4,251.2,251.75,0
2022-02-03 14:15:00,251.75,252.7,251.6,252.6,0
2022-02-03 15:15:00,252.6,253.4,252.6,253.3,0
2022-02-04 09:15:00,252.35,253.9,251.95,253.0,0
2022-02-04 10:15:00,253.0,253.45,252.6,252.65,0
2022-02-04 11:15:00,252.65,253.55,252.45,253.4,0
2022-02-04 12:15:00,253.4,254.15,253.1,253.95,0
2022-02-04 13:15:00,253.95,254.15,252.6,253.0,0
2022-02-04 14:15:00,253.0,253.85,252.7,253.2,0
2022-02-04 15:15:00,253.2,253.7,253.2,253.6,0
2022-02-07 09:15:00,254.35,255.3,253.2,254.95,0
2022-02-07 10:15:00,254.95,256.2,254.7,256.05,0
2022-02-07 11:15:00,256.05,257.1,256.05,257.05,0
2022-02-07 12:15:00,257.05,257.25,256.15,257.15,0
2022-02-07 13:15:00,257.2,259.2,256.9,258.4,0
2022-02-07 14:15:00,258.4,258.7,257.5,257.8,0
2022-02-07 15:15:00,257.8,258.25,257.75,257.95,0
2022-02-08 09:15:00,256.9,258.45,256.55,258.2,0
2022-02-08 10:15:00,258.25,260.45,258.15,259.85,0
2022-02-08 11:15:00,259.85,260.0,257.85,258.4,0
2022-02-08 12:15:00,258.4,259.2,257.05,259.05,0
2022-02-08 13:15:00,259.05,259.3,257.8,258.65,0
2022-02-08 14:15:00,258.7,259.1,256.65,256.9,0
2022-02-08 15:15:00,256.9,257.7,256.85,257.5,0
2022-02-09 09:15:00,255.6,255.95,254.6,254.9,0
2022-02-09 10:15:00,254.9,255.65,254.8,255.25,0
2022-02-09 11:15:00,255.25,255.35,254.8,255.0,0
2022-02-09 12:15:00,255.0,255.45,254.65,255.4,0
2022-02-09 13:15:00,255.45,255.55,254.45,254.5,0
2022-02-09 14:15:00,254.5,254.65,254.05,254.2,0
2022-02-09 15:15:00,254.25,254.25,254.0,254.1,0
2022-02-10 09:15:00,252.9,254.75,252.9,253.55,0
2022-02-10 10:15:00,253.55,253.95,252.3,252.45,0
2022-02-10 11:15:00,252.45,252.85,251.9,252.3,0
2022-02-10 12:15:00,252.3,252.7,251.95,252.2,0
2022-02-10 13:15:00,252.2,252.55,251.7,251.85,0
2022-02-10 14:15:00,251.9,252.3,251.65,252.25,0
2022-02-10 15:15:00,252.25,252.5,252.0,252.45,0
2022-02-11 09:15:00,254.4,256.35,254.4,256.1,0
2022-02-11 10:15:00,256.15,256.5,255.7,256.2,0
2022-02-11 11:15:00,256.2,256.5,255.75,255.75,0
2022-02-11 12:15:00,255.75,255.85,255.0,255.0,0
2022-02-11 13:15:00,255.0,255.85,254.45,255.45,0
2022-02-11 14:15:00,255.45,256.0,255.15,255.35,0
2022-02-11 15:15:00,255.35,255.95,255.3,255.9,0
2022-02-14 09:15:00,259.95,262.25,259.95,260.6,0
2022-02-14 10:15:00,260.6,261.05,259.85,260.6,0
2022-02-14 11:15:00,260.6,261.2,260.5,260.85,0
2022-02-14 12:15:00,260.85,261.65,260.5,260.75,0
2022-02-14 13:15:00,260.75,262.3,260.35,262.2,0
2022-02-14 14:15:00,262.2,263.5,261.7,263.45,0
2022-02-14 15:15:00,263.45,263.85,263.2,263.7,0
2022-02-15 09:15:00,262.0,263.45,261.0,262.95,0
2022-02-15 10:15:00,262.95,263.05,261.55,261.85,0
2022-02-15 11:15:00,261.85,261.85,259.6,259.85,0
2022-02-15 12:15:00,259.85,260.45,259.1,259.4,0
2022-02-15 13:15:00,259.4,259.95,256.25,256.5,0
2022-02-15 14:15:00,256.45,256.9,255.35,255.45,0
2022-02-15 15:15:00,255.45,255.5,255.1,255.4,0
2022-02-16 09:15:00,254.65,256.0,254.05,255.75,0
2022-02-16 10:15:00,255.75,256.85,255.15,256.4,0
2022-02-16 11:15:00,256.4,256.4,255.6,255.7,0
2022-02-16 12:15:00,255.7,255.7,254.35,254.55,0
2022-02-16 13:15:00,254.55,254.85,253.45,253.9,0
2022-02-16 14:15:00,253.9,256.4,253.8,255.8,0
2022-02-16 15:15:00,255.8,256.45,255.8,256.35,0
2022-02-17 09:15:00,254.85,256.75,254.15,256.05,0
2022-02-17 10:15:00,256.05,257.2,255.1,255.3,0
2022-02-17 11:15:00,255.3,255.9,254.85,255.05,0
2022-02-17 12:15:00,255.05,255.25,254.5,255.05,0
2022-02-17 13:15:00,255.05,255.8,254.55,255.8,0
2022-02-17 14:15:00,255.8,256.5,255.25,256.5,0
2022-02-17 15:15:00,256.5,256.6,256.3,256.55,0
2022-02-18 09:15:00,257.25,257.45,255.95,256.3,0
2022-02-18 10:15:00,256.3,256.95,255.9,255.95,0
2022-02-18 11:15:00,255.95,256.3,255.6,255.65,0
2022-02-18 12:15:00,255.65,255.9,255.1,255.4,0
2022-02-18 13:15:00,255.4,256.2,255.3,256.2,0
2022-02-18 14:15:00,256.15,257.05,256.05,256.6,0
2022-02-18 15:15:00,256.6,256.85,256.55,256.75,0
2022-02-21 09:15:00,257.95,259.75,257.4,258.9,0
2022-02-21 10:15:00,258.9,259.25,257.45,257.45,0
2022-02-21 11:15:00,257.45,257.7,256.15,256.35,0
2022-02-21 12:15:00,256.35,256.8,255.6,255.65,0
2022-02-21 13:15:00,255.65,257.35,255.6,257.35,0
2022-02-21 14:15:00,257.35,258.05,256.85,257.9,0
2022-02-21 15:15:00,257.9,258.0,257.6,257.8,0
2022-02-22 09:15:00,263.15,263.15,261.25,262.0,0
2022-02-22 10:15:00,262.0,262.15,260.85,261.1,0
2022-02-22 11:15:00,261.1,261.8,260.5,261.35,0
2022-02-22 12:15:00,261.35,262.25,261.15,261.85,0
2022-02-22 13:15:00,261.8,262.2,259.65,259.7,0
2022-02-22 14:15:00,259.7,260.15,258.65,259.4,0
2022-02-22 15:15:00,259.4,259.8,259.2,259.65,0
2022-02-23 09:15:00,257.95,258.85,257.55,258.65,0
2022-02-23 10:15:00,258.65,259.1,258.25,258.4,0
2022-02-23 11:15:00,258.4,258.4,257.85,258.3,0
2022-02-23 12:15:00,258.35,258.9,258.2,258.4,0
2022-02-23 13:15:00,258.4,259.25,258.25,258.7,0
2022-02-23 14:15:00,258.7,260.2,258.4,260.2,0
2022-02-23 15:15:00,260.2,260.5,260.0,260.05,0
2022-02-24 09:15:00,267.8,269.25,265.45,268.05,0
2022-02-24 10:15:00,268.05,268.2,267.0,267.35,0
2022-02-24 11:15:00,267.35,267.75,266.15,267.35,0
2022-02-24 12:15:00,267.35,269.5,267.3,268.0,0
2022-02-24 13:15:00,268.0,269.85,267.95,269.4,0
2022-02-24 14:15:00,269.4,272.8,269.0,272.0,0
2022-02-24 15:15:00,272.0,273.05,271.9,272.85,0
2022-02-25 09:15:00,267.9,268.35,265.0,265.9,0
2022-02-25 10:15:00,265.85,266.0,264.0,264.8,0
2022-02-25 11:15:00,264.8,265.6,264.25,265.6,0
2022-02-25 12:15:00,265.6,266.55,264.75,265.3,0
2022-02-25 13:15:00,265.3,266.4,265.15,265.3,0
2022-02-25 14:15:00,265.3,266.05,264.55,265.55,0
2022-02-25 15:15:00,265.55,265.75,265.25,265.35,0
2022-02-28 09:15:00,268.4,270.4,268.15,268.9,0
2022-02-28 10:15:00,268.9,269.1,266.4,266.65,0
2022-02-28 11:15:00,266.65,266.85,264.7,265.35,0
2022-02-28 12:15:00,265.35,265.7,264.3,264.65,0
2022-02-28 13:15:00,264.65,265.9,264.35,264.95,0
2022-02-28 14:15:00,264.95,265.2,263.1,263.35,0
2022-02-28 15:15:00,263.35,263.7,263.25,263.5,0
2022-03-02 09:15:00,266.65,267.4,265.3,266.65,0
2022-03-02 10:15:00,266.65,267.3,266.1,266.9,0
2022-03-02 11:15:00,266.9,267.95,266.4,267.9,0
2022-03-02 12:15:00,267.9,268.4,266.9,267.35,0
2022-03-02 13:15:00,267.35,267.85,267.05,267.7,0
2022-03-02 14:15:00,267.7,268.35,266.35,266.4,0
2022-03-02 15:15:00,266.4,266.55,265.9,266.1,0
2022-03-03 09:15:00,264.6,266.4,263.85,265.9,0
2022-03-03 10:15:00,265.9,266.45,265.7,265.75,0
2022-03-03 11:15:00,265.75,266.05,265.55,265.9,0
2022-03-03 12:15:00,265.9,268.15,265.9,267.8,0
2022-03-03 13:15:00,267.85,268.5,266.95,267.95,0
2022-03-03 14:15:00,267.95,269.05,267.15,267.75,0
2022-03-03 15:15:00,267.75,268.15,267.5,268.05,0
2022-03-04 09:15:00,270.8,272.8,270.8,272.75,0
2022-03-04 10:15:00,272.8,274.15,272.6,273.75,0
2022-03-04 11:15:00,273.75,273.8,271.95,272.2,0
2022-03-04 12:15:00,272.2,272.45,269.8,270.5,0
2022-03-04 13:15:00,270.5,271.0,268.9,270.75,0
2022-03-04 14:15:00,270.75,272.55,270.0,272.35,0
2022-03-04 15:15:00,272.35,272.75,272.15,272.35,0
2022-03-07 09:15:00,278.75,280.3,278.15,280.1,0
2022-03-07 10:15:00,280.1,280.85,278.45,278.95,0
2022-03-07 11:15:00,278.95,279.0,277.45,278.35,0
2022-03-07 12:15:00,278.35,279.05,277.55,279.0,0
2022-03-07 13:15:00,279.0,280.75,278.55,280.6,0
2022-03-07 14:15:00,280.65,281.3,278.6,278.75,0
2022-03-07 15:15:00,278.75,278.9,278.2,278.45,0
2022-03-08 09:15:00,280.9,280.9,278.3,278.4,0
2022-03-08 10:15:00,278.45,280.65,278.35,280.1,0
2022-03-08 11:15:00,280.1,281.75,280.1,281.25,0
2022-03-08 12:15:00,281.2,282.2,280.5,281.05,0
2022-03-08 13:15:00,281.05,282.05,278.0,278.95,0
2022-03-08 14:15:00,278.95,279.7,275.95,276.15,0
2022-03-08 15:15:00,276.15,276.35,275.95,276.2,0
2022-03-09 09:15:00,275.1,276.6,273.85,273.95,0
2022-03-09 10:15:00,273.95,274.35,273.5,274.2,0
2022-03-09 11:15:00,274.2,274.7,273.1,273.3,0
2022-03-09 12:15:00,273.35,273.35,270.85,270.95,0
2022-03-09 13:15:00,271.0,272.3,270.35,270.6,0
2022-03-09 14:15:00,270.6,270.8,269.25,270.45,0
2022-03-09 15:15:00,270.4,270.75,270.1,270.15,0
2022-03-10 09:15:00,263.7,266.2,263.7,264.35,0
2022-03-10 10:15:00,264.35,264.7,263.75,264.0,0
2022-03-10 11:15:00,264.0,264.85,263.95,264.75,0
2022-03-10 12:15:00,264.75,266.3,264.45,265.8,0
2022-03-10 13:15:00,265.8,268.85,265.1,267.55,0
2022-03-10 14:15:00,267.55,268.25,265.85,266.05,0
2022-03-10 15:15:00,266.05,267.1,266.0,266.85,0
2022-03-11 09:15:00,267.5,268.4,264.85,265.7,0
2022-03-11 10:15:00,265.7,267.25,265.6,266.2,0
2022-03-11 11:15:00,266.2,266.45,265.4,265.7,0
2022-03-11 12:15:00,265.7,266.75,265.35,266.55,0
2022-03-11 13:15:00,266.55,266.9,265.8,266.1,0
2022-03-11 14:15:00,266.1,266.5,265.5,265.9,0
2022-03-11 15:15:00,265.9,266.0,265.75,266.0,0
2022-03-14 09:15:00,265.9,266.3,264.8,265.15,0
2022-03-14 10:15:00,265.15,265.65,264.4,264.45,0
2022-03-14 11:15:00,264.45,264.55,263.8,264.3,0
2022-03-14 12:15:00,264.35,264.5,263.45,263.55,0
2022-03-14 13:15:00,263.5,263.9,263.05,263.05,0
2022-03-14 14:15:00,263.05,263.05,261.8,262.05,0
2022-03-14 15:15:00,262.05,262.4,261.8,261.85,0
2022-03-15 09:15:00,261.65,263.1,261.25,262.25,0
2022-03-15 10:15:00,262.25,262.7,261.75,262.4,0
2022-03-15 11:15:00,262.4,262.75,261.85,262.0,0
2022-03-15 12:15:00,262.0,264.35,262.0,264.2,0
2022-03-15 13:15:00,264.2,265.85,264.15,265.65,0
2022-03-15 14:15:00,265.65,267.0,264.65,265.2,0
2022-03-15 15:15:00,265.25,265.7,265.1,265.6,0
2022-03-16 09:15:00,261.95,262.4,260.9,262.3,0
2022-03-16 10:15:00,262.3,262.55,261.55,261.9,0
2022-03-16 11:15:00,261.9,261.95,261.15,261.35,0
2022-03-16 12:15:00,261.35,262.15,260.95,262.15,0
2022-03-16 13:15:00,262.15,262.4,261.25,261.95,0
2022-03-16 14:15:00,261.95,262.05,260.2,260.35,0
2022-03-16 15:15:00,260.35,260.55,260.3,260.55,0
2022-03-17 09:15:00,256.9,257.35,255.95,255.95,0
2022-03-17 10:15:00,255.95,256.25,255.75,256.0,0
2022-03-17 11:15:00,256.0,256.15,255.35,255.65,0
2022-03-17 12:15:00,255.6,255.8,255.0,255.4,0
2022-03-17 13:15:00,255.4,255.75,254.75,255.25,0
2022-03-17 14:15:00,255.25,256.05,254.95,255.85,0
2022-03-17 15:15:00,255.85,255.95,255.3,255.45,0
2022-03-21 09:15:00,255.1,256.6,254.75,256.55,0
2022-03-21 10:15:00,256.55,256.9,255.9,256.25,0
2022-03-21 11:15:00,256.25,256.7,255.85,256.65,0
2022-03-21 12:15:00,256.65,258.15,256.45,258.0,0
2022-03-21 13:15:00,258.0,258.3,257.15,257.45,0
2022-03-21 14:15:00,257.45,258.55,257.4,258.15,0
2022-03-21 15:15:00,258.15,258.4,258.05,258.3,0
2022-03-22 09:15:00,258.2,259.55,257.9,259.5,0
2022-03-22 10:15:00,259.5,259.95,259.0,259.1,0
2022-03-22 11:15:00,259.1,259.8,258.75,259.55,0
2022-03-22 12:15:00,259.55,259.65,256.55,256.55,0
2022-03-22 13:15:00,256.55,256.85,255.2,255.6,0
2022-03-22 14:15:00,255.6,256.55,255.25,255.25,0
2022-03-22 15:15:00,255.25,255.3,255.0,255.05,0
2022-03-23 09:15:00,253.95,255.05,253.45,254.65,0
2022-03-23 10:15:00,254.65,255.45,254.25,255.15,0
2022-03-23 11:15:00,255.15,256.3,254.8,255.75,0
2022-03-23 12:15:00,255.75,256.75,255.6,256.1,0
2022-03-23 13:15:00,256.1,257.0,255.65,256.3,0
2022-03-23 14:15:00,256.3,256.45,255.4,256.2,0
2022-03-23 15:15:00,256.2,256.75,256.15,256.65,0
2022-03-24 09:15:00,258.6,258.6,256.1,256.2,0
2022-03-24 10:15:00,256.2,256.95,255.85,255.95,0
2022-03-24 11:15:00,255.95,257.3,255.65,257.2,0
2022-03-24 12:15:00,257.2,257.8,257.15,257.75,0
2022-03-24 13:15:00,257.75,257.8,256.6,256.65,0
2022-03-24 14:15:00,256.65,257.1,256.2,256.65,0
2022-03-24 15:15:00,256.65,257.15,256.6,257.05,0
2022-03-25 09:15:00,255.75,257.5,255.7,257.2,0
2022-03-25 10:15:00,257.2,257.65,257.05,257.3,0
2022-03-25 11:15:00,257.3,258.25,257.1,258.15,0
2022-03-25 12:15:00,258.15,258.25,257.6,257.85,0
2022-03-25 13:15:00,257.9,258.9,257.8,258.5,0
2022-03-25 14:15:00,258.5,258.6,257.85,258.05,0
2022-03-25 15:15:00,258.05,258.05,257.1,257.4,0
2022-03-28 09:15:00,257.4,259.55,257.25,259.45,0
2022-03-28 10:15:00,259.45,260.05,259.3,259.45,0
2022-03-28 11:15:00,259.45,260.05,259.15,259.35,0
2022-03-28 12:15:00,259.35,259.35,256.8,256.8,0
2022-03-28 13:15:00,256.85,258.05,256.75,257.55,0
2022-03-28 14:15:00,257.5,257.8,256.65,256.8,0
2022-03-28 15:15:00,256.8,256.95,256.6,256.85,0
2022-03-29 09:15:00,255.7,256.2,255.3,255.9,0
2022-03-29 10:15:00,255.9,256.5,255.6,255.85,0
2022-03-29 11:15:00,255.85,256.45,255.65,256.15,0
2022-03-29 12:15:00,256.15,256.3,255.5,255.95,0
2022-03-29 13:15:00,256.0,256.6,255.8,255.9,0
2022-03-29 14:15:00,255.9,256.1,255.25,255.35,0
2022-03-29 15:15:00,255.35,255.4,255.0,255.1,0
2022-03-30 09:15:00,253.2,254.35,253.2,253.45,0
2022-03-30 10:15:00,253.45,253.45,252.55,252.65,0
2022-03-30 11:15:00,252.65,252.95,252.5,252.95,0
2022-03-30 12:15:00,252.9,253.2,252.75,252.85,0
2022-03-30 13:15:00,252.8,253.85,252.6,253.35,0
2022-03-30 14:15:00,253.35,253.35,252.4,252.75,0
2022-03-30 15:15:00,252.75,253.35,252.7,253.15,0
2022-03-31 09:15:00,252.45,252.95,251.9,252.15,0
2022-03-31 10:15:00,252.15,252.7,252.05,252.55,0
2022-03-31 11:15:00,252.55,253.35,252.5,253.05,0
2022-03-31 12:15:00,253.05,253.1,252.3,252.5,0
2022-03-31 13:15:00,252.5,253.45,252.4,253.35,0
2022-03-31 14:15:00,253.4,253.65,252.85,253.2,0
2022-03-31 15:15:00,253.2,253.45,253.15,253.2,0
2022-04-01 09:15:00,253.7,253.75,252.1,252.4,0
2022-04-01 10:15:00,252.4,252.5,251.95,252.05,0
2022-04-01 11:15:00,252.05,252.6,252.05,252.4,0
2022-04-01 12:15:00,252.4,252.55,252.0,252.2,0
2022-04-01 13:15:00,252.25,252.25,251.4,251.55,0
2022-04-01 14:15:00,251.55,251.75,250.25,250.3,0
2022-04-01 15:15:00,250.3,250.3,249.85,250.05,0
2022-04-04 09:15:00,248.4,248.6,244.45,244.8,0
2022-04-04 10:15:00,244.75,246.2,244.55,246.05,0
2022-04-04 11:15:00,246.05,246.8,245.3,246.75,0
2022-04-04 12:15:00,246.75,247.3,246.0,246.05,0
2022-04-04 13:15:00,246.05,246.2,245.45,245.8,0
2022-04-04 14:15:00,245.8,245.8,244.7,244.85,0
2022-04-04 15:15:00,244.85,245.25,244.75,245.15,0
2022-04-05 09:15:00,244.6,246.05,244.5,245.7,0
2022-04-05 10:15:00,245.75,246.2,245.25,245.5,0
2022-04-05 11:15:00,245.5,245.7,245.3,245.35,0
2022-04-05 12:15:00,245.35,245.8,244.75,244.8,0
2022-04-05 13:15:00,244.75,245.85,244.4,245.5,0
2022-04-05 14:15:00,245.5,246.4,245.3,246.35,0
2022-04-05 15:15:00,246.4,246.75,246.25,246.65,0
2022-04-06 09:15:00,247.85,248.35,247.05,248.05,0
2022-04-06 10:15:00,248.0,248.7,247.8,248.1,0
2022-04-06 11:15:00,248.05,248.25,247.45,247.65,0
2022-04-06 12:15:00,247.65,248.2,247.1,247.9,0
2022-04-06 13:15:00,247.9,248.6,247.85,248.45,0
2022-04-06 14:15:00,248.45,248.7,247.85,248.3,0
2022-04-06 15:15:00,248.3,248.5,248.25,248.45,0
2022-04-07 09:15:00,249.55,249.85,249.25,249.5,0
2022-04-07 10:15:00,249.5,250.25,249.4,250.0,0
2022-04-07 11:15:00,249.95,250.05,248.85,249.0,0
2022-04-07 12:15:00,249.0,249.35,248.65,249.2,0
2022-04-07 13:15:00,249.15,250.7,249.05,250.6,0
2022-04-07 14:15:00,250.6,250.9,250.25,250.8,0
2022-04-07 15:15:00,250.8,250.9,250.5,250.5,0
2022-04-08 09:15:00,249.9,251.05,249.55,250.2,0
2022-04-08 10:15:00,250.2,251.25,250.1,250.8,0
2022-04-08 11:15:00,250.8,251.0,249.6,249.75,0
2022-04-08 12:15:00,249.75,249.9,249.15,249.45,0
2022-04-08 13:15:00,249.45,249.6,247.85,248.0,0
2022-04-08 14:15:00,248.0,248.95,247.95,248.9,0
2022-04-08 15:15:00,248.9,248.9,248.45,248.45,0
2022-04-11 09:15:00,249.35,250.55,249.15,249.8,0
2022-04-11 10:15:00,249.8,250.4,249.5,250.1,0
2022-04-11 11:15:00,250.15,250.2,249.5,249.55,0
2022-04-11 12:15:00,249.55,250.25,249.25,249.35,0
2022-04-11 13:15:00,249.35,249.8,248.8,249.4,0
2022-04-11 14:15:00,249.4,250.6,249.25,250.15,0
2022-04-11 15:15:00,250.2,250.4,250.15,250.2,0
2022-04-12 09:15:00,251.6,252.9,251.45,252.85,0
2022-04-12 10:15:00,252.85,253.3,252.4,252.75,0
2022-04-12 11:15:00,252.7,252.95,252.3,252.4,0
2022-04-12 12:15:00,252.4,253.25,252.3,253.2,0
2022-04-12 13:15:00,253.2,253.6,252.05,252.1,0
2022-04-12 14:15:00,252.1,252.4,251.45,252.35,0
2022-04-12 15:15:00,252.35,252.6,252.35,252.5,0
2022-04-13 09:15:00,251.35,252.05,250.45,252.05,0
2022-04-13 10:15:00,252.05,252.45,251.75,252.2,0
2022-04-13 11:15:00,252.15,253.05,251.9,253.05,0
2022-04-13 12:15:00,253.05,253.4,252.65,252.7,0
2022-04-13 13:15:00,252.7,253.15,252.55,252.65,0
2022-04-13 14:15:00,252.65,253.3,252.4,253.25,0
2022-04-13 15:15:00,253.25,253.35,253.1,253.3,0
2022-04-18 09:15:00,257.55,258.2,256.75,257.95,0
2022-04-18 10:15:00,258.0,258.3,257.7,257.95,0
2022-04-18 11:15:00,257.95,258.2,257.6,258.15,0
2022-04-18 12:15:00,258.15,259.2,258.0,258.75,0
2022-04-18 13:15:00,258.75,258.75,257.85,258.15,0
2022-04-18 14:15:00,258.1,258.4,257.4,257.6,0
2022-04-18 15:15:00,257.6,257.6,257.3,257.5,0
2022-04-19 09:15:00,256.45,258.0,256.2,257.4,0
2022-04-19 10:15:00,257.4,257.85,257.35,257.4,0
2022-04-19 11:15:00,257.4,257.45,256.7,256.7,0
2022-04-19 12:15:00,256.75,257.75,256.5,257.6,0
2022-04-19 13:15:00,257.6,257.6,256.25,256.6,0
2022-04-19 14:15:00,256.65,261.35,256.55,260.85,0
2022-04-19 15:15:00,260.85,262.9,260.7,262.35,0
2022-04-20 09:15:00,259.6,260.65,258.3,258.55,0
2022-04-20 10:15:00,258.55,259.15,258.2,258.45,0
2022-04-20 11:15:00,258.5,259.35,258.3,258.75,0
2022-04-20 12:15:00,258.75,258.85,257.45,258.2,0
2022-04-20 13:15:00,258.2,259.35,257.8,258.8,0
2022-04-20 14:15:00,258.8,259.35,257.8,258.35,0
2022-04-20 15:15:00,258.35,258.4,258.0,258.0,0
2022-04-21 09:15:00,256.75,257.05,256.25,256.35,0
2022-04-21 10:15:00,256.35,256.65,255.15,255.2,0
2022-04-21 11:15:00,255.2,255.55,255.0,255.15,0
2022-04-21 12:15:00,255.15,255.35,254.7,254.9,0
2022-04-21 13:15:00,254.9,255.05,254.45,254.55,0
2022-04-21 14:15:00,254.55,254.7,254.05,254.45,0
2022-04-21 15:15:00,254.45,254.5,254.25,254.3,0
2022-04-22 09:15:00,256.6,257.25,256.35,256.85,0
2022-04-22 10:15:00,256.8,257.0,255.75,255.8,0
2022-04-22 11:15:00,255.8,256.15,255.55,255.9,0
2022-04-22 12:15:00,255.9,256.3,255.65,256.05,0
2022-04-22 13:15:00,256.05,257.35,255.65,256.95,0
2022-04-22 14:15:00,256.95,257.95,256.8,257.6,0
2022-04-22 15:15:00,257.6,257.8,257.55,257.7,0
2022-04-25 09:15:00,260.15,261.3,259.5,259.8,0
2022-04-25 10:15:00,259.8,260.75,259.65,260.25,0
2022-04-25 11:15:00,260.25,260.8,260.05,260.8,0
2022-04-25 12:15:00,260.8,261.7,260.4,260.45,0
2022-04-25 13:15:00,260.45,261.1,260.15,260.7,0
2022-04-25 14:15:00,260.75,261.95,260.75,261.1,0
2022-04-25 15:15:00,261.1,261.2,260.5,260.55,0
2022-04-26 09:15:00,258.45,258.55,257.5,258.0,0
2022-04-26 10:15:00,258.0,258.4,257.85,258.25,0
2022-04-26 11:15:00,258.25,258.25,257.55,258.1,0
2022-04-26 12:15:00,258.1,259.3,257.85,259.0,0
2022-04-26 13:15:00,259.0,259.0,258.0,258.15,0
2022-04-26 14:15:00,258.15,258.65,257.0,257.05,0
2022-04-26 15:15:00,257.05,257.3,256.85,257.2,0
2022-04-27 09:15:00,259.15,259.65,258.6,259.15,0
2022-04-27 10:15:00,259.1,259.8,259.1,259.25,0
2022-04-27 11:15:00,259.25,260.0,259.25,259.8,0
2022-04-27 12:15:00,259.8,260.85,259.55,260.55,0
2022-04-27 13:15:00,260.55,260.55,259.05,259.3,0
2022-04-27 14:15:00,259.35,259.95,258.9,259.7,0
2022-04-27 15:15:00,259.7,259.9,259.45,259.7,0
2022-04-28 09:15:00,257.4,258.95,257.4,258.7,0
2022-04-28 10:15:00,258.7,259.2,258.55,258.75,0
2022-04-28 11:15:00,258.75,258.75,257.45,257.7,0
2022-04-28 12:15:00,257.7,257.75,256.45,256.45,0
2022-04-28 13:15:00,256.45,256.8,255.7,255.75,0
2022-04-28 14:15:00,255.75,256.85,255.4,256.85,0
2022-04-28 15:15:00,256.85,257.0,256.5,256.8,0
2022-04-29 09:15:00,255.35,256.65,255.05,256.15,0
2022-04-29 10:15:00,256.15,256.3,255.2,255.3,0
2022-04-29 11:15:00,255.3,255.4,254.9,255.05,0
2022-04-29 12:15:00,255.05,255.3,254.65,254.75,0
2022-04-29 13:15:00,254.75,256.05,254.6,255.85,0
2022-04-29 14:15:00,255.85,259.15,255.75,259.15,0
2022-04-29 15:15:00,259.15,259.45,258.55,258.55,0
2022-05-02 09:15:00,261.5,261.55,260.15,260.55,0
2022-05-02 10:15:00,260.55,261.05,260.0,260.7,0
2022-05-02 11:15:00,260.7,260.95,259.95,260.0,0
2022-05-02 12:15:00,260.0,260.6,259.65,260.05,0
2022-05-02 13:15:00,260.0,260.65,259.85,260.15,0
2022-05-02 14:15:00,260.15,260.75,259.0,259.3,0
2022-05-02 15:15:00,259.3,259.5,259.2,259.35,0
2022-05-04 09:15:00,258.95,260.15,258.45,260.1,0
2022-05-04 10:15:00,260.1,261.6,260.1,261.35,0
2022-05-04 11:15:00,261.3,262.2,260.85,261.8,0
2022-05-04 12:15:00,261.8,263.1,261.65,262.25,0
2022-05-04 13:15:00,262.25,264.15,260.95,263.45,0
2022-05-04 14:15:00,263.45,266.1,262.7,264.85,0
2022-05-04 15:15:00,264.85,265.55,264.75,265.05,0
2022-05-05 09:15:00,262.5,263.7,261.45,261.45,0
2022-05-05 10:15:00,261.5,262.05,261.1,261.45,0
2022-05-05 11:15:00,261.45,262.95,261.45,262.7,0
2022-05-05 12:15:00,262.7,263.2,261.85,263.15,0
2022-05-05 13:15:00,263.2,265.2,262.6,264.8,0
2022-05-05 14:15:00,264.8,265.7,264.3,265.25,0
2022-05-05 15:15:00,265.25,265.55,265.0,265.5,0
2022-05-06 09:15:00,269.55,269.95,268.45,269.75,0
2022-05-06 10:15:00,269.75,270.65,269.5,270.2,0
2022-05-06 11:15:00,270.2,270.7,269.3,269.5,0
2022-05-06 12:15:00,269.5,270.4,269.4,270.25,0
2022-05-06 13:15:00,270.25,270.5,268.7,269.0,0
2022-05-06 14:15:00,269.05,270.15,268.45,269.6,0
2022-05-06 15:15:00,269.6,269.6,269.1,269.15,0
2022-05-09 09:15:00,272.7,274.1,272.0,272.55,0
2022-05-09 10:15:00,272.55,272.9,272.15,272.55,0
2022-05-09 11:15:00,272.55,272.75,271.0,271.15,0
2022-05-09 12:15:00,271.15,271.5,269.85,270.9,0
2022-05-09 13:15:00,270.9,272.65,270.65,272.35,0
2022-05-09 14:15:00,272.3,272.45,269.85,271.4,0
2022-05-09 15:15:00,271.4,271.5,271.15,271.4,0
2022-05-10 09:15:00,272.4,272.4,270.7,272.05,0
2022-05-10 10:15:00,272.0,272.1,271.0,271.25,0
2022-05-10 11:15:00,271.2,271.75,270.05,270.1,0
2022-05-10 12:15:00,270.1,270.55,269.8,270.4,0
2022-05-10 13:15:00,270.4,271.4,270.15,270.4,0
2022-05-10 14:15:00,270.4,272.8,270.3,272.55,0
2022-05-10 15:15:00,272.55,273.25,272.45,273.1,0
2022-05-11 09:15:00,272.1,274.25,271.3,274.05,0
2022-05-11 10:15:00,274.05,275.4,273.55,275.05,0
2022-05-11 11:15:00,275.05,275.1,273.85,274.35,0
2022-05-11 12:15:00,274.35,276.35,274.2,276.2,0
2022-05-11 13:15:00,276.2,276.75,273.55,273.7,0
2022-05-11 14:15:00,273.7,274.5,272.85,274.05,0
2022-05-11 15:15:00,274.0,274.0,273.2,273.2,0
2022-05-12 09:15:00,276.3,279.2,276.05,278.8,0
2022-05-12 10:15:00,278.8,279.5,277.9,279.45,0
2022-05-12 11:15:00,279.45,279.6,278.55,278.7,0
2022-05-12 12:15:00,278.65,280.05,278.6,279.55,0
2022-05-12 13:15:00,279.5,280.4,278.55,280.25,0
2022-05-12 14:15:00,280.25,281.1,279.4,279.75,0
2022-05-12 15:15:00,279.75,280.0,279.55,279.6,0
2022-05-13 09:15:00,276.95,278.5,276.0,278.45,0
2022-05-13 10:15:00,278.45,278.55,276.35,276.5,0
2022-05-13 11:15:00,276.5,277.1,275.55,276.05,0
2022-05-13 12:15:00,276.05,276.6,275.2,275.2,0
2022-05-13 13:15:00,275.2,277.8,275.05,277.7,0
2022-05-13 14:15:00,277.7,281.15,277.45,280.9,0
2022-05-13 15:15:00,280.9,280.95,280.25,280.65,0
2022-05-16 09:15:00,279.4,281.2,277.05,277.65,0
2022-05-16 10:15:00,277.6,278.6,277.45,277.9,0
2022-05-16 11:15:00,277.9,280.1,277.8,279.95,0
2022-05-16 12:15:00,279.95,280.75,279.05,279.95,0
2022-05-16 13:15:00,280.0,280.15,278.3,278.85,0
2022-05-16 14:15:00,278.85,280.0,278.35,279.8,0
2022-05-16 15:15:00,279.8,279.85,279.0,279.05,0
2022-05-17 09:15:00,278.2,278.3,276.85,276.9,0
2022-05-17 10:15:00,276.9,276.9,274.7,275.3,0
2022-05-17 11:15:00,275.35,275.45,274.0,274.85,0
2022-05-17 12:15:00,274.85,274.85,273.65,273.65,0
2022-05-17 13:15:00,273.65,274.5,272.85,272.85,0
2022-05-17 14:15:00,272.85,273.3,271.95,272.3,0
2022-05-17 15:15:00,272.3,272.35,271.7,271.7,0
2022-05-18 09:15:00,271.15,271.75,269.8,270.8,0
2022-05-18 10:15:00,270.8,271.4,270.25,270.9,0
2022-05-18 11:15:00,270.9,271.05,270.35,270.9,0
2022-05-18 12:15:00,270.9,272.95,270.9,272.2,0
2022-05-18 13:15:00,272.1,272.65,270.55,272.1,0
2022-05-18 14:15:00,272.05,272.7,271.55,272.55,0
2022-05-18 15:15:00,272.55,272.55,272.2,272.2,0
2022-05-19 09:15:00,277.9,278.1,276.8,277.3,0
2022-05-19 10:15:00,277.35,277.95,277.2,277.75,0
2022-05-19 11:15:00,277.75,278.85,277.75,278.85,0
2022-05-19 12:15:00,278.85,279.7,278.4,279.45,0
2022-05-19 13:15:00,279.5,279.6,278.8,279.6,0
2022-05-19 14:15:00,279.6,280.3,279.3,280.15,0
2022-05-19 15:15:00,280.15,280.15,279.2,279.4,0
2022-05-20 09:15:00,275.6,276.3,273.25,273.55,0
2022-05-20 10:15:00,273.55,273.8,272.95,273.2,0
2022-05-20 11:15:00,273.2,273.95,272.65,273.75,0
2022-05-20 12:15:00,273.75,274.3,272.55,272.75,0
2022-05-20 13:15:00,272.7,273.15,272.4,272.5,0
2022-05-20 14:15:00,272.5,273.15,271.45,271.45,0
2022-05-20 15:15:00,271.45,271.9,271.4,271.45,0
2022-05-23 09:15:00,271.35,272.75,270.4,270.65,0
2022-05-23 10:15:00,270.65,271.15,270.25,270.55,0
2022-05-23 11:15:00,270.6,270.6,269.85,269.9,0
2022-05-23 12:15:00,269.9,270.55,269.65,270.3,0
2022-05-23 13:15:00,270.35,271.95,269.3,271.7,0
2022-05-23 14:15:00,271.8,272.85,271.4,272.7,0
2022-05-23 15:15:00,272.7,273.1,272.5,273.0,0
2022-05-24 09:15:00,272.5,274.0,271.85,273.75,0
2022-05-24 10:15:00,273.75,274.3,273.15,273.7,0
2022-05-24 11:15:00,273.7,273.85,272.2,272.9,0
2022-05-24 12:15:00,272.9,273.7,271.9,273.55,0
2022-05-24 13:15:00,273.55,273.9,272.95,273.75,0
2022-05-24 14:15:00,273.75,274.95,273.45,274.35,0
2022-05-24 15:15:00,274.4,274.4,273.95,273.95,0
2022-05-25 09:15:00,273.0,274.25,272.55,274.05,0
2022-05-25 10:15:00,274.05,274.35,273.55,273.55,0
2022-05-25 11:15:00,273.55,275.45,273.5,275.05,0
2022-05-25 12:15:00,275.05,275.7,274.6,275.15,0
2022-05-25 13:15:00,275.15,276.15,274.75,274.9,0
2022-05-25 14:15:00,274.9,276.2,274.65,275.85,0
2022-05-25 15:15:00,275.85,275.95,275.65,275.7,0
2022-05-26 09:15:00,274.55,276.15,274.15,276.0,0
2022-05-26 10:15:00,276.0,277.9,275.75,277.6,0
2022-05-26 11:15:00,277.6,278.0,277.2,277.35,0
2022-05-26 12:15:00,277.35,277.7,274.75,274.75,0
2022-05-26 13:15:00,274.7,275.25,273.55,274.95,0
2022-05-26 14:15:00,274.95,274.95,273.15,273.4,0
2022-05-26 15:15:00,273.4,273.4,272.85,272.9,0
2022-05-27 09:15:00,271.35,272.05,270.8,271.6,0
2022-05-27 10:15:00,271.6,272.35,271.4,272.05,0
2022-05-27 11:15:00,272.05,272.55,271.65,272.35,0
2022-05-27 12:15:00,272.35,272.45,270.85,271.0,0
2022-05-27 13:15:00,271.0,271.45,270.1,270.6,0
2022-05-27 14:15:00,270.6,271.35,270.25,270.5,0
2022-05-27 15:15:00,270.5,270.55,270.15,270.35,0
2022-05-30 09:15:00,267.6,267.8,265.85,265.95,0
2022-05-30 10:15:00,265.95,266.25,264.95,264.95,0
2022-05-30 11:15:00,264.95,265.4,264.8,265.3,0
2022-05-30 12:15:00,265.3,265.8,265.15,265.25,0
2022-05-30 13:15:00,265.25,265.95,265.2,265.95,0
2022-05-30 14:15:00,265.9,266.2,265.2,265.4,0
2022-05-30 15:15:00,265.4,265.5,265.2,265.25,0
2022-05-31 09:15:00,266.75,267.65,266.45,266.5,0
2022-05-31 10:15:00,266.5,266.75,265.4,265.6,0
2022-05-31 11:15:00,265.6,266.2,265.25,265.45,0
2022-05-31 12:15:00,265.45,266.35,265.3,266.1,0
2022-05-31 13:15:00,266.05,266.15,264.95,265.25,0
2022-05-31 14:15:00,265.25,267.1,265.1,267.1,0
2022-05-31 15:15:00,267.05,267.45,266.65,266.7,0
2022-06-01 09:15:00,266.5,267.4,265.65,266.7,0
2022-06-01 10:15:00,266.7,266.75,265.9,266.6,0
2022-06-01 11:15:00,266.6,266.95,266.1,266.65,0
2022-06-01 12:15:00,266.65,267.35,266.65,267.35,0
2022-06-01 13:15:00,267.35,268.65,267.2,268.55,0
2022-06-01 14:15:00,268.55,269.0,267.55,267.55,0
2022-06-01 15:15:00,267.55,267.6,267.25,267.35,0
2022-06-02 09:15:00,268.35,268.95,267.35,267.5,0
2022-06-02 10:15:00,267.5,268.15,266.7,267.8,0
2022-06-02 11:15:00,267.8,267.9,267.0,267.25,0
2022-06-02 12:15:00,267.25,267.3,266.45,266.85,0
2022-06-02 13:15:00,266.85,267.3,265.95,266.0,0
2022-06-02 14:15:00,266.0,266.5,265.7,265.9,0
2022-06-02 15:15:00,265.9,266.0,265.75,265.85,0
2022-06-03 09:15:00,263.9,264.15,263.4,264.0,0
2022-06-03 10:15:00,264.0,264.7,263.95,264.35,0
2022-06-03 11:15:00,264.35,264.5,263.85,263.95,0
2022-06-03 12:15:00,263.95,264.9,263.85,264.55,0
2022-06-03 13:15:00,264.55,265.5,264.5,264.65,0
2022-06-03 14:15:00,264.65,266.95,264.55,266.85,0
2022-06-03 15:15:00,266.85,266.95,266.35,266.75,0
2022-06-06 09:15:00,267.7,269.05,266.9,268.2,0
2022-06-06 10:15:00,268.2,268.4,267.6,268.1,0
2022-06-06 11:15:00,268.15,268.45,267.2,267.2,0
2022-06-06 12:15:00,267.2,267.6,266.8,267.2,0
2022-06-06 13:15:00,267.2,267.35,266.4,266.45,0
2022-06-06 14:15:00,266.5,267.3,266.45,267.0,0
2022-06-06 15:15:00,267.0,267.25,266.9,267.1,0
2022-06-07 09:15:00,268.7,270.1,268.6,269.35,0
2022-06-07 10:15:00,269.35,270.25,269.1,270.25,0
2022-06-07 11:15:00,270.25,270.65,269.8,270.1,0
2022-06-07 12:15:00,270.1,270.15,269.55,269.85,0
2022-06-07 13:15:00,269.9,270.2,269.55,270.1,0
2022-06-07 14:15:00,270.1,270.2,269.4,269.5,0
2022-06-07 15:15:00,269.5,269.75,269.35,269.75,0
2022-06-08 09:15:00,268.6,271.6,268.45,270.25,0
2022-06-08 10:15:00,270.25,270.5,268.0,269.35,0
2022-06-08 11:15:00,269.35,269.45,268.45,268.6,0
2022-06-08 12:15:00,268.6,269.85,268.45,269.85,0
2022-06-08 13:15:00,269.85,271.05,269.8,270.75,0
2022-06-08 14:15:00,270.75,271.35,270.25,270.45,0
2022-06-08 15:15:00,270.5,270.9,270.4,270.85,0
2022-06-09 09:15:00,272.15,272.45,270.95,271.45,0
2022-06-09 10:15:00,271.4,271.6,270.0,270.45,0
2022-06-09 11:15:00,270.45,270.95,270.35,270.4,0
2022-06-09 12:15:00,270.4,271.0,269.55,270.75,0
2022-06-09 13:15:00,270.75,270.8,269.9,270.05,0
2022-06-09 14:15:00,270.05,270.3,268.55,268.6,0
2022-06-09 15:15:00,268.6,268.65,268.35,268.55,0
2022-06-10 09:15:00,271.8,272.3,271.15,272.1,0
2022-06-10 10:15:00,272.1,272.15,271.5,271.95,0
2022-06-10 11:15:00,271.95,272.7,271.95,272.25,0
2022-06-10 12:15:00,272.25,273.05,272.25,272.9,0
2022-06-10 13:15:00,272.9,273.45,272.55,273.3,0
2022-06-10 14:15:00,273.3,273.6,272.7,272.95,0
2022-06-10 15:15:00,272.95,273.5,272.9,273.3,0
2022-06-13 09:15:00,278.7,280.65,278.65,280.4,0
2022-06-13 10:15:00,280.4,280.85,279.75,279.9,0
2022-06-13 11:15:00,279.9,280.3,279.65,280.1,0
2022-06-13 12:15:00,280.1,280.9,279.85,280.75,0
2022-06-13 13:15:00,280.75,281.95,280.35,281.8,0
2022-06-13 14:15:00,281.8,281.95,280.4,280.55,0
2022-06-13 15:15:00,280.55,280.55,279.9,280.0,0
2022-06-14 09:15:00,282.25,282.5,280.3,280.75,0
2022-06-14 10:15:00,280.75,280.8,279.1,279.15,0
2022-06-14 11:15:00,279.15,279.8,279.0,279.6,0
2022-06-14 12:15:00,279.6,281.4,279.55,280.4,0
2022-06-14 13:15:00,280.4,281.75,279.9,281.75,0
2022-06-14 14:15:00,281.75,282.15,281.25,281.4,0
2022-06-14 15:15:00,281.4,281.45,280.85,281.1,0
2022-06-15 09:15:00,281.3,282.15,280.5,281.05,0
2022-06-15 10:15:00,281.05,282.0,280.85,281.7,0
2022-06-15 11:15:00,281.7,281.8,280.95,281.15,0
2022-06-15 12:15:00,281.15,281.4,280.35,280.6,0
2022-06-15 13:15:00,280.6,281.15,280.5,281.1,0
2022-06-15 14:15:00,281.05,282.2,280.95,281.95,0
2022-06-15 15:15:00,281.95,282.2,281.85,282.1,0
2022-06-16 09:15:00,279.5,280.9,278.95,280.85,0
2022-06-16 10:15:00,280.85,282.15,280.75,281.95,0
2022-06-16 11:15:00,281.95,284.75,281.95,284.15,0
2022-06-16 12:15:00,284.15,286.2,283.45,286.0,0
2022-06-16 13:15:00,286.0,287.8,285.7,287.25,0
2022-06-16 14:15:00,287.25,288.25,286.8,288.0,0
2022-06-16 15:15:00,288.0,288.4,287.95,288.2,0
2022-06-17 09:15:00,289.65,291.3,287.3,289.3,0
2022-06-17 10:15:00,289.3,289.5,288.35,288.95,0
2022-06-17 11:15:00,289.0,290.6,288.7,289.7,0
2022-06-17 12:15:00,289.7,290.1,288.6,289.7,0
2022-06-17 13:15:00,289.75,289.85,288.05,288.9,0
2022-06-17 14:15:00,288.9,290.1,287.5,289.8,0
2022-06-17 15:15:00,289.8,290.05,288.5,288.55,0
2022-06-20 09:15:00,288.6,291.3,288.05,289.25,0
2022-06-20 10:15:00,289.25,290.15,288.65,289.3,0
2022-06-20 11:15:00,289.35,289.7,288.15,288.7,0
2022-06-20 12:15:00,288.7,289.2,287.7,288.9,0
2022-06-20 13:15:00,288.9,289.95,288.8,289.25,0
2022-06-20 14:15:00,289.2,290.2,288.2,288.25,0
2022-06-20 15:15:00,288.25,288.25,287.75,287.95,0
2022-06-21 09:15:00,286.35,287.0,284.2,284.5,0
2022-06-21 10:15:00,284.45,284.7,283.75,283.8,0
2022-06-21 11:15:00,283.8,284.35,283.3,283.95,0
2022-06-21 12:15:00,283.95,283.95,282.2,282.2,0
2022-06-21 13:15:00,282.2,282.7,281.65,282.0,0
2022-06-21 14:15:00,281.95,283.25,281.65,282.95,0
2022-06-21 15:15:00,282.95,283.2,282.65,283.05,0
2022-06-22 09:15:00,284.65,286.8,284.4,286.45,0
2022-06-22 10:15:00,286.45,286.65,284.85,285.7,0
2022-06-22 11:15:00,285.7,286.3,285.4,286.1,0
2022-06-22 12:15:00,286.1,287.15,285.8,286.9,0
2022-06-22 13:15:00,286.9,287.5,286.1,286.4,0
2022-06-22 14:15:00,286.4,287.15,286.0,286.95,0
2022-06-22 15:15:00,286.9,287.3,286.8,287.25,0
2022-06-23 09:15:00,286.35,287.1,283.7,283.7,0
2022-06-23 10:15:00,283.75,284.1,283.1,283.35,0
2022-06-23 11:15:00,283.35,285.35,283.1,284.85,0
2022-06-23 12:15:00,284.85,287.9,284.8,287.6,0
2022-06-23 13:15:00,287.6,287.7,284.0,285.45,0
2022-06-23 14:15:00,285.5,285.55,283.75,284.35,0
2022-06-23 15:15:00,284.3,284.5,284.0,284.05,0
2022-06-24 09:15:00,282.6,282.6,280.95,282.05,0
2022-06-24 10:15:00,282.05,282.8,281.9,282.15,0
2022-06-24 11:15:00,282.15,283.25,281.9,283.1,0
2022-06-24 12:15:00,283.1,283.3,281.95,282.2,0
2022-06-24 13:15:00,282.2,283.0,281.6,281.7,0
2022-06-24 14:15:00,281.7,282.25,281.5,281.65,0
2022-06-24 15:15:00,281.65,281.9,281.6,281.85,0
2022-06-27 09:15:00,277.9,279.0,277.85,278.9,0
2022-06-27 10:15:00,278.9,279.2,278.5,278.85,0
2022-06-27 11:15:00,278.85,279.55,278.7,279.3,0
2022-06-27 12:15:00,279.3,279.35,278.15,278.55,0
2022-06-27 13:15:00,278.55,278.85,278.15,278.65,0
2022-06-27 14:15:00,278.65,279.85,278.55,279.5,0
2022-06-27 15:15:00,279.5,279.7,279.35,279.5,0
2022-06-28 09:15:00,280.9,281.75,280.35,281.6,0
2022-06-28 10:15:00,281.6,281.65,280.9,281.1,0
2022-06-28 11:15:00,281.1,281.2,280.0,280.2,0
2022-06-28 12:15:00,280.2,280.9,279.5,280.85,0
2022-06-28 13:15:00,280.85,280.9,279.9,280.3,0
2022-06-28 14:15:00,280.3,280.3,279.2,279.45,0
2022-06-28 15:15:00,279.4,279.5,278.6,278.85,0
2022-06-29 09:15:00,281.95,282.15,280.8,281.0,0
2022-06-29 10:15:00,281.0,281.2,280.45,280.75,0
2022-06-29 11:15:00,280.75,280.75,279.8,280.05,0
2022-06-29 12:15:00,280.05,280.55,279.55,279.7,0
2022-06-29 13:15:00,279.7,279.95,279.25,279.3,0
2022-06-29 14:15:00,279.35,280.45,279.15,280.4,0
2022-06-29 15:15:00,280.4,280.65,280.1,280.45,0
2022-06-30 09:15:00,280.7,280.7,278.65,279.6,0
2022-06-30 10:15:00,279.6,280.8,279.45,280.7,0
2022-06-30 11:15:00,280.7,281.1,280.0,281.05,0
2022-06-30 12:15:00,281.05,281.4,279.9,280.15,0
2022-06-30 13:15:00,280.15,280.5,279.4,279.45,0
2022-06-30 14:15:00,279.45,280.65,279.3,280.65,0
2022-06-30 15:15:00,280.6,281.5,280.6,281.35,0
2022-07-01 09:15:00,282.0,285.15,281.7,284.65,0
2022-07-01 10:15:00,284.65,285.4,283.3,283.35,0
2022-07-01 11:15:00,283.35,284.0,283.0,283.3,0
2022-07-01 12:15:00,283.3,283.35,282.1,282.35,0
2022-07-01 13:15:00,282.35,283.05,282.05,283.0,0
2022-07-01 14:15:00,283.0,283.25,281.0,281.2,0
2022-07-01 15:15:00,281.25,281.25,280.45,281.05,0
2022-07-04 09:15:00,282.0,282.85,280.5,282.65,0
2022-07-04 10:15:00,282.65,282.85,281.3,281.55,0
2022-07-04 11:15:00,281.55,281.75,280.9,281.05,0
2022-07-04 12:15:00,281.05,281.25,280.5,280.8,0
2022-07-04 13:15:00,280.8,281.55,280.75,280.85,0
2022-07-04 14:15:00,280.85,280.95,279.45,279.65,0
2022-07-04 15:15:00,279.65,279.95,279.6,279.85,0
2022-07-05 09:15:00,278.5,278.7,277.15,277.4,0
2022-07-05 10:15:00,277.4,277.55,276.85,277.15,0
2022-07-05 11:15:00,277.15,277.2,276.5,276.6,0
2022-07-05 12:15:00,276.6,277.5,276.45,277.35,0
2022-07-05 13:15:00,277.35,279.55,277.1,279.4,0
2022-07-05 14:15:00,279.4,280.65,278.95,280.15,0
2022-07-05 15:15:00,280.15,280.5,280.0,280.45,0
2022-07-06 09:15:00,280.15,280.45,278.6,279.05,0
2022-07-06 10:15:00,279.05,279.3,278.2,278.85,0
2022-07-06 11:15:00,278.85,279.55,278.5,279.0,0
2022-07-06 12:15:00,279.0,279.0,276.9,276.9,0
2022-07-06 13:15:00,276.9,278.5,276.9,278.35,0
2022-07-06 14:15:00,278.35,278.55,277.0,277.0,0
2022-07-06 15:15:00,277.05,277.05,276.7,276.75,0
2022-07-07 09:15:00,275.0,275.85,274.55,275.35,0
2022-07-07 10:15:00,275.35,275.4,274.75,275.35,0
2022-07-07 11:15:00,275.35,275.45,274.9,275.25,0
2022-07-07 12:15:00,275.25,275.4,274.7,275.05,0
2022-07-07 13:15:00,275.05,275.95,274.45,275.9,0
2022-07-07 14:15:00,275.9,276.15,274.35,274.75,0
2022-07-07 15:15:00,274.75,274.8,274.5,274.6,0
2022-07-08 09:15:00,272.3,273.9,272.3,273.6,0
2022-07-08 10:15:00,273.6,273.7,273.2,273.45,0
2022-07-08 11:15:00,273.5,274.0,273.4,273.9,0
2022-07-08 12:15:00,273.9,274.0,273.35,273.6,0
2022-07-08 13:15:00,273.6,273.9,273.1,273.75,0
2022-07-08 14:15:00,273.75,274.25,272.9,273.0,0
2022-07-08 15:15:00,273.05,273.3,273.0,273.25,0
2022-07-11 09:15:00,274.7,275.05,274.05,274.2,0
2022-07-11 10:15:00,274.2,274.6,274.1,274.3,0
2022-07-11 11:15:00,274.3,274.85,274.3,274.55,0
2022-07-11 12:15:00,274.55,275.05,274.1,274.15,0
2022-07-11 13:15:00,274.15,274.3,273.2,273.45,0
2022-07-11 14:15:00,273.45,273.5,272.85,273.35,0
2022-07-11 15:15:00,273.35,273.75,273.25,273.65,0
2022-07-12 09:15:00,274.95,275.3,274.4,274.65,0
2022-07-12 10:15:00,274.65,274.8,274.4,274.6,0
2022-07-12 11:15:00,274.6,275.25,274.6,275.0,0
2022-07-12 12:15:00,275.0,275.85,275.0,275.7,0
2022-07-12 13:15:00,275.7,275.7,274.8,274.8,0
2022-07-12 14:15:00,274.8,276.1,274.6,276.1,0
2022-07-12 15:15:00,276.1,276.5,276.1,276.45,0
2022-07-13 09:15:00,274.9,275.35,274.7,274.9,0
2022-07-13 10:15:00,274.9,276.15,274.85,275.75,0
2022-07-13 11:15:00,275.8,275.95,275.35,275.65,0
2022-07-13 12:15:00,275.65,277.3,275.5,277.1,0
2022-07-13 13:15:00,277.1,277.65,276.95,277.45,0
2022-07-13 14:15:00,277.4,277.95,277.0,277.8,0
2022-07-13 15:15:00,277.8,277.85,277.4,277.5,0
2022-07-14 09:15:00,276.8,277.2,275.9,276.3,0
2022-07-14 10:15:00,276.3,277.1,276.2,277.05,0
2022-07-14 11:15:00,277.05,278.2,277.05,277.9,0
2022-07-14 12:15:00,277.9,278.15,277.1,277.65,0
2022-07-14 13:15:00,277.6,279.35,277.6,279.35,0
2022-07-14 14:15:00,279.35,279.6,277.9,278.15,0
2022-07-14 15:15:00,278.15,278.25,277.9,278.05,0
2022-07-15 09:15:00,277.0,277.85,276.5,277.35,0
2022-07-15 10:15:00,277.35,278.3,277.1,278.1,0
2022-07-15 11:15:00,278.1,278.3,277.45,278.05,0
2022-07-15 12:15:00,278.05,278.45,277.45,277.5,0
2022-07-15 13:15:00,277.5,278.1,277.3,277.3,0
2022-07-15 14:15:00,277.3,277.4,276.2,276.25,0
2022-07-15 15:15:00,276.25,276.4,276.0,276.2,0
2022-07-18 09:15:00,274.65,274.65,273.85,274.1,0
2022-07-18 10:15:00,274.1,274.3,273.55,273.65,0
2022-07-18 11:15:00,273.65,273.95,273.5,273.55,0
2022-07-18 12:15:00,273.55,273.65,273.35,273.5,0
2022-07-18 13:15:00,273.5,273.85,273.15,273.25,0
2022-07-18 14:15:00,273.25,273.35,272.4,272.6,0
2022-07-18 15:15:00,272.6,272.7,272.35,272.45,0
2022-07-19 09:15:00,274.05,274.05,272.2,272.25,0
2022-07-19 10:15:00,272.25,272.55,271.7,271.75,0
2022-07-19 11:15:00,271.75,272.9,271.75,272.05,0
2022-07-19 12:15:00,272.05,272.65,271.75,272.6,0
2022-07-19 13:15:00,272.6,272.7,271.9,272.15,0
2022-07-19 14:15:00,272.2,272.5,271.15,271.3,0
2022-07-19 15:15:00,271.3,271.75,271.3,271.65,0
2022-07-20 09:15:00,267.8,268.8,267.8,268.15,0
2022-07-20 10:15:00,268.15,268.35,267.7,267.8,0
2022-07-20 11:15:00,267.8,268.3,267.75,267.9,0
2022-07-20 12:15:00,267.9,268.35,267.4,268.35,0
2022-07-20 13:15:00,268.35,268.5,267.75,268.1,0
2022-07-20 14:15:00,268.1,268.6,268.05,268.6,0
2022-07-20 15:15:00,268.6,269.0,268.5,268.9,0
2022-07-21 09:15:00,268.5,269.1,267.65,267.7,0
2022-07-21 10:15:00,267.7,268.05,267.6,267.75,0
2022-07-21 11:15:00,267.75,267.85,267.4,267.7,0
2022-07-21 12:15:00,267.7,268.25,267.5,268.2,0
2022-07-21 13:15:00,268.2,268.6,267.85,267.9,0
2022-07-21 14:15:00,267.9,267.95,267.05,267.1,0
2022-07-21 15:15:00,267.05,267.2,266.85,267.1,0
2022-07-22 09:15:00,266.3,266.9,265.6,266.8,0
2022-07-22 10:15:00,266.85,267.1,266.45,266.7,0
2022-07-22 11:15:00,266.7,266.7,265.95,266.0,0
2022-07-22 12:15:00,266.05,266.15,265.55,266.0,0
2022-07-22 13:15:00,266.0,266.25,265.05,265.2,0
2022-07-22 14:15:00,265.25,265.55,264.85,265.2,0
2022-07-22 15:15:00,265.2,265.6,265.2,265.45,0
2022-07-25 09:15:00,266.4,267.55,265.7,267.0,0
2022-07-25 10:15:00,267.05,267.9,266.9,267.9,0
2022-07-25 11:15:00,267.9,267.95,267.2,267.55,0
2022-07-25 12:15:00,267.55,267.65,267.0,267.05,0
2022-07-25 13:15:00,267.05,267.55,266.55,266.65,0
2022-07-25 14:15:00,266.6,266.9,266.05,266.85,0
2022-07-25 15:15:00,266.85,267.35,266.8,267.2,0
2022-07-26 09:15:00,266.9,268.95,266.85,268.85,0
2022-07-26 10:15:00,268.85,269.1,268.4,269.0,0
2022-07-26 11:15:00,268.95,269.05,268.3,268.45,0
2022-07-26 12:15:00,268.45,268.55,268.1,268.2,0
2022-07-26 13:15:00,268.2,268.95,267.85,268.4,0
2022-07-26 14:15:00,268.4,269.35,268.25,269.3,0
2022-07-26 15:15:00,269.3,269.6,269.25,269.55,0
2022-07-27 09:15:00,269.45,270.05,268.65,268.7,0
2022-07-27 10:15:00,268.7,268.8,268.15,268.35,0
2022-07-27 11:15:00,268.35,268.4,267.9,267.95,0
2022-07-27 12:15:00,267.95,268.35,267.35,267.55,0
2022-07-27 13:15:00,267.55,267.85,267.15,267.75,0
2022-07-27 14:15:00,267.75,267.8,266.7,266.7,0
2022-07-27 15:15:00,266.7,266.8,266.55,266.75,0
2022-07-28 09:15:00,264.65,265.1,263.85,263.95,0
2022-07-28 10:15:00,263.95,264.05,263.0,263.0,0
2022-07-28 11:15:00,263.0,263.3,262.7,262.75,0
2022-07-28 12:15:00,262.75,262.95,262.35,262.45,0
2022-07-28 13:15:00,262.45,262.65,262.15,262.3,0
2022-07-28 14:15:00,262.3,263.15,261.95,262.05,0
2022-07-28 15:15:00,262.1,262.35,261.95,262.3,0
2022-07-29 09:15:00,259.9,260.1,258.95,259.45,0
2022-07-29 10:15:00,259.45,260.85,259.25,259.6,0
2022-07-29 11:15:00,259.6,259.95,259.45,259.55,0
2022-07-29 12:15:00,259.55,259.8,259.25,259.5,0
2022-07-29 13:15:00,259.5,260.0,259.35,259.9,0
2022-07-29 14:15:00,259.9,260.15,258.5,258.65,0
2022-07-29 15:15:00,258.65,258.75,258.45,258.7,0
2022-08-01 09:15:00,257.5,258.8,257.0,257.05,0
2022-08-01 10:15:00,257.05,257.3,256.85,257.15,0
2022-08-01 11:15:00,257.15,257.4,256.95,257.2,0
2022-08-01 12:15:00,257.2,257.25,256.65,256.85,0
2022-08-01 13:15:00,256.85,257.0,256.35,256.5,0
2022-08-01 14:15:00,256.5,256.7,255.8,256.1,0
2022-08-01 15:15:00,256.1,256.2,255.9,256.15,0
2022-08-02 09:15:00,256.5,257.9,256.2,257.75,0
2022-08-02 10:15:00,257.75,257.75,257.05,257.35,0
2022-08-02 11:15:00,257.35,257.5,256.6,256.75,0
2022-08-02 12:15:00,256.8,257.65,256.6,257.2,0
2022-08-02 13:15:00,257.2,257.2,256.0,256.3,0
2022-08-02 14:15:00,256.35,256.4,255.35,255.7,0
2022-08-02 15:15:00,255.7,256.85,255.7,256.75,0
2022-08-03 09:15:00,255.95,257.25,255.45,256.7,0
2022-08-03 10:15:00,256.7,257.65,256.7,257.6,0
2022-08-03 11:15:00,257.65,257.8,257.0,257.45,0
2022-08-03 12:15:00,257.45,257.7,256.6,256.85,0
2022-08-03 13:15:00,256.85,257.3,256.45,256.6,0
2022-08-03 14:15:00,256.6,256.85,255.15,255.2,0
2022-08-03 15:15:00,255.2,255.4,255.1,255.3,0
2022-08-04 09:15:00,254.3,254.85,253.95,254.75,0
2022-08-04 10:15:00,254.75,255.3,254.55,255.3,0
2022-08-04 11:15:00,255.3,258.75,255.3,256.6,0
2022-08-04 12:15:00,256.6,257.3,256.0,256.55,0
2022-08-04 13:15:00,256.5,257.25,256.15,256.9,0
2022-08-04 14:15:00,256.95,257.05,255.15,255.55,0
2022-08-04 15:15:00,255.6,255.9,255.45,255.8,0
2022-08-05 09:15:00,254.95,255.45,254.4,254.8,0
2022-08-05 10:15:00,254.8,255.1,254.2,254.3,0
2022-08-05 11:15:00,254.3,254.95,254.25,254.5,0
2022-08-05 12:15:00,254.55,255.55,254.45,255.15,0
2022-08-05 13:15:00,255.15,255.55,254.75,255.55,0
2022-08-05 14:15:00,255.55,256.0,255.05,255.3,0
2022-08-05 15:15:00,255.3,255.5,255.2,255.5,0
2022-08-08 09:15:00,255.35,255.95,254.75,254.8,0
2022-08-08 10:15:00,254.8,254.9,254.25,254.55,0
2022-08-08 11:15:00,254.55,254.65,253.85,253.85,0
2022-08-08 12:15:00,253.85,253.9,253.4,253.6,0
2022-08-08 13:15:00,253.6,253.85,253.2,253.5,0
2022-08-08 14:15:00,253.55,254.15,253.35,253.6,0
2022-08-08 15:15:00,253.6,253.7,253.45,253.5,0
2022-08-10 09:15:00,253.05,254.8,253.05,253.95,0
2022-08-10 10:15:00,253.95,253.95,253.35,253.85,0
2022-08-10 11:15:00,253.85,254.25,253.7,253.85,0
2022-08-10 12:15:00,253.85,254.05,253.65,254.0,0
2022-08-10 13:15:00,254.0,254.3,253.5,253.55,0
2022-08-10 14:15:00,253.55,253.8,253.3,253.45,0
2022-08-10 15:15:00,253.45,253.7,253.4,253.65,0
2022-08-11 09:15:00,250.95,251.6,250.9,251.5,0
2022-08-11 10:15:00,251.5,251.55,251.2,251.4,0
2022-08-11 11:15:00,251.4,251.9,251.3,251.7,0
2022-08-11 12:15:00,251.7,251.7,251.35,251.55,0
2022-08-11 13:15:00,251.55,252.1,251.5,251.95,0
2022-08-11 14:15:00,251.95,252.0,251.45,251.8,0
2022-08-11 15:15:00,251.8,252.0,251.7,252.0,0
2022-08-12 09:15:00,251.75,252.6,251.45,251.45,0
2022-08-12 10:15:00,251.5,251.9,251.35,251.4,0
2022-08-12 11:15:00,251.4,251.55,251.2,251.4,0
2022-08-12 12:15:00,251.4,251.65,251.0,251.15,0
2022-08-12 13:15:00,251.15,251.3,250.85,251.05,0
2022-08-12 14:15:00,251.05,251.7,251.05,251.25,0
2022-08-12 15:15:00,251.25,251.3,251.0,251.2,0
2022-08-16 09:15:00,249.95,250.4,249.45,249.65,0
2022-08-16 10:15:00,249.65,249.7,249.35,249.45,0
2022-08-16 11:15:00,249.45,250.15,249.45,249.95,0
2022-08-16 12:15:00,249.95,250.25,249.7,250.25,0
2022-08-16 13:15:00,250.25,250.35,249.85,249.95,0
2022-08-16 14:15:00,249.95,250.15,249.45,249.45,0
2022-08-16 15:15:00,249.5,249.6,249.4,249.5,0
2022-08-17 09:15:00,249.0,249.45,248.3,248.4,0
2022-08-17 10:15:00,248.4,248.55,248.05,248.1,0
2022-08-17 11:15:00,248.1,248.4,248.0,248.1,0
2022-08-17 12:15:00,248.1,248.2,247.9,248.05,0
2022-08-17 13:15:00,248.05,248.3,247.9,248.2,0
2022-08-17 14:15:00,248.2,248.3,247.6,247.85,0
2022-08-17 15:15:00,247.9,248.15,247.9,248.1,0
2022-08-18 09:15:00,248.6,249.05,247.8,248.0,0
2022-08-18 10:15:00,248.0,248.7,248.0,248.5,0
2022-08-18 11:15:00,248.5,249.2,248.5,248.95,0
2022-08-18 12:15:00,248.95,249.0,248.45,248.55,0
2022-08-18 13:15:00,248.55,248.8,248.35,248.35,0
2022-08-18 14:15:00,248.35,248.4,247.65,247.75,0
2022-08-18 15:15:00,247.75,247.9,247.6,247.65,0
2022-08-19 09:15:00,247.7,248.1,247.35,247.75,0
2022-08-19 10:15:00,247.75,249.15,247.65,248.9,0
2022-08-19 11:15:00,248.9,250.2,248.65,249.9,0
2022-08-19 12:15:00,249.9,250.95,249.75,249.85,0
2022-08-19 13:15:00,249.85,251.2,249.65,250.5,0
2022-08-19 14:15:00,250.5,250.6,249.9,250.45,0
2022-08-19 15:15:00,250.45,251.0,250.45,251.0,0
2022-08-22 09:15:00,251.75,253.3,251.65,253.2,0
2022-08-22 10:15:00,253.2,253.7,252.9,253.45,0
2022-08-22 11:15:00,253.45,253.65,253.1,253.25,0
2022-08-22 12:15:00,253.25,253.85,252.95,253.65,0
2022-08-22 13:15:00,253.65,254.0,253.4,253.7,0
2022-08-22 14:15:00,253.75,254.75,253.45,254.4,0
2022-08-22 15:15:00,254.4,254.5,254.25,254.4,0
2022-08-23 09:15:00,256.4,256.55,253.05,254.1,0
2022-08-23 10:15:00,254.1,255.6,253.8,255.35,0
2022-08-23 11:15:00,255.35,255.4,254.2,254.85,0
2022-08-23 12:15:00,254.85,255.1,253.6,253.65,0
2022-08-23 13:15:00,253.65,253.7,253.15,253.25,0
2022-08-23 14:15:00,253.25,254.0,253.0,253.3,0
2022-08-23 15:15:00,253.3,253.35,252.55,252.55,0
2022-08-24 09:15:00,254.0,254.35,252.85,253.45,0
2022-08-24 10:15:00,253.45,253.5,252.7,252.7,0
2022-08-24 11:15:00,252.7,253.5,252.6,253.4,0
2022-08-24 12:15:00,253.4,253.9,252.95,253.75,0
2022-08-24 13:15:00,253.75,254.0,253.15,253.5,0
2022-08-24 14:15:00,253.5,253.55,252.6,252.65,0
2022-08-24 15:15:00,252.65,252.95,252.65,252.9,0
2022-08-25 09:15:00,251.8,252.1,251.3,251.6,0
2022-08-25 10:15:00,251.6,251.85,251.5,251.85,0
2022-08-25 11:15:00,251.85,252.4,251.45,251.55,0
2022-08-25 12:15:00,251.6,251.65,251.15,251.35,0
2022-08-25 13:15:00,251.35,251.75,251.3,251.65,0
2022-08-25 14:15:00,251.65,254.55,251.6,254.4,0
2022-08-25 15:15:00,254.4,254.55,254.1,254.3,0
2022-08-26 09:15:00,252.7,252.75,251.75,252.5,0
2022-08-26 10:15:00,252.5,253.25,252.45,253.15,0
2022-08-26 11:15:00,253.15,253.25,252.45,252.65,0
2022-08-26 12:15:00,252.65,253.4,252.5,253.15,0
2022-08-26 13:15:00,253.15,253.5,252.8,253.05,0
2022-08-26 14:15:00,253.05,254.15,252.9,253.65,0
2022-08-26 15:15:00,253.65,253.65,253.05,253.25,0
2022-08-29 09:15:00,259.05,259.35,257.0,257.25,0
2022-08-29 10:15:00,257.25,257.7,257.05,257.65,0
2022-08-29 11:15:00,257.65,257.7,256.8,257.05,0
2022-08-29 12:15:00,257.05,257.25,256.4,257.05,0
2022-08-29 13:15:00,257.05,257.05,256.3,256.6,0
2022-08-29 14:15:00,256.6,257.55,256.55,257.5,0
2022-08-29 15:15:00,257.5,257.5,256.85,256.85,0
2022-08-30 09:15:00,255.75,255.85,254.65,254.8,0
2022-08-30 10:15:00,254.75,254.95,253.85,253.85,0
2022-08-30 11:15:00,253.85,253.95,253.25,253.25,0
2022-08-30 12:15:00,253.3,253.35,252.45,252.5,0
2022-08-30 13:15:00,252.5,252.55,251.95,252.1,0
2022-08-30 14:15:00,252.1,252.1,250.4,250.6,0
2022-08-30 15:15:00,250.6,250.9,250.4,250.85,0
2022-09-01 09:15:00,254.6,254.6,252.0,252.1,0
2022-09-01 10:15:00,252.1,252.6,251.6,252.3,0
2022-09-01 11:15:00,252.3,253.4,252.0,252.7,0
2022-09-01 12:15:00,252.7,253.9,252.7,253.65,0
2022-09-01 13:15:00,253.65,254.8,253.25,254.1,0
2022-09-01 14:15:00,254.1,254.5,253.35,253.6,0
2022-09-01 15:15:00,253.6,253.95,253.45,253.5,0
2022-09-02 09:15:00,253.0,254.75,252.35,254.45,0
2022-09-02 10:15:00,254.5,254.7,253.7,253.95,0
2022-09-02 11:15:00,253.95,254.3,253.5,253.65,0
2022-09-02 12:15:00,253.65,253.7,253.15,253.2,0
2022-09-02 13:15:00,253.2,253.4,252.7,252.8,0
2022-09-02 14:15:00,252.8,254.15,252.65,253.7,0
2022-09-02 15:15:00,253.7,254.15,253.55,254.0,0
2022-09-05 09:15:00,253.85,253.85,252.25,252.4,0
2022-09-05 10:15:00,252.4,252.8,252.25,252.6,0
2022-09-05 11:15:00,252.65,252.8,252.2,252.2,0
2022-09-05 12:15:00,252.25,252.4,251.9,252.35,0
2022-09-05 13:15:00,252.35,252.65,251.95,252.1,0
2022-09-05 14:15:00,252.1,252.35,251.9,252.05,0
2022-09-05 15:15:00,252.05,252.35,252.05,252.3,0
2022-09-06 09:15:00,251.75,252.65,250.75,252.55,0
2022-09-06 10:15:00,252.55,253.3,252.15,252.15,0
2022-09-06 11:15:00,252.15,252.5,251.75,251.95,0
2022-09-06 12:15:00,251.95,251.95,251.45,251.75,0
2022-09-06 13:15:00,251.75,252.1,251.5,251.7,0
2022-09-06 14:15:00,251.75,252.6,251.6,252.35,0
2022-09-06 15:15:00,252.35,252.5,252.3,252.4,0
2022-09-07 09:15:00,254.3,254.3,253.25,253.45,0
2022-09-07 10:15:00,253.45,254.05,253.35,254.05,0
2022-09-07 11:15:00,254.05,254.1,252.9,252.95,0
2022-09-07 12:15:00,252.95,253.15,252.65,252.9,0
2022-09-07 13:15:00,252.9,252.9,252.45,252.75,0
2022-09-07 14:15:00,252.75,253.15,252.5,252.9,0
2022-09-07 15:15:00,252.9,252.9,252.6,252.75,0
2022-09-08 09:15:00,251.05,251.3,250.45,250.75,0
2022-09-08 10:15:00,250.75,251.3,250.5,251.1,0
2022-09-08 11:15:00,251.1,251.4,250.95,251.0,0
2022-09-08 12:15:00,251.0,251.85,250.85,251.4,0
2022-09-08 13:15:00,251.4,251.5,250.95,251.1,0
2022-09-08 14:15:00,251.1,251.15,250.2,250.35,0
2022-09-08 15:15:00,250.35,250.45,250.25,250.3,0
2022-09-09 09:15:00,248.6,249.4,248.6,249.05,0
2022-09-09 10:15:00,249.05,249.25,248.7,249.2,0
2022-09-09 11:15:00,249.2,250.0,249.15,250.0,0
2022-09-09 12:15:00,250.0,250.1,249.5,249.95,0
2022-09-09 13:15:00,249.95,250.55,249.6,249.7,0
2022-09-09 14:15:00,249.7,249.9,249.4,249.8,0
2022-09-09 15:15:00,249.8,250.2,249.8,249.95,0
2022-09-12 09:15:00,249.2,249.2,248.1,248.1,0
2022-09-12 10:15:00,248.1,248.65,248.1,248.4,0
2022-09-12 11:15:00,248.4,248.4,248.05,248.1,0
2022-09-12 12:15:00,248.1,248.45,248.1,248.35,0
2022-09-12 13:15:00,248.35,248.55,247.95,248.0,0
2022-09-12 14:15:00,247.95,248.65,247.95,248.6,0
2022-09-12 15:15:00,248.6,248.75,248.55,248.65,0
2022-09-13 09:15:00,247.1,247.4,246.85,246.9,0
2022-09-13 10:15:00,246.9,247.5,246.8,247.0,0
2022-09-13 11:15:00,247.0,247.25,246.6,246.75,0
2022-09-13 12:15:00,246.75,246.9,246.6,246.75,0
2022-09-13 13:15:00,246.8,246.9,246.5,246.6,0
2022-09-13 14:15:00,246.6,246.85,246.55,246.75,0
2022-09-13 15:15:00,246.75,246.9,246.75,246.8,0
2022-09-14 09:15:00,250.85,250.85,248.5,248.9,0
2022-09-14 10:15:00,248.95,249.05,248.3,248.45,0
2022-09-14 11:15:00,248.45,248.5,247.55,247.7,0
2022-09-14 12:15:00,247.7,247.7,246.95,246.95,0
2022-09-14 13:15:00,246.95,247.7,246.75,246.75,0
2022-09-14 14:15:00,246.75,248.0,246.5,248.0,0
2022-09-14 15:15:00,248.0,248.15,247.7,247.7,0
2022-09-15 09:15:00,247.15,248.55,246.45,248.15,0
2022-09-15 10:15:00,248.15,249.5,247.8,249.3,0
2022-09-15 11:15:00,249.3,249.6,248.6,249.2,0
2022-09-15 12:15:00,249.2,249.4,248.6,248.8,0
2022-09-15 13:15:00,248.8,249.65,248.7,249.0,0
2022-09-15 14:15:00,249.0,249.5,248.3,249.45,0
2022-09-15 15:15:00,249.45,249.65,249.45,249.5,0
2022-09-16 09:15:00,250.6,252.7,250.35,252.45,0
2022-09-16 10:15:00,252.4,252.75,251.55,251.95,0
2022-09-16 11:15:00,251.95,252.65,251.95,252.55,0
2022-09-16 12:15:00,252.55,253.35,252.15,253.35,0
2022-09-16 13:15:00,253.35,254.45,253.2,254.3,0
2022-09-16 14:15:00,254.3,254.75,253.1,254.15,0
2022-09-16 15:15:00,254.15,254.6,254.05,254.05,0
2022-09-19 09:15:00,254.3,255.9,252.7,253.05,0
2022-09-19 10:15:00,253.05,253.25,252.5,252.7,0
2022-09-19 11:15:00,252.7,253.75,252.55,252.95,0
2022-09-19 12:15:00,252.95,253.35,252.65,253.2,0
2022-09-19 13:15:00,253.15,253.65,252.5,252.65,0
2022-09-19 14:15:00,252.65,253.6,252.5,253.15,0
2022-09-19 15:15:00,253.15,253.2,252.85,252.95,0
2022-09-20 09:15:00,251.0,251.15,249.7,249.8,0
2022-09-20 10:15:00,249.8,249.95,249.45,249.55,0
2022-09-20 11:15:00,249.55,249.95,249.3,249.4,0
2022-09-20 12:15:00,249.4,249.55,248.9,249.0,0
2022-09-20 13:15:00,248.95,249.85,248.9,249.4,0
2022-09-20 14:15:00,249.4,250.55,249.35,250.55,0
2022-09-20 15:15:00,250.55,250.9,250.4,250.7,0
2022-09-21 09:15:00,251.1,251.5,250.1,250.7,0
2022-09-21 10:15:00,250.7,250.9,250.35,250.55,0
2022-09-21 11:15:00,250.55,252.5,250.45,252.15,0
2022-09-21 12:15:00,252.15,252.55,251.35,251.85,0
2022-09-21 13:15:00,251.85,251.9,250.7,250.85,0
2022-09-21 14:15:00,250.8,251.85,250.75,251.8,0
2022-09-21 15:15:00,251.8,251.9,251.65,251.8,0
2022-09-22 09:15:00,253.35,253.75,251.95,252.55,0
2022-09-22 10:15:00,252.55,253.5,252.55,253.15,0
2022-09-22 11:15:00,253.1,254.25,253.1,254.1,0
2022-09-22 12:15:00,254.1,254.45,253.35,253.35,0
2022-09-22 13:15:00,253.4,253.4,251.75,252.2,0
2022-09-22 14:15:00,252.2,253.3,251.8,253.15,0
2022-09-22 15:15:00,253.15,253.3,252.9,252.9,0
2022-09-23 09:15:00,253.6,255.9,252.95,255.55,0
2022-09-23 10:15:00,255.55,256.1,255.25,255.8,0
2022-09-23 11:15:00,255.85,256.2,255.35,255.95,0
2022-09-23 12:15:00,255.95,256.7,255.75,256.55,0
2022-09-23 13:15:00,256.5,257.25,256.15,256.9,0
2022-09-23 14:15:00,256.9,257.95,256.8,257.5,0
2022-09-23 15:15:00,257.5,257.6,257.3,257.4,0
2022-09-26 09:15:00,260.1,262.05,259.5,261.75,0
2022-09-26 10:15:00,261.75,262.75,261.45,262.5,0
2022-09-26 11:15:00,262.5,262.55,261.3,261.45,0
2022-09-26 12:15:00,261.45,261.85,259.95,260.05,0
2022-09-26 13:15:00,260.05,261.55,259.95,261.4,0
2022-09-26 14:15:00,261.4,262.65,260.3,262.1,0
2022-09-26 15:15:00,262.1,262.25,261.95,262.0,0
2022-09-27 09:15:00,260.75,262.15,259.8,261.95,0
2022-09-27 10:15:00,262.0,263.35,261.45,263.3,0
2022-09-27 11:15:00,263.3,263.3,261.3,261.65,0
2022-09-27 12:15:00,261.65,262.25,261.0,261.2,0
2022-09-27 13:15:00,261.2,261.8,260.65,261.8,0
2022-09-27 14:15:00,261.8,263.0,261.3,262.5,0
2022-09-27 15:15:00,262.5,262.5,261.8,261.8,0
2022-09-28 09:15:00,264.5,265.2,263.05,263.15,0
2022-09-28 10:15:00,263.15,264.15,262.9,263.05,0
2022-09-28 11:15:00,263.05,263.2,261.95,262.2,0
2022-09-28 12:15:00,262.2,263.2,262.15,263.05,0
2022-09-28 13:15:00,263.05,263.55,262.45,263.4,0
2022-09-28 14:15:00,263.4,264.7,263.2,264.65,0
2022-09-28 15:15:00,264.7,265.3,264.65,265.2,0
2022-09-29 09:15:00,262.65,263.25,262.15,262.7,0
2022-09-29 10:15:00,262.7,263.7,262.7,263.65,0
2022-09-29 11:15:00,263.65,264.55,263.45,264.2,0
2022-09-29 12:15:00,264.2,265.6,263.9,265.4,0
2022-09-29 13:15:00,265.45,265.85,264.9,265.15,0
2022-09-29 14:15:00,265.15,265.8,264.35,265.2,0
2022-09-29 15:15:00,265.2,265.5,264.9,264.95,0
2022-09-30 09:15:00,265.75,266.55,264.9,264.9,0
2022-09-30 10:15:00,264.9,264.95,263.05,263.5,0
2022-09-30 11:15:00,263.5,263.7,262.5,262.65,0
2022-09-30 12:15:00,262.65,262.65,260.8,261.45,0
2022-09-30 13:15:00,261.45,261.45,259.95,260.0,0
2022-09-30 14:15:00,260.0,261.6,259.6,261.5,0
2022-09-30 15:15:00,261.5,261.55,260.6,260.8,0
2022-10-03 09:15:00,261.05,263.45,260.9,262.95,0
2022-10-03 10:15:00,262.95,263.45,262.6,262.95,0
2022-10-03 11:15:00,262.95,262.95,261.7,262.4,0
2022-10-03 12:15:00,262.4,262.95,261.95,262.3,0
2022-10-03 13:15:00,262.3,263.85,261.95,263.6,0
2022-10-03 14:15:00,263.6,264.85,263.25,264.3,0
2022-10-03 15:15:00,264.25,264.55,264.2,264.55,0
2022-10-04 09:15:00,260.3,260.65,258.75,259.15,0
2022-10-04 10:15:00,259.15,259.65,258.6,259.2,0
2022-10-04 11:15:00,259.2,259.55,258.8,258.9,0
2022-10-04 12:15:00,258.95,259.15,258.55,258.8,0
2022-10-04 13:15:00,258.8,259.0,258.4,258.6,0
2022-10-04 14:15:00,258.6,259.0,258.2,258.35,0
2022-10-04 15:15:00,258.35,258.4,258.2,258.3,0
2022-10-06 09:15:00,256.85,257.35,256.1,256.5,0
2022-10-06 10:15:00,256.5,256.8,256.2,256.55,0
2022-10-06 11:15:00,256.55,257.4,256.55,256.75,0
2022-10-06 12:15:00,256.75,257.15,256.4,256.55,0
2022-10-06 13:15:00,256.6,257.25,256.3,257.2,0
2022-10-06 14:15:00,257.2,257.7,257.05,257.55,0
2022-10-06 15:15:00,257.55,257.75,257.5,257.75,0
2022-10-07 09:15:00,258.25,258.95,257.55,258.2,0
2022-10-07 10:15:00,258.2,258.9,258.15,258.55,0
2022-10-07 11:15:00,258.55,259.3,258.45,259.1,0
2022-10-07 12:15:00,259.1,259.1,258.3,258.6,0
2022-10-07 13:15:00,258.6,258.8,258.1,258.3,0
2022-10-07 14:15:00,258.3,258.35,257.5,257.95,0
2022-10-07 15:15:00,257.95,257.95,257.75,257.8,0
2022-10-10 09:15:00,261.25,261.65,260.45,261.35,0
2022-10-10 10:15:00,261.4,261.5,260.75,260.8,0
2022-10-10 11:15:00,260.8,260.9,259.45,259.5,0
2022-10-10 12:15:00,259.5,259.75,258.5,259.15,0
2022-10-10 13:15:00,259.15,260.55,259.05,260.25,0
2022-10-10 14:15:00,260.3,260.35,258.75,258.9,0
2022-10-10 15:15:00,258.9,259.1,258.85,258.9,0
2022-10-11 09:15:00,258.9,260.6,258.9,260.1,0
2022-10-11 10:15:00,260.1,260.95,259.9,260.45,0
2022-10-11 11:15:00,260.45,260.5,259.5,259.7,0
2022-10-11 12:15:00,259.7,261.15,259.6,260.85,0
2022-10-11 13:15:00,260.85,261.2,260.55,260.7,0
2022-10-11 14:15:00,260.65,263.0,260.6,263.0,0
2022-10-11 15:15:00,263.0,263.45,262.95,263.25,0
2022-10-12 09:15:00,262.35,263.1,261.65,262.65,0
2022-10-12 10:15:00,262.65,263.35,262.05,262.85,0
2022-10-12 11:15:00,262.8,262.85,261.2,261.2,0
2022-10-12 12:15:00,261.2,262.1,261.15,262.0,0
2022-10-12 13:15:00,262.0,262.2,261.2,261.35,0
2022-10-12 14:15:00,261.3,261.4,260.55,260.85,0
2022-10-12 15:15:00,260.85,260.95,260.7,260.75,0
2022-10-13 09:15:00,261.45,262.35,261.1,262.35,0
2022-10-13 10:15:00,262.35,262.85,262.1,262.55,0
2022-10-13 11:15:00,262.55,263.4,262.55,262.85,0
2022-10-13 12:15:00,262.85,263.25,262.2,262.45,0
2022-10-13 13:15:00,262.45,263.05,262.3,262.45,0
2022-10-13 14:15:00,262.4,262.9,261.55,262.5,0
2022-10-13 15:15:00,262.5,262.6,262.35,262.5,0
2022-10-14 09:15:00,257.85,258.7,257.75,258.2,0
2022-10-14 10:15:00,258.2,258.95,258.05,258.25,0
2022-10-14 11:15:00,258.25,258.35,257.45,257.5,0
2022-10-14 12:15:00,257.5,258.65,257.45,258.35,0
2022-10-14 13:15:00,258.35,259.2,258.0,258.85,0
2022-10-14 14:15:00,258.85,260.2,258.85,260.0,0
2022-10-14 15:15:00,260.05,260.15,259.7,259.75,0
2022-10-17 09:15:00,260.7,261.4,259.6,259.6,0
2022-10-17 10:15:00,259.6,259.6,258.6,258.9,0
2022-10-17 11:15:00,258.9,259.45,258.75,258.8,0
2022-10-17 12:15:00,258.8,259.0,258.25,258.4,0
2022-10-17 13:15:00,258.4,258.8,257.95,258.5,0
2022-10-17 14:15:00,258.5,258.7,257.95,258.4,0
2022-10-17 15:15:00,258.4,258.45,257.95,258.05,0
2022-10-18 09:15:00,256.35,256.35,255.1,255.35,0
2022-10-18 10:15:00,255.35,255.9,255.0,255.65,0
2022-10-18 11:15:00,255.65,256.05,255.3,255.3,0
2022-10-18 12:15:00,255.3,255.8,255.3,255.55,0
2022-10-18 13:15:00,255.55,256.05,255.5,255.85,0
2022-10-18 14:15:00,255.85,256.25,255.5,255.65,0
2022-10-18 15:15:00,255.65,255.7,255.5,255.55,0
2022-10-19 09:15:00,254.45,254.9,254.2,254.4,0
2022-10-19 10:15:00,254.4,254.55,253.9,254.3,0
2022-10-19 11:15:00,254.3,254.9,254.1,254.75,0
2022-10-19 12:15:00,254.8,255.55,254.65,255.2,0
2022-10-19 13:15:00,255.2,255.4,254.7,254.8,0
2022-10-19 14:15:00,254.75,255.85,254.6,255.35,0
2022-10-19 15:15:00,255.35,255.45,255.0,255.15,0
2022-10-20 09:15:00,256.6,256.65,255.8,255.9,0
2022-10-20 10:15:00,255.9,256.1,255.25,255.8,0
2022-10-20 11:15:00,255.8,256.0,255.55,255.85,0
2022-10-20 12:15:00,255.85,255.85,255.15,255.4,0
2022-10-20 13:15:00,255.4,255.95,255.25,255.4,0
2022-10-20 14:15:00,255.4,255.55,254.5,254.5,0
2022-10-20 15:15:00,254.55,254.6,254.3,254.55,0
2022-10-21 09:15:00,253.75,254.0,253.25,253.35,0
2022-10-21 10:15:00,253.35,253.75,253.35,253.6,0
2022-10-21 11:15:00,253.6,253.6,253.1,253.3,0
2022-10-21 12:15:00,253.3,253.7,253.25,253.3,0
2022-10-21 13:15:00,253.35,254.8,253.25,254.5,0
2022-10-21 14:15:00,254.5,255.25,254.35,254.5,0
2022-10-21 15:15:00,254.5,254.5,254.15,254.35,0
2022-10-24 18:15:00,252.25,252.65,251.65,252.2,0
2022-10-25 09:15:00,251.25,252.65,251.25,252.0,0
2022-10-25 10:15:00,252.0,253.1,251.95,253.05,0
2022-10-25 11:15:00,253.05,253.3,252.75,252.9,0
2022-10-25 12:15:00,252.9,253.45,252.85,253.35,0
2022-10-25 13:15:00,253.35,253.35,252.6,252.7,0
2022-10-25 14:15:00,252.7,253.5,252.55,253.5,0
2022-10-25 15:15:00,253.5,253.65,253.4,253.6,0
2022-10-27 09:15:00,251.85,252.5,251.7,252.45,0
2022-10-27 10:15:00,252.45,252.6,252.2,252.35,0
2022-10-27 11:15:00,252.35,252.8,252.3,252.75,0
2022-10-27 12:15:00,252.75,253.2,252.7,253.05,0
2022-10-27 13:15:00,253.05,253.1,252.7,252.85,0
2022-10-27 14:15:00,252.85,253.55,252.3,252.4,0
2022-10-27 15:15:00,252.4,252.4,251.85,252.0,0
2022-10-28 09:15:00,252.1,252.2,251.0,251.0,0
2022-10-28 10:15:00,251.05,251.7,250.95,251.7,0
2022-10-28 11:15:00,251.7,252.1,251.65,251.9,0
2022-10-28 12:15:00,251.9,252.4,251.8,252.15,0
2022-10-28 13:15:00,252.2,252.6,252.0,252.45,0
2022-10-28 14:15:00,252.45,252.45,251.6,251.6,0
2022-10-28 15:15:00,251.65,251.65,251.5,251.55,0
2022-10-31 09:15:00,250.05,250.2,249.2,249.4,0
2022-10-31 10:15:00,249.4,249.65,249.25,249.25,0
2022-10-31 11:15:00,249.25,249.35,248.95,249.05,0
2022-10-31 12:15:00,249.05,249.3,248.95,249.2,0
2022-10-31 13:15:00,249.2,249.5,249.0,249.4,0
2022-10-31 14:15:00,249.4,249.5,248.5,248.55,0
2022-10-31 15:15:00,248.55,248.65,248.45,248.55,0
2022-11-01 09:15:00,247.05,247.6,246.6,246.6,0
2022-11-01 10:15:00,246.6,246.85,246.4,246.7,0
2022-11-01 11:15:00,246.65,247.15,246.6,247.1,0
2022-11-01 12:15:00,247.1,248.0,247.0,247.9,0
2022-11-01 13:15:00,247.9,247.95,247.1,247.35,0
2022-11-01 14:15:00,247.35,247.45,246.7,246.8,0
2022-11-01 15:15:00,246.8,246.95,246.7,246.85,0
2022-11-02 09:15:00,246.4,247.45,246.4,247.2,0
2022-11-02 10:15:00,247.2,247.6,247.05,247.25,0
2022-11-02 11:15:00,247.25,247.65,247.2,247.65,0
2022-11-02 12:15:00,247.6,248.05,247.5,247.75,0
2022-11-02 13:15:00,247.75,248.15,247.5,248.15,0
2022-11-02 14:15:00,248.15,248.15,247.6,247.7,0
2022-11-02 15:15:00,247.7,247.9,247.6,247.85,0
2022-11-03 09:15:00,249.3,249.35,247.75,247.75,0
2022-11-03 10:15:00,247.75,248.05,247.45,247.7,0
2022-11-03 11:15:00,247.7,248.45,247.55,248.3,0
2022-11-03 12:15:00,248.3,248.85,248.25,248.45,0
2022-11-03 13:15:00,248.45,248.75,248.15,248.5,0
2022-11-03 14:15:00,248.5,248.75,247.95,248.2,0
2022-11-03 15:15:00,248.2,248.3,248.1,248.25,0
2022-11-04 09:15:00,248.2,248.55,247.45,248.45,0
2022-11-04 10:15:00,248.45,248.7,248.35,248.4,0
2022-11-04 11:15:00,248.4,248.5,248.2,248.3,0
2022-11-04 12:15:00,248.3,248.4,248.05,248.2,0
2022-11-04 13:15:00,248.2,248.35,248.1,248.15,0
2022-11-04 14:15:00,248.15,248.25,247.15,247.2,0
2022-11-04 15:15:00,247.25,247.3,247.1,247.15,0
2022-11-07 09:15:00,246.15,247.1,245.55,247.1,0
2022-11-07 10:15:00,247.1,247.45,246.95,247.05,0
2022-11-07 11:15:00,247.05,247.2,246.85,247.05,0
2022-11-07 12:15:00,247.1,247.65,246.95,247.55,0
2022-11-07 13:15:00,247.55,248.15,247.2,247.3,0
2022-11-07 14:15:00,247.3,247.3,246.2,246.25,0
2022-11-07 15:15:00,246.3,246.35,246.05,246.25,0
2022-11-09 09:15:00,245.2,246.3,245.2,246.1,0
2022-11-09 10:15:00,246.05,246.6,246.0,246.55,0
2022-11-09 11:15:00,246.55,246.8,246.35,246.75,0
2022-11-09 12:15:00,246.75,246.75,246.4,246.6,0
2022-11-09 13:15:00,246.6,246.85,246.2,246.3,0
2022-11-09 14:15:00,246.3,247.5,246.2,246.75,0
2022-11-09 15:15:00,246.75,247.5,246.75,247.45,0
2022-11-10 09:15:00,248.55,249.0,247.75,248.8,0
2022-11-10 10:15:00,248.8,248.85,248.45,248.65,0
2022-11-10 11:15:00,248.65,248.95,248.3,248.95,0
2022-11-10 12:15:00,248.95,249.5,248.9,249.2,0
2022-11-10 13:15:00,249.2,249.3,248.95,249.1,0
2022-11-10 14:15:00,249.1,249.55,248.7,248.75,0
2022-11-10 15:15:00,248.75,248.8,248.6,248.65,0
2022-11-11 09:15:00,245.45,245.6,244.6,244.9,0
2022-11-11 10:15:00,244.9,245.3,244.8,244.9,0
2022-11-11 11:15:00,244.9,245.1,244.65,244.75,0
2022-11-11 12:15:00,244.75,244.95,244.4,244.7,0
2022-11-11 13:15:00,244.7,244.95,244.4,244.4,0
2022-11-11 14:15:00,244.4,244.65,244.2,244.35,0
2022-11-11 15:15:00,244.4,244.5,244.2,244.3,0
2022-11-14 09:15:00,244.1,244.6,243.8,244.45,0
2022-11-14 10:15:00,244.45,244.75,244.25,244.55,0
2022-11-14 11:15:00,244.5,244.75,244.45,244.65,0
2022-11-14 12:15:00,244.65,245.0,244.5,244.7,0
2022-11-14 13:15:00,244.7,244.75,244.15,244.15,0
2022-11-14 14:15:00,244.15,244.85,244.15,244.75,0
2022-11-14 15:15:00,244.75,244.95,244.65,244.9,0
2022-11-15 09:15:00,244.35,245.4,244.15,245.05,0
2022-11-15 10:15:00,245.1,245.4,245.05,245.4,0
2022-11-15 11:15:00,245.4,245.4,245.05,245.25,0
2022-11-15 12:15:00,245.25,245.35,244.6,244.75,0
2022-11-15 13:15:00,244.75,244.95,244.6,244.9,0
2022-11-15 14:15:00,244.9,245.05,243.7,243.75,0
2022-11-15 15:15:00,243.75,243.8,243.5,243.55,0
2022-11-16 09:15:00,243.9,244.5,243.7,243.9,0
2022-11-16 10:15:00,243.9,243.95,243.4,243.6,0
2022-11-16 11:15:00,243.6,244.05,243.35,243.85,0
2022-11-16 12:15:00,243.85,243.85,243.55,243.75,0
2022-11-16 13:15:00,243.75,244.05,243.4,244.05,0
2022-11-16 14:15:00,244.05,244.6,243.55,243.7,0
2022-11-16 15:15:00,243.7,243.95,243.65,243.8,0
2022-11-17 09:15:00,244.45,244.55,243.7,244.15,0
2022-11-17 10:15:00,244.15,244.45,244.05,244.45,0
2022-11-17 11:15:00,244.45,244.6,244.2,244.4,0
2022-11-17 12:15:00,244.4,244.45,243.95,244.05,0
2022-11-17 13:15:00,244.05,244.15,243.8,243.85,0
2022-11-17 14:15:00,243.85,244.95,243.85,244.95,0
2022-11-17 15:15:00,244.95,245.1,244.7,244.8,0
2022-11-18 09:15:00,244.2,245.5,244.05,245.45,0
2022-11-18 10:15:00,245.45,246.35,245.25,246.25,0
2022-11-18 11:15:00,246.3,246.3,245.8,246.0,0
2022-11-18 12:15:00,246.05,246.15,245.85,245.9,0
2022-11-18 13:15:00,245.9,246.5,245.65,246.4,0
2022-11-18 14:15:00,246.4,246.5,244.95,245.0,0
2022-11-18 15:15:00,245.0,245.35,244.95,245.25,0
2022-11-21 09:15:00,246.15,247.45,246.05,247.05,0
2022-11-21 10:15:00,247.05,247.4,246.9,247.05,0
2022-11-21 11:15:00,247.05,247.3,246.9,247.25,0
2022-11-21 12:15:00,247.25,247.5,247.15,247.4,0
2022-11-21 13:15:00,247.4,247.6,247.15,247.35,0
2022-11-21 14:15:00,247.35,247.65,247.1,247.15,0
2022-11-21 15:15:00,247.1,247.45,247.1,247.35,0
2022-11-22 09:15:00,247.05,247.6,246.65,246.7,0
2022-11-22 10:15:00,246.7,246.85,246.55,246.7,0
2022-11-22 11:15:00,246.7,246.8,246.5,246.55,0
2022-11-22 12:15:00,246.55,246.75,246.45,246.7,0
2022-11-22 13:15:00,246.7,246.75,246.4,246.65,0
2022-11-22 14:15:00,246.65,246.8,246.1,246.1,0
2022-11-22 15:15:00,246.1,246.2,246.0,246.1,0
2022-11-23 09:15:00,245.15,245.95,245.15,245.85,0
2022-11-23 10:15:00,245.85,246.1,245.8,245.9,0
2022-11-23 11:15:00,245.9,245.95,245.75,245.75,0
2022-11-23 12:15:00,245.75,245.95,245.7,245.8,0
2022-11-23 13:15:00,245.8,245.9,245.6,245.6,0
2022-11-23 14:15:00,245.6,246.0,245.3,245.85,0
2022-11-23 15:15:00,245.85,246.15,245.85,246.1,0
2022-11-24 09:15:00,245.15,245.6,244.75,244.8,0
2022-11-24 10:15:00,244.8,244.8,244.5,244.65,0
2022-11-24 11:15:00,244.65,244.7,244.35,244.4,0
2022-11-24 12:15:00,244.35,244.5,244.2,244.4,0
2022-11-24 13:15:00,244.4,244.6,244.15,244.15,0
2022-11-24 14:15:00,244.15,244.35,243.05,243.05,0
2022-11-24 15:15:00,243.05,243.05,242.45,242.65,0
2022-11-25 09:15:00,242.5,243.6,242.5,243.15,0
2022-11-25 10:15:00,243.15,243.4,242.85,243.4,0
2022-11-25 11:15:00,243.35,243.5,243.05,243.35,0
2022-11-25 12:15:00,243.35,243.35,242.95,243.05,0
2022-11-25 13:15:00,243.1,243.2,242.7,243.05,0
2022-11-25 14:15:00,243.05,243.3,242.4,242.55,0
2022-11-25 15:15:00,242.5,242.95,242.5,242.9,0
2022-11-28 09:15:00,243.9,243.9,242.35,242.45,0
2022-11-28 10:15:00,242.45,242.5,242.1,242.15,0
2022-11-28 11:15:00,242.15,242.2,241.75,241.75,0
2022-11-28 12:15:00,241.75,241.95,241.55,241.6,0
2022-11-28 13:15:00,241.6,242.0,241.5,241.9,0
2022-11-28 14:15:00,241.9,242.25,241.55,242.15,0
2022-11-28 15:15:00,242.1,242.35,242.1,242.3,0
2022-11-29 09:15:00,242.35,242.35,241.3,241.3,0
2022-11-29 10:15:00,241.35,241.35,240.9,240.95,0
2022-11-29 11:15:00,240.95,241.25,240.8,240.85,0
2022-11-29 12:15:00,240.85,241.1,240.8,240.9,0
2022-11-29 13:15:00,240.9,241.0,240.7,240.95,0
2022-11-29 14:15:00,240.95,241.55,240.9,241.5,0
2022-11-29 15:15:00,241.55,241.7,241.45,241.6,0
2022-11-30 09:15:00,241.4,241.55,240.75,241.2,0
2022-11-30 10:15:00,241.2,241.5,241.2,241.3,0
2022-11-30 11:15:00,241.3,241.4,240.9,241.2,0
2022-11-30 12:15:00,241.2,241.25,240.85,240.85,0
2022-11-30 13:15:00,240.85,241.05,240.75,240.9,0
2022-11-30 14:15:00,240.9,240.95,239.6,239.6,0
2022-11-30 15:15:00,239.6,239.6,239.0,239.45,0
2022-12-01 09:15:00,238.3,238.8,238.1,238.65,0
2022-12-01 10:15:00,238.65,239.0,238.6,238.7,0
2022-12-01 11:15:00,238.7,239.0,238.65,238.75,0
2022-12-01 12:15:00,238.75,238.8,238.5,238.65,0
2022-12-01 13:15:00,238.65,239.5,238.55,238.9,0
2022-12-01 14:15:00,238.9,239.25,238.65,239.1,0
2022-12-01 15:15:00,239.1,239.2,238.95,239.2,0
2022-12-02 09:15:00,239.85,240.5,239.5,240.45,0
2022-12-02 10:15:00,240.45,240.65,240.35,240.55,0
2022-12-02 11:15:00,240.55,241.25,240.45,241.2,0
2022-12-02 12:15:00,241.2,241.3,240.7,240.75,0
2022-12-02 13:15:00,240.75,241.1,240.55,240.65,0
2022-12-02 14:15:00,240.65,240.8,240.45,240.6,0
2022-12-02 15:15:00,240.6,240.65,240.4,240.5,0
2022-12-05 09:15:00,240.4,242.0,240.35,241.95,0
2022-12-05 10:15:00,241.95,241.95,241.4,241.4,0
2022-12-05 11:15:00,241.45,241.5,241.05,241.05,0
2022-12-05 12:15:00,241.05,241.05,240.4,240.9,0
2022-12-05 13:15:00,240.9,241.55,240.9,241.3,0
2022-12-05 14:15:00,241.3,241.4,240.35,240.45,0
2022-12-05 15:15:00,240.45,240.8,240.4,240.75,0
2022-12-06 09:15:00,241.95,242.25,241.45,241.5,0
2022-12-06 10:15:00,241.5,241.95,241.35,241.85,0
2022-12-06 11:15:00,241.85,241.95,241.65,241.9,0
2022-12-06 12:15:00,241.9,242.15,241.75,241.75,0
2022-12-06 13:15:00,241.75,242.0,241.45,241.75,0
2022-12-06 14:15:00,241.75,241.95,241.25,241.3,0
2022-12-06 15:15:00,241.3,241.5,241.3,241.35,0
2022-12-07 09:15:00,241.5,241.9,241.15,241.2,0
2022-12-07 10:15:00,241.2,242.45,241.1,242.2,0
2022-12-07 11:15:00,242.2,242.4,242.05,242.1,0
2022-12-07 12:15:00,242.05,242.4,241.9,242.05,0
2022-12-07 13:15:00,242.05,242.45,241.8,242.4,0
2022-12-07 14:15:00,242.4,242.65,241.75,242.6,0
2022-12-07 15:15:00,242.6,242.9,242.55,242.65,0
2022-12-08 09:15:00,242.4,242.85,241.7,242.0,0
2022-12-08 10:15:00,242.0,242.45,241.85,242.35,0
2022-12-08 11:15:00,242.35,242.45,242.2,242.3,0
2022-12-08 12:15:00,242.3,242.65,242.1,242.25,0
2022-12-08 13:15:00,242.25,242.45,242.1,242.2,0
2022-12-08 14:15:00,242.2,242.3,241.8,241.85,0
2022-12-08 15:15:00,241.85,241.95,241.75,241.85,0
2022-12-09 09:15:00,241.25,241.95,241.25,241.9,0
2022-12-09 10:15:00,241.95,242.75,241.9,242.65,0
2022-12-09 11:15:00,242.65,242.9,242.5,242.55,0
2022-12-09 12:15:00,242.55,243.95,242.5,243.5,0
2022-12-09 13:15:00,243.5,244.05,243.4,244.0,0
2022-12-09 14:15:00,244.05,244.5,243.25,243.25,0
2022-12-09 15:15:00,243.25,243.55,243.2,243.5,0
2022-12-12 09:15:00,244.8,245.5,243.45,243.8,0
2022-12-12 10:15:00,243.8,243.85,243.2,243.35,0
2022-12-12 11:15:00,243.3,243.8,243.25,243.65,0
2022-12-12 12:15:00,243.65,243.8,243.35,243.75,0
2022-12-12 13:15:00,243.75,244.25,243.75,244.05,0
2022-12-12 14:15:00,244.05,244.45,243.4,243.55,0
2022-12-12 15:15:00,243.55,243.6,243.35,243.55,0
2022-12-13 09:15:00,243.2,243.65,243.0,243.2,0
2022-12-13 10:15:00,243.2,243.25,242.75,242.85,0
2022-12-13 11:15:00,242.85,242.85,242.3,242.4,0
2022-12-13 12:15:00,242.4,242.6,242.1,242.25,0
2022-12-13 13:15:00,242.2,242.6,242.2,242.5,0
2022-12-13 14:15:00,242.55,242.7,242.0,242.15,0
2022-12-13 15:15:00,242.15,242.35,242.05,242.3,0
2022-12-14 09:15:00,241.35,241.55,241.0,241.4,0
2022-12-14 10:15:00,241.45,241.5,241.2,241.2,0
2022-12-14 11:15:00,241.2,241.25,241.1,241.1,0
2022-12-14 12:15:00,241.1,241.35,241.05,241.2,0
2022-12-14 13:15:00,241.25,241.8,241.2,241.8,0
2022-12-14 14:15:00,241.8,241.8,241.25,241.4,0
2022-12-14 15:15:00,241.4,241.75,241.35,241.7,0
2022-12-15 09:15:00,242.1,242.8,241.6,242.75,0
2022-12-15 10:15:00,242.75,242.8,242.35,242.55,0
2022-12-15 11:15:00,242.55,243.05,242.55,242.95,0
2022-12-15 12:15:00,242.95,243.4,242.9,243.3,0
2022-12-15 13:15:00,243.3,243.6,243.25,243.3,0
2022-12-15 14:15:00,243.3,244.8,243.25,244.8,0
2022-12-15 15:15:00,244.8,245.05,244.7,244.95,0
2022-12-16 09:15:00,246.0,246.25,244.4,245.85,0
2022-12-16 10:15:00,245.85,246.65,245.65,246.05,0
2022-12-16 11:15:00,246.05,246.25,245.7,245.9,0
2022-12-16 12:15:00,245.9,245.9,244.8,245.25,0
2022-12-16 13:15:00,245.25,246.15,245.15,245.9,0
2022-12-16 14:15:00,245.9,246.8,245.9,246.8,0
2022-12-16 15:15:00,246.75,246.85,246.55,246.6,0
2022-12-19 09:15:00,246.55,247.15,245.75,245.9,0
2022-12-19 10:15:00,245.9,246.05,245.6,245.85,0
2022-12-19 11:15:00,245.85,245.9,245.35,245.35,0
2022-12-19 12:15:00,245.35,246.1,245.25,245.95,0
2022-12-19 13:15:00,245.95,246.0,245.35,245.5,0
2022-12-19 14:15:00,245.45,245.65,244.7,244.8,0
2022-12-19 15:15:00,244.8,244.8,244.6,244.65,0
2022-12-20 09:15:00,245.85,247.6,245.7,247.3,0
2022-12-20 10:15:00,247.3,247.7,247.15,247.35,0
2022-12-20 11:15:00,247.35,247.65,247.1,247.1,0
2022-12-20 12:15:00,247.1,247.2,246.5,246.9,0
2022-12-20 13:15:00,246.95,247.1,246.25,246.4,0
2022-12-20 14:15:00,246.4,246.5,245.0,245.05,0
2022-12-20 15:15:00,245.05,245.3,245.05,245.25,0
2022-12-21 09:15:00,244.65,245.6,244.15,245.1,0
2022-12-21 10:15:00,245.15,245.9,245.05,245.6,0
2022-12-21 11:15:00,245.6,246.1,245.3,246.05,0
2022-12-21 12:15:00,246.05,246.9,246.05,246.45,0
2022-12-21 13:15:00,246.45,248.25,246.4,247.5,0
2022-12-21 14:15:00,247.45,248.1,246.65,247.7,0
2022-12-21 15:15:00,247.7,247.95,247.65,247.65,0
2022-12-22 09:15:00,246.6,248.4,246.25,248.4,0
2022-12-22 10:15:00,248.4,249.1,248.25,248.6,0
2022-12-22 11:15:00,248.6,249.5,248.4,249.45,0
2022-12-22 12:15:00,249.45,249.6,248.7,249.0,0
2022-12-22 13:15:00,249.0,249.2,248.15,248.25,0
2022-12-22 14:15:00,248.25,249.3,248.05,248.6,0
2022-12-22 15:15:00,248.6,249.05,248.55,249.0,0
2022-12-23 09:15:00,250.9,251.45,250.0,251.2,0
2022-12-23 10:15:00,251.2,251.8,251.15,251.3,0
2022-12-23 11:15:00,251.25,252.55,251.25,251.9,0
2022-12-23 12:15:00,251.9,252.15,251.5,252.0,0
2022-12-23 13:15:00,252.0,252.9,251.8,252.85,0
2022-12-23 14:15:00,252.85,253.6,252.2,253.2,0
2022-12-23 15:15:00,253.2,253.4,252.95,253.05,0
2022-12-26 09:15:00,253.05,253.85,251.25,251.6,0
2022-12-26 10:15:00,251.6,251.95,251.15,251.3,0
2022-12-26 11:15:00,251.35,251.35,250.55,250.65,0
2022-12-26 12:15:00,250.65,251.15,250.55,250.75,0
2022-12-26 13:15:00,250.75,251.0,250.45,250.5,0
2022-12-26 14:15:00,250.45,250.85,249.45,250.7,0
2022-12-26 15:15:00,250.7,250.75,250.45,250.5,0
2022-12-27 09:15:00,249.45,251.15,248.8,250.6,0
2022-12-27 10:15:00,250.6,250.75,249.85,250.0,0
2022-12-27 11:15:00,250.0,250.25,249.75,249.9,0
2022-12-27 12:15:00,249.9,250.45,249.7,249.9,0
2022-12-27 13:15:00,249.9,250.0,248.95,249.0,0
2022-12-27 14:15:00,249.0,249.65,248.7,248.85,0
2022-12-27 15:15:00,248.85,248.9,248.6,248.8,0
2022-12-28 09:15:00,249.55,249.7,248.7,248.75,0
2022-12-28 10:15:00,248.75,249.45,248.7,248.8,0
2022-12-28 11:15:00,248.8,249.05,248.65,248.75,0
2022-12-28 12:15:00,248.75,249.0,248.6,248.9,0
2022-12-28 13:15:00,248.9,249.1,248.35,248.45,0
2022-12-28 14:15:00,248.45,249.3,248.45,248.95,0
2022-12-28 15:15:00,248.95,249.25,248.95,249.2,0
2022-12-29 09:15:00,250.1,250.8,249.9,250.7,0
2022-12-29 10:15:00,250.7,250.85,250.35,250.5,0
2022-12-29 11:15:00,250.5,250.65,250.05,250.3,0
2022-12-29 12:15:00,250.3,250.65,249.95,250.0,0
2022-12-29 13:15:00,250.05,250.3,249.4,249.6,0
2022-12-29 14:15:00,249.6,249.75,247.95,248.05,0
2022-12-29 15:15:00,248.05,248.15,247.85,247.85,0
2022-12-30 09:15:00,247.25,247.9,247.15,247.8,0
2022-12-30 10:15:00,247.8,247.8,247.35,247.6,0
2022-12-30 11:15:00,247.55,248.25,247.55,247.95,0
2022-12-30 12:15:00,247.95,248.25,247.6,248.15,0
2022-12-30 13:15:00,248.1,248.5,247.8,248.05,0
2022-12-30 14:15:00,248.05,249.65,247.95,249.45,0
2022-12-30 15:15:00,249.45,249.65,249.15,249.2,0
2023-01-02 09:15:00,249.1,249.7,248.5,248.65,0
2023-01-02 10:15:00,248.7,248.75,248.15,248.35,0
2023-01-02 11:15:00,248.35,248.55,248.25,248.25,0
2023-01-02 12:15:00,248.3,248.8,248.2,248.4,0
2023-01-02 13:15:00,248.4,248.75,248.25,248.55,0
2023-01-02 14:15:00,248.55,249.2,248.1,248.25,0
2023-01-02 15:15:00,248.25,248.25,247.95,248.05,0
2023-01-03 09:15:00,248.7,248.85,247.75,247.75,0
2023-01-03 10:15:00,247.75,247.95,247.65,247.75,0
2023-01-03 11:15:00,247.75,248.25,247.65,248.2,0
2023-01-03 12:15:00,248.2,248.7,248.2,248.4,0
2023-01-03 13:15:00,248.4,248.4,247.85,248.1,0
2023-01-03 14:15:00,248.1,248.1,247.5,247.65,0
2023-01-03 15:15:00,247.65,247.8,247.6,247.7,0
2023-01-04 09:15:00,247.8,249.4,247.65,249.2,0
2023-01-04 10:15:00,249.2,249.75,248.7,249.6,0
2023-01-04 11:15:00,249.65,250.4,249.4,250.4,0
2023-01-04 12:15:00,250.4,250.4,249.8,249.9,0
2023-01-04 13:15:00,249.85,250.05,249.15,249.25,0
2023-01-04 14:15:00,249.25,250.65,249.15,250.2,0
2023-01-04 15:15:00,250.25,250.6,250.2,250.4,0
2023-01-05 09:15:00,249.6,250.8,249.35,250.1,0
2023-01-05 10:15:00,250.1,250.65,249.85,250.5,0
2023-01-05 11:15:00,250.5,251.4,250.35,251.25,0
2023-01-05 12:15:00,251.25,251.95,251.2,251.7,0
2023-01-05 13:15:00,251.7,252.5,251.65,252.2,0
2023-01-05 14:15:00,252.2,252.25,251.0,251.15,0
2023-01-05 15:15:00,251.15,251.15,250.9,251.0,0
2023-01-06 09:15:00,250.95,251.7,250.4,251.65,0
2023-01-06 10:15:00,251.65,252.3,251.45,252.25,0
2023-01-06 11:15:00,252.25,252.4,251.75,252.1,0
2023-01-06 12:15:00,252.1,253.5,252.05,253.4,0
2023-01-06 13:15:00,253.4,253.9,253.1,253.55,0
2023-01-06 14:15:00,253.55,253.85,252.7,252.85,0
2023-01-06 15:15:00,252.85,253.15,252.85,252.9,0
2023-01-09 09:15:00,251.8,252.05,250.05,250.3,0
2023-01-09 10:15:00,250.3,250.3,249.6,249.65,0
2023-01-09 11:15:00,249.65,249.75,249.15,249.3,0
2023-01-09 12:15:00,249.3,250.1,249.15,250.05,0
2023-01-09 13:15:00,250.1,251.2,250.05,250.4,0
2023-01-09 14:15:00,250.4,250.7,249.6,249.65,0
2023-01-09 15:15:00,249.65,249.95,249.5,249.85,0
2023-01-10 09:15:00,249.45,251.6,249.45,251.25,0
2023-01-10 10:15:00,251.3,251.85,251.0,251.75,0
2023-01-10 11:15:00,251.75,252.15,251.65,251.75,0
2023-01-10 12:15:00,251.75,252.8,251.5,252.65,0
2023-01-10 13:15:00,252.65,253.05,252.25,252.45,0
2023-01-10 14:15:00,252.5,253.1,252.15,252.25,0
2023-01-10 15:15:00,252.2,252.35,252.15,252.2,0
2023-01-11 09:15:00,252.25,253.6,251.8,251.8,0
2023-01-11 10:15:00,251.75,252.9,251.5,252.45,0
2023-01-11 11:15:00,252.45,253.0,252.15,252.5,0
2023-01-11 12:15:00,252.5,252.85,252.25,252.35,0
2023-01-11 13:15:00,252.35,253.05,252.1,252.9,0
2023-01-11 14:15:00,252.95,253.05,252.0,252.65,0
2023-01-11 15:15:00,252.7,252.85,252.6,252.75,0
2023-01-12 09:15:00,252.3,253.45,252.0,253.25,0
2023-01-12 10:15:00,253.25,254.05,253.25,254.0,0
2023-01-12 11:15:00,254.0,254.3,253.65,253.8,0
2023-01-12 12:15:00,253.8,253.85,253.3,253.65,0
2023-01-12 13:15:00,253.7,254.55,253.5,253.6,0
2023-01-12 14:15:00,253.6,253.85,253.05,253.2,0
2023-01-12 15:15:00,253.2,253.25,253.05,253.1,0
2023-01-13 09:15:00,253.1,254.45,253.1,254.3,0
2023-01-13 10:15:00,254.3,254.3,253.55,253.65,0
2023-01-13 11:15:00,253.65,253.85,253.3,253.35,0
2023-01-13 12:15:00,253.35,253.35,251.75,251.75,0
2023-01-13 13:15:00,251.75,252.0,251.25,251.4,0
2023-01-13 14:15:00,251.4,252.15,251.35,251.85,0
2023-01-13 15:15:00,251.85,252.0,251.7,251.95,0
2023-01-16 09:15:00,250.9,252.15,250.65,251.75,0
2023-01-16 10:15:00,251.75,252.0,251.65,252.0,0
2023-01-16 11:15:00,252.0,252.6,251.95,252.55,0
2023-01-16 12:15:00,252.55,253.05,252.45,252.5,0
2023-01-16 13:15:00,252.5,253.4,252.15,253.05,0
2023-01-16 14:15:00,253.0,253.35,252.75,252.85,0
2023-01-16 15:15:00,252.85,252.9,252.7,252.9,0
2023-01-17 09:15:00,252.5,253.0,251.15,251.35,0
2023-01-17 10:15:00,251.35,251.8,251.0,251.6,0
2023-01-17 11:15:00,251.6,251.8,251.15,251.25,0
2023-01-17 12:15:00,251.25,252.2,251.25,252.15,0
2023-01-17 13:15:00,252.15,252.45,251.45,251.55,0
2023-01-17 14:15:00,251.55,251.65,250.5,250.55,0
2023-01-17 15:15:00,250.55,250.65,250.4,250.6,0
2023-01-18 09:15:00,250.4,250.95,249.6,249.75,0
2023-01-18 10:15:00,249.75,250.0,249.45,249.45,0
2023-01-18 11:15:00,249.45,249.45,248.95,249.0,0
2023-01-18 12:15:00,249.0,249.4,249.0,249.4,0
2023-01-18 13:15:00,249.4,249.5,248.9,249.35,0
2023-01-18 14:15:00,249.35,249.45,248.9,249.25,0
2023-01-18 15:15:00,249.25,249.25,249.05,249.15,0
2023-01-19 09:15:00,249.8,250.55,249.55,250.4,0
2023-01-19 10:15:00,250.4,250.45,249.3,249.65,0
2023-01-19 11:15:00,249.65,249.95,249.35,249.6,0
2023-01-19 12:15:00,249.6,250.0,249.45,249.85,0
2023-01-19 13:15:00,249.85,250.0,249.6,249.65,0
2023-01-19 14:15:00,249.65,250.25,249.55,250.0,0
2023-01-19 15:15:00,250.05,250.25,249.95,250.25,0
2023-01-20 09:15:00,249.9,250.55,249.85,249.9,0
2023-01-20 10:15:00,249.85,250.05,249.5,250.05,0
2023-01-20 11:15:00,250.05,250.35,249.85,250.15,0
2023-01-20 12:15:00,250.15,250.4,249.95,250.15,0
2023-01-20 13:15:00,250.15,250.9,250.05,250.65,0
2023-01-20 14:15:00,250.65,251.25,250.6,251.1,0
2023-01-20 15:15:00,251.1,251.25,251.05,251.15,0
2023-01-23 09:15:00,249.95,250.7,249.35,249.55,0
2023-01-23 10:15:00,249.55,249.75,249.45,249.75,0
2023-01-23 11:15:00,249.75,250.1,249.6,250.05,0
2023-01-23 12:15:00,250.05,250.55,250.0,250.4,0
2023-01-23 13:15:00,250.4,250.4,249.85,249.9,0
2023-01-23 14:15:00,249.9,250.2,249.7,249.9,0
2023-01-23 15:15:00,249.9,250.25,249.85,250.15,0
2023-01-24 09:15:00,249.1,249.9,248.9,249.8,0
2023-01-24 10:15:00,249.8,249.85,249.25,249.5,0
2023-01-24 11:15:00,249.5,250.05,249.5,249.85,0
2023-01-24 12:15:00,249.85,250.05,249.65,249.85,0
2023-01-24 13:15:00,249.85,250.55,249.75,250.15,0
2023-01-24 14:15:00,250.15,250.35,249.8,249.95,0
2023-01-24 15:15:00,249.95,250.25,249.9,250.25,0
2023-01-25 09:15:00,250.4,252.55,250.4,252.5,0
2023-01-25 10:15:00,252.5,252.95,252.2,252.6,0
2023-01-25 11:15:00,252.6,253.8,252.5,253.05,0
2023-01-25 12:15:00,253.05,253.35,252.65,252.95,0
2023-01-25 13:15:00,252.95,253.15,252.45,252.6,0
2023-01-25 14:15:00,252.6,253.45,252.55,253.15,0
2023-01-25 15:15:00,253.15,253.2,252.9,252.95,0
2023-01-27 09:15:00,253.5,256.25,253.5,256.2,0
2023-01-27 10:15:00,256.2,256.45,254.85,256.25,0
2023-01-27 11:15:00,256.25,257.1,256.0,257.0,0
2023-01-27 12:15:00,257.0,258.4,256.9,257.7,0
2023-01-27 13:15:00,257.7,258.8,257.3,258.75,0
2023-01-27 14:15:00,258.75,258.9,257.25,257.25,0
2023-01-27 15:15:00,257.25,257.35,256.95,257.3,0
2023-01-30 09:15:00,258.4,259.8,255.95,257.3,0
2023-01-30 10:15:00,257.3,258.45,257.1,258.25,0
2023-01-30 11:15:00,258.25,258.4,257.2,257.6,0
2023-01-30 12:15:00,257.65,259.6,257.5,259.55,0
2023-01-30 13:15:00,259.55,260.4,258.35,258.45,0
2023-01-30 14:15:00,258.45,258.85,256.45,256.75,0
2023-01-30 15:15:00,256.75,256.95,256.5,256.55,0
2023-01-31 09:15:00,255.7,258.5,255.7,258.1,0
2023-01-31 10:15:00,258.15,258.3,257.3,257.8,0
2023-01-31 11:15:00,257.8,257.95,256.8,257.45,0
2023-01-31 12:15:00,257.45,257.7,256.85,256.9,0
2023-01-31 13:15:00,256.95,257.35,256.35,257.2,0
2023-01-31 14:15:00,257.2,257.55,256.35,256.35,0
2023-01-31 15:15:00,256.35,256.65,256.15,256.4,0
2023-02-01 09:15:00,254.55,255.65,254.55,254.9,0
2023-02-01 10:15:00,254.9,254.95,254.2,254.7,0
2023-02-01 11:15:00,254.7,255.7,254.45,255.4,0
2023-02-01 12:15:00,255.4,255.7,252.25,253.05,0
2023-02-01 13:15:00,253.05,256.95,252.9,256.35,0
2023-02-01 14:15:00,256.35,261.2,256.35,257.15,0
2023-02-01 15:15:00,257.1,257.6,256.75,257.55,0
2023-02-02 09:15:00,258.9,259.9,256.9,258.05,0
2023-02-02 10:15:00,258.1,258.95,257.35,257.75,0
2023-02-02 11:15:00,257.75,258.1,256.95,257.4,0
2023-02-02 12:15:00,257.4,258.75,257.35,258.35,0
2023-02-02 13:15:00,258.35,259.25,258.25,258.5,0
2023-02-02 14:15:00,258.5,258.55,257.2,257.5,0
2023-02-02 15:15:00,257.55,257.65,257.25,257.45,0
2023-02-03 09:15:00,255.95,257.1,255.9,256.6,0
2023-02-03 10:15:00,256.6,257.95,256.4,257.35,0
2023-02-03 11:15:00,257.35,257.9,256.55,256.6,0
2023-02-03 12:15:00,256.6,256.7,255.95,256.15,0
2023-02-03 13:15:00,256.15,256.5,255.3,255.55,0
2023-02-03 14:15:00,255.55,255.55,253.8,254.0,0
2023-02-03 15:15:00,254.0,254.4,253.9,254.35,0
2023-02-06 09:15:00,254.65,256.15,254.65,255.25,0
2023-02-06 10:15:00,255.3,256.35,255.25,256.05,0
2023-02-06 11:15:00,256.05,256.15,255.5,255.95,0
2023-02-06 12:15:00,255.95,256.1,255.65,256.0,0
2023-02-06 13:15:00,256.05,256.1,255.1,255.3,0
2023-02-06 14:15:00,255.3,255.75,255.2,255.45,0
2023-02-06 15:15:00,255.45,255.55,255.35,255.45,0
2023-02-07 09:15:00,255.1,255.95,254.8,255.65,0
2023-02-07 10:15:00,255.65,255.85,255.15,255.4,0
2023-02-07 11:15:00,255.45,256.05,255.35,256.05,0
2023-02-07 12:15:00,256.05,257.05,256.05,257.05,0
2023-02-07 13:15:00,257.05,257.05,255.8,256.0,0
2023-02-07 14:15:00,255.95,256.25,255.25,256.1,0
2023-02-07 15:15:00,256.1,256.3,256.05,256.1,0
2023-02-08 09:15:00,255.7,255.75,253.85,254.05,0
2023-02-08 10:15:00,254.1,255.0,254.0,254.4,0
2023-02-08 11:15:00,254.4,254.5,253.8,254.25,0
2023-02-08 12:15:00,254.25,254.55,254.05,254.25,0
2023-02-08 13:15:00,254.25,254.3,253.7,253.75,0
2023-02-08 14:15:00,253.75,254.05,253.55,253.95,0
2023-02-08 15:15:00,253.95,254.15,253.85,254.1,0
2023-02-09 09:15:00,253.8,255.3,253.8,254.2,0
2023-02-09 10:15:00,254.2,254.35,253.85,254.05,0
2023-02-09 11:15:00,254.1,254.55,253.8,254.55,0
2023-02-09 12:15:00,254.55,254.7,254.2,254.55,0
2023-02-09 13:15:00,254.55,254.65,253.35,253.6,0
2023-02-09 14:15:00,253.6,253.9,253.5,253.65,0
2023-02-09 15:15:00,253.7,253.7,253.5,253.6,0
2023-02-10 09:15:00,254.4,255.05,254.05,254.65,0
2023-02-10 10:15:00,254.65,254.75,254.1,254.1,0
2023-02-10 11:15:00,254.1,254.75,253.95,254.7,0
2023-02-10 12:15:00,254.7,254.85,254.45,254.75,0
2023-02-10 13:15:00,254.75,254.85,254.2,254.35,0
2023-02-10 14:15:00,254.35,254.7,254.15,254.2,0
2023-02-10 15:15:00,254.15,254.5,254.15,254.45,0
2023-02-13 09:15:00,254.35,256.1,254.05,255.95,0
2023-02-13 10:15:00,255.95,256.05,255.3,255.35,0
2023-02-13 11:15:00,255.35,256.05,255.25,255.95,0
2023-02-13 12:15:00,255.95,256.35,255.6,255.65,0
2023-02-13 13:15:00,255.65,255.85,255.4,255.65,0
2023-02-13 14:15:00,255.65,255.7,255.15,255.7,0
2023-02-13 15:15:00,255.7,255.75,255.6,255.7,0
2023-02-14 09:15:00,254.65,255.25,254.4,254.7,0
2023-02-14 10:15:00,254.7,254.85,254.4,254.45,0
2023-02-14 11:15:00,254.45,254.55,253.75,253.85,0
2023-02-14 12:15:00,253.85,253.9,253.45,253.55,0
2023-02-14 13:15:00,253.55,253.85,253.0,253.2,0
2023-02-14 14:15:00,253.2,253.45,253.1,253.45,0
2023-02-14 15:15:00,253.45,253.55,253.35,253.5,0
2023-02-15 09:15:00,253.9,254.5,253.4,253.5,0
2023-02-15 10:15:00,253.5,253.65,253.25,253.25,0
2023-02-15 11:15:00,253.25,253.75,253.0,253.6,0
2023-02-15 12:15:00,253.6,253.8,253.2,253.5,0
2023-02-15 13:15:00,253.5,253.75,253.25,253.35,0
2023-02-15 14:15:00,253.35,253.4,252.15,252.2,0
2023-02-15 15:15:00,252.2,252.25,251.95,252.1,0
2023-02-16 09:15:00,251.15,251.6,250.6,250.95,0
2023-02-16 10:15:00,250.95,251.2,250.7,250.85,0
2023-02-16 11:15:00,250.85,251.3,250.75,251.2,0
2023-02-16 12:15:00,251.25,251.75,251.15,251.3,0
2023-02-16 13:15:00,251.3,251.55,251.05,251.3,0
2023-02-16 14:15:00,251.3,252.0,251.2,252.0,0
2023-02-16 15:15:00,252.0,252.45,251.95,252.25,0
2023-02-17 09:15:00,252.85,253.5,252.05,252.85,0
2023-02-17 10:15:00,252.85,252.95,252.45,252.7,0
2023-02-17 11:15:00,252.75,252.9,252.5,252.85,0
2023-02-17 12:15:00,252.85,253.7,252.85,253.6,0
2023-02-17 13:15:00,253.6,254.1,253.4,253.75,0
2023-02-17 14:15:00,253.75,254.0,253.15,253.2,0
2023-02-17 15:15:00,253.2,253.35,253.15,253.3,0
2023-02-20 09:15:00,253.1,254.0,252.55,253.2,0
2023-02-20 10:15:00,253.2,253.45,252.9,253.1,0
2023-02-20 11:15:00,253.1,253.8,253.05,253.8,0
2023-02-20 12:15:00,253.8,254.25,253.55,254.0,0
2023-02-20 13:15:00,254.0,254.9,253.9,254.85,0
2023-02-20 14:15:00,254.85,255.2,254.55,254.8,0
2023-02-20 15:15:00,254.85,254.95,254.65,254.8,0
2023-02-21 09:15:00,254.0,254.95,254.0,254.0,0
2023-02-21 10:15:00,254.0,254.2,253.75,253.95,0
2023-02-21 11:15:00,253.95,254.75,253.85,254.6,0
2023-02-21 12:15:00,254.6,255.25,254.55,254.75,0
2023-02-21 13:15:00,254.75,254.85,254.2,254.5,0
2023-02-21 14:15:00,254.5,255.5,254.45,255.25,0
2023-02-21 15:15:00,255.25,255.25,254.85,254.9,0
2023-02-22 09:15:00,256.2,257.4,255.95,257.2,0
2023-02-22 10:15:00,257.2,257.65,257.2,257.4,0
2023-02-22 11:15:00,257.4,257.85,257.3,257.65,0
2023-02-22 12:15:00,257.7,258.3,257.6,258.3,0
2023-02-22 13:15:00,258.3,259.35,258.2,259.3,0
2023-02-22 14:15:00,259.3,259.4,258.5,259.0,0
2023-02-22 15:15:00,259.0,259.25,259.0,259.1,0
2023-02-23 09:15:00,258.8,260.55,258.3,258.7,0
2023-02-23 10:15:00,258.7,259.2,258.15,258.7,0
2023-02-23 11:15:00,258.7,259.25,258.5,259.15,0
2023-02-23 12:15:00,259.15,259.5,258.65,258.8,0
2023-02-23 13:15:00,258.8,259.3,258.55,258.9,0
2023-02-23 14:15:00,258.9,260.05,258.7,259.85,0
2023-02-23 15:15:00,259.85,259.9,259.55,259.55,0
2023-02-24 09:15:00,258.6,259.75,258.45,259.25,0
2023-02-24 10:15:00,259.2,259.9,259.0,259.65,0
2023-02-24 11:15:00,259.65,260.15,259.45,260.1,0
2023-02-24 12:15:00,260.1,261.1,260.1,261.0,0
2023-02-24 13:15:00,260.95,261.05,260.15,260.75,0
2023-02-24 14:15:00,260.75,261.1,260.25,260.35,0
2023-02-24 15:15:00,260.35,260.55,260.3,260.45,0
2023-02-27 09:15:00,261.15,263.0,260.85,263.0,0
2023-02-27 10:15:00,263.0,263.05,261.9,261.95,0
2023-02-27 11:15:00,261.95,262.7,261.65,262.65,0
2023-02-27 12:15:00,262.65,263.1,262.35,262.95,0
2023-02-27 13:15:00,262.95,263.0,261.95,262.25,0
2023-02-27 14:15:00,262.25,262.55,261.5,261.55,0
2023-02-27 15:15:00,261.55,261.75,261.4,261.5,0
2023-02-28 09:15:00,261.9,262.1,261.0,261.9,0
2023-02-28 10:15:00,261.9,262.45,261.4,262.0,0
2023-02-28 11:15:00,262.0,262.45,261.85,261.85,0
2023-02-28 12:15:00,261.85,262.55,261.6,262.4,0
2023-02-28 13:15:00,262.4,263.8,262.2,263.7,0
2023-02-28 14:15:00,263.7,263.7,262.5,262.95,0
2023-02-28 15:15:00,262.95,263.2,262.8,262.85,0
2023-03-01 09:15:00,262.25,262.35,261.35,261.55,0
2023-03-01 10:15:00,261.6,261.8,261.2,261.2,0
2023-03-01 11:15:00,261.2,261.55,261.05,261.55,0
2023-03-01 12:15:00,261.55,261.75,261.2,261.45,0
2023-03-01 13:15:00,261.45,261.65,260.95,261.0,0
2023-03-01 14:15:00,261.0,261.25,260.65,260.95,0
2023-03-01 15:15:00,260.95,260.95,260.75,260.8,0
2023-03-02 09:15:00,261.35,262.5,261.0,262.35,0
2023-03-02 10:15:00,262.35,262.5,261.85,262.05,0
2023-03-02 11:15:00,262.05,262.25,261.65,261.9,0
2023-03-02 12:15:00,261.9,262.45,261.8,262.45,0
2023-03-02 13:15:00,262.45,263.1,262.15,262.65,0
2023-03-02 14:15:00,262.65,262.95,262.5,262.75,0
2023-03-02 15:15:00,262.7,263.0,262.7,262.9,0
2023-03-03 09:15:00,260.95,261.25,260.0,260.0,0
2023-03-03 10:15:00,260.0,260.05,259.35,259.45,0
2023-03-03 11:15:00,259.45,259.65,259.0,259.1,0
2023-03-03 12:15:00,259.1,259.65,259.05,259.25,0
2023-03-03 13:15:00,259.25,259.25,258.45,258.55,0
2023-03-03 14:15:00,258.55,258.85,258.0,258.85,0
2023-03-03 15:15:00,258.8,258.9,258.7,258.8,0
2023-03-06 09:15:00,257.65,257.65,256.2,256.25,0
2023-03-06 10:15:00,256.25,256.5,255.9,256.15,0
2023-03-06 11:15:00,256.15,256.6,256.05,256.15,0
2023-03-06 12:15:00,256.15,256.75,256.1,256.3,0
2023-03-06 13:15:00,256.3,257.1,256.25,257.0,0
2023-03-06 14:15:00,257.0,257.3,256.65,257.2,0
2023-03-06 15:15:00,257.2,257.3,256.95,257.05,0
2023-03-08 09:15:00,257.9,258.85,257.25,257.45,0
2023-03-08 10:15:00,257.45,257.7,257.25,257.7,0
2023-03-08 11:15:00,257.7,258.2,257.5,258.15,0
2023-03-08 12:15:00,258.15,258.2,257.65,257.85,0
2023-03-08 13:15:00,257.85,257.85,257.15,257.3,0
2023-03-08 14:15:00,257.3,257.5,256.5,256.6,0
2023-03-08 15:15:00,256.6,256.75,256.45,256.7,0
2023-03-09 09:15:00,256.45,257.9,256.45,257.85,0
2023-03-09 10:15:00,257.85,257.9,257.4,257.4,0
2023-03-09 11:15:00,257.4,257.85,257.15,257.75,0
2023-03-09 12:15:00,257.75,258.25,257.75,258.1,0
2023-03-09 13:15:00,258.05,258.75,257.9,258.5,0
2023-03-09 14:15:00,258.5,259.1,258.45,259.1,0
2023-03-09 15:15:00,259.1,259.3,259.1,259.15,0
2023-03-10 09:15:00,261.25,263.0,261.25,262.0,0
2023-03-10 10:15:00,262.0,262.15,261.5,261.65,0
2023-03-10 11:15:00,261.65,262.0,261.4,261.95,0
2023-03-10 12:15:00,261.95,262.25,261.5,261.65,0
2023-03-10 13:15:00,261.65,262.3,261.65,262.0,0
2023-03-10 14:15:00,262.0,262.4,261.65,261.75,0
2023-03-10 15:15:00,261.75,261.8,261.55,261.65,0
2023-03-13 09:15:00,261.7,262.2,260.1,261.2,0
2023-03-13 10:15:00,261.2,262.3,261.0,262.15,0
2023-03-13 11:15:00,262.15,263.1,261.9,262.9,0
2023-03-13 12:15:00,262.9,264.2,262.7,264.0,0
2023-03-13 13:15:00,264.0,265.25,263.65,265.2,0
2023-03-13 14:15:00,265.2,266.35,265.1,265.95,0
2023-03-13 15:15:00,265.9,265.9,265.1,265.3,0
2023-03-14 09:15:00,265.7,266.45,264.7,266.2,0
2023-03-14 10:15:00,266.2,267.4,266.2,267.3,0
2023-03-14 11:15:00,267.3,267.55,266.8,267.1,0
2023-03-14 12:15:00,267.1,267.75,265.3,267.6,0
2023-03-14 13:15:00,267.6,268.2,267.2,268.05,0
2023-03-14 14:15:00,268.05,268.35,267.0,267.25,0
2023-03-14 15:15:00,267.25,267.6,267.1,267.1,0
2023-03-15 09:15:00,265.6,266.25,264.95,265.8,0
2023-03-15 10:15:00,265.8,266.75,265.55,266.45,0
2023-03-15 11:15:00,266.45,266.7,265.75,266.7,0
2023-03-15 12:15:00,266.7,267.55,266.55,267.45,0
2023-03-15 13:15:00,267.45,267.8,266.95,267.5,0
2023-03-15 14:15:00,267.45,268.85,267.25,268.8,0
2023-03-15 15:15:00,268.8,269.15,268.6,268.65,0
2023-03-16 09:15:00,268.35,270.65,268.35,270.2,0
2023-03-16 10:15:00,270.2,270.35,267.55,267.85,0
2023-03-16 11:15:00,267.85,269.4,267.6,269.4,0
2023-03-16 12:15:00,269.4,269.7,268.7,268.7,0
2023-03-16 13:15:00,268.7,269.3,267.65,267.7,0
2023-03-16 14:15:00,267.7,269.05,267.3,268.65,0
2023-03-16 15:15:00,268.65,268.7,268.05,268.1,0
2023-03-17 09:15:00,266.55,267.55,266.05,267.05,0
2023-03-17 10:15:00,267.05,267.9,266.75,267.85,0
2023-03-17 11:15:00,267.85,268.65,267.4,268.55,0
2023-03-17 12:15:00,268.55,269.0,268.15,268.55,0
2023-03-17 13:15:00,268.55,268.7,267.0,267.4,0
2023-03-17 14:15:00,267.4,268.2,266.35,266.55,0
2023-03-17 15:15:00,266.5,267.0,266.35,266.35,0
2023-03-20 09:15:00,267.4,269.95,267.4,269.85,0
2023-03-20 10:15:00,269.85,270.3,269.0,269.3,0
2023-03-20 11:15:00,269.3,270.55,269.25,270.55,0
2023-03-20 12:15:00,270.5,271.1,270.2,270.5,0
2023-03-20 13:15:00,270.5,270.9,270.0,270.15,0
2023-03-20 14:15:00,270.15,270.4,268.5,268.65,0
2023-03-20 15:15:00,268.65,268.65,268.3,268.35,0
2023-03-21 09:15:00,267.55,268.2,267.2,267.45,0
2023-03-21 10:15:00,267.45,267.75,267.15,267.45,0
2023-03-21 11:15:00,267.45,268.1,267.25,268.0,0
2023-03-21 12:15:00,268.0,268.05,266.9,266.95,0
2023-03-21 13:15:00,266.95,267.45,266.75,267.1,0
2023-03-21 14:15:00,267.1,267.15,266.5,266.85,0
2023-03-21 15:15:00,266.85,267.0,266.7,266.8,0
2023-03-22 09:15:00,265.75,266.45,265.3,266.3,0
2023-03-22 10:15:00,266.3,266.8,266.15,266.5,0
2023-03-22 11:15:00,266.5,266.65,266.1,266.35,0
2023-03-22 12:15:00,266.35,266.5,265.95,266.4,0
2023-03-22 13:15:00,266.4,266.7,266.1,266.3,0
2023-03-22 14:15:00,266.25,266.8,266.0,266.0,0
2023-03-22 15:15:00,266.0,266.3,265.95,266.3,0
2023-03-23 09:15:00,267.05,267.85,266.35,266.45,0
2023-03-23 10:15:00,266.4,266.6,265.9,266.45,0
2023-03-23 11:15:00,266.45,266.5,265.9,265.95,0
2023-03-23 12:15:00,265.95,266.15,265.35,265.8,0
2023-03-23 13:15:00,265.8,266.55,265.55,266.55,0
2023-03-23 14:15:00,266.55,267.65,266.4,267.45,0
2023-03-23 15:15:00,267.45,267.6,267.35,267.5,0
2023-03-24 09:15:00,267.4,268.7,266.9,267.6,0
2023-03-24 10:15:00,267.6,268.45,267.25,267.65,0
2023-03-24 11:15:00,267.65,268.0,267.25,267.3,0
2023-03-24 12:15:00,267.3,268.0,267.1,267.35,0
2023-03-24 13:15:00,267.35,268.5,267.2,268.2,0
2023-03-24 14:15:00,268.2,269.4,268.2,269.35,0
2023-03-24 15:15:00,269.3,269.9,269.2,269.65,0
2023-03-27 09:15:00,269.0,270.0,268.15,268.25,0
2023-03-27 10:15:00,268.25,269.05,268.05,268.8,0
2023-03-27 11:15:00,268.8,269.15,267.9,268.2,0
2023-03-27 12:15:00,268.2,268.6,267.75,268.6,0
2023-03-27 13:15:00,268.6,269.0,267.95,268.1,0
2023-03-27 14:15:00,268.1,269.15,267.3,269.0,0
2023-03-27 15:15:00,269.0,269.45,268.95,269.3,0
2023-03-28 09:15:00,268.3,269.25,267.8,268.9,0
2023-03-28 10:15:00,268.9,269.9,268.8,269.65,0
2023-03-28 11:15:00,269.65,269.65,268.9,269.55,0
2023-03-28 12:15:00,269.6,269.75,269.0,269.1,0
2023-03-28 13:15:00,269.1,270.15,269.0,270.0,0
2023-03-28 14:15:00,270.0,270.15,269.25,269.7,0
2023-03-28 15:15:00,269.65,269.7,269.35,269.45,0
2023-03-29 09:15:00,269.2,269.2,268.3,268.6,0
2023-03-29 10:15:00,268.6,269.35,268.05,269.2,0
2023-03-29 11:15:00,269.2,269.75,268.9,269.6,0
2023-03-29 12:15:00,269.6,269.8,269.0,269.15,0
2023-03-29 13:15:00,269.15,269.15,268.0,268.15,0
2023-03-29 14:15:00,268.1,269.0,267.3,267.35,0
2023-03-29 15:15:00,267.35,267.45,266.85,267.0,0
2023-03-31 09:15:00,265.65,265.65,264.4,264.9,0
2023-03-31 10:15:00,264.9,265.25,264.7,265.1,0
2023-03-31 11:15:00,265.1,265.15,264.35,264.55,0
2023-03-31 12:15:00,264.55,264.7,263.85,263.95,0
2023-03-31 13:15:00,263.95,264.05,263.2,263.25,0
2023-03-31 14:15:00,263.25,263.55,262.95,263.25,0
2023-03-31 15:15:00,263.25,263.65,263.15,263.35,0
2023-04-03 09:15:00,262.4,263.95,262.4,263.3,0
2023-04-03 10:15:00,263.3,264.0,263.15,264.0,0
2023-04-03 11:15:00,264.0,264.15,263.4,263.6,0
2023-04-03 12:15:00,263.55,263.8,263.3,263.6,0
2023-04-03 13:15:00,263.6,263.75,263.25,263.3,0
2023-04-03 14:15:00,263.25,263.5,262.75,262.75,0
2023-04-03 15:15:00,262.75,262.95,262.7,262.85,0
2023-04-05 09:15:00,262.6,262.7,261.5,261.55,0
2023-04-05 10:15:00,261.55,261.75,261.2,261.6,0
2023-04-05 11:15:00,261.65,261.7,261.2,261.25,0
2023-04-05 12:15:00,261.25,261.45,260.75,260.85,0
2023-04-05 13:15:00,260.85,261.2,260.75,260.85,0
2023-04-05 14:15:00,260.85,261.0,260.5,260.6,0
2023-04-05 15:15:00,260.6,260.65,260.35,260.5,0
2023-04-06 09:15:00,260.95,261.4,259.95,260.15,0
2023-04-06 10:15:00,260.15,260.3,259.65,259.7,0
2023-04-06 11:15:00,259.7,260.25,259.65,259.95,0
2023-04-06 12:15:00,259.9,260.0,259.4,259.7,0
2023-04-06 13:15:00,259.7,260.65,259.65,260.3,0
2023-04-06 14:15:00,260.3,260.4,259.75,260.1,0
2023-04-06 15:15:00,260.1,260.1,259.85,259.95,0
2023-04-10 09:15:00,259.65,260.0,259.25,259.7,0
2023-04-10 10:15:00,259.7,260.05,259.55,259.55,0
2023-04-10 11:15:00,259.55,259.75,259.0,259.05,0
2023-04-10 12:15:00,259.1,259.15,258.75,259.15,0
2023-04-10 13:15:00,259.15,259.8,259.05,259.75,0
2023-04-10 14:15:00,259.75,260.15,259.6,259.8,0
2023-04-10 15:15:00,259.85,260.0,259.75,259.95,0
2023-04-11 09:15:00,258.65,259.15,258.0,258.1,0
2023-04-11 10:15:00,258.1,258.7,258.05,258.65,0
2023-04-11 11:15:00,258.65,259.2,258.5,259.1,0
2023-04-11 12:15:00,259.05,259.35,258.9,259.2,0
2023-04-11 13:15:00,259.2,259.2,258.4,258.5,0
2023-04-11 14:15:00,258.5,258.7,258.3,258.3,0
2023-04-11 15:15:00,258.3,258.5,258.2,258.4,0
2023-04-12 09:15:00,257.9,258.5,257.6,258.0,0
2023-04-12 10:15:00,258.0,258.25,257.85,257.95,0
2023-04-12 11:15:00,257.95,258.0,257.7,257.85,0
2023-04-12 12:15:00,257.85,257.85,257.35,257.4,0
2023-04-12 13:15:00,257.4,257.4,257.0,257.2,0
2023-04-12 14:15:00,257.2,257.8,257.1,257.15,0
2023-04-12 15:15:00,257.1,257.15,256.95,257.05,0
2023-04-13 09:15:00,257.25,257.75,256.95,257.45,0
2023-04-13 10:15:00,257.45,258.2,257.25,258.1,0
2023-04-13 11:15:00,258.1,258.25,257.8,258.1,0
2023-04-13 12:15:00,258.1,258.35,257.65,258.05,0
2023-04-13 13:15:00,258.05,258.15,257.45,257.6,0
2023-04-13 14:15:00,257.6,257.65,256.8,256.8,0
2023-04-13 15:15:00,256.8,256.95,256.75,256.95,0
2023-04-17 09:15:00,256.6,260.75,256.6,260.25,0
2023-04-17 10:15:00,260.25,260.25,259.3,259.8,0
2023-04-17 11:15:00,259.8,259.85,259.45,259.6,0
2023-04-17 12:15:00,259.6,259.6,259.05,259.4,0
2023-04-17 13:15:00,259.4,259.6,259.1,259.15,0
2023-04-17 14:15:00,259.15,259.4,258.7,258.8,0
2023-04-17 15:15:00,258.8,258.95,258.75,258.9,0
2023-04-18 09:15:00,258.05,259.55,258.05,259.45,0
2023-04-18 10:15:00,259.45,259.7,259.05,259.25,0
2023-04-18 11:15:00,259.25,259.6,259.2,259.25,0
2023-04-18 12:15:00,259.25,259.3,258.85,259.15,0
2023-04-18 13:15:00,259.15,260.3,259.15,259.95,0
2023-04-18 14:15:00,259.95,260.1,259.4,259.65,0
2023-04-18 15:15:00,259.65,259.75,259.55,259.6,0
2023-04-19 09:15:00,259.75,260.35,259.65,260.1,0
2023-04-19 10:15:00,260.1,260.15,259.75,259.8,0
2023-04-19 11:15:00,259.8,260.05,259.6,259.7,0
2023-04-19 12:15:00,259.7,260.05,259.55,260.05,0
2023-04-19 13:15:00,260.0,260.8,260.0,260.6,0
2023-04-19 14:15:00,260.6,260.7,260.05,260.1,0
2023-04-19 15:15:00,260.1,260.45,260.1,260.35,0
2023-04-20 09:15:00,260.0,260.35,259.35,260.15,0
2023-04-20 10:15:00,260.15,260.7,259.95,260.4,0
2023-04-20 11:15:00,260.4,260.4,260.1,260.25,0
2023-04-20 12:15:00,260.25,260.75,260.15,260.6,0
2023-04-20 13:15:00,260.6,260.8,260.45,260.65,0
2023-04-20 14:15:00,260.65,260.65,260.05,260.05,0
2023-04-20 15:15:00,260.05,260.3,260.05,260.2,0
2023-04-21 09:15:00,260.05,260.55,259.7,260.35,0
2023-04-21 10:15:00,260.35,260.75,260.3,260.5,0
2023-04-21 11:15:00,260.5,260.75,260.45,260.7,0
2023-04-21 12:15:00,260.7,261.3,260.65,261.2,0
2023-04-21 13:15:00,261.2,261.2,260.4,260.65,0
2023-04-21 14:15:00,260.6,260.65,260.05,260.15,0
2023-04-21 15:15:00,260.15,260.45,260.15,260.35,0
2023-04-24 09:15:00,259.15,260.45,259.15,260.3,0
2023-04-24 10:15:00,260.25,260.45,260.1,260.2,0
2023-04-24 11:15:00,260.2,260.55,260.05,260.2,0
2023-04-24 12:15:00,260.2,260.3,259.45,259.45,0
2023-04-24 13:15:00,259.45,259.45,259.0,259.05,0
2023-04-24 14:15:00,259.05,259.25,258.55,258.6,0
2023-04-24 15:15:00,258.6,258.7,258.5,258.55,0
2023-04-25 09:15:00,258.4,259.05,258.35,258.55,0
2023-04-25 10:15:00,258.5,258.55,258.1,258.2,0
2023-04-25 11:15:00,258.25,258.3,258.0,258.2,0
2023-04-25 12:15:00,258.2,258.6,258.1,258.2,0
2023-04-25 13:15:00,258.2,258.55,258.0,258.0,0
2023-04-25 14:15:00,258.0,258.35,257.75,258.2,0
2023-04-25 15:15:00,258.2,258.55,258.2,258.4,0
2023-04-26 09:15:00,258.4,259.2,258.3,258.6,0
2023-04-26 10:15:00,258.6,258.6,258.25,258.3,0
2023-04-26 11:15:00,258.3,258.35,258.05,258.2,0
2023-04-26 12:15:00,258.2,258.25,257.75,258.2,0
2023-04-26 13:15:00,258.2,258.4,258.0,258.0,0
2023-04-26 14:15:00,258.0,258.35,257.6,257.65,0
2023-04-26 15:15:00,257.65,257.75,257.5,257.65,0
2023-04-27 09:15:00,257.75,258.0,257.3,257.5,0
2023-04-27 10:15:00,257.5,257.6,257.25,257.55,0
2023-04-27 11:15:00,257.55,257.6,257.1,257.25,0
2023-04-27 12:15:00,257.25,257.4,257.15,257.2,0
2023-04-27 13:15:00,257.2,257.2,256.65,256.7,0
2023-04-27 14:15:00,256.75,257.1,256.2,256.2,0
2023-04-27 15:15:00,256.2,256.3,256.05,256.25,0
2023-04-28 09:15:00,255.85,256.75,255.75,256.7,0
2023-04-28 10:15:00,256.7,256.75,255.85,255.9,0
2023-04-28 11:15:00,255.9,256.05,255.55,255.65,0
2023-04-28 12:15:00,255.65,255.75,255.45,255.5,0
2023-04-28 13:15:00,255.5,255.6,255.3,255.4,0
2023-04-28 14:15:00,255.4,255.65,254.1,254.2,0
2023-04-28 15:15:00,254.2,254.45,253.85,254.4,0
2023-05-02 09:15:00,253.55,253.8,252.75,252.95,0
2023-05-02 10:15:00,253.0,253.45,252.9,253.4,0
2023-05-02 11:15:00,253.35,253.45,253.0,253.0,0
2023-05-02 12:15:00,253.0,253.3,252.85,252.9,0
2023-05-02 13:15:00,252.9,253.1,252.75,252.95,0
2023-05-02 14:15:00,252.95,253.4,252.8,253.3,0
2023-05-02 15:15:00,253.3,253.45,253.25,253.4,0
2023-05-03 09:15:00,253.75,254.6,253.75,254.15,0
2023-05-03 10:15:00,254.15,254.25,253.7,254.2,0
2023-05-03 11:15:00,254.25,254.45,254.1,254.35,0
2023-05-03 12:15:00,254.35,254.45,254.0,254.25,0
2023-05-03 13:15:00,254.25,254.7,253.9,254.4,0
2023-05-03 14:15:00,254.35,254.45,253.9,253.95,0
2023-05-03 15:15:00,253.95,254.25,253.9,254.15,0
2023-05-04 09:15:00,254.25,254.4,253.5,253.6,0
2023-05-04 10:15:00,253.6,253.65,253.25,253.25,0
2023-05-04 11:15:00,253.25,253.35,253.0,253.2,0
2023-05-04 12:15:00,253.25,253.25,252.7,252.85,0
2023-05-04 13:15:00,252.85,253.0,252.65,252.85,0
2023-05-04 14:15:00,252.85,252.9,251.65,251.7,0
2023-05-04 15:15:00,251.7,252.05,251.65,251.95,0
2023-05-05 09:15:00,253.75,253.75,252.55,252.6,0
2023-05-05 10:15:00,252.6,253.4,252.35,253.15,0
2023-05-05 11:15:00,253.15,254.2,253.15,253.5,0
2023-05-05 12:15:00,253.45,253.6,253.05,253.25,0
2023-05-05 13:15:00,253.25,253.95,253.15,253.4,0
2023-05-05 14:15:00,253.4,254.5,253.35,254.4,0
2023-05-05 15:15:00,254.35,254.6,254.25,254.45,0
2023-05-08 09:15:00,253.85,254.1,252.45,252.8,0
2023-05-08 10:15:00,252.8,252.8,252.0,252.25,0
2023-05-08 11:15:00,252.25,252.3,251.6,251.75,0
2023-05-08 12:15:00,251.75,251.9,251.6,251.7,0
2023-05-08 13:15:00,251.7,251.85,251.5,251.65,0
2023-05-08 14:15:00,251.65,252.05,251.6,251.8,0
2023-05-08 15:15:00,251.8,251.9,251.55,251.75,0
2023-05-09 09:15:00,251.3,251.65,250.9,250.9,0
2023-05-09 10:15:00,250.95,251.1,250.75,250.95,0
2023-05-09 11:15:00,250.95,251.15,250.85,250.95,0
2023-05-09 12:15:00,250.95,251.5,250.9,251.45,0
2023-05-09 13:15:00,251.45,252.3,251.3,251.9,0
2023-05-09 14:15:00,251.9,252.05,251.6,251.8,0
2023-05-09 15:15:00,251.8,252.0,251.8,251.95,0
2023-05-10 09:15:00,251.2,252.6,251.1,252.4,0
2023-05-10 10:15:00,252.4,252.45,251.8,252.0,0
2023-05-10 11:15:00,252.0,252.05,251.55,251.75,0
2023-05-10 12:15:00,251.75,251.8,251.45,251.5,0
2023-05-10 13:15:00,251.5,252.2,251.4,251.55,0
2023-05-10 14:15:00,251.55,251.85,251.05,251.15,0
2023-05-10 15:15:00,251.15,251.3,251.05,251.25,0
2023-05-11 09:15:00,250.65,251.6,250.65,251.15,0
2023-05-11 10:15:00,251.15,251.3,250.75,251.1,0
2023-05-11 11:15:00,251.1,251.5,250.9,251.35,0
2023-05-11 12:15:00,251.35,251.4,251.05,251.2,0
2023-05-11 13:15:00,251.2,251.4,251.0,251.15,0
2023-05-11 14:15:00,251.15,251.85,250.85,251.45,0
2023-05-11 15:15:00,251.45,251.6,251.3,251.4,0
2023-05-12 09:15:00,251.85,252.95,251.85,252.25,0
2023-05-12 10:15:00,252.25,252.35,251.65,251.7,0
2023-05-12 11:15:00,251.7,252.0,251.65,251.8,0
2023-05-12 12:15:00,251.8,251.85,251.35,251.5,0
2023-05-12 13:15:00,251.5,251.55,250.95,251.1,0
2023-05-12 14:15:00,251.1,251.4,251.0,251.3,0
2023-05-12 15:15:00,251.3,251.4,251.25,251.35,0
2023-05-15 09:15:00,251.1,251.75,250.45,250.5,0
2023-05-15 10:15:00,250.5,250.7,250.25,250.3,0
2023-05-15 11:15:00,250.3,250.3,249.95,250.0,0
2023-05-15 12:15:00,250.0,250.1,249.75,249.8,0
2023-05-15 13:15:00,249.8,249.9,249.55,249.55,0
2023-05-15 14:15:00,249.55,250.4,249.45,250.4,0
2023-05-15 15:15:00,250.4,250.5,250.3,250.45,0
2023-05-16 09:15:00,249.9,250.85,249.9,250.3,0
2023-05-16 10:15:00,250.3,250.8,250.25,250.6,0
2023-05-16 11:15:00,250.6,251.05,250.6,250.9,0
2023-05-16 12:15:00,250.9,251.05,250.75,250.8,0
2023-05-16 13:15:00,250.8,251.2,250.65,251.1,0
2023-05-16 14:15:00,251.1,251.95,250.95,251.9,0
2023-05-16 15:15:00,251.9,252.15,251.8,252.0,0
2023-05-17 09:15:00,251.75,252.45,251.65,252.15,0
2023-05-17 10:15:00,252.15,252.95,252.15,252.65,0
2023-05-17 11:15:00,252.7,254.0,252.65,253.8,0
2023-05-17 12:15:00,253.8,254.05,253.5,254.05,0
2023-05-17 13:15:00,254.05,254.25,253.75,253.95,0
2023-05-17 14:15:00,253.95,254.05,253.3,253.35,0
2023-05-17 15:15:00,253.35,253.35,253.15,253.15,0
2023-05-18 09:15:00,251.95,252.95,251.8,252.85,0
2023-05-18 10:15:00,252.85,252.9,252.45,252.55,0
2023-05-18 11:15:00,252.55,252.85,252.35,252.75,0
2023-05-18 12:15:00,252.75,253.4,252.75,253.25,0
2023-05-18 13:15:00,253.25,253.6,252.95,253.55,0
2023-05-18 14:15:00,253.55,254.45,253.35,254.05,0
2023-05-18 15:15:00,254.05,254.2,253.95,254.1,0
2023-05-19 09:15:00,253.4,255.05,253.4,254.85,0
2023-05-19 10:15:00,254.85,255.15,254.35,254.4,0
2023-05-19 11:15:00,254.4,254.45,253.8,254.05,0
2023-05-19 12:15:00,254.05,254.6,253.9,254.3,0
2023-05-19 13:15:00,254.3,254.35,253.65,253.7,0
2023-05-19 14:15:00,253.7,253.75,252.95,253.15,0
2023-05-19 15:15:00,253.15,253.15,252.95,253.1,0
2023-05-22 09:15:00,253.3,253.6,252.0,252.35,0
2023-05-22 10:15:00,252.35,252.45,251.8,251.95,0
2023-05-22 11:15:00,251.95,252.1,251.7,251.7,0
2023-05-22 12:15:00,251.7,252.2,251.6,252.0,0
2023-05-22 13:15:00,252.0,252.6,251.8,251.9,0
2023-05-22 14:15:00,251.9,252.1,251.45,251.8,0
2023-05-22 15:15:00,251.8,251.95,251.7,251.9,0
2023-05-23 09:15:00,251.1,251.25,250.5,250.7,0
2023-05-23 10:15:00,250.7,250.85,250.4,250.45,0
2023-05-23 11:15:00,250.45,250.75,250.4,250.5,0
2023-05-23 12:15:00,250.5,250.65,250.35,250.6,0
2023-05-23 13:15:00,250.6,250.75,250.45,250.6,0
2023-05-23 14:15:00,250.6,251.35,250.45,251.35,0
2023-05-23 15:15:00,251.35,251.65,251.35,251.5,0
2023-05-24 09:15:00,252.1,252.4,251.1,251.15,0
2023-05-24 10:15:00,251.15,251.35,250.8,251.0,0
2023-05-24 11:15:00,251.0,251.45,250.75,251.45,0
2023-05-24 12:15:00,251.45,252.0,251.4,252.0,0
2023-05-24 13:15:00,252.0,252.1,251.7,251.85,0
2023-05-24 14:15:00,251.85,252.5,251.65,252.15,0
2023-05-24 15:15:00,252.15,252.2,252.1,252.2,0
2023-05-25 09:15:00,252.5,252.95,252.0,252.6,0
2023-05-25 10:15:00,252.6,252.85,252.45,252.7,0
2023-05-25 11:15:00,252.7,253.25,252.65,252.85,0
2023-05-25 12:15:00,252.8,253.25,252.65,253.1,0
2023-05-25 13:15:00,253.1,253.4,252.85,252.85,0
2023-05-25 14:15:00,252.85,252.95,251.55,251.65,0
2023-05-25 15:15:00,251.65,251.7,251.55,251.55,0
2023-05-26 09:15:00,251.15,251.65,250.85,251.0,0
2023-05-26 10:15:00,251.0,251.1,250.5,250.55,0
2023-05-26 11:15:00,250.55,250.6,250.15,250.25,0
2023-05-26 12:15:00,250.25,250.4,250.05,250.25,0
2023-05-26 13:15:00,250.25,250.35,249.5,249.55,0
2023-05-26 14:15:00,249.55,249.6,249.25,249.25,0
2023-05-26 15:15:00,249.3,249.45,249.25,249.45,0
2023-05-29 09:15:00,247.9,248.35,247.6,248.3,0
2023-05-29 10:15:00,248.3,248.35,247.7,247.7,0
2023-05-29 11:15:00,247.7,247.95,247.6,247.9,0
2023-05-29 12:15:00,247.9,248.3,247.85,248.2,0
2023-05-29 13:15:00,248.2,248.2,247.8,247.8,0
2023-05-29 14:15:00,247.85,248.35,247.8,248.15,0
2023-05-29 15:15:00,248.15,248.35,248.1,248.1,0
2023-05-30 09:15:00,248.1,248.45,247.45,247.45,0
2023-05-30 10:15:00,247.5,248.3,247.35,248.1,0
2023-05-30 11:15:00,248.1,248.2,247.85,247.9,0
2023-05-30 12:15:00,247.9,248.35,247.8,248.0,0
2023-05-30 13:15:00,248.0,248.1,247.8,247.8,0
2023-05-30 14:15:00,247.8,247.95,247.55,247.7,0
2023-05-30 15:15:00,247.75,247.75,247.55,247.65,0
2023-05-31 09:15:00,248.3,248.95,248.2,248.65,0
2023-05-31 10:15:00,248.6,249.1,248.6,248.85,0
2023-05-31 11:15:00,248.85,249.65,248.75,249.55,0
2023-05-31 12:15:00,249.55,249.75,249.35,249.6,0
2023-05-31 13:15:00,249.6,249.65,249.2,249.4,0
2023-05-31 14:15:00,249.4,249.45,248.8,249.2,0
2023-05-31 15:15:00,249.2,249.4,248.65,249.25,0
2023-06-01 09:15:00,248.55,249.4,248.55,248.8,0
2023-06-01 10:15:00,248.8,248.9,248.55,248.65,0
2023-06-01 11:15:00,248.65,249.2,248.5,249.1,0
2023-06-01 12:15:00,249.1,249.15,248.75,248.9,0
2023-06-01 13:15:00,248.9,249.35,248.7,249.25,0
2023-06-01 14:15:00,249.25,249.7,249.15,249.7,0
2023-06-01 15:15:00,249.7,250.05,249.7,249.8,0
2023-06-02 09:15:00,248.95,249.85,248.65,249.75,0
2023-06-02 10:15:00,249.75,249.95,249.35,249.45,0
2023-06-02 11:15:00,249.45,249.6,249.15,249.25,0
2023-06-02 12:15:00,249.25,249.45,248.9,249.05,0
2023-06-02 13:15:00,249.05,249.15,248.75,249.1,0
2023-06-02 14:15:00,249.1,249.7,248.9,249.15,0
2023-06-02 15:15:00,249.15,249.45,249.1,249.3,0
2023-06-05 09:15:00,248.25,248.65,247.95,248.2,0
2023-06-05 10:15:00,248.2,248.3,247.95,248.0,0
2023-06-05 11:15:00,248.0,248.2,247.9,248.1,0
2023-06-05 12:15:00,248.1,248.4,248.05,248.35,0
2023-06-05 13:15:00,248.35,248.35,248.05,248.2,0
2023-06-05 14:15:00,248.2,248.6,248.1,248.5,0
2023-06-05 15:15:00,248.5,248.65,248.4,248.45,0
2023-06-06 09:15:00,248.45,248.85,248.25,248.75,0
2023-06-06 10:15:00,248.75,249.2,248.7,249.1,0
2023-06-06 11:15:00,249.15,249.4,249.0,249.25,0
2023-06-06 12:15:00,249.25,249.35,249.0,249.05,0
2023-06-06 13:15:00,249.05,249.25,248.9,249.15,0
2023-06-06 14:15:00,249.1,249.15,248.3,248.35,0
2023-06-06 15:15:00,248.35,248.4,248.2,248.2,0
2023-06-07 09:15:00,247.65,248.0,247.5,247.7,0
2023-06-07 10:15:00,247.7,248.0,247.6,247.7,0
2023-06-07 11:15:00,247.7,247.9,247.6,247.75,0
2023-06-07 12:15:00,247.75,247.75,247.35,247.4,0
2023-06-07 13:15:00,247.4,247.65,247.25,247.35,0
2023-06-07 14:15:00,247.35,247.4,246.75,246.8,0
2023-06-07 15:15:00,246.8,246.95,246.65,246.75,0
2023-06-08 09:15:00,246.9,246.9,246.4,246.5,0
2023-06-08 10:15:00,246.5,246.5,246.2,246.35,0
2023-06-08 11:15:00,246.35,247.4,246.3,247.2,0
2023-06-08 12:15:00,247.2,247.5,247.1,247.4,0
2023-06-08 13:15:00,247.4,247.45,246.9,247.3,0
2023-06-08 14:15:00,247.3,248.2,247.25,248.2,0
2023-06-08 15:15:00,248.2,248.3,247.85,247.9,0
2023-06-09 09:15:00,247.85,248.45,247.55,248.05,0
2023-06-09 10:15:00,248.05,248.6,248.05,248.4,0
2023-06-09 11:15:00,248.4,248.4,248.05,248.1,0
2023-06-09 12:15:00,248.1,248.65,247.95,248.45,0
2023-06-09 13:15:00,248.45,249.0,248.4,248.9,0
2023-06-09 14:15:00,248.95,249.15,248.7,249.05,0
2023-06-09 15:15:00,249.05,249.15,248.95,249.0,0
2023-06-12 09:15:00,248.8,249.25,248.4,249.0,0
2023-06-12 10:15:00,249.0,249.05,248.55,248.6,0
2023-06-12 11:15:00,248.55,248.75,248.45,248.65,0
2023-06-12 12:15:00,248.65,249.0,248.6,248.7,0
2023-06-12 13:15:00,248.7,248.7,248.45,248.45,0
2023-06-12 14:15:00,248.45,248.85,248.4,248.75,0
2023-06-12 15:15:00,248.75,248.8,248.5,248.5,0
2023-06-13 09:15:00,248.35,248.35,247.35,247.45,0
2023-06-13 10:15:00,247.45,247.55,247.25,247.35,0
2023-06-13 11:15:00,247.3,247.4,247.15,247.3,0
2023-06-13 12:15:00,247.3,247.4,247.2,247.25,0
2023-06-13 13:15:00,247.25,247.65,247.2,247.5,0
2023-06-13 14:15:00,247.5,247.6,247.1,247.15,0
2023-06-13 15:15:00,247.15,247.25,247.05,247.15,0
2023-06-14 09:15:00,246.85,247.6,246.85,247.35,0
2023-06-14 10:15:00,247.35,247.4,246.9,247.1,0
2023-06-14 11:15:00,247.1,247.15,246.85,246.85,0
2023-06-14 12:15:00,246.9,246.95,246.7,246.7,0
2023-06-14 13:15:00,246.7,246.8,246.55,246.6,0
2023-06-14 14:15:00,246.6,246.8,246.55,246.7,0
2023-06-14 15:15:00,246.7,246.85,246.65,246.8,0
2023-06-15 09:15:00,246.5,247.2,246.4,246.5,0
2023-06-15 10:15:00,246.5,246.7,246.25,246.65,0
2023-06-15 11:15:00,246.7,247.35,246.7,247.15,0
2023-06-15 12:15:00,247.15,247.3,246.9,247.2,0
2023-06-15 13:15:00,247.2,247.45,246.75,247.4,0
2023-06-15 14:15:00,247.45,247.9,247.3,247.75,0
2023-06-15 15:15:00,247.7,247.8,247.65,247.75,0
2023-06-16 09:15:00,247.25,247.4,246.55,246.7,0
2023-06-16 10:15:00,246.7,246.75,246.4,246.7,0
2023-06-16 11:15:00,246.7,246.9,246.5,246.7,0
2023-06-16 12:15:00,246.7,246.9,246.65,246.7,0
2023-06-16 13:15:00,246.7,246.8,246.35,246.35,0
2023-06-16 14:15:00,246.35,246.35,245.35,245.9,0
2023-06-16 15:15:00,245.9,246.1,245.85,245.95,0
2023-06-19 09:15:00,245.4,246.15,245.3,246.0,0
2023-06-19 10:15:00,246.0,246.8,246.0,246.6,0
2023-06-19 11:15:00,246.65,246.85,246.55,246.6,0
2023-06-19 12:15:00,246.6,246.95,246.4,246.9,0
2023-06-19 13:15:00,246.9,247.4,246.85,247.2,0
2023-06-19 14:15:00,247.2,247.3,246.55,246.85,0
2023-06-19 15:15:00,246.85,247.05,246.85,246.95,0
2023-06-20 09:15:00,247.05,248.1,246.95,247.75,0
2023-06-20 10:15:00,247.75,248.25,247.7,247.7,0
2023-06-20 11:15:00,247.7,247.75,247.3,247.5,0
2023-06-20 12:15:00,247.5,247.55,247.0,247.15,0
2023-06-20 13:15:00,247.15,247.3,246.9,247.0,0
2023-06-20 14:15:00,247.05,247.15,246.05,246.15,0
2023-06-20 15:15:00,246.15,246.15,245.9,245.95,0
2023-06-21 09:15:00,245.8,246.3,245.45,245.5,0
2023-06-21 10:15:00,245.55,246.45,245.5,246.45,0
2023-06-21 11:15:00,246.45,246.5,245.95,246.05,0
2023-06-21 12:15:00,246.05,246.15,245.7,245.75,0
2023-06-21 13:15:00,245.75,245.85,245.55,245.6,0
2023-06-21 14:15:00,245.6,246.1,245.6,245.65,0
2023-06-21 15:15:00,245.65,245.8,245.6,245.65,0
2023-06-22 09:15:00,245.8,246.05,245.4,245.7,0
2023-06-22 10:15:00,245.65,245.9,245.35,245.8,0
2023-06-22 11:15:00,245.8,246.4,245.75,246.3,0
2023-06-22 12:15:00,246.35,246.75,246.05,246.45,0
2023-06-22 13:15:00,246.45,246.5,245.65,246.0,0
2023-06-22 14:15:00,246.0,246.95,246.0,246.9,0
2023-06-22 15:15:00,246.9,247.0,246.75,246.75,0
2023-06-23 09:15:00,247.3,248.55,247.15,247.95,0
2023-06-23 10:15:00,247.95,248.1,247.45,247.75,0
2023-06-23 11:15:00,247.75,247.95,247.45,247.6,0
2023-06-23 12:15:00,247.6,247.8,247.2,247.6,0
2023-06-23 13:15:00,247.6,248.05,247.5,248.0,0
2023-06-23 14:15:00,248.0,248.3,247.75,248.3,0
2023-06-23 15:15:00,248.3,248.45,248.2,248.25,0
2023-06-26 09:15:00,248.2,248.55,247.7,248.35,0
2023-06-26 10:15:00,248.35,248.6,248.2,248.4,0
2023-06-26 11:15:00,248.4,248.5,248.1,248.15,0
2023-06-26 12:15:00,248.15,248.65,248.05,248.45,0
2023-06-26 13:15:00,248.45,248.65,248.25,248.4,0
2023-06-26 14:15:00,248.4,248.65,247.9,248.0,0
2023-06-26 15:15:00,248.0,248.3,247.95,248.05,0
2023-06-27 09:15:00,247.4,247.7,247.2,247.6,0
2023-06-27 10:15:00,247.6,247.85,247.55,247.7,0
2023-06-27 11:15:00,247.7,247.75,247.35,247.35,0
2023-06-27 12:15:00,247.35,247.6,247.35,247.45,0
2023-06-27 13:15:00,247.45,247.5,247.0,247.0,0
2023-06-27 14:15:00,247.0,247.1,246.3,246.35,0
2023-06-27 15:15:00,246.35,246.55,246.35,246.45,0
2023-06-28 09:15:00,245.3,245.95,245.3,245.6,0
2023-06-28 10:15:00,245.6,245.65,244.9,244.9,0
2023-06-28 11:15:00,244.9,245.0,244.35,244.7,0
2023-06-28 12:15:00,244.7,244.75,244.2,244.2,0
2023-06-28 13:15:00,244.2,244.4,244.0,244.4,0
2023-06-28 14:15:00,244.4,244.85,244.0,244.5,0
2023-06-28 15:15:00,244.45,244.55,244.15,244.2,0
2023-06-30 09:15:00,243.2,243.85,242.85,243.05,0
2023-06-30 10:15:00,243.05,243.25,242.9,243.0,0
2023-06-30 11:15:00,243.0,243.0,242.65,242.7,0
2023-06-30 12:15:00,242.7,242.8,242.25,242.35,0
2023-06-30 13:15:00,242.35,242.45,242.15,242.35,0
2023-06-30 14:15:00,242.35,242.4,241.7,241.7,0
2023-06-30 15:15:00,241.7,241.9,241.6,241.85,0
2023-07-03 09:15:00,241.2,241.25,240.15,240.2,0
2023-07-03 10:15:00,240.2,240.95,240.05,240.9,0
2023-07-03 11:15:00,240.9,241.1,240.4,240.45,0
2023-07-03 12:15:00,240.45,240.5,240.15,240.25,0
2023-07-03 13:15:00,240.25,240.5,240.15,240.45,0
2023-07-03 14:15:00,240.45,240.65,240.15,240.3,0
2023-07-03 15:15:00,240.3,240.3,239.95,240.15,0
2023-07-04 09:15:00,239.2,240.55,239.15,240.2,0
2023-07-04 10:15:00,240.25,240.35,239.95,240.05,0
2023-07-04 11:15:00,240.05,240.15,239.55,239.55,0
2023-07-04 12:15:00,239.6,239.6,239.25,239.4,0
2023-07-04 13:15:00,239.4,239.65,238.9,239.65,0
2023-07-04 14:15:00,239.65,239.8,239.3,239.45,0
2023-07-04 15:15:00,239.4,239.55,239.35,239.5,0
2023-07-05 09:15:00,239.25,239.95,239.1,239.5,0
2023-07-05 10:15:00,239.5,239.85,239.45,239.65,0
2023-07-05 11:15:00,239.65,239.75,239.3,239.45,0
2023-07-05 12:15:00,239.45,239.7,239.4,239.5,0
2023-07-05 13:15:00,239.5,239.95,239.45,239.6,0
2023-07-05 14:15:00,239.6,240.1,239.25,239.25,0
2023-07-05 15:15:00,239.2,239.3,239.1,239.15,0
2023-07-06 09:15:00,239.55,239.7,238.75,238.75,0
2023-07-06 10:15:00,238.75,239.0,238.55,238.65,0
2023-07-06 11:15:00,238.65,238.8,238.5,238.75,0
2023-07-06 12:15:00,238.75,238.9,238.55,238.75,0
2023-07-06 13:15:00,238.75,238.9,238.6,238.65,0
2023-07-06 14:15:00,238.65,238.8,238.0,238.1,0
2023-07-06 15:15:00,238.1,238.35,238.05,238.3,0
2023-07-07 09:15:00,239.15,239.15,237.9,238.25,0
2023-07-07 10:15:00,238.25,239.35,238.25,239.1,0
2023-07-07 11:15:00,239.1,239.85,238.9,239.65,0
2023-07-07 12:15:00,239.65,240.0,239.6,239.95,0
2023-07-07 13:15:00,239.95,240.1,239.6,239.75,0
2023-07-07 14:15:00,239.75,240.35,239.2,240.3,0
2023-07-07 15:15:00,240.3,240.55,240.3,240.35,0
2023-07-10 09:15:00,239.5,240.2,239.3,239.35,0
2023-07-10 10:15:00,239.35,239.7,239.1,239.65,0
2023-07-10 11:15:00,239.65,240.35,239.65,240.15,0
2023-07-10 12:15:00,240.15,240.15,239.6,239.6,0
2023-07-10 13:15:00,239.6,239.8,239.45,239.55,0
2023-07-10 14:15:00,239.55,240.4,239.55,240.05,0
2023-07-10 15:15:00,240.05,240.1,239.85,239.9,0
2023-07-11 09:15:00,239.25,239.45,238.5,238.65,0
2023-07-11 10:15:00,238.65,238.8,238.3,238.3,0
2023-07-11 11:15:00,238.3,238.5,238.15,238.4,0
2023-07-11 12:15:00,238.4,238.65,238.35,238.5,0
2023-07-11 13:15:00,238.5,238.9,238.4,238.85,0
2023-07-11 14:15:00,238.85,239.35,238.8,239.2,0
2023-07-11 15:15:00,239.2,239.25,238.9,238.95,0
2023-07-12 09:15:00,238.4,239.2,238.4,238.8,0
2023-07-12 10:15:00,238.8,239.3,238.65,238.9,0
2023-07-12 11:15:00,238.95,239.6,238.9,239.35,0
2023-07-12 12:15:00,239.35,239.55,238.95,238.95,0
2023-07-12 13:15:00,238.95,239.2,238.85,239.1,0
2023-07-12 14:15:00,239.1,240.0,238.85,239.95,0
2023-07-12 15:15:00,239.95,240.05,239.75,239.8,0
2023-07-13 09:15:00,238.45,239.0,237.6,237.65,0
2023-07-13 10:15:00,237.65,237.95,237.6,237.75,0
2023-07-13 11:15:00,237.75,237.9,237.6,237.8,0
2023-07-13 12:15:00,237.8,238.1,237.7,237.85,0
2023-07-13 13:15:00,237.85,239.1,237.8,239.05,0
2023-07-13 14:15:00,239.05,239.8,238.65,239.45,0
2023-07-13 15:15:00,239.4,239.45,239.1,239.1,0
2023-07-14 09:15:00,238.55,239.2,238.2,239.05,0
2023-07-14 10:15:00,239.05,239.25,238.75,238.8,0
2023-07-14 11:15:00,238.8,239.05,238.55,238.65,0
2023-07-14 12:15:00,238.65,238.85,238.4,238.45,0
2023-07-14 13:15:00,238.45,238.85,238.2,238.3,0
2023-07-14 14:15:00,238.3,238.65,237.6,237.65,0
2023-07-14 15:15:00,237.65,237.65,237.3,237.4,0
2023-07-17 09:15:00,237.2,237.8,237.0,237.0,0
2023-07-17 10:15:00,237.0,237.35,236.85,237.1,0
2023-07-17 11:15:00,237.1,237.4,236.95,237.0,0
2023-07-17 12:15:00,237.0,237.15,236.7,236.8,0
2023-07-17 13:15:00,236.8,236.9,236.45,236.8,0
2023-07-17 14:15:00,236.8,236.8,235.8,235.8,0
2023-07-17 15:15:00,235.8,236.0,235.75,235.9,0
2023-07-18 09:15:00,235.15,235.7,234.85,235.45,0
2023-07-18 10:15:00,235.45,235.5,234.8,234.9,0
2023-07-18 11:15:00,234.9,236.3,234.9,236.15,0
2023-07-18 12:15:00,236.15,236.3,235.45,235.95,0
2023-07-18 13:15:00,236.0,236.1,235.25,235.45,0
2023-07-18 14:15:00,235.45,236.0,235.45,235.65,0
2023-07-18 15:15:00,235.65,235.7,235.45,235.55,0
2023-07-19 09:15:00,235.0,235.2,234.55,234.7,0
2023-07-19 10:15:00,234.75,235.7,234.7,235.65,0
2023-07-19 11:15:00,235.7,235.9,235.5,235.8,0
2023-07-19 12:15:00,235.8,235.8,235.15,235.15,0
2023-07-19 13:15:00,235.15,235.45,235.0,235.25,0
2023-07-19 14:15:00,235.25,235.55,234.6,234.65,0
2023-07-19 15:15:00,234.65,234.65,234.45,234.45,0
2023-07-20 09:15:00,234.7,235.55,234.6,235.25,0
2023-07-20 10:15:00,235.2,235.3,234.5,234.7,0
2023-07-20 11:15:00,234.7,234.9,234.25,234.35,0
2023-07-20 12:15:00,234.35,234.45,233.85,233.9,0
2023-07-20 13:15:00,233.9,234.05,233.35,233.4,0
2023-07-20 14:15:00,233.4,233.45,232.8,232.85,0
2023-07-20 15:15:00,232.85,233.1,232.85,233.05,0
2023-07-21 09:15:00,235.1,235.3,234.05,234.55,0
2023-07-21 10:15:00,234.55,235.35,234.55,235.3,0
2023-07-21 11:15:00,235.3,235.55,235.1,235.45,0
2023-07-21 12:15:00,235.45,235.85,235.15,235.2,0
2023-07-21 13:15:00,235.2,235.5,234.8,235.3,0
2023-07-21 14:15:00,235.3,236.25,235.25,235.75,0
2023-07-21 15:15:00,235.75,235.8,235.3,235.3,0
2023-07-24 09:15:00,235.8,236.3,235.75,235.8,0
2023-07-24 10:15:00,235.8,235.8,235.4,235.6,0
2023-07-24 11:15:00,235.6,236.75,235.55,236.3,0
2023-07-24 12:15:00,236.3,236.3,235.55,235.65,0
2023-07-24 13:15:00,235.65,236.0,235.5,235.8,0
2023-07-24 14:15:00,235.8,236.8,235.8,236.75,0
2023-07-24 15:15:00,236.75,236.85,236.65,236.8,0
2023-07-25 09:15:00,236.05,236.85,236.05,236.7,0
2023-07-25 10:15:00,236.7,237.0,236.6,236.75,0
2023-07-25 11:15:00,236.75,237.05,236.7,236.7,0
2023-07-25 12:15:00,236.7,236.8,236.35,236.8,0
2023-07-25 13:15:00,236.8,237.4,236.8,236.9,0
2023-07-25 14:15:00,236.9,236.9,236.35,236.7,0
2023-07-25 15:15:00,236.75,236.8,236.6,236.7,0
2023-07-26 09:15:00,236.05,236.25,235.05,235.05,0
2023-07-26 10:15:00,235.05,235.3,234.95,235.2,0
2023-07-26 11:15:00,235.2,235.4,235.05,235.1,0
2023-07-26 12:15:00,235.1,235.5,235.05,235.35,0
2023-07-26 13:15:00,235.35,235.4,235.1,235.35,0
2023-07-26 14:15:00,235.35,235.9,234.95,235.45,0
2023-07-26 15:15:00,235.45,235.6,235.45,235.55,0
2023-07-27 09:15:00,234.7,235.3,234.5,235.25,0
2023-07-27 10:15:00,235.2,235.55,235.05,235.55,0
2023-07-27 11:15:00,235.55,236.25,235.55,236.0,0
2023-07-27 12:15:00,236.0,236.5,235.95,236.1,0
2023-07-27 13:15:00,236.1,236.7,235.95,236.55,0
2023-07-27 14:15:00,236.55,237.65,236.4,236.9,0
2023-07-27 15:15:00,236.9,237.0,236.4,236.5,0
2023-07-28 09:15:00,237.0,237.75,236.6,237.5,0
2023-07-28 10:15:00,237.5,237.8,237.2,237.65,0
2023-07-28 11:15:00,237.65,238.05,237.55,237.95,0
2023-07-28 12:15:00,238.0,238.15,237.6,237.65,0
2023-07-28 13:15:00,237.65,238.15,237.65,237.75,0
2023-07-28 14:15:00,237.75,237.95,236.95,237.1,0
2023-07-28 15:15:00,237.1,237.3,237.05,237.25,0
2023-07-31 09:15:00,237.05,237.9,236.95,237.0,0
2023-07-31 10:15:00,237.0,237.15,236.65,236.75,0
2023-07-31 11:15:00,236.75,236.85,236.4,236.55,0
2023-07-31 12:15:00,236.55,236.95,236.5,236.65,0
2023-07-31 13:15:00,236.65,236.7,236.35,236.6,0
2023-07-31 14:15:00,236.6,236.6,235.85,235.95,0
2023-07-31 15:15:00,235.95,236.2,235.8,236.15,0
2023-08-01 09:15:00,235.7,236.1,235.6,235.75,0
2023-08-01 10:15:00,235.75,236.5,235.7,236.35,0
2023-08-01 11:15:00,236.35,236.45,236.05,236.35,0
2023-08-01 12:15:00,236.35,236.65,236.25,236.25,0
2023-08-01 13:15:00,236.25,236.35,235.9,236.25,0
2023-08-01 14:15:00,236.25,236.45,235.95,236.25,0
2023-08-01 15:15:00,236.25,236.35,236.2,236.25,0
2023-08-02 09:15:00,237.25,237.8,237.05,237.8,0
2023-08-02 10:15:00,237.8,238.85,237.75,238.45,0
2023-08-02 11:15:00,238.45,238.9,238.45,238.65,0
2023-08-02 12:15:00,238.65,239.0,238.45,239.0,0
2023-08-02 13:15:00,239.0,240.05,239.0,240.0,0
2023-08-02 14:15:00,239.95,240.0,238.6,238.6,0
2023-08-02 15:15:00,238.6,238.95,238.6,238.95,0
2023-08-03 09:15:00,239.6,239.9,238.75,239.4,0
2023-08-03 10:15:00,239.4,239.65,239.0,239.2,0
2023-08-03 11:15:00,239.2,239.7,239.1,239.7,0
2023-08-03 12:15:00,239.7,241.05,239.7,240.9,0
2023-08-03 13:15:00,240.9,241.65,240.8,241.5,0
2023-08-03 14:15:00,241.5,241.6,240.55,240.55,0
2023-08-03 15:15:00,240.5,240.55,240.3,240.45,0
2023-08-04 09:15:00,239.65,240.0,239.2,239.45,0
2023-08-04 10:15:00,239.45,239.95,239.3,239.55,0
2023-08-04 11:15:00,239.55,239.55,238.8,238.9,0
2023-08-04 12:15:00,238.85,239.3,238.7,239.0,0
2023-08-04 13:15:00,239.0,239.8,238.9,239.4,0
2023-08-04 14:15:00,239.4,239.65,238.8,238.8,0
2023-08-04 15:15:00,238.8,239.1,238.7,239.05,0
2023-08-07 09:15:00,238.4,239.0,238.3,238.5,0
2023-08-07 10:15:00,238.5,238.9,238.25,238.85,0
2023-08-07 11:15:00,238.85,238.95,238.65,238.9,0
2023-08-07 12:15:00,238.9,238.9,238.15,238.3,0
2023-08-07 13:15:00,238.3,238.4,237.85,238.25,0
2023-08-07 14:15:00,238.25,238.45,238.0,238.1,0
2023-08-07 15:15:00,238.1,238.2,238.05,238.1,0
2023-08-08 09:15:00,237.8,238.4,237.8,238.25,0
2023-08-08 10:15:00,238.25,238.65,238.0,238.6,0
2023-08-08 11:15:00,238.6,238.95,238.45,238.45,0
2023-08-08 12:15:00,238.45,238.65,238.4,238.4,0
2023-08-08 13:15:00,238.4,238.55,238.3,238.4,0
2023-08-08 14:15:00,238.4,238.75,238.15,238.55,0
2023-08-08 15:15:00,238.55,238.55,238.4,238.5,0
2023-08-09 09:15:00,238.45,239.45,238.45,239.3,0
2023-08-09 10:15:00,239.3,239.8,239.3,239.65,0
2023-08-09 11:15:00,239.65,239.7,239.45,239.55,0
2023-08-09 12:15:00,239.55,239.65,239.25,239.35,0
2023-08-09 13:15:00,239.35,239.55,239.05,239.05,0
2023-08-09 14:15:00,239.05,239.2,237.7,237.7,0
2023-08-09 15:15:00,237.7,237.9,237.65,237.85,0
2023-08-10 09:15:00,238.15,238.6,237.95,238.0,0
2023-08-10 10:15:00,238.0,239.45,237.95,239.0,0
2023-08-10 11:15:00,239.0,239.05,238.45,238.8,0
2023-08-10 12:15:00,238.8,238.9,238.35,238.4,0
2023-08-10 13:15:00,238.4,239.4,238.25,238.9,0
2023-08-10 14:15:00,238.9,239.2,238.7,238.85,0
2023-08-10 15:15:00,238.85,239.0,238.75,238.85,0
2023-08-11 09:15:00,238.8,240.05,238.8,239.95,0
2023-08-11 10:15:00,239.95,240.2,239.7,239.9,0
2023-08-11 11:15:00,239.9,240.25,239.8,240.1,0
2023-08-11 12:15:00,240.1,240.25,239.6,239.7,0
2023-08-11 13:15:00,239.7,240.0,239.55,239.85,0
2023-08-11 14:15:00,239.85,240.5,239.65,240.5,0
2023-08-11 15:15:00,240.5,240.5,240.2,240.4,0
2023-08-14 09:15:00,241.05,242.6,241.0,241.8,0
2023-08-14 10:15:00,241.8,242.05,241.75,241.85,0
2023-08-14 11:15:00,241.85,241.85,241.1,241.1,0
2023-08-14 12:15:00,241.1,241.5,241.0,241.3,0
2023-08-14 13:15:00,241.3,241.45,240.4,240.45,0
2023-08-14 14:15:00,240.45,240.75,240.0,240.45,0
2023-08-14 15:15:00,240.45,240.7,240.35,240.65,0
2023-08-16 09:15:00,241.3,241.9,241.1,241.2,0
2023-08-16 10:15:00,241.2,241.2,240.8,241.15,0
2023-08-16 11:15:00,241.2,241.4,241.0,241.1,0
2023-08-16 12:15:00,241.05,241.15,240.6,240.6,0
2023-08-16 13:15:00,240.6,240.75,240.45,240.65,0
2023-08-16 14:15:00,240.65,240.7,239.9,240.15,0
2023-08-16 15:15:00,240.15,240.4,240.0,240.35,0
2023-08-17 09:15:00,240.35,241.25,240.25,240.95,0
2023-08-17 10:15:00,240.95,241.15,240.75,240.9,0
2023-08-17 11:15:00,240.95,241.65,240.95,241.5,0
2023-08-17 12:15:00,241.5,241.85,241.4,241.8,0
2023-08-17 13:15:00,241.8,241.85,241.3,241.4,0
2023-08-17 14:15:00,241.4,241.6,241.1,241.4,0
2023-08-17 15:15:00,241.4,241.65,241.35,241.65,0
2023-08-18 09:15:00,242.2,242.75,241.85,242.65,0
2023-08-18 10:15:00,242.65,242.8,242.4,242.55,0
2023-08-18 11:15:00,242.55,242.6,242.05,242.2,0
2023-08-18 12:15:00,242.15,242.65,242.15,242.65,0
2023-08-18 13:15:00,242.6,242.75,241.55,241.55,0
2023-08-18 14:15:00,241.6,242.15,241.3,242.05,0
2023-08-18 15:15:00,242.05,242.5,242.05,242.45,0
2023-08-21 09:15:00,242.1,242.4,241.5,242.3,0
2023-08-21 10:15:00,242.35,242.35,241.35,241.45,0
2023-08-21 11:15:00,241.45,241.65,241.25,241.45,0
2023-08-21 12:15:00,241.45,241.5,241.0,241.05,0
2023-08-21 13:15:00,241.1,241.3,240.95,241.25,0
2023-08-21 14:15:00,241.25,241.3,240.8,241.15,0
2023-08-21 15:15:00,241.15,241.4,241.15,241.35,0
2023-08-22 09:15:00,240.95,241.4,240.65,241.15,0
2023-08-22 10:15:00,241.15,241.15,240.85,241.0,0
2023-08-22 11:15:00,240.95,241.05,240.65,240.75,0
2023-08-22 12:15:00,240.75,241.0,240.75,240.85,0
2023-08-22 13:15:00,240.85,241.15,240.8,241.0,0
2023-08-22 14:15:00,241.0,241.4,240.95,241.25,0
2023-08-22 15:15:00,241.3,241.35,241.1,241.3,0
2023-08-23 09:15:00,240.7,241.6,240.7,241.35,0
2023-08-23 10:15:00,241.35,241.6,241.05,241.1,0
2023-08-23 11:15:00,241.1,241.1,240.85,240.95,0
2023-08-23 12:15:00,240.95,241.0,240.45,240.7,0
2023-08-23 13:15:00,240.7,240.8,240.3,240.45,0
2023-08-23 14:15:00,240.45,240.75,240.4,240.7,0
2023-08-23 15:15:00,240.7,240.75,240.6,240.7,0
2023-08-24 09:15:00,239.6,239.9,238.95,239.25,0
2023-08-24 10:15:00,239.25,240.25,239.2,240.2,0
2023-08-24 11:15:00,240.15,240.75,240.15,240.55,0
2023-08-24 12:15:00,240.55,240.9,240.4,240.9,0
2023-08-24 13:15:00,240.9,241.15,240.75,240.75,0
2023-08-24 14:15:00,240.75,241.45,240.75,241.3,0
2023-08-24 15:15:00,241.3,241.65,241.3,241.5,0
2023-08-25 09:15:00,242.55,243.0,242.05,242.5,0
2023-08-25 10:15:00,242.5,243.4,242.45,242.95,0
2023-08-25 11:15:00,243.0,243.15,242.15,242.7,0
2023-08-25 12:15:00,242.75,242.8,242.4,242.6,0
2023-08-25 13:15:00,242.6,242.9,242.4,242.85,0
2023-08-25 14:15:00,242.85,243.05,242.55,243.0,0
2023-08-25 15:15:00,243.0,243.35,242.95,243.25,0
2023-08-28 09:15:00,242.7,243.3,242.35,242.75,0
2023-08-28 10:15:00,242.75,242.8,242.35,242.45,0
2023-08-28 11:15:00,242.45,242.6,242.3,242.45,0
2023-08-28 12:15:00,242.45,242.55,242.1,242.25,0
2023-08-28 13:15:00,242.25,242.35,241.8,242.2,0
2023-08-28 14:15:00,242.2,242.7,242.15,242.65,0
2023-08-28 15:15:00,242.65,242.8,242.55,242.7,0
2023-08-29 09:15:00,241.75,242.45,241.75,242.2,0
2023-08-29 10:15:00,242.2,242.55,242.15,242.4,0
2023-08-29 11:15:00,242.4,242.45,242.1,242.15,0
2023-08-29 12:15:00,242.15,242.3,241.95,242.05,0
2023-08-29 13:15:00,242.05,242.35,241.95,242.35,0
2023-08-29 14:15:00,242.35,242.6,242.15,242.2,0
2023-08-29 15:15:00,242.2,242.25,242.0,242.05,0
2023-08-30 09:15:00,241.1,241.35,240.95,241.0,0
2023-08-30 10:15:00,241.0,241.1,240.9,240.9,0
2023-08-30 11:15:00,240.9,241.0,240.85,240.9,0
2023-08-30 12:15:00,240.9,241.15,240.9,240.95,0
2023-08-30 13:15:00,240.95,241.35,240.95,241.35,0
2023-08-30 14:15:00,241.35,242.3,241.35,242.2,0
2023-08-30 15:15:00,242.2,242.3,242.1,242.25,0
2023-08-31 09:15:00,241.85,242.55,241.7,242.2,0
2023-08-31 10:15:00,242.2,242.75,242.05,242.6,0
2023-08-31 11:15:00,242.65,242.8,242.3,242.75,0
2023-08-31 12:15:00,242.75,243.05,242.55,243.05,0
2023-08-31 13:15:00,243.05,243.15,242.55,243.0,0
2023-08-31 14:15:00,243.0,243.65,242.95,243.05,0
2023-08-31 15:15:00,243.05,243.75,242.95,243.1,0
2023-09-01 09:15:00,243.35,243.35,242.4,242.8,0
2023-09-01 10:15:00,242.8,242.8,242.2,242.5,0
2023-09-01 11:15:00,242.5,242.5,242.25,242.4,0
2023-09-01 12:15:00,242.4,242.55,241.55,241.7,0
2023-09-01 13:15:00,241.7,241.75,241.05,241.1,0
2023-09-01 14:15:00,241.1,241.25,240.85,241.15,0
2023-09-01 15:15:00,241.15,241.3,241.05,241.3,0
2023-09-04 09:15:00,240.15,241.05,240.15,240.95,0
2023-09-04 10:15:00,240.95,241.3,240.8,240.8,0
2023-09-04 11:15:00,240.8,241.0,240.55,240.55,0
2023-09-04 12:15:00,240.55,240.55,240.2,240.3,0
2023-09-04 13:15:00,240.3,240.5,240.2,240.35,0
2023-09-04 14:15:00,240.35,240.5,240.0,240.05,0
2023-09-04 15:15:00,240.05,240.2,239.9,240.0,0
2023-09-05 09:15:00,239.7,240.1,239.45,239.5,0
2023-09-05 10:15:00,239.5,239.85,239.45,239.5,0
2023-09-05 11:15:00,239.55,239.75,239.4,239.65,0
2023-09-05 12:15:00,239.65,240.1,239.55,239.8,0
2023-09-05 13:15:00,239.8,240.15,239.75,239.85,0
2023-09-05 14:15:00,239.85,239.9,239.5,239.55,0
2023-09-05 15:15:00,239.55,239.65,239.45,239.5,0
2023-09-06 09:15:00,239.55,239.85,239.25,239.65,0
2023-09-06 10:15:00,239.65,239.8,239.45,239.65,0
2023-09-06 11:15:00,239.65,240.1,239.65,239.9,0
2023-09-06 12:15:00,239.9,240.5,239.85,240.4,0
2023-09-06 13:15:00,240.4,240.65,240.3,240.45,0
2023-09-06 14:15:00,240.45,240.45,239.0,239.15,0
2023-09-06 15:15:00,239.1,239.25,238.85,239.1,0
2023-09-07 09:15:00,239.35,239.95,239.3,239.45,0
2023-09-07 10:15:00,239.45,239.55,238.85,238.9,0
2023-09-07 11:15:00,238.9,239.45,238.85,239.2,0
2023-09-07 12:15:00,239.2,239.35,238.95,239.1,0
2023-09-07 13:15:00,239.1,239.15,238.45,238.45,0
2023-09-07 14:15:00,238.45,238.45,237.7,237.95,0
2023-09-07 15:15:00,237.95,238.0,237.75,237.85,0
2023-09-08 09:15:00,237.25,237.65,237.05,237.25,0
2023-09-08 10:15:00,237.25,237.8,237.2,237.6,0
2023-09-08 11:15:00,237.6,237.65,236.7,236.7,0
2023-09-08 12:15:00,236.7,236.95,236.5,236.8,0
2023-09-08 13:15:00,236.85,237.05,236.45,236.5,0
2023-09-08 14:15:00,236.45,236.95,236.15,236.75,0
2023-09-08 15:15:00,236.75,236.75,236.55,236.7,0
2023-09-11 09:15:00,236.0,236.2,235.45,235.55,0
2023-09-11 10:15:00,235.55,235.7,235.35,235.55,0
2023-09-11 11:15:00,235.55,235.55,235.35,235.45,0
2023-09-11 12:15:00,235.45,235.45,235.15,235.3,0
2023-09-11 13:15:00,235.3,235.55,235.25,235.35,0
2023-09-11 14:15:00,235.35,235.4,234.7,234.75,0
2023-09-11 15:15:00,234.75,234.75,234.6,234.7,0
2023-09-12 09:15:00,233.45,235.75,233.45,235.1,0
2023-09-12 10:15:00,235.1,235.55,234.65,234.75,0
2023-09-12 11:15:00,234.75,234.85,234.3,234.65,0
2023-09-12 12:15:00,234.65,235.35,234.6,234.9,0
2023-09-12 13:15:00,234.9,235.0,234.6,234.6,0
2023-09-12 14:15:00,234.6,235.0,234.55,234.95,0
2023-09-12 15:15:00,234.95,235.0,234.75,234.9,0
2023-09-13 09:15:00,234.9,235.45,234.55,235.05,0
2023-09-13 10:15:00,235.05,235.3,234.7,234.7,0
2023-09-13 11:15:00,234.7,234.85,234.25,234.3,0
2023-09-13 12:15:00,234.3,234.35,233.7,233.8,0
2023-09-13 13:15:00,233.8,234.15,233.75,233.85,0
2023-09-13 14:15:00,233.85,234.0,233.65,234.0,0
2023-09-13 15:15:00,234.0,234.15,233.95,234.05,0
2023-09-14 09:15:00,233.35,233.7,232.9,233.5,0
2023-09-14 10:15:00,233.55,234.1,233.4,233.7,0
2023-09-14 11:15:00,233.7,234.0,233.6,233.7,0
2023-09-14 12:15:00,233.7,234.25,233.65,233.75,0
2023-09-14 13:15:00,233.75,234.3,233.55,234.05,0
2023-09-14 14:15:00,234.05,234.1,233.5,233.65,0
2023-09-14 15:15:00,233.65,233.65,233.5,233.65,0
2023-09-15 09:15:00,233.05,233.35,232.85,233.0,0
2023-09-15 10:15:00,233.0,233.2,232.7,232.75,0
2023-09-15 11:15:00,232.75,232.9,232.6,232.7,0
2023-09-15 12:15:00,232.7,233.3,232.65,232.9,0
2023-09-15 13:15:00,232.9,233.1,232.7,232.75,0
2023-09-15 14:15:00,232.75,232.85,232.3,232.7,0
2023-09-15 15:15:00,232.7,232.95,232.7,232.95,0
2023-09-18 09:15:00,233.2,233.55,232.8,232.95,0
2023-09-18 10:15:00,232.95,233.1,232.85,232.95,0
2023-09-18 11:15:00,232.95,233.0,232.75,233.0,0
2023-09-18 12:15:00,232.95,233.15,232.9,233.05,0
2023-09-18 13:15:00,233.05,233.35,232.95,233.2,0
2023-09-18 14:15:00,233.2,233.5,233.1,233.5,0
2023-09-18 15:15:00,233.5,233.65,233.45,233.6,0
2023-09-20 09:15:00,235.3,235.5,234.5,235.45,0
2023-09-20 10:15:00,235.45,235.7,235.35,235.6,0
2023-09-20 11:15:00,235.55,235.9,235.5,235.6,0
2023-09-20 12:15:00,235.6,235.9,235.55,235.85,0
2023-09-20 13:15:00,235.85,236.5,235.8,236.15,0
2023-09-20 14:15:00,236.15,236.4,236.0,236.2,0
2023-09-20 15:15:00,236.2,236.25,236.1,236.1,0
2023-09-21 09:15:00,237.0,238.2,236.95,238.1,0
2023-09-21 10:15:00,238.1,238.15,237.65,237.65,0
2023-09-21 11:15:00,237.65,238.35,237.65,238.3,0
2023-09-21 12:15:00,238.25,238.4,238.05,238.1,0
2023-09-21 13:15:00,238.15,238.3,237.95,238.3,0
2023-09-21 14:15:00,238.25,238.55,238.1,238.1,0
2023-09-21 15:15:00,238.1,238.15,238.0,238.05,0
2023-09-22 09:15:00,238.15,239.15,237.6,238.9,0
2023-09-22 10:15:00,238.9,239.05,237.9,237.95,0
2023-09-22 11:15:00,237.95,238.25,237.65,237.7,0
2023-09-22 12:15:00,237.7,238.05,237.55,237.9,0
2023-09-22 13:15:00,237.9,238.85,237.8,238.6,0
2023-09-22 14:15:00,238.6,239.2,238.45,239.15,0
2023-09-22 15:15:00,239.15,239.2,238.8,238.9,0
2023-09-25 09:15:00,239.1,239.85,238.8,239.85,0
2023-09-25 10:15:00,239.85,239.9,239.5,239.9,0
2023-09-25 11:15:00,239.9,240.05,239.4,239.4,0
2023-09-25 12:15:00,239.4,239.45,238.45,238.65,0
2023-09-25 13:15:00,238.7,239.6,238.5,239.6,0
2023-09-25 14:15:00,239.6,239.75,238.8,239.1,0
2023-09-25 15:15:00,239.1,239.25,239.05,239.15,0
2023-09-26 09:15:00,239.1,239.5,238.9,239.0,0
2023-09-26 10:15:00,239.0,239.35,238.95,239.05,0
2023-09-26 11:15:00,239.05,239.35,239.0,239.1,0
2023-09-26 12:15:00,239.1,239.65,239.1,239.35,0
2023-09-26 13:15:00,239.35,239.45,239.05,239.2,0
2023-09-26 14:15:00,239.2,239.4,239.1,239.3,0
2023-09-26 15:15:00,239.3,239.35,239.2,239.25,0
2023-09-27 09:15:00,239.7,240.65,239.6,240.6,0
2023-09-27 10:15:00,240.6,240.7,239.8,239.85,0
2023-09-27 11:15:00,239.8,239.95,239.4,239.55,0
2023-09-27 12:15:00,239.55,239.6,239.1,239.15,0
2023-09-27 13:15:00,239.15,239.25,238.75,239.05,0
2023-09-27 14:15:00,239.05,239.25,238.55,238.8,0
2023-09-27 15:15:00,238.8,238.85,238.55,238.6,0
2023-09-28 09:15:00,238.25,239.3,238.15,238.6,0
2023-09-28 10:15:00,238.6,239.45,238.35,239.45,0
2023-09-28 11:15:00,239.45,239.95,239.35,239.8,0
2023-09-28 12:15:00,239.8,240.35,239.75,240.3,0
2023-09-28 13:15:00,240.3,240.9,240.25,240.75,0
2023-09-28 14:15:00,240.75,241.5,240.45,241.4,0
2023-09-28 15:15:00,241.4,241.4,240.7,240.75,0
2023-09-29 09:15:00,240.45,240.8,240.1,240.25,0
2023-09-29 10:15:00,240.25,240.55,240.1,240.1,0
2023-09-29 11:15:00,240.1,240.2,239.25,239.35,0
2023-09-29 12:15:00,239.4,239.55,239.15,239.4,0
2023-09-29 13:15:00,239.35,239.5,238.75,238.85,0
2023-09-29 14:15:00,238.85,239.9,238.65,239.9,0
2023-09-29 15:15:00,239.9,240.0,239.7,239.75,0
2023-10-03 09:15:00,240.1,241.85,240.1,241.75,0
2023-10-03 10:15:00,241.75,241.75,241.25,241.45,0
2023-10-03 11:15:00,241.45,241.55,241.15,241.3,0
2023-10-03 12:15:00,241.3,241.35,240.95,241.0,0
2023-10-03 13:15:00,241.0,241.4,240.8,241.35,0
2023-10-03 14:15:00,241.35,241.55,241.1,241.25,0
2023-10-03 15:15:00,241.25,241.4,241.2,241.3,0
2023-10-04 09:15:00,242.3,243.2,242.25,242.95,0
2023-10-04 10:15:00,243.0,243.05,242.55,242.6,0
2023-10-04 11:15:00,242.65,243.45,242.6,243.25,0
2023-10-04 12:15:00,243.25,243.7,243.15,243.4,0
2023-10-04 13:15:00,243.4,243.6,243.05,243.1,0
2023-10-04 14:15:00,243.1,243.15,242.3,242.35,0
2023-10-04 15:15:00,242.35,242.45,242.25,242.25,0
2023-10-05 09:15:00,241.4,241.55,241.1,241.35,0
2023-10-05 10:15:00,241.4,241.85,240.75,240.8,0
2023-10-05 11:15:00,240.8,241.1,240.75,241.0,0
2023-10-05 12:15:00,241.0,241.45,241.0,241.3,0
2023-10-05 13:15:00,241.3,241.4,240.95,241.05,0
2023-10-05 14:15:00,241.05,241.3,240.9,241.2,0
2023-10-05 15:15:00,241.2,241.2,241.0,241.1,0
2023-10-06 09:15:00,240.25,240.6,240.25,240.45,0
2023-10-06 10:15:00,240.45,240.6,239.8,239.95,0
2023-10-06 11:15:00,239.95,240.45,239.95,240.2,0
2023-10-06 12:15:00,240.2,240.35,239.9,239.9,0
2023-10-06 13:15:00,239.9,239.95,239.65,239.7,0
2023-10-06 14:15:00,239.7,239.9,239.55,239.75,0
2023-10-06 15:15:00,239.75,240.0,239.75,239.85,0
2023-10-09 09:15:00,241.35,242.1,240.8,240.95,0
2023-10-09 10:15:00,240.95,241.3,240.75,241.15,0
2023-10-09 11:15:00,241.15,241.25,241.0,241.2,0
2023-10-09 12:15:00,241.2,241.8,241.2,241.7,0
2023-10-09 13:15:00,241.7,241.75,241.45,241.7,0
2023-10-09 14:15:00,241.65,241.85,241.35,241.7,0
2023-10-09 15:15:00,241.7,241.9,241.7,241.9,0
2023-10-10 09:15:00,241.1,241.1,240.4,240.45,0
2023-10-10 10:15:00,240.45,240.55,240.3,240.4,0
2023-10-10 11:15:00,240.35,240.5,239.95,240.0,0
2023-10-10 12:15:00,240.0,240.1,239.6,239.7,0
2023-10-10 13:15:00,239.7,239.75,239.35,239.45,0
2023-10-10 14:15:00,239.45,239.6,239.2,239.55,0
2023-10-10 15:15:00,239.55,239.65,239.45,239.55,0
2023-10-11 09:15:00,238.65,238.7,237.85,238.15,0
2023-10-11 10:15:00,238.15,238.25,237.8,238.15,0
2023-10-11 11:15:00,238.15,238.25,237.95,238.15,0
2023-10-11 12:15:00,238.15,238.45,238.05,238.05,0
2023-10-11 13:15:00,238.1,238.4,238.05,238.2,0
2023-10-11 14:15:00,238.2,238.3,237.9,238.15,0
2023-10-11 15:15:00,238.15,238.2,238.1,238.15,0
2023-10-12 09:15:00,238.05,238.6,237.8,238.35,0
2023-10-12 10:15:00,238.35,238.55,237.95,238.0,0
2023-10-12 11:15:00,238.0,238.25,237.9,238.05,0
2023-10-12 12:15:00,238.05,238.35,238.0,238.25,0
2023-10-12 13:15:00,238.3,238.4,238.1,238.25,0
2023-10-12 14:15:00,238.25,238.6,238.2,238.3,0
2023-10-12 15:15:00,238.3,238.55,238.3,238.5,0
2023-10-13 09:15:00,240.1,240.15,239.1,239.65,0
2023-10-13 10:15:00,239.65,239.9,239.5,239.8,0
2023-10-13 11:15:00,239.8,239.85,239.5,239.75,0
2023-10-13 12:15:00,239.75,239.75,238.95,239.0,0
2023-10-13 13:15:00,239.0,239.2,238.55,238.6,0
2023-10-13 14:15:00,238.6,239.0,238.3,238.9,0
2023-10-13 15:15:00,238.9,239.2,238.85,239.15,0
2023-10-16 09:15:00,239.25,239.8,239.05,239.1,0
2023-10-16 10:15:00,239.1,239.35,238.85,239.15,0
2023-10-16 11:15:00,239.15,239.3,238.7,238.95,0
2023-10-16 12:15:00,238.95,239.05,238.7,239.0,0
2023-10-16 13:15:00,239.0,239.15,238.8,239.0,0
2023-10-16 14:15:00,239.05,239.3,238.8,239.3,0
2023-10-16 15:15:00,239.3,239.45,239.3,239.35,0
2023-10-17 09:15:00,238.0,238.4,238.0,238.25,0
2023-10-17 10:15:00,238.25,238.35,238.0,238.1,0
2023-10-17 11:15:00,238.1,238.25,238.1,238.1,0
2023-10-17 12:15:00,238.1,238.25,237.95,238.0,0
2023-10-17 13:15:00,238.0,238.8,237.95,238.75,0
2023-10-17 14:15:00,238.75,238.75,238.25,238.4,0
2023-10-17 15:15:00,238.4,238.45,238.25,238.3,0
2023-10-18 09:15:00,238.3,238.85,238.1,238.15,0
2023-10-18 10:15:00,238.15,239.55,238.1,239.45,0
2023-10-18 11:15:00,239.45,239.9,239.15,239.75,0
2023-10-18 12:15:00,239.75,240.1,239.65,239.65,0
2023-10-18 13:15:00,239.65,239.9,239.45,239.55,0
2023-10-18 14:15:00,239.55,240.25,239.55,240.1,0
2023-10-18 15:15:00,240.1,240.25,240.1,240.15,0
2023-10-19 09:15:00,241.7,242.1,241.1,241.3,0
2023-10-19 10:15:00,241.3,241.55,241.15,241.35,0
2023-10-19 11:15:00,241.35,241.35,240.25,240.25,0
2023-10-19 12:15:00,240.3,240.6,240.25,240.5,0
2023-10-19 13:15:00,240.5,240.8,240.0,240.3,0
2023-10-19 14:15:00,240.3,240.75,240.3,240.75,0
2023-10-19 15:15:00,240.75,241.0,240.65,240.9,0
2023-10-20 09:15:00,241.8,242.05,241.15,241.4,0
2023-10-20 10:15:00,241.45,241.75,241.35,241.45,0
2023-10-20 11:15:00,241.45,241.95,241.35,241.75,0
2023-10-20 12:15:00,241.7,242.0,241.6,241.9,0
2023-10-20 13:15:00,241.9,241.9,241.5,241.8,0
2023-10-20 14:15:00,241.8,241.95,241.6,241.75,0
2023-10-20 15:15:00,241.75,241.95,241.7,241.8,0
2023-10-23 09:15:00,242.15,242.65,241.75,242.6,0
2023-10-23 10:15:00,242.6,242.9,242.55,242.6,0
2023-10-23 11:15:00,242.65,243.1,242.6,242.9,0
2023-10-23 12:15:00,242.9,243.3,242.8,243.25,0
2023-10-23 13:15:00,243.25,243.6,243.1,243.2,0
2023-10-23 14:15:00,243.2,245.3,243.2,245.25,0
2023-10-23 15:15:00,245.25,245.45,245.1,245.15,0
2023-10-25 09:15:00,245.15,245.5,244.4,244.8,0
2023-10-25 10:15:00,244.8,245.5,244.75,245.3,0
2023-10-25 11:15:00,245.3,246.15,245.25,245.9,0
2023-10-25 12:15:00,245.9,247.8,245.8,247.8,0
2023-10-25 13:15:00,247.8,247.85,246.55,246.6,0
2023-10-25 14:15:00,246.6,247.3,246.55,247.15,0
2023-10-25 15:15:00,247.15,247.5,247.1,247.2,0
2023-10-26 09:15:00,248.5,250.05,248.45,250.0,0
2023-10-26 10:15:00,250.0,250.7,249.9,250.65,0
2023-10-26 11:15:00,250.65,250.8,250.2,250.7,0
2023-10-26 12:15:00,250.7,250.7,250.1,250.3,0
2023-10-26 13:15:00,250.3,250.9,250.2,250.55,0
2023-10-26 14:15:00,250.55,250.9,250.2,250.7,0
2023-10-26 15:15:00,250.7,250.95,250.6,250.8,0
2023-10-27 09:15:00,249.8,249.85,248.45,248.95,0
2023-10-27 10:15:00,248.95,249.2,248.55,248.7,0
2023-10-27 11:15:00,248.7,248.75,248.1,248.2,0
2023-10-27 12:15:00,248.2,248.7,248.15,248.5,0
2023-10-27 13:15:00,248.5,248.5,247.9,248.05,0
2023-10-27 14:15:00,248.1,248.35,247.85,248.35,0
2023-10-27 15:15:00,248.4,248.4,248.05,248.1,0
2023-10-30 09:15:00,248.3,249.8,247.95,248.85,0
2023-10-30 10:15:00,248.85,249.0,247.7,248.05,0
2023-10-30 11:15:00,248.0,248.1,247.3,247.6,0
2023-10-30 12:15:00,247.6,247.85,247.3,247.35,0
2023-10-30 13:15:00,247.35,247.65,247.15,247.45,0
2023-10-30 14:15:00,247.45,247.7,247.0,247.2,0
2023-10-30 15:15:00,247.2,247.25,246.95,247.05,0
2023-10-31 09:15:00,246.0,247.8,246.0,247.7,0
2023-10-31 10:15:00,247.7,248.2,247.5,247.8,0
2023-10-31 11:15:00,247.8,248.15,247.5,248.0,0
2023-10-31 12:15:00,248.0,248.05,247.55,247.65,0
2023-10-31 13:15:00,247.65,247.95,247.3,247.6,0
2023-10-31 14:15:00,247.6,248.3,247.15,247.85,0
2023-10-31 15:15:00,247.85,248.05,247.85,247.95,0
2023-11-01 09:15:00,248.25,248.8,247.85,248.5,0
2023-11-01 10:15:00,248.5,248.65,248.3,248.45,0
2023-11-01 11:15:00,248.45,248.7,248.35,248.4,0
2023-11-01 12:15:00,248.4,249.15,248.25,249.05,0
2023-11-01 13:15:00,249.05,249.25,248.6,248.9,0
2023-11-01 14:15:00,248.9,249.25,248.75,249.2,0
2023-11-01 15:15:00,249.2,249.4,249.15,249.2,0
2023-11-02 09:15:00,247.55,247.65,246.85,247.5,0
2023-11-02 10:15:00,247.5,247.7,247.35,247.45,0
2023-11-02 11:15:00,247.45,248.25,247.4,248.1,0
2023-11-02 12:15:00,248.1,248.1,247.65,247.65,0
2023-11-02 13:15:00,247.65,247.9,247.35,247.45,0
2023-11-02 14:15:00,247.45,247.7,247.25,247.55,0
2023-11-02 15:15:00,247.55,247.55,247.2,247.2,0
2023-11-03 09:15:00,246.05,246.15,245.65,245.7,0
2023-11-03 10:15:00,245.7,245.9,245.6,245.65,0
2023-11-03 11:15:00,245.7,246.1,245.6,246.0,0
2023-11-03 12:15:00,246.0,246.05,245.75,245.85,0
2023-11-03 13:15:00,245.85,245.95,245.7,245.85,0
2023-11-03 14:15:00,245.85,246.4,245.65,246.2,0
2023-11-03 15:15:00,246.2,246.3,246.15,246.2,0
2023-11-06 09:15:00,244.85,245.25,244.7,244.7,0
2023-11-06 10:15:00,244.7,245.3,244.5,245.0,0
2023-11-06 11:15:00,245.0,245.05,244.75,244.8,0
2023-11-06 12:15:00,244.8,244.9,244.65,244.7,0
2023-11-06 13:15:00,244.7,244.75,244.45,244.45,0
2023-11-06 14:15:00,244.45,244.5,243.9,243.9,0
2023-11-06 15:15:00,243.9,244.05,243.85,243.95,0
2023-11-07 09:15:00,244.1,244.85,244.1,244.6,0
2023-11-07 10:15:00,244.6,244.65,244.2,244.25,0
2023-11-07 11:15:00,244.25,245.05,244.2,244.75,0
2023-11-07 12:15:00,244.8,244.8,244.5,244.6,0
2023-11-07 13:15:00,244.6,244.75,244.05,244.15,0
2023-11-07 14:15:00,244.15,244.45,244.05,244.2,0
2023-11-07 15:15:00,244.2,244.25,243.9,243.95,0
2023-11-08 09:15:00,243.6,244.15,243.55,243.9,0
2023-11-08 10:15:00,243.85,244.2,243.65,244.1,0
2023-11-08 11:15:00,244.1,244.15,243.65,243.7,0
2023-11-08 12:15:00,243.75,243.95,243.6,243.6,0
2023-11-08 13:15:00,243.6,243.7,243.4,243.7,0
2023-11-08 14:15:00,243.7,244.05,243.6,243.6,0
2023-11-08 15:15:00,243.6,243.85,243.6,243.8,0
2023-11-09 09:15:00,243.55,244.2,243.55,243.65,0
2023-11-09 10:15:00,243.65,244.1,243.6,243.85,0
2023-11-09 11:15:00,243.85,243.9,243.5,243.7,0
2023-11-09 12:15:00,243.7,243.95,243.6,243.9,0
2023-11-09 13:15:00,243.9,244.2,243.75,244.0,0
2023-11-09 14:15:00,244.0,244.5,243.95,244.35,0
2023-11-09 15:15:00,244.35,244.4,244.2,244.2,0
2023-11-10 09:15:00,244.9,245.15,244.8,244.95,0
2023-11-10 10:15:00,244.95,244.95,244.5,244.8,0
2023-11-10 11:15:00,244.8,244.85,244.45,244.5,0
2023-11-10 12:15:00,244.5,244.6,244.2,244.4,0
2023-11-10 13:15:00,244.4,244.5,244.15,244.4,0
2023-11-10 14:15:00,244.4,244.75,244.0,244.0,0
2023-11-10 15:15:00,244.0,244.0,243.65,243.75,0
2023-11-12 18:15:00,242.55,243.0,242.55,242.85,0
2023-11-13 09:15:00,243.35,243.9,243.3,243.55,0
2023-11-13 10:15:00,243.55,244.25,243.5,244.15,0
2023-11-13 11:15:00,244.15,244.2,243.75,243.95,0
2023-11-13 12:15:00,243.95,244.05,243.8,243.95,0
2023-11-13 13:15:00,243.95,244.0,243.7,243.75,0
2023-11-13 14:15:00,243.75,243.95,243.7,243.9,0
2023-11-13 15:15:00,243.9,243.95,243.85,243.95,0
2023-11-15 09:15:00,241.35,242.25,241.35,241.65,0
2023-11-15 10:15:00,241.65,241.8,241.5,241.7,0
2023-11-15 11:15:00,241.7,241.85,241.6,241.6,0
2023-11-15 12:15:00,241.6,241.65,241.35,241.35,0
2023-11-15 13:15:00,241.35,241.4,241.1,241.3,0
2023-11-15 14:15:00,241.3,241.45,241.05,241.05,0
2023-11-15 15:15:00,241.05,241.1,240.9,241.05,0
2023-11-16 09:15:00,241.1,241.7,240.55,240.65,0
2023-11-16 10:15:00,240.6,240.75,239.65,239.65,0
2023-11-16 11:15:00,239.65,239.8,239.5,239.6,0
2023-11-16 12:15:00,239.6,239.75,239.45,239.55,0
2023-11-16 13:15:00,239.55,239.65,239.35,239.35,0
2023-11-16 14:15:00,239.35,240.55,238.65,240.4,0
2023-11-16 15:15:00,240.45,240.5,240.0,240.05,0
2023-11-17 09:15:00,241.15,241.25,239.55,239.9,0
2023-11-17 10:15:00,239.9,240.25,239.65,240.05,0
2023-11-17 11:15:00,240.05,240.25,239.9,240.1,0
2023-11-17 12:15:00,240.1,240.35,239.9,240.1,0
2023-11-17 13:15:00,240.1,240.5,240.0,240.15,0
2023-11-17 14:15:00,240.15,240.6,240.1,240.35,0
2023-11-17 15:15:00,240.35,240.65,240.3,240.6,0
2023-11-20 09:15:00,240.6,240.95,240.35,240.8,0
2023-11-20 10:15:00,240.8,241.25,240.3,241.25,0
2023-11-20 11:15:00,241.25,241.35,241.0,241.0,0
2023-11-20 12:15:00,241.05,241.2,240.85,240.9,0
2023-11-20 13:15:00,240.9,241.2,240.85,241.05,0
2023-11-20 14:15:00,241.1,241.15,240.75,241.1,0
2023-11-20 15:15:00,241.1,241.15,240.95,241.05,0
2023-11-21 09:15:00,240.15,240.35,239.95,240.2,0
2023-11-21 10:15:00,240.2,240.25,240.0,240.1,0
2023-11-21 11:15:00,240.1,240.15,239.85,239.85,0
2023-11-21 12:15:00,239.85,240.2,239.45,240.1,0
2023-11-21 13:15:00,240.1,240.15,239.65,239.9,0
2023-11-21 14:15:00,239.9,240.05,239.85,240.0,0
2023-11-21 15:15:00,240.0,240.1,240.0,240.05,0
2023-11-22 09:15:00,240.05,240.25,239.6,239.65,0
2023-11-22 10:15:00,239.65,239.95,239.55,239.9,0
2023-11-22 11:15:00,239.9,240.4,239.75,240.4,0
2023-11-22 12:15:00,240.4,241.0,240.25,240.5,0
2023-11-22 13:15:00,240.5,240.7,240.35,240.65,0
2023-11-22 14:15:00,240.65,240.65,239.6,239.7,0
2023-11-22 15:15:00,239.7,239.85,239.65,239.75,0
2023-11-23 09:15:00,239.55,239.6,239.0,239.45,0
2023-11-23 10:15:00,239.45,240.0,239.45,239.8,0
2023-11-23 11:15:00,239.8,240.0,239.7,239.85,0
2023-11-23 12:15:00,239.85,239.9,239.55,239.8,0
2023-11-23 13:15:00,239.8,239.85,239.6,239.8,0
2023-11-23 14:15:00,239.8,240.05,239.7,239.9,0
2023-11-23 15:15:00,239.9,239.9,239.7,239.8,0
2023-11-24 09:15:00,239.85,240.1,239.55,239.9,0
2023-11-24 10:15:00,239.9,240.05,239.7,239.85,0
2023-11-24 11:15:00,239.85,240.0,239.75,239.75,0
2023-11-24 12:15:00,239.75,240.3,239.7,240.25,0
2023-11-24 13:15:00,240.25,240.3,239.9,240.0,0
2023-11-24 14:15:00,240.0,240.15,239.9,240.05,0
2023-11-24 15:15:00,240.05,240.1,239.9,240.1,0
2023-11-28 09:15:00,239.6,240.05,239.6,240.0,0
2023-11-28 10:15:00,240.0,240.1,239.8,239.85,0
2023-11-28 11:15:00,239.85,240.0,239.65,239.7,0
2023-11-28 12:15:00,239.7,239.85,239.65,239.8,0
2023-11-28 13:15:00,239.8,239.95,239.75,239.85,0
2023-11-28 14:15:00,239.85,239.85,238.95,238.95,0
2023-11-28 15:15:00,238.95,239.05,238.7,238.8,0
2023-11-29 09:15:00,238.05,238.25,237.6,237.6,0
2023-11-29 10:15:00,237.6,237.85,237.55,237.65,0
2023-11-29 11:15:00,237.65,237.7,237.35,237.4,0
2023-11-29 12:15:00,237.4,237.45,237.2,237.25,0
2023-11-29 13:15:00,237.25,237.35,236.85,237.0,0
2023-11-29 14:15:00,237.0,237.05,236.5,236.55,0
2023-11-29 15:15:00,236.55,236.7,236.5,236.55,0
2023-11-30 09:15:00,236.5,237.55,236.2,237.2,0
2023-11-30 10:15:00,237.2,237.25,236.55,237.0,0
2023-11-30 11:15:00,237.0,237.15,236.85,237.15,0
2023-11-30 12:15:00,237.15,237.3,236.95,237.0,0
2023-11-30 13:15:00,237.0,237.1,236.4,237.05,0
2023-11-30 14:15:00,237.05,237.1,236.15,236.2,0
2023-11-30 15:15:00,236.2,236.3,235.95,236.2,0
2023-12-01 09:15:00,235.55,235.6,234.7,234.8,0
2023-12-01 10:15:00,234.8,234.85,234.65,234.75,0
2023-12-01 11:15:00,234.75,234.85,234.5,234.65,0
2023-12-01 12:15:00,234.65,234.7,234.45,234.55,0
2023-12-01 13:15:00,234.55,234.7,234.4,234.65,0
2023-12-01 14:15:00,234.65,234.95,234.5,234.7,0
2023-12-01 15:15:00,234.7,234.9,234.6,234.8,0
2023-12-04 09:15:00,230.95,232.0,230.95,231.6,0
2023-12-04 10:15:00,231.6,231.85,231.25,231.25,0
2023-12-04 11:15:00,231.25,231.45,231.1,231.15,0
2023-12-04 12:15:00,231.15,231.3,231.05,231.1,0
2023-12-04 13:15:00,231.1,231.1,230.45,230.45,0
2023-12-04 14:15:00,230.5,230.6,229.75,230.05,0
2023-12-04 15:15:00,230.05,230.1,229.85,229.95,0
2023-12-05 09:15:00,228.65,229.7,228.6,228.65,0
2023-12-05 10:15:00,228.65,228.7,228.2,228.5,0
2023-12-05 11:15:00,228.5,229.5,228.45,229.0,0
2023-12-05 12:15:00,229.0,229.1,228.6,228.7,0
2023-12-05 13:15:00,228.7,228.85,228.45,228.6,0
2023-12-05 14:15:00,228.6,228.8,228.05,228.1,0
2023-12-05 15:15:00,228.1,228.15,228.05,228.05,0
2023-12-06 09:15:00,227.1,227.8,227.05,227.7,0
2023-12-06 10:15:00,227.7,227.75,227.2,227.4,0
2023-12-06 11:15:00,227.35,227.5,227.2,227.35,0
2023-12-06 12:15:00,227.35,228.0,227.3,227.95,0
2023-12-06 13:15:00,227.95,228.2,227.3,227.35,0
2023-12-06 14:15:00,227.4,227.4,227.0,227.25,0
2023-12-06 15:15:00,227.25,227.4,227.15,227.3,0
2023-12-07 09:15:00,227.35,228.25,227.35,228.05,0
2023-12-07 10:15:00,228.05,228.15,227.3,227.4,0
2023-12-07 11:15:00,227.4,227.7,227.35,227.55,0
2023-12-07 12:15:00,227.5,227.7,227.45,227.55,0
2023-12-07 13:15:00,227.55,227.7,227.4,227.6,0
2023-12-07 14:15:00,227.6,227.95,227.45,227.7,0
2023-12-07 15:15:00,227.7,227.7,227.5,227.55,0
2023-12-08 09:15:00,227.4,227.4,226.6,226.75,0
2023-12-08 10:15:00,226.75,227.4,226.6,227.15,0
2023-12-08 11:15:00,227.15,227.15,226.85,227.0,0
2023-12-08 12:15:00,227.0,227.75,227.0,227.5,0
2023-12-08 13:15:00,227.5,228.15,227.45,227.55,0
2023-12-08 14:15:00,227.6,227.75,226.9,226.9,0
2023-12-08 15:15:00,226.9,227.05,226.85,226.95,0
2023-12-11 09:15:00,227.15,227.55,226.6,226.7,0
2023-12-11 10:15:00,226.7,227.35,226.5,226.7,0
2023-12-11 11:15:00,226.7,227.1,226.65,226.95,0
2023-12-11 12:15:00,226.95,227.3,226.95,227.0,0
2023-12-11 13:15:00,227.0,227.1,226.85,226.9,0
2023-12-11 14:15:00,226.9,227.0,226.7,226.8,0
2023-12-11 15:15:00,226.8,227.0,226.75,226.8,0
2023-12-12 09:15:00,226.65,226.85,226.45,226.8,0
2023-12-12 10:15:00,226.8,227.1,226.6,226.65,0
2023-12-12 11:15:00,226.65,226.9,226.65,226.7,0
2023-12-12 12:15:00,226.7,227.35,226.65,227.25,0
2023-12-12 13:15:00,227.2,227.5,227.15,227.5,0
2023-12-12 14:15:00,227.5,228.25,227.4,227.9,0
2023-12-12 15:15:00,227.9,227.95,227.8,227.9,0
2023-12-13 09:15:00,227.65,228.8,227.65,228.5,0
2023-12-13 10:15:00,228.5,229.05,228.5,228.7,0
2023-12-13 11:15:00,228.7,229.35,228.7,229.2,0
2023-12-13 12:15:00,229.2,229.4,228.7,228.85,0
2023-12-13 13:15:00,228.85,228.85,227.95,228.15,0
2023-12-13 14:15:00,228.15,228.5,227.6,227.7,0
2023-12-13 15:15:00,227.7,227.7,227.45,227.55,0
2023-12-14 09:15:00,225.7,226.05,224.9,225.1,0
2023-12-14 10:15:00,225.1,225.5,225.05,225.15,0
2023-12-14 11:15:00,225.15,225.25,224.95,225.2,0
2023-12-14 12:15:00,225.2,225.3,224.95,225.0,0
2023-12-14 13:15:00,225.0,225.05,224.65,224.8,0
2023-12-14 14:15:00,224.8,225.15,224.75,225.05,0
2023-12-14 15:15:00,225.05,225.05,224.65,224.85,0
2023-12-15 09:15:00,223.85,224.4,223.4,223.45,0
2023-12-15 10:15:00,223.45,223.9,223.15,223.6,0
2023-12-15 11:15:00,223.6,223.65,223.4,223.6,0
2023-12-15 12:15:00,223.6,223.7,223.35,223.5,0
2023-12-15 13:15:00,223.5,223.5,223.05,223.4,0
2023-12-15 14:15:00,223.4,223.45,222.05,222.05,0
2023-12-15 15:15:00,222.05,222.15,221.7,222.15,0
2023-12-18 09:15:00,222.4,223.15,222.05,222.15,0
2023-12-18 10:15:00,222.15,222.35,221.95,222.05,0
2023-12-18 11:15:00,222.05,222.3,221.9,222.15,0
2023-12-18 12:15:00,222.15,222.65,222.1,222.6,0
2023-12-18 13:15:00,222.6,222.6,222.3,222.4,0
2023-12-18 14:15:00,222.4,222.6,222.2,222.55,0
2023-12-18 15:15:00,222.55,222.75,222.55,222.65,0
2023-12-19 09:15:00,222.0,223.45,222.0,223.3,0
2023-12-19 10:15:00,223.3,223.35,222.75,222.8,0
2023-12-19 11:15:00,222.8,222.95,222.25,222.45,0
2023-12-19 12:15:00,222.45,222.45,222.05,222.15,0
2023-12-19 13:15:00,222.2,222.3,221.9,222.0,0
2023-12-19 14:15:00,221.95,222.55,221.75,222.25,0
2023-12-19 15:15:00,222.25,222.4,222.2,222.35,0
2023-12-20 09:15:00,221.35,221.5,220.85,221.25,0
2023-12-20 10:15:00,221.25,221.35,221.0,221.15,0
2023-12-20 11:15:00,221.15,221.9,221.15,221.5,0
2023-12-20 12:15:00,221.5,222.15,221.45,222.1,0
2023-12-20 13:15:00,222.1,224.35,222.05,224.0,0
2023-12-20 14:15:00,224.05,225.5,223.65,225.5,0
2023-12-20 15:15:00,225.5,226.1,225.5,225.9,0
2023-12-21 09:15:00,226.7,227.3,225.6,225.75,0
2023-12-21 10:15:00,225.75,226.45,225.15,225.4,0
2023-12-21 11:15:00,225.4,225.8,225.0,225.15,0
2023-12-21 12:15:00,225.15,225.2,224.35,224.4,0
2023-12-21 13:15:00,224.4,225.15,224.2,224.75,0
2023-12-21 14:15:00,224.75,224.85,224.2,224.35,0
2023-12-21 15:15:00,224.35,224.4,224.0,224.1,0
2023-12-22 09:15:00,223.95,224.45,223.35,223.4,0
2023-12-22 10:15:00,223.4,223.7,223.0,223.2,0
2023-12-22 11:15:00,223.2,223.35,223.0,223.25,0
2023-12-22 12:15:00,223.25,224.05,223.2,223.65,0
2023-12-22 13:15:00,223.65,224.65,223.45,223.85,0
2023-12-22 14:15:00,223.85,223.95,223.15,223.35,0
2023-12-22 15:15:00,223.35,223.65,223.3,223.55,0
2023-12-26 09:15:00,223.4,223.8,222.8,222.9,0
2023-12-26 10:15:00,222.9,222.95,222.3,222.45,0
2023-12-26 11:15:00,222.45,222.6,222.3,222.4,0
2023-12-26 12:15:00,222.4,222.95,222.25,222.65,0
2023-12-26 13:15:00,222.65,222.8,222.5,222.75,0
2023-12-26 14:15:00,222.75,222.85,222.35,222.65,0
2023-12-26 15:15:00,222.65,222.65,222.45,222.45,0
2023-12-27 09:15:00,222.1,222.1,221.35,221.45,0
2023-12-27 10:15:00,221.45,221.5,221.15,221.25,0
2023-12-27 11:15:00,221.25,221.3,221.0,221.2,0
2023-12-27 12:15:00,221.2,221.85,221.2,221.7,0
2023-12-27 13:15:00,221.7,222.0,221.4,221.45,0
2023-12-27 14:15:00,221.45,221.55,220.25,220.3,0
2023-12-27 15:15:00,220.3,220.5,220.25,220.5,0
2023-12-28 09:15:00,219.9,220.25,219.45,220.1,0
2023-12-28 10:15:00,220.05,220.2,219.55,219.75,0
2023-12-28 11:15:00,219.75,219.85,219.55,219.75,0
2023-12-28 12:15:00,219.75,219.75,219.25,219.35,0
2023-12-28 13:15:00,219.35,219.65,219.3,219.55,0
2023-12-28 14:15:00,219.5,219.7,219.15,219.2,0
2023-12-28 15:15:00,219.2,219.3,219.05,219.3,0
2023-12-29 09:15:00,219.7,220.25,219.45,220.2,0
2023-12-29 10:15:00,220.25,220.25,219.75,219.85,0
2023-12-29 11:15:00,219.85,219.9,219.55,219.7,0
2023-12-29 12:15:00,219.7,220.0,219.55,219.7,0
2023-12-29 13:15:00,219.65,220.15,219.65,220.15,0
2023-12-29 14:15:00,220.15,220.3,219.45,219.9,0
2023-12-29 15:15:00,219.9,219.95,219.65,219.75,0
2024-01-01 09:15:00,219.9,220.35,219.8,220.1,0
2024-01-01 10:15:00,220.1,220.25,219.75,219.75,0
2024-01-01 11:15:00,219.75,220.0,219.7,219.75,0
2024-01-01 12:15:00,219.75,220.05,219.7,219.8,0
2024-01-01 13:15:00,219.8,219.8,219.25,219.25,0
2024-01-01 14:15:00,219.25,220.0,218.85,219.9,0
2024-01-01 15:15:00,219.95,220.35,219.8,220.3,0
2024-01-02 09:15:00,219.7,220.95,219.7,220.6,0
2024-01-02 10:15:00,220.6,221.65,220.55,221.35,0
2024-01-02 11:15:00,221.35,221.5,221.05,221.1,0
2024-01-02 12:15:00,221.1,221.2,220.75,221.1,0
2024-01-02 13:15:00,221.1,221.1,220.55,220.6,0
2024-01-02 14:15:00,220.6,220.9,220.3,220.6,0
2024-01-02 15:15:00,220.6,220.65,220.5,220.65,0
2024-01-03 09:15:00,220.65,221.7,220.55,221.45,0
2024-01-03 10:15:00,221.4,221.9,221.4,221.6,0
2024-01-03 11:15:00,221.6,221.8,221.35,221.6,0
2024-01-03 12:15:00,221.6,222.1,221.5,221.55,0
2024-01-03 13:15:00,221.55,221.7,221.45,221.55,0
2024-01-03 14:15:00,221.55,222.2,221.55,222.15,0
2024-01-03 15:15:00,222.15,222.3,222.0,222.05,0
2024-01-04 09:15:00,221.25,221.65,220.95,221.0,0
2024-01-04 10:15:00,221.0,221.05,220.75,220.8,0
2024-01-04 11:15:00,220.8,220.95,220.7,220.85,0
2024-01-04 12:15:00,220.85,220.9,220.55,220.6,0
2024-01-04 13:15:00,220.6,220.8,220.55,220.75,0
2024-01-04 14:15:00,220.75,220.9,220.65,220.75,0
2024-01-04 15:15:00,220.75,220.8,220.45,220.55,0
2024-01-05 09:15:00,220.25,220.25,219.8,220.0,0
2024-01-05 10:15:00,220.0,220.65,219.9,220.4,0
2024-01-05 11:15:00,220.4,220.65,220.3,220.4,0
2024-01-05 12:15:00,220.4,220.55,220.25,220.35,0
2024-01-05 13:15:00,220.35,220.9,220.3,220.85,0
2024-01-05 14:15:00,220.85,221.05,220.05,220.15,0
2024-01-05 15:15:00,220.15,220.5,220.1,220.25,0
2024-01-08 09:15:00,219.95,221.0,219.8,220.5,0
2024-01-08 10:15:00,220.5,221.45,220.2,221.25,0
2024-01-08 11:15:00,221.25,221.95,221.0,221.6,0
2024-01-08 12:15:00,221.6,221.8,221.35,221.7,0
2024-01-08 13:15:00,221.7,221.95,221.45,221.6,0
2024-01-08 14:15:00,221.6,222.45,221.55,222.4,0
2024-01-08 15:15:00,222.4,222.55,222.3,222.35,0
2024-01-09 09:15:00,220.95,221.55,220.75,220.9,0
2024-01-09 10:15:00,220.9,220.95,220.3,220.5,0
2024-01-09 11:15:00,220.5,220.7,220.3,220.5,0
2024-01-09 12:15:00,220.55,220.55,220.2,220.35,0
2024-01-09 13:15:00,220.4,221.0,220.3,220.9,0
2024-01-09 14:15:00,220.9,222.15,220.85,222.05,0
2024-01-09 15:15:00,222.1,222.35,221.9,222.0,0
2024-01-10 09:15:00,222.25,223.1,221.9,222.1,0
2024-01-10 10:15:00,222.1,222.45,221.8,222.1,0
2024-01-10 11:15:00,222.1,222.5,221.95,222.3,0
2024-01-10 12:15:00,222.3,222.85,222.2,222.45,0
2024-01-10 13:15:00,222.45,222.75,222.1,222.25,0
2024-01-10 14:15:00,222.25,222.45,221.1,221.45,0
2024-01-10 15:15:00,221.45,221.45,221.2,221.25,0
2024-01-11 09:15:00,220.65,221.0,220.3,220.8,0
2024-01-11 10:15:00,220.8,221.25,220.7,221.0,0
2024-01-11 11:15:00,221.0,221.1,220.85,220.95,0
2024-01-11 12:15:00,221.0,221.05,220.75,220.8,0
2024-01-11 13:15:00,220.8,221.6,220.75,221.5,0
2024-01-11 14:15:00,221.5,221.6,220.9,221.1,0
2024-01-11 15:15:00,221.1,221.15,220.85,220.85,0
2024-01-12 09:15:00,219.85,220.4,219.4,219.5,0
2024-01-12 10:15:00,219.5,219.6,219.05,219.35,0
2024-01-12 11:15:00,219.35,219.45,219.1,219.3,0
2024-01-12 12:15:00,219.3,219.35,218.95,219.1,0
2024-01-12 13:15:00,219.1,219.15,218.55,218.75,0
2024-01-12 14:15:00,218.75,219.0,218.25,218.8,0
2024-01-12 15:15:00,218.8,218.8,218.35,218.45,0
2024-01-15 09:15:00,217.15,218.05,216.85,217.55,0
2024-01-15 10:15:00,217.55,217.65,217.2,217.25,0
2024-01-15 11:15:00,217.25,217.4,217.05,217.15,0
2024-01-15 12:15:00,217.15,217.25,217.0,217.05,0
2024-01-15 13:15:00,217.05,217.4,216.85,216.95,0
2024-01-15 14:15:00,216.95,217.15,216.65,216.8,0
2024-01-15 15:15:00,216.8,216.8,216.55,216.55,0
2024-01-16 09:15:00,216.9,217.4,216.65,216.7,0
2024-01-16 10:15:00,216.7,216.9,216.5,216.55,0
2024-01-16 11:15:00,216.55,217.1,216.5,216.95,0
2024-01-16 12:15:00,216.95,217.6,216.8,217.5,0
2024-01-16 13:15:00,217.5,218.0,217.15,217.25,0
2024-01-16 14:15:00,217.2,217.65,217.1,217.35,0
2024-01-16 15:15:00,217.35,217.55,217.35,217.4,0
2024-01-17 09:15:00,221.2,221.2,219.2,219.8,0
2024-01-17 10:15:00,219.8,220.45,219.75,220.3,0
2024-01-17 11:15:00,220.3,221.35,220.2,220.95,0
2024-01-17 12:15:00,220.95,221.4,220.75,221.35,0
2024-01-17 13:15:00,221.35,221.55,220.95,221.1,0
2024-01-17 14:15:00,221.1,222.15,221.1,221.8,0
2024-01-17 15:15:00,221.8,222.1,221.75,221.9,0
2024-01-18 09:15:00,223.65,224.95,223.05,223.85,0
2024-01-18 10:15:00,223.85,224.2,222.85,222.9,0
2024-01-18 11:15:00,222.9,223.3,222.5,222.5,0
2024-01-18 12:15:00,222.5,223.4,222.35,223.25,0
2024-01-18 13:15:00,223.2,223.45,223.05,223.2,0
2024-01-18 14:15:00,223.2,223.6,222.85,223.15,0
2024-01-18 15:15:00,223.15,223.25,222.9,222.95,0
2024-01-19 09:15:00,221.6,221.65,221.05,221.35,0
2024-01-19 10:15:00,221.35,221.95,221.0,221.85,0
2024-01-19 11:15:00,221.9,222.0,221.5,221.85,0
2024-01-19 12:15:00,221.85,221.95,221.45,221.45,0
2024-01-19 13:15:00,221.45,221.85,221.35,221.85,0
2024-01-19 14:15:00,221.85,221.85,221.3,221.5,0
2024-01-19 15:15:00,221.55,221.55,221.25,221.35,0
2024-01-20 09:15:00,220.7,221.75,220.55,221.35,0
2024-01-20 10:15:00,221.35,221.35,220.8,221.1,0
2024-01-20 11:15:00,221.1,221.45,221.05,221.3,0
2024-01-20 12:15:00,221.3,222.0,221.2,221.25,0
2024-01-20 13:15:00,221.25,221.7,221.15,221.65,0
2024-01-20 14:15:00,221.65,222.35,221.55,222.0,0
2024-01-20 15:15:00,222.0,222.05,221.85,221.9,0
2024-01-23 09:15:00,220.7,221.6,220.35,221.3,0
2024-01-23 10:15:00,221.3,222.75,221.1,222.35,0
2024-01-23 11:15:00,222.35,224.25,222.3,224.1,0
2024-01-23 12:15:00,224.1,224.6,223.6,224.45,0
2024-01-23 13:15:00,224.45,224.95,224.25,224.85,0
2024-01-23 14:15:00,224.85,226.1,224.85,225.6,0
2024-01-23 15:15:00,225.6,225.65,225.3,225.6,0
2024-01-24 09:15:00,226.25,226.75,223.95,224.7,0
2024-01-24 10:15:00,224.7,224.7,223.85,224.25,0
2024-01-24 11:15:00,224.25,225.7,224.05,225.55,0
2024-01-24 12:15:00,225.55,225.95,224.65,225.0,0
2024-01-24 13:15:00,225.0,225.2,224.45,224.6,0
2024-01-24 14:15:00,224.6,224.75,223.3,223.35,0
2024-01-24 15:15:00,223.35,223.35,223.1,223.3,0
2024-01-25 09:15:00,223.4,224.45,223.4,224.3,0
2024-01-25 10:15:00,224.3,225.55,224.3,225.4,0
2024-01-25 11:15:00,225.4,225.45,224.25,225.05,0
2024-01-25 12:15:00,225.05,225.5,224.95,225.15,0
2024-01-25 13:15:00,225.15,225.45,224.9,225.25,0
2024-01-25 14:15:00,225.25,225.55,224.4,224.6,0
2024-01-25 15:15:00,224.55,224.6,223.95,224.2,0
2024-01-29 09:15:00,223.8,223.8,222.15,222.35,0
2024-01-29 10:15:00,222.35,222.35,221.6,221.7,0
2024-01-29 11:15:00,221.7,222.2,221.35,221.4,0
2024-01-29 12:15:00,221.4,221.5,220.85,220.95,0
2024-01-29 13:15:00,220.95,221.3,220.5,220.8,0
2024-01-29 14:15:00,220.8,221.15,220.45,220.55,0
2024-01-29 15:15:00,220.55,220.6,220.35,220.55,0
2024-01-30 09:15:00,220.25,221.15,219.9,220.4,0
2024-01-30 10:15:00,220.4,221.45,220.3,221.2,0
2024-01-30 11:15:00,221.2,221.4,220.7,220.9,0
2024-01-30 12:15:00,220.9,221.35,220.85,221.25,0
2024-01-30 13:15:00,221.25,221.7,221.05,221.35,0
2024-01-30 14:15:00,221.35,223.05,221.3,222.8,0
2024-01-30 15:15:00,222.75,222.9,222.7,222.7,0
2024-01-31 09:15:00,223.25,223.6,221.95,222.05,0
2024-01-31 10:15:00,222.05,222.2,221.3,221.45,0
2024-01-31 11:15:00,221.45,221.6,220.65,220.85,0
2024-01-31 12:15:00,220.85,221.55,220.75,221.1,0
2024-01-31 13:15:00,221.1,221.45,220.9,221.2,0
2024-01-31 14:15:00,221.2,221.45,220.6,220.75,0
2024-01-31 15:15:00,220.75,221.0,220.65,220.95,0
2024-02-01 09:15:00,220.25,221.1,220.1,220.2,0
2024-02-01 10:15:00,220.2,220.45,219.7,220.2,0
2024-02-01 11:15:00,220.2,221.45,220.2,220.65,0
2024-02-01 12:15:00,220.65,221.1,220.4,220.75,0
2024-02-01 13:15:00,220.75,221.3,220.65,220.85,0
2024-02-01 14:15:00,220.85,221.25,220.75,221.25,0
2024-02-01 15:15:00,221.25,221.3,221.05,221.15,0
2024-02-02 09:15:00,219.95,219.95,218.45,218.65,0
2024-02-02 10:15:00,218.7,218.9,218.0,218.15,0
2024-02-02 11:15:00,218.2,218.2,216.75,217.45,0
2024-02-02 12:15:00,217.45,219.65,217.4,219.6,0
2024-02-02 13:15:00,219.65,220.05,219.05,219.15,0
2024-02-02 14:15:00,219.15,219.8,219.0,219.5,0
2024-02-02 15:15:00,219.5,219.7,219.5,219.5,0
2024-02-05 09:15:00,219.0,219.85,218.55,218.9,0
2024-02-05 10:15:00,218.9,219.65,218.8,219.0,0
2024-02-05 11:15:00,219.0,219.2,218.75,218.95,0
2024-02-05 12:15:00,218.95,219.2,218.65,218.85,0
2024-02-05 13:15:00,218.8,219.45,218.7,219.05,0
2024-02-05 14:15:00,219.05,220.9,219.05,220.5,0
2024-02-05 15:15:00,220.45,220.65,220.45,220.6,0
2024-02-06 09:15:00,220.0,220.85,219.45,219.7,0
2024-02-06 10:15:00,219.7,220.5,219.6,219.7,0
2024-02-06 11:15:00,219.7,219.8,219.2,219.25,0
2024-02-06 12:15:00,219.25,219.55,219.05,219.15,0
2024-02-06 13:15:00,219.15,219.45,218.85,219.1,0
2024-02-06 14:15:00,219.05,219.25,218.7,219.0,0
2024-02-06 15:15:00,219.0,219.05,218.75,218.85,0
2024-02-07 09:15:00,217.8,218.6,217.75,218.15,0
2024-02-07 10:15:00,218.15,218.95,218.05,218.6,0
2024-02-07 11:15:00,218.6,219.65,218.6,219.35,0
2024-02-07 12:15:00,219.4,219.45,219.0,219.2,0
2024-02-07 13:15:00,219.2,219.35,218.5,218.65,0
2024-02-07 14:15:00,218.6,219.15,218.4,218.9,0
2024-02-07 15:15:00,218.95,219.05,218.7,218.75,0
2024-02-08 09:15:00,218.2,219.2,218.2,218.95,0
2024-02-08 10:15:00,218.9,221.2,218.6,220.9,0
2024-02-08 11:15:00,220.9,221.05,220.2,220.25,0
2024-02-08 12:15:00,220.25,220.65,220.1,220.2,0
2024-02-08 13:15:00,220.2,221.05,220.15,221.0,0
2024-02-08 14:15:00,221.0,221.65,220.85,221.15,0
2024-02-08 15:15:00,221.15,221.2,220.7,220.7,0
2024-02-09 09:15:00,221.05,221.85,220.5,220.8,0
2024-02-09 10:15:00,220.85,222.05,220.8,221.55,0
2024-02-09 11:15:00,221.55,221.9,220.8,221.0,0
2024-02-09 12:15:00,221.0,221.1,220.65,220.8,0
2024-02-09 13:15:00,220.8,221.25,220.65,220.7,0
2024-02-09 14:15:00,220.7,220.8,220.3,220.5,0
2024-02-09 15:15:00,220.5,220.6,220.4,220.5,0
2024-02-12 09:15:00,220.45,221.7,220.15,221.55,0
2024-02-12 10:15:00,221.55,222.15,221.25,221.25,0
2024-02-12 11:15:00,221.3,222.35,221.15,222.1,0
2024-02-12 12:15:00,222.1,222.7,221.65,222.3,0
2024-02-12 13:15:00,222.3,222.55,221.55,221.6,0
2024-02-12 14:15:00,221.55,222.6,221.5,222.5,0
2024-02-12 15:15:00,222.5,222.6,222.15,222.35,0
2024-02-13 09:15:00,221.85,223.1,221.25,221.3,0
2024-02-13 10:15:00,221.3,221.6,220.8,220.8,0
2024-02-13 11:15:00,220.85,222.0,220.8,222.0,0
2024-02-13 12:15:00,222.0,222.25,221.3,221.6,0
2024-02-13 13:15:00,221.6,221.7,220.8,221.2,0
2024-02-13 14:15:00,221.2,221.4,220.85,220.9,0
2024-02-13 15:15:00,220.9,221.3,220.9,221.2,0
2024-02-14 09:15:00,222.75,223.25,222.3,222.35,0
2024-02-14 10:15:00,222.3,222.65,222.0,222.45,0
2024-02-14 11:15:00,222.45,222.75,222.2,222.35,0
2024-02-14 12:15:00,222.35,222.35,221.45,221.6,0
2024-02-14 13:15:00,221.6,222.15,221.3,221.3,0
2024-02-14 14:15:00,221.3,221.35,219.8,220.35,0
2024-02-14 15:15:00,220.35,220.5,219.9,219.95,0
2024-02-15 09:15:00,219.45,220.55,219.35,219.65,0
2024-02-15 10:15:00,219.65,220.2,219.5,219.85,0
2024-02-15 11:15:00,219.85,220.15,219.7,219.95,0
2024-02-15 12:15:00,219.95,220.3,219.8,219.9,0
2024-02-15 13:15:00,219.9,220.15,219.0,219.35,0
2024-02-15 14:15:00,219.4,219.8,219.25,219.45,0
2024-02-15 15:15:00,219.45,219.45,219.2,219.25,0
2024-02-16 09:15:00,218.35,218.85,218.2,218.2,0
2024-02-16 10:15:00,218.2,218.45,218.1,218.2,0
2024-02-16 11:15:00,218.2,218.5,218.05,218.1,0
2024-02-16 12:15:00,218.1,218.35,217.9,218.0,0
2024-02-16 13:15:00,218.0,218.3,217.9,218.1,0
2024-02-16 14:15:00,218.1,218.35,217.9,218.2,0
2024-02-16 15:15:00,218.2,218.4,218.15,218.25,0
2024-02-19 09:15:00,217.65,218.45,217.65,218.05,0
2024-02-19 10:15:00,218.05,218.05,217.4,217.45,0
2024-02-19 11:15:00,217.45,217.6,217.1,217.2,0
2024-02-19 12:15:00,217.2,217.3,217.05,217.05,0
2024-02-19 13:15:00,217.05,217.35,217.0,217.1,0
2024-02-19 14:15:00,217.1,217.7,216.85,217.5,0
2024-02-19 15:15:00,217.5,217.55,217.35,217.5,0
2024-02-20 09:15:00,217.75,218.25,217.55,217.75,0
2024-02-20 10:15:00,217.75,217.9,217.35,217.75,0
2024-02-20 11:15:00,217.75,217.75,216.95,217.15,0
2024-02-20 12:15:00,217.15,217.3,217.05,217.3,0
2024-02-20 13:15:00,217.3,217.9,217.0,217.5,0
2024-02-20 14:15:00,217.5,217.5,216.7,216.75,0
2024-02-20 15:15:00,216.75,216.75,216.6,216.65,0
2024-02-21 09:15:00,216.3,216.85,216.3,216.65,0
2024-02-21 10:15:00,216.65,217.15,216.5,216.7,0
2024-02-21 11:15:00,216.7,217.0,216.55,216.7,0
2024-02-21 12:15:00,216.65,216.7,216.35,216.6,0
2024-02-21 13:15:00,216.6,217.7,216.55,217.65,0
2024-02-21 14:15:00,217.65,218.75,217.35,217.8,0
2024-02-21 15:15:00,217.8,218.6,217.8,218.45,0
2024-02-22 09:15:00,217.95,219.75,217.9,219.4,0
2024-02-22 10:15:00,219.4,220.0,219.3,219.5,0
2024-02-22 11:15:00,219.5,219.75,218.95,219.1,0
2024-02-22 12:15:00,219.1,219.35,219.0,219.15,0
2024-02-22 13:15:00,219.15,219.2,217.7,218.2,0
2024-02-22 14:15:00,218.25,218.35,216.45,216.75,0
2024-02-22 15:15:00,216.7,216.8,216.3,216.65,0
2024-02-23 09:15:00,215.95,216.65,215.9,216.15,0
2024-02-23 10:15:00,216.15,216.75,216.05,216.45,0
2024-02-23 11:15:00,216.45,216.6,216.25,216.5,0
2024-02-23 12:15:00,216.5,216.55,216.15,216.3,0
2024-02-23 13:15:00,216.3,216.8,216.25,216.7,0
2024-02-23 14:15:00,216.7,216.75,216.35,216.7,0
2024-02-23 15:15:00,216.7,216.95,216.6,216.9,0
2024-02-26 09:15:00,217.25,217.8,216.95,217.45,0
2024-02-26 10:15:00,217.45,217.9,217.4,217.7,0
2024-02-26 11:15:00,217.7,218.1,217.6,217.95,0
2024-02-26 12:15:00,217.95,218.15,217.4,217.5,0
2024-02-26 13:15:00,217.5,217.65,217.2,217.4,0
2024-02-26 14:15:00,217.4,217.75,217.2,217.65,0
2024-02-26 15:15:00,217.65,217.8,217.65,217.75,0
2024-02-27 09:15:00,218.05,218.1,217.45,217.85,0
2024-02-27 10:15:00,217.85,217.9,217.4,217.5,0
2024-02-27 11:15:00,217.5,217.85,217.25,217.7,0
2024-02-27 12:15:00,217.7,217.8,216.9,216.9,0
2024-02-27 13:15:00,216.9,217.65,216.8,217.35,0
2024-02-27 14:15:00,217.35,217.45,216.8,216.95,0
2024-02-27 15:15:00,216.95,217.2,216.9,217.05,0
2024-02-28 09:15:00,216.9,217.3,216.75,216.85,0
2024-02-28 10:15:00,216.85,218.75,216.75,218.35,0
2024-02-28 11:15:00,218.35,218.95,218.1,218.6,0
2024-02-28 12:15:00,218.6,219.55,218.45,219.55,0
2024-02-28 13:15:00,219.5,219.5,218.5,218.55,0
2024-02-28 14:15:00,218.55,219.5,218.5,219.45,0
2024-02-28 15:15:00,219.4,219.75,219.4,219.7,0
2024-02-29 09:15:00,219.65,220.35,218.8,220.3,0
2024-02-29 10:15:00,220.25,220.4,219.3,219.3,0
2024-02-29 11:15:00,219.3,219.75,219.05,219.45,0
2024-02-29 12:15:00,219.5,220.05,219.25,219.3,0
2024-02-29 13:15:00,219.3,219.65,219.1,219.4,0
2024-02-29 14:15:00,219.4,220.0,218.95,219.05,0
2024-02-29 15:15:00,219.05,219.05,218.4,218.6,0
2024-03-01 09:15:00,218.55,218.55,217.05,217.1,0
2024-03-01 10:15:00,217.1,217.3,216.85,216.95,0
2024-03-01 11:15:00,216.95,216.95,216.0,216.2,0
2024-03-01 12:15:00,216.2,216.25,215.85,216.15,0
2024-03-01 13:15:00,216.15,216.2,215.7,215.75,0
2024-03-01 14:15:00,215.75,215.9,215.5,215.75,0
2024-03-01 15:15:00,215.75,215.85,215.6,215.75,0
2024-03-02 09:15:00,215.05,215.45,214.95,215.15,0
2024-03-02 11:15:00,215.05,215.35,215.0,215.35,0
2024-03-02 12:15:00,215.35,215.4,215.3,215.35,0
2024-03-04 09:15:00,215.15,215.6,214.8,215.25,0
2024-03-04 10:15:00,215.25,215.45,214.85,215.15,0
2024-03-04 11:15:00,215.15,215.3,214.95,215.15,0
2024-03-04 12:15:00,215.2,215.45,214.95,215.15,0
2024-03-04 13:15:00,215.15,215.35,214.9,214.9,0
2024-03-04 14:15:00,214.9,215.2,214.85,215.15,0
2024-03-04 15:15:00,215.15,215.35,215.05,215.2,0
2024-03-05 09:15:00,215.5,215.95,215.3,215.85,0
2024-03-05 10:15:00,215.85,216.4,215.85,216.3,0
2024-03-05 11:15:00,216.3,216.45,215.65,215.8,0
2024-03-05 12:15:00,215.8,216.05,215.05,215.3,0
2024-03-05 13:15:00,215.3,215.8,215.15,215.65,0
2024-03-05 14:15:00,215.65,215.8,215.4,215.65,0
2024-03-05 15:15:00,215.65,215.8,215.6,215.65,0
2024-03-06 09:15:00,215.95,216.7,215.55,216.1,0
2024-03-06 10:15:00,216.1,216.6,215.7,216.5,0
2024-03-06 11:15:00,216.45,216.95,216.2,216.6,0
2024-03-06 12:15:00,216.6,216.85,216.2,216.25,0
2024-03-06 13:15:00,216.25,216.5,215.15,215.2,0
2024-03-06 14:15:00,215.2,215.35,214.45,214.55,0
2024-03-06 15:15:00,214.55,214.6,214.35,214.5,0
2024-03-07 09:15:00,214.3,214.8,214.2,214.45,0
2024-03-07 10:15:00,214.45,215.0,214.15,214.35,0
2024-03-07 11:15:00,214.35,214.6,214.25,214.45,0
2024-03-07 12:15:00,214.45,214.6,214.15,214.25,0
2024-03-07 13:15:00,214.25,214.45,214.1,214.35,0
2024-03-07 14:15:00,214.3,214.55,214.1,214.3,0
2024-03-07 15:15:00,214.3,214.65,214.3,214.5,0
2024-03-11 09:15:00,214.3,215.15,214.3,215.15,0
2024-03-11 10:15:00,215.15,215.35,214.85,215.25,0
2024-03-11 11:15:00,215.3,215.75,215.05,215.7,0
2024-03-11 12:15:00,215.7,215.75,215.2,215.5,0
2024-03-11 13:15:00,215.5,215.65,215.2,215.65,0
2024-03-11 14:15:00,215.65,216.3,215.35,216.15,0
2024-03-11 15:15:00,216.2,216.3,216.05,216.2,0
2024-03-12 09:15:00,216.1,216.3,215.0,215.1,0
2024-03-12 10:15:00,215.1,216.85,214.95,215.85,0
2024-03-12 11:15:00,215.85,216.3,215.55,215.85,0
2024-03-12 12:15:00,215.85,216.1,215.6,215.65,0
2024-03-12 13:15:00,215.65,215.8,215.45,215.75,0
2024-03-12 14:15:00,215.75,216.4,215.65,216.15,0
2024-03-12 15:15:00,216.15,216.2,216.05,216.1,0
2024-03-13 09:15:00,215.2,216.85,215.1,216.15,0
2024-03-13 10:15:00,216.15,217.2,216.05,217.05,0
2024-03-13 11:15:00,217.05,218.65,216.95,218.65,0
2024-03-13 12:15:00,218.6,218.95,218.15,218.3,0
2024-03-13 13:15:00,218.35,219.4,218.25,219.35,0
2024-03-13 14:15:00,219.35,220.3,218.9,219.65,0
2024-03-13 15:15:00,219.65,219.75,219.25,219.55,0
2024-03-14 09:15:00,219.6,220.2,218.95,219.3,0
2024-03-14 10:15:00,219.3,219.4,218.45,218.6,0
2024-03-14 11:15:00,218.6,218.75,217.55,217.65,0
2024-03-14 12:15:00,217.65,218.15,217.4,217.85,0
2024-03-14 13:15:00,217.85,218.6,217.75,218.4,0
2024-03-14 14:15:00,218.4,218.45,217.85,218.0,0
2024-03-14 15:15:00,218.0,218.05,217.8,217.9,0
2024-03-15 09:15:00,218.8,219.6,218.25,219.3,0
2024-03-15 10:15:00,219.3,220.05,219.2,219.9,0
2024-03-15 11:15:00,219.85,220.1,219.55,219.9,0
2024-03-15 12:15:00,219.95,220.05,219.5,219.5,0
2024-03-15 13:15:00,219.5,219.65,219.05,219.35,0
2024-03-15 14:15:00,219.3,219.65,218.9,219.35,0
2024-03-15 15:15:00,219.35,219.55,218.95,219.5,0
2024-03-18 09:15:00,219.65,220.2,219.1,219.8,0
2024-03-18 10:15:00,219.8,220.05,219.15,220.05,0
2024-03-18 11:15:00,220.05,220.35,219.05,219.2,0
2024-03-18 12:15:00,219.2,219.2,218.65,218.85,0
2024-03-18 13:15:00,218.8,219.1,218.75,218.95,0
2024-03-18 14:15:00,218.9,219.2,218.3,219.0,0
2024-03-18 15:15:00,219.0,219.2,218.85,219.05,0
2024-03-19 09:15:00,220.1,221.0,219.8,220.7,0
2024-03-19 10:15:00,220.7,221.25,220.65,220.95,0
2024-03-19 11:15:00,220.95,221.5,220.75,221.3,0
2024-03-19 12:15:00,221.3,221.35,220.9,221.0,0
2024-03-19 13:15:00,221.0,221.5,220.85,221.4,0
2024-03-19 14:15:00,221.4,221.65,221.05,221.45,0
2024-03-19 15:15:00,221.45,221.55,221.35,221.5,0
2024-03-20 09:15:00,221.2,222.05,220.7,222.0,0
2024-03-20 10:15:00,222.0,222.55,221.6,221.7,0
2024-03-20 11:15:00,221.7,222.05,221.0,221.3,0
2024-03-20 12:15:00,221.3,221.3,220.5,220.55,0
2024-03-20 13:15:00,220.5,221.25,220.3,221.05,0
2024-03-20 14:15:00,221.05,221.5,220.8,221.2,0
2024-03-20 15:15:00,221.2,221.3,221.05,221.05,0
2024-03-21 09:15:00,219.75,219.85,218.85,218.95,0
2024-03-21 10:15:00,218.95,219.2,218.8,218.9,0
2024-03-21 11:15:00,218.9,220.15,218.9,220.15,0
2024-03-21 12:15:00,220.15,220.25,219.5,219.6,0
2024-03-21 13:15:00,219.6,219.75,219.35,219.65,0
2024-03-21 14:15:00,219.65,219.8,219.25,219.35,0
2024-03-21 15:15:00,219.4,219.5,219.25,219.45,0
2024-03-22 09:15:00,220.35,220.85,219.3,219.35,0
2024-03-22 10:15:00,219.4,219.5,218.95,219.15,0
2024-03-22 11:15:00,219.15,219.2,218.65,218.9,0
2024-03-22 12:15:00,218.9,219.1,218.5,218.6,0
2024-03-22 13:15:00,218.6,218.9,218.5,218.65,0
2024-03-22 14:15:00,218.65,219.05,217.9,218.9,0
2024-03-22 15:15:00,218.9,219.0,218.75,218.85,0
2024-03-26 09:15:00,220.35,220.35,219.1,219.6,0
2024-03-26 10:15:00,219.6,219.75,219.2,219.5,0
2024-03-26 11:15:00,219.5,219.6,219.25,219.5,0
2024-03-26 12:15:00,219.55,219.55,219.1,219.3,0
2024-03-26 13:15:00,219.25,219.55,219.2,219.4,0
2024-03-26 14:15:00,219.4,219.9,219.35,219.8,0
2024-03-26 15:15:00,219.8,219.9,219.55,219.65,0
2024-03-27 09:15:00,219.35,219.35,218.3,218.4,0
2024-03-27 10:15:00,218.4,218.55,218.15,218.3,0
2024-03-27 11:15:00,218.3,218.35,218.05,218.25,0
2024-03-27 12:15:00,218.25,218.4,218.1,218.3,0
2024-03-27 13:15:00,218.3,218.3,217.95,218.0,0
2024-03-27 14:15:00,218.0,218.95,218.0,218.75,0
2024-03-27 15:15:00,218.75,218.8,218.3,218.45,0
2024-03-28 09:15:00,218.3,218.3,216.8,216.9,0
2024-03-28 10:15:00,216.9,217.15,216.25,216.3,0
2024-03-28 11:15:00,216.3,216.75,216.25,216.6,0
2024-03-28 12:15:00,216.6,216.7,215.6,215.85,0
2024-03-28 13:15:00,215.85,215.9,215.25,215.3,0
2024-03-28 14:15:00,215.3,217.3,214.85,217.25,0
2024-03-28 15:15:00,217.25,217.3,216.5,216.6,0
2024-04-01 09:15:00,215.6,215.6,214.9,215.15,0
2024-04-01 10:15:00,215.15,215.6,215.05,215.35,0
2024-04-01 11:15:00,215.35,215.55,215.25,215.5,0
2024-04-01 12:15:00,215.55,215.85,215.3,215.7,0
2024-04-01 13:15:00,215.7,215.7,215.4,215.6,0
2024-04-01 14:15:00,215.6,215.8,215.5,215.5,0
2024-04-01 15:15:00,215.5,215.6,215.4,215.45,0
2024-04-02 09:15:00,215.6,216.0,215.25,215.85,0
2024-04-02 10:15:00,215.85,216.25,215.7,215.85,0
2024-04-02 11:15:00,215.85,216.05,215.75,215.95,0
2024-04-02 12:15:00,215.95,216.1,215.85,216.05,0
2024-04-02 13:15:00,216.1,216.25,215.95,216.05,0
2024-04-02 14:15:00,216.05,216.05,215.55,215.65,0
2024-04-02 15:15:00,215.65,215.7,215.5,215.6,0
2024-04-03 09:15:00,216.35,216.7,215.65,215.75,0
2024-04-03 10:15:00,215.75,216.0,215.55,215.75,0
2024-04-03 11:15:00,215.75,215.75,215.45,215.45,0
2024-04-03 12:15:00,215.45,215.5,215.05,215.35,0
2024-04-03 13:15:00,215.4,215.65,215.15,215.3,0
2024-04-03 14:15:00,215.3,216.0,215.25,215.9,0
2024-04-03 15:15:00,215.9,215.95,215.75,215.75,0
2024-04-04 09:15:00,214.4,216.45,214.3,216.45,0
2024-04-04 10:15:00,216.45,217.15,215.75,216.1,0
2024-04-04 11:15:00,216.05,216.7,215.95,216.4,0
2024-04-04 12:15:00,216.4,216.45,215.35,215.4,0
2024-04-04 13:15:00,215.45,215.55,214.5,215.0,0
2024-04-04 14:15:00,215.0,215.4,214.6,215.2,0
2024-04-04 15:15:00,215.2,215.2,214.75,214.9,0
2024-04-05 09:15:00,215.45,216.0,215.3,215.55,0
2024-04-05 10:15:00,215.55,215.7,215.2,215.2,0
2024-04-05 11:15:00,215.2,215.6,215.15,215.35,0
2024-04-05 12:15:00,215.35,215.55,215.2,215.45,0
2024-04-05 13:15:00,215.45,215.5,215.05,215.3,0
2024-04-05 14:15:00,215.3,215.45,215.1,215.2,0
2024-04-05 15:15:00,215.15,215.3,214.95,215.1,0
2024-04-08 09:15:00,214.7,214.95,214.2,214.25,0
2024-04-08 10:15:00,214.2,214.4,214.15,214.25,0
2024-04-08 11:15:00,214.25,214.25,213.95,213.95,0
2024-04-08 12:15:00,213.95,214.0,213.55,213.55,0
2024-04-08 13:15:00,213.55,214.15,213.55,213.9,0
2024-04-08 14:15:00,213.9,213.95,213.65,213.8,0
2024-04-08 15:15:00,213.8,213.95,213.75,213.9,0
2024-04-09 09:15:00,212.95,213.8,212.95,213.1,0
2024-04-09 10:15:00,213.1,213.3,212.9,213.3,0
2024-04-09 11:15:00,213.3,213.5,213.0,213.35,0
2024-04-09 12:15:00,213.35,213.85,213.3,213.7,0
2024-04-09 13:15:00,213.7,214.35,213.7,214.35,0
2024-04-09 14:15:00,214.35,214.4,213.85,214.1,0
2024-04-09 15:15:00,214.1,214.15,214.0,214.1,0
2024-04-10 09:15:00,213.4,213.8,213.35,213.55,0
2024-04-10 10:15:00,213.55,213.7,213.4,213.55,0
2024-04-10 11:15:00,213.55,213.85,213.5,213.55,0
2024-04-10 12:15:00,213.55,213.7,213.4,213.45,0
2024-04-10 13:15:00,213.45,213.5,213.15,213.4,0
2024-04-10 14:15:00,213.4,213.4,212.9,213.1,0
2024-04-10 15:15:00,213.1,213.3,213.05,213.3,0
2024-04-12 09:15:00,213.9,214.35,213.45,214.2,0
2024-04-12 10:15:00,214.2,214.35,214.0,214.05,0
2024-04-12 11:15:00,214.05,214.1,213.7,213.8,0
2024-04-12 12:15:00,213.8,215.1,213.75,214.9,0
2024-04-12 13:15:00,214.9,215.2,214.7,215.15,0
2024-04-12 14:15:00,215.1,215.45,214.95,215.4,0
2024-04-12 15:15:00,215.4,215.5,215.3,215.45,0
2024-04-15 09:15:00,217.2,217.9,216.85,217.0,0
2024-04-15 10:15:00,217.0,217.15,216.35,217.0,0
2024-04-15 11:15:00,217.0,217.05,216.6,216.65,0
2024-04-15 12:15:00,216.65,217.35,216.6,217.2,0
2024-04-15 13:15:00,217.2,217.4,217.05,217.25,0
2024-04-15 14:15:00,217.25,217.95,217.15,217.85,0
2024-04-15 15:15:00,217.85,217.95,217.65,217.8,0
2024-04-16 09:15:00,219.3,219.5,218.45,218.65,0
2024-04-16 10:15:00,218.7,219.0,218.5,218.6,0
2024-04-16 11:15:00,218.55,219.1,218.5,218.9,0
2024-04-16 12:15:00,218.9,219.55,218.85,219.55,0
2024-04-16 13:15:00,219.55,219.75,219.05,219.15,0
2024-04-16 14:15:00,219.15,219.5,218.9,218.9,0
2024-04-16 15:15:00,218.9,219.05,218.8,218.8,0
2024-04-18 09:15:00,218.55,219.0,217.95,218.9,0
2024-04-18 10:15:00,218.9,219.1,217.7,217.85,0
2024-04-18 11:15:00,217.85,218.05,217.6,217.75,0
2024-04-18 12:15:00,217.75,217.85,217.4,217.75,0
2024-04-18 13:15:00,217.75,219.8,217.6,219.3,0
2024-04-18 14:15:00,219.3,221.0,218.95,221.0,0
2024-04-18 15:15:00,221.0,221.0,220.15,220.2,0
2024-04-19 09:15:00,222.05,222.9,221.65,221.85,0
2024-04-19 10:15:00,221.85,222.2,221.8,221.95,0
2024-04-19 11:15:00,221.95,222.0,221.3,221.35,0
2024-04-19 12:15:00,221.35,221.4,220.15,220.25,0
2024-04-19 13:15:00,220.25,220.6,218.9,219.2,0
2024-04-19 14:15:00,219.15,219.65,218.9,219.05,0
2024-04-19 15:15:00,219.05,219.4,219.0,219.2,0
2024-04-22 09:15:00,217.45,218.8,217.45,218.35,0
2024-04-22 10:15:00,218.35,218.5,217.85,217.95,0
2024-04-22 11:15:00,217.95,218.05,217.7,217.95,0
2024-04-22 12:15:00,217.95,218.2,217.8,218.05,0
2024-04-22 13:15:00,218.05,218.2,217.8,217.9,0
2024-04-22 14:15:00,217.9,218.05,217.3,217.35,0
2024-04-22 15:15:00,217.35,217.45,217.05,217.15,0
2024-04-23 09:15:00,216.4,217.15,216.4,216.7,0
2024-04-23 10:15:00,216.7,217.3,216.65,217.05,0
2024-04-23 11:15:00,217.05,217.05,216.65,216.65,0
2024-04-23 12:15:00,216.65,217.15,216.65,217.05,0
2024-04-23 13:15:00,217.05,217.25,216.8,216.9,0
2024-04-23 14:15:00,216.9,217.25,216.75,217.1,0
2024-04-23 15:15:00,217.1,217.35,217.05,217.25,0
2024-04-24 09:15:00,216.7,216.9,216.4,216.55,0
2024-04-24 10:15:00,216.55,216.55,216.15,216.3,0
2024-04-24 11:15:00,216.35,216.55,216.25,216.3,0
2024-04-24 12:15:00,216.3,216.6,216.3,216.4,0
2024-04-24 13:15:00,216.45,216.55,216.35,216.4,0
2024-04-24 14:15:00,216.4,217.05,216.4,216.9,0
2024-04-24 15:15:00,216.9,216.95,216.75,216.8,0
2024-04-25 09:15:00,217.75,217.85,216.4,216.4,0
2024-04-25 10:15:00,216.4,217.55,216.2,216.6,0
2024-04-25 11:15:00,216.6,217.1,216.6,216.95,0
2024-04-25 12:15:00,217.0,217.15,216.35,216.45,0
2024-04-25 13:15:00,216.45,216.65,215.0,215.25,0
2024-04-25 14:15:00,215.25,215.35,214.75,215.3,0
2024-04-25 15:15:00,215.3,215.5,215.25,215.4,0
2024-04-26 09:15:00,214.85,215.85,214.85,215.65,0
2024-04-26 10:15:00,215.65,215.95,215.45,215.85,0
2024-04-26 11:15:00,215.85,215.9,215.5,215.75,0
2024-04-26 12:15:00,215.8,216.1,215.7,215.9,0
2024-04-26 13:15:00,215.9,216.75,215.9,216.5,0
2024-04-26 14:15:00,216.5,217.1,216.35,216.9,0
2024-04-26 15:15:00,216.9,216.9,216.35,216.45,0
2024-04-29 09:15:00,216.35,216.65,215.8,216.3,0
2024-04-29 10:15:00,216.25,216.3,215.65,215.75,0
2024-04-29 11:15:00,215.75,215.85,215.4,215.55,0
2024-04-29 12:15:00,215.55,215.65,215.35,215.35,0
2024-04-29 13:15:00,215.35,215.45,214.9,215.05,0
2024-04-29 14:15:00,215.05,215.15,214.6,214.65,0
2024-04-29 15:15:00,214.65,214.9,214.6,214.8,0
2024-04-30 09:15:00,214.4,214.55,213.7,213.95,0
2024-04-30 10:15:00,213.95,214.15,213.55,213.9,0
2024-04-30 11:15:00,213.9,214.0,213.75,213.8,0
2024-04-30 12:15:00,213.8,214.15,213.7,214.1,0
2024-04-30 13:15:00,214.1,214.15,213.45,213.6,0
2024-04-30 14:15:00,213.6,215.15,213.45,215.15,0
2024-04-30 15:15:00,215.15,215.45,215.15,215.3,0
2024-05-02 09:15:00,215.55,215.55,214.5,214.6,0
2024-05-02 10:15:00,214.6,214.75,214.35,214.7,0
2024-05-02 11:15:00,214.7,214.95,214.25,214.35,0
2024-05-02 12:15:00,214.4,214.65,214.25,214.45,0
2024-05-02 13:15:00,214.45,214.6,214.2,214.5,0
2024-05-02 14:15:00,214.5,214.95,214.4,214.85,0
2024-05-02 15:15:00,214.9,214.95,214.65,214.7,0
2024-05-03 09:15:00,213.7,214.55,213.45,214.5,0
2024-05-03 10:15:00,214.5,215.45,214.4,215.25,0
2024-05-03 11:15:00,215.25,216.65,215.25,216.45,0
2024-05-03 12:15:00,216.45,217.2,215.8,217.05,0
2024-05-03 13:15:00,217.05,217.7,216.8,217.1,0
2024-05-03 14:15:00,217.1,217.4,216.3,216.35,0
2024-05-03 15:15:00,216.35,216.7,216.2,216.65,0
2024-05-06 09:15:00,215.75,217.0,215.5,216.7,0
2024-05-06 10:15:00,216.65,216.95,215.95,216.4,0
2024-05-06 11:15:00,216.4,216.7,216.1,216.15,0
2024-05-06 12:15:00,216.15,216.95,216.1,216.95,0
2024-05-06 13:15:00,216.95,217.2,216.6,216.95,0
2024-05-06 14:15:00,216.95,217.2,216.45,216.9,0
2024-05-06 15:15:00,216.9,217.0,216.7,216.7,0
2024-05-07 09:15:00,216.5,217.6,216.45,217.35,0
2024-05-07 10:15:00,217.35,218.35,217.35,218.25,0
2024-05-07 11:15:00,218.3,218.95,218.25,218.5,0
2024-05-07 12:15:00,218.5,218.95,218.25,218.9,0
2024-05-07 13:15:00,218.9,218.9,218.0,218.1,0
2024-05-07 14:15:00,218.1,218.75,218.1,218.25,0
2024-05-07 15:15:00,218.25,218.35,218.2,218.25,0
2024-05-08 09:15:00,219.05,219.45,218.45,218.55,0
2024-05-08 10:15:00,218.55,219.45,218.55,219.0,0
2024-05-08 11:15:00,219.0,219.0,217.95,218.05,0
2024-05-08 12:15:00,218.05,218.3,217.8,218.0,0
2024-05-08 13:15:00,218.0,218.75,217.7,218.6,0
2024-05-08 14:15:00,218.6,218.9,218.2,218.35,0
2024-05-08 15:15:00,218.35,218.4,218.2,218.3,0
2024-05-09 09:15:00,219.15,219.5,218.3,219.45,0
2024-05-09 10:15:00,219.45,220.1,219.25,219.95,0
2024-05-09 11:15:00,220.0,220.15,219.6,219.7,0
2024-05-09 12:15:00,219.7,221.0,219.5,220.75,0
2024-05-09 13:15:00,220.75,221.1,220.55,220.75,0
2024-05-09 14:15:00,220.75,221.9,220.6,221.9,0
2024-05-09 15:15:00,221.9,222.0,221.65,221.65,0
2024-05-10 09:15:00,221.45,221.85,220.15,220.25,0
2024-05-10 10:15:00,220.25,221.25,220.05,220.8,0
2024-05-10 11:15:00,220.8,221.2,220.4,221.05,0
2024-05-10 12:15:00,221.05,221.5,220.95,221.45,0
2024-05-10 13:15:00,221.45,221.5,220.75,221.1,0
2024-05-10 14:15:00,221.1,221.25,220.65,220.8,0
2024-05-10 15:15:00,220.8,220.95,220.7,220.8,0
2024-05-13 09:15:00,221.2,223.2,220.9,222.6,0
2024-05-13 10:15:00,222.65,223.25,222.25,222.35,0
2024-05-13 11:15:00,222.35,222.35,221.55,221.6,0
2024-05-13 12:15:00,221.6,221.8,221.05,221.2,0
2024-05-13 13:15:00,221.2,222.15,220.35,220.45,0
2024-05-13 14:15:00,220.45,220.75,220.15,220.5,0
2024-05-13 15:15:00,220.5,220.55,220.15,220.3,0
2024-05-14 09:15:00,220.4,220.7,219.7,220.5,0
2024-05-14 10:15:00,220.5,220.5,219.7,219.7,0
2024-05-14 11:15:00,219.7,219.95,219.5,219.65,0
2024-05-14 12:15:00,219.65,219.85,219.15,219.3,0
2024-05-14 13:15:00,219.3,219.5,218.8,219.0,0
2024-05-14 14:15:00,219.0,219.55,218.85,219.3,0
2024-05-14 15:15:00,219.3,219.35,219.25,219.3,0
2024-05-15 09:15:00,219.0,219.85,218.6,219.65,0
2024-05-15 10:15:00,219.65,220.05,219.0,219.25,0
2024-05-15 11:15:00,219.25,219.9,219.15,219.5,0
2024-05-15 12:15:00,219.5,219.8,219.4,219.65,0
2024-05-15 13:15:00,219.65,219.9,219.3,219.45,0
2024-05-15 14:15:00,219.45,219.75,219.2,219.5,0
2024-05-15 15:15:00,219.5,219.65,219.4,219.45,0
2024-05-16 09:15:00,218.4,219.4,218.3,219.15,0
2024-05-16 10:15:00,219.15,220.3,219.1,220.1,0
2024-05-16 11:15:00,220.1,220.5,218.7,218.7,0
2024-05-16 12:15:00,218.7,220.55,218.55,220.3,0
2024-05-16 13:15:00,220.3,221.05,220.2,220.9,0
2024-05-16 14:15:00,220.95,220.95,217.55,217.6,0
2024-05-16 15:15:00,217.6,217.75,217.3,217.7,0
2024-05-17 09:15:00,217.5,218.2,217.4,217.75,0
2024-05-17 10:15:00,217.75,217.8,216.95,217.0,0
2024-05-17 11:15:00,217.0,217.25,216.75,217.1,0
2024-05-17 12:15:00,217.1,217.25,216.8,216.95,0
2024-05-17 13:15:00,216.95,217.1,216.65,216.85,0
2024-05-17 14:15:00,216.85,217.25,216.75,216.95,0
2024-05-17 15:15:00,216.95,217.05,216.8,217.0,0
2024-05-18 09:15:00,216.6,217.0,216.55,216.9,0
2024-05-18 11:15:00,216.6,216.85,216.6,216.65,0
2024-05-18 12:15:00,216.65,216.75,216.6,216.65,0
2024-05-21 09:15:00,217.75,217.75,216.75,217.15,0
2024-05-21 10:15:00,217.15,217.3,216.75,216.8,0
2024-05-21 11:15:00,216.8,216.85,216.4,216.4,0
2024-05-21 12:15:00,216.4,216.6,215.95,216.15,0
2024-05-21 13:15:00,216.15,216.55,216.1,216.5,0
2024-05-21 14:15:00,216.5,216.8,216.35,216.6,0
2024-05-21 15:15:00,216.6,216.85,216.55,216.75,0
2024-05-22 09:15:00,216.15,217.05,216.15,216.3,0
2024-05-22 10:15:00,216.3,216.6,216.15,216.45,0
2024-05-22 11:15:00,216.45,216.6,216.2,216.25,0
2024-05-22 12:15:00,216.25,216.4,216.05,216.25,0
2024-05-22 13:15:00,216.25,216.3,215.85,216.15,0
2024-05-22 14:15:00,216.15,216.55,215.75,215.95,0
2024-05-22 15:15:00,215.95,215.95,215.65,215.7,0
2024-05-23 09:15:00,215.8,216.15,215.1,215.25,0
2024-05-23 10:15:00,215.25,215.55,214.8,215.05,0
2024-05-23 11:15:00,215.05,215.05,214.35,214.45,0
2024-05-23 12:15:00,214.45,214.45,213.55,213.75,0
2024-05-23 13:15:00,213.75,214.1,212.95,212.95,0
2024-05-23 14:15:00,212.95,213.15,212.25,212.35,0
2024-05-23 15:15:00,212.35,212.65,212.2,212.6,0
2024-05-24 09:15:00,212.85,213.05,212.15,212.95,0
2024-05-24 10:15:00,212.95,212.95,212.35,212.55,0
2024-05-24 11:15:00,212.55,212.6,212.35,212.45,0
2024-05-24 12:15:00,212.45,212.6,212.0,212.25,0
2024-05-24 13:15:00,212.25,212.35,212.0,212.15,0
2024-05-24 14:15:00,212.15,212.85,211.95,212.55,0
2024-05-24 15:15:00,212.55,212.7,212.45,212.65,0
2024-05-27 09:15:00,211.95,212.95,211.9,212.75,0
2024-05-27 10:15:00,212.75,212.85,212.25,212.4,0
2024-05-27 11:15:00,212.4,212.45,211.6,211.65,0
2024-05-27 12:15:00,211.7,211.7,211.3,211.6,0
2024-05-27 13:15:00,211.6,211.85,211.45,211.7,0
2024-05-27 14:15:00,211.65,213.5,211.65,212.9,0
2024-05-27 15:15:00,212.85,213.0,212.7,212.9,0
2024-05-28 09:15:00,212.55,213.05,212.4,212.75,0
2024-05-28 10:15:00,212.75,212.75,212.35,212.65,0
2024-05-28 11:15:00,212.65,213.0,212.6,212.9,0
2024-05-28 12:15:00,212.9,213.4,212.75,212.85,0
2024-05-28 13:15:00,212.85,213.2,212.6,213.05,0
2024-05-28 14:15:00,213.05,213.4,212.95,213.35,0
2024-05-28 15:15:00,213.35,213.65,213.3,213.6,0
2024-05-29 09:15:00,214.6,214.7,214.0,214.65,0
2024-05-29 10:15:00,214.65,215.0,214.55,214.95,0
2024-05-29 11:15:00,214.95,215.15,214.75,214.75,0
2024-05-29 12:15:00,214.75,214.95,214.25,214.6,0
2024-05-29 13:15:00,214.6,214.95,214.3,214.7,0
2024-05-29 14:15:00,214.7,215.3,214.6,215.1,0
2024-05-29 15:15:00,215.1,215.25,215.05,215.15,0
2024-05-30 09:15:00,216.0,216.6,215.2,216.55,0
2024-05-30 10:15:00,216.55,216.6,216.0,216.5,0
2024-05-30 11:15:00,216.5,216.75,216.3,216.5,0
2024-05-30 12:15:00,216.5,216.65,216.15,216.4,0
2024-05-30 13:15:00,216.4,216.95,216.35,216.9,0
2024-05-30 14:15:00,216.9,217.9,216.75,217.3,0
2024-05-30 15:15:00,217.35,217.35,216.55,216.6,0
2024-05-31 09:15:00,216.5,216.85,215.7,216.8,0
2024-05-31 10:15:00,216.8,217.2,216.3,216.85,0
2024-05-31 11:15:00,216.85,217.15,216.55,217.05,0
2024-05-31 12:15:00,217.05,217.1,216.65,216.8,0
2024-05-31 13:15:00,216.8,216.85,215.9,216.15,0
2024-05-31 14:15:00,216.15,217.5,216.1,216.95,0
2024-05-31 15:15:00,216.95,217.0,216.4,216.7,0
2024-06-03 09:15:00,209.2,211.85,209.2,210.55,0
2024-06-03 10:15:00,210.55,211.15,210.45,210.75,0
2024-06-03 11:15:00,210.8,210.85,210.05,210.3,0
2024-06-03 12:15:00,210.3,210.55,210.1,210.25,0
2024-06-03 13:15:00,210.25,210.9,209.95,210.15,0
2024-06-03 14:15:00,210.15,210.4,209.9,209.9,0
2024-06-03 15:15:00,209.9,209.9,209.5,209.5,0
2024-06-04 09:15:00,210.7,217.85,210.7,213.85,0
2024-06-04 10:15:00,213.85,221.35,213.85,220.5,0
2024-06-04 11:15:00,220.5,226.0,218.7,225.05,0
2024-06-04 12:15:00,225.05,227.85,221.3,221.85,0
2024-06-04 13:15:00,221.85,222.45,218.9,220.8,0
2024-06-04 14:15:00,220.8,223.85,220.55,221.8,0
2024-06-04 15:15:00,221.85,222.5,220.75,220.75,0
2024-06-05 09:15:00,219.95,223.4,219.95,220.65,0
2024-06-05 10:15:00,220.6,221.85,217.65,217.7,0
2024-06-05 11:15:00,217.7,219.1,216.75,218.1,0
2024-06-05 12:15:00,218.1,218.8,217.0,217.45,0
2024-06-05 13:15:00,217.45,217.65,215.55,216.45,0
2024-06-05 14:15:00,216.45,216.9,214.45,214.8,0
2024-06-05 15:15:00,214.8,215.65,214.75,215.45,0
2024-06-06 09:15:00,213.3,214.75,213.3,213.4,0
2024-06-06 10:15:00,213.4,213.45,212.25,212.35,0
2024-06-06 11:15:00,212.35,214.45,212.3,214.05,0
2024-06-06 12:15:00,214.05,214.75,213.25,214.25,0
2024-06-06 13:15:00,214.25,214.3,212.85,213.45,0
2024-06-06 14:15:00,213.45,214.55,213.05,213.05,0
2024-06-06 15:15:00,213.05,213.25,212.65,212.8,0
2024-06-07 09:15:00,213.1,213.4,211.45,211.65,0
2024-06-07 10:15:00,211.65,212.25,210.7,210.75,0
2024-06-07 11:15:00,210.75,211.1,209.3,209.7,0
2024-06-07 12:15:00,209.7,210.2,209.15,209.5,0
2024-06-07 13:15:00,209.5,210.05,209.1,209.2,0
2024-06-07 14:15:00,209.2,209.35,208.5,208.75,0
2024-06-07 15:15:00,208.75,209.0,208.65,208.95,0
2024-06-10 09:15:00,208.6,209.35,207.8,208.65,0
2024-06-10 10:15:00,208.65,208.75,208.2,208.45,0
2024-06-10 11:15:00,208.45,208.8,208.15,208.7,0
2024-06-10 12:15:00,208.7,208.75,208.35,208.45,0
2024-06-10 13:15:00,208.45,208.55,208.1,208.2,0
2024-06-10 14:15:00,208.2,209.4,208.2,209.1,0
2024-06-10 15:15:00,209.1,209.4,209.1,209.35,0
2024-06-11 09:15:00,208.95,209.65,208.6,208.7,0
2024-06-11 10:15:00,208.7,208.85,208.4,208.55,0
2024-06-11 11:15:00,208.55,208.8,208.5,208.55,0
2024-06-11 12:15:00,208.55,208.7,208.25,208.5,0
2024-06-11 13:15:00,208.5,208.65,208.0,208.55,0
2024-06-11 14:15:00,208.55,209.15,208.35,209.15,0
2024-06-11 15:15:00,209.15,209.4,209.1,209.15,0
2024-06-12 09:15:00,208.45,208.9,207.8,207.85,0
2024-06-12 10:15:00,207.85,208.1,207.6,207.85,0
2024-06-12 11:15:00,207.85,208.25,207.6,207.85,0
2024-06-12 12:15:00,207.85,208.1,207.75,207.85,0
2024-06-12 13:15:00,207.85,208.5,207.75,208.4,0
2024-06-12 14:15:00,208.4,208.7,208.0,208.65,0
2024-06-12 15:15:00,208.6,208.85,208.6,208.8,0
2024-06-13 09:15:00,207.25,208.3,207.25,207.95,0
2024-06-13 10:15:00,207.9,208.3,207.9,208.3,0
2024-06-13 11:15:00,208.3,208.4,207.85,208.05,0
2024-06-13 12:15:00,208.05,208.15,207.8,207.9,0
2024-06-13 13:15:00,207.9,208.15,207.85,208.05,0
2024-06-13 14:15:00,208.05,208.3,207.95,208.0,0
2024-06-13 15:15:00,208.0,208.05,207.9,208.0,0
2024-06-14 09:15:00,207.45,208.6,207.45,207.7,0
2024-06-14 10:15:00,207.7,207.8,207.5,207.6,0
2024-06-14 11:15:00,207.6,207.8,207.55,207.7,0
2024-06-14 12:15:00,207.7,207.75,207.5,207.5,0
2024-06-14 13:15:00,207.5,207.8,207.45,207.65,0
2024-06-14 14:15:00,207.65,207.65,207.25,207.4,0
2024-06-14 15:15:00,207.4,207.65,207.4,207.6,0
2024-06-18 09:15:00,206.65,207.3,206.6,206.95,0
2024-06-18 10:15:00,206.95,207.2,206.8,206.95,0
2024-06-18 11:15:00,206.95,207.0,206.8,207.0,0
2024-06-18 12:15:00,207.0,207.2,206.95,207.0,0
2024-06-18 13:15:00,207.0,207.1,206.85,206.95,0
2024-06-18 14:15:00,206.95,207.05,206.8,206.8,0
2024-06-18 15:15:00,206.8,206.8,206.65,206.75,0
2024-06-19 09:15:00,206.2,207.15,206.2,207.15,0
2024-06-19 10:15:00,207.15,208.1,207.05,207.3,0
2024-06-19 11:15:00,207.3,207.55,206.85,206.85,0
2024-06-19 12:15:00,206.85,207.1,206.7,206.9,0
2024-06-19 13:15:00,206.9,207.2,206.7,206.8,0
2024-06-19 14:15:00,206.8,207.5,205.9,207.25,0
2024-06-19 15:15:00,207.25,207.3,207.1,207.15,0
2024-06-20 09:15:00,206.6,207.9,206.6,207.5,0
2024-06-20 10:15:00,207.5,207.55,206.8,207.1,0
2024-06-20 11:15:00,207.1,207.15,206.75,206.9,0
2024-06-20 12:15:00,206.9,207.1,206.75,206.9,0
2024-06-20 13:15:00,206.9,207.1,206.3,206.85,0
2024-06-20 14:15:00,206.8,207.05,206.5,206.8,0
2024-06-20 15:15:00,206.8,206.85,206.6,206.7,0
2024-06-21 09:15:00,206.0,206.8,205.95,206.65,0
2024-06-21 10:15:00,206.65,207.5,206.45,207.15,0
2024-06-21 11:15:00,207.15,207.35,206.85,207.05,0
2024-06-21 12:15:00,207.05,208.1,207.0,207.85,0
2024-06-21 13:15:00,207.85,207.9,206.65,206.85,0
2024-06-21 14:15:00,206.85,208.3,206.75,207.6,0
2024-06-21 15:15:00,207.6,207.9,207.5,207.85,0
2024-06-24 09:15:00,208.6,208.85,207.95,208.0,0
2024-06-24 10:15:00,208.0,208.15,207.35,207.55,0
2024-06-24 11:15:00,207.55,207.6,207.15,207.25,0
2024-06-24 12:15:00,207.25,207.4,207.05,207.15,0
2024-06-24 13:15:00,207.15,207.45,207.05,207.35,0
2024-06-24 14:15:00,207.35,207.6,207.1,207.15,0
2024-06-24 15:15:00,207.1,207.25,207.05,207.1,0
2024-06-25 09:15:00,206.9,207.0,206.55,206.75,0
2024-06-25 10:15:00,206.75,206.85,206.6,206.85,0
2024-06-25 11:15:00,206.85,207.0,206.7,206.8,0
2024-06-25 12:15:00,206.8,206.85,205.95,206.05,0
2024-06-25 13:15:00,206.05,206.15,205.75,205.85,0
2024-06-25 14:15:00,205.85,206.05,205.5,205.5,0
2024-06-25 15:15:00,205.55,205.7,205.35,205.6,0
2024-06-26 09:15:00,205.65,206.1,205.45,205.9,0
2024-06-26 10:15:00,205.9,205.9,205.05,205.2,0
2024-06-26 11:15:00,205.2,205.2,204.6,204.7,0
2024-06-26 12:15:00,204.75,204.95,204.45,204.75,0
2024-06-26 13:15:00,204.75,204.75,204.35,204.35,0
2024-06-26 14:15:00,204.35,204.6,204.2,204.35,0
2024-06-26 15:15:00,204.3,204.65,204.2,204.65,0
2024-06-27 09:15:00,204.3,204.95,203.6,203.75,0
2024-06-27 10:15:00,203.75,204.7,203.5,203.95,0
2024-06-27 11:15:00,203.95,204.2,203.25,203.25,0
2024-06-27 12:15:00,203.25,203.8,203.0,203.6,0
2024-06-27 13:15:00,203.6,203.9,203.35,203.7,0
2024-06-27 14:15:00,203.7,204.05,202.9,202.9,0
2024-06-27 15:15:00,202.9,202.95,202.55,202.95,0
2024-06-28 09:15:00,202.6,202.8,201.85,202.2,0
2024-06-28 10:15:00,202.2,202.45,202.05,202.1,0
2024-06-28 11:15:00,202.1,202.45,202.05,202.4,0
2024-06-28 12:15:00,202.4,203.25,202.35,202.8,0
2024-06-28 13:15:00,202.8,202.95,202.2,202.35,0
2024-06-28 14:15:00,202.35,203.4,202.2,203.4,0
2024-06-28 15:15:00,203.4,203.45,203.2,203.25,0
2024-07-01 09:15:00,203.5,203.5,202.6,202.95,0
2024-07-01 10:15:00,202.95,202.95,202.65,202.75,0
2024-07-01 11:15:00,202.8,202.8,202.4,202.5,0
2024-07-01 12:15:00,202.5,202.6,202.35,202.45,0
2024-07-01 13:15:00,202.4,202.5,202.15,202.25,0
2024-07-01 14:15:00,202.25,202.4,202.05,202.2,0
2024-07-01 15:15:00,202.2,202.4,202.15,202.35,0
2024-07-02 09:15:00,201.55,202.85,201.5,202.35,0
2024-07-02 10:15:00,202.35,202.45,201.9,201.95,0
2024-07-02 11:15:00,201.95,202.45,201.85,202.3,0
2024-07-02 12:15:00,202.3,202.95,202.15,202.6,0
2024-07-02 13:15:00,202.6,202.7,202.3,202.55,0
2024-07-02 14:15:00,202.55,202.55,202.2,202.4,0
2024-07-02 15:15:00,202.4,202.55,202.35,202.45,0
2024-07-03 09:15:00,201.05,201.75,200.9,201.25,0
2024-07-03 10:15:00,201.25,201.3,201.05,201.25,0
2024-07-03 11:15:00,201.25,201.5,201.2,201.4,0
2024-07-03 12:15:00,201.4,201.4,201.05,201.2,0
2024-07-03 13:15:00,201.2,201.35,201.05,201.25,0
2024-07-03 14:15:00,201.3,201.5,201.0,201.0,0
2024-07-03 15:15:00,201.0,201.1,200.9,201.05,0
2024-07-04 09:15:00,200.45,200.8,200.2,200.4,0
2024-07-04 10:15:00,200.4,201.0,200.3,200.75,0
2024-07-04 11:15:00,200.7,200.8,200.6,200.75,0
2024-07-04 12:15:00,200.75,200.75,200.55,200.65,0
2024-07-04 13:15:00,200.65,200.9,200.6,200.7,0
2024-07-04 14:15:00,200.7,201.15,200.6,201.0,0
2024-07-04 15:15:00,201.0,201.05,200.9,201.0,0
2024-07-05 09:15:00,201.75,202.15,201.4,201.65,0
2024-07-05 10:15:00,201.65,201.75,201.35,201.6,0
2024-07-05 11:15:00,201.6,201.65,201.2,201.3,0
2024-07-05 12:15:00,201.3,201.5,201.15,201.45,0
2024-07-05 13:15:00,201.45,201.6,201.3,201.5,0
2024-07-05 14:15:00,201.5,201.85,200.6,200.7,0
2024-07-05 15:15:00,200.7,200.9,200.55,200.9,0
2024-07-08 09:15:00,200.9,201.45,200.85,201.15,0
2024-07-08 10:15:00,201.15,201.6,200.9,201.4,0
2024-07-08 11:15:00,201.4,201.65,201.15,201.55,0
2024-07-08 12:15:00,201.55,201.6,201.15,201.2,0
2024-07-08 13:15:00,201.2,201.45,201.05,201.25,0
2024-07-08 14:15:00,201.25,201.25,200.85,201.05,0
2024-07-08 15:15:00,201.05,201.15,200.8,200.9,0
2024-07-09 09:15:00,200.75,200.9,200.5,200.7,0
2024-07-09 10:15:00,200.7,200.85,200.45,200.5,0
2024-07-09 11:15:00,200.5,200.55,200.35,200.45,0
2024-07-09 12:15:00,200.45,200.5,200.15,200.2,0
2024-07-09 13:15:00,200.2,200.3,200.05,200.1,0
2024-07-09 14:15:00,200.1,200.3,200.05,200.1,0
2024-07-09 15:15:00,200.1,200.3,200.0,200.25,0
2024-07-10 09:15:00,199.9,201.1,199.9,200.95,0
2024-07-10 10:15:00,200.95,202.5,200.85,201.95,0
2024-07-10 11:15:00,201.95,202.1,201.3,201.5,0
2024-07-10 12:15:00,201.5,201.65,201.25,201.4,0
2024-07-10 13:15:00,201.4,201.95,201.3,201.7,0
2024-07-10 14:15:00,201.7,201.8,200.9,200.95,0
2024-07-10 15:15:00,200.95,201.15,200.9,201.1,0
2024-07-11 09:15:00,200.45,201.45,200.45,201.4,0
2024-07-11 10:15:00,201.35,201.8,201.35,201.6,0
2024-07-11 11:15:00,201.6,202.15,201.4,201.55,0
2024-07-11 12:15:00,201.55,201.6,201.2,201.3,0
2024-07-11 13:15:00,201.25,201.45,201.05,201.2,0
2024-07-11 14:15:00,201.2,201.35,201.0,201.0,0
2024-07-11 15:15:00,201.0,201.1,200.8,200.95,0
2024-07-12 09:15:00,200.55,201.05,200.15,200.8,0
2024-07-12 10:15:00,200.8,200.8,198.9,199.35,0
2024-07-12 11:15:00,199.35,199.85,199.3,199.5,0
2024-07-12 12:15:00,199.5,199.8,199.45,199.5,0
2024-07-12 13:15:00,199.5,199.55,199.0,199.05,0
2024-07-12 14:15:00,199.05,199.75,198.95,199.7,0
2024-07-12 15:15:00,199.7,199.75,199.5,199.55,0
2024-07-15 09:15:00,199.05,199.55,198.95,199.25,0
2024-07-15 10:15:00,199.25,199.4,198.9,199.1,0
2024-07-15 11:15:00,199.1,199.35,198.85,198.95,0
2024-07-15 12:15:00,198.95,199.15,198.8,198.8,0
2024-07-15 13:15:00,198.8,199.0,198.65,199.0,0
2024-07-15 14:15:00,199.0,199.1,198.8,199.05,0
2024-07-15 15:15:00,199.05,199.1,199.05,199.05,0
2024-07-16 09:15:00,198.85,198.95,198.6,198.7,0
2024-07-16 10:15:00,198.7,198.75,198.5,198.55,0
2024-07-16 11:15:00,198.55,198.7,198.5,198.65,0
2024-07-16 12:15:00,198.65,198.8,198.5,198.55,0
2024-07-16 13:15:00,198.55,198.95,198.55,198.8,0
2024-07-16 14:15:00,198.75,199.05,198.6,198.95,0
2024-07-16 15:15:00,198.95,199.05,198.85,198.95,0
2024-07-18 09:15:00,199.5,199.75,198.4,198.6,0
2024-07-18 10:15:00,198.6,199.6,198.6,199.55,0
2024-07-18 11:15:00,199.55,199.8,198.95,199.0,0
2024-07-18 12:15:00,199.0,199.05,198.1,198.15,0
2024-07-18 13:15:00,198.1,198.25,197.2,197.25,0
2024-07-18 14:15:00,197.25,197.65,197.15,197.4,0
2024-07-18 15:15:00,197.4,197.6,197.35,197.6,0
2024-07-19 09:15:00,197.05,198.4,197.05,198.35,0
2024-07-19 10:15:00,198.35,198.7,198.05,198.55,0
2024-07-19 11:15:00,198.55,198.9,198.45,198.55,0
2024-07-19 12:15:00,198.55,199.1,198.5,198.95,0
2024-07-19 13:15:00,198.95,199.4,198.7,199.3,0
2024-07-19 14:15:00,199.3,199.7,199.15,199.6,0
2024-07-19 15:15:00,199.6,199.8,199.55,199.65,0
2024-07-22 09:15:00,200.4,201.05,199.5,199.5,0
2024-07-22 10:15:00,199.5,199.7,199.2,199.7,0
2024-07-22 11:15:00,199.7,199.9,199.5,199.75,0
2024-07-22 12:15:00,199.75,200.25,199.75,200.05,0
2024-07-22 13:15:00,200.05,200.05,199.6,199.95,0
2024-07-22 14:15:00,199.95,200.1,199.8,199.85,0
2024-07-22 15:15:00,199.8,199.9,199.8,199.85,0
2024-07-23 09:15:00,199.45,200.45,199.35,200.4,0
2024-07-23 10:15:00,200.4,200.6,199.55,199.65,0
2024-07-23 11:15:00,199.65,200.95,199.6,200.25,0
2024-07-23 12:15:00,200.25,203.45,200.2,201.8,0
2024-07-23 13:15:00,201.8,201.8,199.9,200.3,0
2024-07-23 14:15:00,200.3,200.6,199.65,200.3,0
2024-07-23 15:15:00,200.3,200.45,200.15,200.2,0
2024-07-24 09:15:00,200.5,201.05,200.0,200.5,0
2024-07-24 10:15:00,200.5,200.85,200.1,200.6,0
2024-07-24 11:15:00,200.6,201.1,200.45,201.0,0
2024-07-24 12:15:00,201.0,201.6,201.0,201.15,0
2024-07-24 13:15:00,201.15,201.6,201.0,201.45,0
2024-07-24 14:15:00,201.45,201.5,200.4,200.8,0
2024-07-24 15:15:00,200.8,200.85,200.45,200.5,0
2024-07-25 09:15:00,202.25,202.4,201.7,201.75,0
2024-07-25 10:15:00,201.75,201.95,201.45,201.5,0
2024-07-25 11:15:00,201.5,201.75,201.15,201.2,0
2024-07-25 12:15:00,201.2,201.25,200.9,201.05,0
2024-07-25 13:15:00,201.0,201.2,200.65,200.7,0
2024-07-25 14:15:00,200.7,201.05,200.65,200.9,0
2024-07-25 15:15:00,200.9,200.95,200.7,200.75,0
2024-07-26 09:15:00,200.7,200.8,199.35,199.45,0
2024-07-26 10:15:00,199.45,199.45,198.85,198.9,0
2024-07-26 11:15:00,198.9,199.1,198.8,198.95,0
2024-07-26 12:15:00,198.95,198.95,197.8,197.8,0
2024-07-26 13:15:00,197.85,197.95,197.5,197.65,0
2024-07-26 14:15:00,197.65,197.95,197.2,197.2,0
2024-07-26 15:15:00,197.25,197.35,197.15,197.2,0
2024-07-29 09:15:00,196.6,197.1,196.3,197.1,0
2024-07-29 10:15:00,197.1,197.2,196.55,196.6,0
2024-07-29 11:15:00,196.65,197.1,196.15,196.9,0
2024-07-29 12:15:00,196.9,197.8,196.8,197.45,0
2024-07-29 13:15:00,197.45,197.75,197.05,197.75,0
2024-07-29 14:15:00,197.75,197.9,197.2,197.55,0
2024-07-29 15:15:00,197.55,197.6,197.35,197.4,0
2024-07-30 09:15:00,197.45,197.75,197.05,197.35,0
2024-07-30 10:15:00,197.35,197.35,196.65,196.75,0
2024-07-30 11:15:00,196.75,196.85,196.5,196.7,0
2024-07-30 12:15:00,196.7,196.8,196.4,196.65,0
2024-07-30 13:15:00,196.7,197.1,196.6,196.75,0
2024-07-30 14:15:00,196.75,197.45,196.4,197.4,0
2024-07-30 15:15:00,197.4,197.5,197.25,197.45,0
2024-07-31 09:15:00,197.1,197.35,196.65,196.7,0
2024-07-31 10:15:00,196.7,197.0,196.6,196.8,0
2024-07-31 11:15:00,196.85,197.0,196.7,196.7,0
2024-07-31 12:15:00,196.7,196.95,196.6,196.7,0
2024-07-31 13:15:00,196.75,196.85,196.6,196.8,0
2024-07-31 14:15:00,196.8,196.85,196.45,196.65,0
2024-07-31 15:15:00,196.65,196.65,196.35,196.35,0
2024-08-01 09:15:00,196.0,196.15,195.65,195.95,0
2024-08-01 10:15:00,195.95,196.2,195.85,196.0,0
2024-08-01 11:15:00,196.0,196.4,196.0,196.35,0
2024-08-01 12:15:00,196.3,196.55,196.2,196.25,0
2024-08-01 13:15:00,196.25,196.45,196.2,196.4,0
2024-08-01 14:15:00,196.4,196.6,196.1,196.1,0
2024-08-01 15:15:00,196.1,196.25,196.0,196.2,0
2024-08-02 09:15:00,197.95,198.45,197.45,198.0,0
2024-08-02 10:15:00,198.0,198.25,197.65,197.8,0
2024-08-02 11:15:00,197.8,198.0,197.55,197.95,0
2024-08-02 12:15:00,197.95,198.2,197.9,198.1,0
2024-08-02 13:15:00,198.1,198.2,197.8,198.1,0
2024-08-02 14:15:00,198.1,198.7,197.9,198.4,0
2024-08-02 15:15:00,198.4,198.65,198.35,198.65,0
2024-08-05 09:15:00,201.9,202.8,201.6,202.0,0
2024-08-05 10:15:00,202.0,204.25,202.0,204.2,0
2024-08-05 11:15:00,204.2,205.2,203.95,204.05,0
2024-08-05 12:15:00,204.05,205.0,203.9,204.2,0
2024-08-05 13:15:00,204.2,204.4,203.35,203.65,0
2024-08-05 14:15:00,203.65,204.25,203.45,203.95,0
2024-08-05 15:15:00,203.95,204.05,203.8,203.95,0
2024-08-06 09:15:00,202.8,202.8,201.2,202.0,0
2024-08-06 10:15:00,202.0,203.3,201.8,202.5,0
2024-08-06 11:15:00,202.5,202.65,202.2,202.4,0
2024-08-06 12:15:00,202.4,203.05,202.4,203.05,0
2024-08-06 13:15:00,203.05,204.3,202.9,204.2,0
2024-08-06 14:15:00,204.2,204.75,203.75,204.65,0
2024-08-06 15:15:00,204.65,204.7,204.1,204.15,0
2024-08-07 09:15:00,202.0,202.85,201.85,202.65,0
2024-08-07 10:15:00,202.7,202.8,201.6,202.35,0
2024-08-07 11:15:00,202.35,202.65,202.3,202.55,0
2024-08-07 12:15:00,202.55,202.7,202.1,202.45,0
2024-08-07 13:15:00,202.45,202.85,202.35,202.35,0
2024-08-07 14:15:00,202.35,202.35,201.8,201.8,0
2024-08-07 15:15:00,201.8,201.95,201.75,201.75,0
2024-08-08 09:15:00,202.35,203.45,202.25,203.1,0
2024-08-08 10:15:00,203.1,203.3,202.25,202.9,0
2024-08-08 11:15:00,202.9,203.05,201.9,201.9,0
2024-08-08 12:15:00,201.85,203.35,201.6,203.1,0
2024-08-08 13:15:00,203.1,203.65,202.95,203.15,0
2024-08-08 14:15:00,203.15,203.5,202.8,203.45,0
2024-08-08 15:15:00,203.45,203.75,203.45,203.6,0
2024-08-09 09:15:00,201.2,201.8,200.95,201.5,0
2024-08-09 10:15:00,201.5,201.85,201.35,201.55,0
2024-08-09 11:15:00,201.55,201.65,201.3,201.5,0
2024-08-09 12:15:00,201.5,201.65,201.35,201.5,0
2024-08-09 13:15:00,201.5,201.55,201.2,201.25,0
2024-08-09 14:15:00,201.2,201.5,201.2,201.35,0
2024-08-09 15:15:00,201.35,201.45,201.35,201.4,0
2024-08-12 09:15:00,201.9,202.75,201.85,202.45,0
2024-08-12 10:15:00,202.45,202.45,200.95,200.95,0
2024-08-12 11:15:00,200.95,201.3,200.6,201.3,0
2024-08-12 12:15:00,201.3,201.4,200.9,201.2,0
2024-08-12 13:15:00,201.2,201.3,200.85,200.95,0
2024-08-12 14:15:00,200.95,202.0,200.9,201.65,0
2024-08-12 15:15:00,201.65,201.7,201.5,201.65,0
2024-08-13 09:15:00,201.75,202.1,201.6,201.85,0
2024-08-13 10:15:00,201.85,202.25,201.8,201.95,0
2024-08-13 11:15:00,202.0,202.35,201.85,202.1,0
2024-08-13 12:15:00,202.1,202.85,202.1,202.6,0
2024-08-13 13:15:00,202.6,203.6,202.45,203.3,0
2024-08-13 14:15:00,203.3,203.55,203.1,203.55,0
2024-08-13 15:15:00,203.55,203.6,203.35,203.4,0
2024-08-14 09:15:00,203.05,203.8,203.0,203.4,0
2024-08-14 10:15:00,203.4,203.65,203.2,203.5,0
2024-08-14 11:15:00,203.5,203.55,203.25,203.25,0
2024-08-14 12:15:00,203.25,203.4,203.0,203.1,0
2024-08-14 13:15:00,203.1,203.4,203.1,203.2,0
2024-08-14 14:15:00,203.2,203.6,203.15,203.5,0
2024-08-14 15:15:00,203.5,203.55,203.3,203.4,0
2024-08-16 09:15:00,201.9,202.4,201.3,202.2,0
2024-08-16 10:15:00,202.25,202.95,202.1,202.7,0
2024-08-16 11:15:00,202.75,202.8,201.0,201.15,0
2024-08-16 12:15:00,201.15,201.4,200.85,200.95,0
2024-08-16 13:15:00,200.95,201.1,200.35,200.35,0
2024-08-16 14:15:00,200.35,200.7,199.95,200.05,0
2024-08-16 15:15:00,200.05,200.15,199.95,200.15,0
2024-08-19 09:15:00,199.45,200.05,199.45,199.9,0
2024-08-19 10:15:00,199.95,200.4,199.85,200.2,0
2024-08-19 11:15:00,200.2,200.25,199.8,200.0,0
2024-08-19 12:15:00,200.0,200.15,199.8,199.85,0
2024-08-19 13:15:00,199.85,200.2,199.7,200.0,0
2024-08-19 14:15:00,200.0,200.05,199.85,200.0,0
2024-08-19 15:15:00,200.0,200.0,199.85,199.95,0
2024-08-20 09:15:00,199.4,199.75,198.8,198.8,0
2024-08-20 10:15:00,198.8,199.2,198.7,198.95,0
2024-08-20 11:15:00,198.95,199.1,198.85,198.9,0
2024-08-20 12:15:00,198.9,199.0,198.7,198.75,0
2024-08-20 13:15:00,198.75,198.95,198.75,198.85,0
2024-08-20 14:15:00,198.85,199.05,198.75,199.0,0
2024-08-20 15:15:00,199.0,199.25,198.95,199.2,0
2024-08-21 09:15:00,199.2,199.4,198.85,198.95,0
2024-08-21 10:15:00,198.9,199.2,198.6,199.1,0
2024-08-21 11:15:00,199.1,199.1,198.7,198.85,0
2024-08-21 12:15:00,198.85,198.9,198.7,198.8,0
2024-08-21 13:15:00,198.8,199.05,198.65,198.7,0
2024-08-21 14:15:00,198.7,198.85,198.45,198.5,0
2024-08-21 15:15:00,198.5,198.5,198.35,198.35,0
2024-08-22 09:15:00,197.75,198.4,197.75,198.15,0
2024-08-22 10:15:00,198.15,198.25,198.0,198.05,0
2024-08-22 11:15:00,198.05,198.1,197.85,198.0,0
2024-08-22 12:15:00,198.0,198.25,197.95,198.2,0
2024-08-22 13:15:00,198.2,198.25,197.95,198.0,0
2024-08-22 14:15:00,198.0,198.3,197.95,198.15,0
2024-08-22 15:15:00,198.15,198.2,198.05,198.15,0
2024-08-23 09:15:00,197.9,198.5,197.9,198.3,0
2024-08-23 10:15:00,198.25,198.3,197.9,198.0,0
2024-08-23 11:15:00,198.0,198.15,197.85,197.95,0
2024-08-23 12:15:00,198.0,198.1,197.9,197.95,0
2024-08-23 13:15:00,198.0,198.15,197.95,198.05,0
2024-08-23 14:15:00,198.05,198.35,197.9,198.1,0
2024-08-23 15:15:00,198.1,198.15,197.95,198.05,0
2024-08-26 09:15:00,197.55,197.8,196.65,196.75,0
2024-08-26 10:15:00,196.75,197.0,196.45,196.95,0
2024-08-26 11:15:00,196.95,196.95,196.65,196.8,0
2024-08-26 12:15:00,196.8,196.85,196.5,196.6,0
2024-08-26 13:15:00,196.6,196.8,196.55,196.7,0
2024-08-26 14:15:00,196.7,196.75,196.55,196.75,0
2024-08-26 15:15:00,196.7,196.75,196.65,196.7,0
2024-08-27 09:15:00,196.65,197.05,196.5,196.7,0
2024-08-27 10:15:00,196.7,196.95,196.45,196.55,0
2024-08-27 11:15:00,196.55,196.55,196.25,196.45,0
2024-08-27 12:15:00,196.45,196.5,196.35,196.35,0
2024-08-27 13:15:00,196.35,196.5,196.3,196.4,0
2024-08-27 14:15:00,196.4,196.85,196.4,196.65,0
2024-08-27 15:15:00,196.65,196.9,196.6,196.85,0
2024-08-28 09:15:00,196.6,197.15,196.5,196.8,0
2024-08-28 10:15:00,196.8,196.9,196.55,196.55,0
2024-08-28 11:15:00,196.55,196.55,195.95,196.2,0
2024-08-28 12:15:00,196.2,196.25,196.0,196.05,0
2024-08-28 13:15:00,196.05,196.15,195.9,195.9,0
2024-08-28 14:15:00,195.9,196.5,195.85,196.45,0
2024-08-28 15:15:00,196.5,196.6,196.45,196.5,0
2024-08-29 09:15:00,196.6,196.75,195.95,196.15,0
2024-08-29 10:15:00,196.15,196.3,196.0,196.15,0
2024-08-29 11:15:00,196.15,196.35,196.05,196.2,0
2024-08-29 12:15:00,196.2,196.25,195.55,195.7,0
2024-08-29 13:15:00,195.7,196.9,195.6,196.3,0
2024-08-29 14:15:00,196.3,196.9,195.4,195.9,0
2024-08-29 15:15:00,195.9,195.95,195.6,195.65,0
2024-08-30 09:15:00,195.0,195.35,194.9,195.2,0
2024-08-30 10:15:00,195.2,195.35,195.0,195.05,0
2024-08-30 11:15:00,195.05,195.2,194.95,195.0,0
2024-08-30 12:15:00,195.0,195.15,194.9,195.05,0
2024-08-30 13:15:00,195.05,195.1,194.95,195.0,0
2024-08-30 14:15:00,195.0,195.3,194.9,195.05,0
2024-08-30 15:15:00,195.05,195.1,194.85,195.0,0
2024-09-02 09:15:00,194.45,194.8,194.45,194.65,0
2024-09-02 10:15:00,194.65,194.75,194.55,194.55,0
2024-09-02 11:15:00,194.55,194.85,194.5,194.7,0
2024-09-02 12:15:00,194.65,195.2,194.65,195.05,0
2024-09-02 13:15:00,195.05,195.1,194.8,194.85,0
2024-09-02 14:15:00,194.85,195.0,194.75,194.85,0
2024-09-02 15:15:00,194.85,195.0,194.75,194.9,0
2024-09-03 09:15:00,194.6,195.15,194.6,195.0,0
2024-09-03 10:15:00,195.0,195.15,194.9,195.15,0
2024-09-03 11:15:00,195.15,195.2,195.0,195.05,0
2024-09-03 12:15:00,195.05,195.1,194.85,194.85,0
2024-09-03 13:15:00,194.85,195.1,194.75,194.95,0
2024-09-03 14:15:00,194.95,195.0,194.7,194.9,0
2024-09-03 15:15:00,194.9,195.0,194.85,195.0,0
2024-09-04 09:15:00,196.4,196.4,195.85,195.9,0
2024-09-04 10:15:00,195.9,196.35,195.85,196.1,0
2024-09-04 11:15:00,196.05,196.15,195.95,196.05,0
2024-09-04 12:15:00,196.05,196.1,195.9,195.9,0
2024-09-04 13:15:00,195.9,195.9,195.6,195.8,0
2024-09-04 14:15:00,195.8,195.95,195.45,195.45,0
2024-09-04 15:15:00,195.45,195.5,195.4,195.5,0
2024-09-05 09:15:00,195.15,195.65,195.0,195.5,0
2024-09-05 10:15:00,195.5,195.95,195.45,195.6,0
2024-09-05 11:15:00,195.6,195.8,195.55,195.65,0
2024-09-05 12:15:00,195.65,195.8,195.6,195.75,0
2024-09-05 13:15:00,195.8,195.85,195.7,195.75,0
2024-09-05 14:15:00,195.75,196.1,195.75,195.95,0
2024-09-05 15:15:00,195.95,196.0,195.85,196.0,0
2024-09-06 09:15:00,196.4,198.1,195.85,197.75,0
2024-09-06 10:15:00,197.75,198.25,197.55,198.2,0
2024-09-06 11:15:00,198.2,198.2,197.6,197.65,0
2024-09-06 12:15:00,197.65,198.4,197.45,198.25,0
2024-09-06 13:15:00,198.25,198.4,198.0,198.2,0
2024-09-06 14:15:00,198.2,198.7,198.15,198.3,0
2024-09-06 15:15:00,198.3,198.35,198.1,198.2,0
2024-09-09 09:15:00,198.65,199.2,198.3,198.6,0
2024-09-09 10:15:00,198.6,198.7,197.9,198.1,0
2024-09-09 11:15:00,198.05,198.45,198.05,198.4,0
2024-09-09 12:15:00,198.4,198.55,198.15,198.15,0
2024-09-09 13:15:00,198.2,198.25,197.75,198.1,0
2024-09-09 14:15:00,198.1,198.3,197.65,197.7,0
2024-09-09 15:15:00,197.7,197.8,197.6,197.7,0
2024-09-10 09:15:00,197.25,198.1,197.2,197.95,0
2024-09-10 10:15:00,197.95,198.0,197.4,197.4,0
2024-09-10 11:15:00,197.4,197.45,196.95,197.1,0
2024-09-10 12:15:00,197.1,197.15,196.4,196.5,0
2024-09-10 13:15:00,196.5,196.55,196.25,196.35,0
2024-09-10 14:15:00,196.35,197.15,196.3,196.9,0
2024-09-10 15:15:00,196.95,196.95,196.8,196.9,0
2024-09-11 09:15:00,197.05,197.45,196.7,196.85,0
2024-09-11 10:15:00,196.85,197.05,196.6,196.6,0
2024-09-11 11:15:00,196.6,197.0,196.45,196.55,0
2024-09-11 12:15:00,196.55,196.95,196.4,196.85,0
2024-09-11 13:15:00,196.85,197.8,196.75,197.8,0
2024-09-11 14:15:00,197.8,198.2,197.55,198.05,0
2024-09-11 15:15:00,198.1,198.1,197.7,197.7,0
2024-09-12 09:15:00,196.85,197.45,196.75,197.2,0
2024-09-12 10:15:00,197.2,197.5,197.1,197.25,0
2024-09-12 11:15:00,197.25,197.8,197.05,197.25,0
2024-09-12 12:15:00,197.25,197.6,197.15,197.35,0
2024-09-12 13:15:00,197.35,197.5,195.5,195.7,0
2024-09-12 14:15:00,195.7,195.7,193.9,194.05,0
2024-09-12 15:15:00,194.0,194.85,194.0,194.85,0
2024-09-13 09:15:00,193.95,195.0,193.95,194.75,0
2024-09-13 10:15:00,194.75,194.75,194.25,194.35,0
2024-09-13 11:15:00,194.3,194.55,194.3,194.35,0
2024-09-13 12:15:00,194.35,194.45,194.25,194.3,0
2024-09-13 13:15:00,194.3,194.6,194.25,194.3,0
2024-09-13 14:15:00,194.3,194.7,194.25,194.55,0
2024-09-13 15:15:00,194.55,194.65,194.45,194.6,0
2024-09-16 09:15:00,194.25,194.5,193.95,194.2,0
2024-09-16 10:15:00,194.2,194.55,194.15,194.4,0
2024-09-16 11:15:00,194.4,194.7,194.3,194.65,0
2024-09-16 12:15:00,194.65,194.75,194.45,194.5,0
2024-09-16 13:15:00,194.5,194.5,194.1,194.25,0
2024-09-16 14:15:00,194.25,194.45,194.25,194.4,0
2024-09-16 15:15:00,194.4,194.5,194.35,194.45,0
2024-09-17 09:15:00,194.2,194.7,194.2,194.55,0
2024-09-17 10:15:00,194.5,194.6,194.2,194.3,0
2024-09-17 11:15:00,194.3,194.35,194.1,194.25,0
2024-09-17 12:15:00,194.25,194.3,194.05,194.15,0
2024-09-17 13:15:00,194.15,194.25,194.0,194.15,0
2024-09-17 14:15:00,194.15,194.25,194.05,194.2,0
2024-09-17 15:15:00,194.2,194.3,194.15,194.25,0
2024-09-18 09:15:00,194.35,194.5,194.05,194.25,0
2024-09-18 10:15:00,194.25,194.3,193.75,193.9,0
2024-09-18 11:15:00,193.9,194.0,193.8,193.9,0
2024-09-18 12:15:00,193.9,194.55,193.75,194.55,0
2024-09-18 13:15:00,194.55,195.25,194.5,194.8,0
2024-09-18 14:15:00,194.8,194.9,194.3,194.5,0
2024-09-18 15:15:00,194.5,194.8,194.4,194.8,0
2024-09-19 09:15:00,193.75,193.75,192.8,193.55,0
2024-09-19 10:15:00,193.55,193.8,193.4,193.6,0
2024-09-19 11:15:00,193.6,194.5,193.55,194.1,0
2024-09-19 12:15:00,194.1,194.45,193.9,194.45,0
2024-09-19 13:15:00,194.45,194.6,194.2,194.4,0
2024-09-19 14:15:00,194.4,194.5,194.2,194.2,0
2024-09-19 15:15:00,194.2,194.35,194.0,194.05,0
2024-09-20 09:15:00,193.45,194.25,192.85,193.25,0
2024-09-20 10:15:00,193.25,193.35,192.0,192.15,0
2024-09-20 11:15:00,192.15,192.4,191.95,192.05,0
2024-09-20 12:15:00,192.05,192.25,191.35,191.5,0
2024-09-20 13:15:00,191.5,193.75,191.35,192.35,0
2024-09-20 14:15:00,192.35,192.95,191.35,191.45,0
2024-09-20 15:15:00,191.45,191.5,191.05,191.25,0
2024-09-23 09:15:00,190.95,191.1,190.55,190.75,0
2024-09-23 10:15:00,190.75,191.05,190.75,190.9,0
2024-09-23 11:15:00,190.9,191.15,190.85,191.0,0
2024-09-23 12:15:00,191.0,191.05,190.8,190.85,0
2024-09-23 13:15:00,190.85,190.9,190.65,190.7,0
2024-09-23 14:15:00,190.7,190.7,190.35,190.45,0
2024-09-23 15:15:00,190.45,190.55,190.4,190.5,0
2024-09-24 09:15:00,190.6,190.85,190.2,190.35,0
2024-09-24 10:15:00,190.35,190.5,190.2,190.4,0
2024-09-24 11:15:00,190.45,190.75,190.4,190.6,0
2024-09-24 12:15:00,190.6,190.65,190.3,190.3,0
2024-09-24 13:15:00,190.3,190.4,190.15,190.25,0
2024-09-24 14:15:00,190.25,190.65,189.95,190.45,0
2024-09-24 15:15:00,190.45,190.5,190.35,190.4,0
2024-09-25 09:15:00,190.85,190.9,190.45,190.75,0
2024-09-25 10:15:00,190.75,190.8,190.6,190.7,0
2024-09-25 11:15:00,190.7,191.05,190.6,190.95,0
2024-09-25 12:15:00,190.95,191.0,190.8,190.95,0
2024-09-25 13:15:00,190.95,190.95,190.45,190.5,0
2024-09-25 14:15:00,190.5,190.65,189.9,189.95,0
2024-09-25 15:15:00,189.95,190.05,189.85,190.0,0
2024-09-26 09:15:00,190.1,190.1,189.6,189.65,0
2024-09-26 10:15:00,189.65,189.75,189.5,189.6,0
2024-09-26 11:15:00,189.6,189.7,189.4,189.45,0
2024-09-26 12:15:00,189.45,189.65,189.3,189.45,0
2024-09-26 13:15:00,189.45,189.85,189.3,189.5,0
2024-09-26 14:15:00,189.5,189.5,188.3,188.6,0
2024-09-26 15:15:00,188.6,188.85,188.5,188.8,0
2024-09-27 09:15:00,188.35,188.6,188.2,188.25,0
2024-09-27 10:15:00,188.25,188.6,188.15,188.4,0
2024-09-27 11:15:00,188.4,188.65,188.4,188.45,0
2024-09-27 12:15:00,188.45,188.85,188.35,188.75,0
2024-09-27 13:15:00,188.75,188.95,188.5,188.8,0
2024-09-27 14:15:00,188.8,189.05,188.6,188.75,0
2024-09-27 15:15:00,188.75,189.0,188.7,188.9,0
2024-09-30 09:15:00,189.8,190.5,189.3,190.35,0
2024-09-30 10:15:00,190.35,190.8,190.3,190.75,0
2024-09-30 11:15:00,190.75,191.1,190.7,191.0,0
2024-09-30 12:15:00,191.0,191.25,190.9,191.15,0
2024-09-30 13:15:00,191.15,191.5,191.1,191.45,0
2024-09-30 14:15:00,191.5,191.7,191.3,191.6,0
2024-09-30 15:15:00,191.6,191.75,191.5,191.5,0
2024-10-01 09:15:00,191.8,191.8,190.95,191.55,0
2024-10-01 10:15:00,191.55,192.2,191.5,192.15,0
2024-10-01 11:15:00,192.15,192.15,191.45,191.55,0
2024-10-01 12:15:00,191.55,192.05,191.45,191.75,0
2024-10-01 13:15:00,191.8,191.85,191.55,191.75,0
2024-10-01 14:15:00,191.75,192.05,191.6,191.8,0
2024-10-01 15:15:00,191.8,191.85,191.6,191.65,0
2024-10-03 09:15:00,194.35,194.35,193.0,193.8,0
2024-10-03 10:15:00,193.8,194.1,193.7,194.1,0
2024-10-03 11:15:00,194.1,194.9,194.1,194.85,0
2024-10-03 12:15:00,194.85,195.15,194.65,195.15,0
2024-10-03 13:15:00,195.15,196.0,195.1,195.7,0
2024-10-03 14:15:00,195.7,196.0,195.7,195.8,0
2024-10-03 15:15:00,195.8,195.9,195.7,195.75,0
2024-10-04 09:15:00,196.45,197.1,195.6,196.2,0
2024-10-04 10:15:00,196.2,196.5,195.05,195.25,0
2024-10-04 11:15:00,195.25,195.7,194.2,194.2,0
2024-10-04 12:15:00,194.2,197.25,194.1,196.95,0
2024-10-04 13:15:00,197.0,197.7,196.9,197.5,0
2024-10-04 14:15:00,197.5,198.1,197.35,197.7,0
2024-10-04 15:15:00,197.7,197.7,197.45,197.45,0
2024-10-07 09:15:00,197.3,197.8,196.85,197.5,0
2024-10-07 10:15:00,197.5,199.55,197.35,198.85,0
2024-10-07 11:15:00,198.85,198.9,197.9,198.55,0
2024-10-07 12:15:00,198.55,199.75,198.25,199.6,0
2024-10-07 13:15:00,199.6,200.35,199.25,199.8,0
2024-10-07 14:15:00,199.85,200.2,198.55,199.75,0
2024-10-07 15:15:00,199.7,199.75,199.3,199.4,0
2024-10-08 09:15:00,199.3,199.9,198.75,199.35,0
2024-10-08 10:15:00,199.35,199.5,198.3,198.45,0
2024-10-08 11:15:00,198.45,198.8,198.05,198.5,0
2024-10-08 12:15:00,198.5,198.9,198.1,198.15,0
2024-10-08 13:15:00,198.15,198.45,197.6,197.65,0
2024-10-08 14:15:00,197.65,198.55,197.6,197.85,0
2024-10-08 15:15:00,197.85,197.9,197.6,197.65,0
2024-10-09 09:15:00,197.45,197.75,196.5,196.65,0
2024-10-09 10:15:00,196.65,197.1,196.25,196.3,0
2024-10-09 11:15:00,196.3,197.25,196.15,197.05,0
2024-10-09 12:15:00,197.05,197.2,196.7,197.15,0
2024-10-09 13:15:00,197.15,197.5,196.85,197.1,0
2024-10-09 14:15:00,197.15,198.4,197.1,198.2,0
2024-10-09 15:15:00,198.2,198.2,197.85,197.85,0
2024-10-10 09:15:00,197.5,198.05,197.0,197.1,0
2024-10-10 10:15:00,197.1,197.85,196.95,197.85,0
2024-10-10 11:15:00,197.8,198.1,197.6,197.75,0
2024-10-10 12:15:00,197.75,198.0,197.6,197.75,0
2024-10-10 13:15:00,197.75,197.95,197.6,197.85,0
2024-10-10 14:15:00,197.85,198.15,197.7,198.05,0
2024-10-10 15:15:00,198.05,198.2,197.85,197.95,0
2024-10-11 09:15:00,198.15,198.55,197.85,197.9,0
2024-10-11 10:15:00,197.9,198.6,197.85,198.45,0
2024-10-11 11:15:00,198.4,198.7,198.35,198.5,0
2024-10-11 12:15:00,198.5,198.55,198.3,198.35,0
2024-10-11 13:15:00,198.35,198.45,198.2,198.4,0
2024-10-11 14:15:00,198.45,198.5,198.25,198.35,0
2024-10-11 15:15:00,198.35,198.4,198.2,198.25,0
2024-10-14 09:15:00,197.95,198.0,197.1,197.35,0
2024-10-14 10:15:00,197.35,197.55,197.2,197.35,0
2024-10-14 11:15:00,197.35,197.35,196.9,196.95,0
2024-10-14 12:15:00,196.95,197.35,196.9,197.3,0
2024-10-14 13:15:00,197.3,197.4,197.05,197.1,0
2024-10-14 14:15:00,197.1,197.3,197.0,197.2,0
2024-10-14 15:15:00,197.2,197.2,197.0,197.05,0
2024-10-15 09:15:00,196.7,197.85,196.55,197.75,0
2024-10-15 10:15:00,197.75,198.05,197.4,197.6,0
2024-10-15 11:15:00,197.6,197.9,197.45,197.6,0
2024-10-15 12:15:00,197.6,198.1,197.55,198.0,0
2024-10-15 13:15:00,198.0,198.0,197.6,197.8,0
2024-10-15 14:15:00,197.8,198.0,197.65,197.75,0
2024-10-15 15:15:00,197.75,197.8,197.55,197.65,0
2024-10-16 09:15:00,198.15,198.25,197.5,197.75,0
2024-10-16 10:15:00,197.75,198.15,197.65,198.1,0
2024-10-16 11:15:00,198.1,198.95,198.1,198.65,0
2024-10-16 12:15:00,198.65,198.75,198.35,198.35,0
2024-10-16 13:15:00,198.35,198.5,198.05,198.1,0
2024-10-16 14:15:00,198.1,198.5,197.75,198.45,0
2024-10-16 15:15:00,198.45,198.6,198.45,198.55,0
2024-10-17 09:15:00,198.05,199.8,198.05,199.6,0
2024-10-17 10:15:00,199.6,199.9,199.35,199.9,0
2024-10-17 11:15:00,199.9,200.05,199.75,200.0,0
2024-10-17 12:15:00,200.0,200.2,199.85,199.95,0
2024-10-17 13:15:00,199.95,200.35,199.9,200.3,0
2024-10-17 14:15:00,200.3,200.4,200.05,200.15,0
2024-10-17 15:15:00,200.15,200.35,200.1,200.25,0
2024-10-18 09:15:00,200.95,201.75,200.65,200.9,0
2024-10-18 10:15:00,200.9,201.0,200.25,200.5,0
2024-10-18 11:15:00,200.5,200.75,199.75,199.95,0
2024-10-18 12:15:00,200.0,200.0,199.3,199.7,0
2024-10-18 13:15:00,199.7,199.7,199.15,199.3,0
2024-10-18 14:15:00,199.3,199.6,199.15,199.5,0
2024-10-18 15:15:00,199.5,199.55,199.25,199.35,0
2024-10-21 09:15:00,198.7,200.9,198.55,199.95,0
2024-10-21 10:15:00,199.9,200.1,199.6,199.9,0
2024-10-21 11:15:00,199.9,200.6,199.85,200.6,0
2024-10-21 12:15:00,200.6,200.65,200.25,200.35,0
2024-10-21 13:15:00,200.35,200.35,199.35,199.8,0
2024-10-21 14:15:00,199.8,200.2,199.4,200.05,0
2024-10-21 15:15:00,200.05,200.45,200.0,200.45,0
2024-10-22 09:15:00,200.0,200.4,199.35,200.35,0
2024-10-22 10:15:00,200.35,201.3,200.25,200.55,0
2024-10-22 11:15:00,200.55,201.4,200.5,201.15,0
2024-10-22 12:15:00,201.15,201.7,200.8,201.45,0
2024-10-22 13:15:00,201.45,201.85,201.35,201.35,0
2024-10-22 14:15:00,201.35,202.85,201.35,202.8,0
2024-10-22 15:15:00,202.85,202.85,202.5,202.55,0
2024-10-23 09:15:00,203.45,203.45,202.1,202.3,0
2024-10-23 10:15:00,202.3,202.8,201.65,201.95,0
2024-10-23 11:15:00,201.95,202.2,201.6,202.1,0
2024-10-23 12:15:00,202.1,202.4,201.75,202.05,0
2024-10-23 13:15:00,202.05,202.6,201.9,202.55,0
2024-10-23 14:15:00,202.55,203.1,202.55,203.05,0
2024-10-23 15:15:00,203.05,203.15,202.95,202.95,0
2024-10-24 09:15:00,203.2,203.8,202.65,202.95,0
2024-10-24 10:15:00,202.95,203.35,202.9,203.35,0
2024-10-24 11:15:00,203.35,203.4,203.15,203.3,0
2024-10-24 12:15:00,203.3,203.4,203.15,203.35,0
2024-10-24 13:15:00,203.35,203.45,203.25,203.45,0
2024-10-24 14:15:00,203.45,203.6,203.15,203.3,0
2024-10-24 15:15:00,203.3,203.35,203.15,203.2,0
2024-10-25 09:15:00,203.2,204.75,203.0,204.7,0
2024-10-25 10:15:00,204.7,205.75,204.45,205.3,0
2024-10-25 11:15:00,205.25,205.65,204.9,205.55,0
2024-10-25 12:15:00,205.55,205.9,205.45,205.65,0
2024-10-25 13:15:00,205.65,205.9,205.55,205.85,0
2024-10-25 14:15:00,205.85,206.05,205.2,205.25,0
2024-10-25 15:15:00,205.25,205.25,204.8,204.95,0
2024-10-28 09:15:00,204.7,205.7,204.3,204.35,0
2024-10-28 10:15:00,204.35,204.35,203.1,203.45,0
2024-10-28 11:15:00,203.45,203.5,202.75,202.75,0
2024-10-28 12:15:00,202.75,203.45,202.65,203.25,0
2024-10-28 13:15:00,203.25,203.7,202.95,203.6,0
2024-10-28 14:15:00,203.6,204.25,203.25,203.9,0
2024-10-28 15:15:00,203.9,204.0,203.7,203.75,0
2024-10-29 09:15:00,204.05,205.5,203.75,204.95,0
2024-10-29 10:15:00,204.95,205.65,204.8,205.2,0
2024-10-29 11:15:00,205.2,205.35,204.35,204.35,0
2024-10-29 12:15:00,204.35,204.55,203.9,204.1,0
2024-10-29 13:15:00,204.1,204.55,203.3,203.35,0
2024-10-29 14:15:00,203.35,203.55,202.75,202.85,0
2024-10-29 15:15:00,202.85,203.05,202.85,203.0,0
2024-10-30 09:15:00,203.75,204.0,203.25,203.35,0
2024-10-30 10:15:00,203.35,203.65,203.1,203.2,0
2024-10-30 11:15:00,203.2,203.4,202.95,203.2,0
2024-10-30 12:15:00,203.2,203.4,202.7,203.3,0
2024-10-30 13:15:00,203.25,204.15,203.25,204.15,0
2024-10-30 14:15:00,204.15,204.3,203.75,204.05,0
2024-10-30 15:15:00,204.05,204.1,203.85,203.95,0
2024-10-31 09:15:00,203.95,204.9,203.9,204.6,0
2024-10-31 10:15:00,204.6,204.9,204.6,204.75,0
2024-10-31 11:15:00,204.8,204.95,204.7,204.9,0
2024-10-31 12:15:00,204.9,205.3,204.9,205.1,0
2024-10-31 13:15:00,205.1,205.35,204.9,205.3,0
2024-10-31 14:15:00,205.35,205.45,205.0,205.15,0
2024-10-31 15:15:00,205.15,205.3,204.85,204.9,0
2024-11-01 18:00:00,204.4,204.55,203.85,204.4,0
2024-11-04 09:15:00,204.4,207.45,204.4,207.25,0
2024-11-04 10:15:00,207.25,208.5,207.05,208.3,0
2024-11-04 11:15:00,208.3,208.6,207.45,207.65,0
2024-11-04 12:15:00,207.7,208.25,207.55,207.85,0
2024-11-04 13:15:00,207.85,208.15,207.5,207.55,0
2024-11-04 14:15:00,207.6,207.7,206.95,207.05,0
2024-11-04 15:15:00,207.05,207.2,206.95,207.15,0
2024-11-05 09:15:00,207.8,207.85,206.85,207.35,0
2024-11-05 10:15:00,207.35,207.6,206.75,207.25,0
2024-11-05 11:15:00,207.25,208.45,207.15,208.15,0
2024-11-05 12:15:00,208.15,208.4,207.5,207.8,0
2024-11-05 13:15:00,207.8,207.95,205.6,205.65,0
2024-11-05 14:15:00,205.65,205.7,205.1,205.3,0
2024-11-05 15:15:00,205.3,205.45,205.15,205.35,0
2024-11-06 09:15:00,204.45,205.35,203.55,203.85,0
2024-11-06 10:15:00,203.85,204.7,203.75,203.95,0
2024-11-06 11:15:00,203.95,204.1,203.3,203.5,0
2024-11-06 12:15:00,203.5,203.7,203.1,203.2,0
2024-11-06 13:15:00,203.2,203.35,202.85,202.95,0
2024-11-06 14:15:00,202.95,203.3,202.5,203.1,0
2024-11-06 15:15:00,203.1,203.1,202.85,202.9,0
2024-11-07 09:15:00,202.95,205.35,202.85,205.2,0
2024-11-07 10:15:00,205.2,205.5,204.85,205.1,0
2024-11-07 11:15:00,205.1,205.5,205.1,205.4,0
2024-11-07 12:15:00,205.35,205.4,205.05,205.2,0
2024-11-07 13:15:00,205.2,205.5,205.15,205.25,0
2024-11-07 14:15:00,205.25,205.5,205.2,205.35,0
2024-11-07 15:15:00,205.35,205.45,205.25,205.45,0
2024-11-08 09:15:00,205.3,206.5,204.75,205.35,0
2024-11-08 10:15:00,205.35,205.8,205.25,205.65,0
2024-11-08 11:15:00,205.65,206.2,205.6,206.05,0
2024-11-08 12:15:00,206.05,206.1,205.65,205.65,0
2024-11-08 13:15:00,205.65,206.0,205.55,205.9,0
2024-11-08 14:15:00,205.95,206.05,205.65,205.8,0
2024-11-08 15:15:00,205.75,206.2,205.75,206.15,0
2024-11-11 09:15:00,206.45,207.15,205.7,206.15,0
2024-11-11 10:15:00,206.15,206.25,204.55,204.55,0
2024-11-11 11:15:00,204.55,205.2,204.35,205.05,0
2024-11-11 12:15:00,205.05,205.5,204.95,205.3,0
2024-11-11 13:15:00,205.3,206.3,205.25,206.3,0
2024-11-11 14:15:00,206.3,206.5,205.45,205.85,0
2024-11-11 15:15:00,205.85,206.2,205.8,206.15,0
2024-11-12 09:15:00,205.3,206.2,205.2,205.85,0
2024-11-12 10:15:00,205.85,206.35,205.5,206.05,0
2024-11-12 11:15:00,206.05,206.4,205.85,206.3,0
2024-11-12 12:15:00,206.3,207.4,206.15,207.3,0
2024-11-12 13:15:00,207.3,208.0,207.3,207.7,0
2024-11-12 14:15:00,207.7,208.4,207.3,208.35,0
2024-11-12 15:15:00,208.35,208.6,208.25,208.6,0
2024-11-13 09:15:00,208.8,209.95,208.35,209.9,0
2024-11-13 10:15:00,209.9,210.05,209.15,209.8,0
2024-11-13 11:15:00,209.8,210.05,209.65,210.0,0
2024-11-13 12:15:00,210.0,210.45,209.7,210.1,0
2024-11-13 13:15:00,210.1,210.45,209.7,210.25,0
2024-11-13 14:15:00,210.25,211.55,210.25,211.25,0
2024-11-13 15:15:00,211.25,211.25,210.6,210.7,0
2024-11-14 09:15:00,211.3,211.65,210.1,210.6,0
2024-11-14 10:15:00,210.6,211.8,210.6,211.75,0
2024-11-14 11:15:00,211.75,211.75,211.05,211.1,0
2024-11-14 12:15:00,211.1,211.55,211.1,211.25,0
2024-11-14 13:15:00,211.2,211.5,211.05,211.25,0
2024-11-14 14:15:00,211.25,211.8,211.2,211.3,0
2024-11-14 15:15:00,211.3,211.35,211.1,211.15,0
2024-11-18 09:15:00,210.85,213.05,210.85,212.25,0
2024-11-18 10:15:00,212.25,213.15,212.15,212.9,0
2024-11-18 11:15:00,212.9,212.9,211.95,212.0,0
2024-11-18 12:15:00,212.0,212.15,211.2,211.9,0
2024-11-18 13:15:00,211.9,212.3,211.75,211.95,0
2024-11-18 14:15:00,211.95,212.6,211.95,212.2,0
2024-11-18 15:15:00,212.2,212.25,212.05,212.15,0
2024-11-19 09:15:00,211.55,211.65,209.95,210.1,0
2024-11-19 10:15:00,210.1,210.2,209.6,209.7,0
2024-11-19 11:15:00,209.7,209.8,209.3,209.6,0
2024-11-19 12:15:00,209.6,209.8,209.45,209.5,0
2024-11-19 13:15:00,209.5,210.0,209.4,209.95,0
2024-11-19 14:15:00,209.95,211.95,209.8,211.9,0
2024-11-19 15:15:00,211.9,212.15,211.65,212.1,0
2024-11-21 09:15:00,212.0,214.05,211.95,213.65,0
2024-11-21 10:15:00,213.65,213.75,213.25,213.4,0
2024-11-21 11:15:00,213.4,213.45,213.1,213.25,0
2024-11-21 12:15:00,213.25,213.65,213.2,213.35,0
2024-11-21 13:15:00,213.35,213.4,213.15,213.35,0
2024-11-21 14:15:00,213.4,213.55,213.1,213.2,0
2024-11-21 15:15:00,213.2,213.35,213.1,213.3,0
2024-11-22 09:15:00,212.75,213.2,210.95,211.25,0
2024-11-22 10:15:00,211.25,212.4,211.1,211.6,0
2024-11-22 11:15:00,211.6,211.95,210.5,210.7,0
2024-11-22 12:15:00,210.7,210.95,209.9,210.1,0
2024-11-22 13:15:00,210.1,210.45,208.55,208.75,0
2024-11-22 14:15:00,208.8,209.2,207.75,208.1,0
2024-11-22 15:15:00,208.1,208.7,208.1,208.5,0
2024-11-25 09:15:00,205.3,205.6,204.65,205.25,0
2024-11-25 10:15:00,205.25,205.25,204.5,204.6,0
2024-11-25 11:15:00,204.6,205.25,204.45,204.85,0
2024-11-25 12:15:00,204.9,206.35,204.85,205.95,0
2024-11-25 13:15:00,205.95,206.1,205.55,205.75,0
2024-11-25 14:15:00,205.75,206.05,205.2,205.6,0
2024-11-25 15:15:00,205.6,205.6,205.25,205.35,0
2024-11-26 09:15:00,204.6,205.75,204.6,205.5,0
2024-11-26 10:15:00,205.5,206.15,205.5,205.7,0
2024-11-26 11:15:00,205.7,206.05,205.5,205.9,0
2024-11-26 12:15:00,205.9,206.35,205.9,206.15,0
2024-11-26 13:15:00,206.15,206.45,205.8,205.95,0
2024-11-26 14:15:00,205.95,206.05,205.45,205.8,0
2024-11-26 15:15:00,205.8,205.95,205.75,205.85,0
2024-11-27 09:15:00,205.8,206.3,205.55,205.85,0
2024-11-27 10:15:00,205.85,206.1,205.75,205.9,0
2024-11-27 11:15:00,205.9,206.2,205.7,205.85,0
2024-11-27 12:15:00,205.85,205.85,204.75,204.8,0
2024-11-27 13:15:00,204.8,205.1,204.55,205.1,0
2024-11-27 14:15:00,205.1,205.35,204.9,205.2,0
2024-11-27 15:15:00,205.2,205.3,205.15,205.2,0
2024-11-28 09:15:00,205.25,205.4,204.65,204.8,0
2024-11-28 10:15:00,204.8,207.1,204.75,206.8,0
2024-11-28 11:15:00,206.85,207.25,206.5,206.9,0
2024-11-28 12:15:00,206.9,207.8,206.75,207.75,0
2024-11-28 13:15:00,207.75,208.65,206.95,207.9,0
2024-11-28 14:15:00,207.9,208.55,207.5,208.3,0
2024-11-28 15:15:00,208.3,208.3,207.9,207.95,0
2024-11-29 09:15:00,208.25,208.25,206.95,207.85,0
2024-11-29 10:15:00,207.85,207.9,206.35,206.55,0
2024-11-29 11:15:00,206.55,206.95,206.35,206.55,0
2024-11-29 12:15:00,206.55,206.8,206.45,206.55,0
2024-11-29 13:15:00,206.55,206.65,206.2,206.65,0
2024-11-29 14:15:00,206.65,206.75,205.95,206.5,0
2024-11-29 15:15:00,206.5,206.6,206.35,206.5,0
2024-12-02 09:15:00,206.5,207.6,206.4,206.65,0
2024-12-02 10:15:00,206.7,206.85,206.15,206.55,0
2024-12-02 11:15:00,206.55,206.65,206.25,206.5,0
2024-12-02 12:15:00,206.5,206.5,206.05,206.3,0
2024-12-02 13:15:00,206.3,206.5,205.45,205.55,0
2024-12-02 14:15:00,205.55,205.6,205.1,205.35,0
2024-12-02 15:15:00,205.35,205.45,205.3,205.35,0
2024-12-03 09:15:00,204.6,205.3,204.5,204.85,0
2024-12-03 10:15:00,204.85,204.85,204.1,204.15,0
2024-12-03 11:15:00,204.15,204.3,203.9,204.15,0
2024-12-03 12:15:00,204.15,204.45,203.95,204.2,0
2024-12-03 13:15:00,204.2,204.3,203.7,203.8,0
2024-12-03 14:15:00,203.8,203.95,203.6,203.8,0
2024-12-03 15:15:00,203.8,204.05,203.75,203.9,0
2024-12-04 09:15:00,203.6,203.9,202.9,203.15,0
2024-12-04 10:15:00,203.15,203.45,203.05,203.25,0
2024-12-04 11:15:00,203.25,204.6,203.05,203.9,0
2024-12-04 12:15:00,203.9,204.05,203.5,203.65,0
2024-12-04 13:15:00,203.65,203.8,203.15,203.25,0
2024-12-04 14:15:00,203.25,204.2,203.2,203.75,0
2024-12-04 15:15:00,203.75,203.85,203.65,203.8,0
2024-12-05 09:15:00,203.2,204.4,203.2,204.35,0
2024-12-05 10:15:00,204.35,205.25,204.0,204.65,0
2024-12-05 11:15:00,204.65,204.95,202.65,202.8,0
2024-12-05 12:15:00,202.8,203.05,202.3,202.45,0
2024-12-05 13:15:00,202.4,202.95,201.35,201.55,0
2024-12-05 14:15:00,201.55,203.6,200.55,201.45,0
2024-12-05 15:15:00,201.45,201.9,201.35,201.85,0
2024-12-06 09:15:00,201.65,202.5,201.5,202.3,0
2024-12-06 10:15:00,202.3,202.55,201.5,201.85,0
2024-12-06 11:15:00,201.85,202.15,201.75,201.9,0
2024-12-06 12:15:00,201.9,202.05,201.7,201.85,0
2024-12-06 13:15:00,201.85,202.15,201.8,201.95,0
2024-12-06 14:15:00,201.95,202.25,201.9,202.0,0
2024-12-06 15:15:00,202.0,202.2,201.95,202.15,0
2024-12-09 09:15:00,202.55,202.95,202.0,202.95,0
2024-12-09 10:15:00,202.95,203.0,202.45,202.55,0
2024-12-09 11:15:00,202.55,202.6,202.1,202.35,0
2024-12-09 12:15:00,202.35,202.7,202.25,202.4,0
2024-12-09 13:15:00,202.4,202.8,202.3,202.7,0
2024-12-09 14:15:00,202.7,202.9,202.45,202.75,0
2024-12-09 15:15:00,202.75,202.75,202.55,202.6,0
2024-12-10 09:15:00,202.45,202.95,202.25,202.4,0
2024-12-10 10:15:00,202.4,202.75,202.35,202.45,0
2024-12-10 11:15:00,202.45,202.7,202.4,202.7,0
2024-12-10 12:15:00,202.7,203.4,202.7,203.3,0
2024-12-10 13:15:00,203.25,203.6,203.1,203.35,0
2024-12-10 14:15:00,203.35,203.5,202.7,202.75,0
2024-12-10 15:15:00,202.75,202.8,202.65,202.75,0
2024-12-11 09:15:00,202.75,203.05,202.5,202.7,0
2024-12-11 10:15:00,202.65,202.9,202.3,202.45,0
2024-12-11 11:15:00,202.45,202.55,202.15,202.4,0
2024-12-11 12:15:00,202.4,202.7,202.3,202.45,0
2024-12-11 13:15:00,202.45,202.55,202.35,202.5,0
2024-12-11 14:15:00,202.5,202.8,202.45,202.5,0
2024-12-11 15:15:00,202.5,202.7,202.5,202.65,0
2024-12-12 09:15:00,202.9,202.9,202.35,202.8,0
2024-12-12 10:15:00,202.8,203.05,202.7,202.9,0
2024-12-12 11:15:00,202.9,203.3,202.85,203.25,0
2024-12-12 12:15:00,203.25,203.35,203.1,203.2,0
2024-12-12 13:15:00,203.2,203.4,203.1,203.25,0
2024-12-12 14:15:00,203.25,203.55,203.15,203.35,0
2024-12-12 15:15:00,203.35,203.5,203.25,203.45,0
2024-12-13 09:15:00,203.8,205.1,203.65,205.0,0
2024-12-13 10:15:00,205.05,206.45,205.05,205.65,0
2024-12-13 11:15:00,205.65,205.75,203.0,203.3,0
2024-12-13 12:15:00,203.3,203.85,202.25,202.65,0
2024-12-13 13:15:00,202.65,203.2,201.7,201.95,0
2024-12-13 14:15:00,201.9,202.1,201.4,201.55,0
2024-12-13 15:15:00,201.55,201.65,201.4,201.45,0
2024-12-16 09:15:00,201.8,202.4,201.7,202.05,0
2024-12-16 10:15:00,202.05,202.9,202.05,202.85,0
2024-12-16 11:15:00,202.85,203.05,202.55,203.0,0
2024-12-16 12:15:00,203.0,203.05,202.5,202.55,0
2024-12-16 13:15:00,202.55,202.8,202.35,202.6,0
2024-12-16 14:15:00,202.6,202.7,202.25,202.55,0
2024-12-16 15:15:00,202.55,202.7,202.5,202.7,0
2024-12-17 09:15:00,203.25,203.9,202.9,203.8,0
2024-12-17 10:15:00,203.8,204.9,203.75,204.2,0
2024-12-17 11:15:00,204.2,205.05,204.05,204.9,0
2024-12-17 12:15:00,204.95,205.1,204.25,205.0,0
2024-12-17 13:15:00,205.0,205.4,204.85,205.3,0
2024-12-17 14:15:00,205.3,205.55,205.05,205.3,0
2024-12-17 15:15:00,205.3,205.45,205.2,205.4,0
2024-12-18 09:15:00,205.65,206.2,204.85,206.15,0
2024-12-18 10:15:00,206.15,206.4,205.5,206.35,0
2024-12-18 11:15:00,206.35,206.4,205.9,206.3,0
2024-12-18 12:15:00,206.3,206.9,206.05,206.3,0
2024-12-18 13:15:00,206.3,206.75,206.15,206.5,0
2024-12-18 14:15:00,206.5,206.75,206.4,206.55,0
2024-12-18 15:15:00,206.55,206.55,206.35,206.35,0
2024-12-19 09:15:00,209.25,209.25,208.2,208.8,0
2024-12-19 10:15:00,208.8,208.9,208.45,208.7,0
2024-12-19 11:15:00,208.7,208.7,208.15,208.3,0
2024-12-19 12:15:00,208.3,208.65,208.25,208.5,0
2024-12-19 13:15:00,208.5,208.75,208.4,208.5,0
2024-12-19 14:15:00,208.55,208.75,208.5,208.65,0
2024-12-19 15:15:00,208.7,208.75,208.5,208.55,0
2024-12-20 09:15:00,208.6,209.9,207.7,209.55,0
2024-12-20 10:15:00,209.55,209.7,208.3,208.6,0
2024-12-20 11:15:00,208.6,209.2,208.6,209.2,0
2024-12-20 12:15:00,209.2,210.7,209.2,210.6,0
2024-12-20 13:15:00,210.65,211.05,210.25,210.95,0
2024-12-20 14:15:00,210.95,212.25,210.65,212.25,0
2024-12-20 15:15:00,212.25,212.25,211.45,211.45,0
2024-12-23 09:15:00,210.6,210.95,210.0,210.3,0
2024-12-23 10:15:00,210.3,210.7,209.6,209.75,0
2024-12-23 11:15:00,209.75,210.55,209.4,210.3,0
2024-12-23 12:15:00,210.35,211.2,210.2,211.1,0
2024-12-23 13:15:00,211.1,211.4,210.85,210.95,0
2024-12-23 14:15:00,210.95,211.0,210.3,210.4,0
2024-12-23 15:15:00,210.4,210.55,210.3,210.5,0
2024-12-24 09:15:00,210.35,210.9,209.9,210.05,0
2024-12-24 10:15:00,210.05,210.1,209.5,209.85,0
2024-12-24 11:15:00,209.85,210.2,209.65,210.15,0
2024-12-24 12:15:00,210.15,210.4,209.95,210.25,0
2024-12-24 13:15:00,210.25,210.7,210.1,210.45,0
2024-12-24 14:15:00,210.45,210.85,210.4,210.8,0
2024-12-24 15:15:00,210.8,210.85,210.55,210.7,0
2024-12-26 09:15:00,210.4,210.8,209.7,210.6,0
2024-12-26 10:15:00,210.65,211.05,210.45,210.55,0
2024-12-26 11:15:00,210.55,210.8,210.4,210.75,0
2024-12-26 12:15:00,210.75,210.8,210.6,210.6,0
2024-12-26 13:15:00,210.6,211.45,210.4,210.65,0
2024-12-26 14:15:00,210.65,210.75,210.5,210.6,0
2024-12-26 15:15:00,210.6,210.7,210.45,210.55,0
2024-12-27 09:15:00,210.2,210.2,209.05,209.1,0
2024-12-27 10:15:00,209.1,209.45,209.0,209.3,0
2024-12-27 11:15:00,209.3,209.85,209.25,209.8,0
2024-12-27 12:15:00,209.8,209.95,209.55,209.7,0
2024-12-27 13:15:00,209.75,209.9,209.6,209.85,0
2024-12-27 14:15:00,209.85,210.2,209.8,210.15,0
2024-12-27 15:15:00,210.15,210.2,209.85,209.95,0
2024-12-30 09:15:00,210.35,211.15,210.2,210.5,0
2024-12-30 10:15:00,210.5,210.65,209.95,210.45,0
2024-12-30 11:15:00,210.45,210.5,209.3,209.6,0
2024-12-30 12:15:00,209.6,210.8,209.6,210.6,0
2024-12-30 13:15:00,210.6,211.8,210.4,211.75,0
2024-12-30 14:15:00,211.75,212.1,211.15,211.95,0
2024-12-30 15:15:00,211.95,211.95,211.4,211.75,0
2024-12-31 09:15:00,212.5,213.4,212.3,213.3,0
2024-12-31 10:15:00,213.3,213.3,212.05,212.05,0
2024-12-31 11:15:00,212.05,212.45,212.0,212.25,0
2024-12-31 12:15:00,212.25,212.35,211.9,212.2,0
2024-12-31 13:15:00,212.2,212.3,211.35,211.4,0
2024-12-31 14:15:00,211.45,211.95,211.4,211.7,0
2024-12-31 15:15:00,211.7,211.8,211.5,211.55,0
2025-01-01 09:15:00,211.85,212.5,211.45,211.9,0
2025-01-01 10:15:00,211.9,212.05,210.75,210.8,0
2025-01-01 11:15:00,210.8,211.5,210.6,211.15,0
2025-01-01 12:15:00,211.15,211.2,210.65,211.05,0
2025-01-01 13:15:00,211.05,211.05,210.2,210.5,0
2025-01-01 14:15:00,210.5,211.1,210.4,210.95,0
2025-01-01 15:15:00,210.95,211.0,210.65,210.75,0
2025-01-02 09:15:00,210.6,210.85,209.75,210.15,0
2025-01-02 10:15:00,210.15,210.15,209.0,209.15,0
2025-01-02 11:15:00,209.15,209.4,208.9,209.2,0
2025-01-02 12:15:00,209.2,209.3,207.85,207.9,0
2025-01-02 13:15:00,207.9,207.95,207.3,207.35,0
2025-01-02 14:15:00,207.35,207.35,206.65,207.0,0
2025-01-02 15:15:00,207.0,207.2,206.95,207.15,0
2025-01-03 09:15:00,206.95,208.35,206.95,208.25,0
2025-01-03 10:15:00,208.25,208.65,208.0,208.15,0
2025-01-03 11:15:00,208.15,208.2,207.35,207.65,0
2025-01-03 12:15:00,207.65,208.2,207.6,207.8,0
2025-01-03 13:15:00,207.8,208.45,207.65,208.35,0
2025-01-03 14:15:00,208.35,208.85,208.15,208.55,0
2025-01-03 15:15:00,208.55,208.85,208.45,208.7,0
2025-01-06 09:15:00,208.35,209.5,207.95,208.5,0
2025-01-06 10:15:00,208.5,211.1,208.25,210.95,0
2025-01-06 11:15:00,210.95,212.2,210.5,211.2,0
2025-01-06 12:15:00,211.2,211.55,210.65,211.2,0
2025-01-06 13:15:00,211.2,212.2,211.2,212.0,0
2025-01-06 14:15:00,212.0,212.65,211.7,212.35,0
2025-01-06 15:15:00,212.35,212.4,211.9,211.95,0
2025-01-07 09:15:00,211.55,211.9,210.5,210.95,0
2025-01-07 10:15:00,210.9,211.3,210.75,211.1,0
2025-01-07 11:15:00,211.1,211.25,210.75,211.2,0
2025-01-07 12:15:00,211.2,211.3,211.0,211.1,0
2025-01-07 13:15:00,211.15,211.5,210.8,211.2,0
2025-01-07 14:15:00,211.2,211.5,211.05,211.35,0
2025-01-07 15:15:00,211.3,211.5,211.25,211.45,0
2025-01-08 09:15:00,211.0,212.1,210.95,211.65,0
2025-01-08 10:15:00,211.65,212.7,211.55,212.55,0
2025-01-08 11:15:00,212.55,212.95,212.25,212.95,0
2025-01-08 12:15:00,212.95,213.2,212.65,212.85,0
2025-01-08 13:15:00,212.85,213.0,211.4,211.45,0
2025-01-08 14:15:00,211.45,211.9,211.15,211.35,0
2025-01-08 15:15:00,211.35,211.65,211.35,211.6,0
2025-01-09 09:15:00,211.65,212.4,211.6,212.0,0
2025-01-09 10:15:00,212.0,212.9,211.85,212.65,0
2025-01-09 11:15:00,212.65,212.9,212.55,212.65,0
2025-01-09 12:15:00,212.7,213.0,212.2,212.8,0
2025-01-09 13:15:00,212.8,213.05,212.75,212.9,0
2025-01-09 14:15:00,212.9,213.2,212.8,213.05,0
2025-01-09 15:15:00,213.05,213.1,212.7,212.7,0
2025-01-10 09:15:00,212.8,214.7,212.4,214.2,0
2025-01-10 10:15:00,214.2,214.35,212.75,212.75,0
2025-01-10 11:15:00,212.75,213.45,212.4,213.05,0
2025-01-10 12:15:00,213.05,213.3,212.65,213.1,0
2025-01-10 13:15:00,213.1,213.8,212.95,213.8,0
2025-01-10 14:15:00,213.8,214.2,213.7,214.05,0
2025-01-10 15:15:00,214.05,214.05,213.75,213.85,0
2025-01-13 09:15:00,216.15,216.35,215.45,215.5,0
2025-01-13 10:15:00,215.45,215.6,214.85,215.45,0
2025-01-13 11:15:00,215.45,216.05,215.2,216.0,0
2025-01-13 12:15:00,216.0,216.45,215.8,216.35,0
2025-01-13 13:15:00,216.35,217.0,216.2,216.9,0
2025-01-13 14:15:00,216.9,217.5,216.7,217.1,0
2025-01-13 15:15:00,217.1,217.2,217.0,217.1,0
2025-01-14 09:15:00,216.45,216.7,215.9,216.55,0
2025-01-14 10:15:00,216.55,216.75,215.5,215.55,0
2025-01-14 11:15:00,215.55,216.4,215.55,216.3,0
2025-01-14 12:15:00,216.3,216.65,216.15,216.45,0
2025-01-14 13:15:00,216.4,216.65,216.25,216.3,0
2025-01-14 14:15:00,216.3,216.6,216.15,216.4,0
2025-01-14 15:15:00,216.4,216.4,215.9,216.05,0
2025-01-15 09:15:00,215.7,216.5,215.5,216.0,0
2025-01-15 10:15:00,216.0,216.0,215.3,215.65,0
2025-01-15 11:15:00,215.65,216.1,215.55,215.95,0
2025-01-15 12:15:00,215.95,216.2,215.55,216.05,0
2025-01-15 13:15:00,216.05,216.65,216.05,216.35,0
2025-01-15 14:15:00,216.35,216.55,215.9,216.05,0
2025-01-15 15:15:00,216.05,216.25,215.9,215.9,0
2025-01-16 09:15:00,214.55,215.35,214.5,215.2,0
2025-01-16 10:15:00,215.2,215.5,215.1,215.35,0
2025-01-16 11:15:00,215.35,215.45,215.2,215.3,0
2025-01-16 12:15:00,215.25,215.35,215.0,215.1,0
2025-01-16 13:15:00,215.1,215.15,214.9,214.95,0
2025-01-16 14:15:00,214.95,215.35,214.95,215.2,0
2025-01-16 15:15:00,215.2,215.25,214.75,214.8,0
2025-01-17 09:15:00,215.5,216.5,215.5,216.2,0
2025-01-17 10:15:00,216.2,217.15,215.6,216.85,0
2025-01-17 11:15:00,216.85,216.95,216.05,216.15,0
2025-01-17 12:15:00,216.15,216.25,215.65,216.25,0
2025-01-17 13:15:00,216.25,216.6,216.15,216.25,0
2025-01-17 14:15:00,216.25,216.35,215.8,216.25,0
2025-01-17 15:15:00,216.25,216.3,216.15,216.2,0
2025-01-20 09:15:00,215.5,216.6,215.35,216.1,0
2025-01-20 10:15:00,216.1,216.1,215.55,215.65,0
2025-01-20 11:15:00,215.65,215.65,214.7,215.0,0
2025-01-20 12:15:00,215.0,215.15,214.75,214.85,0
2025-01-20 13:15:00,214.85,215.15,214.55,214.85,0
2025-01-20 14:15:00,214.85,215.15,214.8,214.9,0
2025-01-20 15:15:00,214.95,215.15,214.9,215.05,0
2025-01-21 09:15:00,214.3,215.9,214.3,215.75,0
2025-01-21 10:15:00,215.75,217.0,215.75,216.7,0
2025-01-21 11:15:00,216.7,216.9,214.3,215.6,0
2025-01-21 12:15:00,215.6,217.2,215.5,215.85,0
2025-01-21 13:15:00,215.9,217.1,215.45,216.35,0
2025-01-21 14:15:00,216.4,218.4,216.3,218.0,0
2025-01-21 15:15:00,218.0,218.0,217.65,217.7,0
2025-01-22 09:15:00,217.3,217.75,217.05,217.35,0
2025-01-22 10:15:00,217.35,217.65,216.9,217.65,0
2025-01-22 11:15:00,217.65,218.15,217.5,217.9,0
2025-01-22 12:15:00,217.9,218.35,217.75,217.85,0
2025-01-22 13:15:00,217.85,218.45,217.45,217.65,0
2025-01-22 14:15:00,217.65,217.75,216.65,216.7,0
2025-01-22 15:15:00,216.7,216.85,216.7,216.75,0
2025-01-23 09:15:00,217.05,217.4,216.1,216.25,0
2025-01-23 10:15:00,216.25,216.4,215.95,216.2,0
2025-01-23 11:15:00,216.2,216.4,216.05,216.1,0
2025-01-23 12:15:00,216.1,216.2,215.75,215.95,0
2025-01-23 13:15:00,216.0,216.15,215.85,216.0,0
2025-01-23 14:15:00,216.05,216.4,215.95,216.4,0
2025-01-23 15:15:00,216.4,216.5,216.25,216.25,0
2025-01-24 09:15:00,216.6,217.1,215.6,216.85,0
2025-01-24 10:15:00,216.85,217.35,215.6,215.7,0
2025-01-24 11:15:00,215.7,215.95,215.05,215.5,0
2025-01-24 12:15:00,215.5,216.75,215.35,216.3,0
2025-01-24 13:15:00,216.3,217.0,216.3,217.0,0
2025-01-24 14:15:00,217.0,217.85,216.75,217.6,0
2025-01-24 15:15:00,217.6,217.6,217.3,217.45,0
2025-01-27 09:15:00,219.0,219.25,218.35,218.7,0
2025-01-27 10:15:00,218.7,220.05,218.7,219.7,0
2025-01-27 11:15:00,219.7,219.8,219.0,219.55,0
2025-01-27 12:15:00,219.55,219.95,218.95,219.5,0
2025-01-27 13:15:00,219.5,220.1,219.45,220.0,0
2025-01-27 14:15:00,220.0,220.45,219.75,219.95,0
2025-01-27 15:15:00,220.0,220.2,219.95,220.15,0
2025-01-28 09:15:00,218.8,219.8,218.75,219.6,0
2025-01-28 10:15:00,219.55,219.8,218.55,218.8,0
2025-01-28 11:15:00,218.85,218.95,218.05,218.1,0
2025-01-28 12:15:00,218.1,218.45,217.75,217.8,0
2025-01-28 13:15:00,217.8,218.2,217.7,217.95,0
2025-01-28 14:15:00,217.95,219.3,217.1,218.75,0
2025-01-28 15:15:00,218.75,218.9,218.6,218.65,0
2025-01-29 09:15:00,218.25,218.7,217.55,217.85,0
2025-01-29 10:15:00,217.85,217.95,217.3,217.65,0
2025-01-29 11:15:00,217.65,218.65,217.25,217.35,0
2025-01-29 12:15:00,217.35,217.65,216.9,217.4,0
2025-01-29 13:15:00,217.4,217.45,216.75,216.8,0
2025-01-29 14:15:00,216.8,217.4,216.75,216.95,0
2025-01-29 15:15:00,216.95,217.0,216.75,216.85,0
2025-01-30 09:15:00,216.9,217.2,215.7,215.95,0
2025-01-30 10:15:00,215.95,216.4,215.6,215.8,0
2025-01-30 11:15:00,215.8,216.35,215.7,216.15,0
2025-01-30 12:15:00,216.15,216.35,215.8,216.05,0
2025-01-30 13:15:00,216.05,217.15,216.0,216.95,0
2025-01-30 14:15:00,216.9,217.2,216.1,216.15,0
2025-01-30 15:15:00,216.15,216.2,215.5,215.7,0
2025-01-31 09:15:00,215.75,215.9,214.75,215.35,0
2025-01-31 10:15:00,215.35,215.45,214.4,214.6,0
2025-01-31 11:15:00,214.6,214.9,214.35,214.4,0
2025-01-31 12:15:00,214.4,214.55,213.85,213.85,0
2025-01-31 13:15:00,213.85,214.55,213.6,214.35,0
2025-01-31 14:15:00,214.35,214.6,213.7,213.75,0
2025-01-31 15:15:00,213.75,213.9,213.45,213.55,0
2025-02-01 09:15:00,213.65,214.1,213.05,213.4,0
2025-02-01 10:15:00,213.4,213.65,213.0,213.15,0
2025-02-01 11:15:00,213.15,215.15,212.7,214.4,0
2025-02-01 12:15:00,214.35,215.5,213.45,215.05,0
2025-02-01 13:15:00,215.05,215.35,213.6,213.7,0
2025-02-01 14:15:00,213.7,214.3,213.45,214.1,0
2025-02-01 15:15:00,214.1,214.25,213.9,213.95,0
2025-02-03 09:15:00,215.65,216.5,215.4,216.15,0
2025-02-03 10:15:00,216.15,216.35,215.55,215.6,0
2025-02-03 11:15:00,215.6,216.25,215.45,215.8,0
2025-02-03 12:15:00,215.8,216.2,215.25,215.25,0
2025-02-03 13:15:00,215.25,215.75,215.15,215.4,0
2025-02-03 14:15:00,215.4,215.55,215.05,215.2,0
2025-02-03 15:15:00,215.2,215.35,215.15,215.25,0
2025-02-04 09:15:00,213.9,214.15,213.25,213.9,0
2025-02-04 10:15:00,213.9,214.7,213.7,213.95,0
2025-02-04 11:15:00,213.95,214.05,212.95,213.4,0
2025-02-04 12:15:00,213.4,213.45,212.7,212.7,0
2025-02-04 13:15:00,212.7,212.85,212.05,212.6,0
2025-02-04 14:15:00,212.65,212.75,211.6,211.75,0
2025-02-04 15:15:00,211.75,212.2,211.75,212.1,0
2025-02-05 09:15:00,211.3,211.95,211.25,211.75,0
2025-02-05 10:15:00,211.75,211.95,211.4,211.9,0
2025-02-05 11:15:00,211.9,212.05,211.65,211.9,0
2025-02-05 12:15:00,211.9,212.05,211.7,211.7,0
2025-02-05 13:15:00,211.7,211.9,211.5,211.8,0
2025-02-05 14:15:00,211.8,212.35,211.7,212.2,0
2025-02-05 15:15:00,212.2,212.3,212.2,212.3,0
2025-02-06 09:15:00,211.65,212.95,211.6,212.85,0
2025-02-06 10:15:00,212.85,213.05,212.6,212.95,0
2025-02-06 11:15:00,213.0,213.15,212.9,212.95,0
2025-02-06 12:15:00,212.95,213.35,212.85,213.25,0
2025-02-06 13:15:00,213.25,213.45,213.1,213.35,0
2025-02-06 14:15:00,213.35,213.5,213.0,213.15,0
2025-02-06 15:15:00,213.15,213.2,212.8,212.85,0
2025-02-07 09:15:00,212.7,213.45,212.55,213.05,0
2025-02-07 10:15:00,213.05,214.1,212.9,213.0,0
2025-02-07 11:15:00,213.0,213.4,212.3,213.4,0
2025-02-07 12:15:00,213.4,213.7,213.05,213.65,0
2025-02-07 13:15:00,213.65,214.5,213.25,214.4,0
2025-02-07 14:15:00,214.4,214.55,213.4,213.4,0
2025-02-07 15:15:00,213.4,213.55,213.25,213.5,0
2025-02-10 09:15:00,213.8,215.4,213.7,215.3,0
2025-02-10 10:15:00,215.35,215.45,215.05,215.05,0
2025-02-10 11:15:00,215.05,215.65,215.05,215.5,0
2025-02-10 12:15:00,215.5,215.65,215.35,215.5,0
2025-02-10 13:15:00,215.5,215.85,215.3,215.75,0
2025-02-10 14:15:00,215.75,215.85,215.0,215.25,0
2025-02-10 15:15:00,215.25,215.35,215.2,215.3,0
2025-02-11 09:15:00,215.25,216.3,215.25,216.25,0
2025-02-11 10:15:00,216.25,216.5,216.05,216.25,0
2025-02-11 11:15:00,216.2,216.55,216.0,216.45,0
2025-02-11 12:15:00,216.45,218.55,216.45,218.5,0
2025-02-11 13:15:00,218.5,218.9,217.85,218.3,0
2025-02-11 14:15:00,218.3,218.75,217.7,218.1,0
2025-02-11 15:15:00,218.1,218.25,218.05,218.15,0
2025-02-12 09:15:00,218.4,220.6,218.1,220.45,0
2025-02-12 10:15:00,220.45,220.75,219.3,219.55,0
2025-02-12 11:15:00,219.55,219.85,218.1,218.45,0
2025-02-12 12:15:00,218.45,218.9,217.7,217.9,0
2025-02-12 13:15:00,217.85,219.2,217.5,218.85,0
2025-02-12 14:15:00,218.85,219.25,218.3,218.35,0
2025-02-12 15:15:00,218.35,218.45,218.25,218.3,0
2025-02-13 09:15:00,218.35,218.95,217.1,217.25,0
2025-02-13 10:15:00,217.25,217.65,216.9,217.2,0
2025-02-13 11:15:00,217.2,217.2,216.65,217.05,0
2025-02-13 12:15:00,217.05,217.45,216.9,217.45,0
2025-02-13 13:15:00,217.45,218.6,217.2,218.3,0
2025-02-13 14:15:00,218.3,218.85,218.2,218.6,0
2025-02-13 15:15:00,218.6,218.75,218.5,218.7,0
2025-02-14 09:15:00,218.0,218.85,217.65,218.55,0
2025-02-14 10:15:00,218.55,220.4,218.15,219.95,0
2025-02-14 11:15:00,219.95,220.65,219.65,220.45,0
2025-02-14 12:15:00,220.45,221.05,220.2,220.75,0
2025-02-14 13:15:00,220.8,221.05,220.35,220.8,0
2025-02-14 14:15:00,220.8,220.85,219.25,219.55,0
2025-02-14 15:15:00,219.55,219.9,219.55,219.9,0
2025-02-17 09:15:00,220.85,221.65,220.25,221.35,0
2025-02-17 10:15:00,221.35,221.4,219.75,220.9,0
2025-02-17 11:15:00,220.9,220.95,220.1,220.75,0
2025-02-17 12:15:00,220.7,221.0,220.0,220.6,0
2025-02-17 13:15:00,220.6,220.65,219.45,220.1,0
2025-02-17 14:15:00,220.1,220.15,219.3,219.3,0
2025-02-17 15:15:00,219.3,219.45,219.3,219.35,0
2025-02-18 09:15:00,219.4,220.35,219.15,220.1,0
2025-02-18 10:15:00,220.1,220.95,219.95,220.85,0
2025-02-18 11:15:00,220.85,220.9,220.0,220.4,0
2025-02-18 12:15:00,220.4,220.6,219.95,220.3,0
2025-02-18 13:15:00,220.3,220.3,219.7,219.85,0
2025-02-18 14:15:00,219.85,219.95,219.35,219.55,0
2025-02-18 15:15:00,219.55,219.85,219.55,219.85,0
2025-02-19 09:15:00,220.55,220.85,219.15,219.25,0
2025-02-19 10:15:00,219.25,219.85,218.65,219.4,0
2025-02-19 11:15:00,219.35,219.6,219.0,219.1,0
2025-02-19 12:15:00,219.1,219.95,218.9,219.7,0
2025-02-19 13:15:00,219.7,219.85,219.5,219.6,0
2025-02-19 14:15:00,219.6,220.45,219.55,219.7,0
2025-02-19 15:15:00,219.7,219.95,219.7,219.9,0
2025-02-20 09:15:00,220.85,220.95,220.1,220.35,0
2025-02-20 10:15:00,220.35,220.4,220.0,220.0,0
2025-02-20 11:15:00,220.0,220.3,219.95,220.2,0
2025-02-20 12:15:00,220.2,220.4,220.0,220.3,0
2025-02-20 13:15:00,220.3,220.35,219.9,220.1,0
2025-02-20 14:15:00,220.1,220.15,219.9,219.95,0
2025-02-20 15:15:00,219.95,220.05,219.9,220.05,0
2025-02-21 09:15:00,220.55,221.5,219.95,221.5,0
2025-02-21 10:15:00,221.5,221.75,221.1,221.4,0
2025-02-21 11:15:00,221.4,221.6,220.9,221.25,0
2025-02-21 12:15:00,221.25,221.5,220.85,221.35,0
2025-02-21 13:15:00,221.35,221.85,221.25,221.3,0
2025-02-21 14:15:00,221.3,221.5,221.0,221.0,0
2025-02-21 15:15:00,221.0,221.45,221.0,221.45,0
2025-02-24 09:15:00,223.05,223.55,222.5,223.4,0
2025-02-24 10:15:00,223.4,223.65,223.35,223.45,0
2025-02-24 11:15:00,223.45,223.55,222.95,223.55,0
2025-02-24 12:15:00,223.55,223.6,223.25,223.4,0
2025-02-24 13:15:00,223.4,223.9,223.35,223.7,0
2025-02-24 14:15:00,223.7,223.75,223.25,223.6,0
2025-02-24 15:15:00,223.6,223.7,223.5,223.65,0
2025-02-25 09:15:00,224.0,224.0,222.95,223.2,0
2025-02-25 10:15:00,223.2,223.65,223.15,223.5,0
2025-02-25 11:15:00,223.5,223.75,223.35,223.45,0
2025-02-25 12:15:00,223.45,223.5,223.2,223.25,0
2025-02-25 13:15:00,223.25,223.45,223.25,223.35,0
2025-02-25 14:15:00,223.35,223.7,223.35,223.65,0
2025-02-25 15:15:00,223.65,224.0,223.6,223.9,0
2025-02-27 09:15:00,223.6,223.95,223.2,223.85,0
2025-02-27 10:15:00,223.85,224.0,223.6,223.75,0
2025-02-27 11:15:00,223.75,224.05,223.7,224.0,0
2025-02-27 12:15:00,224.0,224.1,223.9,224.0,0
2025-02-27 13:15:00,224.0,224.0,223.75,223.8,0
2025-02-27 14:15:00,223.8,223.9,223.7,223.85,0
2025-02-27 15:15:00,223.85,224.15,223.8,224.1,0
2025-02-28 09:15:00,224.95,227.05,224.8,226.65,0
2025-02-28 10:15:00,226.65,226.85,226.3,226.8,0
2025-02-28 11:15:00,226.8,227.1,226.5,227.05,0
2025-02-28 12:15:00,227.05,228.2,226.75,228.0,0
2025-02-28 13:15:00,228.0,228.15,227.65,227.9,0
2025-02-28 14:15:00,227.9,228.1,227.3,228.0,0
2025-02-28 15:15:00,228.0,228.2,228.0,228.0,0
2025-03-03 09:15:00,227.4,229.3,226.75,229.15,0
2025-03-03 10:15:00,229.15,229.35,228.35,229.1,0
2025-03-03 11:15:00,229.1,229.35,228.85,228.85,0
2025-03-03 12:15:00,228.85,229.05,227.8,227.8,0
2025-03-03 13:15:00,227.85,228.7,227.65,228.15,0
2025-03-03 14:15:00,228.15,228.45,227.85,228.2,0
2025-03-03 15:15:00,228.2,228.3,227.9,227.95,0
2025-03-04 09:15:00,229.7,229.8,228.5,228.95,0
2025-03-04 10:15:00,228.95,228.95,228.4,228.6,0
2025-03-04 11:15:00,228.6,228.95,228.55,228.85,0
2025-03-04 12:15:00,228.85,229.1,228.7,228.85,0
2025-03-04 13:15:00,228.9,229.05,228.35,228.55,0
2025-03-04 14:15:00,228.55,228.7,228.4,228.6,0
2025-03-04 15:15:00,228.6,228.8,228.5,228.65,0
2025-03-05 09:15:00,228.75,228.75,226.75,227.05,0
2025-03-05 10:15:00,227.05,227.3,226.45,226.6,0
2025-03-05 11:15:00,226.6,226.65,225.6,225.75,0
2025-03-05 12:15:00,225.75,226.05,225.4,225.9,0
2025-03-05 13:15:00,225.9,226.4,225.75,226.1,0
2025-03-05 14:15:00,226.1,226.5,225.85,226.0,0
2025-03-05 15:15:00,226.05,226.1,225.85,225.9,0
2025-03-06 09:15:00,224.65,226.95,224.55,226.1,0
2025-03-06 10:15:00,226.1,226.2,224.85,225.05,0
2025-03-06 11:15:00,225.05,226.2,225.0,225.3,0
2025-03-06 12:15:00,225.3,225.35,224.55,224.75,0
2025-03-06 13:15:00,224.75,224.9,224.1,224.3,0
2025-03-06 14:15:00,224.3,224.5,223.85,223.9,0
2025-03-06 15:15:00,223.9,224.2,223.85,224.1,0
2025-03-07 09:15:00,224.35,224.75,223.4,223.4,0
2025-03-07 10:15:00,223.4,223.75,223.2,223.3,0
2025-03-07 11:15:00,223.3,224.25,223.1,224.15,0
2025-03-07 12:15:00,224.15,224.35,223.6,224.05,0
2025-03-07 13:15:00,224.05,224.2,223.7,223.9,0
2025-03-07 14:15:00,223.9,223.95,223.35,223.85,0
2025-03-07 15:15:00,223.85,224.15,223.85,224.05,0
2025-03-10 09:15:00,224.35,224.5,222.8,223.25,0
2025-03-10 10:15:00,223.25,223.5,223.05,223.4,0
2025-03-10 11:15:00,223.4,223.75,223.1,223.65,0
2025-03-10 12:15:00,223.7,223.9,223.35,223.55,0
2025-03-10 13:15:00,223.55,224.2,223.55,224.05,0
2025-03-10 14:15:00,224.05,225.25,224.05,224.85,0
2025-03-10 15:15:00,224.85,225.2,224.8,225.15,0
2025-03-11 09:15:00,226.1,226.4,225.3,225.35,0
2025-03-11 10:15:00,225.35,225.6,224.75,225.05,0
2025-03-11 11:15:00,225.05,225.45,225.05,225.2,0
2025-03-11 12:15:00,225.2,225.3,224.9,225.1,0
2025-03-11 13:15:00,225.1,225.2,224.5,224.55,0
2025-03-11 14:15:00,224.55,224.9,224.4,224.6,0
2025-03-11 15:15:00,224.6,224.65,224.35,224.4,0
2025-03-12 09:15:00,224.25,225.45,223.9,225.35,0
2025-03-12 10:15:00,225.4,225.65,225.0,225.45,0
2025-03-12 11:15:00,225.45,226.3,225.4,225.95,0
2025-03-12 12:15:00,225.95,226.3,225.55,225.6,0
2025-03-12 13:15:00,225.6,225.7,225.15,225.25,0
2025-03-12 14:15:00,225.25,225.3,224.7,224.9,0
2025-03-12 15:15:00,224.9,225.1,224.9,224.95,0
2025-03-13 09:15:00,224.25,225.05,224.2,224.2,0
2025-03-13 10:15:00,224.2,224.85,224.05,224.45,0
2025-03-13 11:15:00,224.45,225.6,224.45,225.2,0
2025-03-13 12:15:00,225.25,225.4,225.05,225.35,0
2025-03-13 13:15:00,225.35,225.45,225.1,225.35,0
2025-03-13 14:15:00,225.35,225.9,225.3,225.65,0
2025-03-13 15:15:00,225.65,225.85,225.55,225.8,0
2025-03-17 09:15:00,226.3,226.3,224.05,224.65,0
2025-03-17 10:15:00,224.65,225.25,224.65,225.05,0
2025-03-17 11:15:00,225.0,225.1,224.5,224.7,0
2025-03-17 12:15:00,224.7,225.4,224.7,225.15,0
2025-03-17 13:15:00,225.15,225.15,224.5,224.6,0
2025-03-17 14:15:00,224.6,225.0,224.5,224.7,0
2025-03-17 15:15:00,224.7,224.75,224.6,224.65,0
2025-03-18 09:15:00,223.2,223.85,222.35,222.4,0
2025-03-18 10:15:00,222.4,222.55,222.1,222.25,0
2025-03-18 11:15:00,222.25,222.4,222.05,222.15,0
2025-03-18 12:15:00,222.15,222.85,222.15,222.25,0
2025-03-18 13:15:00,222.2,222.25,221.85,222.1,0
2025-03-18 14:15:00,222.1,222.15,221.4,221.4,0
2025-03-18 15:15:00,221.4,221.5,221.25,221.35,0
2025-03-19 09:15:00,221.15,221.8,221.05,221.25,0
2025-03-19 10:15:00,221.25,221.25,220.75,220.85,0
2025-03-19 11:15:00,220.9,221.15,220.85,221.05,0
2025-03-19 12:15:00,221.05,221.05,220.5,220.85,0
2025-03-19 13:15:00,220.85,220.9,220.65,220.8,0
2025-03-19 14:15:00,220.8,220.85,220.55,220.8,0
2025-03-19 15:15:00,220.8,220.95,220.75,220.8,0
2025-03-20 09:15:00,219.6,220.25,219.3,220.1,0
2025-03-20 10:15:00,220.1,220.15,219.3,219.35,0
2025-03-20 11:15:00,219.35,219.55,219.25,219.3,0
2025-03-20 12:15:00,219.25,219.3,218.55,218.6,0
2025-03-20 13:15:00,218.6,218.7,218.0,218.2,0
2025-03-20 14:15:00,218.2,218.35,217.9,218.2,0
2025-03-20 15:15:00,218.2,218.4,218.15,218.4,0
2025-03-21 09:15:00,218.4,218.7,217.35,217.55,0
2025-03-21 10:15:00,217.55,217.65,216.6,216.85,0
2025-03-21 11:15:00,216.85,216.9,216.5,216.6,0
2025-03-21 12:15:00,216.6,216.65,216.2,216.5,0
2025-03-21 13:15:00,216.5,217.35,216.35,216.8,0
2025-03-21 14:15:00,216.8,216.85,216.4,216.7,0
2025-03-21 15:15:00,216.7,216.8,216.45,216.65,0
2025-03-24 09:15:00,215.25,216.0,214.85,215.0,0
2025-03-24 10:15:00,215.0,215.05,214.1,214.35,0
2025-03-24 11:15:00,214.35,214.65,214.05,214.2,0
2025-03-24 12:15:00,214.2,214.35,213.95,213.95,0
2025-03-24 13:15:00,213.95,214.2,213.65,213.65,0
2025-03-24 14:15:00,213.65,214.2,213.45,214.0,0
2025-03-24 15:15:00,214.0,214.0,213.7,213.8,0
2025-03-25 09:15:00,213.15,213.9,212.05,212.95,0
2025-03-25 10:15:00,212.95,214.0,212.45,213.6,0
2025-03-25 11:15:00,213.6,214.25,213.3,213.65,0
2025-03-25 12:15:00,213.65,214.0,213.55,213.8,0
2025-03-25 13:15:00,213.8,214.1,213.2,213.25,0
2025-03-25 14:15:00,213.25,213.95,213.2,213.85,0
2025-03-25 15:15:00,213.85,214.45,213.8,214.45,0
2025-03-26 09:15:00,213.6,214.4,213.3,213.8,0
2025-03-26 10:15:00,213.8,214.25,213.45,214.05,0
2025-03-26 11:15:00,214.05,214.8,213.9,214.5,0
2025-03-26 12:15:00,214.5,214.95,214.2,214.85,0
2025-03-26 13:15:00,214.85,215.4,214.75,214.95,0
2025-03-26 14:15:00,214.95,215.85,214.85,215.4,0
2025-03-26 15:15:00,215.4,215.75,215.4,215.75,0
2025-03-27 09:15:00,216.05,216.25,214.4,214.55,0
2025-03-27 10:15:00,214.55,214.9,214.3,214.5,0
2025-03-27 11:15:00,214.5,214.75,214.4,214.55,0
2025-03-27 12:15:00,214.55,214.8,214.5,214.65,0
2025-03-27 13:15:00,214.65,214.7,214.4,214.5,0
2025-03-27 14:15:00,214.45,214.8,214.35,214.65,0
2025-03-27 15:15:00,214.65,214.75,214.2,214.55,0
2025-03-28 09:15:00,214.6,215.45,214.35,215.25,0
2025-03-28 10:15:00,215.25,215.3,214.15,214.75,0
2025-03-28 11:15:00,214.75,214.95,214.55,214.6,0
2025-03-28 12:15:00,214.6,215.75,214.6,215.5,0
2025-03-28 13:15:00,215.5,215.95,215.3,215.5,0
2025-03-28 14:15:00,215.45,215.55,214.45,215.1,0
2025-03-28 15:15:00,215.1,215.6,215.1,215.55,0
2025-04-01 09:15:00,217.1,217.1,215.05,216.05,0
2025-04-01 10:15:00,216.05,218.2,215.8,218.1,0
2025-04-01 11:15:00,218.1,218.65,217.85,218.3,0
2025-04-01 12:15:00,218.3,218.6,217.9,218.45,0
2025-04-01 13:15:00,218.45,218.95,218.45,218.75,0
2025-04-01 14:15:00,218.75,218.95,218.55,218.6,0
2025-04-01 15:15:00,218.6,218.85,218.55,218.55,0
2025-04-02 09:15:00,218.5,218.8,217.55,218.05,0
2025-04-02 10:15:00,218.05,218.2,217.35,217.55,0
2025-04-02 11:15:00,217.6,218.0,217.5,217.65,0
2025-04-02 12:15:00,217.65,218.05,217.45,217.6,0
2025-04-02 13:15:00,217.6,217.9,217.4,217.65,0
2025-04-02 14:15:00,217.65,217.7,217.0,217.1,0
2025-04-02 15:15:00,217.1,217.25,217.05,217.15,0
2025-04-03 09:15:00,218.9,218.9,217.65,217.7,0
2025-04-03 10:15:00,217.7,217.95,217.45,217.7,0
2025-04-03 11:15:00,217.7,217.95,217.55,217.75,0
2025-04-03 12:15:00,217.7,217.95,217.7,217.9,0
2025-04-03 13:15:00,217.85,217.9,217.7,217.9,0
2025-04-03 14:15:00,217.9,218.05,217.75,217.95,0
2025-04-03 15:15:00,217.95,218.1,217.9,218.05,0
2025-04-04 09:15:00,218.55,220.9,218.35,220.9,0
2025-04-04 10:15:00,220.9,221.05,220.05,220.2,0
2025-04-04 11:15:00,220.2,220.85,220.1,220.65,0
2025-04-04 12:15:00,220.65,220.95,220.4,220.9,0
2025-04-04 13:15:00,220.9,221.5,220.65,221.2,0
2025-04-04 14:15:00,221.2,221.65,221.05,221.2,0
2025-04-04 15:15:00,221.15,221.3,221.1,221.15,0
2025-04-07 09:15:00,232.4,232.4,228.25,230.85,0
2025-04-07 10:15:00,230.9,231.05,229.3,230.2,0
2025-04-07 11:15:00,230.2,231.15,229.4,231.15,0
2025-04-07 12:15:00,231.15,232.05,230.6,231.45,0
2025-04-07 13:15:00,231.4,231.85,229.7,230.1,0
2025-04-07 14:15:00,230.1,230.35,228.05,228.3,0
2025-04-07 15:15:00,228.3,228.75,227.65,227.8,0
2025-04-08 09:15:00,225.6,226.3,224.3,226.25,0
2025-04-08 10:15:00,226.25,227.4,225.15,225.7,0
2025-04-08 11:15:00,225.7,226.9,224.5,224.5,0
2025-04-08 12:15:00,224.5,225.0,223.3,223.35,0
2025-04-08 13:15:00,223.35,225.45,223.05,224.05,0
2025-04-08 14:15:00,224.05,224.9,223.35,224.75,0
2025-04-08 15:15:00,224.75,224.85,224.5,224.55,0
2025-04-09 09:15:00,225.5,226.5,225.4,226.35,0
2025-04-09 10:15:00,226.4,226.55,225.85,226.35,0
2025-04-09 11:15:00,226.35,226.4,225.75,225.75,0
2025-04-09 12:15:00,225.75,226.0,225.6,225.75,0
2025-04-09 13:15:00,225.75,226.1,225.75,226.05,0
2025-04-09 14:15:00,226.05,226.2,226.0,226.05,0
2025-04-09 15:15:00,226.05,226.15,225.85,225.9,0
2025-04-11 09:15:00,223.15,223.15,221.35,221.8,0
2025-04-11 10:15:00,221.8,222.75,221.65,221.75,0
2025-04-11 11:15:00,221.75,221.9,221.0,221.05,0
2025-04-11 12:15:00,221.0,221.4,220.85,221.05,0
2025-04-11 13:15:00,221.05,222.4,221.0,222.25,0
2025-04-11 14:15:00,222.25,222.5,221.7,221.8,0
2025-04-11 15:15:00,221.8,222.0,221.55,221.65,0
2025-04-15 09:15:00,216.75,218.25,216.75,217.25,0
2025-04-15 10:15:00,217.25,217.45,217.2,217.45,0
2025-04-15 11:15:00,217.45,217.45,217.05,217.05,0
2025-04-15 12:15:00,217.05,217.1,216.9,217.0,0
2025-04-15 13:15:00,217.0,217.25,217.0,217.15,0
2025-04-15 14:15:00,217.15,217.3,217.05,217.2,0
2025-04-15 15:15:00,217.2,217.2,216.85,216.95,0
2025-04-16 09:15:00,217.0,217.6,216.75,216.9,0
2025-04-16 10:15:00,216.9,217.65,216.85,217.25,0
2025-04-16 11:15:00,217.25,217.25,216.95,217.05,0
2025-04-16 12:15:00,217.05,217.1,216.85,216.9,0
2025-04-16 13:15:00,216.9,217.55,216.2,216.2,0
2025-04-16 14:15:00,216.2,216.5,216.1,216.25,0
2025-04-16 15:15:00,216.25,216.3,216.0,216.15,0
2025-04-17 09:15:00,216.5,217.45,216.2,216.95,0
2025-04-17 10:15:00,216.95,217.05,216.1,216.15,0
2025-04-17 11:15:00,216.15,216.15,214.25,214.35,0
2025-04-17 12:15:00,214.35,214.45,212.95,212.95,0
2025-04-17 13:15:00,212.9,213.15,212.15,212.55,0
2025-04-17 14:15:00,212.55,212.95,212.15,212.4,0
2025-04-17 15:15:00,212.4,212.55,212.25,212.45,0
2025-04-21 09:15:00,211.6,212.0,210.6,210.85,0
2025-04-21 10:15:00,210.85,211.05,210.15,210.15,0
2025-04-21 11:15:00,210.15,210.25,209.8,209.85,0
2025-04-21 12:15:00,209.8,209.9,209.45,209.6,0
2025-04-21 13:15:00,209.6,210.2,209.6,209.9,0
2025-04-21 14:15:00,209.9,210.15,209.75,210.15,0
2025-04-21 15:15:00,210.15,210.15,209.95,210.05,0
2025-04-22 09:15:00,209.55,210.5,209.4,209.45,0
2025-04-22 10:15:00,209.45,209.55,209.05,209.15,0
2025-04-22 11:15:00,209.15,209.7,209.1,209.4,0
2025-04-22 12:15:00,209.4,209.7,209.4,209.55,0
2025-04-22 13:15:00,209.55,209.65,209.45,209.6,0
2025-04-22 14:15:00,209.6,209.9,209.55,209.75,0
2025-04-22 15:15:00,209.75,210.05,209.65,210.0,0
2025-04-23 09:15:00,208.1,209.55,208.1,209.55,0
2025-04-23 10:15:00,209.5,210.15,209.1,209.5,0
2025-04-23 11:15:00,209.5,209.6,209.0,209.25,0
2025-04-23 12:15:00,209.25,209.45,208.85,209.05,0
2025-04-23 13:15:00,209.05,209.2,208.5,208.55,0
2025-04-23 14:15:00,208.55,208.75,208.25,208.25,0
2025-04-23 15:15:00,208.3,208.7,208.25,208.55,0
2025-04-24 09:15:00,208.8,209.15,208.2,208.65,0
2025-04-24 10:15:00,208.65,208.9,208.5,208.8,0
2025-04-24 11:15:00,208.8,209.0,208.75,208.95,0
2025-04-24 12:15:00,208.95,209.05,208.85,209.0,0
2025-04-24 13:15:00,209.0,209.1,208.9,209.05,0
2025-04-24 14:15:00,209.05,209.3,208.95,209.05,0
2025-04-24 15:15:00,209.05,209.1,209.0,209.1,0
2025-04-25 09:15:00,208.75,211.65,208.1,210.95,0
2025-04-25 10:15:00,210.95,212.1,210.85,211.75,0
2025-04-25 11:15:00,211.75,212.55,211.7,211.75,0
2025-04-25 12:15:00,211.75,211.9,210.7,210.8,0
2025-04-25 13:15:00,210.8,211.0,209.95,210.55,0
2025-04-25 14:15:00,210.55,210.9,210.1,210.8,0
2025-04-25 15:15:00,210.75,211.35,210.75,211.3,0
2025-04-28 09:15:00,210.7,210.8,208.9,208.95,0
2025-04-28 10:15:00,208.9,209.35,208.85,209.3,0
2025-04-28 11:15:00,209.25,209.5,208.75,208.8,0
2025-04-28 12:15:00,208.8,208.8,208.2,208.35,0
2025-04-28 13:15:00,208.35,208.55,208.25,208.25,0
2025-04-28 14:15:00,208.25,209.05,208.25,208.5,0
2025-04-28 15:15:00,208.5,208.6,208.35,208.6,0
2025-04-29 09:15:00,208.1,208.8,207.4,208.3,0
2025-04-29 10:15:00,208.3,208.7,208.15,208.25,0
2025-04-29 11:15:00,208.25,208.7,208.2,208.6,0
2025-04-29 12:15:00,208.6,208.7,208.15,208.25,0
2025-04-29 13:15:00,208.25,208.35,208.1,208.15,0
2025-04-29 14:15:00,208.15,208.5,208.15,208.5,0
2025-04-29 15:15:00,208.5,208.65,208.3,208.5,0
2025-04-30 09:15:00,208.4,209.0,207.95,208.3,0
2025-04-30 10:15:00,208.3,208.85,208.2,208.5,0
2025-04-30 11:15:00,208.5,208.65,208.15,208.4,0
2025-04-30 12:15:00,208.4,208.55,208.2,208.45,0
2025-04-30 13:15:00,208.45,208.55,208.3,208.4,0
2025-04-30 14:15:00,208.4,208.55,207.95,208.35,0
2025-04-30 15:15:00,208.35,209.35,208.3,209.25,0
2025-05-02 09:15:00,208.75,208.75,206.35,206.4,0
2025-05-02 10:15:00,206.4,207.95,206.35,207.8,0
2025-05-02 11:15:00,207.75,208.8,207.6,208.7,0
2025-05-02 12:15:00,208.7,209.35,208.7,208.85,0
2025-05-02 13:15:00,208.85,208.85,207.85,208.2,0
2025-05-02 14:15:00,208.2,208.95,208.0,208.25,0
2025-05-02 15:15:00,208.25,208.75,208.25,208.75,0
2025-05-05 09:15:00,207.9,208.05,207.1,207.4,0
2025-05-05 10:15:00,207.4,207.55,207.0,207.35,0
2025-05-05 11:15:00,207.3,207.95,207.25,207.65,0
2025-05-05 12:15:00,207.65,207.8,207.4,207.65,0
2025-05-05 13:15:00,207.65,207.8,207.3,207.45,0
2025-05-05 14:15:00,207.45,207.7,207.3,207.65,0
2025-05-05 15:15:00,207.65,207.65,207.45,207.55,0
2025-05-06 09:15:00,207.25,208.25,207.25,208.2,0
2025-05-06 10:15:00,208.2,208.35,208.05,208.2,0
2025-05-06 11:15:00,208.2,208.45,208.15,208.15,0
2025-05-06 12:15:00,208.2,208.4,208.1,208.25,0
2025-05-06 13:15:00,208.25,208.3,208.05,208.2,0
2025-05-06 14:15:00,208.2,208.45,208.1,208.2,0
2025-05-06 15:15:00,208.2,208.65,208.2,208.65,0
2025-05-07 09:15:00,209.55,209.65,207.7,208.95,0
2025-05-07 10:15:00,208.95,209.1,208.35,208.35,0
2025-05-07 11:15:00,208.35,208.55,207.85,208.35,0
2025-05-07 12:15:00,208.35,208.5,208.15,208.45,0
2025-05-07 13:15:00,208.45,208.6,207.95,208.05,0
2025-05-07 14:15:00,208.05,208.4,207.9,208.05,0
2025-05-07 15:15:00,208.05,208.1,207.9,208.05,0
2025-05-08 09:15:00,207.9,208.4,207.8,208.25,0
2025-05-08 10:15:00,208.25,208.3,208.05,208.15,0
2025-05-08 11:15:00,208.2,208.2,208.05,208.15,0
2025-05-08 12:15:00,208.15,208.35,208.05,208.3,0
2025-05-08 13:15:00,208.3,208.9,208.3,208.85,0
2025-05-08 14:15:00,208.85,209.5,208.55,208.95,0
2025-05-08 15:15:00,208.95,210.3,208.95,210.25,0
2025-05-09 09:15:00,212.2,212.2,210.2,211.1,0
2025-05-09 10:15:00,211.1,211.85,210.9,211.5,0
2025-05-09 11:15:00,211.5,211.65,210.6,211.2,0
2025-05-09 12:15:00,211.2,211.7,211.15,211.55,0
2025-05-09 13:15:00,211.55,211.95,211.4,211.6,0
2025-05-09 14:15:00,211.6,211.95,211.35,211.65,0
2025-05-09 15:15:00,211.65,211.65,211.25,211.35,0
2025-05-12 09:15:00,208.05,208.35,205.25,205.7,0
2025-05-12 10:15:00,205.7,205.85,205.35,205.55,0
2025-05-12 11:15:00,205.55,205.6,205.15,205.4,0
2025-05-12 12:15:00,205.35,205.65,204.65,204.8,0
2025-05-12 13:15:00,204.8,204.8,204.1,204.1,0
2025-05-12 14:15:00,204.1,204.2,203.55,203.75,0
2025-05-12 15:15:00,203.75,203.75,203.4,203.6,0
2025-05-13 09:15:00,204.1,205.65,203.25,204.85,0
2025-05-13 10:15:00,204.85,205.95,204.3,205.25,0
2025-05-13 11:15:00,205.25,205.5,204.5,205.0,0
2025-05-13 12:15:00,205.0,206.3,204.85,206.0,0
2025-05-13 13:15:00,206.0,206.45,205.95,206.35,0
2025-05-13 14:15:00,206.35,206.6,205.95,206.6,0
2025-05-13 15:15:00,206.6,206.7,206.3,206.35,0
2025-05-14 09:15:00,206.2,206.4,204.95,204.95,0
2025-05-14 10:15:00,204.95,205.6,204.9,205.45,0
2025-05-14 11:15:00,205.45,206.0,205.25,205.65,0
2025-05-14 12:15:00,205.65,206.85,205.6,206.0,0
2025-05-14 13:15:00,206.0,206.3,205.8,206.15,0
2025-05-14 14:15:00,206.15,206.5,205.65,205.7,0
2025-05-14 15:15:00,205.7,205.85,205.5,205.55,0
2025-05-15 09:15:00,205.55,207.2,205.5,206.65,0
2025-05-15 10:15:00,206.65,206.9,204.6,206.2,0
2025-05-15 11:15:00,206.2,206.3,205.4,205.8,0
2025-05-15 12:15:00,205.8,206.1,203.9,203.95,0
2025-05-15 13:15:00,203.95,204.25,202.1,202.25,0
2025-05-15 14:15:00,202.2,202.65,202.05,202.5,0
2025-05-15 15:15:00,202.5,202.7,202.45,202.7,0
2025-05-16 09:15:00,202.5,203.2,202.45,202.95,0
2025-05-16 10:15:00,202.95,203.4,202.65,203.2,0
2025-05-16 11:15:00,203.2,203.35,203.0,203.2,0
2025-05-16 12:15:00,203.2,203.25,202.85,202.95,0
2025-05-16 13:15:00,202.95,203.05,202.7,202.85,0
2025-05-16 14:15:00,202.85,203.05,202.75,202.8,0
2025-05-16 15:15:00,202.8,203.0,202.8,202.9,0
2025-05-19 09:15:00,203.05,203.35,202.65,202.75,0
2025-05-19 10:15:00,202.75,203.1,202.6,202.85,0
2025-05-19 11:15:00,202.9,203.25,202.75,203.2,0
2025-05-19 12:15:00,203.2,203.3,202.95,203.25,0
2025-05-19 13:15:00,203.25,203.75,203.05,203.55,0
2025-05-19 14:15:00,203.6,203.75,203.4,203.55,0
2025-05-19 15:15:00,203.55,203.7,203.5,203.6,0
2025-05-20 09:15:00,203.15,204.25,203.05,203.95,0
2025-05-20 10:15:00,203.95,204.1,203.4,203.75,0
2025-05-20 11:15:00,203.75,204.4,203.75,204.25,0
2025-05-20 12:15:00,204.25,204.9,204.15,204.8,0
2025-05-20 13:15:00,204.85,205.35,204.8,205.25,0
2025-05-20 14:15:00,205.25,205.8,205.2,205.6,0
2025-05-20 15:15:00,205.6,205.8,205.45,205.45,0
2025-05-21 09:15:00,205.25,205.65,204.2,204.2,0
2025-05-21 10:15:00,204.2,204.3,203.55,203.95,0
2025-05-21 11:15:00,203.95,205.35,203.8,205.3,0
2025-05-21 12:15:00,205.3,205.7,204.7,204.75,0
2025-05-21 13:15:00,204.75,205.25,204.45,204.8,0
2025-05-21 14:15:00,204.75,204.95,204.5,204.7,0
2025-05-21 15:15:00,204.7,204.8,204.6,204.75,0
2025-05-22 09:15:00,205.35,206.9,205.35,206.4,0
2025-05-22 10:15:00,206.4,206.7,206.2,206.5,0
2025-05-22 11:15:00,206.5,206.9,206.4,206.65,0
2025-05-22 12:15:00,206.65,207.2,206.65,206.95,0
2025-05-22 13:15:00,206.95,207.15,206.8,207.0,0
2025-05-22 14:15:00,207.05,207.55,206.1,206.4,0
2025-05-22 15:15:00,206.4,206.45,206.05,206.15,0
2025-05-23 09:15:00,206.15,206.35,204.6,204.65,0
2025-05-23 10:15:00,204.65,205.25,203.9,204.05,0
2025-05-23 11:15:00,204.05,204.75,203.95,204.5,0
2025-05-23 12:15:00,204.5,204.55,203.95,204.15,0
2025-05-23 13:15:00,204.15,204.5,203.95,204.2,0
2025-05-23 14:15:00,204.2,204.65,204.1,204.4,0
2025-05-23 15:15:00,204.35,204.45,204.3,204.4,0
2025-05-26 09:15:00,203.9,204.0,202.6,202.9,0
2025-05-26 10:15:00,202.9,204.0,202.85,203.45,0
2025-05-26 11:15:00,203.45,203.6,203.05,203.35,0
2025-05-26 12:15:00,203.3,203.75,203.15,203.4,0
2025-05-26 13:15:00,203.4,203.5,203.15,203.25,0
2025-05-26 14:15:00,203.25,203.5,203.1,203.2,0
2025-05-26 15:15:00,203.2,203.3,203.2,203.25,0
2025-05-27 09:15:00,203.6,205.4,203.5,205.1,0
2025-05-27 10:15:00,205.1,205.3,203.6,204.25,0
2025-05-27 11:15:00,204.25,204.25,202.75,203.6,0
2025-05-27 12:15:00,203.6,204.9,203.55,204.65,0
2025-05-27 13:15:00,204.65,205.35,204.3,205.15,0
2025-05-27 14:15:00,205.15,205.65,204.55,204.65,0
2025-05-27 15:15:00,204.65,204.75,204.55,204.6,0
2025-05-28 09:15:00,204.65,205.4,204.4,205.25,0
2025-05-28 10:15:00,205.25,205.45,204.9,205.2,0
2025-05-28 11:15:00,205.2,205.35,205.05,205.25,0
2025-05-28 12:15:00,205.25,205.25,204.7,205.0,0
2025-05-28 13:15:00,205.0,205.25,204.95,205.0,0
2025-05-28 14:15:00,205.0,205.35,204.95,205.35,0
2025-05-28 15:15:00,205.35,205.4,205.3,205.3,0
2025-05-29 09:15:00,204.75,205.1,204.25,204.95,0
2025-05-29 10:15:00,204.95,205.65,204.9,205.6,0
2025-05-29 11:15:00,205.6,205.7,205.4,205.5,0
2025-05-29 12:15:00,205.5,205.95,205.2,205.3,0
2025-05-29 13:15:00,205.3,205.65,205.2,205.55,0
2025-05-29 14:15:00,205.55,205.65,204.5,204.55,0
2025-05-29 15:15:00,204.55,204.65,204.2,204.3,0
2025-05-30 09:15:00,204.9,205.15,204.45,205.05,0
2025-05-30 10:15:00,205.05,205.65,205.0,205.35,0
2025-05-30 11:15:00,205.35,205.6,205.1,205.45,0
2025-05-30 12:15:00,205.45,205.55,205.25,205.35,0
2025-05-30 13:15:00,205.35,205.4,205.0,205.35,0
2025-05-30 14:15:00,205.35,205.55,205.1,205.4,0
2025-05-30 15:15:00,205.4,205.55,205.35,205.5,0
2025-06-02 09:15:00,206.15,207.35,205.9,206.9,0
2025-06-02 10:15:00,206.9,207.15,206.4,206.55,0
2025-06-02 11:15:00,206.55,206.65,206.15,206.2,0
2025-06-02 12:15:00,206.2,206.2,205.6,205.9,0
2025-06-02 13:15:00,205.9,206.05,205.65,205.95,0
2025-06-02 14:15:00,205.95,206.3,205.45,205.7,0
2025-06-02 15:15:00,205.7,206.2,205.7,206.0,0
2025-06-03 09:15:00,205.25,206.75,204.75,206.25,0
2025-06-03 10:15:00,206.25,206.9,205.4,206.85,0
2025-06-03 11:15:00,206.85,207.0,206.25,206.65,0
2025-06-03 12:15:00,206.65,207.6,206.4,207.25,0
2025-06-03 13:15:00,207.25,207.5,206.95,206.95,0
2025-06-03 14:15:00,206.95,207.35,206.75,207.3,0
2025-06-03 15:15:00,207.3,207.4,207.2,207.3,0
2025-06-04 09:15:00,207.15,207.4,206.7,207.0,0
2025-06-04 10:15:00,207.0,207.05,206.75,206.95,0
2025-06-04 11:15:00,206.95,207.05,206.75,206.75,0
2025-06-04 12:15:00,206.75,206.95,206.65,206.8,0
2025-06-04 13:15:00,206.8,206.9,206.55,206.65,0
2025-06-04 14:15:00,206.65,206.75,206.45,206.65,0
2025-06-04 15:15:00,206.65,206.75,206.6,206.7,0
2025-06-05 09:15:00,206.1,206.75,205.5,205.7,0
2025-06-05 10:15:00,205.75,206.1,205.65,205.95,0
2025-06-05 11:15:00,205.95,205.95,204.55,204.6,0
2025-06-05 12:15:00,204.55,205.4,204.35,205.35,0
2025-06-05 13:15:00,205.35,206.05,205.25,205.9,0
2025-06-05 14:15:00,205.9,206.0,205.35,205.55,0
2025-06-05 15:15:00,205.55,205.6,205.35,205.5,0
2025-06-06 09:15:00,205.65,206.25,205.05,205.6,0
2025-06-06 10:15:00,205.6,205.75,203.7,203.7,0
2025-06-06 11:15:00,203.7,203.85,203.3,203.55,0
2025-06-06 12:15:00,203.55,203.85,203.55,203.8,0
2025-06-06 13:15:00,203.8,203.85,203.55,203.65,0
2025-06-06 14:15:00,203.65,203.7,203.35,203.55,0
2025-06-06 15:15:00,203.55,203.6,203.45,203.55,0
2025-06-09 09:15:00,202.35,203.0,202.35,202.65,0
2025-06-09 10:15:00,202.65,202.75,202.45,202.65,0
2025-06-09 11:15:00,202.65,202.8,202.6,202.7,0
2025-06-09 12:15:00,202.7,202.8,202.6,202.75,0
2025-06-09 13:15:00,202.75,202.9,202.7,202.9,0
2025-06-09 14:15:00,202.9,202.95,202.75,202.8,0
2025-06-09 15:15:00,202.8,202.85,202.75,202.8,0
2025-06-10 09:15:00,202.05,203.2,202.05,202.4,0
2025-06-10 10:15:00,202.4,202.85,202.35,202.6,0
2025-06-10 11:15:00,202.6,202.7,202.45,202.55,0
2025-06-10 12:15:00,202.55,202.7,202.5,202.6,0
2025-06-10 13:15:00,202.6,202.65,202.5,202.6,0
2025-06-10 14:15:00,202.65,202.95,202.6,202.8,0
2025-06-10 15:15:00,202.8,202.95,202.75,202.95,0
2025-06-11 09:15:00,202.6,203.0,202.4,202.5,0
2025-06-11 10:15:00,202.5,202.6,202.15,202.2,0
2025-06-11 11:15:00,202.2,202.25,201.95,202.0,0
2025-06-11 12:15:00,202.0,202.2,201.9,202.0,0
2025-06-11 13:15:00,202.0,202.8,201.95,202.65,0
2025-06-11 14:15:00,202.65,202.65,202.4,202.5,0
2025-06-11 15:15:00,202.5,202.65,202.5,202.65,0
2025-06-12 09:15:00,202.4,203.2,202.15,202.95,0
2025-06-12 10:15:00,202.95,203.4,202.8,203.35,0
2025-06-12 11:15:00,203.35,203.65,202.95,203.4,0
2025-06-12 12:15:00,203.4,203.55,203.1,203.35,0
2025-06-12 13:15:00,203.4,205.1,203.35,204.95,0
2025-06-12 14:15:00,204.95,204.95,204.35,204.6,0
2025-06-12 15:15:00,204.6,204.9,204.6,204.85,0
2025-06-13 09:15:00,208.05,208.05,206.55,206.65,0
2025-06-13 10:15:00,206.65,206.8,206.25,206.55,0
2025-06-13 11:15:00,206.55,206.7,206.15,206.3,0
2025-06-13 12:15:00,206.3,206.4,206.0,206.3,0
2025-06-13 13:15:00,206.3,206.35,205.75,206.05,0
2025-06-13 14:15:00,206.05,206.6,205.95,205.95,0
2025-06-13 15:15:00,206.0,206.1,205.8,205.9,0
2025-06-16 09:15:00,206.0,206.25,205.3,205.75,0
2025-06-16 10:15:00,205.75,205.75,204.35,204.55,0
2025-06-16 11:15:00,204.55,204.8,204.4,204.45,0
2025-06-16 12:15:00,204.45,204.7,204.15,204.3,0
2025-06-16 13:15:00,204.3,204.4,204.05,204.1,0
2025-06-16 14:15:00,204.1,204.35,204.05,204.2,0
2025-06-16 15:15:00,204.2,204.3,204.1,204.25,0
2025-06-17 09:15:00,204.0,205.05,204.0,205.05,0
2025-06-17 10:15:00,205.05,205.05,204.55,204.8,0
2025-06-17 11:15:00,204.8,205.0,204.65,205.0,0
2025-06-17 12:15:00,205.0,205.35,204.9,205.1,0
2025-06-17 13:15:00,205.15,205.2,204.9,204.95,0
2025-06-17 14:15:00,204.95,205.15,204.9,204.95,0
2025-06-17 15:15:00,204.95,205.15,204.9,205.1,0
2025-06-18 09:15:00,205.6,205.65,204.25,204.5,0
2025-06-18 10:15:00,204.5,205.25,204.4,205.15,0
2025-06-18 11:15:00,205.15,205.75,205.15,205.35,0
2025-06-18 12:15:00,205.35,205.8,205.35,205.5,0
2025-06-18 13:15:00,205.5,205.75,205.35,205.65,0
2025-06-18 14:15:00,205.65,205.9,205.25,205.35,0
2025-06-18 15:15:00,205.35,205.5,205.3,205.5,0
2025-06-19 09:15:00,205.5,206.0,205.0,205.25,0
2025-06-19 10:15:00,205.25,205.55,205.2,205.4,0
2025-06-19 11:15:00,205.4,205.6,205.35,205.4,0
2025-06-19 12:15:00,205.4,205.75,205.4,205.55,0
2025-06-19 13:15:00,205.55,205.65,205.15,205.25,0
2025-06-19 14:15:00,205.25,205.6,205.1,205.6,0
2025-06-19 15:15:00,205.6,206.05,205.45,205.95,0
2025-06-20 09:15:00,205.65,205.65,204.55,204.55,0
2025-06-20 10:15:00,204.55,204.55,203.55,203.75,0
2025-06-20 11:15:00,203.75,203.85,203.5,203.55,0
2025-06-20 12:15:00,203.55,204.2,203.5,203.55,0
2025-06-20 13:15:00,203.55,203.6,203.25,203.5,0
2025-06-20 14:15:00,203.45,203.65,202.8,202.9,0
2025-06-20 15:15:00,202.9,203.3,202.75,203.25,0
2025-06-23 09:15:00,204.45,205.35,204.05,205.05,0
2025-06-23 10:15:00,205.05,205.1,204.45,204.55,0
2025-06-23 11:15:00,204.5,204.6,204.2,204.4,0
2025-06-23 12:15:00,204.4,204.45,204.25,204.25,0
2025-06-23 13:15:00,204.25,204.25,203.5,203.85,0
2025-06-23 14:15:00,203.85,204.15,203.8,204.1,0
2025-06-23 15:15:00,204.1,204.35,204.05,204.3,0
2025-06-24 09:15:00,202.5,203.0,201.95,202.05,0
2025-06-24 10:15:00,202.05,202.6,201.7,201.9,0
2025-06-24 11:15:00,201.85,201.95,201.4,201.45,0
2025-06-24 12:15:00,201.45,202.8,201.45,202.5,0
2025-06-24 13:15:00,202.45,203.95,202.3,203.65,0
2025-06-24 14:15:00,203.6,203.85,203.35,203.65,0
2025-06-24 15:15:00,203.6,203.65,203.35,203.4,0
2025-06-25 09:15:00,202.8,202.95,202.3,202.6,0
2025-06-25 10:15:00,202.6,202.6,202.25,202.4,0
2025-06-25 11:15:00,202.4,202.45,202.2,202.4,0
2025-06-25 12:15:00,202.4,202.55,202.0,202.05,0
2025-06-25 13:15:00,202.05,202.2,201.85,202.0,0
2025-06-25 14:15:00,202.0,202.25,201.85,202.0,0
2025-06-25 15:15:00,202.0,202.1,201.95,202.05,0
2025-06-26 09:15:00,201.85,201.9,200.5,200.9,0
2025-06-26 10:15:00,200.9,201.65,200.85,201.3,0
2025-06-26 11:15:00,201.3,201.55,200.7,200.8,0
2025-06-26 12:15:00,200.85,201.2,200.65,200.85,0
2025-06-26 13:15:00,200.85,200.9,199.8,199.85,0
2025-06-26 14:15:00,199.85,200.15,199.5,199.65,0
2025-06-26 15:15:00,199.65,199.75,199.5,199.75,0
2025-06-27 09:15:00,199.4,199.85,199.1,199.5,0
2025-06-27 10:15:00,199.5,199.7,199.15,199.2,0
2025-06-27 11:15:00,199.2,199.25,199.1,199.15,0
2025-06-27 12:15:00,199.15,199.15,198.85,199.1,0
2025-06-27 13:15:00,199.1,199.15,198.95,198.95,0
2025-06-27 14:15:00,198.95,199.15,198.8,198.95,0
2025-06-27 15:15:00,199.0,199.0,198.85,199.0,0
2025-06-30 09:15:00,198.85,199.75,198.85,199.45,0
2025-06-30 10:15:00,199.45,199.8,199.35,199.75,0
2025-06-30 11:15:00,199.75,199.8,199.4,199.45,0
2025-06-30 12:15:00,199.45,200.1,199.35,200.05,0
2025-06-30 13:15:00,200.05,200.3,199.95,200.2,0
2025-06-30 14:15:00,200.2,200.3,199.9,199.95,0
2025-06-30 15:15:00,199.9,200.05,199.9,200.05,0
2025-07-01 09:15:00,199.75,200.05,199.4,199.9,0
2025-07-01 10:15:00,199.9,200.05,199.7,199.95,0
2025-07-01 11:15:00,199.95,200.1,199.85,199.95,0
2025-07-01 12:15:00,199.95,199.95,199.75,199.9,0
2025-07-01 13:15:00,199.9,200.05,199.75,199.75,0
2025-07-01 14:15:00,199.75,200.05,199.75,199.85,0
2025-07-01 15:15:00,199.85,199.95,199.7,199.9,0
2025-07-02 09:15:00,199.5,200.05,199.35,199.95,0
2025-07-02 10:15:00,199.95,200.45,199.95,200.35,0
2025-07-02 11:15:00,200.35,200.45,200.15,200.2,0
2025-07-02 12:15:00,200.2,200.5,200.15,200.45,0
2025-07-02 13:15:00,200.45,201.1,200.45,200.85,0
2025-07-02 14:15:00,200.85,201.1,200.4,200.5,0
2025-07-02 15:15:00,200.5,200.65,200.5,200.6,0
2025-07-03 09:15:00,200.15,200.75,199.75,199.85,0
2025-07-03 10:15:00,199.85,200.0,199.65,199.75,0
2025-07-03 11:15:00,199.75,200.3,199.6,200.15,0
2025-07-03 12:15:00,200.15,200.3,199.9,200.15,0
2025-07-03 13:15:00,200.15,200.35,199.5,200.25,0
2025-07-03 14:15:00,200.25,201.1,200.25,201.0,0
2025-07-03 15:15:00,201.0,201.1,200.85,201.0,0
2025-07-04 09:15:00,200.8,201.25,200.55,200.95,0
2025-07-04 10:15:00,200.95,201.05,200.8,200.85,0
2025-07-04 11:15:00,200.85,201.55,200.8,201.4,0
2025-07-04 12:15:00,201.4,201.45,201.2,201.25,0
2025-07-04 13:15:00,201.25,201.35,201.1,201.15,0
2025-07-04 14:15:00,201.15,201.25,200.5,200.5,0
2025-07-04 15:15:00,200.55,200.65,200.45,200.5,0
2025-07-07 09:15:00,200.7,201.05,200.4,200.8,0
2025-07-07 10:15:00,200.8,200.9,200.5,200.65,0
2025-07-07 11:15:00,200.65,200.9,200.6,200.85,0
2025-07-07 12:15:00,200.85,200.95,200.65,200.7,0
2025-07-07 13:15:00,200.7,200.8,200.55,200.7,0
2025-07-07 14:15:00,200.7,201.0,200.6,200.65,0
2025-07-07 15:15:00,200.65,200.7,200.55,200.65,0
2025-07-08 09:15:00,200.9,200.9,200.4,200.75,0
2025-07-08 10:15:00,200.75,200.9,200.65,200.85,0
2025-07-08 11:15:00,200.85,200.9,200.65,200.75,0
2025-07-08 12:15:00,200.75,200.8,200.5,200.55,0
2025-07-08 13:15:00,200.55,200.75,200.5,200.65,0
2025-07-08 14:15:00,200.65,200.75,200.05,200.05,0
2025-07-08 15:15:00,200.05,200.2,199.95,200.15,0
2025-07-09 09:15:00,200.25,200.6,200.15,200.15,0
2025-07-09 10:15:00,200.15,200.25,200.1,200.1,0
2025-07-09 11:15:00,200.1,200.35,200.0,200.05,0
2025-07-09 12:15:00,200.1,200.45,200.0,200.2,0
2025-07-09 13:15:00,200.2,200.25,200.1,200.15,0
2025-07-09 14:15:00,200.15,200.95,200.1,200.55,0
2025-07-09 15:15:00,200.55,200.65,200.5,200.65,0
2025-07-10 09:15:00,200.3,201.15,200.25,201.1,0
2025-07-10 10:15:00,201.1,201.4,200.95,201.2,0
2025-07-10 11:15:00,201.2,201.5,201.2,201.45,0
2025-07-10 12:15:00,201.45,201.45,201.1,201.35,0
2025-07-10 13:15:00,201.3,201.55,200.95,201.25,0
2025-07-10 14:15:00,201.25,201.65,201.05,201.5,0
2025-07-10 15:15:00,201.5,201.6,201.4,201.6,0
2025-07-11 09:15:00,202.35,202.45,201.85,202.35,0
2025-07-11 10:15:00,202.35,203.2,202.35,202.95,0
2025-07-11 11:15:00,202.95,203.3,202.95,203.05,0
2025-07-11 12:15:00,203.05,203.3,202.75,203.15,0
2025-07-11 13:15:00,203.15,203.25,202.85,203.05,0
2025-07-11 14:15:00,203.05,203.2,203.0,203.2,0
2025-07-11 15:15:00,203.2,203.35,203.15,203.3,0
2025-07-14 09:15:00,203.3,204.15,203.3,203.55,0
2025-07-14 10:15:00,203.55,204.0,203.45,204.0,0
2025-07-14 11:15:00,204.0,204.35,203.95,204.15,0
2025-07-14 12:15:00,204.15,204.5,204.0,204.3,0
2025-07-14 13:15:00,204.3,204.4,204.05,204.15,0
2025-07-14 14:15:00,204.1,204.2,203.6,203.85,0
2025-07-14 15:15:00,203.85,203.9,203.75,203.85,0
2025-07-15 09:15:00,203.8,203.8,203.25,203.5,0
2025-07-15 10:15:00,203.5,203.7,202.55,202.75,0
2025-07-15 11:15:00,202.75,202.9,202.7,202.85,0
2025-07-15 12:15:00,202.85,203.15,202.75,202.9,0
2025-07-15 13:15:00,202.85,203.25,202.85,203.05,0
2025-07-15 14:15:00,203.05,203.25,202.9,202.9,0
2025-07-15 15:15:00,202.9,202.95,202.7,202.75,0
2025-07-16 09:15:00,202.95,203.55,202.85,203.4,0
2025-07-16 10:15:00,203.4,203.6,203.3,203.4,0
2025-07-16 11:15:00,203.4,203.55,202.85,203.1,0
2025-07-16 12:15:00,203.1,203.2,202.7,202.85,0
2025-07-16 13:15:00,202.85,203.05,202.5,202.6,0
2025-07-16 14:15:00,202.6,202.9,202.5,202.9,0
2025-07-16 15:15:00,202.85,203.0,202.8,202.95,0
2025-07-17 09:15:00,202.75,203.3,202.7,203.3,0
2025-07-17 10:15:00,203.3,203.45,203.0,203.15,0
2025-07-17 11:15:00,203.15,203.25,202.95,203.1,0
2025-07-17 12:15:00,203.1,203.25,202.9,203.25,0
2025-07-17 13:15:00,203.25,203.4,203.0,203.35,0
2025-07-17 14:15:00,203.35,203.75,203.25,203.6,0
2025-07-17 15:15:00,203.6,203.75,203.6,203.7,0
2025-07-18 09:15:00,203.75,204.6,203.45,204.5,0
2025-07-18 10:15:00,204.5,205.25,204.5,204.95,0
2025-07-18 11:15:00,204.95,205.25,204.8,205.15,0
2025-07-18 12:15:00,205.15,205.3,204.7,205.05,0
2025-07-18 13:15:00,205.05,205.15,204.65,204.85,0
2025-07-18 14:15:00,204.85,205.0,204.6,204.85,0
2025-07-18 15:15:00,204.85,204.9,204.8,204.9,0
2025-07-21 09:15:00,204.7,205.65,204.15,204.3,0
2025-07-21 10:15:00,204.3,204.4,204.05,204.15,0
2025-07-21 11:15:00,204.15,204.7,204.1,204.35,0
2025-07-21 12:15:00,204.35,204.65,204.2,204.3,0
2025-07-21 13:15:00,204.3,204.8,204.25,204.5,0
2025-07-21 14:15:00,204.5,204.7,203.95,203.95,0
2025-07-21 15:15:00,204.0,204.0,203.8,203.95,0
2025-07-22 09:15:00,203.35,204.05,203.35,203.8,0
2025-07-22 10:15:00,203.85,204.25,203.7,204.15,0
2025-07-22 11:15:00,204.15,204.45,204.0,204.1,0
2025-07-22 12:15:00,204.1,204.15,203.75,204.0,0
2025-07-22 13:15:00,204.0,204.15,203.85,204.05,0
2025-07-22 14:15:00,204.05,204.35,204.0,204.25,0
2025-07-22 15:15:00,204.25,204.3,204.15,204.2,0
2025-07-23 09:15:00,203.6,204.05,203.55,203.85,0
2025-07-23 10:15:00,203.85,204.0,203.6,203.7,0
2025-07-23 11:15:00,203.7,203.9,203.45,203.5,0
2025-07-23 12:15:00,203.55,203.55,203.2,203.45,0
2025-07-23 13:15:00,203.45,203.6,203.05,203.05,0
2025-07-23 14:15:00,203.05,203.2,202.85,202.9,0
2025-07-23 15:15:00,202.9,203.1,202.9,203.05,0
2025-07-24 09:15:00,202.8,203.5,202.8,203.5,0
2025-07-24 10:15:00,203.5,203.6,203.3,203.6,0
2025-07-24 11:15:00,203.6,204.6,203.6,204.35,0
2025-07-24 12:15:00,204.35,204.55,204.05,204.25,0
2025-07-24 13:15:00,204.25,204.35,203.95,204.05,0
2025-07-24 14:15:00,204.05,204.4,203.95,204.2,0
2025-07-24 15:15:00,204.2,204.4,204.2,204.35,0
2025-07-25 09:15:00,204.7,205.6,204.7,205.6,0
2025-07-25 10:15:00,205.6,206.05,205.6,205.9,0
2025-07-25 11:15:00,205.9,206.2,205.5,206.1,0
2025-07-25 12:15:00,206.1,206.35,205.75,205.95,0
2025-07-25 13:15:00,205.95,206.4,205.8,206.1,0
2025-07-25 14:15:00,206.1,206.35,206.0,206.1,0
2025-07-25 15:15:00,206.1,206.25,206.05,206.2,0
2025-07-28 09:15:00,206.7,207.1,206.1,206.15,0
2025-07-28 10:15:00,206.15,206.75,205.8,206.5,0
2025-07-28 11:15:00,206.5,206.7,206.35,206.7,0
2025-07-28 12:15:00,206.7,207.35,206.55,207.3,0
2025-07-28 13:15:00,207.3,207.8,207.25,207.6,0
2025-07-28 14:15:00,207.55,207.6,207.3,207.55,0
2025-07-28 15:15:00,207.55,207.6,207.45,207.6,0
2025-07-29 09:15:00,208.15,208.15,207.15,207.7,0
2025-07-29 10:15:00,207.7,208.1,207.65,207.75,0
2025-07-29 11:15:00,207.75,207.75,207.35,207.45,0
2025-07-29 12:15:00,207.45,207.55,207.1,207.1,0
2025-07-29 13:15:00,207.1,207.15,206.45,206.55,0
2025-07-29 14:15:00,206.55,206.8,206.3,206.45,0
2025-07-29 15:15:00,206.45,206.45,206.15,206.3,0
2025-07-30 09:15:00,205.85,206.45,205.85,206.25,0
2025-07-30 10:15:00,206.2,206.8,206.1,206.2,0
2025-07-30 11:15:00,206.2,206.25,205.75,206.15,0
2025-07-30 12:15:00,206.15,206.3,205.95,206.15,0
2025-07-30 13:15:00,206.15,206.3,205.95,206.1,0
2025-07-30 14:15:00,206.1,206.15,205.85,206.1,0
2025-07-30 15:15:00,206.1,206.25,206.1,206.2,0
2025-07-31 09:15:00,207.95,207.95,207.2,207.65,0
2025-07-31 10:15:00,207.65,207.75,206.8,207.05,0
2025-07-31 11:15:00,207.05,207.1,206.45,206.45,0
2025-07-31 12:15:00,206.45,206.45,205.55,205.8,0
2025-07-31 13:15:00,205.8,205.85,205.3,205.6,0
2025-07-31 14:15:00,205.6,207.0,205.55,206.95,0
2025-07-31 15:15:00,206.95,207.05,206.9,206.9,0
2025-08-01 09:15:00,207.2,207.7,207.0,207.1,0
2025-08-01 10:15:00,207.1,207.4,206.8,207.4,0
2025-08-01 11:15:00,207.4,207.95,207.35,207.85,0
2025-08-01 12:15:00,207.85,208.2,207.5,207.85,0
2025-08-01 13:15:00,207.85,208.2,207.55,207.9,0
2025-08-01 14:15:00,207.9,208.85,207.8,208.75,0
2025-08-01 15:15:00,208.75,208.8,208.5,208.55,0
2025-08-04 09:15:00,208.45,208.8,207.8,208.2,0
2025-08-04 10:15:00,208.2,208.35,207.8,207.85,0
2025-08-04 11:15:00,207.85,208.15,207.7,207.75,0
2025-08-04 12:15:00,207.75,207.85,207.35,207.55,0
2025-08-04 13:15:00,207.55,208.05,207.25,207.4,0
2025-08-04 14:15:00,207.4,207.65,207.25,207.4,0
2025-08-04 15:15:00,207.4,207.4,207.25,207.35,0
2025-08-05 09:15:00,207.4,208.5,207.4,208.25,0
2025-08-05 10:15:00,208.25,208.45,208.05,208.15,0
2025-08-05 11:15:00,208.15,208.3,207.85,207.95,0
2025-08-05 12:15:00,207.95,208.3,207.85,208.2,0
2025-08-05 13:15:00,208.2,208.5,208.15,208.3,0
2025-08-05 14:15:00,208.3,208.5,207.8,207.85,0
2025-08-05 15:15:00,207.85,208.05,207.85,208.0,0
2025-08-06 09:15:00,208.1,208.6,207.85,208.4,0
2025-08-06 10:15:00,208.4,208.9,208.05,208.8,0
2025-08-06 11:15:00,208.75,208.85,208.45,208.55,0
2025-08-06 12:15:00,208.55,208.6,208.15,208.3,0
2025-08-06 13:15:00,208.3,208.65,208.2,208.6,0
2025-08-06 14:15:00,208.6,208.95,208.45,208.65,0
2025-08-06 15:15:00,208.65,208.75,208.55,208.7,0
2025-08-07 09:15:00,209.65,209.65,208.95,209.55,0
2025-08-07 10:15:00,209.55,210.3,209.45,210.1,0
2025-08-07 11:15:00,210.1,210.1,209.75,209.8,0
2025-08-07 12:15:00,209.85,210.2,209.75,210.15,0
2025-08-07 13:15:00,210.15,210.65,209.8,209.95,0
2025-08-07 14:15:00,209.95,209.95,208.45,208.55,0
2025-08-07 15:15:00,208.55,208.55,208.2,208.25,0
2025-08-08 09:15:00,209.0,209.9,208.65,209.8,0
2025-08-08 10:15:00,209.8,210.15,209.5,209.85,0
2025-08-08 11:15:00,209.85,210.2,209.75,210.0,0
2025-08-08 12:15:00,210.0,210.1,209.5,209.9,0
2025-08-08 13:15:00,209.9,210.3,209.65,210.1,0
2025-08-08 14:15:00,210.1,210.75,209.9,210.7,0
2025-08-08 15:15:00,210.65,210.7,210.5,210.65,0
2025-08-11 09:15:00,210.55,210.75,210.05,210.2,0
2025-08-11 10:15:00,210.2,210.25,209.7,209.95,0
2025-08-11 11:15:00,209.95,210.3,209.65,209.9,0
2025-08-11 12:15:00,209.9,210.05,209.35,209.65,0
2025-08-11 13:15:00,209.65,209.7,209.05,209.1,0
2025-08-11 14:15:00,209.1,209.25,208.55,208.7,0
2025-08-11 15:15:00,208.7,209.05,208.7,208.9,0
2025-08-12 09:15:00,208.9,209.15,207.75,208.1,0
2025-08-12 10:15:00,208.05,209.2,207.9,209.1,0
2025-08-12 11:15:00,209.1,209.2,208.65,208.9,0
2025-08-12 12:15:00,208.95,208.95,208.25,208.65,0
2025-08-12 13:15:00,208.65,209.15,208.55,209.1,0
2025-08-12 14:15:00,209.1,209.75,208.9,209.55,0
2025-08-12 15:15:00,209.55,209.65,209.45,209.55,0
2025-08-13 09:15:00,208.75,209.2,208.5,208.8,0
2025-08-13 10:15:00,208.8,209.0,208.6,208.75,0
2025-08-13 11:15:00,208.75,209.15,208.65,208.8,0
2025-08-13 12:15:00,208.8,208.9,208.3,208.45,0
2025-08-13 13:15:00,208.45,208.65,208.1,208.15,0
2025-08-13 14:15:00,208.1,208.55,208.1,208.5,0
2025-08-13 15:15:00,208.5,208.55,208.3,208.35,0
2025-08-14 09:15:00,208.6,208.6,208.05,208.4,0
2025-08-14 10:15:00,208.4,208.45,208.05,208.25,0
2025-08-14 11:15:00,208.25,208.6,208.2,208.4,0
2025-08-14 12:15:00,208.4,208.4,208.1,208.2,0
2025-08-14 13:15:00,208.2,208.45,208.1,208.35,0
2025-08-14 14:15:00,208.35,208.7,208.1,208.4,0
2025-08-14 15:15:00,208.4,208.6,208.4,208.5,0
2025-08-18 09:15:00,205.9,206.35,205.2,205.5,0
2025-08-18 10:15:00,205.5,205.85,205.4,205.75,0
2025-08-18 11:15:00,205.75,206.45,205.6,206.45,0
2025-08-18 12:15:00,206.45,206.65,205.8,205.85,0
2025-08-18 13:15:00,205.8,206.3,205.75,205.95,0
2025-08-18 14:15:00,206.0,206.5,205.85,206.5,0
2025-08-18 15:15:00,206.5,206.5,206.3,206.35,0
2025-08-19 09:15:00,206.35,206.5,205.95,206.1,0
2025-08-19 10:15:00,206.1,206.25,205.9,205.95,0
2025-08-19 11:15:00,206.0,206.05,205.65,205.65,0
2025-08-19 12:15:00,205.65,205.7,205.35,205.55,0
2025-08-19 13:15:00,205.55,206.1,205.4,205.95,0
2025-08-19 14:15:00,205.95,206.1,205.5,205.65,0
2025-08-19 15:15:00,205.65,205.65,205.5,205.55,0
2025-08-20 09:15:00,205.75,206.05,205.5,205.5,0
2025-08-20 10:15:00,205.5,205.6,205.25,205.25,0
2025-08-20 11:15:00,205.25,205.4,205.1,205.15,0
2025-08-20 12:15:00,205.15,205.25,204.95,205.05,0
2025-08-20 13:15:00,205.05,205.2,204.75,204.9,0
2025-08-20 14:15:00,204.9,205.1,204.75,205.05,0
2025-08-20 15:15:00,205.05,205.15,205.0,205.1,0
2025-08-21 09:15:00,204.35,205.05,204.35,204.55,0
2025-08-21 10:15:00,204.55,204.6,204.3,204.5,0
2025-08-21 11:15:00,204.5,204.7,204.4,204.65,0
2025-08-21 12:15:00,204.6,204.75,204.45,204.55,0
2025-08-21 13:15:00,204.55,204.9,204.45,204.5,0
2025-08-21 14:15:00,204.5,204.85,204.25,204.85,0
2025-08-21 15:15:00,204.85,204.95,204.8,204.85,0
2025-08-22 09:15:00,205.0,206.0,204.9,205.85,0
2025-08-22 10:15:00,205.85,206.35,205.85,206.3,0
2025-08-22 11:15:00,206.3,206.4,205.85,206.15,0
2025-08-22 12:15:00,206.15,206.25,206.1,206.15,0
2025-08-22 13:15:00,206.2,206.2,205.95,206.2,0
2025-08-22 14:15:00,206.15,206.65,206.15,206.55,0
2025-08-22 15:15:00,206.55,206.65,206.55,206.6,0
2025-08-25 09:15:00,206.05,206.45,205.85,206.4,0
2025-08-25 10:15:00,206.4,206.5,205.95,206.05,0
2025-08-25 11:15:00,206.0,206.1,205.85,205.85,0
2025-08-25 12:15:00,205.85,205.85,205.6,205.6,0
2025-08-25 13:15:00,205.6,205.75,205.5,205.65,0
2025-08-25 14:15:00,205.65,206.05,205.45,206.0,0
2025-08-25 15:15:00,206.0,206.0,205.75,205.8,0
2025-08-26 09:15:00,206.45,207.65,206.3,207.3,0
2025-08-26 10:15:00,207.3,207.6,207.2,207.3,0
2025-08-26 11:15:00,207.3,207.35,207.0,207.3,0
2025-08-26 12:15:00,207.3,207.5,207.2,207.25,0
2025-08-26 13:15:00,207.25,207.6,207.1,207.5,0
2025-08-26 14:15:00,207.5,208.2,207.35,208.15,0
2025-08-26 15:15:00,208.15,208.2,207.95,208.05,0
2025-08-28 09:15:00,208.2,209.8,208.2,209.2,0
2025-08-28 10:15:00,209.25,209.4,208.35,208.55,0
2025-08-28 11:15:00,208.55,208.95,208.4,208.8,0
2025-08-28 12:15:00,208.8,209.5,208.75,209.4,0
2025-08-28 13:15:00,209.35,209.6,209.15,209.25,0
2025-08-28 14:15:00,209.25,210.0,209.1,209.85,0
2025-08-28 15:15:00,209.85,209.95,209.5,209.6,0
2025-08-29 09:15:00,210.2,210.2,209.35,210.15,0
2025-08-29 10:15:00,210.15,210.2,209.35,209.4,0
2025-08-29 11:15:00,209.4,209.6,209.3,209.45,0
2025-08-29 12:15:00,209.45,209.95,209.45,209.95,0
2025-08-29 13:15:00,209.95,210.1,209.7,209.8,0
2025-08-29 14:15:00,209.8,210.7,209.45,210.7,0
2025-08-29 15:15:00,210.7,210.7,210.35,210.45,0
2025-09-01 09:15:00,210.55,210.55,209.45,209.8,0
2025-09-01 10:15:00,209.8,209.95,209.55,209.55,0
2025-09-01 11:15:00,209.55,209.85,209.5,209.6,0
2025-09-01 12:15:00,209.55,209.65,209.2,209.2,0
2025-09-01 13:15:00,209.25,209.3,208.95,208.95,0
2025-09-01 14:15:00,209.0,209.15,208.85,208.9,0
2025-09-01 15:15:00,208.9,208.95,208.85,208.9,0
2025-09-02 09:15:00,208.7,208.9,207.9,208.05,0
2025-09-02 10:15:00,208.05,208.25,207.9,208.05,0
2025-09-02 11:15:00,208.05,208.15,207.95,208.1,0
2025-09-02 12:15:00,208.1,208.2,207.85,208.1,0
2025-09-02 13:15:00,208.1,209.7,208.1,209.5,0
2025-09-02 14:15:00,209.5,209.8,209.0,209.3,0
2025-09-02 15:15:00,209.3,209.45,209.2,209.4,0
2025-09-03 09:15:00,209.05,209.75,209.0,209.15,0
2025-09-03 10:15:00,209.15,209.6,209.1,209.4,0
2025-09-03 11:15:00,209.4,209.55,208.9,208.9,0
2025-09-03 12:15:00,208.95,209.25,208.75,209.15,0
2025-09-03 13:15:00,209.15,209.2,208.55,208.7,0
2025-09-03 14:15:00,208.7,208.7,208.0,208.1,0
2025-09-03 15:15:00,208.1,208.3,208.1,208.2,0
2025-09-04 09:15:00,206.0,207.25,206.0,207.2,0
2025-09-04 10:15:00,207.2,207.5,206.9,207.4,0
2025-09-04 11:15:00,207.4,207.65,207.2,207.45,0
2025-09-04 12:15:00,207.45,207.8,207.2,207.4,0
2025-09-04 13:15:00,207.4,207.9,207.3,207.8,0
2025-09-04 14:15:00,207.8,208.25,207.7,208.2,0
2025-09-04 15:15:00,208.2,208.3,207.95,208.05,0
2025-09-05 09:15:00,207.4,208.6,207.3,208.55,0
2025-09-05 10:15:00,208.6,208.95,208.1,208.45,0
2025-09-05 11:15:00,208.45,208.8,208.35,208.8,0
2025-09-05 12:15:00,208.8,209.05,208.65,208.65,0
2025-09-05 13:15:00,208.65,208.65,207.65,208.0,0
2025-09-05 14:15:00,208.0,208.25,207.85,208.1,0
2025-09-05 15:15:00,208.1,208.1,208.0,208.05,0
2025-09-08 09:15:00,207.6,208.0,207.25,207.65,0
2025-09-08 10:15:00,207.65,207.95,207.5,207.6,0
2025-09-08 11:15:00,207.6,207.65,207.35,207.35,0
2025-09-08 12:15:00,207.35,207.45,207.05,207.05,0
2025-09-08 13:15:00,207.05,207.4,207.05,207.15,0
2025-09-08 14:15:00,207.15,208.05,206.95,207.9,0
2025-09-08 15:15:00,207.9,207.95,207.65,207.7,0
2025-09-09 09:15:00,207.15,207.5,207.0,207.45,0
2025-09-09 10:15:00,207.45,207.55,207.3,207.35,0
2025-09-09 11:15:00,207.35,207.55,207.2,207.35,0
2025-09-09 12:15:00,207.35,207.35,207.1,207.2,0
2025-09-09 13:15:00,207.2,207.3,207.05,207.05,0
2025-09-09 14:15:00,207.05,207.45,206.9,207.1,0
2025-09-09 15:15:00,207.1,207.15,207.0,207.05,0
2025-09-10 09:15:00,206.1,206.4,205.9,206.0,0
2025-09-10 10:15:00,206.0,206.1,205.75,205.95,0
2025-09-10 11:15:00,205.95,206.3,205.9,206.1,0
2025-09-10 12:15:00,206.1,206.4,206.05,206.35,0
2025-09-10 13:15:00,206.35,206.5,206.2,206.35,0
2025-09-10 14:15:00,206.35,206.75,206.2,206.2,0
2025-09-10 15:15:00,206.2,206.25,206.15,206.2,0
2025-09-11 09:15:00,206.5,206.5,206.0,206.35,0
2025-09-11 10:15:00,206.35,206.35,206.15,206.25,0
2025-09-11 11:15:00,206.2,206.4,206.15,206.2,0
2025-09-11 12:15:00,206.2,206.2,205.95,206.0,0
2025-09-11 13:15:00,206.0,206.15,205.85,205.95,0
2025-09-11 14:15:00,205.95,206.2,205.75,206.05,0
2025-09-11 15:15:00,206.05,206.15,205.95,206.0,0
2025-09-12 09:15:00,205.5,205.8,205.4,205.5,0
2025-09-12 10:15:00,205.5,205.55,205.25,205.25,0
2025-09-12 11:15:00,205.25,205.3,204.95,205.1,0
2025-09-12 12:15:00,205.1,205.25,205.05,205.1,0
2025-09-12 13:15:00,205.1,205.3,205.05,205.15,0
2025-09-12 14:15:00,205.1,205.3,205.1,205.15,0
2025-09-12 15:15:00,205.15,205.25,205.1,205.2,0
2025-09-15 09:15:00,205.2,205.6,205.05,205.5,0
2025-09-15 10:15:00,205.5,205.65,205.35,205.55,0
2025-09-15 11:15:00,205.55,205.6,205.2,205.35,0
2025-09-15 12:15:00,205.35,205.45,205.25,205.35,0
2025-09-15 13:15:00,205.3,205.8,205.25,205.6,0
2025-09-15 14:15:00,205.6,205.65,205.25,205.65,0
2025-09-15 15:15:00,205.65,205.7,205.6,205.6,0
2025-09-16 09:15:00,205.6,205.65,204.75,204.85,0
2025-09-16 10:15:00,204.85,205.0,204.8,204.85,0
2025-09-16 11:15:00,204.85,204.9,204.75,204.8,0
2025-09-16 12:15:00,204.8,204.8,204.55,204.7,0
2025-09-16 13:15:00,204.7,204.95,204.65,204.75,0
2025-09-16 14:15:00,204.75,204.75,204.15,204.25,0
2025-09-16 15:15:00,204.25,204.35,204.1,204.15,0
2025-09-17 09:15:00,204.0,204.0,203.45,203.65,0
2025-09-17 10:15:00,203.7,203.75,203.5,203.5,0
2025-09-17 11:15:00,203.5,203.65,203.5,203.6,0
2025-09-17 12:15:00,203.6,203.65,203.4,203.5,0
2025-09-17 13:15:00,203.5,203.85,203.4,203.75,0
2025-09-17 14:15:00,203.75,203.95,203.5,203.55,0
2025-09-17 15:15:00,203.55,203.65,203.5,203.55,0
2025-09-18 09:15:00,202.7,203.05,202.7,202.95,0
2025-09-18 10:15:00,202.95,203.0,202.7,202.85,0
2025-09-18 11:15:00,202.8,202.95,202.75,202.85,0
2025-09-18 12:15:00,202.85,203.45,202.8,203.3,0
2025-09-18 13:15:00,203.35,203.5,203.1,203.3,0
2025-09-18 14:15:00,203.3,203.6,202.7,202.85,0
2025-09-18 15:15:00,202.85,202.9,202.75,202.85,0
2025-09-19 09:15:00,202.95,203.85,202.8,203.65,0
2025-09-19 10:15:00,203.65,203.85,203.5,203.75,0
2025-09-19 11:15:00,203.75,203.95,203.6,203.8,0
2025-09-19 12:15:00,203.8,203.95,203.6,203.6,0
2025-09-19 13:15:00,203.6,203.65,203.35,203.4,0
2025-09-19 14:15:00,203.4,203.8,203.35,203.7,0
2025-09-19 15:15:00,203.7,203.7,203.4,203.45,0
2025-09-22 09:15:00,204.45,204.65,203.7,203.85,0
2025-09-22 10:15:00,203.85,204.0,203.75,203.95,0
2025-09-22 11:15:00,203.95,204.2,203.95,204.05,0
2025-09-22 12:15:00,204.05,204.05,203.8,203.9,0
2025-09-22 13:15:00,203.9,204.35,203.9,204.15,0
2025-09-22 14:15:00,204.1,205.15,204.1,204.75,0
2025-09-22 15:15:00,204.8,204.8,204.65,204.75,0
2025-09-23 09:15:00,204.7,205.5,204.4,205.15,0
2025-09-23 10:15:00,205.15,205.6,205.15,205.6,0
2025-09-23 11:15:00,205.6,205.7,205.25,205.25,0
2025-09-23 12:15:00,205.25,205.3,204.6,204.8,0
2025-09-23 13:15:00,204.8,204.85,204.25,204.7,0
2025-09-23 14:15:00,204.7,205.15,204.5,205.0,0
2025-09-23 15:15:00,205.0,205.1,204.9,204.9,0
2025-09-24 09:15:00,205.55,206.0,205.25,205.65,0
2025-09-24 10:15:00,205.65,206.2,205.5,206.0,0
2025-09-24 11:15:00,206.0,206.0,205.65,205.7,0
2025-09-24 12:15:00,205.7,205.75,205.35,205.35,0
2025-09-24 13:15:00,205.35,205.65,205.25,205.6,0
2025-09-24 14:15:00,205.6,206.1,205.5,205.95,0
2025-09-24 15:15:00,205.95,206.0,205.9,205.95,0
2025-09-25 09:15:00,206.2,206.45,205.7,206.2,0
2025-09-25 10:15:00,206.2,206.45,206.05,206.25,0
2025-09-25 11:15:00,206.25,206.75,206.1,206.6,0
2025-09-25 12:15:00,206.6,206.8,206.4,206.55,0
2025-09-25 13:15:00,206.55,206.9,206.45,206.75,0
2025-09-25 14:15:00,206.75,207.45,206.6,207.45,0
2025-09-25 15:15:00,207.4,207.45,207.25,207.25,0
2025-09-26 09:15:00,208.0,208.5,207.7,208.3,0
2025-09-26 10:15:00,208.3,208.45,208.1,208.4,0
2025-09-26 11:15:00,208.4,208.65,208.3,208.45,0
2025-09-26 12:15:00,208.45,208.55,208.2,208.5,0
2025-09-26 13:15:00,208.5,209.5,208.5,209.3,0
2025-09-26 14:15:00,209.3,209.6,209.2,209.45,0
2025-09-26 15:15:00,209.45,209.45,209.2,209.2,0
2025-09-29 09:15:00,208.85,209.35,208.5,208.6,0
2025-09-29 10:15:00,208.55,208.85,208.3,208.75,0
2025-09-29 11:15:00,208.75,209.65,208.7,209.6,0
2025-09-29 12:15:00,209.55,209.9,209.2,209.2,0
2025-09-29 13:15:00,209.2,209.45,208.75,208.9,0
2025-09-29 14:15:00,208.85,209.8,208.7,209.6,0
2025-09-29 15:15:00,209.6,209.75,209.15,209.25,0
2025-09-30 09:15:00,209.2,209.65,208.85,209.65,0
2025-09-30 10:15:00,209.65,210.0,209.35,209.4,0
2025-09-30 11:15:00,209.4,209.75,209.25,209.55,0
2025-09-30 12:15:00,209.55,209.6,209.25,209.4,0
2025-09-30 13:15:00,209.4,209.95,209.3,209.75,0
2025-09-30 14:15:00,209.75,210.05,209.5,209.85,0
2025-09-30 15:15:00,209.85,209.95,209.65,209.65,0
2025-10-01 09:15:00,209.8,209.95,209.2,209.5,0
2025-10-01 10:15:00,209.5,209.6,209.1,209.1,0
2025-10-01 11:15:00,209.1,209.1,208.2,208.25,0
2025-10-01 12:15:00,208.25,208.75,208.2,208.55,0
2025-10-01 13:15:00,208.55,208.65,208.2,208.3,0
2025-10-01 14:15:00,208.3,208.5,207.7,208.1,0
2025-10-01 15:15:00,208.1,208.1,207.85,207.85,0
2025-10-03 09:15:00,208.65,208.75,208.0,208.35,0
2025-10-03 10:15:00,208.35,208.55,208.15,208.2,0
2025-10-03 11:15:00,208.2,208.25,207.9,208.0,0
2025-10-03 12:15:00,208.0,208.35,207.95,207.95,0
2025-10-03 13:15:00,207.95,208.25,207.95,208.25,0
2025-10-03 14:15:00,208.25,208.25,207.45,207.6,0
2025-10-03 15:15:00,207.6,207.65,207.5,207.55,0
2025-10-06 09:15:00,207.45,207.75,207.0,207.0,0
2025-10-06 10:15:00,207.0,207.1,206.6,206.65,0
2025-10-06 11:15:00,206.65,206.9,206.65,206.7,0
2025-10-06 12:15:00,206.7,206.75,206.25,206.25,0
2025-10-06 13:15:00,206.25,206.55,206.0,206.25,0
2025-10-06 14:15:00,206.25,206.5,205.95,206.15,0
2025-10-06 15:15:00,206.15,206.2,206.05,206.15,0
2025-10-07 09:15:00,206.1,206.15,205.1,205.25,0
2025-10-07 10:15:00,205.25,205.6,205.15,205.55,0
2025-10-07 11:15:00,205.55,205.95,205.35,205.5,0
2025-10-07 12:15:00,205.5,205.6,205.2,205.25,0
2025-10-07 13:15:00,205.25,205.4,205.0,205.05,0
2025-10-07 14:15:00,205.05,206.05,204.95,206.05,0
2025-10-07 15:15:00,206.05,206.05,205.8,205.85,0
2025-10-08 09:15:00,206.15,206.15,205.25,205.6,0
2025-10-08 10:15:00,205.6,206.45,205.55,206.45,0
2025-10-08 11:15:00,206.45,206.6,206.25,206.4,0
2025-10-08 12:15:00,206.4,206.75,205.95,206.0,0
2025-10-08 13:15:00,206.0,206.4,205.7,206.25,0
2025-10-08 14:15:00,206.2,206.55,206.1,206.5,0
2025-10-08 15:15:00,206.5,206.6,206.4,206.6,0
2025-10-09 09:15:00,206.25,206.65,205.85,206.5,0
2025-10-09 10:15:00,206.5,206.55,205.55,205.6,0
2025-10-09 11:15:00,205.6,205.85,205.35,205.7,0
2025-10-09 12:15:00,205.7,205.85,205.5,205.75,0
2025-10-09 13:15:00,205.75,205.8,205.35,205.7,0
2025-10-09 14:15:00,205.7,205.85,205.2,205.4,0
2025-10-09 15:15:00,205.4,205.5,205.25,205.45,0
2025-10-10 09:15:00,205.5,205.55,204.55,204.7,0
2025-10-10 10:15:00,204.7,204.75,204.3,204.35,0
2025-10-10 11:15:00,204.3,204.7,204.3,204.5,0
2025-10-10 12:15:00,204.5,204.6,204.25,204.35,0
2025-10-10 13:15:00,204.35,204.55,204.15,204.35,0
2025-10-10 14:15:00,204.35,204.7,204.3,204.55,0
2025-10-10 15:15:00,204.55,204.6,204.4,204.6,0
2025-10-13 09:15:00,205.5,205.7,205.0,205.3,0
2025-10-13 10:15:00,205.3,205.5,205.1,205.4,0
2025-10-13 11:15:00,205.4,205.6,205.3,205.4,0
2025-10-13 12:15:00,205.4,205.55,205.2,205.25,0
2025-10-13 13:15:00,205.25,205.5,205.15,205.25,0
2025-10-13 14:15:00,205.25,205.35,204.75,205.15,0
2025-10-13 15:15:00,205.15,205.15,204.95,205.0,0
2025-10-14 09:15:00,204.7,205.55,204.45,205.4,0
2025-10-14 10:15:00,205.4,205.7,205.05,205.55,0
2025-10-14 11:15:00,205.55,206.15,205.55,206.0,0
2025-10-14 12:15:00,206.0,206.5,205.95,206.3,0
2025-10-14 13:15:00,206.3,206.35,205.85,206.0,0
2025-10-14 14:15:00,206.0,206.15,205.35,205.8,0
2025-10-14 15:15:00,205.8,206.05,205.65,206.0,0
2025-10-15 09:15:00,205.55,205.7,204.85,204.95,0
2025-10-15 10:15:00,204.95,204.95,204.35,204.65,0
2025-10-15 11:15:00,204.65,204.65,204.4,204.65,0
2025-10-15 12:15:00,204.65,204.7,204.25,204.35,0
2025-10-15 13:15:00,204.35,204.45,204.05,204.35,0
2025-10-15 14:15:00,204.35,204.65,204.25,204.35,0
2025-10-15 15:15:00,204.35,204.35,204.25,204.35,0
2025-10-16 09:15:00,203.8,203.9,203.35,203.6,0
2025-10-16 10:15:00,203.6,203.65,203.2,203.3,0
2025-10-16 11:15:00,203.3,203.45,203.15,203.15,0
2025-10-16 12:15:00,203.15,203.2,202.75,202.8,0
2025-10-16 13:15:00,202.8,202.95,202.35,202.55,0
2025-10-16 14:15:00,202.55,202.55,201.95,202.4,0
2025-10-16 15:15:00,202.45,202.45,202.3,202.45,0
2025-10-17 09:15:00,202.6,202.9,201.6,201.65,0
2025-10-17 10:15:00,201.65,201.7,200.95,201.0,0
2025-10-17 11:15:00,201.0,201.35,200.8,200.95,0
2025-10-17 12:15:00,200.9,201.8,200.75,201.65,0
2025-10-17 13:15:00,201.65,202.05,201.35,201.55,0
2025-10-17 14:15:00,201.55,201.75,201.0,201.35,0
2025-10-17 15:15:00,201.35,201.45,201.3,201.4,0
2025-10-20 09:15:00,200.5,200.8,199.75,200.25,0
2025-10-20 10:15:00,200.25,200.6,200.0,200.15,0
2025-10-20 11:15:00,200.15,200.55,200.1,200.3,0
2025-10-20 12:15:00,200.3,200.45,199.85,199.95,0
2025-10-20 13:15:00,199.95,200.4,199.9,200.25,0
2025-10-20 14:15:00,200.25,200.75,200.05,200.35,0
2025-10-20 15:15:00,200.35,200.4,200.25,200.35,0
2025-10-21 13:45:00,199.95,200.55,199.7,200.5,0
2025-10-23 09:15:00,198.8,199.3,198.5,198.5,0
2025-10-23 10:15:00,198.5,198.9,198.5,198.8,0
2025-10-23 11:15:00,198.8,198.95,198.6,198.65,0
2025-10-23 12:15:00,198.65,198.95,198.45,198.8,0
2025-10-23 13:15:00,198.8,199.65,198.65,199.55,0
2025-10-23 14:15:00,199.6,200.3,199.3,200.3,0
2025-10-23 15:15:00,200.3,200.3,200.05,200.25,0
2025-10-24 09:15:00,199.8,200.5,199.75,200.25,0
2025-10-24 10:15:00,200.25,200.85,200.25,200.6,0
2025-10-24 11:15:00,200.6,200.95,200.4,200.45,0
2025-10-24 12:15:00,200.45,200.8,200.25,200.6,0
2025-10-24 13:15:00,200.6,201.45,200.6,201.15,0
2025-10-24 14:15:00,201.15,201.3,200.75,200.85,0
2025-10-24 15:15:00,200.85,200.9,200.75,200.85,0
2025-10-27 09:15:00,200.6,200.7,199.55,199.65,0
2025-10-27 10:15:00,199.65,199.75,199.5,199.55,0
2025-10-27 11:15:00,199.55,199.8,199.3,199.4,0
2025-10-27 12:15:00,199.4,199.7,199.35,199.6,0
2025-10-27 13:15:00,199.6,200.0,199.6,199.85,0
2025-10-27 14:15:00,199.85,199.95,199.5,199.65,0
2025-10-27 15:15:00,199.65,199.7,199.5,199.55,0
2025-10-28 09:15:00,199.85,200.25,199.05,200.1,0
2025-10-28 10:15:00,200.1,200.6,200.05,200.5,0
2025-10-28 11:15:00,200.55,200.7,200.15,200.6,0
2025-10-28 12:15:00,200.6,200.7,199.8,199.95,0
2025-10-28 13:15:00,199.95,200.6,199.75,200.35,0
2025-10-28 14:15:00,200.35,200.85,199.8,199.85,0
2025-10-28 15:15:00,199.85,199.85,199.65,199.65,0
2025-10-29 09:15:00,199.55,199.7,199.25,199.45,0
2025-10-29 10:15:00,199.45,199.5,198.95,199.25,0
2025-10-29 11:15:00,199.25,199.35,198.95,199.0,0
2025-10-29 12:15:00,199.0,199.05,198.75,198.8,0
2025-10-29 13:15:00,198.8,199.1,198.65,199.0,0
2025-10-29 14:15:00,199.0,199.3,198.8,199.05,0
2025-10-29 15:15:00,199.1,199.1,198.85,198.9,0
2025-10-30 09:15:00,199.55,200.25,199.25,199.75,0
2025-10-30 10:15:00,199.75,200.1,199.7,199.8,0
2025-10-30 11:15:00,199.8,200.2,199.65,200.1,0
2025-10-30 12:15:00,200.1,200.25,200.0,200.05,0
2025-10-30 13:15:00,200.05,200.5,199.95,200.3,0
2025-10-30 14:15:00,200.3,200.6,200.05,200.4,0
2025-10-30 15:15:00,200.4,200.4,200.25,200.25,0
2025-10-31 09:15:00,200.5,200.85,199.8,200.4,0
2025-10-31 10:15:00,200.4,201.3,200.4,201.2,0
2025-10-31 11:15:00,201.2,201.25,200.75,201.05,0
2025-10-31 12:15:00,201.05,201.15,200.9,201.0,0
2025-10-31 13:15:00,201.0,201.35,200.95,201.2,0
2025-10-31 14:15:00,201.2,201.7,201.1,201.65,0
2025-10-31 15:15:00,201.65,201.7,201.5,201.55,0
2025-11-03 09:15:00,201.9,202.3,201.4,201.8,0
2025-11-03 10:15:00,201.8,201.9,201.3,201.45,0
2025-11-03 11:15:00,201.45,201.9,201.4,201.85,0
2025-11-03 12:15:00,201.85,201.9,201.4,201.45,0
2025-11-03 13:15:00,201.45,201.65,201.25,201.35,0
2025-11-03 14:15:00,201.3,201.6,201.1,201.35,0
2025-11-03 15:15:00,201.35,201.4,201.2,201.3,0
2025-11-04 09:15:00,201.55,202.0,201.25,201.9,0
2025-11-04 10:15:00,201.9,202.1,201.75,202.0,0
2025-11-04 11:15:00,202.05,202.3,201.95,202.05,0
2025-11-04 12:15:00,202.05,202.25,202.0,202.2,0
2025-11-04 13:15:00,202.25,202.65,202.05,202.55,0
2025-11-04 14:15:00,202.55,202.8,202.4,202.7,0
2025-11-04 15:15:00,202.7,202.85,202.65,202.8,0
2025-11-06 09:15:00,202.8,203.2,202.1,203.2,0
2025-11-06 10:15:00,203.2,203.35,202.95,203.05,0
2025-11-06 11:15:00,203.05,203.35,202.95,203.15,0
2025-11-06 12:15:00,203.15,203.3,202.6,202.85,0
2025-11-06 13:15:00,202.85,203.4,202.7,203.1,0
2025-11-06 14:15:00,203.1,203.6,203.0,203.55,0
2025-11-06 15:15:00,203.55,203.55,203.35,203.4,0
2025-11-07 09:15:00,204.1,205.0,204.05,204.8,0
2025-11-07 10:15:00,204.8,204.85,204.25,204.3,0
2025-11-07 11:15:00,204.3,204.3,203.8,203.95,0
2025-11-07 12:15:00,203.95,204.0,203.55,203.7,0
2025-11-07 13:15:00,203.65,203.9,203.15,203.75,0
2025-11-07 14:15:00,203.75,203.8,203.25,203.65,0
2025-11-07 15:15:00,203.65,203.7,203.45,203.5,0
2025-11-10 09:15:00,203.65,203.65,202.9,203.05,0
2025-11-10 10:15:00,203.05,203.05,202.6,202.6,0
2025-11-10 11:15:00,202.6,202.7,202.45,202.65,0
2025-11-10 12:15:00,202.65,202.7,202.45,202.6,0
2025-11-10 13:15:00,202.6,203.0,202.5,202.7,0
2025-11-10 14:15:00,202.7,203.15,202.45,203.15,0
2025-11-10 15:15:00,203.15,203.15,203.0,203.05,0
2025-11-11 09:15:00,202.75,203.8,202.6,203.65,0
2025-11-11 10:15:00,203.65,204.05,203.6,203.85,0
2025-11-11 11:15:00,203.85,203.95,203.25,203.4,0
2025-11-11 12:15:00,203.4,203.4,202.95,203.0,0
2025-11-11 13:15:00,203.0,203.0,202.3,202.5,0
2025-11-11 14:15:00,202.5,202.55,202.05,202.15,0
2025-11-11 15:15:00,202.15,202.2,202.0,202.05,0
2025-11-12 09:15:00,201.05,201.5,200.85,201.0,0
2025-11-12 10:15:00,201.0,201.1,200.65,200.7,0
2025-11-12 11:15:00,200.7,200.7,200.5,200.65,0
2025-11-12 12:15:00,200.65,200.65,200.35,200.35,0
2025-11-12 13:15:00,200.35,200.7,200.3,200.6,0
2025-11-12 14:15:00,200.6,200.8,200.5,200.65,0
2025-11-12 15:15:00,200.65,200.9,200.65,200.75,0
2025-11-13 09:15:00,200.55,201.3,200.55,200.6,0
2025-11-13 10:15:00,200.6,200.65,200.0,200.1,0
2025-11-13 11:15:00,200.1,200.15,199.9,199.95,0
2025-11-13 12:15:00,199.95,200.3,199.9,200.0,0
2025-11-13 13:15:00,199.95,200.8,199.75,200.6,0
2025-11-13 14:15:00,200.65,200.85,200.25,200.75,0
2025-11-13 15:15:00,200.75,200.85,200.55,200.7,0
2025-11-14 09:15:00,201.65,201.65,200.75,201.55,0
2025-11-14 10:15:00,201.55,201.75,200.9,200.95,0
2025-11-14 11:15:00,200.95,201.5,200.9,201.2,0
2025-11-14 12:15:00,201.2,201.5,201.1,201.4,0
2025-11-14 13:15:00,201.4,201.85,201.25,201.6,0
2025-11-14 14:15:00,201.6,201.7,200.3,200.35,0
2025-11-14 15:15:00,200.35,200.55,200.3,200.5,0
2025-11-17 09:15:00,200.3,200.65,200.1,200.3,0
2025-11-17 10:15:00,200.3,200.5,200.15,200.35,0
2025-11-17 11:15:00,200.35,200.6,200.1,200.15,0
2025-11-17 12:15:00,200.15,200.2,199.95,200.05,0
2025-11-17 13:15:00,200.05,200.2,199.75,199.85,0
2025-11-17 14:15:00,199.85,200.1,199.8,199.85,0
2025-11-17 15:15:00,199.8,199.85,199.75,199.8,0
2025-11-18 09:15:00,199.8,200.85,199.75,200.75,0
2025-11-18 10:15:00,200.75,200.9,200.45,200.45,0
2025-11-18 11:15:00,200.45,200.55,200.1,200.25,0
2025-11-18 12:15:00,200.25,200.5,200.2,200.3,0
2025-11-18 13:15:00,200.3,200.3,199.95,200.05,0
2025-11-18 14:15:00,200.05,200.75,200.0,200.75,0
2025-11-18 15:15:00,200.75,200.9,200.65,200.75,0
2025-11-19 09:15:00,200.6,201.1,200.3,200.35,0
2025-11-19 10:15:00,200.35,200.55,200.15,200.55,0
2025-11-19 11:15:00,200.55,200.6,199.95,200.0,0
2025-11-19 12:15:00,200.0,200.0,199.65,199.75,0
2025-11-19 13:15:00,199.75,200.05,199.7,199.7,0
2025-11-19 14:15:00,199.7,199.7,199.4,199.5,0
2025-11-19 15:15:00,199.5,199.65,199.5,199.55,0
2025-11-20 09:15:00,199.0,199.5,199.0,199.25,0
2025-11-20 10:15:00,199.2,199.25,198.9,198.95,0
2025-11-20 11:15:00,198.95,199.05,198.8,198.85,0
2025-11-20 12:15:00,198.85,198.95,198.6,198.65,0
2025-11-20 13:15:00,198.65,198.65,198.25,198.25,0
2025-11-20 14:15:00,198.25,198.7,198.1,198.45,0
2025-11-20 15:15:00,198.4,198.55,198.4,198.5,0
2025-11-21 09:15:00,199.2,199.4,198.7,199.35,0
2025-11-21 10:15:00,199.35,199.6,199.15,199.2,0
2025-11-21 11:15:00,199.2,199.45,199.05,199.05,0
2025-11-21 12:15:00,199.05,199.1,198.65,199.0,0
2025-11-21 13:15:00,198.95,199.25,198.9,198.9,0
2025-11-21 14:15:00,198.9,199.5,198.8,199.5,0
2025-11-21 15:15:00,199.45,199.6,199.4,199.55,0
2025-11-24 09:15:00,199.15,199.6,199.05,199.1,0
2025-11-24 10:15:00,199.1,199.4,199.0,199.35,0
2025-11-24 11:15:00,199.35,199.6,199.1,199.55,0
2025-11-24 12:15:00,199.55,199.75,199.4,199.5,0
2025-11-24 13:15:00,199.5,199.85,199.35,199.65,0
2025-11-24 14:15:00,199.65,200.45,199.65,200.45,0
2025-11-24 15:15:00,200.45,200.75,200.4,200.55,0
2025-11-25 09:15:00,200.15,200.7,199.95,200.0,0
2025-11-25 10:15:00,200.0,200.7,199.95,200.55,0
2025-11-25 11:15:00,200.55,200.55,200.15,200.25,0
2025-11-25 12:15:00,200.25,200.5,200.05,200.2,0
2025-11-25 13:15:00,200.2,200.25,199.9,199.95,0
2025-11-25 14:15:00,199.95,201.15,199.9,201.0,0
2025-11-25 15:15:00,201.0,201.2,201.0,201.2,0
2025-11-26 09:15:00,201.35,201.35,199.4,199.5,0
2025-11-26 10:15:00,199.5,199.65,199.15,199.25,0
2025-11-26 11:15:00,199.25,199.25,198.9,198.95,0
2025-11-26 12:15:00,198.95,199.0,198.65,198.75,0
2025-11-26 13:15:00,198.75,198.95,198.5,198.6,0
2025-11-26 14:15:00,198.6,198.9,198.5,198.5,0
2025-11-26 15:15:00,198.5,198.65,198.5,198.6,0
2025-11-27 09:15:00,198.15,198.55,197.85,198.0,0
2025-11-27 10:15:00,198.0,198.15,197.8,197.9,0
2025-11-27 11:15:00,197.9,198.4,197.85,198.3,0
2025-11-27 12:15:00,198.3,198.8,198.2,198.8,0
2025-11-27 13:15:00,198.8,199.05,198.65,198.75,0
2025-11-27 14:15:00,198.8,198.85,198.4,198.55,0
2025-11-27 15:15:00,198.55,198.55,198.35,198.45,0
2025-11-28 09:15:00,198.35,198.85,198.15,198.35,0
2025-11-28 10:15:00,198.35,198.5,198.05,198.15,0
2025-11-28 11:15:00,198.15,198.4,198.1,198.35,0
2025-11-28 12:15:00,198.35,198.65,198.35,198.5,0
2025-11-28 13:15:00,198.5,198.7,198.4,198.65,0
2025-11-28 14:15:00,198.65,198.7,198.5,198.7,0
2025-11-28 15:15:00,198.7,198.7,198.55,198.6,0
2025-12-01 09:15:00,197.8,198.25,197.8,198.1,0
2025-12-01 10:15:00,198.1,198.55,198.05,198.4,0
2025-12-01 11:15:00,198.4,198.95,198.25,198.9,0
2025-12-01 12:15:00,198.9,199.1,198.8,198.85,0
2025-12-01 13:15:00,198.85,199.0,198.5,198.6,0
2025-12-01 14:15:00,198.65,199.3,198.6,198.9,0
2025-12-01 15:15:00,198.9,199.0,198.85,198.95,0
2025-12-02 09:15:00,199.6,199.85,199.1,199.85,0
2025-12-02 10:15:00,199.85,199.95,199.5,199.65,0
2025-12-02 11:15:00,199.65,199.95,199.65,199.9,0
2025-12-02 12:15:00,199.9,200.05,199.65,200.0,0
2025-12-02 13:15:00,200.0,200.05,199.8,199.95,0
2025-12-02 14:15:00,199.95,200.3,199.95,200.0,0
2025-12-02 15:15:00,200.0,200.05,199.85,199.85,0
2025-12-03 09:15:00,200.3,201.1,199.85,200.85,0
2025-12-03 10:15:00,200.85,201.1,200.8,200.95,0
2025-12-03 11:15:00,200.95,201.15,200.6,200.65,0
2025-12-03 12:15:00,200.7,200.95,200.55,200.8,0
2025-12-03 13:15:00,200.8,201.05,200.65,200.7,0
2025-12-03 14:15:00,200.7,200.95,200.25,200.35,0
2025-12-03 15:15:00,200.35,200.5,200.35,200.45,0
2025-12-04 09:15:00,200.5,200.8,200.0,200.0,0
2025-12-04 10:15:00,200.0,200.05,199.6,199.75,0
2025-12-04 11:15:00,199.75,200.25,199.75,200.15,0
2025-12-04 12:15:00,200.1,200.4,200.1,200.35,0
2025-12-04 13:15:00,200.35,200.65,200.15,200.3,0
2025-12-04 14:15:00,200.3,200.45,199.9,200.05,0
2025-12-04 15:15:00,200.05,200.3,200.05,200.25,0
2025-12-05 09:15:00,200.35,200.45,199.6,199.75,0
2025-12-05 10:15:00,199.8,200.3,199.25,199.25,0
2025-12-05 11:15:00,199.25,199.45,199.15,199.35,0
2025-12-05 12:15:00,199.35,199.4,198.8,199.0,0
2025-12-05 13:15:00,199.0,199.25,198.85,199.1,0
2025-12-05 14:15:00,199.1,199.4,198.85,198.9,0
2025-12-05 15:15:00,198.95,199.0,198.85,199.0,0
2025-12-08 09:15:00,199.25,199.9,199.1,199.7,0
2025-12-08 10:15:00,199.7,200.05,199.6,199.9,0
2025-12-08 11:15:00,199.9,200.2,199.85,200.2,0
2025-12-08 12:15:00,200.2,200.4,200.05,200.2,0
2025-12-08 13:15:00,200.2,201.2,200.2,201.1,0
2025-12-08 14:15:00,201.1,201.25,200.55,200.65,0
2025-12-08 15:15:00,200.65,201.05,200.65,200.95,0
2025-12-09 09:15:00,201.5,202.55,201.3,202.15,0
2025-12-09 10:15:00,202.15,202.15,201.5,201.5,0
2025-12-09 11:15:00,201.5,201.85,201.25,201.3,0
2025-12-09 12:15:00,201.3,201.6,201.05,201.45,0
2025-12-09 13:15:00,201.4,201.5,201.2,201.35,0
2025-12-09 14:15:00,201.35,202.0,201.35,201.7,0
2025-12-09 15:15:00,201.75,201.75,201.65,201.7,0
2025-12-10 09:15:00,201.55,201.75,201.1,201.1,0
2025-12-10 10:15:00,201.1,201.85,200.9,201.45,0
2025-12-10 11:15:00,201.45,201.9,201.4,201.8,0
2025-12-10 12:15:00,201.8,202.3,201.75,202.0,0
2025-12-10 13:15:00,202.0,202.4,201.65,202.35,0
2025-12-10 14:15:00,202.35,202.55,202.15,202.35,0
2025-12-10 15:15:00,202.35,202.5,202.3,202.5,0
2025-12-11 09:15:00,202.3,202.9,202.0,202.0,0
2025-12-11 10:15:00,202.05,202.35,201.7,202.1,0
2025-12-11 11:15:00,202.1,202.15,201.35,201.45,0
2025-12-11 12:15:00,201.45,201.75,201.15,201.65,0
2025-12-11 13:15:00,201.65,201.65,201.25,201.55,0
2025-12-11 14:15:00,201.55,201.7,201.1,201.35,0
2025-12-11 15:15:00,201.3,201.35,201.25,201.3,0
2025-12-12 09:15:00,200.75,200.8,200.25,200.6,0
2025-12-12 10:15:00,200.6,201.0,200.45,200.6,0
2025-12-12 11:15:00,200.6,200.6,200.25,200.4,0
2025-12-12 12:15:00,200.4,200.45,200.25,200.25,0
2025-12-12 13:15:00,200.25,200.45,200.1,200.2,0
2025-12-12 14:15:00,200.2,200.4,200.1,200.1,0
2025-12-12 15:15:00,200.1,200.25,200.1,200.25,0
2025-12-15 09:15:00,201.15,201.35,200.55,200.9,0
2025-12-15 10:15:00,200.9,201.0,200.6,200.75,0
2025-12-15 11:15:00,200.75,200.9,200.4,200.45,0
2025-12-15 12:15:00,200.45,200.6,200.25,200.3,0
2025-12-15 13:15:00,200.3,200.7,200.25,200.55,0
2025-12-15 14:15:00,200.55,200.55,200.25,200.4,0
2025-12-15 15:15:00,200.4,200.5,200.35,200.5,0
2025-12-16 09:15:00,201.0,201.55,200.85,201.45,0
2025-12-16 10:15:00,201.45,201.5,201.2,201.4,0
2025-12-16 11:15:00,201.4,201.65,201.3,201.5,0
2025-12-16 12:15:00,201.5,201.6,201.3,201.5,0
2025-12-16 13:15:00,201.5,201.6,201.15,201.5,0
2025-12-16 14:15:00,201.55,201.8,201.4,201.75,0
2025-12-16 15:15:00,201.7,201.9,201.7,201.8,0
2025-12-17 09:15:00,201.4,202.0,201.2,201.9,0
2025-12-17 10:15:00,201.9,202.2,201.8,201.9,0
2025-12-17 11:15:00,201.9,202.3,201.8,202.25,0
2025-12-17 12:15:00,202.25,202.35,202.1,202.3,0
2025-12-17 13:15:00,202.3,202.35,202.0,202.2,0
2025-12-17 14:15:00,202.2,202.45,201.95,202.1,0
2025-12-17 15:15:00,202.05,202.15,201.95,202.05,0
2025-12-18 09:15:00,202.5,202.8,202.05,202.3,0
2025-12-18 10:15:00,202.3,202.35,201.75,202.0,0
2025-12-18 11:15:00,202.0,202.05,201.6,201.6,0
2025-12-18 12:15:00,201.6,201.75,201.45,201.6,0
2025-12-18 13:15:00,201.6,202.2,201.6,202.2,0
2025-12-18 14:15:00,202.2,202.45,201.95,202.1,0
2025-12-18 15:15:00,202.05,202.2,202.05,202.1,0
2025-12-19 09:15:00,201.4,201.6,200.95,201.2,0
2025-12-19 10:15:00,201.2,201.25,200.85,201.05,0
2025-12-19 11:15:00,201.05,201.45,201.0,201.15,0
2025-12-19 12:15:00,201.15,201.3,201.0,201.25,0
2025-12-19 13:15:00,201.25,201.25,200.8,200.95,0
2025-12-19 14:15:00,200.95,201.1,200.75,200.95,0
2025-12-19 15:15:00,200.95,201.05,200.9,201.0,0
2025-12-22 09:15:00,200.35,200.4,199.7,199.8,0
2025-12-22 10:15:00,199.8,199.85,199.65,199.8,0
2025-12-22 11:15:00,199.85,199.9,199.65,199.75,0
2025-12-22 12:15:00,199.75,199.9,199.6,199.7,0
2025-12-22 13:15:00,199.7,199.8,199.55,199.65,0
2025-12-22 14:15:00,199.65,199.8,199.4,199.45,0
2025-12-22 15:15:00,199.45,199.55,199.4,199.55,0
2025-12-23 09:15:00,199.25,199.9,199.25,199.4,0
2025-12-23 10:15:00,199.4,199.55,199.3,199.35,0
2025-12-23 11:15:00,199.35,199.6,199.3,199.35,0
2025-12-23 12:15:00,199.35,199.5,199.3,199.35,0
2025-12-23 13:15:00,199.35,199.4,199.2,199.25,0
2025-12-23 14:15:00,199.25,199.6,199.0,199.4,0
2025-12-23 15:15:00,199.4,199.6,199.35,199.55,0
2025-12-24 09:15:00,199.5,199.75,199.05,199.1,0
2025-12-24 10:15:00,199.1,199.3,199.0,199.2,0
2025-12-24 11:15:00,199.2,199.45,199.15,199.35,0
2025-12-24 12:15:00,199.35,199.5,199.25,199.45,0
2025-12-24 13:15:00,199.45,199.75,199.45,199.6,0
2025-12-24 14:15:00,199.6,199.85,199.55,199.65,0
2025-12-24 15:15:00,199.65,199.85,199.6,199.75,0
2025-12-26 09:15:00,199.95,200.35,199.8,200.2,0
2025-12-26 10:15:00,200.2,200.35,200.15,200.35,0
2025-12-26 11:15:00,200.35,200.5,200.3,200.4,0
2025-12-26 12:15:00,200.4,200.65,200.35,200.55,0
2025-12-26 13:15:00,200.55,200.65,200.45,200.55,0
2025-12-26 14:15:00,200.55,200.8,200.5,200.5,0
2025-12-26 15:15:00,200.5,200.65,200.5,200.5,0
2025-12-29 09:15:00,200.5,200.75,200.2,200.7,0
2025-12-29 10:15:00,200.7,201.15,200.7,201.1,0
2025-12-29 11:15:00,201.1,201.25,201.05,201.15,0
2025-12-29 12:15:00,201.15,201.35,201.1,201.35,0
2025-12-29 13:15:00,201.35,201.5,201.25,201.4,0
2025-12-29 14:15:00,201.4,201.55,201.2,201.4,0
2025-12-29 15:15:00,201.4,201.45,201.35,201.35,0
2025-12-30 09:15:00,201.45,201.95,201.35,201.45,0
2025-12-30 10:15:00,201.45,201.7,201.2,201.6,0
2025-12-30 11:15:00,201.6,201.9,201.55,201.9,0
2025-12-30 12:15:00,201.9,201.95,201.65,201.85,0
2025-12-30 13:15:00,201.85,201.85,201.3,201.45,0
2025-12-30 14:15:00,201.45,201.65,201.3,201.45,0
2025-12-30 15:15:00,201.45,201.5,201.2,201.3,0
2025-12-31 09:15:00,201.25,201.25,200.8,201.05,0
2025-12-31 10:15:00,201.05,201.05,200.6,200.6,0
2025-12-31 11:15:00,200.6,200.7,200.3,200.35,0
2025-12-31 12:15:00,200.35,200.4,199.8,199.8,0
2025-12-31 13:15:00,199.8,199.95,199.65,199.75,0
2025-12-31 14:15:00,199.75,200.15,199.55,200.05,0
2025-12-31 15:15:00,200.05,200.1,199.9,199.9,0
2026-01-01 09:15:00,199.7,199.9,199.55,199.9,0
2026-01-01 10:15:00,199.9,200.15,199.6,199.75,0
2026-01-01 11:15:00,199.75,200.1,199.7,200.1,0
2026-01-01 12:15:00,200.1,200.15,199.8,199.9,0
2026-01-01 13:15:00,199.9,200.05,199.7,199.75,0
2026-01-01 14:15:00,199.75,200.0,199.7,199.95,0
2026-01-01 15:15:00,199.95,200.05,199.9,199.95,0
2026-01-02 09:15:00,199.9,200.1,199.0,199.1,0
2026-01-02 10:15:00,199.1,199.25,199.0,199.15,0
2026-01-02 11:15:00,199.15,199.15,198.8,198.85,0
2026-01-02 12:15:00,198.85,198.95,198.7,198.75,0
2026-01-02 13:15:00,198.75,198.8,198.65,198.75,0
2026-01-02 14:15:00,198.75,199.05,198.55,198.6,0
2026-01-02 15:15:00,198.6,198.65,198.5,198.5,0
2026-01-05 09:15:00,198.6,199.15,198.5,198.55,0
2026-01-05 10:15:00,198.55,198.6,198.3,198.4,0
2026-01-05 11:15:00,198.4,198.75,198.4,198.6,0
2026-01-05 12:15:00,198.6,198.8,198.5,198.8,0
2026-01-05 13:15:00,198.8,199.55,198.75,199.4,0
2026-01-05 14:15:00,199.4,199.55,199.0,199.25,0
2026-01-05 15:15:00,199.25,199.35,199.25,199.3,0
2026-01-06 09:15:00,199.75,199.95,199.1,199.3,0
2026-01-06 10:15:00,199.35,199.7,199.25,199.7,0
2026-01-06 11:15:00,199.7,200.1,199.65,199.9,0
2026-01-06 12:15:00,199.9,200.05,199.7,199.85,0
2026-01-06 13:15:00,199.85,200.2,199.8,200.15,0
2026-01-06 14:15:00,200.15,200.2,199.75,199.85,0
2026-01-06 15:15:00,199.85,199.85,199.75,199.85,0
2026-01-07 09:15:00,200.1,200.45,199.9,199.95,0
2026-01-07 10:15:00,199.9,200.25,199.8,200.05,0
2026-01-07 11:15:00,200.05,200.4,199.95,200.35,0
2026-01-07 12:15:00,200.35,200.6,200.3,200.4,0
2026-01-07 13:15:00,200.4,200.7,200.4,200.45,0
2026-01-07 14:15:00,200.45,200.55,200.05,200.05,0
2026-01-07 15:15:00,200.05,200.2,200.05,200.1,0
2026-01-08 09:15:00,200.4,200.85,200.2,200.75,0
2026-01-08 10:15:00,200.75,201.25,200.75,201.2,0
2026-01-08 11:15:00,201.2,202.1,201.15,201.75,0
2026-01-08 12:15:00,201.75,202.0,201.65,201.8,0
2026-01-08 13:15:00,201.8,202.1,201.7,201.8,0
2026-01-08 14:15:00,201.8,202.3,201.65,202.15,0
2026-01-08 15:15:00,202.15,202.3,202.15,202.25,0
2026-01-09 09:15:00,202.5,202.65,201.7,202.35,0
2026-01-09 10:15:00,202.35,202.8,202.05,202.8,0
2026-01-09 11:15:00,202.8,203.3,202.65,203.3,0
2026-01-09 12:15:00,203.3,203.85,203.15,203.65,0
2026-01-09 13:15:00,203.65,203.9,203.35,203.9,0
2026-01-09 14:15:00,203.9,204.2,203.55,203.65,0
2026-01-09 15:15:00,203.65,203.75,203.55,203.6,0
2026-01-12 09:15:00,203.9,205.05,203.7,204.8,0
2026-01-12 10:15:00,204.8,205.05,204.5,205.0,0
2026-01-12 11:15:00,205.0,205.45,204.65,204.65,0
2026-01-12 12:15:00,204.65,204.75,203.35,203.5,0
2026-01-12 13:15:00,203.5,203.8,203.2,203.45,0
2026-01-12 14:15:00,203.45,203.65,202.8,203.05,0
2026-01-12 15:15:00,203.05,203.05,202.8,202.85,0
2026-01-13 09:15:00,202.15,203.7,202.15,203.4,0
2026-01-13 10:15:00,203.4,203.5,202.7,203.0,0
2026-01-13 11:15:00,203.0,203.6,202.75,203.6,0
2026-01-13 12:15:00,203.6,204.25,203.45,204.05,0
2026-01-13 13:15:00,204.05,204.3,203.8,204.2,0
2026-01-13 14:15:00,204.2,204.45,203.25,203.4,0
2026-01-13 15:15:00,203.4,203.6,203.3,203.6,0
2026-01-14 09:15:00,204.15,204.2,203.25,203.75,0
2026-01-14 10:15:00,203.75,204.05,203.45,203.5,0
2026-01-14 11:15:00,203.55,203.55,203.0,203.4,0
2026-01-14 12:15:00,203.4,203.45,203.1,203.35,0
2026-01-14 13:15:00,203.35,204.25,203.25,204.0,0
2026-01-14 14:15:00,204.0,204.5,203.6,204.1,0
2026-01-14 15:15:00,204.1,204.15,203.9,204.0,0
2026-01-16 09:15:00,203.8,203.95,203.1,203.1,0
2026-01-16 10:15:00,203.1,203.1,202.4,202.9,0
2026-01-16 11:15:00,202.9,203.25,202.75,202.8,0
2026-01-16 12:15:00,202.8,203.75,202.75,203.65,0
2026-01-16 13:15:00,203.65,204.1,203.6,203.9,0
2026-01-16 14:15:00,203.9,204.0,203.6,203.9,0
2026-01-16 15:15:00,203.95,203.95,203.7,203.75,0
2026-01-19 09:15:00,204.25,205.4,204.25,205.25,0
2026-01-19 10:15:00,205.25,205.5,204.95,205.15,0
2026-01-19 11:15:00,205.15,205.4,205.05,205.2,0
2026-01-19 12:15:00,205.2,205.35,204.95,205.2,0
2026-01-19 13:15:00,205.2,205.3,204.4,204.75,0
2026-01-19 14:15:00,204.75,204.8,204.4,204.75,0
2026-01-19 15:15:00,204.75,205.1,204.7,205.05,0
2026-01-20 09:15:00,204.85,206.05,204.85,205.75,0
2026-01-20 10:15:00,205.75,205.9,205.45,205.9,0
2026-01-20 11:15:00,205.9,206.05,205.55,206.0,0
2026-01-20 12:15:00,206.0,206.25,205.95,206.15,0
2026-01-20 13:15:00,206.15,206.7,206.0,206.6,0
2026-01-20 14:15:00,206.6,207.75,206.35,207.75,0
2026-01-20 15:15:00,207.75,208.1,207.6,207.7,0
2026-01-21 09:15:00,208.4,208.45,207.3,208.3,0
2026-01-21 10:15:00,208.3,210.25,208.25,209.1,0
2026-01-21 11:15:00,209.1,209.35,208.45,208.45,0
2026-01-21 12:15:00,208.45,208.6,207.1,207.6,0
2026-01-21 13:15:00,207.6,208.5,207.6,208.45,0
2026-01-21 14:15:00,208.45,208.6,207.9,208.3,0
2026-01-21 15:15:00,208.3,208.4,208.15,208.2,0
2026-01-22 09:15:00,206.75,207.1,206.0,206.5,0
2026-01-22 10:15:00,206.5,207.95,206.4,207.8,0
2026-01-22 11:15:00,207.85,208.15,207.3,207.65,0
2026-01-22 12:15:00,207.65,208.05,207.3,208.0,0
2026-01-22 13:15:00,208.05,208.2,207.6,208.15,0
2026-01-22 14:15:00,208.15,208.2,207.0,207.2,0
2026-01-22 15:15:00,207.25,207.25,206.85,206.95,0
2026-01-23 09:15:00,206.8,207.55,206.8,207.3,0
2026-01-23 10:15:00,207.3,207.55,207.0,207.3,0
2026-01-23 11:15:00,207.3,208.1,207.25,208.1,0
2026-01-23 12:15:00,208.1,208.15,207.6,208.0,0
2026-01-23 13:15:00,208.0,209.25,208.0,209.1,0
2026-01-23 14:15:00,209.1,209.4,208.75,209.25,0
2026-01-23 15:15:00,209.25,209.4,209.0,209.1,0
2026-01-27 09:15:00,209.2,210.3,208.4,208.65,0
2026-01-27 10:15:00,208.65,209.9,208.2,209.5,0
2026-01-27 11:15:00,209.5,209.55,208.4,208.75,0
2026-01-27 12:15:00,208.75,209.25,208.6,209.0,0
2026-01-27 13:15:00,209.0,209.75,208.65,209.45,0
2026-01-27 14:15:00,209.45,209.7,208.3,208.3,0
2026-01-27 15:15:00,208.35,208.35,207.7,207.8,0
2026-01-28 09:15:00,207.6,207.9,206.7,207.7,0
2026-01-28 10:15:00,207.7,207.8,207.05,207.05,0
2026-01-28 11:15:00,207.05,207.35,206.85,207.15,0
2026-01-28 12:15:00,207.15,207.7,207.15,207.5,0
2026-01-28 13:15:00,207.45,208.2,207.35,208.05,0
2026-01-28 14:15:00,208.05,208.1,206.9,207.05,0
2026-01-28 15:15:00,207.05,207.05,206.8,206.9,0
2026-01-29 09:15:00,206.95,208.45,206.95,208.05,0
2026-01-29 10:15:00,208.05,208.4,207.65,207.65,0
2026-01-29 11:15:00,207.65,207.8,207.35,207.45,0
2026-01-29 12:15:00,207.45,207.6,206.75,206.85,0
2026-01-29 13:15:00,206.85,207.1,206.2,206.4,0
2026-01-29 14:15:00,206.4,206.5,206.05,206.45,0
2026-01-29 15:15:00,206.45,206.45,206.25,206.3,0
2026-01-30 09:15:00,207.75,208.0,207.15,207.2,0
2026-01-30 10:15:00,207.2,207.75,207.2,207.7,0
2026-01-30 11:15:00,207.7,207.9,207.4,207.4,0
2026-01-30 12:15:00,207.4,207.85,207.2,207.75,0
2026-01-30 13:15:00,207.75,208.05,206.75,206.9,0
2026-01-30 14:15:00,206.9,207.4,206.8,207.2,0
2026-01-30 15:15:00,207.2,207.25,207.0,207.2,0
2026-02-01 09:15:00,207.1,207.8,206.95,206.95,0
2026-02-01 10:15:00,206.95,207.05,206.25,206.5,0
2026-02-01 11:15:00,206.5,208.2,206.45,208.0,0
2026-02-01 12:15:00,208.0,213.3,207.85,208.85,0
2026-02-01 13:15:00,208.85,210.0,208.65,209.75,0
2026-02-01 14:15:00,209.75,211.1,209.1,211.05,0
2026-02-01 15:15:00,211.05,212.15,211.05,211.75,0
2026-02-02 09:15:00,211.55,211.95,210.3,211.3,0
2026-02-02 10:15:00,211.3,212.35,210.9,212.1,0
2026-02-02 11:15:00,212.15,212.55,210.55,210.55,0
2026-02-02 12:15:00,210.55,211.0,210.15,210.35,0
2026-02-02 13:15:00,210.35,211.1,209.95,210.3,0
2026-02-02 14:15:00,210.3,210.5,209.0,209.05,0
2026-02-02 15:15:00,209.05,209.2,208.9,209.15,0
2026-02-03 09:15:00,198.9,204.45,198.9,204.25,0
2026-02-03 10:15:00,204.25,204.25,203.0,203.3,0
2026-02-03 11:15:00,203.3,203.35,202.65,202.85,0
2026-02-03 12:15:00,202.85,203.45,202.85,203.25,0
2026-02-03 13:15:00,203.25,203.75,203.05,203.35,0
2026-02-03 14:15:00,203.35,204.0,203.25,203.8,0
2026-02-03 15:15:00,203.85,203.95,203.6,203.9,0
2026-02-04 09:15:00,204.2,205.0,203.2,203.35,0
2026-02-04 10:15:00,203.35,203.95,203.3,203.8,0
2026-02-04 11:15:00,203.8,204.1,203.65,203.65,0
2026-02-04 12:15:00,203.65,204.0,203.5,203.7,0
2026-02-04 13:15:00,203.7,203.8,203.3,203.3,0
2026-02-04 14:15:00,203.3,203.35,203.05,203.35,0
2026-02-04 15:15:00,203.35,203.7,203.3,203.7,0
2026-02-05 09:15:00,203.6,204.7,203.6,204.25,0
2026-02-05 10:15:00,204.25,204.7,204.0,204.25,0
2026-02-05 11:15:00,204.25,204.6,204.2,204.6,0
2026-02-05 12:15:00,204.6,204.8,204.45,204.55,0
2026-02-05 13:15:00,204.5,204.95,204.35,204.85,0
2026-02-05 14:15:00,204.85,204.9,204.25,204.45,0
2026-02-05 15:15:00,204.45,204.65,204.4,204.5,0
2026-02-06 09:15:00,204.8,205.6,204.6,205.5,0
2026-02-06 10:15:00,205.5,205.7,205.0,205.0,0
2026-02-06 11:15:00,205.0,205.1,204.4,204.75,0
2026-02-06 12:15:00,204.75,205.4,204.7,205.15,0
2026-02-06 13:15:00,205.15,205.25,204.55,204.75,0
2026-02-06 14:15:00,204.75,204.8,204.0,204.05,0
2026-02-06 15:15:00,204.05,204.35,204.0,204.25,0
2026-02-09 09:15:00,202.6,203.45,202.5,203.3,0
2026-02-09 10:15:00,203.3,203.35,202.75,202.85,0
2026-02-09 11:15:00,202.85,203.05,202.75,202.85,0
2026-02-09 12:15:00,202.85,203.15,202.85,202.9,0
2026-02-09 13:15:00,202.9,203.05,202.85,202.95,0
2026-02-09 14:15:00,202.95,203.05,202.7,202.8,0
2026-02-09 15:15:00,202.8,202.85,202.75,202.8,0
2026-02-10 09:15:00,202.35,202.75,202.05,202.2,0
2026-02-10 10:15:00,202.2,202.2,201.95,202.1,0
2026-02-10 11:15:00,202.1,202.2,202.05,202.05,0
2026-02-10 12:15:00,202.05,202.15,201.85,201.95,0
2026-02-10 13:15:00,201.95,202.6,201.9,202.4,0
2026-02-10 14:15:00,202.4,202.5,202.0,202.3,0
2026-02-10 15:15:00,202.3,202.5,202.25,202.4,0
2026-02-11 09:15:00,201.8,202.5,201.8,202.45,0
2026-02-11 10:15:00,202.45,202.45,201.95,202.15,0
2026-02-11 11:15:00,202.1,202.3,201.95,202.15,0
2026-02-11 12:15:00,202.15,202.55,202.15,202.4,0
2026-02-11 13:15:00,202.4,202.4,202.05,202.15,0
2026-02-11 14:15:00,202.15,202.3,202.0,202.15,0
2026-02-11 15:15:00,202.1,202.25,202.1,202.2,0
2026-02-12 09:15:00,202.55,203.2,202.55,202.75,0
2026-02-12 10:15:00,202.75,203.05,202.75,203.0,0
2026-02-12 11:15:00,203.0,203.3,203.0,203.15,0
2026-02-12 12:15:00,203.15,203.15,202.9,203.1,0
2026-02-12 13:15:00,203.1,203.35,202.75,203.25,0
2026-02-12 14:15:00,203.25,203.75,203.05,203.3,0
2026-02-12 15:15:00,203.3,203.45,203.25,203.4,0
2026-02-13 09:15:00,205.2,205.55,204.8,205.5,0
2026-02-13 10:15:00,205.5,205.65,205.1,205.35,0
2026-02-13 11:15:00,205.35,205.6,205.15,205.2,0
2026-02-13 12:15:00,205.2,205.5,204.95,205.2,0
2026-02-13 13:15:00,205.15,205.75,205.1,205.5,0
2026-02-13 14:15:00,205.5,206.0,205.45,205.95,0
2026-02-13 15:15:00,205.95,206.2,205.85,206.1,0
2026-02-16 09:15:00,206.45,206.85,205.4,205.45,0
2026-02-16 10:15:00,205.45,205.8,205.35,205.55,0
2026-02-16 11:15:00,205.6,205.8,205.4,205.5,0
2026-02-16 12:15:00,205.5,205.6,205.1,205.25,0
2026-02-16 13:15:00,205.25,205.5,205.1,205.2,0
2026-02-16 14:15:00,205.2,205.25,204.25,204.35,0
2026-02-16 15:15:00,204.35,204.45,204.3,204.35,0
2026-02-17 09:15:00,204.75,205.3,204.4,204.45,0
2026-02-17 10:15:00,204.45,204.7,204.0,204.45,0
2026-02-17 11:15:00,204.45,204.5,203.9,204.1,0
2026-02-17 12:15:00,204.1,204.15,203.75,203.95,0
2026-02-17 13:15:00,203.95,204.5,203.75,204.5,0
2026-02-17 14:15:00,204.5,204.55,203.9,204.05,0
2026-02-17 15:15:00,204.05,204.15,204.0,204.15,0
2026-02-18 09:15:00,203.85,204.7,203.85,204.6,0
2026-02-18 10:15:00,204.6,204.7,204.2,204.3,0
2026-02-18 11:15:00,204.3,204.45,204.15,204.2,0
2026-02-18 12:15:00,204.2,204.25,203.95,204.05,0
2026-02-18 13:15:00,204.05,204.3,203.85,203.85,0
2026-02-18 14:15:00,203.85,203.9,203.3,203.3,0
2026-02-18 15:15:00,203.3,203.45,203.3,203.45,0
2026-02-19 09:15:00,202.95,203.9,202.9,203.85,0
2026-02-19 10:15:00,203.85,204.25,203.8,204.2,0
2026-02-19 11:15:00,204.2,205.1,204.15,205.05,0
2026-02-19 12:15:00,205.05,205.35,204.8,204.9,0
2026-02-19 13:15:00,204.9,205.5,204.8,205.3,0
2026-02-19 14:15:00,205.3,206.35,205.0,206.3,0
2026-02-19 15:15:00,206.3,206.75,206.3,206.55,0
2026-02-20 09:15:00,206.65,206.85,205.7,206.05,0
2026-02-20 10:15:00,206.05,206.05,205.05,205.4,0
2026-02-20 11:15:00,205.4,205.4,204.95,205.05,0
2026-02-20 12:15:00,205.05,205.6,204.55,205.45,0
2026-02-20 13:15:00,205.45,205.65,205.0,205.05,0
2026-02-20 14:15:00,205.05,205.4,204.65,205.3,0
2026-02-20 15:15:00,205.3,205.6,205.25,205.35,0
2026-02-23 09:15:00,204.55,204.95,203.8,204.25,0
2026-02-23 10:15:00,204.25,204.8,204.1,204.4,0
2026-02-23 11:15:00,204.4,204.9,204.35,204.65,0
2026-02-23 12:15:00,204.7,204.9,204.45,204.9,0
2026-02-23 13:15:00,204.85,205.1,204.55,204.95,0
2026-02-23 14:15:00,204.95,205.0,204.15,204.25,0
2026-02-23 15:15:00,204.3,204.35,204.2,204.35,0
2026-02-24 09:15:00,204.85,206.1,204.85,206.1,0
2026-02-24 10:15:00,206.1,206.3,205.85,205.95,0
2026-02-24 11:15:00,205.95,206.4,205.8,206.25,0
2026-02-24 12:15:00,206.25,206.85,206.25,206.6,0
2026-02-24 13:15:00,206.6,207.35,206.45,206.45,0
2026-02-24 14:15:00,206.45,207.1,206.4,206.6,0
2026-02-24 15:15:00,206.6,206.65,206.25,206.3,0
2026-02-25 09:15:00,205.9,205.9,204.9,204.95,0
2026-02-25 10:15:00,204.95,205.1,204.75,205.05,0
2026-02-25 11:15:00,205.05,205.35,205.0,205.2,0
2026-02-25 12:15:00,205.2,206.5,205.05,206.3,0
2026-02-25 13:15:00,206.3,206.6,206.1,206.35,0
2026-02-25 14:15:00,206.35,206.5,205.95,206.15,0
2026-02-25 15:15:00,206.15,206.25,206.1,206.15,0
2026-02-26 09:15:00,205.55,206.1,205.45,205.55,0
2026-02-26 10:15:00,205.55,206.1,205.5,205.85,0
2026-02-26 11:15:00,205.85,206.45,205.45,206.4,0
2026-02-26 12:15:00,206.35,206.8,206.3,206.6,0
2026-02-26 13:15:00,206.6,206.8,206.35,206.4,0
2026-02-26 14:15:00,206.4,206.6,205.8,206.15,0
2026-02-26 15:15:00,206.15,206.15,206.0,206.05,0
2026-02-27 09:15:00,206.35,207.6,206.3,207.5,0
2026-02-27 10:15:00,207.5,207.75,207.3,207.4,0
2026-02-27 11:15:00,207.35,207.9,207.35,207.8,0
2026-02-27 12:15:00,207.8,207.9,207.55,207.75,0
2026-02-27 13:15:00,207.75,207.8,207.25,207.5,0
2026-02-27 14:15:00,207.45,208.95,207.45,208.75,0
2026-02-27 15:15:00,208.75,208.8,208.55,208.65,0
2026-03-02 09:15:00,213.05,213.05,210.3,211.2,0
2026-03-02 10:15:00,211.15,211.75,211.15,211.5,0
2026-03-02 11:15:00,211.5,212.35,211.45,212.35,0
2026-03-02 12:15:00,212.35,212.85,212.25,212.75,0
2026-03-02 13:15:00,212.75,213.5,211.9,211.95,0
2026-03-02 14:15:00,212.0,212.5,211.0,211.0,0
2026-03-02 15:15:00,211.0,211.5,210.9,211.45,0
2026-03-04 09:15:00,215.45,216.15,214.75,215.25,0
2026-03-04 10:15:00,215.25,215.55,214.8,215.05,0
2026-03-04 11:15:00,215.05,215.75,215.0,215.5,0
2026-03-04 12:15:00,215.5,215.7,214.85,214.85,0
2026-03-04 13:15:00,214.8,215.2,214.0,214.05,0
2026-03-04 14:15:00,214.0,214.85,213.65,214.8,0
2026-03-04 15:15:00,214.8,214.9,214.65,214.7,0
2026-03-05 09:15:00,213.5,214.25,213.15,213.65,0
2026-03-05 10:15:00,213.65,214.2,213.0,213.25,0
2026-03-05 11:15:00,213.25,214.0,213.1,213.5,0
2026-03-05 12:15:00,213.5,213.7,213.05,213.3,0
2026-03-05 13:15:00,213.3,214.1,213.0,214.05,0
2026-03-05 14:15:00,214.05,214.25,211.4,212.65,0
2026-03-05 15:15:00,212.6,212.7,212.25,212.45,0
2026-03-06 09:15:00,213.15,213.75,212.9,213.2,0
2026-03-06 10:15:00,213.2,213.85,213.0,213.5,0
2026-03-06 11:15:00,213.5,213.7,213.15,213.55,0
2026-03-06 12:15:00,213.55,213.85,213.45,213.6,0
2026-03-06 13:15:00,213.6,214.1,213.45,213.75,0
2026-03-06 14:15:00,213.75,215.1,213.5,215.0,0
2026-03-06 15:15:00,215.0,215.2,214.7,214.75,0
2026-03-09 09:15:00,220.15,221.6,219.35,220.65,0
2026-03-09 10:15:00,220.65,221.2,219.9,220.55,0
2026-03-09 11:15:00,220.55,220.85,219.55,220.25,0
2026-03-09 12:15:00,220.25,220.45,219.7,220.1,0
2026-03-09 13:15:00,220.1,220.25,219.5,220.0,0
2026-03-09 14:15:00,220.0,220.15,218.3,218.55,0
2026-03-09 15:15:00,218.55,219.0,218.45,218.9,0
2026-03-10 09:15:00,216.45,218.3,216.3,217.65,0
2026-03-10 10:15:00,217.65,217.65,216.9,217.0,0
2026-03-10 11:15:00,217.0,217.45,216.7,217.45,0
2026-03-10 12:15:00,217.45,217.7,216.85,217.1,0
2026-03-10 13:15:00,217.1,217.25,216.35,216.4,0
2026-03-10 14:15:00,216.4,217.15,216.3,216.65,0
2026-03-10 15:15:00,216.65,216.7,216.25,216.4,0
2026-03-11 09:15:00,216.9,218.0,216.3,217.95,0
2026-03-11 10:15:00,217.95,218.55,217.7,218.35,0
2026-03-11 11:15:00,218.35,219.25,218.35,218.9,0
2026-03-11 12:15:00,218.9,219.7,218.75,219.6,0
2026-03-11 13:15:00,219.6,219.75,218.95,219.5,0
2026-03-11 14:15:00,219.5,220.3,219.2,220.2,0
2026-03-11 15:15:00,220.2,220.45,220.05,220.3,0
2026-03-12 09:15:00,221.95,223.05,221.75,222.55,0
2026-03-12 10:15:00,222.55,222.75,221.05,221.35,0
2026-03-12 11:15:00,221.35,222.05,221.2,221.3,0
2026-03-12 12:15:00,221.3,222.15,221.2,221.6,0
2026-03-12 13:15:00,221.6,221.8,220.5,221.4,0
2026-03-12 14:15:00,221.4,222.6,221.2,222.35,0
2026-03-12 15:15:00,222.35,222.45,222.2,222.3,0
2026-03-13 09:15:00,224.0,225.4,223.7,225.25,0
2026-03-13 10:15:00,225.25,225.45,224.75,225.3,0
2026-03-13 11:15:00,225.3,225.45,224.45,225.2,0
2026-03-13 12:15:00,225.15,226.7,225.15,226.65,0
2026-03-13 13:15:00,226.7,227.25,226.4,226.45,0
2026-03-13 14:15:00,226.4,227.15,225.9,226.8,0
2026-03-13 15:15:00,226.8,227.05,226.7,226.75,0
2026-03-16 09:15:00,227.35,227.45,225.7,226.95,0
2026-03-16 10:15:00,227.0,228.95,227.0,227.6,0
2026-03-16 11:15:00,227.6,227.6,226.35,226.9,0
2026-03-16 12:15:00,226.9,227.65,226.55,227.35,0
2026-03-16 13:15:00,227.35,227.6,226.75,226.95,0
2026-03-16 14:15:00,227.0,227.2,223.6,224.25,0
2026-03-16 15:15:00,224.25,225.2,224.2,225.0,0
2026-03-17 09:15:00,223.7,225.1,223.3,223.4,0
2026-03-17 10:15:00,223.4,224.2,222.9,223.9,0
2026-03-17 11:15:00,223.95,225.05,223.85,224.25,0
2026-03-17 12:15:00,224.25,224.8,223.35,223.35,0
2026-03-17 13:15:00,223.35,223.6,222.6,222.7,0
2026-03-17 14:15:00,222.7,223.4,222.15,222.6,0
2026-03-17 15:15:00,222.6,223.2,222.6,223.1,0
2026-03-18 09:15:00,222.4,222.45,221.25,222.1,0
2026-03-18 10:15:00,222.1,222.1,220.9,220.95,0
2026-03-18 11:15:00,221.0,221.1,220.5,221.05,0
2026-03-18 12:15:00,221.05,221.2,220.8,220.8,0
2026-03-18 13:15:00,220.8,220.9,220.3,220.65,0
2026-03-18 14:15:00,220.65,221.15,220.25,220.9,0
2026-03-18 15:15:00,220.9,221.5,220.9,221.15,0
2026-03-19 09:15:00,226.45,226.45,224.85,226.1,0
2026-03-19 10:15:00,226.1,226.4,225.35,226.25,0
2026-03-19 11:15:00,226.25,226.35,225.8,225.85,0
2026-03-19 12:15:00,225.85,226.5,225.7,226.45,0
2026-03-19 13:15:00,226.45,227.5,226.3,227.25,0
2026-03-19 14:15:00,227.25,228.95,227.05,228.4,0
2026-03-19 15:15:00,228.4,228.5,227.45,227.45,0
2026-03-20 09:15:00,227.25,227.25,225.15,225.9,0
2026-03-20 10:15:00,225.9,226.35,225.2,225.45,0
2026-03-20 11:15:00,225.45,226.25,224.9,226.0,0
2026-03-20 12:15:00,226.0,227.15,225.85,226.05,0
2026-03-20 13:15:00,226.05,226.5,225.65,226.35,0
2026-03-20 14:15:00,226.35,227.65,226.3,227.25,0
2026-03-20 15:15:00,227.3,227.55,226.95,227.0,0
2026-03-23 09:15:00,230.15,232.65,230.0,232.65,0
2026-03-23 10:15:00,232.65,233.3,232.5,232.8,0
2026-03-23 11:15:00,232.8,233.25,232.65,233.0,0
2026-03-23 12:15:00,233.0,233.6,232.8,233.45,0
2026-03-23 13:15:00,233.45,233.5,231.75,232.15,0
2026-03-23 14:15:00,232.15,233.5,231.8,233.25,0
2026-03-23 15:15:00,233.25,233.55,233.25,233.45,0
2026-03-24 09:15:00,229.45,231.5,229.25,231.25,0
2026-03-24 10:15:00,231.25,232.1,230.6,231.4,0
2026-03-24 11:15:00,231.35,231.4,230.0,230.7,0
2026-03-24 12:15:00,230.65,230.75,227.95,228.3,0
2026-03-24 13:15:00,228.3,228.7,227.6,228.3,0
2026-03-24 14:15:00,228.3,229.5,227.8,229.35,0
2026-03-24 15:15:00,229.35,229.45,228.6,228.65,0
2026-03-25 09:15:00,227.6,227.6,225.15,225.2,0
2026-03-25 10:15:00,225.2,225.45,223.95,223.95,0
2026-03-25 11:15:00,223.95,224.85,223.85,223.85,0
2026-03-25 12:15:00,223.85,224.55,223.6,224.35,0
2026-03-25 13:15:00,224.35,224.55,223.65,224.35,0
2026-03-25 14:15:00,224.35,225.45,224.25,225.25,0
2026-03-25 15:15:00,225.25,225.55,225.15,225.2,0
2026-03-27 09:15:00,226.55,228.45,226.55,228.4,0
2026-03-27 10:15:00,228.4,228.7,227.85,228.3,0
2026-03-27 11:15:00,228.3,229.0,228.3,228.85,0
2026-03-27 12:15:00,228.85,229.15,228.5,228.75,0
2026-03-27 13:15:00,228.8,229.35,228.3,229.1,0
2026-03-27 14:15:00,229.1,230.05,229.05,230.0,0
2026-03-27 15:15:00,230.0,230.1,229.8,229.8,0
2026-03-30 09:15:00,232.8,233.55,231.15,232.35,0
2026-03-30 10:15:00,232.3,233.75,232.25,233.5,0
2026-03-30 11:15:00,233.5,233.75,232.35,232.6,0
2026-03-30 12:15:00,232.6,233.5,232.35,233.3,0
2026-03-30 13:15:00,233.3,234.1,233.15,234.1,0
2026-03-30 14:15:00,234.1,235.45,234.0,234.95,0
2026-03-30 15:15:00,234.95,235.05,234.4,234.55,0
2026-04-01 09:15:00,229.1,230.0,228.65,229.4,0
2026-04-01 10:15:00,229.4,230.8,229.3,230.5,0
2026-04-01 11:15:00,230.5,230.8,229.45,229.5,0
2026-04-01 12:15:00,229.55,229.95,229.25,229.25,0
2026-04-01 13:15:00,229.25,231.7,229.1,230.65,0
2026-04-01 14:15:00,230.6,232.05,230.6,231.5,0
2026-04-01 15:15:00,231.5,231.5,231.15,231.15,0
2026-04-02 09:15:00,234.45,236.5,234.45,236.0,0
2026-04-02 10:15:00,236.0,236.45,235.85,236.05,0
2026-04-02 11:15:00,236.05,236.3,235.3,235.65,0
2026-04-02 12:15:00,235.65,236.0,234.25,234.6,0
2026-04-02 13:15:00,234.6,234.7,231.95,232.0,0
2026-04-02 14:15:00,232.0,232.55,230.6,230.65,0
2026-04-02 15:15:00,230.6,231.5,230.4,231.25,0
2026-04-06 09:15:00,230.55,232.75,230.5,231.8,0
2026-04-06 10:15:00,231.8,232.95,231.55,232.7,0
2026-04-06 11:15:00,232.7,232.8,231.3,231.75,0
2026-04-06 12:15:00,231.75,231.9,229.7,229.7,0
2026-04-06 13:15:00,229.7,229.9,229.2,229.2,0
2026-04-06 14:15:00,229.2,229.5,228.35,228.4,0
2026-04-06 15:15:00,228.4,228.75,228.4,228.75,0
2026-04-07 09:15:00,229.95,231.15,229.05,229.15,0
2026-04-07 10:15:00,229.1,230.05,228.7,229.7,0
2026-04-07 11:15:00,229.7,229.8,228.45,228.9,0
2026-04-07 12:15:00,228.95,229.3,228.8,228.95,0
2026-04-07 13:15:00,228.95,229.0,227.7,228.25,0
2026-04-07 14:15:00,228.2,228.5,227.0,227.25,0
2026-04-07 15:15:00,227.25,227.3,226.85,227.05,0
2026-04-08 09:15:00,219.95,220.15,218.95,219.7,0
2026-04-08 10:15:00,219.7,219.8,218.5,218.6,0
2026-04-08 11:15:00,218.6,219.3,218.4,218.9,0
2026-04-08 12:15:00,218.9,219.5,218.65,218.8,0
2026-04-08 13:15:00,218.8,219.1,218.3,219.05,0
2026-04-08 14:15:00,219.0,219.05,218.35,218.6,0
2026-04-08 15:15:00,218.6,218.7,218.35,218.45,0
2026-04-09 09:15:00,219.4,220.75,218.65,220.05,0
2026-04-09 10:15:00,220.05,220.35,219.75,219.9,0
2026-04-09 11:15:00,219.9,220.25,219.4,219.65,0
2026-04-09 12:15:00,219.65,220.35,219.6,220.25,0
2026-04-09 13:15:00,220.25,220.95,220.25,220.8,0
2026-04-09 14:15:00,220.8,221.45,220.35,220.45,0
2026-04-09 15:15:00,220.45,220.75,220.45,220.7,0
2026-04-10 09:15:00,219.65,219.8,218.55,218.6,0
2026-04-10 10:15:00,218.6,218.8,218.2,218.45,0
2026-04-10 11:15:00,218.45,219.0,218.35,218.45,0
2026-04-10 12:15:00,218.5,218.7,218.25,218.55,0
2026-04-10 13:15:00,218.5,218.6,218.1,218.35,0
2026-04-10 14:15:00,218.35,219.1,217.85,218.0,0
2026-04-10 15:15:00,218.0,218.15,217.95,218.05,0
2026-04-13 09:15:00,222.35,222.65,221.4,221.7,0
2026-04-13 10:15:00,221.75,221.95,220.8,220.95,0
2026-04-13 11:15:00,220.95,221.1,220.3,220.3,0
2026-04-13 12:15:00,220.3,220.7,220.0,220.25,0
2026-04-13 13:15:00,220.25,220.4,219.5,219.95,0
2026-04-13 14:15:00,219.95,220.25,219.55,220.05,0
2026-04-13 15:15:00,220.05,220.3,220.0,220.25,0
2026-04-15 09:15:00,217.15,217.3,216.2,216.45,0
2026-04-15 10:15:00,216.45,217.0,216.15,216.95,0
2026-04-15 11:15:00,216.95,217.05,216.5,216.55,0
2026-04-15 12:15:00,216.55,216.8,216.45,216.6,0
2026-04-15 13:15:00,216.6,216.9,216.45,216.55,0
2026-04-15 14:15:00,216.55,216.7,216.2,216.55,0
2026-04-15 15:15:00,216.55,216.75,216.55,216.7,0
2026-04-16 09:15:00,215.15,216.25,215.05,215.85,0
2026-04-16 10:15:00,215.9,216.0,215.65,215.8,0
2026-04-16 11:15:00,215.8,217.25,215.7,216.95,0
2026-04-16 12:15:00,217.0,217.65,216.9,217.5,0
2026-04-16 13:15:00,217.5,217.7,216.9,217.15,0
2026-04-16 14:15:00,217.15,217.25,216.45,216.95,0
2026-04-16 15:15:00,216.95,217.05,216.8,216.95,0
2026-04-17 09:15:00,217.15,217.65,216.15,216.2,0
2026-04-17 10:15:00,216.2,216.5,215.95,216.3,0
2026-04-17 11:15:00,216.3,216.4,215.75,216.1,0
2026-04-17 12:15:00,216.1,216.3,216.0,216.1,0
2026-04-17 13:15:00,216.1,216.25,215.8,215.9,0
2026-04-17 14:15:00,215.9,215.9,215.45,215.45,0
2026-04-17 15:15:00,215.5,215.55,215.35,215.35,0
2026-04-20 09:15:00,215.25,216.55,215.0,215.35,0
2026-04-20 10:15:00,215.35,215.4,214.75,215.1,0
2026-04-20 11:15:00,215.1,215.1,214.5,214.85,0
2026-04-20 12:15:00,214.85,215.2,214.45,215.05,0
2026-04-20 13:15:00,215.05,215.5,214.95,215.2,0
2026-04-20 14:15:00,215.2,215.4,214.8,215.3,0
2026-04-20 15:15:00,215.3,215.9,215.3,215.75,0
2026-04-21 09:15:00,215.4,215.55,214.1,214.2,0
2026-04-21 10:15:00,214.2,214.4,213.75,213.8,0
2026-04-21 11:15:00,213.8,214.2,213.7,213.8,0
2026-04-21 12:15:00,213.8,214.1,213.7,213.95,0
2026-04-21 13:15:00,213.95,214.1,213.7,213.95,0
2026-04-21 14:15:00,214.0,214.05,213.4,213.65,0
2026-04-21 15:15:00,213.65,213.7,213.4,213.6,0
2026-04-22 09:15:00,214.6,215.6,214.2,215.45,0
2026-04-22 10:15:00,215.45,215.6,214.8,214.95,0
2026-04-22 11:15:00,214.95,215.3,214.75,215.05,0
2026-04-22 12:15:00,215.05,215.25,214.85,214.9,0
2026-04-22 13:15:00,214.9,215.3,214.7,215.05,0
2026-04-22 14:15:00,215.05,215.4,214.95,215.35,0
2026-04-22 15:15:00,215.35,215.55,215.25,215.5,0
2026-04-23 09:15:00,216.95,217.55,216.0,216.35,0
2026-04-23 10:15:00,216.35,217.1,216.2,217.05,0
2026-04-23 11:15:00,217.05,217.25,216.75,216.8,0
2026-04-23 12:15:00,216.8,217.3,216.7,216.85,0
2026-04-23 13:15:00,216.85,216.95,216.3,216.9,0
2026-04-23 14:15:00,216.9,217.35,216.8,217.35,0
2026-04-23 15:15:00,217.35,217.45,217.2,217.4,0
2026-04-24 09:15:00,217.9,219.3,217.0,218.9,0
2026-04-24 10:15:00,218.9,219.6,218.9,219.55,0
2026-04-24 11:15:00,219.6,219.75,219.25,219.45,0
2026-04-24 12:15:00,219.45,220.15,219.4,220.0,0
2026-04-24 13:15:00,220.0,220.5,219.9,220.25,0
2026-04-24 14:15:00,220.25,220.25,219.45,219.75,0
2026-04-24 15:15:00,219.75,219.75,219.5,219.65,0
2026-04-27 09:15:00,219.4,219.4,217.9,218.3,0
2026-04-27 10:15:00,218.3,218.75,217.95,218.35,0
2026-04-27 11:15:00,218.35,219.1,218.15,218.5,0
2026-04-27 12:15:00,218.5,218.6,217.95,217.95,0
2026-04-27 13:15:00,217.95,218.05,217.7,217.75,0
2026-04-27 14:15:00,217.75,218.15,217.7,218.0,0
2026-04-27 15:15:00,218.0,218.15,217.85,217.9,0
2026-04-28 09:15:00,218.45,218.9,217.4,217.55,0
2026-04-28 10:15:00,217.55,217.75,217.25,217.55,0
2026-04-28 11:15:00,217.55,218.65,217.55,218.45,0
2026-04-28 12:15:00,218.5,218.95,218.4,218.75,0
2026-04-28 13:15:00,218.75,219.25,218.45,219.05,0
2026-04-28 14:15:00,219.05,219.2,218.5,219.15,0
2026-04-28 15:15:00,219.15,219.3,218.75,218.75,0
2026-04-29 09:15:00,218.05,218.4,216.8,216.8,0
2026-04-29 10:15:00,216.8,216.8,216.2,216.3,0
2026-04-29 11:15:00,216.3,216.55,216.1,216.25,0
2026-04-29 12:15:00,216.25,216.25,215.9,216.05,0
2026-04-29 13:15:00,216.0,217.15,215.95,217.0,0
2026-04-29 14:15:00,216.95,217.4,216.85,217.4,0
2026-04-29 15:15:00,217.4,217.65,217.35,217.45,0
2026-04-30 09:15:00,218.95,220.5,218.9,220.45,0
2026-04-30 10:15:00,220.5,220.75,220.2,220.75,0
2026-04-30 11:15:00,220.75,220.75,219.85,219.85,0
2026-04-30 12:15:00,219.85,220.1,219.35,219.4,0
2026-04-30 13:15:00,219.4,219.5,218.4,218.75,0
2026-04-30 14:15:00,218.75,219.25,218.15,219.0,0
2026-04-30 15:15:00,219.0,219.1,218.45,218.5,0
2026-05-04 09:15:00,218.45,218.45,216.4,217.45,0
2026-05-04 10:15:00,217.45,217.75,216.85,217.0,0
2026-05-04 11:15:00,217.0,218.0,216.8,218.0,0
2026-05-04 12:15:00,218.0,218.3,217.65,218.05,0
2026-05-04 13:15:00,218.05,219.0,218.05,218.1,0
2026-05-04 14:15:00,218.05,218.4,217.7,217.95,0
2026-05-04 15:15:00,217.9,218.05,217.8,217.95,0
2026-05-05 09:15:00,218.6,219.55,218.45,219.2,0
2026-05-05 10:15:00,219.2,219.85,219.15,219.65,0
2026-05-05 11:15:00,219.65,220.15,219.4,219.55,0
2026-05-05 12:15:00,219.55,219.7,218.35,218.45,0
2026-05-05 13:15:00,218.45,219.05,218.35,218.95,0
2026-05-05 14:15:00,218.9,219.1,218.55,218.7,0
2026-05-05 15:15:00,218.7,218.75,218.55,218.6,0
2026-05-06 09:15:00,217.55,218.25,216.9,217.85,0
2026-05-06 10:15:00,217.85,218.45,217.7,218.3,0
2026-05-06 11:15:00,218.3,218.45,218.05,218.35,0
2026-05-06 12:15:00,218.35,219.1,218.35,218.75,0
2026-05-06 13:15:00,218.75,218.8,217.9,217.9,0
2026-05-06 14:15:00,217.9,217.9,215.85,216.2,0
2026-05-06 15:15:00,216.2,216.2,215.95,216.05,0
2026-05-07 09:15:00,215.55,216.4,215.35,216.2,0
2026-05-07 10:15:00,216.2,216.3,215.7,216.25,0
2026-05-07 11:15:00,216.25,216.55,215.8,215.85,0
2026-05-07 12:15:00,215.85,216.15,214.8,215.6,0
2026-05-07 13:15:00,215.6,216.2,215.5,215.85,0
2026-05-07 14:15:00,215.85,216.45,215.65,216.4,0
2026-05-07 15:15:00,216.4,216.4,216.05,216.1,0
2026-05-08 09:15:00,217.05,217.85,216.85,217.25,0
2026-05-08 10:15:00,217.2,217.5,216.95,217.05,0
2026-05-08 11:15:00,217.05,217.55,216.95,217.45,0
2026-05-08 12:15:00,217.45,217.75,217.35,217.6,0
2026-05-08 13:15:00,217.6,217.95,217.3,217.8,0
2026-05-08 14:15:00,217.8,217.85,216.95,217.5,0
2026-05-08 15:15:00,217.5,217.65,217.35,217.5,0
2026-05-11 09:15:00,219.5,220.45,219.45,220.2,0
2026-05-11 10:15:00,220.15,220.6,219.9,220.0,0
2026-05-11 11:15:00,220.0,220.05,219.6,219.8,0
2026-05-11 12:15:00,219.8,220.1,219.6,219.65,0
2026-05-11 13:15:00,219.65,219.8,219.25,219.7,0
2026-05-11 14:15:00,219.7,221.0,219.6,220.95,0
2026-05-11 15:15:00,220.95,221.0,220.85,220.85,0
2026-05-12 09:15:00,221.75,222.75,221.45,222.45,0
2026-05-12 10:15:00,222.4,223.1,222.2,223.0,0
2026-05-12 11:15:00,223.0,223.35,222.8,223.3,0
2026-05-12 12:15:00,223.3,223.75,223.1,223.5,0
2026-05-12 13:15:00,223.5,224.3,223.25,224.2,0
2026-05-12 14:15:00,224.2,225.25,223.9,225.2,0
2026-05-12 15:15:00,225.15,225.15,224.45,224.45,0
2026-05-13 09:15:00,225.15,226.1,223.8,224.75,0
2026-05-13 10:15:00,224.75,225.1,224.05,224.75,0
2026-05-13 11:15:00,224.75,224.85,223.7,223.7,0
2026-05-13 12:15:00,223.7,224.55,223.05,223.45,0
2026-05-13 13:15:00,223.45,224.0,223.45,223.65,0
2026-05-13 14:15:00,223.65,224.75,223.6,224.55,0
2026-05-13 15:15:00,224.55,224.85,224.45,224.5,0
2026-05-14 09:15:00,223.55,224.35,223.0,223.9,0
2026-05-14 10:15:00,223.9,224.55,223.5,224.25,0
2026-05-14 11:15:00,224.25,224.25,221.9,222.25,0
2026-05-14 12:15:00,222.25,222.25,221.5,221.8,0
2026-05-14 13:15:00,221.8,221.85,221.3,221.5,0
2026-05-14 14:15:00,221.5,222.2,221.2,222.1,0
2026-05-14 15:15:00,222.1,222.25,221.75,221.8,0
2026-05-15 09:15:00,221.65,222.3,220.7,221.05,0
2026-05-15 10:15:00,221.0,221.65,220.65,221.55,0
2026-05-15 11:15:00,221.55,222.15,221.3,221.5,0
2026-05-15 12:15:00,221.5,221.8,221.05,221.2,0
2026-05-15 13:15:00,221.2,222.0,221.15,221.75,0
2026-05-15 14:15:00,221.75,222.8,221.7,222.5,0
2026-05-15 15:15:00,222.5,222.75,222.35,222.35,0
2026-05-18 09:15:00,224.1,225.65,224.05,225.25,0
2026-05-18 10:15:00,225.25,225.3,224.15,224.2,0
2026-05-18 11:15:00,224.2,224.25,223.35,223.7,0
2026-05-18 12:15:00,223.7,223.8,222.4,222.85,0
2026-05-18 13:15:00,222.85,223.05,222.45,222.75,0
2026-05-18 14:15:00,222.75,223.15,222.1,222.65,0
2026-05-18 15:15:00,222.65,222.8,222.45,222.55,0
2026-05-19 09:15:00,222.3,222.55,221.45,221.55,0
2026-05-19 10:15:00,221.6,221.9,221.3,221.9,0
2026-05-19 11:15:00,221.9,222.1,221.4,221.65,0
2026-05-19 12:15:00,221.7,222.0,221.55,222.0,0
2026-05-19 13:15:00,222.0,222.3,221.65,221.9,0
2026-05-19 14:15:00,221.9,222.95,221.75,222.8,0
2026-05-19 15:15:00,222.8,223.15,222.75,222.85,0
2026-05-19 16:15:00,222.85,222.85,222.85,222.85,0
2026-05-19 17:15:00,222.85,222.85,222.85,222.85,0
