date,open,high,low,close,volume
2025-04-01 09:15:00,16136.6,16268.95,16133.65,16201.6,0
2025-04-01 10:15:00,16201.9,16225.05,16067.2,16074.45,0
2025-04-01 11:15:00,16074.1,16091.4,16025.6,16047.15,0
2025-04-01 12:15:00,16047.15,16070.85,16006.75,16012.5,0
2025-04-01 13:15:00,16012.6,16025.9,15985.95,16018.8,0
2025-04-01 14:15:00,16018.75,16042.3,16002.6,16031.4,0
2025-04-01 15:15:00,16031.4,16033.3,16015.6,16023.45,0
2025-04-02 09:15:00,16045.55,16074.9,15946.1,16020.2,0
2025-04-02 10:15:00,16020.2,16087.05,16007.7,16074.15,0
2025-04-02 11:15:00,16074.15,16081.9,16052.75,16069.9,0
2025-04-02 12:15:00,16069.95,16096.25,16064.2,16091.7,0
2025-04-02 13:15:00,16091.45,16119.7,16074.7,16112.65,0
2025-04-02 14:15:00,16112.4,16159.1,16111.35,16148.35,0
2025-04-02 15:15:00,16149.0,16153.0,16140.0,16143.35,0
2025-04-03 09:15:00,16050.4,16143.6,16043.3,16087.4,0
2025-04-03 10:15:00,16087.95,16117.4,16077.95,16102.55,0
2025-04-03 11:15:00,16102.65,16102.65,16071.05,16096.1,0
2025-04-03 12:15:00,16097.2,16097.6,16068.55,16093.1,0
2025-04-03 13:15:00,16092.75,16119.65,16091.1,16098.5,0
2025-04-03 14:15:00,16098.35,16126.6,16097.0,16119.7,0
2025-04-03 15:15:00,16119.7,16120.15,16095.8,16101.6,0
2025-04-04 09:15:00,16052.05,16074.95,15881.3,15881.3,0
2025-04-04 10:15:00,15881.4,15965.3,15854.65,15941.35,0
2025-04-04 11:15:00,15940.25,15946.95,15886.95,15902.5,0
2025-04-04 12:15:00,15902.55,15919.6,15861.8,15867.75,0
2025-04-04 13:15:00,15868.15,15885.9,15839.15,15864.6,0
2025-04-04 14:15:00,15864.4,15908.0,15852.65,15902.3,0
2025-04-04 15:15:00,15902.2,15920.4,15895.6,15909.4,0
2025-04-07 09:15:00,15065.15,15557.15,15063.65,15372.95,0
2025-04-07 10:15:00,15372.95,15490.7,15363.45,15454.0,0
2025-04-07 11:15:00,15454.0,15513.45,15412.75,15416.7,0
2025-04-07 12:15:00,15416.1,15455.2,15359.65,15402.85,0
2025-04-07 13:15:00,15403.1,15534.7,15385.3,15515.0,0
2025-04-07 14:15:00,15515.5,15606.75,15496.55,15593.75,0
2025-04-07 15:15:00,15593.55,15640.75,15567.7,15631.15,0
2025-04-08 09:15:00,15732.2,15810.45,15695.25,15720.05,0
2025-04-08 10:15:00,15720.25,15826.9,15677.1,15791.25,0
2025-04-08 11:15:00,15791.25,15880.25,15737.05,15880.25,0
2025-04-08 12:15:00,15881.35,15931.9,15856.45,15930.35,0
2025-04-08 13:15:00,15930.35,15943.15,15825.3,15903.0,0
2025-04-08 14:15:00,15902.75,15938.85,15854.3,15858.2,0
2025-04-08 15:15:00,15858.2,15885.7,15853.9,15880.55,0
2025-04-09 09:15:00,15826.9,15864.2,15764.15,15805.5,0
2025-04-09 10:15:00,15805.35,15900.05,15800.0,15898.4,0
2025-04-09 11:15:00,15898.2,15960.3,15896.3,15958.0,0
2025-04-09 12:15:00,15959.0,15985.85,15953.65,15970.05,0
2025-04-09 13:15:00,15970.3,15973.75,15947.05,15951.4,0
2025-04-09 14:15:00,15951.9,15960.5,15941.2,15943.85,0
2025-04-09 15:15:00,15943.85,15947.4,15934.1,15945.0,0
2025-04-11 09:15:00,16141.25,16190.7,16108.0,16152.2,0
2025-04-11 10:15:00,16152.5,16164.55,16095.55,16158.45,0
2025-04-11 11:15:00,16158.45,16207.15,16147.95,16206.15,0
2025-04-11 12:15:00,16206.15,16218.4,16190.1,16210.85,0
2025-04-11 13:15:00,16210.65,16212.5,16148.9,16155.85,0
2025-04-11 14:15:00,16156.05,16196.75,16145.7,16187.4,0
2025-04-11 15:15:00,16187.4,16188.6,16170.6,16181.35,0
2025-04-15 09:15:00,16479.9,16479.9,16323.0,16333.3,0
2025-04-15 10:15:00,16334.1,16351.65,16317.6,16320.15,0
2025-04-15 11:15:00,16320.15,16354.85,16314.65,16353.2,0
2025-04-15 12:15:00,16353.25,16374.9,16350.95,16371.2,0
2025-04-15 13:15:00,16371.2,16387.05,16361.4,16381.25,0
2025-04-15 14:15:00,16381.25,16425.4,16381.25,16424.75,0
2025-04-15 15:15:00,16424.85,16441.7,16423.45,16432.7,0
2025-04-16 09:15:00,16391.55,16465.35,16363.05,16458.45,0
2025-04-16 10:15:00,16458.45,16463.1,16419.3,16462.3,0
2025-04-16 11:15:00,16462.5,16480.45,16446.9,16474.6,0
2025-04-16 12:15:00,16474.6,16491.0,16463.9,16475.4,0
2025-04-16 13:15:00,16475.4,16515.1,16427.0,16509.9,0
2025-04-16 14:15:00,16509.1,16519.95,16488.6,16514.15,0
2025-04-16 15:15:00,16514.3,16531.15,16501.3,16502.2,0
2025-04-17 09:15:00,16488.5,16490.35,16390.1,16457.15,0
2025-04-17 10:15:00,16457.15,16514.25,16450.55,16509.55,0
2025-04-17 11:15:00,16509.55,16594.9,16508.7,16586.95,0
2025-04-17 12:15:00,16586.95,16636.75,16576.9,16630.9,0
2025-04-17 13:15:00,16630.9,16675.35,16611.05,16653.4,0
2025-04-17 14:15:00,16652.45,16681.85,16631.1,16674.75,0
2025-04-17 15:15:00,16674.6,16674.9,16656.7,16660.25,0
2025-04-21 09:15:00,16705.05,16715.35,16629.55,16697.75,0
2025-04-21 10:15:00,16697.75,16721.1,16686.85,16715.05,0
2025-04-21 11:15:00,16714.3,16756.85,16712.75,16754.75,0
2025-04-21 12:15:00,16754.45,16779.4,16750.05,16762.65,0
2025-04-21 13:15:00,16762.65,16769.55,16727.2,16751.15,0
2025-04-21 14:15:00,16751.15,16762.0,16716.0,16722.75,0
2025-04-21 15:15:00,16721.75,16736.9,16720.25,16728.95,0
2025-04-22 09:15:00,16766.7,16781.9,16691.5,16778.65,0
2025-04-22 10:15:00,16778.65,16821.6,16769.35,16803.1,0
2025-04-22 11:15:00,16803.35,16820.95,16760.05,16818.75,0
2025-04-22 12:15:00,16819.45,16825.75,16806.7,16816.7,0
2025-04-22 13:15:00,16816.7,16839.25,16812.95,16829.4,0
2025-04-22 14:15:00,16829.4,16844.05,16808.8,16824.15,0
2025-04-22 15:15:00,16823.6,16845.25,16819.9,16833.4,0
2025-04-23 09:15:00,16926.3,16955.65,16869.5,16880.8,0
2025-04-23 10:15:00,16880.8,16917.1,16828.35,16887.4,0
2025-04-23 11:15:00,16887.45,16905.65,16873.3,16899.1,0
2025-04-23 12:15:00,16899.1,16926.5,16891.95,16924.25,0
2025-04-23 13:15:00,16924.05,16956.25,16914.6,16953.0,0
2025-04-23 14:15:00,16953.3,17003.2,16946.2,17002.3,0
2025-04-23 15:15:00,17002.05,17006.3,16977.75,16977.75,0
2025-04-24 09:15:00,16988.65,17079.75,16936.65,17076.85,0
2025-04-24 10:15:00,17076.85,17107.45,16977.6,16980.3,0
2025-04-24 11:15:00,16979.85,16982.85,16931.8,16939.35,0
2025-04-24 12:15:00,16939.35,16961.1,16935.85,16948.6,0
2025-04-24 13:15:00,16948.6,16949.65,16931.35,16932.05,0
2025-04-24 14:15:00,16932.05,16964.7,16918.3,16960.3,0
2025-04-24 15:15:00,16960.95,16970.5,16952.6,16958.65,0
2025-04-25 09:15:00,16957.45,17021.15,16737.15,16791.55,0
2025-04-25 10:15:00,16790.8,16805.75,16699.3,16726.3,0
2025-04-25 11:15:00,16726.2,16736.95,16664.45,16729.15,0
2025-04-25 12:15:00,16728.75,16786.45,16709.25,16773.3,0
2025-04-25 13:15:00,16774.5,16842.75,16768.55,16791.25,0
2025-04-25 14:15:00,16792.05,16824.6,16767.95,16800.65,0
2025-04-25 15:15:00,16801.0,16802.25,16745.65,16752.15,0
2025-04-28 09:15:00,16736.35,16867.4,16722.95,16863.0,0
2025-04-28 10:15:00,16863.0,16864.05,16823.05,16827.85,0
2025-04-28 11:15:00,16827.85,16860.5,16818.15,16855.85,0
2025-04-28 12:15:00,16855.85,16897.55,16854.3,16889.55,0
2025-04-28 13:15:00,16889.35,16899.75,16879.5,16892.1,0
2025-04-28 14:15:00,16892.1,16898.8,16850.1,16886.15,0
2025-04-28 15:15:00,16886.15,16898.0,16879.25,16882.55,0
2025-04-29 09:15:00,16909.3,16938.95,16836.4,16863.65,0
2025-04-29 10:15:00,16863.65,16899.9,16834.45,16881.6,0
2025-04-29 11:15:00,16880.95,16887.85,16838.85,16858.2,0
2025-04-29 12:15:00,16857.95,16891.45,16850.8,16885.1,0
2025-04-29 13:15:00,16886.95,16905.05,16882.6,16893.35,0
2025-04-29 14:15:00,16892.0,16895.5,16844.3,16849.3,0
2025-04-29 15:15:00,16848.2,16857.45,16840.0,16845.6,0
2025-04-30 09:15:00,16852.9,16939.9,16827.05,16918.25,0
2025-04-30 10:15:00,16918.25,16930.1,16883.5,16904.1,0
2025-04-30 11:15:00,16904.1,16931.05,16887.85,16907.5,0
2025-04-30 12:15:00,16907.65,16913.2,16875.5,16876.55,0
2025-04-30 13:15:00,16876.55,16887.15,16868.4,16873.5,0
2025-04-30 14:15:00,16873.5,16918.15,16867.05,16887.25,0
2025-04-30 15:15:00,16886.9,16890.4,16793.75,16816.75,0
2025-05-02 09:15:00,16826.4,16940.1,16801.0,16922.8,0
2025-05-02 10:15:00,16922.85,16923.25,16826.8,16832.6,0
2025-05-02 11:15:00,16832.6,16844.4,16757.65,16760.05,0
2025-05-02 12:15:00,16760.2,16760.2,16689.3,16713.6,0
2025-05-02 13:15:00,16713.6,16795.05,16713.6,16778.15,0
2025-05-02 14:15:00,16778.5,16784.2,16710.2,16763.95,0
2025-05-02 15:15:00,16764.25,16765.4,16727.1,16729.6,0
2025-05-05 09:15:00,16793.9,16879.3,16784.6,16851.55,0
2025-05-05 10:15:00,16851.55,16868.45,16830.4,16847.35,0
2025-05-05 11:15:00,16847.35,16852.15,16808.5,16827.75,0
2025-05-05 12:15:00,16827.75,16842.4,16814.75,16826.65,0
2025-05-05 13:15:00,16826.85,16860.9,16821.35,16851.1,0
2025-05-05 14:15:00,16851.1,16852.9,16829.5,16829.5,0
2025-05-05 15:15:00,16829.5,16853.15,16828.75,16848.4,0
2025-05-06 09:15:00,16829.55,16861.0,16793.1,16824.5,0
2025-05-06 10:15:00,16824.5,16851.05,16806.9,16834.75,0
2025-05-06 11:15:00,16834.75,16837.45,16797.4,16812.8,0
2025-05-06 12:15:00,16813.45,16819.65,16792.55,16811.75,0
2025-05-06 13:15:00,16813.65,16846.4,16810.35,16821.35,0
2025-05-06 14:15:00,16821.7,16836.95,16798.85,16829.0,0
2025-05-06 15:15:00,16829.0,16829.5,16795.2,16795.2,0
2025-05-07 09:15:00,16665.8,16816.15,16663.95,16718.15,0
2025-05-07 10:15:00,16718.15,16813.1,16706.55,16813.1,0
2025-05-07 11:15:00,16813.1,16833.6,16779.2,16812.3,0
2025-05-07 12:15:00,16812.35,16839.0,16801.05,16807.2,0
2025-05-07 13:15:00,16807.2,16822.75,16777.9,16817.65,0
2025-05-07 14:15:00,16814.8,16821.45,16779.75,16801.7,0
2025-05-07 15:15:00,16801.85,16811.0,16779.15,16786.5,0
2025-05-08 09:15:00,16781.3,16790.9,16716.9,16747.9,0
2025-05-08 10:15:00,16748.4,16763.6,16732.7,16742.55,0
2025-05-08 11:15:00,16742.0,16760.95,16739.55,16742.85,0
2025-05-08 12:15:00,16742.85,16751.25,16720.15,16732.45,0
2025-05-08 13:15:00,16732.45,16732.75,16671.25,16672.4,0
2025-05-08 14:15:00,16672.4,16705.6,16621.75,16677.7,0
2025-05-08 15:15:00,16677.7,16678.35,16596.1,16596.25,0
2025-05-09 09:15:00,16447.25,16620.4,16441.85,16563.95,0
2025-05-09 10:15:00,16564.55,16582.2,16531.8,16555.55,0
2025-05-09 11:15:00,16555.55,16632.7,16546.3,16594.7,0
2025-05-09 12:15:00,16594.95,16600.15,16551.0,16565.85,0
2025-05-09 13:15:00,16565.85,16591.8,16539.35,16583.8,0
2025-05-09 14:15:00,16583.8,16613.15,16561.15,16596.95,0
2025-05-09 15:15:00,16596.95,16618.1,16592.5,16609.8,0
2025-05-12 09:15:00,16840.15,16955.05,16780.5,16949.5,0
2025-05-12 10:15:00,16950.2,16988.75,16943.05,16957.7,0
2025-05-12 11:15:00,16957.7,16976.3,16952.65,16973.9,0
2025-05-12 12:15:00,16973.9,17025.7,16956.3,17018.85,0
2025-05-12 13:15:00,17017.55,17057.4,17017.55,17056.6,0
2025-05-12 14:15:00,17057.1,17100.25,17042.25,17096.95,0
2025-05-12 15:15:00,17096.95,17112.8,17088.45,17089.15,0
2025-05-13 09:15:00,17103.7,17159.9,17000.15,17062.3,0
2025-05-13 10:15:00,17062.3,17079.8,16967.85,17004.8,0
2025-05-13 11:15:00,17004.8,17043.0,16979.1,17012.1,0
2025-05-13 12:15:00,17013.1,17017.25,16923.75,16949.05,0
2025-05-13 13:15:00,16950.05,16951.05,16917.45,16930.8,0
2025-05-13 14:15:00,16931.1,16973.65,16910.35,16938.4,0
2025-05-13 15:15:00,16938.4,16960.0,16932.35,16953.95,0
2025-05-14 09:15:00,16949.6,17030.85,16904.35,17004.15,0
2025-05-14 10:15:00,17004.9,17012.3,16960.0,16974.95,0
2025-05-14 11:15:00,16974.95,16990.9,16943.95,16971.8,0
2025-05-14 12:15:00,16972.1,16976.95,16901.35,16957.7,0
2025-05-14 13:15:00,16957.7,16975.4,16936.95,16945.0,0
2025-05-14 14:15:00,16945.0,16986.7,16927.15,16984.75,0
2025-05-14 15:15:00,16985.1,17001.5,16979.95,16994.8,0
2025-05-15 09:15:00,17002.9,17019.25,16902.8,16926.4,0
2025-05-15 10:15:00,16927.0,17054.2,16925.65,16963.85,0
2025-05-15 11:15:00,16963.85,17012.15,16952.5,16990.5,0
2025-05-15 12:15:00,16990.35,17101.25,16972.5,17100.05,0
2025-05-15 13:15:00,17100.35,17200.1,17078.35,17193.3,0
2025-05-15 14:15:00,17192.95,17212.6,17166.0,17173.45,0
2025-05-15 15:15:00,17173.5,17181.25,17163.35,17164.7,0
2025-05-16 09:15:00,17218.85,17225.0,17140.55,17146.75,0
2025-05-16 10:15:00,17147.4,17193.1,17144.4,17163.95,0
2025-05-16 11:15:00,17164.3,17182.7,17154.45,17172.05,0
2025-05-16 12:15:00,17170.95,17206.95,17167.25,17204.0,0
2025-05-16 13:15:00,17204.7,17212.8,17191.65,17196.55,0
2025-05-16 14:15:00,17196.55,17225.1,17184.5,17217.65,0
2025-05-16 15:15:00,17218.1,17220.3,17197.65,17203.05,0
2025-05-19 09:15:00,17206.8,17287.6,17177.95,17283.75,0
2025-05-19 10:15:00,17283.75,17294.35,17229.75,17238.95,0
2025-05-19 11:15:00,17238.95,17251.35,17194.95,17198.45,0
2025-05-19 12:15:00,17198.45,17233.25,17190.2,17214.0,0
2025-05-19 13:15:00,17214.0,17227.3,17185.3,17195.2,0
2025-05-19 14:15:00,17195.2,17213.5,17193.4,17203.25,0
2025-05-19 15:15:00,17203.3,17203.8,17188.55,17192.2,0
2025-05-20 09:15:00,17257.45,17263.95,17148.45,17176.55,0
2025-05-20 10:15:00,17176.55,17216.05,17162.1,17199.4,0
2025-05-20 11:15:00,17199.4,17199.4,17137.0,17150.45,0
2025-05-20 12:15:00,17151.1,17152.15,17083.65,17099.25,0
2025-05-20 13:15:00,17099.5,17102.65,17028.0,17031.65,0
2025-05-20 14:15:00,17031.75,17031.9,16961.3,16973.85,0
2025-05-20 15:15:00,16973.9,17000.0,16962.95,16995.25,0
2025-05-21 09:15:00,17017.4,17108.35,16988.6,17108.1,0
2025-05-21 10:15:00,17107.65,17148.9,17085.2,17109.65,0
2025-05-21 11:15:00,17109.35,17121.95,17003.65,17005.35,0
2025-05-21 12:15:00,17005.65,17062.75,16976.45,17059.2,0
2025-05-21 13:15:00,17059.2,17086.8,17027.95,17055.5,0
2025-05-21 14:15:00,17055.5,17072.95,17043.65,17059.95,0
2025-05-21 15:15:00,17060.45,17064.25,17046.8,17047.05,0
2025-05-22 09:15:00,17015.35,17015.65,16831.95,16888.05,0
2025-05-22 10:15:00,16888.05,16917.0,16869.05,16899.35,0
2025-05-22 11:15:00,16899.35,16915.45,16881.45,16889.25,0
2025-05-22 12:15:00,16889.25,16890.25,16846.8,16875.45,0
2025-05-22 13:15:00,16875.45,16897.1,16853.6,16874.35,0
2025-05-22 14:15:00,16874.35,16919.6,16813.25,16897.2,0
2025-05-22 15:15:00,16897.2,16929.15,16891.15,16916.7,0
2025-05-23 09:15:00,16903.8,17034.65,16859.25,17028.55,0
2025-05-23 10:15:00,17029.95,17066.65,16992.8,17055.0,0
2025-05-23 11:15:00,17054.9,17062.95,17011.7,17029.9,0
2025-05-23 12:15:00,17029.9,17057.9,17029.05,17034.4,0
2025-05-23 13:15:00,17034.4,17048.6,17020.7,17029.05,0
2025-05-23 14:15:00,17029.05,17042.65,17009.85,17037.05,0
2025-05-23 15:15:00,17036.25,17045.1,17029.85,17031.95,0
2025-05-26 09:15:00,17074.45,17180.3,17066.15,17173.35,0
2025-05-26 10:15:00,17173.5,17175.1,17106.05,17147.1,0
2025-05-26 11:15:00,17147.1,17172.7,17133.3,17156.65,0
2025-05-26 12:15:00,17156.65,17159.0,17115.9,17130.15,0
2025-05-26 13:15:00,17130.15,17149.6,17122.8,17145.3,0
2025-05-26 14:15:00,17145.45,17161.55,17133.9,17159.1,0
2025-05-26 15:15:00,17158.5,17159.75,17144.1,17150.25,0
2025-05-27 09:15:00,17146.4,17154.55,17025.5,17053.0,0
2025-05-27 10:15:00,17053.8,17171.8,17037.9,17130.7,0
2025-05-27 11:15:00,17130.7,17211.45,17126.4,17158.0,0
2025-05-27 12:15:00,17158.0,17160.35,17067.4,17079.4,0
2025-05-27 13:15:00,17079.4,17102.4,17037.65,17049.9,0
2025-05-27 14:15:00,17049.9,17105.2,17017.2,17100.85,0
2025-05-27 15:15:00,17100.55,17105.55,17088.35,17103.15,0
2025-05-28 09:15:00,17094.85,17105.95,16986.3,17007.6,0
2025-05-28 10:15:00,17008.2,17027.15,16986.0,17016.8,0
2025-05-28 11:15:00,17016.8,17019.8,16990.6,17001.85,0
2025-05-28 12:15:00,17001.85,17038.45,17000.9,17012.35,0
2025-05-28 13:15:00,17012.4,17022.4,16999.75,17015.2,0
2025-05-28 14:15:00,17014.9,17022.9,16996.75,16997.65,0
2025-05-28 15:15:00,16997.0,17006.7,16985.75,17004.75,0
2025-05-29 09:15:00,17053.75,17075.45,17017.95,17055.75,0
2025-05-29 10:15:00,17055.75,17060.3,16990.55,17005.5,0
2025-05-29 11:15:00,17005.5,17027.9,16996.8,17018.2,0
2025-05-29 12:15:00,17018.2,17026.9,16979.3,17002.95,0
2025-05-29 13:15:00,17002.65,17008.9,16984.2,16987.55,0
2025-05-29 14:15:00,16987.55,17068.15,16985.65,17065.95,0
2025-05-29 15:15:00,17065.95,17077.0,17058.7,17065.95,0
2025-05-30 09:15:00,17043.2,17087.75,17026.1,17040.9,0
2025-05-30 10:15:00,17040.9,17041.35,16991.85,17006.0,0
2025-05-30 11:15:00,17004.85,17020.0,16981.8,16988.95,0
2025-05-30 12:15:00,16988.95,17006.8,16984.0,16991.25,0
2025-05-30 13:15:00,16991.25,17006.1,16979.05,16987.6,0
2025-05-30 14:15:00,16987.4,17001.85,16935.65,16938.85,0
2025-05-30 15:15:00,16938.85,16966.5,16938.05,16944.3,0
2025-06-02 09:15:00,16930.5,16955.9,16890.8,16903.6,0
2025-06-02 10:15:00,16903.75,16925.15,16886.35,16923.4,0
2025-06-02 11:15:00,16923.4,16934.55,16889.2,16912.6,0
2025-06-02 12:15:00,16912.6,16946.55,16909.9,16934.25,0
2025-06-02 13:15:00,16933.85,16950.1,16919.55,16923.6,0
2025-06-02 14:15:00,16923.8,16966.05,16901.75,16946.85,0
2025-06-02 15:15:00,16946.9,16948.5,16928.3,16940.05,0
2025-06-03 09:15:00,17001.65,17037.2,16886.85,16924.35,0
2025-06-03 10:15:00,16924.35,16970.0,16881.85,16882.75,0
2025-06-03 11:15:00,16882.5,16922.1,16872.2,16893.6,0
2025-06-03 12:15:00,16893.75,16918.55,16842.6,16871.6,0
2025-06-03 13:15:00,16871.6,16908.1,16861.7,16907.2,0
2025-06-03 14:15:00,16907.2,16917.35,16876.75,16884.5,0
2025-06-03 15:15:00,16884.5,16892.45,16874.5,16881.6,0
2025-06-04 09:15:00,16883.95,16944.45,16876.0,16894.75,0
2025-06-04 10:15:00,16894.75,16929.8,16885.6,16923.65,0
2025-06-04 11:15:00,16923.5,16937.25,16917.25,16936.9,0
2025-06-04 12:15:00,16936.9,16947.1,16922.75,16939.8,0
2025-06-04 13:15:00,16939.8,16945.4,16926.95,16936.55,0
2025-06-04 14:15:00,16936.55,16943.45,16915.3,16922.3,0
2025-06-04 15:15:00,16922.4,16926.6,16911.6,16920.3,0
2025-06-05 09:15:00,16965.2,16997.6,16909.35,16961.45,0
2025-06-05 10:15:00,16961.45,16974.7,16947.4,16974.35,0
2025-06-05 11:15:00,16974.35,17031.55,16963.95,17022.2,0
2025-06-05 12:15:00,17023.35,17037.45,16986.1,16986.25,0
2025-06-05 13:15:00,16987.05,16994.0,16933.6,16942.3,0
2025-06-05 14:15:00,16942.4,16974.05,16923.95,16966.55,0
2025-06-05 15:15:00,16966.65,16976.1,16956.05,16960.8,0
2025-06-06 09:15:00,16992.45,17024.65,16942.55,16990.05,0
2025-06-06 10:15:00,16990.25,17064.9,16981.3,17054.15,0
2025-06-06 11:15:00,17054.15,17073.75,17039.95,17049.95,0
2025-06-06 12:15:00,17049.95,17063.65,17041.2,17059.35,0
2025-06-06 13:15:00,17059.35,17079.55,17056.7,17070.6,0
2025-06-06 14:15:00,17070.55,17097.7,17070.5,17092.85,0
2025-06-06 15:15:00,17093.15,17104.45,17091.5,17096.85,0
2025-06-09 09:15:00,17166.9,17183.3,17114.85,17121.7,0
2025-06-09 10:15:00,17121.75,17159.2,17120.25,17153.9,0
2025-06-09 11:15:00,17153.75,17171.95,17150.9,17161.7,0
2025-06-09 12:15:00,17161.7,17182.6,17160.85,17180.05,0
2025-06-09 13:15:00,17180.05,17192.85,17177.15,17185.45,0
2025-06-09 14:15:00,17185.45,17193.25,17180.7,17191.25,0
2025-06-09 15:15:00,17191.1,17200.55,17188.9,17194.45,0
2025-06-10 09:15:00,17247.3,17255.25,17172.35,17236.0,0
2025-06-10 10:15:00,17236.55,17244.15,17214.2,17233.55,0
2025-06-10 11:15:00,17233.0,17261.75,17228.95,17253.1,0
2025-06-10 12:15:00,17253.75,17259.25,17244.25,17251.6,0
2025-06-10 13:15:00,17252.35,17267.35,17249.75,17257.0,0
2025-06-10 14:15:00,17257.15,17258.1,17224.8,17234.95,0
2025-06-10 15:15:00,17234.95,17237.4,17224.0,17226.75,0
2025-06-11 09:15:00,17210.7,17231.55,17188.65,17212.9,0
2025-06-11 10:15:00,17212.9,17230.3,17200.9,17228.0,0
2025-06-11 11:15:00,17228.0,17246.05,17224.4,17241.9,0
2025-06-11 12:15:00,17241.9,17250.65,17225.95,17247.15,0
2025-06-11 13:15:00,17247.15,17247.15,17200.4,17213.75,0
2025-06-11 14:15:00,17213.75,17230.95,17212.75,17224.45,0
2025-06-11 15:15:00,17223.85,17224.4,17208.8,17214.25,0
2025-06-12 09:15:00,17251.45,17258.7,17185.85,17201.95,0
2025-06-12 10:15:00,17201.5,17220.5,17173.3,17180.75,0
2025-06-12 11:15:00,17180.35,17206.95,17144.25,17157.5,0
2025-06-12 12:15:00,17157.1,17186.95,17151.85,17166.65,0
2025-06-12 13:15:00,17166.65,17168.35,17024.2,17038.95,0
2025-06-12 14:15:00,17038.95,17081.25,17037.35,17062.45,0
2025-06-12 15:15:00,17062.55,17062.95,17037.0,17038.65,0
2025-06-13 09:15:00,16795.8,16903.65,16794.4,16898.65,0
2025-06-13 10:15:00,16898.65,16930.35,16886.25,16901.3,0
2025-06-13 11:15:00,16901.3,16953.1,16896.75,16943.25,0
2025-06-13 12:15:00,16943.25,16962.35,16928.5,16938.95,0
2025-06-13 13:15:00,16939.45,16972.65,16936.05,16958.2,0
2025-06-13 14:15:00,16958.0,16987.8,16934.4,16985.35,0
2025-06-13 15:15:00,16985.35,16994.05,16971.85,16984.8,0
2025-06-16 09:15:00,16959.7,17041.25,16938.05,17014.6,0
2025-06-16 10:15:00,17014.3,17086.85,17012.65,17081.8,0
2025-06-16 11:15:00,17081.75,17088.95,17068.0,17082.7,0
2025-06-16 12:15:00,17082.7,17105.65,17071.4,17098.85,0
2025-06-16 13:15:00,17098.85,17130.15,17097.6,17125.6,0
2025-06-16 14:15:00,17125.35,17127.45,17105.35,17116.5,0
2025-06-16 15:15:00,17116.5,17120.75,17106.55,17115.1,0
2025-06-17 09:15:00,17103.2,17123.35,17065.75,17081.3,0
2025-06-17 10:15:00,17081.3,17108.1,17080.1,17091.1,0
2025-06-17 11:15:00,17091.1,17100.3,17070.05,17073.35,0
2025-06-17 12:15:00,17072.75,17081.65,17040.1,17067.95,0
2025-06-17 13:15:00,17067.95,17089.3,17053.65,17086.8,0
2025-06-17 14:15:00,17086.85,17088.35,17048.4,17067.8,0
2025-06-17 15:15:00,17067.85,17067.85,17050.25,17055.75,0
2025-06-18 09:15:00,17026.7,17140.8,17012.6,17104.9,0
2025-06-18 10:15:00,17104.9,17117.35,17034.7,17043.3,0
2025-06-18 11:15:00,17043.3,17043.75,16990.25,17018.35,0
2025-06-18 12:15:00,17018.35,17019.25,16984.05,17007.2,0
2025-06-18 13:15:00,17008.0,17012.45,16989.55,17002.5,0
2025-06-18 14:15:00,17001.9,17022.75,16983.65,17017.9,0
2025-06-18 15:15:00,17017.95,17021.15,17001.05,17005.75,0
2025-06-19 09:15:00,17020.7,17047.15,16985.95,17016.35,0
2025-06-19 10:15:00,17016.35,17023.45,16986.45,16996.2,0
2025-06-19 11:15:00,16996.2,17013.75,16990.55,17011.85,0
2025-06-19 12:15:00,17012.1,17015.45,16977.85,16989.25,0
2025-06-19 13:15:00,16988.8,17013.2,16981.9,17004.3,0
2025-06-19 14:15:00,17004.65,17009.2,16970.25,16978.3,0
2025-06-19 15:15:00,16978.3,16984.8,16946.3,16949.5,0
2025-06-20 09:15:00,16991.05,17036.55,16954.0,16992.4,0
2025-06-20 10:15:00,16992.4,17034.85,16992.0,17008.75,0
2025-06-20 11:15:00,17009.0,17053.3,17001.2,17049.05,0
2025-06-20 12:15:00,17049.05,17051.5,17005.6,17041.4,0
2025-06-20 13:15:00,17041.9,17065.85,17040.85,17046.4,0
2025-06-20 14:15:00,17046.25,17084.0,17042.2,17074.05,0
2025-06-20 15:15:00,17073.9,17090.9,17050.4,17052.35,0
2025-06-23 09:15:00,16986.5,17003.15,16890.3,16915.7,0
2025-06-23 10:15:00,16916.4,16968.75,16909.05,16965.9,0
2025-06-23 11:15:00,16966.25,16989.25,16963.45,16975.65,0
2025-06-23 12:15:00,16975.65,16989.25,16971.15,16989.25,0
2025-06-23 13:15:00,16989.25,17025.4,16988.85,17006.4,0
2025-06-23 14:15:00,17006.4,17009.5,16983.7,16991.95,0
2025-06-23 15:15:00,16992.0,16994.0,16971.5,16973.05,0
2025-06-24 09:15:00,17125.05,17154.2,17069.4,17144.1,0
2025-06-24 10:15:00,17144.1,17170.0,17117.55,17158.7,0
2025-06-24 11:15:00,17158.7,17200.1,17153.8,17196.35,0
2025-06-24 12:15:00,17196.35,17199.6,17138.35,17152.7,0
2025-06-24 13:15:00,17152.8,17160.55,17056.4,17080.85,0
2025-06-24 14:15:00,17079.65,17108.35,17070.0,17084.15,0
2025-06-24 15:15:00,17084.1,17104.3,17081.3,17095.8,0
2025-06-25 09:15:00,17143.6,17211.9,17125.7,17191.65,0
2025-06-25 10:15:00,17191.7,17231.05,17191.7,17223.95,0
2025-06-25 11:15:00,17223.95,17225.55,17194.15,17195.7,0
2025-06-25 12:15:00,17195.75,17223.6,17189.6,17222.55,0
2025-06-25 13:15:00,17222.4,17228.6,17199.65,17211.75,0
2025-06-25 14:15:00,17211.75,17214.65,17184.2,17205.55,0
2025-06-25 15:15:00,17206.05,17206.55,17180.3,17185.7,0
2025-06-26 09:15:00,17207.9,17233.1,17188.5,17200.3,0
2025-06-26 10:15:00,17200.8,17205.55,17143.1,17183.75,0
2025-06-26 11:15:00,17183.75,17190.0,17152.45,17178.3,0
2025-06-26 12:15:00,17179.0,17200.05,17156.55,17197.9,0
2025-06-26 13:15:00,17197.9,17246.2,17189.4,17238.35,0
2025-06-26 14:15:00,17237.4,17272.9,17228.25,17266.8,0
2025-06-26 15:15:00,17268.15,17282.7,17256.35,17259.4,0
2025-06-27 09:15:00,17302.6,17315.0,17260.25,17288.1,0
2025-06-27 10:15:00,17287.9,17303.15,17266.25,17298.95,0
2025-06-27 11:15:00,17298.9,17318.3,17288.3,17314.9,0
2025-06-27 12:15:00,17314.9,17328.75,17301.75,17304.45,0
2025-06-27 13:15:00,17303.95,17316.85,17291.45,17313.65,0
2025-06-27 14:15:00,17313.65,17326.05,17295.15,17318.4,0
2025-06-27 15:15:00,17318.4,17331.6,17315.6,17323.7,0
2025-06-30 09:15:00,17334.1,17350.0,17224.05,17235.7,0
2025-06-30 10:15:00,17235.7,17245.25,17209.8,17225.65,0
2025-06-30 11:15:00,17226.4,17237.65,17221.65,17233.15,0
2025-06-30 12:15:00,17232.8,17241.1,17193.6,17201.05,0
2025-06-30 13:15:00,17201.05,17215.65,17192.8,17212.8,0
2025-06-30 14:15:00,17212.8,17232.4,17206.45,17228.4,0
2025-06-30 15:15:00,17228.4,17233.05,17216.3,17216.45,0
2025-07-01 09:15:00,17259.6,17277.35,17222.15,17230.35,0
2025-07-01 10:15:00,17230.75,17239.0,17165.5,17177.6,0
2025-07-01 11:15:00,17177.65,17191.2,17154.0,17163.25,0
2025-07-01 12:15:00,17163.7,17172.2,17138.45,17149.35,0
2025-07-01 13:15:00,17149.35,17155.55,17130.4,17146.5,0
2025-07-01 14:15:00,17146.5,17158.15,17122.55,17153.9,0
2025-07-01 15:15:00,17153.9,17164.5,17148.65,17155.8,0
2025-07-02 09:15:00,17152.75,17173.55,17123.0,17135.1,0
2025-07-02 10:15:00,17135.55,17141.6,17117.7,17132.05,0
2025-07-02 11:15:00,17132.1,17150.0,17127.65,17147.35,0
2025-07-02 12:15:00,17147.6,17167.95,17147.35,17150.25,0
2025-07-02 13:15:00,17150.25,17150.9,17098.45,17125.95,0
2025-07-02 14:15:00,17125.95,17159.35,17105.35,17155.15,0
2025-07-02 15:15:00,17155.15,17156.25,17144.4,17147.1,0
2025-07-03 09:15:00,17187.15,17255.7,17168.95,17252.55,0
2025-07-03 10:15:00,17252.55,17273.2,17245.3,17270.85,0
2025-07-03 11:15:00,17271.35,17282.7,17239.45,17269.75,0
2025-07-03 12:15:00,17269.75,17295.5,17260.25,17271.6,0
2025-07-03 13:15:00,17271.6,17310.85,17252.2,17265.45,0
2025-07-03 14:15:00,17265.35,17267.85,17216.4,17232.2,0
2025-07-03 15:15:00,17232.2,17235.15,17225.85,17232.45,0
2025-07-04 09:15:00,17282.1,17290.7,17239.75,17271.95,0
2025-07-04 10:15:00,17271.85,17283.15,17259.7,17274.5,0
2025-07-04 11:15:00,17274.5,17274.75,17229.95,17252.05,0
2025-07-04 12:15:00,17251.6,17258.6,17238.85,17253.8,0
2025-07-04 13:15:00,17253.4,17262.35,17246.3,17247.45,0
2025-07-04 14:15:00,17247.45,17297.75,17243.9,17293.05,0
2025-07-04 15:15:00,17293.15,17297.1,17281.7,17293.3,0
2025-07-07 09:15:00,17303.55,17366.2,17295.05,17332.5,0
2025-07-07 10:15:00,17332.5,17358.0,17330.2,17355.55,0
2025-07-07 11:15:00,17355.55,17359.55,17327.65,17332.75,0
2025-07-07 12:15:00,17332.75,17337.65,17301.1,17320.75,0
2025-07-07 13:15:00,17320.75,17328.1,17310.5,17316.75,0
2025-07-07 14:15:00,17317.05,17345.45,17305.35,17344.0,0
2025-07-07 15:15:00,17344.35,17349.75,17335.7,17339.35,0
2025-07-08 09:15:00,17342.25,17362.95,17296.35,17301.95,0
2025-07-08 10:15:00,17302.25,17306.0,17253.85,17261.1,0
2025-07-08 11:15:00,17261.1,17284.8,17255.3,17280.4,0
2025-07-08 12:15:00,17279.8,17310.3,17279.3,17296.65,0
2025-07-08 13:15:00,17296.65,17298.4,17268.3,17278.5,0
2025-07-08 14:15:00,17278.25,17324.1,17272.65,17322.45,0
2025-07-08 15:15:00,17321.9,17322.85,17312.3,17315.25,0
2025-07-09 09:15:00,17319.05,17346.35,17305.55,17341.45,0
2025-07-09 10:15:00,17341.45,17351.3,17317.65,17329.8,0
2025-07-09 11:15:00,17329.8,17354.55,17321.85,17352.2,0
2025-07-09 12:15:00,17351.9,17354.1,17319.05,17337.3,0
2025-07-09 13:15:00,17337.3,17348.35,17334.3,17344.25,0
2025-07-09 14:15:00,17344.25,17349.2,17315.3,17346.05,0
2025-07-09 15:15:00,17346.05,17349.45,17337.35,17339.55,0
2025-07-10 09:15:00,17357.9,17368.55,17262.95,17279.2,0
2025-07-10 10:15:00,17278.75,17285.35,17258.35,17284.65,0
2025-07-10 11:15:00,17284.65,17286.45,17256.0,17262.45,0
2025-07-10 12:15:00,17262.45,17293.7,17260.45,17276.35,0
2025-07-10 13:15:00,17276.4,17298.4,17260.7,17279.85,0
2025-07-10 14:15:00,17280.15,17299.2,17254.75,17269.55,0
2025-07-10 15:15:00,17269.55,17270.0,17255.0,17260.2,0
2025-07-11 09:15:00,17242.3,17306.45,17214.35,17280.8,0
2025-07-11 10:15:00,17280.8,17281.6,17203.15,17221.95,0
2025-07-11 11:15:00,17222.4,17230.35,17200.8,17216.6,0
2025-07-11 12:15:00,17216.65,17219.8,17164.95,17173.05,0
2025-07-11 13:15:00,17172.9,17188.8,17149.05,17177.5,0
2025-07-11 14:15:00,17176.95,17196.0,17164.0,17164.4,0
2025-07-11 15:15:00,17164.3,17164.45,17137.3,17153.9,0
2025-07-14 09:15:00,17210.55,17210.55,17095.05,17136.75,0
2025-07-14 10:15:00,17138.0,17145.25,17112.6,17114.8,0
2025-07-14 11:15:00,17115.1,17121.95,17086.75,17115.2,0
2025-07-14 12:15:00,17115.2,17120.0,17094.05,17111.1,0
2025-07-14 13:15:00,17111.1,17122.3,17084.15,17116.35,0
2025-07-14 14:15:00,17116.35,17147.3,17108.95,17134.05,0
2025-07-14 15:15:00,17134.05,17138.8,17128.9,17132.4,0
2025-07-15 09:15:00,17152.7,17198.85,17138.6,17172.45,0
2025-07-15 10:15:00,17172.45,17249.65,17154.8,17242.05,0
2025-07-15 11:15:00,17242.05,17256.75,17233.05,17247.95,0
2025-07-15 12:15:00,17247.95,17266.55,17235.7,17258.95,0
2025-07-15 13:15:00,17258.65,17262.35,17234.7,17241.9,0
2025-07-15 14:15:00,17242.3,17277.25,17240.45,17276.45,0
2025-07-15 15:15:00,17276.45,17288.9,17273.4,17279.1,0
2025-07-16 09:15:00,17273.25,17277.1,17204.75,17206.55,0
2025-07-16 10:15:00,17206.55,17227.85,17196.8,17226.85,0
2025-07-16 11:15:00,17226.85,17263.0,17214.55,17239.8,0
2025-07-16 12:15:00,17239.55,17261.65,17227.95,17252.6,0
2025-07-16 13:15:00,17252.7,17277.0,17240.95,17272.2,0
2025-07-16 14:15:00,17272.6,17275.15,17248.4,17248.4,0
2025-07-16 15:15:00,17248.85,17251.35,17226.6,17233.3,0
2025-07-17 09:15:00,17257.1,17289.7,17242.25,17255.7,0
2025-07-17 10:15:00,17255.8,17281.5,17243.2,17265.0,0
2025-07-17 11:15:00,17265.45,17280.25,17258.65,17270.9,0
2025-07-17 12:15:00,17271.05,17294.6,17260.2,17262.95,0
2025-07-17 13:15:00,17262.95,17276.45,17252.4,17259.65,0
2025-07-17 14:15:00,17259.3,17264.6,17231.35,17232.7,0
2025-07-17 15:15:00,17232.7,17233.7,17216.45,17218.35,0
2025-07-18 09:15:00,17253.5,17256.4,17151.25,17155.2,0
2025-07-18 10:15:00,17155.65,17155.65,17099.45,17122.6,0
2025-07-18 11:15:00,17122.85,17142.1,17118.0,17131.4,0
2025-07-18 12:15:00,17131.4,17153.35,17118.3,17132.65,0
2025-07-18 13:15:00,17132.65,17145.15,17123.5,17135.9,0
2025-07-18 14:15:00,17136.1,17155.3,17128.25,17136.95,0
2025-07-18 15:15:00,17136.8,17138.0,17125.6,17127.9,0
2025-07-21 09:15:00,17135.35,17166.2,17070.65,17151.15,0
2025-07-21 10:15:00,17151.15,17159.8,17139.0,17147.55,0
2025-07-21 11:15:00,17147.55,17150.75,17100.45,17143.1,0
2025-07-21 12:15:00,17143.1,17151.5,17126.65,17130.95,0
2025-07-21 13:15:00,17130.75,17135.95,17092.0,17112.95,0
2025-07-21 14:15:00,17112.95,17136.8,17096.25,17136.15,0
2025-07-21 15:15:00,17136.15,17145.0,17133.2,17136.35,0
2025-07-22 09:15:00,17156.8,17170.3,17066.1,17083.1,0
2025-07-22 10:15:00,17083.1,17099.8,17059.55,17069.3,0
2025-07-22 11:15:00,17069.65,17072.1,17035.25,17050.95,0
2025-07-22 12:15:00,17050.85,17084.55,17049.25,17068.7,0
2025-07-22 13:15:00,17069.0,17086.45,17063.45,17076.8,0
2025-07-22 14:15:00,17076.6,17078.15,17047.45,17055.65,0
2025-07-22 15:15:00,17055.65,17066.85,17052.55,17061.0,0
2025-07-23 09:15:00,17089.8,17105.7,17024.0,17042.2,0
2025-07-23 10:15:00,17042.35,17049.85,17024.95,17029.1,0
2025-07-23 11:15:00,17028.75,17058.4,17011.95,17050.0,0
2025-07-23 12:15:00,17050.2,17066.55,17048.65,17051.5,0
2025-07-23 13:15:00,17051.5,17069.15,17047.5,17069.15,0
2025-07-23 14:15:00,17069.95,17108.3,17065.2,17103.45,0
2025-07-23 15:15:00,17103.45,17110.35,17093.95,17095.6,0
2025-07-24 09:15:00,17111.75,17124.6,17042.1,17048.15,0
2025-07-24 10:15:00,17048.35,17064.6,17032.15,17035.85,0
2025-07-24 11:15:00,17035.95,17047.45,16935.75,16953.15,0
2025-07-24 12:15:00,16953.15,16978.8,16940.1,16962.4,0
2025-07-24 13:15:00,16962.4,16970.35,16938.45,16965.8,0
2025-07-24 14:15:00,16966.1,16966.75,16940.2,16960.95,0
2025-07-24 15:15:00,16960.95,16962.15,16941.6,16943.0,0
2025-07-25 09:15:00,16938.15,16938.4,16844.6,16844.6,0
2025-07-25 10:15:00,16845.1,16845.1,16815.9,16837.55,0
2025-07-25 11:15:00,16837.55,16859.7,16806.05,16812.65,0
2025-07-25 12:15:00,16812.6,16835.1,16788.55,16817.85,0
2025-07-25 13:15:00,16818.25,16845.75,16809.1,16827.3,0
2025-07-25 14:15:00,16827.3,16842.25,16787.9,16825.4,0
2025-07-25 15:15:00,16825.4,16825.85,16812.75,16822.6,0
2025-07-28 09:15:00,16762.75,16852.6,16749.15,16851.15,0
2025-07-28 10:15:00,16851.15,16887.65,16823.7,16852.05,0
2025-07-28 11:15:00,16852.05,16855.35,16819.85,16820.85,0
2025-07-28 12:15:00,16820.85,16826.5,16753.0,16756.8,0
2025-07-28 13:15:00,16756.8,16768.5,16738.8,16753.45,0
2025-07-28 14:15:00,16753.3,16789.85,16748.35,16777.45,0
2025-07-28 15:15:00,16777.75,16783.5,16762.6,16765.2,0
2025-07-29 09:15:00,16744.35,16809.8,16742.55,16753.4,0
2025-07-29 10:15:00,16753.45,16763.2,16727.2,16749.6,0
2025-07-29 11:15:00,16749.6,16779.35,16748.35,16773.9,0
2025-07-29 12:15:00,16773.9,16824.1,16770.3,16821.7,0
2025-07-29 13:15:00,16822.1,16860.15,16800.65,16854.95,0
2025-07-29 14:15:00,16854.95,16882.5,16845.85,16865.1,0
2025-07-29 15:15:00,16865.1,16888.55,16865.0,16885.1,0
2025-07-30 09:15:00,16882.6,16892.45,16828.8,16878.85,0
2025-07-30 10:15:00,16878.35,16903.25,16851.55,16890.65,0
2025-07-30 11:15:00,16890.65,16914.55,16883.3,16896.2,0
2025-07-30 12:15:00,16896.2,16920.1,16891.95,16905.35,0
2025-07-30 13:15:00,16905.35,16908.35,16878.4,16894.1,0
2025-07-30 14:15:00,16894.1,16913.25,16890.4,16910.3,0
2025-07-30 15:15:00,16910.3,16913.05,16898.55,16906.25,0
2025-07-31 09:15:00,16783.7,16853.0,16770.15,16828.9,0
2025-07-31 10:15:00,16828.9,16901.65,16819.8,16883.3,0
2025-07-31 11:15:00,16883.1,16923.1,16878.7,16914.05,0
2025-07-31 12:15:00,16914.05,16977.6,16911.0,16963.3,0
2025-07-31 13:15:00,16963.45,17017.85,16960.85,17003.9,0
2025-07-31 14:15:00,17003.35,17004.85,16901.35,16907.8,0
2025-07-31 15:15:00,16907.95,16911.45,16894.6,16894.85,0
2025-08-01 09:15:00,16891.0,16980.3,16874.55,16926.35,0
2025-08-01 10:15:00,16926.35,16947.15,16892.3,16894.9,0
2025-08-01 11:15:00,16894.9,16900.3,16834.95,16841.2,0
2025-08-01 12:15:00,16841.2,16869.2,16819.45,16863.75,0
2025-08-01 13:15:00,16863.75,16877.4,16841.0,16849.45,0
2025-08-01 14:15:00,16849.45,16854.2,16793.3,16795.05,0
2025-08-01 15:15:00,16795.05,16806.95,16787.45,16800.25,0
2025-08-04 09:15:00,16826.9,16887.35,16797.25,16848.1,0
2025-08-04 10:15:00,16848.5,16873.95,16831.35,16868.65,0
2025-08-04 11:15:00,16868.65,16901.15,16865.9,16896.15,0
2025-08-04 12:15:00,16895.7,16912.9,16882.3,16895.45,0
2025-08-04 13:15:00,16895.45,16915.15,16860.1,16906.2,0
2025-08-04 14:15:00,16906.15,16937.05,16906.15,16931.95,0
2025-08-04 15:15:00,16932.25,16937.35,16921.4,16927.3,0
2025-08-05 09:15:00,16947.9,16950.7,16815.9,16820.3,0
2025-08-05 10:15:00,16820.3,16849.55,16809.95,16838.8,0
2025-08-05 11:15:00,16838.25,16865.45,16834.25,16858.7,0
2025-08-05 12:15:00,16858.6,16864.8,16829.1,16843.9,0
2025-08-05 13:15:00,16843.9,16846.65,16813.35,16826.05,0
2025-08-05 14:15:00,16826.05,16870.95,16814.7,16869.15,0
2025-08-05 15:15:00,16868.95,16873.8,16852.4,16860.7,0
2025-08-06 09:15:00,16857.9,16861.8,16740.7,16758.75,0
2025-08-06 10:15:00,16758.95,16783.65,16711.3,16718.05,0
2025-08-06 11:15:00,16717.9,16751.05,16709.55,16728.2,0
2025-08-06 12:15:00,16727.6,16743.65,16714.55,16740.7,0
2025-08-06 13:15:00,16740.7,16749.9,16711.1,16712.3,0
2025-08-06 14:15:00,16712.3,16722.05,16686.35,16717.65,0
2025-08-06 15:15:00,16717.65,16722.6,16702.4,16703.2,0
2025-08-07 09:15:00,16650.7,16752.95,16646.45,16707.5,0
2025-08-07 10:15:00,16707.55,16721.3,16652.25,16654.95,0
2025-08-07 11:15:00,16654.45,16667.85,16638.7,16665.25,0
2025-08-07 12:15:00,16665.35,16671.45,16638.4,16640.9,0
2025-08-07 13:15:00,16640.8,16674.25,16615.9,16664.45,0
2025-08-07 14:15:00,16664.45,16773.65,16664.35,16770.75,0
2025-08-07 15:15:00,16770.75,16794.3,16769.55,16781.85,0
2025-08-08 09:15:00,16773.2,16797.05,16683.3,16687.1,0
2025-08-08 10:15:00,16687.35,16717.0,16677.05,16702.75,0
2025-08-08 11:15:00,16702.75,16716.5,16692.45,16704.15,0
2025-08-08 12:15:00,16704.25,16732.1,16697.4,16709.5,0
2025-08-08 13:15:00,16708.7,16726.95,16670.7,16685.2,0
2025-08-08 14:15:00,16685.2,16697.2,16633.55,16634.15,0
2025-08-08 15:15:00,16634.15,16645.5,16630.85,16644.55,0
2025-08-11 09:15:00,16640.3,16650.85,16554.55,16614.8,0
2025-08-11 10:15:00,16614.75,16665.15,16606.5,16650.15,0
2025-08-11 11:15:00,16650.15,16686.25,16635.2,16661.9,0
2025-08-11 12:15:00,16661.9,16705.95,16650.45,16685.3,0
2025-08-11 13:15:00,16685.3,16715.3,16683.45,16710.3,0
2025-08-11 14:15:00,16710.65,16735.7,16704.85,16719.55,0
2025-08-11 15:15:00,16719.55,16748.9,16695.65,16709.0,0
2025-08-12 09:15:00,16730.5,16798.2,16704.1,16778.05,0
2025-08-12 10:15:00,16777.85,16791.4,16716.1,16717.55,0
2025-08-12 11:15:00,16717.75,16740.75,16716.0,16724.65,0
2025-08-12 12:15:00,16724.9,16749.3,16720.55,16732.1,0
2025-08-12 13:15:00,16732.1,16751.1,16711.1,16714.0,0
2025-08-12 14:15:00,16714.0,16721.6,16665.25,16677.95,0
2025-08-12 15:15:00,16678.6,16689.15,16671.0,16682.6,0
2025-08-13 09:15:00,16709.2,16744.3,16676.3,16705.15,0
2025-08-13 10:15:00,16705.15,16720.85,16693.85,16718.55,0
2025-08-13 11:15:00,16718.55,16724.45,16673.25,16703.8,0
2025-08-13 12:15:00,16703.8,16750.7,16697.0,16733.75,0
2025-08-13 13:15:00,16733.3,16760.8,16725.0,16758.25,0
2025-08-13 14:15:00,16758.85,16769.05,16745.1,16749.65,0
2025-08-13 15:15:00,16749.25,16754.1,16743.8,16748.3,0
2025-08-14 09:15:00,16766.75,16806.0,16753.4,16761.8,0
2025-08-14 10:15:00,16761.8,16787.8,16757.5,16776.3,0
2025-08-14 11:15:00,16776.9,16779.75,16757.25,16757.8,0
2025-08-14 12:15:00,16758.35,16783.85,16753.85,16770.55,0
2025-08-14 13:15:00,16770.55,16777.35,16746.9,16750.95,0
2025-08-14 14:15:00,16750.85,16760.7,16721.15,16738.15,0
2025-08-14 15:15:00,16738.05,16740.1,16719.7,16719.7,0
2025-08-18 09:15:00,17002.6,17117.95,16989.55,17093.05,0
2025-08-18 10:15:00,17093.05,17104.0,17076.65,17102.65,0
2025-08-18 11:15:00,17102.45,17111.9,17040.0,17040.95,0
2025-08-18 12:15:00,17040.95,17098.15,17033.95,17095.35,0
2025-08-18 13:15:00,17095.1,17102.0,17068.5,17081.1,0
2025-08-18 14:15:00,17081.1,17091.2,17044.4,17045.6,0
2025-08-18 15:15:00,17045.6,17058.7,17043.9,17051.85,0
2025-08-19 09:15:00,17059.75,17070.8,17009.2,17065.1,0
2025-08-19 10:15:00,17065.15,17083.15,17055.8,17076.4,0
2025-08-19 11:15:00,17076.2,17111.4,17071.95,17109.6,0
2025-08-19 12:15:00,17109.6,17139.0,17108.35,17137.1,0
2025-08-19 13:15:00,17137.1,17152.8,17119.1,17128.0,0
2025-08-19 14:15:00,17127.85,17162.65,17121.3,17154.3,0
2025-08-19 15:15:00,17154.3,17173.25,17152.4,17170.45,0
2025-08-20 09:15:00,17150.15,17205.15,17125.25,17203.9,0
2025-08-20 10:15:00,17203.9,17251.9,17200.85,17247.95,0
2025-08-20 11:15:00,17247.95,17277.15,17239.45,17268.6,0
2025-08-20 12:15:00,17268.15,17296.35,17261.65,17292.7,0
2025-08-20 13:15:00,17292.6,17318.9,17284.55,17310.75,0
2025-08-20 14:15:00,17310.85,17324.7,17305.55,17307.8,0
2025-08-20 15:15:00,17308.45,17316.1,17303.75,17314.95,0
2025-08-21 09:15:00,17346.2,17347.05,17232.3,17270.15,0
2025-08-21 10:15:00,17270.2,17317.35,17269.85,17301.1,0
2025-08-21 11:15:00,17301.0,17314.5,17287.3,17297.05,0
2025-08-21 12:15:00,17296.95,17306.25,17281.95,17301.25,0
2025-08-21 13:15:00,17301.25,17318.1,17271.0,17317.8,0
2025-08-21 14:15:00,17317.8,17333.1,17289.35,17298.6,0
2025-08-21 15:15:00,17298.6,17298.8,17287.8,17292.65,0
2025-08-22 09:15:00,17288.85,17308.05,17187.75,17194.5,0
2025-08-22 10:15:00,17194.85,17195.15,17163.45,17175.85,0
2025-08-22 11:15:00,17176.2,17197.35,17171.15,17189.25,0
2025-08-22 12:15:00,17189.25,17192.4,17174.8,17184.15,0
2025-08-22 13:15:00,17184.0,17199.9,17182.0,17187.1,0
2025-08-22 14:15:00,17186.6,17187.55,17146.25,17148.5,0
2025-08-22 15:15:00,17148.5,17154.9,17142.0,17149.95,0
2025-08-25 09:15:00,17198.85,17230.2,17170.55,17226.3,0
2025-08-25 10:15:00,17226.3,17260.45,17214.2,17253.35,0
2025-08-25 11:15:00,17253.35,17258.0,17235.8,17252.55,0
2025-08-25 12:15:00,17252.55,17257.3,17244.4,17256.05,0
2025-08-25 13:15:00,17255.95,17258.95,17244.25,17251.3,0
2025-08-25 14:15:00,17251.0,17264.5,17230.45,17231.95,0
2025-08-25 15:15:00,17232.65,17243.05,17231.15,17235.4,0
2025-08-26 09:15:00,17203.45,17229.6,17160.55,17208.2,0
2025-08-26 10:15:00,17209.1,17224.9,17182.05,17222.95,0
2025-08-26 11:15:00,17222.95,17253.6,17222.6,17250.85,0
2025-08-26 12:15:00,17250.75,17270.2,17249.55,17258.9,0
2025-08-26 13:15:00,17258.9,17298.45,17251.2,17272.45,0
2025-08-26 14:15:00,17272.45,17275.4,17191.8,17192.45,0
2025-08-26 15:15:00,17192.85,17209.65,17185.3,17206.55,0
2025-08-28 09:15:00,17249.7,17249.7,17093.2,17110.3,0
2025-08-28 10:15:00,17110.3,17159.05,17102.45,17144.0,0
2025-08-28 11:15:00,17143.8,17168.65,17141.15,17150.1,0
2025-08-28 12:15:00,17150.1,17154.45,17098.65,17108.75,0
2025-08-28 13:15:00,17109.3,17114.3,17084.05,17107.4,0
2025-08-28 14:15:00,17107.35,17112.3,17049.7,17058.35,0
2025-08-28 15:15:00,17058.35,17070.3,17043.35,17066.75,0
2025-08-29 09:15:00,17047.45,17179.7,17043.1,17044.35,0
2025-08-29 10:15:00,17044.35,17134.4,17040.25,17132.0,0
2025-08-29 11:15:00,17132.0,17175.6,17127.3,17166.25,0
2025-08-29 12:15:00,17166.5,17167.4,17141.2,17141.75,0
2025-08-29 13:15:00,17141.7,17168.6,17134.8,17162.55,0
2025-08-29 14:15:00,17162.55,17177.95,17129.55,17129.55,0
2025-08-29 15:15:00,17129.55,17144.35,17119.0,17133.25,0
2025-09-01 09:15:00,17155.5,17223.9,17155.5,17208.4,0
2025-09-01 10:15:00,17208.4,17264.0,17196.2,17263.1,0
2025-09-01 11:15:00,17263.1,17266.85,17234.35,17250.7,0
2025-09-01 12:15:00,17251.3,17281.15,17244.7,17278.4,0
2025-09-01 13:15:00,17278.25,17311.35,17277.05,17308.85,0
2025-09-01 14:15:00,17309.6,17326.1,17298.75,17324.0,0
2025-09-01 15:15:00,17324.0,17328.4,17314.9,17320.45,0
2025-09-02 09:15:00,17343.65,17413.0,17300.2,17407.2,0
2025-09-02 10:15:00,17407.0,17424.05,17400.15,17413.15,0
2025-09-02 11:15:00,17413.15,17444.4,17410.8,17429.5,0
2025-09-02 12:15:00,17429.5,17457.95,17417.65,17431.4,0
2025-09-02 13:15:00,17431.4,17431.7,17340.8,17354.5,0
2025-09-02 14:15:00,17354.1,17394.05,17337.95,17377.15,0
2025-09-02 15:15:00,17377.15,17378.5,17362.8,17366.9,0
2025-09-03 09:15:00,17390.9,17397.8,17338.05,17394.55,0
2025-09-03 10:15:00,17394.55,17395.6,17361.75,17376.9,0
2025-09-03 11:15:00,17377.45,17396.3,17371.55,17394.25,0
2025-09-03 12:15:00,17394.25,17402.6,17374.7,17382.75,0
2025-09-03 13:15:00,17382.75,17393.4,17366.55,17385.45,0
2025-09-03 14:15:00,17385.45,17415.9,17378.9,17411.45,0
2025-09-03 15:15:00,17411.3,17417.1,17401.7,17405.9,0
2025-09-04 09:15:00,17726.25,17726.25,17560.2,17563.75,0
2025-09-04 10:15:00,17563.05,17594.7,17494.0,17503.85,0
2025-09-04 11:15:00,17503.85,17517.95,17490.2,17501.85,0
2025-09-04 12:15:00,17501.9,17531.4,17481.0,17512.55,0
2025-09-04 13:15:00,17512.55,17517.55,17473.7,17484.3,0
2025-09-04 14:15:00,17485.4,17486.4,17436.9,17441.9,0
2025-09-04 15:15:00,17442.25,17463.9,17435.3,17461.1,0
2025-09-05 09:15:00,17487.2,17496.85,17401.5,17404.65,0
2025-09-05 10:15:00,17404.9,17440.15,17371.8,17379.75,0
2025-09-05 11:15:00,17379.6,17381.2,17329.85,17332.8,0
2025-09-05 12:15:00,17332.75,17349.45,17304.55,17348.7,0
2025-09-05 13:15:00,17348.7,17421.9,17348.7,17400.1,0
2025-09-05 14:15:00,17400.1,17410.4,17379.45,17389.4,0
2025-09-05 15:15:00,17389.4,17399.65,17383.8,17389.5,0
2025-09-08 09:15:00,17416.55,17470.7,17349.9,17449.0,0
2025-09-08 10:15:00,17449.0,17455.1,17409.7,17443.95,0
2025-09-08 11:15:00,17444.6,17452.55,17425.45,17451.05,0
2025-09-08 12:15:00,17451.05,17455.4,17435.8,17447.45,0
2025-09-08 13:15:00,17447.75,17449.45,17427.75,17447.65,0
2025-09-08 14:15:00,17448.55,17466.3,17376.15,17382.15,0
2025-09-08 15:15:00,17382.15,17396.0,17376.45,17393.75,0
2025-09-09 09:15:00,17435.65,17459.15,17417.85,17431.85,0
2025-09-09 10:15:00,17431.85,17466.8,17426.75,17456.05,0
2025-09-09 11:15:00,17456.05,17465.45,17440.65,17456.5,0
2025-09-09 12:15:00,17456.5,17479.35,17451.45,17472.5,0
2025-09-09 13:15:00,17472.5,17504.45,17468.75,17498.95,0
2025-09-09 14:15:00,17498.3,17512.75,17483.3,17507.8,0
2025-09-09 15:15:00,17507.8,17528.25,17504.0,17523.1,0
2025-09-10 09:15:00,17566.15,17602.35,17552.35,17586.35,0
2025-09-10 10:15:00,17586.25,17596.85,17565.0,17584.45,0
2025-09-10 11:15:00,17584.35,17585.05,17548.65,17570.0,0
2025-09-10 12:15:00,17570.0,17580.1,17562.15,17563.1,0
2025-09-10 13:15:00,17563.1,17565.45,17546.0,17555.75,0
2025-09-10 14:15:00,17555.75,17578.55,17532.95,17576.45,0
2025-09-10 15:15:00,17576.45,17588.2,17573.55,17575.85,0
2025-09-11 09:15:00,17573.3,17586.1,17525.9,17532.2,0
2025-09-11 10:15:00,17531.8,17548.45,17527.7,17544.1,0
2025-09-11 11:15:00,17544.55,17571.3,17531.4,17563.95,0
2025-09-11 12:15:00,17563.15,17577.2,17556.35,17570.35,0
2025-09-11 13:15:00,17569.8,17590.35,17561.25,17589.1,0
2025-09-11 14:15:00,17589.2,17609.05,17563.85,17571.25,0
2025-09-11 15:15:00,17571.25,17579.6,17563.25,17575.05,0
2025-09-12 09:15:00,17609.05,17617.85,17551.75,17589.3,0
2025-09-12 10:15:00,17589.35,17593.0,17572.25,17590.75,0
2025-09-12 11:15:00,17590.45,17607.1,17578.6,17580.35,0
2025-09-12 12:15:00,17580.35,17586.4,17561.3,17573.05,0
2025-09-12 13:15:00,17573.05,17584.0,17563.6,17569.85,0
2025-09-12 14:15:00,17569.85,17570.8,17550.4,17567.55,0
2025-09-12 15:15:00,17567.55,17572.75,17560.15,17560.65,0
2025-09-15 09:15:00,17570.6,17583.45,17514.85,17525.9,0
2025-09-15 10:15:00,17525.9,17531.9,17503.75,17512.45,0
2025-09-15 11:15:00,17512.45,17534.4,17505.55,17522.2,0
2025-09-15 12:15:00,17522.3,17537.7,17519.15,17524.25,0
2025-09-15 13:15:00,17524.05,17538.9,17503.7,17524.85,0
2025-09-15 14:15:00,17525.35,17548.2,17516.6,17520.7,0
2025-09-15 15:15:00,17520.7,17530.0,17517.75,17528.75,0
2025-09-16 09:15:00,17540.85,17585.65,17527.0,17584.05,0
2025-09-16 10:15:00,17584.05,17593.05,17577.1,17589.5,0
2025-09-16 11:15:00,17589.5,17591.9,17572.45,17581.05,0
2025-09-16 12:15:00,17580.9,17595.8,17574.7,17579.4,0
2025-09-16 13:15:00,17579.3,17581.05,17555.95,17577.2,0
2025-09-16 14:15:00,17577.45,17603.9,17559.45,17601.0,0
2025-09-16 15:15:00,17600.25,17616.7,17596.15,17610.3,0
2025-09-17 09:15:00,17636.4,17650.6,17589.4,17609.8,0
2025-09-17 10:15:00,17609.8,17627.4,17599.4,17623.25,0
2025-09-17 11:15:00,17623.25,17627.3,17597.15,17601.55,0
2025-09-17 12:15:00,17601.55,17623.55,17597.95,17613.55,0
2025-09-17 13:15:00,17613.55,17620.85,17581.4,17583.85,0
2025-09-17 14:15:00,17583.85,17603.3,17572.95,17597.4,0
2025-09-17 15:15:00,17597.4,17610.2,17596.35,17607.45,0
2025-09-18 09:15:00,17661.85,17675.5,17632.4,17654.05,0
2025-09-18 10:15:00,17653.8,17671.7,17653.5,17662.9,0
2025-09-18 11:15:00,17662.9,17663.1,17637.2,17638.4,0
2025-09-18 12:15:00,17638.4,17644.6,17591.35,17595.3,0
2025-09-18 13:15:00,17595.35,17615.25,17588.15,17604.25,0
2025-09-18 14:15:00,17604.2,17650.95,17590.0,17647.9,0
2025-09-18 15:15:00,17648.4,17659.6,17646.3,17650.45,0
2025-09-19 09:15:00,17674.75,17683.3,17571.4,17608.05,0
2025-09-19 10:15:00,17608.05,17609.15,17584.6,17593.8,0
2025-09-19 11:15:00,17593.8,17607.1,17577.85,17583.65,0
2025-09-19 12:15:00,17584.25,17585.65,17568.3,17585.6,0
2025-09-19 13:15:00,17585.05,17598.45,17576.0,17596.95,0
2025-09-19 14:15:00,17596.95,17605.75,17567.4,17571.65,0
2025-09-19 15:15:00,17571.65,17614.3,17569.95,17608.5,0
2025-09-22 09:15:00,17543.75,17570.8,17499.15,17566.8,0
2025-09-22 10:15:00,17566.8,17573.2,17551.15,17556.45,0
2025-09-22 11:15:00,17556.75,17563.65,17537.2,17557.25,0
2025-09-22 12:15:00,17557.25,17573.85,17546.85,17546.95,0
2025-09-22 13:15:00,17546.65,17548.35,17486.55,17494.8,0
2025-09-22 14:15:00,17495.3,17496.5,17417.2,17452.05,0
2025-09-22 15:15:00,17451.45,17460.65,17439.4,17450.4,0
2025-09-23 09:15:00,17486.7,17505.75,17364.5,17377.55,0
2025-09-23 10:15:00,17377.55,17380.55,17326.6,17327.05,0
2025-09-23 11:15:00,17327.25,17371.6,17319.1,17371.0,0
2025-09-23 12:15:00,17371.0,17406.05,17365.55,17366.45,0
2025-09-23 13:15:00,17366.45,17392.95,17360.15,17363.65,0
2025-09-23 14:15:00,17364.85,17380.25,17325.1,17336.25,0
2025-09-23 15:15:00,17336.25,17344.5,17330.9,17340.5,0
2025-09-24 09:15:00,17318.85,17345.0,17262.5,17319.1,0
2025-09-24 10:15:00,17319.05,17335.9,17279.2,17294.85,0
2025-09-24 11:15:00,17295.35,17341.3,17294.45,17337.9,0
2025-09-24 12:15:00,17337.9,17373.3,17330.8,17371.8,0
2025-09-24 13:15:00,17371.35,17384.15,17359.9,17360.9,0
2025-09-24 14:15:00,17360.9,17371.65,17318.7,17327.05,0
2025-09-24 15:15:00,17327.05,17331.95,17319.65,17326.15,0
2025-09-25 09:15:00,17319.95,17356.8,17293.3,17300.15,0
2025-09-25 10:15:00,17299.75,17325.4,17275.45,17308.95,0
2025-09-25 11:15:00,17308.95,17317.55,17262.55,17269.1,0
2025-09-25 12:15:00,17268.75,17283.7,17244.9,17252.6,0
2025-09-25 13:15:00,17252.6,17274.15,17231.85,17245.55,0
2025-09-25 14:15:00,17245.55,17255.85,17185.25,17186.25,0
2025-09-25 15:15:00,17186.65,17208.4,17186.2,17195.75,0
2025-09-26 09:15:00,17129.0,17159.35,17061.1,17081.6,0
2025-09-26 10:15:00,17081.95,17098.1,17067.0,17067.75,0
2025-09-26 11:15:00,17066.5,17070.55,17035.85,17052.05,0
2025-09-26 12:15:00,17051.95,17085.75,17045.05,17061.3,0
2025-09-26 13:15:00,17061.3,17063.05,16997.4,17018.1,0
2025-09-26 14:15:00,17018.1,17021.1,16987.15,16987.8,0
2025-09-26 15:15:00,16987.8,16998.35,16982.4,16998.35,0
2025-09-29 09:15:00,17009.7,17035.9,16944.7,17029.45,0
2025-09-29 10:15:00,17029.7,17046.9,17015.1,17018.1,0
2025-09-29 11:15:00,17018.1,17026.65,16935.95,16942.85,0
2025-09-29 12:15:00,16942.85,16969.4,16923.55,16965.8,0
2025-09-29 13:15:00,16965.2,17004.45,16950.95,16996.9,0
2025-09-29 14:15:00,16996.9,17011.8,16927.45,16941.5,0
2025-09-29 15:15:00,16942.3,16990.6,16929.7,16968.05,0
2025-09-30 09:15:00,16973.85,17038.05,16946.5,16948.0,0
2025-09-30 10:15:00,16948.25,16976.65,16927.25,16972.25,0
2025-09-30 11:15:00,16972.25,16983.9,16957.9,16972.05,0
2025-09-30 12:15:00,16972.05,16994.9,16968.7,16979.4,0
2025-09-30 13:15:00,16979.55,16985.1,16930.55,16944.65,0
2025-09-30 14:15:00,16943.8,16985.95,16919.8,16975.0,0
2025-09-30 15:15:00,16974.9,16994.4,16967.65,16990.3,0
2025-10-01 09:15:00,16992.95,17036.8,16945.85,16956.35,0
2025-10-01 10:15:00,16957.4,16984.3,16943.15,16978.15,0
2025-10-01 11:15:00,16979.25,17029.35,16973.5,17028.65,0
2025-10-01 12:15:00,17028.65,17040.85,17011.25,17038.75,0
2025-10-01 13:15:00,17039.65,17072.4,17025.1,17065.45,0
2025-10-01 14:15:00,17065.75,17109.0,17049.95,17078.55,0
2025-10-01 15:15:00,17078.7,17102.65,17078.5,17099.95,0
2025-10-03 09:15:00,17065.75,17106.55,17003.2,17046.1,0
2025-10-03 10:15:00,17046.2,17065.6,17031.1,17064.75,0
2025-10-03 11:15:00,17064.75,17090.6,17064.25,17080.7,0
2025-10-03 12:15:00,17080.7,17101.35,17070.0,17098.25,0
2025-10-03 13:15:00,17097.95,17106.3,17073.15,17076.2,0
2025-10-03 14:15:00,17076.2,17149.8,17074.45,17141.75,0
2025-10-03 15:15:00,17141.75,17152.35,17137.65,17147.55,0
2025-10-06 09:15:00,17143.25,17158.15,17095.85,17154.5,0
2025-10-06 10:15:00,17154.5,17194.85,17152.45,17194.0,0
2025-10-06 11:15:00,17194.45,17194.9,17161.05,17177.4,0
2025-10-06 12:15:00,17177.0,17202.9,17170.8,17200.4,0
2025-10-06 13:15:00,17200.2,17234.9,17194.0,17223.95,0
2025-10-06 14:15:00,17224.1,17242.7,17209.45,17231.85,0
2025-10-06 15:15:00,17232.05,17247.25,17229.4,17235.75,0
2025-10-07 09:15:00,17252.35,17291.6,17224.75,17267.4,0
2025-10-07 10:15:00,17267.1,17283.75,17254.0,17257.4,0
2025-10-07 11:15:00,17257.4,17257.4,17219.7,17236.55,0
2025-10-07 12:15:00,17236.25,17278.35,17235.1,17277.5,0
2025-10-07 13:15:00,17276.75,17282.15,17252.9,17267.85,0
2025-10-07 14:15:00,17267.85,17271.65,17200.05,17204.6,0
2025-10-07 15:15:00,17204.6,17222.5,17202.45,17218.4,0
2025-10-08 09:15:00,17186.05,17242.9,17178.1,17203.6,0
2025-10-08 10:15:00,17202.5,17204.85,17162.3,17171.7,0
2025-10-08 11:15:00,17171.9,17188.85,17165.75,17182.9,0
2025-10-08 12:15:00,17182.35,17198.3,17163.0,17196.1,0
2025-10-08 13:15:00,17196.3,17206.05,17158.4,17169.1,0
2025-10-08 14:15:00,17168.9,17176.75,17139.25,17143.25,0
2025-10-08 15:15:00,17143.2,17151.9,17129.6,17134.55,0
2025-10-09 09:15:00,17170.65,17189.0,17126.15,17151.25,0
2025-10-09 10:15:00,17151.25,17211.55,17145.15,17206.75,0
2025-10-09 11:15:00,17206.75,17208.3,17174.15,17188.15,0
2025-10-09 12:15:00,17188.15,17212.7,17188.15,17202.25,0
2025-10-09 13:15:00,17202.25,17227.85,17201.55,17211.4,0
2025-10-09 14:15:00,17211.4,17253.95,17205.8,17243.45,0
2025-10-09 15:15:00,17243.2,17247.1,17232.45,17239.4,0
2025-10-10 09:15:00,17246.75,17320.95,17210.8,17304.2,0
2025-10-10 10:15:00,17304.25,17323.55,17275.05,17323.3,0
2025-10-10 11:15:00,17323.3,17344.55,17300.7,17341.75,0
2025-10-10 12:15:00,17341.75,17353.15,17335.45,17343.5,0
2025-10-10 13:15:00,17343.5,17349.75,17318.65,17323.0,0
2025-10-10 14:15:00,17323.0,17349.85,17317.55,17340.4,0
2025-10-10 15:15:00,17341.4,17351.3,17326.85,17329.65,0
2025-10-13 09:15:00,17282.35,17336.65,17273.15,17303.5,0
2025-10-13 10:15:00,17303.5,17303.5,17257.25,17259.95,0
2025-10-13 11:15:00,17260.0,17276.2,17237.7,17260.05,0
2025-10-13 12:15:00,17260.05,17273.15,17245.7,17271.4,0
2025-10-13 13:15:00,17271.4,17276.45,17251.0,17265.85,0
2025-10-13 14:15:00,17265.6,17296.7,17265.15,17278.7,0
2025-10-13 15:15:00,17278.7,17286.65,17272.35,17277.8,0
2025-10-14 09:15:00,17315.05,17323.5,17229.9,17235.3,0
2025-10-14 10:15:00,17235.3,17250.2,17188.0,17202.9,0
2025-10-14 11:15:00,17203.35,17203.5,17165.15,17177.2,0
2025-10-14 12:15:00,17177.2,17185.15,17163.9,17168.0,0
2025-10-14 13:15:00,17168.0,17196.75,17164.8,17172.35,0
2025-10-14 14:15:00,17172.25,17212.75,17161.8,17176.5,0
2025-10-14 15:15:00,17177.7,17181.1,17149.85,17157.35,0
2025-10-15 09:15:00,17199.85,17278.45,17197.9,17264.65,0
2025-10-15 10:15:00,17264.65,17321.25,17263.5,17292.5,0
2025-10-15 11:15:00,17292.5,17309.75,17273.7,17275.0,0
2025-10-15 12:15:00,17275.25,17307.9,17273.95,17286.1,0
2025-10-15 13:15:00,17286.15,17304.15,17278.1,17295.45,0
2025-10-15 14:15:00,17295.0,17305.45,17282.65,17293.0,0
2025-10-15 15:15:00,17292.85,17304.6,17291.3,17295.75,0
2025-10-16 09:15:00,17316.35,17384.75,17315.45,17358.15,0
2025-10-16 10:15:00,17358.15,17375.9,17354.95,17365.25,0
2025-10-16 11:15:00,17365.25,17432.65,17357.3,17430.3,0
2025-10-16 12:15:00,17429.3,17478.8,17418.15,17476.9,0
2025-10-16 13:15:00,17476.75,17501.4,17470.75,17488.45,0
2025-10-16 14:15:00,17489.25,17548.9,17489.1,17523.5,0
2025-10-16 15:15:00,17523.5,17531.0,17519.4,17523.2,0
2025-10-17 09:15:00,17523.65,17623.65,17517.3,17622.2,0
2025-10-17 10:15:00,17622.15,17678.4,17622.15,17669.6,0
2025-10-17 11:15:00,17670.0,17687.25,17635.7,17667.8,0
2025-10-17 12:15:00,17667.8,17691.45,17637.0,17651.45,0
2025-10-17 13:15:00,17651.45,17671.8,17626.2,17657.15,0
2025-10-17 14:15:00,17656.9,17693.1,17648.85,17663.15,0
2025-10-17 15:15:00,17662.55,17665.15,17644.05,17651.05,0
2025-10-20 09:15:00,17705.7,17777.45,17679.2,17702.85,0
2025-10-20 10:15:00,17703.0,17714.75,17677.95,17713.6,0
2025-10-20 11:15:00,17714.55,17725.45,17683.05,17712.95,0
2025-10-20 12:15:00,17712.95,17734.35,17704.35,17726.25,0
2025-10-20 13:15:00,17725.85,17729.15,17707.65,17724.85,0
2025-10-20 14:15:00,17724.85,17734.8,17684.7,17687.95,0
2025-10-20 15:15:00,17687.95,17696.55,17686.5,17690.25,0
2025-10-21 13:45:00,17740.75,17747.5,17661.8,17668.6,0
2025-10-23 09:15:00,17800.8,17842.1,17736.05,17818.05,0
2025-10-23 10:15:00,17817.8,17850.15,17814.55,17830.55,0
2025-10-23 11:15:00,17830.95,17857.65,17813.7,17838.7,0
2025-10-23 12:15:00,17838.85,17858.05,17814.0,17817.05,0
2025-10-23 13:15:00,17817.15,17825.8,17750.35,17763.1,0
2025-10-23 14:15:00,17763.1,17775.0,17674.6,17675.45,0
2025-10-23 15:15:00,17675.6,17708.8,17673.6,17698.45,0
2025-10-24 09:15:00,17708.85,17710.0,17580.7,17604.25,0
2025-10-24 10:15:00,17604.5,17607.35,17576.15,17590.0,0
2025-10-24 11:15:00,17590.0,17615.8,17571.6,17610.75,0
2025-10-24 12:15:00,17611.85,17618.55,17591.9,17596.35,0
2025-10-24 13:15:00,17596.35,17598.25,17544.9,17574.2,0
2025-10-24 14:15:00,17573.7,17624.4,17569.5,17615.6,0
2025-10-24 15:15:00,17615.3,17628.4,17613.15,17620.5,0
2025-10-27 09:15:00,17626.65,17639.7,17586.95,17630.8,0
2025-10-27 10:15:00,17631.05,17655.3,17617.8,17643.3,0
2025-10-27 11:15:00,17643.2,17651.2,17632.95,17643.35,0
2025-10-27 12:15:00,17642.9,17646.95,17627.2,17636.25,0
2025-10-27 13:15:00,17636.45,17636.75,17602.2,17612.25,0
2025-10-27 14:15:00,17612.1,17628.35,17595.85,17621.5,0
2025-10-27 15:15:00,17621.5,17633.05,17617.4,17620.55,0
2025-10-28 09:15:00,17617.5,17649.0,17553.5,17562.6,0
2025-10-28 10:15:00,17562.4,17573.05,17523.95,17532.1,0
2025-10-28 11:15:00,17531.8,17545.3,17493.9,17498.85,0
2025-10-28 12:15:00,17498.85,17544.45,17494.8,17518.55,0
2025-10-28 13:15:00,17518.55,17536.65,17482.05,17493.5,0
2025-10-28 14:15:00,17493.5,17552.85,17470.0,17546.1,0
2025-10-28 15:15:00,17546.1,17564.0,17541.7,17558.65,0
2025-10-29 09:15:00,17583.4,17600.8,17542.1,17570.05,0
2025-10-29 10:15:00,17570.3,17632.05,17568.15,17609.2,0
2025-10-29 11:15:00,17609.2,17621.25,17598.55,17612.95,0
2025-10-29 12:15:00,17612.95,17624.8,17605.15,17618.0,0
2025-10-29 13:15:00,17618.2,17628.55,17549.85,17562.4,0
2025-10-29 14:15:00,17562.4,17586.4,17556.65,17573.15,0
2025-10-29 15:15:00,17573.15,17593.95,17572.1,17588.3,0
2025-10-30 09:15:00,17555.3,17562.3,17433.15,17471.3,0
2025-10-30 10:15:00,17470.85,17488.1,17457.85,17485.9,0
2025-10-30 11:15:00,17486.45,17491.8,17448.35,17455.55,0
2025-10-30 12:15:00,17455.55,17486.0,17440.05,17481.9,0
2025-10-30 13:15:00,17481.9,17483.95,17426.5,17452.95,0
2025-10-30 14:15:00,17453.35,17469.55,17436.3,17456.55,0
2025-10-30 15:15:00,17457.05,17469.85,17453.25,17461.05,0
2025-10-31 09:15:00,17486.75,17541.0,17443.45,17522.55,0
2025-10-31 10:15:00,17521.75,17521.75,17459.2,17466.05,0
2025-10-31 11:15:00,17465.8,17480.55,17453.1,17460.35,0
2025-10-31 12:15:00,17460.65,17469.2,17420.8,17428.95,0
2025-10-31 13:15:00,17429.05,17433.4,17405.9,17425.2,0
2025-10-31 14:15:00,17425.45,17431.55,17372.8,17382.45,0
2025-10-31 15:15:00,17382.0,17393.4,17371.55,17390.6,0
2025-11-03 09:15:00,17366.5,17384.8,17319.7,17345.45,0
2025-11-03 10:15:00,17345.0,17359.65,17325.75,17347.4,0
2025-11-03 11:15:00,17347.4,17358.85,17300.95,17302.95,0
2025-11-03 12:15:00,17302.95,17356.25,17297.25,17342.45,0
2025-11-03 13:15:00,17342.45,17370.5,17337.9,17368.05,0
2025-11-03 14:15:00,17368.05,17385.45,17357.45,17384.3,0
2025-11-03 15:15:00,17384.1,17389.85,17376.5,17380.8,0
2025-11-04 09:15:00,17365.35,17375.15,17285.8,17295.25,0
2025-11-04 10:15:00,17295.25,17313.1,17270.1,17274.9,0
2025-11-04 11:15:00,17275.1,17276.35,17258.15,17274.8,0
2025-11-04 12:15:00,17274.8,17294.05,17270.45,17283.25,0
2025-11-04 13:15:00,17283.5,17294.65,17253.3,17257.8,0
2025-11-04 14:15:00,17257.5,17275.3,17252.3,17269.3,0
2025-11-04 15:15:00,17268.5,17277.0,17266.0,17270.85,0
2025-11-06 09:15:00,17361.95,17402.5,17294.45,17295.2,0
2025-11-06 10:15:00,17295.3,17315.0,17267.85,17302.4,0
2025-11-06 11:15:00,17302.7,17307.1,17269.6,17272.15,0
2025-11-06 12:15:00,17271.7,17334.65,17267.55,17315.9,0
2025-11-06 13:15:00,17315.85,17320.75,17271.0,17286.1,0
2025-11-06 14:15:00,17286.25,17294.45,17237.45,17245.4,0
2025-11-06 15:15:00,17245.4,17271.6,17245.4,17269.05,0
2025-11-07 09:15:00,17234.8,17242.45,17137.85,17191.55,0
2025-11-07 10:15:00,17191.55,17219.2,17183.95,17215.95,0
2025-11-07 11:15:00,17215.95,17256.05,17215.3,17246.25,0
2025-11-07 12:15:00,17245.85,17263.9,17239.85,17247.0,0
2025-11-07 13:15:00,17246.35,17280.3,17234.35,17248.2,0
2025-11-07 14:15:00,17248.2,17284.65,17244.05,17276.25,0
2025-11-07 15:15:00,17276.65,17296.6,17276.6,17283.6,0
2025-11-10 09:15:00,17297.0,17364.4,17297.0,17355.05,0
2025-11-10 10:15:00,17355.2,17395.15,17354.4,17389.85,0
2025-11-10 11:15:00,17390.2,17402.0,17386.15,17391.75,0
2025-11-10 12:15:00,17391.75,17404.5,17391.75,17396.85,0
2025-11-10 13:15:00,17396.45,17410.75,17370.1,17394.0,0
2025-11-10 14:15:00,17394.0,17407.3,17360.3,17362.55,0
2025-11-10 15:15:00,17362.85,17375.65,17361.05,17362.95,0
2025-11-11 09:15:00,17375.25,17380.35,17276.8,17306.25,0
2025-11-11 10:15:00,17306.5,17307.1,17260.65,17290.75,0
2025-11-11 11:15:00,17290.75,17349.35,17283.95,17333.95,0
2025-11-11 12:15:00,17334.2,17357.1,17331.05,17345.35,0
2025-11-11 13:15:00,17345.9,17391.3,17345.65,17379.2,0
2025-11-11 14:15:00,17379.2,17425.0,17379.2,17413.5,0
2025-11-11 15:15:00,17413.5,17425.75,17408.1,17419.85,0
2025-11-12 09:15:00,17462.4,17463.15,17418.25,17434.85,0
2025-11-12 10:15:00,17434.85,17497.2,17434.2,17496.45,0
2025-11-12 11:15:00,17496.4,17515.9,17489.95,17497.4,0
2025-11-12 12:15:00,17497.1,17502.25,17482.45,17499.3,0
2025-11-12 13:15:00,17499.3,17516.75,17490.0,17495.7,0
2025-11-12 14:15:00,17495.4,17551.95,17486.95,17546.65,0
2025-11-12 15:15:00,17546.65,17558.4,17542.25,17557.6,0
2025-11-13 09:15:00,17586.7,17595.0,17512.7,17565.0,0
2025-11-13 10:15:00,17565.0,17594.25,17563.55,17592.6,0
2025-11-13 11:15:00,17592.15,17618.35,17590.3,17614.35,0
2025-11-13 12:15:00,17614.35,17630.35,17599.6,17622.25,0
2025-11-13 13:15:00,17621.95,17637.25,17570.05,17580.55,0
2025-11-13 14:15:00,17580.6,17591.95,17545.15,17550.85,0
2025-11-13 15:15:00,17551.1,17558.85,17525.35,17534.85,0
2025-11-14 09:15:00,17498.1,17546.9,17458.5,17468.1,0
2025-11-14 10:15:00,17468.05,17529.9,17449.6,17524.6,0
2025-11-14 11:15:00,17524.6,17526.2,17479.7,17503.95,0
2025-11-14 12:15:00,17503.95,17506.4,17460.45,17482.35,0
2025-11-14 13:15:00,17482.05,17502.4,17466.4,17486.75,0
2025-11-14 14:15:00,17486.4,17563.2,17466.45,17560.2,0
2025-11-14 15:15:00,17560.2,17563.35,17542.1,17549.35,0
2025-11-17 09:15:00,17599.4,17646.55,17581.35,17620.85,0
2025-11-17 10:15:00,17620.85,17635.4,17596.6,17608.45,0
2025-11-17 11:15:00,17608.45,17641.95,17593.65,17637.4,0
2025-11-17 12:15:00,17637.4,17650.8,17630.45,17644.75,0
2025-11-17 13:15:00,17645.25,17664.25,17635.7,17656.6,0
2025-11-17 14:15:00,17656.6,17662.05,17639.3,17661.35,0
2025-11-17 15:15:00,17661.35,17664.55,17653.25,17658.55,0
2025-11-18 09:15:00,17652.55,17659.3,17554.4,17563.05,0
2025-11-18 10:15:00,17563.05,17582.05,17544.6,17576.85,0
2025-11-18 11:15:00,17576.85,17612.7,17572.95,17609.0,0
2025-11-18 12:15:00,17608.9,17610.0,17584.15,17606.7,0
2025-11-18 13:15:00,17606.1,17631.65,17606.1,17626.15,0
2025-11-18 14:15:00,17626.15,17630.0,17578.85,17580.2,0
2025-11-18 15:15:00,17580.15,17585.5,17566.1,17576.0,0
2025-11-19 09:15:00,17600.65,17611.35,17563.45,17606.85,0
2025-11-19 10:15:00,17606.85,17627.3,17595.3,17598.1,0
2025-11-19 11:15:00,17598.1,17652.4,17592.05,17646.3,0
2025-11-19 12:15:00,17646.25,17654.85,17635.6,17646.2,0
2025-11-19 13:15:00,17646.3,17651.2,17625.5,17651.2,0
2025-11-19 14:15:00,17651.25,17663.65,17646.6,17654.25,0
2025-11-19 15:15:00,17654.3,17654.95,17645.15,17650.35,0
2025-11-20 09:15:00,17702.45,17704.85,17661.35,17693.2,0
2025-11-20 10:15:00,17693.7,17728.5,17691.95,17724.8,0
2025-11-20 11:15:00,17724.8,17724.85,17695.6,17697.95,0
2025-11-20 12:15:00,17697.75,17705.55,17689.5,17693.75,0
2025-11-20 13:15:00,17693.75,17716.7,17690.35,17714.75,0
2025-11-20 14:15:00,17714.75,17724.5,17671.3,17697.05,0
2025-11-20 15:15:00,17697.05,17697.95,17688.05,17688.25,0
2025-11-21 09:15:00,17655.55,17695.45,17631.75,17644.95,0
2025-11-21 10:15:00,17644.65,17664.0,17625.15,17662.6,0
2025-11-21 11:15:00,17661.6,17672.65,17641.1,17670.75,0
2025-11-21 12:15:00,17670.65,17703.45,17669.5,17685.6,0
2025-11-21 13:15:00,17685.6,17693.3,17674.0,17692.65,0
2025-11-21 14:15:00,17692.5,17693.65,17633.7,17651.95,0
2025-11-21 15:15:00,17651.1,17661.6,17645.65,17650.35,0
2025-11-24 09:15:00,17690.25,17722.2,17654.8,17721.2,0
2025-11-24 10:15:00,17721.2,17723.95,17689.65,17695.55,0
2025-11-24 11:15:00,17695.55,17697.35,17658.2,17667.9,0
2025-11-24 12:15:00,17667.9,17678.85,17640.75,17661.6,0
2025-11-24 13:15:00,17661.6,17669.1,17633.8,17642.9,0
2025-11-24 14:15:00,17642.9,17648.35,17595.05,17596.2,0
2025-11-24 15:15:00,17596.2,17621.15,17577.55,17592.5,0
2025-11-25 09:15:00,17619.3,17626.05,17557.7,17603.4,0
2025-11-25 10:15:00,17603.8,17615.35,17566.0,17573.55,0
2025-11-25 11:15:00,17573.55,17601.05,17572.45,17597.5,0
2025-11-25 12:15:00,17597.5,17604.95,17583.85,17598.85,0
2025-11-25 13:15:00,17598.85,17611.5,17587.4,17604.85,0
2025-11-25 14:15:00,17604.85,17611.85,17561.25,17566.0,0
2025-11-25 15:15:00,17566.0,17567.9,17540.5,17540.5,0
2025-11-26 09:15:00,17566.3,17690.35,17566.3,17675.05,0
2025-11-26 10:15:00,17676.2,17679.95,17654.9,17676.4,0
2025-11-26 11:15:00,17676.4,17703.05,17675.85,17700.4,0
2025-11-26 12:15:00,17700.4,17727.0,17693.7,17723.35,0
2025-11-26 13:15:00,17723.35,17733.85,17712.4,17730.05,0
2025-11-26 14:15:00,17730.05,17744.55,17707.65,17742.4,0
2025-11-26 15:15:00,17742.4,17743.35,17727.95,17731.7,0
2025-11-27 09:15:00,17760.15,17781.15,17735.4,17766.2,0
2025-11-27 10:15:00,17766.2,17772.2,17735.9,17750.7,0
2025-11-27 11:15:00,17750.7,17754.25,17704.4,17707.55,0
2025-11-27 12:15:00,17707.55,17711.4,17667.25,17667.95,0
2025-11-27 13:15:00,17667.9,17687.55,17653.35,17679.65,0
2025-11-27 14:15:00,17679.65,17716.2,17676.95,17706.55,0
2025-11-27 15:15:00,17706.55,17716.65,17700.75,17708.0,0
2025-11-28 09:15:00,17715.6,17722.4,17662.65,17699.0,0
2025-11-28 10:15:00,17699.0,17713.95,17678.15,17711.3,0
2025-11-28 11:15:00,17712.1,17719.15,17702.65,17717.35,0
2025-11-28 12:15:00,17717.35,17718.75,17696.15,17711.9,0
2025-11-28 13:15:00,17711.9,17720.95,17701.3,17712.45,0
2025-11-28 14:15:00,17712.7,17725.35,17709.25,17714.45,0
2025-11-28 15:15:00,17714.45,17720.25,17705.7,17717.5,0
2025-12-01 09:15:00,17754.8,17769.1,17720.05,17732.2,0
2025-12-01 10:15:00,17731.55,17735.85,17708.25,17722.95,0
2025-12-01 11:15:00,17722.8,17744.2,17710.9,17720.5,0
2025-12-01 12:15:00,17721.65,17725.8,17702.95,17713.65,0
2025-12-01 13:15:00,17713.65,17735.05,17699.7,17729.1,0
2025-12-01 14:15:00,17729.1,17735.25,17679.95,17731.0,0
2025-12-01 15:15:00,17731.0,17737.0,17719.1,17724.75,0
2025-12-02 09:15:00,17704.05,17760.15,17693.4,17694.65,0
2025-12-02 10:15:00,17694.5,17729.2,17689.65,17719.8,0
2025-12-02 11:15:00,17720.1,17720.3,17689.9,17700.95,0
2025-12-02 12:15:00,17700.95,17723.0,17699.9,17706.35,0
2025-12-02 13:15:00,17706.0,17734.7,17697.35,17722.35,0
2025-12-02 14:15:00,17722.35,17745.6,17706.5,17745.05,0
2025-12-02 15:15:00,17744.8,17756.85,17738.9,17745.85,0
2025-12-03 09:15:00,17746.85,17768.7,17650.95,17674.25,0
2025-12-03 10:15:00,17675.15,17686.05,17643.0,17662.4,0
2025-12-03 11:15:00,17662.15,17696.5,17655.5,17688.05,0
2025-12-03 12:15:00,17688.05,17693.05,17667.35,17682.55,0
2025-12-03 13:15:00,17683.45,17693.65,17668.5,17691.1,0
2025-12-03 14:15:00,17691.1,17696.4,17669.35,17690.4,0
2025-12-03 15:15:00,17690.4,17693.55,17679.5,17684.1,0
2025-12-04 09:15:00,17691.8,17775.2,17673.55,17756.6,0
2025-12-04 10:15:00,17756.75,17772.35,17748.65,17758.9,0
2025-12-04 11:15:00,17758.65,17760.0,17732.9,17749.35,0
2025-12-04 12:15:00,17749.35,17758.35,17729.4,17753.4,0
2025-12-04 13:15:00,17753.4,17773.3,17738.7,17762.35,0
2025-12-04 14:15:00,17762.35,17795.1,17756.4,17786.05,0
2025-12-04 15:15:00,17786.05,17787.6,17776.85,17777.35,0
2025-12-05 09:15:00,17774.3,17813.5,17735.4,17793.55,0
2025-12-05 10:15:00,17794.3,17833.9,17764.5,17830.65,0
2025-12-05 11:15:00,17830.65,17840.15,17814.85,17830.6,0
2025-12-05 12:15:00,17830.6,17855.6,17826.4,17837.05,0
2025-12-05 13:15:00,17836.95,17853.45,17834.75,17845.2,0
2025-12-05 14:15:00,17844.85,17878.05,17825.95,17874.4,0
2025-12-05 15:15:00,17874.25,17880.1,17862.1,17862.4,0
2025-12-08 09:15:00,17863.9,17874.8,17775.05,17778.8,0
2025-12-08 10:15:00,17779.1,17800.3,17764.0,17772.9,0
2025-12-08 11:15:00,17773.35,17774.1,17739.45,17743.3,0
2025-12-08 12:15:00,17743.3,17748.3,17705.1,17715.9,0
2025-12-08 13:15:00,17715.35,17715.35,17643.75,17650.55,0
2025-12-08 14:15:00,17650.1,17687.95,17635.55,17682.1,0
2025-12-08 15:15:00,17682.1,17684.8,17660.35,17671.75,0
2025-12-09 09:15:00,17626.75,17646.1,17486.35,17524.75,0
2025-12-09 10:15:00,17524.4,17582.7,17517.85,17580.45,0
2025-12-09 11:15:00,17580.45,17605.9,17541.75,17605.25,0
2025-12-09 12:15:00,17605.25,17626.5,17597.8,17611.6,0
2025-12-09 13:15:00,17611.1,17626.65,17594.8,17604.6,0
2025-12-09 14:15:00,17604.6,17604.6,17544.9,17564.35,0
2025-12-09 15:15:00,17565.55,17571.15,17555.8,17569.25,0
2025-12-10 09:15:00,17596.65,17647.4,17562.65,17641.8,0
2025-12-10 10:15:00,17641.75,17654.3,17542.0,17572.85,0
2025-12-10 11:15:00,17572.8,17578.75,17547.05,17556.4,0
2025-12-10 12:15:00,17556.2,17564.8,17521.25,17546.35,0
2025-12-10 13:15:00,17546.35,17570.75,17528.2,17533.3,0
2025-12-10 14:15:00,17533.95,17544.9,17510.45,17530.4,0
2025-12-10 15:15:00,17530.1,17534.2,17519.95,17526.5,0
2025-12-11 09:15:00,17544.15,17572.45,17501.15,17572.45,0
2025-12-11 10:15:00,17572.85,17605.35,17561.3,17590.2,0
2025-12-11 11:15:00,17589.95,17656.0,17587.4,17651.2,0
2025-12-11 12:15:00,17650.55,17669.9,17625.75,17633.7,0
2025-12-11 13:15:00,17633.45,17654.05,17614.65,17616.3,0
2025-12-11 14:15:00,17616.3,17647.7,17599.05,17634.2,0
2025-12-11 15:15:00,17634.2,17642.3,17630.8,17635.6,0
2025-12-12 09:15:00,17660.6,17684.95,17625.25,17634.1,0
2025-12-12 10:15:00,17634.1,17650.0,17603.6,17626.1,0
2025-12-12 11:15:00,17626.1,17645.15,17614.95,17628.2,0
2025-12-12 12:15:00,17628.2,17645.6,17617.65,17630.2,0
2025-12-12 13:15:00,17630.2,17640.55,17614.15,17635.45,0
2025-12-12 14:15:00,17635.45,17654.5,17619.3,17651.8,0
2025-12-12 15:15:00,17651.8,17654.55,17641.85,17641.85,0
2025-12-15 09:15:00,17614.5,17630.15,17552.4,17603.0,0
2025-12-15 10:15:00,17603.0,17667.25,17603.0,17651.2,0
2025-12-15 11:15:00,17651.2,17656.55,17633.6,17654.15,0
2025-12-15 12:15:00,17654.1,17670.95,17643.75,17669.0,0
2025-12-15 13:15:00,17669.5,17683.1,17648.9,17657.3,0
2025-12-15 14:15:00,17657.3,17677.05,17651.0,17674.05,0
2025-12-15 15:15:00,17673.55,17673.55,17658.5,17658.5,0
2025-12-16 09:15:00,17652.6,17701.95,17610.65,17651.1,0
2025-12-16 10:15:00,17651.1,17681.8,17646.3,17663.5,0
2025-12-16 11:15:00,17663.75,17667.05,17630.5,17636.6,0
2025-12-16 12:15:00,17636.6,17647.45,17617.1,17620.2,0
2025-12-16 13:15:00,17618.9,17641.9,17614.45,17622.3,0
2025-12-16 14:15:00,17622.3,17642.7,17598.15,17616.25,0
2025-12-16 15:15:00,17616.05,17616.5,17591.95,17599.8,0
2025-12-17 09:15:00,17607.1,17629.5,17576.55,17583.6,0
2025-12-17 10:15:00,17583.2,17588.95,17554.5,17577.3,0
2025-12-17 11:15:00,17577.3,17581.4,17531.05,17532.35,0
2025-12-17 12:15:00,17532.2,17542.6,17518.0,17531.2,0
2025-12-17 13:15:00,17531.2,17542.2,17516.35,17524.6,0
2025-12-17 14:15:00,17524.6,17552.5,17503.45,17537.3,0
2025-12-17 15:15:00,17537.45,17538.2,17515.6,17517.8,0
2025-12-18 09:15:00,17528.35,17532.95,17404.85,17446.1,0
2025-12-18 10:15:00,17445.7,17503.4,17440.65,17469.5,0
2025-12-18 11:15:00,17469.55,17516.75,17462.1,17503.9,0
2025-12-18 12:15:00,17503.9,17526.5,17495.95,17516.95,0
2025-12-18 13:15:00,17516.7,17518.1,17476.15,17476.15,0
2025-12-18 14:15:00,17476.35,17506.35,17453.55,17501.95,0
2025-12-18 15:15:00,17502.35,17508.4,17488.75,17491.8,0
2025-12-19 09:15:00,17511.5,17553.45,17509.8,17526.0,0
2025-12-19 10:15:00,17525.6,17555.55,17524.05,17543.85,0
2025-12-19 11:15:00,17543.45,17555.9,17522.0,17554.05,0
2025-12-19 12:15:00,17554.15,17560.65,17543.95,17545.35,0
2025-12-19 13:15:00,17544.8,17575.95,17544.7,17571.7,0
2025-12-19 14:15:00,17571.7,17599.9,17566.55,17599.1,0
2025-12-19 15:15:00,17599.1,17611.7,17584.65,17586.25,0
2025-12-22 09:15:00,17633.05,17687.85,17614.65,17668.65,0
2025-12-22 10:15:00,17668.65,17676.2,17654.35,17656.6,0
2025-12-22 11:15:00,17656.6,17670.15,17653.45,17661.45,0
2025-12-22 12:15:00,17661.45,17683.25,17660.95,17676.05,0
2025-12-22 13:15:00,17675.45,17693.05,17675.45,17687.65,0
2025-12-22 14:15:00,17687.85,17706.15,17679.25,17702.1,0
2025-12-22 15:15:00,17701.95,17708.3,17697.95,17701.1,0
2025-12-23 09:15:00,17721.75,17725.15,17657.9,17713.7,0
2025-12-23 10:15:00,17713.65,17718.05,17695.4,17715.25,0
2025-12-23 11:15:00,17715.25,17719.3,17693.15,17702.8,0
2025-12-23 12:15:00,17703.8,17705.1,17683.05,17687.3,0
2025-12-23 13:15:00,17687.75,17703.95,17685.2,17703.75,0
2025-12-23 14:15:00,17703.75,17740.5,17685.05,17718.9,0
2025-12-23 15:15:00,17718.2,17721.35,17707.15,17710.05,0
2025-12-24 09:15:00,17718.95,17735.55,17674.25,17707.4,0
2025-12-24 10:15:00,17707.4,17720.4,17689.6,17696.5,0
2025-12-24 11:15:00,17696.5,17707.9,17674.05,17698.5,0
2025-12-24 12:15:00,17698.5,17707.4,17692.4,17694.05,0
2025-12-24 13:15:00,17694.05,17694.55,17661.55,17676.0,0
2025-12-24 14:15:00,17676.0,17679.05,17646.75,17664.65,0
2025-12-24 15:15:00,17664.65,17664.7,17648.6,17653.35,0
2025-12-26 09:15:00,17659.8,17699.9,17625.05,17630.45,0
2025-12-26 10:15:00,17630.45,17647.95,17618.65,17633.65,0
2025-12-26 11:15:00,17633.45,17637.95,17612.95,17636.85,0
2025-12-26 12:15:00,17636.85,17644.75,17620.25,17628.75,0
2025-12-26 13:15:00,17629.1,17648.75,17627.5,17642.0,0
2025-12-26 14:15:00,17642.0,17642.5,17599.5,17613.15,0
2025-12-26 15:15:00,17613.1,17613.2,17601.85,17606.6,0
2025-12-29 09:15:00,17621.65,17646.45,17588.65,17595.15,0
2025-12-29 10:15:00,17595.35,17597.3,17552.35,17553.45,0
2025-12-29 11:15:00,17552.95,17584.15,17541.55,17575.4,0
2025-12-29 12:15:00,17575.4,17583.0,17565.1,17565.4,0
2025-12-29 13:15:00,17565.4,17588.2,17561.8,17571.4,0
2025-12-29 14:15:00,17571.8,17584.45,17548.25,17569.35,0
2025-12-29 15:15:00,17569.35,17575.05,17564.9,17571.25,0
2025-12-30 09:15:00,17575.05,17584.5,17509.6,17566.7,0
2025-12-30 10:15:00,17566.7,17587.45,17537.45,17541.5,0
2025-12-30 11:15:00,17541.5,17547.15,17515.0,17516.95,0
2025-12-30 12:15:00,17516.95,17523.1,17492.8,17496.85,0
2025-12-30 13:15:00,17496.85,17544.4,17494.2,17528.2,0
2025-12-30 14:15:00,17528.2,17555.5,17516.8,17529.75,0
2025-12-30 15:15:00,17529.75,17546.25,17524.6,17541.3,0
2025-12-31 09:15:00,17539.4,17596.8,17539.3,17590.65,0
2025-12-31 10:15:00,17589.45,17634.25,17589.45,17622.45,0
2025-12-31 11:15:00,17622.9,17640.9,17610.15,17638.55,0
2025-12-31 12:15:00,17638.65,17671.8,17636.1,17656.55,0
2025-12-31 13:15:00,17656.55,17667.5,17652.6,17661.9,0
2025-12-31 14:15:00,17661.9,17679.65,17645.8,17651.3,0
2025-12-31 15:15:00,17650.95,17664.0,17650.85,17659.1,0
2026-01-01 09:15:00,17684.6,17691.55,17569.4,17576.4,0
2026-01-01 10:15:00,17576.55,17593.1,17552.3,17564.1,0
2026-01-01 11:15:00,17564.15,17580.6,17537.5,17538.25,0
2026-01-01 12:15:00,17538.25,17579.0,17533.3,17572.45,0
2026-01-01 13:15:00,17572.35,17592.5,17561.0,17587.8,0
2026-01-01 14:15:00,17587.85,17601.0,17576.4,17578.85,0
2026-01-01 15:15:00,17578.4,17582.35,17569.35,17581.85,0
2026-01-02 09:15:00,17587.5,17644.8,17540.7,17644.45,0
2026-01-02 10:15:00,17644.65,17668.65,17624.75,17667.45,0
2026-01-02 11:15:00,17666.9,17685.3,17664.6,17682.15,0
2026-01-02 12:15:00,17682.15,17697.9,17669.45,17697.3,0
2026-01-02 13:15:00,17696.65,17708.1,17687.8,17697.6,0
2026-01-02 14:15:00,17697.6,17719.9,17670.95,17714.85,0
2026-01-02 15:15:00,17715.2,17720.7,17710.85,17720.7,0
2026-01-05 09:15:00,17723.25,17757.9,17673.95,17756.75,0
2026-01-05 10:15:00,17756.75,17814.35,17755.35,17810.3,0
2026-01-05 11:15:00,17810.7,17816.9,17771.0,17792.85,0
2026-01-05 12:15:00,17793.15,17808.65,17782.25,17794.35,0
2026-01-05 13:15:00,17794.35,17808.9,17738.45,17747.0,0
2026-01-05 14:15:00,17747.0,17782.9,17739.05,17767.75,0
2026-01-05 15:15:00,17767.75,17767.8,17751.8,17763.65,0
2026-01-06 09:15:00,17764.6,17821.35,17739.35,17797.8,0
2026-01-06 10:15:00,17797.95,17799.25,17760.0,17770.9,0
2026-01-06 11:15:00,17770.9,17781.7,17747.35,17774.65,0
2026-01-06 12:15:00,17774.85,17825.75,17771.9,17814.75,0
2026-01-06 13:15:00,17814.45,17831.45,17791.65,17796.85,0
2026-01-06 14:15:00,17796.45,17856.95,17796.45,17848.7,0
2026-01-06 15:15:00,17848.7,17854.5,17841.75,17844.9,0
2026-01-07 09:15:00,17837.05,17892.55,17799.2,17890.15,0
2026-01-07 10:15:00,17890.5,17900.1,17836.45,17837.05,0
2026-01-07 11:15:00,17837.05,17839.8,17794.0,17801.15,0
2026-01-07 12:15:00,17801.15,17832.6,17789.2,17819.55,0
2026-01-07 13:15:00,17819.55,17820.4,17795.6,17814.75,0
2026-01-07 14:15:00,17814.8,17854.8,17807.45,17853.6,0
2026-01-07 15:15:00,17853.6,17855.1,17827.3,17838.75,0
2026-01-08 09:15:00,17818.8,17818.8,17708.55,17719.85,0
2026-01-08 10:15:00,17719.85,17720.3,17672.25,17691.65,0
2026-01-08 11:15:00,17691.5,17706.85,17643.25,17668.45,0
2026-01-08 12:15:00,17667.8,17694.75,17652.8,17682.1,0
2026-01-08 13:15:00,17682.1,17688.3,17657.0,17674.75,0
2026-01-08 14:15:00,17674.75,17696.65,17643.65,17651.2,0
2026-01-08 15:15:00,17651.2,17656.05,17632.85,17635.95,0
2026-01-09 09:15:00,17622.75,17708.2,17604.6,17656.35,0
2026-01-09 10:15:00,17656.35,17674.1,17599.35,17608.1,0
2026-01-09 11:15:00,17607.8,17635.6,17558.65,17563.7,0
2026-01-09 12:15:00,17563.7,17582.5,17527.0,17537.15,0
2026-01-09 13:15:00,17536.85,17559.35,17502.95,17504.9,0
2026-01-09 14:15:00,17503.1,17538.0,17476.1,17514.35,0
2026-01-09 15:15:00,17514.35,17542.85,17507.8,17537.45,0
2026-01-12 09:15:00,17494.0,17529.2,17424.6,17468.85,0
2026-01-12 10:15:00,17468.9,17492.75,17445.3,17447.4,0
2026-01-12 11:15:00,17447.4,17471.75,17405.9,17471.75,0
2026-01-12 12:15:00,17473.35,17564.3,17469.55,17531.3,0
2026-01-12 13:15:00,17531.25,17559.4,17514.0,17554.15,0
2026-01-12 14:15:00,17554.3,17608.8,17532.6,17587.55,0
2026-01-12 15:15:00,17587.55,17608.85,17585.85,17604.75,0
2026-01-13 09:15:00,17652.55,17676.3,17520.0,17550.75,0
2026-01-13 10:15:00,17550.55,17606.95,17538.45,17559.5,0
2026-01-13 11:15:00,17559.5,17591.95,17538.8,17539.0,0
2026-01-13 12:15:00,17538.55,17554.55,17498.5,17516.9,0
2026-01-13 13:15:00,17516.8,17529.65,17488.6,17496.7,0
2026-01-13 14:15:00,17496.2,17584.75,17480.5,17573.25,0
2026-01-13 15:15:00,17573.45,17577.8,17545.05,17545.05,0
2026-01-14 09:15:00,17531.55,17570.25,17486.6,17490.5,0
2026-01-14 10:15:00,17490.5,17511.9,17464.05,17485.85,0
2026-01-14 11:15:00,17485.85,17521.8,17482.95,17497.65,0
2026-01-14 12:15:00,17497.65,17517.15,17473.5,17479.15,0
2026-01-14 13:15:00,17478.85,17481.1,17412.4,17428.95,0
2026-01-14 14:15:00,17428.95,17458.25,17399.25,17435.85,0
2026-01-14 15:15:00,17435.55,17444.25,17428.0,17441.2,0
2026-01-16 09:15:00,17442.65,17492.1,17410.75,17487.2,0
2026-01-16 10:15:00,17487.1,17532.5,17476.1,17479.25,0
2026-01-16 11:15:00,17479.25,17492.35,17449.8,17475.15,0
2026-01-16 12:15:00,17475.15,17478.9,17426.75,17429.3,0
2026-01-16 13:15:00,17429.3,17432.55,17375.55,17383.4,0
2026-01-16 14:15:00,17384.05,17412.4,17364.95,17400.55,0
2026-01-16 15:15:00,17400.4,17413.8,17400.4,17406.0,0
2026-01-19 09:15:00,17361.0,17396.75,17315.8,17363.25,0
2026-01-19 10:15:00,17363.6,17392.9,17356.7,17376.1,0
2026-01-19 11:15:00,17376.0,17394.0,17368.8,17392.9,0
2026-01-19 12:15:00,17393.0,17415.8,17370.75,17399.95,0
2026-01-19 13:15:00,17399.55,17472.7,17396.0,17440.35,0
2026-01-19 14:15:00,17439.7,17484.5,17435.3,17440.75,0
2026-01-19 15:15:00,17439.3,17440.7,17405.0,17416.95,0
2026-01-20 09:15:00,17421.3,17421.45,17305.05,17322.05,0
2026-01-20 10:15:00,17321.9,17343.45,17301.85,17304.3,0
2026-01-20 11:15:00,17304.3,17325.8,17267.15,17279.7,0
2026-01-20 12:15:00,17279.7,17284.0,17226.7,17228.05,0
2026-01-20 13:15:00,17228.05,17236.35,17165.35,17172.55,0
2026-01-20 14:15:00,17172.55,17185.0,17070.4,17074.7,0
2026-01-20 15:15:00,17073.9,17095.25,17044.55,17095.25,0
2026-01-21 09:15:00,17027.7,17126.45,16975.55,16985.1,0
2026-01-21 10:15:00,16984.15,17005.9,16880.85,16947.65,0
2026-01-21 11:15:00,16947.1,17003.3,16928.25,17003.3,0
2026-01-21 12:15:00,17004.75,17082.75,16971.6,17038.2,0
2026-01-21 13:15:00,17039.95,17041.8,16936.0,16936.0,0
2026-01-21 14:15:00,16936.0,16995.2,16929.2,16978.7,0
2026-01-21 15:15:00,16978.7,16990.45,16967.9,16986.6,0
2026-01-22 09:15:00,17083.15,17226.25,17082.05,17194.2,0
2026-01-22 10:15:00,17194.2,17202.35,17114.15,17126.5,0
2026-01-22 11:15:00,17126.5,17154.25,17097.7,17131.25,0
2026-01-22 12:15:00,17131.5,17157.25,17103.6,17104.2,0
2026-01-22 13:15:00,17104.2,17150.25,17088.75,17122.5,0
2026-01-22 14:15:00,17122.25,17186.15,17110.35,17163.9,0
2026-01-22 15:15:00,17163.9,17184.9,17163.0,17179.2,0
2026-01-23 09:15:00,17221.65,17222.1,17136.65,17188.5,0
2026-01-23 10:15:00,17188.5,17224.3,17172.25,17212.0,0
2026-01-23 11:15:00,17211.9,17212.85,17151.15,17152.55,0
2026-01-23 12:15:00,17152.05,17205.6,17152.05,17176.6,0
2026-01-23 13:15:00,17176.7,17176.85,17077.35,17085.85,0
2026-01-23 14:15:00,17084.25,17104.75,17046.25,17052.2,0
2026-01-23 15:15:00,17052.35,17075.5,17039.2,17071.5,0
2026-01-27 09:15:00,17087.7,17091.7,16943.2,17057.45,0
2026-01-27 10:15:00,17057.45,17093.0,16958.05,16986.3,0
2026-01-27 11:15:00,16986.3,17054.75,16982.85,17029.3,0
2026-01-27 12:15:00,17029.3,17039.15,16993.95,17019.55,0
2026-01-27 13:15:00,17019.55,17045.5,16933.5,16967.5,0
2026-01-27 14:15:00,16967.5,17058.35,16948.7,17057.8,0
2026-01-27 15:15:00,17057.8,17091.9,17054.65,17080.65,0
2026-01-28 09:15:00,17051.7,17065.75,16933.1,16936.85,0
2026-01-28 10:15:00,16936.6,16955.85,16893.1,16955.55,0
2026-01-28 11:15:00,16955.0,16993.2,16930.95,16979.8,0
2026-01-28 12:15:00,16979.5,17000.6,16957.65,16997.95,0
2026-01-28 13:15:00,16998.65,17017.65,16946.15,16954.45,0
2026-01-28 14:15:00,16954.45,17073.25,16948.35,17071.85,0
2026-01-28 15:15:00,17071.85,17086.15,17071.6,17081.35,0
2026-01-29 09:15:00,17041.75,17047.95,16852.5,16867.65,0
2026-01-29 10:15:00,16867.8,16875.5,16826.95,16851.6,0
2026-01-29 11:15:00,16851.5,16893.4,16851.25,16884.5,0
2026-01-29 12:15:00,16884.5,16919.5,16864.8,16916.85,0
2026-01-29 13:15:00,16916.85,16973.0,16903.5,16969.8,0
2026-01-29 14:15:00,16969.8,17004.9,16959.4,16966.7,0
2026-01-29 15:15:00,16966.7,16976.6,16955.05,16956.65,0
2026-01-30 09:15:00,16912.3,17016.05,16871.05,16975.2,0
2026-01-30 10:15:00,16975.55,16988.45,16936.45,16944.85,0
2026-01-30 11:15:00,16944.85,16962.35,16923.55,16956.8,0
2026-01-30 12:15:00,16956.8,16966.25,16911.9,16911.9,0
2026-01-30 13:15:00,16911.9,17009.55,16888.25,16997.65,0
2026-01-30 14:15:00,16998.0,17047.0,16978.2,17008.2,0
2026-01-30 15:15:00,17008.2,17026.35,16989.8,16996.25,0
2026-02-01 09:15:00,17056.6,17058.0,16974.25,16995.6,0
2026-02-01 10:15:00,16995.6,17068.9,16991.4,17036.7,0
2026-02-01 11:15:00,17036.7,17040.9,16901.3,16907.5,0
2026-02-01 12:15:00,16907.75,16917.5,16651.0,16867.7,0
2026-02-01 13:15:00,16867.7,16881.05,16808.85,16837.55,0
2026-02-01 14:15:00,16837.55,16885.3,16778.4,16783.15,0
2026-02-01 15:15:00,16783.15,16783.15,16698.45,16730.5,0
2026-02-02 09:15:00,16784.4,16787.05,16671.2,16705.55,0
2026-02-02 10:15:00,16703.55,16714.9,16613.0,16628.65,0
2026-02-02 11:15:00,16627.7,16742.15,16600.7,16741.55,0
2026-02-02 12:15:00,16741.35,16777.15,16720.8,16764.65,0
2026-02-02 13:15:00,16764.9,16794.9,16729.65,16778.75,0
2026-02-02 14:15:00,16778.35,16877.3,16763.1,16874.35,0
2026-02-02 15:15:00,16874.75,16891.25,16859.2,16861.3,0
2026-02-03 09:15:00,17449.85,17464.3,17051.05,17065.3,0
2026-02-03 10:15:00,17067.05,17136.6,17067.05,17111.4,0
2026-02-03 11:15:00,17111.45,17170.35,17100.7,17167.05,0
2026-02-03 12:15:00,17166.3,17169.4,17130.8,17147.4,0
2026-02-03 13:15:00,17147.45,17177.8,17130.2,17161.85,0
2026-02-03 14:15:00,17161.85,17172.7,17132.8,17150.0,0
2026-02-03 15:15:00,17148.7,17164.15,17141.6,17151.4,0
2026-02-04 09:15:00,17105.3,17204.35,17007.0,17199.9,0
2026-02-04 10:15:00,17199.9,17204.5,17100.3,17103.0,0
2026-02-04 11:15:00,17103.0,17110.1,17069.75,17106.6,0
2026-02-04 12:15:00,17107.5,17112.75,17059.35,17077.1,0
2026-02-04 13:15:00,17077.15,17108.55,17064.65,17108.55,0
2026-02-04 14:15:00,17109.05,17125.7,17098.75,17105.25,0
2026-02-04 15:15:00,17105.35,17109.9,17069.45,17069.45,0
2026-02-05 09:15:00,17111.45,17153.7,17039.95,17081.7,0
2026-02-05 10:15:00,17080.25,17108.9,17034.35,17078.6,0
2026-02-05 11:15:00,17078.6,17079.5,17043.95,17046.45,0
2026-02-05 12:15:00,17046.9,17062.6,17041.15,17050.55,0
2026-02-05 13:15:00,17050.55,17069.05,17028.8,17036.65,0
2026-02-05 14:15:00,17036.65,17079.75,17034.5,17066.05,0
2026-02-05 15:15:00,17066.25,17068.85,17052.9,17066.1,0
2026-02-06 09:15:00,17037.6,17046.8,16917.8,16925.15,0
2026-02-06 10:15:00,16925.15,16984.25,16918.65,16983.85,0
2026-02-06 11:15:00,16983.85,17069.2,16979.25,17028.55,0
2026-02-06 12:15:00,17028.55,17037.65,17005.3,17025.5,0
2026-02-06 13:15:00,17025.6,17062.65,17012.85,17052.75,0
2026-02-06 14:15:00,17052.75,17118.45,17048.2,17115.75,0
2026-02-06 15:15:00,17115.75,17120.65,17092.75,17095.9,0
2026-02-09 09:15:00,17183.05,17196.65,17076.65,17087.35,0
2026-02-09 10:15:00,17087.35,17133.05,17083.6,17120.0,0
2026-02-09 11:15:00,17120.5,17133.55,17113.3,17130.6,0
2026-02-09 12:15:00,17130.6,17132.85,17100.55,17128.0,0
2026-02-09 13:15:00,17128.55,17134.95,17117.95,17125.3,0
2026-02-09 14:15:00,17125.3,17160.85,17122.15,17151.9,0
2026-02-09 15:15:00,17151.9,17154.0,17139.2,17147.45,0
2026-02-10 09:15:00,17185.1,17213.7,17146.7,17191.6,0
2026-02-10 10:15:00,17192.05,17218.9,17187.7,17192.35,0
2026-02-10 11:15:00,17193.2,17198.25,17179.8,17192.5,0
2026-02-10 12:15:00,17192.9,17203.4,17181.05,17198.95,0
2026-02-10 13:15:00,17199.5,17199.65,17155.4,17175.4,0
2026-02-10 14:15:00,17176.25,17211.2,17160.9,17194.75,0
2026-02-10 15:15:00,17194.75,17197.55,17176.4,17181.35,0
2026-02-11 09:15:00,17242.4,17279.6,17208.05,17213.35,0
2026-02-11 10:15:00,17213.35,17266.4,17213.2,17244.45,0
2026-02-11 11:15:00,17244.45,17254.4,17223.25,17232.65,0
2026-02-11 12:15:00,17232.2,17234.75,17192.6,17213.2,0
2026-02-11 13:15:00,17214.2,17248.3,17212.3,17238.3,0
2026-02-11 14:15:00,17238.3,17246.2,17219.5,17231.55,0
2026-02-11 15:15:00,17233.0,17241.5,17214.7,17223.8,0
2026-02-12 09:15:00,17220.5,17222.7,17136.8,17167.0,0
2026-02-12 10:15:00,17168.15,17170.5,17100.35,17104.55,0
2026-02-12 11:15:00,17104.55,17143.65,17087.35,17137.6,0
2026-02-12 12:15:00,17137.85,17166.15,17135.5,17148.8,0
2026-02-12 13:15:00,17148.55,17174.6,17126.45,17133.55,0
2026-02-12 14:15:00,17133.1,17144.3,17079.6,17126.05,0
2026-02-12 15:15:00,17126.05,17128.6,17097.75,17103.35,0
2026-02-13 09:15:00,16946.85,16979.0,16906.95,16910.4,0
2026-02-13 10:15:00,16910.4,16968.65,16900.75,16951.7,0
2026-02-13 11:15:00,16952.5,17006.45,16937.35,16996.5,0
2026-02-13 12:15:00,16996.3,17020.45,16936.1,16953.55,0
2026-02-13 13:15:00,16953.5,16957.95,16915.3,16940.8,0
2026-02-13 14:15:00,16940.8,16944.35,16883.15,16884.8,0
2026-02-13 15:15:00,16885.25,16891.8,16866.8,16879.1,0
2026-02-16 09:15:00,16848.7,16917.8,16817.65,16905.45,0
2026-02-16 10:15:00,16905.45,16910.05,16880.55,16905.25,0
2026-02-16 11:15:00,16905.15,16924.75,16896.9,16912.35,0
2026-02-16 12:15:00,16911.9,16937.3,16906.7,16930.15,0
2026-02-16 13:15:00,16930.15,16949.4,16923.3,16933.4,0
2026-02-16 14:15:00,16933.4,16977.5,16925.95,16972.9,0
2026-02-16 15:15:00,16972.9,16975.25,16964.4,16969.55,0
2026-02-17 09:15:00,16938.85,17039.65,16925.2,17036.0,0
2026-02-17 10:15:00,17036.0,17052.9,17006.4,17023.5,0
2026-02-17 11:15:00,17024.0,17066.7,17021.45,17046.15,0
2026-02-17 12:15:00,17046.05,17080.8,17044.15,17061.7,0
2026-02-17 13:15:00,17061.85,17073.6,17036.75,17037.5,0
2026-02-17 14:15:00,17037.15,17085.8,17029.95,17067.5,0
2026-02-17 15:15:00,17067.75,17068.7,17056.45,17062.7,0
2026-02-18 09:15:00,17094.7,17098.0,17000.4,17009.9,0
2026-02-18 10:15:00,17009.55,17036.5,16996.5,17032.9,0
2026-02-18 11:15:00,17032.9,17035.7,17005.65,17025.95,0
2026-02-18 12:15:00,17025.95,17055.65,17022.45,17042.1,0
2026-02-18 13:15:00,17043.75,17073.35,17035.3,17070.9,0
2026-02-18 14:15:00,17070.7,17107.7,17060.1,17101.35,0
2026-02-18 15:15:00,17101.35,17110.25,17099.9,17106.6,0
2026-02-19 09:15:00,17130.3,17144.5,17087.4,17096.3,0
2026-02-19 10:15:00,17095.9,17098.4,17041.95,17042.55,0
2026-02-19 11:15:00,17043.15,17045.0,16957.25,16961.3,0
2026-02-19 12:15:00,16961.3,16976.75,16931.0,16973.35,0
2026-02-19 13:15:00,16973.9,16974.95,16914.1,16932.95,0
2026-02-19 14:15:00,16932.15,16953.2,16848.1,16850.45,0
2026-02-19 15:15:00,16849.35,16853.2,16826.55,16846.1,0
2026-02-20 09:15:00,16835.05,16931.05,16817.4,16895.2,0
2026-02-20 10:15:00,16894.35,16968.5,16894.35,16943.05,0
2026-02-20 11:15:00,16943.05,16976.7,16941.55,16963.65,0
2026-02-20 12:15:00,16963.65,16995.3,16932.25,16943.8,0
2026-02-20 13:15:00,16943.8,16978.35,16935.45,16967.65,0
2026-02-20 14:15:00,16967.8,16989.55,16950.5,16955.4,0
2026-02-20 15:15:00,16955.65,16956.2,16931.6,16943.55,0
2026-02-23 09:15:00,17001.5,17051.8,16956.45,17005.1,0
2026-02-23 10:15:00,17004.2,17019.75,16966.85,16990.8,0
2026-02-23 11:15:00,16990.8,17009.45,16961.7,17002.8,0
2026-02-23 12:15:00,17003.15,17022.25,16987.45,16988.25,0
2026-02-23 13:15:00,16987.6,17024.15,16984.8,17013.15,0
2026-02-23 14:15:00,17013.15,17067.6,17002.45,17057.35,0
2026-02-23 15:15:00,17057.35,17070.4,17052.3,17052.3,0
2026-02-24 09:15:00,16998.15,17003.6,16945.95,16973.9,0
2026-02-24 10:15:00,16974.3,16986.85,16943.45,16965.7,0
2026-02-24 11:15:00,16965.7,16983.5,16937.8,16950.05,0
2026-02-24 12:15:00,16950.05,16950.3,16922.75,16941.75,0
2026-02-24 13:15:00,16941.75,16949.95,16892.0,16944.8,0
2026-02-24 14:15:00,16944.3,16949.5,16905.85,16942.65,0
2026-02-24 15:15:00,16943.1,16974.15,16942.1,16968.65,0
2026-02-25 09:15:00,16989.85,17068.95,16986.3,17067.7,0
2026-02-25 10:15:00,17067.75,17125.7,17067.75,17119.5,0
2026-02-25 11:15:00,17119.5,17142.4,17107.85,17116.8,0
2026-02-25 12:15:00,17116.8,17123.8,17026.15,17043.25,0
2026-02-25 13:15:00,17043.15,17063.55,17025.7,17054.0,0
2026-02-25 14:15:00,17054.0,17103.05,17050.8,17086.35,0
2026-02-25 15:15:00,17086.35,17092.65,17072.15,17085.5,0
2026-02-26 09:15:00,17133.5,17150.3,17078.1,17144.9,0
2026-02-26 10:15:00,17144.75,17146.2,17061.8,17092.7,0
2026-02-26 11:15:00,17093.1,17121.15,17037.65,17038.9,0
2026-02-26 12:15:00,17038.9,17055.45,17022.3,17045.6,0
2026-02-26 13:15:00,17046.05,17061.4,17029.65,17056.45,0
2026-02-26 14:15:00,17056.45,17114.3,17036.3,17102.35,0
2026-02-26 15:15:00,17103.15,17115.4,17102.4,17106.9,0
2026-02-27 09:15:00,17103.85,17117.25,16920.95,16930.9,0
2026-02-27 10:15:00,16930.8,16952.65,16912.4,16931.7,0
2026-02-27 11:15:00,16931.4,16935.4,16894.55,16898.5,0
2026-02-27 12:15:00,16898.5,16935.35,16888.1,16932.25,0
2026-02-27 13:15:00,16932.5,16978.25,16930.85,16964.2,0
2026-02-27 14:15:00,16965.5,16979.85,16846.05,16852.2,0
2026-02-27 15:15:00,16853.1,16866.75,16832.2,16858.05,0
2026-03-02 09:15:00,16461.45,16733.2,16455.1,16679.85,0
2026-03-02 10:15:00,16681.05,16684.8,16634.35,16653.9,0
2026-03-02 11:15:00,16653.55,16660.15,16594.7,16594.7,0
2026-03-02 12:15:00,16595.0,16597.95,16544.95,16549.3,0
2026-03-02 13:15:00,16549.3,16640.7,16494.75,16640.05,0
2026-03-02 14:15:00,16639.3,16690.4,16589.25,16684.65,0
2026-03-02 15:15:00,16684.15,16687.2,16658.65,16667.7,0
2026-03-04 09:15:00,16423.85,16503.05,16410.0,16468.1,0
2026-03-04 10:15:00,16468.85,16478.6,16434.5,16453.5,0
2026-03-04 11:15:00,16453.5,16454.75,16414.3,16422.9,0
2026-03-04 12:15:00,16423.3,16441.15,16390.0,16439.2,0
2026-03-04 13:15:00,16439.2,16487.05,16415.15,16486.4,0
2026-03-04 14:15:00,16486.55,16505.1,16410.9,16412.5,0
2026-03-04 15:15:00,16412.6,16420.85,16401.2,16417.85,0
2026-03-05 09:15:00,16488.8,16528.0,16431.9,16432.5,0
2026-03-05 10:15:00,16432.5,16457.0,16397.8,16445.0,0
2026-03-05 11:15:00,16445.0,16463.1,16405.75,16463.1,0
2026-03-05 12:15:00,16462.65,16505.15,16454.75,16498.2,0
2026-03-05 13:15:00,16498.2,16533.5,16450.95,16451.45,0
2026-03-05 14:15:00,16450.95,16620.6,16437.4,16528.9,0
2026-03-05 15:15:00,16529.4,16556.8,16529.4,16541.25,0
2026-03-06 09:15:00,16503.05,16541.65,16451.15,16528.0,0
2026-03-06 10:15:00,16528.0,16531.4,16465.15,16493.2,0
2026-03-06 11:15:00,16493.2,16528.65,16484.95,16513.4,0
2026-03-06 12:15:00,16513.6,16526.9,16487.6,16525.6,0
2026-03-06 13:15:00,16525.6,16539.5,16499.1,16510.3,0
2026-03-06 14:15:00,16510.3,16534.05,16441.1,16455.5,0
2026-03-06 15:15:00,16455.3,16475.05,16444.4,16475.05,0
2026-03-09 09:15:00,16185.5,16212.7,16043.7,16082.65,0
2026-03-09 10:15:00,16082.65,16133.75,16040.15,16104.95,0
2026-03-09 11:15:00,16106.2,16155.35,16090.9,16112.1,0
2026-03-09 12:15:00,16112.75,16138.65,16098.45,16104.2,0
2026-03-09 13:15:00,16103.15,16137.25,16089.7,16098.8,0
2026-03-09 14:15:00,16099.55,16189.6,16085.8,16166.0,0
2026-03-09 15:15:00,16165.85,16167.2,16132.65,16143.7,0
2026-03-10 09:15:00,16288.3,16318.4,16231.5,16278.5,0
2026-03-10 10:15:00,16278.5,16352.55,16273.6,16349.3,0
2026-03-10 11:15:00,16350.3,16371.2,16335.5,16335.8,0
2026-03-10 12:15:00,16335.15,16369.5,16311.55,16352.5,0
2026-03-10 13:15:00,16352.9,16389.0,16331.5,16383.6,0
2026-03-10 14:15:00,16383.4,16409.0,16351.5,16394.3,0
2026-03-10 15:15:00,16394.35,16440.05,16393.15,16417.05,0
2026-03-11 09:15:00,16400.8,16449.0,16306.85,16314.45,0
2026-03-11 10:15:00,16314.45,16345.25,16287.65,16310.05,0
2026-03-11 11:15:00,16310.2,16311.55,16270.4,16283.35,0
2026-03-11 12:15:00,16283.9,16292.8,16200.1,16208.9,0
2026-03-11 13:15:00,16208.9,16249.1,16197.05,16206.75,0
2026-03-11 14:15:00,16206.75,16246.1,16160.2,16161.0,0
2026-03-11 15:15:00,16161.0,16180.05,16149.5,16155.5,0
2026-03-12 09:15:00,16089.15,16089.75,15944.95,15961.65,0
2026-03-12 10:15:00,15961.65,16073.85,15945.1,16064.2,0
2026-03-12 11:15:00,16064.6,16078.0,16021.1,16061.95,0
2026-03-12 12:15:00,16061.95,16068.15,15991.95,16023.4,0
2026-03-12 13:15:00,16023.4,16089.0,16011.6,16031.55,0
2026-03-12 14:15:00,16031.05,16044.65,15957.3,16004.75,0
2026-03-12 15:15:00,16005.6,16015.55,15989.75,16000.05,0
2026-03-13 09:15:00,15911.5,15974.25,15813.75,15821.25,0
2026-03-13 10:15:00,15822.05,15892.8,15814.05,15856.2,0
2026-03-13 11:15:00,15856.1,15918.7,15835.65,15842.95,0
2026-03-13 12:15:00,15843.3,15844.6,15728.55,15731.6,0
2026-03-13 13:15:00,15731.6,15770.7,15711.15,15769.55,0
2026-03-13 14:15:00,15768.85,15799.7,15721.1,15744.1,0
2026-03-13 15:15:00,15744.1,15752.65,15732.6,15745.9,0
2026-03-16 09:15:00,15728.1,15810.15,15708.25,15723.15,0
2026-03-16 10:15:00,15723.15,15723.85,15578.0,15668.05,0
2026-03-16 11:15:00,15668.05,15735.6,15665.85,15690.4,0
2026-03-16 12:15:00,15689.55,15704.15,15621.45,15644.7,0
2026-03-16 13:15:00,15644.7,15695.95,15644.55,15683.25,0
2026-03-16 14:15:00,15682.85,15878.25,15672.35,15822.9,0
2026-03-16 15:15:00,15822.9,15824.6,15761.95,15767.85,0
2026-03-17 09:15:00,15854.2,15871.1,15775.85,15868.35,0
2026-03-17 10:15:00,15868.1,15906.55,15816.95,15834.6,0
2026-03-17 11:15:00,15833.95,15836.4,15743.1,15789.8,0
2026-03-17 12:15:00,15789.45,15843.3,15758.85,15842.9,0
2026-03-17 13:15:00,15843.1,15871.95,15820.05,15870.25,0
2026-03-17 14:15:00,15870.45,15886.45,15831.95,15847.5,0
2026-03-17 15:15:00,15847.5,15850.6,15827.9,15839.75,0
2026-03-18 09:15:00,15876.05,15944.75,15853.05,15896.7,0
2026-03-18 10:15:00,15897.05,15969.75,15897.05,15959.45,0
2026-03-18 11:15:00,15959.45,15977.1,15928.65,15930.5,0
2026-03-18 12:15:00,15930.5,15953.15,15928.25,15953.15,0
2026-03-18 13:15:00,15953.05,15986.4,15947.45,15965.05,0
2026-03-18 14:15:00,15965.05,15986.55,15932.95,15951.15,0
2026-03-18 15:15:00,15951.6,15952.4,15913.2,15931.05,0
2026-03-19 09:15:00,15687.35,15768.4,15608.6,15614.8,0
2026-03-19 10:15:00,15614.65,15650.05,15588.85,15597.15,0
2026-03-19 11:15:00,15596.8,15619.9,15588.2,15612.0,0
2026-03-19 12:15:00,15611.7,15622.25,15570.0,15572.0,0
2026-03-19 13:15:00,15572.0,15586.45,15509.35,15517.45,0
2026-03-19 14:15:00,15517.45,15536.3,15432.05,15460.75,0
2026-03-19 15:15:00,15460.75,15535.5,15458.75,15531.85,0
2026-03-20 09:15:00,15590.3,15673.0,15586.4,15630.65,0
2026-03-20 10:15:00,15629.65,15684.7,15602.45,15675.0,0
2026-03-20 11:15:00,15675.1,15721.5,15661.35,15674.3,0
2026-03-20 12:15:00,15674.75,15677.75,15607.05,15673.45,0
2026-03-20 13:15:00,15673.45,15693.4,15650.05,15653.0,0
2026-03-20 14:15:00,15653.0,15654.05,15565.8,15603.3,0
2026-03-20 15:15:00,15603.3,15637.75,15592.35,15634.55,0
2026-03-23 09:15:00,15475.6,15477.9,15282.3,15292.55,0
2026-03-23 10:15:00,15293.0,15306.7,15260.9,15285.0,0
2026-03-23 11:15:00,15285.35,15296.25,15251.0,15281.6,0
2026-03-23 12:15:00,15281.45,15295.2,15241.8,15253.4,0
2026-03-23 13:15:00,15253.55,15337.45,15244.5,15298.2,0
2026-03-23 14:15:00,15298.95,15322.4,15200.5,15219.75,0
2026-03-23 15:15:00,15220.55,15227.1,15189.85,15203.4,0
2026-03-24 09:15:00,15440.9,15478.5,15269.8,15289.7,0
2026-03-24 10:15:00,15290.0,15317.6,15233.9,15272.65,0
2026-03-24 11:15:00,15272.65,15396.85,15272.2,15369.4,0
2026-03-24 12:15:00,15369.05,15521.45,15366.1,15491.45,0
2026-03-24 13:15:00,15493.2,15543.0,15475.15,15496.5,0
2026-03-24 14:15:00,15496.95,15519.2,15392.6,15410.35,0
2026-03-24 15:15:00,15410.35,15441.4,15404.15,15437.85,0
2026-03-25 09:15:00,15508.55,15679.05,15489.75,15677.35,0
2026-03-25 10:15:00,15677.35,15739.25,15666.25,15738.85,0
2026-03-25 11:15:00,15738.85,15758.0,15695.05,15756.5,0
2026-03-25 12:15:00,15756.5,15779.05,15727.75,15749.75,0
2026-03-25 13:15:00,15749.7,15801.5,15736.5,15760.15,0
2026-03-25 14:15:00,15760.15,15769.2,15667.9,15669.05,0
2026-03-25 15:15:00,15668.05,15698.6,15659.0,15693.6,0
2026-03-27 09:15:00,15598.15,15614.6,15509.8,15511.7,0
2026-03-27 10:15:00,15511.95,15532.6,15465.4,15500.75,0
2026-03-27 11:15:00,15500.9,15508.45,15472.25,15494.85,0
2026-03-27 12:15:00,15495.35,15529.5,15476.75,15493.65,0
2026-03-27 13:15:00,15494.05,15525.15,15446.65,15460.7,0
2026-03-27 14:15:00,15460.7,15461.5,15368.7,15373.4,0
2026-03-27 15:15:00,15374.75,15401.75,15372.55,15388.65,0
2026-03-30 09:15:00,15242.6,15333.05,15184.4,15256.05,0
2026-03-30 10:15:00,15256.05,15260.3,15164.55,15172.6,0
2026-03-30 11:15:00,15172.6,15267.65,15161.5,15239.65,0
2026-03-30 12:15:00,15239.4,15249.95,15181.95,15190.65,0
2026-03-30 13:15:00,15191.1,15210.4,15142.3,15153.3,0
2026-03-30 14:15:00,15152.25,15161.1,15063.5,15099.4,0
2026-03-30 15:15:00,15099.7,15116.2,15091.25,15100.2,0
2026-04-01 09:15:00,15437.9,15475.8,15342.7,15405.9,0
2026-04-01 10:15:00,15405.9,15415.65,15289.75,15311.05,0
2026-04-01 11:15:00,15311.05,15360.4,15269.15,15358.4,0
2026-04-01 12:15:00,15357.85,15377.95,15329.3,15352.45,0
2026-04-01 13:15:00,15352.65,15359.45,15222.4,15283.3,0
2026-04-01 14:15:00,15283.3,15283.75,15184.65,15244.25,0
2026-04-01 15:15:00,15244.45,15266.95,15243.95,15257.15,0
2026-04-02 09:15:00,15093.1,15101.8,14941.05,15000.2,0
2026-04-02 10:15:00,15000.2,15037.35,14971.65,15019.65,0
2026-04-02 11:15:00,15019.05,15070.1,15007.15,15046.85,0
2026-04-02 12:15:00,15046.85,15143.6,15024.5,15138.4,0
2026-04-02 13:15:00,15137.85,15259.35,15131.1,15255.4,0
2026-04-02 14:15:00,15255.4,15298.8,15219.35,15295.5,0
2026-04-02 15:15:00,15294.9,15303.5,15254.1,15278.55,0
2026-04-06 09:15:00,15302.25,15324.2,15205.2,15271.15,0
2026-04-06 10:15:00,15271.15,15288.9,15217.65,15227.95,0
2026-04-06 11:15:00,15227.95,15286.5,15223.3,15262.55,0
2026-04-06 12:15:00,15262.3,15370.65,15259.55,15366.3,0
2026-04-06 13:15:00,15367.6,15395.05,15355.0,15384.95,0
2026-04-06 14:15:00,15384.95,15458.3,15377.85,15452.1,0
2026-04-06 15:15:00,15452.1,15455.2,15430.8,15437.2,0
2026-04-07 09:15:00,15356.0,15394.45,15233.8,15387.6,0
2026-04-07 10:15:00,15387.6,15440.85,15353.25,15376.05,0
2026-04-07 11:15:00,15376.0,15469.1,15370.6,15449.7,0
2026-04-07 12:15:00,15449.7,15459.2,15415.65,15444.95,0
2026-04-07 13:15:00,15444.95,15489.8,15429.4,15467.3,0
2026-04-07 14:15:00,15466.5,15558.2,15453.5,15548.65,0
2026-04-07 15:15:00,15547.4,15581.4,15547.4,15567.05,0
2026-04-08 09:15:00,15967.1,15978.95,15857.3,15868.9,0
2026-04-08 10:15:00,15868.4,15936.35,15857.8,15914.75,0
2026-04-08 11:15:00,15914.75,15934.0,15878.25,15890.75,0
2026-04-08 12:15:00,15890.45,15927.0,15874.75,15918.8,0
2026-04-08 13:15:00,15918.35,15943.7,15893.1,15898.85,0
2026-04-08 14:15:00,15899.45,15914.7,15864.2,15899.6,0
2026-04-08 15:15:00,15899.6,15906.5,15894.2,15903.8,0
2026-04-09 09:15:00,15883.05,15972.5,15801.55,15865.0,0
2026-04-09 10:15:00,15865.0,15911.3,15855.65,15909.1,0
2026-04-09 11:15:00,15908.95,15979.5,15887.3,15958.6,0
2026-04-09 12:15:00,15957.95,15962.7,15896.15,15917.8,0
2026-04-09 13:15:00,15917.15,15918.35,15861.45,15866.2,0
2026-04-09 14:15:00,15866.2,15917.4,15835.25,15906.85,0
2026-04-09 15:15:00,15906.1,15907.6,15887.75,15893.6,0
2026-04-10 09:15:00,15915.1,15995.25,15885.55,15990.0,0
2026-04-10 10:15:00,15990.0,16006.65,15970.7,15986.15,0
2026-04-10 11:15:00,15986.15,16015.6,15964.9,16009.75,0
2026-04-10 12:15:00,16011.4,16031.7,16000.3,16005.6,0
2026-04-10 13:15:00,16005.35,16029.75,15992.95,16011.05,0
2026-04-10 14:15:00,16011.05,16048.0,15958.85,16039.5,0
2026-04-10 15:15:00,16039.9,16049.75,16033.55,16044.2,0
2026-04-13 09:15:00,15796.8,15836.1,15737.8,15790.65,0
2026-04-13 10:15:00,15790.65,15864.25,15775.85,15836.05,0
2026-04-13 11:15:00,15835.75,15857.1,15825.65,15840.9,0
2026-04-13 12:15:00,15840.9,15854.2,15817.8,15847.45,0
2026-04-13 13:15:00,15847.3,15869.15,15830.9,15843.1,0
2026-04-13 14:15:00,15843.2,15873.6,15819.35,15833.05,0
2026-04-13 15:15:00,15833.05,15835.8,15819.05,15823.0,0
2026-04-15 09:15:00,15999.6,16052.9,15939.25,16030.3,0
2026-04-15 10:15:00,16030.7,16044.85,15994.65,16006.1,0
2026-04-15 11:15:00,16005.8,16045.85,16001.35,16036.75,0
2026-04-15 12:15:00,16036.75,16050.25,16026.25,16036.8,0
2026-04-15 13:15:00,16036.8,16052.95,16023.85,16049.55,0
2026-04-15 14:15:00,16049.15,16081.0,16048.4,16062.4,0
2026-04-15 15:15:00,16062.4,16068.6,16055.95,16063.25,0
2026-04-16 09:15:00,16137.05,16161.3,16030.05,16045.6,0
2026-04-16 10:15:00,16045.75,16079.8,16037.45,16074.75,0
2026-04-16 11:15:00,16074.5,16077.9,15997.6,16022.4,0
2026-04-16 12:15:00,16022.4,16025.25,15975.5,15983.7,0
2026-04-16 13:15:00,15983.7,16027.6,15974.7,16020.3,0
2026-04-16 14:15:00,16020.05,16075.4,16012.95,16048.35,0
2026-04-16 15:15:00,16048.35,16059.0,16047.1,16050.0,0
2026-04-17 09:15:00,16042.6,16239.45,16004.35,16238.15,0
2026-04-17 10:15:00,16238.2,16276.4,16224.95,16244.75,0
2026-04-17 11:15:00,16244.75,16285.95,16242.7,16280.55,0
2026-04-17 12:15:00,16280.55,16286.9,16250.5,16267.45,0
2026-04-17 13:15:00,16267.45,16279.85,16259.9,16267.85,0
2026-04-17 14:15:00,16267.85,16302.2,16265.2,16295.75,0
2026-04-17 15:15:00,16295.75,16304.35,16290.85,16292.0,0
2026-04-20 09:15:00,16321.3,16332.05,16185.25,16281.7,0
2026-04-20 10:15:00,16281.7,16318.0,16279.05,16301.3,0
2026-04-20 11:15:00,16301.3,16332.45,16299.35,16326.0,0
2026-04-20 12:15:00,16326.0,16354.2,16314.05,16325.0,0
2026-04-20 13:15:00,16325.0,16332.35,16295.6,16310.55,0
2026-04-20 14:15:00,16310.75,16334.7,16304.1,16304.1,0
2026-04-20 15:15:00,16304.1,16305.6,16251.05,16266.6,0
2026-04-21 09:15:00,16308.35,16427.85,16283.95,16423.7,0
2026-04-21 10:15:00,16423.7,16438.55,16409.5,16419.4,0
2026-04-21 11:15:00,16419.75,16420.0,16387.25,16397.15,0
2026-04-21 12:15:00,16397.45,16404.65,16372.3,16373.15,0
2026-04-21 13:15:00,16373.0,16401.95,16368.35,16401.6,0
2026-04-21 14:15:00,16401.85,16496.3,16401.05,16490.2,0
2026-04-21 15:15:00,16490.15,16525.75,16487.65,16523.05,0
2026-04-22 09:15:00,16445.7,16498.75,16393.9,16417.05,0
2026-04-22 10:15:00,16416.95,16460.45,16402.25,16445.15,0
2026-04-22 11:15:00,16445.15,16463.25,16428.75,16461.35,0
2026-04-22 12:15:00,16461.45,16462.55,16435.25,16449.2,0
2026-04-22 13:15:00,16449.2,16457.2,16418.4,16438.55,0
2026-04-22 14:15:00,16438.2,16479.65,16412.5,16415.35,0
2026-04-22 15:15:00,16415.6,16423.35,16399.45,16402.85,0
2026-04-23 09:15:00,16326.7,16439.0,16269.1,16413.8,0
2026-04-23 10:15:00,16413.8,16420.3,16337.4,16353.8,0
2026-04-23 11:15:00,16353.8,16386.2,16341.75,16383.7,0
2026-04-23 12:15:00,16383.7,16392.45,16363.6,16389.25,0
2026-04-23 13:15:00,16389.25,16430.75,16387.25,16402.85,0
2026-04-23 14:15:00,16402.9,16423.65,16357.8,16384.7,0
2026-04-23 15:15:00,16384.7,16386.95,16357.75,16366.1,0
2026-04-24 09:15:00,16351.85,16385.85,16255.15,16279.0,0
2026-04-24 10:15:00,16279.2,16279.2,16224.2,16227.95,0
2026-04-24 11:15:00,16227.95,16242.8,16195.55,16222.3,0
2026-04-24 12:15:00,16222.3,16246.5,16195.0,16200.45,0
2026-04-24 13:15:00,16200.45,16212.8,16179.95,16192.65,0
2026-04-24 14:15:00,16192.65,16238.65,16190.6,16211.7,0
2026-04-24 15:15:00,16211.1,16230.25,16205.35,16217.4,0
2026-04-27 09:15:00,16277.95,16405.85,16274.05,16360.75,0
2026-04-27 10:15:00,16361.5,16394.8,16340.9,16360.6,0
2026-04-27 11:15:00,16360.6,16373.05,16313.65,16365.75,0
2026-04-27 12:15:00,16366.0,16399.25,16360.8,16391.45,0
2026-04-27 13:15:00,16391.15,16399.55,16373.75,16382.45,0
2026-04-27 14:15:00,16382.55,16383.7,16340.3,16341.2,0
2026-04-27 15:15:00,16341.25,16356.15,16330.5,16344.15,0
2026-04-28 09:15:00,16329.6,16413.75,16298.85,16412.15,0
2026-04-28 10:15:00,16412.85,16423.65,16381.15,16392.55,0
2026-04-28 11:15:00,16392.4,16403.5,16339.35,16346.2,0
2026-04-28 12:15:00,16346.3,16350.1,16314.85,16326.75,0
2026-04-28 13:15:00,16326.75,16345.15,16294.0,16304.3,0
2026-04-28 14:15:00,16304.35,16342.45,16279.45,16284.2,0
2026-04-28 15:15:00,16284.6,16300.7,16278.35,16290.1,0
2026-04-29 09:15:00,16355.5,16447.2,16346.15,16433.45,0
2026-04-29 10:15:00,16433.45,16451.0,16419.6,16440.1,0
2026-04-29 11:15:00,16440.1,16485.45,16433.35,16476.55,0
2026-04-29 12:15:00,16476.7,16495.7,16475.65,16486.85,0
2026-04-29 13:15:00,16486.85,16489.45,16394.9,16406.25,0
2026-04-29 14:15:00,16406.25,16423.4,16383.9,16386.3,0
2026-04-29 15:15:00,16386.3,16386.3,16366.55,16376.75,0
2026-04-30 09:15:00,16333.25,16334.65,16203.3,16207.4,0
2026-04-30 10:15:00,16207.7,16286.7,16168.7,16170.35,0
2026-04-30 11:15:00,16170.3,16230.85,16163.2,16230.85,0
2026-04-30 12:15:00,16232.65,16277.3,16221.25,16274.3,0
2026-04-30 13:15:00,16274.15,16329.5,16265.9,16314.7,0
2026-04-30 14:15:00,16314.5,16364.85,16295.45,16302.75,0
2026-04-30 15:15:00,16303.6,16350.8,16297.0,16346.85,0
2026-05-04 09:15:00,16397.4,16521.8,16385.3,16455.55,0
2026-05-04 10:15:00,16455.9,16498.85,16435.1,16478.65,0
2026-05-04 11:15:00,16479.35,16484.4,16377.75,16377.75,0
2026-05-04 12:15:00,16378.7,16401.65,16336.55,16343.7,0
2026-05-04 13:15:00,16343.7,16364.7,16294.0,16362.9,0
2026-05-04 14:15:00,16362.8,16385.75,16338.3,16374.05,0
2026-05-04 15:15:00,16374.05,16379.15,16360.8,16376.2,0
2026-05-05 09:15:00,16363.65,16383.7,16301.25,16312.9,0
2026-05-05 10:15:00,16313.5,16319.0,16282.05,16312.3,0
2026-05-05 11:15:00,16312.15,16328.85,16292.3,16327.05,0
2026-05-05 12:15:00,16327.15,16360.15,16296.9,16354.6,0
2026-05-05 13:15:00,16354.95,16361.15,16313.75,16328.55,0
2026-05-05 14:15:00,16327.8,16386.05,16326.25,16383.65,0
2026-05-05 15:15:00,16383.65,16391.1,16376.2,16381.65,0
2026-05-06 09:15:00,16508.3,16536.3,16435.5,16467.4,0
2026-05-06 10:15:00,16467.75,16479.05,16421.1,16435.35,0
2026-05-06 11:15:00,16435.8,16469.25,16431.85,16463.65,0
2026-05-06 12:15:00,16464.4,16464.4,16426.65,16454.05,0
2026-05-06 13:15:00,16453.75,16485.7,16450.7,16478.25,0
2026-05-06 14:15:00,16478.4,16568.7,16474.8,16556.4,0
2026-05-06 15:15:00,16556.4,16572.65,16546.1,16570.0,0
2026-05-07 09:15:00,16622.1,16627.75,16558.45,16594.4,0
2026-05-07 10:15:00,16595.85,16624.5,16594.7,16601.35,0
2026-05-07 11:15:00,16601.15,16639.5,16588.45,16634.45,0
2026-05-07 12:15:00,16634.3,16671.4,16619.85,16637.75,0
2026-05-07 13:15:00,16637.75,16642.4,16586.55,16601.75,0
2026-05-07 14:15:00,16601.75,16609.75,16570.35,16577.15,0
2026-05-07 15:15:00,16577.6,16606.35,16576.7,16602.6,0
2026-05-08 09:15:00,16566.05,16587.9,16494.05,16559.5,0
2026-05-08 10:15:00,16560.4,16599.05,16546.25,16588.85,0
2026-05-08 11:15:00,16588.85,16596.3,16566.25,16571.35,0
2026-05-08 12:15:00,16571.35,16572.25,16549.7,16558.9,0
2026-05-08 13:15:00,16558.65,16589.7,16552.0,16586.95,0
2026-05-08 14:15:00,16586.35,16615.6,16571.0,16573.45,0
2026-05-08 15:15:00,16574.8,16580.85,16559.55,16567.25,0
2026-05-11 09:15:00,16486.2,16489.65,16390.45,16483.25,0
2026-05-11 10:15:00,16483.55,16508.4,16440.75,16500.3,0
2026-05-11 11:15:00,16500.3,16516.6,16490.65,16507.1,0
2026-05-11 12:15:00,16507.35,16522.2,16492.7,16511.05,0
2026-05-11 13:15:00,16511.55,16550.0,16502.75,16512.75,0
2026-05-11 14:15:00,16512.55,16522.3,16426.6,16427.55,0
2026-05-11 15:15:00,16427.55,16433.45,16414.3,16423.2,0
2026-05-12 09:15:00,16376.35,16403.85,16291.85,16318.9,0
2026-05-12 10:15:00,16318.9,16334.25,16291.55,16293.7,0
2026-05-12 11:15:00,16293.7,16315.55,16277.8,16282.35,0
2026-05-12 12:15:00,16282.15,16295.5,16242.85,16259.5,0
2026-05-12 13:15:00,16260.25,16268.95,16214.7,16218.5,0
2026-05-12 14:15:00,16218.3,16239.65,16131.3,16133.0,0
2026-05-12 15:15:00,16133.0,16175.15,16132.85,16167.5,0
2026-05-13 09:15:00,16159.45,16249.75,16097.5,16186.75,0
2026-05-13 10:15:00,16186.75,16251.6,16134.65,16148.85,0
2026-05-13 11:15:00,16148.85,16218.35,16137.9,16205.8,0
2026-05-13 12:15:00,16205.8,16252.75,16156.75,16243.5,0
2026-05-13 13:15:00,16243.5,16243.5,16200.9,16224.95,0
2026-05-13 14:15:00,16224.25,16229.1,16138.05,16147.3,0
2026-05-13 15:15:00,16147.2,16162.4,16129.85,16159.6,0
2026-05-14 09:15:00,16215.8,16286.1,16146.95,16188.1,0
2026-05-14 10:15:00,16188.1,16215.35,16163.8,16195.3,0
2026-05-14 11:15:00,16195.3,16290.4,16194.7,16270.15,0
2026-05-14 12:15:00,16270.15,16331.95,16268.05,16306.85,0
2026-05-14 13:15:00,16306.5,16341.6,16302.9,16325.6,0
2026-05-14 14:15:00,16325.1,16338.05,16273.55,16282.05,0
2026-05-14 15:15:00,16281.85,16300.85,16275.9,16299.9,0
2026-05-15 09:15:00,16324.35,16456.15,16312.25,16426.2,0
2026-05-15 10:15:00,16425.85,16471.7,16400.1,16401.35,0
2026-05-15 11:15:00,16401.4,16416.25,16363.05,16403.45,0
2026-05-15 12:15:00,16403.45,16447.5,16396.0,16436.4,0
2026-05-15 13:15:00,16436.4,16437.3,16381.1,16396.65,0
2026-05-15 14:15:00,16396.8,16400.05,16337.75,16371.65,0
2026-05-15 15:15:00,16371.05,16377.05,16353.4,16371.0,0
2026-05-18 09:15:00,16304.0,16306.4,16146.0,16172.15,0
2026-05-18 10:15:00,16172.1,16253.9,16169.05,16248.05,0
2026-05-18 11:15:00,16248.05,16283.3,16228.55,16275.65,0
2026-05-18 12:15:00,16274.5,16332.9,16259.65,16301.5,0
2026-05-18 13:15:00,16301.5,16324.6,16292.55,16312.05,0
2026-05-18 14:15:00,16312.05,16349.9,16282.9,16320.95,0
2026-05-18 15:15:00,16320.95,16334.6,16313.55,16322.65,0
2026-05-19 09:15:00,16331.3,16447.75,16331.2,16436.9,0
2026-05-19 10:15:00,16436.9,16463.05,16420.55,16422.0,0
2026-05-19 11:15:00,16421.65,16440.9,16402.35,16409.75,0
2026-05-19 12:15:00,16409.85,16411.85,16392.35,16396.5,0
2026-05-19 13:15:00,16396.5,16418.85,16387.15,16396.3,0
2026-05-19 14:15:00,16396.6,16401.2,16337.2,16346.05,0
2026-05-19 15:15:00,16346.1,16346.75,16320.8,16338.75,0
2026-05-19 16:15:00,16338.75,16338.75,16338.75,16338.75,0
2026-05-19 17:15:00,16338.75,16338.75,16338.75,16338.75,0
