date,open,high,low,close,volume
2026-04-13 09:15:00,1485.9,1492.3,1485.65,1487.0,0
2026-04-13 09:16:00,1486.85,1487.0,1481.7,1483.4,0
2026-04-13 09:17:00,1483.55,1485.75,1483.05,1484.25,0
2026-04-13 09:18:00,1484.3,1484.7,1483.4,1484.05,0
2026-04-13 09:19:00,1484.0,1485.25,1484.0,1485.0,0
2026-04-13 09:20:00,1484.95,1486.8,1484.9,1486.75,0
2026-04-13 09:21:00,1486.65,1487.75,1486.4,1487.4,0
2026-04-13 09:22:00,1487.45,1487.75,1487.05,1487.45,0
2026-04-13 09:23:00,1487.3,1488.6,1487.3,1488.1,0
2026-04-13 09:24:00,1488.1,1488.75,1487.65,1488.7,0
2026-04-13 09:25:00,1488.7,1489.75,1488.3,1489.3,0
2026-04-13 09:26:00,1489.35,1489.6,1488.85,1489.5,0
2026-04-13 09:27:00,1489.35,1490.1,1489.15,1489.65,0
2026-04-13 09:28:00,1489.65,1489.8,1488.85,1489.8,0
2026-04-13 09:29:00,1489.55,1490.4,1489.35,1490.1,0
2026-04-13 09:30:00,1490.05,1490.1,1489.4,1489.45,0
2026-04-13 09:31:00,1489.45,1489.75,1489.2,1489.4,0
2026-04-13 09:32:00,1489.3,1490.4,1489.05,1490.15,0
2026-04-13 09:33:00,1490.1,1490.65,1490.05,1490.35,0
2026-04-13 09:34:00,1490.3,1490.7,1490.2,1490.5,0
2026-04-13 09:35:00,1490.5,1490.5,1488.5,1488.55,0
2026-04-13 09:36:00,1488.4,1488.4,1487.05,1487.1,0
2026-04-13 09:37:00,1487.1,1487.6,1487.05,1487.3,0
2026-04-13 09:38:00,1487.35,1487.45,1487.2,1487.3,0
2026-04-13 09:39:00,1487.3,1487.55,1487.0,1487.3,0
2026-04-13 09:40:00,1487.3,1487.5,1487.05,1487.4,0
2026-04-13 09:41:00,1487.55,1489.55,1487.55,1489.55,0
2026-04-13 09:42:00,1489.65,1490.95,1489.5,1490.15,0
2026-04-13 09:43:00,1490.15,1491.25,1489.75,1490.75,0
2026-04-13 09:44:00,1490.8,1490.8,1490.1,1490.35,0
2026-04-13 09:45:00,1490.35,1490.4,1489.35,1489.55,0
2026-04-13 09:46:00,1489.75,1490.2,1489.6,1490.15,0
2026-04-13 09:47:00,1490.15,1490.6,1490.05,1490.25,0
2026-04-13 09:48:00,1490.25,1490.25,1489.25,1489.9,0
2026-04-13 09:49:00,1489.95,1490.75,1489.65,1490.65,0
2026-04-13 09:50:00,1490.65,1491.3,1490.6,1490.95,0
2026-04-13 09:51:00,1490.95,1491.6,1490.55,1491.6,0
2026-04-13 09:52:00,1491.6,1491.9,1491.4,1491.85,0
2026-04-13 09:53:00,1491.8,1492.3,1491.65,1491.75,0
2026-04-13 09:54:00,1491.75,1492.85,1491.65,1492.15,0
2026-04-13 09:55:00,1492.15,1493.55,1492.05,1493.15,0
2026-04-13 09:56:00,1493.2,1493.55,1493.2,1493.5,0
2026-04-13 09:57:00,1493.45,1493.65,1493.4,1493.65,0
2026-04-13 09:58:00,1493.6,1494.35,1493.55,1494.05,0
2026-04-13 09:59:00,1494.05,1494.3,1494.0,1494.2,0
2026-04-13 10:00:00,1494.2,1494.25,1493.0,1493.1,0
2026-04-13 10:01:00,1493.05,1493.95,1492.85,1493.95,0
2026-04-13 10:02:00,1493.9,1494.35,1493.75,1494.2,0
2026-04-13 10:03:00,1494.25,1494.45,1493.8,1493.95,0
2026-04-13 10:04:00,1493.9,1493.9,1493.0,1493.8,0
2026-04-13 10:05:00,1493.85,1494.35,1493.8,1494.25,0
2026-04-13 10:06:00,1494.25,1494.35,1493.5,1493.6,0
2026-04-13 10:07:00,1493.65,1494.6,1493.4,1494.55,0
2026-04-13 10:08:00,1494.55,1494.7,1493.65,1494.0,0
2026-04-13 10:09:00,1494.0,1494.55,1493.95,1494.5,0
2026-04-13 10:10:00,1494.5,1494.75,1494.15,1494.45,0
2026-04-13 10:11:00,1494.45,1494.8,1493.7,1494.65,0
2026-04-13 10:12:00,1494.65,1495.3,1494.65,1495.1,0
2026-04-13 10:13:00,1495.2,1495.35,1494.7,1494.85,0
2026-04-13 10:14:00,1494.8,1494.8,1493.35,1493.45,0
2026-04-13 10:15:00,1493.4,1493.4,1492.25,1492.5,0
2026-04-13 10:16:00,1492.35,1492.9,1492.1,1492.15,0
2026-04-13 10:17:00,1492.15,1492.5,1492.0,1492.15,0
2026-04-13 10:18:00,1492.15,1493.8,1492.05,1493.8,0
2026-04-13 10:19:00,1493.9,1494.6,1493.65,1494.6,0
2026-04-13 10:20:00,1494.6,1495.9,1494.55,1495.75,0
2026-04-13 10:21:00,1495.85,1497.1,1495.8,1496.8,0
2026-04-13 10:22:00,1496.8,1497.2,1496.6,1497.2,0
2026-04-13 10:23:00,1497.25,1497.45,1496.6,1496.8,0
2026-04-13 10:24:00,1496.9,1497.25,1496.55,1496.6,0
2026-04-13 10:25:00,1496.6,1496.95,1496.4,1496.6,0
2026-04-13 10:26:00,1496.6,1497.2,1496.4,1497.2,0
2026-04-13 10:27:00,1497.25,1498.15,1497.2,1497.9,0
2026-04-13 10:28:00,1497.85,1497.9,1497.45,1497.55,0
2026-04-13 10:29:00,1497.55,1497.65,1497.2,1497.6,0
2026-04-13 10:30:00,1497.6,1497.95,1497.6,1497.8,0
2026-04-13 10:31:00,1497.85,1497.85,1497.1,1497.2,0
2026-04-13 10:32:00,1497.25,1497.7,1497.15,1497.6,0
2026-04-13 10:33:00,1497.6,1497.65,1496.3,1496.5,0
2026-04-13 10:34:00,1496.5,1496.85,1496.45,1496.8,0
2026-04-13 10:35:00,1496.8,1497.0,1496.3,1496.3,0
2026-04-13 10:36:00,1496.35,1496.35,1495.8,1496.0,0
2026-04-13 10:37:00,1496.05,1496.8,1495.8,1496.75,0
2026-04-13 10:38:00,1496.75,1496.85,1496.25,1496.4,0
2026-04-13 10:39:00,1496.45,1497.85,1496.45,1497.75,0
2026-04-13 10:40:00,1497.8,1498.05,1497.75,1497.8,0
2026-04-13 10:41:00,1497.85,1498.2,1494.55,1495.35,0
2026-04-13 10:42:00,1495.35,1495.6,1494.95,1495.0,0
2026-04-13 10:43:00,1494.95,1496.3,1494.95,1496.3,0
2026-04-13 10:44:00,1496.3,1496.75,1496.05,1496.55,0
2026-04-13 10:45:00,1496.55,1497.45,1496.5,1497.35,0
2026-04-13 10:46:00,1497.35,1498.3,1497.3,1498.3,0
2026-04-13 10:47:00,1498.25,1498.3,1497.7,1498.1,0
2026-04-13 10:48:00,1498.05,1498.8,1498.05,1498.4,0
2026-04-13 10:49:00,1498.35,1498.4,1497.75,1498.1,0
2026-04-13 10:50:00,1498.1,1499.0,1498.1,1498.8,0
2026-04-13 10:51:00,1498.8,1498.95,1498.6,1498.7,0
2026-04-13 10:52:00,1498.6,1499.35,1498.6,1499.35,0
2026-04-13 10:53:00,1499.35,1499.7,1499.15,1499.15,0
2026-04-13 10:54:00,1499.15,1499.65,1499.15,1499.45,0
2026-04-13 10:55:00,1499.5,1500.0,1499.4,1499.85,0
2026-04-13 10:56:00,1499.9,1500.25,1499.85,1500.25,0
2026-04-13 10:57:00,1500.3,1500.4,1500.15,1500.3,0
2026-04-13 10:58:00,1500.2,1500.3,1499.5,1499.55,0
2026-04-13 10:59:00,1499.5,1499.6,1498.9,1499.6,0
2026-04-13 11:00:00,1499.45,1499.65,1499.2,1499.4,0
2026-04-13 11:01:00,1499.4,1499.45,1499.05,1499.1,0
2026-04-13 11:02:00,1499.05,1499.55,1499.05,1499.55,0
2026-04-13 11:03:00,1499.5,1499.55,1499.1,1499.15,0
2026-04-13 11:04:00,1499.15,1499.55,1499.15,1499.55,0
2026-04-13 11:05:00,1499.55,1500.4,1499.55,1500.4,0
2026-04-13 11:06:00,1500.35,1500.4,1499.75,1499.8,0
2026-04-13 11:07:00,1499.8,1500.15,1499.75,1500.05,0
2026-04-13 11:08:00,1500.05,1500.5,1499.95,1500.4,0
2026-04-13 11:09:00,1500.4,1500.55,1500.3,1500.35,0
2026-04-13 11:10:00,1500.35,1500.45,1499.4,1499.45,0
2026-04-13 11:11:00,1499.45,1499.45,1499.05,1499.25,0
2026-04-13 11:12:00,1499.3,1500.0,1499.25,1499.95,0
2026-04-13 11:13:00,1500.0,1500.15,1499.85,1499.95,0
2026-04-13 11:14:00,1499.95,1500.0,1499.55,1499.75,0
2026-04-13 11:15:00,1499.8,1500.15,1499.75,1500.05,0
2026-04-13 11:16:00,1500.05,1500.3,1500.0,1500.2,0
2026-04-13 11:17:00,1500.2,1500.3,1500.05,1500.3,0
2026-04-13 11:18:00,1500.3,1500.4,1500.25,1500.35,0
2026-04-13 11:19:00,1500.35,1500.6,1500.3,1500.45,0
2026-04-13 11:20:00,1500.45,1500.75,1500.05,1500.05,0
2026-04-13 11:21:00,1500.05,1500.1,1499.65,1499.9,0
2026-04-13 11:22:00,1499.9,1501.3,1499.9,1501.3,0
2026-04-13 11:23:00,1501.25,1501.55,1500.7,1500.7,0
2026-04-13 11:24:00,1500.7,1500.85,1500.45,1500.5,0
2026-04-13 11:25:00,1500.45,1501.35,1500.45,1501.25,0
2026-04-13 11:26:00,1501.25,1501.35,1501.0,1501.0,0
2026-04-13 11:27:00,1500.95,1500.95,1500.25,1500.3,0
2026-04-13 11:28:00,1500.3,1500.65,1500.2,1500.65,0
2026-04-13 11:29:00,1500.55,1500.65,1500.15,1500.15,0
2026-04-13 11:30:00,1500.15,1500.65,1500.15,1500.65,0
2026-04-13 11:31:00,1500.65,1500.85,1500.05,1500.05,0
2026-04-13 11:32:00,1500.0,1500.05,1499.6,1500.0,0
2026-04-13 11:33:00,1499.9,1500.0,1499.8,1499.8,0
2026-04-13 11:34:00,1499.75,1500.1,1499.75,1500.0,0
2026-04-13 11:35:00,1500.0,1500.7,1500.0,1500.7,0
2026-04-13 11:36:00,1500.75,1500.85,1500.35,1500.75,0
2026-04-13 11:37:00,1500.75,1501.35,1500.7,1501.2,0
2026-04-13 11:38:00,1501.15,1501.55,1501.05,1501.25,0
2026-04-13 11:39:00,1501.2,1501.5,1500.85,1500.85,0
2026-04-13 11:40:00,1500.85,1500.95,1500.75,1500.8,0
2026-04-13 11:41:00,1500.85,1500.85,1500.45,1500.75,0
2026-04-13 11:42:00,1500.75,1500.75,1500.4,1500.45,0
2026-04-13 11:43:00,1500.45,1500.55,1500.35,1500.55,0
2026-04-13 11:44:00,1500.55,1500.9,1500.5,1500.8,0
2026-04-13 11:45:00,1500.8,1501.1,1500.7,1501.1,0
2026-04-13 11:46:00,1501.1,1501.2,1500.95,1501.1,0
2026-04-13 11:47:00,1501.05,1501.2,1500.95,1501.2,0
2026-04-13 11:48:00,1501.2,1501.95,1501.2,1501.9,0
2026-04-13 11:49:00,1501.9,1501.95,1501.7,1501.9,0
2026-04-13 11:50:00,1502.1,1503.0,1502.1,1502.9,0
2026-04-13 11:51:00,1503.1,1503.2,1502.75,1502.95,0
2026-04-13 11:52:00,1502.95,1502.95,1502.2,1502.2,0
2026-04-13 11:53:00,1502.15,1502.45,1502.1,1502.4,0
2026-04-13 11:54:00,1502.35,1503.2,1502.35,1503.15,0
2026-04-13 11:55:00,1503.2,1503.75,1503.2,1503.5,0
2026-04-13 11:56:00,1503.45,1503.5,1502.95,1502.95,0
2026-04-13 11:57:00,1502.95,1503.1,1502.85,1502.85,0
2026-04-13 11:58:00,1502.9,1503.0,1502.8,1502.85,0
2026-04-13 11:59:00,1502.9,1502.9,1502.3,1502.35,0
2026-04-13 12:00:00,1502.35,1502.85,1502.35,1502.8,0
2026-04-13 12:01:00,1502.85,1502.9,1502.4,1502.4,0
2026-04-13 12:02:00,1502.45,1502.7,1502.4,1502.6,0
2026-04-13 12:03:00,1502.6,1502.65,1502.4,1502.6,0
2026-04-13 12:04:00,1502.6,1502.6,1502.35,1502.45,0
2026-04-13 12:05:00,1502.45,1502.9,1502.4,1502.85,0
2026-04-13 12:06:00,1502.85,1503.35,1502.8,1503.3,0
2026-04-13 12:07:00,1503.3,1503.35,1503.05,1503.15,0
2026-04-13 12:08:00,1503.1,1503.15,1502.85,1502.85,0
2026-04-13 12:09:00,1502.9,1503.15,1502.85,1503.05,0
2026-04-13 12:10:00,1503.05,1503.5,1503.05,1503.45,0
2026-04-13 12:11:00,1503.45,1503.5,1502.85,1502.95,0
2026-04-13 12:12:00,1502.95,1502.95,1502.55,1502.55,0
2026-04-13 12:13:00,1502.6,1503.25,1502.5,1503.2,0
2026-04-13 12:14:00,1503.2,1503.6,1503.2,1503.55,0
2026-04-13 12:15:00,1503.55,1503.85,1503.3,1503.4,0
2026-04-13 12:16:00,1503.4,1503.6,1503.2,1503.5,0
2026-04-13 12:17:00,1503.55,1503.65,1503.25,1503.25,0
2026-04-13 12:18:00,1503.3,1503.35,1502.9,1503.15,0
2026-04-13 12:19:00,1503.15,1503.8,1503.05,1503.8,0
2026-04-13 12:20:00,1503.75,1503.9,1503.6,1503.7,0
2026-04-13 12:21:00,1503.75,1503.75,1503.1,1503.1,0
2026-04-13 12:22:00,1503.05,1503.05,1502.4,1502.4,0
2026-04-13 12:23:00,1502.4,1502.7,1502.4,1502.6,0
2026-04-13 12:24:00,1502.65,1502.8,1502.35,1502.75,0
2026-04-13 12:25:00,1502.75,1503.1,1502.7,1503.05,0
2026-04-13 12:26:00,1503.1,1503.8,1503.05,1503.75,0
2026-04-13 12:27:00,1503.8,1504.05,1503.5,1504.05,0
2026-04-13 12:28:00,1504.05,1504.15,1503.85,1504.1,0
2026-04-13 12:29:00,1504.1,1504.25,1504.0,1504.25,0
2026-04-13 12:30:00,1504.3,1504.55,1503.9,1504.05,0
2026-04-13 12:31:00,1504.0,1504.35,1504.0,1504.15,0
2026-04-13 12:32:00,1504.2,1504.25,1504.0,1504.05,0
2026-04-13 12:33:00,1504.05,1504.1,1503.35,1503.75,0
2026-04-13 12:34:00,1503.75,1503.8,1503.55,1503.55,0
2026-04-13 12:35:00,1503.6,1503.8,1503.55,1503.55,0
2026-04-13 12:36:00,1503.6,1503.75,1503.2,1503.55,0
2026-04-13 12:37:00,1503.45,1504.1,1503.45,1504.1,0
2026-04-13 12:38:00,1504.05,1504.65,1504.05,1504.55,0
2026-04-13 12:39:00,1504.55,1504.85,1504.1,1504.1,0
2026-04-13 12:40:00,1504.1,1504.15,1503.55,1503.8,0
2026-04-13 12:41:00,1503.85,1504.1,1503.75,1503.95,0
2026-04-13 12:42:00,1503.95,1504.6,1503.95,1504.6,0
2026-04-13 12:43:00,1504.6,1504.65,1504.35,1504.4,0
2026-04-13 12:44:00,1504.4,1504.6,1504.35,1504.55,0
2026-04-13 12:45:00,1504.55,1504.6,1504.05,1504.1,0
2026-04-13 12:46:00,1504.1,1504.1,1503.55,1503.65,0
2026-04-13 12:47:00,1503.65,1503.95,1503.6,1503.75,0
2026-04-13 12:48:00,1503.75,1504.05,1503.7,1503.75,0
2026-04-13 12:49:00,1503.8,1504.45,1503.75,1504.35,0
2026-04-13 12:50:00,1504.3,1504.45,1504.1,1504.35,0
2026-04-13 12:51:00,1504.3,1504.5,1503.95,1504.4,0
2026-04-13 12:52:00,1504.3,1504.8,1504.3,1504.7,0
2026-04-13 12:53:00,1504.75,1504.85,1504.55,1504.7,0
2026-04-13 12:54:00,1504.6,1504.6,1503.5,1503.55,0
2026-04-13 12:55:00,1503.55,1503.55,1503.2,1503.3,0
2026-04-13 12:56:00,1503.3,1503.55,1502.35,1502.4,0
2026-04-13 12:57:00,1502.35,1502.7,1500.95,1502.7,0
2026-04-13 12:58:00,1502.7,1503.8,1502.7,1503.25,0
2026-04-13 12:59:00,1503.3,1503.3,1502.65,1502.65,0
2026-04-13 13:00:00,1502.7,1502.75,1502.1,1502.6,0
2026-04-13 13:01:00,1502.6,1503.1,1502.6,1502.85,0
2026-04-13 13:02:00,1502.85,1502.85,1501.6,1501.6,0
2026-04-13 13:03:00,1501.6,1501.6,1500.5,1500.65,0
2026-04-13 13:04:00,1500.65,1501.6,1500.65,1501.35,0
2026-04-13 13:05:00,1501.35,1502.2,1501.35,1502.1,0
2026-04-13 13:06:00,1502.1,1502.65,1502.05,1502.6,0
2026-04-13 13:07:00,1502.55,1502.8,1502.55,1502.8,0
2026-04-13 13:08:00,1502.8,1503.1,1502.75,1503.05,0
2026-04-13 13:09:00,1503.1,1503.4,1503.0,1503.05,0
2026-04-13 13:10:00,1502.95,1502.95,1502.55,1502.65,0
2026-04-13 13:11:00,1502.65,1503.2,1502.55,1503.15,0
2026-04-13 13:12:00,1503.2,1503.75,1503.15,1503.7,0
2026-04-13 13:13:00,1503.7,1503.8,1503.0,1503.0,0
2026-04-13 13:14:00,1503.0,1503.65,1502.9,1503.6,0
2026-04-13 13:15:00,1503.6,1504.2,1503.6,1503.8,0
2026-04-13 13:16:00,1503.85,1503.85,1503.1,1503.15,0
2026-04-13 13:17:00,1503.15,1503.15,1502.8,1502.8,0
2026-04-13 13:18:00,1502.8,1503.65,1502.7,1503.55,0
2026-04-13 13:19:00,1503.55,1504.15,1503.55,1504.15,0
2026-04-13 13:20:00,1504.2,1504.4,1503.75,1503.9,0
2026-04-13 13:21:00,1503.85,1504.1,1503.8,1504.0,0
2026-04-13 13:22:00,1504.0,1504.0,1503.6,1503.65,0
2026-04-13 13:23:00,1503.65,1503.65,1503.2,1503.5,0
2026-04-13 13:24:00,1503.5,1503.55,1503.2,1503.5,0
2026-04-13 13:25:00,1503.5,1503.85,1503.45,1503.7,0
2026-04-13 13:26:00,1503.65,1503.7,1503.25,1503.25,0
2026-04-13 13:27:00,1503.25,1503.6,1503.1,1503.4,0
2026-04-13 13:28:00,1503.4,1503.6,1503.4,1503.55,0
2026-04-13 13:29:00,1503.55,1503.55,1503.25,1503.25,0
2026-04-13 13:30:00,1503.3,1503.7,1503.25,1503.5,0
2026-04-13 13:31:00,1503.5,1503.9,1503.45,1503.9,0
2026-04-13 13:32:00,1503.9,1504.5,1503.85,1504.25,0
2026-04-13 13:33:00,1504.3,1504.8,1504.1,1504.4,0
2026-04-13 13:34:00,1504.35,1504.95,1504.35,1504.45,0
2026-04-13 13:35:00,1504.45,1504.75,1504.25,1504.55,0
2026-04-13 13:36:00,1504.6,1504.75,1504.15,1504.5,0
2026-04-13 13:37:00,1504.5,1505.0,1504.5,1505.0,0
2026-04-13 13:38:00,1504.95,1505.05,1504.45,1504.45,0
2026-04-13 13:39:00,1504.5,1504.5,1503.95,1504.45,0
2026-04-13 13:40:00,1504.45,1504.5,1504.05,1504.15,0
2026-04-13 13:41:00,1504.1,1504.2,1503.65,1503.9,0
2026-04-13 13:42:00,1503.9,1504.3,1503.7,1503.7,0
2026-04-13 13:43:00,1503.7,1504.25,1503.7,1504.2,0
2026-04-13 13:44:00,1504.2,1504.3,1503.9,1503.9,0
2026-04-13 13:45:00,1503.95,1504.0,1503.65,1503.75,0
2026-04-13 13:46:00,1503.75,1503.9,1503.65,1503.7,0
2026-04-13 13:47:00,1503.7,1503.85,1503.65,1503.65,0
2026-04-13 13:48:00,1503.65,1503.8,1503.55,1503.8,0
2026-04-13 13:49:00,1503.75,1504.0,1503.75,1503.85,0
2026-04-13 13:50:00,1503.85,1504.1,1503.65,1503.95,0
2026-04-13 13:51:00,1503.95,1504.15,1503.75,1504.1,0
2026-04-13 13:52:00,1504.05,1505.5,1504.05,1505.45,0
2026-04-13 13:53:00,1505.45,1505.65,1505.1,1505.45,0
2026-04-13 13:54:00,1505.45,1506.05,1505.35,1506.0,0
2026-04-13 13:55:00,1506.05,1506.6,1505.85,1506.5,0
2026-04-13 13:56:00,1506.55,1506.85,1506.4,1506.8,0
2026-04-13 13:57:00,1506.85,1507.15,1506.75,1506.9,0
2026-04-13 13:58:00,1506.9,1507.3,1506.75,1506.75,0
2026-04-13 13:59:00,1506.75,1506.85,1506.5,1506.55,0
2026-04-13 14:00:00,1506.5,1506.7,1506.15,1506.2,0
2026-04-13 14:01:00,1506.2,1506.5,1506.15,1506.45,0
2026-04-13 14:02:00,1506.4,1506.55,1506.05,1506.1,0
2026-04-13 14:03:00,1506.1,1506.25,1505.9,1506.0,0
2026-04-13 14:04:00,1506.0,1506.3,1505.95,1506.2,0
2026-04-13 14:05:00,1506.2,1506.25,1505.0,1505.15,0
2026-04-13 14:06:00,1505.2,1505.35,1504.6,1504.65,0
2026-04-13 14:07:00,1504.65,1504.85,1504.3,1504.8,0
2026-04-13 14:08:00,1504.85,1505.15,1504.75,1504.95,0
2026-04-13 14:09:00,1505.0,1505.0,1504.0,1504.15,0
2026-04-13 14:10:00,1504.1,1504.1,1503.45,1503.65,0
2026-04-13 14:11:00,1503.7,1503.7,1503.1,1503.25,0
2026-04-13 14:12:00,1503.2,1503.95,1503.2,1503.9,0
2026-04-13 14:13:00,1503.9,1504.0,1503.55,1503.85,0
2026-04-13 14:14:00,1503.85,1504.25,1503.65,1504.25,0
2026-04-13 14:15:00,1504.25,1504.55,1503.4,1503.4,0
2026-04-13 14:16:00,1503.35,1503.8,1503.25,1503.4,0
2026-04-13 14:17:00,1503.35,1503.95,1503.25,1503.95,0
2026-04-13 14:18:00,1503.95,1504.7,1503.85,1503.85,0
2026-04-13 14:19:00,1503.85,1504.15,1503.55,1504.15,0
2026-04-13 14:20:00,1504.15,1504.45,1504.1,1504.25,0
2026-04-13 14:21:00,1504.15,1504.35,1503.9,1504.2,0
2026-04-13 14:22:00,1504.15,1504.85,1503.95,1504.8,0
2026-04-13 14:23:00,1504.75,1504.9,1504.4,1504.45,0
2026-04-13 14:24:00,1504.45,1504.5,1504.15,1504.45,0
2026-04-13 14:25:00,1504.45,1505.2,1504.45,1505.1,0
2026-04-13 14:26:00,1505.1,1505.3,1504.8,1505.3,0
2026-04-13 14:27:00,1505.25,1505.45,1505.1,1505.2,0
2026-04-13 14:28:00,1505.2,1505.4,1504.9,1504.95,0
2026-04-13 14:29:00,1504.95,1504.95,1504.6,1504.65,0
2026-04-13 14:30:00,1504.6,1506.05,1504.6,1506.05,0
2026-04-13 14:31:00,1506.05,1506.05,1505.55,1505.7,0
2026-04-13 14:32:00,1505.7,1506.0,1505.55,1505.95,0
2026-04-13 14:33:00,1505.95,1506.3,1505.9,1505.95,0
2026-04-13 14:34:00,1505.95,1505.95,1505.65,1505.65,0
2026-04-13 14:35:00,1505.65,1505.85,1505.35,1505.8,0
2026-04-13 14:36:00,1505.85,1505.9,1505.5,1505.7,0
2026-04-13 14:37:00,1505.7,1506.0,1505.45,1505.45,0
2026-04-13 14:38:00,1505.5,1506.5,1505.5,1506.15,0
2026-04-13 14:39:00,1506.2,1506.25,1505.2,1505.2,0
2026-04-13 14:40:00,1505.2,1505.8,1504.9,1505.4,0
2026-04-13 14:41:00,1505.4,1505.7,1505.35,1505.5,0
2026-04-13 14:42:00,1505.45,1505.55,1504.9,1504.9,0
2026-04-13 14:43:00,1504.95,1504.95,1504.35,1504.5,0
2026-04-13 14:44:00,1504.5,1505.2,1504.25,1504.95,0
2026-04-13 14:45:00,1504.95,1505.25,1504.45,1505.25,0
2026-04-13 14:46:00,1505.2,1505.6,1505.1,1505.25,0
2026-04-13 14:47:00,1505.25,1505.3,1504.95,1505.05,0
2026-04-13 14:48:00,1505.05,1506.0,1504.9,1506.0,0
2026-04-13 14:49:00,1505.95,1506.2,1505.85,1506.0,0
2026-04-13 14:50:00,1506.0,1506.0,1505.45,1505.6,0
2026-04-13 14:51:00,1505.6,1505.95,1505.55,1505.9,0
2026-04-13 14:52:00,1505.9,1506.2,1505.85,1505.85,0
2026-04-13 14:53:00,1505.8,1505.9,1505.6,1505.75,0
2026-04-13 14:54:00,1505.7,1505.75,1505.05,1505.55,0
2026-04-13 14:55:00,1505.45,1506.15,1505.45,1505.8,0
2026-04-13 14:56:00,1505.8,1505.8,1505.35,1505.4,0
2026-04-13 14:57:00,1505.4,1505.5,1505.25,1505.45,0
2026-04-13 14:58:00,1505.45,1506.0,1505.45,1505.9,0
2026-04-13 14:59:00,1505.9,1506.0,1505.45,1505.45,0
2026-04-13 15:00:00,1505.45,1505.45,1502.25,1502.25,0
2026-04-13 15:01:00,1502.25,1502.65,1501.3,1502.5,0
2026-04-13 15:02:00,1502.5,1504.25,1502.4,1504.2,0
2026-04-13 15:03:00,1504.2,1505.15,1503.7,1503.7,0
2026-04-13 15:04:00,1503.7,1503.95,1502.55,1502.6,0
2026-04-13 15:05:00,1502.6,1503.0,1501.9,1502.65,0
2026-04-13 15:06:00,1502.65,1504.1,1502.65,1503.9,0
2026-04-13 15:07:00,1503.9,1503.95,1502.2,1502.2,0
2026-04-13 15:08:00,1502.2,1502.95,1502.05,1502.25,0
2026-04-13 15:09:00,1502.25,1502.7,1502.2,1502.5,0
2026-04-13 15:10:00,1502.5,1502.9,1502.0,1502.75,0
2026-04-13 15:11:00,1502.75,1503.45,1502.5,1503.45,0
2026-04-13 15:12:00,1503.45,1503.85,1503.15,1503.15,0
2026-04-13 15:13:00,1503.15,1503.15,1502.2,1502.25,0
2026-04-13 15:14:00,1502.25,1503.15,1502.15,1502.95,0
2026-04-13 15:15:00,1502.95,1503.05,1502.6,1502.7,0
2026-04-13 15:16:00,1502.7,1502.75,1502.4,1502.4,0
2026-04-13 15:17:00,1502.4,1502.45,1501.85,1502.35,0
2026-04-13 15:18:00,1502.35,1502.7,1502.25,1502.4,0
2026-04-13 15:19:00,1502.4,1502.5,1501.7,1501.7,0
2026-04-13 15:20:00,1501.7,1502.05,1501.35,1501.95,0
2026-04-13 15:21:00,1501.95,1502.4,1501.95,1502.35,0
2026-04-13 15:22:00,1502.35,1502.45,1502.05,1502.1,0
2026-04-13 15:23:00,1502.1,1502.1,1501.7,1501.8,0
2026-04-13 15:24:00,1501.8,1501.95,1501.7,1501.9,0
2026-04-13 15:25:00,1501.9,1502.15,1501.6,1502.0,0
2026-04-13 15:26:00,1502.0,1502.05,1501.75,1501.9,0
2026-04-13 15:27:00,1501.9,1502.3,1501.8,1502.2,0
2026-04-13 15:28:00,1502.2,1502.45,1502.1,1502.15,0
2026-04-13 15:29:00,1502.15,1502.25,1501.6,1501.8,0
2026-04-15 09:15:00,1524.7,1531.1,1524.15,1526.45,0
2026-04-15 09:16:00,1526.2,1528.85,1525.25,1528.65,0
2026-04-15 09:17:00,1528.6,1529.5,1528.05,1528.8,0
2026-04-15 09:18:00,1528.8,1529.9,1528.65,1529.35,0
2026-04-15 09:19:00,1529.25,1529.95,1529.15,1529.8,0
2026-04-15 09:20:00,1529.8,1530.15,1529.7,1529.9,0
2026-04-15 09:21:00,1529.9,1529.9,1528.7,1528.8,0
2026-04-15 09:22:00,1528.75,1529.35,1528.1,1528.5,0
2026-04-15 09:23:00,1528.45,1528.6,1528.15,1528.4,0
2026-04-15 09:24:00,1528.35,1528.5,1527.65,1527.75,0
2026-04-15 09:25:00,1527.75,1528.05,1527.5,1528.0,0
2026-04-15 09:26:00,1528.0,1528.0,1527.15,1527.15,0
2026-04-15 09:27:00,1527.2,1527.3,1526.2,1526.2,0
2026-04-15 09:28:00,1526.2,1526.25,1525.65,1526.1,0
2026-04-15 09:29:00,1526.15,1526.35,1525.75,1526.2,0
2026-04-15 09:30:00,1526.25,1526.35,1525.35,1525.8,0
2026-04-15 09:31:00,1525.75,1525.85,1525.45,1525.85,0
2026-04-15 09:32:00,1525.85,1526.1,1525.5,1526.1,0
2026-04-15 09:33:00,1526.1,1526.3,1525.5,1525.55,0
2026-04-15 09:34:00,1525.6,1525.65,1524.95,1525.2,0
2026-04-15 09:35:00,1525.2,1525.6,1525.2,1525.45,0
2026-04-15 09:36:00,1525.35,1525.95,1525.2,1525.2,0
2026-04-15 09:37:00,1525.15,1525.35,1524.85,1525.0,0
2026-04-15 09:38:00,1524.95,1525.15,1523.7,1523.7,0
2026-04-15 09:39:00,1523.7,1524.3,1523.65,1524.15,0
2026-04-15 09:40:00,1524.2,1525.75,1524.2,1525.75,0
2026-04-15 09:41:00,1525.75,1526.2,1525.7,1526.2,0
2026-04-15 09:42:00,1526.15,1526.9,1526.15,1526.85,0
2026-04-15 09:43:00,1526.85,1528.05,1526.8,1528.05,0
2026-04-15 09:44:00,1528.05,1528.4,1527.85,1527.9,0
2026-04-15 09:45:00,1527.9,1528.7,1527.9,1528.55,0
2026-04-15 09:46:00,1528.55,1528.75,1528.25,1528.4,0
2026-04-15 09:47:00,1528.4,1528.55,1527.9,1528.1,0
2026-04-15 09:48:00,1528.05,1528.05,1526.8,1526.9,0
2026-04-15 09:49:00,1526.9,1527.0,1526.55,1526.55,0
2026-04-15 09:50:00,1526.5,1526.7,1526.2,1526.25,0
2026-04-15 09:51:00,1526.2,1526.85,1526.2,1526.75,0
2026-04-15 09:52:00,1526.8,1527.75,1526.75,1527.75,0
2026-04-15 09:53:00,1527.7,1527.95,1527.6,1527.95,0
2026-04-15 09:54:00,1527.9,1528.25,1527.85,1527.95,0
2026-04-15 09:55:00,1527.95,1528.45,1527.9,1528.4,0
2026-04-15 09:56:00,1528.3,1528.4,1528.05,1528.15,0
2026-04-15 09:57:00,1528.15,1528.45,1527.95,1528.3,0
2026-04-15 09:58:00,1528.3,1528.35,1527.25,1527.45,0
2026-04-15 09:59:00,1527.45,1527.85,1527.4,1527.8,0
2026-04-15 10:00:00,1527.85,1528.1,1527.85,1528.0,0
2026-04-15 10:01:00,1528.0,1528.55,1527.85,1527.9,0
2026-04-15 10:02:00,1527.85,1527.95,1527.5,1527.8,0
2026-04-15 10:03:00,1527.85,1528.35,1527.85,1528.35,0
2026-04-15 10:04:00,1528.35,1528.8,1528.35,1528.8,0
2026-04-15 10:05:00,1528.8,1529.25,1528.8,1529.05,0
2026-04-15 10:06:00,1529.0,1529.45,1529.0,1529.4,0
2026-04-15 10:07:00,1529.5,1529.7,1529.3,1529.35,0
2026-04-15 10:08:00,1529.35,1529.45,1528.75,1528.85,0
2026-04-15 10:09:00,1528.8,1529.05,1528.8,1528.9,0
2026-04-15 10:10:00,1528.8,1529.5,1528.65,1529.5,0
2026-04-15 10:11:00,1529.5,1529.55,1529.05,1529.3,0
2026-04-15 10:12:00,1529.3,1529.9,1529.3,1529.75,0
2026-04-15 10:13:00,1529.7,1529.8,1529.25,1529.25,0
2026-04-15 10:14:00,1529.25,1529.3,1529.15,1529.25,0
2026-04-15 10:15:00,1529.25,1529.9,1529.25,1529.65,0
2026-04-15 10:16:00,1529.75,1530.15,1529.75,1530.05,0
2026-04-15 10:17:00,1530.0,1530.25,1530.0,1530.2,0
2026-04-15 10:18:00,1530.2,1530.4,1530.1,1530.25,0
2026-04-15 10:19:00,1530.3,1530.7,1530.3,1530.55,0
2026-04-15 10:20:00,1530.55,1530.9,1530.5,1530.8,0
2026-04-15 10:21:00,1530.85,1530.9,1530.3,1530.3,0
2026-04-15 10:22:00,1530.35,1530.4,1529.7,1530.4,0
2026-04-15 10:23:00,1530.4,1531.05,1530.3,1530.95,0
2026-04-15 10:24:00,1530.95,1531.15,1530.8,1530.8,0
2026-04-15 10:25:00,1530.8,1530.9,1530.3,1530.4,0
2026-04-15 10:26:00,1530.4,1530.65,1530.35,1530.45,0
2026-04-15 10:27:00,1530.45,1530.75,1530.45,1530.7,0
2026-04-15 10:28:00,1530.7,1530.75,1530.45,1530.5,0
2026-04-15 10:29:00,1530.45,1530.5,1530.25,1530.35,0
2026-04-15 10:30:00,1530.4,1531.15,1530.4,1531.0,0
2026-04-15 10:31:00,1531.0,1531.05,1530.5,1530.5,0
2026-04-15 10:32:00,1530.5,1530.7,1530.3,1530.7,0
2026-04-15 10:33:00,1530.7,1530.9,1530.6,1530.85,0
2026-04-15 10:34:00,1530.9,1531.05,1530.5,1530.65,0
2026-04-15 10:35:00,1530.65,1530.8,1530.45,1530.55,0
2026-04-15 10:36:00,1530.55,1530.75,1530.1,1530.1,0
2026-04-15 10:37:00,1530.1,1530.55,1529.95,1530.45,0
2026-04-15 10:38:00,1530.45,1530.55,1530.25,1530.35,0
2026-04-15 10:39:00,1530.35,1530.45,1529.8,1530.0,0
2026-04-15 10:40:00,1530.05,1530.3,1530.0,1530.2,0
2026-04-15 10:41:00,1530.2,1530.3,1529.95,1530.0,0
2026-04-15 10:42:00,1529.95,1530.4,1529.95,1530.4,0
2026-04-15 10:43:00,1530.35,1530.55,1530.3,1530.3,0
2026-04-15 10:44:00,1530.25,1530.35,1529.75,1530.05,0
2026-04-15 10:45:00,1530.05,1530.4,1529.95,1530.15,0
2026-04-15 10:46:00,1530.15,1530.35,1530.05,1530.25,0
2026-04-15 10:47:00,1530.25,1530.35,1530.1,1530.3,0
2026-04-15 10:48:00,1530.3,1530.7,1530.2,1530.5,0
2026-04-15 10:49:00,1530.5,1530.5,1530.3,1530.3,0
2026-04-15 10:50:00,1530.3,1530.3,1528.95,1529.0,0
2026-04-15 10:51:00,1529.0,1529.1,1528.7,1528.95,0
2026-04-15 10:52:00,1528.9,1528.95,1528.6,1528.6,0
2026-04-15 10:53:00,1528.55,1528.6,1527.8,1527.8,0
2026-04-15 10:54:00,1527.8,1528.7,1527.7,1528.45,0
2026-04-15 10:55:00,1528.5,1528.9,1528.4,1528.9,0
2026-04-15 10:56:00,1528.9,1529.0,1528.6,1528.75,0
2026-04-15 10:57:00,1528.75,1529.3,1528.7,1529.25,0
2026-04-15 10:58:00,1529.3,1529.4,1528.65,1528.65,0
2026-04-15 10:59:00,1528.7,1528.8,1528.45,1528.45,0
2026-04-15 11:00:00,1528.45,1528.5,1527.85,1528.0,0
2026-04-15 11:01:00,1528.05,1528.4,1527.95,1528.2,0
2026-04-15 11:02:00,1528.2,1528.55,1528.2,1528.45,0
2026-04-15 11:03:00,1528.45,1528.45,1527.9,1528.2,0
2026-04-15 11:04:00,1528.2,1528.35,1528.2,1528.3,0
2026-04-15 11:05:00,1528.3,1528.35,1528.1,1528.15,0
2026-04-15 11:06:00,1528.15,1528.2,1527.65,1527.7,0
2026-04-15 11:07:00,1527.7,1527.75,1527.2,1527.2,0
2026-04-15 11:08:00,1527.25,1527.85,1527.25,1527.8,0
2026-04-15 11:09:00,1527.8,1527.85,1527.1,1527.25,0
2026-04-15 11:10:00,1527.25,1527.3,1526.8,1526.85,0
2026-04-15 11:11:00,1526.8,1527.25,1526.75,1527.2,0
2026-04-15 11:12:00,1527.2,1527.5,1527.1,1527.15,0
2026-04-15 11:13:00,1527.15,1527.3,1527.0,1527.2,0
2026-04-15 11:14:00,1527.25,1527.55,1527.15,1527.15,0
2026-04-15 11:15:00,1527.15,1527.25,1526.7,1527.25,0
2026-04-15 11:16:00,1527.3,1527.65,1527.3,1527.65,0
2026-04-15 11:17:00,1527.65,1528.05,1527.6,1527.95,0
2026-04-15 11:18:00,1527.95,1528.45,1527.8,1527.8,0
2026-04-15 11:19:00,1527.8,1527.85,1527.05,1527.1,0
2026-04-15 11:20:00,1527.15,1527.8,1527.15,1527.75,0
2026-04-15 11:21:00,1527.8,1528.0,1527.75,1528.0,0
2026-04-15 11:22:00,1528.0,1528.55,1527.95,1528.15,0
2026-04-15 11:23:00,1528.15,1528.35,1527.9,1527.9,0
2026-04-15 11:24:00,1527.9,1528.35,1527.9,1528.35,0
2026-04-15 11:25:00,1528.35,1528.4,1527.85,1527.9,0
2026-04-15 11:26:00,1527.9,1527.95,1527.3,1527.3,0
2026-04-15 11:27:00,1527.3,1528.0,1527.3,1527.95,0
2026-04-15 11:28:00,1527.95,1528.1,1527.6,1527.7,0
2026-04-15 11:29:00,1527.75,1527.9,1527.7,1527.85,0
2026-04-15 11:30:00,1527.85,1528.3,1527.75,1528.1,0
2026-04-15 11:31:00,1528.1,1528.35,1528.05,1528.3,0
2026-04-15 11:32:00,1528.3,1528.35,1528.05,1528.05,0
2026-04-15 11:33:00,1528.15,1528.15,1527.95,1528.0,0
2026-04-15 11:34:00,1527.95,1528.3,1527.95,1528.2,0
2026-04-15 11:35:00,1528.25,1528.55,1528.2,1528.55,0
2026-04-15 11:36:00,1528.55,1528.75,1528.55,1528.65,0
2026-04-15 11:37:00,1528.7,1528.95,1528.65,1528.7,0
2026-04-15 11:38:00,1528.7,1528.85,1528.65,1528.75,0
2026-04-15 11:39:00,1528.75,1528.8,1528.65,1528.8,0
2026-04-15 11:40:00,1528.85,1528.95,1528.5,1528.65,0
2026-04-15 11:41:00,1528.7,1529.15,1528.7,1529.05,0
2026-04-15 11:42:00,1529.0,1529.1,1528.9,1529.0,0
2026-04-15 11:43:00,1529.05,1529.25,1529.05,1529.2,0
2026-04-15 11:44:00,1529.25,1529.45,1529.15,1529.4,0
2026-04-15 11:45:00,1529.4,1529.55,1529.0,1529.0,0
2026-04-15 11:46:00,1529.05,1529.25,1529.0,1529.15,0
2026-04-15 11:47:00,1529.2,1529.4,1529.05,1529.4,0
2026-04-15 11:48:00,1529.4,1529.95,1529.4,1529.9,0
2026-04-15 11:49:00,1529.95,1530.1,1529.9,1530.0,0
2026-04-15 11:50:00,1530.0,1530.15,1529.95,1530.0,0
2026-04-15 11:51:00,1530.0,1530.2,1529.95,1530.1,0
2026-04-15 11:52:00,1530.1,1530.15,1529.95,1530.0,0
2026-04-15 11:53:00,1529.95,1529.95,1529.8,1529.9,0
2026-04-15 11:54:00,1529.9,1530.35,1529.9,1530.2,0
2026-04-15 11:55:00,1530.2,1530.25,1529.95,1530.05,0
2026-04-15 11:56:00,1530.05,1530.15,1529.8,1529.8,0
2026-04-15 11:57:00,1529.85,1529.95,1529.65,1529.65,0
2026-04-15 11:58:00,1529.65,1529.75,1529.45,1529.5,0
2026-04-15 11:59:00,1529.5,1529.7,1529.5,1529.65,0
2026-04-15 12:00:00,1529.7,1530.2,1529.7,1530.2,0
2026-04-15 12:01:00,1530.2,1530.25,1529.95,1530.0,0
2026-04-15 12:02:00,1530.0,1530.15,1529.9,1530.15,0
2026-04-15 12:03:00,1530.15,1530.25,1529.95,1530.15,0
2026-04-15 12:04:00,1530.15,1530.55,1530.1,1530.45,0
2026-04-15 12:05:00,1530.45,1530.5,1530.05,1530.05,0
2026-04-15 12:06:00,1530.05,1530.15,1529.85,1529.95,0
2026-04-15 12:07:00,1529.95,1530.0,1529.75,1529.8,0
2026-04-15 12:08:00,1529.8,1529.9,1529.75,1529.85,0
2026-04-15 12:09:00,1529.85,1530.1,1529.8,1529.95,0
2026-04-15 12:10:00,1530.0,1530.4,1529.95,1530.35,0
2026-04-15 12:11:00,1530.35,1530.5,1530.35,1530.4,0
2026-04-15 12:12:00,1530.4,1530.5,1530.2,1530.3,0
2026-04-15 12:13:00,1530.3,1530.4,1530.0,1530.05,0
2026-04-15 12:14:00,1530.05,1530.15,1530.0,1530.0,0
2026-04-15 12:15:00,1530.05,1530.2,1530.0,1530.15,0
2026-04-15 12:16:00,1530.15,1530.35,1530.15,1530.35,0
2026-04-15 12:17:00,1530.35,1530.4,1529.75,1529.8,0
2026-04-15 12:18:00,1529.75,1529.8,1529.4,1529.55,0
2026-04-15 12:19:00,1529.55,1529.7,1529.5,1529.65,0
2026-04-15 12:20:00,1529.6,1529.85,1529.5,1529.65,0
2026-04-15 12:21:00,1529.65,1529.7,1529.0,1529.1,0
2026-04-15 12:22:00,1529.1,1529.1,1528.85,1528.9,0
2026-04-15 12:23:00,1528.9,1529.3,1528.9,1529.25,0
2026-04-15 12:24:00,1529.3,1529.9,1529.3,1529.75,0
2026-04-15 12:25:00,1529.75,1529.85,1529.7,1529.85,0
2026-04-15 12:26:00,1529.85,1529.9,1529.75,1529.8,0
2026-04-15 12:27:00,1529.8,1530.2,1529.8,1530.0,0
2026-04-15 12:28:00,1530.0,1530.0,1529.65,1529.8,0
2026-04-15 12:29:00,1529.8,1529.85,1529.55,1529.6,0
2026-04-15 12:30:00,1529.55,1529.65,1529.3,1529.3,0
2026-04-15 12:31:00,1529.3,1529.5,1529.15,1529.2,0
2026-04-15 12:32:00,1529.15,1529.35,1529.1,1529.1,0
2026-04-15 12:33:00,1529.15,1529.5,1529.1,1529.3,0
2026-04-15 12:34:00,1529.3,1529.4,1529.15,1529.35,0
2026-04-15 12:35:00,1529.35,1529.7,1529.25,1529.7,0
2026-04-15 12:36:00,1529.65,1530.1,1529.65,1530.1,0
2026-04-15 12:37:00,1530.1,1530.1,1530.0,1530.05,0
2026-04-15 12:38:00,1530.05,1530.25,1530.0,1530.2,0
2026-04-15 12:39:00,1530.2,1530.3,1530.0,1530.05,0
2026-04-15 12:40:00,1530.05,1530.1,1529.85,1529.9,0
2026-04-15 12:41:00,1529.95,1530.05,1529.65,1529.65,0
2026-04-15 12:42:00,1529.65,1529.75,1529.35,1529.35,0
2026-04-15 12:43:00,1529.4,1529.7,1529.25,1529.7,0
2026-04-15 12:44:00,1529.7,1530.0,1529.65,1529.8,0
2026-04-15 12:45:00,1529.8,1530.15,1529.8,1530.1,0
2026-04-15 12:46:00,1530.15,1530.2,1529.8,1529.85,0
2026-04-15 12:47:00,1529.9,1529.95,1529.25,1529.25,0
2026-04-15 12:48:00,1529.25,1529.25,1528.85,1528.95,0
2026-04-15 12:49:00,1528.95,1529.25,1528.9,1529.2,0
2026-04-15 12:50:00,1529.25,1529.5,1529.25,1529.45,0
2026-04-15 12:51:00,1529.45,1530.15,1529.45,1530.0,0
2026-04-15 12:52:00,1530.0,1530.0,1529.45,1529.45,0
2026-04-15 12:53:00,1529.45,1529.5,1528.6,1528.8,0
2026-04-15 12:54:00,1528.8,1529.1,1528.7,1529.1,0
2026-04-15 12:55:00,1529.05,1529.25,1529.0,1529.2,0
2026-04-15 12:56:00,1529.2,1529.4,1529.1,1529.4,0
2026-04-15 12:57:00,1529.4,1529.5,1529.2,1529.3,0
2026-04-15 12:58:00,1529.3,1529.3,1528.8,1528.8,0
2026-04-15 12:59:00,1528.8,1528.9,1528.65,1528.7,0
2026-04-15 13:00:00,1528.65,1528.7,1528.3,1528.3,0
2026-04-15 13:01:00,1528.35,1528.9,1528.25,1528.9,0
2026-04-15 13:02:00,1528.9,1529.2,1528.85,1529.2,0
2026-04-15 13:03:00,1529.2,1529.25,1529.05,1529.2,0
2026-04-15 13:04:00,1529.15,1529.15,1528.75,1528.8,0
2026-04-15 13:05:00,1528.8,1528.9,1528.6,1528.65,0
2026-04-15 13:06:00,1528.65,1528.7,1528.55,1528.6,0
2026-04-15 13:07:00,1528.6,1528.7,1528.5,1528.55,0
2026-04-15 13:08:00,1528.5,1528.55,1528.35,1528.55,0
2026-04-15 13:09:00,1528.55,1528.85,1528.55,1528.85,0
2026-04-15 13:10:00,1528.85,1529.05,1528.85,1529.05,0
2026-04-15 13:11:00,1529.05,1529.2,1529.0,1529.2,0
2026-04-15 13:12:00,1529.2,1529.5,1529.2,1529.3,0
2026-04-15 13:13:00,1529.3,1529.35,1529.0,1529.0,0
2026-04-15 13:14:00,1529.0,1529.2,1529.0,1529.2,0
2026-04-15 13:15:00,1529.2,1529.2,1528.9,1529.0,0
2026-04-15 13:16:00,1529.0,1529.3,1528.95,1529.3,0
2026-04-15 13:17:00,1529.2,1529.45,1529.15,1529.4,0
2026-04-15 13:18:00,1529.4,1529.6,1529.35,1529.5,0
2026-04-15 13:19:00,1529.5,1529.75,1529.5,1529.75,0
2026-04-15 13:20:00,1529.7,1529.9,1529.7,1529.8,0
2026-04-15 13:21:00,1529.85,1529.85,1529.05,1529.05,0
2026-04-15 13:22:00,1529.05,1529.05,1528.1,1528.2,0
2026-04-15 13:23:00,1528.3,1528.45,1527.95,1528.0,0
2026-04-15 13:24:00,1528.05,1528.1,1527.1,1527.65,0
2026-04-15 13:25:00,1527.65,1527.95,1527.55,1527.85,0
2026-04-15 13:26:00,1527.85,1527.9,1527.7,1527.8,0
2026-04-15 13:27:00,1527.85,1528.2,1527.85,1528.05,0
2026-04-15 13:28:00,1528.1,1528.2,1527.85,1527.85,0
2026-04-15 13:29:00,1527.85,1527.9,1527.75,1527.8,0
2026-04-15 13:30:00,1527.8,1527.85,1527.55,1527.65,0
2026-04-15 13:31:00,1527.65,1528.1,1527.65,1528.1,0
2026-04-15 13:32:00,1528.15,1529.0,1528.15,1529.0,0
2026-04-15 13:33:00,1528.95,1529.15,1528.95,1529.1,0
2026-04-15 13:34:00,1529.1,1529.1,1528.55,1528.6,0
2026-04-15 13:35:00,1528.6,1528.8,1528.3,1528.8,0
2026-04-15 13:36:00,1528.8,1529.1,1528.8,1529.0,0
2026-04-15 13:37:00,1529.0,1529.05,1528.65,1528.75,0
2026-04-15 13:38:00,1528.7,1528.75,1528.4,1528.4,0
2026-04-15 13:39:00,1528.4,1528.4,1527.35,1527.55,0
2026-04-15 13:40:00,1527.6,1528.2,1527.45,1528.15,0
2026-04-15 13:41:00,1528.15,1528.6,1528.15,1528.6,0
2026-04-15 13:42:00,1528.55,1528.95,1528.55,1528.85,0
2026-04-15 13:43:00,1528.85,1528.9,1528.65,1528.85,0
2026-04-15 13:44:00,1528.85,1528.95,1528.8,1528.85,0
2026-04-15 13:45:00,1528.9,1529.15,1528.75,1529.05,0
2026-04-15 13:46:00,1529.05,1529.05,1528.5,1528.5,0
2026-04-15 13:47:00,1528.55,1528.6,1528.4,1528.45,0
2026-04-15 13:48:00,1528.45,1528.55,1528.3,1528.35,0
2026-04-15 13:49:00,1528.35,1528.45,1528.1,1528.45,0
2026-04-15 13:50:00,1528.45,1528.65,1528.45,1528.6,0
2026-04-15 13:51:00,1528.65,1528.8,1528.6,1528.7,0
2026-04-15 13:52:00,1528.7,1528.75,1528.15,1528.2,0
2026-04-15 13:53:00,1528.25,1528.3,1527.85,1527.95,0
2026-04-15 13:54:00,1527.9,1528.2,1527.9,1528.0,0
2026-04-15 13:55:00,1528.0,1528.3,1527.95,1528.25,0
2026-04-15 13:56:00,1528.3,1528.9,1528.25,1528.9,0
2026-04-15 13:57:00,1528.9,1529.0,1528.8,1528.8,0
2026-04-15 13:58:00,1528.8,1529.1,1528.8,1529.0,0
2026-04-15 13:59:00,1529.05,1529.45,1529.0,1529.3,0
2026-04-15 14:00:00,1529.3,1529.65,1529.3,1529.6,0
2026-04-15 14:01:00,1529.6,1529.65,1529.35,1529.35,0
2026-04-15 14:02:00,1529.35,1529.5,1529.35,1529.45,0
2026-04-15 14:03:00,1529.45,1529.65,1529.35,1529.6,0
2026-04-15 14:04:00,1529.6,1529.65,1529.2,1529.25,0
2026-04-15 14:05:00,1529.3,1529.4,1529.2,1529.25,0
2026-04-15 14:06:00,1529.3,1529.4,1529.25,1529.3,0
2026-04-15 14:07:00,1529.3,1529.5,1529.3,1529.4,0
2026-04-15 14:08:00,1529.45,1529.5,1529.3,1529.35,0
2026-04-15 14:09:00,1529.3,1529.4,1529.25,1529.35,0
2026-04-15 14:10:00,1529.35,1529.4,1529.1,1529.15,0
2026-04-15 14:11:00,1529.15,1529.35,1529.0,1529.3,0
2026-04-15 14:12:00,1529.35,1530.05,1529.35,1530.05,0
2026-04-15 14:13:00,1530.05,1530.05,1529.55,1529.65,0
2026-04-15 14:14:00,1529.6,1529.65,1529.4,1529.45,0
2026-04-15 14:15:00,1529.45,1529.6,1529.25,1529.3,0
2026-04-15 14:16:00,1529.3,1529.55,1529.2,1529.55,0
2026-04-15 14:17:00,1529.5,1529.8,1529.5,1529.6,0
2026-04-15 14:18:00,1529.6,1529.7,1529.15,1529.2,0
2026-04-15 14:19:00,1529.15,1529.4,1529.15,1529.4,0
2026-04-15 14:20:00,1529.4,1529.75,1529.35,1529.7,0
2026-04-15 14:21:00,1529.7,1529.95,1529.65,1529.95,0
2026-04-15 14:22:00,1529.95,1530.15,1529.6,1529.65,0
2026-04-15 14:23:00,1529.6,1529.65,1529.25,1529.35,0
2026-04-15 14:24:00,1529.35,1529.35,1529.0,1529.0,0
2026-04-15 14:25:00,1529.0,1529.5,1528.95,1529.5,0
2026-04-15 14:26:00,1529.55,1529.8,1529.5,1529.75,0
2026-04-15 14:27:00,1529.75,1529.9,1529.75,1529.8,0
2026-04-15 14:28:00,1529.85,1529.85,1529.6,1529.7,0
2026-04-15 14:29:00,1529.75,1529.95,1529.75,1529.95,0
2026-04-15 14:30:00,1529.95,1530.35,1529.95,1530.2,0
2026-04-15 14:31:00,1530.15,1530.35,1530.15,1530.2,0
2026-04-15 14:32:00,1530.2,1530.3,1529.8,1529.85,0
2026-04-15 14:33:00,1529.85,1529.85,1529.75,1529.75,0
2026-04-15 14:34:00,1529.75,1530.05,1529.75,1530.0,0
2026-04-15 14:35:00,1530.0,1530.05,1529.8,1529.85,0
2026-04-15 14:36:00,1529.85,1530.0,1529.8,1529.85,0
2026-04-15 14:37:00,1529.85,1529.9,1529.35,1529.45,0
2026-04-15 14:38:00,1529.45,1529.6,1529.25,1529.25,0
2026-04-15 14:39:00,1529.25,1529.55,1529.25,1529.5,0
2026-04-15 14:40:00,1529.5,1529.95,1529.5,1529.95,0
2026-04-15 14:41:00,1529.95,1530.15,1529.9,1530.05,0
2026-04-15 14:42:00,1530.05,1530.35,1530.0,1530.3,0
2026-04-15 14:43:00,1530.3,1530.4,1530.2,1530.2,0
2026-04-15 14:44:00,1530.2,1530.3,1530.05,1530.25,0
2026-04-15 14:45:00,1530.25,1530.45,1530.15,1530.15,0
2026-04-15 14:46:00,1530.15,1530.3,1530.15,1530.2,0
2026-04-15 14:47:00,1530.2,1530.6,1530.2,1530.6,0
2026-04-15 14:48:00,1530.55,1530.65,1530.4,1530.55,0
2026-04-15 14:49:00,1530.55,1530.95,1530.5,1530.9,0
2026-04-15 14:50:00,1530.9,1531.0,1530.5,1530.6,0
2026-04-15 14:51:00,1530.6,1531.5,1530.6,1531.4,0
2026-04-15 14:52:00,1531.45,1531.75,1531.4,1531.7,0
2026-04-15 14:53:00,1531.7,1531.7,1531.05,1531.05,0
2026-04-15 14:54:00,1531.1,1531.25,1530.95,1531.25,0
2026-04-15 14:55:00,1531.2,1531.25,1530.95,1531.05,0
2026-04-15 14:56:00,1531.1,1531.3,1530.8,1531.3,0
2026-04-15 14:57:00,1531.3,1531.55,1531.2,1531.5,0
2026-04-15 14:58:00,1531.5,1531.65,1531.4,1531.6,0
2026-04-15 14:59:00,1531.6,1532.05,1531.6,1531.8,0
2026-04-15 15:00:00,1532.0,1532.2,1530.5,1530.55,0
2026-04-15 15:01:00,1530.55,1531.05,1530.55,1531.0,0
2026-04-15 15:02:00,1531.0,1531.4,1531.0,1531.3,0
2026-04-15 15:03:00,1531.3,1531.55,1531.3,1531.35,0
2026-04-15 15:04:00,1531.35,1531.45,1531.3,1531.45,0
2026-04-15 15:05:00,1531.45,1531.7,1531.45,1531.5,0
2026-04-15 15:06:00,1531.5,1531.55,1531.25,1531.35,0
2026-04-15 15:07:00,1531.35,1531.4,1530.65,1530.7,0
2026-04-15 15:08:00,1530.7,1530.95,1530.45,1530.55,0
2026-04-15 15:09:00,1530.55,1531.0,1530.55,1530.85,0
2026-04-15 15:10:00,1530.85,1531.05,1530.6,1530.85,0
2026-04-15 15:11:00,1530.85,1530.95,1530.45,1530.45,0
2026-04-15 15:12:00,1530.45,1530.7,1530.3,1530.35,0
2026-04-15 15:13:00,1530.35,1530.45,1530.2,1530.35,0
2026-04-15 15:14:00,1530.35,1530.45,1530.25,1530.35,0
2026-04-15 15:15:00,1530.35,1530.4,1530.0,1530.05,0
2026-04-15 15:16:00,1530.05,1530.1,1529.85,1530.0,0
2026-04-15 15:17:00,1530.0,1530.35,1530.0,1530.25,0
2026-04-15 15:18:00,1530.3,1530.4,1530.15,1530.25,0
2026-04-15 15:19:00,1530.25,1530.35,1530.0,1530.0,0
2026-04-15 15:20:00,1530.05,1530.3,1530.05,1530.2,0
2026-04-15 15:21:00,1530.2,1530.3,1530.15,1530.2,0
2026-04-15 15:22:00,1530.2,1530.3,1529.95,1530.0,0
2026-04-15 15:23:00,1530.05,1530.1,1529.9,1530.0,0
2026-04-15 15:24:00,1530.0,1530.2,1530.0,1530.15,0
2026-04-15 15:25:00,1530.15,1530.25,1529.6,1529.7,0
2026-04-15 15:26:00,1529.75,1529.85,1529.45,1529.6,0
2026-04-15 15:27:00,1529.6,1529.65,1529.45,1529.65,0
2026-04-15 15:28:00,1529.65,1529.8,1529.35,1529.4,0
2026-04-15 15:29:00,1529.35,1529.55,1529.05,1529.4,0
2026-04-16 09:15:00,1540.7,1540.75,1537.45,1538.35,0
2026-04-16 09:16:00,1538.45,1540.5,1537.65,1540.25,0
2026-04-16 09:17:00,1540.25,1542.2,1540.25,1541.95,0
2026-04-16 09:18:00,1541.95,1541.95,1541.25,1541.7,0
2026-04-16 09:19:00,1541.6,1542.15,1541.6,1542.0,0
2026-04-16 09:20:00,1542.0,1542.25,1541.6,1541.8,0
2026-04-16 09:21:00,1541.85,1541.9,1541.5,1541.7,0
2026-04-16 09:22:00,1541.7,1541.7,1541.2,1541.45,0
2026-04-16 09:23:00,1541.45,1541.45,1540.85,1541.0,0
2026-04-16 09:24:00,1541.0,1541.25,1540.3,1541.15,0
2026-04-16 09:25:00,1541.15,1541.75,1541.1,1541.55,0
2026-04-16 09:26:00,1541.5,1541.5,1541.05,1541.2,0
2026-04-16 09:27:00,1541.15,1541.6,1540.75,1540.75,0
2026-04-16 09:28:00,1540.8,1541.2,1540.3,1541.2,0
2026-04-16 09:29:00,1541.2,1541.4,1540.5,1540.65,0
2026-04-16 09:30:00,1540.65,1541.25,1540.45,1540.6,0
2026-04-16 09:31:00,1540.6,1540.7,1540.05,1540.1,0
2026-04-16 09:32:00,1540.1,1540.1,1539.35,1539.35,0
2026-04-16 09:33:00,1539.35,1539.4,1538.8,1539.05,0
2026-04-16 09:34:00,1539.05,1539.05,1538.5,1538.85,0
2026-04-16 09:35:00,1538.8,1538.9,1538.55,1538.75,0
2026-04-16 09:36:00,1538.7,1539.25,1538.7,1538.95,0
2026-04-16 09:37:00,1539.0,1539.0,1537.8,1537.8,0
2026-04-16 09:38:00,1537.85,1537.9,1536.35,1536.45,0
2026-04-16 09:39:00,1536.4,1537.2,1535.9,1537.1,0
2026-04-16 09:40:00,1537.15,1537.75,1536.55,1536.7,0
2026-04-16 09:41:00,1536.7,1536.7,1536.15,1536.25,0
2026-04-16 09:42:00,1536.2,1536.75,1535.9,1536.0,0
2026-04-16 09:43:00,1536.15,1536.45,1535.8,1536.05,0
2026-04-16 09:44:00,1536.1,1536.1,1535.6,1535.6,0
2026-04-16 09:45:00,1535.6,1535.65,1534.8,1535.4,0
2026-04-16 09:46:00,1535.4,1537.3,1535.4,1537.2,0
2026-04-16 09:47:00,1537.25,1537.25,1536.65,1536.65,0
2026-04-16 09:48:00,1536.65,1537.3,1536.45,1537.05,0
2026-04-16 09:49:00,1537.1,1537.2,1536.8,1537.1,0
2026-04-16 09:50:00,1537.05,1537.45,1537.0,1537.35,0
2026-04-16 09:51:00,1537.3,1537.35,1536.5,1537.15,0
2026-04-16 09:52:00,1537.1,1537.7,1536.9,1537.15,0
2026-04-16 09:53:00,1537.15,1537.15,1535.9,1535.95,0
2026-04-16 09:54:00,1535.9,1536.65,1535.75,1536.5,0
2026-04-16 09:55:00,1536.5,1536.5,1535.55,1535.75,0
2026-04-16 09:56:00,1535.7,1535.85,1535.05,1535.05,0
2026-04-16 09:57:00,1535.05,1535.05,1533.95,1534.0,0
2026-04-16 09:58:00,1534.0,1534.2,1533.7,1534.05,0
2026-04-16 09:59:00,1534.0,1534.05,1533.25,1533.25,0
2026-04-16 10:00:00,1533.3,1533.6,1533.15,1533.4,0
2026-04-16 10:01:00,1533.4,1534.0,1532.65,1533.95,0
2026-04-16 10:02:00,1533.95,1534.35,1533.95,1534.35,0
2026-04-16 10:03:00,1534.4,1534.55,1534.1,1534.55,0
2026-04-16 10:04:00,1534.6,1535.6,1534.5,1535.55,0
2026-04-16 10:05:00,1535.55,1535.55,1535.0,1535.3,0
2026-04-16 10:06:00,1535.3,1535.35,1534.55,1534.55,0
2026-04-16 10:07:00,1534.55,1535.5,1534.4,1535.45,0
2026-04-16 10:08:00,1535.45,1536.15,1535.4,1536.05,0
2026-04-16 10:09:00,1536.05,1536.2,1535.65,1535.8,0
2026-04-16 10:10:00,1535.8,1536.45,1535.8,1536.35,0
2026-04-16 10:11:00,1536.35,1536.4,1535.95,1536.15,0
2026-04-16 10:12:00,1536.15,1536.2,1534.8,1535.0,0
2026-04-16 10:13:00,1534.95,1535.65,1534.95,1535.5,0
2026-04-16 10:14:00,1535.5,1535.55,1535.2,1535.5,0
2026-04-16 10:15:00,1535.45,1535.6,1534.85,1535.0,0
2026-04-16 10:16:00,1535.0,1535.9,1534.8,1535.9,0
2026-04-16 10:17:00,1535.95,1535.95,1535.45,1535.65,0
2026-04-16 10:18:00,1535.75,1536.85,1535.65,1536.8,0
2026-04-16 10:19:00,1536.75,1536.85,1535.35,1535.45,0
2026-04-16 10:20:00,1535.45,1535.45,1535.15,1535.4,0
2026-04-16 10:21:00,1535.45,1535.45,1534.8,1534.9,0
2026-04-16 10:22:00,1534.85,1535.25,1534.8,1535.2,0
2026-04-16 10:23:00,1535.2,1535.6,1535.15,1535.5,0
2026-04-16 10:24:00,1535.6,1535.75,1535.25,1535.3,0
2026-04-16 10:25:00,1535.3,1536.05,1535.2,1536.05,0
2026-04-16 10:26:00,1536.05,1536.3,1536.0,1536.15,0
2026-04-16 10:27:00,1536.25,1536.55,1535.1,1535.1,0
2026-04-16 10:28:00,1535.1,1535.4,1534.85,1535.4,0
2026-04-16 10:29:00,1535.4,1536.15,1535.3,1535.85,0
2026-04-16 10:30:00,1535.9,1536.6,1535.85,1536.55,0
2026-04-16 10:31:00,1536.5,1537.2,1536.4,1537.15,0
2026-04-16 10:32:00,1537.15,1537.4,1536.8,1536.8,0
2026-04-16 10:33:00,1536.8,1537.2,1536.65,1537.2,0
2026-04-16 10:34:00,1537.15,1537.25,1536.95,1537.1,0
2026-04-16 10:35:00,1537.05,1537.4,1536.95,1537.25,0
2026-04-16 10:36:00,1537.25,1537.75,1537.2,1537.4,0
2026-04-16 10:37:00,1537.4,1537.75,1537.0,1537.35,0
2026-04-16 10:38:00,1537.3,1537.35,1536.55,1536.65,0
2026-04-16 10:39:00,1536.65,1536.65,1535.65,1536.0,0
2026-04-16 10:40:00,1536.0,1536.25,1536.0,1536.15,0
2026-04-16 10:41:00,1536.05,1536.8,1536.05,1536.65,0
2026-04-16 10:42:00,1536.7,1537.15,1536.65,1536.95,0
2026-04-16 10:43:00,1536.95,1537.1,1536.75,1537.05,0
2026-04-16 10:44:00,1537.0,1537.05,1536.65,1536.7,0
2026-04-16 10:45:00,1536.7,1537.25,1536.7,1537.0,0
2026-04-16 10:46:00,1536.95,1537.3,1536.9,1537.25,0
2026-04-16 10:47:00,1537.2,1537.3,1537.0,1537.25,0
2026-04-16 10:48:00,1537.25,1537.7,1537.2,1537.2,0
2026-04-16 10:49:00,1537.2,1537.25,1536.85,1537.05,0
2026-04-16 10:50:00,1537.05,1537.15,1536.95,1537.05,0
2026-04-16 10:51:00,1537.1,1537.25,1536.95,1536.95,0
2026-04-16 10:52:00,1536.9,1537.0,1536.65,1536.65,0
2026-04-16 10:53:00,1536.65,1537.05,1536.6,1536.95,0
2026-04-16 10:54:00,1536.95,1537.05,1536.75,1536.9,0
2026-04-16 10:55:00,1536.9,1536.95,1536.55,1536.65,0
2026-04-16 10:56:00,1536.6,1536.7,1536.2,1536.25,0
2026-04-16 10:57:00,1536.35,1536.95,1536.2,1536.85,0
2026-04-16 10:58:00,1536.8,1536.9,1536.4,1536.45,0
2026-04-16 10:59:00,1536.45,1536.7,1536.3,1536.65,0
2026-04-16 11:00:00,1536.7,1537.15,1536.7,1537.1,0
2026-04-16 11:01:00,1537.1,1537.45,1537.0,1537.05,0
2026-04-16 11:02:00,1537.05,1537.4,1536.85,1537.2,0
2026-04-16 11:03:00,1537.2,1537.6,1537.2,1537.5,0
2026-04-16 11:04:00,1537.45,1537.75,1537.25,1537.45,0
2026-04-16 11:05:00,1537.3,1537.6,1537.2,1537.5,0
2026-04-16 11:06:00,1537.5,1537.5,1537.25,1537.4,0
2026-04-16 11:07:00,1537.4,1537.45,1536.85,1537.05,0
2026-04-16 11:08:00,1537.05,1537.85,1536.7,1537.8,0
2026-04-16 11:09:00,1537.75,1537.95,1537.5,1537.6,0
2026-04-16 11:10:00,1537.55,1537.55,1537.0,1537.05,0
2026-04-16 11:11:00,1537.0,1537.2,1536.75,1537.1,0
2026-04-16 11:12:00,1537.15,1537.25,1536.6,1536.6,0
2026-04-16 11:13:00,1536.55,1537.2,1536.45,1536.95,0
2026-04-16 11:14:00,1537.0,1537.2,1536.85,1537.1,0
2026-04-16 11:15:00,1537.1,1537.6,1536.7,1536.7,0
2026-04-16 11:16:00,1536.65,1536.75,1536.4,1536.6,0
2026-04-16 11:17:00,1536.55,1536.55,1536.15,1536.15,0
2026-04-16 11:18:00,1536.1,1536.85,1536.05,1536.85,0
2026-04-16 11:19:00,1536.75,1537.5,1536.65,1537.35,0
2026-04-16 11:20:00,1537.35,1537.85,1537.15,1537.6,0
2026-04-16 11:21:00,1537.6,1537.75,1537.2,1537.4,0
2026-04-16 11:22:00,1537.45,1537.45,1536.35,1536.4,0
2026-04-16 11:23:00,1536.45,1536.5,1535.95,1536.0,0
2026-04-16 11:24:00,1536.1,1536.15,1535.95,1536.0,0
2026-04-16 11:25:00,1536.0,1536.25,1535.9,1535.95,0
2026-04-16 11:26:00,1535.9,1535.9,1535.4,1535.55,0
2026-04-16 11:27:00,1535.55,1536.2,1535.45,1535.85,0
2026-04-16 11:28:00,1535.8,1536.45,1535.35,1536.45,0
2026-04-16 11:29:00,1536.45,1536.6,1536.35,1536.35,0
2026-04-16 11:30:00,1536.4,1536.55,1536.2,1536.45,0
2026-04-16 11:31:00,1536.4,1536.55,1536.1,1536.1,0
2026-04-16 11:32:00,1536.1,1536.4,1535.9,1536.35,0
2026-04-16 11:33:00,1536.35,1536.45,1536.15,1536.35,0
2026-04-16 11:34:00,1536.4,1536.65,1536.15,1536.6,0
2026-04-16 11:35:00,1536.6,1536.7,1536.3,1536.5,0
2026-04-16 11:36:00,1536.55,1536.8,1536.5,1536.5,0
2026-04-16 11:37:00,1536.55,1536.65,1536.0,1536.0,0
2026-04-16 11:38:00,1536.0,1536.0,1535.55,1535.7,0
2026-04-16 11:39:00,1535.65,1535.65,1534.9,1535.55,0
2026-04-16 11:40:00,1535.55,1535.55,1534.8,1535.0,0
2026-04-16 11:41:00,1535.0,1535.05,1534.5,1534.75,0
2026-04-16 11:42:00,1534.75,1534.75,1534.45,1534.45,0
2026-04-16 11:43:00,1534.5,1534.8,1534.5,1534.65,0
2026-04-16 11:44:00,1534.65,1534.7,1534.0,1534.05,0
2026-04-16 11:45:00,1534.05,1534.05,1533.4,1533.4,0
2026-04-16 11:46:00,1533.4,1533.4,1532.7,1532.7,0
2026-04-16 11:47:00,1532.65,1532.65,1531.9,1531.9,0
2026-04-16 11:48:00,1531.9,1532.0,1531.45,1532.0,0
2026-04-16 11:49:00,1532.05,1533.4,1532.05,1533.3,0
2026-04-16 11:50:00,1533.25,1533.25,1532.4,1532.4,0
2026-04-16 11:51:00,1532.4,1532.4,1532.05,1532.05,0
2026-04-16 11:52:00,1532.05,1532.8,1532.05,1532.7,0
2026-04-16 11:53:00,1532.7,1532.8,1532.55,1532.65,0
2026-04-16 11:54:00,1532.65,1532.9,1532.3,1532.75,0
2026-04-16 11:55:00,1532.75,1532.8,1532.25,1532.3,0
2026-04-16 11:56:00,1532.3,1532.3,1531.85,1531.9,0
2026-04-16 11:57:00,1531.9,1531.9,1530.95,1530.95,0
2026-04-16 11:58:00,1530.9,1530.9,1530.4,1530.8,0
2026-04-16 11:59:00,1530.75,1531.1,1530.3,1530.35,0
2026-04-16 12:00:00,1530.45,1530.45,1528.75,1529.3,0
2026-04-16 12:01:00,1529.3,1529.75,1528.8,1528.8,0
2026-04-16 12:02:00,1528.8,1528.9,1528.55,1528.65,0
2026-04-16 12:03:00,1528.55,1529.05,1528.55,1528.7,0
2026-04-16 12:04:00,1528.75,1528.85,1528.15,1528.2,0
2026-04-16 12:05:00,1528.2,1528.35,1527.85,1528.35,0
2026-04-16 12:06:00,1528.45,1529.1,1528.35,1529.05,0
2026-04-16 12:07:00,1529.0,1529.05,1528.2,1528.3,0
2026-04-16 12:08:00,1528.3,1528.8,1528.15,1528.7,0
2026-04-16 12:09:00,1528.75,1529.55,1528.75,1529.3,0
2026-04-16 12:10:00,1529.3,1529.75,1529.3,1529.75,0
2026-04-16 12:11:00,1529.8,1530.35,1529.8,1530.3,0
2026-04-16 12:12:00,1530.3,1530.45,1529.5,1529.5,0
2026-04-16 12:13:00,1529.45,1529.85,1529.4,1529.85,0
2026-04-16 12:14:00,1529.85,1530.35,1529.85,1530.2,0
2026-04-16 12:15:00,1530.1,1530.35,1529.8,1530.15,0
2026-04-16 12:16:00,1530.1,1530.15,1529.55,1529.65,0
2026-04-16 12:17:00,1529.6,1529.65,1529.05,1529.05,0
2026-04-16 12:18:00,1529.05,1529.8,1528.8,1529.8,0
2026-04-16 12:19:00,1529.75,1530.25,1529.65,1530.2,0
2026-04-16 12:20:00,1530.2,1530.4,1530.0,1530.25,0
2026-04-16 12:21:00,1530.2,1530.3,1530.05,1530.3,0
2026-04-16 12:22:00,1530.3,1530.4,1529.55,1529.6,0
2026-04-16 12:23:00,1529.6,1529.85,1528.85,1528.85,0
2026-04-16 12:24:00,1528.85,1529.2,1528.65,1529.1,0
2026-04-16 12:25:00,1529.2,1529.4,1528.75,1529.4,0
2026-04-16 12:26:00,1529.4,1529.75,1529.2,1529.65,0
2026-04-16 12:27:00,1529.6,1529.6,1529.2,1529.35,0
2026-04-16 12:28:00,1529.25,1529.4,1529.2,1529.4,0
2026-04-16 12:29:00,1529.4,1529.5,1529.35,1529.35,0
2026-04-16 12:30:00,1529.35,1529.4,1528.8,1528.8,0
2026-04-16 12:31:00,1528.85,1529.4,1528.85,1529.35,0
2026-04-16 12:32:00,1529.4,1529.65,1529.25,1529.45,0
2026-04-16 12:33:00,1529.4,1529.45,1528.65,1528.8,0
2026-04-16 12:34:00,1528.7,1528.75,1527.75,1527.75,0
2026-04-16 12:35:00,1527.7,1528.05,1527.6,1527.85,0
2026-04-16 12:36:00,1527.85,1527.9,1527.4,1527.45,0
2026-04-16 12:37:00,1527.4,1527.65,1527.3,1527.5,0
2026-04-16 12:38:00,1527.45,1528.4,1527.45,1528.4,0
2026-04-16 12:39:00,1528.35,1529.0,1528.35,1529.0,0
2026-04-16 12:40:00,1528.95,1529.1,1528.8,1529.0,0
2026-04-16 12:41:00,1529.0,1529.2,1528.95,1529.0,0
2026-04-16 12:42:00,1529.0,1529.35,1528.8,1529.35,0
2026-04-16 12:43:00,1529.35,1529.4,1528.9,1529.15,0
2026-04-16 12:44:00,1529.15,1529.25,1527.75,1527.75,0
2026-04-16 12:45:00,1527.8,1527.85,1527.15,1527.35,0
2026-04-16 12:46:00,1527.4,1528.45,1527.4,1528.4,0
2026-04-16 12:47:00,1528.35,1528.4,1527.4,1527.4,0
2026-04-16 12:48:00,1527.45,1527.55,1527.35,1527.35,0
2026-04-16 12:49:00,1527.4,1527.5,1527.3,1527.4,0
2026-04-16 12:50:00,1527.45,1527.65,1527.2,1527.3,0
2026-04-16 12:51:00,1527.3,1528.15,1526.8,1528.1,0
2026-04-16 12:52:00,1528.0,1528.4,1527.9,1528.4,0
2026-04-16 12:53:00,1528.4,1528.85,1527.8,1527.8,0
2026-04-16 12:54:00,1527.85,1527.85,1526.9,1526.9,0
2026-04-16 12:55:00,1526.9,1527.0,1526.55,1526.85,0
2026-04-16 12:56:00,1526.85,1526.95,1526.45,1526.7,0
2026-04-16 12:57:00,1526.75,1526.85,1526.35,1526.7,0
2026-04-16 12:58:00,1526.7,1526.9,1526.65,1526.9,0
2026-04-16 12:59:00,1526.95,1527.9,1526.95,1527.9,0
2026-04-16 13:00:00,1527.85,1528.15,1527.65,1527.75,0
2026-04-16 13:01:00,1527.75,1527.75,1527.3,1527.3,0
2026-04-16 13:02:00,1527.3,1527.55,1527.3,1527.4,0
2026-04-16 13:03:00,1527.4,1528.05,1527.35,1527.9,0
2026-04-16 13:04:00,1527.9,1527.9,1527.45,1527.85,0
2026-04-16 13:05:00,1527.85,1528.45,1527.85,1528.25,0
2026-04-16 13:06:00,1528.2,1528.25,1526.6,1526.85,0
2026-04-16 13:07:00,1526.85,1526.85,1526.2,1526.65,0
2026-04-16 13:08:00,1526.65,1526.85,1526.5,1526.65,0
2026-04-16 13:09:00,1526.65,1526.65,1525.8,1526.0,0
2026-04-16 13:10:00,1526.1,1526.1,1525.1,1525.25,0
2026-04-16 13:11:00,1525.25,1526.1,1525.2,1526.0,0
2026-04-16 13:12:00,1526.05,1526.15,1525.7,1526.05,0
2026-04-16 13:13:00,1526.0,1526.2,1525.75,1525.75,0
2026-04-16 13:14:00,1525.9,1526.1,1525.8,1526.0,0
2026-04-16 13:15:00,1526.0,1526.15,1525.75,1526.15,0
2026-04-16 13:16:00,1526.1,1526.2,1526.0,1526.05,0
2026-04-16 13:17:00,1526.1,1526.1,1525.3,1526.1,0
2026-04-16 13:18:00,1526.1,1526.6,1526.05,1526.3,0
2026-04-16 13:19:00,1526.35,1526.95,1526.2,1526.7,0
2026-04-16 13:20:00,1526.8,1526.9,1526.45,1526.55,0
2026-04-16 13:21:00,1526.55,1526.75,1526.5,1526.7,0
2026-04-16 13:22:00,1526.7,1527.1,1526.55,1526.55,0
2026-04-16 13:23:00,1526.6,1526.6,1525.4,1525.5,0
2026-04-16 13:24:00,1525.5,1525.5,1525.0,1525.1,0
2026-04-16 13:25:00,1525.1,1525.45,1524.85,1525.35,0
2026-04-16 13:26:00,1525.3,1525.65,1525.1,1525.3,0
2026-04-16 13:27:00,1525.3,1525.35,1524.8,1525.1,0
2026-04-16 13:28:00,1525.15,1525.85,1525.1,1525.8,0
2026-04-16 13:29:00,1525.85,1525.85,1525.65,1525.65,0
2026-04-16 13:30:00,1525.65,1526.0,1525.55,1525.8,0
2026-04-16 13:31:00,1525.85,1526.1,1525.65,1526.1,0
2026-04-16 13:32:00,1526.1,1526.4,1526.05,1526.2,0
2026-04-16 13:33:00,1526.25,1526.5,1526.15,1526.5,0
2026-04-16 13:34:00,1526.55,1526.65,1526.3,1526.35,0
2026-04-16 13:35:00,1526.4,1526.4,1526.2,1526.3,0
2026-04-16 13:36:00,1526.35,1526.55,1526.1,1526.15,0
2026-04-16 13:37:00,1526.15,1526.25,1526.0,1526.05,0
2026-04-16 13:38:00,1526.05,1526.15,1525.9,1526.15,0
2026-04-16 13:39:00,1526.15,1526.35,1526.1,1526.3,0
2026-04-16 13:40:00,1526.3,1526.35,1526.15,1526.3,0
2026-04-16 13:41:00,1526.35,1526.85,1526.2,1526.75,0
2026-04-16 13:42:00,1526.75,1527.05,1526.75,1527.0,0
2026-04-16 13:43:00,1526.95,1527.15,1526.95,1527.05,0
2026-04-16 13:44:00,1527.05,1527.25,1527.05,1527.2,0
2026-04-16 13:45:00,1527.15,1527.85,1527.15,1527.85,0
2026-04-16 13:46:00,1527.8,1528.1,1527.75,1528.1,0
2026-04-16 13:47:00,1528.05,1528.05,1527.55,1527.8,0
2026-04-16 13:48:00,1527.7,1528.2,1527.7,1528.15,0
2026-04-16 13:49:00,1528.1,1528.25,1528.1,1528.25,0
2026-04-16 13:50:00,1528.2,1529.85,1528.2,1529.75,0
2026-04-16 13:51:00,1529.6,1529.85,1529.25,1529.4,0
2026-04-16 13:52:00,1529.35,1529.5,1529.0,1529.4,0
2026-04-16 13:53:00,1529.3,1529.4,1529.05,1529.35,0
2026-04-16 13:54:00,1529.35,1530.15,1529.15,1530.15,0
2026-04-16 13:55:00,1530.1,1530.6,1529.95,1529.95,0
2026-04-16 13:56:00,1529.9,1530.25,1529.65,1530.2,0
2026-04-16 13:57:00,1530.2,1530.45,1529.85,1529.9,0
2026-04-16 13:58:00,1529.85,1530.4,1529.35,1529.55,0
2026-04-16 13:59:00,1529.55,1530.4,1529.55,1530.35,0
2026-04-16 14:00:00,1530.35,1530.5,1530.1,1530.2,0
2026-04-16 14:01:00,1530.2,1530.25,1530.05,1530.05,0
2026-04-16 14:02:00,1530.0,1530.15,1529.2,1529.2,0
2026-04-16 14:03:00,1529.15,1529.3,1528.0,1528.0,0
2026-04-16 14:04:00,1527.95,1528.45,1527.95,1528.3,0
2026-04-16 14:05:00,1528.25,1528.3,1527.7,1528.15,0
2026-04-16 14:06:00,1528.15,1528.7,1528.15,1528.4,0
2026-04-16 14:07:00,1528.35,1529.1,1528.35,1528.7,0
2026-04-16 14:08:00,1528.65,1528.9,1528.4,1528.45,0
2026-04-16 14:09:00,1528.5,1528.8,1528.45,1528.8,0
2026-04-16 14:10:00,1528.8,1528.85,1528.7,1528.8,0
2026-04-16 14:11:00,1528.9,1529.35,1528.9,1529.3,0
2026-04-16 14:12:00,1529.3,1529.45,1529.2,1529.45,0
2026-04-16 14:13:00,1529.5,1529.75,1529.45,1529.75,0
2026-04-16 14:14:00,1529.7,1530.0,1529.45,1529.65,0
2026-04-16 14:15:00,1529.65,1529.7,1529.35,1529.5,0
2026-04-16 14:16:00,1529.6,1529.8,1529.35,1529.7,0
2026-04-16 14:17:00,1529.65,1529.75,1529.45,1529.5,0
2026-04-16 14:18:00,1529.45,1529.7,1529.4,1529.6,0
2026-04-16 14:19:00,1529.6,1529.9,1529.55,1529.75,0
2026-04-16 14:20:00,1529.75,1530.05,1529.55,1529.75,0
2026-04-16 14:21:00,1529.8,1529.85,1529.65,1529.8,0
2026-04-16 14:22:00,1529.85,1530.05,1529.8,1530.05,0
2026-04-16 14:23:00,1530.05,1530.05,1529.7,1529.7,0
2026-04-16 14:24:00,1529.7,1529.7,1528.95,1529.6,0
2026-04-16 14:25:00,1529.55,1530.05,1529.55,1530.0,0
2026-04-16 14:26:00,1530.0,1530.6,1529.95,1530.55,0
2026-04-16 14:27:00,1530.6,1530.75,1530.5,1530.65,0
2026-04-16 14:28:00,1530.65,1530.65,1530.2,1530.35,0
2026-04-16 14:29:00,1530.35,1530.85,1530.1,1530.8,0
2026-04-16 14:30:00,1530.85,1531.35,1530.85,1531.35,0
2026-04-16 14:31:00,1531.35,1532.0,1531.35,1531.95,0
2026-04-16 14:32:00,1532.0,1532.1,1531.8,1532.1,0
2026-04-16 14:33:00,1532.15,1532.45,1531.8,1532.15,0
2026-04-16 14:34:00,1532.2,1532.75,1532.1,1532.75,0
2026-04-16 14:35:00,1532.75,1533.2,1532.6,1532.65,0
2026-04-16 14:36:00,1532.6,1532.7,1532.3,1532.65,0
2026-04-16 14:37:00,1532.7,1533.15,1532.45,1532.55,0
2026-04-16 14:38:00,1532.55,1532.95,1532.5,1532.95,0
2026-04-16 14:39:00,1532.95,1533.3,1532.55,1533.15,0
2026-04-16 14:40:00,1533.2,1533.55,1533.2,1533.5,0
2026-04-16 14:41:00,1533.5,1533.65,1533.45,1533.65,0
2026-04-16 14:42:00,1533.65,1533.85,1533.5,1533.65,0
2026-04-16 14:43:00,1533.6,1533.95,1533.45,1533.95,0
2026-04-16 14:44:00,1533.95,1533.95,1532.95,1533.4,0
2026-04-16 14:45:00,1533.45,1534.6,1533.4,1534.5,0
2026-04-16 14:46:00,1534.55,1534.55,1533.95,1534.2,0
2026-04-16 14:47:00,1534.15,1534.35,1534.15,1534.25,0
2026-04-16 14:48:00,1534.25,1534.55,1534.25,1534.4,0
2026-04-16 14:49:00,1534.45,1534.45,1534.0,1534.45,0
2026-04-16 14:50:00,1534.4,1534.95,1534.4,1534.8,0
2026-04-16 14:51:00,1534.75,1535.1,1534.6,1535.1,0
2026-04-16 14:52:00,1535.1,1535.15,1534.85,1534.9,0
2026-04-16 14:53:00,1534.85,1535.1,1534.45,1535.0,0
2026-04-16 14:54:00,1535.0,1535.45,1534.7,1535.3,0
2026-04-16 14:55:00,1535.3,1535.3,1534.85,1534.85,0
2026-04-16 14:56:00,1534.85,1535.25,1534.75,1534.9,0
2026-04-16 14:57:00,1534.85,1535.25,1534.35,1534.45,0
2026-04-16 14:58:00,1534.55,1535.05,1534.35,1535.05,0
2026-04-16 14:59:00,1535.05,1535.25,1534.7,1535.05,0
2026-04-16 15:00:00,1535.1,1535.55,1532.4,1532.65,0
2026-04-16 15:01:00,1532.65,1532.65,1531.65,1532.35,0
2026-04-16 15:02:00,1532.35,1533.65,1532.15,1533.45,0
2026-04-16 15:03:00,1533.45,1534.25,1533.45,1534.05,0
2026-04-16 15:04:00,1534.05,1534.75,1533.4,1533.45,0
2026-04-16 15:05:00,1533.45,1533.6,1532.75,1533.2,0
2026-04-16 15:06:00,1533.2,1533.4,1533.1,1533.1,0
2026-04-16 15:07:00,1533.1,1533.25,1532.75,1532.85,0
2026-04-16 15:08:00,1532.85,1532.9,1531.85,1531.9,0
2026-04-16 15:09:00,1531.9,1532.0,1531.7,1531.95,0
2026-04-16 15:10:00,1531.95,1533.3,1531.9,1533.2,0
2026-04-16 15:11:00,1533.2,1533.85,1533.2,1533.85,0
2026-04-16 15:12:00,1533.85,1533.95,1533.5,1533.7,0
2026-04-16 15:13:00,1533.7,1533.85,1533.25,1533.25,0
2026-04-16 15:14:00,1533.25,1533.4,1533.1,1533.1,0
2026-04-16 15:15:00,1533.1,1533.9,1532.85,1533.85,0
2026-04-16 15:16:00,1533.85,1534.0,1533.45,1533.7,0
2026-04-16 15:17:00,1533.7,1533.75,1533.5,1533.7,0
2026-04-16 15:18:00,1533.7,1533.75,1533.0,1533.05,0
2026-04-16 15:19:00,1533.05,1533.35,1533.05,1533.2,0
2026-04-16 15:20:00,1533.2,1533.9,1533.15,1533.8,0
2026-04-16 15:21:00,1533.8,1533.9,1533.5,1533.9,0
2026-04-16 15:22:00,1533.9,1534.05,1533.75,1533.95,0
2026-04-16 15:23:00,1533.95,1534.15,1533.85,1534.15,0
2026-04-16 15:24:00,1534.15,1534.25,1533.95,1534.1,0
2026-04-16 15:25:00,1534.1,1534.25,1533.65,1533.85,0
2026-04-16 15:26:00,1533.85,1533.85,1533.55,1533.8,0
2026-04-16 15:27:00,1533.8,1533.8,1533.6,1533.65,0
2026-04-16 15:28:00,1533.65,1533.8,1533.35,1533.5,0
2026-04-16 15:29:00,1533.5,1533.6,1533.1,1533.55,0
2026-04-17 09:15:00,1532.9,1533.7,1528.95,1532.0,0
2026-04-17 09:16:00,1532.5,1535.4,1529.75,1530.3,0
2026-04-17 09:17:00,1530.5,1533.8,1530.5,1533.8,0
2026-04-17 09:18:00,1533.85,1535.45,1533.75,1535.2,0
2026-04-17 09:19:00,1535.3,1536.0,1534.9,1535.55,0
2026-04-17 09:20:00,1535.7,1536.85,1535.65,1536.35,0
2026-04-17 09:21:00,1536.35,1536.45,1535.75,1536.0,0
2026-04-17 09:22:00,1535.95,1536.55,1535.95,1536.3,0
2026-04-17 09:23:00,1536.3,1537.05,1536.3,1536.85,0
2026-04-17 09:24:00,1536.9,1537.15,1534.9,1534.9,0
2026-04-17 09:25:00,1534.95,1535.8,1534.75,1535.8,0
2026-04-17 09:26:00,1535.9,1536.8,1535.8,1536.75,0
2026-04-17 09:27:00,1536.75,1536.9,1536.4,1536.5,0
2026-04-17 09:28:00,1536.45,1537.1,1536.45,1537.0,0
2026-04-17 09:29:00,1537.05,1537.25,1536.7,1537.2,0
2026-04-17 09:30:00,1537.15,1537.3,1535.6,1535.6,0
2026-04-17 09:31:00,1535.65,1535.65,1535.05,1535.35,0
2026-04-17 09:32:00,1535.4,1535.9,1535.3,1535.4,0
2026-04-17 09:33:00,1535.4,1535.65,1534.9,1535.1,0
2026-04-17 09:34:00,1535.1,1535.3,1534.65,1534.9,0
2026-04-17 09:35:00,1534.85,1534.85,1533.9,1533.9,0
2026-04-17 09:36:00,1533.85,1534.0,1533.45,1533.45,0
2026-04-17 09:37:00,1533.4,1533.55,1532.7,1532.85,0
2026-04-17 09:38:00,1532.95,1535.85,1532.95,1535.8,0
2026-04-17 09:39:00,1535.75,1536.35,1535.75,1535.9,0
2026-04-17 09:40:00,1535.85,1536.4,1535.85,1536.35,0
2026-04-17 09:41:00,1536.35,1536.45,1535.3,1535.3,0
2026-04-17 09:42:00,1535.35,1535.35,1533.4,1533.4,0
2026-04-17 09:43:00,1533.4,1533.55,1532.8,1533.2,0
2026-04-17 09:44:00,1533.1,1533.65,1533.1,1533.5,0
2026-04-17 09:45:00,1533.6,1534.1,1533.55,1533.7,0
2026-04-17 09:46:00,1533.7,1534.2,1533.7,1534.15,0
2026-04-17 09:47:00,1534.15,1534.8,1534.15,1534.8,0
2026-04-17 09:48:00,1534.75,1535.25,1534.75,1535.2,0
2026-04-17 09:49:00,1535.2,1535.9,1535.2,1535.9,0
2026-04-17 09:50:00,1535.9,1536.4,1535.9,1536.05,0
2026-04-17 09:51:00,1536.05,1536.55,1536.05,1536.35,0
2026-04-17 09:52:00,1536.35,1536.75,1536.3,1536.75,0
2026-04-17 09:53:00,1536.75,1536.9,1536.55,1536.75,0
2026-04-17 09:54:00,1536.7,1536.8,1536.3,1536.55,0
2026-04-17 09:55:00,1536.5,1536.8,1536.1,1536.6,0
2026-04-17 09:56:00,1536.6,1537.45,1536.55,1537.45,0
2026-04-17 09:57:00,1537.4,1537.85,1537.35,1537.45,0
2026-04-17 09:58:00,1537.45,1537.65,1537.1,1537.1,0
2026-04-17 09:59:00,1537.1,1537.8,1537.05,1537.7,0
2026-04-17 10:00:00,1537.65,1538.0,1537.65,1538.0,0
2026-04-17 10:01:00,1538.05,1538.25,1535.35,1536.35,0
2026-04-17 10:02:00,1536.45,1537.45,1536.45,1537.4,0
2026-04-17 10:03:00,1537.45,1538.25,1537.25,1538.2,0
2026-04-17 10:04:00,1538.35,1539.1,1538.35,1539.1,0
2026-04-17 10:05:00,1539.1,1539.9,1539.1,1539.85,0
2026-04-17 10:06:00,1539.85,1540.85,1539.85,1540.85,0
2026-04-17 10:07:00,1540.8,1541.05,1540.75,1540.95,0
2026-04-17 10:08:00,1541.0,1541.1,1540.3,1540.4,0
2026-04-17 10:09:00,1540.4,1540.45,1540.15,1540.4,0
2026-04-17 10:10:00,1540.4,1540.5,1540.1,1540.2,0
2026-04-17 10:11:00,1540.15,1540.3,1540.1,1540.15,0
2026-04-17 10:12:00,1540.2,1540.5,1540.2,1540.5,0
2026-04-17 10:13:00,1540.5,1540.85,1540.45,1540.8,0
2026-04-17 10:14:00,1540.75,1541.0,1540.7,1540.95,0
2026-04-17 10:15:00,1540.95,1541.6,1540.95,1541.55,0
2026-04-17 10:16:00,1541.55,1541.75,1541.45,1541.7,0
2026-04-17 10:17:00,1541.7,1541.85,1541.45,1541.6,0
2026-04-17 10:18:00,1541.6,1541.7,1541.5,1541.65,0
2026-04-17 10:19:00,1541.65,1541.75,1541.4,1541.4,0
2026-04-17 10:20:00,1541.4,1541.65,1541.4,1541.55,0
2026-04-17 10:21:00,1541.55,1541.75,1541.45,1541.7,0
2026-04-17 10:22:00,1541.7,1542.05,1541.7,1542.05,0
2026-04-17 10:23:00,1542.0,1542.05,1541.6,1541.6,0
2026-04-17 10:24:00,1541.6,1541.85,1541.6,1541.85,0
2026-04-17 10:25:00,1541.85,1542.35,1541.85,1542.25,0
2026-04-17 10:26:00,1542.25,1542.4,1542.15,1542.25,0
2026-04-17 10:27:00,1542.25,1542.6,1542.25,1542.55,0
2026-04-17 10:28:00,1542.55,1542.7,1542.2,1542.2,0
2026-04-17 10:29:00,1542.2,1542.55,1541.75,1541.75,0
2026-04-17 10:30:00,1541.7,1542.15,1541.65,1541.7,0
2026-04-17 10:31:00,1541.65,1541.75,1541.3,1541.5,0
2026-04-17 10:32:00,1541.55,1541.6,1540.7,1540.7,0
2026-04-17 10:33:00,1540.65,1540.85,1540.65,1540.75,0
2026-04-17 10:34:00,1540.75,1540.85,1540.05,1540.25,0
2026-04-17 10:35:00,1540.25,1540.65,1540.15,1540.65,0
2026-04-17 10:36:00,1540.65,1540.95,1540.55,1540.95,0
2026-04-17 10:37:00,1540.95,1541.15,1540.0,1540.2,0
2026-04-17 10:38:00,1540.15,1540.2,1539.65,1539.7,0
2026-04-17 10:39:00,1539.7,1540.0,1539.25,1539.25,0
2026-04-17 10:40:00,1539.3,1539.4,1538.8,1539.1,0
2026-04-17 10:41:00,1539.1,1539.8,1539.05,1539.75,0
2026-04-17 10:42:00,1539.8,1540.35,1539.8,1540.1,0
2026-04-17 10:43:00,1540.05,1540.15,1539.75,1539.85,0
2026-04-17 10:44:00,1539.85,1540.25,1539.8,1540.15,0
2026-04-17 10:45:00,1540.15,1540.2,1539.95,1540.15,0
2026-04-17 10:46:00,1540.2,1540.75,1540.15,1540.35,0
2026-04-17 10:47:00,1540.35,1540.6,1540.15,1540.25,0
2026-04-17 10:48:00,1540.25,1540.45,1540.1,1540.3,0
2026-04-17 10:49:00,1540.3,1540.8,1540.25,1540.75,0
2026-04-17 10:50:00,1540.75,1540.75,1540.3,1540.5,0
2026-04-17 10:51:00,1540.55,1540.55,1540.0,1540.15,0
2026-04-17 10:52:00,1540.1,1540.55,1540.1,1540.4,0
2026-04-17 10:53:00,1540.4,1540.5,1540.25,1540.25,0
2026-04-17 10:54:00,1540.2,1540.7,1540.2,1540.4,0
2026-04-17 10:55:00,1540.35,1540.6,1540.35,1540.5,0
2026-04-17 10:56:00,1540.5,1540.85,1540.45,1540.8,0
2026-04-17 10:57:00,1540.8,1540.85,1540.5,1540.7,0
2026-04-17 10:58:00,1540.65,1540.75,1540.35,1540.35,0
2026-04-17 10:59:00,1540.35,1540.6,1540.3,1540.3,0
2026-04-17 11:00:00,1540.3,1540.3,1539.95,1540.1,0
2026-04-17 11:01:00,1540.1,1540.45,1540.1,1540.25,0
2026-04-17 11:02:00,1540.25,1540.55,1539.95,1540.0,0
2026-04-17 11:03:00,1539.95,1540.05,1539.4,1539.5,0
2026-04-17 11:04:00,1539.5,1539.55,1538.8,1539.45,0
2026-04-17 11:05:00,1539.5,1540.05,1539.5,1539.95,0
2026-04-17 11:06:00,1540.0,1540.15,1539.5,1539.6,0
2026-04-17 11:07:00,1539.6,1540.15,1539.55,1539.9,0
2026-04-17 11:08:00,1539.9,1540.0,1539.75,1539.9,0
2026-04-17 11:09:00,1539.95,1540.15,1539.9,1540.15,0
2026-04-17 11:10:00,1540.15,1540.9,1540.15,1540.85,0
2026-04-17 11:11:00,1540.9,1541.2,1540.9,1541.1,0
2026-04-17 11:12:00,1541.05,1541.2,1540.7,1540.75,0
2026-04-17 11:13:00,1540.75,1540.95,1540.6,1540.85,0
2026-04-17 11:14:00,1540.9,1540.95,1540.55,1540.6,0
2026-04-17 11:15:00,1540.6,1541.05,1540.6,1541.0,0
2026-04-17 11:16:00,1541.0,1541.15,1540.85,1541.1,0
2026-04-17 11:17:00,1541.1,1541.2,1540.9,1540.9,0
2026-04-17 11:18:00,1540.9,1541.15,1540.85,1541.0,0
2026-04-17 11:19:00,1541.0,1541.1,1540.8,1541.1,0
2026-04-17 11:20:00,1541.1,1541.2,1540.95,1541.1,0
2026-04-17 11:21:00,1541.15,1541.15,1541.0,1541.1,0
2026-04-17 11:22:00,1541.1,1541.35,1541.1,1541.3,0
2026-04-17 11:23:00,1541.3,1541.55,1541.3,1541.45,0
2026-04-17 11:24:00,1541.45,1541.5,1540.95,1541.0,0
2026-04-17 11:25:00,1541.0,1541.35,1540.95,1541.3,0
2026-04-17 11:26:00,1541.3,1541.4,1541.1,1541.2,0
2026-04-17 11:27:00,1541.2,1541.3,1540.65,1540.8,0
2026-04-17 11:28:00,1540.8,1541.0,1540.6,1540.95,0
2026-04-17 11:29:00,1540.95,1541.1,1540.85,1541.1,0
2026-04-17 11:30:00,1541.15,1541.6,1541.1,1541.25,0
2026-04-17 11:31:00,1541.25,1541.3,1540.9,1540.95,0
2026-04-17 11:32:00,1540.95,1541.1,1540.9,1541.05,0
2026-04-17 11:33:00,1541.05,1541.5,1541.0,1541.5,0
2026-04-17 11:34:00,1541.45,1541.65,1541.35,1541.6,0
2026-04-17 11:35:00,1541.65,1541.8,1541.45,1541.6,0
2026-04-17 11:36:00,1541.6,1541.8,1541.6,1541.65,0
2026-04-17 11:37:00,1541.65,1541.9,1541.65,1541.85,0
2026-04-17 11:38:00,1541.85,1542.0,1541.75,1541.8,0
2026-04-17 11:39:00,1541.85,1541.85,1541.55,1541.7,0
2026-04-17 11:40:00,1541.75,1541.9,1541.65,1541.75,0
2026-04-17 11:41:00,1541.8,1541.85,1541.65,1541.7,0
2026-04-17 11:42:00,1541.7,1541.85,1541.55,1541.75,0
2026-04-17 11:43:00,1541.8,1542.1,1541.8,1542.1,0
2026-04-17 11:44:00,1542.15,1542.4,1542.1,1542.1,0
2026-04-17 11:45:00,1542.1,1542.15,1541.75,1541.8,0
2026-04-17 11:46:00,1541.8,1541.9,1541.7,1541.75,0
2026-04-17 11:47:00,1541.75,1541.8,1541.25,1541.25,0
2026-04-17 11:48:00,1541.25,1541.35,1541.0,1541.3,0
2026-04-17 11:49:00,1541.35,1541.4,1541.1,1541.4,0
2026-04-17 11:50:00,1541.45,1542.1,1541.4,1542.05,0
2026-04-17 11:51:00,1542.05,1542.25,1541.9,1542.25,0
2026-04-17 11:52:00,1542.25,1542.25,1541.85,1541.85,0
2026-04-17 11:53:00,1541.85,1542.65,1541.8,1542.6,0
2026-04-17 11:54:00,1542.65,1543.15,1542.6,1543.1,0
2026-04-17 11:55:00,1543.1,1543.4,1542.9,1543.4,0
2026-04-17 11:56:00,1543.4,1543.45,1542.5,1542.55,0
2026-04-17 11:57:00,1542.55,1542.65,1542.4,1542.55,0
2026-04-17 11:58:00,1542.55,1542.55,1541.6,1541.6,0
2026-04-17 11:59:00,1541.65,1541.75,1540.9,1540.95,0
2026-04-17 12:00:00,1540.9,1541.1,1540.0,1540.0,0
2026-04-17 12:01:00,1539.95,1541.0,1539.95,1540.95,0
2026-04-17 12:02:00,1540.95,1541.05,1540.75,1540.8,0
2026-04-17 12:03:00,1540.85,1540.9,1540.1,1540.15,0
2026-04-17 12:04:00,1540.1,1540.2,1539.9,1540.15,0
2026-04-17 12:05:00,1540.15,1540.2,1539.9,1540.0,0
2026-04-17 12:06:00,1540.05,1540.75,1540.0,1540.7,0
2026-04-17 12:07:00,1540.7,1541.5,1540.7,1541.45,0
2026-04-17 12:08:00,1541.45,1541.9,1541.45,1541.8,0
2026-04-17 12:09:00,1541.85,1541.95,1541.6,1541.6,0
2026-04-17 12:10:00,1541.6,1541.7,1541.4,1541.45,0
2026-04-17 12:11:00,1541.45,1541.55,1541.25,1541.55,0
2026-04-17 12:12:00,1541.55,1541.7,1541.55,1541.65,0
2026-04-17 12:13:00,1541.65,1541.7,1541.15,1541.35,0
2026-04-17 12:14:00,1541.35,1541.5,1541.3,1541.45,0
2026-04-17 12:15:00,1541.45,1541.7,1541.2,1541.7,0
2026-04-17 12:16:00,1541.7,1541.85,1541.65,1541.7,0
2026-04-17 12:17:00,1541.7,1541.8,1541.55,1541.65,0
2026-04-17 12:18:00,1541.6,1541.75,1541.55,1541.6,0
2026-04-17 12:19:00,1541.6,1541.8,1541.5,1541.5,0
2026-04-17 12:20:00,1541.55,1541.6,1541.25,1541.3,0
2026-04-17 12:21:00,1541.3,1541.5,1541.25,1541.35,0
2026-04-17 12:22:00,1541.3,1541.55,1541.2,1541.55,0
2026-04-17 12:23:00,1541.55,1541.75,1541.5,1541.7,0
2026-04-17 12:24:00,1541.7,1541.9,1541.7,1541.9,0
2026-04-17 12:25:00,1541.85,1541.95,1541.7,1541.9,0
2026-04-17 12:26:00,1541.9,1542.05,1541.8,1542.05,0
2026-04-17 12:27:00,1542.05,1542.15,1541.9,1541.95,0
2026-04-17 12:28:00,1541.95,1542.0,1541.7,1541.7,0
2026-04-17 12:29:00,1541.7,1541.85,1541.55,1541.55,0
2026-04-17 12:30:00,1541.6,1541.6,1541.35,1541.35,0
2026-04-17 12:31:00,1541.35,1541.4,1541.2,1541.2,0
2026-04-17 12:32:00,1541.2,1541.25,1540.6,1540.8,0
2026-04-17 12:33:00,1540.75,1540.8,1540.5,1540.8,0
2026-04-17 12:34:00,1540.85,1540.9,1540.55,1540.6,0
2026-04-17 12:35:00,1540.6,1540.7,1540.5,1540.65,0
2026-04-17 12:36:00,1540.7,1540.9,1540.6,1540.7,0
2026-04-17 12:37:00,1540.65,1540.75,1540.55,1540.6,0
2026-04-17 12:38:00,1540.55,1540.75,1540.45,1540.7,0
2026-04-17 12:39:00,1540.6,1540.7,1540.35,1540.4,0
2026-04-17 12:40:00,1540.4,1540.4,1540.1,1540.3,0
2026-04-17 12:41:00,1540.3,1540.55,1540.3,1540.55,0
2026-04-17 12:42:00,1540.5,1540.85,1540.5,1540.8,0
2026-04-17 12:43:00,1540.8,1540.9,1540.65,1540.75,0
2026-04-17 12:44:00,1540.75,1540.8,1540.1,1540.4,0
2026-04-17 12:45:00,1540.4,1540.8,1540.4,1540.8,0
2026-04-17 12:46:00,1540.75,1541.0,1540.75,1540.95,0
2026-04-17 12:47:00,1540.95,1541.1,1540.85,1540.9,0
2026-04-17 12:48:00,1540.9,1540.95,1540.4,1540.5,0
2026-04-17 12:49:00,1540.5,1540.7,1540.5,1540.7,0
2026-04-17 12:50:00,1540.7,1540.9,1540.7,1540.75,0
2026-04-17 12:51:00,1540.7,1540.75,1540.4,1540.45,0
2026-04-17 12:52:00,1540.45,1540.5,1540.15,1540.2,0
2026-04-17 12:53:00,1540.15,1540.25,1540.05,1540.25,0
2026-04-17 12:54:00,1540.3,1540.4,1540.2,1540.3,0
2026-04-17 12:55:00,1540.25,1540.3,1540.15,1540.25,0
2026-04-17 12:56:00,1540.25,1540.5,1540.25,1540.4,0
2026-04-17 12:57:00,1540.4,1540.5,1540.2,1540.2,0
2026-04-17 12:58:00,1540.2,1540.25,1540.1,1540.25,0
2026-04-17 12:59:00,1540.2,1540.5,1540.1,1540.5,0
2026-04-17 13:00:00,1540.5,1540.7,1540.45,1540.65,0
2026-04-17 13:01:00,1540.65,1540.75,1540.55,1540.7,0
2026-04-17 13:02:00,1540.7,1541.0,1540.7,1540.8,0
2026-04-17 13:03:00,1540.8,1540.85,1540.45,1540.65,0
2026-04-17 13:04:00,1540.65,1540.95,1540.65,1540.75,0
2026-04-17 13:05:00,1540.75,1541.0,1540.65,1541.0,0
2026-04-17 13:06:00,1540.95,1541.25,1540.95,1541.15,0
2026-04-17 13:07:00,1541.15,1541.25,1541.05,1541.2,0
2026-04-17 13:08:00,1541.2,1541.4,1541.15,1541.4,0
2026-04-17 13:09:00,1541.35,1541.7,1541.35,1541.6,0
2026-04-17 13:10:00,1541.55,1541.7,1541.55,1541.7,0
2026-04-17 13:11:00,1541.7,1541.9,1541.6,1541.85,0
2026-04-17 13:12:00,1541.85,1541.9,1541.75,1541.9,0
2026-04-17 13:13:00,1541.9,1541.9,1541.6,1541.6,0
2026-04-17 13:14:00,1541.6,1541.65,1541.4,1541.4,0
2026-04-17 13:15:00,1541.4,1541.6,1541.35,1541.55,0
2026-04-17 13:16:00,1541.55,1541.65,1541.35,1541.4,0
2026-04-17 13:17:00,1541.35,1541.5,1541.15,1541.25,0
2026-04-17 13:18:00,1541.15,1541.25,1540.9,1540.95,0
2026-04-17 13:19:00,1540.85,1541.05,1540.8,1540.9,0
2026-04-17 13:20:00,1540.85,1541.2,1540.85,1541.15,0
2026-04-17 13:21:00,1541.1,1541.2,1541.0,1541.1,0
2026-04-17 13:22:00,1541.05,1541.35,1541.0,1541.35,0
2026-04-17 13:23:00,1541.35,1541.95,1541.3,1541.9,0
2026-04-17 13:24:00,1541.85,1541.95,1541.3,1541.3,0
2026-04-17 13:25:00,1541.3,1541.35,1541.15,1541.25,0
2026-04-17 13:26:00,1541.2,1541.3,1540.85,1541.3,0
2026-04-17 13:27:00,1541.25,1541.85,1541.2,1541.85,0
2026-04-17 13:28:00,1541.85,1542.05,1541.85,1542.0,0
2026-04-17 13:29:00,1542.0,1542.3,1541.95,1542.3,0
2026-04-17 13:30:00,1542.3,1542.5,1542.3,1542.4,0
2026-04-17 13:31:00,1542.4,1542.5,1542.35,1542.5,0
2026-04-17 13:32:00,1542.45,1542.85,1542.35,1542.85,0
2026-04-17 13:33:00,1542.85,1542.95,1542.8,1542.85,0
2026-04-17 13:34:00,1542.85,1543.1,1542.85,1543.05,0
2026-04-17 13:35:00,1543.05,1543.1,1542.7,1542.7,0
2026-04-17 13:36:00,1542.7,1542.75,1542.55,1542.6,0
2026-04-17 13:37:00,1542.6,1542.85,1542.6,1542.75,0
2026-04-17 13:38:00,1542.75,1542.95,1542.6,1542.95,0
2026-04-17 13:39:00,1542.95,1543.25,1542.95,1543.15,0
2026-04-17 13:40:00,1543.15,1543.55,1543.15,1543.45,0
2026-04-17 13:41:00,1543.4,1543.9,1543.4,1543.85,0
2026-04-17 13:42:00,1543.85,1544.05,1543.8,1544.0,0
2026-04-17 13:43:00,1544.0,1544.05,1543.65,1543.85,0
2026-04-17 13:44:00,1543.75,1543.85,1543.4,1543.4,0
2026-04-17 13:45:00,1543.4,1543.7,1543.4,1543.6,0
2026-04-17 13:46:00,1543.55,1543.75,1543.4,1543.7,0
2026-04-17 13:47:00,1543.65,1543.8,1543.65,1543.75,0
2026-04-17 13:48:00,1543.75,1543.95,1543.75,1543.75,0
2026-04-17 13:49:00,1543.75,1543.85,1543.7,1543.8,0
2026-04-17 13:50:00,1543.8,1543.9,1543.65,1543.7,0
2026-04-17 13:51:00,1543.65,1543.75,1543.55,1543.7,0
2026-04-17 13:52:00,1543.7,1543.9,1543.65,1543.7,0
2026-04-17 13:53:00,1543.7,1543.8,1543.4,1543.5,0
2026-04-17 13:54:00,1543.5,1543.8,1543.5,1543.75,0
2026-04-17 13:55:00,1543.75,1544.05,1543.75,1543.75,0
2026-04-17 13:56:00,1543.8,1543.85,1543.15,1543.4,0
2026-04-17 13:57:00,1543.4,1543.6,1543.35,1543.55,0
2026-04-17 13:58:00,1543.6,1543.75,1543.5,1543.7,0
2026-04-17 13:59:00,1543.7,1543.9,1543.7,1543.75,0
2026-04-17 14:00:00,1543.7,1544.1,1543.65,1544.1,0
2026-04-17 14:01:00,1544.0,1544.2,1544.0,1544.1,0
2026-04-17 14:02:00,1544.05,1544.2,1544.0,1544.05,0
2026-04-17 14:03:00,1544.05,1544.15,1544.0,1544.1,0
2026-04-17 14:04:00,1544.15,1544.2,1543.6,1543.7,0
2026-04-17 14:05:00,1543.65,1543.8,1543.55,1543.75,0
2026-04-17 14:06:00,1543.85,1544.15,1543.75,1544.0,0
2026-04-17 14:07:00,1544.0,1544.15,1543.95,1544.15,0
2026-04-17 14:08:00,1544.15,1544.2,1543.9,1544.0,0
2026-04-17 14:09:00,1544.05,1544.25,1544.05,1544.1,0
2026-04-17 14:10:00,1544.1,1544.3,1544.05,1544.25,0
2026-04-17 14:11:00,1544.25,1544.5,1544.2,1544.35,0
2026-04-17 14:12:00,1544.4,1544.45,1544.3,1544.35,0
2026-04-17 14:13:00,1544.35,1544.45,1544.05,1544.05,0
2026-04-17 14:14:00,1544.05,1544.15,1543.75,1543.75,0
2026-04-17 14:15:00,1543.8,1544.2,1543.8,1544.05,0
2026-04-17 14:16:00,1544.1,1544.4,1544.05,1544.25,0
2026-04-17 14:17:00,1544.25,1544.65,1544.15,1544.15,0
2026-04-17 14:18:00,1544.1,1544.55,1543.9,1544.45,0
2026-04-17 14:19:00,1544.45,1544.55,1544.35,1544.4,0
2026-04-17 14:20:00,1544.4,1544.95,1544.4,1544.95,0
2026-04-17 14:21:00,1544.9,1545.1,1544.7,1545.05,0
2026-04-17 14:22:00,1545.05,1545.1,1544.25,1544.45,0
2026-04-17 14:23:00,1544.45,1544.8,1544.45,1544.7,0
2026-04-17 14:24:00,1544.7,1544.95,1544.6,1544.95,0
2026-04-17 14:25:00,1544.9,1545.05,1544.7,1544.7,0
2026-04-17 14:26:00,1544.7,1544.85,1544.25,1544.3,0
2026-04-17 14:27:00,1544.3,1544.35,1544.15,1544.2,0
2026-04-17 14:28:00,1544.2,1544.3,1543.85,1543.85,0
2026-04-17 14:29:00,1543.85,1544.05,1543.8,1543.9,0
2026-04-17 14:30:00,1543.9,1544.0,1543.7,1543.95,0
2026-04-17 14:31:00,1543.95,1544.3,1543.95,1544.3,0
2026-04-17 14:32:00,1544.25,1544.3,1544.0,1544.1,0
2026-04-17 14:33:00,1544.05,1544.25,1543.85,1543.95,0
2026-04-17 14:34:00,1543.9,1544.35,1543.85,1544.25,0
2026-04-17 14:35:00,1544.25,1544.35,1544.0,1544.2,0
2026-04-17 14:36:00,1544.2,1544.85,1544.2,1544.85,0
2026-04-17 14:37:00,1544.8,1544.95,1544.75,1544.8,0
2026-04-17 14:38:00,1544.8,1545.1,1544.65,1545.05,0
2026-04-17 14:39:00,1545.05,1545.35,1545.05,1545.15,0
2026-04-17 14:40:00,1545.15,1545.65,1545.1,1545.45,0
2026-04-17 14:41:00,1545.5,1545.55,1545.3,1545.5,0
2026-04-17 14:42:00,1545.55,1545.9,1545.55,1545.85,0
2026-04-17 14:43:00,1545.85,1546.05,1545.85,1545.9,0
2026-04-17 14:44:00,1545.85,1546.4,1545.85,1546.3,0
2026-04-17 14:45:00,1546.3,1546.7,1546.3,1546.6,0
2026-04-17 14:46:00,1546.65,1547.3,1546.65,1547.15,0
2026-04-17 14:47:00,1547.15,1547.25,1546.25,1546.25,0
2026-04-17 14:48:00,1546.25,1546.75,1546.25,1546.55,0
2026-04-17 14:49:00,1546.55,1547.1,1546.55,1546.95,0
2026-04-17 14:50:00,1546.95,1547.1,1546.9,1547.05,0
2026-04-17 14:51:00,1547.05,1547.4,1547.05,1547.3,0
2026-04-17 14:52:00,1547.3,1547.45,1547.1,1547.25,0
2026-04-17 14:53:00,1547.25,1547.4,1547.15,1547.2,0
2026-04-17 14:54:00,1547.25,1547.35,1547.1,1547.2,0
2026-04-17 14:55:00,1547.1,1547.25,1547.1,1547.2,0
2026-04-17 14:56:00,1547.2,1547.25,1546.9,1546.95,0
2026-04-17 14:57:00,1546.95,1547.1,1546.75,1547.1,0
2026-04-17 14:58:00,1547.05,1547.25,1547.05,1547.1,0
2026-04-17 14:59:00,1547.05,1547.2,1546.85,1546.95,0
2026-04-17 15:00:00,1546.95,1547.45,1544.35,1544.65,0
2026-04-17 15:01:00,1544.65,1545.45,1544.55,1545.1,0
2026-04-17 15:02:00,1545.1,1545.4,1544.95,1545.2,0
2026-04-17 15:03:00,1545.2,1546.0,1545.15,1546.0,0
2026-04-17 15:04:00,1546.0,1546.5,1545.95,1546.5,0
2026-04-17 15:05:00,1546.5,1546.8,1546.45,1546.75,0
2026-04-17 15:06:00,1546.75,1546.95,1546.4,1546.45,0
2026-04-17 15:07:00,1546.45,1546.55,1546.35,1546.5,0
2026-04-17 15:08:00,1546.5,1546.95,1546.3,1546.95,0
2026-04-17 15:09:00,1546.95,1547.05,1546.8,1546.85,0
2026-04-17 15:10:00,1546.85,1547.1,1546.65,1547.05,0
2026-04-17 15:11:00,1547.05,1547.1,1546.8,1547.05,0
2026-04-17 15:12:00,1547.05,1547.1,1546.95,1547.05,0
2026-04-17 15:13:00,1547.05,1547.1,1546.95,1547.0,0
2026-04-17 15:14:00,1547.0,1547.2,1546.95,1547.1,0
2026-04-17 15:15:00,1547.1,1547.15,1546.9,1546.95,0
2026-04-17 15:16:00,1546.95,1547.15,1546.85,1547.1,0
2026-04-17 15:17:00,1547.1,1547.15,1546.9,1547.15,0
2026-04-17 15:18:00,1547.15,1547.3,1547.0,1547.3,0
2026-04-17 15:19:00,1547.3,1547.6,1547.2,1547.5,0
2026-04-17 15:20:00,1547.5,1547.6,1547.35,1547.4,0
2026-04-17 15:21:00,1547.4,1547.6,1547.3,1547.6,0
2026-04-17 15:22:00,1547.6,1547.85,1547.5,1547.75,0
2026-04-17 15:23:00,1547.75,1547.85,1547.7,1547.8,0
2026-04-17 15:24:00,1547.8,1547.85,1547.65,1547.75,0
2026-04-17 15:25:00,1547.75,1547.9,1547.35,1547.45,0
2026-04-17 15:26:00,1547.45,1547.55,1547.25,1547.3,0
2026-04-17 15:27:00,1547.3,1547.5,1547.2,1547.45,0
2026-04-17 15:28:00,1547.45,1547.6,1547.35,1547.45,0
2026-04-17 15:29:00,1547.45,1547.7,1547.2,1547.35,0
2026-04-20 09:15:00,1549.3,1549.45,1540.65,1542.5,0
2026-04-20 09:16:00,1542.7,1543.4,1537.1,1538.7,0
2026-04-20 09:17:00,1538.75,1542.9,1538.35,1542.85,0
2026-04-20 09:18:00,1542.9,1544.7,1542.05,1542.95,0
2026-04-20 09:19:00,1542.9,1545.5,1542.9,1545.5,0
2026-04-20 09:20:00,1545.6,1548.3,1545.6,1548.25,0
2026-04-20 09:21:00,1548.3,1549.1,1547.95,1549.1,0
2026-04-20 09:22:00,1549.05,1549.95,1549.05,1549.95,0
2026-04-20 09:23:00,1549.95,1550.35,1549.65,1550.1,0
2026-04-20 09:24:00,1550.05,1550.85,1549.9,1550.65,0
2026-04-20 09:25:00,1550.65,1551.9,1550.4,1551.7,0
2026-04-20 09:26:00,1551.7,1551.75,1549.15,1549.3,0
2026-04-20 09:27:00,1549.25,1549.5,1548.6,1548.85,0
2026-04-20 09:28:00,1548.9,1550.2,1548.9,1549.4,0
2026-04-20 09:29:00,1549.4,1549.6,1548.15,1548.15,0
2026-04-20 09:30:00,1548.2,1548.3,1547.2,1547.3,0
2026-04-20 09:31:00,1547.15,1547.15,1546.3,1546.45,0
2026-04-20 09:32:00,1546.5,1546.5,1544.6,1545.15,0
2026-04-20 09:33:00,1545.1,1546.7,1545.1,1546.65,0
2026-04-20 09:34:00,1546.6,1546.65,1545.15,1545.5,0
2026-04-20 09:35:00,1545.6,1546.15,1545.3,1545.6,0
2026-04-20 09:36:00,1545.6,1546.0,1544.5,1544.65,0
2026-04-20 09:37:00,1544.65,1544.65,1544.05,1544.05,0
2026-04-20 09:38:00,1544.1,1544.25,1543.25,1543.5,0
2026-04-20 09:39:00,1543.45,1543.8,1543.3,1543.65,0
2026-04-20 09:40:00,1543.6,1543.7,1543.15,1543.65,0
2026-04-20 09:41:00,1543.65,1544.3,1543.05,1543.05,0
2026-04-20 09:42:00,1543.1,1543.7,1542.5,1542.75,0
2026-04-20 09:43:00,1542.75,1542.8,1541.7,1541.75,0
2026-04-20 09:44:00,1541.7,1541.75,1540.65,1540.9,0
2026-04-20 09:45:00,1540.9,1541.05,1540.15,1540.5,0
2026-04-20 09:46:00,1540.5,1540.85,1540.3,1540.35,0
2026-04-20 09:47:00,1540.3,1540.3,1539.8,1539.95,0
2026-04-20 09:48:00,1539.95,1540.3,1539.75,1539.75,0
2026-04-20 09:49:00,1539.7,1540.75,1539.65,1540.6,0
2026-04-20 09:50:00,1540.6,1540.7,1540.05,1540.4,0
2026-04-20 09:51:00,1540.4,1541.0,1540.35,1540.8,0
2026-04-20 09:52:00,1540.8,1541.95,1540.8,1541.9,0
2026-04-20 09:53:00,1541.85,1543.1,1541.8,1542.8,0
2026-04-20 09:54:00,1542.85,1544.1,1542.8,1544.05,0
2026-04-20 09:55:00,1544.0,1544.2,1543.25,1544.15,0
2026-04-20 09:56:00,1544.15,1544.15,1542.95,1543.1,0
2026-04-20 09:57:00,1543.1,1543.35,1542.9,1543.0,0
2026-04-20 09:58:00,1543.0,1543.1,1542.75,1542.9,0
2026-04-20 09:59:00,1542.85,1543.25,1542.8,1543.2,0
2026-04-20 10:00:00,1543.2,1543.35,1542.9,1543.35,0
2026-04-20 10:01:00,1543.35,1543.65,1543.1,1543.45,0
2026-04-20 10:02:00,1543.5,1544.2,1543.35,1544.15,0
2026-04-20 10:03:00,1544.2,1545.3,1544.2,1545.15,0
2026-04-20 10:04:00,1545.2,1545.2,1543.8,1544.65,0
2026-04-20 10:05:00,1544.65,1545.2,1544.6,1545.15,0
2026-04-20 10:06:00,1545.15,1545.15,1544.85,1544.9,0
2026-04-20 10:07:00,1544.9,1545.7,1544.85,1545.65,0
2026-04-20 10:08:00,1545.65,1546.55,1545.65,1546.4,0
2026-04-20 10:09:00,1546.4,1547.0,1546.4,1547.0,0
2026-04-20 10:10:00,1546.95,1547.0,1546.25,1546.65,0
2026-04-20 10:11:00,1546.65,1546.7,1546.45,1546.45,0
2026-04-20 10:12:00,1546.5,1546.65,1545.6,1545.6,0
2026-04-20 10:13:00,1545.65,1545.95,1545.6,1545.9,0
2026-04-20 10:14:00,1545.9,1546.55,1545.85,1546.45,0
2026-04-20 10:15:00,1546.45,1546.6,1546.05,1546.55,0
2026-04-20 10:16:00,1546.55,1547.15,1546.55,1547.1,0
2026-04-20 10:17:00,1547.1,1547.9,1547.05,1547.85,0
2026-04-20 10:18:00,1547.85,1548.0,1547.35,1547.65,0
2026-04-20 10:19:00,1547.6,1547.65,1547.4,1547.65,0
2026-04-20 10:20:00,1547.65,1547.95,1547.5,1547.55,0
2026-04-20 10:21:00,1547.55,1547.6,1547.1,1547.55,0
2026-04-20 10:22:00,1547.55,1548.35,1547.55,1548.15,0
2026-04-20 10:23:00,1548.15,1548.7,1548.15,1548.7,0
2026-04-20 10:24:00,1548.65,1549.1,1548.65,1548.8,0
2026-04-20 10:25:00,1548.7,1548.75,1547.85,1548.4,0
2026-04-20 10:26:00,1548.45,1549.0,1548.45,1548.9,0
2026-04-20 10:27:00,1548.9,1548.95,1548.55,1548.75,0
2026-04-20 10:28:00,1548.7,1549.3,1548.55,1549.3,0
2026-04-20 10:29:00,1549.25,1549.45,1549.15,1549.45,0
2026-04-20 10:30:00,1549.45,1550.45,1549.45,1550.35,0
2026-04-20 10:31:00,1550.45,1550.6,1550.2,1550.5,0
2026-04-20 10:32:00,1550.5,1551.0,1550.45,1550.85,0
2026-04-20 10:33:00,1550.85,1551.0,1550.55,1550.75,0
2026-04-20 10:34:00,1550.8,1550.85,1550.35,1550.55,0
2026-04-20 10:35:00,1550.55,1551.0,1550.5,1550.9,0
2026-04-20 10:36:00,1550.9,1551.05,1550.7,1550.75,0
2026-04-20 10:37:00,1550.75,1551.25,1550.65,1551.0,0
2026-04-20 10:38:00,1551.0,1551.05,1550.15,1550.15,0
2026-04-20 10:39:00,1550.2,1550.55,1549.8,1550.5,0
2026-04-20 10:40:00,1550.5,1551.4,1550.5,1551.35,0
2026-04-20 10:41:00,1551.35,1551.45,1551.3,1551.35,0
2026-04-20 10:42:00,1551.35,1551.45,1551.1,1551.3,0
2026-04-20 10:43:00,1551.3,1551.5,1551.2,1551.5,0
2026-04-20 10:44:00,1551.5,1551.8,1551.4,1551.4,0
2026-04-20 10:45:00,1551.4,1551.4,1550.55,1550.55,0
2026-04-20 10:46:00,1550.6,1550.6,1550.0,1550.05,0
2026-04-20 10:47:00,1550.0,1550.85,1550.0,1550.75,0
2026-04-20 10:48:00,1550.8,1551.05,1550.8,1551.0,0
2026-04-20 10:49:00,1551.0,1551.05,1550.8,1550.9,0
2026-04-20 10:50:00,1550.9,1551.0,1550.3,1550.3,0
2026-04-20 10:51:00,1550.4,1550.4,1549.85,1549.9,0
2026-04-20 10:52:00,1549.9,1550.75,1549.9,1550.6,0
2026-04-20 10:53:00,1550.6,1550.95,1550.55,1550.9,0
2026-04-20 10:54:00,1550.9,1551.05,1550.75,1550.85,0
2026-04-20 10:55:00,1550.8,1550.85,1550.3,1550.35,0
2026-04-20 10:56:00,1550.35,1550.6,1550.35,1550.6,0
2026-04-20 10:57:00,1550.65,1551.05,1550.6,1551.0,0
2026-04-20 10:58:00,1551.0,1551.3,1550.95,1551.2,0
2026-04-20 10:59:00,1551.25,1551.35,1551.2,1551.3,0
2026-04-20 11:00:00,1551.35,1551.35,1550.55,1550.75,0
2026-04-20 11:01:00,1550.7,1550.85,1550.45,1550.45,0
2026-04-20 11:02:00,1550.5,1550.6,1550.3,1550.35,0
2026-04-20 11:03:00,1550.3,1550.75,1550.3,1550.7,0
2026-04-20 11:04:00,1550.7,1551.45,1550.65,1551.35,0
2026-04-20 11:05:00,1551.35,1551.4,1551.2,1551.35,0
2026-04-20 11:06:00,1551.35,1551.6,1550.9,1550.95,0
2026-04-20 11:07:00,1550.9,1551.2,1550.9,1551.1,0
2026-04-20 11:08:00,1551.1,1551.2,1550.35,1550.35,0
2026-04-20 11:09:00,1550.35,1550.35,1549.85,1549.9,0
2026-04-20 11:10:00,1549.85,1550.0,1549.15,1549.85,0
2026-04-20 11:11:00,1549.85,1550.0,1549.8,1549.8,0
2026-04-20 11:12:00,1549.8,1550.5,1549.8,1550.45,0
2026-04-20 11:13:00,1550.4,1550.55,1550.25,1550.55,0
2026-04-20 11:14:00,1550.55,1550.6,1549.75,1549.75,0
2026-04-20 11:15:00,1549.75,1550.5,1549.7,1550.5,0
2026-04-20 11:16:00,1550.45,1550.9,1550.4,1550.4,0
2026-04-20 11:17:00,1550.35,1550.65,1550.3,1550.65,0
2026-04-20 11:18:00,1550.6,1551.15,1550.6,1551.1,0
2026-04-20 11:19:00,1551.05,1551.1,1550.7,1550.8,0
2026-04-20 11:20:00,1550.8,1551.1,1550.75,1551.1,0
2026-04-20 11:21:00,1551.1,1551.35,1551.05,1551.35,0
2026-04-20 11:22:00,1551.35,1551.45,1551.0,1551.3,0
2026-04-20 11:23:00,1551.3,1551.6,1551.3,1551.6,0
2026-04-20 11:24:00,1551.7,1552.4,1551.7,1552.3,0
2026-04-20 11:25:00,1552.3,1552.7,1552.2,1552.65,0
2026-04-20 11:26:00,1552.65,1552.65,1552.45,1552.55,0
2026-04-20 11:27:00,1552.55,1552.55,1551.9,1552.15,0
2026-04-20 11:28:00,1552.15,1552.6,1552.15,1552.55,0
2026-04-20 11:29:00,1552.5,1552.9,1552.5,1552.8,0
2026-04-20 11:30:00,1552.75,1552.9,1552.65,1552.65,0
2026-04-20 11:31:00,1552.65,1552.75,1552.05,1552.25,0
2026-04-20 11:32:00,1552.2,1552.3,1551.95,1552.25,0
2026-04-20 11:33:00,1552.25,1552.25,1552.0,1552.05,0
2026-04-20 11:34:00,1552.05,1552.2,1551.95,1552.0,0
2026-04-20 11:35:00,1552.05,1552.15,1551.65,1552.05,0
2026-04-20 11:36:00,1552.15,1552.3,1551.95,1552.0,0
2026-04-20 11:37:00,1552.0,1552.1,1551.85,1551.85,0
2026-04-20 11:38:00,1551.85,1551.9,1551.4,1551.9,0
2026-04-20 11:39:00,1551.9,1552.45,1551.9,1552.4,0
2026-04-20 11:40:00,1552.4,1552.6,1552.4,1552.6,0
2026-04-20 11:41:00,1552.55,1552.65,1552.2,1552.35,0
2026-04-20 11:42:00,1552.35,1552.95,1552.3,1552.95,0
2026-04-20 11:43:00,1552.9,1553.2,1552.85,1553.2,0
2026-04-20 11:44:00,1553.15,1553.3,1552.7,1552.85,0
2026-04-20 11:45:00,1552.85,1553.2,1552.85,1553.15,0
2026-04-20 11:46:00,1553.15,1553.4,1553.15,1553.35,0
2026-04-20 11:47:00,1553.35,1553.45,1553.2,1553.25,0
2026-04-20 11:48:00,1553.25,1553.35,1552.65,1552.7,0
2026-04-20 11:49:00,1552.7,1553.15,1552.65,1553.1,0
2026-04-20 11:50:00,1553.1,1553.1,1552.9,1552.9,0
2026-04-20 11:51:00,1552.9,1552.95,1552.5,1552.5,0
2026-04-20 11:52:00,1552.5,1552.65,1552.35,1552.65,0
2026-04-20 11:53:00,1552.65,1552.75,1552.6,1552.75,0
2026-04-20 11:54:00,1552.7,1553.0,1552.7,1553.0,0
2026-04-20 11:55:00,1553.0,1553.1,1552.8,1552.8,0
2026-04-20 11:56:00,1552.8,1552.85,1552.55,1552.7,0
2026-04-20 11:57:00,1552.65,1552.85,1552.65,1552.85,0
2026-04-20 11:58:00,1552.85,1553.1,1552.75,1553.1,0
2026-04-20 11:59:00,1553.1,1553.1,1552.7,1552.85,0
2026-04-20 12:00:00,1552.9,1553.35,1552.9,1553.25,0
2026-04-20 12:01:00,1553.2,1553.35,1552.9,1552.95,0
2026-04-20 12:02:00,1552.9,1553.0,1552.75,1553.0,0
2026-04-20 12:03:00,1553.0,1553.1,1552.95,1553.0,0
2026-04-20 12:04:00,1552.95,1552.95,1552.75,1552.85,0
2026-04-20 12:05:00,1552.8,1552.95,1552.35,1552.4,0
2026-04-20 12:06:00,1552.4,1552.4,1552.1,1552.2,0
2026-04-20 12:07:00,1552.2,1552.45,1552.2,1552.4,0
2026-04-20 12:08:00,1552.35,1552.85,1552.3,1552.8,0
2026-04-20 12:09:00,1552.75,1552.8,1552.2,1552.2,0
2026-04-20 12:10:00,1552.25,1552.25,1551.6,1551.65,0
2026-04-20 12:11:00,1551.6,1552.05,1551.6,1552.0,0
2026-04-20 12:12:00,1552.0,1552.2,1551.95,1552.05,0
2026-04-20 12:13:00,1552.05,1552.1,1551.4,1551.4,0
2026-04-20 12:14:00,1551.4,1551.6,1550.9,1551.6,0
2026-04-20 12:15:00,1551.6,1551.85,1551.6,1551.85,0
2026-04-20 12:16:00,1551.85,1552.1,1551.5,1551.5,0
2026-04-20 12:17:00,1551.5,1551.65,1551.45,1551.6,0
2026-04-20 12:18:00,1551.6,1551.7,1551.5,1551.65,0
2026-04-20 12:19:00,1551.65,1551.7,1551.4,1551.65,0
2026-04-20 12:20:00,1551.65,1552.1,1551.65,1552.1,0
2026-04-20 12:21:00,1552.05,1552.4,1552.05,1552.2,0
2026-04-20 12:22:00,1552.2,1552.55,1552.2,1552.55,0
2026-04-20 12:23:00,1552.55,1552.6,1552.2,1552.35,0
2026-04-20 12:24:00,1552.35,1552.5,1552.25,1552.45,0
2026-04-20 12:25:00,1552.45,1552.6,1552.3,1552.55,0
2026-04-20 12:26:00,1552.55,1553.1,1552.35,1553.1,0
2026-04-20 12:27:00,1553.1,1553.3,1553.1,1553.3,0
2026-04-20 12:28:00,1553.3,1553.35,1553.1,1553.15,0
2026-04-20 12:29:00,1553.15,1553.5,1553.15,1553.4,0
2026-04-20 12:30:00,1553.4,1553.75,1553.4,1553.45,0
2026-04-20 12:31:00,1553.4,1553.45,1553.05,1553.15,0
2026-04-20 12:32:00,1553.15,1553.3,1553.1,1553.25,0
2026-04-20 12:33:00,1553.2,1553.6,1553.2,1553.6,0
2026-04-20 12:34:00,1553.6,1553.75,1553.6,1553.65,0
2026-04-20 12:35:00,1553.65,1553.8,1553.25,1553.3,0
2026-04-20 12:36:00,1553.3,1553.35,1552.7,1553.05,0
2026-04-20 12:37:00,1553.05,1553.2,1553.0,1553.05,0
2026-04-20 12:38:00,1553.05,1553.5,1552.9,1553.5,0
2026-04-20 12:39:00,1553.5,1553.6,1553.4,1553.55,0
2026-04-20 12:40:00,1553.55,1553.65,1553.15,1553.25,0
2026-04-20 12:41:00,1553.25,1553.5,1553.25,1553.5,0
2026-04-20 12:42:00,1553.45,1553.85,1553.45,1553.75,0
2026-04-20 12:43:00,1553.75,1553.8,1553.55,1553.65,0
2026-04-20 12:44:00,1553.6,1553.65,1553.4,1553.55,0
2026-04-20 12:45:00,1553.55,1553.8,1553.55,1553.75,0
2026-04-20 12:46:00,1553.7,1553.95,1553.65,1553.9,0
2026-04-20 12:47:00,1553.9,1554.3,1553.85,1554.2,0
2026-04-20 12:48:00,1554.2,1554.2,1554.0,1554.2,0
2026-04-20 12:49:00,1554.15,1554.15,1553.95,1554.1,0
2026-04-20 12:50:00,1554.1,1554.25,1554.05,1554.1,0
2026-04-20 12:51:00,1554.05,1554.4,1553.95,1554.4,0
2026-04-20 12:52:00,1554.4,1554.65,1554.35,1554.55,0
2026-04-20 12:53:00,1554.6,1554.6,1554.35,1554.45,0
2026-04-20 12:54:00,1554.45,1554.65,1554.3,1554.3,0
2026-04-20 12:55:00,1554.35,1554.5,1554.2,1554.45,0
2026-04-20 12:56:00,1554.45,1554.5,1554.2,1554.3,0
2026-04-20 12:57:00,1554.3,1554.5,1554.2,1554.2,0
2026-04-20 12:58:00,1554.15,1554.3,1553.95,1554.1,0
2026-04-20 12:59:00,1554.05,1554.2,1553.9,1554.0,0
2026-04-20 13:00:00,1554.0,1554.05,1550.4,1551.8,0
2026-04-20 13:01:00,1551.85,1552.4,1551.65,1551.8,0
2026-04-20 13:02:00,1551.85,1552.4,1551.75,1552.3,0
2026-04-20 13:03:00,1552.3,1552.65,1552.3,1552.5,0
2026-04-20 13:04:00,1552.5,1552.55,1552.35,1552.45,0
2026-04-20 13:05:00,1552.45,1553.15,1552.3,1553.0,0
2026-04-20 13:06:00,1553.0,1553.0,1551.85,1551.95,0
2026-04-20 13:07:00,1551.95,1552.3,1551.6,1552.2,0
2026-04-20 13:08:00,1552.2,1552.3,1551.8,1551.85,0
2026-04-20 13:09:00,1551.8,1552.05,1551.65,1551.65,0
2026-04-20 13:10:00,1551.6,1551.6,1550.8,1550.85,0
2026-04-20 13:11:00,1550.85,1550.85,1550.05,1550.5,0
2026-04-20 13:12:00,1550.5,1551.75,1550.45,1551.75,0
2026-04-20 13:13:00,1551.75,1551.85,1551.55,1551.8,0
2026-04-20 13:14:00,1551.85,1552.0,1551.45,1551.55,0
2026-04-20 13:15:00,1551.55,1551.55,1551.1,1551.15,0
2026-04-20 13:16:00,1551.15,1551.95,1550.65,1551.95,0
2026-04-20 13:17:00,1551.9,1552.15,1551.8,1552.1,0
2026-04-20 13:18:00,1552.1,1552.2,1551.75,1551.75,0
2026-04-20 13:19:00,1551.75,1551.75,1551.25,1551.6,0
2026-04-20 13:20:00,1551.55,1551.65,1551.45,1551.5,0
2026-04-20 13:21:00,1551.45,1551.45,1551.0,1551.05,0
2026-04-20 13:22:00,1551.05,1551.1,1550.3,1550.4,0
2026-04-20 13:23:00,1550.4,1550.4,1549.65,1549.65,0
2026-04-20 13:24:00,1549.65,1550.25,1549.45,1549.9,0
2026-04-20 13:25:00,1549.9,1549.9,1548.7,1548.7,0
2026-04-20 13:26:00,1548.65,1548.65,1547.85,1548.1,0
2026-04-20 13:27:00,1548.15,1548.15,1547.55,1547.75,0
2026-04-20 13:28:00,1547.7,1548.25,1547.65,1548.25,0
2026-04-20 13:29:00,1548.25,1549.55,1548.15,1549.55,0
2026-04-20 13:30:00,1549.6,1550.05,1549.5,1549.55,0
2026-04-20 13:31:00,1549.6,1549.6,1549.05,1549.3,0
2026-04-20 13:32:00,1549.3,1549.3,1548.9,1549.1,0
2026-04-20 13:33:00,1549.1,1549.6,1548.95,1549.5,0
2026-04-20 13:34:00,1549.5,1549.8,1549.5,1549.75,0
2026-04-20 13:35:00,1549.75,1549.75,1549.35,1549.5,0
2026-04-20 13:36:00,1549.45,1549.45,1548.25,1548.3,0
2026-04-20 13:37:00,1548.3,1548.65,1548.2,1548.45,0
2026-04-20 13:38:00,1548.45,1548.8,1548.35,1548.7,0
2026-04-20 13:39:00,1548.7,1548.7,1548.4,1548.45,0
2026-04-20 13:40:00,1548.5,1548.9,1548.35,1548.8,0
2026-04-20 13:41:00,1548.8,1549.0,1548.65,1549.0,0
2026-04-20 13:42:00,1549.05,1549.3,1548.85,1549.25,0
2026-04-20 13:43:00,1549.25,1549.75,1549.2,1549.7,0
2026-04-20 13:44:00,1549.65,1549.85,1549.45,1549.45,0
2026-04-20 13:45:00,1549.45,1549.45,1549.1,1549.15,0
2026-04-20 13:46:00,1549.15,1549.2,1548.55,1548.75,0
2026-04-20 13:47:00,1548.7,1549.4,1548.7,1549.4,0
2026-04-20 13:48:00,1549.35,1549.5,1549.15,1549.4,0
2026-04-20 13:49:00,1549.45,1549.45,1548.65,1548.65,0
2026-04-20 13:50:00,1548.65,1548.65,1548.3,1548.45,0
2026-04-20 13:51:00,1548.45,1548.55,1548.05,1548.2,0
2026-04-20 13:52:00,1548.2,1548.4,1548.0,1548.15,0
2026-04-20 13:53:00,1548.2,1548.6,1548.2,1548.55,0
2026-04-20 13:54:00,1548.55,1549.2,1548.5,1549.1,0
2026-04-20 13:55:00,1549.1,1549.1,1548.35,1548.35,0
2026-04-20 13:56:00,1548.4,1548.4,1548.25,1548.4,0
2026-04-20 13:57:00,1548.4,1548.85,1548.25,1548.8,0
2026-04-20 13:58:00,1548.8,1549.0,1548.45,1548.6,0
2026-04-20 13:59:00,1548.55,1549.2,1548.55,1549.2,0
2026-04-20 14:00:00,1549.15,1549.2,1548.55,1548.55,0
2026-04-20 14:01:00,1548.3,1548.55,1548.15,1548.5,0
2026-04-20 14:02:00,1548.5,1548.65,1548.0,1548.55,0
2026-04-20 14:03:00,1548.55,1548.9,1548.55,1548.8,0
2026-04-20 14:04:00,1548.85,1549.2,1548.75,1549.05,0
2026-04-20 14:05:00,1549.0,1549.1,1548.25,1548.6,0
2026-04-20 14:06:00,1548.6,1548.6,1547.95,1548.0,0
2026-04-20 14:07:00,1547.95,1548.05,1547.65,1547.85,0
2026-04-20 14:08:00,1547.8,1547.85,1547.55,1547.65,0
2026-04-20 14:09:00,1547.55,1547.95,1547.45,1547.9,0
2026-04-20 14:10:00,1547.9,1548.45,1547.9,1548.45,0
2026-04-20 14:11:00,1548.45,1548.8,1548.25,1548.45,0
2026-04-20 14:12:00,1548.4,1548.7,1548.3,1548.45,0
2026-04-20 14:13:00,1548.4,1548.65,1548.25,1548.6,0
2026-04-20 14:14:00,1548.55,1548.65,1548.4,1548.6,0
2026-04-20 14:15:00,1548.6,1548.7,1548.4,1548.65,0
2026-04-20 14:16:00,1548.65,1549.05,1548.5,1549.0,0
2026-04-20 14:17:00,1549.1,1549.25,1548.9,1549.05,0
2026-04-20 14:18:00,1549.05,1549.15,1548.85,1548.85,0
2026-04-20 14:19:00,1548.85,1548.95,1548.6,1548.9,0
2026-04-20 14:20:00,1548.85,1549.3,1548.85,1549.3,0
2026-04-20 14:21:00,1549.3,1549.4,1549.2,1549.25,0
2026-04-20 14:22:00,1549.25,1549.3,1549.05,1549.15,0
2026-04-20 14:23:00,1549.15,1549.4,1549.15,1549.4,0
2026-04-20 14:24:00,1549.45,1550.45,1549.35,1550.3,0
2026-04-20 14:25:00,1550.3,1550.7,1550.25,1550.7,0
2026-04-20 14:26:00,1550.65,1550.7,1550.15,1550.45,0
2026-04-20 14:27:00,1550.5,1551.2,1550.35,1551.15,0
2026-04-20 14:28:00,1551.1,1551.6,1551.05,1551.6,0
2026-04-20 14:29:00,1551.6,1551.7,1551.4,1551.5,0
2026-04-20 14:30:00,1551.5,1551.5,1550.85,1550.95,0
2026-04-20 14:31:00,1550.9,1550.9,1550.5,1550.55,0
2026-04-20 14:32:00,1550.65,1550.65,1550.05,1550.45,0
2026-04-20 14:33:00,1550.45,1551.1,1550.4,1551.1,0
2026-04-20 14:34:00,1551.05,1551.25,1550.9,1551.1,0
2026-04-20 14:35:00,1551.1,1551.3,1551.05,1551.1,0
2026-04-20 14:36:00,1551.1,1551.45,1551.1,1551.4,0
2026-04-20 14:37:00,1551.35,1551.45,1550.9,1550.9,0
2026-04-20 14:38:00,1550.9,1550.9,1550.35,1550.4,0
2026-04-20 14:39:00,1550.35,1550.4,1549.9,1550.0,0
2026-04-20 14:40:00,1550.05,1550.05,1549.75,1550.05,0
2026-04-20 14:41:00,1550.0,1550.1,1549.75,1549.75,0
2026-04-20 14:42:00,1549.8,1549.95,1549.6,1549.7,0
2026-04-20 14:43:00,1549.65,1549.8,1549.3,1549.3,0
2026-04-20 14:44:00,1549.3,1549.85,1549.25,1549.8,0
2026-04-20 14:45:00,1549.8,1550.05,1549.3,1549.5,0
2026-04-20 14:46:00,1549.5,1549.55,1548.55,1549.15,0
2026-04-20 14:47:00,1549.15,1549.35,1548.8,1548.85,0
2026-04-20 14:48:00,1548.85,1549.35,1548.85,1549.3,0
2026-04-20 14:49:00,1549.3,1549.95,1549.3,1549.95,0
2026-04-20 14:50:00,1549.95,1550.1,1549.75,1550.1,0
2026-04-20 14:51:00,1550.1,1550.1,1549.85,1549.85,0
2026-04-20 14:52:00,1549.85,1550.05,1549.8,1550.0,0
2026-04-20 14:53:00,1550.0,1550.1,1549.9,1550.05,0
2026-04-20 14:54:00,1550.0,1550.25,1549.95,1550.25,0
2026-04-20 14:55:00,1550.25,1550.35,1549.85,1549.9,0
2026-04-20 14:56:00,1549.9,1550.1,1549.85,1549.9,0
2026-04-20 14:57:00,1549.95,1550.3,1549.95,1549.95,0
2026-04-20 14:58:00,1549.9,1550.1,1549.9,1550.05,0
2026-04-20 14:59:00,1550.05,1550.2,1550.0,1550.15,0
2026-04-20 15:00:00,1550.15,1551.0,1550.1,1550.3,0
2026-04-20 15:01:00,1550.3,1550.5,1550.3,1550.5,0
2026-04-20 15:02:00,1550.5,1550.6,1550.05,1550.1,0
2026-04-20 15:03:00,1550.1,1550.1,1549.75,1549.85,0
2026-04-20 15:04:00,1549.85,1549.85,1549.65,1549.8,0
2026-04-20 15:05:00,1549.8,1549.8,1549.4,1549.45,0
2026-04-20 15:06:00,1549.45,1549.5,1548.95,1549.05,0
2026-04-20 15:07:00,1549.05,1549.05,1548.7,1548.75,0
2026-04-20 15:08:00,1548.75,1548.85,1548.4,1548.8,0
2026-04-20 15:09:00,1548.8,1549.1,1548.7,1548.8,0
2026-04-20 15:10:00,1548.8,1548.9,1548.55,1548.9,0
2026-04-20 15:11:00,1548.9,1549.15,1548.9,1549.05,0
2026-04-20 15:12:00,1549.05,1549.1,1548.8,1548.85,0
2026-04-20 15:13:00,1548.85,1548.9,1548.4,1548.55,0
2026-04-20 15:14:00,1548.55,1548.7,1548.15,1548.2,0
2026-04-20 15:15:00,1548.2,1548.25,1547.5,1547.6,0
2026-04-20 15:16:00,1547.6,1547.6,1547.15,1547.2,0
2026-04-20 15:17:00,1547.2,1547.2,1546.35,1546.45,0
2026-04-20 15:18:00,1546.45,1546.45,1544.9,1545.0,0
2026-04-20 15:19:00,1545.0,1545.05,1544.35,1544.55,0
2026-04-20 15:20:00,1544.55,1545.15,1544.5,1545.1,0
2026-04-20 15:21:00,1545.1,1545.15,1544.75,1544.85,0
2026-04-20 15:22:00,1544.85,1544.85,1544.55,1544.8,0
2026-04-20 15:23:00,1544.8,1544.8,1544.5,1544.5,0
2026-04-20 15:24:00,1544.5,1544.55,1543.7,1543.9,0
2026-04-20 15:25:00,1543.9,1544.5,1543.85,1544.25,0
2026-04-20 15:26:00,1544.25,1544.7,1544.25,1544.55,0
2026-04-20 15:27:00,1544.55,1544.8,1544.35,1544.75,0
2026-04-20 15:28:00,1544.75,1544.85,1544.45,1544.45,0
2026-04-20 15:29:00,1544.45,1544.75,1544.05,1544.5,0
2026-04-21 09:15:00,1547.9,1551.35,1547.7,1550.6,0
2026-04-21 09:16:00,1550.7,1552.95,1550.6,1552.55,0
2026-04-21 09:17:00,1552.3,1553.45,1552.1,1552.35,0
2026-04-21 09:18:00,1552.4,1553.95,1552.35,1553.55,0
2026-04-21 09:19:00,1553.6,1554.15,1553.35,1554.0,0
2026-04-21 09:20:00,1554.0,1554.8,1554.0,1554.0,0
2026-04-21 09:21:00,1553.95,1554.3,1553.5,1553.5,0
2026-04-21 09:22:00,1553.45,1554.05,1553.05,1553.8,0
2026-04-21 09:23:00,1553.75,1554.2,1553.7,1554.15,0
2026-04-21 09:24:00,1554.15,1554.5,1553.55,1553.55,0
2026-04-21 09:25:00,1553.6,1553.6,1552.55,1553.55,0
2026-04-21 09:26:00,1553.6,1553.95,1553.45,1553.5,0
2026-04-21 09:27:00,1553.5,1553.7,1553.15,1553.15,0
2026-04-21 09:28:00,1553.15,1553.4,1553.1,1553.1,0
2026-04-21 09:29:00,1553.1,1553.15,1552.45,1552.45,0
2026-04-21 09:30:00,1552.45,1552.7,1551.95,1552.0,0
2026-04-21 09:31:00,1552.0,1552.7,1551.8,1552.65,0
2026-04-21 09:32:00,1552.75,1553.35,1552.6,1553.2,0
2026-04-21 09:33:00,1553.2,1553.4,1553.05,1553.2,0
2026-04-21 09:34:00,1553.2,1553.4,1552.7,1553.35,0
2026-04-21 09:35:00,1553.35,1554.05,1553.35,1554.0,0
2026-04-21 09:36:00,1554.0,1554.2,1553.1,1553.2,0
2026-04-21 09:37:00,1553.15,1553.7,1553.1,1553.45,0
2026-04-21 09:38:00,1553.45,1554.15,1553.45,1553.85,0
2026-04-21 09:39:00,1553.85,1553.95,1553.55,1553.65,0
2026-04-21 09:40:00,1553.7,1553.85,1552.95,1552.95,0
2026-04-21 09:41:00,1552.95,1553.55,1552.95,1553.5,0
2026-04-21 09:42:00,1553.55,1553.95,1553.55,1553.55,0
2026-04-21 09:43:00,1553.5,1553.5,1552.8,1553.1,0
2026-04-21 09:44:00,1553.15,1553.95,1553.15,1553.85,0
2026-04-21 09:45:00,1553.85,1555.75,1553.85,1555.7,0
2026-04-21 09:46:00,1555.65,1556.2,1555.25,1555.95,0
2026-04-21 09:47:00,1555.95,1556.05,1555.4,1555.45,0
2026-04-21 09:48:00,1555.5,1556.15,1555.5,1555.9,0
2026-04-21 09:49:00,1555.85,1556.1,1555.85,1556.0,0
2026-04-21 09:50:00,1555.95,1556.45,1555.95,1556.4,0
2026-04-21 09:51:00,1556.4,1556.55,1555.8,1555.85,0
2026-04-21 09:52:00,1555.85,1556.0,1555.0,1555.0,0
2026-04-21 09:53:00,1555.0,1555.2,1554.9,1554.95,0
2026-04-21 09:54:00,1555.0,1555.5,1554.75,1555.5,0
2026-04-21 09:55:00,1555.5,1555.6,1555.4,1555.5,0
2026-04-21 09:56:00,1555.5,1555.6,1555.3,1555.3,0
2026-04-21 09:57:00,1555.3,1555.75,1555.25,1555.75,0
2026-04-21 09:58:00,1555.75,1555.8,1555.5,1555.55,0
2026-04-21 09:59:00,1555.55,1555.8,1555.5,1555.8,0
2026-04-21 10:00:00,1555.8,1556.3,1555.8,1556.25,0
2026-04-21 10:01:00,1556.25,1556.5,1556.2,1556.2,0
2026-04-21 10:02:00,1556.2,1556.45,1556.1,1556.35,0
2026-04-21 10:03:00,1556.35,1556.75,1556.25,1556.7,0
2026-04-21 10:04:00,1556.7,1557.2,1556.7,1557.2,0
2026-04-21 10:05:00,1557.15,1557.4,1556.9,1556.95,0
2026-04-21 10:06:00,1557.0,1557.3,1556.75,1557.25,0
2026-04-21 10:07:00,1557.2,1557.55,1557.2,1557.3,0
2026-04-21 10:08:00,1557.3,1557.65,1557.2,1557.55,0
2026-04-21 10:09:00,1557.55,1557.55,1557.15,1557.5,0
2026-04-21 10:10:00,1557.5,1557.55,1557.0,1557.25,0
2026-04-21 10:11:00,1557.3,1557.4,1556.75,1556.8,0
2026-04-21 10:12:00,1556.85,1557.3,1556.85,1557.3,0
2026-04-21 10:13:00,1557.25,1557.55,1557.25,1557.55,0
2026-04-21 10:14:00,1557.5,1557.55,1557.15,1557.2,0
2026-04-21 10:15:00,1557.2,1557.45,1557.2,1557.4,0
2026-04-21 10:16:00,1557.45,1557.6,1557.0,1557.05,0
2026-04-21 10:17:00,1557.05,1557.1,1556.85,1557.0,0
2026-04-21 10:18:00,1557.05,1557.05,1556.55,1556.65,0
2026-04-21 10:19:00,1556.65,1556.8,1556.5,1556.5,0
2026-04-21 10:20:00,1556.5,1556.55,1555.95,1556.05,0
2026-04-21 10:21:00,1556.1,1556.15,1555.85,1556.1,0
2026-04-21 10:22:00,1556.1,1556.1,1555.7,1555.7,0
2026-04-21 10:23:00,1555.7,1555.8,1555.65,1555.75,0
2026-04-21 10:24:00,1555.7,1555.95,1555.65,1555.9,0
2026-04-21 10:25:00,1555.9,1555.95,1555.4,1555.6,0
2026-04-21 10:26:00,1555.6,1555.75,1555.4,1555.5,0
2026-04-21 10:27:00,1555.5,1555.65,1555.25,1555.3,0
2026-04-21 10:28:00,1555.3,1555.55,1555.25,1555.4,0
2026-04-21 10:29:00,1555.4,1555.65,1555.25,1555.65,0
2026-04-21 10:30:00,1555.55,1555.95,1555.3,1555.95,0
2026-04-21 10:31:00,1555.95,1556.4,1555.95,1556.35,0
2026-04-21 10:32:00,1556.35,1556.35,1555.7,1555.7,0
2026-04-21 10:33:00,1555.75,1556.65,1555.7,1556.5,0
2026-04-21 10:34:00,1556.45,1557.2,1556.35,1557.2,0
2026-04-21 10:35:00,1557.2,1557.65,1557.15,1557.6,0
2026-04-21 10:36:00,1557.6,1557.7,1557.4,1557.55,0
2026-04-21 10:37:00,1557.5,1557.55,1557.3,1557.3,0
2026-04-21 10:38:00,1557.25,1557.35,1557.15,1557.2,0
2026-04-21 10:39:00,1557.2,1557.55,1557.2,1557.55,0
2026-04-21 10:40:00,1557.55,1557.55,1557.4,1557.55,0
2026-04-21 10:41:00,1557.55,1557.7,1556.8,1556.8,0
2026-04-21 10:42:00,1556.75,1556.75,1556.55,1556.65,0
2026-04-21 10:43:00,1556.65,1557.15,1556.65,1557.15,0
2026-04-21 10:44:00,1557.15,1557.25,1557.05,1557.2,0
2026-04-21 10:45:00,1557.1,1557.55,1557.1,1557.5,0
2026-04-21 10:46:00,1557.5,1557.5,1557.2,1557.25,0
2026-04-21 10:47:00,1557.25,1557.3,1557.1,1557.2,0
2026-04-21 10:48:00,1557.2,1557.3,1557.05,1557.2,0
2026-04-21 10:49:00,1557.25,1557.45,1557.25,1557.35,0
2026-04-21 10:50:00,1557.35,1557.45,1557.2,1557.35,0
2026-04-21 10:51:00,1557.3,1557.9,1557.3,1557.85,0
2026-04-21 10:52:00,1557.85,1558.0,1557.85,1557.95,0
2026-04-21 10:53:00,1557.95,1558.1,1557.75,1557.9,0
2026-04-21 10:54:00,1557.9,1558.15,1557.85,1558.05,0
2026-04-21 10:55:00,1558.1,1558.55,1558.1,1558.3,0
2026-04-21 10:56:00,1558.2,1558.35,1558.15,1558.2,0
2026-04-21 10:57:00,1558.15,1558.3,1558.1,1558.3,0
2026-04-21 10:58:00,1558.25,1558.9,1558.25,1558.7,0
2026-04-21 10:59:00,1558.8,1559.15,1558.2,1558.2,0
2026-04-21 11:00:00,1558.2,1558.4,1557.9,1558.3,0
2026-04-21 11:01:00,1558.3,1558.55,1557.7,1557.75,0
2026-04-21 11:02:00,1557.65,1558.05,1557.6,1558.0,0
2026-04-21 11:03:00,1558.05,1558.3,1558.0,1558.2,0
2026-04-21 11:04:00,1558.15,1558.45,1558.15,1558.4,0
2026-04-21 11:05:00,1558.35,1558.6,1558.3,1558.5,0
2026-04-21 11:06:00,1558.45,1558.8,1558.45,1558.65,0
2026-04-21 11:07:00,1558.7,1559.0,1558.7,1558.8,0
2026-04-21 11:08:00,1558.75,1559.0,1558.5,1558.95,0
2026-04-21 11:09:00,1559.0,1559.05,1558.45,1558.5,0
2026-04-21 11:10:00,1558.4,1558.45,1558.0,1558.05,0
2026-04-21 11:11:00,1558.0,1558.2,1557.95,1558.15,0
2026-04-21 11:12:00,1558.1,1558.35,1558.05,1558.35,0
2026-04-21 11:13:00,1558.35,1558.65,1558.35,1558.45,0
2026-04-21 11:14:00,1558.4,1558.8,1558.4,1558.75,0
2026-04-21 11:15:00,1558.7,1558.8,1558.5,1558.55,0
2026-04-21 11:16:00,1558.5,1558.55,1558.3,1558.3,0
2026-04-21 11:17:00,1558.25,1558.6,1558.25,1558.6,0
2026-04-21 11:18:00,1558.55,1558.7,1558.4,1558.55,0
2026-04-21 11:19:00,1558.55,1558.6,1558.45,1558.5,0
2026-04-21 11:20:00,1558.5,1558.55,1558.25,1558.3,0
2026-04-21 11:21:00,1558.25,1558.35,1557.95,1558.0,0
2026-04-21 11:22:00,1558.0,1558.05,1557.5,1557.55,0
2026-04-21 11:23:00,1557.55,1557.65,1557.35,1557.4,0
2026-04-21 11:24:00,1557.4,1557.65,1557.4,1557.6,0
2026-04-21 11:25:00,1557.55,1557.75,1557.55,1557.65,0
2026-04-21 11:26:00,1557.65,1557.7,1557.4,1557.4,0
2026-04-21 11:27:00,1557.45,1557.5,1557.2,1557.2,0
2026-04-21 11:28:00,1557.2,1557.25,1556.95,1557.1,0
2026-04-21 11:29:00,1557.15,1557.35,1557.1,1557.35,0
2026-04-21 11:30:00,1557.35,1557.35,1556.9,1556.95,0
2026-04-21 11:31:00,1556.9,1557.0,1556.7,1556.7,0
2026-04-21 11:32:00,1556.7,1556.75,1556.4,1556.4,0
2026-04-21 11:33:00,1556.4,1556.4,1556.15,1556.35,0
2026-04-21 11:34:00,1556.35,1556.4,1556.15,1556.2,0
2026-04-21 11:35:00,1556.2,1556.25,1556.0,1556.0,0
2026-04-21 11:36:00,1556.05,1556.75,1555.9,1556.7,0
2026-04-21 11:37:00,1556.7,1556.75,1556.5,1556.7,0
2026-04-21 11:38:00,1556.65,1556.95,1556.6,1556.95,0
2026-04-21 11:39:00,1556.95,1557.0,1556.4,1556.4,0
2026-04-21 11:40:00,1556.45,1556.5,1556.2,1556.35,0
2026-04-21 11:41:00,1556.25,1556.5,1556.25,1556.35,0
2026-04-21 11:42:00,1556.35,1556.5,1556.15,1556.45,0
2026-04-21 11:43:00,1556.45,1556.7,1556.45,1556.7,0
2026-04-21 11:44:00,1556.7,1556.95,1556.7,1556.9,0
2026-04-21 11:45:00,1556.9,1557.3,1556.9,1557.25,0
2026-04-21 11:46:00,1557.25,1557.65,1557.2,1557.65,0
2026-04-21 11:47:00,1557.65,1557.9,1557.65,1557.75,0
2026-04-21 11:48:00,1557.75,1557.85,1557.2,1557.3,0
2026-04-21 11:49:00,1557.3,1557.35,1556.95,1557.0,0
2026-04-21 11:50:00,1557.05,1557.15,1556.7,1556.7,0
2026-04-21 11:51:00,1556.65,1557.05,1556.65,1556.75,0
2026-04-21 11:52:00,1556.75,1556.8,1556.35,1556.55,0
2026-04-21 11:53:00,1556.55,1556.7,1556.55,1556.6,0
2026-04-21 11:54:00,1556.6,1556.75,1556.55,1556.75,0
2026-04-21 11:55:00,1556.75,1557.1,1556.75,1557.05,0
2026-04-21 11:56:00,1557.05,1557.4,1557.05,1557.4,0
2026-04-21 11:57:00,1557.4,1557.4,1556.9,1556.95,0
2026-04-21 11:58:00,1557.0,1557.1,1556.7,1556.7,0
2026-04-21 11:59:00,1556.75,1557.1,1556.7,1557.1,0
2026-04-21 12:00:00,1557.1,1557.4,1556.9,1557.25,0
2026-04-21 12:01:00,1557.25,1557.45,1557.25,1557.4,0
2026-04-21 12:02:00,1557.4,1557.6,1557.4,1557.5,0
2026-04-21 12:03:00,1557.5,1557.75,1557.5,1557.6,0
2026-04-21 12:04:00,1557.65,1557.75,1557.6,1557.65,0
2026-04-21 12:05:00,1557.65,1557.75,1557.45,1557.45,0
2026-04-21 12:06:00,1557.45,1557.65,1557.4,1557.65,0
2026-04-21 12:07:00,1557.6,1557.7,1557.6,1557.65,0
2026-04-21 12:08:00,1557.65,1557.9,1557.65,1557.75,0
2026-04-21 12:09:00,1557.7,1557.75,1557.6,1557.65,0
2026-04-21 12:10:00,1557.7,1558.05,1557.65,1558.05,0
2026-04-21 12:11:00,1558.1,1558.15,1557.9,1558.1,0
2026-04-21 12:12:00,1558.1,1558.25,1558.05,1558.05,0
2026-04-21 12:13:00,1558.05,1558.4,1557.9,1558.35,0
2026-04-21 12:14:00,1558.35,1558.45,1558.1,1558.15,0
2026-04-21 12:15:00,1558.1,1558.25,1558.05,1558.2,0
2026-04-21 12:16:00,1558.15,1558.15,1557.9,1558.0,0
2026-04-21 12:17:00,1558.0,1558.05,1557.55,1557.6,0
2026-04-21 12:18:00,1557.55,1557.8,1557.5,1557.8,0
2026-04-21 12:19:00,1557.8,1558.25,1557.8,1558.2,0
2026-04-21 12:20:00,1558.25,1558.25,1557.95,1558.2,0
2026-04-21 12:21:00,1558.2,1558.35,1558.1,1558.1,0
2026-04-21 12:22:00,1558.1,1558.25,1558.0,1558.1,0
2026-04-21 12:23:00,1558.05,1558.6,1558.05,1558.3,0
2026-04-21 12:24:00,1558.3,1558.45,1557.9,1557.9,0
2026-04-21 12:25:00,1557.9,1558.15,1557.8,1558.1,0
2026-04-21 12:26:00,1558.1,1558.2,1558.05,1558.1,0
2026-04-21 12:27:00,1558.15,1558.15,1557.9,1557.9,0
2026-04-21 12:28:00,1557.95,1558.05,1557.7,1557.75,0
2026-04-21 12:29:00,1557.75,1557.85,1557.5,1557.6,0
2026-04-21 12:30:00,1557.6,1558.35,1557.6,1558.35,0
2026-04-21 12:31:00,1558.3,1558.75,1558.3,1558.65,0
2026-04-21 12:32:00,1558.65,1558.8,1558.5,1558.55,0
2026-04-21 12:33:00,1558.55,1558.65,1558.0,1558.0,0
2026-04-21 12:34:00,1558.0,1558.15,1557.45,1557.45,0
2026-04-21 12:35:00,1557.45,1557.75,1557.35,1557.7,0
2026-04-21 12:36:00,1557.7,1558.15,1557.7,1557.9,0
2026-04-21 12:37:00,1557.9,1558.15,1557.9,1558.05,0
2026-04-21 12:38:00,1558.05,1558.15,1557.8,1557.9,0
2026-04-21 12:39:00,1557.9,1558.0,1557.7,1557.8,0
2026-04-21 12:40:00,1557.8,1557.85,1557.45,1557.5,0
2026-04-21 12:41:00,1557.5,1557.65,1557.25,1557.3,0
2026-04-21 12:42:00,1557.25,1557.45,1557.25,1557.3,0
2026-04-21 12:43:00,1557.35,1557.45,1557.25,1557.45,0
2026-04-21 12:44:00,1557.45,1557.7,1557.45,1557.55,0
2026-04-21 12:45:00,1557.55,1557.6,1557.05,1557.1,0
2026-04-21 12:46:00,1557.05,1557.1,1556.75,1556.85,0
2026-04-21 12:47:00,1556.85,1556.95,1556.4,1556.4,0
2026-04-21 12:48:00,1556.35,1556.6,1556.35,1556.45,0
2026-04-21 12:49:00,1556.5,1556.8,1556.45,1556.65,0
2026-04-21 12:50:00,1556.65,1556.75,1556.15,1556.2,0
2026-04-21 12:51:00,1556.15,1556.3,1555.95,1556.0,0
2026-04-21 12:52:00,1556.0,1556.55,1556.0,1556.5,0
2026-04-21 12:53:00,1556.5,1556.65,1556.0,1556.6,0
2026-04-21 12:54:00,1556.55,1556.65,1556.3,1556.4,0
2026-04-21 12:55:00,1556.45,1556.6,1556.25,1556.6,0
2026-04-21 12:56:00,1556.6,1556.75,1556.6,1556.7,0
2026-04-21 12:57:00,1556.7,1556.95,1556.2,1556.3,0
2026-04-21 12:58:00,1556.3,1556.65,1556.3,1556.6,0
2026-04-21 12:59:00,1556.55,1556.7,1556.55,1556.65,0
2026-04-21 13:00:00,1556.7,1557.1,1556.45,1556.5,0
2026-04-21 13:01:00,1556.45,1556.75,1556.2,1556.35,0
2026-04-21 13:02:00,1556.3,1556.4,1556.05,1556.15,0
2026-04-21 13:03:00,1556.15,1556.25,1556.05,1556.2,0
2026-04-21 13:04:00,1556.2,1556.3,1555.85,1555.9,0
2026-04-21 13:05:00,1555.95,1556.2,1555.85,1556.2,0
2026-04-21 13:06:00,1556.2,1556.4,1556.1,1556.25,0
2026-04-21 13:07:00,1556.2,1556.25,1555.85,1556.0,0
2026-04-21 13:08:00,1556.0,1556.05,1555.85,1556.0,0
2026-04-21 13:09:00,1556.0,1556.25,1556.0,1556.0,0
2026-04-21 13:10:00,1556.0,1556.05,1555.65,1555.75,0
2026-04-21 13:11:00,1555.8,1556.1,1555.75,1556.05,0
2026-04-21 13:12:00,1556.1,1556.55,1556.1,1556.4,0
2026-04-21 13:13:00,1556.45,1556.6,1556.35,1556.6,0
2026-04-21 13:14:00,1556.6,1556.7,1556.5,1556.5,0
2026-04-21 13:15:00,1556.55,1556.9,1556.55,1556.8,0
2026-04-21 13:16:00,1556.85,1557.25,1556.8,1557.15,0
2026-04-21 13:17:00,1557.15,1557.2,1556.85,1556.85,0
2026-04-21 13:18:00,1556.85,1556.9,1556.6,1556.65,0
2026-04-21 13:19:00,1556.65,1556.75,1556.3,1556.4,0
2026-04-21 13:20:00,1556.4,1556.85,1556.35,1556.75,0
2026-04-21 13:21:00,1556.75,1556.85,1556.55,1556.6,0
2026-04-21 13:22:00,1556.6,1556.7,1556.4,1556.4,0
2026-04-21 13:23:00,1556.35,1556.45,1556.25,1556.4,0
2026-04-21 13:24:00,1556.35,1556.55,1556.35,1556.5,0
2026-04-21 13:25:00,1556.5,1556.65,1556.45,1556.65,0
2026-04-21 13:26:00,1556.6,1556.75,1556.45,1556.5,0
2026-04-21 13:27:00,1556.55,1557.05,1556.5,1556.85,0
2026-04-21 13:28:00,1556.85,1557.0,1556.85,1556.9,0
2026-04-21 13:29:00,1556.85,1556.95,1556.75,1556.95,0
2026-04-21 13:30:00,1556.95,1557.05,1556.9,1557.05,0
2026-04-21 13:31:00,1557.05,1557.25,1556.95,1557.05,0
2026-04-21 13:32:00,1557.05,1557.6,1557.05,1557.55,0
2026-04-21 13:33:00,1557.6,1557.8,1557.5,1557.75,0
2026-04-21 13:34:00,1557.75,1557.8,1557.55,1557.75,0
2026-04-21 13:35:00,1557.65,1557.8,1557.25,1557.35,0
2026-04-21 13:36:00,1557.4,1557.45,1556.85,1556.95,0
2026-04-21 13:37:00,1556.95,1556.95,1556.55,1556.55,0
2026-04-21 13:38:00,1556.55,1556.55,1556.35,1556.45,0
2026-04-21 13:39:00,1556.45,1556.75,1556.25,1556.7,0
2026-04-21 13:40:00,1556.7,1556.75,1556.45,1556.5,0
2026-04-21 13:41:00,1556.5,1556.65,1556.5,1556.65,0
2026-04-21 13:42:00,1556.55,1556.6,1556.0,1556.0,0
2026-04-21 13:43:00,1556.0,1556.1,1555.0,1555.1,0
2026-04-21 13:44:00,1555.1,1555.5,1555.1,1555.5,0
2026-04-21 13:45:00,1555.5,1555.65,1555.2,1555.45,0
2026-04-21 13:46:00,1555.4,1555.8,1555.4,1555.55,0
2026-04-21 13:47:00,1555.55,1555.85,1555.5,1555.55,0
2026-04-21 13:48:00,1555.55,1555.7,1555.5,1555.6,0
2026-04-21 13:49:00,1555.6,1555.9,1555.55,1555.85,0
2026-04-21 13:50:00,1555.85,1556.2,1555.85,1555.9,0
2026-04-21 13:51:00,1555.9,1556.3,1555.9,1556.25,0
2026-04-21 13:52:00,1556.3,1556.6,1556.25,1556.6,0
2026-04-21 13:53:00,1556.6,1556.65,1556.5,1556.55,0
2026-04-21 13:54:00,1556.55,1556.6,1556.35,1556.5,0
2026-04-21 13:55:00,1556.5,1556.85,1556.5,1556.8,0
2026-04-21 13:56:00,1556.8,1557.15,1556.75,1557.1,0
2026-04-21 13:57:00,1557.05,1557.1,1556.9,1556.95,0
2026-04-21 13:58:00,1556.95,1557.1,1556.9,1556.95,0
2026-04-21 13:59:00,1556.95,1557.0,1556.65,1556.75,0
2026-04-21 14:00:00,1556.7,1556.8,1556.2,1556.25,0
2026-04-21 14:01:00,1556.25,1556.4,1556.05,1556.2,0
2026-04-21 14:02:00,1556.15,1556.25,1555.95,1556.0,0
2026-04-21 14:03:00,1555.95,1556.25,1555.8,1556.2,0
2026-04-21 14:04:00,1556.15,1556.25,1555.85,1555.95,0
2026-04-21 14:05:00,1555.95,1555.95,1555.8,1555.9,0
2026-04-21 14:06:00,1555.9,1555.95,1555.55,1555.55,0
2026-04-21 14:07:00,1555.6,1555.8,1555.55,1555.7,0
2026-04-21 14:08:00,1555.7,1555.8,1555.5,1555.5,0
2026-04-21 14:09:00,1555.5,1555.55,1555.1,1555.2,0
2026-04-21 14:10:00,1555.2,1555.55,1555.05,1555.05,0
2026-04-21 14:11:00,1555.15,1555.15,1554.75,1554.95,0
2026-04-21 14:12:00,1554.95,1555.45,1554.95,1555.45,0
2026-04-21 14:13:00,1555.45,1555.7,1555.45,1555.65,0
2026-04-21 14:14:00,1555.65,1555.75,1555.5,1555.55,0
2026-04-21 14:15:00,1555.6,1555.8,1555.45,1555.8,0
2026-04-21 14:16:00,1555.8,1556.3,1555.8,1556.3,0
2026-04-21 14:17:00,1556.3,1556.6,1556.3,1556.55,0
2026-04-21 14:18:00,1556.55,1557.05,1556.5,1557.05,0
2026-04-21 14:19:00,1557.0,1557.05,1556.2,1556.35,0
2026-04-21 14:20:00,1556.35,1556.7,1556.35,1556.55,0
2026-04-21 14:21:00,1556.55,1556.8,1556.4,1556.75,0
2026-04-21 14:22:00,1556.85,1557.9,1556.8,1557.9,0
2026-04-21 14:23:00,1557.9,1557.95,1557.4,1557.5,0
2026-04-21 14:24:00,1557.55,1557.65,1557.4,1557.65,0
2026-04-21 14:25:00,1557.7,1557.75,1557.3,1557.3,0
2026-04-21 14:26:00,1557.35,1557.4,1556.7,1557.35,0
2026-04-21 14:27:00,1557.45,1557.5,1557.0,1557.0,0
2026-04-21 14:28:00,1557.1,1557.45,1557.0,1557.4,0
2026-04-21 14:29:00,1557.4,1557.5,1557.3,1557.45,0
2026-04-21 14:30:00,1557.5,1557.55,1557.1,1557.2,0
2026-04-21 14:31:00,1557.15,1557.2,1556.75,1556.85,0
2026-04-21 14:32:00,1556.85,1557.2,1556.85,1557.1,0
2026-04-21 14:33:00,1557.1,1557.15,1556.95,1556.95,0
2026-04-21 14:34:00,1557.05,1557.05,1556.6,1556.65,0
2026-04-21 14:35:00,1556.65,1556.65,1556.15,1556.55,0
2026-04-21 14:36:00,1556.55,1556.65,1556.4,1556.6,0
2026-04-21 14:37:00,1556.55,1556.85,1556.55,1556.65,0
2026-04-21 14:38:00,1556.6,1556.7,1556.35,1556.45,0
2026-04-21 14:39:00,1556.5,1556.55,1556.0,1556.05,0
2026-04-21 14:40:00,1556.05,1556.2,1555.75,1556.15,0
2026-04-21 14:41:00,1556.15,1556.25,1556.0,1556.05,0
2026-04-21 14:42:00,1556.05,1556.1,1555.3,1555.35,0
2026-04-21 14:43:00,1555.35,1555.55,1554.8,1555.5,0
2026-04-21 14:44:00,1555.5,1555.8,1555.35,1555.35,0
2026-04-21 14:45:00,1555.35,1555.55,1555.35,1555.55,0
2026-04-21 14:46:00,1555.55,1555.55,1555.4,1555.55,0
2026-04-21 14:47:00,1555.55,1556.15,1555.55,1556.1,0
2026-04-21 14:48:00,1556.1,1556.15,1555.85,1555.95,0
2026-04-21 14:49:00,1555.95,1556.2,1555.85,1556.15,0
2026-04-21 14:50:00,1556.15,1556.8,1556.15,1556.7,0
2026-04-21 14:51:00,1556.7,1556.9,1556.6,1556.6,0
2026-04-21 14:52:00,1556.65,1556.7,1556.45,1556.55,0
2026-04-21 14:53:00,1556.6,1556.6,1556.35,1556.45,0
2026-04-21 14:54:00,1556.5,1556.8,1556.5,1556.7,0
2026-04-21 14:55:00,1556.7,1556.8,1556.6,1556.75,0
2026-04-21 14:56:00,1556.7,1557.05,1556.7,1557.0,0
2026-04-21 14:57:00,1557.0,1557.25,1556.9,1557.05,0
2026-04-21 14:58:00,1557.15,1557.15,1556.8,1556.95,0
2026-04-21 14:59:00,1556.95,1557.15,1556.95,1556.95,0
2026-04-21 15:00:00,1557.0,1558.05,1556.9,1557.95,0
2026-04-21 15:01:00,1557.95,1558.45,1557.55,1557.55,0
2026-04-21 15:02:00,1557.55,1557.75,1555.95,1556.3,0
2026-04-21 15:03:00,1556.3,1557.3,1556.2,1556.95,0
2026-04-21 15:04:00,1556.95,1557.1,1556.05,1556.4,0
2026-04-21 15:05:00,1556.4,1556.95,1556.25,1556.75,0
2026-04-21 15:06:00,1556.75,1557.1,1556.4,1557.0,0
2026-04-21 15:07:00,1557.0,1557.6,1556.9,1557.55,0
2026-04-21 15:08:00,1557.55,1557.65,1556.35,1556.55,0
2026-04-21 15:09:00,1556.55,1556.9,1556.2,1556.9,0
2026-04-21 15:10:00,1556.9,1556.95,1556.6,1556.8,0
2026-04-21 15:11:00,1556.8,1557.3,1556.75,1557.2,0
2026-04-21 15:12:00,1557.2,1557.35,1557.0,1557.15,0
2026-04-21 15:13:00,1557.15,1557.2,1556.4,1556.6,0
2026-04-21 15:14:00,1556.6,1557.2,1556.6,1556.85,0
2026-04-21 15:15:00,1556.85,1557.1,1556.55,1557.05,0
2026-04-21 15:16:00,1557.05,1557.7,1557.05,1557.6,0
2026-04-21 15:17:00,1557.6,1558.15,1557.55,1558.05,0
2026-04-21 15:18:00,1558.05,1558.1,1557.1,1557.15,0
2026-04-21 15:19:00,1557.15,1557.4,1557.15,1557.3,0
2026-04-21 15:20:00,1557.3,1557.45,1557.15,1557.15,0
2026-04-21 15:21:00,1557.15,1557.75,1557.0,1557.6,0
2026-04-21 15:22:00,1557.6,1557.75,1557.1,1557.15,0
2026-04-21 15:23:00,1557.15,1557.4,1557.0,1557.35,0
2026-04-21 15:24:00,1557.35,1557.45,1557.15,1557.25,0
2026-04-21 15:25:00,1557.25,1557.45,1556.9,1557.0,0
2026-04-21 15:26:00,1557.0,1557.2,1556.8,1557.0,0
2026-04-21 15:27:00,1557.0,1557.35,1556.9,1557.25,0
2026-04-21 15:28:00,1557.25,1557.45,1557.0,1557.15,0
2026-04-21 15:29:00,1557.15,1557.85,1557.1,1557.75,0
2026-04-22 09:15:00,1551.4,1554.4,1549.1,1552.85,0
2026-04-22 09:16:00,1551.7,1554.2,1551.7,1554.2,0
2026-04-22 09:17:00,1553.9,1554.55,1553.25,1554.5,0
2026-04-22 09:18:00,1554.65,1554.85,1553.15,1553.6,0
2026-04-22 09:19:00,1553.5,1553.5,1552.1,1552.75,0
2026-04-22 09:20:00,1552.55,1552.55,1551.6,1552.35,0
2026-04-22 09:21:00,1552.3,1552.9,1552.1,1552.9,0
2026-04-22 09:22:00,1552.9,1553.2,1552.6,1552.75,0
2026-04-22 09:23:00,1552.75,1553.1,1552.65,1553.05,0
2026-04-22 09:24:00,1552.85,1553.0,1551.6,1551.8,0
2026-04-22 09:25:00,1551.7,1551.7,1550.75,1551.0,0
2026-04-22 09:26:00,1550.95,1551.75,1550.85,1551.4,0
2026-04-22 09:27:00,1551.5,1551.75,1551.2,1551.55,0
2026-04-22 09:28:00,1551.5,1551.6,1550.8,1550.95,0
2026-04-22 09:29:00,1550.95,1551.35,1550.25,1550.4,0
2026-04-22 09:30:00,1550.35,1550.8,1549.8,1550.8,0
2026-04-22 09:31:00,1550.9,1551.2,1550.8,1551.1,0
2026-04-22 09:32:00,1551.2,1551.5,1550.95,1551.5,0
2026-04-22 09:33:00,1551.55,1552.4,1551.15,1551.4,0
2026-04-22 09:34:00,1551.4,1552.2,1551.05,1552.2,0
2026-04-22 09:35:00,1552.2,1552.8,1551.7,1551.7,0
2026-04-22 09:36:00,1551.6,1553.35,1551.5,1553.35,0
2026-04-22 09:37:00,1553.35,1553.4,1552.15,1552.25,0
2026-04-22 09:38:00,1552.3,1552.6,1552.0,1552.5,0
2026-04-22 09:39:00,1552.55,1552.55,1551.85,1551.85,0
2026-04-22 09:40:00,1551.85,1552.35,1550.8,1552.3,0
2026-04-22 09:41:00,1552.35,1552.35,1551.5,1551.65,0
2026-04-22 09:42:00,1551.6,1552.4,1551.55,1552.0,0
2026-04-22 09:43:00,1551.9,1552.15,1551.2,1551.55,0
2026-04-22 09:44:00,1551.6,1551.7,1551.4,1551.55,0
2026-04-22 09:45:00,1551.55,1551.85,1551.3,1551.7,0
2026-04-22 09:46:00,1551.75,1552.05,1550.55,1550.6,0
2026-04-22 09:47:00,1550.55,1551.25,1550.5,1551.15,0
2026-04-22 09:48:00,1551.2,1551.2,1550.45,1550.85,0
2026-04-22 09:49:00,1550.85,1551.05,1550.65,1551.05,0
2026-04-22 09:50:00,1551.05,1551.4,1550.65,1550.65,0
2026-04-22 09:51:00,1550.75,1551.35,1550.15,1551.3,0
2026-04-22 09:52:00,1551.3,1551.75,1551.0,1551.15,0
2026-04-22 09:53:00,1551.15,1551.45,1551.05,1551.25,0
2026-04-22 09:54:00,1551.2,1551.2,1550.65,1550.65,0
2026-04-22 09:55:00,1550.7,1550.7,1549.95,1550.6,0
2026-04-22 09:56:00,1550.55,1550.65,1550.2,1550.5,0
2026-04-22 09:57:00,1550.45,1550.6,1549.2,1549.45,0
2026-04-22 09:58:00,1549.4,1549.7,1549.4,1549.5,0
2026-04-22 09:59:00,1549.5,1549.6,1548.95,1548.95,0
2026-04-22 10:00:00,1548.95,1548.95,1547.35,1547.95,0
2026-04-22 10:01:00,1547.9,1548.95,1547.7,1548.85,0
2026-04-22 10:02:00,1548.85,1549.4,1548.65,1549.3,0
2026-04-22 10:03:00,1549.3,1549.45,1549.0,1549.3,0
2026-04-22 10:04:00,1549.3,1549.6,1549.15,1549.2,0
2026-04-22 10:05:00,1549.15,1549.15,1548.25,1548.3,0
2026-04-22 10:06:00,1548.3,1548.7,1548.3,1548.55,0
2026-04-22 10:07:00,1548.6,1549.0,1548.5,1549.0,0
2026-04-22 10:08:00,1549.05,1549.05,1548.35,1548.45,0
2026-04-22 10:09:00,1548.4,1549.1,1548.4,1549.1,0
2026-04-22 10:10:00,1549.1,1549.65,1549.1,1549.45,0
2026-04-22 10:11:00,1549.5,1549.55,1548.95,1549.0,0
2026-04-22 10:12:00,1549.0,1549.4,1548.85,1548.9,0
2026-04-22 10:13:00,1548.85,1548.95,1548.65,1548.7,0
2026-04-22 10:14:00,1548.65,1548.7,1548.4,1548.5,0
2026-04-22 10:15:00,1548.45,1548.95,1548.45,1548.95,0
2026-04-22 10:16:00,1548.9,1549.2,1548.9,1549.0,0
2026-04-22 10:17:00,1549.0,1549.05,1548.75,1549.05,0
2026-04-22 10:18:00,1549.05,1549.1,1548.6,1548.7,0
2026-04-22 10:19:00,1548.65,1548.75,1548.5,1548.55,0
2026-04-22 10:20:00,1548.5,1548.6,1548.15,1548.35,0
2026-04-22 10:21:00,1548.3,1548.35,1547.95,1548.1,0
2026-04-22 10:22:00,1548.15,1548.15,1547.6,1547.85,0
2026-04-22 10:23:00,1547.85,1548.45,1547.65,1548.15,0
2026-04-22 10:24:00,1548.15,1548.6,1548.15,1548.5,0
2026-04-22 10:25:00,1548.45,1548.75,1548.35,1548.75,0
2026-04-22 10:26:00,1548.7,1549.2,1548.7,1548.8,0
2026-04-22 10:27:00,1548.75,1548.95,1548.55,1548.95,0
2026-04-22 10:28:00,1548.9,1549.2,1548.9,1549.2,0
2026-04-22 10:29:00,1549.15,1549.4,1548.95,1549.4,0
2026-04-22 10:30:00,1549.35,1549.4,1549.05,1549.35,0
2026-04-22 10:31:00,1549.35,1549.45,1549.1,1549.4,0
2026-04-22 10:32:00,1549.35,1549.65,1549.35,1549.5,0
2026-04-22 10:33:00,1549.5,1549.85,1549.5,1549.85,0
2026-04-22 10:34:00,1549.8,1550.05,1549.8,1549.95,0
2026-04-22 10:35:00,1549.95,1550.2,1549.85,1549.85,0
2026-04-22 10:36:00,1549.85,1549.9,1549.6,1549.9,0
2026-04-22 10:37:00,1549.85,1550.15,1549.85,1550.1,0
2026-04-22 10:38:00,1550.1,1550.7,1550.1,1550.45,0
2026-04-22 10:39:00,1550.45,1550.95,1550.35,1550.95,0
2026-04-22 10:40:00,1550.95,1551.05,1550.7,1550.85,0
2026-04-22 10:41:00,1550.85,1550.9,1550.6,1550.85,0
2026-04-22 10:42:00,1550.85,1551.05,1550.8,1551.0,0
2026-04-22 10:43:00,1550.95,1551.35,1550.95,1551.3,0
2026-04-22 10:44:00,1551.25,1551.3,1551.15,1551.2,0
2026-04-22 10:45:00,1551.2,1551.2,1550.65,1550.65,0
2026-04-22 10:46:00,1550.7,1551.95,1550.65,1551.8,0
2026-04-22 10:47:00,1551.75,1552.25,1551.65,1552.15,0
2026-04-22 10:48:00,1552.1,1552.2,1551.65,1551.8,0
2026-04-22 10:49:00,1551.85,1551.9,1551.55,1551.75,0
2026-04-22 10:50:00,1551.75,1552.25,1551.7,1552.05,0
2026-04-22 10:51:00,1552.05,1552.3,1552.0,1552.2,0
2026-04-22 10:52:00,1552.2,1552.3,1552.05,1552.3,0
2026-04-22 10:53:00,1552.3,1552.8,1552.25,1552.7,0
2026-04-22 10:54:00,1552.75,1553.05,1552.7,1552.85,0
2026-04-22 10:55:00,1552.85,1553.15,1552.8,1553.05,0
2026-04-22 10:56:00,1553.05,1553.05,1552.45,1552.55,0
2026-04-22 10:57:00,1552.55,1552.8,1552.55,1552.7,0
2026-04-22 10:58:00,1552.7,1552.75,1552.5,1552.55,0
2026-04-22 10:59:00,1552.55,1552.6,1552.35,1552.55,0
2026-04-22 11:00:00,1552.55,1552.6,1551.95,1552.05,0
2026-04-22 11:01:00,1552.0,1552.25,1551.75,1552.1,0
2026-04-22 11:02:00,1552.1,1552.45,1552.05,1552.35,0
2026-04-22 11:03:00,1552.3,1552.4,1552.05,1552.1,0
2026-04-22 11:04:00,1552.1,1552.75,1552.0,1552.7,0
2026-04-22 11:05:00,1552.65,1552.75,1552.35,1552.35,0
2026-04-22 11:06:00,1552.35,1552.45,1552.25,1552.25,0
2026-04-22 11:07:00,1552.2,1552.4,1552.15,1552.2,0
2026-04-22 11:08:00,1552.15,1552.4,1552.05,1552.3,0
2026-04-22 11:09:00,1552.3,1552.35,1551.85,1551.85,0
2026-04-22 11:10:00,1551.9,1552.0,1551.25,1551.25,0
2026-04-22 11:11:00,1551.3,1551.55,1551.25,1551.5,0
2026-04-22 11:12:00,1551.5,1552.0,1551.5,1551.95,0
2026-04-22 11:13:00,1551.95,1552.1,1551.8,1552.05,0
2026-04-22 11:14:00,1552.1,1552.4,1552.05,1552.2,0
2026-04-22 11:15:00,1552.2,1552.3,1552.05,1552.15,0
2026-04-22 11:16:00,1552.1,1552.15,1551.9,1551.95,0
2026-04-22 11:17:00,1551.9,1552.5,1551.9,1552.35,0
2026-04-22 11:18:00,1552.35,1552.7,1552.35,1552.65,0
2026-04-22 11:19:00,1552.65,1552.85,1552.65,1552.8,0
2026-04-22 11:20:00,1552.8,1552.85,1552.35,1552.45,0
2026-04-22 11:21:00,1552.5,1552.95,1552.45,1552.8,0
2026-04-22 11:22:00,1552.75,1553.05,1552.7,1553.0,0
2026-04-22 11:23:00,1552.95,1553.0,1552.65,1552.8,0
2026-04-22 11:24:00,1552.85,1553.2,1552.85,1553.15,0
2026-04-22 11:25:00,1553.15,1553.3,1553.05,1553.25,0
2026-04-22 11:26:00,1553.25,1553.45,1553.2,1553.4,0
2026-04-22 11:27:00,1553.4,1553.45,1553.15,1553.25,0
2026-04-22 11:28:00,1553.2,1553.25,1552.9,1553.05,0
2026-04-22 11:29:00,1553.0,1553.1,1552.65,1552.8,0
2026-04-22 11:30:00,1552.85,1552.9,1552.7,1552.7,0
2026-04-22 11:31:00,1552.75,1552.8,1552.65,1552.65,0
2026-04-22 11:32:00,1552.7,1553.1,1552.65,1552.95,0
2026-04-22 11:33:00,1552.95,1553.45,1552.95,1553.4,0
2026-04-22 11:34:00,1553.4,1553.4,1553.0,1553.1,0
2026-04-22 11:35:00,1553.1,1553.15,1552.7,1552.75,0
2026-04-22 11:36:00,1552.75,1552.8,1552.6,1552.7,0
2026-04-22 11:37:00,1552.7,1552.95,1552.7,1552.9,0
2026-04-22 11:38:00,1552.9,1552.9,1552.7,1552.8,0
2026-04-22 11:39:00,1552.8,1552.85,1552.55,1552.6,0
2026-04-22 11:40:00,1552.65,1553.05,1552.6,1553.0,0
2026-04-22 11:41:00,1553.0,1553.05,1552.75,1552.8,0
2026-04-22 11:42:00,1552.8,1553.05,1552.7,1552.7,0
2026-04-22 11:43:00,1552.65,1552.65,1552.3,1552.45,0
2026-04-22 11:44:00,1552.45,1552.65,1551.9,1551.95,0
2026-04-22 11:45:00,1551.9,1551.9,1551.35,1551.35,0
2026-04-22 11:46:00,1551.35,1551.4,1550.75,1551.0,0
2026-04-22 11:47:00,1551.0,1551.1,1550.6,1550.6,0
2026-04-22 11:48:00,1550.6,1551.0,1550.45,1550.9,0
2026-04-22 11:49:00,1550.9,1551.45,1550.9,1551.25,0
2026-04-22 11:50:00,1551.3,1551.45,1551.15,1551.4,0
2026-04-22 11:51:00,1551.4,1551.5,1551.25,1551.25,0
2026-04-22 11:52:00,1551.3,1551.5,1551.25,1551.5,0
2026-04-22 11:53:00,1551.55,1551.75,1551.5,1551.65,0
2026-04-22 11:54:00,1551.7,1551.8,1551.55,1551.75,0
2026-04-22 11:55:00,1551.75,1551.85,1551.7,1551.75,0
2026-04-22 11:56:00,1551.75,1551.8,1551.6,1551.75,0
2026-04-22 11:57:00,1551.75,1551.95,1551.65,1551.9,0
2026-04-22 11:58:00,1551.9,1552.3,1551.9,1552.3,0
2026-04-22 11:59:00,1552.3,1552.55,1552.25,1552.45,0
2026-04-22 12:00:00,1552.5,1553.0,1552.45,1552.8,0
2026-04-22 12:01:00,1552.75,1552.8,1552.6,1552.65,0
2026-04-22 12:02:00,1552.65,1552.8,1552.6,1552.6,0
2026-04-22 12:03:00,1552.55,1552.9,1552.55,1552.8,0
2026-04-22 12:04:00,1552.8,1553.0,1552.8,1552.9,0
2026-04-22 12:05:00,1552.95,1552.95,1552.65,1552.65,0
2026-04-22 12:06:00,1552.7,1552.85,1552.55,1552.75,0
2026-04-22 12:07:00,1552.75,1552.9,1552.65,1552.75,0
2026-04-22 12:08:00,1552.75,1552.8,1552.45,1552.5,0
2026-04-22 12:09:00,1552.45,1552.55,1552.2,1552.2,0
2026-04-22 12:10:00,1552.2,1552.2,1552.05,1552.15,0
2026-04-22 12:11:00,1552.15,1552.45,1552.15,1552.45,0
2026-04-22 12:12:00,1552.4,1552.45,1551.95,1551.95,0
2026-04-22 12:13:00,1551.95,1551.95,1551.5,1551.75,0
2026-04-22 12:14:00,1551.75,1552.0,1551.65,1551.95,0
2026-04-22 12:15:00,1551.9,1551.9,1551.6,1551.6,0
2026-04-22 12:16:00,1551.6,1551.7,1551.5,1551.65,0
2026-04-22 12:17:00,1551.65,1552.2,1551.6,1552.1,0
2026-04-22 12:18:00,1552.1,1552.1,1551.75,1551.75,0
2026-04-22 12:19:00,1551.65,1551.75,1551.5,1551.6,0
2026-04-22 12:20:00,1551.6,1551.75,1551.5,1551.65,0
2026-04-22 12:21:00,1551.6,1552.0,1551.55,1551.9,0
2026-04-22 12:22:00,1551.85,1552.05,1551.85,1551.9,0
2026-04-22 12:23:00,1551.95,1551.95,1551.6,1551.65,0
2026-04-22 12:24:00,1551.65,1551.75,1551.45,1551.6,0
2026-04-22 12:25:00,1551.6,1552.0,1551.55,1551.9,0
2026-04-22 12:26:00,1551.9,1552.2,1551.8,1552.1,0
2026-04-22 12:27:00,1552.1,1552.15,1551.7,1551.7,0
2026-04-22 12:28:00,1551.65,1551.7,1551.35,1551.45,0
2026-04-22 12:29:00,1551.45,1551.9,1551.4,1551.8,0
2026-04-22 12:30:00,1551.8,1552.25,1551.75,1552.15,0
2026-04-22 12:31:00,1552.15,1552.15,1551.95,1552.1,0
2026-04-22 12:32:00,1552.05,1552.25,1552.0,1552.0,0
2026-04-22 12:33:00,1552.0,1552.3,1551.85,1552.2,0
2026-04-22 12:34:00,1552.2,1552.3,1551.95,1552.15,0
2026-04-22 12:35:00,1552.1,1552.2,1551.85,1552.0,0
2026-04-22 12:36:00,1552.0,1552.05,1551.8,1551.8,0
2026-04-22 12:37:00,1551.8,1551.85,1551.25,1551.25,0
2026-04-22 12:38:00,1551.2,1551.35,1550.85,1551.3,0
2026-04-22 12:39:00,1551.35,1551.7,1551.3,1551.6,0
2026-04-22 12:40:00,1551.6,1551.75,1551.4,1551.4,0
2026-04-22 12:41:00,1551.4,1551.5,1551.3,1551.5,0
2026-04-22 12:42:00,1551.45,1551.8,1551.45,1551.6,0
2026-04-22 12:43:00,1551.6,1552.0,1551.55,1552.0,0
2026-04-22 12:44:00,1551.95,1552.05,1551.8,1552.0,0
2026-04-22 12:45:00,1552.0,1552.15,1551.9,1552.05,0
2026-04-22 12:46:00,1552.05,1552.1,1551.7,1551.8,0
2026-04-22 12:47:00,1551.75,1551.8,1551.55,1551.55,0
2026-04-22 12:48:00,1551.55,1551.65,1551.4,1551.4,0
2026-04-22 12:49:00,1551.4,1551.4,1551.0,1551.15,0
2026-04-22 12:50:00,1551.15,1551.55,1551.05,1551.5,0
2026-04-22 12:51:00,1551.45,1551.6,1551.25,1551.6,0
2026-04-22 12:52:00,1551.6,1552.25,1551.55,1552.15,0
2026-04-22 12:53:00,1552.15,1552.2,1552.0,1552.05,0
2026-04-22 12:54:00,1552.05,1552.15,1551.8,1551.95,0
2026-04-22 12:55:00,1551.9,1552.5,1551.9,1552.4,0
2026-04-22 12:56:00,1552.4,1552.55,1552.2,1552.5,0
2026-04-22 12:57:00,1552.45,1552.75,1552.45,1552.45,0
2026-04-22 12:58:00,1552.45,1552.65,1552.45,1552.6,0
2026-04-22 12:59:00,1552.55,1552.75,1552.55,1552.6,0
2026-04-22 13:00:00,1552.6,1552.85,1552.5,1552.75,0
2026-04-22 13:01:00,1552.75,1552.85,1552.15,1552.45,0
2026-04-22 13:02:00,1552.5,1552.75,1552.5,1552.55,0
2026-04-22 13:03:00,1552.55,1552.6,1552.05,1552.1,0
2026-04-22 13:04:00,1552.05,1552.75,1552.05,1552.75,0
2026-04-22 13:05:00,1552.75,1553.05,1552.75,1552.85,0
2026-04-22 13:06:00,1552.85,1553.05,1552.8,1552.9,0
2026-04-22 13:07:00,1552.9,1553.1,1552.9,1552.95,0
2026-04-22 13:08:00,1552.95,1553.15,1552.9,1553.05,0
2026-04-22 13:09:00,1553.05,1553.1,1552.75,1552.8,0
2026-04-22 13:10:00,1552.85,1552.95,1552.55,1552.8,0
2026-04-22 13:11:00,1552.75,1552.95,1552.7,1552.75,0
2026-04-22 13:12:00,1552.7,1552.7,1552.1,1552.2,0
2026-04-22 13:13:00,1552.15,1552.5,1552.1,1552.35,0
2026-04-22 13:14:00,1552.35,1552.85,1552.35,1552.8,0
2026-04-22 13:15:00,1552.75,1552.9,1552.65,1552.7,0
2026-04-22 13:16:00,1552.7,1552.7,1552.35,1552.5,0
2026-04-22 13:17:00,1552.45,1552.55,1552.05,1552.05,0
2026-04-22 13:18:00,1552.05,1552.15,1551.85,1552.1,0
2026-04-22 13:19:00,1552.1,1552.2,1551.7,1551.75,0
2026-04-22 13:20:00,1551.7,1551.9,1551.35,1551.35,0
2026-04-22 13:21:00,1551.35,1551.45,1551.15,1551.3,0
2026-04-22 13:22:00,1551.3,1551.35,1550.25,1550.35,0
2026-04-22 13:23:00,1550.3,1550.9,1550.2,1550.8,0
2026-04-22 13:24:00,1550.8,1551.0,1550.65,1550.7,0
2026-04-22 13:25:00,1550.75,1551.0,1550.6,1550.9,0
2026-04-22 13:26:00,1550.85,1551.25,1550.85,1551.2,0
2026-04-22 13:27:00,1551.15,1551.5,1551.1,1551.4,0
2026-04-22 13:28:00,1551.35,1551.45,1551.2,1551.35,0
2026-04-22 13:29:00,1551.35,1552.1,1551.35,1552.05,0
2026-04-22 13:30:00,1552.05,1552.25,1552.05,1552.2,0
2026-04-22 13:31:00,1552.1,1552.15,1551.9,1552.1,0
2026-04-22 13:32:00,1552.05,1552.4,1551.85,1552.35,0
2026-04-22 13:33:00,1552.3,1552.8,1552.3,1552.65,0
2026-04-22 13:34:00,1552.65,1552.7,1552.4,1552.5,0
2026-04-22 13:35:00,1552.45,1552.75,1552.45,1552.75,0
2026-04-22 13:36:00,1552.7,1552.8,1552.65,1552.8,0
2026-04-22 13:37:00,1552.8,1552.9,1552.7,1552.75,0
2026-04-22 13:38:00,1552.7,1552.8,1552.35,1552.35,0
2026-04-22 13:39:00,1552.35,1552.6,1552.2,1552.4,0
2026-04-22 13:40:00,1552.4,1552.75,1552.4,1552.75,0
2026-04-22 13:41:00,1552.75,1553.25,1552.75,1553.15,0
2026-04-22 13:42:00,1553.15,1553.25,1552.9,1552.95,0
2026-04-22 13:43:00,1552.95,1553.1,1552.8,1553.05,0
2026-04-22 13:44:00,1552.95,1553.3,1552.95,1553.25,0
2026-04-22 13:45:00,1553.25,1553.35,1553.1,1553.1,0
2026-04-22 13:46:00,1553.1,1553.2,1553.0,1553.1,0
2026-04-22 13:47:00,1553.05,1553.1,1552.95,1553.0,0
2026-04-22 13:48:00,1552.9,1553.3,1552.9,1553.25,0
2026-04-22 13:49:00,1553.25,1553.4,1553.2,1553.35,0
2026-04-22 13:50:00,1553.35,1553.5,1553.2,1553.2,0
2026-04-22 13:51:00,1553.2,1553.2,1553.05,1553.15,0
2026-04-22 13:52:00,1553.15,1553.15,1552.75,1552.8,0
2026-04-22 13:53:00,1552.75,1553.05,1552.75,1552.8,0
2026-04-22 13:54:00,1552.8,1553.05,1552.55,1553.05,0
2026-04-22 13:55:00,1553.15,1553.65,1552.95,1553.6,0
2026-04-22 13:56:00,1553.55,1554.15,1553.55,1553.95,0
2026-04-22 13:57:00,1553.95,1554.3,1553.8,1554.3,0
2026-04-22 13:58:00,1554.3,1554.75,1554.3,1554.4,0
2026-04-22 13:59:00,1554.4,1554.75,1554.35,1554.6,0
2026-04-22 14:00:00,1554.6,1555.1,1554.6,1555.0,0
2026-04-22 14:01:00,1555.0,1555.05,1554.4,1554.6,0
2026-04-22 14:02:00,1554.55,1554.75,1554.25,1554.3,0
2026-04-22 14:03:00,1554.25,1554.25,1553.35,1553.4,0
2026-04-22 14:04:00,1553.4,1553.5,1552.7,1552.75,0
2026-04-22 14:05:00,1552.7,1553.2,1552.7,1553.2,0
2026-04-22 14:06:00,1553.15,1553.3,1552.8,1552.85,0
2026-04-22 14:07:00,1552.8,1553.4,1552.8,1553.3,0
2026-04-22 14:08:00,1553.25,1553.55,1553.25,1553.35,0
2026-04-22 14:09:00,1553.35,1553.4,1553.0,1553.0,0
2026-04-22 14:10:00,1552.95,1553.05,1552.15,1552.25,0
2026-04-22 14:11:00,1552.25,1552.25,1552.05,1552.05,0
2026-04-22 14:12:00,1552.1,1552.35,1552.0,1552.35,0
2026-04-22 14:13:00,1552.25,1552.4,1552.1,1552.2,0
2026-04-22 14:14:00,1552.15,1552.65,1552.15,1552.6,0
2026-04-22 14:15:00,1552.5,1552.7,1552.45,1552.5,0
2026-04-22 14:16:00,1552.4,1552.55,1551.75,1551.85,0
2026-04-22 14:17:00,1551.8,1552.0,1551.4,1551.4,0
2026-04-22 14:18:00,1551.4,1551.5,1550.95,1551.05,0
2026-04-22 14:19:00,1551.0,1551.75,1551.0,1551.75,0
2026-04-22 14:20:00,1551.7,1551.8,1551.3,1551.35,0
2026-04-22 14:21:00,1551.3,1551.95,1551.3,1551.85,0
2026-04-22 14:22:00,1551.85,1551.85,1551.7,1551.8,0
2026-04-22 14:23:00,1551.85,1552.2,1551.85,1551.95,0
2026-04-22 14:24:00,1551.9,1552.05,1551.85,1552.05,0
2026-04-22 14:25:00,1552.05,1552.5,1552.05,1552.5,0
2026-04-22 14:26:00,1552.5,1552.5,1552.15,1552.2,0
2026-04-22 14:27:00,1552.2,1552.25,1552.0,1552.2,0
2026-04-22 14:28:00,1552.15,1552.2,1552.0,1552.1,0
2026-04-22 14:29:00,1552.05,1552.2,1551.9,1552.0,0
2026-04-22 14:30:00,1552.0,1552.25,1551.85,1552.2,0
2026-04-22 14:31:00,1552.15,1552.6,1552.1,1552.25,0
2026-04-22 14:32:00,1552.2,1552.4,1552.1,1552.2,0
2026-04-22 14:33:00,1552.2,1552.4,1552.1,1552.4,0
2026-04-22 14:34:00,1552.35,1552.5,1552.3,1552.4,0
2026-04-22 14:35:00,1552.4,1552.55,1552.3,1552.55,0
2026-04-22 14:36:00,1552.5,1553.1,1552.5,1553.05,0
2026-04-22 14:37:00,1553.05,1553.5,1553.0,1553.3,0
2026-04-22 14:38:00,1553.3,1553.35,1552.7,1552.8,0
2026-04-22 14:39:00,1552.8,1553.05,1552.75,1553.0,0
2026-04-22 14:40:00,1553.1,1553.3,1552.9,1552.9,0
2026-04-22 14:41:00,1552.9,1553.2,1552.85,1553.2,0
2026-04-22 14:42:00,1553.2,1553.3,1553.1,1553.1,0
2026-04-22 14:43:00,1553.1,1553.25,1553.0,1553.2,0
2026-04-22 14:44:00,1553.2,1553.3,1553.0,1553.05,0
2026-04-22 14:45:00,1553.05,1553.25,1552.95,1553.25,0
2026-04-22 14:46:00,1553.2,1553.4,1553.1,1553.15,0
2026-04-22 14:47:00,1553.15,1553.6,1553.15,1553.6,0
2026-04-22 14:48:00,1553.6,1553.8,1553.45,1553.55,0
2026-04-22 14:49:00,1553.5,1553.65,1553.35,1553.35,0
2026-04-22 14:50:00,1553.3,1553.3,1552.95,1553.15,0
2026-04-22 14:51:00,1553.15,1553.55,1553.1,1553.5,0
2026-04-22 14:52:00,1553.5,1553.8,1553.45,1553.65,0
2026-04-22 14:53:00,1553.6,1553.75,1553.6,1553.6,0
2026-04-22 14:54:00,1553.6,1553.8,1553.5,1553.8,0
2026-04-22 14:55:00,1553.75,1554.3,1553.75,1554.25,0
2026-04-22 14:56:00,1554.2,1554.25,1554.0,1554.2,0
2026-04-22 14:57:00,1554.15,1554.3,1554.05,1554.15,0
2026-04-22 14:58:00,1554.1,1554.2,1553.8,1554.05,0
2026-04-22 14:59:00,1554.0,1554.35,1553.95,1554.05,0
2026-04-22 15:00:00,1553.95,1553.95,1552.6,1552.6,0
2026-04-22 15:01:00,1552.6,1552.65,1551.7,1551.75,0
2026-04-22 15:02:00,1551.75,1551.8,1551.25,1551.75,0
2026-04-22 15:03:00,1551.75,1551.8,1550.7,1550.8,0
2026-04-22 15:04:00,1550.8,1551.1,1550.75,1551.0,0
2026-04-22 15:05:00,1551.0,1551.05,1550.6,1550.65,0
2026-04-22 15:06:00,1550.65,1550.7,1550.5,1550.6,0
2026-04-22 15:07:00,1550.6,1550.75,1550.4,1550.45,0
2026-04-22 15:08:00,1550.45,1550.45,1550.1,1550.2,0
2026-04-22 15:09:00,1550.2,1550.45,1550.2,1550.35,0
2026-04-22 15:10:00,1550.35,1550.4,1550.2,1550.35,0
2026-04-22 15:11:00,1550.35,1550.6,1550.3,1550.5,0
2026-04-22 15:12:00,1550.5,1550.65,1550.35,1550.5,0
2026-04-22 15:13:00,1550.5,1550.7,1550.4,1550.6,0
2026-04-22 15:14:00,1550.6,1550.85,1550.6,1550.7,0
2026-04-22 15:15:00,1550.7,1551.4,1550.7,1551.35,0
2026-04-22 15:16:00,1551.35,1551.4,1551.0,1551.1,0
2026-04-22 15:17:00,1551.1,1551.1,1550.85,1550.95,0
2026-04-22 15:18:00,1550.95,1550.95,1550.6,1550.7,0
2026-04-22 15:19:00,1550.7,1550.85,1550.65,1550.8,0
2026-04-22 15:20:00,1550.8,1550.9,1550.7,1550.9,0
2026-04-22 15:21:00,1550.9,1551.05,1550.85,1550.9,0
2026-04-22 15:22:00,1550.9,1551.05,1550.85,1550.95,0
2026-04-22 15:23:00,1550.95,1551.0,1550.8,1550.8,0
2026-04-22 15:24:00,1550.8,1550.85,1550.4,1550.4,0
2026-04-22 15:25:00,1550.4,1550.55,1549.8,1550.1,0
2026-04-22 15:26:00,1550.1,1550.2,1549.85,1549.95,0
2026-04-22 15:27:00,1549.95,1549.95,1549.6,1549.7,0
2026-04-22 15:28:00,1549.7,1549.8,1549.45,1549.65,0
2026-04-22 15:29:00,1549.65,1550.15,1549.55,1550.0,0
2026-04-23 09:15:00,1542.2,1542.7,1536.75,1539.0,0
2026-04-23 09:16:00,1539.2,1541.0,1537.9,1541.0,0
2026-04-23 09:17:00,1541.05,1541.65,1540.4,1540.9,0
2026-04-23 09:18:00,1541.05,1541.05,1539.1,1540.25,0
2026-04-23 09:19:00,1540.45,1541.5,1540.4,1541.35,0
2026-04-23 09:20:00,1541.4,1542.95,1540.6,1542.95,0
2026-04-23 09:21:00,1543.1,1543.15,1542.45,1542.95,0
2026-04-23 09:22:00,1543.0,1543.0,1541.45,1541.7,0
2026-04-23 09:23:00,1541.65,1542.75,1541.65,1542.25,0
2026-04-23 09:24:00,1542.4,1542.45,1541.5,1541.75,0
2026-04-23 09:25:00,1541.75,1542.05,1540.8,1540.95,0
2026-04-23 09:26:00,1541.0,1541.25,1540.6,1540.8,0
2026-04-23 09:27:00,1540.85,1541.4,1540.65,1541.3,0
2026-04-23 09:28:00,1541.35,1542.35,1541.3,1542.25,0
2026-04-23 09:29:00,1542.3,1542.75,1542.1,1542.3,0
2026-04-23 09:30:00,1542.3,1542.65,1540.95,1542.45,0
2026-04-23 09:31:00,1542.45,1543.75,1542.15,1542.35,0
2026-04-23 09:32:00,1542.5,1542.6,1542.0,1542.4,0
2026-04-23 09:33:00,1542.4,1542.45,1540.4,1540.4,0
2026-04-23 09:34:00,1540.45,1541.65,1540.2,1541.3,0
2026-04-23 09:35:00,1541.4,1541.65,1540.9,1540.9,0
2026-04-23 09:36:00,1540.85,1540.85,1540.1,1540.45,0
2026-04-23 09:37:00,1540.4,1541.35,1540.4,1541.1,0
2026-04-23 09:38:00,1541.15,1541.35,1540.1,1541.35,0
2026-04-23 09:39:00,1541.4,1542.2,1541.3,1541.55,0
2026-04-23 09:40:00,1541.6,1541.7,1541.05,1541.45,0
2026-04-23 09:41:00,1541.55,1542.45,1541.55,1542.35,0
2026-04-23 09:42:00,1542.45,1542.9,1542.3,1542.7,0
2026-04-23 09:43:00,1542.85,1543.55,1542.8,1543.45,0
2026-04-23 09:44:00,1543.5,1543.5,1543.15,1543.3,0
2026-04-23 09:45:00,1543.35,1543.7,1542.95,1543.7,0
2026-04-23 09:46:00,1543.7,1544.3,1543.7,1544.3,0
2026-04-23 09:47:00,1544.4,1544.95,1544.4,1544.65,0
2026-04-23 09:48:00,1544.7,1545.2,1544.55,1545.15,0
2026-04-23 09:49:00,1545.25,1545.45,1545.1,1545.25,0
2026-04-23 09:50:00,1545.2,1545.8,1545.2,1545.7,0
2026-04-23 09:51:00,1545.7,1546.1,1545.25,1545.3,0
2026-04-23 09:52:00,1545.25,1546.05,1545.25,1546.05,0
2026-04-23 09:53:00,1546.1,1546.75,1546.05,1546.5,0
2026-04-23 09:54:00,1546.55,1546.7,1545.65,1545.65,0
2026-04-23 09:55:00,1545.7,1546.15,1545.65,1546.1,0
2026-04-23 09:56:00,1546.15,1546.25,1545.85,1546.1,0
2026-04-23 09:57:00,1546.15,1546.25,1545.8,1545.85,0
2026-04-23 09:58:00,1545.8,1546.0,1545.5,1545.6,0
2026-04-23 09:59:00,1545.65,1545.9,1545.45,1545.7,0
2026-04-23 10:00:00,1545.7,1545.8,1545.05,1545.1,0
2026-04-23 10:01:00,1545.1,1545.2,1544.0,1544.85,0
2026-04-23 10:02:00,1544.9,1545.65,1544.75,1545.5,0
2026-04-23 10:03:00,1545.6,1546.45,1545.6,1546.35,0
2026-04-23 10:04:00,1546.4,1547.0,1546.4,1546.9,0
2026-04-23 10:05:00,1546.95,1547.15,1546.8,1547.1,0
2026-04-23 10:06:00,1547.1,1547.25,1546.45,1546.5,0
2026-04-23 10:07:00,1546.6,1546.65,1545.9,1545.9,0
2026-04-23 10:08:00,1545.9,1546.05,1545.6,1545.65,0
2026-04-23 10:09:00,1545.7,1545.85,1545.5,1545.7,0
2026-04-23 10:10:00,1545.75,1545.75,1544.95,1545.15,0
2026-04-23 10:11:00,1545.15,1545.35,1544.85,1545.25,0
2026-04-23 10:12:00,1545.25,1545.3,1544.9,1545.0,0
2026-04-23 10:13:00,1545.05,1545.15,1544.45,1544.45,0
2026-04-23 10:14:00,1544.5,1544.95,1544.25,1544.9,0
2026-04-23 10:15:00,1545.0,1545.2,1544.25,1544.3,0
2026-04-23 10:16:00,1544.35,1545.15,1544.2,1545.15,0
2026-04-23 10:17:00,1545.2,1545.2,1544.8,1544.95,0
2026-04-23 10:18:00,1544.9,1544.95,1544.7,1544.9,0
2026-04-23 10:19:00,1544.9,1545.5,1544.9,1545.45,0
2026-04-23 10:20:00,1545.5,1545.7,1545.25,1545.25,0
2026-04-23 10:21:00,1545.3,1545.6,1544.6,1544.65,0
2026-04-23 10:22:00,1544.65,1544.65,1544.15,1544.25,0
2026-04-23 10:23:00,1544.35,1544.6,1544.3,1544.45,0
2026-04-23 10:24:00,1544.5,1544.8,1544.4,1544.5,0
2026-04-23 10:25:00,1544.5,1544.5,1543.95,1544.4,0
2026-04-23 10:26:00,1544.55,1544.95,1544.55,1544.75,0
2026-04-23 10:27:00,1544.75,1545.0,1544.75,1544.85,0
2026-04-23 10:28:00,1544.9,1544.9,1544.35,1544.4,0
2026-04-23 10:29:00,1544.4,1544.5,1544.0,1544.0,0
2026-04-23 10:30:00,1544.0,1544.2,1543.45,1543.5,0
2026-04-23 10:31:00,1543.5,1543.6,1543.1,1543.1,0
2026-04-23 10:32:00,1543.15,1543.2,1542.85,1542.95,0
2026-04-23 10:33:00,1542.95,1543.0,1542.75,1542.8,0
2026-04-23 10:34:00,1542.8,1542.95,1542.55,1542.95,0
2026-04-23 10:35:00,1543.0,1543.3,1542.3,1542.55,0
2026-04-23 10:36:00,1542.5,1542.65,1542.35,1542.35,0
2026-04-23 10:37:00,1542.35,1542.35,1541.8,1541.8,0
2026-04-23 10:38:00,1541.8,1541.95,1541.5,1541.8,0
2026-04-23 10:39:00,1541.8,1542.05,1541.65,1541.8,0
2026-04-23 10:40:00,1541.75,1541.9,1541.6,1541.7,0
2026-04-23 10:41:00,1541.75,1541.85,1541.35,1541.7,0
2026-04-23 10:42:00,1541.7,1541.9,1541.5,1541.8,0
2026-04-23 10:43:00,1541.8,1541.8,1541.35,1541.5,0
2026-04-23 10:44:00,1541.55,1541.55,1541.35,1541.4,0
2026-04-23 10:45:00,1541.4,1541.55,1541.2,1541.2,0
2026-04-23 10:46:00,1541.2,1541.3,1540.5,1540.5,0
2026-04-23 10:47:00,1540.45,1541.0,1539.65,1540.85,0
2026-04-23 10:48:00,1540.75,1541.05,1540.75,1540.95,0
2026-04-23 10:49:00,1540.9,1541.25,1540.75,1540.85,0
2026-04-23 10:50:00,1540.8,1540.95,1540.45,1540.5,0
2026-04-23 10:51:00,1540.5,1540.75,1540.1,1540.75,0
2026-04-23 10:52:00,1540.65,1541.2,1540.65,1540.8,0
2026-04-23 10:53:00,1540.85,1541.65,1540.85,1541.35,0
2026-04-23 10:54:00,1541.35,1541.6,1541.3,1541.4,0
2026-04-23 10:55:00,1541.45,1541.45,1541.0,1541.0,0
2026-04-23 10:56:00,1541.05,1541.05,1540.6,1540.6,0
2026-04-23 10:57:00,1540.7,1540.9,1540.55,1540.55,0
2026-04-23 10:58:00,1540.65,1541.95,1540.55,1541.9,0
2026-04-23 10:59:00,1541.95,1541.95,1541.6,1541.65,0
2026-04-23 11:00:00,1541.7,1541.75,1541.5,1541.75,0
2026-04-23 11:01:00,1541.8,1542.0,1541.75,1541.8,0
2026-04-23 11:02:00,1541.9,1542.2,1541.8,1542.05,0
2026-04-23 11:03:00,1542.15,1542.15,1541.6,1541.85,0
2026-04-23 11:04:00,1541.9,1542.25,1541.8,1542.25,0
2026-04-23 11:05:00,1542.3,1542.45,1542.15,1542.2,0
2026-04-23 11:06:00,1542.25,1542.25,1541.65,1541.7,0
2026-04-23 11:07:00,1541.75,1542.0,1541.7,1541.85,0
2026-04-23 11:08:00,1541.95,1542.35,1541.85,1542.15,0
2026-04-23 11:09:00,1542.2,1542.2,1541.6,1541.6,0
2026-04-23 11:10:00,1541.7,1541.7,1541.4,1541.65,0
2026-04-23 11:11:00,1541.65,1541.75,1540.8,1540.85,0
2026-04-23 11:12:00,1540.95,1540.95,1540.3,1540.3,0
2026-04-23 11:13:00,1540.35,1540.35,1540.1,1540.15,0
2026-04-23 11:14:00,1540.2,1540.25,1540.0,1540.0,0
2026-04-23 11:15:00,1540.05,1540.35,1539.8,1540.15,0
2026-04-23 11:16:00,1540.2,1540.7,1540.15,1540.6,0
2026-04-23 11:17:00,1540.6,1540.95,1540.45,1540.75,0
2026-04-23 11:18:00,1540.8,1541.1,1540.7,1540.8,0
2026-04-23 11:19:00,1540.95,1540.95,1540.35,1540.35,0
2026-04-23 11:20:00,1540.4,1540.6,1540.25,1540.55,0
2026-04-23 11:21:00,1540.65,1540.85,1540.6,1540.75,0
2026-04-23 11:22:00,1540.8,1541.1,1540.6,1541.0,0
2026-04-23 11:23:00,1541.0,1541.0,1540.35,1540.35,0
2026-04-23 11:24:00,1540.4,1540.4,1540.15,1540.2,0
2026-04-23 11:25:00,1540.3,1540.45,1540.1,1540.4,0
2026-04-23 11:26:00,1540.45,1540.7,1540.35,1540.35,0
2026-04-23 11:27:00,1540.4,1540.5,1540.2,1540.45,0
2026-04-23 11:28:00,1540.5,1540.8,1540.4,1540.65,0
2026-04-23 11:29:00,1540.7,1540.85,1540.6,1540.8,0
2026-04-23 11:30:00,1540.8,1540.8,1540.65,1540.7,0
2026-04-23 11:31:00,1540.75,1541.05,1540.6,1540.95,0
2026-04-23 11:32:00,1541.05,1541.05,1540.55,1540.6,0
2026-04-23 11:33:00,1540.65,1540.7,1540.5,1540.65,0
2026-04-23 11:34:00,1540.7,1540.7,1540.35,1540.35,0
2026-04-23 11:35:00,1540.4,1540.4,1539.75,1539.95,0
2026-04-23 11:36:00,1539.95,1540.45,1539.9,1540.1,0
2026-04-23 11:37:00,1540.05,1540.2,1539.75,1540.15,0
2026-04-23 11:38:00,1540.2,1540.35,1540.15,1540.3,0
2026-04-23 11:39:00,1540.35,1540.35,1540.15,1540.35,0
2026-04-23 11:40:00,1540.35,1540.5,1540.05,1540.25,0
2026-04-23 11:41:00,1540.3,1540.3,1539.85,1539.95,0
2026-04-23 11:42:00,1540.0,1540.0,1539.65,1539.7,0
2026-04-23 11:43:00,1539.75,1540.05,1539.7,1539.8,0
2026-04-23 11:44:00,1539.9,1540.0,1539.65,1539.65,0
2026-04-23 11:45:00,1539.7,1540.1,1539.4,1540.0,0
2026-04-23 11:46:00,1540.05,1540.05,1539.75,1539.8,0
2026-04-23 11:47:00,1539.85,1540.1,1539.65,1540.1,0
2026-04-23 11:48:00,1540.1,1540.45,1540.0,1540.35,0
2026-04-23 11:49:00,1540.4,1540.65,1540.4,1540.5,0
2026-04-23 11:50:00,1540.45,1540.5,1540.25,1540.5,0
2026-04-23 11:51:00,1540.5,1541.05,1540.5,1541.0,0
2026-04-23 11:52:00,1541.05,1541.15,1540.85,1541.15,0
2026-04-23 11:53:00,1541.15,1541.55,1541.1,1541.45,0
2026-04-23 11:54:00,1541.5,1541.85,1541.35,1541.65,0
2026-04-23 11:55:00,1541.7,1541.85,1541.65,1541.8,0
2026-04-23 11:56:00,1541.85,1542.0,1541.55,1541.65,0
2026-04-23 11:57:00,1541.6,1541.65,1541.3,1541.6,0
2026-04-23 11:58:00,1541.65,1541.8,1541.5,1541.5,0
2026-04-23 11:59:00,1541.55,1541.85,1541.55,1541.65,0
2026-04-23 12:00:00,1541.7,1541.75,1541.4,1541.45,0
2026-04-23 12:01:00,1541.4,1541.55,1541.2,1541.55,0
2026-04-23 12:02:00,1541.55,1541.75,1541.55,1541.65,0
2026-04-23 12:03:00,1541.65,1541.8,1541.6,1541.75,0
2026-04-23 12:04:00,1541.7,1541.75,1541.2,1541.3,0
2026-04-23 12:05:00,1541.35,1541.45,1541.1,1541.45,0
2026-04-23 12:06:00,1541.4,1541.5,1541.25,1541.4,0
2026-04-23 12:07:00,1541.45,1542.0,1541.4,1541.95,0
2026-04-23 12:08:00,1541.85,1542.1,1541.65,1542.0,0
2026-04-23 12:09:00,1542.0,1542.1,1541.7,1541.7,0
2026-04-23 12:10:00,1541.7,1542.05,1541.6,1542.0,0
2026-04-23 12:11:00,1542.05,1542.25,1542.05,1542.15,0
2026-04-23 12:12:00,1542.2,1542.8,1542.2,1542.7,0
2026-04-23 12:13:00,1542.7,1542.75,1542.5,1542.65,0
2026-04-23 12:14:00,1542.6,1542.85,1542.6,1542.65,0
2026-04-23 12:15:00,1542.55,1542.8,1542.45,1542.65,0
2026-04-23 12:16:00,1542.65,1542.9,1542.6,1542.85,0
2026-04-23 12:17:00,1542.8,1542.85,1542.6,1542.7,0
2026-04-23 12:18:00,1542.75,1542.8,1542.65,1542.7,0
2026-04-23 12:19:00,1542.75,1542.75,1542.15,1542.15,0
2026-04-23 12:20:00,1542.2,1542.35,1542.15,1542.25,0
2026-04-23 12:21:00,1542.25,1542.55,1542.2,1542.5,0
2026-04-23 12:22:00,1542.5,1543.2,1542.4,1543.15,0
2026-04-23 12:23:00,1543.15,1543.2,1542.8,1542.8,0
2026-04-23 12:24:00,1542.8,1543.0,1542.7,1542.7,0
2026-04-23 12:25:00,1542.7,1542.7,1541.75,1541.8,0
2026-04-23 12:26:00,1541.75,1541.8,1541.05,1541.05,0
2026-04-23 12:27:00,1541.0,1541.1,1540.65,1540.75,0
2026-04-23 12:28:00,1540.75,1540.75,1540.2,1540.4,0
2026-04-23 12:29:00,1540.45,1540.45,1540.1,1540.15,0
2026-04-23 12:30:00,1540.25,1540.35,1540.05,1540.05,0
2026-04-23 12:31:00,1540.05,1540.05,1539.5,1539.5,0
2026-04-23 12:32:00,1539.6,1539.85,1539.5,1539.75,0
2026-04-23 12:33:00,1539.85,1540.5,1539.7,1540.45,0
2026-04-23 12:34:00,1540.5,1540.6,1540.2,1540.35,0
2026-04-23 12:35:00,1540.35,1540.45,1540.0,1540.0,0
2026-04-23 12:36:00,1540.0,1540.0,1539.55,1539.7,0
2026-04-23 12:37:00,1539.85,1540.45,1539.8,1540.25,0
2026-04-23 12:38:00,1540.3,1541.1,1540.15,1541.05,0
2026-04-23 12:39:00,1541.1,1541.2,1541.0,1541.05,0
2026-04-23 12:40:00,1541.1,1541.25,1541.0,1541.1,0
2026-04-23 12:41:00,1541.15,1541.3,1541.0,1541.2,0
2026-04-23 12:42:00,1541.25,1541.25,1540.85,1540.9,0
2026-04-23 12:43:00,1540.95,1541.15,1540.85,1541.0,0
2026-04-23 12:44:00,1541.05,1541.45,1540.85,1541.4,0
2026-04-23 12:45:00,1541.45,1541.55,1541.1,1541.1,0
2026-04-23 12:46:00,1541.2,1541.35,1541.05,1541.25,0
2026-04-23 12:47:00,1541.25,1541.25,1541.1,1541.25,0
2026-04-23 12:48:00,1541.25,1541.25,1540.4,1540.45,0
2026-04-23 12:49:00,1540.45,1540.75,1540.3,1540.75,0
2026-04-23 12:50:00,1540.8,1540.8,1540.6,1540.7,0
2026-04-23 12:51:00,1540.75,1540.75,1540.35,1540.35,0
2026-04-23 12:52:00,1540.4,1540.85,1540.35,1540.8,0
2026-04-23 12:53:00,1540.9,1541.1,1540.8,1541.1,0
2026-04-23 12:54:00,1541.15,1541.5,1541.15,1541.35,0
2026-04-23 12:55:00,1541.4,1541.6,1541.3,1541.6,0
2026-04-23 12:56:00,1541.6,1541.75,1541.4,1541.6,0
2026-04-23 12:57:00,1541.65,1541.8,1541.55,1541.55,0
2026-04-23 12:58:00,1541.65,1541.9,1541.45,1541.85,0
2026-04-23 12:59:00,1541.95,1542.15,1541.9,1541.95,0
2026-04-23 13:00:00,1542.0,1542.15,1541.8,1542.1,0
2026-04-23 13:01:00,1542.15,1542.15,1541.5,1541.5,0
2026-04-23 13:02:00,1541.55,1541.65,1541.5,1541.55,0
2026-04-23 13:03:00,1541.6,1541.85,1541.6,1541.7,0
2026-04-23 13:04:00,1541.75,1542.0,1541.75,1541.9,0
2026-04-23 13:05:00,1541.95,1542.4,1541.95,1542.3,0
2026-04-23 13:06:00,1542.35,1542.4,1541.85,1541.9,0
2026-04-23 13:07:00,1541.9,1541.95,1541.4,1541.45,0
2026-04-23 13:08:00,1541.5,1541.85,1541.4,1541.8,0
2026-04-23 13:09:00,1541.85,1542.5,1541.85,1542.5,0
2026-04-23 13:10:00,1542.5,1542.65,1542.4,1542.45,0
2026-04-23 13:11:00,1542.45,1542.5,1542.1,1542.25,0
2026-04-23 13:12:00,1542.3,1542.35,1542.15,1542.2,0
2026-04-23 13:13:00,1542.25,1542.35,1542.15,1542.3,0
2026-04-23 13:14:00,1542.3,1542.65,1542.2,1542.55,0
2026-04-23 13:15:00,1542.6,1542.65,1542.25,1542.25,0
2026-04-23 13:16:00,1542.3,1542.3,1541.95,1542.05,0
2026-04-23 13:17:00,1542.05,1542.8,1542.05,1542.65,0
2026-04-23 13:18:00,1542.7,1543.2,1542.55,1543.2,0
2026-04-23 13:19:00,1543.25,1544.05,1543.25,1544.05,0
2026-04-23 13:20:00,1544.05,1544.9,1544.05,1544.65,0
2026-04-23 13:21:00,1544.65,1544.8,1544.55,1544.7,0
2026-04-23 13:22:00,1544.65,1545.1,1544.35,1545.1,0
2026-04-23 13:23:00,1545.15,1545.55,1545.15,1545.55,0
2026-04-23 13:24:00,1545.55,1545.8,1545.5,1545.55,0
2026-04-23 13:25:00,1545.55,1545.95,1545.35,1545.4,0
2026-04-23 13:26:00,1545.35,1545.35,1544.75,1544.85,0
2026-04-23 13:27:00,1544.9,1545.15,1544.75,1544.8,0
2026-04-23 13:28:00,1544.85,1545.45,1544.7,1545.25,0
2026-04-23 13:29:00,1545.3,1545.65,1545.25,1545.5,0
2026-04-23 13:30:00,1545.5,1545.65,1545.15,1545.15,0
2026-04-23 13:31:00,1545.15,1545.2,1544.8,1544.8,0
2026-04-23 13:32:00,1544.8,1544.9,1544.7,1544.85,0
2026-04-23 13:33:00,1544.85,1544.85,1544.45,1544.5,0
2026-04-23 13:34:00,1544.55,1544.65,1544.2,1544.2,0
2026-04-23 13:35:00,1544.15,1544.2,1543.75,1544.05,0
2026-04-23 13:36:00,1544.05,1544.1,1543.7,1543.75,0
2026-04-23 13:37:00,1543.7,1543.8,1543.35,1543.45,0
2026-04-23 13:38:00,1543.45,1543.45,1542.35,1542.35,0
2026-04-23 13:39:00,1542.35,1542.35,1542.0,1542.25,0
2026-04-23 13:40:00,1542.25,1542.6,1542.25,1542.45,0
2026-04-23 13:41:00,1542.5,1542.55,1541.8,1541.9,0
2026-04-23 13:42:00,1541.9,1542.25,1541.85,1542.25,0
2026-04-23 13:43:00,1542.15,1542.45,1542.15,1542.25,0
2026-04-23 13:44:00,1542.25,1542.5,1542.2,1542.4,0
2026-04-23 13:45:00,1542.4,1542.45,1542.05,1542.3,0
2026-04-23 13:46:00,1542.3,1542.6,1542.25,1542.45,0
2026-04-23 13:47:00,1542.4,1542.4,1542.15,1542.4,0
2026-04-23 13:48:00,1542.45,1542.7,1542.45,1542.45,0
2026-04-23 13:49:00,1542.45,1542.5,1542.05,1542.4,0
2026-04-23 13:50:00,1542.4,1543.0,1542.4,1542.95,0
2026-04-23 13:51:00,1542.95,1543.25,1542.9,1543.25,0
2026-04-23 13:52:00,1543.3,1543.4,1543.1,1543.25,0
2026-04-23 13:53:00,1543.2,1543.25,1542.6,1542.85,0
2026-04-23 13:54:00,1542.85,1543.05,1542.8,1543.05,0
2026-04-23 13:55:00,1543.0,1543.2,1543.0,1543.15,0
2026-04-23 13:56:00,1543.1,1544.0,1542.95,1543.95,0
2026-04-23 13:57:00,1543.9,1544.05,1543.75,1544.05,0
2026-04-23 13:58:00,1544.05,1544.1,1543.5,1543.55,0
2026-04-23 13:59:00,1543.6,1543.6,1543.3,1543.5,0
2026-04-23 14:00:00,1543.55,1543.55,1542.7,1543.1,0
2026-04-23 14:01:00,1543.2,1543.25,1543.05,1543.15,0
2026-04-23 14:02:00,1543.15,1543.15,1542.65,1542.85,0
2026-04-23 14:03:00,1542.95,1543.1,1542.65,1543.1,0
2026-04-23 14:04:00,1543.25,1543.5,1543.2,1543.3,0
2026-04-23 14:05:00,1543.35,1543.35,1542.95,1543.15,0
2026-04-23 14:06:00,1543.2,1543.3,1542.75,1542.8,0
2026-04-23 14:07:00,1542.85,1543.1,1542.8,1542.85,0
2026-04-23 14:08:00,1542.9,1542.9,1542.4,1542.55,0
2026-04-23 14:09:00,1542.6,1542.6,1542.25,1542.25,0
2026-04-23 14:10:00,1542.3,1542.3,1541.6,1541.6,0
2026-04-23 14:11:00,1541.65,1541.85,1541.5,1541.65,0
2026-04-23 14:12:00,1541.7,1541.7,1541.5,1541.7,0
2026-04-23 14:13:00,1541.75,1541.75,1541.4,1541.45,0
2026-04-23 14:14:00,1541.45,1541.6,1541.35,1541.4,0
2026-04-23 14:15:00,1541.4,1541.75,1541.35,1541.7,0
2026-04-23 14:16:00,1541.8,1541.85,1541.6,1541.85,0
2026-04-23 14:17:00,1541.9,1542.1,1541.85,1542.0,0
2026-04-23 14:18:00,1542.05,1542.1,1541.7,1541.95,0
2026-04-23 14:19:00,1541.95,1542.0,1541.0,1541.0,0
2026-04-23 14:20:00,1541.0,1541.1,1540.25,1541.1,0
2026-04-23 14:21:00,1541.15,1541.15,1540.65,1540.7,0
2026-04-23 14:22:00,1540.75,1541.3,1540.55,1541.3,0
2026-04-23 14:23:00,1541.35,1541.65,1541.35,1541.6,0
2026-04-23 14:24:00,1541.6,1541.75,1540.9,1540.9,0
2026-04-23 14:25:00,1540.95,1540.95,1540.6,1540.8,0
2026-04-23 14:26:00,1540.8,1540.85,1540.6,1540.8,0
2026-04-23 14:27:00,1540.8,1540.8,1540.5,1540.55,0
2026-04-23 14:28:00,1540.55,1540.6,1540.2,1540.35,0
2026-04-23 14:29:00,1540.35,1540.45,1539.9,1539.9,0
2026-04-23 14:30:00,1540.0,1540.0,1539.7,1539.75,0
2026-04-23 14:31:00,1539.75,1539.85,1539.55,1539.6,0
2026-04-23 14:32:00,1539.65,1539.7,1539.35,1539.45,0
2026-04-23 14:33:00,1539.5,1539.55,1539.0,1539.15,0
2026-04-23 14:34:00,1539.2,1539.25,1538.6,1538.6,0
2026-04-23 14:35:00,1538.7,1538.7,1538.2,1538.5,0
2026-04-23 14:36:00,1538.55,1538.9,1538.55,1538.7,0
2026-04-23 14:37:00,1538.75,1538.95,1538.4,1538.5,0
2026-04-23 14:38:00,1538.5,1538.75,1538.45,1538.6,0
2026-04-23 14:39:00,1538.6,1538.7,1538.3,1538.3,0
2026-04-23 14:40:00,1538.35,1538.4,1538.1,1538.1,0
2026-04-23 14:41:00,1538.1,1538.35,1537.75,1538.25,0
2026-04-23 14:42:00,1538.3,1538.8,1537.9,1538.7,0
2026-04-23 14:43:00,1538.75,1538.8,1538.0,1538.05,0
2026-04-23 14:44:00,1538.05,1538.05,1537.65,1537.75,0
2026-04-23 14:45:00,1537.8,1538.55,1537.45,1538.55,0
2026-04-23 14:46:00,1538.65,1538.8,1538.3,1538.65,0
2026-04-23 14:47:00,1538.65,1539.3,1538.65,1539.3,0
2026-04-23 14:48:00,1539.35,1539.8,1539.35,1539.35,0
2026-04-23 14:49:00,1539.4,1539.4,1538.8,1538.85,0
2026-04-23 14:50:00,1538.8,1539.7,1538.8,1539.7,0
2026-04-23 14:51:00,1539.7,1539.75,1539.15,1539.15,0
2026-04-23 14:52:00,1539.15,1539.65,1538.95,1539.6,0
2026-04-23 14:53:00,1539.65,1539.7,1538.85,1539.25,0
2026-04-23 14:54:00,1539.35,1539.55,1539.1,1539.25,0
2026-04-23 14:55:00,1539.3,1539.5,1539.25,1539.45,0
2026-04-23 14:56:00,1539.55,1539.55,1539.35,1539.45,0
2026-04-23 14:57:00,1539.5,1539.5,1538.95,1539.05,0
2026-04-23 14:58:00,1539.1,1539.15,1538.95,1539.05,0
2026-04-23 14:59:00,1539.2,1539.25,1538.6,1539.2,0
2026-04-23 15:00:00,1539.3,1539.7,1539.3,1539.6,0
2026-04-23 15:01:00,1539.6,1540.7,1539.6,1540.65,0
2026-04-23 15:02:00,1540.65,1541.8,1540.65,1540.65,0
2026-04-23 15:03:00,1540.65,1540.85,1540.2,1540.5,0
2026-04-23 15:04:00,1540.5,1540.6,1539.85,1540.1,0
2026-04-23 15:05:00,1540.1,1540.7,1540.05,1540.55,0
2026-04-23 15:06:00,1540.55,1540.65,1539.8,1539.85,0
2026-04-23 15:07:00,1539.85,1539.95,1539.5,1539.55,0
2026-04-23 15:08:00,1539.55,1539.65,1539.4,1539.55,0
2026-04-23 15:09:00,1539.55,1539.85,1539.55,1539.7,0
2026-04-23 15:10:00,1539.7,1539.9,1539.1,1539.15,0
2026-04-23 15:11:00,1539.15,1539.25,1538.95,1539.0,0
2026-04-23 15:12:00,1539.0,1539.05,1538.15,1538.2,0
2026-04-23 15:13:00,1538.2,1538.55,1538.05,1538.4,0
2026-04-23 15:14:00,1538.4,1538.55,1538.15,1538.15,0
2026-04-23 15:15:00,1538.15,1538.45,1538.0,1538.15,0
2026-04-23 15:16:00,1538.15,1538.2,1537.6,1537.75,0
2026-04-23 15:17:00,1537.75,1538.2,1537.75,1537.9,0
2026-04-23 15:18:00,1537.9,1538.0,1537.6,1537.6,0
2026-04-23 15:19:00,1537.6,1538.05,1537.6,1537.95,0
2026-04-23 15:20:00,1537.95,1538.5,1537.75,1538.45,0
2026-04-23 15:21:00,1538.45,1538.8,1538.45,1538.7,0
2026-04-23 15:22:00,1538.7,1538.8,1538.2,1538.2,0
2026-04-23 15:23:00,1538.2,1538.5,1538.2,1538.35,0
2026-04-23 15:24:00,1538.35,1538.45,1538.1,1538.15,0
2026-04-23 15:25:00,1538.15,1538.6,1537.7,1538.0,0
2026-04-23 15:26:00,1538.0,1538.05,1537.75,1538.05,0
2026-04-23 15:27:00,1538.05,1538.35,1537.95,1538.15,0
2026-04-23 15:28:00,1538.15,1538.3,1537.95,1537.95,0
2026-04-23 15:29:00,1537.95,1538.25,1537.65,1538.15,0
2026-04-24 09:15:00,1536.3,1541.5,1535.4,1538.4,0
2026-04-24 09:16:00,1538.35,1538.45,1536.2,1537.3,0
2026-04-24 09:17:00,1537.35,1537.5,1533.9,1535.3,0
2026-04-24 09:18:00,1535.4,1537.0,1535.4,1536.5,0
2026-04-24 09:19:00,1536.65,1537.75,1535.85,1536.5,0
2026-04-24 09:20:00,1536.4,1536.4,1533.55,1533.55,0
2026-04-24 09:21:00,1533.4,1534.6,1532.95,1533.7,0
2026-04-24 09:22:00,1533.7,1535.6,1533.7,1535.5,0
2026-04-24 09:23:00,1535.5,1536.55,1535.35,1535.4,0
2026-04-24 09:24:00,1535.4,1535.5,1534.65,1534.9,0
2026-04-24 09:25:00,1534.9,1534.9,1533.95,1534.2,0
2026-04-24 09:26:00,1534.2,1534.2,1533.35,1533.35,0
2026-04-24 09:27:00,1533.4,1533.4,1532.5,1532.75,0
2026-04-24 09:28:00,1532.75,1533.0,1532.1,1532.2,0
2026-04-24 09:29:00,1532.2,1532.45,1531.85,1531.95,0
2026-04-24 09:30:00,1531.9,1532.85,1530.75,1532.1,0
2026-04-24 09:31:00,1532.1,1532.45,1531.5,1531.5,0
2026-04-24 09:32:00,1531.5,1531.6,1529.55,1529.7,0
2026-04-24 09:33:00,1529.7,1530.0,1529.3,1529.85,0
2026-04-24 09:34:00,1529.85,1530.1,1528.3,1528.7,0
2026-04-24 09:35:00,1528.7,1529.3,1528.25,1529.25,0
2026-04-24 09:36:00,1529.25,1529.25,1527.8,1527.8,0
2026-04-24 09:37:00,1527.8,1528.55,1527.15,1528.05,0
2026-04-24 09:38:00,1528.0,1528.1,1527.6,1527.85,0
2026-04-24 09:39:00,1527.85,1528.05,1527.05,1527.05,0
2026-04-24 09:40:00,1527.05,1527.65,1526.4,1527.45,0
2026-04-24 09:41:00,1527.45,1527.45,1526.75,1527.0,0
2026-04-24 09:42:00,1526.95,1527.7,1526.95,1527.6,0
2026-04-24 09:43:00,1527.6,1527.75,1526.55,1526.75,0
2026-04-24 09:44:00,1526.75,1527.1,1526.6,1526.9,0
2026-04-24 09:45:00,1526.9,1526.9,1525.6,1525.6,0
2026-04-24 09:46:00,1525.6,1525.75,1525.05,1525.25,0
2026-04-24 09:47:00,1525.25,1525.4,1524.85,1524.85,0
2026-04-24 09:48:00,1524.95,1526.25,1524.95,1525.75,0
2026-04-24 09:49:00,1525.7,1526.15,1525.55,1526.15,0
2026-04-24 09:50:00,1526.2,1526.2,1524.95,1525.05,0
2026-04-24 09:51:00,1525.0,1526.85,1525.0,1526.75,0
2026-04-24 09:52:00,1526.7,1526.9,1526.1,1526.1,0
2026-04-24 09:53:00,1526.1,1526.15,1525.65,1525.75,0
2026-04-24 09:54:00,1525.7,1525.7,1524.35,1524.45,0
2026-04-24 09:55:00,1524.4,1524.65,1523.65,1524.6,0
2026-04-24 09:56:00,1524.6,1524.85,1524.3,1524.35,0
2026-04-24 09:57:00,1524.3,1524.35,1524.1,1524.25,0
2026-04-24 09:58:00,1524.25,1524.45,1523.95,1524.4,0
2026-04-24 09:59:00,1524.4,1524.9,1524.4,1524.45,0
2026-04-24 10:00:00,1524.45,1525.85,1524.45,1525.8,0
2026-04-24 10:01:00,1525.9,1526.75,1525.85,1526.65,0
2026-04-24 10:02:00,1526.7,1526.85,1526.0,1526.25,0
2026-04-24 10:03:00,1526.2,1527.1,1526.2,1526.8,0
2026-04-24 10:04:00,1526.85,1527.25,1526.8,1527.1,0
2026-04-24 10:05:00,1527.15,1527.8,1527.15,1527.5,0
2026-04-24 10:06:00,1527.5,1527.95,1527.35,1527.95,0
2026-04-24 10:07:00,1527.95,1528.05,1527.45,1527.45,0
2026-04-24 10:08:00,1527.45,1527.6,1527.1,1527.55,0
2026-04-24 10:09:00,1527.55,1527.55,1527.0,1527.0,0
2026-04-24 10:10:00,1527.0,1527.35,1526.35,1527.1,0
2026-04-24 10:11:00,1527.15,1527.6,1527.05,1527.5,0
2026-04-24 10:12:00,1527.5,1527.8,1527.3,1527.8,0
2026-04-24 10:13:00,1527.8,1527.9,1527.55,1527.55,0
2026-04-24 10:14:00,1527.55,1527.6,1527.35,1527.35,0
2026-04-24 10:15:00,1527.2,1527.2,1526.55,1526.6,0
2026-04-24 10:16:00,1526.6,1526.7,1526.35,1526.35,0
2026-04-24 10:17:00,1526.35,1526.55,1526.15,1526.45,0
2026-04-24 10:18:00,1526.45,1526.7,1526.1,1526.55,0
2026-04-24 10:19:00,1526.55,1526.65,1525.7,1525.9,0
2026-04-24 10:20:00,1525.9,1526.05,1525.4,1525.45,0
2026-04-24 10:21:00,1525.4,1525.4,1524.85,1524.85,0
2026-04-24 10:22:00,1524.9,1525.1,1524.8,1524.85,0
2026-04-24 10:23:00,1524.85,1524.85,1524.35,1524.5,0
2026-04-24 10:24:00,1524.5,1524.65,1523.75,1523.75,0
2026-04-24 10:25:00,1523.8,1524.5,1523.45,1524.45,0
2026-04-24 10:26:00,1524.5,1525.05,1524.45,1524.8,0
2026-04-24 10:27:00,1524.75,1524.9,1524.6,1524.65,0
2026-04-24 10:28:00,1524.6,1524.7,1524.25,1524.6,0
2026-04-24 10:29:00,1524.6,1524.7,1524.5,1524.65,0
2026-04-24 10:30:00,1524.5,1524.6,1524.15,1524.55,0
2026-04-24 10:31:00,1524.55,1524.9,1524.4,1524.45,0
2026-04-24 10:32:00,1524.45,1524.45,1523.95,1524.25,0
2026-04-24 10:33:00,1524.25,1524.5,1524.25,1524.45,0
2026-04-24 10:34:00,1524.45,1524.8,1524.4,1524.4,0
2026-04-24 10:35:00,1524.45,1524.55,1524.0,1524.1,0
2026-04-24 10:36:00,1524.05,1524.1,1523.6,1524.05,0
2026-04-24 10:37:00,1524.0,1524.4,1524.0,1524.1,0
2026-04-24 10:38:00,1524.15,1524.25,1523.6,1523.6,0
2026-04-24 10:39:00,1523.7,1523.85,1523.25,1523.8,0
2026-04-24 10:40:00,1523.85,1524.05,1523.5,1524.05,0
2026-04-24 10:41:00,1524.05,1524.05,1523.25,1523.25,0
2026-04-24 10:42:00,1523.2,1523.25,1522.7,1522.9,0
2026-04-24 10:43:00,1522.9,1523.05,1522.65,1522.75,0
2026-04-24 10:44:00,1522.7,1522.75,1522.15,1522.2,0
2026-04-24 10:45:00,1522.2,1522.6,1522.05,1522.55,0
2026-04-24 10:46:00,1522.45,1522.55,1522.15,1522.25,0
2026-04-24 10:47:00,1522.25,1522.3,1521.55,1521.65,0
2026-04-24 10:48:00,1521.65,1521.65,1520.95,1521.2,0
2026-04-24 10:49:00,1521.2,1521.25,1520.75,1521.05,0
2026-04-24 10:50:00,1521.1,1521.6,1520.95,1521.45,0
2026-04-24 10:51:00,1521.45,1522.3,1521.45,1521.75,0
2026-04-24 10:52:00,1521.75,1522.2,1521.75,1521.9,0
2026-04-24 10:53:00,1521.95,1522.2,1521.8,1521.8,0
2026-04-24 10:54:00,1521.85,1522.2,1521.85,1522.05,0
2026-04-24 10:55:00,1522.15,1522.25,1521.95,1522.1,0
2026-04-24 10:56:00,1522.1,1522.15,1521.9,1522.0,0
2026-04-24 10:57:00,1522.0,1522.0,1521.2,1521.2,0
2026-04-24 10:58:00,1521.15,1521.3,1520.9,1521.2,0
2026-04-24 10:59:00,1521.1,1521.2,1520.65,1520.7,0
2026-04-24 11:00:00,1520.7,1520.75,1520.05,1520.25,0
2026-04-24 11:01:00,1520.2,1520.25,1519.8,1519.8,0
2026-04-24 11:02:00,1519.85,1520.25,1519.75,1520.15,0
2026-04-24 11:03:00,1520.1,1520.5,1519.9,1520.35,0
2026-04-24 11:04:00,1520.4,1520.7,1520.3,1520.3,0
2026-04-24 11:05:00,1520.35,1520.95,1520.25,1520.9,0
2026-04-24 11:06:00,1520.95,1521.3,1520.8,1521.15,0
2026-04-24 11:07:00,1521.1,1521.3,1520.4,1520.45,0
2026-04-24 11:08:00,1520.45,1520.65,1520.3,1520.5,0
2026-04-24 11:09:00,1520.5,1520.55,1519.95,1519.95,0
2026-04-24 11:10:00,1519.95,1520.35,1519.95,1520.25,0
2026-04-24 11:11:00,1520.25,1520.3,1519.9,1520.0,0
2026-04-24 11:12:00,1519.95,1519.95,1519.4,1519.65,0
2026-04-24 11:13:00,1519.6,1519.7,1519.5,1519.6,0
2026-04-24 11:14:00,1519.65,1519.8,1519.55,1519.6,0
2026-04-24 11:15:00,1519.6,1519.65,1519.25,1519.45,0
2026-04-24 11:16:00,1519.4,1519.6,1519.05,1519.05,0
2026-04-24 11:17:00,1519.05,1519.1,1518.7,1518.8,0
2026-04-24 11:18:00,1518.8,1519.7,1518.8,1519.55,0
2026-04-24 11:19:00,1519.55,1520.05,1519.4,1519.85,0
2026-04-24 11:20:00,1519.8,1520.45,1519.7,1520.45,0
2026-04-24 11:21:00,1520.4,1520.65,1520.25,1520.45,0
2026-04-24 11:22:00,1520.4,1521.0,1520.4,1520.95,0
2026-04-24 11:23:00,1521.0,1521.05,1520.55,1520.7,0
2026-04-24 11:24:00,1520.75,1520.85,1520.55,1520.6,0
2026-04-24 11:25:00,1520.6,1521.1,1520.45,1521.0,0
2026-04-24 11:26:00,1520.95,1521.3,1520.8,1521.1,0
2026-04-24 11:27:00,1521.05,1521.05,1520.7,1520.75,0
2026-04-24 11:28:00,1520.75,1520.85,1520.5,1520.65,0
2026-04-24 11:29:00,1520.65,1520.65,1520.3,1520.45,0
2026-04-24 11:30:00,1520.45,1520.9,1520.4,1520.9,0
2026-04-24 11:31:00,1520.85,1521.05,1520.75,1521.0,0
2026-04-24 11:32:00,1520.95,1521.3,1520.95,1521.3,0
2026-04-24 11:33:00,1521.3,1521.75,1521.3,1521.75,0
2026-04-24 11:34:00,1521.7,1521.75,1521.3,1521.3,0
2026-04-24 11:35:00,1521.25,1521.45,1521.1,1521.15,0
2026-04-24 11:36:00,1521.1,1521.15,1520.7,1520.8,0
2026-04-24 11:37:00,1520.75,1520.75,1520.3,1520.35,0
2026-04-24 11:38:00,1520.35,1520.95,1520.35,1520.95,0
2026-04-24 11:39:00,1520.9,1520.95,1520.65,1520.9,0
2026-04-24 11:40:00,1520.9,1520.95,1520.25,1520.35,0
2026-04-24 11:41:00,1520.3,1520.4,1520.0,1520.1,0
2026-04-24 11:42:00,1520.1,1520.2,1519.9,1520.15,0
2026-04-24 11:43:00,1520.15,1520.6,1520.15,1520.3,0
2026-04-24 11:44:00,1520.3,1520.4,1520.1,1520.3,0
2026-04-24 11:45:00,1520.3,1520.3,1519.6,1519.7,0
2026-04-24 11:46:00,1519.75,1520.25,1519.7,1520.1,0
2026-04-24 11:47:00,1520.1,1520.1,1519.6,1519.6,0
2026-04-24 11:48:00,1519.6,1519.6,1519.2,1519.2,0
2026-04-24 11:49:00,1519.25,1519.25,1518.85,1518.95,0
2026-04-24 11:50:00,1518.95,1518.95,1518.2,1518.25,0
2026-04-24 11:51:00,1518.25,1518.4,1518.05,1518.1,0
2026-04-24 11:52:00,1518.1,1518.2,1517.85,1518.1,0
2026-04-24 11:53:00,1518.15,1518.25,1517.95,1518.0,0
2026-04-24 11:54:00,1518.0,1518.15,1517.85,1517.9,0
2026-04-24 11:55:00,1517.9,1518.1,1517.65,1517.75,0
2026-04-24 11:56:00,1517.75,1518.25,1517.75,1518.2,0
2026-04-24 11:57:00,1518.25,1518.4,1518.05,1518.2,0
2026-04-24 11:58:00,1518.2,1518.2,1517.85,1517.9,0
2026-04-24 11:59:00,1517.9,1518.05,1517.85,1517.9,0
2026-04-24 12:00:00,1517.95,1518.0,1517.55,1517.65,0
2026-04-24 12:01:00,1517.6,1518.1,1517.55,1518.1,0
2026-04-24 12:02:00,1518.1,1518.3,1517.9,1518.25,0
2026-04-24 12:03:00,1518.25,1518.3,1517.9,1518.05,0
2026-04-24 12:04:00,1518.0,1518.45,1517.8,1518.35,0
2026-04-24 12:05:00,1518.35,1518.65,1518.25,1518.35,0
2026-04-24 12:06:00,1518.4,1518.6,1518.4,1518.4,0
2026-04-24 12:07:00,1518.4,1518.45,1518.25,1518.35,0
2026-04-24 12:08:00,1518.35,1519.05,1518.25,1519.0,0
2026-04-24 12:09:00,1519.05,1519.35,1519.05,1519.2,0
2026-04-24 12:10:00,1519.25,1519.8,1519.1,1519.8,0
2026-04-24 12:11:00,1519.8,1520.0,1519.4,1519.7,0
2026-04-24 12:12:00,1519.7,1519.85,1519.55,1519.85,0
2026-04-24 12:13:00,1519.85,1520.15,1519.85,1520.05,0
2026-04-24 12:14:00,1520.05,1520.7,1520.0,1520.6,0
2026-04-24 12:15:00,1520.6,1520.85,1520.05,1520.1,0
2026-04-24 12:16:00,1520.05,1520.5,1520.0,1520.3,0
2026-04-24 12:17:00,1520.3,1520.65,1520.3,1520.5,0
2026-04-24 12:18:00,1520.5,1520.55,1520.05,1520.2,0
2026-04-24 12:19:00,1520.2,1520.75,1520.2,1520.5,0
2026-04-24 12:20:00,1520.5,1520.6,1519.65,1519.75,0
2026-04-24 12:21:00,1519.7,1519.9,1519.4,1519.85,0
2026-04-24 12:22:00,1519.85,1519.9,1519.0,1519.05,0
2026-04-24 12:23:00,1519.05,1519.05,1518.65,1518.7,0
2026-04-24 12:24:00,1518.7,1518.7,1518.2,1518.2,0
2026-04-24 12:25:00,1518.25,1518.25,1517.3,1517.45,0
2026-04-24 12:26:00,1517.45,1518.05,1517.4,1517.8,0
2026-04-24 12:27:00,1517.8,1517.85,1517.4,1517.45,0
2026-04-24 12:28:00,1517.45,1517.5,1517.1,1517.45,0
2026-04-24 12:29:00,1517.45,1517.75,1517.3,1517.3,0
2026-04-24 12:30:00,1517.3,1517.6,1517.2,1517.45,0
2026-04-24 12:31:00,1517.45,1517.75,1517.4,1517.55,0
2026-04-24 12:32:00,1517.5,1517.8,1517.5,1517.7,0
2026-04-24 12:33:00,1517.65,1518.4,1517.65,1518.4,0
2026-04-24 12:34:00,1518.4,1518.6,1518.2,1518.55,0
2026-04-24 12:35:00,1518.55,1518.65,1518.1,1518.1,0
2026-04-24 12:36:00,1518.15,1518.35,1517.8,1517.8,0
2026-04-24 12:37:00,1517.8,1518.2,1517.8,1518.15,0
2026-04-24 12:38:00,1518.15,1519.05,1518.15,1518.85,0
2026-04-24 12:39:00,1518.9,1519.05,1518.4,1518.65,0
2026-04-24 12:40:00,1518.6,1518.75,1518.45,1518.5,0
2026-04-24 12:41:00,1518.5,1519.1,1518.45,1518.85,0
2026-04-24 12:42:00,1518.8,1518.95,1518.55,1518.95,0
2026-04-24 12:43:00,1518.95,1518.95,1518.15,1518.15,0
2026-04-24 12:44:00,1518.15,1518.35,1517.4,1517.45,0
2026-04-24 12:45:00,1517.4,1517.95,1517.4,1517.95,0
2026-04-24 12:46:00,1518.0,1518.45,1517.95,1518.4,0
2026-04-24 12:47:00,1518.45,1518.9,1518.4,1518.85,0
2026-04-24 12:48:00,1518.9,1519.25,1518.9,1519.2,0
2026-04-24 12:49:00,1519.15,1519.3,1518.8,1518.9,0
2026-04-24 12:50:00,1518.9,1519.7,1518.9,1519.65,0
2026-04-24 12:51:00,1519.6,1519.65,1518.75,1519.0,0
2026-04-24 12:52:00,1518.95,1519.25,1518.95,1519.15,0
2026-04-24 12:53:00,1519.15,1519.9,1519.15,1519.8,0
2026-04-24 12:54:00,1519.8,1519.8,1519.45,1519.5,0
2026-04-24 12:55:00,1519.45,1519.8,1519.45,1519.8,0
2026-04-24 12:56:00,1519.8,1520.25,1519.75,1520.2,0
2026-04-24 12:57:00,1520.2,1520.3,1519.6,1519.6,0
2026-04-24 12:58:00,1519.6,1519.7,1519.05,1519.2,0
2026-04-24 12:59:00,1519.2,1519.75,1519.1,1519.55,0
2026-04-24 13:00:00,1519.55,1519.65,1518.95,1519.0,0
2026-04-24 13:01:00,1519.0,1519.0,1518.2,1518.3,0
2026-04-24 13:02:00,1518.3,1518.85,1518.3,1518.4,0
2026-04-24 13:03:00,1518.4,1518.4,1517.9,1517.95,0
2026-04-24 13:04:00,1518.0,1518.0,1517.7,1517.7,0
2026-04-24 13:05:00,1517.65,1517.85,1517.55,1517.7,0
2026-04-24 13:06:00,1517.7,1517.8,1517.5,1517.6,0
2026-04-24 13:07:00,1517.55,1518.15,1517.55,1517.9,0
2026-04-24 13:08:00,1517.9,1517.95,1517.75,1517.9,0
2026-04-24 13:09:00,1517.9,1517.95,1517.35,1517.4,0
2026-04-24 13:10:00,1517.4,1517.4,1517.05,1517.3,0
2026-04-24 13:11:00,1517.35,1517.5,1517.25,1517.35,0
2026-04-24 13:12:00,1517.3,1517.45,1516.9,1516.9,0
2026-04-24 13:13:00,1517.0,1517.0,1516.5,1516.55,0
2026-04-24 13:14:00,1516.5,1516.85,1515.9,1516.8,0
2026-04-24 13:15:00,1516.8,1516.85,1516.35,1516.4,0
2026-04-24 13:16:00,1516.4,1516.6,1516.2,1516.2,0
2026-04-24 13:17:00,1516.15,1516.5,1516.15,1516.25,0
2026-04-24 13:18:00,1516.25,1516.8,1516.25,1516.75,0
2026-04-24 13:19:00,1516.7,1517.1,1516.5,1517.05,0
2026-04-24 13:20:00,1517.1,1517.5,1517.05,1517.3,0
2026-04-24 13:21:00,1517.35,1517.35,1516.7,1516.85,0
2026-04-24 13:22:00,1516.8,1517.55,1516.8,1517.4,0
2026-04-24 13:23:00,1517.4,1517.4,1517.15,1517.2,0
2026-04-24 13:24:00,1517.15,1517.15,1516.9,1517.05,0
2026-04-24 13:25:00,1517.0,1517.1,1516.85,1517.0,0
2026-04-24 13:26:00,1517.05,1517.35,1517.0,1517.35,0
2026-04-24 13:27:00,1517.35,1517.45,1517.3,1517.4,0
2026-04-24 13:28:00,1517.35,1517.4,1517.1,1517.3,0
2026-04-24 13:29:00,1517.25,1517.95,1517.25,1517.9,0
2026-04-24 13:30:00,1517.9,1517.95,1517.15,1517.2,0
2026-04-24 13:31:00,1517.2,1517.55,1517.2,1517.2,0
2026-04-24 13:32:00,1517.15,1517.2,1516.6,1516.65,0
2026-04-24 13:33:00,1516.6,1516.9,1516.5,1516.75,0
2026-04-24 13:34:00,1516.75,1516.75,1516.15,1516.3,0
2026-04-24 13:35:00,1516.3,1516.95,1516.15,1516.6,0
2026-04-24 13:36:00,1516.55,1516.65,1516.1,1516.15,0
2026-04-24 13:37:00,1516.15,1516.2,1515.9,1515.9,0
2026-04-24 13:38:00,1515.9,1516.0,1515.45,1515.5,0
2026-04-24 13:39:00,1515.55,1515.55,1515.05,1515.35,0
2026-04-24 13:40:00,1515.35,1515.35,1515.1,1515.25,0
2026-04-24 13:41:00,1515.3,1515.8,1515.05,1515.1,0
2026-04-24 13:42:00,1515.1,1515.1,1514.9,1515.05,0
2026-04-24 13:43:00,1515.05,1515.1,1514.4,1514.5,0
2026-04-24 13:44:00,1514.55,1515.25,1514.4,1514.6,0
2026-04-24 13:45:00,1514.6,1515.5,1514.6,1515.5,0
2026-04-24 13:46:00,1515.5,1516.35,1515.5,1516.1,0
2026-04-24 13:47:00,1516.05,1516.05,1515.7,1515.9,0
2026-04-24 13:48:00,1515.9,1516.15,1515.45,1515.55,0
2026-04-24 13:49:00,1515.55,1516.2,1515.5,1515.75,0
2026-04-24 13:50:00,1515.8,1516.4,1515.65,1516.35,0
2026-04-24 13:51:00,1516.35,1516.6,1516.3,1516.3,0
2026-04-24 13:52:00,1516.3,1516.4,1516.1,1516.25,0
2026-04-24 13:53:00,1516.2,1516.3,1516.0,1516.2,0
2026-04-24 13:54:00,1516.2,1516.8,1516.15,1516.6,0
2026-04-24 13:55:00,1516.6,1516.7,1516.35,1516.5,0
2026-04-24 13:56:00,1516.5,1516.55,1516.3,1516.45,0
2026-04-24 13:57:00,1516.45,1516.45,1515.55,1515.65,0
2026-04-24 13:58:00,1515.65,1516.2,1515.5,1516.15,0
2026-04-24 13:59:00,1516.2,1516.5,1516.15,1516.2,0
2026-04-24 14:00:00,1516.25,1516.45,1516.05,1516.35,0
2026-04-24 14:01:00,1516.4,1516.55,1516.1,1516.4,0
2026-04-24 14:02:00,1516.45,1516.5,1516.2,1516.35,0
2026-04-24 14:03:00,1516.4,1516.55,1516.25,1516.35,0
2026-04-24 14:04:00,1516.3,1516.55,1515.9,1516.05,0
2026-04-24 14:05:00,1516.1,1516.15,1515.65,1515.75,0
2026-04-24 14:06:00,1515.7,1515.8,1514.55,1514.7,0
2026-04-24 14:07:00,1514.65,1515.4,1514.65,1515.25,0
2026-04-24 14:08:00,1515.3,1515.95,1515.2,1515.9,0
2026-04-24 14:09:00,1516.0,1516.6,1515.95,1516.2,0
2026-04-24 14:10:00,1516.2,1516.5,1516.1,1516.2,0
2026-04-24 14:11:00,1516.3,1516.55,1516.2,1516.35,0
2026-04-24 14:12:00,1516.45,1516.9,1516.45,1516.9,0
2026-04-24 14:13:00,1516.9,1517.05,1516.7,1516.95,0
2026-04-24 14:14:00,1516.95,1517.0,1516.55,1516.7,0
2026-04-24 14:15:00,1516.7,1516.85,1516.65,1516.7,0
2026-04-24 14:16:00,1516.65,1517.9,1516.6,1517.9,0
2026-04-24 14:17:00,1517.95,1518.2,1517.55,1517.65,0
2026-04-24 14:18:00,1517.6,1518.05,1517.05,1518.05,0
2026-04-24 14:19:00,1518.0,1518.25,1517.85,1518.1,0
2026-04-24 14:20:00,1518.1,1518.35,1517.95,1518.35,0
2026-04-24 14:21:00,1518.35,1518.8,1518.35,1518.75,0
2026-04-24 14:22:00,1518.75,1519.6,1518.75,1519.4,0
2026-04-24 14:23:00,1519.35,1519.45,1519.25,1519.3,0
2026-04-24 14:24:00,1519.25,1519.35,1518.75,1518.75,0
2026-04-24 14:25:00,1518.7,1519.05,1518.5,1519.0,0
2026-04-24 14:26:00,1519.0,1519.55,1519.0,1519.45,0
2026-04-24 14:27:00,1519.45,1519.85,1519.25,1519.85,0
2026-04-24 14:28:00,1519.8,1520.05,1519.7,1519.95,0
2026-04-24 14:29:00,1519.95,1520.4,1519.95,1520.25,0
2026-04-24 14:30:00,1520.2,1521.5,1520.1,1521.45,0
2026-04-24 14:31:00,1521.45,1521.9,1521.4,1521.9,0
2026-04-24 14:32:00,1521.9,1521.9,1520.9,1520.9,0
2026-04-24 14:33:00,1520.85,1521.4,1520.8,1521.25,0
2026-04-24 14:34:00,1521.2,1521.4,1521.1,1521.35,0
2026-04-24 14:35:00,1521.35,1522.1,1521.35,1522.1,0
2026-04-24 14:36:00,1522.1,1522.6,1522.1,1522.4,0
2026-04-24 14:37:00,1522.4,1522.4,1521.35,1521.35,0
2026-04-24 14:38:00,1521.35,1522.05,1521.35,1522.05,0
2026-04-24 14:39:00,1522.05,1522.35,1521.95,1522.0,0
2026-04-24 14:40:00,1522.05,1522.3,1522.0,1522.25,0
2026-04-24 14:41:00,1522.2,1522.3,1521.6,1521.6,0
2026-04-24 14:42:00,1521.6,1522.45,1521.6,1522.15,0
2026-04-24 14:43:00,1522.1,1522.25,1521.8,1522.15,0
2026-04-24 14:44:00,1522.1,1522.65,1522.0,1522.65,0
2026-04-24 14:45:00,1522.6,1522.9,1522.55,1522.8,0
2026-04-24 14:46:00,1522.75,1522.8,1521.7,1521.9,0
2026-04-24 14:47:00,1521.9,1522.55,1521.85,1522.35,0
2026-04-24 14:48:00,1522.3,1522.35,1521.95,1522.05,0
2026-04-24 14:49:00,1522.05,1522.45,1521.95,1522.4,0
2026-04-24 14:50:00,1522.35,1522.5,1522.05,1522.15,0
2026-04-24 14:51:00,1522.15,1522.9,1522.1,1522.9,0
2026-04-24 14:52:00,1522.9,1523.0,1521.1,1521.7,0
2026-04-24 14:53:00,1521.7,1522.35,1521.6,1521.9,0
2026-04-24 14:54:00,1521.85,1522.05,1521.55,1521.85,0
2026-04-24 14:55:00,1521.85,1521.95,1521.4,1521.45,0
2026-04-24 14:56:00,1521.5,1521.85,1521.5,1521.7,0
2026-04-24 14:57:00,1521.7,1521.95,1521.5,1521.9,0
2026-04-24 14:58:00,1521.85,1522.3,1521.8,1522.25,0
2026-04-24 14:59:00,1522.25,1522.4,1521.9,1521.95,0
2026-04-24 15:00:00,1521.95,1521.95,1520.75,1521.0,0
2026-04-24 15:01:00,1521.0,1521.0,1520.05,1520.15,0
2026-04-24 15:02:00,1520.15,1520.15,1519.8,1520.15,0
2026-04-24 15:03:00,1520.15,1520.4,1519.45,1519.45,0
2026-04-24 15:04:00,1519.45,1519.45,1518.65,1518.7,0
2026-04-24 15:05:00,1518.7,1518.75,1518.25,1518.45,0
2026-04-24 15:06:00,1518.45,1519.55,1518.35,1519.3,0
2026-04-24 15:07:00,1519.3,1520.15,1519.25,1519.95,0
2026-04-24 15:08:00,1519.95,1520.2,1519.7,1520.15,0
2026-04-24 15:09:00,1520.15,1520.6,1520.05,1520.4,0
2026-04-24 15:10:00,1520.4,1520.65,1519.5,1519.6,0
2026-04-24 15:11:00,1519.6,1520.05,1519.5,1519.7,0
2026-04-24 15:12:00,1519.7,1520.05,1519.6,1519.8,0
2026-04-24 15:13:00,1519.8,1520.3,1519.75,1520.15,0
2026-04-24 15:14:00,1520.15,1520.5,1520.15,1520.45,0
2026-04-24 15:15:00,1520.45,1521.05,1520.4,1521.05,0
2026-04-24 15:16:00,1521.05,1521.85,1521.0,1521.85,0
2026-04-24 15:17:00,1521.85,1522.45,1521.8,1522.3,0
2026-04-24 15:18:00,1522.3,1522.3,1521.7,1521.8,0
2026-04-24 15:19:00,1521.8,1522.0,1521.7,1521.95,0
2026-04-24 15:20:00,1521.95,1522.1,1521.6,1521.65,0
2026-04-24 15:21:00,1521.65,1521.7,1520.95,1521.0,0
2026-04-24 15:22:00,1521.0,1521.15,1520.8,1520.85,0
2026-04-24 15:23:00,1520.85,1521.1,1520.75,1521.0,0
2026-04-24 15:24:00,1521.0,1521.55,1520.95,1521.45,0
2026-04-24 15:25:00,1521.45,1521.65,1520.75,1521.1,0
2026-04-24 15:26:00,1521.1,1521.35,1521.0,1521.3,0
2026-04-24 15:27:00,1521.3,1521.45,1521.2,1521.3,0
2026-04-24 15:28:00,1521.3,1521.5,1521.15,1521.4,0
2026-04-24 15:29:00,1521.4,1521.6,1521.15,1521.3,0
2026-04-27 09:15:00,1524.6,1530.4,1524.1,1530.4,0
2026-04-27 09:16:00,1530.05,1530.6,1528.5,1530.35,0
2026-04-27 09:17:00,1530.5,1530.65,1527.4,1529.5,0
2026-04-27 09:18:00,1529.45,1532.25,1529.45,1531.7,0
2026-04-27 09:19:00,1531.85,1532.1,1529.75,1530.6,0
2026-04-27 09:20:00,1530.6,1532.7,1530.6,1532.6,0
2026-04-27 09:21:00,1532.4,1534.05,1532.4,1534.05,0
2026-04-27 09:22:00,1533.95,1534.4,1533.7,1534.1,0
2026-04-27 09:23:00,1534.05,1534.05,1532.65,1532.8,0
2026-04-27 09:24:00,1532.65,1532.7,1531.9,1531.95,0
2026-04-27 09:25:00,1531.8,1532.85,1531.8,1532.25,0
2026-04-27 09:26:00,1532.25,1532.4,1530.25,1530.6,0
2026-04-27 09:27:00,1530.45,1532.15,1530.45,1531.8,0
2026-04-27 09:28:00,1531.7,1532.0,1531.6,1531.8,0
2026-04-27 09:29:00,1531.7,1531.7,1530.0,1530.9,0
2026-04-27 09:30:00,1531.0,1532.1,1530.7,1531.2,0
2026-04-27 09:31:00,1531.2,1531.95,1531.05,1531.9,0
2026-04-27 09:32:00,1531.8,1532.05,1530.5,1530.8,0
2026-04-27 09:33:00,1530.7,1530.8,1529.75,1530.4,0
2026-04-27 09:34:00,1530.4,1531.1,1529.05,1529.45,0
2026-04-27 09:35:00,1529.45,1531.0,1529.3,1530.8,0
2026-04-27 09:36:00,1530.8,1531.45,1530.65,1531.25,0
2026-04-27 09:37:00,1531.1,1531.15,1529.85,1530.6,0
2026-04-27 09:38:00,1530.55,1530.55,1529.55,1530.4,0
2026-04-27 09:39:00,1530.45,1530.8,1529.65,1529.75,0
2026-04-27 09:40:00,1529.75,1531.05,1529.65,1531.05,0
2026-04-27 09:41:00,1531.05,1531.55,1530.5,1530.5,0
2026-04-27 09:42:00,1530.55,1530.9,1530.25,1530.85,0
2026-04-27 09:43:00,1530.85,1532.6,1530.75,1532.6,0
2026-04-27 09:44:00,1532.65,1532.75,1532.1,1532.75,0
2026-04-27 09:45:00,1532.8,1534.05,1532.75,1534.0,0
2026-04-27 09:46:00,1534.0,1534.7,1533.85,1534.55,0
2026-04-27 09:47:00,1534.55,1534.55,1533.85,1534.3,0
2026-04-27 09:48:00,1534.3,1535.5,1534.3,1535.2,0
2026-04-27 09:49:00,1535.25,1535.6,1535.0,1535.45,0
2026-04-27 09:50:00,1535.4,1536.25,1535.3,1536.25,0
2026-04-27 09:51:00,1536.2,1536.35,1535.95,1536.2,0
2026-04-27 09:52:00,1536.25,1536.45,1535.85,1536.25,0
2026-04-27 09:53:00,1536.25,1536.25,1535.1,1536.2,0
2026-04-27 09:54:00,1536.15,1537.25,1536.15,1537.15,0
2026-04-27 09:55:00,1537.1,1537.3,1536.9,1537.05,0
2026-04-27 09:56:00,1537.1,1537.4,1536.95,1537.3,0
2026-04-27 09:57:00,1537.15,1537.3,1536.8,1537.25,0
2026-04-27 09:58:00,1537.3,1537.85,1537.2,1537.7,0
2026-04-27 09:59:00,1537.75,1537.8,1537.2,1537.35,0
2026-04-27 10:00:00,1537.25,1537.4,1536.9,1537.15,0
2026-04-27 10:01:00,1537.15,1537.5,1536.4,1537.25,0
2026-04-27 10:02:00,1537.2,1537.25,1536.5,1537.2,0
2026-04-27 10:03:00,1537.2,1537.3,1536.75,1536.95,0
2026-04-27 10:04:00,1537.0,1537.0,1535.9,1535.9,0
2026-04-27 10:05:00,1535.85,1535.85,1535.35,1535.65,0
2026-04-27 10:06:00,1535.65,1535.75,1534.95,1535.7,0
2026-04-27 10:07:00,1535.75,1536.2,1535.5,1535.65,0
2026-04-27 10:08:00,1535.6,1535.95,1535.5,1535.7,0
2026-04-27 10:09:00,1535.65,1535.65,1534.95,1535.05,0
2026-04-27 10:10:00,1535.05,1535.15,1534.7,1534.95,0
2026-04-27 10:11:00,1535.0,1535.15,1534.55,1535.15,0
2026-04-27 10:12:00,1535.0,1535.2,1534.75,1534.8,0
2026-04-27 10:13:00,1534.75,1534.85,1534.0,1534.0,0
2026-04-27 10:14:00,1533.95,1534.1,1533.6,1533.65,0
2026-04-27 10:15:00,1533.65,1535.9,1533.65,1535.85,0
2026-04-27 10:16:00,1535.85,1536.4,1535.85,1536.2,0
2026-04-27 10:17:00,1536.15,1536.45,1535.8,1535.85,0
2026-04-27 10:18:00,1535.85,1536.25,1535.55,1536.25,0
2026-04-27 10:19:00,1536.2,1536.5,1536.1,1536.35,0
2026-04-27 10:20:00,1536.3,1536.3,1535.15,1535.15,0
2026-04-27 10:21:00,1535.15,1535.4,1534.7,1535.1,0
2026-04-27 10:22:00,1535.15,1535.45,1534.95,1535.35,0
2026-04-27 10:23:00,1535.35,1535.4,1534.75,1534.75,0
2026-04-27 10:24:00,1534.8,1535.05,1534.75,1534.85,0
2026-04-27 10:25:00,1534.9,1535.1,1534.25,1534.25,0
2026-04-27 10:26:00,1534.25,1534.4,1533.9,1534.35,0
2026-04-27 10:27:00,1534.4,1534.4,1533.7,1533.75,0
2026-04-27 10:28:00,1533.75,1534.65,1533.65,1534.6,0
2026-04-27 10:29:00,1534.6,1534.8,1534.45,1534.7,0
2026-04-27 10:30:00,1534.7,1535.0,1534.1,1534.15,0
2026-04-27 10:31:00,1534.1,1534.2,1533.0,1533.25,0
2026-04-27 10:32:00,1533.15,1533.3,1532.85,1532.85,0
2026-04-27 10:33:00,1532.85,1532.85,1532.45,1532.75,0
2026-04-27 10:34:00,1532.75,1533.1,1532.6,1533.05,0
2026-04-27 10:35:00,1533.05,1533.15,1532.65,1533.0,0
2026-04-27 10:36:00,1533.0,1533.3,1532.75,1533.25,0
2026-04-27 10:37:00,1533.2,1533.6,1533.05,1533.1,0
2026-04-27 10:38:00,1533.1,1533.4,1533.05,1533.3,0
2026-04-27 10:39:00,1533.3,1533.3,1532.9,1532.9,0
2026-04-27 10:40:00,1532.9,1533.25,1532.85,1533.2,0
2026-04-27 10:41:00,1533.3,1534.0,1533.3,1533.9,0
2026-04-27 10:42:00,1533.85,1534.4,1533.85,1534.1,0
2026-04-27 10:43:00,1534.1,1534.7,1533.8,1534.65,0
2026-04-27 10:44:00,1534.7,1534.7,1534.35,1534.4,0
2026-04-27 10:45:00,1534.35,1534.6,1534.0,1534.1,0
2026-04-27 10:46:00,1534.1,1534.55,1533.5,1534.5,0
2026-04-27 10:47:00,1534.5,1535.25,1534.5,1535.2,0
2026-04-27 10:48:00,1535.25,1535.65,1535.25,1535.65,0
2026-04-27 10:49:00,1535.55,1535.9,1535.55,1535.85,0
2026-04-27 10:50:00,1535.8,1536.1,1535.8,1536.0,0
2026-04-27 10:51:00,1535.95,1536.0,1535.65,1535.8,0
2026-04-27 10:52:00,1535.75,1536.4,1535.75,1536.35,0
2026-04-27 10:53:00,1536.3,1536.6,1536.0,1536.55,0
2026-04-27 10:54:00,1536.5,1536.8,1536.35,1536.35,0
2026-04-27 10:55:00,1536.3,1536.45,1536.2,1536.35,0
2026-04-27 10:56:00,1536.35,1536.5,1536.05,1536.4,0
2026-04-27 10:57:00,1536.3,1536.5,1536.15,1536.4,0
2026-04-27 10:58:00,1536.4,1536.65,1536.1,1536.25,0
2026-04-27 10:59:00,1536.25,1536.35,1536.0,1536.05,0
2026-04-27 11:00:00,1535.95,1536.2,1535.95,1536.1,0
2026-04-27 11:01:00,1536.05,1536.05,1535.45,1535.6,0
2026-04-27 11:02:00,1535.55,1535.85,1535.2,1535.3,0
2026-04-27 11:03:00,1535.15,1535.8,1535.0,1535.8,0
2026-04-27 11:04:00,1535.75,1536.15,1535.55,1535.65,0
2026-04-27 11:05:00,1535.6,1535.95,1535.55,1535.65,0
2026-04-27 11:06:00,1535.55,1535.6,1535.2,1535.25,0
2026-04-27 11:07:00,1535.2,1535.3,1534.75,1535.1,0
2026-04-27 11:08:00,1535.0,1535.0,1534.15,1534.15,0
2026-04-27 11:09:00,1534.05,1534.3,1533.8,1534.0,0
2026-04-27 11:10:00,1533.95,1534.65,1533.95,1534.65,0
2026-04-27 11:11:00,1534.6,1535.05,1534.6,1534.95,0
2026-04-27 11:12:00,1534.85,1535.15,1534.7,1535.15,0
2026-04-27 11:13:00,1535.05,1535.6,1535.05,1535.6,0
2026-04-27 11:14:00,1535.55,1535.7,1535.3,1535.55,0
2026-04-27 11:15:00,1535.55,1536.2,1535.4,1536.15,0
2026-04-27 11:16:00,1536.2,1536.45,1536.05,1536.25,0
2026-04-27 11:17:00,1536.25,1536.7,1536.25,1536.6,0
2026-04-27 11:18:00,1536.55,1536.65,1536.4,1536.45,0
2026-04-27 11:19:00,1536.45,1536.5,1536.1,1536.2,0
2026-04-27 11:20:00,1536.2,1536.25,1535.7,1535.75,0
2026-04-27 11:21:00,1535.8,1535.9,1535.45,1535.75,0
2026-04-27 11:22:00,1535.8,1535.8,1535.35,1535.5,0
2026-04-27 11:23:00,1535.5,1535.9,1535.4,1535.8,0
2026-04-27 11:24:00,1535.85,1535.85,1535.5,1535.55,0
2026-04-27 11:25:00,1535.6,1535.6,1535.1,1535.25,0
2026-04-27 11:26:00,1535.3,1535.35,1534.55,1534.55,0
2026-04-27 11:27:00,1534.6,1534.7,1534.45,1534.7,0
2026-04-27 11:28:00,1534.75,1535.05,1534.45,1534.5,0
2026-04-27 11:29:00,1534.5,1534.6,1534.3,1534.35,0
2026-04-27 11:30:00,1534.35,1534.7,1534.05,1534.1,0
2026-04-27 11:31:00,1534.1,1534.35,1533.9,1534.3,0
2026-04-27 11:32:00,1534.25,1534.4,1533.8,1533.85,0
2026-04-27 11:33:00,1533.85,1533.85,1533.35,1533.45,0
2026-04-27 11:34:00,1533.5,1533.5,1532.85,1533.25,0
2026-04-27 11:35:00,1533.2,1533.2,1532.15,1532.75,0
2026-04-27 11:36:00,1532.75,1533.15,1532.5,1532.65,0
2026-04-27 11:37:00,1532.6,1532.65,1531.85,1531.9,0
2026-04-27 11:38:00,1531.75,1531.95,1531.35,1531.5,0
2026-04-27 11:39:00,1531.35,1532.3,1531.05,1532.1,0
2026-04-27 11:40:00,1532.1,1532.3,1531.85,1532.25,0
2026-04-27 11:41:00,1532.3,1532.55,1532.1,1532.35,0
2026-04-27 11:42:00,1532.35,1532.35,1532.0,1532.35,0
2026-04-27 11:43:00,1532.35,1532.7,1532.15,1532.15,0
2026-04-27 11:44:00,1532.2,1532.55,1532.1,1532.5,0
2026-04-27 11:45:00,1532.4,1532.55,1531.85,1532.0,0
2026-04-27 11:46:00,1532.0,1532.1,1531.65,1532.05,0
2026-04-27 11:47:00,1532.05,1532.35,1532.0,1532.35,0
2026-04-27 11:48:00,1532.5,1533.2,1532.4,1533.05,0
2026-04-27 11:49:00,1532.95,1533.65,1532.95,1533.6,0
2026-04-27 11:50:00,1533.65,1533.65,1533.05,1533.2,0
2026-04-27 11:51:00,1533.2,1533.25,1532.65,1532.7,0
2026-04-27 11:52:00,1532.65,1532.95,1532.45,1532.95,0
2026-04-27 11:53:00,1533.0,1533.3,1532.9,1533.25,0
2026-04-27 11:54:00,1533.25,1533.35,1532.95,1533.3,0
2026-04-27 11:55:00,1533.35,1533.85,1533.25,1533.8,0
2026-04-27 11:56:00,1533.8,1534.0,1533.4,1533.4,0
2026-04-27 11:57:00,1533.4,1533.85,1533.35,1533.85,0
2026-04-27 11:58:00,1533.8,1534.1,1533.75,1534.1,0
2026-04-27 11:59:00,1534.1,1534.4,1534.0,1534.25,0
2026-04-27 12:00:00,1534.25,1534.3,1533.7,1533.8,0
2026-04-27 12:01:00,1533.8,1533.95,1533.55,1533.65,0
2026-04-27 12:02:00,1533.65,1533.7,1533.4,1533.45,0
2026-04-27 12:03:00,1533.4,1533.4,1533.15,1533.3,0
2026-04-27 12:04:00,1533.25,1533.5,1533.05,1533.5,0
2026-04-27 12:05:00,1533.45,1533.8,1533.35,1533.8,0
2026-04-27 12:06:00,1533.75,1534.1,1533.65,1534.1,0
2026-04-27 12:07:00,1534.05,1534.4,1534.0,1534.15,0
2026-04-27 12:08:00,1534.1,1534.3,1533.9,1533.95,0
2026-04-27 12:09:00,1534.0,1534.0,1533.65,1533.7,0
2026-04-27 12:10:00,1533.75,1534.3,1533.65,1534.2,0
2026-04-27 12:11:00,1534.15,1534.25,1533.95,1534.15,0
2026-04-27 12:12:00,1534.1,1534.45,1534.05,1534.4,0
2026-04-27 12:13:00,1534.4,1534.7,1534.35,1534.65,0
2026-04-27 12:14:00,1534.65,1534.75,1534.45,1534.5,0
2026-04-27 12:15:00,1534.5,1534.65,1534.25,1534.65,0
2026-04-27 12:16:00,1534.65,1534.9,1534.55,1534.8,0
2026-04-27 12:17:00,1534.8,1534.95,1534.7,1534.9,0
2026-04-27 12:18:00,1534.85,1535.0,1534.85,1534.85,0
2026-04-27 12:19:00,1534.8,1535.1,1534.8,1534.8,0
2026-04-27 12:20:00,1534.8,1534.8,1534.1,1534.25,0
2026-04-27 12:21:00,1534.2,1534.35,1533.85,1533.95,0
2026-04-27 12:22:00,1533.95,1534.3,1533.9,1534.25,0
2026-04-27 12:23:00,1534.25,1534.7,1534.2,1534.65,0
2026-04-27 12:24:00,1534.65,1534.9,1534.6,1534.8,0
2026-04-27 12:25:00,1534.8,1535.3,1534.8,1535.15,0
2026-04-27 12:26:00,1535.1,1535.8,1535.05,1535.75,0
2026-04-27 12:27:00,1535.75,1535.9,1535.65,1535.75,0
2026-04-27 12:28:00,1535.7,1536.05,1535.6,1536.05,0
2026-04-27 12:29:00,1536.0,1536.25,1535.8,1535.8,0
2026-04-27 12:30:00,1535.75,1536.05,1535.7,1535.85,0
2026-04-27 12:31:00,1535.75,1536.25,1535.75,1536.25,0
2026-04-27 12:32:00,1536.2,1536.4,1536.0,1536.05,0
2026-04-27 12:33:00,1536.0,1536.7,1536.0,1536.7,0
2026-04-27 12:34:00,1536.65,1536.9,1536.65,1536.85,0
2026-04-27 12:35:00,1536.8,1537.55,1536.8,1537.5,0
2026-04-27 12:36:00,1537.5,1537.95,1537.5,1537.85,0
2026-04-27 12:37:00,1537.8,1538.05,1537.5,1537.55,0
2026-04-27 12:38:00,1537.45,1537.45,1537.15,1537.3,0
2026-04-27 12:39:00,1537.3,1537.4,1537.05,1537.15,0
2026-04-27 12:40:00,1537.1,1537.4,1537.05,1537.25,0
2026-04-27 12:41:00,1537.2,1537.25,1536.85,1536.95,0
2026-04-27 12:42:00,1536.9,1537.05,1536.75,1536.9,0
2026-04-27 12:43:00,1536.75,1537.25,1536.75,1537.25,0
2026-04-27 12:44:00,1537.1,1537.35,1537.05,1537.2,0
2026-04-27 12:45:00,1537.15,1537.3,1536.9,1537.1,0
2026-04-27 12:46:00,1536.95,1537.15,1536.85,1537.15,0
2026-04-27 12:47:00,1537.05,1537.35,1537.0,1537.3,0
2026-04-27 12:48:00,1537.25,1537.25,1536.95,1537.1,0
2026-04-27 12:49:00,1537.0,1537.2,1536.95,1537.1,0
2026-04-27 12:50:00,1537.05,1537.15,1536.8,1536.8,0
2026-04-27 12:51:00,1536.7,1536.8,1536.55,1536.75,0
2026-04-27 12:52:00,1536.7,1537.4,1536.7,1537.4,0
2026-04-27 12:53:00,1537.3,1537.7,1537.3,1537.4,0
2026-04-27 12:54:00,1537.3,1537.35,1536.9,1537.05,0
2026-04-27 12:55:00,1536.95,1537.3,1536.95,1537.05,0
2026-04-27 12:56:00,1537.0,1537.15,1536.9,1537.0,0
2026-04-27 12:57:00,1536.95,1537.1,1536.65,1536.75,0
2026-04-27 12:58:00,1536.75,1536.85,1536.7,1536.8,0
2026-04-27 12:59:00,1536.85,1536.95,1536.7,1536.85,0
2026-04-27 13:00:00,1536.85,1537.35,1536.85,1537.2,0
2026-04-27 13:01:00,1537.2,1537.45,1537.1,1537.25,0
2026-04-27 13:02:00,1537.25,1537.4,1537.2,1537.4,0
2026-04-27 13:03:00,1537.4,1537.6,1537.25,1537.45,0
2026-04-27 13:04:00,1537.5,1537.55,1537.3,1537.3,0
2026-04-27 13:05:00,1537.3,1537.35,1536.65,1536.7,0
2026-04-27 13:06:00,1536.7,1537.2,1536.65,1537.2,0
2026-04-27 13:07:00,1537.2,1537.35,1537.15,1537.3,0
2026-04-27 13:08:00,1537.35,1537.7,1537.25,1537.65,0
2026-04-27 13:09:00,1537.65,1537.95,1537.6,1537.95,0
2026-04-27 13:10:00,1537.9,1538.15,1537.85,1538.15,0
2026-04-27 13:11:00,1538.15,1538.15,1537.3,1537.3,0
2026-04-27 13:12:00,1537.25,1537.65,1537.15,1537.6,0
2026-04-27 13:13:00,1537.6,1538.05,1537.55,1538.05,0
2026-04-27 13:14:00,1538.0,1538.5,1537.95,1538.45,0
2026-04-27 13:15:00,1538.45,1538.95,1538.45,1538.9,0
2026-04-27 13:16:00,1538.9,1539.35,1538.85,1539.2,0
2026-04-27 13:17:00,1539.2,1539.45,1539.2,1539.4,0
2026-04-27 13:18:00,1539.35,1539.35,1538.8,1538.85,0
2026-04-27 13:19:00,1538.85,1538.95,1538.55,1538.65,0
2026-04-27 13:20:00,1538.55,1538.75,1538.05,1538.1,0
2026-04-27 13:21:00,1538.05,1538.75,1538.05,1538.6,0
2026-04-27 13:22:00,1538.55,1538.8,1538.35,1538.8,0
2026-04-27 13:23:00,1538.8,1538.9,1538.65,1538.85,0
2026-04-27 13:24:00,1538.85,1538.9,1538.7,1538.7,0
2026-04-27 13:25:00,1538.65,1538.9,1538.6,1538.6,0
2026-04-27 13:26:00,1538.55,1538.75,1538.5,1538.7,0
2026-04-27 13:27:00,1538.65,1539.25,1538.65,1539.05,0
2026-04-27 13:28:00,1539.0,1539.2,1538.9,1539.0,0
2026-04-27 13:29:00,1538.95,1539.0,1538.6,1538.6,0
2026-04-27 13:30:00,1538.6,1538.85,1538.4,1538.8,0
2026-04-27 13:31:00,1538.75,1538.8,1538.05,1538.1,0
2026-04-27 13:32:00,1538.05,1538.4,1538.0,1538.4,0
2026-04-27 13:33:00,1538.4,1538.65,1538.35,1538.5,0
2026-04-27 13:34:00,1538.55,1538.6,1538.45,1538.5,0
2026-04-27 13:35:00,1538.55,1539.0,1538.4,1538.85,0
2026-04-27 13:36:00,1538.85,1539.1,1538.7,1538.75,0
2026-04-27 13:37:00,1538.75,1538.75,1538.55,1538.75,0
2026-04-27 13:38:00,1538.75,1538.95,1538.7,1538.8,0
2026-04-27 13:39:00,1538.8,1539.05,1538.75,1538.95,0
2026-04-27 13:40:00,1538.9,1539.4,1538.9,1539.2,0
2026-04-27 13:41:00,1539.2,1539.5,1539.0,1539.45,0
2026-04-27 13:42:00,1539.45,1539.65,1539.4,1539.65,0
2026-04-27 13:43:00,1539.5,1539.65,1539.25,1539.25,0
2026-04-27 13:44:00,1539.25,1539.25,1538.9,1539.0,0
2026-04-27 13:45:00,1538.95,1539.3,1538.85,1539.25,0
2026-04-27 13:46:00,1539.25,1539.55,1539.2,1539.5,0
2026-04-27 13:47:00,1539.5,1539.7,1539.4,1539.5,0
2026-04-27 13:48:00,1539.55,1539.55,1539.05,1539.05,0
2026-04-27 13:49:00,1539.0,1539.05,1538.4,1538.45,0
2026-04-27 13:50:00,1538.4,1538.4,1538.05,1538.05,0
2026-04-27 13:51:00,1538.05,1538.2,1538.0,1538.05,0
2026-04-27 13:52:00,1538.05,1538.55,1538.05,1538.45,0
2026-04-27 13:53:00,1538.45,1538.6,1538.35,1538.55,0
2026-04-27 13:54:00,1538.5,1539.05,1538.5,1539.05,0
2026-04-27 13:55:00,1539.0,1539.25,1539.0,1539.0,0
2026-04-27 13:56:00,1539.0,1539.05,1538.55,1538.8,0
2026-04-27 13:57:00,1538.8,1539.15,1538.7,1539.05,0
2026-04-27 13:58:00,1539.1,1539.15,1538.8,1538.8,0
2026-04-27 13:59:00,1538.85,1539.0,1538.7,1538.9,0
2026-04-27 14:00:00,1538.85,1539.2,1538.8,1539.0,0
2026-04-27 14:01:00,1539.0,1539.1,1538.85,1538.85,0
2026-04-27 14:02:00,1538.85,1538.85,1538.7,1538.75,0
2026-04-27 14:03:00,1538.7,1538.85,1538.35,1538.4,0
2026-04-27 14:04:00,1538.4,1538.8,1538.35,1538.75,0
2026-04-27 14:05:00,1538.7,1539.05,1538.7,1538.95,0
2026-04-27 14:06:00,1538.95,1539.1,1538.8,1538.8,0
2026-04-27 14:07:00,1538.75,1538.75,1538.2,1538.25,0
2026-04-27 14:08:00,1538.2,1538.5,1538.2,1538.35,0
2026-04-27 14:09:00,1538.3,1538.55,1538.25,1538.35,0
2026-04-27 14:10:00,1538.35,1538.8,1538.3,1538.75,0
2026-04-27 14:11:00,1538.75,1538.8,1538.35,1538.75,0
2026-04-27 14:12:00,1538.75,1538.95,1538.65,1538.7,0
2026-04-27 14:13:00,1538.65,1539.0,1538.6,1538.95,0
2026-04-27 14:14:00,1538.85,1539.1,1538.85,1538.95,0
2026-04-27 14:15:00,1538.95,1539.0,1538.75,1538.95,0
2026-04-27 14:16:00,1538.9,1539.0,1538.55,1538.55,0
2026-04-27 14:17:00,1538.5,1538.8,1538.3,1538.8,0
2026-04-27 14:18:00,1538.75,1538.85,1538.5,1538.8,0
2026-04-27 14:19:00,1538.75,1539.0,1538.7,1538.75,0
2026-04-27 14:20:00,1538.7,1538.75,1538.4,1538.6,0
2026-04-27 14:21:00,1538.5,1538.6,1538.25,1538.4,0
2026-04-27 14:22:00,1538.35,1538.65,1538.3,1538.5,0
2026-04-27 14:23:00,1538.4,1538.75,1538.4,1538.7,0
2026-04-27 14:24:00,1538.6,1538.75,1538.55,1538.6,0
2026-04-27 14:25:00,1538.5,1538.75,1538.5,1538.55,0
2026-04-27 14:26:00,1538.45,1538.5,1538.15,1538.45,0
2026-04-27 14:27:00,1538.4,1538.7,1538.4,1538.65,0
2026-04-27 14:28:00,1538.55,1538.75,1538.5,1538.55,0
2026-04-27 14:29:00,1538.5,1538.7,1538.45,1538.7,0
2026-04-27 14:30:00,1538.65,1538.65,1538.5,1538.55,0
2026-04-27 14:31:00,1538.5,1538.65,1537.5,1537.55,0
2026-04-27 14:32:00,1537.5,1537.55,1537.0,1537.05,0
2026-04-27 14:33:00,1537.05,1537.4,1536.85,1537.2,0
2026-04-27 14:34:00,1537.15,1537.25,1536.9,1537.15,0
2026-04-27 14:35:00,1537.1,1537.35,1536.95,1537.3,0
2026-04-27 14:36:00,1537.25,1537.35,1537.0,1537.2,0
2026-04-27 14:37:00,1537.15,1538.0,1537.1,1538.0,0
2026-04-27 14:38:00,1537.95,1538.75,1537.95,1538.45,0
2026-04-27 14:39:00,1538.4,1538.5,1538.2,1538.45,0
2026-04-27 14:40:00,1538.35,1538.4,1537.85,1538.1,0
2026-04-27 14:41:00,1538.15,1538.4,1538.1,1538.35,0
2026-04-27 14:42:00,1538.4,1538.8,1538.3,1538.8,0
2026-04-27 14:43:00,1538.8,1538.9,1538.6,1538.7,0
2026-04-27 14:44:00,1538.75,1538.85,1538.65,1538.85,0
2026-04-27 14:45:00,1538.85,1538.85,1538.35,1538.35,0
2026-04-27 14:46:00,1538.4,1538.8,1538.2,1538.8,0
2026-04-27 14:47:00,1538.8,1538.8,1538.45,1538.55,0
2026-04-27 14:48:00,1538.55,1538.8,1538.5,1538.8,0
2026-04-27 14:49:00,1538.8,1538.85,1538.45,1538.8,0
2026-04-27 14:50:00,1538.75,1538.9,1538.6,1538.7,0
2026-04-27 14:51:00,1538.7,1538.95,1538.6,1538.95,0
2026-04-27 14:52:00,1539.0,1539.1,1538.85,1539.05,0
2026-04-27 14:53:00,1539.05,1539.25,1539.0,1539.2,0
2026-04-27 14:54:00,1539.2,1539.75,1539.1,1539.75,0
2026-04-27 14:55:00,1539.8,1540.0,1539.5,1539.55,0
2026-04-27 14:56:00,1539.6,1539.6,1539.3,1539.45,0
2026-04-27 14:57:00,1539.45,1539.7,1539.1,1539.65,0
2026-04-27 14:58:00,1539.65,1539.9,1539.6,1539.8,0
2026-04-27 14:59:00,1539.8,1539.8,1539.35,1539.6,0
2026-04-27 15:00:00,1539.55,1539.55,1538.45,1538.5,0
2026-04-27 15:01:00,1538.5,1538.75,1538.05,1538.05,0
2026-04-27 15:02:00,1538.05,1538.15,1537.8,1538.05,0
2026-04-27 15:03:00,1538.05,1538.15,1537.9,1538.05,0
2026-04-27 15:04:00,1538.05,1538.4,1537.9,1538.3,0
2026-04-27 15:05:00,1538.3,1538.4,1537.95,1538.15,0
2026-04-27 15:06:00,1538.15,1538.25,1537.85,1537.95,0
2026-04-27 15:07:00,1537.95,1538.05,1537.75,1537.9,0
2026-04-27 15:08:00,1537.9,1537.9,1537.75,1537.8,0
2026-04-27 15:09:00,1537.8,1538.05,1537.7,1537.85,0
2026-04-27 15:10:00,1537.85,1537.95,1537.65,1537.85,0
2026-04-27 15:11:00,1537.85,1538.15,1537.75,1538.15,0
2026-04-27 15:12:00,1538.15,1538.45,1538.05,1538.2,0
2026-04-27 15:13:00,1538.2,1538.35,1537.9,1537.9,0
2026-04-27 15:14:00,1537.9,1538.2,1537.85,1538.0,0
2026-04-27 15:15:00,1538.0,1538.15,1537.85,1538.05,0
2026-04-27 15:16:00,1538.05,1538.15,1537.8,1537.95,0
2026-04-27 15:17:00,1537.95,1538.05,1537.6,1537.65,0
2026-04-27 15:18:00,1537.65,1537.8,1537.3,1537.35,0
2026-04-27 15:19:00,1537.35,1537.5,1537.3,1537.45,0
2026-04-27 15:20:00,1537.45,1538.1,1537.45,1538.05,0
2026-04-27 15:21:00,1538.05,1538.7,1537.95,1538.65,0
2026-04-27 15:22:00,1538.65,1538.75,1538.4,1538.5,0
2026-04-27 15:23:00,1538.5,1538.7,1538.35,1538.6,0
2026-04-27 15:24:00,1538.6,1538.65,1538.2,1538.3,0
2026-04-27 15:25:00,1538.3,1538.4,1537.65,1537.9,0
2026-04-27 15:26:00,1537.9,1538.15,1537.85,1538.05,0
2026-04-27 15:27:00,1538.05,1538.2,1537.9,1538.15,0
2026-04-27 15:28:00,1538.15,1539.0,1538.0,1538.85,0
2026-04-27 15:29:00,1538.85,1539.35,1538.55,1538.9,0
2026-04-28 09:15:00,1537.1,1537.3,1534.15,1536.5,0
2026-04-28 09:16:00,1536.55,1540.2,1536.55,1538.8,0
2026-04-28 09:17:00,1538.95,1539.4,1538.75,1538.8,0
2026-04-28 09:18:00,1538.9,1539.65,1538.4,1539.65,0
2026-04-28 09:19:00,1539.65,1540.3,1539.65,1540.1,0
2026-04-28 09:20:00,1540.2,1540.85,1539.55,1539.55,0
2026-04-28 09:21:00,1539.7,1539.7,1538.5,1539.4,0
2026-04-28 09:22:00,1539.45,1539.65,1538.95,1539.5,0
2026-04-28 09:23:00,1539.55,1539.65,1538.8,1538.8,0
2026-04-28 09:24:00,1538.85,1538.85,1537.9,1538.65,0
2026-04-28 09:25:00,1538.7,1541.2,1538.7,1541.2,0
2026-04-28 09:26:00,1541.2,1541.75,1541.2,1541.65,0
2026-04-28 09:27:00,1541.6,1541.6,1540.7,1540.85,0
2026-04-28 09:28:00,1540.85,1541.0,1540.6,1540.7,0
2026-04-28 09:29:00,1540.75,1540.75,1540.15,1540.2,0
2026-04-28 09:30:00,1540.25,1540.4,1539.65,1539.8,0
2026-04-28 09:31:00,1539.85,1539.85,1539.5,1539.55,0
2026-04-28 09:32:00,1539.6,1539.8,1539.2,1539.6,0
2026-04-28 09:33:00,1539.6,1540.1,1539.3,1540.0,0
2026-04-28 09:34:00,1540.1,1540.25,1539.55,1539.55,0
2026-04-28 09:35:00,1539.6,1539.6,1538.4,1538.7,0
2026-04-28 09:36:00,1538.7,1539.8,1538.65,1539.7,0
2026-04-28 09:37:00,1539.75,1540.35,1539.7,1540.05,0
2026-04-28 09:38:00,1540.05,1540.1,1539.7,1539.8,0
2026-04-28 09:39:00,1539.9,1540.0,1539.4,1539.65,0
2026-04-28 09:40:00,1539.7,1540.65,1539.6,1540.45,0
2026-04-28 09:41:00,1540.5,1540.8,1540.45,1540.55,0
2026-04-28 09:42:00,1540.55,1541.0,1540.35,1540.4,0
2026-04-28 09:43:00,1540.45,1541.1,1540.35,1540.9,0
2026-04-28 09:44:00,1540.9,1541.05,1540.6,1540.7,0
2026-04-28 09:45:00,1540.8,1541.5,1540.8,1541.5,0
2026-04-28 09:46:00,1541.45,1542.1,1541.45,1541.85,0
2026-04-28 09:47:00,1541.9,1541.9,1541.45,1541.65,0
2026-04-28 09:48:00,1541.7,1541.75,1540.8,1541.05,0
2026-04-28 09:49:00,1541.1,1541.15,1540.45,1540.45,0
2026-04-28 09:50:00,1540.5,1541.05,1540.45,1540.85,0
2026-04-28 09:51:00,1540.8,1540.9,1540.65,1540.65,0
2026-04-28 09:52:00,1540.7,1540.7,1540.4,1540.5,0
2026-04-28 09:53:00,1540.55,1540.7,1540.35,1540.65,0
2026-04-28 09:54:00,1540.65,1541.05,1540.5,1541.0,0
2026-04-28 09:55:00,1541.1,1541.95,1541.05,1541.9,0
2026-04-28 09:56:00,1541.9,1542.1,1541.8,1541.9,0
2026-04-28 09:57:00,1541.9,1542.0,1541.6,1541.75,0
2026-04-28 09:58:00,1541.85,1542.2,1541.65,1542.2,0
2026-04-28 09:59:00,1542.3,1542.55,1542.1,1542.5,0
2026-04-28 10:00:00,1542.5,1542.9,1542.45,1542.75,0
2026-04-28 10:01:00,1542.8,1543.3,1542.8,1543.0,0
2026-04-28 10:02:00,1543.0,1543.15,1542.6,1542.7,0
2026-04-28 10:03:00,1542.7,1543.05,1542.45,1543.0,0
2026-04-28 10:04:00,1543.0,1543.0,1542.55,1542.65,0
2026-04-28 10:05:00,1542.6,1542.65,1542.15,1542.25,0
2026-04-28 10:06:00,1542.25,1542.3,1541.85,1542.15,0
2026-04-28 10:07:00,1542.15,1542.8,1542.05,1542.75,0
2026-04-28 10:08:00,1542.8,1542.85,1542.65,1542.8,0
2026-04-28 10:09:00,1542.85,1543.1,1542.75,1542.75,0
2026-04-28 10:10:00,1542.75,1542.8,1542.55,1542.75,0
2026-04-28 10:11:00,1542.7,1542.75,1542.55,1542.65,0
2026-04-28 10:12:00,1542.65,1542.65,1542.35,1542.5,0
2026-04-28 10:13:00,1542.5,1542.55,1542.2,1542.25,0
2026-04-28 10:14:00,1542.25,1542.3,1542.1,1542.25,0
2026-04-28 10:15:00,1542.3,1542.6,1542.1,1542.6,0
2026-04-28 10:16:00,1542.65,1543.15,1542.65,1542.95,0
2026-04-28 10:17:00,1543.0,1543.05,1542.7,1543.0,0
2026-04-28 10:18:00,1543.0,1543.05,1542.7,1543.05,0
2026-04-28 10:19:00,1543.1,1543.15,1542.95,1543.0,0
2026-04-28 10:20:00,1543.0,1543.2,1542.85,1543.15,0
2026-04-28 10:21:00,1543.2,1543.75,1543.15,1543.7,0
2026-04-28 10:22:00,1543.75,1544.1,1543.7,1544.05,0
2026-04-28 10:23:00,1544.05,1544.05,1543.65,1543.7,0
2026-04-28 10:24:00,1543.75,1544.1,1543.7,1544.0,0
2026-04-28 10:25:00,1543.95,1544.25,1543.9,1544.25,0
2026-04-28 10:26:00,1544.3,1544.5,1544.2,1544.25,0
2026-04-28 10:27:00,1544.25,1544.3,1543.75,1543.8,0
2026-04-28 10:28:00,1543.7,1543.75,1543.5,1543.6,0
2026-04-28 10:29:00,1543.65,1543.75,1543.55,1543.7,0
2026-04-28 10:30:00,1543.75,1543.95,1543.6,1543.8,0
2026-04-28 10:31:00,1543.8,1543.8,1543.15,1543.2,0
2026-04-28 10:32:00,1543.15,1543.25,1542.9,1542.9,0
2026-04-28 10:33:00,1542.9,1542.95,1542.8,1542.85,0
2026-04-28 10:34:00,1542.85,1542.9,1542.65,1542.7,0
2026-04-28 10:35:00,1542.7,1542.75,1542.05,1542.15,0
2026-04-28 10:36:00,1542.2,1542.55,1542.0,1542.55,0
2026-04-28 10:37:00,1542.55,1542.6,1542.0,1542.05,0
2026-04-28 10:38:00,1542.1,1542.1,1541.8,1541.9,0
2026-04-28 10:39:00,1542.0,1542.15,1541.75,1542.05,0
2026-04-28 10:40:00,1542.1,1542.1,1541.75,1541.85,0
2026-04-28 10:41:00,1541.85,1541.85,1541.1,1541.25,0
2026-04-28 10:42:00,1541.25,1541.25,1540.9,1541.05,0
2026-04-28 10:43:00,1541.1,1541.6,1541.1,1541.5,0
2026-04-28 10:44:00,1541.6,1541.65,1541.25,1541.6,0
2026-04-28 10:45:00,1541.65,1542.35,1541.6,1542.35,0
2026-04-28 10:46:00,1542.45,1542.55,1542.15,1542.45,0
2026-04-28 10:47:00,1542.5,1542.55,1542.1,1542.35,0
2026-04-28 10:48:00,1542.35,1542.5,1542.3,1542.45,0
2026-04-28 10:49:00,1542.55,1542.55,1542.2,1542.3,0
2026-04-28 10:50:00,1542.35,1542.65,1542.3,1542.6,0
2026-04-28 10:51:00,1542.6,1542.6,1542.4,1542.45,0
2026-04-28 10:52:00,1542.5,1542.65,1542.45,1542.6,0
2026-04-28 10:53:00,1542.7,1542.8,1542.6,1542.75,0
2026-04-28 10:54:00,1542.75,1543.35,1542.65,1543.25,0
2026-04-28 10:55:00,1543.35,1543.75,1543.2,1543.6,0
2026-04-28 10:56:00,1543.7,1543.75,1543.5,1543.75,0
2026-04-28 10:57:00,1543.8,1543.8,1543.4,1543.55,0
2026-04-28 10:58:00,1543.6,1543.9,1543.55,1543.85,0
2026-04-28 10:59:00,1543.95,1543.95,1543.6,1543.65,0
2026-04-28 11:00:00,1543.7,1543.7,1543.35,1543.4,0
2026-04-28 11:01:00,1543.5,1543.5,1543.25,1543.35,0
2026-04-28 11:02:00,1543.4,1543.55,1542.95,1543.1,0
2026-04-28 11:03:00,1543.1,1543.5,1543.05,1543.45,0
2026-04-28 11:04:00,1543.5,1543.5,1543.25,1543.4,0
2026-04-28 11:05:00,1543.4,1543.45,1542.95,1542.95,0
2026-04-28 11:06:00,1543.0,1543.0,1542.5,1542.55,0
2026-04-28 11:07:00,1542.55,1542.55,1542.1,1542.1,0
2026-04-28 11:08:00,1542.15,1542.35,1542.0,1542.25,0
2026-04-28 11:09:00,1542.3,1542.6,1542.25,1542.45,0
2026-04-28 11:10:00,1542.5,1542.7,1542.35,1542.5,0
2026-04-28 11:11:00,1542.5,1542.55,1541.8,1541.8,0
2026-04-28 11:12:00,1541.85,1542.25,1541.7,1542.2,0
2026-04-28 11:13:00,1542.25,1542.65,1542.25,1542.6,0
2026-04-28 11:14:00,1542.6,1542.75,1542.5,1542.65,0
2026-04-28 11:15:00,1542.6,1542.65,1542.25,1542.3,0
2026-04-28 11:16:00,1542.3,1542.3,1541.8,1541.8,0
2026-04-28 11:17:00,1541.85,1541.85,1541.35,1541.45,0
2026-04-28 11:18:00,1541.5,1541.8,1541.45,1541.75,0
2026-04-28 11:19:00,1541.75,1541.8,1541.45,1541.55,0
2026-04-28 11:20:00,1541.6,1542.0,1541.55,1541.9,0
2026-04-28 11:21:00,1541.95,1542.2,1541.9,1542.05,0
2026-04-28 11:22:00,1542.1,1542.15,1541.85,1541.85,0
2026-04-28 11:23:00,1541.85,1541.9,1541.5,1541.6,0
2026-04-28 11:24:00,1541.65,1541.65,1540.75,1540.8,0
2026-04-28 11:25:00,1540.8,1540.8,1539.9,1539.9,0
2026-04-28 11:26:00,1539.95,1539.95,1538.85,1538.85,0
2026-04-28 11:27:00,1538.8,1538.85,1538.25,1538.45,0
2026-04-28 11:28:00,1538.4,1538.45,1537.75,1538.1,0
2026-04-28 11:29:00,1538.2,1538.35,1537.8,1537.85,0
2026-04-28 11:30:00,1537.8,1537.8,1537.15,1537.6,0
2026-04-28 11:31:00,1537.55,1538.4,1537.35,1538.4,0
2026-04-28 11:32:00,1538.4,1538.55,1538.0,1538.0,0
2026-04-28 11:33:00,1538.0,1538.05,1537.5,1537.65,0
2026-04-28 11:34:00,1537.65,1538.35,1537.6,1538.3,0
2026-04-28 11:35:00,1538.3,1538.55,1538.3,1538.45,0
2026-04-28 11:36:00,1538.45,1539.2,1538.45,1539.2,0
2026-04-28 11:37:00,1539.2,1539.3,1539.15,1539.15,0
2026-04-28 11:38:00,1539.2,1539.6,1538.85,1539.45,0
2026-04-28 11:39:00,1539.5,1539.6,1539.4,1539.55,0
2026-04-28 11:40:00,1539.55,1539.8,1539.5,1539.55,0
2026-04-28 11:41:00,1539.55,1539.65,1539.3,1539.35,0
2026-04-28 11:42:00,1539.45,1539.45,1539.05,1539.2,0
2026-04-28 11:43:00,1539.25,1539.45,1539.2,1539.4,0
2026-04-28 11:44:00,1539.4,1540.0,1539.4,1539.95,0
2026-04-28 11:45:00,1539.95,1540.45,1539.9,1539.9,0
2026-04-28 11:46:00,1540.05,1540.05,1539.75,1539.9,0
2026-04-28 11:47:00,1539.9,1539.9,1539.6,1539.7,0
2026-04-28 11:48:00,1539.75,1539.95,1539.55,1539.9,0
2026-04-28 11:49:00,1540.0,1540.1,1539.85,1540.1,0
2026-04-28 11:50:00,1540.1,1540.3,1539.85,1540.15,0
2026-04-28 11:51:00,1540.25,1540.3,1539.85,1539.85,0
2026-04-28 11:52:00,1539.9,1540.0,1539.5,1539.55,0
2026-04-28 11:53:00,1539.65,1539.65,1539.5,1539.6,0
2026-04-28 11:54:00,1539.65,1539.7,1539.4,1539.55,0
2026-04-28 11:55:00,1539.55,1539.7,1539.25,1539.3,0
2026-04-28 11:56:00,1539.35,1539.35,1538.95,1539.25,0
2026-04-28 11:57:00,1539.2,1539.65,1539.15,1539.6,0
2026-04-28 11:58:00,1539.6,1539.6,1538.9,1538.9,0
2026-04-28 11:59:00,1538.95,1538.95,1538.35,1538.45,0
2026-04-28 12:00:00,1538.5,1538.55,1538.15,1538.15,0
2026-04-28 12:01:00,1538.2,1538.2,1537.5,1537.5,0
2026-04-28 12:02:00,1537.6,1537.65,1537.15,1537.35,0
2026-04-28 12:03:00,1537.3,1538.05,1537.3,1538.0,0
2026-04-28 12:04:00,1537.9,1538.1,1537.7,1537.7,0
2026-04-28 12:05:00,1537.65,1537.75,1537.15,1537.6,0
2026-04-28 12:06:00,1537.45,1537.55,1537.2,1537.2,0
2026-04-28 12:07:00,1537.2,1537.4,1537.1,1537.25,0
2026-04-28 12:08:00,1537.25,1537.5,1537.25,1537.4,0
2026-04-28 12:09:00,1537.4,1537.6,1537.35,1537.45,0
2026-04-28 12:10:00,1537.35,1537.8,1537.35,1537.8,0
2026-04-28 12:11:00,1537.65,1537.7,1537.4,1537.5,0
2026-04-28 12:12:00,1537.4,1537.85,1537.35,1537.85,0
2026-04-28 12:13:00,1537.8,1538.05,1537.75,1537.95,0
2026-04-28 12:14:00,1538.0,1538.4,1537.95,1538.2,0
2026-04-28 12:15:00,1538.2,1538.55,1538.05,1538.5,0
2026-04-28 12:16:00,1538.55,1538.6,1538.35,1538.5,0
2026-04-28 12:17:00,1538.5,1538.6,1538.35,1538.55,0
2026-04-28 12:18:00,1538.55,1538.7,1538.45,1538.5,0
2026-04-28 12:19:00,1538.5,1538.5,1537.6,1537.65,0
2026-04-28 12:20:00,1537.65,1537.9,1537.55,1537.8,0
2026-04-28 12:21:00,1537.85,1537.85,1537.0,1537.0,0
2026-04-28 12:22:00,1537.1,1537.1,1535.8,1536.05,0
2026-04-28 12:23:00,1536.15,1536.4,1536.0,1536.05,0
2026-04-28 12:24:00,1536.15,1536.65,1536.0,1536.6,0
2026-04-28 12:25:00,1536.7,1536.75,1536.45,1536.7,0
2026-04-28 12:26:00,1536.75,1537.4,1536.65,1537.4,0
2026-04-28 12:27:00,1537.45,1537.45,1537.1,1537.2,0
2026-04-28 12:28:00,1537.3,1537.3,1536.55,1536.65,0
2026-04-28 12:29:00,1536.7,1536.7,1536.25,1536.45,0
2026-04-28 12:30:00,1536.45,1536.45,1535.95,1536.0,0
2026-04-28 12:31:00,1536.05,1536.05,1535.45,1535.5,0
2026-04-28 12:32:00,1535.55,1535.55,1535.1,1535.2,0
2026-04-28 12:33:00,1535.25,1535.4,1535.05,1535.1,0
2026-04-28 12:34:00,1535.15,1535.65,1535.1,1535.65,0
2026-04-28 12:35:00,1535.8,1536.7,1535.75,1536.65,0
2026-04-28 12:36:00,1536.7,1536.7,1536.3,1536.55,0
2026-04-28 12:37:00,1536.6,1536.6,1536.15,1536.2,0
2026-04-28 12:38:00,1536.25,1536.3,1536.1,1536.3,0
2026-04-28 12:39:00,1536.3,1536.35,1536.0,1536.0,0
2026-04-28 12:40:00,1536.1,1536.35,1535.95,1536.35,0
2026-04-28 12:41:00,1536.35,1536.4,1536.1,1536.2,0
2026-04-28 12:42:00,1536.3,1536.55,1536.1,1536.55,0
2026-04-28 12:43:00,1536.6,1536.9,1536.35,1536.9,0
2026-04-28 12:44:00,1536.95,1537.3,1536.9,1537.2,0
2026-04-28 12:45:00,1537.25,1537.6,1537.2,1537.6,0
2026-04-28 12:46:00,1537.6,1537.6,1536.9,1536.9,0
2026-04-28 12:47:00,1536.95,1536.95,1536.65,1536.8,0
2026-04-28 12:48:00,1536.85,1536.85,1536.5,1536.75,0
2026-04-28 12:49:00,1536.75,1537.15,1536.7,1537.1,0
2026-04-28 12:50:00,1537.15,1537.25,1537.0,1537.0,0
2026-04-28 12:51:00,1537.05,1537.45,1536.95,1537.45,0
2026-04-28 12:52:00,1537.4,1537.45,1537.2,1537.2,0
2026-04-28 12:53:00,1537.25,1537.4,1537.05,1537.2,0
2026-04-28 12:54:00,1537.25,1537.25,1536.55,1536.65,0
2026-04-28 12:55:00,1536.65,1537.0,1536.55,1537.0,0
2026-04-28 12:56:00,1537.05,1537.1,1536.35,1536.45,0
2026-04-28 12:57:00,1536.5,1536.75,1536.3,1536.35,0
2026-04-28 12:58:00,1536.35,1536.35,1535.95,1536.0,0
2026-04-28 12:59:00,1536.05,1536.2,1535.9,1535.95,0
2026-04-28 13:00:00,1535.95,1536.05,1535.65,1535.65,0
2026-04-28 13:01:00,1535.7,1536.0,1535.45,1535.65,0
2026-04-28 13:02:00,1535.75,1536.35,1535.6,1536.2,0
2026-04-28 13:03:00,1536.25,1536.8,1536.15,1536.7,0
2026-04-28 13:04:00,1536.8,1536.9,1536.2,1536.25,0
2026-04-28 13:05:00,1536.25,1536.6,1536.1,1536.5,0
2026-04-28 13:06:00,1536.5,1536.65,1536.45,1536.5,0
2026-04-28 13:07:00,1536.5,1536.75,1536.45,1536.65,0
2026-04-28 13:08:00,1536.65,1537.1,1536.55,1537.0,0
2026-04-28 13:09:00,1537.0,1537.2,1536.9,1536.95,0
2026-04-28 13:10:00,1536.95,1537.1,1536.7,1536.75,0
2026-04-28 13:11:00,1536.8,1536.95,1536.75,1536.85,0
2026-04-28 13:12:00,1536.9,1537.0,1536.8,1536.85,0
2026-04-28 13:13:00,1536.9,1537.0,1536.65,1536.7,0
2026-04-28 13:14:00,1536.75,1536.75,1536.3,1536.3,0
2026-04-28 13:15:00,1536.35,1536.5,1536.25,1536.5,0
2026-04-28 13:16:00,1536.5,1536.75,1536.45,1536.6,0
2026-04-28 13:17:00,1536.6,1537.0,1536.6,1537.0,0
2026-04-28 13:18:00,1537.0,1537.45,1537.0,1537.25,0
2026-04-28 13:19:00,1537.3,1537.35,1537.2,1537.25,0
2026-04-28 13:20:00,1537.3,1537.3,1536.7,1536.75,0
2026-04-28 13:21:00,1536.75,1537.2,1536.7,1537.2,0
2026-04-28 13:22:00,1537.25,1537.55,1537.2,1537.3,0
2026-04-28 13:23:00,1537.35,1537.55,1537.25,1537.45,0
2026-04-28 13:24:00,1537.45,1537.85,1537.35,1537.75,0
2026-04-28 13:25:00,1537.8,1538.0,1537.7,1537.85,0
2026-04-28 13:26:00,1537.85,1537.85,1537.25,1537.35,0
2026-04-28 13:27:00,1537.3,1538.2,1537.3,1538.2,0
2026-04-28 13:28:00,1538.2,1538.2,1537.8,1537.9,0
2026-04-28 13:29:00,1537.7,1537.7,1536.65,1536.7,0
2026-04-28 13:30:00,1536.7,1536.8,1535.9,1535.95,0
2026-04-28 13:31:00,1535.9,1536.2,1535.6,1535.8,0
2026-04-28 13:32:00,1535.85,1536.25,1535.85,1535.9,0
2026-04-28 13:33:00,1535.95,1535.95,1535.45,1535.5,0
2026-04-28 13:34:00,1535.45,1535.55,1535.35,1535.55,0
2026-04-28 13:35:00,1535.6,1535.65,1534.1,1534.1,0
2026-04-28 13:36:00,1534.2,1534.4,1533.6,1534.4,0
2026-04-28 13:37:00,1534.55,1535.3,1534.55,1534.8,0
2026-04-28 13:38:00,1534.95,1535.2,1534.7,1535.1,0
2026-04-28 13:39:00,1535.1,1535.25,1534.9,1535.1,0
2026-04-28 13:40:00,1535.15,1535.55,1534.95,1535.55,0
2026-04-28 13:41:00,1535.6,1536.0,1535.6,1535.75,0
2026-04-28 13:42:00,1535.75,1536.2,1535.65,1536.1,0
2026-04-28 13:43:00,1536.1,1536.45,1536.1,1536.3,0
2026-04-28 13:44:00,1536.3,1536.4,1535.8,1535.8,0
2026-04-28 13:45:00,1535.8,1535.8,1535.25,1535.5,0
2026-04-28 13:46:00,1535.5,1535.75,1535.5,1535.65,0
2026-04-28 13:47:00,1535.7,1535.75,1535.25,1535.35,0
2026-04-28 13:48:00,1535.35,1535.4,1535.05,1535.05,0
2026-04-28 13:49:00,1535.05,1535.1,1534.8,1534.8,0
2026-04-28 13:50:00,1534.75,1535.0,1534.55,1534.85,0
2026-04-28 13:51:00,1535.0,1535.75,1535.0,1535.75,0
2026-04-28 13:52:00,1535.75,1535.85,1535.5,1535.7,0
2026-04-28 13:53:00,1535.75,1536.45,1535.65,1535.95,0
2026-04-28 13:54:00,1536.0,1536.35,1536.0,1536.25,0
2026-04-28 13:55:00,1536.25,1536.9,1536.1,1536.9,0
2026-04-28 13:56:00,1537.0,1537.35,1536.9,1537.1,0
2026-04-28 13:57:00,1537.15,1537.15,1535.5,1535.55,0
2026-04-28 13:58:00,1535.8,1536.6,1535.75,1536.45,0
2026-04-28 13:59:00,1536.45,1536.5,1536.15,1536.2,0
2026-04-28 14:00:00,1536.2,1536.2,1535.7,1535.7,0
2026-04-28 14:01:00,1535.7,1535.8,1535.55,1535.8,0
2026-04-28 14:02:00,1535.85,1536.0,1535.8,1536.0,0
2026-04-28 14:03:00,1536.0,1536.0,1535.75,1535.75,0
2026-04-28 14:04:00,1535.85,1536.05,1535.7,1535.75,0
2026-04-28 14:05:00,1535.75,1535.75,1535.2,1535.25,0
2026-04-28 14:06:00,1535.3,1535.8,1535.15,1535.8,0
2026-04-28 14:07:00,1535.8,1535.9,1535.4,1535.45,0
2026-04-28 14:08:00,1535.55,1535.7,1535.5,1535.6,0
2026-04-28 14:09:00,1535.6,1535.8,1535.55,1535.8,0
2026-04-28 14:10:00,1535.8,1535.8,1535.05,1535.05,0
2026-04-28 14:11:00,1535.1,1535.1,1534.45,1534.7,0
2026-04-28 14:12:00,1534.7,1535.05,1534.45,1534.95,0
2026-04-28 14:13:00,1535.0,1535.25,1534.9,1535.15,0
2026-04-28 14:14:00,1535.15,1535.15,1534.25,1534.25,0
2026-04-28 14:15:00,1534.3,1534.4,1533.7,1533.8,0
2026-04-28 14:16:00,1533.85,1534.0,1533.75,1533.8,0
2026-04-28 14:17:00,1533.9,1534.3,1533.75,1534.25,0
2026-04-28 14:18:00,1534.3,1535.1,1534.2,1535.05,0
2026-04-28 14:19:00,1535.15,1535.3,1535.05,1535.05,0
2026-04-28 14:20:00,1535.1,1535.1,1534.9,1534.95,0
2026-04-28 14:21:00,1535.0,1535.5,1534.85,1535.45,0
2026-04-28 14:22:00,1535.5,1535.95,1535.45,1535.95,0
2026-04-28 14:23:00,1536.05,1536.4,1536.0,1536.25,0
2026-04-28 14:24:00,1536.25,1536.5,1535.8,1536.05,0
2026-04-28 14:25:00,1536.05,1536.3,1535.8,1536.3,0
2026-04-28 14:26:00,1536.35,1536.35,1535.8,1535.8,0
2026-04-28 14:27:00,1535.85,1535.95,1535.55,1535.65,0
2026-04-28 14:28:00,1535.65,1535.8,1535.45,1535.5,0
2026-04-28 14:29:00,1535.55,1535.85,1535.3,1535.75,0
2026-04-28 14:30:00,1535.85,1537.45,1535.85,1537.4,0
2026-04-28 14:31:00,1537.45,1538.4,1537.35,1538.35,0
2026-04-28 14:32:00,1538.4,1538.6,1537.75,1537.75,0
2026-04-28 14:33:00,1537.85,1538.15,1537.8,1537.95,0
2026-04-28 14:34:00,1538.0,1538.0,1536.8,1536.9,0
2026-04-28 14:35:00,1536.95,1537.6,1536.95,1537.45,0
2026-04-28 14:36:00,1537.45,1537.95,1537.45,1537.75,0
2026-04-28 14:37:00,1537.8,1538.1,1537.8,1538.05,0
2026-04-28 14:38:00,1538.1,1538.3,1537.95,1538.0,0
2026-04-28 14:39:00,1538.05,1538.2,1537.9,1538.05,0
2026-04-28 14:40:00,1538.15,1538.5,1538.05,1538.3,0
2026-04-28 14:41:00,1538.35,1538.35,1537.9,1538.2,0
2026-04-28 14:42:00,1538.25,1538.25,1537.9,1537.9,0
2026-04-28 14:43:00,1537.9,1537.95,1537.5,1537.6,0
2026-04-28 14:44:00,1537.65,1538.6,1537.55,1538.55,0
2026-04-28 14:45:00,1538.55,1538.55,1537.95,1538.35,0
2026-04-28 14:46:00,1538.4,1538.95,1538.35,1538.95,0
2026-04-28 14:47:00,1538.95,1538.95,1538.5,1538.75,0
2026-04-28 14:48:00,1538.9,1539.15,1538.85,1539.05,0
2026-04-28 14:49:00,1539.0,1539.1,1538.8,1538.9,0
2026-04-28 14:50:00,1538.9,1539.35,1538.85,1539.35,0
2026-04-28 14:51:00,1539.35,1539.45,1539.1,1539.1,0
2026-04-28 14:52:00,1539.05,1539.15,1538.7,1539.0,0
2026-04-28 14:53:00,1539.05,1539.3,1539.05,1539.25,0
2026-04-28 14:54:00,1539.3,1539.65,1539.2,1539.65,0
2026-04-28 14:55:00,1539.65,1539.7,1539.05,1539.45,0
2026-04-28 14:56:00,1539.5,1539.6,1539.3,1539.45,0
2026-04-28 14:57:00,1539.5,1539.5,1538.85,1539.05,0
2026-04-28 14:58:00,1539.1,1539.9,1539.05,1539.85,0
2026-04-28 14:59:00,1539.85,1540.0,1539.4,1539.55,0
2026-04-28 15:00:00,1539.55,1539.85,1538.5,1538.5,0
2026-04-28 15:01:00,1538.5,1538.55,1537.45,1537.45,0
2026-04-28 15:02:00,1537.45,1537.5,1536.6,1536.65,0
2026-04-28 15:03:00,1536.65,1536.75,1536.2,1536.5,0
2026-04-28 15:04:00,1536.5,1536.55,1535.7,1536.1,0
2026-04-28 15:05:00,1536.1,1536.65,1536.05,1536.55,0
2026-04-28 15:06:00,1536.55,1536.65,1535.95,1536.0,0
2026-04-28 15:07:00,1536.0,1536.0,1535.25,1535.55,0
2026-04-28 15:08:00,1535.55,1535.6,1535.05,1535.4,0
2026-04-28 15:09:00,1535.4,1535.5,1534.95,1535.05,0
2026-04-28 15:10:00,1535.05,1535.15,1534.55,1534.95,0
2026-04-28 15:11:00,1534.95,1534.95,1534.45,1534.55,0
2026-04-28 15:12:00,1534.55,1534.8,1534.4,1534.7,0
2026-04-28 15:13:00,1534.7,1534.8,1534.55,1534.7,0
2026-04-28 15:14:00,1534.7,1534.8,1534.65,1534.8,0
2026-04-28 15:15:00,1534.8,1534.8,1534.55,1534.65,0
2026-04-28 15:16:00,1534.65,1534.95,1534.4,1534.95,0
2026-04-28 15:17:00,1534.95,1535.1,1534.85,1534.9,0
2026-04-28 15:18:00,1534.9,1535.05,1534.7,1535.0,0
2026-04-28 15:19:00,1535.0,1535.45,1535.0,1535.2,0
2026-04-28 15:20:00,1535.2,1535.2,1534.9,1534.95,0
2026-04-28 15:21:00,1534.95,1535.25,1534.8,1534.95,0
2026-04-28 15:22:00,1534.95,1535.05,1534.8,1534.85,0
2026-04-28 15:23:00,1534.85,1535.2,1534.85,1535.2,0
2026-04-28 15:24:00,1535.2,1535.75,1535.15,1535.75,0
2026-04-28 15:25:00,1535.75,1537.15,1535.7,1536.85,0
2026-04-28 15:26:00,1536.75,1536.95,1536.55,1536.8,0
2026-04-28 15:27:00,1536.85,1537.2,1536.7,1537.05,0
2026-04-28 15:28:00,1537.05,1537.45,1536.85,1537.45,0
2026-04-28 15:29:00,1537.55,1537.85,1537.3,1537.55,0
2026-04-29 09:15:00,1542.85,1544.7,1542.4,1544.7,0
2026-04-29 09:16:00,1544.6,1545.65,1543.95,1545.65,0
2026-04-29 09:17:00,1545.7,1545.8,1544.35,1544.4,0
2026-04-29 09:18:00,1544.5,1544.95,1542.45,1542.65,0
2026-04-29 09:19:00,1542.65,1542.85,1541.7,1542.85,0
2026-04-29 09:20:00,1543.1,1544.45,1543.1,1544.3,0
2026-04-29 09:21:00,1544.4,1544.4,1542.15,1542.7,0
2026-04-29 09:22:00,1542.7,1542.8,1541.55,1541.75,0
2026-04-29 09:23:00,1541.75,1541.85,1539.75,1539.75,0
2026-04-29 09:24:00,1539.9,1540.9,1539.8,1540.9,0
2026-04-29 09:25:00,1541.0,1541.15,1540.4,1540.7,0
2026-04-29 09:26:00,1540.8,1542.7,1540.75,1542.65,0
2026-04-29 09:27:00,1542.75,1544.05,1542.65,1543.4,0
2026-04-29 09:28:00,1543.4,1543.5,1542.35,1542.7,0
2026-04-29 09:29:00,1542.75,1543.9,1542.75,1543.9,0
2026-04-29 09:30:00,1543.95,1544.15,1543.6,1544.05,0
2026-04-29 09:31:00,1544.2,1544.35,1543.85,1544.25,0
2026-04-29 09:32:00,1544.45,1544.45,1544.15,1544.2,0
2026-04-29 09:33:00,1544.25,1544.4,1542.9,1542.9,0
2026-04-29 09:34:00,1542.95,1542.95,1542.15,1542.35,0
2026-04-29 09:35:00,1542.5,1543.0,1542.4,1542.8,0
2026-04-29 09:36:00,1542.9,1543.75,1542.6,1543.6,0
2026-04-29 09:37:00,1543.65,1543.65,1543.1,1543.2,0
2026-04-29 09:38:00,1543.3,1543.4,1543.0,1543.0,0
2026-04-29 09:39:00,1543.05,1543.35,1542.25,1543.25,0
2026-04-29 09:40:00,1543.35,1544.3,1543.25,1544.15,0
2026-04-29 09:41:00,1544.15,1544.15,1543.5,1543.6,0
2026-04-29 09:42:00,1543.7,1543.9,1543.5,1543.8,0
2026-04-29 09:43:00,1543.9,1544.55,1543.85,1544.35,0
2026-04-29 09:44:00,1544.5,1545.15,1544.35,1544.9,0
2026-04-29 09:45:00,1544.95,1545.45,1544.95,1545.05,0
2026-04-29 09:46:00,1545.1,1545.2,1544.95,1545.15,0
2026-04-29 09:47:00,1545.35,1545.85,1545.25,1545.65,0
2026-04-29 09:48:00,1545.7,1545.8,1545.45,1545.45,0
2026-04-29 09:49:00,1545.55,1545.95,1545.45,1545.95,0
2026-04-29 09:50:00,1546.0,1546.25,1545.8,1546.25,0
2026-04-29 09:51:00,1546.25,1546.55,1546.15,1546.45,0
2026-04-29 09:52:00,1546.5,1546.75,1546.4,1546.55,0
2026-04-29 09:53:00,1546.6,1546.75,1546.45,1546.7,0
2026-04-29 09:54:00,1546.75,1547.0,1546.75,1546.75,0
2026-04-29 09:55:00,1546.85,1547.05,1546.4,1546.85,0
2026-04-29 09:56:00,1546.95,1546.95,1546.35,1546.65,0
2026-04-29 09:57:00,1546.75,1546.8,1546.3,1546.8,0
2026-04-29 09:58:00,1546.9,1547.05,1546.7,1546.7,0
2026-04-29 09:59:00,1546.85,1546.85,1546.4,1546.65,0
2026-04-29 10:00:00,1546.75,1547.7,1546.75,1547.65,0
2026-04-29 10:01:00,1547.75,1548.6,1547.75,1548.4,0
2026-04-29 10:02:00,1548.45,1548.8,1548.1,1548.25,0
2026-04-29 10:03:00,1548.35,1548.8,1548.2,1548.5,0
2026-04-29 10:04:00,1548.5,1548.5,1548.05,1548.35,0
2026-04-29 10:05:00,1548.4,1548.7,1548.25,1548.3,0
2026-04-29 10:06:00,1548.35,1548.5,1547.95,1548.45,0
2026-04-29 10:07:00,1548.5,1548.85,1548.35,1548.4,0
2026-04-29 10:08:00,1548.5,1548.9,1548.2,1548.85,0
2026-04-29 10:09:00,1548.9,1549.0,1548.5,1548.65,0
2026-04-29 10:10:00,1548.75,1549.25,1548.55,1549.25,0
2026-04-29 10:11:00,1549.25,1549.55,1548.85,1548.85,0
2026-04-29 10:12:00,1548.95,1549.2,1548.85,1549.1,0
2026-04-29 10:13:00,1549.2,1549.5,1548.9,1549.4,0
2026-04-29 10:14:00,1549.5,1550.0,1549.3,1549.85,0
2026-04-29 10:15:00,1549.9,1550.35,1549.9,1550.3,0
2026-04-29 10:16:00,1550.35,1550.65,1550.3,1550.65,0
2026-04-29 10:17:00,1550.7,1551.0,1550.65,1550.9,0
2026-04-29 10:18:00,1550.95,1551.1,1550.75,1551.0,0
2026-04-29 10:19:00,1551.05,1551.05,1550.65,1550.65,0
2026-04-29 10:20:00,1550.8,1552.0,1550.7,1551.95,0
2026-04-29 10:21:00,1551.9,1552.25,1551.8,1552.0,0
2026-04-29 10:22:00,1552.1,1552.25,1551.65,1551.7,0
2026-04-29 10:23:00,1551.75,1552.2,1551.5,1552.0,0
2026-04-29 10:24:00,1552.15,1552.4,1552.1,1552.3,0
2026-04-29 10:25:00,1552.35,1552.35,1551.95,1552.3,0
2026-04-29 10:26:00,1552.4,1552.8,1552.35,1552.75,0
2026-04-29 10:27:00,1552.8,1553.2,1552.65,1553.15,0
2026-04-29 10:28:00,1553.2,1553.6,1553.15,1553.45,0
2026-04-29 10:29:00,1553.5,1553.5,1553.25,1553.3,0
2026-04-29 10:30:00,1553.35,1553.35,1552.35,1552.4,0
2026-04-29 10:31:00,1552.5,1552.75,1551.8,1552.1,0
2026-04-29 10:32:00,1552.15,1552.7,1551.85,1552.55,0
2026-04-29 10:33:00,1552.55,1552.85,1552.4,1552.55,0
2026-04-29 10:34:00,1552.65,1552.9,1552.55,1552.65,0
2026-04-29 10:35:00,1552.7,1552.85,1552.55,1552.75,0
2026-04-29 10:36:00,1552.8,1553.1,1552.6,1552.95,0
2026-04-29 10:37:00,1553.05,1553.05,1552.55,1552.55,0
2026-04-29 10:38:00,1552.6,1552.8,1552.0,1552.05,0
2026-04-29 10:39:00,1552.15,1552.25,1551.95,1552.0,0
2026-04-29 10:40:00,1552.1,1552.2,1551.75,1551.8,0
2026-04-29 10:41:00,1551.85,1552.35,1551.75,1552.35,0
2026-04-29 10:42:00,1552.35,1552.4,1552.0,1552.1,0
2026-04-29 10:43:00,1552.2,1552.5,1552.2,1552.25,0
2026-04-29 10:44:00,1552.3,1552.3,1552.05,1552.2,0
2026-04-29 10:45:00,1552.25,1552.3,1551.7,1551.75,0
2026-04-29 10:46:00,1551.85,1552.0,1551.4,1551.4,0
2026-04-29 10:47:00,1551.45,1551.85,1551.35,1551.7,0
2026-04-29 10:48:00,1551.75,1552.25,1551.65,1552.2,0
2026-04-29 10:49:00,1552.25,1552.3,1551.85,1552.1,0
2026-04-29 10:50:00,1552.15,1552.5,1552.1,1552.15,0
2026-04-29 10:51:00,1552.15,1552.7,1552.15,1552.6,0
2026-04-29 10:52:00,1552.7,1552.7,1552.15,1552.7,0
2026-04-29 10:53:00,1552.75,1552.8,1552.65,1552.8,0
2026-04-29 10:54:00,1552.85,1552.85,1552.5,1552.55,0
2026-04-29 10:55:00,1552.6,1552.7,1552.5,1552.6,0
2026-04-29 10:56:00,1552.7,1552.85,1552.35,1552.5,0
2026-04-29 10:57:00,1552.6,1552.8,1552.5,1552.65,0
2026-04-29 10:58:00,1552.65,1552.95,1552.5,1552.85,0
2026-04-29 10:59:00,1552.95,1553.0,1552.8,1552.9,0
2026-04-29 11:00:00,1552.9,1553.25,1552.85,1553.25,0
2026-04-29 11:01:00,1553.3,1553.5,1552.5,1552.7,0
2026-04-29 11:02:00,1552.8,1553.0,1552.7,1552.85,0
2026-04-29 11:03:00,1552.9,1553.05,1552.75,1552.9,0
2026-04-29 11:04:00,1552.95,1553.05,1552.15,1552.15,0
2026-04-29 11:05:00,1552.15,1552.35,1551.9,1552.3,0
2026-04-29 11:06:00,1552.35,1552.4,1552.2,1552.2,0
2026-04-29 11:07:00,1552.2,1552.55,1552.2,1552.45,0
2026-04-29 11:08:00,1552.45,1552.9,1552.45,1552.8,0
2026-04-29 11:09:00,1552.8,1553.0,1552.6,1552.8,0
2026-04-29 11:10:00,1552.85,1552.95,1552.65,1552.75,0
2026-04-29 11:11:00,1552.8,1552.8,1552.35,1552.5,0
2026-04-29 11:12:00,1552.55,1552.7,1552.4,1552.6,0
2026-04-29 11:13:00,1552.65,1552.75,1552.5,1552.75,0
2026-04-29 11:14:00,1552.85,1553.05,1552.8,1552.85,0
2026-04-29 11:15:00,1552.95,1553.2,1552.9,1553.0,0
2026-04-29 11:16:00,1553.05,1553.05,1552.65,1552.65,0
2026-04-29 11:17:00,1552.7,1552.75,1552.45,1552.5,0
2026-04-29 11:18:00,1552.6,1552.6,1552.15,1552.2,0
2026-04-29 11:19:00,1552.2,1552.25,1551.75,1552.2,0
2026-04-29 11:20:00,1552.25,1552.35,1551.95,1552.25,0
2026-04-29 11:21:00,1552.35,1552.95,1552.3,1552.85,0
2026-04-29 11:22:00,1552.95,1553.15,1552.85,1552.85,0
2026-04-29 11:23:00,1552.95,1553.0,1552.55,1552.55,0
2026-04-29 11:24:00,1552.6,1552.6,1551.85,1552.0,0
2026-04-29 11:25:00,1552.05,1552.1,1551.7,1551.95,0
2026-04-29 11:26:00,1552.1,1552.4,1552.05,1552.05,0
2026-04-29 11:27:00,1552.15,1552.3,1552.0,1552.05,0
2026-04-29 11:28:00,1552.1,1552.1,1551.45,1551.45,0
2026-04-29 11:29:00,1551.5,1551.6,1551.15,1551.25,0
2026-04-29 11:30:00,1551.35,1551.65,1551.25,1551.65,0
2026-04-29 11:31:00,1551.65,1552.2,1551.65,1551.95,0
2026-04-29 11:32:00,1552.05,1552.05,1551.5,1551.5,0
2026-04-29 11:33:00,1551.55,1551.95,1551.4,1551.95,0
2026-04-29 11:34:00,1552.05,1552.2,1551.9,1552.0,0
2026-04-29 11:35:00,1552.0,1552.15,1551.9,1552.1,0
2026-04-29 11:36:00,1552.2,1552.2,1551.8,1551.9,0
2026-04-29 11:37:00,1552.0,1552.25,1551.95,1552.1,0
2026-04-29 11:38:00,1552.2,1552.25,1551.9,1552.2,0
2026-04-29 11:39:00,1552.3,1552.3,1552.1,1552.2,0
2026-04-29 11:40:00,1552.3,1552.7,1552.25,1552.35,0
2026-04-29 11:41:00,1552.45,1552.6,1552.2,1552.5,0
2026-04-29 11:42:00,1552.55,1552.55,1552.2,1552.25,0
2026-04-29 11:43:00,1552.35,1552.35,1552.0,1552.2,0
2026-04-29 11:44:00,1552.25,1552.45,1551.95,1551.95,0
2026-04-29 11:45:00,1552.05,1552.05,1551.5,1551.8,0
2026-04-29 11:46:00,1551.9,1551.9,1551.45,1551.45,0
2026-04-29 11:47:00,1551.55,1551.8,1551.45,1551.65,0
2026-04-29 11:48:00,1551.8,1552.05,1551.7,1551.85,0
2026-04-29 11:49:00,1551.9,1551.9,1551.4,1551.5,0
2026-04-29 11:50:00,1551.6,1551.7,1551.45,1551.5,0
2026-04-29 11:51:00,1551.6,1551.6,1551.3,1551.4,0
2026-04-29 11:52:00,1551.5,1551.55,1551.2,1551.3,0
2026-04-29 11:53:00,1551.4,1551.65,1551.3,1551.5,0
2026-04-29 11:54:00,1551.65,1551.85,1551.5,1551.55,0
2026-04-29 11:55:00,1551.65,1551.65,1551.4,1551.55,0
2026-04-29 11:56:00,1551.6,1551.75,1551.6,1551.7,0
2026-04-29 11:57:00,1551.8,1552.0,1551.75,1551.75,0
2026-04-29 11:58:00,1551.85,1551.85,1551.65,1551.75,0
2026-04-29 11:59:00,1551.85,1552.15,1551.85,1552.1,0
2026-04-29 12:00:00,1552.15,1552.2,1551.85,1552.05,0
2026-04-29 12:01:00,1552.1,1552.2,1552.0,1552.1,0
2026-04-29 12:02:00,1552.15,1552.15,1551.8,1551.8,0
2026-04-29 12:03:00,1551.85,1552.0,1551.75,1551.75,0
2026-04-29 12:04:00,1551.8,1551.9,1551.6,1551.65,0
2026-04-29 12:05:00,1551.7,1551.7,1551.35,1551.35,0
2026-04-29 12:06:00,1551.45,1551.45,1551.3,1551.3,0
2026-04-29 12:07:00,1551.4,1551.75,1551.35,1551.7,0
2026-04-29 12:08:00,1551.75,1552.15,1551.6,1552.15,0
2026-04-29 12:09:00,1552.2,1552.35,1552.0,1552.35,0
2026-04-29 12:10:00,1552.4,1552.95,1552.35,1552.95,0
2026-04-29 12:11:00,1553.1,1553.65,1553.05,1553.5,0
2026-04-29 12:12:00,1553.6,1553.6,1552.9,1553.1,0
2026-04-29 12:13:00,1553.2,1553.2,1552.5,1552.5,0
2026-04-29 12:14:00,1552.6,1552.65,1552.45,1552.55,0
2026-04-29 12:15:00,1552.65,1553.0,1552.6,1553.0,0
2026-04-29 12:16:00,1553.05,1553.2,1553.0,1553.1,0
2026-04-29 12:17:00,1553.2,1553.35,1553.1,1553.35,0
2026-04-29 12:18:00,1553.45,1553.45,1553.05,1553.1,0
2026-04-29 12:19:00,1553.15,1553.2,1553.0,1553.15,0
2026-04-29 12:20:00,1553.25,1553.25,1552.85,1552.9,0
2026-04-29 12:21:00,1552.95,1553.0,1552.8,1552.85,0
2026-04-29 12:22:00,1552.85,1553.25,1552.7,1553.1,0
2026-04-29 12:23:00,1553.2,1553.6,1553.15,1553.6,0
2026-04-29 12:24:00,1553.65,1553.65,1553.4,1553.55,0
2026-04-29 12:25:00,1553.6,1553.8,1553.45,1553.75,0
2026-04-29 12:26:00,1553.75,1553.95,1553.65,1553.65,0
2026-04-29 12:27:00,1553.7,1553.7,1553.4,1553.4,0
2026-04-29 12:28:00,1553.45,1553.5,1553.2,1553.3,0
2026-04-29 12:29:00,1553.35,1553.5,1553.3,1553.35,0
2026-04-29 12:30:00,1553.45,1553.45,1553.2,1553.35,0
2026-04-29 12:31:00,1553.4,1553.85,1553.4,1553.8,0
2026-04-29 12:32:00,1553.9,1554.2,1553.85,1554.05,0
2026-04-29 12:33:00,1554.05,1554.25,1554.0,1554.05,0
2026-04-29 12:34:00,1554.1,1554.4,1554.1,1554.25,0
2026-04-29 12:35:00,1554.3,1554.5,1554.25,1554.3,0
2026-04-29 12:36:00,1554.35,1554.35,1553.85,1553.9,0
2026-04-29 12:37:00,1553.95,1554.1,1553.85,1554.1,0
2026-04-29 12:38:00,1554.15,1554.15,1553.95,1554.05,0
2026-04-29 12:39:00,1554.1,1554.15,1553.95,1554.05,0
2026-04-29 12:40:00,1554.1,1554.3,1554.0,1554.15,0
2026-04-29 12:41:00,1554.2,1554.25,1554.1,1554.15,0
2026-04-29 12:42:00,1554.2,1554.2,1553.8,1553.8,0
2026-04-29 12:43:00,1553.9,1554.2,1553.45,1553.7,0
2026-04-29 12:44:00,1553.75,1553.9,1553.7,1553.9,0
2026-04-29 12:45:00,1553.85,1554.2,1553.85,1554.1,0
2026-04-29 12:46:00,1554.1,1554.25,1553.9,1553.95,0
2026-04-29 12:47:00,1553.95,1554.0,1553.75,1553.95,0
2026-04-29 12:48:00,1553.95,1554.05,1553.9,1553.95,0
2026-04-29 12:49:00,1554.0,1554.1,1553.9,1553.95,0
2026-04-29 12:50:00,1554.0,1554.1,1553.9,1554.0,0
2026-04-29 12:51:00,1554.05,1554.25,1553.95,1554.2,0
2026-04-29 12:52:00,1554.2,1554.35,1554.05,1554.3,0
2026-04-29 12:53:00,1554.35,1554.4,1554.05,1554.1,0
2026-04-29 12:54:00,1554.1,1554.1,1553.7,1554.05,0
2026-04-29 12:55:00,1554.1,1554.25,1553.95,1554.05,0
2026-04-29 12:56:00,1554.1,1554.1,1553.85,1553.85,0
2026-04-29 12:57:00,1553.9,1554.2,1553.85,1554.15,0
2026-04-29 12:58:00,1554.25,1554.25,1553.95,1553.95,0
2026-04-29 12:59:00,1554.0,1554.0,1553.7,1553.75,0
2026-04-29 13:00:00,1553.85,1553.95,1553.65,1553.75,0
2026-04-29 13:01:00,1553.8,1553.8,1553.65,1553.7,0
2026-04-29 13:02:00,1553.75,1553.8,1553.4,1553.7,0
2026-04-29 13:03:00,1553.8,1553.85,1553.4,1553.45,0
2026-04-29 13:04:00,1553.55,1553.85,1553.4,1553.7,0
2026-04-29 13:05:00,1553.7,1553.8,1553.55,1553.65,0
2026-04-29 13:06:00,1553.7,1553.95,1553.65,1553.75,0
2026-04-29 13:07:00,1553.85,1554.05,1553.6,1554.05,0
2026-04-29 13:08:00,1554.15,1554.6,1554.05,1554.5,0
2026-04-29 13:09:00,1554.55,1554.55,1553.75,1553.8,0
2026-04-29 13:10:00,1553.85,1554.15,1553.75,1554.15,0
2026-04-29 13:11:00,1554.25,1554.45,1554.0,1554.0,0
2026-04-29 13:12:00,1554.1,1554.1,1553.5,1553.55,0
2026-04-29 13:13:00,1553.6,1553.8,1553.4,1553.8,0
2026-04-29 13:14:00,1553.8,1553.9,1553.5,1553.6,0
2026-04-29 13:15:00,1553.65,1553.8,1553.4,1553.5,0
2026-04-29 13:16:00,1553.6,1553.65,1553.2,1553.2,0
2026-04-29 13:17:00,1553.35,1553.35,1553.05,1553.25,0
2026-04-29 13:18:00,1553.3,1553.4,1553.15,1553.4,0
2026-04-29 13:19:00,1553.45,1553.6,1553.35,1553.55,0
2026-04-29 13:20:00,1553.6,1553.75,1553.5,1553.5,0
2026-04-29 13:21:00,1553.5,1553.6,1553.15,1553.2,0
2026-04-29 13:22:00,1553.25,1553.25,1553.0,1553.1,0
2026-04-29 13:23:00,1553.2,1553.25,1553.1,1553.2,0
2026-04-29 13:24:00,1553.25,1553.25,1552.8,1552.9,0
2026-04-29 13:25:00,1553.0,1553.1,1552.9,1553.05,0
2026-04-29 13:26:00,1553.1,1553.6,1552.95,1553.45,0
2026-04-29 13:27:00,1553.45,1553.45,1553.0,1553.1,0
2026-04-29 13:28:00,1553.15,1553.2,1553.0,1553.05,0
2026-04-29 13:29:00,1553.1,1553.15,1552.8,1552.8,0
2026-04-29 13:30:00,1552.85,1553.1,1552.8,1553.0,0
2026-04-29 13:31:00,1553.1,1553.3,1553.0,1553.2,0
2026-04-29 13:32:00,1553.3,1553.4,1552.9,1553.0,0
2026-04-29 13:33:00,1553.1,1553.25,1552.95,1553.1,0
2026-04-29 13:34:00,1553.15,1553.15,1552.8,1552.95,0
2026-04-29 13:35:00,1553.0,1553.2,1552.65,1552.75,0
2026-04-29 13:36:00,1552.8,1552.8,1552.15,1552.35,0
2026-04-29 13:37:00,1552.45,1552.45,1551.9,1551.9,0
2026-04-29 13:38:00,1552.0,1552.0,1551.05,1551.15,0
2026-04-29 13:39:00,1551.25,1551.35,1550.8,1551.0,0
2026-04-29 13:40:00,1551.05,1551.05,1550.2,1550.25,0
2026-04-29 13:41:00,1550.3,1550.3,1550.0,1550.1,0
2026-04-29 13:42:00,1550.2,1550.3,1549.55,1550.1,0
2026-04-29 13:43:00,1550.2,1550.2,1549.85,1549.9,0
2026-04-29 13:44:00,1549.95,1550.15,1549.6,1549.65,0
2026-04-29 13:45:00,1549.7,1549.7,1549.2,1549.2,0
2026-04-29 13:46:00,1549.2,1549.35,1548.95,1549.2,0
2026-04-29 13:47:00,1549.25,1549.5,1548.95,1548.95,0
2026-04-29 13:48:00,1549.05,1549.05,1548.55,1548.75,0
2026-04-29 13:49:00,1548.8,1549.25,1548.7,1549.1,0
2026-04-29 13:50:00,1549.2,1549.65,1549.15,1549.6,0
2026-04-29 13:51:00,1549.45,1549.7,1549.25,1549.7,0
2026-04-29 13:52:00,1549.75,1550.45,1549.7,1550.45,0
2026-04-29 13:53:00,1550.45,1550.95,1550.4,1550.6,0
2026-04-29 13:54:00,1550.6,1550.6,1549.95,1550.0,0
2026-04-29 13:55:00,1550.05,1550.6,1550.0,1550.45,0
2026-04-29 13:56:00,1550.5,1550.55,1550.1,1550.1,0
2026-04-29 13:57:00,1550.2,1550.2,1549.45,1549.45,0
2026-04-29 13:58:00,1549.5,1549.75,1549.4,1549.75,0
2026-04-29 13:59:00,1549.8,1549.8,1549.05,1549.05,0
2026-04-29 14:00:00,1549.05,1549.05,1548.5,1548.7,0
2026-04-29 14:01:00,1548.8,1549.0,1548.6,1548.65,0
2026-04-29 14:02:00,1548.7,1548.7,1548.25,1548.45,0
2026-04-29 14:03:00,1548.5,1548.55,1546.5,1546.5,0
2026-04-29 14:04:00,1546.35,1546.35,1545.7,1545.8,0
2026-04-29 14:05:00,1545.95,1546.65,1545.65,1546.0,0
2026-04-29 14:06:00,1546.15,1547.05,1545.95,1547.05,0
2026-04-29 14:07:00,1547.05,1547.35,1546.75,1546.95,0
2026-04-29 14:08:00,1547.1,1547.15,1546.7,1546.75,0
2026-04-29 14:09:00,1546.8,1546.8,1546.2,1546.25,0
2026-04-29 14:10:00,1546.35,1546.35,1546.0,1546.15,0
2026-04-29 14:11:00,1546.25,1546.55,1546.2,1546.5,0
2026-04-29 14:12:00,1546.6,1546.6,1546.05,1546.15,0
2026-04-29 14:13:00,1546.15,1546.15,1545.65,1545.75,0
2026-04-29 14:14:00,1545.7,1546.8,1545.7,1546.65,0
2026-04-29 14:15:00,1546.7,1546.75,1546.3,1546.45,0
2026-04-29 14:16:00,1546.5,1546.65,1546.4,1546.4,0
2026-04-29 14:17:00,1546.45,1546.5,1545.6,1545.7,0
2026-04-29 14:18:00,1545.75,1546.05,1545.35,1545.35,0
2026-04-29 14:19:00,1545.4,1545.4,1545.0,1545.0,0
2026-04-29 14:20:00,1545.05,1545.15,1544.9,1545.0,0
2026-04-29 14:21:00,1545.1,1545.1,1544.55,1544.7,0
2026-04-29 14:22:00,1544.8,1545.2,1544.7,1544.85,0
2026-04-29 14:23:00,1544.9,1546.45,1544.75,1546.15,0
2026-04-29 14:24:00,1546.25,1546.65,1546.15,1546.45,0
2026-04-29 14:25:00,1546.5,1546.5,1545.45,1545.85,0
2026-04-29 14:26:00,1545.95,1546.0,1545.6,1545.6,0
2026-04-29 14:27:00,1545.7,1545.7,1545.05,1545.2,0
2026-04-29 14:28:00,1545.3,1545.45,1545.1,1545.35,0
2026-04-29 14:29:00,1545.4,1545.4,1544.65,1544.7,0
2026-04-29 14:30:00,1544.8,1544.8,1544.45,1544.75,0
2026-04-29 14:31:00,1544.85,1545.5,1544.85,1545.5,0
2026-04-29 14:32:00,1545.6,1546.05,1545.55,1545.95,0
2026-04-29 14:33:00,1546.0,1546.1,1545.7,1545.8,0
2026-04-29 14:34:00,1545.9,1546.05,1545.6,1546.05,0
2026-04-29 14:35:00,1546.1,1546.1,1545.1,1545.2,0
2026-04-29 14:36:00,1545.3,1545.95,1545.15,1545.85,0
2026-04-29 14:37:00,1545.9,1545.9,1545.35,1545.55,0
2026-04-29 14:38:00,1545.6,1545.6,1545.35,1545.6,0
2026-04-29 14:39:00,1545.7,1545.85,1545.55,1545.85,0
2026-04-29 14:40:00,1545.95,1546.4,1545.9,1546.35,0
2026-04-29 14:41:00,1546.4,1546.9,1546.3,1546.85,0
2026-04-29 14:42:00,1547.0,1547.2,1546.75,1547.2,0
2026-04-29 14:43:00,1547.25,1547.3,1546.8,1546.9,0
2026-04-29 14:44:00,1547.0,1547.7,1546.95,1547.7,0
2026-04-29 14:45:00,1547.75,1547.75,1547.25,1547.3,0
2026-04-29 14:46:00,1547.35,1547.35,1546.2,1546.25,0
2026-04-29 14:47:00,1546.35,1546.5,1546.1,1546.15,0
2026-04-29 14:48:00,1546.2,1546.5,1546.05,1546.45,0
2026-04-29 14:49:00,1546.5,1546.5,1546.1,1546.35,0
2026-04-29 14:50:00,1546.45,1546.45,1545.75,1545.9,0
2026-04-29 14:51:00,1546.0,1546.15,1545.85,1546.0,0
2026-04-29 14:52:00,1546.1,1546.45,1545.9,1546.4,0
2026-04-29 14:53:00,1546.45,1546.45,1546.05,1546.2,0
2026-04-29 14:54:00,1546.2,1546.35,1546.05,1546.15,0
2026-04-29 14:55:00,1546.2,1546.2,1545.65,1545.65,0
2026-04-29 14:56:00,1545.7,1545.8,1545.5,1545.7,0
2026-04-29 14:57:00,1545.75,1545.75,1545.35,1545.45,0
2026-04-29 14:58:00,1545.5,1545.5,1545.0,1545.05,0
2026-04-29 14:59:00,1545.1,1545.15,1544.35,1544.6,0
2026-04-29 15:00:00,1544.65,1545.9,1544.5,1545.8,0
2026-04-29 15:01:00,1545.8,1546.6,1545.75,1546.5,0
2026-04-29 15:02:00,1546.5,1547.05,1546.5,1546.75,0
2026-04-29 15:03:00,1546.75,1546.9,1546.0,1546.0,0
2026-04-29 15:04:00,1546.0,1546.05,1545.45,1545.55,0
2026-04-29 15:05:00,1545.55,1545.8,1545.5,1545.7,0
2026-04-29 15:06:00,1545.7,1545.9,1545.5,1545.8,0
2026-04-29 15:07:00,1545.8,1545.9,1545.75,1545.85,0
2026-04-29 15:08:00,1545.85,1546.3,1545.6,1546.25,0
2026-04-29 15:09:00,1546.25,1546.4,1545.95,1546.05,0
2026-04-29 15:10:00,1546.05,1546.05,1545.3,1545.45,0
2026-04-29 15:11:00,1545.45,1545.5,1545.1,1545.25,0
2026-04-29 15:12:00,1545.25,1545.4,1545.1,1545.2,0
2026-04-29 15:13:00,1545.2,1545.25,1544.7,1544.75,0
2026-04-29 15:14:00,1544.75,1544.9,1544.5,1544.6,0
2026-04-29 15:15:00,1544.6,1544.6,1544.15,1544.2,0
2026-04-29 15:16:00,1544.2,1544.2,1543.6,1543.65,0
2026-04-29 15:17:00,1543.65,1543.85,1543.3,1543.3,0
2026-04-29 15:18:00,1543.3,1543.35,1542.95,1543.15,0
2026-04-29 15:19:00,1543.15,1543.3,1543.1,1543.1,0
2026-04-29 15:20:00,1543.1,1543.2,1542.85,1542.95,0
2026-04-29 15:21:00,1542.95,1543.65,1542.95,1543.55,0
2026-04-29 15:22:00,1543.55,1543.7,1543.5,1543.55,0
2026-04-29 15:23:00,1543.55,1543.6,1543.15,1543.5,0
2026-04-29 15:24:00,1543.5,1543.5,1543.15,1543.45,0
2026-04-29 15:25:00,1543.45,1543.8,1543.05,1543.2,0
2026-04-29 15:26:00,1543.2,1543.25,1542.55,1542.75,0
2026-04-29 15:27:00,1542.75,1543.45,1542.75,1543.35,0
2026-04-29 15:28:00,1543.35,1543.75,1543.1,1543.75,0
2026-04-29 15:29:00,1543.75,1544.15,1543.35,1543.8,0
2026-04-30 09:15:00,1534.85,1536.2,1528.6,1531.3,0
2026-04-30 09:16:00,1531.2,1532.0,1529.85,1529.95,0
2026-04-30 09:17:00,1529.75,1531.7,1529.45,1531.7,0
2026-04-30 09:18:00,1531.8,1532.3,1530.9,1531.45,0
2026-04-30 09:19:00,1531.4,1531.6,1529.15,1529.4,0
2026-04-30 09:20:00,1529.55,1529.9,1528.15,1528.3,0
2026-04-30 09:21:00,1528.35,1528.35,1526.85,1526.9,0
2026-04-30 09:22:00,1526.95,1527.05,1526.0,1526.5,0
2026-04-30 09:23:00,1526.75,1528.3,1526.75,1527.1,0
2026-04-30 09:24:00,1527.1,1527.95,1526.9,1527.5,0
2026-04-30 09:25:00,1527.5,1527.9,1527.0,1527.25,0
2026-04-30 09:26:00,1527.25,1527.35,1526.45,1527.15,0
2026-04-30 09:27:00,1527.2,1527.35,1526.15,1526.6,0
2026-04-30 09:28:00,1526.6,1527.8,1526.35,1527.35,0
2026-04-30 09:29:00,1527.3,1527.3,1526.1,1526.35,0
2026-04-30 09:30:00,1526.15,1526.4,1525.45,1525.75,0
2026-04-30 09:31:00,1525.75,1526.7,1525.7,1526.65,0
2026-04-30 09:32:00,1526.7,1528.7,1526.7,1528.6,0
2026-04-30 09:33:00,1528.55,1528.55,1527.1,1528.35,0
2026-04-30 09:34:00,1528.3,1529.35,1527.95,1529.35,0
2026-04-30 09:35:00,1529.3,1529.6,1528.1,1528.45,0
2026-04-30 09:36:00,1528.4,1528.5,1527.35,1528.35,0
2026-04-30 09:37:00,1528.3,1528.4,1527.3,1527.35,0
2026-04-30 09:38:00,1527.35,1528.5,1527.25,1528.25,0
2026-04-30 09:39:00,1528.25,1528.5,1527.5,1527.55,0
2026-04-30 09:40:00,1527.55,1527.55,1526.35,1527.05,0
2026-04-30 09:41:00,1527.05,1528.65,1527.0,1528.6,0
2026-04-30 09:42:00,1528.55,1529.5,1528.4,1529.5,0
2026-04-30 09:43:00,1529.55,1529.8,1529.3,1529.5,0
2026-04-30 09:44:00,1529.5,1529.95,1529.35,1529.85,0
2026-04-30 09:45:00,1529.9,1530.3,1529.65,1529.9,0
2026-04-30 09:46:00,1529.9,1531.0,1529.85,1530.7,0
2026-04-30 09:47:00,1530.75,1530.75,1529.6,1529.6,0
2026-04-30 09:48:00,1529.6,1529.6,1528.7,1528.9,0
2026-04-30 09:49:00,1528.95,1528.95,1528.5,1528.9,0
2026-04-30 09:50:00,1528.9,1529.05,1528.3,1528.6,0
2026-04-30 09:51:00,1528.65,1528.75,1527.9,1528.55,0
2026-04-30 09:52:00,1528.65,1529.05,1528.2,1528.2,0
2026-04-30 09:53:00,1528.2,1528.75,1528.05,1528.45,0
2026-04-30 09:54:00,1528.45,1528.65,1527.85,1527.85,0
2026-04-30 09:55:00,1527.85,1528.0,1527.55,1527.75,0
2026-04-30 09:56:00,1527.75,1527.9,1527.05,1527.05,0
2026-04-30 09:57:00,1527.1,1527.1,1526.65,1526.75,0
2026-04-30 09:58:00,1526.75,1526.8,1526.35,1526.4,0
2026-04-30 09:59:00,1526.4,1526.5,1526.05,1526.25,0
2026-04-30 10:00:00,1526.15,1526.15,1524.7,1525.05,0
2026-04-30 10:01:00,1525.05,1525.05,1524.25,1524.75,0
2026-04-30 10:02:00,1524.75,1525.1,1524.4,1524.4,0
2026-04-30 10:03:00,1524.45,1524.5,1523.95,1524.35,0
2026-04-30 10:04:00,1524.3,1524.3,1523.65,1523.7,0
2026-04-30 10:05:00,1523.7,1524.7,1523.35,1524.55,0
2026-04-30 10:06:00,1524.55,1524.55,1524.1,1524.5,0
2026-04-30 10:07:00,1524.6,1524.65,1524.0,1524.05,0
2026-04-30 10:08:00,1524.05,1524.05,1523.15,1523.35,0
2026-04-30 10:09:00,1523.35,1523.35,1522.55,1522.9,0
2026-04-30 10:10:00,1522.9,1522.9,1522.35,1522.45,0
2026-04-30 10:11:00,1522.45,1522.55,1522.0,1522.15,0
2026-04-30 10:12:00,1522.1,1522.15,1521.45,1521.7,0
2026-04-30 10:13:00,1521.65,1521.9,1521.5,1521.65,0
2026-04-30 10:14:00,1521.65,1521.8,1521.35,1521.6,0
2026-04-30 10:15:00,1521.55,1521.55,1521.15,1521.3,0
2026-04-30 10:16:00,1521.25,1521.5,1520.95,1520.95,0
2026-04-30 10:17:00,1521.0,1521.0,1519.65,1520.1,0
2026-04-30 10:18:00,1520.05,1520.6,1519.95,1520.6,0
2026-04-30 10:19:00,1520.65,1522.15,1520.65,1521.9,0
2026-04-30 10:20:00,1521.9,1522.1,1521.55,1521.9,0
2026-04-30 10:21:00,1521.9,1522.4,1521.85,1522.25,0
2026-04-30 10:22:00,1522.25,1522.4,1521.5,1521.7,0
2026-04-30 10:23:00,1521.65,1521.85,1521.0,1521.0,0
2026-04-30 10:24:00,1521.05,1521.05,1520.35,1520.95,0
2026-04-30 10:25:00,1520.95,1521.25,1520.55,1520.75,0
2026-04-30 10:26:00,1520.75,1520.85,1520.5,1520.5,0
2026-04-30 10:27:00,1520.55,1521.25,1520.5,1521.25,0
2026-04-30 10:28:00,1521.2,1521.2,1520.6,1520.65,0
2026-04-30 10:29:00,1520.65,1520.85,1520.4,1520.7,0
2026-04-30 10:30:00,1520.65,1521.05,1520.55,1521.05,0
2026-04-30 10:31:00,1521.0,1521.35,1521.0,1521.25,0
2026-04-30 10:32:00,1521.2,1521.3,1521.0,1521.05,0
2026-04-30 10:33:00,1521.05,1521.35,1520.95,1521.1,0
2026-04-30 10:34:00,1521.0,1521.15,1520.35,1521.15,0
2026-04-30 10:35:00,1521.1,1521.75,1520.9,1521.75,0
2026-04-30 10:36:00,1521.65,1521.85,1521.45,1521.75,0
2026-04-30 10:37:00,1521.7,1522.0,1521.2,1521.95,0
2026-04-30 10:38:00,1521.9,1522.2,1521.8,1521.9,0
2026-04-30 10:39:00,1521.9,1522.55,1521.85,1522.4,0
2026-04-30 10:40:00,1522.4,1522.65,1522.25,1522.3,0
2026-04-30 10:41:00,1522.2,1522.3,1521.55,1521.75,0
2026-04-30 10:42:00,1521.7,1521.7,1521.2,1521.25,0
2026-04-30 10:43:00,1521.2,1521.55,1520.9,1521.5,0
2026-04-30 10:44:00,1521.5,1522.05,1521.45,1521.75,0
2026-04-30 10:45:00,1521.8,1521.85,1520.15,1520.25,0
2026-04-30 10:46:00,1520.2,1520.55,1520.15,1520.25,0
2026-04-30 10:47:00,1520.25,1520.45,1520.15,1520.25,0
2026-04-30 10:48:00,1520.25,1520.45,1520.25,1520.3,0
2026-04-30 10:49:00,1520.3,1520.45,1520.1,1520.1,0
2026-04-30 10:50:00,1520.15,1520.15,1519.75,1519.85,0
2026-04-30 10:51:00,1519.9,1520.6,1519.85,1520.5,0
2026-04-30 10:52:00,1520.55,1520.65,1519.8,1519.8,0
2026-04-30 10:53:00,1519.8,1520.3,1519.75,1520.3,0
2026-04-30 10:54:00,1520.3,1520.3,1519.75,1520.0,0
2026-04-30 10:55:00,1520.0,1520.05,1519.55,1519.7,0
2026-04-30 10:56:00,1519.7,1519.8,1519.4,1519.4,0
2026-04-30 10:57:00,1519.4,1520.25,1519.35,1520.2,0
2026-04-30 10:58:00,1520.2,1520.55,1520.15,1520.4,0
2026-04-30 10:59:00,1520.4,1520.5,1520.2,1520.25,0
2026-04-30 11:00:00,1520.25,1520.65,1520.1,1520.65,0
2026-04-30 11:01:00,1520.65,1520.7,1520.45,1520.6,0
2026-04-30 11:02:00,1520.6,1520.8,1520.55,1520.7,0
2026-04-30 11:03:00,1520.7,1520.7,1520.3,1520.3,0
2026-04-30 11:04:00,1520.3,1520.35,1519.95,1520.1,0
2026-04-30 11:05:00,1520.1,1520.55,1520.05,1520.45,0
2026-04-30 11:06:00,1520.45,1520.9,1520.45,1520.85,0
2026-04-30 11:07:00,1520.85,1521.15,1520.8,1520.9,0
2026-04-30 11:08:00,1520.8,1520.85,1520.3,1520.4,0
2026-04-30 11:09:00,1520.35,1521.05,1520.15,1521.0,0
2026-04-30 11:10:00,1521.05,1521.15,1520.65,1520.65,0
2026-04-30 11:11:00,1520.65,1520.65,1520.2,1520.25,0
2026-04-30 11:12:00,1520.25,1520.25,1520.0,1520.15,0
2026-04-30 11:13:00,1520.15,1520.25,1519.8,1519.9,0
2026-04-30 11:14:00,1519.9,1519.9,1519.55,1519.6,0
2026-04-30 11:15:00,1519.6,1519.95,1519.45,1519.95,0
2026-04-30 11:16:00,1519.95,1520.6,1519.95,1520.6,0
2026-04-30 11:17:00,1520.6,1520.9,1520.35,1520.45,0
2026-04-30 11:18:00,1520.4,1520.6,1520.2,1520.3,0
2026-04-30 11:19:00,1520.3,1520.5,1520.25,1520.3,0
2026-04-30 11:20:00,1520.3,1520.35,1519.85,1519.85,0
2026-04-30 11:21:00,1519.85,1520.3,1519.8,1520.2,0
2026-04-30 11:22:00,1520.2,1520.2,1520.1,1520.15,0
2026-04-30 11:23:00,1520.1,1520.45,1520.0,1520.1,0
2026-04-30 11:24:00,1520.05,1520.4,1519.95,1520.4,0
2026-04-30 11:25:00,1520.4,1521.0,1520.3,1520.9,0
2026-04-30 11:26:00,1520.9,1521.2,1520.9,1521.2,0
2026-04-30 11:27:00,1521.25,1521.45,1521.0,1521.35,0
2026-04-30 11:28:00,1521.35,1521.35,1521.0,1521.15,0
2026-04-30 11:29:00,1521.15,1522.2,1521.15,1522.2,0
2026-04-30 11:30:00,1522.05,1522.25,1521.95,1522.0,0
2026-04-30 11:31:00,1522.0,1522.05,1521.8,1521.95,0
2026-04-30 11:32:00,1521.95,1522.05,1521.35,1521.4,0
2026-04-30 11:33:00,1521.4,1522.3,1521.3,1522.2,0
2026-04-30 11:34:00,1522.2,1522.25,1521.95,1522.2,0
2026-04-30 11:35:00,1522.2,1522.8,1522.15,1522.65,0
2026-04-30 11:36:00,1522.65,1523.3,1522.65,1523.2,0
2026-04-30 11:37:00,1523.1,1523.3,1522.8,1522.8,0
2026-04-30 11:38:00,1522.8,1522.8,1522.3,1522.3,0
2026-04-30 11:39:00,1522.3,1523.1,1522.25,1522.95,0
2026-04-30 11:40:00,1523.0,1523.0,1522.2,1522.3,0
2026-04-30 11:41:00,1522.35,1522.55,1522.2,1522.5,0
2026-04-30 11:42:00,1522.45,1522.8,1522.25,1522.7,0
2026-04-30 11:43:00,1522.7,1523.0,1522.25,1522.25,0
2026-04-30 11:44:00,1522.3,1522.75,1522.2,1522.2,0
2026-04-30 11:45:00,1522.15,1522.2,1522.0,1522.0,0
2026-04-30 11:46:00,1522.0,1522.5,1521.95,1522.35,0
2026-04-30 11:47:00,1522.35,1522.35,1522.1,1522.35,0
2026-04-30 11:48:00,1522.3,1522.55,1522.1,1522.4,0
2026-04-30 11:49:00,1522.4,1522.75,1522.35,1522.65,0
2026-04-30 11:50:00,1522.6,1522.8,1522.45,1522.5,0
2026-04-30 11:51:00,1522.5,1522.6,1522.2,1522.35,0
2026-04-30 11:52:00,1522.4,1522.5,1521.55,1521.55,0
2026-04-30 11:53:00,1521.55,1521.9,1521.5,1521.75,0
2026-04-30 11:54:00,1521.75,1522.05,1521.45,1521.9,0
2026-04-30 11:55:00,1521.9,1522.2,1521.85,1522.15,0
2026-04-30 11:56:00,1522.15,1522.7,1522.15,1522.2,0
2026-04-30 11:57:00,1522.2,1522.45,1522.0,1522.3,0
2026-04-30 11:58:00,1522.3,1522.6,1522.15,1522.45,0
2026-04-30 11:59:00,1522.4,1522.8,1522.35,1522.4,0
2026-04-30 12:00:00,1522.35,1522.65,1522.15,1522.15,0
2026-04-30 12:01:00,1522.15,1522.25,1521.75,1521.8,0
2026-04-30 12:02:00,1521.75,1522.35,1521.75,1522.15,0
2026-04-30 12:03:00,1522.15,1522.5,1522.15,1522.45,0
2026-04-30 12:04:00,1522.4,1522.85,1522.3,1522.6,0
2026-04-30 12:05:00,1522.55,1522.95,1522.45,1522.8,0
2026-04-30 12:06:00,1522.75,1523.5,1522.75,1523.45,0
2026-04-30 12:07:00,1523.4,1523.6,1523.3,1523.3,0
2026-04-30 12:08:00,1523.3,1523.3,1522.75,1522.8,0
2026-04-30 12:09:00,1522.85,1524.15,1522.8,1523.6,0
2026-04-30 12:10:00,1523.6,1524.0,1523.4,1523.8,0
2026-04-30 12:11:00,1523.85,1524.05,1523.8,1523.85,0
2026-04-30 12:12:00,1523.9,1524.05,1523.6,1523.6,0
2026-04-30 12:13:00,1523.6,1524.25,1523.5,1524.1,0
2026-04-30 12:14:00,1524.1,1525.35,1524.1,1525.35,0
2026-04-30 12:15:00,1525.35,1525.7,1524.8,1525.15,0
2026-04-30 12:16:00,1525.1,1525.15,1524.8,1525.05,0
2026-04-30 12:17:00,1525.05,1525.1,1524.8,1524.8,0
2026-04-30 12:18:00,1524.8,1525.0,1524.75,1524.95,0
2026-04-30 12:19:00,1524.95,1525.15,1524.45,1524.45,0
2026-04-30 12:20:00,1524.4,1524.45,1524.15,1524.3,0
2026-04-30 12:21:00,1524.25,1525.35,1523.95,1525.25,0
2026-04-30 12:22:00,1525.25,1525.8,1525.05,1525.55,0
2026-04-30 12:23:00,1525.6,1526.1,1525.5,1525.55,0
2026-04-30 12:24:00,1525.6,1526.4,1525.5,1526.3,0
2026-04-30 12:25:00,1526.3,1526.5,1526.2,1526.4,0
2026-04-30 12:26:00,1526.45,1526.7,1525.8,1525.9,0
2026-04-30 12:27:00,1525.85,1526.2,1525.85,1526.1,0
2026-04-30 12:28:00,1526.15,1526.25,1525.9,1526.0,0
2026-04-30 12:29:00,1526.0,1526.3,1525.8,1526.15,0
2026-04-30 12:30:00,1526.15,1526.45,1526.0,1526.05,0
2026-04-30 12:31:00,1526.05,1526.15,1525.75,1525.85,0
2026-04-30 12:32:00,1525.85,1525.9,1525.1,1525.4,0
2026-04-30 12:33:00,1525.45,1526.05,1525.4,1525.85,0
2026-04-30 12:34:00,1525.9,1526.35,1525.8,1526.25,0
2026-04-30 12:35:00,1526.2,1526.4,1525.7,1525.7,0
2026-04-30 12:36:00,1525.65,1525.85,1525.45,1525.55,0
2026-04-30 12:37:00,1525.55,1525.55,1525.0,1525.1,0
2026-04-30 12:38:00,1525.15,1525.6,1525.1,1525.5,0
2026-04-30 12:39:00,1525.55,1525.8,1525.45,1525.65,0
2026-04-30 12:40:00,1525.7,1525.95,1525.6,1525.6,0
2026-04-30 12:41:00,1525.6,1526.1,1525.55,1525.85,0
2026-04-30 12:42:00,1525.8,1526.55,1525.7,1526.4,0
2026-04-30 12:43:00,1526.4,1526.4,1526.0,1526.1,0
2026-04-30 12:44:00,1526.15,1526.45,1526.0,1526.35,0
2026-04-30 12:45:00,1526.4,1526.6,1526.35,1526.4,0
2026-04-30 12:46:00,1526.4,1527.15,1526.4,1527.15,0
2026-04-30 12:47:00,1527.3,1527.55,1526.85,1527.05,0
2026-04-30 12:48:00,1527.0,1527.35,1526.95,1527.1,0
2026-04-30 12:49:00,1527.1,1527.5,1527.05,1527.35,0
2026-04-30 12:50:00,1527.35,1527.35,1527.15,1527.25,0
2026-04-30 12:51:00,1527.25,1527.25,1526.9,1527.0,0
2026-04-30 12:52:00,1526.95,1527.25,1526.95,1526.95,0
2026-04-30 12:53:00,1526.95,1527.05,1526.7,1526.9,0
2026-04-30 12:54:00,1526.9,1527.45,1526.9,1527.35,0
2026-04-30 12:55:00,1527.4,1527.5,1527.1,1527.2,0
2026-04-30 12:56:00,1527.2,1527.25,1527.05,1527.05,0
2026-04-30 12:57:00,1527.0,1527.9,1527.0,1527.6,0
2026-04-30 12:58:00,1527.6,1527.7,1527.4,1527.45,0
2026-04-30 12:59:00,1527.4,1527.7,1527.4,1527.55,0
2026-04-30 13:00:00,1527.55,1527.85,1527.5,1527.8,0
2026-04-30 13:01:00,1527.8,1528.0,1527.65,1527.85,0
2026-04-30 13:02:00,1527.8,1527.8,1527.15,1527.3,0
2026-04-30 13:03:00,1527.25,1527.3,1527.05,1527.3,0
2026-04-30 13:04:00,1527.3,1527.35,1527.05,1527.05,0
2026-04-30 13:05:00,1527.05,1527.05,1526.2,1526.25,0
2026-04-30 13:06:00,1526.2,1526.9,1526.0,1526.55,0
2026-04-30 13:07:00,1526.55,1526.7,1526.3,1526.7,0
2026-04-30 13:08:00,1526.7,1527.65,1526.65,1527.6,0
2026-04-30 13:09:00,1527.55,1527.9,1527.55,1527.8,0
2026-04-30 13:10:00,1527.8,1527.95,1527.5,1527.7,0
2026-04-30 13:11:00,1527.65,1528.5,1527.6,1528.1,0
2026-04-30 13:12:00,1528.05,1528.35,1527.95,1528.35,0
2026-04-30 13:13:00,1528.35,1528.45,1528.1,1528.1,0
2026-04-30 13:14:00,1528.1,1528.45,1528.1,1528.2,0
2026-04-30 13:15:00,1528.2,1528.45,1528.2,1528.35,0
2026-04-30 13:16:00,1528.3,1528.4,1527.65,1527.7,0
2026-04-30 13:17:00,1527.65,1527.85,1527.6,1527.7,0
2026-04-30 13:18:00,1527.7,1528.1,1527.7,1528.0,0
2026-04-30 13:19:00,1528.0,1528.05,1527.65,1527.7,0
2026-04-30 13:20:00,1527.65,1528.15,1527.65,1528.1,0
2026-04-30 13:21:00,1528.15,1528.8,1528.15,1528.7,0
2026-04-30 13:22:00,1528.7,1528.85,1528.55,1528.6,0
2026-04-30 13:23:00,1528.55,1529.1,1528.35,1529.0,0
2026-04-30 13:24:00,1529.05,1529.5,1529.05,1529.15,0
2026-04-30 13:25:00,1529.15,1529.25,1528.75,1528.95,0
2026-04-30 13:26:00,1528.95,1529.5,1528.9,1529.4,0
2026-04-30 13:27:00,1529.4,1529.95,1529.4,1529.6,0
2026-04-30 13:28:00,1529.55,1529.9,1529.3,1529.3,0
2026-04-30 13:29:00,1529.3,1529.5,1529.15,1529.35,0
2026-04-30 13:30:00,1529.35,1529.55,1529.25,1529.45,0
2026-04-30 13:31:00,1529.45,1529.55,1529.05,1529.05,0
2026-04-30 13:32:00,1529.05,1529.2,1528.9,1529.0,0
2026-04-30 13:33:00,1529.0,1529.65,1528.95,1529.65,0
2026-04-30 13:34:00,1529.6,1530.05,1529.55,1529.75,0
2026-04-30 13:35:00,1529.8,1530.75,1529.75,1530.55,0
2026-04-30 13:36:00,1530.55,1530.9,1530.55,1530.9,0
2026-04-30 13:37:00,1530.95,1531.05,1530.6,1530.7,0
2026-04-30 13:38:00,1530.8,1530.85,1530.35,1530.7,0
2026-04-30 13:39:00,1530.75,1530.85,1530.2,1530.2,0
2026-04-30 13:40:00,1530.2,1531.05,1530.15,1530.95,0
2026-04-30 13:41:00,1531.15,1532.05,1531.1,1532.0,0
2026-04-30 13:42:00,1531.95,1532.2,1531.85,1532.1,0
2026-04-30 13:43:00,1532.05,1532.65,1532.0,1532.55,0
2026-04-30 13:44:00,1532.45,1533.25,1532.4,1533.2,0
2026-04-30 13:45:00,1533.2,1533.85,1533.05,1533.2,0
2026-04-30 13:46:00,1533.2,1533.6,1533.1,1533.15,0
2026-04-30 13:47:00,1533.15,1533.55,1533.1,1533.35,0
2026-04-30 13:48:00,1533.35,1533.45,1532.95,1533.45,0
2026-04-30 13:49:00,1533.45,1533.85,1533.45,1533.8,0
2026-04-30 13:50:00,1533.85,1534.0,1533.55,1533.55,0
2026-04-30 13:51:00,1533.55,1533.6,1532.6,1532.65,0
2026-04-30 13:52:00,1532.6,1533.2,1532.4,1532.9,0
2026-04-30 13:53:00,1532.85,1533.2,1532.6,1532.6,0
2026-04-30 13:54:00,1532.55,1533.5,1532.5,1533.5,0
2026-04-30 13:55:00,1533.55,1534.45,1533.55,1534.0,0
2026-04-30 13:56:00,1534.0,1534.4,1533.95,1534.3,0
2026-04-30 13:57:00,1534.35,1534.45,1534.1,1534.15,0
2026-04-30 13:58:00,1534.1,1535.1,1534.05,1535.1,0
2026-04-30 13:59:00,1535.05,1535.2,1534.9,1535.05,0
2026-04-30 14:00:00,1535.05,1535.1,1534.1,1534.15,0
2026-04-30 14:01:00,1534.2,1534.45,1533.6,1533.6,0
2026-04-30 14:02:00,1533.6,1534.0,1533.55,1533.9,0
2026-04-30 14:03:00,1533.95,1534.25,1533.85,1534.2,0
2026-04-30 14:04:00,1534.2,1534.2,1533.5,1533.6,0
2026-04-30 14:05:00,1533.6,1533.65,1532.6,1532.65,0
2026-04-30 14:06:00,1532.6,1532.6,1532.1,1532.35,0
2026-04-30 14:07:00,1532.45,1532.6,1532.2,1532.4,0
2026-04-30 14:08:00,1532.3,1532.5,1532.15,1532.45,0
2026-04-30 14:09:00,1532.45,1533.7,1532.2,1533.6,0
2026-04-30 14:10:00,1533.6,1533.9,1533.35,1533.6,0
2026-04-30 14:11:00,1533.55,1533.55,1532.8,1533.3,0
2026-04-30 14:12:00,1533.35,1533.45,1532.9,1533.15,0
2026-04-30 14:13:00,1533.2,1533.75,1532.85,1532.9,0
2026-04-30 14:14:00,1532.9,1532.95,1532.6,1532.7,0
2026-04-30 14:15:00,1532.75,1533.2,1532.75,1533.1,0
2026-04-30 14:16:00,1533.1,1533.55,1533.1,1533.35,0
2026-04-30 14:17:00,1533.3,1533.4,1532.7,1532.85,0
2026-04-30 14:18:00,1532.8,1532.8,1531.8,1532.05,0
2026-04-30 14:19:00,1532.1,1532.15,1531.4,1531.45,0
2026-04-30 14:20:00,1531.45,1531.85,1531.4,1531.7,0
2026-04-30 14:21:00,1531.65,1531.85,1531.15,1531.25,0
2026-04-30 14:22:00,1531.25,1531.25,1531.0,1531.15,0
2026-04-30 14:23:00,1531.15,1532.5,1531.1,1532.45,0
2026-04-30 14:24:00,1532.45,1532.7,1532.3,1532.4,0
2026-04-30 14:25:00,1532.35,1532.55,1531.9,1532.0,0
2026-04-30 14:26:00,1531.95,1532.2,1531.7,1532.05,0
2026-04-30 14:27:00,1532.0,1532.3,1531.25,1531.55,0
2026-04-30 14:28:00,1531.55,1531.9,1531.1,1531.9,0
2026-04-30 14:29:00,1532.0,1532.65,1531.65,1532.6,0
2026-04-30 14:30:00,1532.55,1532.95,1532.55,1532.6,0
2026-04-30 14:31:00,1532.6,1533.95,1532.6,1533.95,0
2026-04-30 14:32:00,1533.95,1534.05,1533.5,1533.6,0
2026-04-30 14:33:00,1533.5,1534.2,1533.2,1534.15,0
2026-04-30 14:34:00,1534.2,1535.0,1534.1,1535.0,0
2026-04-30 14:35:00,1535.0,1535.45,1534.95,1535.25,0
2026-04-30 14:36:00,1535.25,1535.85,1534.95,1535.8,0
2026-04-30 14:37:00,1535.75,1536.05,1535.5,1535.7,0
2026-04-30 14:38:00,1535.7,1535.9,1535.2,1535.9,0
2026-04-30 14:39:00,1535.9,1536.65,1535.75,1536.6,0
2026-04-30 14:40:00,1536.6,1536.7,1536.15,1536.45,0
2026-04-30 14:41:00,1536.45,1536.5,1536.1,1536.2,0
2026-04-30 14:42:00,1536.2,1537.15,1536.2,1537.15,0
2026-04-30 14:43:00,1537.2,1537.85,1537.2,1537.55,0
2026-04-30 14:44:00,1537.55,1537.85,1537.1,1537.3,0
2026-04-30 14:45:00,1537.3,1537.65,1536.7,1536.95,0
2026-04-30 14:46:00,1537.0,1537.0,1536.55,1536.7,0
2026-04-30 14:47:00,1536.7,1536.75,1536.1,1536.15,0
2026-04-30 14:48:00,1536.1,1536.4,1535.7,1536.3,0
2026-04-30 14:49:00,1536.4,1536.45,1535.3,1535.3,0
2026-04-30 14:50:00,1535.3,1535.45,1534.15,1534.2,0
2026-04-30 14:51:00,1534.2,1535.0,1534.05,1535.0,0
2026-04-30 14:52:00,1535.0,1535.2,1534.55,1534.85,0
2026-04-30 14:53:00,1534.85,1535.25,1534.5,1535.1,0
2026-04-30 14:54:00,1535.15,1535.25,1534.8,1534.9,0
2026-04-30 14:55:00,1534.9,1535.3,1534.8,1535.1,0
2026-04-30 14:56:00,1535.05,1535.55,1534.95,1535.3,0
2026-04-30 14:57:00,1535.35,1535.55,1535.1,1535.5,0
2026-04-30 14:58:00,1535.45,1535.85,1535.35,1535.75,0
2026-04-30 14:59:00,1535.8,1536.95,1535.8,1536.65,0
2026-04-30 15:00:00,1536.75,1536.75,1534.2,1535.3,0
2026-04-30 15:01:00,1535.3,1535.35,1533.45,1533.45,0
2026-04-30 15:02:00,1533.45,1533.5,1532.8,1533.15,0
2026-04-30 15:03:00,1533.15,1533.9,1532.75,1533.75,0
2026-04-30 15:04:00,1533.75,1533.8,1532.8,1532.9,0
2026-04-30 15:05:00,1532.9,1532.9,1532.2,1532.5,0
2026-04-30 15:06:00,1532.5,1532.95,1532.15,1532.85,0
2026-04-30 15:07:00,1532.85,1532.9,1531.8,1531.85,0
2026-04-30 15:08:00,1531.85,1531.95,1531.2,1531.5,0
2026-04-30 15:09:00,1531.5,1531.5,1531.05,1531.15,0
2026-04-30 15:10:00,1531.15,1531.2,1530.85,1531.1,0
2026-04-30 15:11:00,1531.1,1531.1,1530.7,1530.7,0
2026-04-30 15:12:00,1530.7,1531.35,1530.65,1531.3,0
2026-04-30 15:13:00,1531.3,1531.55,1531.05,1531.5,0
2026-04-30 15:14:00,1531.5,1532.2,1531.4,1532.2,0
2026-04-30 15:15:00,1532.2,1532.35,1531.95,1532.35,0
2026-04-30 15:16:00,1532.35,1532.4,1532.0,1532.25,0
2026-04-30 15:17:00,1532.25,1533.15,1532.25,1533.1,0
2026-04-30 15:18:00,1533.1,1533.2,1532.6,1532.9,0
2026-04-30 15:19:00,1532.9,1532.95,1532.7,1532.8,0
2026-04-30 15:20:00,1532.8,1532.8,1532.45,1532.6,0
2026-04-30 15:21:00,1532.6,1532.65,1532.45,1532.5,0
2026-04-30 15:22:00,1532.5,1532.55,1531.7,1531.8,0
2026-04-30 15:23:00,1531.8,1532.7,1531.7,1532.7,0
2026-04-30 15:24:00,1532.7,1533.2,1532.6,1533.15,0
2026-04-30 15:25:00,1533.15,1533.5,1533.05,1533.5,0
2026-04-30 15:26:00,1533.5,1534.15,1533.35,1534.1,0
2026-04-30 15:27:00,1534.1,1534.6,1533.9,1534.45,0
2026-04-30 15:28:00,1534.45,1535.35,1534.3,1535.3,0
2026-04-30 15:29:00,1535.3,1535.55,1534.7,1535.25,0
2026-05-04 09:15:00,1539.2,1547.25,1539.15,1544.3,0
2026-05-04 09:16:00,1544.3,1545.85,1543.45,1545.3,0
2026-05-04 09:17:00,1545.05,1545.45,1543.45,1543.45,0
2026-05-04 09:18:00,1543.7,1545.25,1543.65,1544.5,0
2026-05-04 09:19:00,1544.55,1544.55,1543.3,1543.65,0
2026-05-04 09:20:00,1543.8,1546.1,1543.8,1545.3,0
2026-05-04 09:21:00,1545.25,1545.55,1544.15,1544.15,0
2026-05-04 09:22:00,1544.15,1545.75,1543.85,1544.75,0
2026-05-04 09:23:00,1544.7,1544.85,1543.95,1544.45,0
2026-05-04 09:24:00,1544.3,1544.35,1543.25,1544.1,0
2026-05-04 09:25:00,1544.1,1544.75,1544.1,1544.75,0
2026-05-04 09:26:00,1544.75,1545.2,1544.6,1545.1,0
2026-05-04 09:27:00,1545.1,1545.65,1544.8,1545.65,0
2026-05-04 09:28:00,1545.6,1546.2,1545.45,1545.7,0
2026-05-04 09:29:00,1545.7,1546.05,1545.4,1545.8,0
2026-05-04 09:30:00,1545.8,1547.4,1545.8,1547.4,0
2026-05-04 09:31:00,1547.35,1547.5,1546.25,1546.4,0
2026-05-04 09:32:00,1546.5,1546.6,1545.25,1545.25,0
2026-05-04 09:33:00,1545.2,1546.0,1544.6,1545.65,0
2026-05-04 09:34:00,1545.65,1547.0,1545.65,1546.95,0
2026-05-04 09:35:00,1547.0,1548.05,1546.95,1547.55,0
2026-05-04 09:36:00,1547.55,1548.35,1547.45,1547.45,0
2026-05-04 09:37:00,1547.45,1548.45,1547.1,1548.4,0
2026-05-04 09:38:00,1548.35,1548.75,1548.25,1548.4,0
2026-05-04 09:39:00,1548.35,1548.65,1548.25,1548.3,0
2026-05-04 09:40:00,1548.3,1549.4,1548.25,1548.7,0
2026-05-04 09:41:00,1548.7,1549.25,1548.6,1549.2,0
2026-05-04 09:42:00,1549.15,1549.55,1549.0,1549.1,0
2026-05-04 09:43:00,1549.15,1549.6,1548.95,1549.35,0
2026-05-04 09:44:00,1549.4,1549.5,1548.7,1549.2,0
2026-05-04 09:45:00,1549.3,1549.55,1548.95,1549.35,0
2026-05-04 09:46:00,1549.35,1549.4,1548.9,1548.95,0
2026-05-04 09:47:00,1548.85,1549.55,1548.8,1549.4,0
2026-05-04 09:48:00,1549.4,1549.55,1549.25,1549.25,0
2026-05-04 09:49:00,1549.25,1549.4,1549.0,1549.2,0
2026-05-04 09:50:00,1549.25,1549.35,1548.4,1548.45,0
2026-05-04 09:51:00,1548.5,1548.8,1548.0,1548.2,0
2026-05-04 09:52:00,1548.2,1548.65,1548.1,1548.6,0
2026-05-04 09:53:00,1548.65,1548.75,1546.65,1546.65,0
2026-05-04 09:54:00,1546.65,1547.45,1546.5,1547.05,0
2026-05-04 09:55:00,1547.1,1547.8,1546.8,1547.4,0
2026-05-04 09:56:00,1547.45,1548.05,1547.45,1547.6,0
2026-05-04 09:57:00,1547.65,1548.25,1547.6,1548.2,0
2026-05-04 09:58:00,1548.2,1548.35,1547.55,1547.9,0
2026-05-04 09:59:00,1547.95,1548.75,1547.95,1548.75,0
2026-05-04 10:00:00,1548.75,1549.75,1548.75,1549.35,0
2026-05-04 10:01:00,1549.4,1549.45,1549.05,1549.15,0
2026-05-04 10:02:00,1549.15,1549.3,1547.85,1547.85,0
2026-05-04 10:03:00,1547.9,1547.95,1546.95,1547.4,0
2026-05-04 10:04:00,1547.4,1547.55,1546.75,1547.25,0
2026-05-04 10:05:00,1547.25,1548.1,1547.1,1548.0,0
2026-05-04 10:06:00,1547.95,1548.65,1547.3,1547.3,0
2026-05-04 10:07:00,1547.3,1547.7,1547.15,1547.2,0
2026-05-04 10:08:00,1547.15,1547.8,1547.15,1547.8,0
2026-05-04 10:09:00,1547.8,1547.95,1547.15,1547.25,0
2026-05-04 10:10:00,1547.25,1547.7,1547.25,1547.7,0
2026-05-04 10:11:00,1547.7,1547.8,1547.0,1547.0,0
2026-05-04 10:12:00,1547.0,1547.05,1546.3,1546.35,0
2026-05-04 10:13:00,1546.05,1546.2,1545.45,1545.55,0
2026-05-04 10:14:00,1545.45,1545.55,1544.75,1544.9,0
2026-05-04 10:15:00,1544.85,1545.85,1544.8,1545.15,0
2026-05-04 10:16:00,1545.25,1545.45,1544.85,1544.95,0
2026-05-04 10:17:00,1544.9,1544.9,1544.35,1544.5,0
2026-05-04 10:18:00,1544.5,1544.7,1544.2,1544.45,0
2026-05-04 10:19:00,1544.45,1544.85,1544.35,1544.8,0
2026-05-04 10:20:00,1544.7,1544.95,1544.3,1544.65,0
2026-05-04 10:21:00,1544.65,1545.05,1544.65,1544.7,0
2026-05-04 10:22:00,1544.7,1544.75,1542.8,1543.25,0
2026-05-04 10:23:00,1543.25,1544.0,1542.7,1542.8,0
2026-05-04 10:24:00,1542.85,1543.55,1542.65,1542.65,0
2026-05-04 10:25:00,1542.65,1543.25,1542.6,1543.15,0
2026-05-04 10:26:00,1543.15,1543.9,1542.9,1543.7,0
2026-05-04 10:27:00,1543.6,1543.75,1543.2,1543.6,0
2026-05-04 10:28:00,1543.6,1544.8,1543.6,1544.8,0
2026-05-04 10:29:00,1544.75,1545.7,1544.75,1545.7,0
2026-05-04 10:30:00,1545.75,1546.6,1545.7,1546.6,0
2026-05-04 10:31:00,1546.55,1546.95,1546.55,1546.85,0
2026-05-04 10:32:00,1546.85,1547.05,1546.35,1546.35,0
2026-05-04 10:33:00,1546.4,1546.5,1544.5,1545.05,0
2026-05-04 10:34:00,1545.05,1545.3,1544.6,1545.15,0
2026-05-04 10:35:00,1545.2,1545.65,1545.2,1545.35,0
2026-05-04 10:36:00,1545.25,1545.95,1544.75,1545.7,0
2026-05-04 10:37:00,1545.7,1546.15,1545.7,1546.05,0
2026-05-04 10:38:00,1546.0,1546.6,1545.95,1546.6,0
2026-05-04 10:39:00,1546.6,1546.9,1546.5,1546.7,0
2026-05-04 10:40:00,1546.7,1546.75,1546.4,1546.45,0
2026-05-04 10:41:00,1546.45,1546.7,1546.1,1546.5,0
2026-05-04 10:42:00,1546.45,1546.55,1546.2,1546.4,0
2026-05-04 10:43:00,1546.4,1546.7,1546.05,1546.6,0
2026-05-04 10:44:00,1546.65,1546.9,1546.65,1546.75,0
2026-05-04 10:45:00,1546.75,1547.0,1546.4,1546.95,0
2026-05-04 10:46:00,1547.0,1547.15,1546.8,1546.8,0
2026-05-04 10:47:00,1546.85,1547.0,1546.6,1546.65,0
2026-05-04 10:48:00,1546.6,1547.45,1546.55,1547.45,0
2026-05-04 10:49:00,1547.5,1548.1,1547.5,1547.6,0
2026-05-04 10:50:00,1547.6,1548.0,1547.5,1547.95,0
2026-05-04 10:51:00,1547.95,1548.1,1547.75,1547.95,0
2026-05-04 10:52:00,1547.9,1548.1,1547.4,1547.4,0
2026-05-04 10:53:00,1547.35,1547.85,1547.35,1547.55,0
2026-05-04 10:54:00,1547.5,1547.55,1546.9,1547.2,0
2026-05-04 10:55:00,1547.15,1547.2,1546.55,1546.6,0
2026-05-04 10:56:00,1546.65,1546.65,1546.0,1546.4,0
2026-05-04 10:57:00,1546.45,1546.65,1545.75,1545.85,0
2026-05-04 10:58:00,1545.75,1545.9,1545.55,1545.75,0
2026-05-04 10:59:00,1545.75,1546.0,1545.35,1545.4,0
2026-05-04 11:00:00,1545.4,1545.85,1544.85,1545.85,0
2026-05-04 11:01:00,1545.85,1545.95,1545.75,1545.75,0
2026-05-04 11:02:00,1545.75,1546.25,1545.75,1546.25,0
2026-05-04 11:03:00,1546.25,1546.55,1546.2,1546.55,0
2026-05-04 11:04:00,1546.55,1546.8,1546.25,1546.65,0
2026-05-04 11:05:00,1546.7,1546.95,1546.55,1546.85,0
2026-05-04 11:06:00,1546.85,1546.85,1546.1,1546.5,0
2026-05-04 11:07:00,1546.45,1547.05,1546.45,1547.05,0
2026-05-04 11:08:00,1547.05,1547.3,1547.0,1547.25,0
2026-05-04 11:09:00,1547.3,1547.45,1546.95,1546.95,0
2026-05-04 11:10:00,1547.0,1547.25,1546.9,1546.9,0
2026-05-04 11:11:00,1546.9,1547.5,1546.9,1547.45,0
2026-05-04 11:12:00,1547.45,1547.7,1547.45,1547.6,0
2026-05-04 11:13:00,1547.6,1547.65,1547.4,1547.65,0
2026-05-04 11:14:00,1547.65,1548.1,1547.5,1548.1,0
2026-05-04 11:15:00,1548.1,1548.8,1548.1,1548.75,0
2026-05-04 11:16:00,1548.75,1548.85,1548.5,1548.85,0
2026-05-04 11:17:00,1548.8,1549.05,1548.75,1548.75,0
2026-05-04 11:18:00,1548.75,1548.9,1548.55,1548.8,0
2026-05-04 11:19:00,1548.8,1548.85,1548.3,1548.4,0
2026-05-04 11:20:00,1548.4,1549.0,1548.4,1548.6,0
2026-05-04 11:21:00,1548.6,1548.7,1548.3,1548.65,0
2026-05-04 11:22:00,1548.65,1548.9,1548.25,1548.3,0
2026-05-04 11:23:00,1548.35,1548.6,1548.15,1548.55,0
2026-05-04 11:24:00,1548.55,1548.9,1548.45,1548.8,0
2026-05-04 11:25:00,1548.8,1548.95,1548.7,1548.75,0
2026-05-04 11:26:00,1548.7,1548.8,1548.35,1548.7,0
2026-05-04 11:27:00,1548.7,1549.15,1548.65,1549.15,0
2026-05-04 11:28:00,1549.15,1549.4,1549.05,1549.35,0
2026-05-04 11:29:00,1549.4,1549.4,1549.2,1549.25,0
2026-05-04 11:30:00,1549.2,1549.35,1548.95,1548.95,0
2026-05-04 11:31:00,1548.95,1549.1,1548.6,1548.95,0
2026-05-04 11:32:00,1548.95,1549.45,1548.95,1549.35,0
2026-05-04 11:33:00,1549.35,1549.45,1549.2,1549.35,0
2026-05-04 11:34:00,1549.3,1549.5,1548.75,1548.8,0
2026-05-04 11:35:00,1548.8,1548.95,1548.75,1548.9,0
2026-05-04 11:36:00,1548.9,1549.0,1548.6,1549.0,0
2026-05-04 11:37:00,1549.05,1549.25,1548.9,1548.9,0
2026-05-04 11:38:00,1548.85,1549.1,1548.4,1549.1,0
2026-05-04 11:39:00,1549.1,1549.65,1549.1,1549.4,0
2026-05-04 11:40:00,1549.4,1549.45,1548.95,1549.1,0
2026-05-04 11:41:00,1549.1,1549.2,1548.4,1548.4,0
2026-05-04 11:42:00,1548.45,1549.3,1548.4,1549.1,0
2026-05-04 11:43:00,1549.1,1549.45,1549.1,1549.25,0
2026-05-04 11:44:00,1549.25,1549.25,1548.95,1548.95,0
2026-05-04 11:45:00,1548.95,1549.35,1548.75,1548.9,0
2026-05-04 11:46:00,1548.9,1549.15,1548.85,1549.0,0
2026-05-04 11:47:00,1549.05,1549.35,1549.0,1549.3,0
2026-05-04 11:48:00,1549.3,1549.9,1549.2,1549.8,0
2026-05-04 11:49:00,1549.85,1550.05,1549.45,1549.45,0
2026-05-04 11:50:00,1549.5,1549.8,1549.15,1549.15,0
2026-05-04 11:51:00,1549.15,1549.55,1549.15,1549.35,0
2026-05-04 11:52:00,1549.4,1549.65,1549.2,1549.35,0
2026-05-04 11:53:00,1549.35,1549.45,1548.85,1548.9,0
2026-05-04 11:54:00,1548.9,1549.0,1548.65,1548.9,0
2026-05-04 11:55:00,1548.95,1549.1,1548.75,1548.8,0
2026-05-04 11:56:00,1548.85,1548.9,1548.3,1548.55,0
2026-05-04 11:57:00,1548.6,1548.85,1548.5,1548.65,0
2026-05-04 11:58:00,1548.65,1548.9,1548.5,1548.5,0
2026-05-04 11:59:00,1548.5,1548.65,1548.25,1548.55,0
2026-05-04 12:00:00,1548.6,1548.95,1548.5,1548.5,0
2026-05-04 12:01:00,1548.55,1548.7,1548.35,1548.65,0
2026-05-04 12:02:00,1548.75,1548.75,1548.45,1548.6,0
2026-05-04 12:03:00,1548.6,1548.65,1548.0,1548.0,0
2026-05-04 12:04:00,1548.05,1548.2,1547.95,1548.05,0
2026-05-04 12:05:00,1548.05,1548.5,1548.0,1548.3,0
2026-05-04 12:06:00,1548.3,1548.35,1547.5,1547.55,0
2026-05-04 12:07:00,1547.55,1547.6,1546.85,1547.15,0
2026-05-04 12:08:00,1547.15,1547.25,1546.7,1547.25,0
2026-05-04 12:09:00,1547.2,1547.45,1546.95,1547.25,0
2026-05-04 12:10:00,1547.25,1547.3,1545.6,1545.7,0
2026-05-04 12:11:00,1545.7,1545.7,1544.25,1544.3,0
2026-05-04 12:12:00,1544.25,1544.25,1543.55,1543.55,0
2026-05-04 12:13:00,1543.5,1543.55,1543.0,1543.0,0
2026-05-04 12:14:00,1543.0,1543.1,1542.25,1542.25,0
2026-05-04 12:15:00,1542.3,1542.65,1541.95,1542.4,0
2026-05-04 12:16:00,1542.4,1543.0,1542.1,1542.95,0
2026-05-04 12:17:00,1542.95,1543.0,1541.7,1541.75,0
2026-05-04 12:18:00,1541.8,1542.95,1541.75,1542.8,0
2026-05-04 12:19:00,1542.85,1543.8,1542.75,1543.75,0
2026-05-04 12:20:00,1543.75,1544.3,1543.75,1543.8,0
2026-05-04 12:21:00,1543.75,1543.8,1542.45,1542.6,0
2026-05-04 12:22:00,1542.6,1543.0,1542.5,1542.75,0
2026-05-04 12:23:00,1542.75,1543.3,1542.75,1543.1,0
2026-05-04 12:24:00,1543.15,1543.75,1543.15,1543.3,0
2026-05-04 12:25:00,1543.35,1543.45,1543.1,1543.4,0
2026-05-04 12:26:00,1543.45,1544.15,1543.45,1544.0,0
2026-05-04 12:27:00,1544.0,1544.0,1543.1,1543.25,0
2026-05-04 12:28:00,1543.3,1543.6,1543.25,1543.5,0
2026-05-04 12:29:00,1543.5,1543.55,1543.2,1543.2,0
2026-05-04 12:30:00,1543.2,1543.3,1542.4,1542.4,0
2026-05-04 12:31:00,1542.4,1542.5,1542.1,1542.15,0
2026-05-04 12:32:00,1542.1,1542.5,1542.05,1542.15,0
2026-05-04 12:33:00,1542.15,1542.55,1542.05,1542.1,0
2026-05-04 12:34:00,1542.1,1542.15,1541.45,1541.55,0
2026-05-04 12:35:00,1541.55,1542.5,1541.35,1542.5,0
2026-05-04 12:36:00,1542.55,1542.75,1542.3,1542.55,0
2026-05-04 12:37:00,1542.55,1542.7,1541.8,1541.9,0
2026-05-04 12:38:00,1541.85,1542.3,1541.75,1542.15,0
2026-05-04 12:39:00,1542.1,1542.65,1542.1,1542.55,0
2026-05-04 12:40:00,1542.6,1542.85,1542.35,1542.85,0
2026-05-04 12:41:00,1542.9,1543.1,1542.8,1542.8,0
2026-05-04 12:42:00,1542.8,1542.85,1542.15,1542.2,0
2026-05-04 12:43:00,1542.15,1542.35,1541.25,1541.25,0
2026-05-04 12:44:00,1541.25,1541.45,1540.95,1540.95,0
2026-05-04 12:45:00,1540.95,1541.55,1540.85,1541.5,0
2026-05-04 12:46:00,1541.5,1541.85,1541.25,1541.55,0
2026-05-04 12:47:00,1541.55,1541.6,1540.8,1540.9,0
2026-05-04 12:48:00,1540.9,1540.9,1539.8,1539.8,0
2026-05-04 12:49:00,1539.8,1539.85,1539.35,1539.85,0
2026-05-04 12:50:00,1539.9,1540.5,1539.8,1540.2,0
2026-05-04 12:51:00,1540.15,1540.5,1539.85,1540.45,0
2026-05-04 12:52:00,1540.45,1541.3,1540.4,1541.15,0
2026-05-04 12:53:00,1541.1,1541.5,1540.85,1541.3,0
2026-05-04 12:54:00,1541.3,1541.45,1540.9,1540.9,0
2026-05-04 12:55:00,1540.95,1541.45,1540.75,1541.3,0
2026-05-04 12:56:00,1541.3,1541.35,1541.1,1541.2,0
2026-05-04 12:57:00,1541.15,1541.5,1541.1,1541.1,0
2026-05-04 12:58:00,1541.05,1541.15,1540.5,1540.65,0
2026-05-04 12:59:00,1540.65,1540.9,1540.6,1540.75,0
2026-05-04 13:00:00,1540.75,1540.9,1540.05,1540.25,0
2026-05-04 13:01:00,1540.25,1540.8,1540.25,1540.35,0
2026-05-04 13:02:00,1540.35,1540.7,1540.35,1540.5,0
2026-05-04 13:03:00,1540.5,1540.65,1540.3,1540.3,0
2026-05-04 13:04:00,1540.3,1540.8,1540.2,1540.65,0
2026-05-04 13:05:00,1540.6,1541.05,1540.55,1540.85,0
2026-05-04 13:06:00,1540.85,1540.85,1540.25,1540.55,0
2026-05-04 13:07:00,1540.5,1541.0,1540.4,1540.9,0
2026-05-04 13:08:00,1540.85,1541.2,1540.7,1541.15,0
2026-05-04 13:09:00,1541.1,1541.4,1541.05,1541.35,0
2026-05-04 13:10:00,1541.35,1541.4,1541.1,1541.25,0
2026-05-04 13:11:00,1541.2,1541.5,1541.2,1541.4,0
2026-05-04 13:12:00,1541.4,1541.85,1541.35,1541.7,0
2026-05-04 13:13:00,1541.7,1541.9,1541.45,1541.7,0
2026-05-04 13:14:00,1541.75,1541.85,1541.15,1541.25,0
2026-05-04 13:15:00,1541.25,1541.35,1541.05,1541.05,0
2026-05-04 13:16:00,1540.95,1541.05,1540.4,1540.6,0
2026-05-04 13:17:00,1540.6,1540.95,1539.95,1539.95,0
2026-05-04 13:18:00,1539.95,1540.45,1539.35,1540.4,0
2026-05-04 13:19:00,1540.45,1540.7,1540.45,1540.5,0
2026-05-04 13:20:00,1540.45,1540.55,1539.25,1539.25,0
2026-05-04 13:21:00,1539.25,1539.35,1538.85,1539.25,0
2026-05-04 13:22:00,1539.25,1539.7,1538.65,1538.7,0
2026-05-04 13:23:00,1538.65,1538.7,1537.95,1538.1,0
2026-05-04 13:24:00,1538.1,1538.95,1538.1,1538.75,0
2026-05-04 13:25:00,1538.75,1538.8,1538.35,1538.65,0
2026-05-04 13:26:00,1538.65,1539.5,1538.65,1539.3,0
2026-05-04 13:27:00,1539.2,1539.3,1538.65,1538.65,0
2026-05-04 13:28:00,1538.65,1538.75,1537.45,1537.45,0
2026-05-04 13:29:00,1537.5,1537.5,1535.75,1535.75,0
2026-05-04 13:30:00,1535.65,1535.65,1534.55,1535.35,0
2026-05-04 13:31:00,1535.35,1536.1,1535.35,1536.05,0
2026-05-04 13:32:00,1536.05,1536.6,1535.75,1535.75,0
2026-05-04 13:33:00,1535.75,1536.15,1535.75,1536.15,0
2026-05-04 13:34:00,1536.1,1536.15,1535.25,1535.3,0
2026-05-04 13:35:00,1535.25,1535.25,1534.45,1534.5,0
2026-05-04 13:36:00,1534.45,1535.15,1534.45,1535.15,0
2026-05-04 13:37:00,1535.15,1535.75,1535.1,1535.75,0
2026-05-04 13:38:00,1535.75,1535.9,1535.3,1535.8,0
2026-05-04 13:39:00,1535.8,1536.65,1535.8,1536.65,0
2026-05-04 13:40:00,1536.65,1537.8,1536.65,1537.7,0
2026-05-04 13:41:00,1537.7,1538.05,1537.6,1538.0,0
2026-05-04 13:42:00,1538.0,1539.25,1538.0,1539.1,0
2026-05-04 13:43:00,1539.15,1539.9,1538.8,1539.7,0
2026-05-04 13:44:00,1539.75,1539.9,1539.5,1539.7,0
2026-05-04 13:45:00,1539.7,1539.75,1539.35,1539.4,0
2026-05-04 13:46:00,1539.4,1539.6,1539.3,1539.5,0
2026-05-04 13:47:00,1539.55,1539.8,1539.35,1539.4,0
2026-05-04 13:48:00,1539.4,1540.2,1539.35,1540.0,0
2026-05-04 13:49:00,1540.1,1540.15,1539.9,1540.05,0
2026-05-04 13:50:00,1540.05,1540.45,1540.0,1540.45,0
2026-05-04 13:51:00,1540.45,1541.05,1540.3,1540.4,0
2026-05-04 13:52:00,1540.4,1540.5,1540.0,1540.25,0
2026-05-04 13:53:00,1540.3,1540.3,1539.8,1539.8,0
2026-05-04 13:54:00,1539.85,1539.85,1539.35,1539.65,0
2026-05-04 13:55:00,1539.65,1539.8,1539.55,1539.7,0
2026-05-04 13:56:00,1539.65,1539.65,1539.0,1539.25,0
2026-05-04 13:57:00,1539.2,1539.3,1537.9,1537.9,0
2026-05-04 13:58:00,1537.85,1538.7,1537.5,1538.6,0
2026-05-04 13:59:00,1538.6,1539.15,1538.6,1538.85,0
2026-05-04 14:00:00,1538.85,1539.3,1538.85,1538.9,0
2026-05-04 14:01:00,1538.9,1538.9,1538.3,1538.8,0
2026-05-04 14:02:00,1538.8,1539.1,1538.2,1538.35,0
2026-05-04 14:03:00,1538.35,1538.45,1537.8,1538.25,0
2026-05-04 14:04:00,1538.25,1538.9,1538.25,1538.8,0
2026-05-04 14:05:00,1538.8,1539.3,1538.8,1539.15,0
2026-05-04 14:06:00,1539.15,1539.5,1539.05,1539.4,0
2026-05-04 14:07:00,1539.45,1539.45,1538.95,1539.05,0
2026-05-04 14:08:00,1539.05,1539.1,1538.6,1538.95,0
2026-05-04 14:09:00,1538.95,1539.4,1538.7,1539.4,0
2026-05-04 14:10:00,1539.5,1540.3,1539.5,1540.3,0
2026-05-04 14:11:00,1540.25,1541.45,1540.25,1541.35,0
2026-05-04 14:12:00,1541.3,1541.9,1541.25,1541.65,0
2026-05-04 14:13:00,1541.65,1541.8,1541.45,1541.45,0
2026-05-04 14:14:00,1541.45,1541.65,1541.25,1541.5,0
2026-05-04 14:15:00,1541.6,1541.85,1541.55,1541.85,0
2026-05-04 14:16:00,1541.85,1542.35,1541.85,1541.95,0
2026-05-04 14:17:00,1541.95,1542.3,1541.85,1542.3,0
2026-05-04 14:18:00,1542.3,1543.75,1542.3,1543.75,0
2026-05-04 14:19:00,1543.7,1544.2,1543.65,1543.7,0
2026-05-04 14:20:00,1543.7,1544.2,1543.7,1544.1,0
2026-05-04 14:21:00,1544.15,1544.45,1544.15,1544.25,0
2026-05-04 14:22:00,1544.25,1544.35,1543.15,1543.2,0
2026-05-04 14:23:00,1543.15,1543.3,1542.45,1543.3,0
2026-05-04 14:24:00,1543.25,1543.5,1542.95,1542.95,0
2026-05-04 14:25:00,1542.95,1543.25,1542.8,1543.25,0
2026-05-04 14:26:00,1543.2,1543.3,1542.7,1542.8,0
2026-05-04 14:27:00,1542.8,1542.85,1542.25,1542.25,0
2026-05-04 14:28:00,1542.2,1542.4,1541.95,1542.4,0
2026-05-04 14:29:00,1542.4,1542.55,1542.1,1542.55,0
2026-05-04 14:30:00,1542.55,1542.95,1542.55,1542.85,0
2026-05-04 14:31:00,1542.85,1542.9,1541.35,1542.0,0
2026-05-04 14:32:00,1542.0,1542.05,1541.45,1541.8,0
2026-05-04 14:33:00,1541.8,1541.9,1541.35,1541.55,0
2026-05-04 14:34:00,1541.5,1541.95,1541.5,1541.85,0
2026-05-04 14:35:00,1541.85,1542.15,1541.7,1541.85,0
2026-05-04 14:36:00,1541.9,1542.0,1541.35,1541.65,0
2026-05-04 14:37:00,1541.6,1542.0,1541.55,1541.8,0
2026-05-04 14:38:00,1541.75,1541.75,1541.2,1541.65,0
2026-05-04 14:39:00,1541.7,1541.8,1541.35,1541.5,0
2026-05-04 14:40:00,1541.5,1541.65,1541.0,1541.15,0
2026-05-04 14:41:00,1541.15,1541.2,1539.45,1539.7,0
2026-05-04 14:42:00,1539.65,1540.8,1539.65,1540.75,0
2026-05-04 14:43:00,1540.75,1541.05,1540.3,1541.0,0
2026-05-04 14:44:00,1541.0,1541.3,1540.95,1541.0,0
2026-05-04 14:45:00,1541.05,1541.1,1540.05,1540.1,0
2026-05-04 14:46:00,1540.1,1540.15,1539.55,1539.95,0
2026-05-04 14:47:00,1539.9,1540.5,1539.9,1540.5,0
2026-05-04 14:48:00,1540.55,1540.6,1539.85,1539.85,0
2026-05-04 14:49:00,1539.8,1539.9,1539.65,1539.75,0
2026-05-04 14:50:00,1539.8,1539.9,1539.35,1539.9,0
2026-05-04 14:51:00,1540.0,1540.1,1539.45,1539.6,0
2026-05-04 14:52:00,1539.6,1539.95,1539.45,1539.9,0
2026-05-04 14:53:00,1539.85,1540.0,1539.6,1539.65,0
2026-05-04 14:54:00,1539.65,1540.8,1539.4,1540.75,0
2026-05-04 14:55:00,1540.85,1541.55,1540.75,1541.15,0
2026-05-04 14:56:00,1541.2,1541.3,1540.25,1540.25,0
2026-05-04 14:57:00,1540.3,1540.4,1539.9,1540.35,0
2026-05-04 14:58:00,1540.35,1540.55,1540.2,1540.45,0
2026-05-04 14:59:00,1540.45,1540.85,1539.85,1540.65,0
2026-05-04 15:00:00,1540.7,1540.95,1539.75,1540.25,0
2026-05-04 15:01:00,1540.25,1540.65,1539.75,1540.55,0
2026-05-04 15:02:00,1540.55,1540.9,1540.2,1540.3,0
2026-05-04 15:03:00,1540.3,1541.3,1540.25,1541.25,0
2026-05-04 15:04:00,1541.25,1541.55,1541.05,1541.1,0
2026-05-04 15:05:00,1541.1,1541.9,1540.9,1541.9,0
2026-05-04 15:06:00,1541.9,1542.1,1541.8,1542.05,0
2026-05-04 15:07:00,1542.05,1542.35,1541.95,1542.15,0
2026-05-04 15:08:00,1542.15,1542.5,1542.15,1542.4,0
2026-05-04 15:09:00,1542.4,1542.5,1542.0,1542.1,0
2026-05-04 15:10:00,1542.1,1542.3,1541.6,1541.65,0
2026-05-04 15:11:00,1541.65,1542.15,1541.5,1541.9,0
2026-05-04 15:12:00,1541.9,1542.7,1541.9,1542.55,0
2026-05-04 15:13:00,1542.55,1542.65,1541.75,1541.85,0
2026-05-04 15:14:00,1541.85,1542.15,1541.8,1542.0,0
2026-05-04 15:15:00,1542.0,1542.55,1542.0,1542.45,0
2026-05-04 15:16:00,1542.45,1542.55,1542.2,1542.5,0
2026-05-04 15:17:00,1542.5,1542.55,1541.85,1542.0,0
2026-05-04 15:18:00,1542.0,1542.05,1541.2,1541.6,0
2026-05-04 15:19:00,1541.6,1541.95,1541.6,1541.9,0
2026-05-04 15:20:00,1541.9,1542.35,1541.65,1542.25,0
2026-05-04 15:21:00,1542.25,1542.6,1542.25,1542.25,0
2026-05-04 15:22:00,1542.25,1542.45,1541.95,1542.1,0
2026-05-04 15:23:00,1542.1,1542.2,1541.85,1542.1,0
2026-05-04 15:24:00,1542.1,1542.25,1541.7,1541.85,0
2026-05-04 15:25:00,1541.85,1542.55,1541.8,1542.05,0
2026-05-04 15:26:00,1542.05,1542.75,1541.95,1542.65,0
2026-05-04 15:27:00,1542.65,1542.95,1542.65,1542.7,0
2026-05-04 15:28:00,1542.7,1542.7,1542.45,1542.6,0
2026-05-04 15:29:00,1542.6,1543.0,1542.25,1542.85,0
2026-05-05 09:15:00,1539.6,1539.65,1533.1,1536.8,0
2026-05-05 09:16:00,1536.7,1539.0,1536.7,1537.65,0
2026-05-05 09:17:00,1537.85,1538.8,1537.35,1537.85,0
2026-05-05 09:18:00,1537.85,1538.55,1537.4,1538.55,0
2026-05-05 09:19:00,1538.65,1540.4,1538.65,1539.9,0
2026-05-05 09:20:00,1539.9,1539.95,1537.85,1537.85,0
2026-05-05 09:21:00,1538.0,1538.9,1537.8,1538.35,0
2026-05-05 09:22:00,1538.4,1538.8,1538.1,1538.7,0
2026-05-05 09:23:00,1538.55,1539.65,1538.3,1539.35,0
2026-05-05 09:24:00,1539.35,1540.2,1538.1,1538.25,0
2026-05-05 09:25:00,1538.3,1538.6,1537.5,1538.05,0
2026-05-05 09:26:00,1538.1,1538.2,1535.75,1536.1,0
2026-05-05 09:27:00,1536.0,1536.3,1535.5,1535.75,0
2026-05-05 09:28:00,1535.8,1537.35,1535.8,1536.45,0
2026-05-05 09:29:00,1536.45,1536.65,1536.2,1536.45,0
2026-05-05 09:30:00,1536.35,1538.0,1536.2,1537.95,0
2026-05-05 09:31:00,1538.0,1538.7,1538.0,1538.55,0
2026-05-05 09:32:00,1538.6,1539.35,1538.25,1538.65,0
2026-05-05 09:33:00,1538.6,1539.4,1538.6,1539.0,0
2026-05-05 09:34:00,1539.05,1539.85,1539.05,1539.8,0
2026-05-05 09:35:00,1539.75,1540.95,1539.65,1540.95,0
2026-05-05 09:36:00,1540.85,1541.2,1540.7,1540.9,0
2026-05-05 09:37:00,1540.9,1540.9,1539.15,1539.15,0
2026-05-05 09:38:00,1539.15,1539.9,1538.6,1539.65,0
2026-05-05 09:39:00,1539.65,1539.7,1538.55,1538.75,0
2026-05-05 09:40:00,1538.7,1538.7,1537.75,1538.3,0
2026-05-05 09:41:00,1538.35,1538.85,1537.7,1538.2,0
2026-05-05 09:42:00,1538.2,1539.15,1538.2,1539.05,0
2026-05-05 09:43:00,1539.05,1539.8,1538.45,1539.75,0
2026-05-05 09:44:00,1539.75,1539.95,1538.95,1539.2,0
2026-05-05 09:45:00,1539.15,1539.5,1538.55,1539.1,0
2026-05-05 09:46:00,1539.1,1539.95,1538.9,1539.8,0
2026-05-05 09:47:00,1539.8,1540.15,1539.45,1539.75,0
2026-05-05 09:48:00,1539.75,1540.2,1539.55,1540.2,0
2026-05-05 09:49:00,1540.2,1540.8,1540.2,1540.45,0
2026-05-05 09:50:00,1540.45,1540.55,1539.65,1539.95,0
2026-05-05 09:51:00,1540.0,1540.65,1539.75,1540.6,0
2026-05-05 09:52:00,1540.6,1540.85,1540.3,1540.8,0
2026-05-05 09:53:00,1540.85,1541.45,1540.8,1541.45,0
2026-05-05 09:54:00,1541.45,1541.65,1540.85,1541.15,0
2026-05-05 09:55:00,1541.1,1541.55,1541.05,1541.45,0
2026-05-05 09:56:00,1541.45,1541.5,1541.0,1541.0,0
2026-05-05 09:57:00,1541.0,1541.15,1539.95,1540.0,0
2026-05-05 09:58:00,1539.95,1540.7,1539.95,1540.5,0
2026-05-05 09:59:00,1540.55,1540.8,1540.35,1540.8,0
2026-05-05 10:00:00,1540.8,1541.5,1540.3,1540.4,0
2026-05-05 10:01:00,1540.4,1540.45,1539.95,1539.95,0
2026-05-05 10:02:00,1539.95,1540.2,1538.55,1538.6,0
2026-05-05 10:03:00,1538.6,1539.1,1538.6,1539.1,0
2026-05-05 10:04:00,1539.1,1540.0,1539.1,1539.3,0
2026-05-05 10:05:00,1539.25,1539.45,1538.8,1538.85,0
2026-05-05 10:06:00,1538.85,1538.85,1538.15,1538.45,0
2026-05-05 10:07:00,1538.4,1538.4,1537.75,1538.15,0
2026-05-05 10:08:00,1538.2,1538.65,1538.15,1538.6,0
2026-05-05 10:09:00,1538.6,1539.2,1538.35,1538.4,0
2026-05-05 10:10:00,1538.35,1538.7,1537.3,1537.35,0
2026-05-05 10:11:00,1537.3,1537.65,1537.15,1537.4,0
2026-05-05 10:12:00,1537.4,1538.0,1537.4,1537.45,0
2026-05-05 10:13:00,1537.4,1537.65,1537.35,1537.55,0
2026-05-05 10:14:00,1537.55,1537.7,1537.2,1537.5,0
2026-05-05 10:15:00,1537.5,1537.5,1536.7,1536.7,0
2026-05-05 10:16:00,1536.65,1537.25,1536.55,1537.2,0
2026-05-05 10:17:00,1537.2,1537.3,1536.75,1537.3,0
2026-05-05 10:18:00,1537.25,1537.45,1536.9,1537.35,0
2026-05-05 10:19:00,1537.4,1537.65,1537.3,1537.55,0
2026-05-05 10:20:00,1537.55,1538.1,1537.55,1537.95,0
2026-05-05 10:21:00,1537.85,1537.95,1537.55,1537.65,0
2026-05-05 10:22:00,1537.65,1537.65,1536.5,1536.55,0
2026-05-05 10:23:00,1536.55,1537.55,1536.55,1537.5,0
2026-05-05 10:24:00,1537.45,1537.6,1536.9,1537.05,0
2026-05-05 10:25:00,1537.05,1537.1,1535.5,1535.5,0
2026-05-05 10:26:00,1535.5,1536.7,1535.45,1536.15,0
2026-05-05 10:27:00,1536.1,1536.25,1535.7,1536.1,0
2026-05-05 10:28:00,1536.05,1536.2,1534.9,1535.05,0
2026-05-05 10:29:00,1535.05,1535.65,1534.95,1535.35,0
2026-05-05 10:30:00,1535.35,1535.5,1535.0,1535.4,0
2026-05-05 10:31:00,1535.45,1535.85,1535.4,1535.75,0
2026-05-05 10:32:00,1535.7,1536.05,1535.5,1535.55,0
2026-05-05 10:33:00,1535.5,1535.55,1535.0,1535.05,0
2026-05-05 10:34:00,1535.05,1535.15,1534.25,1534.45,0
2026-05-05 10:35:00,1534.4,1534.7,1533.85,1533.85,0
2026-05-05 10:36:00,1533.8,1533.8,1533.2,1533.35,0
2026-05-05 10:37:00,1533.45,1534.45,1533.45,1534.1,0
2026-05-05 10:38:00,1534.15,1534.45,1534.0,1534.3,0
2026-05-05 10:39:00,1534.3,1534.4,1534.05,1534.15,0
2026-05-05 10:40:00,1534.1,1534.15,1533.65,1533.95,0
2026-05-05 10:41:00,1533.95,1534.05,1533.7,1534.0,0
2026-05-05 10:42:00,1534.0,1534.3,1533.85,1534.0,0
2026-05-05 10:43:00,1534.0,1534.15,1533.75,1534.05,0
2026-05-05 10:44:00,1534.05,1534.45,1533.75,1533.8,0
2026-05-05 10:45:00,1533.8,1534.25,1533.75,1534.0,0
2026-05-05 10:46:00,1534.0,1534.05,1533.75,1533.85,0
2026-05-05 10:47:00,1533.85,1534.35,1533.75,1533.9,0
2026-05-05 10:48:00,1533.95,1534.2,1533.8,1534.2,0
2026-05-05 10:49:00,1534.15,1534.6,1534.15,1534.4,0
2026-05-05 10:50:00,1534.4,1534.4,1534.15,1534.25,0
2026-05-05 10:51:00,1534.2,1534.5,1533.85,1534.15,0
2026-05-05 10:52:00,1534.15,1534.15,1533.6,1533.6,0
2026-05-05 10:53:00,1533.65,1533.65,1533.0,1533.1,0
2026-05-05 10:54:00,1533.1,1533.55,1533.0,1533.5,0
2026-05-05 10:55:00,1533.55,1533.65,1533.4,1533.5,0
2026-05-05 10:56:00,1533.55,1533.6,1532.85,1533.1,0
2026-05-05 10:57:00,1533.05,1533.15,1532.85,1532.9,0
2026-05-05 10:58:00,1532.95,1533.45,1532.7,1533.4,0
2026-05-05 10:59:00,1533.35,1533.35,1533.0,1533.3,0
2026-05-05 11:00:00,1533.35,1533.55,1532.8,1533.35,0
2026-05-05 11:01:00,1533.35,1534.2,1533.25,1534.1,0
2026-05-05 11:02:00,1534.1,1534.25,1533.5,1533.8,0
2026-05-05 11:03:00,1533.8,1534.9,1533.8,1534.85,0
2026-05-05 11:04:00,1534.9,1535.1,1534.75,1535.1,0
2026-05-05 11:05:00,1535.0,1535.05,1534.25,1534.3,0
2026-05-05 11:06:00,1534.35,1534.95,1534.2,1534.45,0
2026-05-05 11:07:00,1534.35,1534.5,1533.65,1533.85,0
2026-05-05 11:08:00,1533.8,1534.45,1533.75,1534.15,0
2026-05-05 11:09:00,1534.1,1534.55,1533.9,1533.9,0
2026-05-05 11:10:00,1533.95,1534.8,1533.85,1534.8,0
2026-05-05 11:11:00,1534.75,1534.95,1534.35,1534.4,0
2026-05-05 11:12:00,1534.4,1535.0,1534.4,1534.8,0
2026-05-05 11:13:00,1534.8,1535.3,1534.7,1535.2,0
2026-05-05 11:14:00,1535.15,1535.25,1534.5,1534.8,0
2026-05-05 11:15:00,1534.75,1535.55,1534.7,1535.55,0
2026-05-05 11:16:00,1535.55,1535.95,1535.55,1535.8,0
2026-05-05 11:17:00,1535.75,1536.0,1535.65,1535.7,0
2026-05-05 11:18:00,1535.7,1535.75,1535.25,1535.3,0
2026-05-05 11:19:00,1535.3,1535.35,1534.6,1534.6,0
2026-05-05 11:20:00,1534.6,1534.75,1534.35,1534.35,0
2026-05-05 11:21:00,1534.35,1534.4,1534.05,1534.25,0
2026-05-05 11:22:00,1534.25,1534.75,1534.25,1534.75,0
2026-05-05 11:23:00,1534.65,1535.05,1534.4,1534.5,0
2026-05-05 11:24:00,1534.5,1535.0,1534.45,1534.65,0
2026-05-05 11:25:00,1534.6,1534.95,1534.5,1534.65,0
2026-05-05 11:26:00,1534.65,1535.1,1534.6,1534.85,0
2026-05-05 11:27:00,1534.85,1535.1,1534.7,1534.85,0
2026-05-05 11:28:00,1534.8,1535.2,1534.75,1535.15,0
2026-05-05 11:29:00,1535.1,1535.1,1534.8,1534.85,0
2026-05-05 11:30:00,1534.85,1535.25,1534.75,1535.25,0
2026-05-05 11:31:00,1535.25,1535.55,1535.0,1535.0,0
2026-05-05 11:32:00,1535.0,1535.85,1534.9,1535.8,0
2026-05-05 11:33:00,1535.75,1536.2,1535.45,1535.65,0
2026-05-05 11:34:00,1535.6,1536.0,1535.55,1536.0,0
2026-05-05 11:35:00,1535.95,1536.8,1535.95,1536.75,0
2026-05-05 11:36:00,1536.7,1536.8,1536.35,1536.45,0
2026-05-05 11:37:00,1536.4,1536.5,1536.0,1536.0,0
2026-05-05 11:38:00,1535.95,1536.0,1535.6,1535.75,0
2026-05-05 11:39:00,1535.75,1535.9,1535.3,1535.4,0
2026-05-05 11:40:00,1535.4,1535.45,1534.85,1534.9,0
2026-05-05 11:41:00,1534.85,1534.95,1534.2,1534.35,0
2026-05-05 11:42:00,1534.35,1534.6,1534.25,1534.5,0
2026-05-05 11:43:00,1534.5,1534.7,1533.95,1533.95,0
2026-05-05 11:44:00,1533.95,1534.3,1533.8,1533.8,0
2026-05-05 11:45:00,1533.75,1534.05,1533.75,1533.9,0
2026-05-05 11:46:00,1533.85,1534.05,1533.3,1533.7,0
2026-05-05 11:47:00,1533.65,1533.65,1532.5,1532.6,0
2026-05-05 11:48:00,1532.6,1533.2,1532.6,1533.2,0
2026-05-05 11:49:00,1533.15,1533.3,1532.95,1533.1,0
2026-05-05 11:50:00,1533.05,1533.2,1532.85,1532.85,0
2026-05-05 11:51:00,1532.85,1532.95,1532.7,1532.8,0
2026-05-05 11:52:00,1532.8,1533.3,1532.75,1532.85,0
2026-05-05 11:53:00,1532.8,1533.65,1532.8,1533.35,0
2026-05-05 11:54:00,1533.35,1533.45,1532.05,1532.3,0
2026-05-05 11:55:00,1532.25,1532.3,1531.8,1532.2,0
2026-05-05 11:56:00,1532.15,1532.25,1531.65,1532.0,0
2026-05-05 11:57:00,1532.0,1532.45,1531.8,1532.05,0
2026-05-05 11:58:00,1532.0,1532.05,1531.55,1531.55,0
2026-05-05 11:59:00,1531.65,1532.3,1531.65,1531.95,0
2026-05-05 12:00:00,1531.9,1532.4,1531.9,1532.4,0
2026-05-05 12:01:00,1532.35,1532.6,1532.3,1532.4,0
2026-05-05 12:02:00,1532.4,1532.95,1532.4,1532.7,0
2026-05-05 12:03:00,1532.7,1533.05,1532.6,1533.0,0
2026-05-05 12:04:00,1533.0,1533.2,1532.85,1533.0,0
2026-05-05 12:05:00,1532.95,1533.6,1532.95,1533.35,0
2026-05-05 12:06:00,1533.4,1533.9,1533.15,1533.85,0
2026-05-05 12:07:00,1533.85,1534.05,1533.75,1533.95,0
2026-05-05 12:08:00,1533.95,1534.05,1533.65,1533.8,0
2026-05-05 12:09:00,1533.8,1534.25,1533.8,1533.95,0
2026-05-05 12:10:00,1533.95,1534.25,1533.85,1534.2,0
2026-05-05 12:11:00,1534.25,1534.8,1534.25,1534.45,0
2026-05-05 12:12:00,1534.45,1534.7,1534.25,1534.7,0
2026-05-05 12:13:00,1534.7,1534.95,1534.6,1534.95,0
2026-05-05 12:14:00,1534.95,1535.7,1534.95,1535.6,0
2026-05-05 12:15:00,1535.55,1536.05,1535.55,1535.95,0
2026-05-05 12:16:00,1535.95,1536.1,1535.65,1536.0,0
2026-05-05 12:17:00,1536.0,1536.2,1535.85,1535.9,0
2026-05-05 12:18:00,1535.9,1536.2,1535.75,1536.1,0
2026-05-05 12:19:00,1536.1,1536.4,1536.0,1536.25,0
2026-05-05 12:20:00,1536.25,1536.65,1536.15,1536.6,0
2026-05-05 12:21:00,1536.6,1537.2,1536.55,1537.1,0
2026-05-05 12:22:00,1537.1,1537.65,1537.05,1537.5,0
2026-05-05 12:23:00,1537.3,1537.75,1537.3,1537.5,0
2026-05-05 12:24:00,1537.45,1537.6,1536.75,1537.05,0
2026-05-05 12:25:00,1537.0,1537.45,1536.75,1536.95,0
2026-05-05 12:26:00,1536.95,1537.05,1536.7,1536.85,0
2026-05-05 12:27:00,1536.8,1536.9,1536.15,1536.35,0
2026-05-05 12:28:00,1536.35,1536.6,1535.95,1535.95,0
2026-05-05 12:29:00,1535.95,1536.1,1535.55,1535.7,0
2026-05-05 12:30:00,1535.75,1536.2,1535.55,1536.1,0
2026-05-05 12:31:00,1536.0,1536.25,1535.75,1535.8,0
2026-05-05 12:32:00,1535.75,1535.75,1535.05,1535.45,0
2026-05-05 12:33:00,1535.5,1536.25,1535.5,1536.2,0
2026-05-05 12:34:00,1536.2,1536.4,1535.8,1536.3,0
2026-05-05 12:35:00,1536.3,1536.4,1536.0,1536.4,0
2026-05-05 12:36:00,1536.4,1537.1,1536.4,1536.9,0
2026-05-05 12:37:00,1536.95,1537.65,1536.8,1536.95,0
2026-05-05 12:38:00,1536.95,1537.1,1536.8,1536.95,0
2026-05-05 12:39:00,1536.95,1537.4,1536.95,1537.35,0
2026-05-05 12:40:00,1537.35,1538.0,1537.35,1537.9,0
2026-05-05 12:41:00,1537.85,1538.0,1537.65,1537.65,0
2026-05-05 12:42:00,1537.7,1537.7,1537.1,1537.3,0
2026-05-05 12:43:00,1537.3,1537.45,1537.2,1537.3,0
2026-05-05 12:44:00,1537.25,1537.3,1536.8,1536.85,0
2026-05-05 12:45:00,1536.9,1537.3,1536.85,1537.2,0
2026-05-05 12:46:00,1537.15,1537.65,1536.95,1537.35,0
2026-05-05 12:47:00,1537.35,1537.75,1537.35,1537.75,0
2026-05-05 12:48:00,1537.7,1538.0,1537.35,1538.0,0
2026-05-05 12:49:00,1538.0,1538.25,1537.9,1538.0,0
2026-05-05 12:50:00,1538.0,1538.7,1538.0,1538.6,0
2026-05-05 12:51:00,1538.6,1539.05,1538.6,1539.0,0
2026-05-05 12:52:00,1539.0,1539.1,1538.45,1538.9,0
2026-05-05 12:53:00,1538.9,1538.9,1538.1,1538.35,0
2026-05-05 12:54:00,1538.3,1538.45,1538.0,1538.15,0
2026-05-05 12:55:00,1538.2,1538.3,1537.95,1538.3,0
2026-05-05 12:56:00,1538.3,1538.8,1538.1,1538.8,0
2026-05-05 12:57:00,1538.75,1539.15,1538.75,1539.1,0
2026-05-05 12:58:00,1539.1,1539.35,1539.0,1539.2,0
2026-05-05 12:59:00,1539.2,1539.7,1539.0,1539.55,0
2026-05-05 13:00:00,1539.6,1540.3,1539.6,1539.85,0
2026-05-05 13:01:00,1539.85,1539.95,1539.4,1539.45,0
2026-05-05 13:02:00,1539.45,1539.95,1539.45,1539.8,0
2026-05-05 13:03:00,1539.8,1539.9,1539.5,1539.9,0
2026-05-05 13:04:00,1539.85,1540.1,1539.85,1539.9,0
2026-05-05 13:05:00,1539.9,1540.15,1539.7,1539.75,0
2026-05-05 13:06:00,1539.75,1541.25,1539.75,1541.2,0
2026-05-05 13:07:00,1541.3,1542.4,1541.25,1542.4,0
2026-05-05 13:08:00,1542.35,1542.95,1542.35,1542.7,0
2026-05-05 13:09:00,1542.65,1543.1,1542.5,1542.5,0
2026-05-05 13:10:00,1542.5,1543.2,1542.4,1542.5,0
2026-05-05 13:11:00,1542.5,1542.9,1542.25,1542.7,0
2026-05-05 13:12:00,1542.7,1543.0,1542.35,1542.35,0
2026-05-05 13:13:00,1542.35,1542.5,1541.8,1542.4,0
2026-05-05 13:14:00,1542.2,1542.75,1542.15,1542.75,0
2026-05-05 13:15:00,1542.7,1543.5,1542.15,1542.2,0
2026-05-05 13:16:00,1542.1,1542.3,1541.3,1541.5,0
2026-05-05 13:17:00,1541.45,1542.0,1541.35,1541.35,0
2026-05-05 13:18:00,1541.3,1542.05,1541.3,1541.45,0
2026-05-05 13:19:00,1541.45,1541.55,1540.95,1541.1,0
2026-05-05 13:20:00,1541.15,1541.35,1540.8,1541.25,0
2026-05-05 13:21:00,1541.3,1541.85,1541.3,1541.4,0
2026-05-05 13:22:00,1541.45,1542.1,1541.45,1541.8,0
2026-05-05 13:23:00,1541.8,1541.95,1541.55,1541.65,0
2026-05-05 13:24:00,1541.6,1541.75,1540.95,1541.15,0
2026-05-05 13:25:00,1541.15,1541.25,1540.6,1540.8,0
2026-05-05 13:26:00,1540.75,1541.4,1540.75,1541.05,0
2026-05-05 13:27:00,1541.05,1541.5,1541.05,1541.4,0
2026-05-05 13:28:00,1541.35,1541.45,1540.5,1540.8,0
2026-05-05 13:29:00,1540.65,1541.15,1540.55,1541.0,0
2026-05-05 13:30:00,1541.0,1541.1,1540.1,1540.1,0
2026-05-05 13:31:00,1540.15,1540.9,1540.15,1540.5,0
2026-05-05 13:32:00,1540.45,1540.75,1540.1,1540.25,0
2026-05-05 13:33:00,1540.25,1540.7,1540.2,1540.25,0
2026-05-05 13:34:00,1540.3,1540.45,1539.85,1540.2,0
2026-05-05 13:35:00,1540.2,1540.8,1540.2,1540.35,0
2026-05-05 13:36:00,1540.3,1541.25,1540.3,1541.25,0
2026-05-05 13:37:00,1541.2,1541.45,1540.75,1540.8,0
2026-05-05 13:38:00,1540.8,1540.85,1540.5,1540.85,0
2026-05-05 13:39:00,1540.85,1540.95,1540.55,1540.8,0
2026-05-05 13:40:00,1540.8,1541.15,1540.65,1540.65,0
2026-05-05 13:41:00,1540.7,1541.65,1540.65,1541.3,0
2026-05-05 13:42:00,1541.3,1541.65,1541.1,1541.6,0
2026-05-05 13:43:00,1541.55,1541.7,1541.1,1541.3,0
2026-05-05 13:44:00,1541.2,1541.65,1541.05,1541.55,0
2026-05-05 13:45:00,1541.55,1542.15,1541.2,1541.35,0
2026-05-05 13:46:00,1541.4,1541.55,1540.85,1541.2,0
2026-05-05 13:47:00,1541.2,1541.6,1541.2,1541.45,0
2026-05-05 13:48:00,1541.4,1541.75,1541.3,1541.4,0
2026-05-05 13:49:00,1541.35,1541.5,1541.2,1541.25,0
2026-05-05 13:50:00,1541.25,1541.5,1541.1,1541.1,0
2026-05-05 13:51:00,1541.15,1541.2,1540.35,1540.7,0
2026-05-05 13:52:00,1540.55,1540.9,1540.45,1540.8,0
2026-05-05 13:53:00,1540.8,1540.95,1540.05,1540.1,0
2026-05-05 13:54:00,1540.05,1540.2,1539.45,1539.85,0
2026-05-05 13:55:00,1539.85,1540.45,1539.85,1540.45,0
2026-05-05 13:56:00,1540.45,1540.9,1540.25,1540.7,0
2026-05-05 13:57:00,1540.7,1541.3,1540.55,1540.9,0
2026-05-05 13:58:00,1540.9,1541.0,1540.4,1540.4,0
2026-05-05 13:59:00,1540.4,1541.3,1540.4,1540.4,0
2026-05-05 14:00:00,1540.3,1540.7,1540.3,1540.5,0
2026-05-05 14:01:00,1540.5,1540.85,1540.5,1540.65,0
2026-05-05 14:02:00,1540.7,1540.95,1540.5,1540.5,0
2026-05-05 14:03:00,1540.5,1540.55,1539.8,1539.85,0
2026-05-05 14:04:00,1539.85,1540.4,1539.7,1539.95,0
2026-05-05 14:05:00,1539.95,1540.05,1539.75,1539.8,0
2026-05-05 14:06:00,1539.8,1540.05,1539.7,1539.75,0
2026-05-05 14:07:00,1539.75,1539.85,1539.1,1539.3,0
2026-05-05 14:08:00,1539.25,1539.4,1539.0,1539.0,0
2026-05-05 14:09:00,1538.95,1539.05,1538.55,1539.0,0
2026-05-05 14:10:00,1539.0,1539.35,1539.0,1539.3,0
2026-05-05 14:11:00,1539.3,1539.75,1539.25,1539.35,0
2026-05-05 14:12:00,1539.35,1539.65,1539.2,1539.4,0
2026-05-05 14:13:00,1539.35,1539.45,1538.45,1538.5,0
2026-05-05 14:14:00,1538.6,1539.45,1538.55,1539.2,0
2026-05-05 14:15:00,1539.25,1539.45,1539.1,1539.3,0
2026-05-05 14:16:00,1539.25,1540.4,1539.25,1540.2,0
2026-05-05 14:17:00,1540.2,1540.55,1539.9,1539.9,0
2026-05-05 14:18:00,1539.9,1540.1,1539.75,1539.95,0
2026-05-05 14:19:00,1540.0,1540.4,1539.95,1540.4,0
2026-05-05 14:20:00,1540.4,1540.95,1540.3,1540.75,0
2026-05-05 14:21:00,1540.65,1540.8,1540.5,1540.75,0
2026-05-05 14:22:00,1540.7,1541.25,1540.7,1541.15,0
2026-05-05 14:23:00,1541.1,1541.3,1540.55,1540.55,0
2026-05-05 14:24:00,1540.55,1540.7,1540.25,1540.6,0
2026-05-05 14:25:00,1540.6,1540.9,1540.5,1540.55,0
2026-05-05 14:26:00,1540.5,1540.95,1540.4,1540.85,0
2026-05-05 14:27:00,1540.85,1541.1,1540.85,1540.85,0
2026-05-05 14:28:00,1540.9,1541.25,1540.8,1541.25,0
2026-05-05 14:29:00,1541.2,1541.8,1541.2,1541.7,0
2026-05-05 14:30:00,1541.7,1541.9,1540.55,1540.85,0
2026-05-05 14:31:00,1540.95,1541.25,1540.95,1541.0,0
2026-05-05 14:32:00,1541.0,1541.3,1540.95,1541.05,0
2026-05-05 14:33:00,1541.0,1541.3,1540.6,1540.6,0
2026-05-05 14:34:00,1540.6,1540.8,1540.35,1540.7,0
2026-05-05 14:35:00,1540.65,1541.2,1540.4,1540.45,0
2026-05-05 14:36:00,1540.4,1541.05,1540.4,1540.95,0
2026-05-05 14:37:00,1540.9,1541.0,1540.25,1540.35,0
2026-05-05 14:38:00,1540.35,1540.7,1540.1,1540.2,0
2026-05-05 14:39:00,1540.2,1540.95,1540.15,1540.85,0
2026-05-05 14:40:00,1540.8,1540.85,1540.35,1540.75,0
2026-05-05 14:41:00,1540.8,1541.1,1540.8,1540.95,0
2026-05-05 14:42:00,1540.95,1541.65,1540.95,1541.65,0
2026-05-05 14:43:00,1541.55,1541.8,1541.55,1541.7,0
2026-05-05 14:44:00,1541.65,1541.7,1541.25,1541.4,0
2026-05-05 14:45:00,1541.4,1541.5,1540.9,1540.9,0
2026-05-05 14:46:00,1540.9,1541.15,1540.3,1540.3,0
2026-05-05 14:47:00,1540.3,1541.0,1540.1,1540.8,0
2026-05-05 14:48:00,1540.75,1540.85,1540.25,1540.65,0
2026-05-05 14:49:00,1540.65,1540.7,1540.45,1540.45,0
2026-05-05 14:50:00,1540.45,1540.95,1540.45,1540.6,0
2026-05-05 14:51:00,1540.6,1540.7,1540.4,1540.6,0
2026-05-05 14:52:00,1540.55,1540.85,1539.55,1539.6,0
2026-05-05 14:53:00,1539.55,1540.05,1539.15,1539.7,0
2026-05-05 14:54:00,1539.7,1540.45,1539.7,1540.35,0
2026-05-05 14:55:00,1540.35,1540.7,1540.3,1540.3,0
2026-05-05 14:56:00,1540.35,1540.75,1540.35,1540.4,0
2026-05-05 14:57:00,1540.4,1540.8,1540.3,1540.6,0
2026-05-05 14:58:00,1540.65,1540.75,1540.25,1540.4,0
2026-05-05 14:59:00,1540.4,1540.4,1539.65,1539.9,0
2026-05-05 15:00:00,1540.15,1540.2,1539.4,1539.75,0
2026-05-05 15:01:00,1539.75,1540.6,1539.75,1540.6,0
2026-05-05 15:02:00,1540.6,1540.75,1539.55,1539.55,0
2026-05-05 15:03:00,1539.55,1540.55,1539.55,1540.2,0
2026-05-05 15:04:00,1540.2,1540.5,1540.1,1540.25,0
2026-05-05 15:05:00,1540.25,1540.4,1539.45,1539.6,0
2026-05-05 15:06:00,1539.6,1540.75,1539.6,1540.75,0
2026-05-05 15:07:00,1540.75,1540.85,1540.55,1540.75,0
2026-05-05 15:08:00,1540.75,1541.3,1540.75,1541.0,0
2026-05-05 15:09:00,1541.0,1541.5,1540.9,1541.35,0
2026-05-05 15:10:00,1541.35,1541.45,1540.8,1541.15,0
2026-05-05 15:11:00,1541.15,1541.5,1540.95,1541.0,0
2026-05-05 15:12:00,1541.0,1541.65,1541.0,1541.55,0
2026-05-05 15:13:00,1541.55,1541.65,1541.1,1541.45,0
2026-05-05 15:14:00,1541.45,1542.15,1541.4,1542.0,0
2026-05-05 15:15:00,1542.0,1542.45,1541.85,1542.2,0
2026-05-05 15:16:00,1542.2,1542.55,1542.1,1542.45,0
2026-05-05 15:17:00,1542.45,1542.55,1542.3,1542.3,0
2026-05-05 15:18:00,1542.3,1542.5,1542.1,1542.2,0
2026-05-05 15:19:00,1542.2,1542.5,1542.15,1542.4,0
2026-05-05 15:20:00,1542.4,1542.55,1541.85,1542.2,0
2026-05-05 15:21:00,1542.2,1542.65,1542.15,1542.3,0
2026-05-05 15:22:00,1542.3,1542.4,1542.0,1542.0,0
2026-05-05 15:23:00,1542.0,1542.3,1542.0,1542.15,0
2026-05-05 15:24:00,1542.15,1542.3,1542.0,1542.05,0
2026-05-05 15:25:00,1542.05,1542.65,1542.0,1542.55,0
2026-05-05 15:26:00,1542.55,1542.9,1542.5,1542.9,0
2026-05-05 15:27:00,1542.9,1543.2,1542.7,1543.2,0
2026-05-05 15:28:00,1543.2,1543.25,1542.9,1542.9,0
2026-05-05 15:29:00,1542.9,1543.55,1542.7,1542.8,0
2026-05-06 09:15:00,1552.75,1556.65,1552.55,1554.55,0
2026-05-06 09:16:00,1554.6,1554.85,1553.75,1554.6,0
2026-05-06 09:17:00,1554.75,1555.05,1553.7,1553.8,0
2026-05-06 09:18:00,1553.9,1553.9,1552.3,1552.4,0
2026-05-06 09:19:00,1552.35,1552.35,1551.6,1552.1,0
2026-05-06 09:20:00,1552.3,1553.1,1552.05,1552.15,0
2026-05-06 09:21:00,1552.4,1552.45,1551.15,1551.15,0
2026-05-06 09:22:00,1551.3,1552.5,1550.8,1552.5,0
2026-05-06 09:23:00,1552.7,1553.9,1552.55,1553.85,0
2026-05-06 09:24:00,1553.95,1553.95,1552.75,1552.95,0
2026-05-06 09:25:00,1553.1,1553.85,1552.8,1553.5,0
2026-05-06 09:26:00,1553.6,1553.8,1552.65,1552.75,0
2026-05-06 09:27:00,1552.85,1552.95,1552.3,1552.45,0
2026-05-06 09:28:00,1552.6,1552.75,1551.55,1551.7,0
2026-05-06 09:29:00,1551.8,1552.0,1551.3,1551.5,0
2026-05-06 09:30:00,1551.6,1552.4,1551.6,1551.7,0
2026-05-06 09:31:00,1551.8,1552.4,1551.3,1551.4,0
2026-05-06 09:32:00,1551.55,1552.2,1551.4,1552.15,0
2026-05-06 09:33:00,1552.2,1552.2,1551.7,1551.7,0
2026-05-06 09:34:00,1551.75,1551.8,1551.4,1551.5,0
2026-05-06 09:35:00,1551.5,1551.6,1551.1,1551.15,0
2026-05-06 09:36:00,1551.25,1551.5,1551.1,1551.25,0
2026-05-06 09:37:00,1551.3,1551.4,1550.95,1551.3,0
2026-05-06 09:38:00,1551.35,1551.8,1551.35,1551.7,0
2026-05-06 09:39:00,1551.75,1551.8,1551.05,1551.3,0
2026-05-06 09:40:00,1551.3,1551.3,1550.35,1550.35,0
2026-05-06 09:41:00,1550.45,1551.05,1550.35,1551.0,0
2026-05-06 09:42:00,1551.05,1551.35,1550.85,1550.9,0
2026-05-06 09:43:00,1550.95,1550.95,1550.25,1550.25,0
2026-05-06 09:44:00,1550.35,1550.6,1550.05,1550.45,0
2026-05-06 09:45:00,1550.5,1550.9,1550.3,1550.4,0
2026-05-06 09:46:00,1550.4,1550.7,1550.2,1550.5,0
2026-05-06 09:47:00,1550.5,1551.25,1550.5,1551.25,0
2026-05-06 09:48:00,1551.25,1551.55,1551.05,1551.4,0
2026-05-06 09:49:00,1551.45,1551.45,1550.75,1550.85,0
2026-05-06 09:50:00,1550.9,1550.9,1549.95,1550.3,0
2026-05-06 09:51:00,1550.35,1550.85,1550.1,1550.75,0
2026-05-06 09:52:00,1550.8,1550.85,1550.6,1550.65,0
2026-05-06 09:53:00,1550.7,1550.7,1550.45,1550.65,0
2026-05-06 09:54:00,1550.65,1551.25,1550.6,1551.25,0
2026-05-06 09:55:00,1551.3,1551.9,1551.2,1551.9,0
2026-05-06 09:56:00,1551.9,1552.0,1551.65,1551.7,0
2026-05-06 09:57:00,1551.65,1552.15,1551.55,1552.05,0
2026-05-06 09:58:00,1552.05,1552.15,1551.75,1551.75,0
2026-05-06 09:59:00,1551.75,1551.75,1550.8,1550.8,0
2026-05-06 10:00:00,1550.85,1550.85,1550.05,1550.3,0
2026-05-06 10:01:00,1550.25,1550.6,1550.15,1550.45,0
2026-05-06 10:02:00,1550.5,1550.55,1550.0,1550.15,0
2026-05-06 10:03:00,1550.2,1550.35,1549.75,1549.85,0
2026-05-06 10:04:00,1549.85,1549.85,1549.45,1549.55,0
2026-05-06 10:05:00,1549.6,1549.6,1549.15,1549.2,0
2026-05-06 10:06:00,1549.25,1549.3,1548.75,1548.9,0
2026-05-06 10:07:00,1548.9,1549.25,1548.8,1549.15,0
2026-05-06 10:08:00,1549.15,1549.3,1548.95,1549.2,0
2026-05-06 10:09:00,1549.25,1549.3,1548.9,1549.2,0
2026-05-06 10:10:00,1549.2,1549.55,1548.95,1549.55,0
2026-05-06 10:11:00,1549.6,1550.1,1549.45,1549.8,0
2026-05-06 10:12:00,1549.8,1550.0,1549.6,1550.0,0
2026-05-06 10:13:00,1550.0,1550.65,1550.0,1550.65,0
2026-05-06 10:14:00,1550.6,1550.95,1550.4,1550.75,0
2026-05-06 10:15:00,1550.75,1550.8,1550.45,1550.6,0
2026-05-06 10:16:00,1550.6,1550.65,1549.8,1550.0,0
2026-05-06 10:17:00,1550.0,1550.65,1549.95,1550.65,0
2026-05-06 10:18:00,1550.7,1550.8,1550.2,1550.6,0
2026-05-06 10:19:00,1550.55,1550.65,1550.4,1550.6,0
2026-05-06 10:20:00,1550.6,1551.05,1550.4,1551.0,0
2026-05-06 10:21:00,1551.0,1551.45,1550.95,1551.4,0
2026-05-06 10:22:00,1551.4,1551.45,1551.05,1551.25,0
2026-05-06 10:23:00,1551.3,1551.35,1551.0,1551.1,0
2026-05-06 10:24:00,1551.1,1551.15,1550.75,1550.75,0
2026-05-06 10:25:00,1550.75,1551.15,1550.6,1551.1,0
2026-05-06 10:26:00,1551.15,1551.3,1551.05,1551.15,0
2026-05-06 10:27:00,1551.15,1551.35,1551.0,1551.3,0
2026-05-06 10:28:00,1551.3,1551.35,1551.1,1551.15,0
2026-05-06 10:29:00,1551.1,1551.1,1550.55,1550.55,0
2026-05-06 10:30:00,1550.5,1550.5,1549.9,1550.25,0
2026-05-06 10:31:00,1550.2,1550.65,1550.15,1550.65,0
2026-05-06 10:32:00,1550.7,1550.85,1550.65,1550.7,0
2026-05-06 10:33:00,1550.7,1550.7,1550.35,1550.55,0
2026-05-06 10:34:00,1550.5,1550.5,1549.95,1549.95,0
2026-05-06 10:35:00,1549.85,1549.85,1549.1,1549.65,0
2026-05-06 10:36:00,1549.75,1549.75,1549.3,1549.45,0
2026-05-06 10:37:00,1549.5,1549.55,1549.35,1549.55,0
2026-05-06 10:38:00,1549.55,1549.8,1549.55,1549.75,0
2026-05-06 10:39:00,1549.8,1549.9,1549.6,1549.8,0
2026-05-06 10:40:00,1549.8,1550.3,1549.75,1550.15,0
2026-05-06 10:41:00,1550.25,1550.8,1550.2,1550.75,0
2026-05-06 10:42:00,1550.75,1551.1,1550.65,1551.1,0
2026-05-06 10:43:00,1551.15,1551.4,1551.15,1551.35,0
2026-05-06 10:44:00,1551.35,1551.5,1551.0,1551.15,0
2026-05-06 10:45:00,1551.05,1551.05,1550.35,1550.5,0
2026-05-06 10:46:00,1550.45,1550.45,1550.2,1550.25,0
2026-05-06 10:47:00,1550.25,1551.0,1550.25,1550.95,0
2026-05-06 10:48:00,1550.95,1551.0,1550.5,1550.5,0
2026-05-06 10:49:00,1550.5,1550.6,1550.3,1550.55,0
2026-05-06 10:50:00,1550.6,1550.65,1550.15,1550.3,0
2026-05-06 10:51:00,1550.3,1550.4,1549.5,1549.6,0
2026-05-06 10:52:00,1549.65,1549.65,1548.85,1549.0,0
2026-05-06 10:53:00,1549.1,1549.1,1548.5,1548.75,0
2026-05-06 10:54:00,1548.8,1548.8,1548.2,1548.55,0
2026-05-06 10:55:00,1548.55,1549.3,1548.3,1549.0,0
2026-05-06 10:56:00,1549.1,1549.15,1548.9,1548.95,0
2026-05-06 10:57:00,1548.95,1548.95,1548.6,1548.75,0
2026-05-06 10:58:00,1548.8,1549.25,1548.7,1549.05,0
2026-05-06 10:59:00,1549.05,1549.2,1548.65,1548.8,0
2026-05-06 11:00:00,1548.8,1549.2,1548.6,1549.2,0
2026-05-06 11:01:00,1549.25,1549.4,1549.15,1549.3,0
2026-05-06 11:02:00,1549.25,1549.25,1548.4,1548.45,0
2026-05-06 11:03:00,1548.45,1548.45,1547.8,1547.8,0
2026-05-06 11:04:00,1547.8,1547.8,1547.35,1547.35,0
2026-05-06 11:05:00,1547.35,1547.65,1547.25,1547.55,0
2026-05-06 11:06:00,1547.5,1547.95,1547.45,1547.9,0
2026-05-06 11:07:00,1547.85,1548.1,1547.75,1548.1,0
2026-05-06 11:08:00,1548.1,1548.5,1548.05,1548.4,0
2026-05-06 11:09:00,1548.4,1548.8,1548.35,1548.7,0
2026-05-06 11:10:00,1548.75,1548.75,1548.05,1548.15,0
2026-05-06 11:11:00,1548.1,1548.2,1547.8,1547.9,0
2026-05-06 11:12:00,1547.9,1548.0,1547.7,1547.85,0
2026-05-06 11:13:00,1547.9,1548.3,1547.85,1548.3,0
2026-05-06 11:14:00,1548.25,1548.35,1548.0,1548.1,0
2026-05-06 11:15:00,1548.1,1548.5,1548.05,1548.5,0
2026-05-06 11:16:00,1548.45,1548.65,1548.3,1548.5,0
2026-05-06 11:17:00,1548.5,1548.65,1548.35,1548.65,0
2026-05-06 11:18:00,1548.6,1548.8,1548.5,1548.8,0
2026-05-06 11:19:00,1548.85,1548.95,1547.9,1548.0,0
2026-05-06 11:20:00,1547.95,1548.4,1547.7,1548.4,0
2026-05-06 11:21:00,1548.4,1548.85,1548.35,1548.8,0
2026-05-06 11:22:00,1548.8,1548.9,1548.45,1548.45,0
2026-05-06 11:23:00,1548.45,1548.5,1548.2,1548.5,0
2026-05-06 11:24:00,1548.45,1548.65,1548.25,1548.4,0
2026-05-06 11:25:00,1548.4,1548.55,1548.25,1548.55,0
2026-05-06 11:26:00,1548.55,1548.75,1548.4,1548.7,0
2026-05-06 11:27:00,1548.65,1549.1,1548.6,1549.1,0
2026-05-06 11:28:00,1549.1,1549.6,1549.1,1549.6,0
2026-05-06 11:29:00,1549.6,1549.8,1549.5,1549.75,0
2026-05-06 11:30:00,1549.75,1550.1,1549.7,1549.9,0
2026-05-06 11:31:00,1549.9,1550.05,1549.75,1550.05,0
2026-05-06 11:32:00,1550.05,1550.05,1549.85,1549.95,0
2026-05-06 11:33:00,1549.95,1549.95,1549.75,1549.75,0
2026-05-06 11:34:00,1549.8,1549.8,1549.5,1549.6,0
2026-05-06 11:35:00,1549.65,1549.65,1548.75,1548.75,0
2026-05-06 11:36:00,1548.85,1548.85,1548.5,1548.6,0
2026-05-06 11:37:00,1548.65,1548.65,1547.75,1547.85,0
2026-05-06 11:38:00,1547.85,1548.15,1547.4,1547.45,0
2026-05-06 11:39:00,1547.45,1548.05,1547.4,1548.05,0
2026-05-06 11:40:00,1548.0,1548.35,1547.95,1548.25,0
2026-05-06 11:41:00,1548.25,1548.5,1548.15,1548.45,0
2026-05-06 11:42:00,1548.5,1548.85,1548.45,1548.7,0
2026-05-06 11:43:00,1548.7,1549.1,1548.6,1549.1,0
2026-05-06 11:44:00,1549.05,1549.5,1549.05,1549.3,0
2026-05-06 11:45:00,1549.3,1549.3,1548.9,1549.1,0
2026-05-06 11:46:00,1549.15,1549.65,1549.1,1549.65,0
2026-05-06 11:47:00,1549.6,1549.95,1549.6,1549.95,0
2026-05-06 11:48:00,1549.9,1550.05,1549.8,1550.05,0
2026-05-06 11:49:00,1550.0,1550.05,1549.9,1550.0,0
2026-05-06 11:50:00,1550.0,1550.0,1549.6,1549.65,0
2026-05-06 11:51:00,1549.7,1549.75,1549.35,1549.7,0
2026-05-06 11:52:00,1549.7,1549.75,1549.35,1549.5,0
2026-05-06 11:53:00,1549.45,1549.85,1549.45,1549.8,0
2026-05-06 11:54:00,1549.75,1549.9,1549.65,1549.9,0
2026-05-06 11:55:00,1549.9,1550.25,1549.8,1550.2,0
2026-05-06 11:56:00,1550.2,1550.2,1549.75,1550.05,0
2026-05-06 11:57:00,1550.05,1550.1,1549.9,1550.0,0
2026-05-06 11:58:00,1550.05,1550.05,1549.85,1549.9,0
2026-05-06 11:59:00,1549.9,1549.9,1549.4,1549.5,0
2026-05-06 12:00:00,1549.55,1549.6,1549.45,1549.55,0
2026-05-06 12:01:00,1549.55,1549.85,1549.45,1549.55,0
2026-05-06 12:02:00,1549.5,1549.7,1548.9,1549.15,0
2026-05-06 12:03:00,1549.2,1549.35,1549.05,1549.25,0
2026-05-06 12:04:00,1549.15,1549.4,1549.05,1549.4,0
2026-05-06 12:05:00,1549.45,1549.45,1548.75,1548.8,0
2026-05-06 12:06:00,1548.75,1548.95,1548.55,1548.8,0
2026-05-06 12:07:00,1548.75,1549.0,1548.7,1548.95,0
2026-05-06 12:08:00,1549.0,1549.05,1548.5,1548.85,0
2026-05-06 12:09:00,1548.85,1549.2,1548.65,1549.05,0
2026-05-06 12:10:00,1549.05,1549.2,1548.95,1549.1,0
2026-05-06 12:11:00,1549.0,1549.1,1548.85,1549.1,0
2026-05-06 12:12:00,1549.1,1549.25,1548.7,1549.25,0
2026-05-06 12:13:00,1549.2,1549.3,1549.15,1549.3,0
2026-05-06 12:14:00,1549.3,1549.35,1549.05,1549.15,0
2026-05-06 12:15:00,1549.1,1549.1,1548.45,1548.5,0
2026-05-06 12:16:00,1548.5,1548.5,1547.85,1547.9,0
2026-05-06 12:17:00,1547.9,1548.35,1547.9,1548.35,0
2026-05-06 12:18:00,1548.3,1548.4,1547.95,1548.3,0
2026-05-06 12:19:00,1548.35,1548.65,1548.3,1548.5,0
2026-05-06 12:20:00,1548.45,1548.45,1547.75,1547.8,0
2026-05-06 12:21:00,1547.8,1547.85,1547.4,1547.65,0
2026-05-06 12:22:00,1547.7,1547.75,1546.95,1546.95,0
2026-05-06 12:23:00,1546.9,1546.95,1545.85,1546.4,0
2026-05-06 12:24:00,1546.45,1546.8,1546.25,1546.7,0
2026-05-06 12:25:00,1546.7,1546.95,1546.6,1546.95,0
2026-05-06 12:26:00,1546.9,1547.75,1546.9,1547.45,0
2026-05-06 12:27:00,1547.4,1547.4,1546.55,1547.05,0
2026-05-06 12:28:00,1547.05,1547.35,1547.0,1547.2,0
2026-05-06 12:29:00,1547.2,1547.45,1547.2,1547.35,0
2026-05-06 12:30:00,1547.35,1547.4,1546.7,1546.85,0
2026-05-06 12:31:00,1546.85,1547.25,1546.75,1547.25,0
2026-05-06 12:32:00,1547.2,1547.35,1546.9,1547.0,0
2026-05-06 12:33:00,1546.95,1547.25,1546.95,1547.1,0
2026-05-06 12:34:00,1547.05,1547.25,1546.9,1547.05,0
2026-05-06 12:35:00,1547.05,1547.05,1546.8,1546.8,0
2026-05-06 12:36:00,1546.8,1546.8,1546.25,1546.35,0
2026-05-06 12:37:00,1546.35,1546.45,1546.2,1546.35,0
2026-05-06 12:38:00,1546.35,1546.45,1546.2,1546.3,0
2026-05-06 12:39:00,1546.35,1546.35,1545.9,1546.05,0
2026-05-06 12:40:00,1546.1,1546.3,1545.85,1546.3,0
2026-05-06 12:41:00,1546.25,1546.35,1545.85,1546.3,0
2026-05-06 12:42:00,1546.3,1546.55,1546.05,1546.15,0
2026-05-06 12:43:00,1546.25,1546.25,1545.6,1545.8,0
2026-05-06 12:44:00,1545.85,1545.85,1545.2,1545.3,0
2026-05-06 12:45:00,1545.35,1545.45,1545.1,1545.3,0
2026-05-06 12:46:00,1545.25,1545.3,1544.55,1544.65,0
2026-05-06 12:47:00,1544.65,1544.75,1544.25,1544.55,0
2026-05-06 12:48:00,1544.5,1544.8,1544.45,1544.65,0
2026-05-06 12:49:00,1544.65,1544.9,1544.55,1544.9,0
2026-05-06 12:50:00,1544.85,1544.95,1544.65,1544.9,0
2026-05-06 12:51:00,1544.9,1545.35,1544.85,1545.3,0
2026-05-06 12:52:00,1545.3,1545.35,1544.75,1544.85,0
2026-05-06 12:53:00,1544.8,1544.8,1543.95,1544.0,0
2026-05-06 12:54:00,1544.0,1544.75,1543.95,1544.6,0
2026-05-06 12:55:00,1544.55,1544.65,1544.4,1544.65,0
2026-05-06 12:56:00,1544.65,1544.85,1544.6,1544.75,0
2026-05-06 12:57:00,1544.7,1545.2,1544.7,1545.0,0
2026-05-06 12:58:00,1545.0,1545.1,1544.85,1545.0,0
2026-05-06 12:59:00,1544.95,1545.1,1544.85,1545.0,0
2026-05-06 13:00:00,1545.0,1545.05,1544.5,1544.8,0
2026-05-06 13:01:00,1544.75,1544.75,1544.25,1544.35,0
2026-05-06 13:02:00,1544.35,1544.5,1544.25,1544.5,0
2026-05-06 13:03:00,1544.45,1544.55,1543.95,1544.15,0
2026-05-06 13:04:00,1544.1,1544.1,1543.8,1544.0,0
2026-05-06 13:05:00,1543.95,1544.25,1543.85,1544.25,0
2026-05-06 13:06:00,1544.25,1545.2,1544.2,1545.15,0
2026-05-06 13:07:00,1545.15,1545.7,1545.15,1545.7,0
2026-05-06 13:08:00,1545.65,1546.2,1545.5,1546.2,0
2026-05-06 13:09:00,1546.25,1546.5,1546.15,1546.45,0
2026-05-06 13:10:00,1546.45,1546.6,1546.35,1546.6,0
2026-05-06 13:11:00,1546.6,1546.8,1546.5,1546.75,0
2026-05-06 13:12:00,1546.75,1546.75,1546.1,1546.2,0
2026-05-06 13:13:00,1546.2,1546.75,1546.15,1546.75,0
2026-05-06 13:14:00,1546.75,1546.9,1546.55,1546.6,0
2026-05-06 13:15:00,1546.65,1547.1,1546.35,1547.1,0
2026-05-06 13:16:00,1547.15,1547.55,1547.05,1547.4,0
2026-05-06 13:17:00,1547.35,1547.7,1547.3,1547.65,0
2026-05-06 13:18:00,1547.65,1548.2,1547.55,1548.15,0
2026-05-06 13:19:00,1548.15,1548.2,1547.8,1547.95,0
2026-05-06 13:20:00,1547.95,1548.2,1547.9,1548.05,0
2026-05-06 13:21:00,1548.0,1548.45,1547.9,1548.45,0
2026-05-06 13:22:00,1548.45,1548.9,1548.35,1548.9,0
2026-05-06 13:23:00,1548.9,1549.15,1548.65,1549.15,0
2026-05-06 13:24:00,1549.15,1549.25,1548.8,1549.1,0
2026-05-06 13:25:00,1549.05,1549.25,1549.0,1549.15,0
2026-05-06 13:26:00,1549.15,1549.25,1548.85,1549.0,0
2026-05-06 13:27:00,1548.9,1548.95,1548.4,1548.55,0
2026-05-06 13:28:00,1548.6,1549.0,1548.55,1548.7,0
2026-05-06 13:29:00,1548.75,1548.9,1548.65,1548.75,0
2026-05-06 13:30:00,1548.75,1549.25,1548.7,1549.05,0
2026-05-06 13:31:00,1549.05,1549.3,1548.9,1549.25,0
2026-05-06 13:32:00,1549.25,1549.9,1549.1,1549.75,0
2026-05-06 13:33:00,1549.7,1549.95,1549.6,1549.7,0
2026-05-06 13:34:00,1549.75,1549.8,1549.45,1549.5,0
2026-05-06 13:35:00,1549.55,1549.9,1549.5,1549.75,0
2026-05-06 13:36:00,1549.75,1550.15,1549.6,1550.15,0
2026-05-06 13:37:00,1550.15,1550.5,1550.1,1550.3,0
2026-05-06 13:38:00,1550.3,1550.7,1550.2,1550.35,0
2026-05-06 13:39:00,1550.4,1550.65,1550.3,1550.4,0
2026-05-06 13:40:00,1550.4,1550.6,1550.25,1550.25,0
2026-05-06 13:41:00,1550.2,1550.2,1549.8,1549.85,0
2026-05-06 13:42:00,1549.85,1550.25,1549.8,1550.25,0
2026-05-06 13:43:00,1550.2,1550.45,1550.05,1550.15,0
2026-05-06 13:44:00,1550.15,1550.45,1550.05,1550.35,0
2026-05-06 13:45:00,1550.35,1550.45,1550.0,1550.1,0
2026-05-06 13:46:00,1550.2,1550.45,1550.2,1550.45,0
2026-05-06 13:47:00,1550.45,1550.65,1550.35,1550.4,0
2026-05-06 13:48:00,1550.4,1550.4,1550.0,1550.0,0
2026-05-06 13:49:00,1550.0,1550.2,1549.85,1550.2,0
2026-05-06 13:50:00,1550.2,1550.65,1550.1,1550.65,0
2026-05-06 13:51:00,1550.65,1550.85,1550.55,1550.6,0
2026-05-06 13:52:00,1550.6,1550.9,1550.4,1550.9,0
2026-05-06 13:53:00,1550.9,1551.1,1550.45,1550.6,0
2026-05-06 13:54:00,1550.6,1551.0,1550.5,1551.0,0
2026-05-06 13:55:00,1551.05,1551.4,1551.05,1551.15,0
2026-05-06 13:56:00,1551.2,1551.2,1551.0,1551.0,0
2026-05-06 13:57:00,1550.95,1551.2,1550.75,1551.0,0
2026-05-06 13:58:00,1550.95,1550.95,1550.7,1550.7,0
2026-05-06 13:59:00,1550.7,1550.7,1550.25,1550.6,0
2026-05-06 14:00:00,1550.6,1550.65,1549.9,1549.95,0
2026-05-06 14:01:00,1549.95,1550.8,1549.85,1550.8,0
2026-05-06 14:02:00,1550.75,1550.8,1550.65,1550.65,0
2026-05-06 14:03:00,1550.65,1551.05,1550.5,1551.0,0
2026-05-06 14:04:00,1550.95,1550.95,1550.6,1550.65,0
2026-05-06 14:05:00,1550.65,1551.0,1550.6,1550.85,0
2026-05-06 14:06:00,1550.85,1550.95,1550.4,1550.45,0
2026-05-06 14:07:00,1550.45,1550.75,1550.4,1550.7,0
2026-05-06 14:08:00,1550.7,1550.85,1550.65,1550.75,0
2026-05-06 14:09:00,1550.7,1550.75,1550.45,1550.7,0
2026-05-06 14:10:00,1550.65,1551.2,1550.6,1551.2,0
2026-05-06 14:11:00,1551.2,1551.3,1551.05,1551.25,0
2026-05-06 14:12:00,1551.25,1551.4,1551.1,1551.15,0
2026-05-06 14:13:00,1551.2,1552.05,1551.15,1552.0,0
2026-05-06 14:14:00,1551.95,1552.0,1551.8,1551.95,0
2026-05-06 14:15:00,1551.95,1552.5,1551.95,1552.5,0
2026-05-06 14:16:00,1552.45,1552.6,1552.4,1552.6,0
2026-05-06 14:17:00,1552.55,1552.8,1552.5,1552.8,0
2026-05-06 14:18:00,1552.8,1552.8,1552.25,1552.5,0
2026-05-06 14:19:00,1552.5,1552.5,1552.2,1552.25,0
2026-05-06 14:20:00,1552.25,1554.85,1552.2,1554.3,0
2026-05-06 14:21:00,1554.35,1555.95,1554.3,1555.9,0
2026-05-06 14:22:00,1555.9,1557.15,1555.8,1557.0,0
2026-05-06 14:23:00,1557.05,1558.15,1556.9,1557.45,0
2026-05-06 14:24:00,1557.55,1558.25,1557.45,1558.15,0
2026-05-06 14:25:00,1558.2,1559.35,1558.2,1559.0,0
2026-05-06 14:26:00,1559.1,1559.95,1558.95,1559.8,0
2026-05-06 14:27:00,1559.85,1560.4,1559.65,1560.35,0
2026-05-06 14:28:00,1560.4,1561.8,1560.25,1561.4,0
2026-05-06 14:29:00,1561.4,1561.4,1560.2,1560.75,0
2026-05-06 14:30:00,1560.85,1562.0,1560.85,1561.45,0
2026-05-06 14:31:00,1561.5,1561.5,1560.75,1561.2,0
2026-05-06 14:32:00,1561.25,1561.25,1560.35,1560.55,0
2026-05-06 14:33:00,1560.6,1560.6,1558.8,1558.9,0
2026-05-06 14:34:00,1559.0,1560.15,1558.9,1560.05,0
2026-05-06 14:35:00,1560.1,1560.2,1559.35,1559.35,0
2026-05-06 14:36:00,1559.4,1559.55,1558.9,1559.05,0
2026-05-06 14:37:00,1559.05,1559.75,1559.05,1559.7,0
2026-05-06 14:38:00,1559.8,1560.3,1559.65,1560.1,0
2026-05-06 14:39:00,1560.15,1560.15,1559.7,1559.85,0
2026-05-06 14:40:00,1559.9,1561.1,1559.85,1561.1,0
2026-05-06 14:41:00,1561.1,1561.3,1560.95,1561.25,0
2026-05-06 14:42:00,1561.35,1561.55,1561.05,1561.35,0
2026-05-06 14:43:00,1561.35,1561.6,1561.05,1561.2,0
2026-05-06 14:44:00,1561.2,1561.6,1561.15,1561.45,0
2026-05-06 14:45:00,1561.55,1561.55,1561.0,1561.05,0
2026-05-06 14:46:00,1561.15,1561.45,1561.05,1561.2,0
2026-05-06 14:47:00,1561.2,1561.3,1560.7,1560.95,0
2026-05-06 14:48:00,1561.05,1561.95,1560.95,1561.95,0
2026-05-06 14:49:00,1562.0,1562.4,1561.95,1562.05,0
2026-05-06 14:50:00,1562.05,1562.3,1561.65,1561.85,0
2026-05-06 14:51:00,1561.85,1562.15,1561.55,1561.7,0
2026-05-06 14:52:00,1561.8,1561.8,1561.1,1561.4,0
2026-05-06 14:53:00,1561.5,1561.5,1560.95,1561.2,0
2026-05-06 14:54:00,1561.25,1561.3,1560.9,1561.1,0
2026-05-06 14:55:00,1561.15,1561.15,1560.75,1560.95,0
2026-05-06 14:56:00,1560.95,1561.4,1560.8,1561.35,0
2026-05-06 14:57:00,1561.35,1561.75,1561.25,1561.75,0
2026-05-06 14:58:00,1561.8,1562.2,1561.75,1561.85,0
2026-05-06 14:59:00,1561.95,1562.0,1561.45,1561.85,0
2026-05-06 15:00:00,1561.8,1562.1,1559.8,1560.6,0
2026-05-06 15:01:00,1560.6,1560.9,1560.35,1560.8,0
2026-05-06 15:02:00,1560.8,1561.95,1560.6,1561.7,0
2026-05-06 15:03:00,1561.7,1561.85,1561.2,1561.25,0
2026-05-06 15:04:00,1561.25,1561.55,1561.25,1561.45,0
2026-05-06 15:05:00,1561.45,1561.6,1561.1,1561.2,0
2026-05-06 15:06:00,1561.2,1561.55,1561.2,1561.35,0
2026-05-06 15:07:00,1561.35,1561.45,1561.05,1561.05,0
2026-05-06 15:08:00,1561.05,1561.15,1560.6,1560.65,0
2026-05-06 15:09:00,1560.65,1560.65,1560.3,1560.4,0
2026-05-06 15:10:00,1560.4,1560.85,1560.35,1560.85,0
2026-05-06 15:11:00,1560.85,1560.95,1560.4,1560.65,0
2026-05-06 15:12:00,1560.65,1560.85,1560.5,1560.6,0
2026-05-06 15:13:00,1560.6,1560.7,1560.3,1560.4,0
2026-05-06 15:14:00,1560.4,1560.6,1560.15,1560.2,0
2026-05-06 15:15:00,1560.2,1560.35,1560.15,1560.3,0
2026-05-06 15:16:00,1560.3,1560.5,1560.15,1560.4,0
2026-05-06 15:17:00,1560.4,1560.5,1560.25,1560.4,0
2026-05-06 15:18:00,1560.4,1560.9,1560.3,1560.9,0
2026-05-06 15:19:00,1560.9,1561.1,1560.85,1560.95,0
2026-05-06 15:20:00,1560.95,1561.0,1560.2,1560.35,0
2026-05-06 15:21:00,1560.35,1560.55,1560.3,1560.35,0
2026-05-06 15:22:00,1560.35,1560.45,1560.15,1560.2,0
2026-05-06 15:23:00,1560.2,1560.5,1560.15,1560.45,0
2026-05-06 15:24:00,1560.45,1560.8,1560.3,1560.75,0
2026-05-06 15:25:00,1560.75,1561.0,1560.65,1560.9,0
2026-05-06 15:26:00,1560.9,1561.0,1560.7,1560.8,0
2026-05-06 15:27:00,1560.8,1561.2,1560.7,1561.1,0
2026-05-06 15:28:00,1561.1,1561.65,1561.1,1561.5,0
2026-05-06 15:29:00,1561.5,1561.65,1561.15,1561.35,0
2026-05-07 09:15:00,1566.0,1567.05,1564.15,1565.45,0
2026-05-07 09:16:00,1565.35,1565.5,1563.65,1564.3,0
2026-05-07 09:17:00,1564.3,1565.6,1564.15,1564.85,0
2026-05-07 09:18:00,1564.8,1564.8,1562.6,1562.9,0
2026-05-07 09:19:00,1562.85,1563.05,1562.1,1562.2,0
2026-05-07 09:20:00,1562.05,1562.3,1561.7,1561.75,0
2026-05-07 09:21:00,1561.85,1563.15,1561.75,1562.4,0
2026-05-07 09:22:00,1562.4,1562.55,1561.0,1561.2,0
2026-05-07 09:23:00,1561.25,1563.1,1561.1,1562.85,0
2026-05-07 09:24:00,1562.8,1563.3,1562.6,1563.25,0
2026-05-07 09:25:00,1563.3,1563.45,1562.15,1562.15,0
2026-05-07 09:26:00,1562.15,1562.55,1561.95,1562.0,0
2026-05-07 09:27:00,1562.05,1563.1,1562.05,1562.75,0
2026-05-07 09:28:00,1562.75,1563.8,1562.75,1563.7,0
2026-05-07 09:29:00,1563.75,1563.9,1563.1,1563.4,0
2026-05-07 09:30:00,1563.45,1563.5,1562.65,1563.4,0
2026-05-07 09:31:00,1563.4,1564.2,1563.3,1564.2,0
2026-05-07 09:32:00,1564.15,1564.5,1563.85,1564.4,0
2026-05-07 09:33:00,1564.4,1564.7,1563.85,1563.95,0
2026-05-07 09:34:00,1564.0,1564.2,1563.65,1563.75,0
2026-05-07 09:35:00,1563.8,1564.5,1563.8,1564.45,0
2026-05-07 09:36:00,1564.4,1564.85,1564.2,1564.7,0
2026-05-07 09:37:00,1564.7,1564.95,1564.45,1564.75,0
2026-05-07 09:38:00,1564.75,1564.75,1563.85,1563.85,0
2026-05-07 09:39:00,1563.8,1563.95,1563.6,1563.85,0
2026-05-07 09:40:00,1563.85,1564.7,1563.85,1564.65,0
2026-05-07 09:41:00,1564.7,1565.65,1564.7,1565.65,0
2026-05-07 09:42:00,1565.7,1566.4,1565.7,1566.3,0
2026-05-07 09:43:00,1566.25,1566.55,1566.15,1566.35,0
2026-05-07 09:44:00,1566.3,1566.4,1565.95,1566.15,0
2026-05-07 09:45:00,1566.05,1566.3,1565.6,1565.65,0
2026-05-07 09:46:00,1565.55,1565.65,1564.9,1564.95,0
2026-05-07 09:47:00,1565.0,1565.2,1564.85,1564.95,0
2026-05-07 09:48:00,1564.9,1565.05,1564.65,1564.75,0
2026-05-07 09:49:00,1564.75,1564.95,1563.7,1563.7,0
2026-05-07 09:50:00,1563.75,1563.75,1562.7,1563.5,0
2026-05-07 09:51:00,1563.5,1563.95,1563.4,1563.6,0
2026-05-07 09:52:00,1563.55,1563.65,1563.2,1563.2,0
2026-05-07 09:53:00,1563.2,1563.45,1561.95,1562.0,0
2026-05-07 09:54:00,1561.85,1562.15,1561.65,1562.1,0
2026-05-07 09:55:00,1562.05,1562.85,1561.8,1562.7,0
2026-05-07 09:56:00,1562.75,1562.8,1562.15,1562.3,0
2026-05-07 09:57:00,1562.3,1562.35,1562.0,1562.1,0
2026-05-07 09:58:00,1562.1,1562.85,1561.95,1562.65,0
2026-05-07 09:59:00,1562.65,1563.0,1562.1,1562.2,0
2026-05-07 10:00:00,1562.15,1562.7,1561.9,1562.65,0
2026-05-07 10:01:00,1562.75,1563.75,1562.7,1563.7,0
2026-05-07 10:02:00,1563.75,1564.0,1563.55,1563.75,0
2026-05-07 10:03:00,1563.7,1563.75,1563.35,1563.5,0
2026-05-07 10:04:00,1563.45,1563.55,1562.85,1563.15,0
2026-05-07 10:05:00,1563.15,1563.4,1562.75,1563.1,0
2026-05-07 10:06:00,1563.1,1563.25,1562.3,1562.3,0
2026-05-07 10:07:00,1562.3,1562.3,1561.55,1561.6,0
2026-05-07 10:08:00,1561.65,1561.65,1560.65,1561.1,0
2026-05-07 10:09:00,1561.2,1561.45,1561.1,1561.35,0
2026-05-07 10:10:00,1561.35,1561.7,1561.15,1561.6,0
2026-05-07 10:11:00,1561.6,1562.05,1560.95,1560.95,0
2026-05-07 10:12:00,1560.95,1561.05,1560.6,1560.7,0
2026-05-07 10:13:00,1560.75,1561.15,1560.65,1560.9,0
2026-05-07 10:14:00,1560.9,1561.5,1560.85,1561.5,0
2026-05-07 10:15:00,1561.55,1561.8,1561.4,1561.7,0
2026-05-07 10:16:00,1561.75,1561.9,1561.65,1561.9,0
2026-05-07 10:17:00,1561.95,1562.5,1561.95,1562.5,0
2026-05-07 10:18:00,1562.55,1563.35,1562.55,1562.9,0
2026-05-07 10:19:00,1562.95,1563.55,1562.7,1563.55,0
2026-05-07 10:20:00,1563.5,1563.65,1563.35,1563.5,0
2026-05-07 10:21:00,1563.55,1563.85,1563.3,1563.65,0
2026-05-07 10:22:00,1563.7,1563.8,1563.4,1563.7,0
2026-05-07 10:23:00,1563.8,1563.85,1563.6,1563.6,0
2026-05-07 10:24:00,1563.6,1563.9,1563.35,1563.9,0
2026-05-07 10:25:00,1563.85,1564.4,1563.65,1564.25,0
2026-05-07 10:26:00,1564.2,1564.8,1564.2,1564.8,0
2026-05-07 10:27:00,1564.85,1565.0,1564.6,1564.75,0
2026-05-07 10:28:00,1564.7,1564.75,1564.1,1564.1,0
2026-05-07 10:29:00,1564.1,1564.4,1563.95,1564.2,0
2026-05-07 10:30:00,1564.2,1564.8,1564.15,1564.7,0
2026-05-07 10:31:00,1564.65,1564.9,1564.4,1564.85,0
2026-05-07 10:32:00,1564.85,1564.9,1564.5,1564.6,0
2026-05-07 10:33:00,1564.6,1564.85,1564.5,1564.85,0
2026-05-07 10:34:00,1564.8,1564.95,1564.65,1564.65,0
2026-05-07 10:35:00,1564.65,1564.7,1564.25,1564.4,0
2026-05-07 10:36:00,1564.35,1564.5,1564.25,1564.4,0
2026-05-07 10:37:00,1564.35,1564.9,1564.35,1564.85,0
2026-05-07 10:38:00,1564.8,1564.9,1564.4,1564.8,0
2026-05-07 10:39:00,1564.8,1565.15,1564.75,1565.1,0
2026-05-07 10:40:00,1565.1,1565.3,1565.0,1565.15,0
2026-05-07 10:41:00,1565.1,1565.15,1564.7,1565.0,0
2026-05-07 10:42:00,1564.95,1565.15,1564.85,1565.05,0
2026-05-07 10:43:00,1565.05,1565.55,1565.05,1565.2,0
2026-05-07 10:44:00,1565.15,1565.45,1565.15,1565.45,0
2026-05-07 10:45:00,1565.45,1565.7,1565.45,1565.5,0
2026-05-07 10:46:00,1565.5,1565.7,1565.25,1565.25,0
2026-05-07 10:47:00,1565.25,1565.3,1564.65,1564.7,0
2026-05-07 10:48:00,1564.7,1565.3,1564.7,1565.25,0
2026-05-07 10:49:00,1565.25,1565.3,1564.75,1564.75,0
2026-05-07 10:50:00,1564.7,1564.75,1564.15,1564.2,0
2026-05-07 10:51:00,1564.15,1564.25,1563.85,1563.9,0
2026-05-07 10:52:00,1563.9,1563.9,1563.6,1563.6,0
2026-05-07 10:53:00,1563.6,1563.65,1563.2,1563.4,0
2026-05-07 10:54:00,1563.4,1564.1,1563.4,1564.05,0
2026-05-07 10:55:00,1564.05,1564.2,1564.0,1564.1,0
2026-05-07 10:56:00,1564.1,1564.15,1563.75,1563.75,0
2026-05-07 10:57:00,1563.75,1563.8,1563.25,1563.65,0
2026-05-07 10:58:00,1563.65,1563.75,1563.45,1563.45,0
2026-05-07 10:59:00,1563.4,1563.55,1563.3,1563.5,0
2026-05-07 11:00:00,1563.55,1563.75,1563.45,1563.45,0
2026-05-07 11:01:00,1563.45,1563.75,1563.45,1563.75,0
2026-05-07 11:02:00,1563.7,1563.75,1563.2,1563.35,0
2026-05-07 11:03:00,1563.35,1563.55,1563.3,1563.4,0
2026-05-07 11:04:00,1563.35,1563.45,1563.05,1563.15,0
2026-05-07 11:05:00,1563.15,1563.3,1563.1,1563.3,0
2026-05-07 11:06:00,1563.25,1563.35,1562.85,1562.9,0
2026-05-07 11:07:00,1562.85,1562.95,1562.4,1562.45,0
2026-05-07 11:08:00,1562.4,1562.5,1562.25,1562.35,0
2026-05-07 11:09:00,1562.4,1562.55,1562.35,1562.5,0
2026-05-07 11:10:00,1562.5,1562.55,1562.15,1562.35,0
2026-05-07 11:11:00,1562.35,1562.6,1562.3,1562.6,0
2026-05-07 11:12:00,1562.6,1562.65,1562.05,1562.05,0
2026-05-07 11:13:00,1562.0,1562.05,1561.75,1561.95,0
2026-05-07 11:14:00,1562.0,1562.4,1561.95,1562.4,0
2026-05-07 11:15:00,1562.35,1563.05,1562.35,1563.05,0
2026-05-07 11:16:00,1563.0,1563.1,1562.65,1562.7,0
2026-05-07 11:17:00,1562.7,1562.7,1562.25,1562.25,0
2026-05-07 11:18:00,1562.2,1562.7,1562.2,1562.6,0
2026-05-07 11:19:00,1562.55,1562.6,1562.0,1562.15,0
2026-05-07 11:20:00,1562.15,1562.25,1561.65,1561.7,0
2026-05-07 11:21:00,1561.7,1561.9,1561.2,1561.2,0
2026-05-07 11:22:00,1561.2,1561.5,1561.05,1561.45,0
2026-05-07 11:23:00,1561.45,1561.75,1561.45,1561.65,0
2026-05-07 11:24:00,1561.75,1561.9,1561.7,1561.85,0
2026-05-07 11:25:00,1561.85,1561.85,1561.15,1561.2,0
2026-05-07 11:26:00,1561.2,1561.25,1560.95,1560.95,0
2026-05-07 11:27:00,1560.95,1561.1,1560.9,1561.0,0
2026-05-07 11:28:00,1561.0,1561.2,1560.85,1561.15,0
2026-05-07 11:29:00,1561.15,1561.7,1561.15,1561.7,0
2026-05-07 11:30:00,1561.7,1562.25,1561.65,1562.25,0
2026-05-07 11:31:00,1562.25,1563.3,1562.15,1563.3,0
2026-05-07 11:32:00,1563.25,1563.95,1563.2,1563.7,0
2026-05-07 11:33:00,1563.7,1563.75,1563.0,1563.05,0
2026-05-07 11:34:00,1563.05,1563.1,1562.65,1562.65,0
2026-05-07 11:35:00,1562.7,1562.7,1562.2,1562.3,0
2026-05-07 11:36:00,1562.3,1562.5,1562.2,1562.3,0
2026-05-07 11:37:00,1562.25,1562.4,1562.2,1562.2,0
2026-05-07 11:38:00,1562.2,1562.6,1562.1,1562.35,0
2026-05-07 11:39:00,1562.3,1562.4,1561.95,1562.05,0
2026-05-07 11:40:00,1562.05,1562.15,1561.9,1561.95,0
2026-05-07 11:41:00,1561.95,1562.05,1561.8,1562.05,0
2026-05-07 11:42:00,1562.0,1562.1,1561.3,1561.35,0
2026-05-07 11:43:00,1561.4,1561.65,1561.25,1561.4,0
2026-05-07 11:44:00,1561.35,1561.4,1560.55,1560.55,0
2026-05-07 11:45:00,1560.6,1560.7,1560.35,1560.55,0
2026-05-07 11:46:00,1560.5,1560.95,1560.5,1560.9,0
2026-05-07 11:47:00,1560.9,1561.05,1560.75,1560.75,0
2026-05-07 11:48:00,1560.75,1561.45,1560.7,1561.45,0
2026-05-07 11:49:00,1561.45,1561.6,1561.4,1561.6,0
2026-05-07 11:50:00,1561.65,1562.25,1561.65,1562.1,0
2026-05-07 11:51:00,1562.1,1562.6,1562.1,1562.5,0
2026-05-07 11:52:00,1562.5,1563.0,1562.5,1562.95,0
2026-05-07 11:53:00,1563.0,1563.15,1562.7,1562.75,0
2026-05-07 11:54:00,1562.75,1562.85,1562.5,1562.5,0
2026-05-07 11:55:00,1562.55,1563.0,1562.45,1563.0,0
2026-05-07 11:56:00,1563.0,1563.05,1562.75,1562.75,0
2026-05-07 11:57:00,1562.75,1563.25,1562.65,1563.25,0
2026-05-07 11:58:00,1563.2,1563.85,1563.2,1563.85,0
2026-05-07 11:59:00,1563.85,1564.05,1563.6,1563.6,0
2026-05-07 12:00:00,1563.6,1564.0,1563.6,1563.9,0
2026-05-07 12:01:00,1563.9,1564.65,1563.9,1564.65,0
2026-05-07 12:02:00,1564.6,1565.1,1564.55,1564.8,0
2026-05-07 12:03:00,1564.8,1565.15,1564.8,1565.0,0
2026-05-07 12:04:00,1565.05,1565.05,1564.45,1564.5,0
2026-05-07 12:05:00,1564.55,1564.9,1564.55,1564.8,0
2026-05-07 12:06:00,1564.8,1565.2,1564.8,1565.1,0
2026-05-07 12:07:00,1565.1,1565.2,1564.65,1565.0,0
2026-05-07 12:08:00,1564.9,1565.1,1564.85,1565.0,0
2026-05-07 12:09:00,1565.0,1565.05,1564.9,1564.9,0
2026-05-07 12:10:00,1564.9,1565.4,1564.8,1565.3,0
2026-05-07 12:11:00,1565.3,1565.35,1565.15,1565.25,0
2026-05-07 12:12:00,1565.25,1565.3,1564.8,1564.9,0
2026-05-07 12:13:00,1564.95,1565.55,1564.85,1565.45,0
2026-05-07 12:14:00,1565.45,1565.65,1565.25,1565.4,0
2026-05-07 12:15:00,1565.4,1566.45,1565.4,1566.35,0
2026-05-07 12:16:00,1566.35,1566.45,1566.1,1566.15,0
2026-05-07 12:17:00,1566.15,1566.3,1565.8,1566.3,0
2026-05-07 12:18:00,1566.3,1566.4,1566.05,1566.25,0
2026-05-07 12:19:00,1566.25,1566.3,1565.6,1565.6,0
2026-05-07 12:20:00,1565.65,1566.2,1565.55,1566.15,0
2026-05-07 12:21:00,1566.15,1566.35,1566.1,1566.25,0
2026-05-07 12:22:00,1566.25,1566.3,1565.95,1565.95,0
2026-05-07 12:23:00,1565.95,1566.3,1565.9,1566.25,0
2026-05-07 12:24:00,1566.35,1566.4,1566.05,1566.2,0
2026-05-07 12:25:00,1566.2,1566.4,1566.05,1566.25,0
2026-05-07 12:26:00,1566.25,1566.45,1566.2,1566.25,0
2026-05-07 12:27:00,1566.15,1566.5,1566.1,1566.4,0
2026-05-07 12:28:00,1566.4,1566.5,1565.95,1566.15,0
2026-05-07 12:29:00,1566.15,1566.2,1565.4,1565.4,0
2026-05-07 12:30:00,1565.4,1565.55,1565.05,1565.05,0
2026-05-07 12:31:00,1565.05,1565.4,1564.9,1565.25,0
2026-05-07 12:32:00,1565.2,1565.3,1564.85,1564.9,0
2026-05-07 12:33:00,1564.85,1565.0,1564.05,1564.95,0
2026-05-07 12:34:00,1564.95,1565.3,1564.45,1565.1,0
2026-05-07 12:35:00,1565.15,1565.3,1564.8,1565.05,0
2026-05-07 12:36:00,1565.05,1565.8,1564.9,1565.7,0
2026-05-07 12:37:00,1565.7,1566.15,1565.5,1566.15,0
2026-05-07 12:38:00,1566.2,1568.75,1566.15,1568.35,0
2026-05-07 12:39:00,1568.3,1569.65,1568.3,1569.5,0
2026-05-07 12:40:00,1569.6,1570.55,1569.6,1570.55,0
2026-05-07 12:41:00,1570.5,1570.8,1570.4,1570.55,0
2026-05-07 12:42:00,1570.45,1570.9,1570.35,1570.55,0
2026-05-07 12:43:00,1570.5,1571.1,1570.25,1570.8,0
2026-05-07 12:44:00,1570.8,1571.45,1570.5,1570.5,0
2026-05-07 12:45:00,1570.45,1570.75,1570.35,1570.45,0
2026-05-07 12:46:00,1570.4,1570.45,1569.65,1569.75,0
2026-05-07 12:47:00,1569.75,1570.5,1569.3,1570.1,0
2026-05-07 12:48:00,1570.1,1570.4,1569.75,1569.8,0
2026-05-07 12:49:00,1569.85,1569.9,1569.3,1569.55,0
2026-05-07 12:50:00,1569.5,1569.75,1569.15,1569.15,0
2026-05-07 12:51:00,1569.1,1569.15,1568.05,1568.05,0
2026-05-07 12:52:00,1568.0,1568.1,1567.35,1567.95,0
2026-05-07 12:53:00,1567.95,1568.1,1567.35,1567.35,0
2026-05-07 12:54:00,1567.4,1568.05,1567.35,1568.0,0
2026-05-07 12:55:00,1568.05,1568.45,1567.8,1567.8,0
2026-05-07 12:56:00,1567.75,1567.75,1566.75,1567.6,0
2026-05-07 12:57:00,1567.6,1567.7,1566.8,1566.85,0
2026-05-07 12:58:00,1566.8,1567.1,1566.75,1566.95,0
2026-05-07 12:59:00,1566.95,1567.15,1566.9,1567.1,0
2026-05-07 13:00:00,1567.1,1568.0,1567.1,1568.0,0
2026-05-07 13:01:00,1568.0,1568.25,1567.55,1567.6,0
2026-05-07 13:02:00,1567.6,1567.7,1567.1,1567.6,0
2026-05-07 13:03:00,1567.6,1568.0,1567.55,1567.95,0
2026-05-07 13:04:00,1567.9,1568.25,1567.65,1567.65,0
2026-05-07 13:05:00,1567.7,1568.1,1567.6,1568.05,0
2026-05-07 13:06:00,1568.05,1568.9,1567.9,1568.65,0
2026-05-07 13:07:00,1568.65,1568.75,1568.25,1568.4,0
2026-05-07 13:08:00,1568.4,1568.65,1567.75,1567.9,0
2026-05-07 13:09:00,1567.85,1567.95,1567.75,1567.9,0
2026-05-07 13:10:00,1567.85,1567.9,1567.1,1567.35,0
2026-05-07 13:11:00,1567.35,1567.6,1567.15,1567.15,0
2026-05-07 13:12:00,1567.15,1567.4,1566.7,1567.3,0
2026-05-07 13:13:00,1567.3,1567.7,1567.25,1567.4,0
2026-05-07 13:14:00,1567.4,1567.75,1567.4,1567.5,0
2026-05-07 13:15:00,1567.5,1567.6,1567.25,1567.35,0
2026-05-07 13:16:00,1567.35,1567.9,1567.25,1567.3,0
2026-05-07 13:17:00,1567.3,1567.4,1566.75,1566.75,0
2026-05-07 13:18:00,1566.65,1566.65,1564.55,1564.55,0
2026-05-07 13:19:00,1564.6,1565.25,1563.65,1565.2,0
2026-05-07 13:20:00,1565.2,1566.15,1565.15,1566.1,0
2026-05-07 13:21:00,1566.15,1566.4,1565.45,1565.6,0
2026-05-07 13:22:00,1565.65,1566.15,1565.65,1565.85,0
2026-05-07 13:23:00,1565.75,1565.75,1565.25,1565.4,0
2026-05-07 13:24:00,1565.45,1565.5,1564.65,1564.9,0
2026-05-07 13:25:00,1564.9,1565.55,1564.9,1565.5,0
2026-05-07 13:26:00,1565.55,1565.85,1565.15,1565.3,0
2026-05-07 13:27:00,1565.25,1565.35,1564.75,1564.95,0
2026-05-07 13:28:00,1564.95,1565.4,1564.95,1565.05,0
2026-05-07 13:29:00,1565.05,1565.35,1565.05,1565.3,0
2026-05-07 13:30:00,1565.35,1565.45,1565.15,1565.4,0
2026-05-07 13:31:00,1565.35,1566.05,1565.3,1565.85,0
2026-05-07 13:32:00,1565.8,1565.95,1565.0,1565.15,0
2026-05-07 13:33:00,1565.2,1565.6,1565.2,1565.55,0
2026-05-07 13:34:00,1565.55,1565.8,1565.55,1565.75,0
2026-05-07 13:35:00,1565.7,1565.85,1565.25,1565.4,0
2026-05-07 13:36:00,1565.4,1566.05,1565.4,1565.8,0
2026-05-07 13:37:00,1565.85,1566.1,1565.6,1565.8,0
2026-05-07 13:38:00,1565.7,1565.85,1564.85,1565.05,0
2026-05-07 13:39:00,1565.1,1565.3,1564.7,1564.7,0
2026-05-07 13:40:00,1564.7,1565.05,1564.55,1565.05,0
2026-05-07 13:41:00,1565.1,1565.75,1565.1,1565.55,0
2026-05-07 13:42:00,1565.55,1565.7,1565.3,1565.65,0
2026-05-07 13:43:00,1565.65,1566.25,1565.55,1566.2,0
2026-05-07 13:44:00,1566.15,1566.25,1565.55,1565.55,0
2026-05-07 13:45:00,1565.55,1565.6,1564.9,1565.0,0
2026-05-07 13:46:00,1565.0,1565.55,1565.0,1565.45,0
2026-05-07 13:47:00,1565.45,1565.7,1565.4,1565.7,0
2026-05-07 13:48:00,1565.7,1565.8,1564.95,1564.95,0
2026-05-07 13:49:00,1565.0,1565.6,1564.9,1565.55,0
2026-05-07 13:50:00,1565.55,1565.7,1565.3,1565.3,0
2026-05-07 13:51:00,1565.3,1565.4,1565.0,1565.0,0
2026-05-07 13:52:00,1565.0,1565.75,1565.0,1565.75,0
2026-05-07 13:53:00,1565.75,1565.9,1565.6,1565.9,0
2026-05-07 13:54:00,1565.85,1566.15,1565.85,1566.15,0
2026-05-07 13:55:00,1566.15,1566.55,1565.55,1565.6,0
2026-05-07 13:56:00,1565.65,1565.7,1565.4,1565.55,0
2026-05-07 13:57:00,1565.55,1566.0,1565.55,1565.75,0
2026-05-07 13:58:00,1565.75,1566.25,1565.75,1566.15,0
2026-05-07 13:59:00,1566.15,1566.4,1566.05,1566.3,0
2026-05-07 14:00:00,1566.3,1566.4,1566.05,1566.15,0
2026-05-07 14:01:00,1566.15,1566.6,1566.15,1566.45,0
2026-05-07 14:02:00,1566.45,1566.6,1565.9,1566.05,0
2026-05-07 14:03:00,1566.1,1566.2,1565.25,1565.7,0
2026-05-07 14:04:00,1565.65,1566.2,1565.65,1565.7,0
2026-05-07 14:05:00,1565.65,1565.75,1564.9,1565.45,0
2026-05-07 14:06:00,1565.45,1565.95,1565.45,1565.75,0
2026-05-07 14:07:00,1565.75,1566.3,1565.7,1566.1,0
2026-05-07 14:08:00,1566.1,1566.7,1566.0,1566.65,0
2026-05-07 14:09:00,1566.7,1566.85,1566.15,1566.85,0
2026-05-07 14:10:00,1566.8,1567.1,1566.8,1566.8,0
2026-05-07 14:11:00,1566.8,1566.95,1566.4,1566.6,0
2026-05-07 14:12:00,1566.55,1566.65,1566.25,1566.4,0
2026-05-07 14:13:00,1566.4,1566.85,1566.4,1566.7,0
2026-05-07 14:14:00,1566.7,1566.8,1566.25,1566.25,0
2026-05-07 14:15:00,1566.25,1566.4,1566.2,1566.25,0
2026-05-07 14:16:00,1566.25,1566.35,1565.55,1565.85,0
2026-05-07 14:17:00,1565.8,1565.9,1565.35,1565.4,0
2026-05-07 14:18:00,1565.2,1565.65,1565.2,1565.45,0
2026-05-07 14:19:00,1565.45,1565.95,1565.1,1565.2,0
2026-05-07 14:20:00,1565.2,1565.5,1564.8,1564.9,0
2026-05-07 14:21:00,1564.95,1565.9,1564.85,1565.85,0
2026-05-07 14:22:00,1565.9,1566.1,1565.7,1565.9,0
2026-05-07 14:23:00,1565.9,1566.2,1565.8,1566.1,0
2026-05-07 14:24:00,1566.1,1566.4,1566.0,1566.35,0
2026-05-07 14:25:00,1566.35,1567.05,1566.35,1567.0,0
2026-05-07 14:26:00,1567.0,1567.15,1566.1,1566.3,0
2026-05-07 14:27:00,1566.3,1567.1,1566.25,1567.0,0
2026-05-07 14:28:00,1567.0,1567.1,1566.75,1567.0,0
2026-05-07 14:29:00,1567.0,1567.15,1566.85,1566.95,0
2026-05-07 14:30:00,1566.95,1567.3,1566.9,1567.05,0
2026-05-07 14:31:00,1567.05,1567.15,1566.2,1566.55,0
2026-05-07 14:32:00,1566.55,1566.75,1566.55,1566.7,0
2026-05-07 14:33:00,1566.65,1567.4,1566.6,1567.35,0
2026-05-07 14:34:00,1567.35,1567.6,1566.65,1566.65,0
2026-05-07 14:35:00,1566.7,1566.85,1566.45,1566.65,0
2026-05-07 14:36:00,1566.6,1566.6,1566.0,1566.35,0
2026-05-07 14:37:00,1566.35,1566.8,1566.3,1566.75,0
2026-05-07 14:38:00,1566.7,1566.9,1566.35,1566.4,0
2026-05-07 14:39:00,1566.3,1566.45,1566.05,1566.05,0
2026-05-07 14:40:00,1565.95,1566.45,1565.95,1566.35,0
2026-05-07 14:41:00,1566.4,1566.55,1566.15,1566.15,0
2026-05-07 14:42:00,1566.1,1566.45,1566.0,1566.0,0
2026-05-07 14:43:00,1566.0,1566.4,1565.8,1565.9,0
2026-05-07 14:44:00,1565.9,1566.05,1565.15,1565.35,0
2026-05-07 14:45:00,1565.35,1565.95,1565.35,1565.8,0
2026-05-07 14:46:00,1565.75,1565.9,1565.0,1565.45,0
2026-05-07 14:47:00,1565.45,1565.45,1564.7,1565.1,0
2026-05-07 14:48:00,1565.1,1565.3,1564.85,1564.85,0
2026-05-07 14:49:00,1564.9,1565.2,1564.65,1564.85,0
2026-05-07 14:50:00,1564.9,1565.45,1564.9,1565.1,0
2026-05-07 14:51:00,1565.1,1565.7,1565.1,1565.65,0
2026-05-07 14:52:00,1565.65,1565.85,1565.55,1565.8,0
2026-05-07 14:53:00,1565.75,1565.95,1565.7,1565.8,0
2026-05-07 14:54:00,1565.8,1566.05,1565.75,1565.75,0
2026-05-07 14:55:00,1565.75,1566.0,1565.7,1565.8,0
2026-05-07 14:56:00,1565.75,1566.35,1565.75,1566.2,0
2026-05-07 14:57:00,1566.25,1566.4,1566.0,1566.05,0
2026-05-07 14:58:00,1566.0,1566.1,1565.35,1566.05,0
2026-05-07 14:59:00,1566.0,1566.1,1565.4,1565.85,0
2026-05-07 15:00:00,1565.9,1566.25,1565.1,1565.65,0
2026-05-07 15:01:00,1565.65,1566.3,1565.1,1565.1,0
2026-05-07 15:02:00,1565.1,1565.15,1564.5,1564.55,0
2026-05-07 15:03:00,1564.55,1564.75,1564.35,1564.6,0
2026-05-07 15:04:00,1564.6,1565.25,1564.5,1565.1,0
2026-05-07 15:05:00,1565.1,1565.3,1564.8,1565.25,0
2026-05-07 15:06:00,1565.25,1565.45,1564.8,1564.8,0
2026-05-07 15:07:00,1564.8,1564.9,1563.6,1563.7,0
2026-05-07 15:08:00,1563.7,1564.05,1563.6,1564.0,0
2026-05-07 15:09:00,1564.0,1564.05,1563.75,1563.85,0
2026-05-07 15:10:00,1563.85,1563.9,1563.4,1563.45,0
2026-05-07 15:11:00,1563.45,1563.55,1562.95,1562.95,0
2026-05-07 15:12:00,1562.95,1563.1,1562.8,1563.05,0
2026-05-07 15:13:00,1563.05,1563.2,1562.9,1563.2,0
2026-05-07 15:14:00,1563.2,1563.7,1563.2,1563.3,0
2026-05-07 15:15:00,1563.3,1563.8,1563.15,1563.75,0
2026-05-07 15:16:00,1563.75,1564.15,1563.7,1564.0,0
2026-05-07 15:17:00,1564.0,1564.3,1563.95,1564.1,0
2026-05-07 15:18:00,1564.1,1564.5,1563.9,1564.5,0
2026-05-07 15:19:00,1564.5,1564.75,1564.45,1564.7,0
2026-05-07 15:20:00,1564.7,1564.7,1564.4,1564.4,0
2026-05-07 15:21:00,1564.4,1564.5,1564.3,1564.45,0
2026-05-07 15:22:00,1564.45,1564.5,1564.35,1564.5,0
2026-05-07 15:23:00,1564.5,1564.6,1564.5,1564.55,0
2026-05-07 15:24:00,1564.55,1564.6,1564.3,1564.55,0
2026-05-07 15:25:00,1564.55,1565.25,1564.5,1565.25,0
2026-05-07 15:26:00,1565.25,1565.65,1565.15,1565.6,0
2026-05-07 15:27:00,1565.6,1565.65,1565.4,1565.5,0
2026-05-07 15:28:00,1565.5,1565.65,1565.2,1565.2,0
2026-05-07 15:29:00,1565.2,1565.6,1565.0,1565.4,0
2026-05-08 09:15:00,1560.9,1561.0,1556.65,1559.15,0
2026-05-08 09:16:00,1559.1,1560.2,1557.2,1559.15,0
2026-05-08 09:17:00,1559.2,1561.5,1558.75,1561.1,0
2026-05-08 09:18:00,1561.05,1561.4,1559.3,1559.55,0
2026-05-08 09:19:00,1559.5,1560.55,1559.25,1560.3,0
2026-05-08 09:20:00,1560.3,1560.3,1559.65,1560.15,0
2026-05-08 09:21:00,1560.2,1561.2,1559.85,1560.85,0
2026-05-08 09:22:00,1560.7,1560.8,1560.35,1560.75,0
2026-05-08 09:23:00,1560.75,1561.75,1560.3,1560.35,0
2026-05-08 09:24:00,1560.3,1560.3,1559.1,1559.2,0
2026-05-08 09:25:00,1559.2,1560.55,1558.95,1560.5,0
2026-05-08 09:26:00,1560.45,1561.25,1560.2,1560.35,0
2026-05-08 09:27:00,1560.35,1561.15,1560.35,1561.15,0
2026-05-08 09:28:00,1561.2,1561.95,1561.1,1561.95,0
2026-05-08 09:29:00,1561.9,1561.95,1561.4,1561.85,0
2026-05-08 09:30:00,1561.8,1561.85,1560.75,1561.2,0
2026-05-08 09:31:00,1561.2,1561.3,1560.45,1560.55,0
2026-05-08 09:32:00,1560.5,1560.6,1559.75,1559.75,0
2026-05-08 09:33:00,1559.75,1560.4,1559.1,1559.2,0
2026-05-08 09:34:00,1559.2,1560.0,1558.6,1560.0,0
2026-05-08 09:35:00,1560.05,1560.1,1559.0,1559.1,0
2026-05-08 09:36:00,1559.05,1559.45,1558.9,1558.9,0
2026-05-08 09:37:00,1558.9,1559.2,1558.5,1559.05,0
2026-05-08 09:38:00,1559.0,1559.35,1558.55,1558.55,0
2026-05-08 09:39:00,1558.55,1558.55,1558.1,1558.15,0
2026-05-08 09:40:00,1558.15,1558.2,1557.9,1558.2,0
2026-05-08 09:41:00,1558.25,1558.25,1557.65,1557.65,0
2026-05-08 09:42:00,1557.65,1557.75,1556.8,1557.05,0
2026-05-08 09:43:00,1557.05,1557.45,1557.05,1557.2,0
2026-05-08 09:44:00,1557.25,1557.3,1556.9,1556.9,0
2026-05-08 09:45:00,1556.85,1556.85,1554.95,1555.4,0
2026-05-08 09:46:00,1555.4,1557.35,1555.4,1557.25,0
2026-05-08 09:47:00,1557.3,1557.5,1556.4,1556.5,0
2026-05-08 09:48:00,1556.55,1556.6,1555.75,1556.05,0
2026-05-08 09:49:00,1556.1,1557.2,1556.1,1557.2,0
2026-05-08 09:50:00,1557.25,1557.8,1557.05,1557.05,0
2026-05-08 09:51:00,1557.05,1557.3,1556.95,1557.15,0
2026-05-08 09:52:00,1557.15,1557.45,1556.85,1557.4,0
2026-05-08 09:53:00,1557.4,1558.05,1557.35,1558.05,0
2026-05-08 09:54:00,1558.05,1558.4,1557.8,1558.35,0
2026-05-08 09:55:00,1558.35,1558.7,1558.35,1558.7,0
2026-05-08 09:56:00,1558.65,1558.8,1558.55,1558.8,0
2026-05-08 09:57:00,1558.75,1559.35,1558.75,1559.2,0
2026-05-08 09:58:00,1559.15,1559.25,1558.9,1558.95,0
2026-05-08 09:59:00,1558.95,1559.3,1558.85,1559.3,0
2026-05-08 10:00:00,1559.3,1559.55,1559.1,1559.3,0
2026-05-08 10:01:00,1559.35,1559.4,1559.15,1559.25,0
2026-05-08 10:02:00,1559.2,1559.55,1559.0,1559.1,0
2026-05-08 10:03:00,1559.1,1559.6,1559.1,1559.45,0
2026-05-08 10:04:00,1559.4,1559.5,1558.95,1559.25,0
2026-05-08 10:05:00,1559.3,1559.55,1559.2,1559.35,0
2026-05-08 10:06:00,1559.3,1559.55,1559.25,1559.35,0
2026-05-08 10:07:00,1559.3,1559.45,1559.2,1559.25,0
2026-05-08 10:08:00,1559.25,1559.5,1559.25,1559.35,0
2026-05-08 10:09:00,1559.35,1559.45,1559.1,1559.4,0
2026-05-08 10:10:00,1559.35,1559.45,1558.7,1558.75,0
2026-05-08 10:11:00,1558.8,1558.8,1558.35,1558.5,0
2026-05-08 10:12:00,1558.55,1558.55,1558.05,1558.2,0
2026-05-08 10:13:00,1558.25,1559.3,1558.1,1559.3,0
2026-05-08 10:14:00,1559.4,1560.4,1559.35,1560.35,0
2026-05-08 10:15:00,1560.5,1560.5,1560.05,1560.25,0
2026-05-08 10:16:00,1560.3,1560.6,1559.45,1559.55,0
2026-05-08 10:17:00,1559.65,1559.75,1559.05,1559.05,0
2026-05-08 10:18:00,1559.15,1559.75,1558.85,1559.7,0
2026-05-08 10:19:00,1559.8,1560.4,1559.75,1560.3,0
2026-05-08 10:20:00,1560.35,1560.4,1560.15,1560.4,0
2026-05-08 10:21:00,1560.45,1560.85,1560.35,1560.55,0
2026-05-08 10:22:00,1560.6,1561.05,1560.55,1561.05,0
2026-05-08 10:23:00,1561.15,1561.75,1561.05,1561.7,0
2026-05-08 10:24:00,1561.7,1561.75,1561.1,1561.65,0
2026-05-08 10:25:00,1561.7,1561.8,1561.45,1561.6,0
2026-05-08 10:26:00,1561.65,1561.65,1561.2,1561.25,0
2026-05-08 10:27:00,1561.35,1561.75,1561.05,1561.75,0
2026-05-08 10:28:00,1561.8,1562.3,1561.75,1562.1,0
2026-05-08 10:29:00,1562.15,1562.2,1561.85,1561.9,0
2026-05-08 10:30:00,1561.9,1562.3,1561.8,1562.2,0
2026-05-08 10:31:00,1562.25,1562.25,1561.95,1562.0,0
2026-05-08 10:32:00,1562.05,1562.25,1561.85,1562.1,0
2026-05-08 10:33:00,1562.2,1562.2,1561.85,1562.05,0
2026-05-08 10:34:00,1562.15,1562.4,1562.1,1562.2,0
2026-05-08 10:35:00,1562.2,1562.35,1561.8,1561.8,0
2026-05-08 10:36:00,1561.9,1562.2,1561.65,1562.1,0
2026-05-08 10:37:00,1562.15,1562.25,1561.9,1561.9,0
2026-05-08 10:38:00,1561.95,1561.95,1561.8,1561.85,0
2026-05-08 10:39:00,1561.9,1562.15,1561.85,1561.85,0
2026-05-08 10:40:00,1561.9,1562.1,1561.65,1561.95,0
2026-05-08 10:41:00,1562.0,1562.4,1561.9,1562.35,0
2026-05-08 10:42:00,1562.45,1562.5,1562.2,1562.25,0
2026-05-08 10:43:00,1562.3,1562.55,1562.15,1562.4,0
2026-05-08 10:44:00,1562.5,1562.5,1562.1,1562.1,0
2026-05-08 10:45:00,1562.1,1562.35,1562.0,1562.3,0
2026-05-08 10:46:00,1562.3,1562.45,1562.2,1562.35,0
2026-05-08 10:47:00,1562.35,1562.55,1562.0,1562.05,0
2026-05-08 10:48:00,1562.05,1562.15,1561.95,1562.0,0
2026-05-08 10:49:00,1562.0,1562.05,1561.65,1561.65,0
2026-05-08 10:50:00,1561.65,1561.7,1561.4,1561.4,0
2026-05-08 10:51:00,1561.4,1561.45,1560.8,1560.8,0
2026-05-08 10:52:00,1560.85,1561.1,1560.85,1560.9,0
2026-05-08 10:53:00,1560.9,1561.05,1560.9,1561.0,0
2026-05-08 10:54:00,1561.0,1561.1,1560.55,1560.65,0
2026-05-08 10:55:00,1560.65,1560.85,1560.6,1560.7,0
2026-05-08 10:56:00,1560.65,1561.0,1560.65,1560.85,0
2026-05-08 10:57:00,1560.9,1560.95,1560.7,1560.75,0
2026-05-08 10:58:00,1560.8,1560.95,1560.7,1560.85,0
2026-05-08 10:59:00,1560.8,1560.95,1560.25,1560.3,0
2026-05-08 11:00:00,1560.25,1560.55,1560.15,1560.45,0
2026-05-08 11:01:00,1560.4,1560.6,1560.2,1560.55,0
2026-05-08 11:02:00,1560.6,1560.8,1560.6,1560.7,0
2026-05-08 11:03:00,1560.65,1561.15,1560.65,1561.1,0
2026-05-08 11:04:00,1561.1,1561.85,1561.1,1561.55,0
2026-05-08 11:05:00,1561.55,1561.6,1561.25,1561.5,0
2026-05-08 11:06:00,1561.5,1561.85,1561.5,1561.85,0
2026-05-08 11:07:00,1561.85,1562.05,1561.85,1561.9,0
2026-05-08 11:08:00,1561.9,1561.95,1561.55,1561.6,0
2026-05-08 11:09:00,1561.65,1561.65,1561.2,1561.2,0
2026-05-08 11:10:00,1561.25,1561.35,1561.05,1561.2,0
2026-05-08 11:11:00,1561.2,1561.3,1561.15,1561.15,0
2026-05-08 11:12:00,1561.15,1561.2,1561.0,1561.15,0
2026-05-08 11:13:00,1561.15,1561.4,1561.1,1561.35,0
2026-05-08 11:14:00,1561.35,1561.5,1561.2,1561.5,0
2026-05-08 11:15:00,1561.5,1561.95,1561.45,1561.8,0
2026-05-08 11:16:00,1561.8,1561.85,1561.05,1561.25,0
2026-05-08 11:17:00,1561.2,1561.3,1560.75,1560.85,0
2026-05-08 11:18:00,1560.8,1560.9,1560.7,1560.8,0
2026-05-08 11:19:00,1560.8,1560.85,1560.25,1560.3,0
2026-05-08 11:20:00,1560.25,1560.9,1560.25,1560.85,0
2026-05-08 11:21:00,1560.85,1561.0,1560.7,1560.7,0
2026-05-08 11:22:00,1560.65,1560.7,1560.0,1560.0,0
2026-05-08 11:23:00,1560.05,1560.05,1559.55,1559.55,0
2026-05-08 11:24:00,1559.55,1560.1,1559.55,1560.0,0
2026-05-08 11:25:00,1560.0,1560.15,1559.9,1560.1,0
2026-05-08 11:26:00,1560.1,1560.15,1559.65,1559.7,0
2026-05-08 11:27:00,1559.7,1559.75,1559.55,1559.6,0
2026-05-08 11:28:00,1559.55,1559.85,1559.5,1559.5,0
2026-05-08 11:29:00,1559.5,1559.75,1559.45,1559.55,0
2026-05-08 11:30:00,1559.55,1559.65,1558.85,1558.85,0
2026-05-08 11:31:00,1558.85,1559.1,1558.85,1558.95,0
2026-05-08 11:32:00,1558.95,1559.4,1558.9,1559.35,0
2026-05-08 11:33:00,1559.35,1560.1,1559.35,1560.1,0
2026-05-08 11:34:00,1560.05,1560.1,1559.9,1559.95,0
2026-05-08 11:35:00,1559.95,1560.0,1559.65,1559.65,0
2026-05-08 11:36:00,1559.65,1559.8,1559.35,1559.75,0
2026-05-08 11:37:00,1559.75,1559.95,1559.75,1559.9,0
2026-05-08 11:38:00,1559.95,1559.95,1559.6,1559.6,0
2026-05-08 11:39:00,1559.6,1559.7,1559.35,1559.6,0
2026-05-08 11:40:00,1559.6,1559.7,1559.45,1559.55,0
2026-05-08 11:41:00,1559.55,1559.9,1559.55,1559.8,0
2026-05-08 11:42:00,1559.8,1559.8,1559.6,1559.7,0
2026-05-08 11:43:00,1559.7,1560.05,1559.7,1559.9,0
2026-05-08 11:44:00,1559.9,1560.2,1559.4,1559.4,0
2026-05-08 11:45:00,1559.4,1559.55,1559.2,1559.4,0
2026-05-08 11:46:00,1559.45,1559.7,1559.4,1559.6,0
2026-05-08 11:47:00,1559.65,1559.75,1559.45,1559.5,0
2026-05-08 11:48:00,1559.45,1559.6,1559.4,1559.5,0
2026-05-08 11:49:00,1559.55,1559.55,1559.15,1559.15,0
2026-05-08 11:50:00,1559.2,1559.45,1559.1,1559.4,0
2026-05-08 11:51:00,1559.45,1559.6,1559.35,1559.55,0
2026-05-08 11:52:00,1559.6,1559.6,1559.4,1559.4,0
2026-05-08 11:53:00,1559.4,1559.75,1559.35,1559.7,0
2026-05-08 11:54:00,1559.75,1559.85,1559.55,1559.55,0
2026-05-08 11:55:00,1559.5,1559.5,1558.95,1558.95,0
2026-05-08 11:56:00,1559.0,1559.0,1558.6,1558.8,0
2026-05-08 11:57:00,1558.85,1559.0,1558.65,1558.95,0
2026-05-08 11:58:00,1559.0,1559.4,1558.95,1559.35,0
2026-05-08 11:59:00,1559.4,1559.5,1559.3,1559.45,0
2026-05-08 12:00:00,1559.45,1559.75,1559.4,1559.7,0
2026-05-08 12:01:00,1559.75,1559.8,1558.85,1558.9,0
2026-05-08 12:02:00,1558.95,1558.95,1558.35,1558.5,0
2026-05-08 12:03:00,1558.6,1559.2,1558.6,1558.9,0
2026-05-08 12:04:00,1558.95,1559.55,1558.8,1559.4,0
2026-05-08 12:05:00,1559.45,1559.55,1559.2,1559.35,0
2026-05-08 12:06:00,1559.4,1559.55,1559.35,1559.35,0
2026-05-08 12:07:00,1559.4,1559.4,1559.05,1559.1,0
2026-05-08 12:08:00,1559.15,1559.2,1558.5,1558.5,0
2026-05-08 12:09:00,1558.6,1558.6,1558.2,1558.25,0
2026-05-08 12:10:00,1558.25,1558.5,1558.0,1558.45,0
2026-05-08 12:11:00,1558.45,1558.8,1558.4,1558.55,0
2026-05-08 12:12:00,1558.6,1558.6,1558.3,1558.35,0
2026-05-08 12:13:00,1558.4,1558.8,1558.3,1558.65,0
2026-05-08 12:14:00,1558.7,1558.75,1558.55,1558.65,0
2026-05-08 12:15:00,1558.65,1558.65,1558.2,1558.2,0
2026-05-08 12:16:00,1558.25,1558.3,1557.85,1558.05,0
2026-05-08 12:17:00,1558.05,1558.25,1557.85,1557.9,0
2026-05-08 12:18:00,1557.95,1558.0,1557.75,1558.0,0
2026-05-08 12:19:00,1558.05,1558.65,1557.95,1558.6,0
2026-05-08 12:20:00,1558.65,1558.95,1558.45,1558.95,0
2026-05-08 12:21:00,1559.0,1559.1,1558.35,1558.5,0
2026-05-08 12:22:00,1558.55,1558.55,1558.1,1558.2,0
2026-05-08 12:23:00,1558.2,1558.5,1558.0,1558.0,0
2026-05-08 12:24:00,1558.0,1558.4,1558.0,1558.3,0
2026-05-08 12:25:00,1558.3,1558.65,1558.3,1558.6,0
2026-05-08 12:26:00,1558.6,1558.7,1558.35,1558.5,0
2026-05-08 12:27:00,1558.5,1558.95,1558.4,1558.9,0
2026-05-08 12:28:00,1558.95,1559.25,1558.85,1559.25,0
2026-05-08 12:29:00,1559.3,1559.3,1558.85,1558.9,0
2026-05-08 12:30:00,1559.0,1559.1,1558.85,1558.85,0
2026-05-08 12:31:00,1558.9,1558.95,1558.55,1558.55,0
2026-05-08 12:32:00,1558.45,1558.6,1557.8,1557.85,0
2026-05-08 12:33:00,1557.85,1557.9,1557.6,1557.75,0
2026-05-08 12:34:00,1557.7,1558.1,1557.65,1558.05,0
2026-05-08 12:35:00,1558.05,1558.25,1557.95,1558.0,0
2026-05-08 12:36:00,1557.95,1558.0,1557.55,1557.95,0
2026-05-08 12:37:00,1557.9,1558.15,1557.7,1557.75,0
2026-05-08 12:38:00,1557.75,1557.8,1557.45,1557.6,0
2026-05-08 12:39:00,1557.6,1557.65,1557.4,1557.45,0
2026-05-08 12:40:00,1557.45,1557.7,1557.45,1557.7,0
2026-05-08 12:41:00,1557.65,1557.8,1557.5,1557.7,0
2026-05-08 12:42:00,1557.7,1557.75,1557.5,1557.6,0
2026-05-08 12:43:00,1557.6,1557.75,1557.55,1557.65,0
2026-05-08 12:44:00,1557.65,1557.7,1557.05,1557.05,0
2026-05-08 12:45:00,1557.05,1557.05,1556.6,1556.85,0
2026-05-08 12:46:00,1556.9,1556.9,1556.3,1556.35,0
2026-05-08 12:47:00,1556.3,1556.6,1556.2,1556.5,0
2026-05-08 12:48:00,1556.5,1556.95,1556.5,1556.85,0
2026-05-08 12:49:00,1556.85,1557.4,1556.8,1557.4,0
2026-05-08 12:50:00,1557.4,1557.7,1557.35,1557.7,0
2026-05-08 12:51:00,1557.7,1557.8,1557.35,1557.55,0
2026-05-08 12:52:00,1557.6,1557.6,1557.05,1557.1,0
2026-05-08 12:53:00,1557.1,1557.4,1556.75,1557.4,0
2026-05-08 12:54:00,1557.4,1557.5,1557.3,1557.45,0
2026-05-08 12:55:00,1557.45,1557.6,1557.45,1557.45,0
2026-05-08 12:56:00,1557.45,1557.45,1556.95,1557.25,0
2026-05-08 12:57:00,1557.3,1557.5,1556.8,1556.85,0
2026-05-08 12:58:00,1556.85,1557.2,1556.8,1557.15,0
2026-05-08 12:59:00,1557.15,1557.35,1557.1,1557.1,0
2026-05-08 13:00:00,1557.1,1557.25,1556.95,1557.0,0
2026-05-08 13:01:00,1557.0,1557.3,1557.0,1557.05,0
2026-05-08 13:02:00,1557.1,1557.15,1556.95,1557.05,0
2026-05-08 13:03:00,1557.1,1557.1,1556.85,1556.85,0
2026-05-08 13:04:00,1556.9,1557.05,1556.7,1556.8,0
2026-05-08 13:05:00,1556.8,1557.2,1556.8,1557.05,0
2026-05-08 13:06:00,1557.1,1557.35,1557.05,1557.15,0
2026-05-08 13:07:00,1557.1,1557.15,1556.75,1556.85,0
2026-05-08 13:08:00,1556.85,1557.2,1556.8,1557.2,0
2026-05-08 13:09:00,1557.2,1557.65,1557.15,1557.55,0
2026-05-08 13:10:00,1557.55,1557.7,1557.25,1557.25,0
2026-05-08 13:11:00,1557.2,1557.4,1557.05,1557.4,0
2026-05-08 13:12:00,1557.45,1557.55,1557.25,1557.45,0
2026-05-08 13:13:00,1557.5,1558.0,1557.4,1557.55,0
2026-05-08 13:14:00,1557.55,1557.75,1557.45,1557.45,0
2026-05-08 13:15:00,1557.5,1557.65,1557.45,1557.5,0
2026-05-08 13:16:00,1557.55,1557.6,1557.35,1557.45,0
2026-05-08 13:17:00,1557.45,1557.55,1557.15,1557.2,0
2026-05-08 13:18:00,1557.2,1557.2,1556.9,1557.2,0
2026-05-08 13:19:00,1557.25,1557.3,1557.1,1557.2,0
2026-05-08 13:20:00,1557.2,1557.7,1557.2,1557.45,0
2026-05-08 13:21:00,1557.4,1557.45,1557.1,1557.4,0
2026-05-08 13:22:00,1557.35,1557.85,1557.25,1557.8,0
2026-05-08 13:23:00,1557.75,1557.85,1557.7,1557.75,0
2026-05-08 13:24:00,1557.8,1557.85,1557.65,1557.85,0
2026-05-08 13:25:00,1557.9,1558.25,1557.75,1558.15,0
2026-05-08 13:26:00,1558.2,1558.4,1558.0,1558.4,0
2026-05-08 13:27:00,1558.4,1558.7,1558.3,1558.7,0
2026-05-08 13:28:00,1558.7,1559.25,1558.55,1559.2,0
2026-05-08 13:29:00,1559.25,1559.85,1559.25,1559.65,0
2026-05-08 13:30:00,1559.7,1560.0,1558.8,1558.9,0
2026-05-08 13:31:00,1558.95,1558.95,1558.55,1558.8,0
2026-05-08 13:32:00,1558.9,1559.1,1558.8,1558.95,0
2026-05-08 13:33:00,1559.05,1559.25,1558.9,1559.0,0
2026-05-08 13:34:00,1559.05,1559.2,1558.95,1559.05,0
2026-05-08 13:35:00,1559.1,1559.1,1558.85,1559.0,0
2026-05-08 13:36:00,1559.05,1559.05,1558.5,1558.5,0
2026-05-08 13:37:00,1558.55,1558.55,1558.25,1558.35,0
2026-05-08 13:38:00,1558.45,1558.45,1557.7,1557.75,0
2026-05-08 13:39:00,1557.85,1558.2,1557.75,1558.1,0
2026-05-08 13:40:00,1558.05,1558.75,1558.05,1558.65,0
2026-05-08 13:41:00,1558.65,1558.65,1558.15,1558.15,0
2026-05-08 13:42:00,1558.2,1558.4,1558.0,1558.4,0
2026-05-08 13:43:00,1558.45,1558.45,1558.15,1558.2,0
2026-05-08 13:44:00,1558.25,1558.25,1558.05,1558.05,0
2026-05-08 13:45:00,1558.15,1558.35,1558.05,1558.25,0
2026-05-08 13:46:00,1558.35,1558.35,1558.15,1558.15,0
2026-05-08 13:47:00,1558.2,1558.2,1557.95,1558.0,0
2026-05-08 13:48:00,1558.05,1558.25,1557.9,1558.25,0
2026-05-08 13:49:00,1558.25,1558.25,1557.9,1558.0,0
2026-05-08 13:50:00,1558.05,1558.15,1557.65,1557.65,0
2026-05-08 13:51:00,1557.65,1557.65,1557.4,1557.55,0
2026-05-08 13:52:00,1557.6,1557.6,1557.05,1557.05,0
2026-05-08 13:53:00,1557.1,1557.4,1556.65,1557.4,0
2026-05-08 13:54:00,1557.45,1558.1,1557.45,1558.1,0
2026-05-08 13:55:00,1558.1,1558.15,1557.75,1557.75,0
2026-05-08 13:56:00,1557.75,1558.55,1557.7,1558.3,0
2026-05-08 13:57:00,1558.3,1558.3,1557.7,1557.95,0
2026-05-08 13:58:00,1557.95,1558.0,1557.25,1557.25,0
2026-05-08 13:59:00,1557.2,1557.2,1556.1,1556.6,0
2026-05-08 14:00:00,1556.6,1556.8,1556.2,1556.8,0
2026-05-08 14:01:00,1556.85,1556.85,1556.45,1556.6,0
2026-05-08 14:02:00,1556.6,1557.55,1556.4,1557.5,0
2026-05-08 14:03:00,1557.5,1558.0,1557.2,1558.0,0
2026-05-08 14:04:00,1558.0,1558.3,1558.0,1558.05,0
2026-05-08 14:05:00,1558.05,1558.9,1558.0,1558.6,0
2026-05-08 14:06:00,1558.65,1559.15,1558.55,1558.8,0
2026-05-08 14:07:00,1558.75,1559.05,1558.6,1559.05,0
2026-05-08 14:08:00,1559.05,1559.8,1559.05,1559.75,0
2026-05-08 14:09:00,1559.7,1560.05,1559.5,1560.0,0
2026-05-08 14:10:00,1560.05,1560.1,1559.8,1560.0,0
2026-05-08 14:11:00,1560.0,1560.15,1559.6,1559.6,0
2026-05-08 14:12:00,1559.65,1559.75,1559.45,1559.45,0
2026-05-08 14:13:00,1559.45,1559.5,1559.05,1559.3,0
2026-05-08 14:14:00,1559.3,1559.3,1558.6,1558.6,0
2026-05-08 14:15:00,1558.6,1558.9,1558.5,1558.7,0
2026-05-08 14:16:00,1558.75,1559.25,1558.6,1559.15,0
2026-05-08 14:17:00,1559.1,1559.45,1559.05,1559.2,0
2026-05-08 14:18:00,1559.2,1559.2,1558.8,1558.8,0
2026-05-08 14:19:00,1558.85,1558.85,1558.3,1558.5,0
2026-05-08 14:20:00,1558.55,1558.9,1558.5,1558.75,0
2026-05-08 14:21:00,1558.7,1558.85,1558.6,1558.7,0
2026-05-08 14:22:00,1558.7,1558.8,1558.6,1558.65,0
2026-05-08 14:23:00,1558.55,1559.35,1558.4,1559.25,0
2026-05-08 14:24:00,1559.3,1559.35,1558.45,1558.6,0
2026-05-08 14:25:00,1558.55,1558.9,1558.55,1558.85,0
2026-05-08 14:26:00,1558.85,1559.15,1558.8,1559.1,0
2026-05-08 14:27:00,1559.1,1559.55,1559.1,1559.45,0
2026-05-08 14:28:00,1559.5,1559.85,1559.3,1559.75,0
2026-05-08 14:29:00,1559.8,1560.05,1559.75,1560.05,0
2026-05-08 14:30:00,1560.05,1560.45,1560.05,1560.45,0
2026-05-08 14:31:00,1560.45,1561.3,1560.45,1561.3,0
2026-05-08 14:32:00,1561.3,1561.6,1561.1,1561.55,0
2026-05-08 14:33:00,1561.5,1562.05,1561.45,1561.85,0
2026-05-08 14:34:00,1561.85,1562.05,1561.55,1561.55,0
2026-05-08 14:35:00,1561.55,1562.25,1561.55,1562.15,0
2026-05-08 14:36:00,1562.25,1562.6,1562.1,1562.45,0
2026-05-08 14:37:00,1562.5,1563.05,1562.3,1562.9,0
2026-05-08 14:38:00,1562.9,1563.1,1562.85,1563.0,0
2026-05-08 14:39:00,1563.05,1563.35,1563.0,1563.1,0
2026-05-08 14:40:00,1563.15,1564.05,1563.15,1563.9,0
2026-05-08 14:41:00,1563.85,1563.95,1563.25,1563.3,0
2026-05-08 14:42:00,1563.25,1563.35,1562.9,1563.2,0
2026-05-08 14:43:00,1563.25,1563.5,1563.2,1563.35,0
2026-05-08 14:44:00,1563.35,1564.0,1563.35,1563.75,0
2026-05-08 14:45:00,1563.75,1564.0,1563.45,1563.65,0
2026-05-08 14:46:00,1563.65,1563.8,1563.5,1563.65,0
2026-05-08 14:47:00,1563.65,1563.8,1563.45,1563.5,0
2026-05-08 14:48:00,1563.45,1563.5,1563.05,1563.1,0
2026-05-08 14:49:00,1563.1,1563.9,1563.1,1563.8,0
2026-05-08 14:50:00,1563.85,1563.95,1563.8,1563.9,0
2026-05-08 14:51:00,1564.0,1564.25,1563.85,1564.1,0
2026-05-08 14:52:00,1564.2,1564.25,1563.65,1563.85,0
2026-05-08 14:53:00,1563.95,1564.0,1563.65,1563.7,0
2026-05-08 14:54:00,1563.8,1563.8,1563.6,1563.7,0
2026-05-08 14:55:00,1563.75,1563.8,1563.5,1563.55,0
2026-05-08 14:56:00,1563.55,1563.6,1563.35,1563.4,0
2026-05-08 14:57:00,1563.35,1563.8,1563.3,1563.55,0
2026-05-08 14:58:00,1563.55,1563.55,1563.25,1563.4,0
2026-05-08 14:59:00,1563.35,1563.35,1562.0,1562.4,0
2026-05-08 15:00:00,1562.45,1562.45,1560.35,1560.6,0
2026-05-08 15:01:00,1560.6,1561.1,1560.55,1560.55,0
2026-05-08 15:02:00,1560.55,1560.6,1559.9,1560.05,0
2026-05-08 15:03:00,1560.05,1560.1,1559.55,1559.55,0
2026-05-08 15:04:00,1559.55,1559.7,1559.5,1559.55,0
2026-05-08 15:05:00,1559.55,1560.4,1559.55,1560.4,0
2026-05-08 15:06:00,1560.4,1560.45,1559.95,1560.0,0
2026-05-08 15:07:00,1560.0,1560.05,1559.6,1560.0,0
2026-05-08 15:08:00,1560.0,1560.3,1560.0,1560.15,0
2026-05-08 15:09:00,1560.15,1560.2,1559.9,1559.95,0
2026-05-08 15:10:00,1559.95,1560.2,1559.85,1560.15,0
2026-05-08 15:11:00,1560.15,1560.4,1560.0,1560.15,0
2026-05-08 15:12:00,1560.15,1560.2,1559.6,1559.65,0
2026-05-08 15:13:00,1559.65,1559.65,1559.4,1559.45,0
2026-05-08 15:14:00,1559.45,1559.8,1559.45,1559.8,0
2026-05-08 15:15:00,1559.8,1560.7,1559.75,1560.55,0
2026-05-08 15:16:00,1560.55,1560.55,1560.25,1560.3,0
2026-05-08 15:17:00,1560.3,1560.35,1559.7,1559.75,0
2026-05-08 15:18:00,1559.75,1559.75,1559.25,1559.5,0
2026-05-08 15:19:00,1559.5,1559.55,1559.25,1559.5,0
2026-05-08 15:20:00,1559.5,1559.5,1559.15,1559.3,0
2026-05-08 15:21:00,1559.3,1559.3,1558.85,1558.95,0
2026-05-08 15:22:00,1558.95,1559.05,1558.75,1558.85,0
2026-05-08 15:23:00,1558.85,1559.1,1558.7,1559.1,0
2026-05-08 15:24:00,1559.1,1559.1,1558.75,1559.05,0
2026-05-08 15:25:00,1559.05,1559.35,1558.85,1559.2,0
2026-05-08 15:26:00,1559.2,1559.3,1559.1,1559.2,0
2026-05-08 15:27:00,1559.2,1559.5,1559.15,1559.3,0
2026-05-08 15:28:00,1559.3,1559.45,1559.1,1559.3,0
2026-05-08 15:29:00,1559.3,1559.45,1558.85,1559.45,0
2026-05-11 09:15:00,1548.05,1548.65,1541.95,1545.65,0
2026-05-11 09:16:00,1545.95,1546.6,1544.65,1546.05,0
2026-05-11 09:17:00,1546.35,1546.65,1544.75,1545.05,0
2026-05-11 09:18:00,1544.9,1545.0,1542.75,1543.1,0
2026-05-11 09:19:00,1543.05,1544.8,1543.0,1544.1,0
2026-05-11 09:20:00,1544.1,1544.1,1542.35,1542.45,0
2026-05-11 09:21:00,1542.4,1543.3,1542.2,1542.75,0
2026-05-11 09:22:00,1542.8,1543.8,1542.8,1543.5,0
2026-05-11 09:23:00,1543.5,1544.6,1543.2,1544.6,0
2026-05-11 09:24:00,1544.65,1546.45,1544.65,1545.75,0
2026-05-11 09:25:00,1545.85,1546.15,1544.85,1544.9,0
2026-05-11 09:26:00,1544.85,1545.0,1544.25,1544.35,0
2026-05-11 09:27:00,1544.45,1545.6,1544.4,1545.45,0
2026-05-11 09:28:00,1545.4,1545.5,1544.7,1545.2,0
2026-05-11 09:29:00,1545.15,1546.35,1545.15,1546.25,0
2026-05-11 09:30:00,1546.1,1546.3,1545.65,1545.75,0
2026-05-11 09:31:00,1545.7,1546.15,1545.65,1545.9,0
2026-05-11 09:32:00,1545.9,1546.0,1545.45,1545.45,0
2026-05-11 09:33:00,1545.4,1545.45,1543.6,1543.65,0
2026-05-11 09:34:00,1543.5,1544.9,1543.5,1544.3,0
2026-05-11 09:35:00,1544.3,1544.3,1543.15,1543.35,0
2026-05-11 09:36:00,1543.3,1543.5,1542.7,1542.85,0
2026-05-11 09:37:00,1542.85,1542.9,1542.4,1542.4,0
2026-05-11 09:38:00,1542.35,1542.35,1541.3,1541.3,0
2026-05-11 09:39:00,1541.35,1541.35,1540.05,1540.55,0
2026-05-11 09:40:00,1540.5,1540.7,1539.8,1540.35,0
2026-05-11 09:41:00,1540.4,1541.2,1540.35,1540.65,0
2026-05-11 09:42:00,1540.65,1541.55,1540.55,1540.55,0
2026-05-11 09:43:00,1540.6,1540.7,1539.8,1540.05,0
2026-05-11 09:44:00,1540.05,1540.25,1539.9,1539.95,0
2026-05-11 09:45:00,1540.0,1540.55,1539.65,1539.7,0
2026-05-11 09:46:00,1539.6,1540.4,1539.55,1540.4,0
2026-05-11 09:47:00,1540.45,1540.7,1540.3,1540.7,0
2026-05-11 09:48:00,1540.85,1541.3,1540.55,1540.65,0
2026-05-11 09:49:00,1540.7,1541.4,1540.4,1541.2,0
2026-05-11 09:50:00,1541.2,1541.3,1540.7,1540.9,0
2026-05-11 09:51:00,1540.9,1541.1,1540.6,1540.6,0
2026-05-11 09:52:00,1540.65,1541.05,1540.65,1540.8,0
2026-05-11 09:53:00,1540.8,1541.45,1540.25,1541.4,0
2026-05-11 09:54:00,1541.45,1541.95,1541.45,1541.85,0
2026-05-11 09:55:00,1541.9,1542.2,1540.7,1540.7,0
2026-05-11 09:56:00,1540.7,1541.1,1540.0,1540.15,0
2026-05-11 09:57:00,1540.2,1541.15,1540.05,1541.1,0
2026-05-11 09:58:00,1541.15,1541.5,1540.7,1540.75,0
2026-05-11 09:59:00,1540.75,1540.75,1540.3,1540.3,0
2026-05-11 10:00:00,1540.35,1540.75,1540.3,1540.65,0
2026-05-11 10:01:00,1540.65,1540.95,1540.45,1540.95,0
2026-05-11 10:02:00,1540.9,1541.45,1540.9,1541.3,0
2026-05-11 10:03:00,1541.3,1542.5,1541.3,1542.5,0
2026-05-11 10:04:00,1542.5,1542.7,1542.25,1542.4,0
2026-05-11 10:05:00,1542.4,1542.55,1542.1,1542.45,0
2026-05-11 10:06:00,1542.45,1542.55,1542.1,1542.25,0
2026-05-11 10:07:00,1542.25,1542.6,1542.15,1542.3,0
2026-05-11 10:08:00,1542.3,1542.9,1542.3,1542.55,0
2026-05-11 10:09:00,1542.55,1543.25,1542.55,1543.0,0
2026-05-11 10:10:00,1543.0,1543.4,1542.7,1543.0,0
2026-05-11 10:11:00,1543.0,1543.25,1543.0,1543.1,0
2026-05-11 10:12:00,1543.1,1543.4,1542.7,1543.35,0
2026-05-11 10:13:00,1543.35,1543.7,1543.25,1543.55,0
2026-05-11 10:14:00,1543.45,1543.75,1543.15,1543.15,0
2026-05-11 10:15:00,1543.25,1543.3,1542.45,1542.55,0
2026-05-11 10:16:00,1542.55,1543.35,1542.4,1542.75,0
2026-05-11 10:17:00,1542.75,1542.85,1542.05,1542.15,0
2026-05-11 10:18:00,1542.15,1542.2,1540.85,1541.0,0
2026-05-11 10:19:00,1541.0,1541.2,1540.45,1540.5,0
2026-05-11 10:20:00,1540.45,1540.9,1540.05,1540.85,0
2026-05-11 10:21:00,1540.85,1541.3,1540.75,1541.3,0
2026-05-11 10:22:00,1541.45,1541.8,1541.3,1541.75,0
2026-05-11 10:23:00,1541.8,1541.85,1541.15,1541.2,0
2026-05-11 10:24:00,1541.25,1541.7,1541.05,1541.5,0
2026-05-11 10:25:00,1541.55,1541.55,1540.85,1541.1,0
2026-05-11 10:26:00,1541.15,1541.65,1540.95,1541.55,0
2026-05-11 10:27:00,1541.6,1541.7,1541.15,1541.2,0
2026-05-11 10:28:00,1541.25,1541.3,1541.0,1541.1,0
2026-05-11 10:29:00,1541.15,1541.3,1541.0,1541.2,0
2026-05-11 10:30:00,1541.25,1541.45,1540.85,1540.9,0
2026-05-11 10:31:00,1540.95,1540.95,1540.5,1540.55,0
2026-05-11 10:32:00,1540.55,1540.9,1540.5,1540.55,0
2026-05-11 10:33:00,1540.55,1540.85,1540.4,1540.65,0
2026-05-11 10:34:00,1540.7,1541.05,1540.65,1540.85,0
2026-05-11 10:35:00,1540.85,1541.05,1540.8,1540.9,0
2026-05-11 10:36:00,1540.9,1541.1,1540.4,1540.45,0
2026-05-11 10:37:00,1540.45,1540.5,1539.7,1539.75,0
2026-05-11 10:38:00,1539.75,1539.85,1539.35,1539.55,0
2026-05-11 10:39:00,1539.55,1540.1,1539.15,1540.1,0
2026-05-11 10:40:00,1540.1,1540.15,1539.7,1540.0,0
2026-05-11 10:41:00,1540.05,1540.1,1539.8,1539.95,0
2026-05-11 10:42:00,1539.95,1540.0,1539.3,1539.4,0
2026-05-11 10:43:00,1539.4,1539.5,1539.1,1539.45,0
2026-05-11 10:44:00,1539.5,1539.6,1539.45,1539.55,0
2026-05-11 10:45:00,1539.55,1539.6,1539.0,1539.1,0
2026-05-11 10:46:00,1539.1,1539.7,1539.0,1539.6,0
2026-05-11 10:47:00,1539.55,1539.75,1539.3,1539.3,0
2026-05-11 10:48:00,1539.3,1539.35,1538.65,1538.8,0
2026-05-11 10:49:00,1538.75,1539.7,1538.7,1539.5,0
2026-05-11 10:50:00,1539.5,1539.95,1539.45,1539.95,0
2026-05-11 10:51:00,1540.0,1540.1,1539.75,1539.75,0
2026-05-11 10:52:00,1539.7,1540.1,1539.55,1540.05,0
2026-05-11 10:53:00,1540.0,1540.65,1539.85,1540.65,0
2026-05-11 10:54:00,1540.65,1541.4,1540.65,1541.4,0
2026-05-11 10:55:00,1541.4,1541.55,1540.9,1541.05,0
2026-05-11 10:56:00,1541.1,1541.15,1540.85,1540.95,0
2026-05-11 10:57:00,1541.0,1541.3,1540.95,1541.15,0
2026-05-11 10:58:00,1541.2,1541.65,1541.2,1541.6,0
2026-05-11 10:59:00,1541.6,1541.85,1541.5,1541.5,0
2026-05-11 11:00:00,1541.5,1541.95,1541.5,1541.9,0
2026-05-11 11:01:00,1541.9,1542.1,1541.9,1542.05,0
2026-05-11 11:02:00,1542.1,1542.25,1541.4,1541.4,0
2026-05-11 11:03:00,1541.4,1542.2,1541.3,1542.15,0
2026-05-11 11:04:00,1542.15,1542.55,1542.15,1542.55,0
2026-05-11 11:05:00,1542.5,1542.8,1542.5,1542.8,0
2026-05-11 11:06:00,1542.75,1543.1,1542.75,1543.05,0
2026-05-11 11:07:00,1543.05,1543.3,1542.9,1542.9,0
2026-05-11 11:08:00,1542.85,1542.95,1542.3,1542.65,0
2026-05-11 11:09:00,1542.65,1543.05,1542.65,1543.05,0
2026-05-11 11:10:00,1543.05,1543.55,1543.05,1543.45,0
2026-05-11 11:11:00,1543.45,1544.0,1543.4,1544.0,0
2026-05-11 11:12:00,1544.0,1544.35,1543.75,1543.85,0
2026-05-11 11:13:00,1543.8,1544.0,1543.55,1543.8,0
2026-05-11 11:14:00,1543.8,1543.85,1543.65,1543.7,0
2026-05-11 11:15:00,1543.7,1544.15,1543.7,1543.95,0
2026-05-11 11:16:00,1543.95,1544.0,1543.75,1543.9,0
2026-05-11 11:17:00,1543.95,1544.15,1543.75,1543.75,0
2026-05-11 11:18:00,1543.8,1544.0,1543.7,1543.7,0
2026-05-11 11:19:00,1543.65,1544.1,1543.6,1544.1,0
2026-05-11 11:20:00,1544.1,1545.0,1544.1,1544.95,0
2026-05-11 11:21:00,1544.95,1545.2,1544.8,1544.85,0
2026-05-11 11:22:00,1544.85,1545.05,1544.7,1545.05,0
2026-05-11 11:23:00,1545.05,1545.15,1544.8,1544.95,0
2026-05-11 11:24:00,1544.95,1544.95,1544.3,1544.3,0
2026-05-11 11:25:00,1544.3,1544.7,1544.3,1544.55,0
2026-05-11 11:26:00,1544.6,1545.05,1544.15,1544.2,0
2026-05-11 11:27:00,1544.15,1544.3,1543.8,1543.95,0
2026-05-11 11:28:00,1543.95,1544.05,1543.55,1543.95,0
2026-05-11 11:29:00,1543.9,1544.6,1543.9,1544.5,0
2026-05-11 11:30:00,1544.5,1544.65,1543.8,1543.8,0
2026-05-11 11:31:00,1543.8,1544.15,1543.25,1544.1,0
2026-05-11 11:32:00,1544.05,1544.55,1544.05,1544.05,0
2026-05-11 11:33:00,1544.05,1544.15,1543.9,1543.9,0
2026-05-11 11:34:00,1543.95,1544.3,1543.8,1544.25,0
2026-05-11 11:35:00,1544.25,1544.75,1544.1,1544.75,0
2026-05-11 11:36:00,1544.7,1544.95,1544.6,1544.7,0
2026-05-11 11:37:00,1544.7,1545.05,1544.5,1544.55,0
2026-05-11 11:38:00,1544.5,1544.55,1544.05,1544.15,0
2026-05-11 11:39:00,1544.15,1545.1,1544.15,1545.1,0
2026-05-11 11:40:00,1545.1,1545.4,1545.05,1545.4,0
2026-05-11 11:41:00,1545.35,1546.0,1545.35,1545.9,0
2026-05-11 11:42:00,1545.95,1546.15,1545.9,1546.15,0
2026-05-11 11:43:00,1546.15,1546.2,1545.9,1546.1,0
2026-05-11 11:44:00,1546.1,1546.2,1545.9,1546.05,0
2026-05-11 11:45:00,1546.05,1546.3,1545.95,1546.15,0
2026-05-11 11:46:00,1546.15,1546.15,1545.25,1545.3,0
2026-05-11 11:47:00,1545.3,1545.4,1544.7,1544.9,0
2026-05-11 11:48:00,1544.9,1545.05,1544.5,1544.5,0
2026-05-11 11:49:00,1544.55,1544.6,1544.25,1544.25,0
2026-05-11 11:50:00,1544.3,1544.7,1544.3,1544.7,0
2026-05-11 11:51:00,1544.65,1544.75,1544.35,1544.65,0
2026-05-11 11:52:00,1544.65,1545.0,1544.55,1544.9,0
2026-05-11 11:53:00,1544.9,1545.4,1544.9,1545.25,0
2026-05-11 11:54:00,1545.25,1545.4,1545.15,1545.25,0
2026-05-11 11:55:00,1545.25,1545.3,1544.85,1544.85,0
2026-05-11 11:56:00,1544.9,1544.95,1544.7,1544.8,0
2026-05-11 11:57:00,1544.75,1544.95,1544.4,1544.4,0
2026-05-11 11:58:00,1544.45,1544.55,1544.3,1544.55,0
2026-05-11 11:59:00,1544.55,1544.85,1544.55,1544.8,0
2026-05-11 12:00:00,1544.85,1545.05,1544.75,1544.9,0
2026-05-11 12:01:00,1544.85,1544.9,1544.55,1544.55,0
2026-05-11 12:02:00,1544.55,1545.05,1544.45,1545.0,0
2026-05-11 12:03:00,1545.0,1545.5,1544.95,1545.25,0
2026-05-11 12:04:00,1545.3,1545.35,1544.4,1544.45,0
2026-05-11 12:05:00,1544.5,1544.8,1544.2,1544.75,0
2026-05-11 12:06:00,1544.85,1545.1,1544.55,1544.55,0
2026-05-11 12:07:00,1544.65,1544.95,1544.5,1544.8,0
2026-05-11 12:08:00,1544.85,1545.25,1544.8,1545.2,0
2026-05-11 12:09:00,1545.25,1545.45,1545.1,1545.3,0
2026-05-11 12:10:00,1545.2,1545.65,1544.9,1545.6,0
2026-05-11 12:11:00,1545.6,1545.65,1545.0,1545.0,0
2026-05-11 12:12:00,1545.1,1545.15,1544.85,1544.9,0
2026-05-11 12:13:00,1544.9,1545.25,1544.9,1545.2,0
2026-05-11 12:14:00,1545.25,1545.45,1545.0,1545.2,0
2026-05-11 12:15:00,1545.15,1545.35,1544.95,1544.95,0
2026-05-11 12:16:00,1545.05,1545.05,1544.55,1544.6,0
2026-05-11 12:17:00,1544.6,1544.85,1544.45,1544.7,0
2026-05-11 12:18:00,1544.7,1545.1,1544.7,1545.0,0
2026-05-11 12:19:00,1545.0,1545.5,1545.0,1545.25,0
2026-05-11 12:20:00,1545.25,1545.35,1544.9,1544.95,0
2026-05-11 12:21:00,1544.95,1545.1,1544.85,1544.85,0
2026-05-11 12:22:00,1544.85,1545.1,1544.7,1545.1,0
2026-05-11 12:23:00,1545.1,1545.5,1545.1,1545.45,0
2026-05-11 12:24:00,1545.45,1545.7,1545.4,1545.6,0
2026-05-11 12:25:00,1545.55,1545.7,1545.35,1545.5,0
2026-05-11 12:26:00,1545.55,1545.7,1545.3,1545.4,0
2026-05-11 12:27:00,1545.4,1545.45,1545.1,1545.15,0
2026-05-11 12:28:00,1545.1,1545.2,1544.85,1544.95,0
2026-05-11 12:29:00,1544.95,1545.0,1544.7,1544.7,0
2026-05-11 12:30:00,1544.7,1544.8,1544.45,1544.5,0
2026-05-11 12:31:00,1544.5,1544.55,1543.85,1543.9,0
2026-05-11 12:32:00,1543.9,1544.1,1543.55,1543.7,0
2026-05-11 12:33:00,1543.6,1544.35,1543.6,1544.35,0
2026-05-11 12:34:00,1544.35,1544.75,1544.35,1544.6,0
2026-05-11 12:35:00,1544.6,1544.95,1544.6,1544.85,0
2026-05-11 12:36:00,1544.85,1545.1,1544.6,1544.6,0
2026-05-11 12:37:00,1544.6,1544.7,1544.1,1544.1,0
2026-05-11 12:38:00,1544.1,1544.15,1543.15,1543.2,0
2026-05-11 12:39:00,1543.2,1543.75,1543.05,1543.75,0
2026-05-11 12:40:00,1543.8,1544.25,1543.8,1544.25,0
2026-05-11 12:41:00,1544.3,1544.65,1544.3,1544.4,0
2026-05-11 12:42:00,1544.4,1545.35,1544.4,1545.3,0
2026-05-11 12:43:00,1545.35,1545.75,1545.3,1545.65,0
2026-05-11 12:44:00,1545.7,1546.1,1545.7,1545.8,0
2026-05-11 12:45:00,1545.75,1545.95,1545.6,1545.7,0
2026-05-11 12:46:00,1545.65,1545.95,1545.55,1545.7,0
2026-05-11 12:47:00,1545.75,1545.8,1545.3,1545.35,0
2026-05-11 12:48:00,1545.35,1545.65,1545.35,1545.4,0
2026-05-11 12:49:00,1545.4,1545.45,1545.05,1545.35,0
2026-05-11 12:50:00,1545.35,1545.6,1545.3,1545.55,0
2026-05-11 12:51:00,1545.5,1545.55,1545.3,1545.45,0
2026-05-11 12:52:00,1545.45,1545.95,1545.45,1545.85,0
2026-05-11 12:53:00,1545.85,1545.9,1545.5,1545.5,0
2026-05-11 12:54:00,1545.5,1545.55,1545.0,1545.25,0
2026-05-11 12:55:00,1545.25,1545.55,1545.25,1545.45,0
2026-05-11 12:56:00,1545.45,1545.55,1545.25,1545.5,0
2026-05-11 12:57:00,1545.55,1545.9,1545.4,1545.45,0
2026-05-11 12:58:00,1545.45,1545.6,1545.35,1545.55,0
2026-05-11 12:59:00,1545.55,1545.7,1545.45,1545.5,0
2026-05-11 13:00:00,1545.5,1545.5,1545.15,1545.25,0
2026-05-11 13:01:00,1545.25,1545.65,1545.0,1545.55,0
2026-05-11 13:02:00,1545.55,1545.6,1545.15,1545.2,0
2026-05-11 13:03:00,1545.15,1545.35,1544.15,1544.15,0
2026-05-11 13:04:00,1544.2,1544.5,1544.1,1544.25,0
2026-05-11 13:05:00,1544.25,1544.5,1543.85,1543.85,0
2026-05-11 13:06:00,1543.85,1543.95,1543.3,1543.4,0
2026-05-11 13:07:00,1543.4,1544.5,1543.35,1544.3,0
2026-05-11 13:08:00,1544.3,1544.7,1544.15,1544.55,0
2026-05-11 13:09:00,1544.55,1545.3,1544.55,1545.3,0
2026-05-11 13:10:00,1545.3,1545.6,1545.3,1545.4,0
2026-05-11 13:11:00,1545.4,1545.45,1545.05,1545.1,0
2026-05-11 13:12:00,1545.1,1545.5,1545.0,1545.0,0
2026-05-11 13:13:00,1545.05,1545.45,1545.05,1545.2,0
2026-05-11 13:14:00,1545.2,1545.75,1545.15,1545.75,0
2026-05-11 13:15:00,1545.8,1545.85,1545.6,1545.75,0
2026-05-11 13:16:00,1545.7,1545.8,1545.5,1545.55,0
2026-05-11 13:17:00,1545.5,1545.65,1545.4,1545.5,0
2026-05-11 13:18:00,1545.5,1545.6,1545.25,1545.45,0
2026-05-11 13:19:00,1545.4,1545.4,1544.75,1544.75,0
2026-05-11 13:20:00,1544.85,1545.3,1544.85,1545.3,0
2026-05-11 13:21:00,1545.3,1545.8,1545.3,1545.8,0
2026-05-11 13:22:00,1545.75,1546.15,1545.75,1545.85,0
2026-05-11 13:23:00,1545.95,1545.95,1545.7,1545.75,0
2026-05-11 13:24:00,1545.75,1546.05,1545.75,1546.0,0
2026-05-11 13:25:00,1546.1,1546.2,1545.9,1546.05,0
2026-05-11 13:26:00,1546.05,1546.15,1545.8,1545.9,0
2026-05-11 13:27:00,1545.9,1545.95,1545.65,1545.7,0
2026-05-11 13:28:00,1545.75,1545.75,1545.35,1545.4,0
2026-05-11 13:29:00,1545.4,1545.8,1545.35,1545.75,0
2026-05-11 13:30:00,1545.85,1546.0,1545.75,1545.75,0
2026-05-11 13:31:00,1545.8,1546.2,1545.7,1546.1,0
2026-05-11 13:32:00,1546.2,1546.35,1546.0,1546.05,0
2026-05-11 13:33:00,1546.1,1546.15,1545.9,1545.95,0
2026-05-11 13:34:00,1546.0,1546.15,1545.8,1546.05,0
2026-05-11 13:35:00,1546.15,1547.4,1546.1,1547.4,0
2026-05-11 13:36:00,1547.45,1548.35,1547.35,1547.75,0
2026-05-11 13:37:00,1547.8,1547.8,1547.0,1547.05,0
2026-05-11 13:38:00,1547.1,1547.1,1546.45,1546.95,0
2026-05-11 13:39:00,1547.05,1547.15,1546.25,1546.25,0
2026-05-11 13:40:00,1546.25,1546.55,1545.75,1546.5,0
2026-05-11 13:41:00,1546.5,1546.9,1546.4,1546.85,0
2026-05-11 13:42:00,1546.9,1547.6,1546.9,1547.55,0
2026-05-11 13:43:00,1547.55,1547.65,1547.1,1547.15,0
2026-05-11 13:44:00,1547.15,1547.45,1547.1,1547.15,0
2026-05-11 13:45:00,1547.15,1548.2,1547.15,1548.1,0
2026-05-11 13:46:00,1548.05,1548.5,1548.05,1548.45,0
2026-05-11 13:47:00,1548.45,1548.6,1548.1,1548.1,0
2026-05-11 13:48:00,1548.15,1548.4,1548.1,1548.1,0
2026-05-11 13:49:00,1548.1,1548.2,1547.85,1548.05,0
2026-05-11 13:50:00,1548.0,1548.45,1548.0,1548.1,0
2026-05-11 13:51:00,1548.05,1548.25,1547.95,1548.2,0
2026-05-11 13:52:00,1548.2,1548.35,1548.15,1548.15,0
2026-05-11 13:53:00,1548.15,1548.5,1548.0,1548.5,0
2026-05-11 13:54:00,1548.5,1549.25,1548.5,1549.05,0
2026-05-11 13:55:00,1549.05,1549.2,1548.65,1548.65,0
2026-05-11 13:56:00,1548.65,1548.7,1548.25,1548.55,0
2026-05-11 13:57:00,1548.55,1548.65,1548.05,1548.1,0
2026-05-11 13:58:00,1548.1,1548.15,1547.45,1547.5,0
2026-05-11 13:59:00,1547.55,1547.7,1547.25,1547.25,0
2026-05-11 14:00:00,1547.25,1547.65,1546.75,1547.65,0
2026-05-11 14:01:00,1547.55,1547.85,1547.4,1547.4,0
2026-05-11 14:02:00,1547.35,1547.5,1547.2,1547.4,0
2026-05-11 14:03:00,1547.35,1547.65,1547.35,1547.5,0
2026-05-11 14:04:00,1547.55,1547.6,1547.05,1547.15,0
2026-05-11 14:05:00,1547.15,1547.35,1547.15,1547.3,0
2026-05-11 14:06:00,1547.35,1547.4,1547.05,1547.1,0
2026-05-11 14:07:00,1547.05,1547.55,1547.05,1547.55,0
2026-05-11 14:08:00,1547.6,1547.75,1547.2,1547.3,0
2026-05-11 14:09:00,1547.3,1547.6,1546.95,1547.0,0
2026-05-11 14:10:00,1547.0,1547.55,1547.0,1547.3,0
2026-05-11 14:11:00,1547.35,1547.45,1546.95,1546.95,0
2026-05-11 14:12:00,1546.95,1547.0,1546.75,1546.85,0
2026-05-11 14:13:00,1546.8,1546.9,1546.35,1546.35,0
2026-05-11 14:14:00,1546.35,1546.35,1545.85,1545.95,0
2026-05-11 14:15:00,1545.95,1546.5,1545.95,1546.3,0
2026-05-11 14:16:00,1546.25,1546.3,1545.55,1545.6,0
2026-05-11 14:17:00,1545.6,1545.9,1545.35,1545.85,0
2026-05-11 14:18:00,1545.8,1546.35,1545.75,1546.0,0
2026-05-11 14:19:00,1545.95,1546.0,1545.75,1545.75,0
2026-05-11 14:20:00,1545.8,1546.35,1545.75,1546.05,0
2026-05-11 14:21:00,1546.1,1546.45,1546.1,1546.35,0
2026-05-11 14:22:00,1546.35,1546.4,1545.95,1546.0,0
2026-05-11 14:23:00,1546.0,1546.15,1545.9,1545.95,0
2026-05-11 14:24:00,1546.0,1546.35,1546.0,1546.05,0
2026-05-11 14:25:00,1546.0,1546.05,1545.85,1546.0,0
2026-05-11 14:26:00,1545.95,1546.1,1545.75,1546.1,0
2026-05-11 14:27:00,1546.15,1546.2,1545.5,1545.6,0
2026-05-11 14:28:00,1545.6,1546.0,1545.15,1545.95,0
2026-05-11 14:29:00,1545.95,1546.0,1545.65,1545.8,0
2026-05-11 14:30:00,1545.75,1546.0,1545.65,1545.75,0
2026-05-11 14:31:00,1545.75,1546.05,1545.75,1545.85,0
2026-05-11 14:32:00,1545.85,1546.1,1545.85,1546.0,0
2026-05-11 14:33:00,1546.0,1546.5,1545.95,1546.5,0
2026-05-11 14:34:00,1546.5,1547.4,1546.4,1547.35,0
2026-05-11 14:35:00,1547.35,1547.7,1547.15,1547.3,0
2026-05-11 14:36:00,1547.25,1547.4,1546.35,1546.35,0
2026-05-11 14:37:00,1546.4,1546.5,1545.8,1545.8,0
2026-05-11 14:38:00,1545.75,1545.9,1545.6,1545.75,0
2026-05-11 14:39:00,1545.75,1545.8,1545.5,1545.65,0
2026-05-11 14:40:00,1545.6,1545.7,1545.45,1545.5,0
2026-05-11 14:41:00,1545.5,1545.9,1545.5,1545.65,0
2026-05-11 14:42:00,1545.65,1545.9,1545.6,1545.6,0
2026-05-11 14:43:00,1545.55,1545.6,1544.3,1544.6,0
2026-05-11 14:44:00,1544.6,1544.95,1544.6,1544.8,0
2026-05-11 14:45:00,1544.7,1544.9,1544.7,1544.75,0
2026-05-11 14:46:00,1544.85,1545.1,1544.8,1544.9,0
2026-05-11 14:47:00,1544.9,1544.95,1543.8,1543.95,0
2026-05-11 14:48:00,1543.9,1544.1,1543.3,1543.4,0
2026-05-11 14:49:00,1543.4,1543.4,1542.65,1543.05,0
2026-05-11 14:50:00,1543.1,1544.35,1542.95,1544.25,0
2026-05-11 14:51:00,1544.25,1544.35,1544.0,1544.05,0
2026-05-11 14:52:00,1544.05,1544.05,1543.0,1543.05,0
2026-05-11 14:53:00,1543.05,1543.35,1543.05,1543.3,0
2026-05-11 14:54:00,1543.25,1543.45,1543.15,1543.15,0
2026-05-11 14:55:00,1543.15,1543.25,1543.1,1543.2,0
2026-05-11 14:56:00,1543.2,1543.2,1542.8,1543.0,0
2026-05-11 14:57:00,1543.0,1543.05,1542.65,1542.7,0
2026-05-11 14:58:00,1542.7,1542.9,1542.55,1542.7,0
2026-05-11 14:59:00,1542.8,1542.85,1542.4,1542.4,0
2026-05-11 15:00:00,1542.5,1542.55,1540.9,1541.1,0
2026-05-11 15:01:00,1541.1,1541.1,1540.25,1540.3,0
2026-05-11 15:02:00,1540.3,1540.3,1539.75,1539.75,0
2026-05-11 15:03:00,1539.75,1539.8,1538.95,1538.95,0
2026-05-11 15:04:00,1538.95,1539.1,1538.45,1539.1,0
2026-05-11 15:05:00,1539.1,1539.2,1538.4,1538.4,0
2026-05-11 15:06:00,1538.4,1538.55,1537.65,1537.75,0
2026-05-11 15:07:00,1537.75,1537.9,1537.5,1537.9,0
2026-05-11 15:08:00,1537.9,1538.2,1537.85,1537.95,0
2026-05-11 15:09:00,1537.95,1537.95,1537.65,1537.9,0
2026-05-11 15:10:00,1537.9,1538.2,1537.55,1537.55,0
2026-05-11 15:11:00,1537.55,1537.6,1537.05,1537.3,0
2026-05-11 15:12:00,1537.3,1537.5,1537.2,1537.25,0
2026-05-11 15:13:00,1537.25,1537.65,1537.2,1537.35,0
2026-05-11 15:14:00,1537.35,1537.55,1537.15,1537.2,0
2026-05-11 15:15:00,1537.2,1538.2,1537.2,1538.15,0
2026-05-11 15:16:00,1538.15,1538.2,1537.8,1538.0,0
2026-05-11 15:17:00,1538.0,1538.05,1537.85,1537.95,0
2026-05-11 15:18:00,1537.95,1538.1,1537.7,1537.7,0
2026-05-11 15:19:00,1537.7,1537.7,1537.4,1537.45,0
2026-05-11 15:20:00,1537.45,1537.5,1537.3,1537.35,0
2026-05-11 15:21:00,1537.35,1537.6,1537.25,1537.45,0
2026-05-11 15:22:00,1537.45,1537.5,1537.25,1537.35,0
2026-05-11 15:23:00,1537.35,1537.4,1537.1,1537.3,0
2026-05-11 15:24:00,1537.3,1537.8,1537.0,1537.7,0
2026-05-11 15:25:00,1537.7,1537.9,1537.15,1537.7,0
2026-05-11 15:26:00,1537.7,1538.15,1537.65,1537.95,0
2026-05-11 15:27:00,1537.95,1538.05,1537.7,1537.9,0
2026-05-11 15:28:00,1537.9,1538.0,1537.6,1537.9,0
2026-05-11 15:29:00,1537.9,1538.15,1537.5,1538.15,0
2026-05-12 09:15:00,1533.25,1535.25,1532.5,1534.15,0
2026-05-12 09:16:00,1534.15,1534.85,1530.55,1530.75,0
2026-05-12 09:17:00,1530.85,1532.9,1530.5,1532.85,0
2026-05-12 09:18:00,1533.0,1533.25,1530.65,1531.1,0
2026-05-12 09:19:00,1531.15,1533.55,1530.8,1533.45,0
2026-05-12 09:20:00,1533.3,1533.3,1530.85,1531.6,0
2026-05-12 09:21:00,1531.8,1532.05,1530.9,1531.1,0
2026-05-12 09:22:00,1531.25,1531.5,1530.9,1531.45,0
2026-05-12 09:23:00,1531.55,1531.55,1530.15,1530.3,0
2026-05-12 09:24:00,1530.3,1530.35,1528.9,1528.9,0
2026-05-12 09:25:00,1529.0,1529.0,1526.8,1527.05,0
2026-05-12 09:26:00,1527.05,1527.35,1526.55,1526.7,0
2026-05-12 09:27:00,1526.7,1526.75,1525.5,1526.0,0
2026-05-12 09:28:00,1526.05,1527.05,1525.85,1525.95,0
2026-05-12 09:29:00,1526.0,1526.1,1525.35,1525.35,0
2026-05-12 09:30:00,1525.4,1525.4,1524.65,1524.95,0
2026-05-12 09:31:00,1525.1,1525.35,1524.65,1524.65,0
2026-05-12 09:32:00,1524.65,1525.1,1524.3,1524.3,0
2026-05-12 09:33:00,1524.35,1524.35,1523.75,1524.1,0
2026-05-12 09:34:00,1524.1,1524.4,1523.65,1524.4,0
2026-05-12 09:35:00,1524.5,1524.6,1524.05,1524.45,0
2026-05-12 09:36:00,1524.55,1526.0,1524.45,1525.65,0
2026-05-12 09:37:00,1525.65,1525.8,1524.8,1525.2,0
2026-05-12 09:38:00,1525.25,1525.6,1524.85,1525.45,0
2026-05-12 09:39:00,1525.35,1525.4,1523.8,1524.1,0
2026-05-12 09:40:00,1524.1,1524.8,1524.05,1524.7,0
2026-05-12 09:41:00,1524.85,1525.8,1524.85,1525.75,0
2026-05-12 09:42:00,1525.8,1526.65,1525.45,1526.5,0
2026-05-12 09:43:00,1526.5,1527.25,1526.3,1526.9,0
2026-05-12 09:44:00,1526.9,1526.95,1526.15,1526.4,0
2026-05-12 09:45:00,1526.3,1526.85,1526.0,1526.75,0
2026-05-12 09:46:00,1526.8,1527.1,1526.55,1526.55,0
2026-05-12 09:47:00,1526.65,1527.1,1526.3,1526.3,0
2026-05-12 09:48:00,1526.25,1526.8,1526.25,1526.8,0
2026-05-12 09:49:00,1526.8,1527.1,1526.7,1527.0,0
2026-05-12 09:50:00,1527.0,1527.6,1527.0,1527.2,0
2026-05-12 09:51:00,1527.2,1527.25,1526.9,1527.1,0
2026-05-12 09:52:00,1527.15,1527.4,1526.75,1526.9,0
2026-05-12 09:53:00,1526.85,1527.25,1526.75,1527.25,0
2026-05-12 09:54:00,1527.25,1527.35,1526.7,1526.95,0
2026-05-12 09:55:00,1527.0,1527.55,1526.95,1527.45,0
2026-05-12 09:56:00,1527.5,1527.55,1526.55,1526.7,0
2026-05-12 09:57:00,1526.7,1526.85,1526.15,1526.4,0
2026-05-12 09:58:00,1526.4,1526.55,1526.15,1526.25,0
2026-05-12 09:59:00,1526.25,1526.25,1525.8,1525.9,0
2026-05-12 10:00:00,1525.95,1526.15,1525.55,1525.7,0
2026-05-12 10:01:00,1525.75,1526.35,1525.7,1525.85,0
2026-05-12 10:02:00,1525.85,1526.0,1525.35,1525.55,0
2026-05-12 10:03:00,1525.55,1526.25,1525.45,1526.2,0
2026-05-12 10:04:00,1526.2,1526.25,1525.7,1525.7,0
2026-05-12 10:05:00,1525.7,1525.75,1524.7,1525.0,0
2026-05-12 10:06:00,1525.0,1526.25,1525.0,1526.2,0
2026-05-12 10:07:00,1526.25,1526.45,1525.75,1526.15,0
2026-05-12 10:08:00,1526.1,1526.15,1525.7,1525.75,0
2026-05-12 10:09:00,1525.8,1525.85,1525.6,1525.65,0
2026-05-12 10:10:00,1525.65,1525.7,1525.2,1525.7,0
2026-05-12 10:11:00,1525.75,1526.15,1525.65,1526.1,0
2026-05-12 10:12:00,1526.1,1526.3,1525.85,1525.9,0
2026-05-12 10:13:00,1525.85,1526.8,1525.85,1526.7,0
2026-05-12 10:14:00,1526.8,1527.25,1526.75,1527.0,0
2026-05-12 10:15:00,1527.0,1527.05,1526.8,1527.0,0
2026-05-12 10:16:00,1527.05,1527.4,1526.95,1527.35,0
2026-05-12 10:17:00,1527.4,1528.35,1527.4,1528.35,0
2026-05-12 10:18:00,1528.35,1528.35,1527.9,1528.1,0
2026-05-12 10:19:00,1528.15,1528.25,1528.0,1528.25,0
2026-05-12 10:20:00,1528.3,1528.55,1528.3,1528.55,0
2026-05-12 10:21:00,1528.55,1528.6,1528.0,1528.0,0
2026-05-12 10:22:00,1528.1,1528.1,1527.25,1527.5,0
2026-05-12 10:23:00,1527.45,1527.5,1526.35,1526.4,0
2026-05-12 10:24:00,1526.4,1526.5,1525.95,1526.05,0
2026-05-12 10:25:00,1526.15,1526.2,1525.55,1525.6,0
2026-05-12 10:26:00,1525.65,1526.0,1525.55,1525.8,0
2026-05-12 10:27:00,1525.8,1526.0,1525.3,1525.4,0
2026-05-12 10:28:00,1525.4,1525.4,1524.65,1524.7,0
2026-05-12 10:29:00,1524.7,1525.1,1524.55,1524.95,0
2026-05-12 10:30:00,1524.95,1524.95,1524.4,1524.45,0
2026-05-12 10:31:00,1524.55,1524.9,1524.4,1524.85,0
2026-05-12 10:32:00,1524.85,1524.9,1524.55,1524.7,0
2026-05-12 10:33:00,1524.7,1524.7,1524.05,1524.05,0
2026-05-12 10:34:00,1524.1,1524.15,1523.95,1524.05,0
2026-05-12 10:35:00,1524.1,1524.4,1523.9,1524.35,0
2026-05-12 10:36:00,1524.4,1524.85,1524.25,1524.25,0
2026-05-12 10:37:00,1524.25,1524.3,1523.8,1523.8,0
2026-05-12 10:38:00,1523.7,1523.7,1523.4,1523.7,0
2026-05-12 10:39:00,1523.75,1524.3,1523.75,1524.0,0
2026-05-12 10:40:00,1524.1,1524.55,1523.95,1524.5,0
2026-05-12 10:41:00,1524.55,1524.75,1524.45,1524.6,0
2026-05-12 10:42:00,1524.65,1525.75,1524.65,1525.65,0
2026-05-12 10:43:00,1525.7,1526.5,1525.7,1526.0,0
2026-05-12 10:44:00,1526.05,1526.25,1525.8,1525.9,0
2026-05-12 10:45:00,1525.95,1526.0,1525.4,1525.4,0
2026-05-12 10:46:00,1525.4,1525.4,1524.75,1524.75,0
2026-05-12 10:47:00,1524.75,1525.05,1524.45,1525.0,0
2026-05-12 10:48:00,1524.95,1525.0,1524.45,1524.6,0
2026-05-12 10:49:00,1524.55,1524.7,1524.15,1524.3,0
2026-05-12 10:50:00,1524.25,1524.65,1524.25,1524.5,0
2026-05-12 10:51:00,1524.5,1524.55,1524.1,1524.3,0
2026-05-12 10:52:00,1524.2,1524.5,1524.15,1524.35,0
2026-05-12 10:53:00,1524.4,1524.5,1524.15,1524.25,0
2026-05-12 10:54:00,1524.25,1524.4,1524.1,1524.3,0
2026-05-12 10:55:00,1524.35,1524.5,1524.15,1524.45,0
2026-05-12 10:56:00,1524.5,1525.4,1524.5,1524.9,0
2026-05-12 10:57:00,1524.95,1525.15,1524.65,1524.9,0
2026-05-12 10:58:00,1524.95,1525.2,1524.9,1524.95,0
2026-05-12 10:59:00,1525.0,1525.05,1524.65,1524.9,0
2026-05-12 11:00:00,1524.85,1524.9,1524.4,1524.4,0
2026-05-12 11:01:00,1524.45,1524.5,1524.0,1524.0,0
2026-05-12 11:02:00,1524.0,1524.0,1523.2,1523.45,0
2026-05-12 11:03:00,1523.5,1523.5,1523.05,1523.35,0
2026-05-12 11:04:00,1523.4,1523.45,1523.0,1523.25,0
2026-05-12 11:05:00,1523.2,1523.55,1523.1,1523.35,0
2026-05-12 11:06:00,1523.4,1523.55,1522.75,1522.75,0
2026-05-12 11:07:00,1522.85,1523.0,1522.5,1522.95,0
2026-05-12 11:08:00,1523.0,1523.2,1522.9,1523.1,0
2026-05-12 11:09:00,1523.15,1523.3,1522.75,1522.75,0
2026-05-12 11:10:00,1522.85,1523.1,1522.7,1522.75,0
2026-05-12 11:11:00,1522.8,1522.85,1522.55,1522.65,0
2026-05-12 11:12:00,1522.65,1522.75,1522.4,1522.55,0
2026-05-12 11:13:00,1522.55,1522.6,1522.35,1522.5,0
2026-05-12 11:14:00,1522.5,1522.55,1521.9,1522.1,0
2026-05-12 11:15:00,1522.1,1522.35,1521.9,1522.2,0
2026-05-12 11:16:00,1522.35,1522.5,1522.15,1522.35,0
2026-05-12 11:17:00,1522.35,1522.8,1522.25,1522.8,0
2026-05-12 11:18:00,1522.8,1523.3,1522.8,1523.15,0
2026-05-12 11:19:00,1523.25,1523.25,1522.85,1523.1,0
2026-05-12 11:20:00,1523.05,1523.25,1522.85,1523.1,0
2026-05-12 11:21:00,1523.05,1523.3,1522.9,1522.9,0
2026-05-12 11:22:00,1523.0,1523.05,1522.6,1522.8,0
2026-05-12 11:23:00,1522.85,1522.95,1522.3,1522.75,0
2026-05-12 11:24:00,1522.8,1523.15,1522.25,1522.25,0
2026-05-12 11:25:00,1522.35,1522.55,1522.25,1522.55,0
2026-05-12 11:26:00,1522.55,1522.7,1522.35,1522.35,0
2026-05-12 11:27:00,1522.45,1522.95,1522.2,1522.85,0
2026-05-12 11:28:00,1522.9,1523.0,1522.35,1522.4,0
2026-05-12 11:29:00,1522.45,1522.6,1522.05,1522.05,0
2026-05-12 11:30:00,1522.05,1522.1,1521.6,1521.8,0
2026-05-12 11:31:00,1521.85,1522.0,1521.55,1521.65,0
2026-05-12 11:32:00,1521.6,1522.0,1521.25,1521.3,0
2026-05-12 11:33:00,1521.35,1522.15,1521.2,1522.0,0
2026-05-12 11:34:00,1522.1,1522.55,1522.05,1522.4,0
2026-05-12 11:35:00,1522.4,1522.45,1521.8,1521.8,0
2026-05-12 11:36:00,1521.95,1522.25,1521.55,1522.15,0
2026-05-12 11:37:00,1522.3,1522.55,1522.05,1522.05,0
2026-05-12 11:38:00,1522.1,1522.3,1521.75,1522.3,0
2026-05-12 11:39:00,1522.3,1522.85,1522.3,1522.7,0
2026-05-12 11:40:00,1522.75,1523.05,1522.45,1523.05,0
2026-05-12 11:41:00,1523.25,1523.75,1523.25,1523.5,0
2026-05-12 11:42:00,1523.6,1523.75,1523.3,1523.35,0
2026-05-12 11:43:00,1523.35,1523.5,1523.25,1523.25,0
2026-05-12 11:44:00,1523.25,1523.4,1522.95,1523.1,0
2026-05-12 11:45:00,1523.15,1523.15,1522.75,1522.75,0
2026-05-12 11:46:00,1522.8,1522.9,1522.45,1522.8,0
2026-05-12 11:47:00,1522.8,1522.9,1522.2,1522.45,0
2026-05-12 11:48:00,1522.4,1522.5,1521.75,1521.75,0
2026-05-12 11:49:00,1521.85,1522.55,1521.8,1522.4,0
2026-05-12 11:50:00,1522.5,1522.55,1521.9,1521.95,0
2026-05-12 11:51:00,1521.95,1522.4,1521.95,1522.35,0
2026-05-12 11:52:00,1522.4,1522.7,1522.25,1522.7,0
2026-05-12 11:53:00,1522.7,1522.75,1522.45,1522.5,0
2026-05-12 11:54:00,1522.55,1522.9,1522.4,1522.65,0
2026-05-12 11:55:00,1522.75,1522.95,1522.4,1522.95,0
2026-05-12 11:56:00,1522.95,1523.45,1522.95,1523.25,0
2026-05-12 11:57:00,1523.3,1523.3,1522.95,1523.1,0
2026-05-12 11:58:00,1523.15,1523.35,1522.85,1523.05,0
2026-05-12 11:59:00,1523.05,1523.05,1522.55,1522.55,0
2026-05-12 12:00:00,1522.6,1522.65,1522.1,1522.1,0
2026-05-12 12:01:00,1522.15,1522.2,1521.8,1521.8,0
2026-05-12 12:02:00,1521.8,1522.0,1521.65,1521.7,0
2026-05-12 12:03:00,1521.7,1521.85,1521.6,1521.7,0
2026-05-12 12:04:00,1521.75,1522.05,1521.65,1521.85,0
2026-05-12 12:05:00,1521.9,1521.9,1521.65,1521.85,0
2026-05-12 12:06:00,1521.85,1521.85,1521.35,1521.65,0
2026-05-12 12:07:00,1521.65,1521.8,1521.25,1521.25,0
2026-05-12 12:08:00,1521.25,1521.3,1520.3,1520.45,0
2026-05-12 12:09:00,1520.45,1520.5,1520.05,1520.1,0
2026-05-12 12:10:00,1520.1,1520.35,1519.75,1520.35,0
2026-05-12 12:11:00,1520.45,1520.65,1520.45,1520.6,0
2026-05-12 12:12:00,1520.7,1520.7,1519.8,1519.8,0
2026-05-12 12:13:00,1519.9,1520.15,1519.8,1520.15,0
2026-05-12 12:14:00,1520.15,1520.15,1519.8,1519.85,0
2026-05-12 12:15:00,1519.9,1520.25,1519.65,1520.25,0
2026-05-12 12:16:00,1520.25,1520.75,1520.2,1520.7,0
2026-05-12 12:17:00,1520.7,1521.3,1520.7,1521.0,0
2026-05-12 12:18:00,1521.05,1521.05,1520.5,1520.6,0
2026-05-12 12:19:00,1520.65,1520.65,1520.4,1520.6,0
2026-05-12 12:20:00,1520.6,1520.65,1520.15,1520.35,0
2026-05-12 12:21:00,1520.35,1520.75,1520.3,1520.6,0
2026-05-12 12:22:00,1520.7,1520.7,1520.2,1520.2,0
2026-05-12 12:23:00,1520.25,1520.25,1519.95,1520.15,0
2026-05-12 12:24:00,1520.15,1520.45,1520.15,1520.45,0
2026-05-12 12:25:00,1520.5,1520.55,1520.2,1520.3,0
2026-05-12 12:26:00,1520.3,1520.6,1520.0,1520.05,0
2026-05-12 12:27:00,1520.05,1520.05,1519.9,1519.9,0
2026-05-12 12:28:00,1520.0,1520.05,1519.6,1519.75,0
2026-05-12 12:29:00,1519.8,1519.8,1519.5,1519.5,0
2026-05-12 12:30:00,1519.5,1519.6,1517.85,1517.85,0
2026-05-12 12:31:00,1517.85,1518.0,1517.45,1518.0,0
2026-05-12 12:32:00,1518.1,1518.3,1517.9,1517.9,0
2026-05-12 12:33:00,1517.95,1517.95,1517.5,1517.5,0
2026-05-12 12:34:00,1517.5,1517.6,1517.15,1517.2,0
2026-05-12 12:35:00,1517.2,1517.25,1516.75,1516.8,0
2026-05-12 12:36:00,1516.85,1517.0,1516.6,1516.75,0
2026-05-12 12:37:00,1516.85,1516.85,1516.25,1516.75,0
2026-05-12 12:38:00,1516.8,1517.4,1516.7,1517.25,0
2026-05-12 12:39:00,1517.25,1517.3,1516.7,1516.7,0
2026-05-12 12:40:00,1516.8,1516.9,1516.55,1516.7,0
2026-05-12 12:41:00,1516.85,1517.45,1516.8,1517.35,0
2026-05-12 12:42:00,1517.4,1517.4,1517.0,1517.05,0
2026-05-12 12:43:00,1517.15,1517.4,1516.95,1517.4,0
2026-05-12 12:44:00,1517.45,1517.85,1517.3,1517.55,0
2026-05-12 12:45:00,1517.6,1518.4,1517.45,1518.3,0
2026-05-12 12:46:00,1518.35,1518.5,1517.8,1517.8,0
2026-05-12 12:47:00,1517.8,1517.85,1517.1,1517.15,0
2026-05-12 12:48:00,1517.2,1517.35,1516.95,1517.35,0
2026-05-12 12:49:00,1517.45,1517.7,1517.3,1517.45,0
2026-05-12 12:50:00,1517.5,1517.7,1517.4,1517.5,0
2026-05-12 12:51:00,1517.5,1517.55,1517.2,1517.3,0
2026-05-12 12:52:00,1517.35,1517.95,1517.25,1517.9,0
2026-05-12 12:53:00,1517.95,1518.15,1517.65,1517.8,0
2026-05-12 12:54:00,1517.8,1517.8,1516.9,1516.9,0
2026-05-12 12:55:00,1517.05,1518.0,1517.05,1517.95,0
2026-05-12 12:56:00,1518.05,1518.05,1517.4,1517.4,0
2026-05-12 12:57:00,1517.45,1517.6,1517.1,1517.4,0
2026-05-12 12:58:00,1517.5,1517.55,1517.05,1517.3,0
2026-05-12 12:59:00,1517.3,1517.55,1516.95,1517.35,0
2026-05-12 13:00:00,1517.35,1517.5,1517.15,1517.4,0
2026-05-12 13:01:00,1517.45,1517.5,1517.1,1517.25,0
2026-05-12 13:02:00,1517.3,1517.55,1517.15,1517.5,0
2026-05-12 13:03:00,1517.55,1517.85,1517.4,1517.85,0
2026-05-12 13:04:00,1517.9,1517.9,1517.35,1517.65,0
2026-05-12 13:05:00,1517.7,1517.75,1517.5,1517.55,0
2026-05-12 13:06:00,1517.6,1517.6,1517.1,1517.25,0
2026-05-12 13:07:00,1517.3,1517.55,1517.2,1517.25,0
2026-05-12 13:08:00,1517.35,1517.4,1516.65,1516.7,0
2026-05-12 13:09:00,1516.7,1516.8,1516.1,1516.1,0
2026-05-12 13:10:00,1516.25,1516.65,1516.0,1516.25,0
2026-05-12 13:11:00,1516.25,1516.25,1515.75,1515.85,0
2026-05-12 13:12:00,1515.8,1516.85,1515.8,1516.8,0
2026-05-12 13:13:00,1516.85,1517.3,1516.8,1517.1,0
2026-05-12 13:14:00,1517.15,1517.7,1517.1,1517.7,0
2026-05-12 13:15:00,1517.75,1518.15,1517.75,1518.15,0
2026-05-12 13:16:00,1518.2,1518.6,1518.2,1518.45,0
2026-05-12 13:17:00,1518.55,1518.65,1518.3,1518.3,0
2026-05-12 13:18:00,1518.35,1519.3,1518.25,1518.9,0
2026-05-12 13:19:00,1518.9,1518.9,1517.9,1518.2,0
2026-05-12 13:20:00,1518.15,1518.15,1517.65,1517.9,0
2026-05-12 13:21:00,1517.9,1518.15,1517.8,1518.0,0
2026-05-12 13:22:00,1518.1,1518.25,1517.3,1517.3,0
2026-05-12 13:23:00,1517.3,1517.65,1517.1,1517.25,0
2026-05-12 13:24:00,1517.3,1517.35,1517.15,1517.15,0
2026-05-12 13:25:00,1517.25,1517.3,1516.85,1516.85,0
2026-05-12 13:26:00,1516.95,1517.45,1516.8,1517.3,0
2026-05-12 13:27:00,1517.3,1517.8,1517.15,1517.25,0
2026-05-12 13:28:00,1517.35,1517.4,1516.95,1517.1,0
2026-05-12 13:29:00,1517.1,1517.5,1517.05,1517.3,0
2026-05-12 13:30:00,1517.35,1517.45,1517.1,1517.4,0
2026-05-12 13:31:00,1517.5,1517.55,1517.25,1517.4,0
2026-05-12 13:32:00,1517.4,1517.9,1517.3,1517.9,0
2026-05-12 13:33:00,1517.95,1517.95,1517.7,1517.85,0
2026-05-12 13:34:00,1517.9,1517.95,1517.0,1517.0,0
2026-05-12 13:35:00,1517.05,1517.1,1516.55,1516.95,0
2026-05-12 13:36:00,1516.95,1517.0,1515.95,1515.95,0
2026-05-12 13:37:00,1516.05,1516.15,1515.7,1515.95,0
2026-05-12 13:38:00,1516.05,1516.1,1515.5,1515.55,0
2026-05-12 13:39:00,1515.6,1515.85,1515.5,1515.6,0
2026-05-12 13:40:00,1515.7,1515.85,1515.3,1515.45,0
2026-05-12 13:41:00,1515.45,1515.5,1515.1,1515.15,0
2026-05-12 13:42:00,1515.2,1515.2,1514.5,1514.6,0
2026-05-12 13:43:00,1514.7,1515.0,1514.6,1514.85,0
2026-05-12 13:44:00,1514.85,1515.2,1514.75,1515.05,0
2026-05-12 13:45:00,1515.1,1515.15,1514.35,1514.35,0
2026-05-12 13:46:00,1514.45,1514.5,1514.05,1514.1,0
2026-05-12 13:47:00,1514.15,1515.05,1514.1,1515.0,0
2026-05-12 13:48:00,1515.05,1515.55,1514.95,1515.45,0
2026-05-12 13:49:00,1515.5,1515.5,1515.15,1515.15,0
2026-05-12 13:50:00,1515.2,1515.9,1515.15,1515.8,0
2026-05-12 13:51:00,1515.8,1516.45,1515.7,1516.45,0
2026-05-12 13:52:00,1516.55,1516.65,1515.95,1516.05,0
2026-05-12 13:53:00,1516.05,1516.05,1515.3,1515.4,0
2026-05-12 13:54:00,1515.45,1515.5,1514.7,1514.75,0
2026-05-12 13:55:00,1514.85,1514.9,1514.1,1514.1,0
2026-05-12 13:56:00,1514.15,1514.75,1514.1,1514.7,0
2026-05-12 13:57:00,1514.7,1514.75,1514.1,1514.4,0
2026-05-12 13:58:00,1514.45,1514.55,1514.4,1514.45,0
2026-05-12 13:59:00,1514.5,1514.55,1513.85,1513.9,0
2026-05-12 14:00:00,1513.95,1513.95,1513.15,1513.25,0
2026-05-12 14:01:00,1513.35,1513.35,1512.9,1512.9,0
2026-05-12 14:02:00,1512.95,1513.4,1512.7,1513.35,0
2026-05-12 14:03:00,1513.35,1513.8,1512.95,1513.0,0
2026-05-12 14:04:00,1513.0,1513.2,1512.9,1513.05,0
2026-05-12 14:05:00,1513.15,1513.3,1512.85,1513.2,0
2026-05-12 14:06:00,1513.3,1513.5,1513.15,1513.4,0
2026-05-12 14:07:00,1513.4,1513.5,1512.1,1512.15,0
2026-05-12 14:08:00,1512.2,1512.45,1512.05,1512.05,0
2026-05-12 14:09:00,1512.1,1512.15,1511.8,1511.95,0
2026-05-12 14:10:00,1511.95,1512.1,1511.4,1511.6,0
2026-05-12 14:11:00,1511.65,1512.05,1511.6,1511.75,0
2026-05-12 14:12:00,1511.8,1511.8,1511.0,1511.15,0
2026-05-12 14:13:00,1511.2,1511.75,1511.2,1511.7,0
2026-05-12 14:14:00,1511.8,1511.8,1511.45,1511.45,0
2026-05-12 14:15:00,1511.45,1512.15,1511.1,1512.15,0
2026-05-12 14:16:00,1512.15,1512.4,1511.95,1512.15,0
2026-05-12 14:17:00,1512.2,1512.35,1512.0,1512.25,0
2026-05-12 14:18:00,1512.3,1512.45,1511.95,1511.95,0
2026-05-12 14:19:00,1512.05,1512.05,1511.4,1511.7,0
2026-05-12 14:20:00,1511.7,1512.15,1511.65,1511.85,0
2026-05-12 14:21:00,1511.9,1511.9,1511.3,1511.3,0
2026-05-12 14:22:00,1511.4,1511.45,1511.2,1511.25,0
2026-05-12 14:23:00,1511.3,1512.25,1511.1,1512.2,0
2026-05-12 14:24:00,1512.25,1514.25,1512.2,1513.9,0
2026-05-12 14:25:00,1513.95,1513.95,1512.4,1512.4,0
2026-05-12 14:26:00,1512.4,1512.4,1511.7,1512.25,0
2026-05-12 14:27:00,1512.3,1512.55,1511.95,1512.55,0
2026-05-12 14:28:00,1512.7,1512.7,1512.25,1512.4,0
2026-05-12 14:29:00,1512.4,1512.55,1512.15,1512.35,0
2026-05-12 14:30:00,1512.4,1512.45,1512.15,1512.2,0
2026-05-12 14:31:00,1512.3,1512.3,1511.75,1511.8,0
2026-05-12 14:32:00,1511.9,1512.25,1511.25,1511.25,0
2026-05-12 14:33:00,1511.35,1511.4,1510.9,1510.9,0
2026-05-12 14:34:00,1510.95,1510.95,1510.15,1510.15,0
2026-05-12 14:35:00,1510.2,1511.05,1509.95,1510.85,0
2026-05-12 14:36:00,1510.95,1511.05,1510.65,1511.0,0
2026-05-12 14:37:00,1511.1,1511.1,1510.8,1510.95,0
2026-05-12 14:38:00,1511.05,1512.0,1511.05,1511.9,0
2026-05-12 14:39:00,1511.95,1512.1,1511.45,1511.45,0
2026-05-12 14:40:00,1511.5,1511.7,1511.05,1511.3,0
2026-05-12 14:41:00,1511.3,1511.95,1511.15,1511.95,0
2026-05-12 14:42:00,1512.05,1512.1,1511.35,1511.4,0
2026-05-12 14:43:00,1511.5,1511.7,1511.3,1511.55,0
2026-05-12 14:44:00,1511.6,1512.1,1511.45,1511.6,0
2026-05-12 14:45:00,1511.7,1511.85,1511.5,1511.8,0
2026-05-12 14:46:00,1511.95,1511.95,1511.3,1511.35,0
2026-05-12 14:47:00,1511.4,1511.5,1511.15,1511.2,0
2026-05-12 14:48:00,1511.2,1511.8,1511.1,1511.7,0
2026-05-12 14:49:00,1511.85,1511.9,1511.3,1511.35,0
2026-05-12 14:50:00,1511.45,1511.45,1510.45,1510.6,0
2026-05-12 14:51:00,1510.65,1511.1,1510.6,1510.8,0
2026-05-12 14:52:00,1510.85,1510.9,1510.0,1510.25,0
2026-05-12 14:53:00,1510.35,1510.35,1509.45,1509.5,0
2026-05-12 14:54:00,1509.55,1509.6,1509.05,1509.4,0
2026-05-12 14:55:00,1509.5,1509.55,1508.55,1508.85,0
2026-05-12 14:56:00,1508.95,1509.1,1508.75,1508.9,0
2026-05-12 14:57:00,1508.95,1509.2,1508.2,1508.4,0
2026-05-12 14:58:00,1508.45,1508.65,1508.3,1508.65,0
2026-05-12 14:59:00,1508.7,1508.85,1508.3,1508.6,0
2026-05-12 15:00:00,1508.65,1508.65,1506.65,1506.65,0
2026-05-12 15:01:00,1506.65,1506.8,1505.45,1505.9,0
2026-05-12 15:02:00,1505.9,1505.95,1504.85,1504.85,0
2026-05-12 15:03:00,1504.85,1505.1,1504.55,1505.05,0
2026-05-12 15:04:00,1505.05,1506.2,1505.05,1506.05,0
2026-05-12 15:05:00,1506.05,1506.25,1505.55,1505.9,0
2026-05-12 15:06:00,1505.9,1506.15,1504.7,1504.75,0
2026-05-12 15:07:00,1504.75,1504.85,1504.1,1504.15,0
2026-05-12 15:08:00,1504.15,1504.45,1504.0,1504.4,0
2026-05-12 15:09:00,1504.4,1504.7,1504.35,1504.4,0
2026-05-12 15:10:00,1504.4,1504.85,1504.15,1504.4,0
2026-05-12 15:11:00,1504.4,1505.0,1504.3,1504.55,0
2026-05-12 15:12:00,1504.55,1504.55,1503.65,1504.0,0
2026-05-12 15:13:00,1504.0,1504.25,1503.95,1504.2,0
2026-05-12 15:14:00,1504.2,1504.5,1503.85,1503.95,0
2026-05-12 15:15:00,1503.95,1505.2,1503.95,1505.15,0
2026-05-12 15:16:00,1505.15,1505.25,1504.5,1505.25,0
2026-05-12 15:17:00,1505.25,1505.6,1505.15,1505.2,0
2026-05-12 15:18:00,1505.2,1505.45,1504.8,1505.45,0
2026-05-12 15:19:00,1505.45,1506.15,1505.4,1506.15,0
2026-05-12 15:20:00,1506.15,1506.25,1506.05,1506.15,0
2026-05-12 15:21:00,1506.15,1506.2,1505.7,1505.75,0
2026-05-12 15:22:00,1505.75,1505.8,1505.15,1505.7,0
2026-05-12 15:23:00,1505.7,1505.85,1505.5,1505.85,0
2026-05-12 15:24:00,1505.85,1506.25,1505.6,1506.25,0
2026-05-12 15:25:00,1506.25,1506.4,1505.75,1506.0,0
2026-05-12 15:26:00,1506.0,1506.85,1505.9,1506.85,0
2026-05-12 15:27:00,1506.85,1507.9,1506.8,1507.8,0
2026-05-12 15:28:00,1507.8,1508.3,1507.45,1507.7,0
2026-05-12 15:29:00,1507.7,1508.8,1507.55,1508.5,0
2026-05-13 09:15:00,1504.25,1513.2,1504.2,1510.55,0
2026-05-13 09:16:00,1510.95,1512.95,1508.85,1509.55,0
2026-05-13 09:17:00,1509.6,1511.6,1509.6,1509.75,0
2026-05-13 09:18:00,1509.75,1511.4,1508.85,1511.4,0
2026-05-13 09:19:00,1511.3,1511.3,1508.45,1508.5,0
2026-05-13 09:20:00,1508.45,1510.2,1508.2,1509.8,0
2026-05-13 09:21:00,1509.7,1509.9,1507.5,1507.85,0
2026-05-13 09:22:00,1507.85,1508.1,1507.25,1507.6,0
2026-05-13 09:23:00,1507.55,1509.9,1507.4,1509.8,0
2026-05-13 09:24:00,1509.7,1510.55,1509.6,1510.35,0
2026-05-13 09:25:00,1510.4,1510.5,1508.25,1508.9,0
2026-05-13 09:26:00,1508.9,1508.9,1507.65,1507.7,0
2026-05-13 09:27:00,1507.75,1509.9,1507.7,1509.85,0
2026-05-13 09:28:00,1509.85,1510.35,1508.25,1508.5,0
2026-05-13 09:29:00,1508.4,1508.4,1506.4,1506.4,0
2026-05-13 09:30:00,1506.45,1507.65,1506.45,1507.45,0
2026-05-13 09:31:00,1507.45,1507.45,1505.75,1505.95,0
2026-05-13 09:32:00,1505.9,1506.3,1505.55,1505.55,0
2026-05-13 09:33:00,1505.45,1506.15,1505.35,1505.55,0
2026-05-13 09:34:00,1505.6,1505.9,1504.05,1504.25,0
2026-05-13 09:35:00,1504.25,1504.35,1503.0,1503.0,0
2026-05-13 09:36:00,1502.95,1503.25,1502.5,1502.5,0
2026-05-13 09:37:00,1502.55,1502.7,1500.55,1500.55,0
2026-05-13 09:38:00,1500.6,1501.2,1500.1,1500.15,0
2026-05-13 09:39:00,1500.1,1500.3,1499.0,1499.9,0
2026-05-13 09:40:00,1499.9,1500.1,1499.1,1499.4,0
2026-05-13 09:41:00,1499.35,1500.1,1499.35,1499.85,0
2026-05-13 09:42:00,1499.85,1502.4,1499.85,1502.25,0
2026-05-13 09:43:00,1502.3,1502.45,1501.1,1501.55,0
2026-05-13 09:44:00,1501.5,1502.7,1501.5,1502.3,0
2026-05-13 09:45:00,1502.35,1503.7,1502.2,1502.95,0
2026-05-13 09:46:00,1502.9,1503.1,1502.45,1502.55,0
2026-05-13 09:47:00,1502.5,1502.55,1501.4,1501.4,0
2026-05-13 09:48:00,1501.4,1502.0,1500.95,1501.0,0
2026-05-13 09:49:00,1501.05,1501.9,1500.95,1501.55,0
2026-05-13 09:50:00,1501.55,1502.25,1501.5,1502.15,0
2026-05-13 09:51:00,1502.1,1504.45,1502.1,1504.45,0
2026-05-13 09:52:00,1504.5,1505.65,1504.2,1505.65,0
2026-05-13 09:53:00,1505.85,1506.2,1505.65,1506.2,0
2026-05-13 09:54:00,1506.25,1506.85,1506.2,1506.7,0
2026-05-13 09:55:00,1506.75,1508.45,1506.75,1507.4,0
2026-05-13 09:56:00,1507.15,1507.6,1506.85,1507.0,0
2026-05-13 09:57:00,1507.05,1507.05,1505.7,1505.7,0
2026-05-13 09:58:00,1505.75,1506.35,1505.1,1506.35,0
2026-05-13 09:59:00,1506.35,1506.9,1506.25,1506.9,0
2026-05-13 10:00:00,1506.85,1506.85,1506.05,1506.3,0
2026-05-13 10:01:00,1506.4,1508.3,1506.4,1507.7,0
2026-05-13 10:02:00,1507.75,1508.3,1507.7,1507.9,0
2026-05-13 10:03:00,1507.85,1508.2,1507.4,1507.85,0
2026-05-13 10:04:00,1507.85,1508.6,1507.55,1508.6,0
2026-05-13 10:05:00,1508.6,1509.35,1508.6,1509.05,0
2026-05-13 10:06:00,1509.0,1509.95,1509.0,1509.8,0
2026-05-13 10:07:00,1509.75,1510.5,1509.7,1509.7,0
2026-05-13 10:08:00,1509.7,1509.7,1509.15,1509.7,0
2026-05-13 10:09:00,1509.65,1509.85,1509.3,1509.4,0
2026-05-13 10:10:00,1509.45,1509.75,1508.65,1508.65,0
2026-05-13 10:11:00,1508.6,1508.7,1507.95,1508.1,0
2026-05-13 10:12:00,1508.1,1509.25,1508.0,1508.7,0
2026-05-13 10:13:00,1508.65,1509.45,1508.45,1509.3,0
2026-05-13 10:14:00,1509.3,1509.75,1509.25,1509.4,0
2026-05-13 10:15:00,1509.45,1510.4,1509.25,1510.35,0
2026-05-13 10:16:00,1510.35,1511.2,1510.35,1511.1,0
2026-05-13 10:17:00,1511.1,1511.85,1511.1,1511.85,0
2026-05-13 10:18:00,1511.85,1512.6,1511.75,1512.55,0
2026-05-13 10:19:00,1512.55,1512.6,1512.0,1512.45,0
2026-05-13 10:20:00,1512.5,1513.4,1512.45,1513.4,0
2026-05-13 10:21:00,1513.4,1514.0,1512.9,1513.15,0
2026-05-13 10:22:00,1513.1,1513.15,1512.65,1512.8,0
2026-05-13 10:23:00,1512.8,1514.0,1512.8,1513.9,0
2026-05-13 10:24:00,1513.9,1514.05,1513.3,1513.85,0
2026-05-13 10:25:00,1513.85,1514.3,1513.85,1513.95,0
2026-05-13 10:26:00,1514.0,1514.4,1514.0,1514.3,0
2026-05-13 10:27:00,1514.25,1514.65,1514.15,1514.55,0
2026-05-13 10:28:00,1514.55,1514.7,1514.1,1514.15,0
2026-05-13 10:29:00,1514.1,1514.15,1513.3,1513.35,0
2026-05-13 10:30:00,1513.3,1513.7,1513.0,1513.2,0
2026-05-13 10:31:00,1513.2,1513.65,1513.1,1513.25,0
2026-05-13 10:32:00,1513.25,1513.55,1512.95,1513.15,0
2026-05-13 10:33:00,1513.15,1513.4,1513.05,1513.35,0
2026-05-13 10:34:00,1513.35,1514.4,1513.35,1514.3,0
2026-05-13 10:35:00,1514.25,1514.3,1513.5,1513.6,0
2026-05-13 10:36:00,1513.45,1513.5,1513.05,1513.05,0
2026-05-13 10:37:00,1513.0,1513.75,1512.85,1513.75,0
2026-05-13 10:38:00,1513.7,1513.8,1512.9,1512.9,0
2026-05-13 10:39:00,1512.85,1512.9,1511.35,1511.65,0
2026-05-13 10:40:00,1511.65,1512.95,1511.65,1512.95,0
2026-05-13 10:41:00,1512.95,1513.55,1512.9,1513.4,0
2026-05-13 10:42:00,1513.4,1513.5,1513.1,1513.3,0
2026-05-13 10:43:00,1513.3,1513.5,1513.15,1513.4,0
2026-05-13 10:44:00,1513.4,1513.55,1513.25,1513.4,0
2026-05-13 10:45:00,1513.4,1514.0,1513.35,1513.9,0
2026-05-13 10:46:00,1513.85,1513.9,1513.5,1513.5,0
2026-05-13 10:47:00,1513.5,1513.85,1513.45,1513.55,0
2026-05-13 10:48:00,1513.5,1513.7,1513.25,1513.7,0
2026-05-13 10:49:00,1513.7,1513.75,1512.75,1512.75,0
2026-05-13 10:50:00,1512.8,1512.95,1512.6,1512.65,0
2026-05-13 10:51:00,1512.65,1513.0,1512.6,1512.75,0
2026-05-13 10:52:00,1512.75,1513.25,1512.65,1513.25,0
2026-05-13 10:53:00,1513.25,1513.35,1512.0,1512.1,0
2026-05-13 10:54:00,1512.05,1512.35,1511.85,1512.1,0
2026-05-13 10:55:00,1512.1,1512.2,1510.8,1510.8,0
2026-05-13 10:56:00,1510.8,1510.85,1510.4,1510.4,0
2026-05-13 10:57:00,1510.4,1510.4,1509.7,1509.7,0
2026-05-13 10:58:00,1509.6,1509.65,1508.45,1508.45,0
2026-05-13 10:59:00,1508.3,1508.45,1507.85,1507.85,0
2026-05-13 11:00:00,1507.85,1508.0,1507.3,1507.9,0
2026-05-13 11:01:00,1507.95,1508.6,1507.8,1508.45,0
2026-05-13 11:02:00,1508.5,1508.95,1508.25,1508.95,0
2026-05-13 11:03:00,1508.95,1509.7,1508.85,1509.3,0
2026-05-13 11:04:00,1509.3,1509.65,1509.0,1509.4,0
2026-05-13 11:05:00,1509.35,1509.55,1508.85,1508.9,0
2026-05-13 11:06:00,1508.85,1508.95,1508.1,1508.15,0
2026-05-13 11:07:00,1508.15,1508.8,1508.15,1508.7,0
2026-05-13 11:08:00,1508.7,1508.75,1508.5,1508.55,0
2026-05-13 11:09:00,1508.55,1509.1,1508.5,1508.9,0
2026-05-13 11:10:00,1508.8,1508.95,1508.5,1508.95,0
2026-05-13 11:11:00,1509.0,1509.1,1508.55,1508.6,0
2026-05-13 11:12:00,1508.55,1508.55,1507.8,1507.85,0
2026-05-13 11:13:00,1507.85,1508.4,1507.75,1508.3,0
2026-05-13 11:14:00,1508.3,1509.1,1508.1,1509.1,0
2026-05-13 11:15:00,1509.05,1509.55,1509.05,1509.5,0
2026-05-13 11:16:00,1509.5,1510.0,1509.5,1509.85,0
2026-05-13 11:17:00,1509.8,1509.85,1508.75,1509.15,0
2026-05-13 11:18:00,1509.1,1509.6,1508.9,1509.6,0
2026-05-13 11:19:00,1509.6,1510.1,1509.6,1509.95,0
2026-05-13 11:20:00,1509.95,1510.0,1509.8,1509.85,0
2026-05-13 11:21:00,1509.85,1509.85,1509.2,1509.45,0
2026-05-13 11:22:00,1509.5,1509.8,1509.4,1509.4,0
2026-05-13 11:23:00,1509.3,1509.55,1509.0,1509.4,0
2026-05-13 11:24:00,1509.35,1510.5,1509.35,1510.1,0
2026-05-13 11:25:00,1510.1,1510.15,1509.65,1509.7,0
2026-05-13 11:26:00,1509.75,1509.8,1509.5,1509.7,0
2026-05-13 11:27:00,1509.7,1509.9,1509.55,1509.65,0
2026-05-13 11:28:00,1509.6,1509.75,1509.35,1509.65,0
2026-05-13 11:29:00,1509.6,1510.0,1509.6,1509.8,0
2026-05-13 11:30:00,1509.85,1509.95,1509.7,1509.95,0
2026-05-13 11:31:00,1509.9,1510.65,1509.85,1510.6,0
2026-05-13 11:32:00,1510.6,1510.65,1510.25,1510.25,0
2026-05-13 11:33:00,1510.2,1510.35,1510.0,1510.25,0
2026-05-13 11:34:00,1510.25,1510.45,1510.1,1510.45,0
2026-05-13 11:35:00,1510.45,1510.95,1510.4,1510.9,0
2026-05-13 11:36:00,1510.95,1512.3,1510.9,1512.15,0
2026-05-13 11:37:00,1512.15,1512.9,1512.15,1512.8,0
2026-05-13 11:38:00,1512.85,1513.55,1512.75,1513.4,0
2026-05-13 11:39:00,1513.35,1513.85,1513.1,1513.85,0
2026-05-13 11:40:00,1513.95,1514.45,1513.9,1514.45,0
2026-05-13 11:41:00,1514.45,1514.65,1514.4,1514.55,0
2026-05-13 11:42:00,1514.6,1515.35,1514.55,1515.35,0
2026-05-13 11:43:00,1515.4,1515.55,1515.1,1515.3,0
2026-05-13 11:44:00,1515.35,1515.85,1515.15,1515.8,0
2026-05-13 11:45:00,1515.85,1516.55,1515.85,1516.05,0
2026-05-13 11:46:00,1516.05,1516.05,1515.6,1515.6,0
2026-05-13 11:47:00,1515.65,1515.9,1515.25,1515.25,0
2026-05-13 11:48:00,1515.2,1515.55,1515.05,1515.45,0
2026-05-13 11:49:00,1515.4,1515.5,1514.8,1514.9,0
2026-05-13 11:50:00,1514.9,1515.35,1514.65,1515.2,0
2026-05-13 11:51:00,1515.2,1515.6,1515.15,1515.55,0
2026-05-13 11:52:00,1515.6,1516.1,1515.6,1515.75,0
2026-05-13 11:53:00,1515.85,1515.9,1514.35,1514.7,0
2026-05-13 11:54:00,1514.7,1514.8,1514.5,1514.65,0
2026-05-13 11:55:00,1514.6,1515.6,1514.55,1515.55,0
2026-05-13 11:56:00,1515.55,1515.6,1515.05,1515.45,0
2026-05-13 11:57:00,1515.4,1515.45,1515.05,1515.1,0
2026-05-13 11:58:00,1515.0,1515.05,1514.65,1515.05,0
2026-05-13 11:59:00,1515.0,1515.15,1514.35,1514.35,0
2026-05-13 12:00:00,1514.4,1515.3,1514.4,1515.2,0
2026-05-13 12:01:00,1515.15,1515.5,1515.0,1515.1,0
2026-05-13 12:02:00,1515.05,1515.3,1514.9,1514.95,0
2026-05-13 12:03:00,1514.9,1515.45,1514.8,1515.4,0
2026-05-13 12:04:00,1515.45,1515.75,1515.45,1515.65,0
2026-05-13 12:05:00,1515.6,1515.75,1515.25,1515.35,0
2026-05-13 12:06:00,1515.35,1516.05,1515.3,1515.85,0
2026-05-13 12:07:00,1515.85,1516.0,1515.5,1516.0,0
2026-05-13 12:08:00,1515.95,1516.2,1515.7,1515.85,0
2026-05-13 12:09:00,1515.7,1516.4,1515.65,1516.4,0
2026-05-13 12:10:00,1516.3,1516.75,1516.15,1516.7,0
2026-05-13 12:11:00,1516.65,1516.8,1516.25,1516.35,0
2026-05-13 12:12:00,1516.4,1516.65,1516.3,1516.65,0
2026-05-13 12:13:00,1516.65,1517.25,1516.65,1517.15,0
2026-05-13 12:14:00,1517.15,1517.7,1517.15,1517.6,0
2026-05-13 12:15:00,1517.55,1517.85,1517.35,1517.4,0
2026-05-13 12:16:00,1517.35,1517.4,1516.25,1516.5,0
2026-05-13 12:17:00,1516.5,1516.7,1515.8,1515.8,0
2026-05-13 12:18:00,1515.75,1516.3,1515.5,1516.3,0
2026-05-13 12:19:00,1516.3,1516.75,1516.3,1516.55,0
2026-05-13 12:20:00,1516.5,1516.5,1515.65,1515.9,0
2026-05-13 12:21:00,1515.95,1516.15,1515.85,1516.1,0
2026-05-13 12:22:00,1516.1,1516.15,1515.9,1516.05,0
2026-05-13 12:23:00,1516.0,1516.05,1515.85,1515.95,0
2026-05-13 12:24:00,1515.9,1516.1,1515.75,1516.0,0
2026-05-13 12:25:00,1516.0,1516.15,1515.85,1515.95,0
2026-05-13 12:26:00,1515.9,1516.25,1515.7,1516.2,0
2026-05-13 12:27:00,1516.2,1516.45,1516.15,1516.25,0
2026-05-13 12:28:00,1516.25,1516.25,1515.9,1515.95,0
2026-05-13 12:29:00,1515.95,1516.05,1515.65,1516.05,0
2026-05-13 12:30:00,1516.0,1516.35,1515.95,1516.3,0
2026-05-13 12:31:00,1516.3,1516.55,1516.0,1516.0,0
2026-05-13 12:32:00,1515.95,1516.0,1515.6,1515.85,0
2026-05-13 12:33:00,1515.8,1515.85,1515.2,1515.25,0
2026-05-13 12:34:00,1515.25,1515.45,1515.2,1515.4,0
2026-05-13 12:35:00,1515.4,1515.65,1514.05,1514.3,0
2026-05-13 12:36:00,1514.25,1514.4,1513.45,1513.45,0
2026-05-13 12:37:00,1513.45,1514.4,1513.4,1514.15,0
2026-05-13 12:38:00,1514.1,1514.65,1514.05,1514.5,0
2026-05-13 12:39:00,1514.55,1514.65,1514.05,1514.35,0
2026-05-13 12:40:00,1514.35,1514.35,1512.95,1513.0,0
2026-05-13 12:41:00,1513.0,1513.0,1512.05,1512.1,0
2026-05-13 12:42:00,1512.15,1513.55,1512.1,1513.55,0
2026-05-13 12:43:00,1513.55,1513.8,1513.4,1513.75,0
2026-05-13 12:44:00,1513.7,1513.85,1513.6,1513.7,0
2026-05-13 12:45:00,1513.65,1514.0,1513.4,1513.9,0
2026-05-13 12:46:00,1513.9,1514.1,1513.6,1514.05,0
2026-05-13 12:47:00,1514.05,1514.45,1514.05,1514.1,0
2026-05-13 12:48:00,1514.05,1514.2,1513.95,1514.0,0
2026-05-13 12:49:00,1514.0,1514.5,1514.0,1514.5,0
2026-05-13 12:50:00,1514.5,1515.0,1514.45,1515.0,0
2026-05-13 12:51:00,1515.0,1515.4,1514.85,1515.4,0
2026-05-13 12:52:00,1515.35,1516.2,1515.3,1516.1,0
2026-05-13 12:53:00,1516.15,1516.7,1516.0,1516.65,0
2026-05-13 12:54:00,1516.7,1517.9,1516.7,1517.9,0
2026-05-13 12:55:00,1517.9,1519.0,1517.9,1518.75,0
2026-05-13 12:56:00,1518.8,1519.95,1518.8,1519.9,0
2026-05-13 12:57:00,1519.95,1520.8,1519.9,1520.7,0
2026-05-13 12:58:00,1520.7,1520.75,1520.4,1520.75,0
2026-05-13 12:59:00,1520.8,1521.15,1520.65,1521.1,0
2026-05-13 13:00:00,1521.15,1521.4,1519.65,1519.9,0
2026-05-13 13:01:00,1519.85,1520.2,1519.7,1520.15,0
2026-05-13 13:02:00,1520.1,1520.35,1519.55,1519.9,0
2026-05-13 13:03:00,1519.9,1520.8,1519.9,1520.5,0
2026-05-13 13:04:00,1520.5,1520.55,1519.95,1519.95,0
2026-05-13 13:05:00,1519.9,1520.05,1519.55,1519.65,0
2026-05-13 13:06:00,1519.65,1520.25,1519.65,1519.8,0
2026-05-13 13:07:00,1519.75,1519.8,1518.95,1518.95,0
2026-05-13 13:08:00,1518.9,1518.9,1518.45,1518.65,0
2026-05-13 13:09:00,1518.65,1519.1,1518.65,1518.65,0
2026-05-13 13:10:00,1518.6,1519.25,1518.6,1519.25,0
2026-05-13 13:11:00,1519.3,1519.4,1519.15,1519.4,0
2026-05-13 13:12:00,1519.45,1520.45,1519.45,1520.05,0
2026-05-13 13:13:00,1520.0,1520.05,1519.65,1519.85,0
2026-05-13 13:14:00,1519.85,1519.9,1519.35,1519.65,0
2026-05-13 13:15:00,1519.7,1519.7,1518.7,1518.75,0
2026-05-13 13:16:00,1518.75,1518.75,1518.2,1518.25,0
2026-05-13 13:17:00,1518.3,1518.45,1517.5,1517.75,0
2026-05-13 13:18:00,1517.8,1517.8,1517.2,1517.35,0
2026-05-13 13:19:00,1517.45,1518.05,1517.3,1517.65,0
2026-05-13 13:20:00,1517.65,1518.2,1517.6,1517.85,0
2026-05-13 13:21:00,1517.9,1517.9,1517.25,1517.45,0
2026-05-13 13:22:00,1517.45,1517.8,1517.35,1517.45,0
2026-05-13 13:23:00,1517.4,1518.2,1517.3,1517.9,0
2026-05-13 13:24:00,1517.9,1518.2,1517.9,1518.05,0
2026-05-13 13:25:00,1518.05,1518.15,1517.6,1517.65,0
2026-05-13 13:26:00,1517.65,1518.0,1517.35,1518.0,0
2026-05-13 13:27:00,1518.0,1518.4,1518.0,1518.15,0
2026-05-13 13:28:00,1518.15,1518.15,1517.4,1517.4,0
2026-05-13 13:29:00,1517.35,1517.5,1517.1,1517.45,0
2026-05-13 13:30:00,1517.2,1517.95,1517.2,1517.55,0
2026-05-13 13:31:00,1517.55,1518.65,1517.5,1518.6,0
2026-05-13 13:32:00,1518.6,1519.95,1518.6,1519.9,0
2026-05-13 13:33:00,1519.9,1520.1,1519.5,1519.8,0
2026-05-13 13:34:00,1519.8,1519.9,1519.45,1519.8,0
2026-05-13 13:35:00,1519.75,1519.95,1519.4,1519.85,0
2026-05-13 13:36:00,1519.8,1520.0,1519.8,1519.95,0
2026-05-13 13:37:00,1519.95,1520.0,1518.75,1518.8,0
2026-05-13 13:38:00,1518.75,1518.95,1518.75,1518.85,0
2026-05-13 13:39:00,1518.9,1519.9,1518.85,1519.85,0
2026-05-13 13:40:00,1519.9,1520.05,1519.65,1519.8,0
2026-05-13 13:41:00,1519.8,1520.05,1519.7,1520.0,0
2026-05-13 13:42:00,1519.95,1520.0,1519.3,1519.45,0
2026-05-13 13:43:00,1519.45,1519.6,1519.2,1519.25,0
2026-05-13 13:44:00,1519.25,1519.3,1518.8,1518.9,0
2026-05-13 13:45:00,1518.9,1519.45,1518.75,1519.3,0
2026-05-13 13:46:00,1519.15,1519.25,1518.55,1518.55,0
2026-05-13 13:47:00,1518.6,1519.35,1518.6,1519.3,0
2026-05-13 13:48:00,1519.35,1519.65,1518.4,1518.4,0
2026-05-13 13:49:00,1518.4,1518.4,1517.85,1518.1,0
2026-05-13 13:50:00,1518.05,1518.1,1517.75,1518.0,0
2026-05-13 13:51:00,1518.05,1518.6,1518.05,1518.35,0
2026-05-13 13:52:00,1518.35,1518.5,1518.15,1518.15,0
2026-05-13 13:53:00,1518.2,1518.2,1517.75,1517.8,0
2026-05-13 13:54:00,1517.8,1518.0,1517.7,1517.75,0
2026-05-13 13:55:00,1517.75,1517.75,1516.05,1516.05,0
2026-05-13 13:56:00,1516.0,1516.8,1515.85,1516.75,0
2026-05-13 13:57:00,1516.8,1517.5,1516.8,1517.4,0
2026-05-13 13:58:00,1517.4,1517.7,1516.8,1516.85,0
2026-05-13 13:59:00,1516.8,1517.4,1516.8,1517.35,0
2026-05-13 14:00:00,1517.4,1518.3,1517.25,1517.9,0
2026-05-13 14:01:00,1517.95,1518.05,1516.95,1517.1,0
2026-05-13 14:02:00,1517.15,1517.2,1516.9,1517.0,0
2026-05-13 14:03:00,1516.95,1517.3,1516.85,1516.95,0
2026-05-13 14:04:00,1516.95,1517.0,1516.2,1516.85,0
2026-05-13 14:05:00,1516.85,1517.4,1516.85,1517.3,0
2026-05-13 14:06:00,1517.3,1517.55,1517.15,1517.5,0
2026-05-13 14:07:00,1517.55,1518.05,1517.35,1517.4,0
2026-05-13 14:08:00,1517.4,1518.1,1517.4,1518.0,0
2026-05-13 14:09:00,1518.0,1518.45,1518.0,1518.45,0
2026-05-13 14:10:00,1518.45,1518.9,1518.45,1518.8,0
2026-05-13 14:11:00,1518.75,1518.8,1518.4,1518.5,0
2026-05-13 14:12:00,1518.45,1519.4,1518.4,1519.35,0
2026-05-13 14:13:00,1519.35,1519.45,1518.95,1519.05,0
2026-05-13 14:14:00,1519.1,1519.25,1518.9,1519.1,0
2026-05-13 14:15:00,1519.1,1519.5,1519.1,1519.25,0
2026-05-13 14:16:00,1519.25,1519.35,1519.1,1519.1,0
2026-05-13 14:17:00,1519.05,1519.4,1519.0,1519.2,0
2026-05-13 14:18:00,1519.1,1519.1,1517.55,1517.75,0
2026-05-13 14:19:00,1517.75,1517.9,1517.35,1517.35,0
2026-05-13 14:20:00,1517.25,1517.35,1516.6,1516.6,0
2026-05-13 14:21:00,1516.65,1517.0,1516.45,1516.6,0
2026-05-13 14:22:00,1516.6,1517.2,1516.6,1516.9,0
2026-05-13 14:23:00,1516.9,1517.4,1516.6,1517.4,0
2026-05-13 14:24:00,1517.45,1518.75,1517.45,1518.6,0
2026-05-13 14:25:00,1518.55,1518.9,1517.8,1517.8,0
2026-05-13 14:26:00,1517.75,1517.9,1517.35,1517.55,0
2026-05-13 14:27:00,1517.5,1517.55,1516.9,1517.2,0
2026-05-13 14:28:00,1517.25,1517.7,1517.25,1517.6,0
2026-05-13 14:29:00,1517.6,1517.8,1517.55,1517.55,0
2026-05-13 14:30:00,1517.6,1517.95,1517.6,1517.75,0
2026-05-13 14:31:00,1517.75,1518.2,1517.65,1518.2,0
2026-05-13 14:32:00,1518.25,1518.3,1518.05,1518.1,0
2026-05-13 14:33:00,1518.05,1518.35,1517.8,1517.8,0
2026-05-13 14:34:00,1517.8,1518.15,1517.8,1518.1,0
2026-05-13 14:35:00,1518.1,1518.25,1517.55,1517.75,0
2026-05-13 14:36:00,1517.7,1517.95,1517.55,1517.55,0
2026-05-13 14:37:00,1517.45,1517.9,1517.4,1517.9,0
2026-05-13 14:38:00,1517.95,1518.45,1517.65,1518.45,0
2026-05-13 14:39:00,1518.45,1518.6,1518.3,1518.35,0
2026-05-13 14:40:00,1518.4,1518.45,1517.4,1517.4,0
2026-05-13 14:41:00,1517.4,1517.6,1516.9,1517.6,0
2026-05-13 14:42:00,1517.65,1518.15,1517.5,1517.5,0
2026-05-13 14:43:00,1517.5,1517.9,1517.45,1517.8,0
2026-05-13 14:44:00,1517.75,1517.85,1516.45,1516.55,0
2026-05-13 14:45:00,1516.55,1516.55,1515.4,1515.4,0
2026-05-13 14:46:00,1515.4,1516.95,1515.3,1516.95,0
2026-05-13 14:47:00,1516.9,1517.2,1516.7,1516.75,0
2026-05-13 14:48:00,1516.7,1517.1,1516.5,1516.55,0
2026-05-13 14:49:00,1516.55,1516.8,1516.45,1516.8,0
2026-05-13 14:50:00,1516.75,1517.25,1516.45,1517.2,0
2026-05-13 14:51:00,1517.2,1517.25,1516.15,1516.65,0
2026-05-13 14:52:00,1516.8,1516.85,1516.55,1516.75,0
2026-05-13 14:53:00,1516.75,1517.0,1516.55,1516.8,0
2026-05-13 14:54:00,1516.85,1517.05,1516.75,1516.85,0
2026-05-13 14:55:00,1516.85,1517.0,1516.55,1516.55,0
2026-05-13 14:56:00,1516.6,1516.65,1516.1,1516.35,0
2026-05-13 14:57:00,1516.4,1516.7,1516.25,1516.4,0
2026-05-13 14:58:00,1516.4,1516.7,1516.35,1516.7,0
2026-05-13 14:59:00,1516.7,1516.7,1516.15,1516.3,0
2026-05-13 15:00:00,1516.35,1516.35,1513.1,1513.2,0
2026-05-13 15:01:00,1513.2,1513.35,1512.4,1512.4,0
2026-05-13 15:02:00,1512.4,1512.45,1512.05,1512.15,0
2026-05-13 15:03:00,1512.15,1513.0,1511.9,1512.95,0
2026-05-13 15:04:00,1512.95,1513.0,1512.0,1512.1,0
2026-05-13 15:05:00,1512.1,1512.1,1511.25,1511.25,0
2026-05-13 15:06:00,1511.25,1511.55,1511.0,1511.55,0
2026-05-13 15:07:00,1511.55,1511.7,1511.4,1511.45,0
2026-05-13 15:08:00,1511.45,1511.5,1510.95,1511.15,0
2026-05-13 15:09:00,1511.15,1512.3,1511.15,1512.1,0
2026-05-13 15:10:00,1512.1,1512.2,1511.2,1511.45,0
2026-05-13 15:11:00,1511.45,1511.75,1510.9,1511.05,0
2026-05-13 15:12:00,1511.05,1511.2,1510.75,1510.85,0
2026-05-13 15:13:00,1510.85,1511.35,1510.85,1511.3,0
2026-05-13 15:14:00,1511.3,1511.95,1511.25,1511.95,0
2026-05-13 15:15:00,1511.95,1512.15,1511.75,1512.15,0
2026-05-13 15:16:00,1512.15,1512.4,1512.1,1512.35,0
2026-05-13 15:17:00,1512.35,1512.4,1511.8,1511.8,0
2026-05-13 15:18:00,1511.8,1511.85,1511.5,1511.5,0
2026-05-13 15:19:00,1511.5,1511.6,1511.15,1511.2,0
2026-05-13 15:20:00,1511.2,1511.25,1510.7,1510.7,0
2026-05-13 15:21:00,1510.7,1510.75,1510.3,1510.35,0
2026-05-13 15:22:00,1510.35,1510.4,1509.95,1510.0,0
2026-05-13 15:23:00,1510.0,1510.3,1509.9,1510.3,0
2026-05-13 15:24:00,1510.3,1510.45,1510.2,1510.35,0
2026-05-13 15:25:00,1510.35,1511.05,1510.3,1511.0,0
2026-05-13 15:26:00,1511.0,1511.55,1511.0,1511.4,0
2026-05-13 15:27:00,1511.4,1511.5,1511.0,1511.3,0
2026-05-13 15:28:00,1511.3,1512.1,1511.1,1512.05,0
2026-05-13 15:29:00,1512.05,1512.9,1512.0,1512.5,0
2026-05-14 09:15:00,1520.3,1521.9,1519.4,1519.55,0
2026-05-14 09:16:00,1519.7,1522.05,1518.45,1520.25,0
2026-05-14 09:17:00,1520.15,1522.15,1519.95,1522.0,0
2026-05-14 09:18:00,1522.15,1522.45,1521.2,1521.3,0
2026-05-14 09:19:00,1521.3,1521.3,1520.3,1520.35,0
2026-05-14 09:20:00,1520.35,1521.75,1520.3,1521.05,0
2026-05-14 09:21:00,1521.15,1522.05,1521.05,1521.4,0
2026-05-14 09:22:00,1521.5,1522.6,1521.4,1522.1,0
2026-05-14 09:23:00,1522.1,1522.4,1521.6,1522.05,0
2026-05-14 09:24:00,1522.1,1522.15,1521.25,1521.55,0
2026-05-14 09:25:00,1521.65,1521.9,1521.3,1521.55,0
2026-05-14 09:26:00,1521.5,1522.5,1521.35,1522.3,0
2026-05-14 09:27:00,1522.3,1522.5,1521.8,1521.95,0
2026-05-14 09:28:00,1522.0,1522.65,1521.8,1522.4,0
2026-05-14 09:29:00,1522.45,1523.25,1522.35,1522.85,0
2026-05-14 09:30:00,1522.9,1523.1,1522.4,1522.45,0
2026-05-14 09:31:00,1522.5,1522.75,1522.25,1522.7,0
2026-05-14 09:32:00,1522.75,1522.75,1522.1,1522.4,0
2026-05-14 09:33:00,1522.45,1522.75,1522.3,1522.45,0
2026-05-14 09:34:00,1522.5,1522.7,1521.6,1521.65,0
2026-05-14 09:35:00,1521.7,1521.7,1521.15,1521.15,0
2026-05-14 09:36:00,1521.25,1521.55,1520.3,1520.3,0
2026-05-14 09:37:00,1520.3,1520.5,1519.65,1520.5,0
2026-05-14 09:38:00,1520.5,1520.5,1519.25,1519.35,0
2026-05-14 09:39:00,1519.35,1519.35,1518.0,1518.05,0
2026-05-14 09:40:00,1518.1,1518.1,1517.45,1517.55,0
2026-05-14 09:41:00,1517.6,1517.6,1516.75,1516.75,0
2026-05-14 09:42:00,1516.75,1516.75,1516.0,1516.05,0
2026-05-14 09:43:00,1516.15,1516.55,1516.1,1516.15,0
2026-05-14 09:44:00,1516.15,1516.3,1515.2,1515.45,0
2026-05-14 09:45:00,1515.55,1517.0,1515.45,1517.0,0
2026-05-14 09:46:00,1517.1,1517.85,1516.8,1516.9,0
2026-05-14 09:47:00,1516.95,1517.55,1516.75,1516.85,0
2026-05-14 09:48:00,1516.85,1517.0,1515.65,1515.7,0
2026-05-14 09:49:00,1515.65,1515.65,1515.0,1515.1,0
2026-05-14 09:50:00,1515.1,1515.3,1514.85,1514.95,0
2026-05-14 09:51:00,1514.95,1515.3,1514.75,1515.0,0
2026-05-14 09:52:00,1515.1,1515.2,1514.6,1514.6,0
2026-05-14 09:53:00,1514.6,1514.6,1513.2,1513.2,0
2026-05-14 09:54:00,1513.35,1513.4,1512.5,1512.6,0
2026-05-14 09:55:00,1512.65,1513.0,1512.1,1512.35,0
2026-05-14 09:56:00,1512.4,1512.65,1511.65,1511.65,0
2026-05-14 09:57:00,1511.8,1512.5,1511.35,1512.45,0
2026-05-14 09:58:00,1512.5,1512.55,1511.2,1511.2,0
2026-05-14 09:59:00,1511.25,1512.15,1511.0,1512.05,0
2026-05-14 10:00:00,1512.1,1512.15,1511.3,1511.3,0
2026-05-14 10:01:00,1511.35,1512.55,1511.3,1512.55,0
2026-05-14 10:02:00,1512.65,1514.2,1512.65,1514.2,0
2026-05-14 10:03:00,1514.25,1514.4,1513.8,1513.8,0
2026-05-14 10:04:00,1513.85,1514.0,1513.4,1513.6,0
2026-05-14 10:05:00,1513.65,1514.35,1513.65,1514.0,0
2026-05-14 10:06:00,1514.0,1514.0,1512.65,1512.65,0
2026-05-14 10:07:00,1512.75,1513.25,1512.65,1513.0,0
2026-05-14 10:08:00,1513.05,1513.2,1512.5,1512.5,0
2026-05-14 10:09:00,1512.5,1514.05,1512.25,1513.9,0
2026-05-14 10:10:00,1513.8,1513.85,1513.3,1513.3,0
2026-05-14 10:11:00,1513.35,1513.9,1512.95,1513.9,0
2026-05-14 10:12:00,1513.85,1514.05,1513.5,1513.85,0
2026-05-14 10:13:00,1513.9,1514.65,1513.85,1513.95,0
2026-05-14 10:14:00,1514.05,1515.0,1513.85,1514.9,0
2026-05-14 10:15:00,1514.95,1514.95,1514.45,1514.55,0
2026-05-14 10:16:00,1514.55,1514.55,1514.0,1514.2,0
2026-05-14 10:17:00,1514.2,1515.85,1514.15,1515.7,0
2026-05-14 10:18:00,1515.7,1516.1,1515.35,1515.7,0
2026-05-14 10:19:00,1515.65,1516.5,1515.5,1516.5,0
2026-05-14 10:20:00,1516.55,1516.75,1515.35,1515.35,0
2026-05-14 10:21:00,1515.3,1515.3,1514.8,1514.85,0
2026-05-14 10:22:00,1514.95,1515.1,1514.25,1514.25,0
2026-05-14 10:23:00,1514.25,1515.05,1514.0,1514.95,0
2026-05-14 10:24:00,1514.95,1515.5,1514.95,1515.5,0
2026-05-14 10:25:00,1515.45,1515.55,1515.2,1515.5,0
2026-05-14 10:26:00,1515.55,1516.2,1515.4,1516.15,0
2026-05-14 10:27:00,1516.15,1516.6,1516.0,1516.6,0
2026-05-14 10:28:00,1516.55,1517.05,1516.45,1517.0,0
2026-05-14 10:29:00,1517.0,1517.1,1516.3,1516.3,0
2026-05-14 10:30:00,1516.3,1516.7,1516.25,1516.65,0
2026-05-14 10:31:00,1516.6,1516.75,1516.05,1516.25,0
2026-05-14 10:32:00,1516.25,1516.45,1516.0,1516.3,0
2026-05-14 10:33:00,1516.25,1516.65,1516.2,1516.55,0
2026-05-14 10:34:00,1516.55,1517.1,1516.35,1517.1,0
2026-05-14 10:35:00,1517.05,1517.75,1517.05,1517.65,0
2026-05-14 10:36:00,1517.65,1518.2,1517.5,1518.1,0
2026-05-14 10:37:00,1518.1,1518.15,1517.85,1517.95,0
2026-05-14 10:38:00,1517.95,1518.3,1517.75,1518.0,0
2026-05-14 10:39:00,1518.0,1518.1,1517.7,1517.75,0
2026-05-14 10:40:00,1517.75,1517.95,1517.5,1517.6,0
2026-05-14 10:41:00,1517.65,1517.75,1517.2,1517.25,0
2026-05-14 10:42:00,1517.2,1517.4,1517.05,1517.05,0
2026-05-14 10:43:00,1517.05,1517.1,1516.05,1516.1,0
2026-05-14 10:44:00,1516.1,1516.3,1515.8,1515.85,0
2026-05-14 10:45:00,1515.75,1515.75,1514.7,1514.85,0
2026-05-14 10:46:00,1515.05,1515.05,1514.55,1514.55,0
2026-05-14 10:47:00,1514.6,1514.6,1513.65,1513.65,0
2026-05-14 10:48:00,1513.7,1513.7,1513.0,1513.15,0
2026-05-14 10:49:00,1513.25,1513.25,1512.1,1512.1,0
2026-05-14 10:50:00,1512.2,1513.55,1511.6,1513.55,0
2026-05-14 10:51:00,1513.6,1514.2,1513.4,1513.85,0
2026-05-14 10:52:00,1513.9,1514.3,1513.85,1514.3,0
2026-05-14 10:53:00,1514.35,1514.4,1514.05,1514.15,0
2026-05-14 10:54:00,1514.2,1514.65,1514.2,1514.3,0
2026-05-14 10:55:00,1514.3,1514.3,1513.7,1513.95,0
2026-05-14 10:56:00,1514.05,1514.15,1512.9,1512.95,0
2026-05-14 10:57:00,1513.0,1513.0,1512.05,1512.05,0
2026-05-14 10:58:00,1512.15,1512.35,1511.85,1512.2,0
2026-05-14 10:59:00,1512.25,1512.3,1511.6,1511.6,0
2026-05-14 11:00:00,1511.75,1512.25,1511.7,1512.05,0
2026-05-14 11:01:00,1512.1,1512.1,1511.75,1511.75,0
2026-05-14 11:02:00,1511.8,1511.8,1511.35,1511.35,0
2026-05-14 11:03:00,1511.4,1511.9,1511.4,1511.7,0
2026-05-14 11:04:00,1511.75,1511.85,1511.2,1511.2,0
2026-05-14 11:05:00,1511.25,1511.5,1511.15,1511.45,0
2026-05-14 11:06:00,1511.5,1511.65,1511.3,1511.5,0
2026-05-14 11:07:00,1511.55,1511.6,1511.0,1511.15,0
2026-05-14 11:08:00,1511.2,1511.2,1510.55,1510.75,0
2026-05-14 11:09:00,1510.75,1510.75,1510.45,1510.65,0
2026-05-14 11:10:00,1510.7,1511.55,1510.5,1511.5,0
2026-05-14 11:11:00,1511.6,1512.2,1511.45,1512.2,0
2026-05-14 11:12:00,1512.25,1512.6,1512.25,1512.55,0
2026-05-14 11:13:00,1512.55,1512.55,1511.85,1512.2,0
2026-05-14 11:14:00,1512.25,1512.8,1512.15,1512.75,0
2026-05-14 11:15:00,1512.75,1513.9,1512.75,1513.65,0
2026-05-14 11:16:00,1513.75,1513.9,1513.1,1513.85,0
2026-05-14 11:17:00,1513.9,1514.1,1513.8,1514.05,0
2026-05-14 11:18:00,1514.15,1514.95,1514.1,1514.65,0
2026-05-14 11:19:00,1514.75,1515.1,1514.5,1515.1,0
2026-05-14 11:20:00,1515.15,1515.3,1514.95,1515.2,0
2026-05-14 11:21:00,1515.25,1516.0,1515.2,1516.0,0
2026-05-14 11:22:00,1516.1,1516.55,1516.1,1516.4,0
2026-05-14 11:23:00,1516.45,1516.75,1516.25,1516.65,0
2026-05-14 11:24:00,1516.75,1517.4,1516.75,1517.0,0
2026-05-14 11:25:00,1517.1,1517.1,1516.25,1516.25,0
2026-05-14 11:26:00,1516.35,1516.35,1515.2,1515.5,0
2026-05-14 11:27:00,1515.65,1516.95,1515.65,1516.85,0
2026-05-14 11:28:00,1516.95,1518.3,1516.8,1518.3,0
2026-05-14 11:29:00,1518.3,1518.5,1517.6,1518.0,0
2026-05-14 11:30:00,1518.0,1518.45,1518.0,1518.3,0
2026-05-14 11:31:00,1518.4,1518.6,1518.0,1518.6,0
2026-05-14 11:32:00,1518.65,1518.7,1518.2,1518.4,0
2026-05-14 11:33:00,1518.45,1519.55,1518.45,1519.45,0
2026-05-14 11:34:00,1519.5,1519.95,1519.45,1519.75,0
2026-05-14 11:35:00,1519.75,1520.55,1519.75,1520.45,0
2026-05-14 11:36:00,1520.5,1520.85,1520.3,1520.3,0
2026-05-14 11:37:00,1520.35,1520.4,1519.7,1520.0,0
2026-05-14 11:38:00,1520.15,1520.65,1520.1,1520.6,0
2026-05-14 11:39:00,1520.7,1521.5,1520.65,1521.15,0
2026-05-14 11:40:00,1521.2,1521.2,1520.2,1520.9,0
2026-05-14 11:41:00,1520.9,1521.9,1520.9,1521.85,0
2026-05-14 11:42:00,1521.9,1522.45,1521.85,1522.45,0
2026-05-14 11:43:00,1522.5,1522.55,1521.9,1522.4,0
2026-05-14 11:44:00,1522.45,1523.45,1522.4,1523.45,0
2026-05-14 11:45:00,1523.45,1524.15,1522.85,1522.85,0
2026-05-14 11:46:00,1522.85,1523.0,1522.55,1522.95,0
2026-05-14 11:47:00,1522.95,1523.7,1522.95,1523.6,0
2026-05-14 11:48:00,1523.6,1524.15,1523.55,1524.15,0
2026-05-14 11:49:00,1524.15,1524.55,1524.1,1524.55,0
2026-05-14 11:50:00,1524.6,1524.9,1524.2,1524.9,0
2026-05-14 11:51:00,1524.9,1525.35,1524.4,1525.1,0
2026-05-14 11:52:00,1525.15,1525.95,1525.15,1525.25,0
2026-05-14 11:53:00,1525.25,1525.3,1524.5,1524.55,0
2026-05-14 11:54:00,1524.55,1524.55,1523.9,1524.25,0
2026-05-14 11:55:00,1524.15,1524.95,1523.95,1524.1,0
2026-05-14 11:56:00,1524.15,1525.2,1524.0,1524.9,0
2026-05-14 11:57:00,1524.95,1525.3,1524.9,1525.05,0
2026-05-14 11:58:00,1525.05,1525.25,1524.85,1524.9,0
2026-05-14 11:59:00,1525.0,1525.45,1524.95,1525.25,0
2026-05-14 12:00:00,1525.2,1525.25,1524.4,1524.45,0
2026-05-14 12:01:00,1524.45,1524.65,1523.9,1523.95,0
2026-05-14 12:02:00,1523.85,1524.2,1523.6,1524.15,0
2026-05-14 12:03:00,1524.15,1524.25,1523.5,1523.5,0
2026-05-14 12:04:00,1523.5,1523.75,1523.3,1523.5,0
2026-05-14 12:05:00,1523.5,1523.75,1523.25,1523.55,0
2026-05-14 12:06:00,1523.55,1523.6,1523.15,1523.4,0
2026-05-14 12:07:00,1523.45,1524.7,1523.3,1524.6,0
2026-05-14 12:08:00,1524.6,1524.65,1523.95,1524.25,0
2026-05-14 12:09:00,1524.3,1524.4,1523.25,1523.5,0
2026-05-14 12:10:00,1523.5,1523.65,1522.8,1522.85,0
2026-05-14 12:11:00,1522.85,1523.55,1522.8,1523.4,0
2026-05-14 12:12:00,1523.4,1523.55,1523.1,1523.1,0
2026-05-14 12:13:00,1523.05,1523.55,1522.95,1523.5,0
2026-05-14 12:14:00,1523.5,1524.7,1523.5,1524.65,0
2026-05-14 12:15:00,1524.7,1525.55,1524.7,1525.2,0
2026-05-14 12:16:00,1525.2,1525.9,1525.2,1525.9,0
2026-05-14 12:17:00,1525.9,1527.05,1525.9,1527.05,0
2026-05-14 12:18:00,1527.0,1527.2,1526.6,1526.9,0
2026-05-14 12:19:00,1526.85,1526.85,1525.65,1525.7,0
2026-05-14 12:20:00,1525.7,1526.55,1525.65,1526.05,0
2026-05-14 12:21:00,1526.05,1526.3,1525.75,1525.75,0
2026-05-14 12:22:00,1525.75,1526.35,1525.7,1526.35,0
2026-05-14 12:23:00,1526.4,1526.5,1526.0,1526.5,0
2026-05-14 12:24:00,1526.55,1526.9,1526.5,1526.75,0
2026-05-14 12:25:00,1526.8,1526.95,1526.45,1526.45,0
2026-05-14 12:26:00,1526.5,1526.8,1526.25,1526.75,0
2026-05-14 12:27:00,1526.8,1527.15,1526.55,1526.6,0
2026-05-14 12:28:00,1526.65,1527.3,1526.6,1527.3,0
2026-05-14 12:29:00,1527.3,1527.4,1526.55,1526.65,0
2026-05-14 12:30:00,1526.7,1527.05,1526.45,1526.45,0
2026-05-14 12:31:00,1526.45,1526.45,1525.95,1526.4,0
2026-05-14 12:32:00,1526.4,1526.75,1526.25,1526.55,0
2026-05-14 12:33:00,1526.6,1526.6,1526.25,1526.3,0
2026-05-14 12:34:00,1526.35,1526.5,1526.05,1526.2,0
2026-05-14 12:35:00,1526.2,1526.4,1525.85,1526.3,0
2026-05-14 12:36:00,1526.35,1526.5,1526.15,1526.25,0
2026-05-14 12:37:00,1526.25,1526.25,1525.65,1525.8,0
2026-05-14 12:38:00,1525.9,1526.15,1525.8,1525.8,0
2026-05-14 12:39:00,1525.85,1525.85,1525.2,1525.75,0
2026-05-14 12:40:00,1525.8,1526.2,1525.8,1525.9,0
2026-05-14 12:41:00,1525.95,1526.4,1525.95,1526.0,0
2026-05-14 12:42:00,1526.05,1526.8,1526.0,1526.75,0
2026-05-14 12:43:00,1526.85,1527.1,1526.65,1527.05,0
2026-05-14 12:44:00,1527.1,1528.05,1527.05,1527.9,0
2026-05-14 12:45:00,1527.95,1528.25,1527.7,1527.8,0
2026-05-14 12:46:00,1527.85,1528.1,1526.55,1526.55,0
2026-05-14 12:47:00,1526.6,1527.95,1526.6,1527.9,0
2026-05-14 12:48:00,1528.0,1528.2,1527.9,1528.0,0
2026-05-14 12:49:00,1528.1,1528.55,1528.1,1528.2,0
2026-05-14 12:50:00,1528.3,1528.3,1527.4,1527.65,0
2026-05-14 12:51:00,1527.7,1527.8,1527.15,1527.15,0
2026-05-14 12:52:00,1527.05,1527.1,1526.4,1526.45,0
2026-05-14 12:53:00,1526.5,1526.5,1526.05,1526.35,0
2026-05-14 12:54:00,1526.35,1526.8,1526.3,1526.65,0
2026-05-14 12:55:00,1526.7,1527.0,1526.55,1526.6,0
2026-05-14 12:56:00,1526.6,1526.6,1526.05,1526.25,0
2026-05-14 12:57:00,1526.3,1527.05,1526.25,1526.95,0
2026-05-14 12:58:00,1527.0,1527.05,1526.6,1526.95,0
2026-05-14 12:59:00,1527.0,1527.05,1526.65,1526.7,0
2026-05-14 13:00:00,1526.7,1527.9,1526.7,1527.85,0
2026-05-14 13:01:00,1527.9,1527.9,1527.55,1527.75,0
2026-05-14 13:02:00,1527.85,1528.6,1527.4,1528.55,0
2026-05-14 13:03:00,1528.65,1529.0,1528.65,1529.0,0
2026-05-14 13:04:00,1529.15,1529.8,1529.1,1529.7,0
2026-05-14 13:05:00,1529.75,1530.2,1529.7,1529.9,0
2026-05-14 13:06:00,1529.9,1529.95,1529.3,1529.45,0
2026-05-14 13:07:00,1529.55,1529.55,1529.2,1529.35,0
2026-05-14 13:08:00,1529.4,1529.4,1528.9,1528.9,0
2026-05-14 13:09:00,1529.0,1529.2,1528.8,1528.9,0
2026-05-14 13:10:00,1528.9,1529.0,1528.1,1528.1,0
2026-05-14 13:11:00,1528.1,1528.1,1527.4,1527.65,0
2026-05-14 13:12:00,1527.7,1528.7,1527.55,1528.7,0
2026-05-14 13:13:00,1528.75,1529.0,1528.2,1528.35,0
2026-05-14 13:14:00,1528.45,1528.65,1528.1,1528.15,0
2026-05-14 13:15:00,1528.2,1528.55,1528.1,1528.5,0
2026-05-14 13:16:00,1528.6,1528.95,1528.55,1528.9,0
2026-05-14 13:17:00,1528.95,1529.15,1528.5,1528.6,0
2026-05-14 13:18:00,1528.6,1528.7,1528.05,1528.15,0
2026-05-14 13:19:00,1528.2,1528.85,1528.1,1528.7,0
2026-05-14 13:20:00,1528.7,1528.75,1528.3,1528.6,0
2026-05-14 13:21:00,1528.65,1528.9,1528.35,1528.6,0
2026-05-14 13:22:00,1528.6,1528.75,1528.2,1528.2,0
2026-05-14 13:23:00,1528.2,1528.65,1528.15,1528.4,0
2026-05-14 13:24:00,1528.45,1528.55,1527.55,1527.55,0
2026-05-14 13:25:00,1527.6,1528.05,1527.55,1527.95,0
2026-05-14 13:26:00,1528.0,1528.65,1527.9,1528.5,0
2026-05-14 13:27:00,1528.6,1528.65,1528.45,1528.55,0
2026-05-14 13:28:00,1528.65,1528.85,1528.4,1528.65,0
2026-05-14 13:29:00,1528.7,1528.8,1527.8,1527.8,0
2026-05-14 13:30:00,1527.8,1528.45,1527.55,1528.45,0
2026-05-14 13:31:00,1528.45,1528.8,1528.35,1528.8,0
2026-05-14 13:32:00,1528.85,1528.95,1528.35,1528.75,0
2026-05-14 13:33:00,1528.75,1529.25,1528.7,1529.1,0
2026-05-14 13:34:00,1529.15,1529.35,1529.05,1529.25,0
2026-05-14 13:35:00,1529.3,1529.55,1529.2,1529.45,0
2026-05-14 13:36:00,1529.45,1530.1,1529.45,1530.1,0
2026-05-14 13:37:00,1530.05,1530.5,1530.05,1530.4,0
2026-05-14 13:38:00,1530.4,1530.55,1530.25,1530.4,0
2026-05-14 13:39:00,1530.35,1530.5,1529.6,1529.65,0
2026-05-14 13:40:00,1529.65,1530.6,1529.6,1530.6,0
2026-05-14 13:41:00,1530.55,1530.6,1530.0,1530.0,0
2026-05-14 13:42:00,1529.95,1530.25,1529.65,1529.75,0
2026-05-14 13:43:00,1529.7,1530.45,1529.6,1530.25,0
2026-05-14 13:44:00,1530.25,1530.45,1530.05,1530.45,0
2026-05-14 13:45:00,1530.45,1531.1,1530.45,1530.8,0
2026-05-14 13:46:00,1530.8,1530.95,1530.4,1530.45,0
2026-05-14 13:47:00,1530.4,1530.45,1530.1,1530.15,0
2026-05-14 13:48:00,1530.05,1530.25,1529.7,1529.75,0
2026-05-14 13:49:00,1529.75,1530.2,1529.7,1529.8,0
2026-05-14 13:50:00,1529.8,1530.25,1529.75,1530.2,0
2026-05-14 13:51:00,1530.3,1530.5,1529.75,1529.85,0
2026-05-14 13:52:00,1529.9,1529.9,1529.3,1529.3,0
2026-05-14 13:53:00,1529.3,1529.5,1528.95,1529.15,0
2026-05-14 13:54:00,1529.1,1530.2,1529.0,1530.2,0
2026-05-14 13:55:00,1530.15,1530.55,1529.85,1530.55,0
2026-05-14 13:56:00,1530.5,1530.65,1530.25,1530.5,0
2026-05-14 13:57:00,1530.45,1530.7,1530.3,1530.65,0
2026-05-14 13:58:00,1530.65,1530.9,1530.5,1530.7,0
2026-05-14 13:59:00,1530.7,1530.75,1530.35,1530.55,0
2026-05-14 14:00:00,1530.55,1530.7,1529.95,1530.25,0
2026-05-14 14:01:00,1530.25,1530.55,1529.95,1530.55,0
2026-05-14 14:02:00,1530.6,1530.9,1530.4,1530.45,0
2026-05-14 14:03:00,1530.5,1530.75,1530.3,1530.75,0
2026-05-14 14:04:00,1530.8,1531.0,1530.6,1530.8,0
2026-05-14 14:05:00,1530.9,1531.1,1530.6,1531.05,0
2026-05-14 14:06:00,1531.1,1531.15,1530.75,1531.0,0
2026-05-14 14:07:00,1531.05,1531.95,1530.95,1531.8,0
2026-05-14 14:08:00,1531.9,1531.95,1531.4,1531.55,0
2026-05-14 14:09:00,1531.55,1531.75,1531.3,1531.6,0
2026-05-14 14:10:00,1531.65,1531.95,1531.5,1531.5,0
2026-05-14 14:11:00,1531.6,1531.65,1531.2,1531.6,0
2026-05-14 14:12:00,1531.65,1531.65,1531.1,1531.25,0
2026-05-14 14:13:00,1531.3,1531.3,1530.95,1531.0,0
2026-05-14 14:14:00,1531.05,1531.1,1530.75,1530.85,0
2026-05-14 14:15:00,1530.85,1531.5,1530.85,1531.4,0
2026-05-14 14:16:00,1531.5,1531.65,1531.4,1531.55,0
2026-05-14 14:17:00,1531.55,1531.55,1531.05,1531.15,0
2026-05-14 14:18:00,1531.2,1531.35,1531.0,1531.1,0
2026-05-14 14:19:00,1531.15,1531.15,1529.65,1529.7,0
2026-05-14 14:20:00,1529.75,1530.25,1529.45,1530.25,0
2026-05-14 14:21:00,1530.25,1530.65,1530.2,1530.55,0
2026-05-14 14:22:00,1530.55,1530.55,1530.1,1530.3,0
2026-05-14 14:23:00,1530.4,1530.65,1530.3,1530.35,0
2026-05-14 14:24:00,1530.35,1530.65,1530.2,1530.5,0
2026-05-14 14:25:00,1530.55,1531.3,1530.55,1531.15,0
2026-05-14 14:26:00,1531.25,1531.4,1531.15,1531.35,0
2026-05-14 14:27:00,1531.4,1531.45,1531.1,1531.45,0
2026-05-14 14:28:00,1531.45,1531.5,1531.15,1531.4,0
2026-05-14 14:29:00,1531.5,1531.7,1531.35,1531.6,0
2026-05-14 14:30:00,1531.65,1531.75,1531.35,1531.55,0
2026-05-14 14:31:00,1531.65,1531.85,1531.45,1531.8,0
2026-05-14 14:32:00,1531.9,1532.35,1531.85,1532.15,0
2026-05-14 14:33:00,1532.15,1532.8,1532.15,1532.8,0
2026-05-14 14:34:00,1532.8,1532.85,1531.95,1531.95,0
2026-05-14 14:35:00,1532.05,1532.05,1531.5,1531.55,0
2026-05-14 14:36:00,1531.6,1531.6,1530.05,1530.05,0
2026-05-14 14:37:00,1530.15,1530.6,1529.9,1530.35,0
2026-05-14 14:38:00,1530.4,1531.05,1530.1,1530.8,0
2026-05-14 14:39:00,1530.85,1530.9,1530.55,1530.65,0
2026-05-14 14:40:00,1530.65,1530.85,1529.95,1529.95,0
2026-05-14 14:41:00,1529.95,1530.05,1529.7,1529.9,0
2026-05-14 14:42:00,1529.95,1530.25,1529.85,1530.05,0
2026-05-14 14:43:00,1530.15,1530.4,1530.0,1530.4,0
2026-05-14 14:44:00,1530.4,1530.45,1530.05,1530.15,0
2026-05-14 14:45:00,1530.15,1530.3,1529.4,1529.45,0
2026-05-14 14:46:00,1529.4,1529.4,1528.25,1528.45,0
2026-05-14 14:47:00,1528.55,1529.1,1528.35,1528.9,0
2026-05-14 14:48:00,1528.95,1529.2,1528.05,1528.15,0
2026-05-14 14:49:00,1528.2,1528.35,1528.0,1528.1,0
2026-05-14 14:50:00,1528.15,1528.95,1527.8,1528.55,0
2026-05-14 14:51:00,1528.6,1528.75,1528.1,1528.65,0
2026-05-14 14:52:00,1528.8,1529.3,1528.8,1529.15,0
2026-05-14 14:53:00,1529.2,1529.2,1528.55,1528.95,0
2026-05-14 14:54:00,1528.95,1529.15,1528.4,1528.55,0
2026-05-14 14:55:00,1528.55,1528.9,1528.5,1528.7,0
2026-05-14 14:56:00,1528.7,1528.7,1528.3,1528.55,0
2026-05-14 14:57:00,1528.55,1528.7,1528.25,1528.3,0
2026-05-14 14:58:00,1528.3,1528.3,1527.65,1528.1,0
2026-05-14 14:59:00,1528.15,1529.85,1528.15,1529.0,0
2026-05-14 15:00:00,1528.95,1529.3,1528.45,1529.0,0
2026-05-14 15:01:00,1529.0,1529.0,1527.85,1528.2,0
2026-05-14 15:02:00,1528.2,1529.1,1528.2,1528.85,0
2026-05-14 15:03:00,1528.85,1528.95,1528.25,1528.85,0
2026-05-14 15:04:00,1528.85,1529.1,1528.65,1529.0,0
2026-05-14 15:05:00,1529.0,1529.15,1528.4,1528.4,0
2026-05-14 15:06:00,1528.4,1528.6,1527.9,1527.95,0
2026-05-14 15:07:00,1527.95,1527.95,1527.3,1527.35,0
2026-05-14 15:08:00,1527.35,1528.05,1527.05,1528.05,0
2026-05-14 15:09:00,1528.05,1528.2,1527.35,1527.4,0
2026-05-14 15:10:00,1527.4,1528.1,1527.15,1527.9,0
2026-05-14 15:11:00,1527.9,1528.35,1527.7,1528.25,0
2026-05-14 15:12:00,1528.25,1528.25,1527.85,1527.9,0
2026-05-14 15:13:00,1527.9,1528.15,1527.75,1527.75,0
2026-05-14 15:14:00,1527.75,1528.0,1527.5,1528.0,0
2026-05-14 15:15:00,1528.0,1528.1,1527.75,1527.8,0
2026-05-14 15:16:00,1527.8,1528.1,1527.45,1528.1,0
2026-05-14 15:17:00,1528.1,1528.5,1528.0,1528.4,0
2026-05-14 15:18:00,1528.4,1528.5,1528.2,1528.45,0
2026-05-14 15:19:00,1528.45,1528.75,1528.35,1528.55,0
2026-05-14 15:20:00,1528.55,1528.55,1528.0,1528.1,0
2026-05-14 15:21:00,1528.1,1528.45,1528.1,1528.35,0
2026-05-14 15:22:00,1528.35,1528.35,1528.05,1528.3,0
2026-05-14 15:23:00,1528.3,1528.8,1528.25,1528.7,0
2026-05-14 15:24:00,1528.75,1529.25,1528.5,1529.1,0
2026-05-14 15:25:00,1529.1,1529.25,1528.75,1528.8,0
2026-05-14 15:26:00,1528.85,1529.5,1528.8,1529.45,0
2026-05-14 15:27:00,1529.45,1529.95,1529.45,1529.9,0
2026-05-14 15:28:00,1529.9,1530.3,1529.9,1530.3,0
2026-05-14 15:29:00,1530.3,1530.4,1529.8,1530.1,0
2026-05-15 09:15:00,1531.65,1532.9,1529.35,1529.45,0
2026-05-15 09:16:00,1529.45,1530.5,1526.6,1530.5,0
2026-05-15 09:17:00,1530.6,1531.15,1528.25,1528.3,0
2026-05-15 09:18:00,1528.4,1530.6,1528.0,1529.0,0
2026-05-15 09:19:00,1529.0,1529.0,1527.9,1528.0,0
2026-05-15 09:20:00,1527.95,1528.4,1527.15,1527.4,0
2026-05-15 09:21:00,1527.55,1528.75,1526.9,1527.25,0
2026-05-15 09:22:00,1527.4,1529.05,1526.45,1528.45,0
2026-05-15 09:23:00,1528.55,1529.3,1528.0,1529.3,0
2026-05-15 09:24:00,1529.4,1529.75,1528.7,1529.75,0
2026-05-15 09:25:00,1529.55,1530.05,1529.4,1529.4,0
2026-05-15 09:26:00,1529.5,1529.8,1528.85,1529.75,0
2026-05-15 09:27:00,1529.85,1531.8,1529.7,1531.8,0
2026-05-15 09:28:00,1531.7,1531.8,1531.0,1531.6,0
2026-05-15 09:29:00,1531.55,1531.9,1531.15,1531.15,0
2026-05-15 09:30:00,1531.2,1531.25,1528.75,1528.8,0
2026-05-15 09:31:00,1528.85,1530.25,1528.7,1530.25,0
2026-05-15 09:32:00,1530.25,1530.45,1529.15,1529.95,0
2026-05-15 09:33:00,1529.85,1530.6,1529.55,1529.6,0
2026-05-15 09:34:00,1529.6,1529.6,1528.05,1528.05,0
2026-05-15 09:35:00,1528.05,1528.25,1527.4,1527.85,0
2026-05-15 09:36:00,1527.9,1527.95,1527.15,1527.4,0
2026-05-15 09:37:00,1527.4,1528.55,1527.2,1528.55,0
2026-05-15 09:38:00,1528.55,1529.45,1528.55,1529.35,0
2026-05-15 09:39:00,1529.35,1529.75,1529.1,1529.6,0
2026-05-15 09:40:00,1529.65,1530.0,1529.55,1529.95,0
2026-05-15 09:41:00,1530.0,1531.2,1529.95,1531.2,0
2026-05-15 09:42:00,1531.2,1531.8,1531.15,1531.55,0
2026-05-15 09:43:00,1531.6,1532.0,1531.6,1531.85,0
2026-05-15 09:44:00,1531.8,1532.5,1531.75,1532.5,0
2026-05-15 09:45:00,1532.6,1532.95,1532.25,1532.85,0
2026-05-15 09:46:00,1532.95,1534.25,1532.95,1534.2,0
2026-05-15 09:47:00,1534.2,1534.5,1533.85,1534.25,0
2026-05-15 09:48:00,1534.25,1534.3,1533.2,1533.2,0
2026-05-15 09:49:00,1533.2,1533.45,1533.0,1533.1,0
2026-05-15 09:50:00,1533.1,1533.4,1532.7,1533.4,0
2026-05-15 09:51:00,1533.45,1534.0,1533.35,1533.6,0
2026-05-15 09:52:00,1533.65,1533.8,1533.4,1533.4,0
2026-05-15 09:53:00,1533.4,1533.7,1533.25,1533.5,0
2026-05-15 09:54:00,1533.5,1534.8,1533.5,1534.8,0
2026-05-15 09:55:00,1534.7,1535.4,1534.7,1535.0,0
2026-05-15 09:56:00,1535.0,1535.25,1534.85,1535.2,0
2026-05-15 09:57:00,1535.25,1535.45,1535.15,1535.4,0
2026-05-15 09:58:00,1535.5,1535.6,1534.9,1535.0,0
2026-05-15 09:59:00,1534.95,1535.1,1534.45,1534.45,0
2026-05-15 10:00:00,1534.4,1534.6,1533.35,1533.55,0
2026-05-15 10:01:00,1533.55,1533.6,1532.35,1532.35,0
2026-05-15 10:02:00,1532.35,1533.35,1532.35,1533.25,0
2026-05-15 10:03:00,1533.3,1533.45,1532.9,1533.1,0
2026-05-15 10:04:00,1533.1,1534.15,1533.1,1534.05,0
2026-05-15 10:05:00,1534.05,1534.1,1533.0,1533.4,0
2026-05-15 10:06:00,1533.4,1533.5,1532.95,1533.35,0
2026-05-15 10:07:00,1533.35,1533.5,1532.85,1532.85,0
2026-05-15 10:08:00,1532.9,1532.9,1532.2,1532.3,0
2026-05-15 10:09:00,1532.3,1532.3,1531.8,1531.8,0
2026-05-15 10:10:00,1531.75,1532.25,1531.75,1531.9,0
2026-05-15 10:11:00,1531.9,1532.55,1531.65,1531.7,0
2026-05-15 10:12:00,1531.7,1532.1,1531.35,1532.05,0
2026-05-15 10:13:00,1532.05,1532.3,1531.95,1531.95,0
2026-05-15 10:14:00,1531.95,1532.65,1531.9,1532.55,0
2026-05-15 10:15:00,1532.55,1533.45,1532.55,1533.1,0
2026-05-15 10:16:00,1533.15,1533.8,1533.15,1533.4,0
2026-05-15 10:17:00,1533.35,1533.55,1532.5,1532.55,0
2026-05-15 10:18:00,1532.55,1532.75,1532.4,1532.7,0
2026-05-15 10:19:00,1532.75,1533.2,1532.75,1532.75,0
2026-05-15 10:20:00,1532.75,1532.85,1532.35,1532.6,0
2026-05-15 10:21:00,1532.65,1533.35,1532.65,1533.35,0
2026-05-15 10:22:00,1533.35,1533.9,1533.25,1533.85,0
2026-05-15 10:23:00,1533.8,1533.85,1533.05,1533.05,0
2026-05-15 10:24:00,1533.1,1534.2,1533.05,1534.2,0
2026-05-15 10:25:00,1534.2,1534.65,1534.2,1534.45,0
2026-05-15 10:26:00,1534.4,1535.0,1534.35,1534.5,0
2026-05-15 10:27:00,1534.55,1534.75,1534.4,1534.75,0
2026-05-15 10:28:00,1534.7,1535.0,1534.55,1534.85,0
2026-05-15 10:29:00,1534.8,1535.05,1534.65,1534.85,0
2026-05-15 10:30:00,1534.8,1534.9,1534.6,1534.65,0
2026-05-15 10:31:00,1534.65,1534.75,1533.7,1534.05,0
2026-05-15 10:32:00,1534.0,1534.35,1533.9,1533.95,0
2026-05-15 10:33:00,1533.95,1533.95,1533.15,1533.2,0
2026-05-15 10:34:00,1533.2,1533.75,1533.15,1533.75,0
2026-05-15 10:35:00,1533.75,1533.75,1533.15,1533.2,0
2026-05-15 10:36:00,1533.2,1533.75,1533.2,1533.7,0
2026-05-15 10:37:00,1533.65,1533.85,1533.35,1533.35,0
2026-05-15 10:38:00,1533.35,1533.45,1532.8,1532.8,0
2026-05-15 10:39:00,1532.8,1532.95,1532.7,1532.85,0
2026-05-15 10:40:00,1532.85,1533.1,1532.5,1532.75,0
2026-05-15 10:41:00,1532.75,1533.8,1532.75,1533.75,0
2026-05-15 10:42:00,1533.7,1533.95,1533.7,1533.9,0
2026-05-15 10:43:00,1533.85,1534.0,1533.2,1533.2,0
2026-05-15 10:44:00,1533.2,1533.6,1533.15,1533.6,0
2026-05-15 10:45:00,1533.6,1534.35,1533.6,1534.3,0
2026-05-15 10:46:00,1534.3,1534.45,1534.15,1534.25,0
2026-05-15 10:47:00,1534.25,1534.4,1533.75,1533.9,0
2026-05-15 10:48:00,1533.9,1534.35,1533.85,1534.3,0
2026-05-15 10:49:00,1534.3,1534.45,1534.2,1534.4,0
2026-05-15 10:50:00,1534.4,1534.85,1534.4,1534.8,0
2026-05-15 10:51:00,1534.8,1535.45,1534.8,1535.35,0
2026-05-15 10:52:00,1535.35,1535.45,1535.2,1535.25,0
2026-05-15 10:53:00,1535.25,1535.25,1534.65,1534.8,0
2026-05-15 10:54:00,1534.8,1535.45,1534.8,1535.1,0
2026-05-15 10:55:00,1535.1,1535.4,1535.05,1535.05,0
2026-05-15 10:56:00,1535.05,1535.05,1534.45,1534.75,0
2026-05-15 10:57:00,1534.75,1535.05,1534.75,1534.9,0
2026-05-15 10:58:00,1534.9,1535.1,1534.8,1534.85,0
2026-05-15 10:59:00,1534.8,1535.3,1534.8,1535.05,0
2026-05-15 11:00:00,1534.95,1535.1,1534.7,1534.7,0
2026-05-15 11:01:00,1534.7,1534.75,1534.05,1534.15,0
2026-05-15 11:02:00,1534.1,1534.15,1533.1,1533.1,0
2026-05-15 11:03:00,1533.05,1533.05,1532.6,1532.8,0
2026-05-15 11:04:00,1532.8,1532.85,1531.9,1531.9,0
2026-05-15 11:05:00,1531.85,1532.05,1531.1,1531.1,0
2026-05-15 11:06:00,1531.1,1531.1,1530.0,1530.05,0
2026-05-15 11:07:00,1530.0,1530.15,1529.7,1529.7,0
2026-05-15 11:08:00,1529.75,1529.85,1529.2,1529.35,0
2026-05-15 11:09:00,1529.4,1529.95,1529.35,1529.45,0
2026-05-15 11:10:00,1529.45,1529.45,1528.7,1529.25,0
2026-05-15 11:11:00,1529.3,1530.3,1529.3,1530.05,0
2026-05-15 11:12:00,1530.1,1530.1,1529.6,1529.9,0
2026-05-15 11:13:00,1529.95,1530.1,1529.6,1529.6,0
2026-05-15 11:14:00,1529.6,1529.7,1529.2,1529.3,0
2026-05-15 11:15:00,1529.3,1529.3,1528.5,1528.55,0
2026-05-15 11:16:00,1528.6,1528.95,1528.6,1528.65,0
2026-05-15 11:17:00,1528.7,1528.7,1527.4,1527.7,0
2026-05-15 11:18:00,1527.7,1528.85,1527.65,1528.85,0
2026-05-15 11:19:00,1528.85,1529.6,1528.85,1529.15,0
2026-05-15 11:20:00,1529.15,1529.25,1528.6,1529.05,0
2026-05-15 11:21:00,1529.15,1529.35,1528.8,1528.95,0
2026-05-15 11:22:00,1528.95,1529.05,1528.0,1528.05,0
2026-05-15 11:23:00,1528.05,1528.7,1528.05,1528.55,0
2026-05-15 11:24:00,1528.6,1528.6,1527.95,1528.05,0
2026-05-15 11:25:00,1528.1,1528.4,1528.1,1528.3,0
2026-05-15 11:26:00,1528.3,1528.55,1528.2,1528.25,0
2026-05-15 11:27:00,1528.2,1528.25,1527.65,1527.7,0
2026-05-15 11:28:00,1527.7,1527.9,1527.35,1527.85,0
2026-05-15 11:29:00,1527.8,1527.95,1527.25,1527.25,0
2026-05-15 11:30:00,1527.25,1527.25,1526.45,1526.6,0
2026-05-15 11:31:00,1526.6,1526.75,1525.25,1526.2,0
2026-05-15 11:32:00,1526.3,1526.6,1526.1,1526.15,0
2026-05-15 11:33:00,1526.1,1527.25,1526.1,1527.2,0
2026-05-15 11:34:00,1527.2,1527.45,1527.0,1527.1,0
2026-05-15 11:35:00,1527.15,1527.3,1526.85,1526.95,0
2026-05-15 11:36:00,1526.95,1526.95,1526.25,1526.25,0
2026-05-15 11:37:00,1526.25,1526.8,1526.25,1526.75,0
2026-05-15 11:38:00,1526.75,1527.2,1526.75,1527.15,0
2026-05-15 11:39:00,1527.1,1527.45,1527.1,1527.3,0
2026-05-15 11:40:00,1527.35,1527.6,1527.25,1527.45,0
2026-05-15 11:41:00,1527.45,1527.55,1527.05,1527.05,0
2026-05-15 11:42:00,1527.1,1527.25,1526.85,1526.9,0
2026-05-15 11:43:00,1526.9,1527.1,1526.75,1527.0,0
2026-05-15 11:44:00,1527.0,1527.55,1526.95,1527.45,0
2026-05-15 11:45:00,1527.4,1527.65,1527.15,1527.2,0
2026-05-15 11:46:00,1527.2,1527.75,1527.2,1527.45,0
2026-05-15 11:47:00,1527.45,1527.7,1527.45,1527.55,0
2026-05-15 11:48:00,1527.6,1528.25,1527.6,1527.95,0
2026-05-15 11:49:00,1527.9,1528.25,1527.9,1527.9,0
2026-05-15 11:50:00,1527.85,1527.9,1527.35,1527.4,0
2026-05-15 11:51:00,1527.45,1528.0,1527.35,1528.0,0
2026-05-15 11:52:00,1528.0,1528.05,1527.75,1527.9,0
2026-05-15 11:53:00,1527.9,1528.25,1527.9,1528.25,0
2026-05-15 11:54:00,1528.2,1528.3,1527.3,1527.3,0
2026-05-15 11:55:00,1527.3,1527.3,1526.7,1526.8,0
2026-05-15 11:56:00,1526.8,1527.1,1526.8,1527.0,0
2026-05-15 11:57:00,1527.0,1527.15,1526.75,1526.75,0
2026-05-15 11:58:00,1526.75,1527.15,1526.75,1527.0,0
2026-05-15 11:59:00,1527.0,1527.5,1526.95,1527.4,0
2026-05-15 12:00:00,1527.45,1527.55,1527.0,1527.45,0
2026-05-15 12:01:00,1527.5,1527.9,1527.5,1527.8,0
2026-05-15 12:02:00,1527.75,1528.5,1527.75,1528.5,0
2026-05-15 12:03:00,1528.5,1528.7,1528.45,1528.6,0
2026-05-15 12:04:00,1528.6,1529.1,1528.6,1529.05,0
2026-05-15 12:05:00,1529.05,1529.6,1529.05,1529.6,0
2026-05-15 12:06:00,1529.65,1530.25,1529.65,1530.15,0
2026-05-15 12:07:00,1530.15,1530.35,1530.1,1530.35,0
2026-05-15 12:08:00,1530.3,1530.45,1529.8,1529.8,0
2026-05-15 12:09:00,1529.8,1529.9,1529.3,1529.4,0
2026-05-15 12:10:00,1529.4,1529.55,1529.2,1529.45,0
2026-05-15 12:11:00,1529.45,1529.8,1529.45,1529.75,0
2026-05-15 12:12:00,1529.75,1530.0,1529.5,1529.5,0
2026-05-15 12:13:00,1529.55,1529.6,1529.0,1529.1,0
2026-05-15 12:14:00,1529.1,1529.15,1528.9,1529.05,0
2026-05-15 12:15:00,1529.05,1529.3,1528.9,1529.25,0
2026-05-15 12:16:00,1529.25,1529.4,1528.95,1529.0,0
2026-05-15 12:17:00,1528.95,1529.05,1528.7,1528.9,0
2026-05-15 12:18:00,1528.9,1529.05,1528.3,1528.45,0
2026-05-15 12:19:00,1528.4,1528.75,1528.15,1528.55,0
2026-05-15 12:20:00,1528.55,1528.6,1527.8,1527.8,0
2026-05-15 12:21:00,1527.8,1527.8,1527.5,1527.5,0
2026-05-15 12:22:00,1527.5,1527.6,1527.0,1527.0,0
2026-05-15 12:23:00,1527.0,1527.45,1527.0,1527.35,0
2026-05-15 12:24:00,1527.35,1527.5,1527.1,1527.1,0
2026-05-15 12:25:00,1527.1,1527.3,1527.05,1527.2,0
2026-05-15 12:26:00,1527.2,1528.05,1527.15,1528.05,0
2026-05-15 12:27:00,1528.1,1528.25,1527.85,1527.9,0
2026-05-15 12:28:00,1527.85,1527.95,1527.1,1527.15,0
2026-05-15 12:29:00,1527.15,1527.2,1526.75,1526.8,0
2026-05-15 12:30:00,1526.8,1526.95,1526.65,1526.7,0
2026-05-15 12:31:00,1526.65,1526.8,1526.55,1526.65,0
2026-05-15 12:32:00,1526.7,1527.15,1526.7,1527.15,0
2026-05-15 12:33:00,1527.15,1527.8,1527.15,1527.7,0
2026-05-15 12:34:00,1527.75,1527.95,1527.45,1527.95,0
2026-05-15 12:35:00,1527.95,1528.45,1527.9,1528.45,0
2026-05-15 12:36:00,1528.45,1528.75,1528.45,1528.65,0
2026-05-15 12:37:00,1528.65,1528.85,1528.6,1528.85,0
2026-05-15 12:38:00,1528.8,1528.85,1528.55,1528.8,0
2026-05-15 12:39:00,1528.85,1529.1,1528.8,1528.95,0
2026-05-15 12:40:00,1528.9,1529.75,1528.9,1529.75,0
2026-05-15 12:41:00,1529.75,1530.0,1529.65,1529.9,0
2026-05-15 12:42:00,1529.9,1530.0,1529.65,1529.8,0
2026-05-15 12:43:00,1529.8,1530.15,1529.8,1530.15,0
2026-05-15 12:44:00,1530.15,1530.65,1530.15,1530.55,0
2026-05-15 12:45:00,1530.6,1531.2,1530.55,1530.55,0
2026-05-15 12:46:00,1530.55,1530.8,1530.55,1530.6,0
2026-05-15 12:47:00,1530.65,1531.0,1530.65,1530.95,0
2026-05-15 12:48:00,1530.95,1531.4,1530.9,1531.4,0
2026-05-15 12:49:00,1531.4,1531.55,1531.15,1531.2,0
2026-05-15 12:50:00,1531.2,1531.8,1531.2,1531.8,0
2026-05-15 12:51:00,1531.8,1531.95,1531.6,1531.6,0
2026-05-15 12:52:00,1531.6,1531.6,1531.05,1531.05,0
2026-05-15 12:53:00,1531.1,1531.35,1531.05,1531.35,0
2026-05-15 12:54:00,1531.35,1531.4,1530.9,1531.2,0
2026-05-15 12:55:00,1531.25,1531.65,1531.25,1531.5,0
2026-05-15 12:56:00,1531.5,1531.55,1530.95,1531.0,0
2026-05-15 12:57:00,1531.0,1531.25,1530.95,1531.1,0
2026-05-15 12:58:00,1531.15,1531.2,1530.8,1530.9,0
2026-05-15 12:59:00,1530.95,1531.3,1530.95,1531.3,0
2026-05-15 13:00:00,1531.3,1531.45,1530.9,1530.9,0
2026-05-15 13:01:00,1530.9,1531.1,1530.75,1530.9,0
2026-05-15 13:02:00,1530.9,1531.15,1530.8,1531.05,0
2026-05-15 13:03:00,1531.05,1531.35,1530.7,1530.8,0
2026-05-15 13:04:00,1530.8,1530.85,1530.7,1530.8,0
2026-05-15 13:05:00,1530.8,1531.35,1530.8,1531.25,0
2026-05-15 13:06:00,1531.3,1531.5,1531.2,1531.25,0
2026-05-15 13:07:00,1531.25,1531.3,1530.95,1531.0,0
2026-05-15 13:08:00,1530.95,1531.15,1530.45,1531.0,0
2026-05-15 13:09:00,1531.0,1531.0,1530.7,1530.85,0
2026-05-15 13:10:00,1530.85,1531.25,1530.85,1531.25,0
2026-05-15 13:11:00,1531.25,1531.6,1531.15,1531.25,0
2026-05-15 13:12:00,1531.3,1531.3,1530.9,1530.95,0
2026-05-15 13:13:00,1530.95,1531.6,1530.9,1531.55,0
2026-05-15 13:14:00,1531.55,1531.7,1531.05,1531.3,0
2026-05-15 13:15:00,1531.3,1531.3,1530.85,1530.85,0
2026-05-15 13:16:00,1530.85,1531.0,1530.75,1530.8,0
2026-05-15 13:17:00,1530.8,1530.95,1530.75,1530.75,0
2026-05-15 13:18:00,1530.8,1531.05,1530.7,1530.95,0
2026-05-15 13:19:00,1530.95,1531.5,1530.95,1531.5,0
2026-05-15 13:20:00,1531.5,1531.65,1531.05,1531.05,0
2026-05-15 13:21:00,1531.1,1531.3,1530.9,1531.05,0
2026-05-15 13:22:00,1531.05,1531.4,1531.05,1531.15,0
2026-05-15 13:23:00,1531.15,1531.5,1531.15,1531.35,0
2026-05-15 13:24:00,1531.3,1531.5,1531.05,1531.1,0
2026-05-15 13:25:00,1531.15,1531.2,1530.85,1530.9,0
2026-05-15 13:26:00,1530.85,1530.9,1530.45,1530.45,0
2026-05-15 13:27:00,1530.45,1531.1,1530.4,1530.9,0
2026-05-15 13:28:00,1530.9,1531.5,1530.9,1531.0,0
2026-05-15 13:29:00,1531.0,1531.1,1530.65,1530.9,0
2026-05-15 13:30:00,1530.9,1531.1,1529.95,1529.95,0
2026-05-15 13:31:00,1529.9,1530.65,1529.85,1530.35,0
2026-05-15 13:32:00,1530.35,1530.4,1530.2,1530.2,0
2026-05-15 13:33:00,1530.25,1530.3,1529.85,1530.05,0
2026-05-15 13:34:00,1530.0,1530.4,1529.85,1529.95,0
2026-05-15 13:35:00,1529.95,1530.45,1529.65,1530.4,0
2026-05-15 13:36:00,1530.4,1530.65,1529.9,1529.9,0
2026-05-15 13:37:00,1529.9,1530.0,1529.15,1529.2,0
2026-05-15 13:38:00,1529.25,1529.4,1528.6,1528.6,0
2026-05-15 13:39:00,1528.6,1528.75,1528.55,1528.7,0
2026-05-15 13:40:00,1528.7,1528.85,1528.3,1528.45,0
2026-05-15 13:41:00,1528.45,1529.0,1528.45,1528.85,0
2026-05-15 13:42:00,1528.85,1528.9,1528.25,1528.65,0
2026-05-15 13:43:00,1528.6,1528.8,1528.55,1528.75,0
2026-05-15 13:44:00,1528.7,1528.95,1528.4,1528.95,0
2026-05-15 13:45:00,1528.95,1529.7,1528.95,1529.5,0
2026-05-15 13:46:00,1529.5,1529.7,1528.7,1528.7,0
2026-05-15 13:47:00,1528.7,1528.7,1527.3,1527.3,0
2026-05-15 13:48:00,1527.3,1527.35,1526.55,1526.6,0
2026-05-15 13:49:00,1526.6,1527.0,1526.5,1527.0,0
2026-05-15 13:50:00,1527.0,1527.0,1526.5,1526.5,0
2026-05-15 13:51:00,1526.5,1526.85,1526.3,1526.8,0
2026-05-15 13:52:00,1526.8,1527.3,1526.8,1527.3,0
2026-05-15 13:53:00,1527.3,1528.45,1527.3,1528.35,0
2026-05-15 13:54:00,1528.25,1528.4,1528.2,1528.25,0
2026-05-15 13:55:00,1528.2,1528.65,1528.2,1528.25,0
2026-05-15 13:56:00,1528.25,1528.35,1527.65,1527.65,0
2026-05-15 13:57:00,1527.6,1527.65,1526.75,1526.75,0
2026-05-15 13:58:00,1526.75,1527.15,1526.6,1527.15,0
2026-05-15 13:59:00,1527.15,1527.35,1526.95,1527.15,0
2026-05-15 14:00:00,1527.1,1527.2,1526.65,1526.9,0
2026-05-15 14:01:00,1526.9,1527.15,1526.9,1527.05,0
2026-05-15 14:02:00,1527.05,1527.1,1526.75,1526.85,0
2026-05-15 14:03:00,1526.85,1526.9,1526.1,1526.2,0
2026-05-15 14:04:00,1526.2,1526.3,1525.6,1525.6,0
2026-05-15 14:05:00,1525.6,1526.2,1525.55,1525.95,0
2026-05-15 14:06:00,1525.95,1526.45,1525.8,1526.3,0
2026-05-15 14:07:00,1526.35,1526.4,1526.1,1526.25,0
2026-05-15 14:08:00,1526.3,1526.7,1526.3,1526.6,0
2026-05-15 14:09:00,1526.6,1527.05,1526.35,1527.0,0
2026-05-15 14:10:00,1527.0,1527.3,1527.0,1527.3,0
2026-05-15 14:11:00,1527.35,1527.75,1527.3,1527.35,0
2026-05-15 14:12:00,1527.4,1527.45,1526.6,1526.9,0
2026-05-15 14:13:00,1527.0,1527.55,1526.95,1527.35,0
2026-05-15 14:14:00,1527.4,1527.65,1527.25,1527.65,0
2026-05-15 14:15:00,1527.7,1527.95,1527.6,1527.65,0
2026-05-15 14:16:00,1527.65,1527.7,1526.75,1526.75,0
2026-05-15 14:17:00,1526.65,1527.0,1526.4,1526.75,0
2026-05-15 14:18:00,1526.8,1527.0,1526.7,1526.85,0
2026-05-15 14:19:00,1526.85,1527.2,1526.85,1527.2,0
2026-05-15 14:20:00,1527.15,1527.3,1526.8,1526.85,0
2026-05-15 14:21:00,1526.85,1526.95,1526.8,1526.85,0
2026-05-15 14:22:00,1526.8,1526.9,1526.45,1526.55,0
2026-05-15 14:23:00,1526.6,1526.6,1526.25,1526.3,0
2026-05-15 14:24:00,1526.25,1526.95,1526.25,1526.55,0
2026-05-15 14:25:00,1526.55,1526.6,1526.1,1526.25,0
2026-05-15 14:26:00,1526.2,1526.35,1525.9,1525.95,0
2026-05-15 14:27:00,1525.9,1526.05,1525.6,1525.8,0
2026-05-15 14:28:00,1525.8,1525.9,1525.65,1525.7,0
2026-05-15 14:29:00,1525.75,1526.1,1525.45,1526.1,0
2026-05-15 14:30:00,1526.3,1526.5,1526.1,1526.4,0
2026-05-15 14:31:00,1526.4,1526.55,1526.1,1526.15,0
2026-05-15 14:32:00,1526.1,1526.15,1525.4,1525.4,0
2026-05-15 14:33:00,1525.4,1525.5,1524.95,1525.1,0
2026-05-15 14:34:00,1525.1,1526.35,1525.1,1526.0,0
2026-05-15 14:35:00,1526.0,1526.35,1525.9,1525.9,0
2026-05-15 14:36:00,1525.9,1526.7,1525.75,1526.65,0
2026-05-15 14:37:00,1526.65,1526.65,1525.9,1526.1,0
2026-05-15 14:38:00,1526.1,1526.15,1525.9,1526.1,0
2026-05-15 14:39:00,1526.1,1526.15,1525.7,1526.05,0
2026-05-15 14:40:00,1526.1,1526.4,1525.95,1526.35,0
2026-05-15 14:41:00,1526.35,1527.15,1526.3,1527.05,0
2026-05-15 14:42:00,1527.05,1527.05,1526.35,1526.55,0
2026-05-15 14:43:00,1526.6,1526.65,1526.4,1526.5,0
2026-05-15 14:44:00,1526.5,1526.5,1526.0,1526.05,0
2026-05-15 14:45:00,1526.05,1526.1,1524.9,1524.95,0
2026-05-15 14:46:00,1524.9,1524.95,1524.0,1524.05,0
2026-05-15 14:47:00,1524.05,1524.15,1523.35,1523.6,0
2026-05-15 14:48:00,1523.6,1523.65,1522.7,1523.0,0
2026-05-15 14:49:00,1522.95,1523.0,1521.7,1521.75,0
2026-05-15 14:50:00,1521.7,1522.4,1520.85,1522.05,0
2026-05-15 14:51:00,1522.1,1522.5,1521.5,1522.3,0
2026-05-15 14:52:00,1522.25,1522.25,1521.7,1521.9,0
