date,open,high,low,close,volume
2005-04-01 00:00:00,1000.0,1000.0,1000.0,1000.0,0
2005-04-04 00:00:00,993.68,993.68,993.68,993.68,0
2005-04-05 00:00:00,982.91,982.91,982.91,982.91,0
2005-04-06 00:00:00,989.99,989.99,989.99,989.99,0
2005-04-07 00:00:00,986.75,986.75,986.75,986.75,0
2005-04-08 00:00:00,981.15,981.15,981.15,981.15,0
2005-04-11 00:00:00,971.79,971.79,971.79,971.79,0
2005-04-12 00:00:00,980.14,980.14,980.14,980.14,0
2005-04-13 00:00:00,979.69,979.69,979.69,979.69,0
2005-04-15 00:00:00,952.84,952.84,952.84,952.84,0
2005-04-18 00:00:00,944.34,944.34,944.34,944.34,0
2005-04-19 00:00:00,933.03,933.03,933.03,933.03,0
2005-04-20 00:00:00,946.17,946.17,946.17,946.17,0
2005-04-21 00:00:00,955.61,955.61,955.61,955.61,0
2005-04-22 00:00:00,955.03,955.03,955.03,955.03,0
2005-04-25 00:00:00,960.17,960.17,960.17,960.17,0
2005-04-26 00:00:00,957.78,957.78,957.78,957.78,0
2005-04-27 00:00:00,944.05,944.05,944.05,944.05,0
2005-04-28 00:00:00,932.38,932.38,932.38,932.38,0
2005-04-29 00:00:00,909.96,909.96,909.96,909.96,0
2005-05-02 00:00:00,919.4,919.4,919.4,919.4,0
2005-05-03 00:00:00,923.14,923.14,923.14,923.14,0
2005-05-04 00:00:00,936.32,936.32,936.32,936.32,0
2005-05-05 00:00:00,949.34,949.34,949.34,949.34,0
2005-05-06 00:00:00,955.87,955.87,955.87,955.87,0
2005-05-09 00:00:00,965.9,965.9,965.9,965.9,0
2005-05-10 00:00:00,963.57,963.57,963.57,963.57,0
2005-05-11 00:00:00,959.22,959.22,959.22,959.22,0
2005-05-12 00:00:00,963.45,963.45,963.45,963.45,0
2005-05-13 00:00:00,961.8,961.8,961.8,961.8,0
2005-05-16 00:00:00,970.21,970.21,970.21,970.21,0
2005-05-17 00:00:00,958.18,958.18,958.18,958.18,0
2005-05-18 00:00:00,957.54,957.54,957.54,957.54,0
2005-05-19 00:00:00,960.07,960.07,960.07,960.07,0
2005-05-20 00:00:00,961.5,961.5,961.5,961.5,0
2005-05-23 00:00:00,970.8,970.8,970.8,970.8,0
2005-05-24 00:00:00,976.38,976.38,976.38,976.38,0
2005-05-25 00:00:00,980.59,980.59,980.59,980.59,0
2005-05-26 00:00:00,981.32,981.32,981.32,981.32,0
2005-05-27 00:00:00,986.21,986.21,986.21,986.21,0
2005-05-30 00:00:00,976.76,976.76,976.76,976.76,0
2005-05-31 00:00:00,982.72,982.72,982.72,982.72,0
2005-06-01 00:00:00,982.53,982.53,982.53,982.53,0
2005-06-02 00:00:00,972.28,972.28,972.28,972.28,0
2005-06-03 00:00:00,982.64,982.64,982.64,982.64,0
2005-06-04 00:00:00,982.94,982.94,982.94,982.94,0
2005-06-06 00:00:00,983.94,983.94,983.94,983.94,0
2005-06-07 00:00:00,989.23,989.23,989.23,989.23,0
2005-06-08 00:00:00,998.35,998.35,998.35,998.35,0
2005-06-09 00:00:00,995.97,995.97,995.97,995.97,0
2005-06-10 00:00:00,987.18,987.18,987.18,987.18,0
2005-06-13 00:00:00,988.7,988.7,988.7,988.7,0
2005-06-14 00:00:00,991.4,991.4,991.4,991.4,0
2005-06-15 00:00:00,995.93,995.93,995.93,995.93,0
2005-06-16 00:00:00,984.94,984.94,984.94,984.94,0
2005-06-17 00:00:00,983.27,983.27,983.27,983.27,0
2005-06-20 00:00:00,981.52,981.52,981.52,981.52,0
2005-06-21 00:00:00,988.07,988.07,988.07,988.07,0
2005-06-22 00:00:00,991.7,991.7,991.7,991.7,0
2005-06-23 00:00:00,999.56,999.56,999.56,999.56,0
2005-06-24 00:00:00,1003.15,1003.15,1003.15,1003.15,0
2005-06-27 00:00:00,1004.44,1004.44,1004.44,1004.44,0
2005-06-28 00:00:00,987.05,987.05,987.05,987.05,0
2005-06-29 00:00:00,994.17,994.17,994.17,994.17,0
2005-06-30 00:00:00,997.34,997.34,997.34,997.34,0
2005-07-01 00:00:00,1005.0,1005.0,1005.0,1005.0,0
2005-07-04 00:00:00,1013.87,1013.87,1013.87,1013.87,0
2005-07-05 00:00:00,1008.31,1008.31,1008.31,1008.31,0
2005-07-06 00:00:00,1020.85,1020.85,1020.85,1020.85,0
2005-07-07 00:00:00,1004.72,1004.72,1004.72,1004.72,0
2005-07-08 00:00:00,1011.84,1011.84,1011.84,1011.84,0
2005-07-11 00:00:00,1021.19,1021.19,1021.19,1021.19,0
2005-07-12 00:00:00,1030.54,1030.54,1030.54,1030.54,0
2005-07-13 00:00:00,1028.34,1028.34,1028.34,1028.34,0
2005-07-14 00:00:00,1024.47,1024.47,1024.47,1024.47,0
2005-07-15 00:00:00,1033.69,1033.69,1033.69,1033.69,0
2005-07-18 00:00:00,1039.76,1039.76,1039.76,1039.76,0
2005-07-19 00:00:00,1043.8,1043.8,1043.8,1043.8,0
2005-07-20 00:00:00,1045.06,1045.06,1045.06,1045.06,0
2005-07-21 00:00:00,1037.48,1037.48,1037.48,1037.48,0
2005-07-22 00:00:00,1056.16,1056.16,1056.16,1056.16,0
2005-07-25 00:00:00,1074.57,1074.57,1074.57,1074.57,0
2005-07-26 00:00:00,1081.41,1081.41,1081.41,1081.41,0
2005-07-27 00:00:00,1087.19,1087.19,1087.19,1087.19,0
2005-07-29 00:00:00,1088.12,1088.12,1088.12,1088.12,0
2005-08-01 00:00:00,1094.43,1094.43,1094.43,1094.43,0
2005-08-02 00:00:00,1115.43,1115.43,1115.43,1115.43,0
2005-08-03 00:00:00,1110.69,1110.69,1110.69,1110.69,0
2005-08-04 00:00:00,1113.0,1113.0,1113.0,1113.0,0
2005-08-05 00:00:00,1114.18,1114.18,1114.18,1114.18,0
2005-08-08 00:00:00,1088.69,1088.69,1088.69,1088.69,0
2005-08-09 00:00:00,1081.96,1081.96,1081.96,1081.96,0
2005-08-10 00:00:00,1104.07,1104.07,1104.07,1104.07,0
2005-08-11 00:00:00,1110.95,1110.95,1110.95,1110.95,0
2005-08-12 00:00:00,1106.57,1106.57,1106.57,1106.57,0
2005-08-16 00:00:00,1106.17,1106.17,1106.17,1106.17,0
2005-08-17 00:00:00,1114.9,1114.9,1114.9,1114.9,0
2005-08-18 00:00:00,1110.86,1110.86,1110.86,1110.86,0
2005-08-19 00:00:00,1105.65,1105.65,1105.65,1105.65,0
2005-08-22 00:00:00,1095.25,1095.25,1095.25,1095.25,0
2005-08-23 00:00:00,1078.91,1078.91,1078.91,1078.91,0
2005-08-24 00:00:00,1070.41,1070.41,1070.41,1070.41,0
2005-08-25 00:00:00,1078.8,1078.8,1078.8,1078.8,0
2005-08-26 00:00:00,1088.57,1088.57,1088.57,1088.57,0
2005-08-29 00:00:00,1076.57,1076.57,1076.57,1076.57,0
2005-08-30 00:00:00,1089.09,1089.09,1089.09,1089.09,0
2005-08-31 00:00:00,1096.75,1096.75,1096.75,1096.75,0
2005-09-01 00:00:00,1104.62,1104.62,1104.62,1104.62,0
2005-09-02 00:00:00,1114.74,1114.74,1114.74,1114.74,0
2005-09-05 00:00:00,1121.42,1121.42,1121.42,1121.42,0
2005-09-06 00:00:00,1126.39,1126.39,1126.39,1126.39,0
2005-09-08 00:00:00,1137.9,1137.9,1137.9,1137.9,0
2005-09-09 00:00:00,1142.21,1142.21,1142.21,1142.21,0
2005-09-12 00:00:00,1157.41,1157.41,1157.41,1157.41,0
2005-09-13 00:00:00,1165.62,1165.62,1165.62,1165.62,0
2005-09-14 00:00:00,1159.06,1159.06,1159.06,1159.06,0
2005-09-15 00:00:00,1169.38,1169.38,1169.38,1169.38,0
2005-09-16 00:00:00,1180.07,1180.07,1180.07,1180.07,0
2005-09-19 00:00:00,1194.19,1194.19,1194.19,1194.19,0
2005-09-20 00:00:00,1194.67,1194.67,1194.67,1194.67,0
2005-09-21 00:00:00,1191.19,1191.19,1191.19,1191.19,0
2005-09-22 00:00:00,1150.6,1150.6,1150.6,1150.6,0
2005-09-23 00:00:00,1152.23,1152.23,1152.23,1152.23,0
2005-09-26 00:00:00,1183.69,1183.69,1183.69,1183.69,0
2005-09-27 00:00:00,1194.24,1194.24,1194.24,1194.24,0
2005-09-28 00:00:00,1207.47,1207.47,1207.47,1207.47,0
2005-09-29 00:00:00,1201.62,1201.62,1201.62,1201.62,0
2005-09-30 00:00:00,1206.45,1206.45,1206.45,1206.45,0
2005-10-03 00:00:00,1227.44,1227.44,1227.44,1227.44,0
2005-10-04 00:00:00,1244.77,1244.77,1244.77,1244.77,0
2005-10-05 00:00:00,1238.86,1238.86,1238.86,1238.86,0
2005-10-06 00:00:00,1218.42,1218.42,1218.42,1218.42,0
2005-10-07 00:00:00,1205.4,1205.4,1205.4,1205.4,0
2005-10-10 00:00:00,1188.0,1188.0,1188.0,1188.0,0
2005-10-11 00:00:00,1204.82,1204.82,1204.82,1204.82,0
2005-10-13 00:00:00,1178.6,1178.6,1178.6,1178.6,0
2005-10-14 00:00:00,1157.22,1157.22,1157.22,1157.22,0
2005-10-17 00:00:00,1152.65,1152.65,1152.65,1152.65,0
2005-10-18 00:00:00,1147.06,1147.06,1147.06,1147.06,0
2005-10-19 00:00:00,1115.93,1115.93,1115.93,1115.93,0
2005-10-20 00:00:00,1099.69,1099.69,1099.69,1099.69,0
2005-10-21 00:00:00,1118.64,1118.64,1118.64,1118.64,0
2005-10-24 00:00:00,1106.19,1106.19,1106.19,1106.19,0
2005-10-25 00:00:00,1118.6,1118.6,1118.6,1118.6,0
2005-10-26 00:00:00,1110.59,1110.59,1110.59,1110.59,0
2005-10-27 00:00:00,1080.94,1080.94,1080.94,1080.94,0
2005-10-28 00:00:00,1053.25,1053.25,1053.25,1053.25,0
2005-10-31 00:00:00,1068.58,1068.58,1068.58,1068.58,0
2005-11-01 00:00:00,1081.49,1081.49,1081.49,1081.49,0
2005-11-02 00:00:00,1089.68,1089.68,1089.68,1089.68,0
2005-11-07 00:00:00,1109.68,1109.68,1109.68,1109.68,0
2005-11-08 00:00:00,1125.39,1125.39,1125.39,1125.39,0
2005-11-09 00:00:00,1124.11,1124.11,1124.11,1124.11,0
2005-11-10 00:00:00,1136.82,1136.82,1136.82,1136.82,0
2005-11-11 00:00:00,1161.53,1161.53,1161.53,1161.53,0
2005-11-14 00:00:00,1164.25,1164.25,1164.25,1164.25,0
2005-11-16 00:00:00,1173.36,1173.36,1173.36,1173.36,0
2005-11-17 00:00:00,1181.66,1181.66,1181.66,1181.66,0
2005-11-18 00:00:00,1181.18,1181.18,1181.18,1181.18,0
2005-11-21 00:00:00,1168.03,1168.03,1168.03,1168.03,0
2005-11-22 00:00:00,1150.18,1150.18,1150.18,1150.18,0
2005-11-23 00:00:00,1156.67,1156.67,1156.67,1156.67,0
2005-11-24 00:00:00,1165.69,1165.69,1165.69,1165.69,0
2005-11-25 00:00:00,1178.09,1178.09,1178.09,1178.09,0
2005-11-26 00:00:00,1189.44,1189.44,1189.44,1189.44,0
2005-11-28 00:00:00,1200.15,1200.15,1200.15,1200.15,0
2005-11-29 00:00:00,1194.66,1194.66,1194.66,1194.66,0
2005-11-30 00:00:00,1183.6,1183.6,1183.6,1183.6,0
2005-12-01 00:00:00,1203.19,1203.19,1203.19,1203.19,0
2005-12-02 00:00:00,1198.63,1198.63,1198.63,1198.63,0
2005-12-05 00:00:00,1178.49,1178.49,1178.49,1178.49,0
2005-12-06 00:00:00,1168.36,1168.36,1168.36,1168.36,0
2005-12-07 00:00:00,1173.94,1173.94,1173.94,1173.94,0
2005-12-08 00:00:00,1178.91,1178.91,1178.91,1178.91,0
2005-12-09 00:00:00,1190.87,1190.87,1190.87,1190.87,0
2005-12-12 00:00:00,1207.78,1207.78,1207.78,1207.78,0
2005-12-13 00:00:00,1224.94,1224.94,1224.94,1224.94,0
2005-12-14 00:00:00,1236.76,1236.76,1236.76,1236.76,0
2005-12-15 00:00:00,1221.64,1221.64,1221.64,1221.64,0
2005-12-16 00:00:00,1240.33,1240.33,1240.33,1240.33,0
2005-12-19 00:00:00,1260.96,1260.96,1260.96,1260.96,0
2005-12-20 00:00:00,1259.3,1259.3,1259.3,1259.3,0
2005-12-21 00:00:00,1250.57,1250.57,1250.57,1250.57,0
2005-12-22 00:00:00,1252.54,1252.54,1252.54,1252.54,0
2005-12-23 00:00:00,1240.58,1240.58,1240.58,1240.58,0
2005-12-26 00:00:00,1209.73,1209.73,1209.73,1209.73,0
2005-12-27 00:00:00,1239.71,1239.71,1239.71,1239.71,0
2005-12-28 00:00:00,1240.84,1240.84,1240.84,1240.84,0
2005-12-29 00:00:00,1243.88,1243.88,1243.88,1243.88,0
2005-12-30 00:00:00,1262.39,1262.39,1262.39,1262.39,0
2006-01-02 00:00:00,1265.23,1265.23,1265.23,1265.23,0
2006-01-03 00:00:00,1280.47,1280.47,1280.47,1280.47,0
2006-01-04 00:00:00,1300.18,1300.18,1300.18,1300.18,0
2006-01-05 00:00:00,1315.33,1315.33,1315.33,1315.33,0
2006-01-06 00:00:00,1322.92,1322.92,1322.92,1322.92,0
2006-01-09 00:00:00,1324.41,1324.41,1324.41,1324.41,0
2006-01-10 00:00:00,1308.81,1308.81,1308.81,1308.81,0
2006-01-12 00:00:00,1301.75,1301.75,1301.75,1301.75,0
2006-01-13 00:00:00,1295.3,1295.3,1295.3,1295.3,0
2006-01-16 00:00:00,1280.69,1280.69,1280.69,1280.69,0
2006-01-17 00:00:00,1261.98,1261.98,1261.98,1261.98,0
2006-01-18 00:00:00,1253.01,1253.01,1253.01,1253.01,0
2006-01-19 00:00:00,1272.12,1272.12,1272.12,1272.12,0
2006-01-20 00:00:00,1281.32,1281.32,1281.32,1281.32,0
2006-01-23 00:00:00,1274.3,1274.3,1274.3,1274.3,0
2006-01-24 00:00:00,1277.72,1277.72,1277.72,1277.72,0
2006-01-25 00:00:00,1263.14,1263.14,1263.14,1263.14,0
2006-01-27 00:00:00,1300.72,1300.72,1300.72,1300.72,0
2006-01-30 00:00:00,1289.88,1289.88,1289.88,1289.88,0
2006-01-31 00:00:00,1303.48,1303.48,1303.48,1303.48,0
2006-02-01 00:00:00,1280.1,1280.1,1280.1,1280.1,0
2006-02-02 00:00:00,1287.31,1287.31,1287.31,1287.31,0
2006-02-03 00:00:00,1284.46,1284.46,1284.46,1284.46,0
2006-02-06 00:00:00,1290.65,1290.65,1290.65,1290.65,0
2006-02-07 00:00:00,1304.83,1304.83,1304.83,1304.83,0
2006-02-08 00:00:00,1298.5,1298.5,1298.5,1298.5,0
2006-02-10 00:00:00,1314.4,1314.4,1314.4,1314.4,0
2006-02-13 00:00:00,1328.7,1328.7,1328.7,1328.7,0
2006-02-14 00:00:00,1313.63,1313.63,1313.63,1313.63,0
2006-02-15 00:00:00,1317.74,1317.74,1317.74,1317.74,0
2006-02-16 00:00:00,1327.84,1327.84,1327.84,1327.84,0
2006-02-17 00:00:00,1295.56,1295.56,1295.56,1295.56,0
2006-02-20 00:00:00,1294.0,1294.0,1294.0,1294.0,0
2006-02-21 00:00:00,1303.17,1303.17,1303.17,1303.17,0
2006-02-22 00:00:00,1308.66,1308.66,1308.66,1308.66,0
2006-02-23 00:00:00,1302.88,1302.88,1302.88,1302.88,0
2006-02-24 00:00:00,1322.33,1322.33,1322.33,1322.33,0
2006-02-27 00:00:00,1329.0,1329.0,1329.0,1329.0,0
2006-02-28 00:00:00,1310.65,1310.65,1310.65,1310.65,0
2006-03-01 00:00:00,1318.58,1318.58,1318.58,1318.58,0
2006-03-02 00:00:00,1335.61,1335.61,1335.61,1335.61,0
2006-03-03 00:00:00,1331.77,1331.77,1331.77,1331.77,0
2006-03-06 00:00:00,1343.36,1343.36,1343.36,1343.36,0
2006-03-07 00:00:00,1347.38,1347.38,1347.38,1347.38,0
2006-03-08 00:00:00,1320.26,1320.26,1320.26,1320.26,0
2006-03-09 00:00:00,1323.32,1323.32,1323.32,1323.32,0
2006-03-10 00:00:00,1338.32,1338.32,1338.32,1338.32,0
2006-03-13 00:00:00,1345.83,1345.83,1345.83,1345.83,0
2006-03-14 00:00:00,1337.46,1337.46,1337.46,1337.46,0
2006-03-16 00:00:00,1342.28,1342.28,1342.28,1342.28,0
2006-03-17 00:00:00,1343.98,1343.98,1343.98,1343.98,0
2006-03-20 00:00:00,1352.92,1352.92,1352.92,1352.92,0
2006-03-21 00:00:00,1349.18,1349.18,1349.18,1349.18,0
2006-03-22 00:00:00,1343.28,1343.28,1343.28,1343.28,0
2006-03-23 00:00:00,1354.5,1354.5,1354.5,1354.5,0
2006-03-24 00:00:00,1366.96,1366.96,1366.96,1366.96,0
2006-03-27 00:00:00,1389.49,1389.49,1389.49,1389.49,0
2006-03-28 00:00:00,1379.85,1379.85,1379.85,1379.85,0
2006-03-29 00:00:00,1383.97,1383.97,1383.97,1383.97,0
2006-03-30 00:00:00,1383.54,1383.54,1383.54,1383.54,0
2006-03-31 00:00:00,1396.48,1396.48,1396.48,1396.48,0
2006-04-03 00:00:00,1418.81,1418.81,1418.81,1418.81,0
2006-04-04 00:00:00,1442.16,1442.16,1442.16,1442.16,0
2006-04-05 00:00:00,1454.16,1454.16,1454.16,1454.16,0
2006-04-07 00:00:00,1420.88,1420.88,1420.88,1420.88,0
2006-04-10 00:00:00,1438.51,1438.51,1438.51,1438.51,0
2006-04-12 00:00:00,1409.7,1409.7,1409.7,1409.7,0
2006-04-13 00:00:00,1392.14,1392.14,1392.14,1392.14,0
2006-04-17 00:00:00,1417.62,1417.62,1417.62,1417.62,0
2006-04-18 00:00:00,1427.21,1427.21,1427.21,1427.21,0
2006-04-19 00:00:00,1422.05,1422.05,1422.05,1422.05,0
2006-04-20 00:00:00,1436.17,1436.17,1436.17,1436.17,0
2006-04-21 00:00:00,1437.59,1437.59,1437.59,1437.59,0
2006-04-24 00:00:00,1435.91,1435.91,1435.91,1435.91,0
2006-04-25 00:00:00,1402.25,1402.25,1402.25,1402.25,0
2006-04-26 00:00:00,1433.15,1433.15,1433.15,1433.15,0
2006-04-27 00:00:00,1404.86,1404.86,1404.86,1404.86,0
2006-04-28 00:00:00,1401.69,1401.69,1401.69,1401.69,0
2006-04-29 00:00:00,1427.27,1427.27,1427.27,1427.27,0
2006-05-02 00:00:00,1467.48,1467.48,1467.48,1467.48,0
2006-05-03 00:00:00,1484.92,1484.92,1484.92,1484.92,0
2006-05-04 00:00:00,1497.35,1497.35,1497.35,1497.35,0
2006-05-05 00:00:00,1507.47,1507.47,1507.47,1507.47,0
2006-05-08 00:00:00,1512.99,1512.99,1512.99,1512.99,0
2006-05-09 00:00:00,1524.45,1524.45,1524.45,1524.45,0
2006-05-10 00:00:00,1554.0,1554.0,1554.0,1554.0,0
2006-05-11 00:00:00,1524.88,1524.88,1524.88,1524.88,0
2006-05-12 00:00:00,1492.41,1492.41,1492.41,1492.41,0
2006-05-15 00:00:00,1417.09,1417.09,1417.09,1417.09,0
2006-05-16 00:00:00,1409.01,1409.01,1409.01,1409.01,0
2006-05-17 00:00:00,1460.86,1460.86,1460.86,1460.86,0
2006-05-18 00:00:00,1349.54,1349.54,1349.54,1349.54,0
2006-05-19 00:00:00,1291.41,1291.41,1291.41,1291.41,0
2006-05-22 00:00:00,1207.98,1207.98,1207.98,1207.98,0
2006-05-23 00:00:00,1268.03,1268.03,1268.03,1268.03,0
2006-05-24 00:00:00,1249.11,1249.11,1249.11,1249.11,0
2006-05-25 00:00:00,1262.36,1262.36,1262.36,1262.36,0
2006-05-26 00:00:00,1298.33,1298.33,1298.33,1298.33,0
2006-05-29 00:00:00,1300.03,1300.03,1300.03,1300.03,0
2006-05-30 00:00:00,1281.9,1281.9,1281.9,1281.9,0
2006-05-31 00:00:00,1238.2,1238.2,1238.2,1238.2,0
2006-06-01 00:00:00,1194.09,1194.09,1194.09,1194.09,0
2006-06-02 00:00:00,1224.77,1224.77,1224.77,1224.77,0
2006-06-05 00:00:00,1189.86,1189.86,1189.86,1189.86,0
2006-06-06 00:00:00,1162.65,1162.65,1162.65,1162.65,0
2006-06-07 00:00:00,1104.77,1104.77,1104.77,1104.77,0
2006-06-08 00:00:00,1031.01,1031.01,1031.01,1031.01,0
2006-06-09 00:00:00,1099.2,1099.2,1099.2,1099.2,0
2006-06-12 00:00:00,1057.46,1057.46,1057.46,1057.46,0
2006-06-13 00:00:00,1004.38,1004.38,1004.38,1004.38,0
2006-06-14 00:00:00,1001.1,1001.1,1001.1,1001.1,0
2006-06-15 00:00:00,1063.08,1063.08,1063.08,1063.08,0
2006-06-16 00:00:00,1086.59,1086.59,1086.59,1086.59,0
2006-06-19 00:00:00,1100.81,1100.81,1100.81,1100.81,0
2006-06-20 00:00:00,1089.06,1089.06,1089.06,1089.06,0
2006-06-21 00:00:00,1102.67,1102.67,1102.67,1102.67,0
2006-06-22 00:00:00,1136.93,1136.93,1136.93,1136.93,0
2006-06-23 00:00:00,1145.29,1145.29,1145.29,1145.29,0
2006-06-25 00:00:00,1151.13,1151.13,1151.13,1151.13,0
2006-06-26 00:00:00,1102.24,1102.24,1102.24,1102.24,0
2006-06-27 00:00:00,1101.55,1101.55,1101.55,1101.55,0
2006-06-28 00:00:00,1093.9,1093.9,1093.9,1093.9,0
2006-06-29 00:00:00,1086.53,1086.53,1086.53,1086.53,0
2006-06-30 00:00:00,1124.17,1124.17,1124.17,1124.17,0
2006-07-03 00:00:00,1125.93,1125.93,1125.93,1125.93,0
2006-07-04 00:00:00,1131.04,1131.04,1131.04,1131.04,0
2006-07-05 00:00:00,1147.62,1147.62,1147.62,1147.62,0
2006-07-06 00:00:00,1133.57,1133.57,1133.57,1133.57,0
2006-07-07 00:00:00,1096.46,1096.46,1096.46,1096.46,0
2006-07-10 00:00:00,1111.71,1111.71,1111.71,1111.71,0
2006-07-11 00:00:00,1110.03,1110.03,1110.03,1110.03,0
2006-07-12 00:00:00,1111.09,1111.09,1111.09,1111.09,0
2006-07-13 00:00:00,1104.46,1104.46,1104.46,1104.46,0
2006-07-14 00:00:00,1085.03,1085.03,1085.03,1085.03,0
2006-07-17 00:00:00,1046.22,1046.22,1046.22,1046.22,0
2006-07-18 00:00:00,1026.09,1026.09,1026.09,1026.09,0
2006-07-19 00:00:00,1009.58,1009.58,1009.58,1009.58,0
2006-07-20 00:00:00,1047.53,1047.53,1047.53,1047.53,0
2006-07-21 00:00:00,1029.14,1029.14,1029.14,1029.14,0
2006-07-24 00:00:00,1048.79,1048.79,1048.79,1048.79,0
2006-07-25 00:00:00,1081.26,1081.26,1081.26,1081.26,0
2006-07-26 00:00:00,1103.8,1103.8,1103.8,1103.8,0
2006-07-27 00:00:00,1115.05,1115.05,1115.05,1115.05,0
2006-07-28 00:00:00,1119.37,1119.37,1119.37,1119.37,0
2006-07-31 00:00:00,1125.85,1125.85,1125.85,1125.85,0
2006-08-01 00:00:00,1120.72,1120.72,1120.72,1120.72,0
2006-08-02 00:00:00,1136.1,1136.1,1136.1,1136.1,0
2006-08-03 00:00:00,1142.07,1142.07,1142.07,1142.07,0
2006-08-04 00:00:00,1128.26,1128.26,1128.26,1128.26,0
2006-08-07 00:00:00,1129.78,1129.78,1129.78,1129.78,0
2006-08-08 00:00:00,1153.19,1153.19,1153.19,1153.19,0
2006-08-09 00:00:00,1174.09,1174.09,1174.09,1174.09,0
2006-08-10 00:00:00,1184.7,1184.7,1184.7,1184.7,0
2006-08-11 00:00:00,1189.22,1189.22,1189.22,1189.22,0
2006-08-14 00:00:00,1211.22,1211.22,1211.22,1211.22,0
2006-08-16 00:00:00,1240.48,1240.48,1240.48,1240.48,0
2006-08-17 00:00:00,1228.11,1228.11,1228.11,1228.11,0
2006-08-18 00:00:00,1231.24,1231.24,1231.24,1231.24,0
2006-08-21 00:00:00,1250.63,1250.63,1250.63,1250.63,0
2006-08-22 00:00:00,1241.31,1241.31,1241.31,1241.31,0
2006-08-23 00:00:00,1223.78,1223.78,1223.78,1223.78,0
2006-08-24 00:00:00,1243.45,1243.45,1243.45,1243.45,0
2006-08-25 00:00:00,1256.99,1256.99,1256.99,1256.99,0
2006-08-28 00:00:00,1270.54,1270.54,1270.54,1270.54,0
2006-08-29 00:00:00,1276.88,1276.88,1276.88,1276.88,0
2006-08-30 00:00:00,1293.82,1293.82,1293.82,1293.82,0
2006-08-31 00:00:00,1278.76,1278.76,1278.76,1278.76,0
2006-09-01 00:00:00,1293.39,1293.39,1293.39,1293.39,0
2006-09-04 00:00:00,1313.74,1313.74,1313.74,1313.74,0
2006-09-05 00:00:00,1321.88,1321.88,1321.88,1321.88,0
2006-09-06 00:00:00,1330.25,1330.25,1330.25,1330.25,0
2006-09-07 00:00:00,1314.42,1314.42,1314.42,1314.42,0
2006-09-08 00:00:00,1331.42,1331.42,1331.42,1331.42,0
2006-09-11 00:00:00,1280.84,1280.84,1280.84,1280.84,0
2006-09-12 00:00:00,1301.31,1301.31,1301.31,1301.31,0
2006-09-13 00:00:00,1342.64,1342.64,1342.64,1342.64,0
2006-09-14 00:00:00,1355.34,1355.34,1355.34,1355.34,0
2006-09-15 00:00:00,1357.35,1357.35,1357.35,1357.35,0
2006-09-18 00:00:00,1362.83,1362.83,1362.83,1362.83,0
2006-09-19 00:00:00,1336.59,1336.59,1336.59,1336.59,0
2006-09-20 00:00:00,1348.4,1348.4,1348.4,1348.4,0
2006-09-21 00:00:00,1366.12,1366.12,1366.12,1366.12,0
2006-09-22 00:00:00,1359.82,1359.82,1359.82,1359.82,0
2006-09-25 00:00:00,1362.05,1362.05,1362.05,1362.05,0
2006-09-26 00:00:00,1374.65,1374.65,1374.65,1374.65,0
2006-09-27 00:00:00,1388.06,1388.06,1388.06,1388.06,0
2006-09-28 00:00:00,1415.38,1415.38,1415.38,1415.38,0
2006-09-29 00:00:00,1414.11,1414.11,1414.11,1414.11,0
2006-10-03 00:00:00,1413.12,1413.12,1413.12,1413.12,0
2006-10-04 00:00:00,1397.57,1397.57,1397.57,1397.57,0
2006-10-05 00:00:00,1427.78,1427.78,1427.78,1427.78,0
2006-10-06 00:00:00,1436.22,1436.22,1436.22,1436.22,0
2006-10-09 00:00:00,1433.73,1433.73,1433.73,1433.73,0
2006-10-10 00:00:00,1426.45,1426.45,1426.45,1426.45,0
2006-10-11 00:00:00,1405.64,1405.64,1405.64,1405.64,0
2006-10-12 00:00:00,1432.14,1432.14,1432.14,1432.14,0
2006-10-13 00:00:00,1429.46,1429.46,1429.46,1429.46,0
2006-10-16 00:00:00,1425.77,1425.77,1425.77,1425.77,0
2006-10-17 00:00:00,1414.24,1414.24,1414.24,1414.24,0
2006-10-18 00:00:00,1406.21,1406.21,1406.21,1406.21,0
2006-10-19 00:00:00,1387.19,1387.19,1387.19,1387.19,0
2006-10-20 00:00:00,1386.06,1386.06,1386.06,1386.06,0
2006-10-21 00:00:00,1391.09,1391.09,1391.09,1391.09,0
2006-10-23 00:00:00,1381.96,1381.96,1381.96,1381.96,0
2006-10-26 00:00:00,1395.44,1395.44,1395.44,1395.44,0
2006-10-27 00:00:00,1426.81,1426.81,1426.81,1426.81,0
2006-10-30 00:00:00,1428.97,1428.97,1428.97,1428.97,0
2006-10-31 00:00:00,1421.24,1421.24,1421.24,1421.24,0
2006-11-01 00:00:00,1430.08,1430.08,1430.08,1430.08,0
2006-11-02 00:00:00,1435.45,1435.45,1435.45,1435.45,0
2006-11-03 00:00:00,1426.5,1426.5,1426.5,1426.5,0
2006-11-06 00:00:00,1412.71,1412.71,1412.71,1412.71,0
2006-11-07 00:00:00,1399.42,1399.42,1399.42,1399.42,0
2006-11-08 00:00:00,1387.46,1387.46,1387.46,1387.46,0
2006-11-09 00:00:00,1394.98,1394.98,1394.98,1394.98,0
2006-11-10 00:00:00,1397.2,1397.2,1397.2,1397.2,0
2006-11-13 00:00:00,1399.6,1399.6,1399.6,1399.6,0
2006-11-14 00:00:00,1400.66,1400.66,1400.66,1400.66,0
2006-11-15 00:00:00,1430.45,1430.45,1430.45,1430.45,0
2006-11-16 00:00:00,1433.7,1433.7,1433.7,1433.7,0
2006-11-17 00:00:00,1427.32,1427.32,1427.32,1427.32,0
2006-11-20 00:00:00,1400.95,1400.95,1400.95,1400.95,0
2006-11-21 00:00:00,1419.59,1419.59,1419.59,1419.59,0
2006-11-22 00:00:00,1419.09,1419.09,1419.09,1419.09,0
2006-11-23 00:00:00,1431.05,1431.05,1431.05,1431.05,0
2006-11-24 00:00:00,1439.63,1439.63,1439.63,1439.63,0
2006-11-27 00:00:00,1435.88,1435.88,1435.88,1435.88,0
2006-11-28 00:00:00,1416.21,1416.21,1416.21,1416.21,0
2006-11-29 00:00:00,1413.67,1413.67,1413.67,1413.67,0
2006-11-30 00:00:00,1400.16,1400.16,1400.16,1400.16,0
2006-12-01 00:00:00,1426.89,1426.89,1426.89,1426.89,0
2006-12-04 00:00:00,1434.06,1434.06,1434.06,1434.06,0
2006-12-05 00:00:00,1435.8,1435.8,1435.8,1435.8,0
2006-12-06 00:00:00,1423.93,1423.93,1423.93,1423.93,0
2006-12-07 00:00:00,1423.34,1423.34,1423.34,1423.34,0
2006-12-08 00:00:00,1412.43,1412.43,1412.43,1412.43,0
2006-12-11 00:00:00,1337.88,1337.88,1337.88,1337.88,0
2006-12-12 00:00:00,1263.93,1263.93,1263.93,1263.93,0
2006-12-13 00:00:00,1297.19,1297.19,1297.19,1297.19,0
2006-12-14 00:00:00,1324.22,1324.22,1324.22,1324.22,0
2006-12-15 00:00:00,1347.73,1347.73,1347.73,1347.73,0
2006-12-18 00:00:00,1353.57,1353.57,1353.57,1353.57,0
2006-12-19 00:00:00,1326.68,1326.68,1326.68,1326.68,0
2006-12-20 00:00:00,1326.09,1326.09,1326.09,1326.09,0
2006-12-21 00:00:00,1323.88,1323.88,1323.88,1323.88,0
2006-12-22 00:00:00,1340.18,1340.18,1340.18,1340.18,0
2006-12-26 00:00:00,1349.54,1349.54,1349.54,1349.54,0
2006-12-27 00:00:00,1374.78,1374.78,1374.78,1374.78,0
2006-12-28 00:00:00,1374.84,1374.84,1374.84,1374.84,0
2006-12-29 00:00:00,1374.4,1374.4,1374.4,1374.4,0
2007-01-02 00:00:00,1379.7,1379.7,1379.7,1379.7,0
2007-01-03 00:00:00,1391.57,1391.57,1391.57,1391.57,0
2007-01-04 00:00:00,1393.96,1393.96,1393.96,1393.96,0
2007-01-05 00:00:00,1398.71,1398.71,1398.71,1398.71,0
2007-01-08 00:00:00,1397.22,1397.22,1397.22,1397.22,0
2007-01-09 00:00:00,1371.66,1371.66,1371.66,1371.66,0
2007-01-10 00:00:00,1353.06,1353.06,1353.06,1353.06,0
2007-01-11 00:00:00,1370.91,1370.91,1370.91,1370.91,0
2007-01-12 00:00:00,1417.84,1417.84,1417.84,1417.84,0
2007-01-15 00:00:00,1415.91,1415.91,1415.91,1415.91,0
2007-01-16 00:00:00,1409.5,1409.5,1409.5,1409.5,0
2007-01-17 00:00:00,1426.4,1426.4,1426.4,1426.4,0
2007-01-18 00:00:00,1436.99,1436.99,1436.99,1436.99,0
2007-01-19 00:00:00,1430.94,1430.94,1430.94,1430.94,0
2007-01-22 00:00:00,1423.85,1423.85,1423.85,1423.85,0
2007-01-23 00:00:00,1404.67,1404.67,1404.67,1404.67,0
2007-01-24 00:00:00,1411.93,1411.93,1411.93,1411.93,0
2007-01-25 00:00:00,1429.98,1429.98,1429.98,1429.98,0
2007-01-29 00:00:00,1428.86,1428.86,1428.86,1428.86,0
2007-01-31 00:00:00,1411.49,1411.49,1411.49,1411.49,0
2007-02-01 00:00:00,1427.36,1427.36,1427.36,1427.36,0
2007-02-02 00:00:00,1419.94,1419.94,1419.94,1419.94,0
2007-02-05 00:00:00,1426.43,1426.43,1426.43,1426.43,0
2007-02-06 00:00:00,1420.91,1420.91,1420.91,1420.91,0
2007-02-07 00:00:00,1413.3,1413.3,1413.3,1413.3,0
2007-02-08 00:00:00,1423.89,1423.89,1423.89,1423.89,0
2007-02-09 00:00:00,1397.6,1397.6,1397.6,1397.6,0
2007-02-12 00:00:00,1343.63,1343.63,1343.63,1343.63,0
2007-02-13 00:00:00,1339.85,1339.85,1339.85,1339.85,0
2007-02-14 00:00:00,1321.46,1321.46,1321.46,1321.46,0
2007-02-15 00:00:00,1348.42,1348.42,1348.42,1348.42,0
2007-02-19 00:00:00,1345.8,1345.8,1345.8,1345.8,0
2007-02-20 00:00:00,1329.4,1329.4,1329.4,1329.4,0
2007-02-21 00:00:00,1321.9,1321.9,1321.9,1321.9,0
2007-02-22 00:00:00,1290.47,1290.47,1290.47,1290.47,0
2007-02-23 00:00:00,1268.07,1268.07,1268.07,1268.07,0
2007-02-26 00:00:00,1282.41,1282.41,1282.41,1282.41,0
2007-02-27 00:00:00,1277.67,1277.67,1277.67,1277.67,0
2007-02-28 00:00:00,1245.23,1245.23,1245.23,1245.23,0
2007-03-01 00:00:00,1253.36,1253.36,1253.36,1253.36,0
2007-03-02 00:00:00,1229.46,1229.46,1229.46,1229.46,0
2007-03-05 00:00:00,1166.23,1166.23,1166.23,1166.23,0
2007-03-06 00:00:00,1178.71,1178.71,1178.71,1178.71,0
2007-03-07 00:00:00,1158.13,1158.13,1158.13,1158.13,0
2007-03-08 00:00:00,1197.97,1197.97,1197.97,1197.97,0
2007-03-09 00:00:00,1188.56,1188.56,1188.56,1188.56,0
2007-03-12 00:00:00,1192.54,1192.54,1192.54,1192.54,0
2007-03-13 00:00:00,1207.39,1207.39,1207.39,1207.39,0
2007-03-14 00:00:00,1173.64,1173.64,1173.64,1173.64,0
2007-03-15 00:00:00,1173.01,1173.01,1173.01,1173.01,0
2007-03-16 00:00:00,1166.71,1166.71,1166.71,1166.71,0
2007-03-19 00:00:00,1185.73,1185.73,1185.73,1185.73,0
2007-03-20 00:00:00,1213.3,1213.3,1213.3,1213.3,0
2007-03-21 00:00:00,1233.41,1233.41,1233.41,1233.41,0
2007-03-22 00:00:00,1272.65,1272.65,1272.65,1272.65,0
2007-03-23 00:00:00,1256.61,1256.61,1256.61,1256.61,0
2007-03-26 00:00:00,1250.85,1250.85,1250.85,1250.85,0
2007-03-28 00:00:00,1232.01,1232.01,1232.01,1232.01,0
2007-03-29 00:00:00,1231.95,1231.95,1231.95,1231.95,0
2007-03-30 00:00:00,1240.11,1240.11,1240.11,1240.11,0
2007-04-02 00:00:00,1178.15,1178.15,1178.15,1178.15,0
2007-04-03 00:00:00,1189.72,1189.72,1189.72,1189.72,0
2007-04-04 00:00:00,1194.53,1194.53,1194.53,1194.53,0
2007-04-05 00:00:00,1218.59,1218.59,1218.59,1218.59,0
2007-04-09 00:00:00,1250.26,1250.26,1250.26,1250.26,0
2007-04-10 00:00:00,1257.42,1257.42,1257.42,1257.42,0
2007-04-11 00:00:00,1257.92,1257.92,1257.92,1257.92,0
2007-04-12 00:00:00,1243.21,1243.21,1243.21,1243.21,0
2007-04-13 00:00:00,1266.91,1266.91,1266.91,1266.91,0
2007-04-16 00:00:00,1293.65,1293.65,1293.65,1293.65,0
2007-04-17 00:00:00,1308.28,1308.28,1308.28,1308.28,0
2007-04-18 00:00:00,1314.19,1314.19,1314.19,1314.19,0
2007-04-19 00:00:00,1312.25,1312.25,1312.25,1312.25,0
2007-04-20 00:00:00,1327.23,1327.23,1327.23,1327.23,0
2007-04-23 00:00:00,1321.03,1321.03,1321.03,1321.03,0
2007-04-24 00:00:00,1363.87,1363.87,1363.87,1363.87,0
2007-04-25 00:00:00,1383.63,1383.63,1383.63,1383.63,0
2007-04-26 00:00:00,1396.68,1396.68,1396.68,1396.68,0
2007-04-27 00:00:00,1376.22,1376.22,1376.22,1376.22,0
2007-04-30 00:00:00,1373.65,1373.65,1373.65,1373.65,0
2007-05-03 00:00:00,1411.24,1411.24,1411.24,1411.24,0
2007-05-04 00:00:00,1408.67,1408.67,1408.67,1408.67,0
2007-05-07 00:00:00,1401.4,1401.4,1401.4,1401.4,0
2007-05-08 00:00:00,1383.42,1383.42,1383.42,1383.42,0
2007-05-09 00:00:00,1403.78,1403.78,1403.78,1403.78,0
2007-05-10 00:00:00,1406.09,1406.09,1406.09,1406.09,0
2007-05-11 00:00:00,1409.57,1409.57,1409.57,1409.57,0
2007-05-14 00:00:00,1452.55,1452.55,1452.55,1452.55,0
2007-05-15 00:00:00,1468.64,1468.64,1468.64,1468.64,0
2007-05-16 00:00:00,1485.37,1485.37,1485.37,1485.37,0
2007-05-17 00:00:00,1508.61,1508.61,1508.61,1508.61,0
2007-05-18 00:00:00,1499.24,1499.24,1499.24,1499.24,0
2007-05-21 00:00:00,1540.33,1540.33,1540.33,1540.33,0
2007-05-22 00:00:00,1533.05,1533.05,1533.05,1533.05,0
2007-05-23 00:00:00,1518.79,1518.79,1518.79,1518.79,0
2007-05-24 00:00:00,1486.73,1486.73,1486.73,1486.73,0
2007-05-25 00:00:00,1482.15,1482.15,1482.15,1482.15,0
2007-05-28 00:00:00,1499.03,1499.03,1499.03,1499.03,0
2007-05-29 00:00:00,1500.36,1500.36,1500.36,1500.36,0
2007-05-30 00:00:00,1487.5,1487.5,1487.5,1487.5,0
2007-05-31 00:00:00,1489.92,1489.92,1489.92,1489.92,0
2007-06-01 00:00:00,1508.53,1508.53,1508.53,1508.53,0
2007-06-04 00:00:00,1503.14,1503.14,1503.14,1503.14,0
2007-06-05 00:00:00,1514.65,1514.65,1514.65,1514.65,0
2007-06-06 00:00:00,1465.25,1465.25,1465.25,1465.25,0
2007-06-07 00:00:00,1446.69,1446.69,1446.69,1446.69,0
2007-06-08 00:00:00,1427.52,1427.52,1427.52,1427.52,0
2007-06-11 00:00:00,1427.46,1427.46,1427.46,1427.46,0
2007-06-12 00:00:00,1414.83,1414.83,1414.83,1414.83,0
2007-06-13 00:00:00,1398.58,1398.58,1398.58,1398.58,0
2007-06-14 00:00:00,1423.9,1423.9,1423.9,1423.9,0
2007-06-15 00:00:00,1426.06,1426.06,1426.06,1426.06,0
2007-06-18 00:00:00,1415.93,1415.93,1415.93,1415.93,0
2007-06-19 00:00:00,1449.93,1449.93,1449.93,1449.93,0
2007-06-20 00:00:00,1477.13,1477.13,1477.13,1477.13,0
2007-06-21 00:00:00,1488.23,1488.23,1488.23,1488.23,0
2007-06-22 00:00:00,1485.2,1485.2,1485.2,1485.2,0
2007-06-25 00:00:00,1488.09,1488.09,1488.09,1488.09,0
2007-06-26 00:00:00,1483.85,1483.85,1483.85,1483.85,0
2007-06-27 00:00:00,1475.94,1475.94,1475.94,1475.94,0
2007-06-28 00:00:00,1476.77,1476.77,1476.77,1476.77,0
2007-06-29 00:00:00,1513.79,1513.79,1513.79,1513.79,0
2007-07-02 00:00:00,1515.24,1515.24,1515.24,1515.24,0
2007-07-03 00:00:00,1528.51,1528.51,1528.51,1528.51,0
2007-07-04 00:00:00,1524.86,1524.86,1524.86,1524.86,0
2007-07-05 00:00:00,1516.04,1516.04,1516.04,1516.04,0
2007-07-06 00:00:00,1513.2,1513.2,1513.2,1513.2,0
2007-07-09 00:00:00,1550.19,1550.19,1550.19,1550.19,0
2007-07-10 00:00:00,1546.38,1546.38,1546.38,1546.38,0
2007-07-11 00:00:00,1560.63,1560.63,1560.63,1560.63,0
2007-07-12 00:00:00,1583.86,1583.86,1583.86,1583.86,0
2007-07-13 00:00:00,1598.2,1598.2,1598.2,1598.2,0
2007-07-16 00:00:00,1638.54,1638.54,1638.54,1638.54,0
2007-07-17 00:00:00,1624.03,1624.03,1624.03,1624.03,0
2007-07-18 00:00:00,1618.13,1618.13,1618.13,1618.13,0
2007-07-19 00:00:00,1637.84,1637.84,1637.84,1637.84,0
2007-07-20 00:00:00,1627.99,1627.99,1627.99,1627.99,0
2007-07-23 00:00:00,1638.75,1638.75,1638.75,1638.75,0
2007-07-24 00:00:00,1634.23,1634.23,1634.23,1634.23,0
2007-07-25 00:00:00,1618.54,1618.54,1618.54,1618.54,0
2007-07-26 00:00:00,1618.89,1618.89,1618.89,1618.89,0
2007-07-27 00:00:00,1554.18,1554.18,1554.18,1554.18,0
2007-07-30 00:00:00,1568.2,1568.2,1568.2,1568.2,0
2007-07-31 00:00:00,1588.08,1588.08,1588.08,1588.08,0
2007-08-01 00:00:00,1508.79,1508.79,1508.79,1508.79,0
2007-08-02 00:00:00,1518.16,1518.16,1518.16,1518.16,0
2007-08-03 00:00:00,1539.43,1539.43,1539.43,1539.43,0
2007-08-06 00:00:00,1531.19,1531.19,1531.19,1531.19,0
2007-08-07 00:00:00,1551.16,1551.16,1551.16,1551.16,0
2007-08-08 00:00:00,1595.92,1595.92,1595.92,1595.92,0
2007-08-09 00:00:00,1558.04,1558.04,1558.04,1558.04,0
2007-08-10 00:00:00,1528.03,1528.03,1528.03,1528.03,0
2007-08-13 00:00:00,1540.68,1540.68,1540.68,1540.68,0
2007-08-14 00:00:00,1545.9,1545.9,1545.9,1545.9,0
2007-08-16 00:00:00,1463.17,1463.17,1463.17,1463.17,0
2007-08-17 00:00:00,1432.58,1432.58,1432.58,1432.58,0
2007-08-20 00:00:00,1464.93,1464.93,1464.93,1464.93,0
2007-08-21 00:00:00,1405.77,1405.77,1405.77,1405.77,0
2007-08-22 00:00:00,1411.85,1411.85,1411.85,1411.85,0
2007-08-23 00:00:00,1389.05,1389.05,1389.05,1389.05,0
2007-08-24 00:00:00,1407.17,1407.17,1407.17,1407.17,0
2007-08-27 00:00:00,1453.29,1453.29,1453.29,1453.29,0
2007-08-28 00:00:00,1462.92,1462.92,1462.92,1462.92,0
2007-08-29 00:00:00,1479.49,1479.49,1479.49,1479.49,0
2007-08-30 00:00:00,1487.86,1487.86,1487.86,1487.86,0
2007-08-31 00:00:00,1523.54,1523.54,1523.54,1523.54,0
2007-09-03 00:00:00,1548.03,1548.03,1548.03,1548.03,0
2007-09-04 00:00:00,1552.12,1552.12,1552.12,1552.12,0
2007-09-05 00:00:00,1547.82,1547.82,1547.82,1547.82,0
2007-09-06 00:00:00,1572.18,1572.18,1572.18,1572.18,0
2007-09-07 00:00:00,1566.75,1566.75,1566.75,1566.75,0
2007-09-10 00:00:00,1580.72,1580.72,1580.72,1580.72,0
2007-09-11 00:00:00,1596.12,1596.12,1596.12,1596.12,0
2007-09-12 00:00:00,1593.62,1593.62,1593.62,1593.62,0
2007-09-13 00:00:00,1615.28,1615.28,1615.28,1615.28,0
2007-09-14 00:00:00,1594.05,1594.05,1594.05,1594.05,0
2007-09-17 00:00:00,1595.33,1595.33,1595.33,1595.33,0
2007-09-18 00:00:00,1619.14,1619.14,1619.14,1619.14,0
2007-09-19 00:00:00,1670.74,1670.74,1670.74,1670.74,0
2007-09-20 00:00:00,1675.8,1675.8,1675.8,1675.8,0
2007-09-21 00:00:00,1698.9,1698.9,1698.9,1698.9,0
2007-09-24 00:00:00,1738.88,1738.88,1738.88,1738.88,0
2007-09-25 00:00:00,1751.43,1751.43,1751.43,1751.43,0
2007-09-26 00:00:00,1800.71,1800.71,1800.71,1800.71,0
2007-09-27 00:00:00,1796.4,1796.4,1796.4,1796.4,0
2007-09-28 00:00:00,1830.49,1830.49,1830.49,1830.49,0
2007-10-01 00:00:00,1863.4,1863.4,1863.4,1863.4,0
2007-10-03 00:00:00,1855.95,1855.95,1855.95,1855.95,0
2007-10-04 00:00:00,1841.13,1841.13,1841.13,1841.13,0
2007-10-05 00:00:00,1806.8,1806.8,1806.8,1806.8,0
2007-10-08 00:00:00,1724.03,1724.03,1724.03,1724.03,0
2007-10-09 00:00:00,1785.36,1785.36,1785.36,1785.36,0
2007-10-10 00:00:00,1787.01,1787.01,1787.01,1787.01,0
2007-10-11 00:00:00,1827.57,1827.57,1827.57,1827.57,0
2007-10-12 00:00:00,1803.33,1803.33,1803.33,1803.33,0
2007-10-15 00:00:00,1863.2,1863.2,1863.2,1863.2,0
2007-10-16 00:00:00,1861.84,1861.84,1861.84,1861.84,0
2007-10-17 00:00:00,1790.17,1790.17,1790.17,1790.17,0
2007-10-18 00:00:00,1739.66,1739.66,1739.66,1739.66,0
2007-10-19 00:00:00,1694.76,1694.76,1694.76,1694.76,0
2007-10-22 00:00:00,1699.86,1699.86,1699.86,1699.86,0
2007-10-23 00:00:00,1808.95,1808.95,1808.95,1808.95,0
2007-10-24 00:00:00,1820.91,1820.91,1820.91,1820.91,0
2007-10-25 00:00:00,1844.95,1844.95,1844.95,1844.95,0
2007-10-26 00:00:00,1886.04,1886.04,1886.04,1886.04,0
2007-10-29 00:00:00,1920.33,1920.33,1920.33,1920.33,0
2007-10-30 00:00:00,1961.3,1961.3,1961.3,1961.3,0
2007-10-31 00:00:00,1967.33,1967.33,1967.33,1967.33,0
2007-11-01 00:00:00,1956.08,1956.08,1956.08,1956.08,0
2007-11-02 00:00:00,1985.08,1985.08,1985.08,1985.08,0
2007-11-05 00:00:00,1986.46,1986.46,1986.46,1986.46,0
2007-11-06 00:00:00,1967.43,1967.43,1967.43,1967.43,0
2007-11-07 00:00:00,1989.1,1989.1,1989.1,1989.1,0
2007-11-08 00:00:00,1990.56,1990.56,1990.56,1990.56,0
2007-11-09 00:00:00,1992.58,1992.58,1992.58,1992.58,0
2007-11-12 00:00:00,1986.67,1986.67,1986.67,1986.67,0
2007-11-13 00:00:00,2026.03,2026.03,2026.03,2026.03,0
2007-11-14 00:00:00,2114.09,2114.09,2114.09,2114.09,0
2007-11-15 00:00:00,2204.14,2204.14,2204.14,2204.14,0
2007-11-16 00:00:00,2242.47,2242.47,2242.47,2242.47,0
2007-11-19 00:00:00,2265.85,2265.85,2265.85,2265.85,0
2007-11-20 00:00:00,2186.92,2186.92,2186.92,2186.92,0
2007-11-21 00:00:00,2046.83,2046.83,2046.83,2046.83,0
2007-11-22 00:00:00,2019.68,2019.68,2019.68,2019.68,0
2007-11-23 00:00:00,2029.31,2029.31,2029.31,2029.31,0
2007-11-26 00:00:00,2085.47,2085.47,2085.47,2085.47,0
2007-11-27 00:00:00,2122.36,2122.36,2122.36,2122.36,0
2007-11-28 00:00:00,2082.58,2082.58,2082.58,2082.58,0
2007-11-29 00:00:00,2050.93,2050.93,2050.93,2050.93,0
2007-11-30 00:00:00,2130.32,2130.32,2130.32,2130.32,0
2007-12-03 00:00:00,2177.7,2177.7,2177.7,2177.7,0
2007-12-04 00:00:00,2234.57,2234.57,2234.57,2234.57,0
2007-12-05 00:00:00,2292.77,2292.77,2292.77,2292.77,0
2007-12-06 00:00:00,2269.8,2269.8,2269.8,2269.8,0
2007-12-07 00:00:00,2249.82,2249.82,2249.82,2249.82,0
2007-12-10 00:00:00,2302.83,2302.83,2302.83,2302.83,0
2007-12-11 00:00:00,2353.11,2353.11,2353.11,2353.11,0
2007-12-12 00:00:00,2399.94,2399.94,2399.94,2399.94,0
2007-12-13 00:00:00,2390.37,2390.37,2390.37,2390.37,0
2007-12-14 00:00:00,2378.17,2378.17,2378.17,2378.17,0
2007-12-17 00:00:00,2249.48,2249.48,2249.48,2249.48,0
2007-12-18 00:00:00,2255.96,2255.96,2255.96,2255.96,0
2007-12-19 00:00:00,2254.57,2254.57,2254.57,2254.57,0
2007-12-20 00:00:00,2245.19,2245.19,2245.19,2245.19,0
2007-12-24 00:00:00,2326.7,2326.7,2326.7,2326.7,0
2007-12-26 00:00:00,2387.12,2387.12,2387.12,2387.12,0
2007-12-27 00:00:00,2402.28,2402.28,2402.28,2402.28,0
2007-12-28 00:00:00,2446.86,2446.86,2446.86,2446.86,0
2007-12-31 00:00:00,2504.78,2504.78,2504.78,2504.78,0
2008-01-01 00:00:00,2555.4,2555.4,2555.4,2555.4,0
2008-01-02 00:00:00,2613.64,2613.64,2613.64,2613.64,0
2008-01-03 00:00:00,2635.49,2635.49,2635.49,2635.49,0
2008-01-04 00:00:00,2629.66,2629.66,2629.66,2629.66,0
2008-01-07 00:00:00,2599.58,2599.58,2599.58,2599.58,0
2008-01-08 00:00:00,2524.43,2524.43,2524.43,2524.43,0
2008-01-09 00:00:00,2506.26,2506.26,2506.26,2506.26,0
2008-01-10 00:00:00,2402.71,2402.71,2402.71,2402.71,0
2008-01-11 00:00:00,2408.89,2408.89,2408.89,2408.89,0
2008-01-14 00:00:00,2462.79,2462.79,2462.79,2462.79,0
2008-01-15 00:00:00,2428.24,2428.24,2428.24,2428.24,0
2008-01-16 00:00:00,2388.7,2388.7,2388.7,2388.7,0
2008-01-17 00:00:00,2409.13,2409.13,2409.13,2409.13,0
2008-01-18 00:00:00,2265.45,2265.45,2265.45,2265.45,0
2008-01-21 00:00:00,1974.02,1974.02,1974.02,1974.02,0
2008-01-22 00:00:00,1796.24,1796.24,1796.24,1796.24,0
2008-01-23 00:00:00,1953.09,1953.09,1953.09,1953.09,0
2008-01-24 00:00:00,1893.96,1893.96,1893.96,1893.96,0
2008-01-25 00:00:00,2038.43,2038.43,2038.43,2038.43,0
2008-01-28 00:00:00,2038.66,2038.66,2038.66,2038.66,0
2008-01-29 00:00:00,1997.5,1997.5,1997.5,1997.5,0
2008-01-30 00:00:00,1935.76,1935.76,1935.76,1935.76,0
2008-01-31 00:00:00,1915.49,1915.49,1915.49,1915.49,0
2008-02-01 00:00:00,1965.24,1965.24,1965.24,1965.24,0
2008-02-04 00:00:00,2063.24,2063.24,2063.24,2063.24,0
2008-02-05 00:00:00,2083.24,2083.24,2083.24,2083.24,0
2008-02-06 00:00:00,2050.05,2050.05,2050.05,2050.05,0
2008-02-07 00:00:00,1985.45,1985.45,1985.45,1985.45,0
2008-02-08 00:00:00,1978.41,1978.41,1978.41,1978.41,0
2008-02-11 00:00:00,1875.91,1875.91,1875.91,1875.91,0
2008-02-12 00:00:00,1845.47,1845.47,1845.47,1845.47,0
2008-02-13 00:00:00,1870.94,1870.94,1870.94,1870.94,0
2008-02-14 00:00:00,1993.93,1993.93,1993.93,1993.93,0
2008-02-15 00:00:00,2040.63,2040.63,2040.63,2040.63,0
2008-02-18 00:00:00,2064.03,2064.03,2064.03,2064.03,0
2008-02-19 00:00:00,2048.83,2048.83,2048.83,2048.83,0
2008-02-20 00:00:00,1991.98,1991.98,1991.98,1991.98,0
2008-02-21 00:00:00,1974.16,1974.16,1974.16,1974.16,0
2008-02-22 00:00:00,1961.5,1961.5,1961.5,1961.5,0
2008-02-25 00:00:00,1977.55,1977.55,1977.55,1977.55,0
2008-02-26 00:00:00,2018.86,2018.86,2018.86,2018.86,0
2008-02-27 00:00:00,2011.94,2011.94,2011.94,2011.94,0
2008-02-28 00:00:00,2009.35,2009.35,2009.35,2009.35,0
2008-02-29 00:00:00,2014.41,2014.41,2014.41,2014.41,0
2008-03-03 00:00:00,1931.36,1931.36,1931.36,1931.36,0
2008-03-04 00:00:00,1872.8,1872.8,1872.8,1872.8,0
2008-03-05 00:00:00,1860.56,1860.56,1860.56,1860.56,0
2008-03-07 00:00:00,1798.08,1798.08,1798.08,1798.08,0
2008-03-10 00:00:00,1811.67,1811.67,1811.67,1811.67,0
2008-03-11 00:00:00,1852.03,1852.03,1852.03,1852.03,0
2008-03-12 00:00:00,1830.23,1830.23,1830.23,1830.23,0
2008-03-13 00:00:00,1737.91,1737.91,1737.91,1737.91,0
2008-03-14 00:00:00,1753.63,1753.63,1753.63,1753.63,0
2008-03-17 00:00:00,1651.77,1651.77,1651.77,1651.77,0
2008-03-18 00:00:00,1637.67,1637.67,1637.67,1637.67,0
2008-03-19 00:00:00,1634.21,1634.21,1634.21,1634.21,0
2008-03-24 00:00:00,1633.32,1633.32,1633.32,1633.32,0
2008-03-25 00:00:00,1738.79,1738.79,1738.79,1738.79,0
2008-03-26 00:00:00,1742.61,1742.61,1742.61,1742.61,0
2008-03-27 00:00:00,1712.03,1712.03,1712.03,1712.03,0
2008-03-28 00:00:00,1771.45,1771.45,1771.45,1771.45,0
2008-03-31 00:00:00,1723.67,1723.67,1723.67,1723.67,0
2008-04-01 00:00:00,1724.66,1724.66,1724.66,1724.66,0
2008-04-02 00:00:00,1744.45,1744.45,1744.45,1744.45,0
2008-04-03 00:00:00,1742.01,1742.01,1742.01,1742.01,0
2008-04-04 00:00:00,1701.05,1701.05,1701.05,1701.05,0
2008-04-07 00:00:00,1736.54,1736.54,1736.54,1736.54,0
2008-04-08 00:00:00,1739.24,1739.24,1739.24,1739.24,0
2008-04-09 00:00:00,1762.29,1762.29,1762.29,1762.29,0
2008-04-10 00:00:00,1747.93,1747.93,1747.93,1747.93,0
2008-04-11 00:00:00,1766.48,1766.48,1766.48,1766.48,0
2008-04-15 00:00:00,1783.23,1783.23,1783.23,1783.23,0
2008-04-16 00:00:00,1782.18,1782.18,1782.18,1782.18,0
2008-04-17 00:00:00,1829.22,1829.22,1829.22,1829.22,0
2008-04-21 00:00:00,1874.02,1874.02,1874.02,1874.02,0
2008-04-22 00:00:00,1880.95,1880.95,1880.95,1880.95,0
2008-04-23 00:00:00,1879.78,1879.78,1879.78,1879.78,0
2008-04-24 00:00:00,1853.21,1853.21,1853.21,1853.21,0
2008-04-25 00:00:00,1886.65,1886.65,1886.65,1886.65,0
2008-04-28 00:00:00,1889.0,1889.0,1889.0,1889.0,0
2008-04-29 00:00:00,1926.81,1926.81,1926.81,1926.81,0
2008-04-30 00:00:00,1916.52,1916.52,1916.52,1916.52,0
2008-05-02 00:00:00,1940.5,1940.5,1940.5,1940.5,0
2008-05-05 00:00:00,1949.33,1949.33,1949.33,1949.33,0
2008-05-06 00:00:00,1946.82,1946.82,1946.82,1946.82,0
2008-05-07 00:00:00,1927.74,1927.74,1927.74,1927.74,0
2008-05-08 00:00:00,1912.08,1912.08,1912.08,1912.08,0
2008-05-09 00:00:00,1865.3,1865.3,1865.3,1865.3,0
2008-05-12 00:00:00,1854.61,1854.61,1854.61,1854.61,0
2008-05-13 00:00:00,1851.67,1851.67,1851.67,1851.67,0
2008-05-14 00:00:00,1850.05,1850.05,1850.05,1850.05,0
2008-05-15 00:00:00,1883.75,1883.75,1883.75,1883.75,0
2008-05-16 00:00:00,1918.7,1918.7,1918.7,1918.7,0
2008-05-20 00:00:00,1905.54,1905.54,1905.54,1905.54,0
2008-05-21 00:00:00,1915.77,1915.77,1915.77,1915.77,0
2008-05-22 00:00:00,1881.34,1881.34,1881.34,1881.34,0
2008-05-23 00:00:00,1861.63,1861.63,1861.63,1861.63,0
2008-05-26 00:00:00,1818.47,1818.47,1818.47,1818.47,0
2008-05-27 00:00:00,1797.74,1797.74,1797.74,1797.74,0
2008-05-28 00:00:00,1842.71,1842.71,1842.71,1842.71,0
2008-05-29 00:00:00,1815.33,1815.33,1815.33,1815.33,0
2008-05-30 00:00:00,1803.1,1803.1,1803.1,1803.1,0
2008-06-02 00:00:00,1752.15,1752.15,1752.15,1752.15,0
2008-06-03 00:00:00,1739.29,1739.29,1739.29,1739.29,0
2008-06-04 00:00:00,1685.58,1685.58,1685.58,1685.58,0
2008-06-05 00:00:00,1687.82,1687.82,1687.82,1687.82,0
2008-06-06 00:00:00,1661.62,1661.62,1661.62,1661.62,0
2008-06-09 00:00:00,1616.03,1616.03,1616.03,1616.03,0
2008-06-10 00:00:00,1594.63,1594.63,1594.63,1594.63,0
2008-06-11 00:00:00,1618.91,1618.91,1618.91,1618.91,0
2008-06-12 00:00:00,1627.89,1627.89,1627.89,1627.89,0
2008-06-13 00:00:00,1622.56,1622.56,1622.56,1622.56,0
2008-06-16 00:00:00,1647.3,1647.3,1647.3,1647.3,0
2008-06-17 00:00:00,1686.01,1686.01,1686.01,1686.01,0
2008-06-18 00:00:00,1668.38,1668.38,1668.38,1668.38,0
2008-06-19 00:00:00,1636.32,1636.32,1636.32,1636.32,0
2008-06-20 00:00:00,1574.92,1574.92,1574.92,1574.92,0
2008-06-23 00:00:00,1521.93,1521.93,1521.93,1521.93,0
2008-06-24 00:00:00,1485.57,1485.57,1485.57,1485.57,0
2008-06-25 00:00:00,1491.44,1491.44,1491.44,1491.44,0
2008-06-26 00:00:00,1498.03,1498.03,1498.03,1498.03,0
2008-06-27 00:00:00,1438.96,1438.96,1438.96,1438.96,0
2008-06-30 00:00:00,1397.25,1397.25,1397.25,1397.25,0
2008-07-01 00:00:00,1333.2,1333.2,1333.2,1333.2,0
2008-07-02 00:00:00,1397.48,1397.48,1397.48,1397.48,0
2008-07-03 00:00:00,1374.85,1374.85,1374.85,1374.85,0
2008-07-04 00:00:00,1388.05,1388.05,1388.05,1388.05,0
2008-07-07 00:00:00,1400.88,1400.88,1400.88,1400.88,0
2008-07-08 00:00:00,1411.52,1411.52,1411.52,1411.52,0
2008-07-09 00:00:00,1450.52,1450.52,1450.52,1450.52,0
2008-07-10 00:00:00,1468.01,1468.01,1468.01,1468.01,0
2008-07-11 00:00:00,1432.26,1432.26,1432.26,1432.26,0
2008-07-14 00:00:00,1441.93,1441.93,1441.93,1441.93,0
2008-07-15 00:00:00,1386.07,1386.07,1386.07,1386.07,0
2008-07-16 00:00:00,1374.93,1374.93,1374.93,1374.93,0
2008-07-17 00:00:00,1408.31,1408.31,1408.31,1408.31,0
2008-07-18 00:00:00,1451.71,1451.71,1451.71,1451.71,0
2008-07-21 00:00:00,1473.51,1473.51,1473.51,1473.51,0
2008-07-22 00:00:00,1498.34,1498.34,1498.34,1498.34,0
2008-07-23 00:00:00,1591.63,1591.63,1591.63,1591.63,0
2008-07-24 00:00:00,1591.18,1591.18,1591.18,1591.18,0
2008-07-25 00:00:00,1585.15,1585.15,1585.15,1585.15,0
2008-07-28 00:00:00,1599.54,1599.54,1599.54,1599.54,0
2008-07-29 00:00:00,1534.71,1534.71,1534.71,1534.71,0
2008-07-30 00:00:00,1588.86,1588.86,1588.86,1588.86,0
2008-07-31 00:00:00,1574.61,1574.61,1574.61,1574.61,0
2008-08-01 00:00:00,1631.8,1631.8,1631.8,1631.8,0
2008-08-04 00:00:00,1648.99,1648.99,1648.99,1648.99,0
2008-08-05 00:00:00,1695.72,1695.72,1695.72,1695.72,0
2008-08-06 00:00:00,1680.71,1680.71,1680.71,1680.71,0
2008-08-07 00:00:00,1681.94,1681.94,1681.94,1681.94,0
2008-08-08 00:00:00,1686.37,1686.37,1686.37,1686.37,0
2008-08-11 00:00:00,1720.12,1720.12,1720.12,1720.12,0
2008-08-12 00:00:00,1684.48,1684.48,1684.48,1684.48,0
2008-08-13 00:00:00,1674.82,1674.82,1674.82,1674.82,0
2008-08-14 00:00:00,1626.41,1626.41,1626.41,1626.41,0
2008-08-18 00:00:00,1607.11,1607.11,1607.11,1607.11,0
2008-08-19 00:00:00,1602.92,1602.92,1602.92,1602.92,0
2008-08-20 00:00:00,1610.25,1610.25,1610.25,1610.25,0
2008-08-21 00:00:00,1559.93,1559.93,1559.93,1559.93,0
2008-08-22 00:00:00,1554.52,1554.52,1554.52,1554.52,0
2008-08-25 00:00:00,1566.87,1566.87,1566.87,1566.87,0
2008-08-26 00:00:00,1569.76,1569.76,1569.76,1569.76,0
2008-08-27 00:00:00,1559.92,1559.92,1559.92,1559.92,0
2008-08-28 00:00:00,1522.5,1522.5,1522.5,1522.5,0
2008-08-29 00:00:00,1587.05,1587.05,1587.05,1587.05,0
2008-09-01 00:00:00,1587.33,1587.33,1587.33,1587.33,0
2008-09-02 00:00:00,1652.18,1652.18,1652.18,1652.18,0
2008-09-04 00:00:00,1652.38,1652.38,1652.38,1652.38,0
2008-09-05 00:00:00,1641.79,1641.79,1641.79,1641.79,0
2008-09-08 00:00:00,1655.8,1655.8,1655.8,1655.8,0
2008-09-09 00:00:00,1644.99,1644.99,1644.99,1644.99,0
2008-09-10 00:00:00,1635.36,1635.36,1635.36,1635.36,0
2008-09-11 00:00:00,1621.88,1621.88,1621.88,1621.88,0
2008-09-12 00:00:00,1600.24,1600.24,1600.24,1600.24,0
2008-09-15 00:00:00,1538.18,1538.18,1538.18,1538.18,0
2008-09-16 00:00:00,1569.71,1569.71,1569.71,1569.71,0
2008-09-17 00:00:00,1543.64,1543.64,1543.64,1543.64,0
2008-09-18 00:00:00,1557.82,1557.82,1557.82,1557.82,0
2008-09-19 00:00:00,1583.1,1583.1,1583.1,1583.1,0
2008-09-22 00:00:00,1562.46,1562.46,1562.46,1562.46,0
2008-09-23 00:00:00,1536.3,1536.3,1536.3,1536.3,0
2008-09-24 00:00:00,1543.04,1543.04,1543.04,1543.04,0
2008-09-25 00:00:00,1525.08,1525.08,1525.08,1525.08,0
2008-09-26 00:00:00,1484.8,1484.8,1484.8,1484.8,0
2008-09-29 00:00:00,1436.09,1436.09,1436.09,1436.09,0
2008-09-30 00:00:00,1461.99,1461.99,1461.99,1461.99,0
2008-10-01 00:00:00,1486.2,1486.2,1486.2,1486.2,0
2008-10-03 00:00:00,1457.62,1457.62,1457.62,1457.62,0
2008-10-06 00:00:00,1408.74,1408.74,1408.74,1408.74,0
2008-10-07 00:00:00,1399.53,1399.53,1399.53,1399.53,0
2008-10-08 00:00:00,1326.79,1326.79,1326.79,1326.79,0
2008-10-10 00:00:00,1261.59,1261.59,1261.59,1261.59,0
2008-10-13 00:00:00,1325.29,1325.29,1325.29,1325.29,0
2008-10-14 00:00:00,1334.58,1334.58,1334.58,1334.58,0
2008-10-15 00:00:00,1299.57,1299.57,1299.57,1299.57,0
2008-10-16 00:00:00,1316.6,1316.6,1316.6,1316.6,0
2008-10-17 00:00:00,1287.71,1287.71,1287.71,1287.71,0
2008-10-20 00:00:00,1296.93,1296.93,1296.93,1296.93,0
2008-10-21 00:00:00,1299.37,1299.37,1299.37,1299.37,0
2008-10-22 00:00:00,1238.52,1238.52,1238.52,1238.52,0
2008-10-23 00:00:00,1197.02,1197.02,1197.02,1197.02,0
2008-10-24 00:00:00,1084.93,1084.93,1084.93,1084.93,0
2008-10-27 00:00:00,1026.34,1026.34,1026.34,1026.34,0
2008-10-28 00:00:00,1084.25,1084.25,1084.25,1084.25,0
2008-10-29 00:00:00,1078.91,1078.91,1078.91,1078.91,0
2008-10-31 00:00:00,1106.89,1106.89,1106.89,1106.89,0
2008-11-03 00:00:00,1169.68,1169.68,1169.68,1169.68,0
2008-11-04 00:00:00,1228.94,1228.94,1228.94,1228.94,0
2008-11-05 00:00:00,1206.97,1206.97,1206.97,1206.97,0
2008-11-06 00:00:00,1167.8,1167.8,1167.8,1167.8,0
2008-11-07 00:00:00,1208.97,1208.97,1208.97,1208.97,0
2008-11-10 00:00:00,1239.7,1239.7,1239.7,1239.7,0
2008-11-11 00:00:00,1194.58,1194.58,1194.58,1194.58,0
2008-11-12 00:00:00,1182.09,1182.09,1182.09,1182.09,0
2008-11-14 00:00:00,1174.47,1174.47,1174.47,1174.47,0
2008-11-17 00:00:00,1151.79,1151.79,1151.79,1151.79,0
2008-11-18 00:00:00,1122.44,1122.44,1122.44,1122.44,0
2008-11-19 00:00:00,1102.79,1102.79,1102.79,1102.79,0
2008-11-20 00:00:00,1074.5,1074.5,1074.5,1074.5,0
2008-11-21 00:00:00,1094.36,1094.36,1094.36,1094.36,0
2008-11-24 00:00:00,1091.53,1091.53,1091.53,1091.53,0
2008-11-25 00:00:00,1089.15,1089.15,1089.15,1089.15,0
2008-11-26 00:00:00,1108.1,1108.1,1108.1,1108.1,0
2008-11-28 00:00:00,1110.49,1110.49,1110.49,1110.49,0
2008-12-01 00:00:00,1091.04,1091.04,1091.04,1091.04,0
2008-12-02 00:00:00,1083.86,1083.86,1083.86,1083.86,0
2008-12-03 00:00:00,1104.74,1104.74,1104.74,1104.74,0
2008-12-04 00:00:00,1137.52,1137.52,1137.52,1137.52,0
2008-12-05 00:00:00,1107.9,1107.9,1107.9,1107.9,0
2008-12-08 00:00:00,1098.64,1098.64,1098.64,1098.64,0
2008-12-10 00:00:00,1120.62,1120.62,1120.62,1120.62,0
2008-12-11 00:00:00,1133.59,1133.59,1133.59,1133.59,0
2008-12-12 00:00:00,1150.07,1150.07,1150.07,1150.07,0
2008-12-15 00:00:00,1180.21,1180.21,1180.21,1180.21,0
2008-12-16 00:00:00,1194.68,1194.68,1194.68,1194.68,0
2008-12-17 00:00:00,1176.31,1176.31,1176.31,1176.31,0
2008-12-18 00:00:00,1227.72,1227.72,1227.72,1227.72,0
2008-12-19 00:00:00,1263.26,1263.26,1263.26,1263.26,0
2008-12-22 00:00:00,1254.14,1254.14,1254.14,1254.14,0
2008-12-23 00:00:00,1222.63,1222.63,1222.63,1222.63,0
2008-12-24 00:00:00,1225.43,1225.43,1225.43,1225.43,0
2008-12-26 00:00:00,1209.59,1209.59,1209.59,1209.59,0
2008-12-29 00:00:00,1227.68,1227.68,1227.68,1227.68,0
2008-12-30 00:00:00,1252.05,1252.05,1252.05,1252.05,0
2008-12-31 00:00:00,1254.85,1254.85,1254.85,1254.85,0
2009-01-01 00:00:00,1274.06,1274.06,1274.06,1274.06,0
2009-01-02 00:00:00,1296.48,1296.48,1296.48,1296.48,0
2009-01-05 00:00:00,1321.28,1321.28,1321.28,1321.28,0
2009-01-06 00:00:00,1313.94,1313.94,1313.94,1313.94,0
2009-01-07 00:00:00,1243.3,1243.3,1243.3,1243.3,0
2009-01-09 00:00:00,1232.24,1232.24,1232.24,1232.24,0
2009-01-12 00:00:00,1197.3,1197.3,1197.3,1197.3,0
2009-01-13 00:00:00,1204.51,1204.51,1204.51,1204.51,0
2009-01-14 00:00:00,1221.48,1221.48,1221.48,1221.48,0
2009-01-15 00:00:00,1189.38,1189.38,1189.38,1189.38,0
2009-01-16 00:00:00,1206.26,1206.26,1206.26,1206.26,0
2009-01-19 00:00:00,1214.4,1214.4,1214.4,1214.4,0
2009-01-20 00:00:00,1199.49,1199.49,1199.49,1199.49,0
2009-01-21 00:00:00,1182.06,1182.06,1182.06,1182.06,0
2009-01-22 00:00:00,1169.21,1169.21,1169.21,1169.21,0
2009-01-23 00:00:00,1128.33,1128.33,1128.33,1128.33,0
2009-01-27 00:00:00,1141.11,1141.11,1141.11,1141.11,0
2009-01-28 00:00:00,1147.0,1147.0,1147.0,1147.0,0
2009-01-29 00:00:00,1160.63,1160.63,1160.63,1160.63,0
2009-01-30 00:00:00,1169.1,1169.1,1169.1,1169.1,0
2009-02-02 00:00:00,1147.03,1147.03,1147.03,1147.03,0
2009-02-03 00:00:00,1138.12,1138.12,1138.12,1138.12,0
2009-02-04 00:00:00,1139.09,1139.09,1139.09,1139.09,0
2009-02-05 00:00:00,1137.13,1137.13,1137.13,1137.13,0
2009-02-06 00:00:00,1152.31,1152.31,1152.31,1152.31,0
2009-02-09 00:00:00,1168.21,1168.21,1168.21,1168.21,0
2009-02-10 00:00:00,1177.28,1177.28,1177.28,1177.28,0
2009-02-11 00:00:00,1176.81,1176.81,1176.81,1176.81,0
2009-02-12 00:00:00,1170.24,1170.24,1170.24,1170.24,0
2009-02-13 00:00:00,1174.28,1174.28,1174.28,1174.28,0
2009-02-16 00:00:00,1143.77,1143.77,1143.77,1143.77,0
2009-02-17 00:00:00,1112.2,1112.2,1112.2,1112.2,0
2009-02-18 00:00:00,1108.37,1108.37,1108.37,1108.37,0
2009-02-19 00:00:00,1104.46,1104.46,1104.46,1104.46,0
2009-02-20 00:00:00,1091.17,1091.17,1091.17,1091.17,0
2009-02-24 00:00:00,1065.05,1065.05,1065.05,1065.05,0
2009-02-25 00:00:00,1063.44,1063.44,1063.44,1063.44,0
2009-02-26 00:00:00,1041.77,1041.77,1041.77,1041.77,0
2009-02-27 00:00:00,1051.4,1051.4,1051.4,1051.4,0
2009-03-02 00:00:00,1025.8,1025.8,1025.8,1025.8,0
2009-03-03 00:00:00,1014.08,1014.08,1014.08,1014.08,0
2009-03-04 00:00:00,1009.59,1009.59,1009.59,1009.59,0
2009-03-05 00:00:00,985.18,985.18,985.18,985.18,0
2009-03-06 00:00:00,979.66,979.66,979.66,979.66,0
2009-03-09 00:00:00,945.13,945.13,945.13,945.13,0
2009-03-12 00:00:00,953.98,953.98,953.98,953.98,0
2009-03-13 00:00:00,978.89,978.89,978.89,978.89,0
2009-03-16 00:00:00,1006.17,1006.17,1006.17,1006.17,0
2009-03-17 00:00:00,994.54,994.54,994.54,994.54,0
2009-03-18 00:00:00,998.14,998.14,998.14,998.14,0
2009-03-19 00:00:00,996.09,996.09,996.09,996.09,0
2009-03-20 00:00:00,985.76,985.76,985.76,985.76,0
2009-03-23 00:00:00,1024.28,1024.28,1024.28,1024.28,0
2009-03-24 00:00:00,1028.88,1028.88,1028.88,1028.88,0
2009-03-25 00:00:00,1041.86,1041.86,1041.86,1041.86,0
2009-03-26 00:00:00,1068.59,1068.59,1068.59,1068.59,0
2009-03-27 00:00:00,1112.23,1112.23,1112.23,1112.23,0
2009-03-30 00:00:00,1059.55,1059.55,1059.55,1059.55,0
2009-03-31 00:00:00,1088.3,1088.3,1088.3,1088.3,0
2009-04-01 00:00:00,1103.42,1103.42,1103.42,1103.42,0
2009-04-02 00:00:00,1172.47,1172.47,1172.47,1172.47,0
2009-04-06 00:00:00,1201.84,1201.84,1201.84,1201.84,0
2009-04-08 00:00:00,1225.96,1225.96,1225.96,1225.96,0
2009-04-09 00:00:00,1271.76,1271.76,1271.76,1271.76,0
2009-04-13 00:00:00,1334.16,1334.16,1334.16,1334.16,0
2009-04-15 00:00:00,1400.44,1400.44,1400.44,1400.44,0
2009-04-16 00:00:00,1319.94,1319.94,1319.94,1319.94,0
2009-04-17 00:00:00,1329.56,1329.56,1329.56,1329.56,0
2009-04-20 00:00:00,1339.35,1339.35,1339.35,1339.35,0
2009-04-21 00:00:00,1324.16,1324.16,1324.16,1324.16,0
2009-04-22 00:00:00,1303.91,1303.91,1303.91,1303.91,0
2009-04-23 00:00:00,1348.49,1348.49,1348.49,1348.49,0
2009-04-24 00:00:00,1382.55,1382.55,1382.55,1382.55,0
2009-04-27 00:00:00,1364.58,1364.58,1364.58,1364.58,0
2009-04-28 00:00:00,1302.71,1302.71,1302.71,1302.71,0
2009-04-29 00:00:00,1341.32,1341.32,1341.32,1341.32,0
2009-05-04 00:00:00,1402.99,1402.99,1402.99,1402.99,0
2009-05-05 00:00:00,1442.45,1442.45,1442.45,1442.45,0
2009-05-06 00:00:00,1412.66,1412.66,1412.66,1412.66,0
2009-05-07 00:00:00,1467.68,1467.68,1467.68,1467.68,0
2009-05-08 00:00:00,1449.03,1449.03,1449.03,1449.03,0
2009-05-11 00:00:00,1430.63,1430.63,1430.63,1430.63,0
2009-05-12 00:00:00,1457.96,1457.96,1457.96,1457.96,0
2009-05-13 00:00:00,1460.23,1460.23,1460.23,1460.23,0
2009-05-14 00:00:00,1464.44,1464.44,1464.44,1464.44,0
2009-05-15 00:00:00,1484.48,1484.48,1484.48,1484.48,0
2009-05-18 00:00:00,1716.4,1716.4,1716.4,1716.4,0
2009-05-19 00:00:00,1775.64,1775.64,1775.64,1775.64,0
2009-05-20 00:00:00,1874.84,1874.84,1874.84,1874.84,0
2009-05-21 00:00:00,1886.5,1886.5,1886.5,1886.5,0
2009-05-22 00:00:00,1895.68,1895.68,1895.68,1895.68,0
2009-05-25 00:00:00,1925.03,1925.03,1925.03,1925.03,0
2009-05-26 00:00:00,1857.21,1857.21,1857.21,1857.21,0
2009-05-27 00:00:00,1933.34,1933.34,1933.34,1933.34,0
2009-05-28 00:00:00,1964.21,1964.21,1964.21,1964.21,0
2009-05-29 00:00:00,2018.17,2018.17,2018.17,2018.17,0
2009-06-01 00:00:00,2080.59,2080.59,2080.59,2080.59,0
2009-06-02 00:00:00,2085.82,2085.82,2085.82,2085.82,0
2009-06-03 00:00:00,2111.6,2111.6,2111.6,2111.6,0
2009-06-04 00:00:00,2126.46,2126.46,2126.46,2126.46,0
2009-06-05 00:00:00,2133.63,2133.63,2133.63,2133.63,0
2009-06-08 00:00:00,1976.05,1976.05,1976.05,1976.05,0
2009-06-09 00:00:00,2032.46,2032.46,2032.46,2032.46,0
2009-06-10 00:00:00,2045.3,2045.3,2045.3,2045.3,0
2009-06-11 00:00:00,2068.81,2068.81,2068.81,2068.81,0
2009-06-12 00:00:00,2041.77,2041.77,2041.77,2041.77,0
2009-06-15 00:00:00,1996.29,1996.29,1996.29,1996.29,0
2009-06-16 00:00:00,2060.96,2060.96,2060.96,2060.96,0
2009-06-17 00:00:00,1959.73,1959.73,1959.73,1959.73,0
2009-06-18 00:00:00,1886.04,1886.04,1886.04,1886.04,0
2009-06-19 00:00:00,1938.75,1938.75,1938.75,1938.75,0
2009-06-22 00:00:00,1918.68,1918.68,1918.68,1918.68,0
2009-06-23 00:00:00,1921.75,1921.75,1921.75,1921.75,0
2009-06-24 00:00:00,1968.99,1968.99,1968.99,1968.99,0
2009-06-25 00:00:00,1945.85,1945.85,1945.85,1945.85,0
2009-06-26 00:00:00,1990.91,1990.91,1990.91,1990.91,0
2009-06-29 00:00:00,2015.95,2015.95,2015.95,2015.95,0
2009-06-30 00:00:00,1945.85,1945.85,1945.85,1945.85,0
2009-07-01 00:00:00,1975.77,1975.77,1975.77,1975.77,0
2009-07-02 00:00:00,1988.84,1988.84,1988.84,1988.84,0
2009-07-03 00:00:00,2014.79,2014.79,2014.79,2014.79,0
2009-07-06 00:00:00,1887.26,1887.26,1887.26,1887.26,0
2009-07-07 00:00:00,1883.34,1883.34,1883.34,1883.34,0
2009-07-08 00:00:00,1809.45,1809.45,1809.45,1809.45,0
2009-07-09 00:00:00,1815.21,1815.21,1815.21,1815.21,0
2009-07-10 00:00:00,1774.68,1774.68,1774.68,1774.68,0
2009-07-13 00:00:00,1723.89,1723.89,1723.89,1723.89,0
2009-07-14 00:00:00,1799.89,1799.89,1799.89,1799.89,0
2009-07-15 00:00:00,1893.21,1893.21,1893.21,1893.21,0
2009-07-16 00:00:00,1887.76,1887.76,1887.76,1887.76,0
2009-07-17 00:00:00,1943.46,1943.46,1943.46,1943.46,0
2009-07-20 00:00:00,1990.5,1990.5,1990.5,1990.5,0
2009-07-21 00:00:00,1983.6,1983.6,1983.6,1983.6,0
2009-07-22 00:00:00,1960.79,1960.79,1960.79,1960.79,0
2009-07-23 00:00:00,2018.72,2018.72,2018.72,2018.72,0
2009-07-24 00:00:00,2076.22,2076.22,2076.22,2076.22,0
2009-07-27 00:00:00,2105.29,2105.29,2105.29,2105.29,0
2009-07-28 00:00:00,2142.28,2142.28,2142.28,2142.28,0
2009-07-29 00:00:00,2114.58,2114.58,2114.58,2114.58,0
2009-07-30 00:00:00,2138.83,2138.83,2138.83,2138.83,0
2009-07-31 00:00:00,2170.03,2170.03,2170.03,2170.03,0
2009-08-03 00:00:00,2230.22,2230.22,2230.22,2230.22,0
2009-08-04 00:00:00,2228.16,2228.16,2228.16,2228.16,0
2009-08-05 00:00:00,2221.37,2221.37,2221.37,2221.37,0
2009-08-06 00:00:00,2165.93,2165.93,2165.93,2165.93,0
2009-08-07 00:00:00,2121.43,2121.43,2121.43,2121.43,0
2009-08-10 00:00:00,2076.12,2076.12,2076.12,2076.12,0
2009-08-11 00:00:00,2116.02,2116.02,2116.02,2116.02,0
2009-08-12 00:00:00,2119.69,2119.69,2119.69,2119.69,0
2009-08-13 00:00:00,2214.19,2214.19,2214.19,2214.19,0
2009-08-14 00:00:00,2213.16,2213.16,2213.16,2213.16,0
2009-08-17 00:00:00,2099.44,2099.44,2099.44,2099.44,0
2009-08-18 00:00:00,2152.8,2152.8,2152.8,2152.8,0
2009-08-19 00:00:00,2112.91,2112.91,2112.91,2112.91,0
2009-08-20 00:00:00,2136.83,2136.83,2136.83,2136.83,0
2009-08-21 00:00:00,2167.64,2167.64,2167.64,2167.64,0
2009-08-24 00:00:00,2227.77,2227.77,2227.77,2227.77,0
2009-08-25 00:00:00,2230.57,2230.57,2230.57,2230.57,0
2009-08-26 00:00:00,2246.99,2246.99,2246.99,2246.99,0
2009-08-27 00:00:00,2227.8,2227.8,2227.8,2227.8,0
2009-08-28 00:00:00,2244.01,2244.01,2244.01,2244.01,0
2009-08-31 00:00:00,2240.14,2240.14,2240.14,2240.14,0
2009-09-01 00:00:00,2219.04,2219.04,2219.04,2219.04,0
2009-09-02 00:00:00,2214.62,2214.62,2214.62,2214.62,0
2009-09-03 00:00:00,2228.37,2228.37,2228.37,2228.37,0
2009-09-04 00:00:00,2260.49,2260.49,2260.49,2260.49,0
2009-09-07 00:00:00,2339.39,2339.39,2339.39,2339.39,0
2009-09-08 00:00:00,2353.12,2353.12,2353.12,2353.12,0
2009-09-09 00:00:00,2363.9,2363.9,2363.9,2363.9,0
2009-09-10 00:00:00,2376.93,2376.93,2376.93,2376.93,0
2009-09-11 00:00:00,2391.95,2391.95,2391.95,2391.95,0
2009-09-14 00:00:00,2411.3,2411.3,2411.3,2411.3,0
2009-09-15 00:00:00,2486.01,2486.01,2486.01,2486.01,0
2009-09-16 00:00:00,2553.88,2553.88,2553.88,2553.88,0
2009-09-17 00:00:00,2547.95,2547.95,2547.95,2547.95,0
2009-09-18 00:00:00,2538.05,2538.05,2538.05,2538.05,0
2009-09-22 00:00:00,2570.86,2570.86,2570.86,2570.86,0
2009-09-23 00:00:00,2561.27,2561.27,2561.27,2561.27,0
2009-09-24 00:00:00,2574.9,2574.9,2574.9,2574.9,0
2009-09-25 00:00:00,2565.45,2565.45,2565.45,2565.45,0
2009-09-29 00:00:00,2579.94,2579.94,2579.94,2579.94,0
2009-09-30 00:00:00,2631.21,2631.21,2631.21,2631.21,0
2009-10-01 00:00:00,2608.26,2608.26,2608.26,2608.26,0
2009-10-05 00:00:00,2550.32,2550.32,2550.32,2550.32,0
2009-10-06 00:00:00,2561.55,2561.55,2561.55,2561.55,0
2009-10-07 00:00:00,2596.18,2596.18,2596.18,2596.18,0
2009-10-08 00:00:00,2647.04,2647.04,2647.04,2647.04,0
2009-10-09 00:00:00,2615.23,2615.23,2615.23,2615.23,0
2009-10-12 00:00:00,2648.48,2648.48,2648.48,2648.48,0
2009-10-14 00:00:00,2693.07,2693.07,2693.07,2693.07,0
2009-10-15 00:00:00,2700.93,2700.93,2700.93,2700.93,0
2009-10-16 00:00:00,2742.28,2742.28,2742.28,2742.28,0
2009-10-17 00:00:00,2742.56,2742.56,2742.56,2742.56,0
2009-10-20 00:00:00,2768.85,2768.85,2768.85,2768.85,0
2009-10-21 00:00:00,2729.03,2729.03,2729.03,2729.03,0
2009-10-22 00:00:00,2687.13,2687.13,2687.13,2687.13,0
2009-10-23 00:00:00,2702.42,2702.42,2702.42,2702.42,0
2009-10-26 00:00:00,2647.03,2647.03,2647.03,2647.03,0
2009-10-27 00:00:00,2541.6,2541.6,2541.6,2541.6,0
2009-10-28 00:00:00,2531.07,2531.07,2531.07,2531.07,0
2009-10-29 00:00:00,2470.84,2470.84,2470.84,2470.84,0
2009-10-30 00:00:00,2458.11,2458.11,2458.11,2458.11,0
2009-11-03 00:00:00,2377.85,2377.85,2377.85,2377.85,0
2009-11-04 00:00:00,2442.02,2442.02,2442.02,2442.02,0
2009-11-05 00:00:00,2498.51,2498.51,2498.51,2498.51,0
2009-11-06 00:00:00,2548.42,2548.42,2548.42,2548.42,0
2009-11-09 00:00:00,2635.21,2635.21,2635.21,2635.21,0
2009-11-10 00:00:00,2614.99,2614.99,2614.99,2614.99,0
2009-11-11 00:00:00,2668.36,2668.36,2668.36,2668.36,0
2009-11-12 00:00:00,2618.37,2618.37,2618.37,2618.37,0
2009-11-13 00:00:00,2628.7,2628.7,2628.7,2628.7,0
2009-11-16 00:00:00,2653.3,2653.3,2653.3,2653.3,0
2009-11-17 00:00:00,2653.44,2653.44,2653.44,2653.44,0
2009-11-18 00:00:00,2659.92,2659.92,2659.92,2659.92,0
2009-11-19 00:00:00,2600.56,2600.56,2600.56,2600.56,0
2009-11-20 00:00:00,2686.07,2686.07,2686.07,2686.07,0
2009-11-23 00:00:00,2695.13,2695.13,2695.13,2695.13,0
2009-11-24 00:00:00,2707.22,2707.22,2707.22,2707.22,0
2009-11-25 00:00:00,2731.39,2731.39,2731.39,2731.39,0
2009-11-26 00:00:00,2677.49,2677.49,2677.49,2677.49,0
2009-11-27 00:00:00,2647.51,2647.51,2647.51,2647.51,0
2009-11-30 00:00:00,2689.33,2689.33,2689.33,2689.33,0
2009-12-01 00:00:00,2752.22,2752.22,2752.22,2752.22,0
2009-12-02 00:00:00,2772.52,2772.52,2772.52,2772.52,0
2009-12-03 00:00:00,2775.91,2775.91,2775.91,2775.91,0
2009-12-04 00:00:00,2781.72,2781.72,2781.72,2781.72,0
2009-12-07 00:00:00,2753.74,2753.74,2753.74,2753.74,0
2009-12-08 00:00:00,2807.33,2807.33,2807.33,2807.33,0
2009-12-09 00:00:00,2765.15,2765.15,2765.15,2765.15,0
2009-12-10 00:00:00,2795.62,2795.62,2795.62,2795.62,0
2009-12-11 00:00:00,2748.65,2748.65,2748.65,2748.65,0
2009-12-14 00:00:00,2717.78,2717.78,2717.78,2717.78,0
2009-12-15 00:00:00,2654.18,2654.18,2654.18,2654.18,0
2009-12-16 00:00:00,2659.67,2659.67,2659.67,2659.67,0
2009-12-17 00:00:00,2674.85,2674.85,2674.85,2674.85,0
2009-12-18 00:00:00,2644.24,2644.24,2644.24,2644.24,0
2009-12-21 00:00:00,2632.92,2632.92,2632.92,2632.92,0
2009-12-22 00:00:00,2676.63,2676.63,2676.63,2676.63,0
2009-12-23 00:00:00,2735.56,2735.56,2735.56,2735.56,0
2009-12-24 00:00:00,2755.23,2755.23,2755.23,2755.23,0
2009-12-29 00:00:00,2758.79,2758.79,2758.79,2758.79,0
2009-12-30 00:00:00,2750.9,2750.9,2750.9,2750.9,0
2009-12-31 00:00:00,2744.76,2744.76,2744.76,2744.76,0
2010-01-04 00:00:00,2800.34,2800.34,2800.34,2800.34,0
2010-01-05 00:00:00,2857.13,2857.13,2857.13,2857.13,0
2010-01-06 00:00:00,2860.33,2860.33,2860.33,2860.33,0
2010-01-07 00:00:00,2855.34,2855.34,2855.34,2855.34,0
2010-01-08 00:00:00,2848.61,2848.61,2848.61,2848.61,0
2010-01-11 00:00:00,2875.87,2875.87,2875.87,2875.87,0
2010-01-12 00:00:00,2820.41,2820.41,2820.41,2820.41,0
2010-01-13 00:00:00,2836.39,2836.39,2836.39,2836.39,0
2010-01-14 00:00:00,2840.11,2840.11,2840.11,2840.11,0
2010-01-15 00:00:00,2836.13,2836.13,2836.13,2836.13,0
2010-01-18 00:00:00,2867.27,2867.27,2867.27,2867.27,0
2010-01-19 00:00:00,2852.87,2852.87,2852.87,2852.87,0
2010-01-20 00:00:00,2837.17,2837.17,2837.17,2837.17,0
2010-01-21 00:00:00,2781.44,2781.44,2781.44,2781.44,0
2010-01-22 00:00:00,2751.75,2751.75,2751.75,2751.75,0
2010-01-25 00:00:00,2728.43,2728.43,2728.43,2728.43,0
2010-01-27 00:00:00,2621.56,2621.56,2621.56,2621.56,0
2010-01-28 00:00:00,2626.72,2626.72,2626.72,2626.72,0
2010-01-29 00:00:00,2670.57,2670.57,2670.57,2670.57,0
2010-02-01 00:00:00,2719.92,2719.92,2719.92,2719.92,0
2010-02-02 00:00:00,2679.29,2679.29,2679.29,2679.29,0
2010-02-03 00:00:00,2721.27,2721.27,2721.27,2721.27,0
2010-02-04 00:00:00,2658.92,2658.92,2658.92,2658.92,0
2010-02-05 00:00:00,2578.47,2578.47,2578.47,2578.47,0
2010-02-06 00:00:00,2610.94,2610.94,2610.94,2610.94,0
2010-02-08 00:00:00,2626.29,2626.29,2626.29,2626.29,0
2010-02-09 00:00:00,2629.12,2629.12,2629.12,2629.12,0
2010-02-10 00:00:00,2611.34,2611.34,2611.34,2611.34,0
2010-02-11 00:00:00,2629.5,2629.5,2629.5,2629.5,0
2010-02-15 00:00:00,2597.45,2597.45,2597.45,2597.45,0
2010-02-16 00:00:00,2633.34,2633.34,2633.34,2633.34,0
2010-02-17 00:00:00,2665.78,2665.78,2665.78,2665.78,0
2010-02-18 00:00:00,2669.04,2669.04,2669.04,2669.04,0
2010-02-19 00:00:00,2638.68,2638.68,2638.68,2638.68,0
2010-02-22 00:00:00,2642.25,2642.25,2642.25,2642.25,0
2010-02-23 00:00:00,2624.63,2624.63,2624.63,2624.63,0
2010-02-24 00:00:00,2615.87,2615.87,2615.87,2615.87,0
2010-02-25 00:00:00,2598.33,2598.33,2598.33,2598.33,0
2010-02-26 00:00:00,2653.33,2653.33,2653.33,2653.33,0
2010-03-02 00:00:00,2701.22,2701.22,2701.22,2701.22,0
2010-03-03 00:00:00,2743.55,2743.55,2743.55,2743.55,0
2010-03-04 00:00:00,2763.74,2763.74,2763.74,2763.74,0
2010-03-05 00:00:00,2771.12,2771.12,2771.12,2771.12,0
2010-03-08 00:00:00,2778.56,2778.56,2778.56,2778.56,0
2010-03-09 00:00:00,2746.68,2746.68,2746.68,2746.68,0
2010-03-10 00:00:00,2735.84,2735.84,2735.84,2735.84,0
2010-03-11 00:00:00,2720.39,2720.39,2720.39,2720.39,0
2010-03-12 00:00:00,2718.5,2718.5,2718.5,2718.5,0
2010-03-15 00:00:00,2695.79,2695.79,2695.79,2695.79,0
2010-03-16 00:00:00,2724.58,2724.58,2724.58,2724.58,0
2010-03-17 00:00:00,2735.04,2735.04,2735.04,2735.04,0
2010-03-18 00:00:00,2740.34,2740.34,2740.34,2740.34,0
2010-03-19 00:00:00,2747.57,2747.57,2747.57,2747.57,0
2010-03-22 00:00:00,2714.61,2714.61,2714.61,2714.61,0
2010-03-23 00:00:00,2717.62,2717.62,2717.62,2717.62,0
2010-03-25 00:00:00,2724.08,2724.08,2724.08,2724.08,0
2010-03-26 00:00:00,2760.3,2760.3,2760.3,2760.3,0
2010-03-29 00:00:00,2801.37,2801.37,2801.37,2801.37,0
2010-03-30 00:00:00,2811.8,2811.8,2811.8,2811.8,0
2010-03-31 00:00:00,2801.72,2801.72,2801.72,2801.72,0
2010-04-01 00:00:00,2825.17,2825.17,2825.17,2825.17,0
2010-04-05 00:00:00,2877.44,2877.44,2877.44,2877.44,0
2010-04-06 00:00:00,2912.06,2912.06,2912.06,2912.06,0
2010-04-07 00:00:00,2923.15,2923.15,2923.15,2923.15,0
2010-04-08 00:00:00,2886.6,2886.6,2886.6,2886.6,0
2010-04-09 00:00:00,2900.18,2900.18,2900.18,2900.18,0
2010-04-12 00:00:00,2881.36,2881.36,2881.36,2881.36,0
2010-04-13 00:00:00,2864.27,2864.27,2864.27,2864.27,0
2010-04-15 00:00:00,2843.41,2843.41,2843.41,2843.41,0
2010-04-16 00:00:00,2840.18,2840.18,2840.18,2840.18,0
2010-04-19 00:00:00,2818.43,2818.43,2818.43,2818.43,0
2010-04-20 00:00:00,2859.38,2859.38,2859.38,2859.38,0
2010-04-21 00:00:00,2864.64,2864.64,2864.64,2864.64,0
2010-04-22 00:00:00,2882.87,2882.87,2882.87,2882.87,0
2010-04-23 00:00:00,2909.4,2909.4,2909.4,2909.4,0
2010-04-26 00:00:00,2948.9,2948.9,2948.9,2948.9,0
2010-04-27 00:00:00,2944.71,2944.71,2944.71,2944.71,0
2010-04-28 00:00:00,2911.47,2911.47,2911.47,2911.47,0
2010-04-29 00:00:00,2926.72,2926.72,2926.72,2926.72,0
2010-04-30 00:00:00,2976.15,2976.15,2976.15,2976.15,0
2010-05-03 00:00:00,2972.88,2972.88,2972.88,2972.88,0
2010-05-04 00:00:00,2919.95,2919.95,2919.95,2919.95,0
2010-05-05 00:00:00,2960.08,2960.08,2960.08,2960.08,0
2010-05-06 00:00:00,2957.0,2957.0,2957.0,2957.0,0
2010-05-07 00:00:00,2882.67,2882.67,2882.67,2882.67,0
2010-05-10 00:00:00,2922.48,2922.48,2922.48,2922.48,0
2010-05-11 00:00:00,2887.58,2887.58,2887.58,2887.58,0
2010-05-12 00:00:00,2904.26,2904.26,2904.26,2904.26,0
2010-05-13 00:00:00,2910.2,2910.2,2910.2,2910.2,0
2010-05-14 00:00:00,2881.56,2881.56,2881.56,2881.56,0
2010-05-17 00:00:00,2881.54,2881.54,2881.54,2881.54,0
2010-05-18 00:00:00,2894.8,2894.8,2894.8,2894.8,0
2010-05-19 00:00:00,2823.95,2823.95,2823.95,2823.95,0
2010-05-20 00:00:00,2847.65,2847.65,2847.65,2847.65,0
2010-05-21 00:00:00,2816.09,2816.09,2816.09,2816.09,0
2010-05-24 00:00:00,2830.02,2830.02,2830.02,2830.02,0
2010-05-25 00:00:00,2752.62,2752.62,2752.62,2752.62,0
2010-05-26 00:00:00,2768.32,2768.32,2768.32,2768.32,0
2010-05-27 00:00:00,2832.15,2832.15,2832.15,2832.15,0
2010-05-28 00:00:00,2874.31,2874.31,2874.31,2874.31,0
2010-05-31 00:00:00,2920.25,2920.25,2920.25,2920.25,0
2010-06-01 00:00:00,2863.14,2863.14,2863.14,2863.14,0
2010-06-02 00:00:00,2896.42,2896.42,2896.42,2896.42,0
2010-06-03 00:00:00,2954.08,2954.08,2954.08,2954.08,0
2010-06-04 00:00:00,2976.68,2976.68,2976.68,2976.68,0
2010-06-07 00:00:00,2937.21,2937.21,2937.21,2937.21,0
2010-06-08 00:00:00,2898.1,2898.1,2898.1,2898.1,0
2010-06-09 00:00:00,2923.86,2923.86,2923.86,2923.86,0
2010-06-10 00:00:00,2947.21,2947.21,2947.21,2947.21,0
2010-06-11 00:00:00,2938.51,2938.51,2938.51,2938.51,0
2010-06-14 00:00:00,2976.43,2976.43,2976.43,2976.43,0
2010-06-15 00:00:00,2966.83,2966.83,2966.83,2966.83,0
2010-06-16 00:00:00,2955.13,2955.13,2955.13,2955.13,0
2010-06-17 00:00:00,2961.0,2961.0,2961.0,2961.0,0
2010-06-18 00:00:00,2942.32,2942.32,2942.32,2942.32,0
2010-06-21 00:00:00,2987.05,2987.05,2987.05,2987.05,0
2010-06-22 00:00:00,2997.02,2997.02,2997.02,2997.02,0
2010-06-23 00:00:00,3011.21,3011.21,3011.21,3011.21,0
2010-06-24 00:00:00,2995.92,2995.92,2995.92,2995.92,0
2010-06-25 00:00:00,3038.66,3038.66,3038.66,3038.66,0
2010-06-28 00:00:00,3103.38,3103.38,3103.38,3103.38,0
2010-06-29 00:00:00,3083.66,3083.66,3083.66,3083.66,0
2010-06-30 00:00:00,3129.34,3129.34,3129.34,3129.34,0
2010-07-01 00:00:00,3115.65,3115.65,3115.65,3115.65,0
2010-07-02 00:00:00,3114.21,3114.21,3114.21,3114.21,0
2010-07-05 00:00:00,3116.11,3116.11,3116.11,3116.11,0
2010-07-06 00:00:00,3140.69,3140.69,3140.69,3140.69,0
2010-07-07 00:00:00,3143.04,3143.04,3143.04,3143.04,0
2010-07-08 00:00:00,3182.98,3182.98,3182.98,3182.98,0
2010-07-09 00:00:00,3222.77,3222.77,3222.77,3222.77,0
2010-07-12 00:00:00,3209.34,3209.34,3209.34,3209.34,0
2010-07-13 00:00:00,3226.7,3226.7,3226.7,3226.7,0
2010-07-14 00:00:00,3209.96,3209.96,3209.96,3209.96,0
2010-07-15 00:00:00,3185.47,3185.47,3185.47,3185.47,0
2010-07-16 00:00:00,3210.07,3210.07,3210.07,3210.07,0
2010-07-19 00:00:00,3243.55,3243.55,3243.55,3243.55,0
2010-07-20 00:00:00,3224.4,3224.4,3224.4,3224.4,0
2010-07-21 00:00:00,3237.64,3237.64,3237.64,3237.64,0
2010-07-22 00:00:00,3234.54,3234.54,3234.54,3234.54,0
2010-07-23 00:00:00,3239.8,3239.8,3239.8,3239.8,0
2010-07-26 00:00:00,3180.76,3180.76,3180.76,3180.76,0
2010-07-27 00:00:00,3197.24,3197.24,3197.24,3197.24,0
2010-07-28 00:00:00,3195.77,3195.77,3195.77,3195.77,0
2010-07-29 00:00:00,3209.26,3209.26,3209.26,3209.26,0
2010-07-30 00:00:00,3232.24,3232.24,3232.24,3232.24,0
2010-08-02 00:00:00,3292.18,3292.18,3292.18,3292.18,0
2010-08-03 00:00:00,3311.7,3311.7,3311.7,3311.7,0
2010-08-04 00:00:00,3300.48,3300.48,3300.48,3300.48,0
2010-08-05 00:00:00,3304.0,3304.0,3304.0,3304.0,0
2010-08-06 00:00:00,3285.49,3285.49,3285.49,3285.49,0
2010-08-09 00:00:00,3332.19,3332.19,3332.19,3332.19,0
2010-08-10 00:00:00,3319.8,3319.8,3319.8,3319.8,0
2010-08-11 00:00:00,3310.49,3310.49,3310.49,3310.49,0
2010-08-12 00:00:00,3367.29,3367.29,3367.29,3367.29,0
2010-08-13 00:00:00,3398.1,3398.1,3398.1,3398.1,0
2010-08-16 00:00:00,3417.83,3417.83,3417.83,3417.83,0
2010-08-17 00:00:00,3486.73,3486.73,3486.73,3486.73,0
2010-08-18 00:00:00,3512.3,3512.3,3512.3,3512.3,0
2010-08-19 00:00:00,3539.34,3539.34,3539.34,3539.34,0
2010-08-20 00:00:00,3533.12,3533.12,3533.12,3533.12,0
2010-08-23 00:00:00,3586.88,3586.88,3586.88,3586.88,0
2010-08-24 00:00:00,3536.02,3536.02,3536.02,3536.02,0
2010-08-25 00:00:00,3509.37,3509.37,3509.37,3509.37,0
2010-08-26 00:00:00,3524.18,3524.18,3524.18,3524.18,0
2010-08-27 00:00:00,3492.93,3492.93,3492.93,3492.93,0
2010-08-30 00:00:00,3487.98,3487.98,3487.98,3487.98,0
2010-08-31 00:00:00,3472.44,3472.44,3472.44,3472.44,0
2010-09-01 00:00:00,3540.32,3540.32,3540.32,3540.32,0
2010-09-02 00:00:00,3583.47,3583.47,3583.47,3583.47,0
2010-09-03 00:00:00,3593.21,3593.21,3593.21,3593.21,0
2010-09-06 00:00:00,3614.63,3614.63,3614.63,3614.63,0
2010-09-07 00:00:00,3602.8,3602.8,3602.8,3602.8,0
2010-09-08 00:00:00,3630.48,3630.48,3630.48,3630.48,0
2010-09-09 00:00:00,3673.24,3673.24,3673.24,3673.24,0
2010-09-13 00:00:00,3716.95,3716.95,3716.95,3716.95,0
2010-09-14 00:00:00,3725.08,3725.08,3725.08,3725.08,0
2010-09-15 00:00:00,3731.69,3731.69,3731.69,3731.69,0
2010-09-16 00:00:00,3694.26,3694.26,3694.26,3694.26,0
2010-09-17 00:00:00,3733.79,3733.79,3733.79,3733.79,0
2010-09-20 00:00:00,3781.9,3781.9,3781.9,3781.9,0
2010-09-21 00:00:00,3735.62,3735.62,3735.62,3735.62,0
2010-09-22 00:00:00,3731.21,3731.21,3731.21,3731.21,0
2010-09-23 00:00:00,3711.36,3711.36,3711.36,3711.36,0
2010-09-24 00:00:00,3749.71,3749.71,3749.71,3749.71,0
2010-09-27 00:00:00,3772.93,3772.93,3772.93,3772.93,0
2010-09-28 00:00:00,3786.21,3786.21,3786.21,3786.21,0
2010-09-29 00:00:00,3746.23,3746.23,3746.23,3746.23,0
2010-09-30 00:00:00,3724.58,3724.58,3724.58,3724.58,0
2010-10-01 00:00:00,3785.38,3785.38,3785.38,3785.38,0
2010-10-04 00:00:00,3842.05,3842.05,3842.05,3842.05,0
2010-10-05 00:00:00,3881.96,3881.96,3881.96,3881.96,0
2010-10-06 00:00:00,3942.9,3942.9,3942.9,3942.9,0
2010-10-07 00:00:00,3914.43,3914.43,3914.43,3914.43,0
2010-10-08 00:00:00,3899.1,3899.1,3899.1,3899.1,0
2010-10-11 00:00:00,3939.69,3939.69,3939.69,3939.69,0
2010-10-12 00:00:00,3927.37,3927.37,3927.37,3927.37,0
2010-10-13 00:00:00,3992.6,3992.6,3992.6,3992.6,0
2010-10-14 00:00:00,3967.12,3967.12,3967.12,3967.12,0
2010-10-15 00:00:00,3889.71,3889.71,3889.71,3889.71,0
2010-10-18 00:00:00,3891.36,3891.36,3891.36,3891.36,0
2010-10-19 00:00:00,3882.56,3882.56,3882.56,3882.56,0
2010-10-20 00:00:00,3888.95,3888.95,3888.95,3888.95,0
2010-10-21 00:00:00,3984.62,3984.62,3984.62,3984.62,0
2010-10-22 00:00:00,4016.89,4016.89,4016.89,4016.89,0
2010-10-25 00:00:00,4037.02,4037.02,4037.02,4037.02,0
2010-10-26 00:00:00,4031.37,4031.37,4031.37,4031.37,0
2010-10-27 00:00:00,4031.34,4031.34,4031.34,4031.34,0
2010-10-28 00:00:00,3984.22,3984.22,3984.22,3984.22,0
2010-10-29 00:00:00,3940.66,3940.66,3940.66,3940.66,0
2010-11-01 00:00:00,4012.78,4012.78,4012.78,4012.78,0
2010-11-02 00:00:00,4068.96,4068.96,4068.96,4068.96,0
2010-11-03 00:00:00,4082.88,4082.88,4082.88,4082.88,0
2010-11-04 00:00:00,4122.0,4122.0,4122.0,4122.0,0
2010-11-05 00:00:00,4134.3,4134.3,4134.3,4134.3,0
2010-11-08 00:00:00,4120.54,4120.54,4120.54,4120.54,0
2010-11-09 00:00:00,4142.55,4142.55,4142.55,4142.55,0
2010-11-10 00:00:00,4155.63,4155.63,4155.63,4155.63,0
2010-11-11 00:00:00,4089.21,4089.21,4089.21,4089.21,0
2010-11-12 00:00:00,3983.71,3983.71,3983.71,3983.71,0
2010-11-15 00:00:00,4024.97,4024.97,4024.97,4024.97,0
2010-11-16 00:00:00,3931.23,3931.23,3931.23,3931.23,0
2010-11-18 00:00:00,3950.78,3950.78,3950.78,3950.78,0
2010-11-19 00:00:00,3835.88,3835.88,3835.88,3835.88,0
2010-11-22 00:00:00,3903.46,3903.46,3903.46,3903.46,0
2010-11-23 00:00:00,3849.76,3849.76,3849.76,3849.76,0
2010-11-24 00:00:00,3754.24,3754.24,3754.24,3754.24,0
2010-11-25 00:00:00,3611.69,3611.69,3611.69,3611.69,0
2010-11-26 00:00:00,3572.81,3572.81,3572.81,3572.81,0
2010-11-29 00:00:00,3618.51,3618.51,3618.51,3618.51,0
2010-11-30 00:00:00,3677.35,3677.35,3677.35,3677.35,0
2010-12-01 00:00:00,3802.8,3802.8,3802.8,3802.8,0
2010-12-02 00:00:00,3811.63,3811.63,3811.63,3811.63,0
2010-12-03 00:00:00,3747.17,3747.17,3747.17,3747.17,0
2010-12-06 00:00:00,3664.95,3664.95,3664.95,3664.95,0
2010-12-07 00:00:00,3579.61,3579.61,3579.61,3579.61,0
2010-12-08 00:00:00,3512.01,3512.01,3512.01,3512.01,0
2010-12-09 00:00:00,3400.12,3400.12,3400.12,3400.12,0
2010-12-10 00:00:00,3480.97,3480.97,3480.97,3480.97,0
2010-12-13 00:00:00,3533.66,3533.66,3533.66,3533.66,0
2010-12-14 00:00:00,3575.13,3575.13,3575.13,3575.13,0
2010-12-15 00:00:00,3505.12,3505.12,3505.12,3505.12,0
2010-12-16 00:00:00,3539.9,3539.9,3539.9,3539.9,0
2010-12-20 00:00:00,3550.03,3550.03,3550.03,3550.03,0
2010-12-21 00:00:00,3576.74,3576.74,3576.74,3576.74,0
2010-12-22 00:00:00,3584.42,3584.42,3584.42,3584.42,0
2010-12-23 00:00:00,3569.67,3569.67,3569.67,3569.67,0
2010-12-24 00:00:00,3571.52,3571.52,3571.52,3571.52,0
2010-12-27 00:00:00,3548.0,3548.0,3548.0,3548.0,0
2010-12-28 00:00:00,3527.4,3527.4,3527.4,3527.4,0
2010-12-29 00:00:00,3548.55,3548.55,3548.55,3548.55,0
2010-12-30 00:00:00,3554.48,3554.48,3554.48,3554.48,0
2010-12-31 00:00:00,3608.91,3608.91,3608.91,3608.91,0
2011-01-03 00:00:00,3632.01,3632.01,3632.01,3632.01,0
2011-01-04 00:00:00,3588.36,3588.36,3588.36,3588.36,0
2011-01-05 00:00:00,3510.97,3510.97,3510.97,3510.97,0
2011-01-06 00:00:00,3465.93,3465.93,3465.93,3465.93,0
2011-01-07 00:00:00,3422.39,3422.39,3422.39,3422.39,0
2011-01-10 00:00:00,3342.48,3342.48,3342.48,3342.48,0
2011-01-11 00:00:00,3353.96,3353.96,3353.96,3353.96,0
2011-01-12 00:00:00,3405.21,3405.21,3405.21,3405.21,0
2011-01-13 00:00:00,3330.17,3330.17,3330.17,3330.17,0
2011-01-14 00:00:00,3289.24,3289.24,3289.24,3289.24,0
2011-01-17 00:00:00,3257.89,3257.89,3257.89,3257.89,0
2011-01-18 00:00:00,3265.75,3265.75,3265.75,3265.75,0
2011-01-19 00:00:00,3289.21,3289.21,3289.21,3289.21,0
2011-01-20 00:00:00,3321.11,3321.11,3321.11,3321.11,0
2011-01-21 00:00:00,3358.04,3358.04,3358.04,3358.04,0
2011-01-24 00:00:00,3392.68,3392.68,3392.68,3392.68,0
2011-01-25 00:00:00,3388.75,3388.75,3388.75,3388.75,0
2011-01-27 00:00:00,3297.65,3297.65,3297.65,3297.65,0
2011-01-28 00:00:00,3232.18,3232.18,3232.18,3232.18,0
2011-01-31 00:00:00,3256.16,3256.16,3256.16,3256.16,0
2011-02-01 00:00:00,3191.86,3191.86,3191.86,3191.86,0
2011-02-02 00:00:00,3165.17,3165.17,3165.17,3165.17,0
2011-02-03 00:00:00,3209.21,3209.21,3209.21,3209.21,0
2011-02-04 00:00:00,3158.2,3158.2,3158.2,3158.2,0
2011-02-07 00:00:00,3143.89,3143.89,3143.89,3143.89,0
2011-02-08 00:00:00,3071.11,3071.11,3071.11,3071.11,0
2011-02-09 00:00:00,2984.75,2984.75,2984.75,2984.75,0
2011-02-10 00:00:00,2996.27,2996.27,2996.27,2996.27,0
2011-02-11 00:00:00,3070.04,3070.04,3070.04,3070.04,0
2011-02-14 00:00:00,3175.47,3175.47,3175.47,3175.47,0
2011-02-15 00:00:00,3210.03,3210.03,3210.03,3210.03,0
2011-02-16 00:00:00,3198.04,3198.04,3198.04,3198.04,0
2011-02-17 00:00:00,3241.13,3241.13,3241.13,3241.13,0
2011-02-18 00:00:00,3160.89,3160.89,3160.89,3160.89,0
2011-02-21 00:00:00,3166.64,3166.64,3166.64,3166.64,0
2011-02-22 00:00:00,3113.07,3113.07,3113.07,3113.07,0
2011-02-23 00:00:00,3097.35,3097.35,3097.35,3097.35,0
2011-02-24 00:00:00,2984.4,2984.4,2984.4,2984.4,0
2011-02-25 00:00:00,3012.37,3012.37,3012.37,3012.37,0
2011-02-28 00:00:00,3040.52,3040.52,3040.52,3040.52,0
2011-03-01 00:00:00,3145.69,3145.69,3145.69,3145.69,0
2011-03-03 00:00:00,3143.28,3143.28,3143.28,3143.28,0
2011-03-04 00:00:00,3155.64,3155.64,3155.64,3155.64,0
2011-03-07 00:00:00,3107.63,3107.63,3107.63,3107.63,0
2011-03-08 00:00:00,3153.57,3153.57,3153.57,3153.57,0
2011-03-09 00:00:00,3182.16,3182.16,3182.16,3182.16,0
2011-03-10 00:00:00,3159.24,3159.24,3159.24,3159.24,0
2011-03-11 00:00:00,3134.65,3134.65,3134.65,3134.65,0
2011-03-14 00:00:00,3181.19,3181.19,3181.19,3181.19,0
2011-03-15 00:00:00,3149.68,3149.68,3149.68,3149.68,0
2011-03-16 00:00:00,3199.54,3199.54,3199.54,3199.54,0
2011-03-17 00:00:00,3197.81,3197.81,3197.81,3197.81,0
2011-03-18 00:00:00,3151.54,3151.54,3151.54,3151.54,0
2011-03-21 00:00:00,3148.45,3148.45,3148.45,3148.45,0
2011-03-22 00:00:00,3163.12,3163.12,3163.12,3163.12,0
2011-03-23 00:00:00,3178.24,3178.24,3178.24,3178.24,0
2011-03-24 00:00:00,3202.97,3202.97,3202.97,3202.97,0
2011-03-25 00:00:00,3251.37,3251.37,3251.37,3251.37,0
2011-03-28 00:00:00,3285.82,3285.82,3285.82,3285.82,0
2011-03-29 00:00:00,3315.72,3315.72,3315.72,3315.72,0
2011-03-30 00:00:00,3368.11,3368.11,3368.11,3368.11,0
2011-03-31 00:00:00,3352.65,3352.65,3352.65,3352.65,0
2011-04-01 00:00:00,3384.23,3384.23,3384.23,3384.23,0
2011-04-04 00:00:00,3422.83,3422.83,3422.83,3422.83,0
2011-04-05 00:00:00,3473.02,3473.02,3473.02,3473.02,0
2011-04-06 00:00:00,3471.92,3471.92,3471.92,3471.92,0
2011-04-07 00:00:00,3511.16,3511.16,3511.16,3511.16,0
2011-04-08 00:00:00,3434.24,3434.24,3434.24,3434.24,0
2011-04-11 00:00:00,3390.33,3390.33,3390.33,3390.33,0
2011-04-13 00:00:00,3457.92,3457.92,3457.92,3457.92,0
2011-04-15 00:00:00,3458.28,3458.28,3458.28,3458.28,0
2011-04-18 00:00:00,3411.17,3411.17,3411.17,3411.17,0
2011-04-19 00:00:00,3419.66,3419.66,3419.66,3419.66,0
2011-04-20 00:00:00,3451.34,3451.34,3451.34,3451.34,0
2011-04-21 00:00:00,3461.29,3461.29,3461.29,3461.29,0
2011-04-25 00:00:00,3476.3,3476.3,3476.3,3476.3,0
2011-04-26 00:00:00,3478.73,3478.73,3478.73,3478.73,0
2011-04-27 00:00:00,3475.49,3475.49,3475.49,3475.49,0
2011-04-28 00:00:00,3419.6,3419.6,3419.6,3419.6,0
2011-04-29 00:00:00,3359.37,3359.37,3359.37,3359.37,0
2011-05-02 00:00:00,3331.48,3331.48,3331.48,3331.48,0
2011-05-03 00:00:00,3263.46,3263.46,3263.46,3263.46,0
2011-05-04 00:00:00,3246.53,3246.53,3246.53,3246.53,0
2011-05-05 00:00:00,3218.62,3218.62,3218.62,3218.62,0
2011-05-06 00:00:00,3308.8,3308.8,3308.8,3308.8,0
2011-05-09 00:00:00,3271.79,3271.79,3271.79,3271.79,0
2011-05-10 00:00:00,3275.29,3275.29,3275.29,3275.29,0
2011-05-11 00:00:00,3303.25,3303.25,3303.25,3303.25,0
2011-05-12 00:00:00,3270.64,3270.64,3270.64,3270.64,0
2011-05-13 00:00:00,3296.12,3296.12,3296.12,3296.12,0
2011-05-16 00:00:00,3268.63,3268.63,3268.63,3268.63,0
2011-05-17 00:00:00,3216.86,3216.86,3216.86,3216.86,0
2011-05-18 00:00:00,3183.32,3183.32,3183.32,3183.32,0
2011-05-19 00:00:00,3150.47,3150.47,3150.47,3150.47,0
2011-05-20 00:00:00,3176.7,3176.7,3176.7,3176.7,0
2011-05-23 00:00:00,3128.0,3128.0,3128.0,3128.0,0
2011-05-24 00:00:00,3133.99,3133.99,3133.99,3133.99,0
2011-05-25 00:00:00,3102.18,3102.18,3102.18,3102.18,0
2011-05-26 00:00:00,3112.75,3112.75,3112.75,3112.75,0
2011-05-27 00:00:00,3187.32,3187.32,3187.32,3187.32,0
2011-05-30 00:00:00,3204.83,3204.83,3204.83,3204.83,0
2011-05-31 00:00:00,3260.63,3260.63,3260.63,3260.63,0
2011-06-01 00:00:00,3294.21,3294.21,3294.21,3294.21,0
2011-06-02 00:00:00,3268.05,3268.05,3268.05,3268.05,0
2011-06-03 00:00:00,3250.53,3250.53,3250.53,3250.53,0
2011-06-06 00:00:00,3248.94,3248.94,3248.94,3248.94,0
2011-06-07 00:00:00,3262.22,3262.22,3262.22,3262.22,0
2011-06-08 00:00:00,3267.07,3267.07,3267.07,3267.07,0
2011-06-09 00:00:00,3250.63,3250.63,3250.63,3250.63,0
2011-06-10 00:00:00,3221.22,3221.22,3221.22,3221.22,0
2011-06-13 00:00:00,3248.29,3248.29,3248.29,3248.29,0
2011-06-14 00:00:00,3256.66,3256.66,3256.66,3256.66,0
2011-06-15 00:00:00,3230.69,3230.69,3230.69,3230.69,0
2011-06-16 00:00:00,3208.92,3208.92,3208.92,3208.92,0
2011-06-17 00:00:00,3209.97,3209.97,3209.97,3209.97,0
2011-06-20 00:00:00,3119.39,3119.39,3119.39,3119.39,0
2011-06-21 00:00:00,3096.02,3096.02,3096.02,3096.02,0
2011-06-22 00:00:00,3079.36,3079.36,3079.36,3079.36,0
2011-06-23 00:00:00,3091.84,3091.84,3091.84,3091.84,0
2011-06-24 00:00:00,3188.74,3188.74,3188.74,3188.74,0
2011-06-27 00:00:00,3243.48,3243.48,3243.48,3243.48,0
2011-06-28 00:00:00,3230.24,3230.24,3230.24,3230.24,0
2011-06-29 00:00:00,3225.36,3225.36,3225.36,3225.36,0
2011-06-30 00:00:00,3251.63,3251.63,3251.63,3251.63,0
2011-07-01 00:00:00,3266.68,3266.68,3266.68,3266.68,0
2011-07-04 00:00:00,3307.12,3307.12,3307.12,3307.12,0
2011-07-05 00:00:00,3304.54,3304.54,3304.54,3304.54,0
2011-07-06 00:00:00,3289.53,3289.53,3289.53,3289.53,0
2011-07-07 00:00:00,3325.57,3325.57,3325.57,3325.57,0
2011-07-08 00:00:00,3297.04,3297.04,3297.04,3297.04,0
2011-07-11 00:00:00,3280.6,3280.6,3280.6,3280.6,0
2011-07-12 00:00:00,3247.69,3247.69,3247.69,3247.69,0
2011-07-13 00:00:00,3284.02,3284.02,3284.02,3284.02,0
2011-07-14 00:00:00,3295.45,3295.45,3295.45,3295.45,0
2011-07-15 00:00:00,3293.68,3293.68,3293.68,3293.68,0
2011-07-18 00:00:00,3303.39,3303.39,3303.39,3303.39,0
2011-07-19 00:00:00,3309.86,3309.86,3309.86,3309.86,0
2011-07-20 00:00:00,3270.73,3270.73,3270.73,3270.73,0
2011-07-21 00:00:00,3245.13,3245.13,3245.13,3245.13,0
2011-07-22 00:00:00,3307.32,3307.32,3307.32,3307.32,0
2011-07-25 00:00:00,3352.34,3352.34,3352.34,3352.34,0
2011-07-26 00:00:00,3291.17,3291.17,3291.17,3291.17,0
2011-07-27 00:00:00,3270.72,3270.72,3270.72,3270.72,0
2011-07-28 00:00:00,3221.21,3221.21,3221.21,3221.21,0
2011-07-29 00:00:00,3207.7,3207.7,3207.7,3207.7,0
2011-08-01 00:00:00,3202.27,3202.27,3202.27,3202.27,0
2011-08-02 00:00:00,3161.36,3161.36,3161.36,3161.36,0
2011-08-03 00:00:00,3156.89,3156.89,3156.89,3156.89,0
2011-08-04 00:00:00,3163.72,3163.72,3163.72,3163.72,0
2011-08-05 00:00:00,3113.04,3113.04,3113.04,3113.04,0
2011-08-08 00:00:00,3107.25,3107.25,3107.25,3107.25,0
2011-08-09 00:00:00,3081.46,3081.46,3081.46,3081.46,0
2011-08-10 00:00:00,3124.33,3124.33,3124.33,3124.33,0
2011-08-11 00:00:00,3105.21,3105.21,3105.21,3105.21,0
2011-08-12 00:00:00,3072.7,3072.7,3072.7,3072.7,0
2011-08-16 00:00:00,2999.85,2999.85,2999.85,2999.85,0
2011-08-17 00:00:00,2980.9,2980.9,2980.9,2980.9,0
2011-08-18 00:00:00,2909.26,2909.26,2909.26,2909.26,0
2011-08-19 00:00:00,2881.5,2881.5,2881.5,2881.5,0
2011-08-22 00:00:00,2923.35,2923.35,2923.35,2923.35,0
2011-08-23 00:00:00,2939.73,2939.73,2939.73,2939.73,0
2011-08-24 00:00:00,2920.63,2920.63,2920.63,2920.63,0
2011-08-25 00:00:00,2880.77,2880.77,2880.77,2880.77,0
2011-08-26 00:00:00,2798.12,2798.12,2798.12,2798.12,0
2011-08-29 00:00:00,2878.9,2878.9,2878.9,2878.9,0
2011-08-30 00:00:00,2920.97,2920.97,2920.97,2920.97,0
2011-09-02 00:00:00,2935.87,2935.87,2935.87,2935.87,0
2011-09-05 00:00:00,2955.08,2955.08,2955.08,2955.08,0
2011-09-06 00:00:00,2951.96,2951.96,2951.96,2951.96,0
2011-09-07 00:00:00,3003.84,3003.84,3003.84,3003.84,0
2011-09-08 00:00:00,3020.21,3020.21,3020.21,3020.21,0
2011-09-09 00:00:00,2962.02,2962.02,2962.02,2962.02,0
2011-09-12 00:00:00,2901.87,2901.87,2901.87,2901.87,0
2011-09-13 00:00:00,2899.51,2899.51,2899.51,2899.51,0
2011-09-14 00:00:00,2913.99,2913.99,2913.99,2913.99,0
2011-09-15 00:00:00,2953.78,2953.78,2953.78,2953.78,0
2011-09-16 00:00:00,2926.05,2926.05,2926.05,2926.05,0
2011-09-19 00:00:00,2918.43,2918.43,2918.43,2918.43,0
2011-09-20 00:00:00,2949.32,2949.32,2949.32,2949.32,0
2011-09-21 00:00:00,2963.87,2963.87,2963.87,2963.87,0
2011-09-22 00:00:00,2875.38,2875.38,2875.38,2875.38,0
2011-09-23 00:00:00,2854.7,2854.7,2854.7,2854.7,0
2011-09-26 00:00:00,2828.38,2828.38,2828.38,2828.38,0
2011-09-27 00:00:00,2876.76,2876.76,2876.76,2876.76,0
2011-09-28 00:00:00,2828.14,2828.14,2828.14,2828.14,0
2011-09-29 00:00:00,2849.41,2849.41,2849.41,2849.41,0
2011-09-30 00:00:00,2817.25,2817.25,2817.25,2817.25,0
2011-10-03 00:00:00,2783.73,2783.73,2783.73,2783.73,0
2011-10-04 00:00:00,2746.46,2746.46,2746.46,2746.46,0
2011-10-05 00:00:00,2719.99,2719.99,2719.99,2719.99,0
2011-10-07 00:00:00,2756.1,2756.1,2756.1,2756.1,0
2011-10-10 00:00:00,2806.44,2806.44,2806.44,2806.44,0
2011-10-11 00:00:00,2821.44,2821.44,2821.44,2821.44,0
2011-10-12 00:00:00,2880.7,2880.7,2880.7,2880.7,0
2011-10-13 00:00:00,2871.06,2871.06,2871.06,2871.06,0
2011-10-14 00:00:00,2879.43,2879.43,2879.43,2879.43,0
2011-10-17 00:00:00,2863.39,2863.39,2863.39,2863.39,0
2011-10-18 00:00:00,2823.02,2823.02,2823.02,2823.02,0
2011-10-19 00:00:00,2873.02,2873.02,2873.02,2873.02,0
2011-10-20 00:00:00,2835.85,2835.85,2835.85,2835.85,0
2011-10-21 00:00:00,2803.39,2803.39,2803.39,2803.39,0
2011-10-24 00:00:00,2776.7,2776.7,2776.7,2776.7,0
2011-10-25 00:00:00,2811.7,2811.7,2811.7,2811.7,0
2011-10-26 00:00:00,2832.7,2832.7,2832.7,2832.7,0
2011-10-28 00:00:00,2933.83,2933.83,2933.83,2933.83,0
2011-10-31 00:00:00,2935.13,2935.13,2935.13,2935.13,0
2011-11-01 00:00:00,2888.99,2888.99,2888.99,2888.99,0
2011-11-02 00:00:00,2911.98,2911.98,2911.98,2911.98,0
2011-11-03 00:00:00,2929.23,2929.23,2929.23,2929.23,0
2011-11-04 00:00:00,2945.64,2945.64,2945.64,2945.64,0
2011-11-08 00:00:00,2953.42,2953.42,2953.42,2953.42,0
2011-11-09 00:00:00,2880.34,2880.34,2880.34,2880.34,0
2011-11-11 00:00:00,2842.59,2842.59,2842.59,2842.59,0
2011-11-14 00:00:00,2784.49,2784.49,2784.49,2784.49,0
2011-11-15 00:00:00,2711.16,2711.16,2711.16,2711.16,0
2011-11-16 00:00:00,2692.42,2692.42,2692.42,2692.42,0
2011-11-17 00:00:00,2646.06,2646.06,2646.06,2646.06,0
2011-11-18 00:00:00,2626.59,2626.59,2626.59,2626.59,0
2011-11-21 00:00:00,2567.66,2567.66,2567.66,2567.66,0
2011-11-22 00:00:00,2600.95,2600.95,2600.95,2600.95,0
2011-11-23 00:00:00,2545.94,2545.94,2545.94,2545.94,0
2011-11-24 00:00:00,2588.52,2588.52,2588.52,2588.52,0
2011-11-25 00:00:00,2580.15,2580.15,2580.15,2580.15,0
2011-11-28 00:00:00,2648.32,2648.32,2648.32,2648.32,0
2011-11-29 00:00:00,2621.8,2621.8,2621.8,2621.8,0
2011-11-30 00:00:00,2619.82,2619.82,2619.82,2619.82,0
2011-12-01 00:00:00,2652.72,2652.72,2652.72,2652.72,0
2011-12-02 00:00:00,2727.2,2727.2,2727.2,2727.2,0
2011-12-05 00:00:00,2722.91,2722.91,2722.91,2722.91,0
2011-12-07 00:00:00,2733.7,2733.7,2733.7,2733.7,0
2011-12-08 00:00:00,2662.74,2662.74,2662.74,2662.74,0
2011-12-09 00:00:00,2656.85,2656.85,2656.85,2656.85,0
2011-12-12 00:00:00,2593.77,2593.77,2593.77,2593.77,0
2011-12-13 00:00:00,2596.37,2596.37,2596.37,2596.37,0
2011-12-14 00:00:00,2558.75,2558.75,2558.75,2558.75,0
2011-12-15 00:00:00,2548.32,2548.32,2548.32,2548.32,0
2011-12-16 00:00:00,2480.67,2480.67,2480.67,2480.67,0
2011-12-19 00:00:00,2439.33,2439.33,2439.33,2439.33,0
2011-12-20 00:00:00,2352.65,2352.65,2352.65,2352.65,0
2011-12-21 00:00:00,2403.95,2403.95,2403.95,2403.95,0
2011-12-22 00:00:00,2442.81,2442.81,2442.81,2442.81,0
2011-12-23 00:00:00,2403.87,2403.87,2403.87,2403.87,0
2011-12-26 00:00:00,2424.94,2424.94,2424.94,2424.94,0
2011-12-27 00:00:00,2401.17,2401.17,2401.17,2401.17,0
2011-12-28 00:00:00,2360.05,2360.05,2360.05,2360.05,0
2011-12-29 00:00:00,2324.16,2324.16,2324.16,2324.16,0
2011-12-30 00:00:00,2320.87,2320.87,2320.87,2320.87,0
2012-01-02 00:00:00,2334.87,2334.87,2334.87,2334.87,0
2012-01-03 00:00:00,2419.98,2419.98,2419.98,2419.98,0
2012-01-04 00:00:00,2433.13,2433.13,2433.13,2433.13,0
2012-01-05 00:00:00,2438.97,2438.97,2438.97,2438.97,0
2012-01-06 00:00:00,2461.41,2461.41,2461.41,2461.41,0
2012-01-07 00:00:00,2472.54,2472.54,2472.54,2472.54,0
2012-01-09 00:00:00,2477.07,2477.07,2477.07,2477.07,0
2012-01-10 00:00:00,2552.22,2552.22,2552.22,2552.22,0
2012-01-11 00:00:00,2582.85,2582.85,2582.85,2582.85,0
2012-01-12 00:00:00,2609.97,2609.97,2609.97,2609.97,0
2012-01-13 00:00:00,2649.16,2649.16,2649.16,2649.16,0
2012-01-16 00:00:00,2641.47,2641.47,2641.47,2641.47,0
2012-01-17 00:00:00,2699.81,2699.81,2699.81,2699.81,0
2012-01-18 00:00:00,2678.27,2678.27,2678.27,2678.27,0
2012-01-19 00:00:00,2729.18,2729.18,2729.18,2729.18,0
2012-01-20 00:00:00,2762.65,2762.65,2762.65,2762.65,0
2012-01-23 00:00:00,2771.84,2771.84,2771.84,2771.84,0
2012-01-24 00:00:00,2843.47,2843.47,2843.47,2843.47,0
2012-01-25 00:00:00,2901.07,2901.07,2901.07,2901.07,0
2012-01-27 00:00:00,2927.18,2927.18,2927.18,2927.18,0
2012-01-30 00:00:00,2858.38,2858.38,2858.38,2858.38,0
2012-01-31 00:00:00,2943.86,2943.86,2943.86,2943.86,0
2012-02-01 00:00:00,2981.44,2981.44,2981.44,2981.44,0
2012-02-02 00:00:00,2995.66,2995.66,2995.66,2995.66,0
2012-02-03 00:00:00,3022.95,3022.95,3022.95,3022.95,0
2012-02-06 00:00:00,3058.97,3058.97,3058.97,3058.97,0
2012-02-07 00:00:00,3054.33,3054.33,3054.33,3054.33,0
2012-02-08 00:00:00,3098.58,3098.58,3098.58,3098.58,0
2012-02-09 00:00:00,3149.95,3149.95,3149.95,3149.95,0
2012-02-10 00:00:00,3166.3,3166.3,3166.3,3166.3,0
2012-02-13 00:00:00,3192.21,3192.21,3192.21,3192.21,0
2012-02-14 00:00:00,3251.1,3251.1,3251.1,3251.1,0
2012-02-15 00:00:00,3343.26,3343.26,3343.26,3343.26,0
2012-02-16 00:00:00,3352.22,3352.22,3352.22,3352.22,0
2012-02-17 00:00:00,3371.17,3371.17,3371.17,3371.17,0
2012-02-21 00:00:00,3409.12,3409.12,3409.12,3409.12,0
2012-02-22 00:00:00,3265.65,3265.65,3265.65,3265.65,0
2012-02-23 00:00:00,3247.84,3247.84,3247.84,3247.84,0
2012-02-24 00:00:00,3213.31,3213.31,3213.31,3213.31,0
2012-02-27 00:00:00,3075.51,3075.51,3075.51,3075.51,0
2012-02-28 00:00:00,3222.59,3222.59,3222.59,3222.59,0
2012-02-29 00:00:00,3267.75,3267.75,3267.75,3267.75,0
2012-03-01 00:00:00,3244.61,3244.61,3244.61,3244.61,0
2012-03-02 00:00:00,3252.13,3252.13,3252.13,3252.13,0
2012-03-03 00:00:00,3261.55,3261.55,3261.55,3261.55,0
2012-03-05 00:00:00,3234.67,3234.67,3234.67,3234.67,0
2012-03-06 00:00:00,3174.79,3174.79,3174.79,3174.79,0
2012-03-07 00:00:00,3180.64,3180.64,3180.64,3180.64,0
2012-03-09 00:00:00,3286.78,3286.78,3286.78,3286.78,0
2012-03-12 00:00:00,3328.92,3328.92,3328.92,3328.92,0
2012-03-13 00:00:00,3355.8,3355.8,3355.8,3355.8,0
2012-03-14 00:00:00,3393.43,3393.43,3393.43,3393.43,0
2012-03-15 00:00:00,3292.46,3292.46,3292.46,3292.46,0
2012-03-16 00:00:00,3248.19,3248.19,3248.19,3248.19,0
2012-03-19 00:00:00,3183.59,3183.59,3183.59,3183.59,0
2012-03-20 00:00:00,3209.07,3209.07,3209.07,3209.07,0
2012-03-21 00:00:00,3288.51,3288.51,3288.51,3288.51,0
2012-03-22 00:00:00,3174.01,3174.01,3174.01,3174.01,0
2012-03-23 00:00:00,3204.03,3204.03,3204.03,3204.03,0
2012-03-26 00:00:00,3124.21,3124.21,3124.21,3124.21,0
2012-03-27 00:00:00,3143.57,3143.57,3143.57,3143.57,0
2012-03-28 00:00:00,3096.77,3096.77,3096.77,3096.77,0
2012-03-29 00:00:00,3083.82,3083.82,3083.82,3083.82,0
2012-03-30 00:00:00,3188.82,3188.82,3188.82,3188.82,0
2012-04-02 00:00:00,3209.96,3209.96,3209.96,3209.96,0
2012-04-03 00:00:00,3235.53,3235.53,3235.53,3235.53,0
2012-04-04 00:00:00,3222.18,3222.18,3222.18,3222.18,0
2012-04-09 00:00:00,3148.73,3148.73,3148.73,3148.73,0
2012-04-10 00:00:00,3166.01,3166.01,3166.01,3166.01,0
2012-04-11 00:00:00,3139.4,3139.4,3139.4,3139.4,0
2012-04-12 00:00:00,3186.44,3186.44,3186.44,3186.44,0
2012-04-13 00:00:00,3147.52,3147.52,3147.52,3147.52,0
2012-04-16 00:00:00,3184.09,3184.09,3184.09,3184.09,0
2012-04-17 00:00:00,3228.21,3228.21,3228.21,3228.21,0
2012-04-18 00:00:00,3233.08,3233.08,3233.08,3233.08,0
2012-04-19 00:00:00,3232.91,3232.91,3232.91,3232.91,0
2012-04-20 00:00:00,3204.32,3204.32,3204.32,3204.32,0
2012-04-23 00:00:00,3121.59,3121.59,3121.59,3121.59,0
2012-04-24 00:00:00,3133.67,3133.67,3133.67,3133.67,0
2012-04-25 00:00:00,3096.42,3096.42,3096.42,3096.42,0
2012-04-26 00:00:00,3047.05,3047.05,3047.05,3047.05,0
2012-04-27 00:00:00,3035.3,3035.3,3035.3,3035.3,0
2012-04-28 00:00:00,3061.99,3061.99,3061.99,3061.99,0
2012-04-30 00:00:00,3087.13,3087.13,3087.13,3087.13,0
2012-05-02 00:00:00,3084.22,3084.22,3084.22,3084.22,0
2012-05-03 00:00:00,3046.54,3046.54,3046.54,3046.54,0
2012-05-04 00:00:00,2989.44,2989.44,2989.44,2989.44,0
2012-05-07 00:00:00,3027.1,3027.1,3027.1,3027.1,0
2012-05-08 00:00:00,2958.61,2958.61,2958.61,2958.61,0
2012-05-09 00:00:00,2908.88,2908.88,2908.88,2908.88,0
2012-05-10 00:00:00,2911.98,2911.98,2911.98,2911.98,0
2012-05-11 00:00:00,2883.97,2883.97,2883.97,2883.97,0
2012-05-14 00:00:00,2854.1,2854.1,2854.1,2854.1,0
2012-05-15 00:00:00,2883.92,2883.92,2883.92,2883.92,0
2012-05-16 00:00:00,2840.06,2840.06,2840.06,2840.06,0
2012-05-17 00:00:00,2830.24,2830.24,2830.24,2830.24,0
2012-05-18 00:00:00,2827.41,2827.41,2827.41,2827.41,0
2012-05-21 00:00:00,2849.32,2849.32,2849.32,2849.32,0
2012-05-22 00:00:00,2811.64,2811.64,2811.64,2811.64,0
2012-05-23 00:00:00,2793.53,2793.53,2793.53,2793.53,0
2012-05-24 00:00:00,2823.37,2823.37,2823.37,2823.37,0
2012-05-25 00:00:00,2834.99,2834.99,2834.99,2834.99,0
2012-05-28 00:00:00,2888.11,2888.11,2888.11,2888.11,0
2012-05-29 00:00:00,2858.96,2858.96,2858.96,2858.96,0
2012-05-30 00:00:00,2795.35,2795.35,2795.35,2795.35,0
2012-05-31 00:00:00,2821.16,2821.16,2821.16,2821.16,0
2012-06-01 00:00:00,2779.06,2779.06,2779.06,2779.06,0
2012-06-04 00:00:00,2788.68,2788.68,2788.68,2788.68,0
2012-06-05 00:00:00,2800.03,2800.03,2800.03,2800.03,0
2012-06-06 00:00:00,2870.67,2870.67,2870.67,2870.67,0
2012-06-07 00:00:00,2884.06,2884.06,2884.06,2884.06,0
2012-06-08 00:00:00,2913.93,2913.93,2913.93,2913.93,0
2012-06-11 00:00:00,2916.01,2916.01,2916.01,2916.01,0
2012-06-12 00:00:00,2970.98,2970.98,2970.98,2970.98,0
2012-06-13 00:00:00,2969.15,2969.15,2969.15,2969.15,0
2012-06-14 00:00:00,2930.83,2930.83,2930.83,2930.83,0
2012-06-15 00:00:00,2969.77,2969.77,2969.77,2969.77,0
2012-06-18 00:00:00,2918.09,2918.09,2918.09,2918.09,0
2012-06-19 00:00:00,2938.87,2938.87,2938.87,2938.87,0
2012-06-20 00:00:00,2972.49,2972.49,2972.49,2972.49,0
2012-06-21 00:00:00,3010.05,3010.05,3010.05,3010.05,0
2012-06-22 00:00:00,2998.03,2998.03,2998.03,2998.03,0
2012-06-25 00:00:00,2981.03,2981.03,2981.03,2981.03,0
2012-06-26 00:00:00,2989.51,2989.51,2989.51,2989.51,0
2012-06-27 00:00:00,2994.94,2994.94,2994.94,2994.94,0
2012-06-28 00:00:00,2981.15,2981.15,2981.15,2981.15,0
2012-06-29 00:00:00,3043.61,3043.61,3043.61,3043.61,0
2012-07-02 00:00:00,3065.63,3065.63,3065.63,3065.63,0
2012-07-03 00:00:00,3107.53,3107.53,3107.53,3107.53,0
2012-07-04 00:00:00,3119.26,3119.26,3119.26,3119.26,0
2012-07-05 00:00:00,3138.67,3138.67,3138.67,3138.67,0
2012-07-06 00:00:00,3131.82,3131.82,3131.82,3131.82,0
2012-07-09 00:00:00,3079.46,3079.46,3079.46,3079.46,0
2012-07-10 00:00:00,3122.51,3122.51,3122.51,3122.51,0
2012-07-11 00:00:00,3107.26,3107.26,3107.26,3107.26,0
2012-07-12 00:00:00,3095.96,3095.96,3095.96,3095.96,0
2012-07-13 00:00:00,3079.91,3079.91,3079.91,3079.91,0
2012-07-16 00:00:00,3046.01,3046.01,3046.01,3046.01,0
2012-07-17 00:00:00,3012.83,3012.83,3012.83,3012.83,0
2012-07-18 00:00:00,3011.28,3011.28,3011.28,3011.28,0
2012-07-19 00:00:00,3018.38,3018.38,3018.38,3018.38,0
2012-07-20 00:00:00,2994.02,2994.02,2994.02,2994.02,0
2012-07-23 00:00:00,2933.14,2933.14,2933.14,2933.14,0
2012-07-24 00:00:00,2936.89,2936.89,2936.89,2936.89,0
2012-07-25 00:00:00,2898.77,2898.77,2898.77,2898.77,0
2012-07-26 00:00:00,2819.98,2819.98,2819.98,2819.98,0
2012-07-27 00:00:00,2782.26,2782.26,2782.26,2782.26,0
2012-07-30 00:00:00,2859.58,2859.58,2859.58,2859.58,0
2012-07-31 00:00:00,2871.01,2871.01,2871.01,2871.01,0
2012-08-01 00:00:00,2887.26,2887.26,2887.26,2887.26,0
2012-08-02 00:00:00,2871.34,2871.34,2871.34,2871.34,0
2012-08-03 00:00:00,2852.44,2852.44,2852.44,2852.44,0
2012-08-06 00:00:00,2857.81,2857.81,2857.81,2857.81,0
2012-08-07 00:00:00,2858.64,2858.64,2858.64,2858.64,0
2012-08-08 00:00:00,2853.36,2853.36,2853.36,2853.36,0
2012-08-09 00:00:00,2816.21,2816.21,2816.21,2816.21,0
2012-08-10 00:00:00,2819.57,2819.57,2819.57,2819.57,0
2012-08-13 00:00:00,2830.98,2830.98,2830.98,2830.98,0
2012-08-14 00:00:00,2845.84,2845.84,2845.84,2845.84,0
2012-08-16 00:00:00,2827.43,2827.43,2827.43,2827.43,0
2012-08-17 00:00:00,2816.86,2816.86,2816.86,2816.86,0
2012-08-21 00:00:00,2813.47,2813.47,2813.47,2813.47,0
2012-08-22 00:00:00,2807.54,2807.54,2807.54,2807.54,0
2012-08-23 00:00:00,2802.05,2802.05,2802.05,2802.05,0
2012-08-24 00:00:00,2758.66,2758.66,2758.66,2758.66,0
2012-08-27 00:00:00,2713.71,2713.71,2713.71,2713.71,0
2012-08-28 00:00:00,2679.53,2679.53,2679.53,2679.53,0
2012-08-29 00:00:00,2648.96,2648.96,2648.96,2648.96,0
2012-08-30 00:00:00,2654.47,2654.47,2654.47,2654.47,0
2012-08-31 00:00:00,2625.15,2625.15,2625.15,2625.15,0
2012-09-03 00:00:00,2618.4,2618.4,2618.4,2618.4,0
2012-09-04 00:00:00,2643.44,2643.44,2643.44,2643.44,0
2012-09-05 00:00:00,2624.45,2624.45,2624.45,2624.45,0
2012-09-06 00:00:00,2626.81,2626.81,2626.81,2626.81,0
2012-09-07 00:00:00,2674.48,2674.48,2674.48,2674.48,0
2012-09-08 00:00:00,2683.16,2683.16,2683.16,2683.16,0
2012-09-10 00:00:00,2689.5,2689.5,2689.5,2689.5,0
2012-09-11 00:00:00,2709.7,2709.7,2709.7,2709.7,0
2012-09-12 00:00:00,2706.17,2706.17,2706.17,2706.17,0
2012-09-13 00:00:00,2689.12,2689.12,2689.12,2689.12,0
2012-09-14 00:00:00,2739.96,2739.96,2739.96,2739.96,0
2012-09-17 00:00:00,2798.58,2798.58,2798.58,2798.58,0
2012-09-18 00:00:00,2885.86,2885.86,2885.86,2885.86,0
2012-09-20 00:00:00,2884.37,2884.37,2884.37,2884.37,0
2012-09-21 00:00:00,2973.32,2973.32,2973.32,2973.32,0
2012-09-24 00:00:00,2981.59,2981.59,2981.59,2981.59,0
2012-09-25 00:00:00,2973.49,2973.49,2973.49,2973.49,0
2012-09-26 00:00:00,2961.75,2961.75,2961.75,2961.75,0
2012-09-27 00:00:00,2964.36,2964.36,2964.36,2964.36,0
2012-09-28 00:00:00,2999.09,2999.09,2999.09,2999.09,0
2012-10-01 00:00:00,3020.97,3020.97,3020.97,3020.97,0
2012-10-03 00:00:00,3022.85,3022.85,3022.85,3022.85,0
2012-10-04 00:00:00,3046.4,3046.4,3046.4,3046.4,0
2012-10-05 00:00:00,3013.68,3013.68,3013.68,3013.68,0
2012-10-08 00:00:00,2982.51,2982.51,2982.51,2982.51,0
2012-10-09 00:00:00,2984.16,2984.16,2984.16,2984.16,0
2012-10-10 00:00:00,2941.45,2941.45,2941.45,2941.45,0
2012-10-11 00:00:00,3001.65,3001.65,3001.65,3001.65,0
2012-10-12 00:00:00,2998.11,2998.11,2998.11,2998.11,0
2012-10-15 00:00:00,3002.85,3002.85,3002.85,3002.85,0
2012-10-16 00:00:00,2945.14,2945.14,2945.14,2945.14,0
2012-10-17 00:00:00,2950.5,2950.5,2950.5,2950.5,0
2012-10-18 00:00:00,3015.81,3015.81,3015.81,3015.81,0
2012-10-19 00:00:00,2997.01,2997.01,2997.01,2997.01,0
2012-10-22 00:00:00,2989.33,2989.33,2989.33,2989.33,0
2012-10-23 00:00:00,2972.35,2972.35,2972.35,2972.35,0
2012-10-25 00:00:00,2961.08,2961.08,2961.08,2961.08,0
2012-10-26 00:00:00,2909.05,2909.05,2909.05,2909.05,0
2012-10-29 00:00:00,2893.67,2893.67,2893.67,2893.67,0
2012-10-30 00:00:00,2816.31,2816.31,2816.31,2816.31,0
2012-10-31 00:00:00,2849.41,2849.41,2849.41,2849.41,0
2012-11-01 00:00:00,2887.2,2887.2,2887.2,2887.2,0
2012-11-02 00:00:00,2936.75,2936.75,2936.75,2936.75,0
2012-11-05 00:00:00,2917.48,2917.48,2917.48,2917.48,0
2012-11-06 00:00:00,2917.53,2917.53,2917.53,2917.53,0
2012-11-07 00:00:00,2971.43,2971.43,2971.43,2971.43,0
2012-11-08 00:00:00,3000.68,3000.68,3000.68,3000.68,0
2012-11-09 00:00:00,2950.98,2950.98,2950.98,2950.98,0
2012-11-12 00:00:00,2962.9,2962.9,2962.9,2962.9,0
2012-11-13 00:00:00,2960.34,2960.34,2960.34,2960.34,0
2012-11-15 00:00:00,2951.89,2951.89,2951.89,2951.89,0
2012-11-16 00:00:00,2896.21,2896.21,2896.21,2896.21,0
2012-11-19 00:00:00,2864.83,2864.83,2864.83,2864.83,0
2012-11-20 00:00:00,2830.76,2830.76,2830.76,2830.76,0
2012-11-21 00:00:00,2867.18,2867.18,2867.18,2867.18,0
2012-11-22 00:00:00,2878.86,2878.86,2878.86,2878.86,0
2012-11-23 00:00:00,2876.7,2876.7,2876.7,2876.7,0
2012-11-26 00:00:00,2885.18,2885.18,2885.18,2885.18,0
2012-11-27 00:00:00,2929.42,2929.42,2929.42,2929.42,0
2012-11-29 00:00:00,2973.06,2973.06,2973.06,2973.06,0
2012-11-30 00:00:00,3043.52,3043.52,3043.52,3043.52,0
2012-12-03 00:00:00,3051.42,3051.42,3051.42,3051.42,0
2012-12-04 00:00:00,3080.72,3080.72,3080.72,3080.72,0
2012-12-05 00:00:00,3119.73,3119.73,3119.73,3119.73,0
2012-12-06 00:00:00,3168.29,3168.29,3168.29,3168.29,0
2012-12-07 00:00:00,3163.06,3163.06,3163.06,3163.06,0
2012-12-10 00:00:00,3219.87,3219.87,3219.87,3219.87,0
2012-12-11 00:00:00,3176.86,3176.86,3176.86,3176.86,0
2012-12-12 00:00:00,3174.47,3174.47,3174.47,3174.47,0
2012-12-13 00:00:00,3132.23,3132.23,3132.23,3132.23,0
2012-12-14 00:00:00,3177.36,3177.36,3177.36,3177.36,0
2012-12-17 00:00:00,3201.64,3201.64,3201.64,3201.64,0
2012-12-18 00:00:00,3241.24,3241.24,3241.24,3241.24,0
2012-12-19 00:00:00,3264.34,3264.34,3264.34,3264.34,0
2012-12-20 00:00:00,3268.69,3268.69,3268.69,3268.69,0
2012-12-21 00:00:00,3202.1,3202.1,3202.1,3202.1,0
2012-12-24 00:00:00,3204.66,3204.66,3204.66,3204.66,0
2012-12-26 00:00:00,3236.1,3236.1,3236.1,3236.1,0
2012-12-27 00:00:00,3233.47,3233.47,3233.47,3233.47,0
2012-12-28 00:00:00,3266.85,3266.85,3266.85,3266.85,0
2012-12-31 00:00:00,3289.02,3289.02,3289.02,3289.02,0
2013-01-01 00:00:00,3359.34,3359.34,3359.34,3359.34,0
2013-01-02 00:00:00,3378.76,3378.76,3378.76,3378.76,0
2013-01-03 00:00:00,3396.13,3396.13,3396.13,3396.13,0
2013-01-04 00:00:00,3433.29,3433.29,3433.29,3433.29,0
2013-01-07 00:00:00,3448.19,3448.19,3448.19,3448.19,0
2013-01-08 00:00:00,3450.22,3450.22,3450.22,3450.22,0
2013-01-09 00:00:00,3439.64,3439.64,3439.64,3439.64,0
2013-01-10 00:00:00,3433.22,3433.22,3433.22,3433.22,0
2013-01-11 00:00:00,3373.56,3373.56,3373.56,3373.56,0
2013-01-14 00:00:00,3447.85,3447.85,3447.85,3447.85,0
2013-01-15 00:00:00,3467.47,3467.47,3467.47,3467.47,0
2013-01-16 00:00:00,3388.53,3388.53,3388.53,3388.53,0
2013-01-17 00:00:00,3431.51,3431.51,3431.51,3431.51,0
2013-01-18 00:00:00,3486.05,3486.05,3486.05,3486.05,0
2013-01-21 00:00:00,3501.67,3501.67,3501.67,3501.67,0
2013-01-22 00:00:00,3435.3,3435.3,3435.3,3435.3,0
2013-01-23 00:00:00,3379.74,3379.74,3379.74,3379.74,0
2013-01-24 00:00:00,3264.58,3264.58,3264.58,3264.58,0
2013-01-25 00:00:00,3359.91,3359.91,3359.91,3359.91,0
2013-01-28 00:00:00,3344.04,3344.04,3344.04,3344.04,0
2013-01-29 00:00:00,3285.13,3285.13,3285.13,3285.13,0
2013-01-30 00:00:00,3263.13,3263.13,3263.13,3263.13,0
2013-01-31 00:00:00,3328.51,3328.51,3328.51,3328.51,0
2013-02-01 00:00:00,3300.19,3300.19,3300.19,3300.19,0
2013-02-04 00:00:00,3242.14,3242.14,3242.14,3242.14,0
2013-02-05 00:00:00,3227.92,3227.92,3227.92,3227.92,0
2013-02-06 00:00:00,3241.6,3241.6,3241.6,3241.6,0
2013-02-07 00:00:00,3194.42,3194.42,3194.42,3194.42,0
2013-02-08 00:00:00,3151.35,3151.35,3151.35,3151.35,0
2013-02-11 00:00:00,3157.76,3157.76,3157.76,3157.76,0
2013-02-12 00:00:00,3170.3,3170.3,3170.3,3170.3,0
2013-02-13 00:00:00,3122.14,3122.14,3122.14,3122.14,0
2013-02-14 00:00:00,3085.44,3085.44,3085.44,3085.44,0
2013-02-15 00:00:00,3099.56,3099.56,3099.56,3099.56,0
2013-02-18 00:00:00,3130.21,3130.21,3130.21,3130.21,0
2013-02-19 00:00:00,3166.02,3166.02,3166.02,3166.02,0
2013-02-20 00:00:00,3152.22,3152.22,3152.22,3152.22,0
2013-02-21 00:00:00,3078.82,3078.82,3078.82,3078.82,0
2013-02-22 00:00:00,3081.96,3081.96,3081.96,3081.96,0
2013-02-25 00:00:00,3048.96,3048.96,3048.96,3048.96,0
2013-02-26 00:00:00,2968.32,2968.32,2968.32,2968.32,0
2013-02-27 00:00:00,3014.33,3014.33,3014.33,3014.33,0
2013-02-28 00:00:00,2875.75,2875.75,2875.75,2875.75,0
2013-03-01 00:00:00,2901.17,2901.17,2901.17,2901.17,0
2013-03-04 00:00:00,2841.16,2841.16,2841.16,2841.16,0
2013-03-05 00:00:00,2913.47,2913.47,2913.47,2913.47,0
2013-03-06 00:00:00,2951.44,2951.44,2951.44,2951.44,0
2013-03-07 00:00:00,2953.1,2953.1,2953.1,2953.1,0
2013-03-08 00:00:00,2990.27,2990.27,2990.27,2990.27,0
2013-03-11 00:00:00,2992.35,2992.35,2992.35,2992.35,0
2013-03-12 00:00:00,2965.44,2965.44,2965.44,2965.44,0
2013-03-13 00:00:00,2902.62,2902.62,2902.62,2902.62,0
2013-03-14 00:00:00,2953.8,2953.8,2953.8,2953.8,0
2013-03-15 00:00:00,2939.02,2939.02,2939.02,2939.02,0
2013-03-18 00:00:00,2915.32,2915.32,2915.32,2915.32,0
2013-03-19 00:00:00,2833.41,2833.41,2833.41,2833.41,0
2013-03-20 00:00:00,2759.63,2759.63,2759.63,2759.63,0
2013-03-21 00:00:00,2684.49,2684.49,2684.49,2684.49,0
2013-03-22 00:00:00,2701.91,2701.91,2701.91,2701.91,0
2013-03-25 00:00:00,2669.34,2669.34,2669.34,2669.34,0
2013-03-26 00:00:00,2650.11,2650.11,2650.11,2650.11,0
2013-03-28 00:00:00,2698.46,2698.46,2698.46,2698.46,0
2013-04-01 00:00:00,2727.67,2727.67,2727.67,2727.67,0
2013-04-02 00:00:00,2797.43,2797.43,2797.43,2797.43,0
2013-04-03 00:00:00,2743.64,2743.64,2743.64,2743.64,0
2013-04-04 00:00:00,2699.63,2699.63,2699.63,2699.63,0
2013-04-05 00:00:00,2715.18,2715.18,2715.18,2715.18,0
2013-04-08 00:00:00,2705.77,2705.77,2705.77,2705.77,0
2013-04-09 00:00:00,2672.75,2672.75,2672.75,2672.75,0
2013-04-10 00:00:00,2714.1,2714.1,2714.1,2714.1,0
2013-04-11 00:00:00,2706.28,2706.28,2706.28,2706.28,0
2013-04-12 00:00:00,2740.55,2740.55,2740.55,2740.55,0
2013-04-15 00:00:00,2787.79,2787.79,2787.79,2787.79,0
2013-04-16 00:00:00,2842.83,2842.83,2842.83,2842.83,0
2013-04-17 00:00:00,2828.48,2828.48,2828.48,2828.48,0
2013-04-18 00:00:00,2886.63,2886.63,2886.63,2886.63,0
2013-04-22 00:00:00,2956.58,2956.58,2956.58,2956.58,0
2013-04-23 00:00:00,2936.67,2936.67,2936.67,2936.67,0
2013-04-25 00:00:00,2960.39,2960.39,2960.39,2960.39,0
2013-04-26 00:00:00,2911.6,2911.6,2911.6,2911.6,0
2013-04-29 00:00:00,2949.0,2949.0,2949.0,2949.0,0
2013-04-30 00:00:00,2928.62,2928.62,2928.62,2928.62,0
2013-05-02 00:00:00,2969.95,2969.95,2969.95,2969.95,0
2013-05-03 00:00:00,2931.16,2931.16,2931.16,2931.16,0
2013-05-06 00:00:00,2960.72,2960.72,2960.72,2960.72,0
2013-05-07 00:00:00,2975.03,2975.03,2975.03,2975.03,0
2013-05-08 00:00:00,2960.35,2960.35,2960.35,2960.35,0
2013-05-09 00:00:00,2968.44,2968.44,2968.44,2968.44,0
2013-05-10 00:00:00,2997.65,2997.65,2997.65,2997.65,0
2013-05-11 00:00:00,3008.82,3008.82,3008.82,3008.82,0
2013-05-13 00:00:00,2924.62,2924.62,2924.62,2924.62,0
2013-05-14 00:00:00,2945.96,2945.96,2945.96,2945.96,0
2013-05-15 00:00:00,3037.64,3037.64,3037.64,3037.64,0
2013-05-16 00:00:00,3054.74,3054.74,3054.74,3054.74,0
2013-05-17 00:00:00,3060.34,3060.34,3060.34,3060.34,0
2013-05-20 00:00:00,3049.29,3049.29,3049.29,3049.29,0
2013-05-21 00:00:00,3013.58,3013.58,3013.58,3013.58,0
2013-05-22 00:00:00,2948.91,2948.91,2948.91,2948.91,0
2013-05-23 00:00:00,2865.94,2865.94,2865.94,2865.94,0
2013-05-24 00:00:00,2888.81,2888.81,2888.81,2888.81,0
2013-05-27 00:00:00,2921.75,2921.75,2921.75,2921.75,0
2013-05-28 00:00:00,2938.95,2938.95,2938.95,2938.95,0
2013-05-29 00:00:00,2901.82,2901.82,2901.82,2901.82,0
2013-05-30 00:00:00,2903.44,2903.44,2903.44,2903.44,0
2013-05-31 00:00:00,2818.6,2818.6,2818.6,2818.6,0
2013-06-03 00:00:00,2827.85,2827.85,2827.85,2827.85,0
2013-06-04 00:00:00,2814.92,2814.92,2814.92,2814.92,0
2013-06-05 00:00:00,2831.83,2831.83,2831.83,2831.83,0
2013-06-06 00:00:00,2852.47,2852.47,2852.47,2852.47,0
2013-06-07 00:00:00,2806.73,2806.73,2806.73,2806.73,0
2013-06-10 00:00:00,2758.52,2758.52,2758.52,2758.52,0
2013-06-11 00:00:00,2689.66,2689.66,2689.66,2689.66,0
2013-06-12 00:00:00,2688.22,2688.22,2688.22,2688.22,0
2013-06-13 00:00:00,2640.64,2640.64,2640.64,2640.64,0
2013-06-14 00:00:00,2707.86,2707.86,2707.86,2707.86,0
2013-06-17 00:00:00,2715.9,2715.9,2715.9,2715.9,0
2013-06-18 00:00:00,2720.66,2720.66,2720.66,2720.66,0
2013-06-19 00:00:00,2730.34,2730.34,2730.34,2730.34,0
2013-06-20 00:00:00,2613.29,2613.29,2613.29,2613.29,0
2013-06-21 00:00:00,2537.6,2537.6,2537.6,2537.6,0
2013-06-24 00:00:00,2453.39,2453.39,2453.39,2453.39,0
2013-06-25 00:00:00,2450.53,2450.53,2450.53,2450.53,0
2013-06-26 00:00:00,2430.75,2430.75,2430.75,2430.75,0
2013-06-27 00:00:00,2428.6,2428.6,2428.6,2428.6,0
2013-06-28 00:00:00,2526.57,2526.57,2526.57,2526.57,0
2013-07-01 00:00:00,2622.12,2622.12,2622.12,2622.12,0
2013-07-02 00:00:00,2591.67,2591.67,2591.67,2591.67,0
2013-07-03 00:00:00,2489.91,2489.91,2489.91,2489.91,0
2013-07-04 00:00:00,2507.25,2507.25,2507.25,2507.25,0
2013-07-05 00:00:00,2521.27,2521.27,2521.27,2521.27,0
2013-07-08 00:00:00,2508.84,2508.84,2508.84,2508.84,0
2013-07-09 00:00:00,2546.15,2546.15,2546.15,2546.15,0
2013-07-10 00:00:00,2501.3,2501.3,2501.3,2501.3,0
2013-07-11 00:00:00,2542.51,2542.51,2542.51,2542.51,0
2013-07-12 00:00:00,2548.27,2548.27,2548.27,2548.27,0
2013-07-15 00:00:00,2586.03,2586.03,2586.03,2586.03,0
2013-07-16 00:00:00,2505.13,2505.13,2505.13,2505.13,0
2013-07-17 00:00:00,2446.53,2446.53,2446.53,2446.53,0
2013-07-18 00:00:00,2500.06,2500.06,2500.06,2500.06,0
2013-07-19 00:00:00,2474.47,2474.47,2474.47,2474.47,0
2013-07-22 00:00:00,2475.22,2475.22,2475.22,2475.22,0
2013-07-23 00:00:00,2497.37,2497.37,2497.37,2497.37,0
2013-07-24 00:00:00,2420.3,2420.3,2420.3,2420.3,0
2013-07-25 00:00:00,2388.81,2388.81,2388.81,2388.81,0
2013-07-26 00:00:00,2322.52,2322.52,2322.52,2322.52,0
2013-07-29 00:00:00,2269.39,2269.39,2269.39,2269.39,0
2013-07-30 00:00:00,2171.44,2171.44,2171.44,2171.44,0
2013-07-31 00:00:00,2230.09,2230.09,2230.09,2230.09,0
2013-08-01 00:00:00,2133.88,2133.88,2133.88,2133.88,0
2013-08-02 00:00:00,2061.49,2061.49,2061.49,2061.49,0
2013-08-05 00:00:00,2086.69,2086.69,2086.69,2086.69,0
2013-08-06 00:00:00,2022.46,2022.46,2022.46,2022.46,0
2013-08-07 00:00:00,2072.58,2072.58,2072.58,2072.58,0
2013-08-08 00:00:00,2098.54,2098.54,2098.54,2098.54,0
2013-08-12 00:00:00,2133.82,2133.82,2133.82,2133.82,0
2013-08-13 00:00:00,2168.4,2168.4,2168.4,2168.4,0
2013-08-14 00:00:00,2216.63,2216.63,2216.63,2216.63,0
2013-08-16 00:00:00,2079.7,2079.7,2079.7,2079.7,0
2013-08-19 00:00:00,2052.48,2052.48,2052.48,2052.48,0
2013-08-20 00:00:00,2093.08,2093.08,2093.08,2093.08,0
2013-08-21 00:00:00,2028.84,2028.84,2028.84,2028.84,0
2013-08-22 00:00:00,2119.74,2119.74,2119.74,2119.74,0
2013-08-23 00:00:00,2139.98,2139.98,2139.98,2139.98,0
2013-08-26 00:00:00,2148.8,2148.8,2148.8,2148.8,0
2013-08-27 00:00:00,2064.55,2064.55,2064.55,2064.55,0
2013-08-28 00:00:00,2042.76,2042.76,2042.76,2042.76,0
2013-08-29 00:00:00,2090.09,2090.09,2090.09,2090.09,0
2013-08-30 00:00:00,2095.98,2095.98,2095.98,2095.98,0
2013-09-02 00:00:00,2146.21,2146.21,2146.21,2146.21,0
2013-09-03 00:00:00,2070.69,2070.69,2070.69,2070.69,0
2013-09-04 00:00:00,2118.54,2118.54,2118.54,2118.54,0
2013-09-05 00:00:00,2197.69,2197.69,2197.69,2197.69,0
2013-09-06 00:00:00,2214.01,2214.01,2214.01,2214.01,0
2013-09-10 00:00:00,2259.27,2259.27,2259.27,2259.27,0
2013-09-11 00:00:00,2346.96,2346.96,2346.96,2346.96,0
2013-09-12 00:00:00,2309.94,2309.94,2309.94,2309.94,0
2013-09-13 00:00:00,2355.96,2355.96,2355.96,2355.96,0
2013-09-16 00:00:00,2351.68,2351.68,2351.68,2351.68,0
2013-09-17 00:00:00,2341.03,2341.03,2341.03,2341.03,0
2013-09-18 00:00:00,2355.65,2355.65,2355.65,2355.65,0
2013-09-19 00:00:00,2501.06,2501.06,2501.06,2501.06,0
2013-09-20 00:00:00,2425.85,2425.85,2425.85,2425.85,0
2013-09-23 00:00:00,2366.15,2366.15,2366.15,2366.15,0
2013-09-24 00:00:00,2354.26,2354.26,2354.26,2354.26,0
2013-09-25 00:00:00,2371.37,2371.37,2371.37,2371.37,0
2013-09-26 00:00:00,2360.12,2360.12,2360.12,2360.12,0
2013-09-27 00:00:00,2343.81,2343.81,2343.81,2343.81,0
2013-09-30 00:00:00,2288.99,2288.99,2288.99,2288.99,0
2013-10-01 00:00:00,2317.03,2317.03,2317.03,2317.03,0
2013-10-03 00:00:00,2391.43,2391.43,2391.43,2391.43,0
2013-10-04 00:00:00,2395.12,2395.12,2395.12,2395.12,0
2013-10-07 00:00:00,2411.78,2411.78,2411.78,2411.78,0
2013-10-08 00:00:00,2410.59,2410.59,2410.59,2410.59,0
2013-10-09 00:00:00,2438.98,2438.98,2438.98,2438.98,0
2013-10-10 00:00:00,2442.35,2442.35,2442.35,2442.35,0
2013-10-11 00:00:00,2461.76,2461.76,2461.76,2461.76,0
2013-10-14 00:00:00,2473.53,2473.53,2473.53,2473.53,0
2013-10-15 00:00:00,2405.01,2405.01,2405.01,2405.01,0
2013-10-17 00:00:00,2378.16,2378.16,2378.16,2378.16,0
2013-10-18 00:00:00,2434.67,2434.67,2434.67,2434.67,0
2013-10-21 00:00:00,2477.47,2477.47,2477.47,2477.47,0
2013-10-22 00:00:00,2485.85,2485.85,2485.85,2485.85,0
2013-10-23 00:00:00,2500.57,2500.57,2500.57,2500.57,0
2013-10-24 00:00:00,2493.79,2493.79,2493.79,2493.79,0
2013-10-25 00:00:00,2448.21,2448.21,2448.21,2448.21,0
2013-10-28 00:00:00,2399.22,2399.22,2399.22,2399.22,0
2013-10-29 00:00:00,2470.08,2470.08,2470.08,2470.08,0
2013-10-30 00:00:00,2463.33,2463.33,2463.33,2463.33,0
2013-10-31 00:00:00,2596.77,2596.77,2596.77,2596.77,0
2013-11-01 00:00:00,2688.93,2688.93,2688.93,2688.93,0
2013-11-03 00:00:00,2727.52,2727.52,2727.52,2727.52,0
2013-11-05 00:00:00,2787.29,2787.29,2787.29,2787.29,0
2013-11-06 00:00:00,2724.62,2724.62,2724.62,2724.62,0
2013-11-07 00:00:00,2644.06,2644.06,2644.06,2644.06,0
2013-11-08 00:00:00,2650.81,2650.81,2650.81,2650.81,0
2013-11-11 00:00:00,2591.58,2591.58,2591.58,2591.58,0
2013-11-12 00:00:00,2557.75,2557.75,2557.75,2557.75,0
2013-11-13 00:00:00,2542.17,2542.17,2542.17,2542.17,0
2013-11-14 00:00:00,2600.53,2600.53,2600.53,2600.53,0
2013-11-18 00:00:00,2683.01,2683.01,2683.01,2683.01,0
2013-11-19 00:00:00,2704.55,2704.55,2704.55,2704.55,0
2013-11-20 00:00:00,2652.31,2652.31,2652.31,2652.31,0
2013-11-21 00:00:00,2575.1,2575.1,2575.1,2575.1,0
2013-11-22 00:00:00,2563.22,2563.22,2563.22,2563.22,0
2013-11-25 00:00:00,2642.3,2642.3,2642.3,2642.3,0
2013-11-26 00:00:00,2581.54,2581.54,2581.54,2581.54,0
2013-11-27 00:00:00,2588.34,2588.34,2588.34,2588.34,0
2013-11-28 00:00:00,2605.43,2605.43,2605.43,2605.43,0
2013-11-29 00:00:00,2679.42,2679.42,2679.42,2679.42,0
2013-12-02 00:00:00,2701.67,2701.67,2701.67,2701.67,0
2013-12-03 00:00:00,2689.23,2689.23,2689.23,2689.23,0
2013-12-04 00:00:00,2669.84,2669.84,2669.84,2669.84,0
2013-12-05 00:00:00,2743.31,2743.31,2743.31,2743.31,0
2013-12-06 00:00:00,2774.85,2774.85,2774.85,2774.85,0
2013-12-09 00:00:00,2839.46,2839.46,2839.46,2839.46,0
2013-12-10 00:00:00,2797.43,2797.43,2797.43,2797.43,0
2013-12-11 00:00:00,2761.67,2761.67,2761.67,2761.67,0
2013-12-12 00:00:00,2727.35,2727.35,2727.35,2727.35,0
2013-12-13 00:00:00,2654.26,2654.26,2654.26,2654.26,0
2013-12-16 00:00:00,2639.58,2639.58,2639.58,2639.58,0
2013-12-17 00:00:00,2616.92,2616.92,2616.92,2616.92,0
2013-12-18 00:00:00,2701.61,2701.61,2701.61,2701.61,0
2013-12-19 00:00:00,2657.9,2657.9,2657.9,2657.9,0
2013-12-20 00:00:00,2731.56,2731.56,2731.56,2731.56,0
2013-12-23 00:00:00,2789.54,2789.54,2789.54,2789.54,0
2013-12-24 00:00:00,2818.46,2818.46,2818.46,2818.46,0
2013-12-26 00:00:00,2824.42,2824.42,2824.42,2824.42,0
2013-12-27 00:00:00,2840.35,2840.35,2840.35,2840.35,0
2013-12-30 00:00:00,2818.04,2818.04,2818.04,2818.04,0
2013-12-31 00:00:00,2841.97,2841.97,2841.97,2841.97,0
2014-01-01 00:00:00,2869.14,2869.14,2869.14,2869.14,0
2014-01-02 00:00:00,2789.44,2789.44,2789.44,2789.44,0
2014-01-03 00:00:00,2792.67,2792.67,2792.67,2792.67,0
2014-01-06 00:00:00,2766.71,2766.71,2766.71,2766.71,0
2014-01-07 00:00:00,2726.32,2726.32,2726.32,2726.32,0
2014-01-08 00:00:00,2770.62,2770.62,2770.62,2770.62,0
2014-01-09 00:00:00,2733.17,2733.17,2733.17,2733.17,0
2014-01-10 00:00:00,2698.37,2698.37,2698.37,2698.37,0
2014-01-13 00:00:00,2709.61,2709.61,2709.61,2709.61,0
2014-01-14 00:00:00,2692.92,2692.92,2692.92,2692.92,0
2014-01-15 00:00:00,2744.92,2744.92,2744.92,2744.92,0
2014-01-16 00:00:00,2741.09,2741.09,2741.09,2741.09,0
2014-01-17 00:00:00,2715.62,2715.62,2715.62,2715.62,0
2014-01-20 00:00:00,2725.03,2725.03,2725.03,2725.03,0
2014-01-21 00:00:00,2739.86,2739.86,2739.86,2739.86,0
2014-01-22 00:00:00,2756.47,2756.47,2756.47,2756.47,0
2014-01-23 00:00:00,2741.29,2741.29,2741.29,2741.29,0
2014-01-24 00:00:00,2657.9,2657.9,2657.9,2657.9,0
2014-01-27 00:00:00,2534.96,2534.96,2534.96,2534.96,0
2014-01-28 00:00:00,2536.83,2536.83,2536.83,2536.83,0
2014-01-29 00:00:00,2530.67,2530.67,2530.67,2530.67,0
2014-01-30 00:00:00,2468.19,2468.19,2468.19,2468.19,0
2014-01-31 00:00:00,2544.74,2544.74,2544.74,2544.74,0
2014-02-03 00:00:00,2480.5,2480.5,2480.5,2480.5,0
2014-02-04 00:00:00,2498.93,2498.93,2498.93,2498.93,0
2014-02-05 00:00:00,2498.85,2498.85,2498.85,2498.85,0
2014-02-06 00:00:00,2499.08,2499.08,2499.08,2499.08,0
2014-02-07 00:00:00,2513.8,2513.8,2513.8,2513.8,0
2014-02-10 00:00:00,2511.14,2511.14,2511.14,2511.14,0
2014-02-11 00:00:00,2517.65,2517.65,2517.65,2517.65,0
2014-02-12 00:00:00,2507.88,2507.88,2507.88,2507.88,0
2014-02-13 00:00:00,2434.36,2434.36,2434.36,2434.36,0
2014-02-14 00:00:00,2441.98,2441.98,2441.98,2441.98,0
2014-02-17 00:00:00,2442.14,2442.14,2442.14,2442.14,0
2014-02-18 00:00:00,2469.73,2469.73,2469.73,2469.73,0
2014-02-19 00:00:00,2457.93,2457.93,2457.93,2457.93,0
2014-02-20 00:00:00,2434.23,2434.23,2434.23,2434.23,0
2014-02-21 00:00:00,2462.47,2462.47,2462.47,2462.47,0
2014-02-24 00:00:00,2477.99,2477.99,2477.99,2477.99,0
2014-02-25 00:00:00,2477.95,2477.95,2477.95,2477.95,0
2014-02-26 00:00:00,2486.57,2486.57,2486.57,2486.57,0
2014-02-28 00:00:00,2526.73,2526.73,2526.73,2526.73,0
2014-03-03 00:00:00,2506.37,2506.37,2506.37,2506.37,0
2014-03-04 00:00:00,2581.37,2581.37,2581.37,2581.37,0
2014-03-05 00:00:00,2642.88,2642.88,2642.88,2642.88,0
2014-03-06 00:00:00,2703.71,2703.71,2703.71,2703.71,0
2014-03-07 00:00:00,2778.3,2778.3,2778.3,2778.3,0
2014-03-10 00:00:00,2808.53,2808.53,2808.53,2808.53,0
2014-03-11 00:00:00,2792.78,2792.78,2792.78,2792.78,0
2014-03-12 00:00:00,2750.2,2750.2,2750.2,2750.2,0
2014-03-13 00:00:00,2771.91,2771.91,2771.91,2771.91,0
2014-03-14 00:00:00,2769.44,2769.44,2769.44,2769.44,0
2014-03-18 00:00:00,2815.66,2815.66,2815.66,2815.66,0
2014-03-19 00:00:00,2823.43,2823.43,2823.43,2823.43,0
2014-03-20 00:00:00,2758.23,2758.23,2758.23,2758.23,0
2014-03-21 00:00:00,2767.05,2767.05,2767.05,2767.05,0
2014-03-22 00:00:00,2771.13,2771.13,2771.13,2771.13,0
2014-03-24 00:00:00,2809.49,2809.49,2809.49,2809.49,0
2014-03-25 00:00:00,2847.33,2847.33,2847.33,2847.33,0
2014-03-26 00:00:00,2882.68,2882.68,2882.68,2882.68,0
2014-03-27 00:00:00,2926.89,2926.89,2926.89,2926.89,0
2014-03-28 00:00:00,3058.22,3058.22,3058.22,3058.22,0
2014-03-31 00:00:00,3084.5,3084.5,3084.5,3084.5,0
2014-04-01 00:00:00,3051.79,3051.79,3051.79,3051.79,0
2014-04-02 00:00:00,3143.14,3143.14,3143.14,3143.14,0
2014-04-03 00:00:00,3085.59,3085.59,3085.59,3085.59,0
2014-04-04 00:00:00,3098.02,3098.02,3098.02,3098.02,0
2014-04-07 00:00:00,3071.89,3071.89,3071.89,3071.89,0
2014-04-09 00:00:00,3178.25,3178.25,3178.25,3178.25,0
2014-04-10 00:00:00,3215.46,3215.46,3215.46,3215.46,0
2014-04-11 00:00:00,3192.38,3192.38,3192.38,3192.38,0
2014-04-15 00:00:00,3128.67,3128.67,3128.67,3128.67,0
2014-04-16 00:00:00,3076.95,3076.95,3076.95,3076.95,0
2014-04-17 00:00:00,3168.02,3168.02,3168.02,3168.02,0
2014-04-21 00:00:00,3236.32,3236.32,3236.32,3236.32,0
2014-04-22 00:00:00,3223.66,3223.66,3223.66,3223.66,0
2014-04-23 00:00:00,3226.91,3226.91,3226.91,3226.91,0
2014-04-25 00:00:00,3226.68,3226.68,3226.68,3226.68,0
2014-04-28 00:00:00,3256.32,3256.32,3256.32,3256.32,0
2014-04-29 00:00:00,3215.44,3215.44,3215.44,3215.44,0
2014-04-30 00:00:00,3180.98,3180.98,3180.98,3180.98,0
2014-05-02 00:00:00,3186.57,3186.57,3186.57,3186.57,0
2014-05-05 00:00:00,3226.56,3226.56,3226.56,3226.56,0
2014-05-06 00:00:00,3224.15,3224.15,3224.15,3224.15,0
2014-05-07 00:00:00,3200.91,3200.91,3200.91,3200.91,0
2014-05-08 00:00:00,3183.31,3183.31,3183.31,3183.31,0
2014-05-09 00:00:00,3314.94,3314.94,3314.94,3314.94,0
2014-05-12 00:00:00,3384.9,3384.9,3384.9,3384.9,0
2014-05-13 00:00:00,3479.2,3479.2,3479.2,3479.2,0
2014-05-14 00:00:00,3609.45,3609.45,3609.45,3609.45,0
2014-05-15 00:00:00,3590.39,3590.39,3590.39,3590.39,0
2014-05-16 00:00:00,3805.13,3805.13,3805.13,3805.13,0
2014-05-19 00:00:00,4163.07,4163.07,4163.07,4163.07,0
2014-05-20 00:00:00,4158.49,4158.49,4158.49,4158.49,0
2014-05-21 00:00:00,4165.98,4165.98,4165.98,4165.98,0
2014-05-22 00:00:00,4234.73,4234.73,4234.73,4234.73,0
2014-05-23 00:00:00,4444.17,4444.17,4444.17,4444.17,0
2014-05-26 00:00:00,4337.26,4337.26,4337.26,4337.26,0
2014-05-27 00:00:00,4254.18,4254.18,4254.18,4254.18,0
2014-05-28 00:00:00,4244.2,4244.2,4244.2,4244.2,0
2014-05-29 00:00:00,4231.29,4231.29,4231.29,4231.29,0
2014-05-30 00:00:00,4156.19,4156.19,4156.19,4156.19,0
2014-06-02 00:00:00,4348.63,4348.63,4348.63,4348.63,0
2014-06-03 00:00:00,4360.45,4360.45,4360.45,4360.45,0
2014-06-04 00:00:00,4479.2,4479.2,4479.2,4479.2,0
2014-06-05 00:00:00,4569.34,4569.34,4569.34,4569.34,0
2014-06-06 00:00:00,4664.4,4664.4,4664.4,4664.4,0
2014-06-09 00:00:00,4717.99,4717.99,4717.99,4717.99,0
2014-06-10 00:00:00,4632.05,4632.05,4632.05,4632.05,0
2014-06-11 00:00:00,4516.54,4516.54,4516.54,4516.54,0
2014-06-12 00:00:00,4502.49,4502.49,4502.49,4502.49,0
2014-06-13 00:00:00,4289.83,4289.83,4289.83,4289.83,0
2014-06-16 00:00:00,4313.86,4313.86,4313.86,4313.86,0
2014-06-17 00:00:00,4431.64,4431.64,4431.64,4431.64,0
2014-06-18 00:00:00,4352.72,4352.72,4352.72,4352.72,0
2014-06-19 00:00:00,4289.56,4289.56,4289.56,4289.56,0
2014-06-20 00:00:00,4227.12,4227.12,4227.12,4227.12,0
2014-06-23 00:00:00,4273.62,4273.62,4273.62,4273.62,0
2014-06-24 00:00:00,4398.08,4398.08,4398.08,4398.08,0
2014-06-25 00:00:00,4419.77,4419.77,4419.77,4419.77,0
2014-06-26 00:00:00,4339.58,4339.58,4339.58,4339.58,0
2014-06-27 00:00:00,4313.12,4313.12,4313.12,4313.12,0
2014-06-30 00:00:00,4496.53,4496.53,4496.53,4496.53,0
2014-07-01 00:00:00,4491.12,4491.12,4491.12,4491.12,0
2014-07-02 00:00:00,4540.03,4540.03,4540.03,4540.03,0
2014-07-03 00:00:00,4525.12,4525.12,4525.12,4525.12,0
2014-07-04 00:00:00,4536.4,4536.4,4536.4,4536.4,0
2014-07-07 00:00:00,4513.47,4513.47,4513.47,4513.47,0
2014-07-08 00:00:00,4245.2,4245.2,4245.2,4245.2,0
2014-07-09 00:00:00,4201.45,4201.45,4201.45,4201.45,0
2014-07-10 00:00:00,4231.94,4231.94,4231.94,4231.94,0
2014-07-11 00:00:00,3981.12,3981.12,3981.12,3981.12,0
2014-07-14 00:00:00,4043.43,4043.43,4043.43,4043.43,0
2014-07-15 00:00:00,4169.4,4169.4,4169.4,4169.4,0
2014-07-16 00:00:00,4216.83,4216.83,4216.83,4216.83,0
2014-07-17 00:00:00,4260.8,4260.8,4260.8,4260.8,0
2014-07-18 00:00:00,4191.04,4191.04,4191.04,4191.04,0
2014-07-21 00:00:00,4162.86,4162.86,4162.86,4162.86,0
2014-07-22 00:00:00,4161.24,4161.24,4161.24,4161.24,0
2014-07-23 00:00:00,4183.82,4183.82,4183.82,4183.82,0
2014-07-24 00:00:00,4227.55,4227.55,4227.55,4227.55,0
2014-07-25 00:00:00,4110.15,4110.15,4110.15,4110.15,0
2014-07-28 00:00:00,4087.84,4087.84,4087.84,4087.84,0
2014-07-30 00:00:00,4139.93,4139.93,4139.93,4139.93,0
2014-07-31 00:00:00,4120.41,4120.41,4120.41,4120.41,0
2014-08-01 00:00:00,4092.94,4092.94,4092.94,4092.94,0
2014-08-04 00:00:00,4162.55,4162.55,4162.55,4162.55,0
2014-08-05 00:00:00,4194.87,4194.87,4194.87,4194.87,0
2014-08-06 00:00:00,4114.98,4114.98,4114.98,4114.98,0
2014-08-07 00:00:00,4108.32,4108.32,4108.32,4108.32,0
2014-08-08 00:00:00,3976.45,3976.45,3976.45,3976.45,0
2014-08-11 00:00:00,4019.79,4019.79,4019.79,4019.79,0
2014-08-12 00:00:00,4070.33,4070.33,4070.33,4070.33,0
2014-08-13 00:00:00,3942.63,3942.63,3942.63,3942.63,0
2014-08-14 00:00:00,3994.5,3994.5,3994.5,3994.5,0
2014-08-18 00:00:00,4096.62,4096.62,4096.62,4096.62,0
2014-08-19 00:00:00,4132.84,4132.84,4132.84,4132.84,0
2014-08-20 00:00:00,4105.58,4105.58,4105.58,4105.58,0
2014-08-21 00:00:00,4168.66,4168.66,4168.66,4168.66,0
2014-08-22 00:00:00,4191.78,4191.78,4191.78,4191.78,0
2014-08-25 00:00:00,4084.13,4084.13,4084.13,4084.13,0
2014-08-26 00:00:00,4060.69,4060.69,4060.69,4060.69,0
2014-08-27 00:00:00,4063.41,4063.41,4063.41,4063.41,0
2014-08-28 00:00:00,4040.1,4040.1,4040.1,4040.1,0
2014-09-01 00:00:00,4174.29,4174.29,4174.29,4174.29,0
2014-09-02 00:00:00,4175.22,4175.22,4175.22,4175.22,0
2014-09-03 00:00:00,4176.08,4176.08,4176.08,4176.08,0
2014-09-04 00:00:00,4116.26,4116.26,4116.26,4116.26,0
2014-09-05 00:00:00,4103.56,4103.56,4103.56,4103.56,0
2014-09-08 00:00:00,4144.51,4144.51,4144.51,4144.51,0
2014-09-09 00:00:00,4144.85,4144.85,4144.85,4144.85,0
2014-09-10 00:00:00,4125.86,4125.86,4125.86,4125.86,0
2014-09-11 00:00:00,4190.04,4190.04,4190.04,4190.04,0
2014-09-12 00:00:00,4196.23,4196.23,4196.23,4196.23,0
2014-09-15 00:00:00,4217.57,4217.57,4217.57,4217.57,0
2014-09-16 00:00:00,4031.04,4031.04,4031.04,4031.04,0
2014-09-17 00:00:00,4031.7,4031.7,4031.7,4031.7,0
2014-09-18 00:00:00,4147.1,4147.1,4147.1,4147.1,0
2014-09-19 00:00:00,4108.47,4108.47,4108.47,4108.47,0
2014-09-22 00:00:00,4090.39,4090.39,4090.39,4090.39,0
2014-09-23 00:00:00,3976.28,3976.28,3976.28,3976.28,0
2014-09-24 00:00:00,3923.61,3923.61,3923.61,3923.61,0
2014-09-25 00:00:00,3755.23,3755.23,3755.23,3755.23,0
2014-09-26 00:00:00,3887.57,3887.57,3887.57,3887.57,0
2014-09-29 00:00:00,3845.98,3845.98,3845.98,3845.98,0
2014-09-30 00:00:00,3834.49,3834.49,3834.49,3834.49,0
2014-10-01 00:00:00,3831.13,3831.13,3831.13,3831.13,0
2014-10-07 00:00:00,3746.88,3746.88,3746.88,3746.88,0
2014-10-08 00:00:00,3811.75,3811.75,3811.75,3811.75,0
2014-10-09 00:00:00,3896.44,3896.44,3896.44,3896.44,0
2014-10-10 00:00:00,3826.95,3826.95,3826.95,3826.95,0
2014-10-13 00:00:00,3875.56,3875.56,3875.56,3875.56,0
2014-10-14 00:00:00,3886.2,3886.2,3886.2,3886.2,0
2014-10-16 00:00:00,3818.78,3818.78,3818.78,3818.78,0
2014-10-17 00:00:00,3879.14,3879.14,3879.14,3879.14,0
2014-10-20 00:00:00,3980.22,3980.22,3980.22,3980.22,0
2014-10-21 00:00:00,4018.86,4018.86,4018.86,4018.86,0
2014-10-22 00:00:00,4021.08,4021.08,4021.08,4021.08,0
2014-10-23 00:00:00,4030.11,4030.11,4030.11,4030.11,0
2014-10-27 00:00:00,4020.9,4020.9,4020.9,4020.9,0
2014-10-28 00:00:00,4053.5,4053.5,4053.5,4053.5,0
2014-10-29 00:00:00,4066.51,4066.51,4066.51,4066.51,0
2014-10-30 00:00:00,4096.3,4096.3,4096.3,4096.3,0
2014-10-31 00:00:00,4196.27,4196.27,4196.27,4196.27,0
2014-11-03 00:00:00,4219.42,4219.42,4219.42,4219.42,0
2014-11-05 00:00:00,4185.46,4185.46,4185.46,4185.46,0
2014-11-07 00:00:00,4179.27,4179.27,4179.27,4179.27,0
2014-11-10 00:00:00,4178.97,4178.97,4178.97,4178.97,0
2014-11-11 00:00:00,4211.47,4211.47,4211.47,4211.47,0
2014-11-12 00:00:00,4197.03,4197.03,4197.03,4197.03,0
2014-11-13 00:00:00,4116.03,4116.03,4116.03,4116.03,0
2014-11-14 00:00:00,4183.35,4183.35,4183.35,4183.35,0
2014-11-17 00:00:00,4265.97,4265.97,4265.97,4265.97,0
2014-11-18 00:00:00,4281.61,4281.61,4281.61,4281.61,0
2014-11-19 00:00:00,4202.45,4202.45,4202.45,4202.45,0
2014-11-20 00:00:00,4167.53,4167.53,4167.53,4167.53,0
2014-11-21 00:00:00,4204.76,4204.76,4204.76,4204.76,0
2014-11-24 00:00:00,4234.43,4234.43,4234.43,4234.43,0
2014-11-25 00:00:00,4138.15,4138.15,4138.15,4138.15,0
2014-11-26 00:00:00,4163.96,4163.96,4163.96,4163.96,0
2014-11-27 00:00:00,4201.61,4201.61,4201.61,4201.61,0
2014-11-28 00:00:00,4351.82,4351.82,4351.82,4351.82,0
2014-12-01 00:00:00,4312.08,4312.08,4312.08,4312.08,0
2014-12-02 00:00:00,4332.64,4332.64,4332.64,4332.64,0
2014-12-03 00:00:00,4335.77,4335.77,4335.77,4335.77,0
2014-12-04 00:00:00,4343.47,4343.47,4343.47,4343.47,0
2014-12-05 00:00:00,4318.83,4318.83,4318.83,4318.83,0
2014-12-08 00:00:00,4258.04,4258.04,4258.04,4258.04,0
2014-12-09 00:00:00,4151.95,4151.95,4151.95,4151.95,0
2014-12-10 00:00:00,4222.74,4222.74,4222.74,4222.74,0
2014-12-11 00:00:00,4187.68,4187.68,4187.68,4187.68,0
2014-12-12 00:00:00,4126.72,4126.72,4126.72,4126.72,0
2014-12-15 00:00:00,4098.56,4098.56,4098.56,4098.56,0
2014-12-16 00:00:00,3968.95,3968.95,3968.95,3968.95,0
2014-12-17 00:00:00,4001.65,4001.65,4001.65,4001.65,0
2014-12-18 00:00:00,4148.67,4148.67,4148.67,4148.67,0
2014-12-19 00:00:00,4156.98,4156.98,4156.98,4156.98,0
2014-12-22 00:00:00,4211.31,4211.31,4211.31,4211.31,0
2014-12-23 00:00:00,4169.43,4169.43,4169.43,4169.43,0
2014-12-24 00:00:00,4148.66,4148.66,4148.66,4148.66,0
2014-12-26 00:00:00,4203.61,4203.61,4203.61,4203.61,0
2014-12-29 00:00:00,4212.06,4212.06,4212.06,4212.06,0
2014-12-30 00:00:00,4233.02,4233.02,4233.02,4233.02,0
2014-12-31 00:00:00,4246.19,4246.19,4246.19,4246.19,0
2015-01-01 00:00:00,4268.75,4268.75,4268.75,4268.75,0
2015-01-02 00:00:00,4279.17,4279.17,4279.17,4279.17,0
2015-01-05 00:00:00,4271.22,4271.22,4271.22,4271.22,0
2015-01-06 00:00:00,4120.14,4120.14,4120.14,4120.14,0
2015-01-07 00:00:00,4084.87,4084.87,4084.87,4084.87,0
2015-01-08 00:00:00,4181.38,4181.38,4181.38,4181.38,0
2015-01-09 00:00:00,4154.15,4154.15,4154.15,4154.15,0
2015-01-12 00:00:00,4160.34,4160.34,4160.34,4160.34,0
2015-01-13 00:00:00,4127.41,4127.41,4127.41,4127.41,0
2015-01-14 00:00:00,4068.08,4068.08,4068.08,4068.08,0
2015-01-15 00:00:00,4182.68,4182.68,4182.68,4182.68,0
2015-01-16 00:00:00,4154.66,4154.66,4154.66,4154.66,0
2015-01-19 00:00:00,4163.38,4163.38,4163.38,4163.38,0
2015-01-20 00:00:00,4195.85,4195.85,4195.85,4195.85,0
2015-01-21 00:00:00,4220.28,4220.28,4220.28,4220.28,0
2015-01-22 00:00:00,4192.05,4192.05,4192.05,4192.05,0
2015-01-23 00:00:00,4217.95,4217.95,4217.95,4217.95,0
2015-01-27 00:00:00,4202.33,4202.33,4202.33,4202.33,0
2015-01-28 00:00:00,4229.74,4229.74,4229.74,4229.74,0
2015-01-29 00:00:00,4206.76,4206.76,4206.76,4206.76,0
2015-01-30 00:00:00,4128.34,4128.34,4128.34,4128.34,0
2015-02-02 00:00:00,4142.69,4142.69,4142.69,4142.69,0
2015-02-03 00:00:00,4047.11,4047.11,4047.11,4047.11,0
2015-02-04 00:00:00,4050.85,4050.85,4050.85,4050.85,0
2015-02-05 00:00:00,3972.9,3972.9,3972.9,3972.9,0
2015-02-06 00:00:00,3948.0,3948.0,3948.0,3948.0,0
2015-02-09 00:00:00,3841.26,3841.26,3841.26,3841.26,0
2015-02-10 00:00:00,3860.45,3860.45,3860.45,3860.45,0
2015-02-11 00:00:00,3918.67,3918.67,3918.67,3918.67,0
2015-02-12 00:00:00,3915.21,3915.21,3915.21,3915.21,0
2015-02-13 00:00:00,3986.73,3986.73,3986.73,3986.73,0
2015-02-16 00:00:00,3986.81,3986.81,3986.81,3986.81,0
2015-02-18 00:00:00,3970.56,3970.56,3970.56,3970.56,0
2015-02-19 00:00:00,3986.07,3986.07,3986.07,3986.07,0
2015-02-20 00:00:00,4012.43,4012.43,4012.43,4012.43,0
2015-02-23 00:00:00,3963.23,3963.23,3963.23,3963.23,0
2015-02-24 00:00:00,3944.58,3944.58,3944.58,3944.58,0
2015-02-25 00:00:00,3935.74,3935.74,3935.74,3935.74,0
2015-02-26 00:00:00,3900.78,3900.78,3900.78,3900.78,0
2015-02-27 00:00:00,4033.82,4033.82,4033.82,4033.82,0
2015-02-28 00:00:00,4029.88,4029.88,4029.88,4029.88,0
2015-03-02 00:00:00,4105.73,4105.73,4105.73,4105.73,0
2015-03-03 00:00:00,4135.84,4135.84,4135.84,4135.84,0
2015-03-04 00:00:00,4014.65,4014.65,4014.65,4014.65,0
2015-03-05 00:00:00,4010.62,4010.62,4010.62,4010.62,0
2015-03-09 00:00:00,3921.84,3921.84,3921.84,3921.84,0
2015-03-10 00:00:00,3913.2,3913.2,3913.2,3913.2,0
2015-03-11 00:00:00,3883.16,3883.16,3883.16,3883.16,0
2015-03-12 00:00:00,3947.24,3947.24,3947.24,3947.24,0
2015-03-13 00:00:00,3865.25,3865.25,3865.25,3865.25,0
2015-03-16 00:00:00,3850.51,3850.51,3850.51,3850.51,0
2015-03-17 00:00:00,3902.25,3902.25,3902.25,3902.25,0
2015-03-18 00:00:00,3930.18,3930.18,3930.18,3930.18,0
2015-03-19 00:00:00,3877.5,3877.5,3877.5,3877.5,0
2015-03-20 00:00:00,3810.51,3810.51,3810.51,3810.51,0
2015-03-23 00:00:00,3792.48,3792.48,3792.48,3792.48,0
2015-03-24 00:00:00,3795.56,3795.56,3795.56,3795.56,0
2015-03-25 00:00:00,3765.63,3765.63,3765.63,3765.63,0
2015-03-26 00:00:00,3698.85,3698.85,3698.85,3698.85,0
2015-03-27 00:00:00,3694.62,3694.62,3694.62,3694.62,0
2015-03-30 00:00:00,3752.57,3752.57,3752.57,3752.57,0
2015-03-31 00:00:00,3758.23,3758.23,3758.23,3758.23,0
2015-04-01 00:00:00,3829.12,3829.12,3829.12,3829.12,0
2015-04-06 00:00:00,3833.2,3833.2,3833.2,3833.2,0
2015-04-07 00:00:00,3856.0,3856.0,3856.0,3856.0,0
2015-04-08 00:00:00,3885.5,3885.5,3885.5,3885.5,0
2015-04-09 00:00:00,3937.85,3937.85,3937.85,3937.85,0
2015-04-10 00:00:00,3977.99,3977.99,3977.99,3977.99,0
2015-04-13 00:00:00,3991.61,3991.61,3991.61,3991.61,0
2015-04-15 00:00:00,3988.8,3988.8,3988.8,3988.8,0
2015-04-16 00:00:00,3965.45,3965.45,3965.45,3965.45,0
2015-04-17 00:00:00,3978.28,3978.28,3978.28,3978.28,0
2015-04-20 00:00:00,3905.51,3905.51,3905.51,3905.51,0
2015-04-21 00:00:00,3896.55,3896.55,3896.55,3896.55,0
2015-04-22 00:00:00,3904.59,3904.59,3904.59,3904.59,0
2015-04-23 00:00:00,3885.6,3885.6,3885.6,3885.6,0
2015-04-24 00:00:00,3821.09,3821.09,3821.09,3821.09,0
2015-04-27 00:00:00,3740.96,3740.96,3740.96,3740.96,0
2015-04-28 00:00:00,3802.81,3802.81,3802.81,3802.81,0
2015-04-29 00:00:00,3778.39,3778.39,3778.39,3778.39,0
2015-04-30 00:00:00,3777.11,3777.11,3777.11,3777.11,0
2015-05-04 00:00:00,3867.51,3867.51,3867.51,3867.51,0
2015-05-05 00:00:00,3897.15,3897.15,3897.15,3897.15,0
2015-05-06 00:00:00,3732.98,3732.98,3732.98,3732.98,0
2015-05-07 00:00:00,3625.64,3625.64,3625.64,3625.64,0
2015-05-08 00:00:00,3641.97,3641.97,3641.97,3641.97,0
2015-05-11 00:00:00,3764.69,3764.69,3764.69,3764.69,0
2015-05-12 00:00:00,3623.91,3623.91,3623.91,3623.91,0
2015-05-13 00:00:00,3676.84,3676.84,3676.84,3676.84,0
2015-05-14 00:00:00,3751.65,3751.65,3751.65,3751.65,0
2015-05-15 00:00:00,3738.45,3738.45,3738.45,3738.45,0
2015-05-18 00:00:00,3769.4,3769.4,3769.4,3769.4,0
2015-05-19 00:00:00,3777.72,3777.72,3777.72,3777.72,0
2015-05-20 00:00:00,3773.7,3773.7,3773.7,3773.7,0
2015-05-21 00:00:00,3753.98,3753.98,3753.98,3753.98,0
2015-05-22 00:00:00,3740.34,3740.34,3740.34,3740.34,0
2015-05-25 00:00:00,3715.13,3715.13,3715.13,3715.13,0
2015-05-26 00:00:00,3701.18,3701.18,3701.18,3701.18,0
2015-05-27 00:00:00,3738.19,3738.19,3738.19,3738.19,0
2015-05-28 00:00:00,3747.15,3747.15,3747.15,3747.15,0
2015-05-29 00:00:00,3773.08,3773.08,3773.08,3773.08,0
2015-06-01 00:00:00,3780.81,3780.81,3780.81,3780.81,0
2015-06-02 00:00:00,3682.79,3682.79,3682.79,3682.79,0
2015-06-03 00:00:00,3612.82,3612.82,3612.82,3612.82,0
2015-06-04 00:00:00,3576.86,3576.86,3576.86,3576.86,0
2015-06-05 00:00:00,3584.92,3584.92,3584.92,3584.92,0
2015-06-08 00:00:00,3506.35,3506.35,3506.35,3506.35,0
2015-06-09 00:00:00,3515.62,3515.62,3515.62,3515.62,0
2015-06-10 00:00:00,3540.77,3540.77,3540.77,3540.77,0
2015-06-11 00:00:00,3461.25,3461.25,3461.25,3461.25,0
2015-06-12 00:00:00,3458.23,3458.23,3458.23,3458.23,0
2015-06-15 00:00:00,3445.34,3445.34,3445.34,3445.34,0
2015-06-16 00:00:00,3463.38,3463.38,3463.38,3463.38,0
2015-06-17 00:00:00,3465.6,3465.6,3465.6,3465.6,0
2015-06-18 00:00:00,3484.98,3484.98,3484.98,3484.98,0
2015-06-19 00:00:00,3521.8,3521.8,3521.8,3521.8,0
2015-06-22 00:00:00,3580.54,3580.54,3580.54,3580.54,0
2015-06-23 00:00:00,3625.03,3625.03,3625.03,3625.03,0
2015-06-24 00:00:00,3556.99,3556.99,3556.99,3556.99,0
2015-06-25 00:00:00,3566.25,3566.25,3566.25,3566.25,0
2015-06-26 00:00:00,3534.99,3534.99,3534.99,3534.99,0
2015-06-29 00:00:00,3484.14,3484.14,3484.14,3484.14,0
2015-06-30 00:00:00,3499.0,3499.0,3499.0,3499.0,0
2015-07-01 00:00:00,3566.25,3566.25,3566.25,3566.25,0
2015-07-02 00:00:00,3582.58,3582.58,3582.58,3582.58,0
2015-07-03 00:00:00,3588.25,3588.25,3588.25,3588.25,0
2015-07-06 00:00:00,3624.09,3624.09,3624.09,3624.09,0
2015-07-07 00:00:00,3623.11,3623.11,3623.11,3623.11,0
2015-07-08 00:00:00,3534.62,3534.62,3534.62,3534.62,0
2015-07-09 00:00:00,3530.74,3530.74,3530.74,3530.74,0
2015-07-10 00:00:00,3556.17,3556.17,3556.17,3556.17,0
2015-07-13 00:00:00,3600.18,3600.18,3600.18,3600.18,0
2015-07-14 00:00:00,3605.21,3605.21,3605.21,3605.21,0
2015-07-15 00:00:00,3585.61,3585.61,3585.61,3585.61,0
2015-07-16 00:00:00,3635.68,3635.68,3635.68,3635.68,0
2015-07-17 00:00:00,3646.71,3646.71,3646.71,3646.71,0
2015-07-20 00:00:00,3629.09,3629.09,3629.09,3629.09,0
2015-07-21 00:00:00,3555.96,3555.96,3555.96,3555.96,0
2015-07-22 00:00:00,3619.96,3619.96,3619.96,3619.96,0
2015-07-23 00:00:00,3626.29,3626.29,3626.29,3626.29,0
2015-07-24 00:00:00,3598.93,3598.93,3598.93,3598.93,0
2015-07-27 00:00:00,3511.31,3511.31,3511.31,3511.31,0
2015-07-28 00:00:00,3502.18,3502.18,3502.18,3502.18,0
2015-07-29 00:00:00,3481.08,3481.08,3481.08,3481.08,0
2015-07-30 00:00:00,3545.93,3545.93,3545.93,3545.93,0
2015-07-31 00:00:00,3576.99,3576.99,3576.99,3576.99,0
2015-08-03 00:00:00,3601.37,3601.37,3601.37,3601.37,0
2015-08-04 00:00:00,3667.2,3667.2,3667.2,3667.2,0
2015-08-05 00:00:00,3667.04,3667.04,3667.04,3667.04,0
2015-08-06 00:00:00,3691.24,3691.24,3691.24,3691.24,0
2015-08-07 00:00:00,3695.47,3695.47,3695.47,3695.47,0
2015-08-10 00:00:00,3661.7,3661.7,3661.7,3661.7,0
2015-08-11 00:00:00,3590.48,3590.48,3590.48,3590.48,0
2015-08-12 00:00:00,3443.35,3443.35,3443.35,3443.35,0
2015-08-13 00:00:00,3406.12,3406.12,3406.12,3406.12,0
2015-08-14 00:00:00,3496.96,3496.96,3496.96,3496.96,0
2015-08-17 00:00:00,3585.81,3585.81,3585.81,3585.81,0
2015-08-18 00:00:00,3592.74,3592.74,3592.74,3592.74,0
2015-08-19 00:00:00,3549.99,3549.99,3549.99,3549.99,0
2015-08-20 00:00:00,3458.79,3458.79,3458.79,3458.79,0
2015-08-21 00:00:00,3437.66,3437.66,3437.66,3437.66,0
2015-08-24 00:00:00,3084.2,3084.2,3084.2,3084.2,0
2015-08-25 00:00:00,3162.4,3162.4,3162.4,3162.4,0
2015-08-26 00:00:00,3132.52,3132.52,3132.52,3132.52,0
2015-08-27 00:00:00,3247.9,3247.9,3247.9,3247.9,0
2015-08-28 00:00:00,3247.55,3247.55,3247.55,3247.55,0
2015-08-31 00:00:00,3276.41,3276.41,3276.41,3276.41,0
2015-09-01 00:00:00,3158.54,3158.54,3158.54,3158.54,0
2015-09-02 00:00:00,3098.7,3098.7,3098.7,3098.7,0
2015-09-03 00:00:00,3163.55,3163.55,3163.55,3163.55,0
2015-09-04 00:00:00,3078.05,3078.05,3078.05,3078.05,0
2015-09-07 00:00:00,3017.66,3017.66,3017.66,3017.66,0
2015-09-08 00:00:00,3075.37,3075.37,3075.37,3075.37,0
2015-09-09 00:00:00,3169.14,3169.14,3169.14,3169.14,0
2015-09-10 00:00:00,3150.74,3150.74,3150.74,3150.74,0
2015-09-11 00:00:00,3142.19,3142.19,3142.19,3142.19,0
2015-09-14 00:00:00,3232.83,3232.83,3232.83,3232.83,0
2015-09-15 00:00:00,3189.27,3189.27,3189.27,3189.27,0
2015-09-16 00:00:00,3189.7,3189.7,3189.7,3189.7,0
2015-09-18 00:00:00,3223.65,3223.65,3223.65,3223.65,0
2015-09-21 00:00:00,3274.77,3274.77,3274.77,3274.77,0
2015-09-22 00:00:00,3194.7,3194.7,3194.7,3194.7,0
2015-09-23 00:00:00,3235.36,3235.36,3235.36,3235.36,0
2015-09-24 00:00:00,3230.94,3230.94,3230.94,3230.94,0
2015-09-28 00:00:00,3210.62,3210.62,3210.62,3210.62,0
2015-09-29 00:00:00,3193.26,3193.26,3193.26,3193.26,0
2015-09-30 00:00:00,3227.98,3227.98,3227.98,3227.98,0
2015-10-01 00:00:00,3217.36,3217.36,3217.36,3217.36,0
2015-10-05 00:00:00,3319.85,3319.85,3319.85,3319.85,0
2015-10-06 00:00:00,3331.68,3331.68,3331.68,3331.68,0
2015-10-07 00:00:00,3371.64,3371.64,3371.64,3371.64,0
2015-10-08 00:00:00,3366.03,3366.03,3366.03,3366.03,0
2015-10-09 00:00:00,3362.8,3362.8,3362.8,3362.8,0
2015-10-12 00:00:00,3375.65,3375.65,3375.65,3375.65,0
2015-10-13 00:00:00,3376.95,3376.95,3376.95,3376.95,0
2015-10-14 00:00:00,3359.08,3359.08,3359.08,3359.08,0
2015-10-15 00:00:00,3407.78,3407.78,3407.78,3407.78,0
2015-10-16 00:00:00,3428.92,3428.92,3428.92,3428.92,0
2015-10-19 00:00:00,3434.18,3434.18,3434.18,3434.18,0
2015-10-20 00:00:00,3417.39,3417.39,3417.39,3417.39,0
2015-10-21 00:00:00,3402.73,3402.73,3402.73,3402.73,0
2015-10-23 00:00:00,3417.08,3417.08,3417.08,3417.08,0
2015-10-26 00:00:00,3382.72,3382.72,3382.72,3382.72,0
2015-10-27 00:00:00,3382.75,3382.75,3382.75,3382.75,0
2015-10-28 00:00:00,3353.32,3353.32,3353.32,3353.32,0
2015-10-29 00:00:00,3315.53,3315.53,3315.53,3315.53,0
2015-10-30 00:00:00,3323.76,3323.76,3323.76,3323.76,0
2015-11-02 00:00:00,3311.98,3311.98,3311.98,3311.98,0
2015-11-03 00:00:00,3332.11,3332.11,3332.11,3332.11,0
2015-11-04 00:00:00,3340.65,3340.65,3340.65,3340.65,0
2015-11-05 00:00:00,3303.69,3303.69,3303.69,3303.69,0
2015-11-06 00:00:00,3278.85,3278.85,3278.85,3278.85,0
2015-11-09 00:00:00,3285.44,3285.44,3285.44,3285.44,0
2015-11-10 00:00:00,3225.21,3225.21,3225.21,3225.21,0
2015-11-11 00:00:00,3255.52,3255.52,3255.52,3255.52,0
2015-11-13 00:00:00,3242.22,3242.22,3242.22,3242.22,0
2015-11-16 00:00:00,3286.48,3286.48,3286.48,3286.48,0
2015-11-17 00:00:00,3291.31,3291.31,3291.31,3291.31,0
2015-11-18 00:00:00,3219.75,3219.75,3219.75,3219.75,0
2015-11-19 00:00:00,3260.44,3260.44,3260.44,3260.44,0
2015-11-20 00:00:00,3270.04,3270.04,3270.04,3270.04,0
2015-11-23 00:00:00,3246.14,3246.14,3246.14,3246.14,0
2015-11-24 00:00:00,3241.99,3241.99,3241.99,3241.99,0
2015-11-26 00:00:00,3256.61,3256.61,3256.61,3256.61,0
2015-11-27 00:00:00,3314.48,3314.48,3314.48,3314.48,0
2015-11-30 00:00:00,3340.03,3340.03,3340.03,3340.03,0
2015-12-01 00:00:00,3372.62,3372.62,3372.62,3372.62,0
2015-12-02 00:00:00,3349.5,3349.5,3349.5,3349.5,0
2015-12-03 00:00:00,3323.0,3323.0,3323.0,3323.0,0
2015-12-04 00:00:00,3287.81,3287.81,3287.81,3287.81,0
2015-12-07 00:00:00,3276.73,3276.73,3276.73,3276.73,0
2015-12-08 00:00:00,3199.0,3199.0,3199.0,3199.0,0
2015-12-09 00:00:00,3143.72,3143.72,3143.72,3143.72,0
2015-12-10 00:00:00,3164.3,3164.3,3164.3,3164.3,0
2015-12-11 00:00:00,3132.12,3132.12,3132.12,3132.12,0
2015-12-14 00:00:00,3145.63,3145.63,3145.63,3145.63,0
2015-12-15 00:00:00,3144.03,3144.03,3144.03,3144.03,0
2015-12-16 00:00:00,3169.09,3169.09,3169.09,3169.09,0
2015-12-17 00:00:00,3234.69,3234.69,3234.69,3234.69,0
2015-12-18 00:00:00,3225.34,3225.34,3225.34,3225.34,0
2015-12-21 00:00:00,3262.62,3262.62,3262.62,3262.62,0
2015-12-22 00:00:00,3230.61,3230.61,3230.61,3230.61,0
2015-12-23 00:00:00,3260.97,3260.97,3260.97,3260.97,0
2015-12-24 00:00:00,3272.47,3272.47,3272.47,3272.47,0
2015-12-28 00:00:00,3274.6,3274.6,3274.6,3274.6,0
2015-12-29 00:00:00,3273.21,3273.21,3273.21,3273.21,0
2015-12-30 00:00:00,3261.69,3261.69,3261.69,3261.69,0
2015-12-31 00:00:00,3275.29,3275.29,3275.29,3275.29,0
2016-01-01 00:00:00,3321.11,3321.11,3321.11,3321.11,0
2016-01-04 00:00:00,3255.05,3255.05,3255.05,3255.05,0
2016-01-05 00:00:00,3298.0,3298.0,3298.0,3298.0,0
2016-01-06 00:00:00,3278.55,3278.55,3278.55,3278.55,0
2016-01-07 00:00:00,3128.78,3128.78,3128.78,3128.78,0
2016-01-08 00:00:00,3163.68,3163.68,3163.68,3163.68,0
2016-01-11 00:00:00,3136.59,3136.59,3136.59,3136.59,0
2016-01-12 00:00:00,3093.02,3093.02,3093.02,3093.02,0
2016-01-13 00:00:00,3061.09,3061.09,3061.09,3061.09,0
2016-01-14 00:00:00,3018.29,3018.29,3018.29,3018.29,0
2016-01-15 00:00:00,2891.85,2891.85,2891.85,2891.85,0
2016-01-18 00:00:00,2809.48,2809.48,2809.48,2809.48,0
2016-01-19 00:00:00,2834.72,2834.72,2834.72,2834.72,0
2016-01-20 00:00:00,2750.71,2750.71,2750.71,2750.71,0
2016-01-21 00:00:00,2750.73,2750.73,2750.73,2750.73,0
2016-01-22 00:00:00,2857.4,2857.4,2857.4,2857.4,0
2016-01-25 00:00:00,2856.74,2856.74,2856.74,2856.74,0
2016-01-27 00:00:00,2889.89,2889.89,2889.89,2889.89,0
2016-01-28 00:00:00,2878.86,2878.86,2878.86,2878.86,0
2016-01-29 00:00:00,2895.04,2895.04,2895.04,2895.04,0
2016-02-01 00:00:00,2863.79,2863.79,2863.79,2863.79,0
2016-02-02 00:00:00,2788.07,2788.07,2788.07,2788.07,0
2016-02-03 00:00:00,2718.5,2718.5,2718.5,2718.5,0
2016-02-04 00:00:00,2717.75,2717.75,2717.75,2717.75,0
2016-02-05 00:00:00,2808.4,2808.4,2808.4,2808.4,0
2016-02-08 00:00:00,2804.12,2804.12,2804.12,2804.12,0
2016-02-09 00:00:00,2750.72,2750.72,2750.72,2750.72,0
2016-02-10 00:00:00,2671.88,2671.88,2671.88,2671.88,0
2016-02-11 00:00:00,2553.96,2553.96,2553.96,2553.96,0
2016-02-12 00:00:00,2519.92,2519.92,2519.92,2519.92,0
2016-02-15 00:00:00,2682.19,2682.19,2682.19,2682.19,0
2016-02-16 00:00:00,2594.64,2594.64,2594.64,2594.64,0
2016-02-17 00:00:00,2630.37,2630.37,2630.37,2630.37,0
2016-02-18 00:00:00,2639.75,2639.75,2639.75,2639.75,0
2016-02-19 00:00:00,2654.1,2654.1,2654.1,2654.1,0
2016-02-22 00:00:00,2657.0,2657.0,2657.0,2657.0,0
2016-02-23 00:00:00,2596.82,2596.82,2596.82,2596.82,0
2016-02-24 00:00:00,2574.35,2574.35,2574.35,2574.35,0
2016-02-25 00:00:00,2554.33,2554.33,2554.33,2554.33,0
2016-02-26 00:00:00,2578.0,2578.0,2578.0,2578.0,0
2016-02-29 00:00:00,2578.87,2578.87,2578.87,2578.87,0
2016-03-01 00:00:00,2661.58,2661.58,2661.58,2661.58,0
2016-03-02 00:00:00,2773.01,2773.01,2773.01,2773.01,0
2016-03-03 00:00:00,2829.51,2829.51,2829.51,2829.51,0
2016-03-04 00:00:00,2879.15,2879.15,2879.15,2879.15,0
2016-03-08 00:00:00,2908.52,2908.52,2908.52,2908.52,0
2016-03-09 00:00:00,2913.89,2913.89,2913.89,2913.89,0
2016-03-10 00:00:00,2895.02,2895.02,2895.02,2895.02,0
2016-03-11 00:00:00,2899.98,2899.98,2899.98,2899.98,0
2016-03-14 00:00:00,2917.98,2917.98,2917.98,2917.98,0
2016-03-15 00:00:00,2932.53,2932.53,2932.53,2932.53,0
2016-03-16 00:00:00,2919.03,2919.03,2919.03,2919.03,0
2016-03-17 00:00:00,2947.54,2947.54,2947.54,2947.54,0
2016-03-18 00:00:00,2981.58,2981.58,2981.58,2981.58,0
2016-03-21 00:00:00,3018.03,3018.03,3018.03,3018.03,0
2016-03-22 00:00:00,3034.84,3034.84,3034.84,3034.84,0
2016-03-23 00:00:00,3047.99,3047.99,3047.99,3047.99,0
2016-03-28 00:00:00,2960.98,2960.98,2960.98,2960.98,0
2016-03-29 00:00:00,2965.27,2965.27,2965.27,2965.27,0
2016-03-30 00:00:00,3058.29,3058.29,3058.29,3058.29,0
2016-03-31 00:00:00,3052.45,3052.45,3052.45,3052.45,0
2016-04-01 00:00:00,3077.48,3077.48,3077.48,3077.48,0
2016-04-04 00:00:00,3084.66,3084.66,3084.66,3084.66,0
2016-04-05 00:00:00,3005.65,3005.65,3005.65,3005.65,0
2016-04-06 00:00:00,3032.87,3032.87,3032.87,3032.87,0
2016-04-07 00:00:00,3019.92,3019.92,3019.92,3019.92,0
2016-04-08 00:00:00,3036.33,3036.33,3036.33,3036.33,0
2016-04-11 00:00:00,3099.55,3099.55,3099.55,3099.55,0
2016-04-12 00:00:00,3099.51,3099.51,3099.51,3099.51,0
2016-04-13 00:00:00,3151.41,3151.41,3151.41,3151.41,0
2016-04-18 00:00:00,3149.93,3149.93,3149.93,3149.93,0
2016-04-20 00:00:00,3187.16,3187.16,3187.16,3187.16,0
2016-04-21 00:00:00,3228.77,3228.77,3228.77,3228.77,0
2016-04-22 00:00:00,3248.4,3248.4,3248.4,3248.4,0
2016-04-25 00:00:00,3215.9,3215.9,3215.9,3215.9,0
2016-04-26 00:00:00,3270.12,3270.12,3270.12,3270.12,0
2016-04-27 00:00:00,3266.36,3266.36,3266.36,3266.36,0
2016-04-28 00:00:00,3201.56,3201.56,3201.56,3201.56,0
2016-04-29 00:00:00,3205.27,3205.27,3205.27,3205.27,0
2016-05-02 00:00:00,3192.64,3192.64,3192.64,3192.64,0
2016-05-03 00:00:00,3154.87,3154.87,3154.87,3154.87,0
2016-05-04 00:00:00,3071.58,3071.58,3071.58,3071.58,0
2016-05-05 00:00:00,3056.02,3056.02,3056.02,3056.02,0
2016-05-06 00:00:00,3083.67,3083.67,3083.67,3083.67,0
2016-05-09 00:00:00,3132.19,3132.19,3132.19,3132.19,0
2016-05-10 00:00:00,3111.06,3111.06,3111.06,3111.06,0
2016-05-11 00:00:00,3083.58,3083.58,3083.58,3083.58,0
2016-05-12 00:00:00,3097.95,3097.95,3097.95,3097.95,0
2016-05-13 00:00:00,3072.85,3072.85,3072.85,3072.85,0
2016-05-16 00:00:00,3036.92,3036.92,3036.92,3036.92,0
2016-05-17 00:00:00,3035.48,3035.48,3035.48,3035.48,0
2016-05-18 00:00:00,3063.44,3063.44,3063.44,3063.44,0
2016-05-19 00:00:00,3005.49,3005.49,3005.49,3005.49,0
2016-05-20 00:00:00,2982.15,2982.15,2982.15,2982.15,0
2016-05-23 00:00:00,2949.86,2949.86,2949.86,2949.86,0
2016-05-24 00:00:00,2940.02,2940.02,2940.02,2940.02,0
2016-05-25 00:00:00,3004.17,3004.17,3004.17,3004.17,0
2016-05-26 00:00:00,3043.25,3043.25,3043.25,3043.25,0
2016-05-27 00:00:00,3119.06,3119.06,3119.06,3119.06,0
2016-05-30 00:00:00,3141.71,3141.71,3141.71,3141.71,0
2016-05-31 00:00:00,3160.83,3160.83,3160.83,3160.83,0
2016-06-01 00:00:00,3134.45,3134.45,3134.45,3134.45,0
2016-06-02 00:00:00,3161.34,3161.34,3161.34,3161.34,0
2016-06-03 00:00:00,3148.68,3148.68,3148.68,3148.68,0
2016-06-06 00:00:00,3149.16,3149.16,3149.16,3149.16,0
2016-06-07 00:00:00,3179.09,3179.09,3179.09,3179.09,0
2016-06-08 00:00:00,3193.49,3193.49,3193.49,3193.49,0
2016-06-09 00:00:00,3219.24,3219.24,3219.24,3219.24,0
2016-06-10 00:00:00,3212.81,3212.81,3212.81,3212.81,0
2016-06-13 00:00:00,3176.13,3176.13,3176.13,3176.13,0
2016-06-14 00:00:00,3215.82,3215.82,3215.82,3215.82,0
2016-06-15 00:00:00,3260.54,3260.54,3260.54,3260.54,0
2016-06-16 00:00:00,3269.4,3269.4,3269.4,3269.4,0
2016-06-17 00:00:00,3266.36,3266.36,3266.36,3266.36,0
2016-06-20 00:00:00,3298.11,3298.11,3298.11,3298.11,0
2016-06-21 00:00:00,3305.55,3305.55,3305.55,3305.55,0
2016-06-22 00:00:00,3290.82,3290.82,3290.82,3290.82,0
2016-06-23 00:00:00,3314.64,3314.64,3314.64,3314.64,0
2016-06-24 00:00:00,3232.47,3232.47,3232.47,3232.47,0
2016-06-27 00:00:00,3282.08,3282.08,3282.08,3282.08,0
2016-06-28 00:00:00,3307.3,3307.3,3307.3,3307.3,0
2016-06-29 00:00:00,3345.04,3345.04,3345.04,3345.04,0
2016-06-30 00:00:00,3385.53,3385.53,3385.53,3385.53,0
2016-07-01 00:00:00,3447.37,3447.37,3447.37,3447.37,0
2016-07-04 00:00:00,3515.95,3515.95,3515.95,3515.95,0
2016-07-05 00:00:00,3524.32,3524.32,3524.32,3524.32,0
2016-07-07 00:00:00,3521.84,3521.84,3521.84,3521.84,0
2016-07-08 00:00:00,3508.07,3508.07,3508.07,3508.07,0
2016-07-11 00:00:00,3604.32,3604.32,3604.32,3604.32,0
2016-07-12 00:00:00,3628.42,3628.42,3628.42,3628.42,0
2016-07-13 00:00:00,3622.58,3622.58,3622.58,3622.58,0
2016-07-14 00:00:00,3682.22,3682.22,3682.22,3682.22,0
2016-07-15 00:00:00,3676.69,3676.69,3676.69,3676.69,0
2016-07-18 00:00:00,3617.95,3617.95,3617.95,3617.95,0
2016-07-19 00:00:00,3657.8,3657.8,3657.8,3657.8,0
2016-07-20 00:00:00,3681.29,3681.29,3681.29,3681.29,0
2016-07-21 00:00:00,3638.24,3638.24,3638.24,3638.24,0
2016-07-22 00:00:00,3658.04,3658.04,3658.04,3658.04,0
2016-07-25 00:00:00,3742.78,3742.78,3742.78,3742.78,0
2016-07-26 00:00:00,3718.93,3718.93,3718.93,3718.93,0
2016-07-27 00:00:00,3738.68,3738.68,3738.68,3738.68,0
2016-07-28 00:00:00,3727.76,3727.76,3727.76,3727.76,0
2016-07-29 00:00:00,3729.42,3729.42,3729.42,3729.42,0
2016-08-01 00:00:00,3724.24,3724.24,3724.24,3724.24,0
2016-08-02 00:00:00,3719.4,3719.4,3719.4,3719.4,0
2016-08-03 00:00:00,3683.15,3683.15,3683.15,3683.15,0
2016-08-04 00:00:00,3713.79,3713.79,3713.79,3713.79,0
2016-08-05 00:00:00,3808.3,3808.3,3808.3,3808.3,0
2016-08-08 00:00:00,3831.48,3831.48,3831.48,3831.48,0
2016-08-09 00:00:00,3813.75,3813.75,3813.75,3813.75,0
2016-08-10 00:00:00,3751.25,3751.25,3751.25,3751.25,0
2016-08-11 00:00:00,3722.62,3722.62,3722.62,3722.62,0
2016-08-12 00:00:00,3773.25,3773.25,3773.25,3773.25,0
2016-08-16 00:00:00,3810.31,3810.31,3810.31,3810.31,0
2016-08-17 00:00:00,3845.31,3845.31,3845.31,3845.31,0
2016-08-18 00:00:00,3885.76,3885.76,3885.76,3885.76,0
2016-08-19 00:00:00,3936.23,3936.23,3936.23,3936.23,0
2016-08-22 00:00:00,3900.7,3900.7,3900.7,3900.7,0
2016-08-23 00:00:00,3879.42,3879.42,3879.42,3879.42,0
2016-08-24 00:00:00,3905.14,3905.14,3905.14,3905.14,0
2016-08-25 00:00:00,3877.82,3877.82,3877.82,3877.82,0
2016-08-26 00:00:00,3850.13,3850.13,3850.13,3850.13,0
2016-08-29 00:00:00,3868.23,3868.23,3868.23,3868.23,0
2016-08-30 00:00:00,3925.46,3925.46,3925.46,3925.46,0
2016-08-31 00:00:00,3946.5,3946.5,3946.5,3946.5,0
2016-09-01 00:00:00,3904.13,3904.13,3904.13,3904.13,0
2016-09-02 00:00:00,3941.34,3941.34,3941.34,3941.34,0
2016-09-06 00:00:00,3996.06,3996.06,3996.06,3996.06,0
2016-09-07 00:00:00,4052.0,4052.0,4052.0,4052.0,0
2016-09-08 00:00:00,4083.21,4083.21,4083.21,4083.21,0
2016-09-09 00:00:00,4052.04,4052.04,4052.04,4052.04,0
2016-09-12 00:00:00,3866.54,3866.54,3866.54,3866.54,0
2016-09-14 00:00:00,3941.23,3941.23,3941.23,3941.23,0
2016-09-15 00:00:00,3905.37,3905.37,3905.37,3905.37,0
2016-09-16 00:00:00,3890.63,3890.63,3890.63,3890.63,0
2016-09-19 00:00:00,3925.39,3925.39,3925.39,3925.39,0
2016-09-20 00:00:00,3928.69,3928.69,3928.69,3928.69,0
2016-09-21 00:00:00,3924.5,3924.5,3924.5,3924.5,0
2016-09-22 00:00:00,4010.47,4010.47,4010.47,4010.47,0
2016-09-23 00:00:00,4006.09,4006.09,4006.09,4006.09,0
2016-09-26 00:00:00,3983.39,3983.39,3983.39,3983.39,0
2016-09-27 00:00:00,3954.95,3954.95,3954.95,3954.95,0
2016-09-28 00:00:00,4037.58,4037.58,4037.58,4037.58,0
2016-09-29 00:00:00,3863.53,3863.53,3863.53,3863.53,0
2016-09-30 00:00:00,3939.11,3939.11,3939.11,3939.11,0
2016-10-03 00:00:00,4041.89,4041.89,4041.89,4041.89,0
2016-10-04 00:00:00,4093.23,4093.23,4093.23,4093.23,0
2016-10-05 00:00:00,4118.8,4118.8,4118.8,4118.8,0
2016-10-06 00:00:00,4119.29,4119.29,4119.29,4119.29,0
2016-10-07 00:00:00,4129.09,4129.09,4129.09,4129.09,0
2016-10-10 00:00:00,4128.13,4128.13,4128.13,4128.13,0
2016-10-13 00:00:00,4060.74,4060.74,4060.74,4060.74,0
2016-10-14 00:00:00,4079.69,4079.69,4079.69,4079.69,0
2016-10-17 00:00:00,4045.64,4045.64,4045.64,4045.64,0
2016-10-18 00:00:00,4096.81,4096.81,4096.81,4096.81,0
2016-10-19 00:00:00,4127.36,4127.36,4127.36,4127.36,0
2016-10-20 00:00:00,4161.33,4161.33,4161.33,4161.33,0
2016-10-21 00:00:00,4173.81,4173.81,4173.81,4173.81,0
2016-10-24 00:00:00,4199.72,4199.72,4199.72,4199.72,0
2016-10-25 00:00:00,4181.44,4181.44,4181.44,4181.44,0
2016-10-26 00:00:00,4128.08,4128.08,4128.08,4128.08,0
2016-10-27 00:00:00,4098.92,4098.92,4098.92,4098.92,0
2016-10-28 00:00:00,4157.05,4157.05,4157.05,4157.05,0
2016-10-30 00:00:00,4160.18,4160.18,4160.18,4160.18,0
2016-11-01 00:00:00,4201.03,4201.03,4201.03,4201.03,0
2016-11-02 00:00:00,4114.51,4114.51,4114.51,4114.51,0
2016-11-03 00:00:00,4043.78,4043.78,4043.78,4043.78,0
2016-11-04 00:00:00,3978.81,3978.81,3978.81,3978.81,0
2016-11-07 00:00:00,4050.94,4050.94,4050.94,4050.94,0
2016-11-08 00:00:00,4050.89,4050.89,4050.89,4050.89,0
2016-11-09 00:00:00,4006.43,4006.43,4006.43,4006.43,0
2016-11-10 00:00:00,4185.53,4185.53,4185.53,4185.53,0
2016-11-11 00:00:00,4077.57,4077.57,4077.57,4077.57,0
2016-11-15 00:00:00,3951.36,3951.36,3951.36,3951.36,0
2016-11-16 00:00:00,3928.1,3928.1,3928.1,3928.1,0
2016-11-17 00:00:00,3961.2,3961.2,3961.2,3961.2,0
2016-11-18 00:00:00,3998.52,3998.52,3998.52,3998.52,0
2016-11-21 00:00:00,3857.91,3857.91,3857.91,3857.91,0
2016-11-22 00:00:00,3923.11,3923.11,3923.11,3923.11,0
2016-11-23 00:00:00,3980.48,3980.48,3980.48,3980.48,0
2016-11-24 00:00:00,3997.58,3997.58,3997.58,3997.58,0
2016-11-25 00:00:00,4064.14,4064.14,4064.14,4064.14,0
2016-11-28 00:00:00,4087.32,4087.32,4087.32,4087.32,0
2016-11-29 00:00:00,4074.56,4074.56,4074.56,4074.56,0
2016-11-30 00:00:00,4120.19,4120.19,4120.19,4120.19,0
2016-12-01 00:00:00,4055.07,4055.07,4055.07,4055.07,0
2016-12-02 00:00:00,4001.86,4001.86,4001.86,4001.86,0
2016-12-05 00:00:00,4041.19,4041.19,4041.19,4041.19,0
2016-12-06 00:00:00,4071.57,4071.57,4071.57,4071.57,0
2016-12-07 00:00:00,4070.69,4070.69,4070.69,4070.69,0
2016-12-08 00:00:00,4146.94,4146.94,4146.94,4146.94,0
2016-12-09 00:00:00,4172.4,4172.4,4172.4,4172.4,0
2016-12-12 00:00:00,4124.78,4124.78,4124.78,4124.78,0
2016-12-13 00:00:00,4122.82,4122.82,4122.82,4122.82,0
2016-12-14 00:00:00,4073.47,4073.47,4073.47,4073.47,0
2016-12-15 00:00:00,4087.83,4087.83,4087.83,4087.83,0
2016-12-16 00:00:00,4041.43,4041.43,4041.43,4041.43,0
2016-12-19 00:00:00,4042.0,4042.0,4042.0,4042.0,0
2016-12-20 00:00:00,4007.02,4007.02,4007.02,4007.02,0
2016-12-21 00:00:00,4026.97,4026.97,4026.97,4026.97,0
2016-12-22 00:00:00,3946.67,3946.67,3946.67,3946.67,0
2016-12-23 00:00:00,3929.22,3929.22,3929.22,3929.22,0
2016-12-26 00:00:00,3824.52,3824.52,3824.52,3824.52,0
2016-12-27 00:00:00,3893.01,3893.01,3893.01,3893.01,0
2016-12-28 00:00:00,3889.07,3889.07,3889.07,3889.07,0
2016-12-29 00:00:00,3949.62,3949.62,3949.62,3949.62,0
2016-12-30 00:00:00,3978.63,3978.63,3978.63,3978.63,0
2017-01-02 00:00:00,4025.4,4025.4,4025.4,4025.4,0
2017-01-03 00:00:00,4066.87,4066.87,4066.87,4066.87,0
2017-01-04 00:00:00,4063.65,4063.65,4063.65,4063.65,0
2017-01-05 00:00:00,4139.61,4139.61,4139.61,4139.61,0
2017-01-06 00:00:00,4137.88,4137.88,4137.88,4137.88,0
2017-01-09 00:00:00,4125.02,4125.02,4125.02,4125.02,0
2017-01-10 00:00:00,4162.19,4162.19,4162.19,4162.19,0
2017-01-11 00:00:00,4254.86,4254.86,4254.86,4254.86,0
2017-01-12 00:00:00,4290.18,4290.18,4290.18,4290.18,0
2017-01-13 00:00:00,4286.35,4286.35,4286.35,4286.35,0
2017-01-16 00:00:00,4325.28,4325.28,4325.28,4325.28,0
2017-01-17 00:00:00,4312.16,4312.16,4312.16,4312.16,0
2017-01-18 00:00:00,4323.81,4323.81,4323.81,4323.81,0
2017-01-19 00:00:00,4342.81,4342.81,4342.81,4342.81,0
2017-01-20 00:00:00,4256.85,4256.85,4256.85,4256.85,0
2017-01-23 00:00:00,4336.74,4336.74,4336.74,4336.74,0
2017-01-24 00:00:00,4394.19,4394.19,4394.19,4394.19,0
2017-01-25 00:00:00,4467.63,4467.63,4467.63,4467.63,0
2017-01-27 00:00:00,4511.12,4511.12,4511.12,4511.12,0
2017-01-30 00:00:00,4481.94,4481.94,4481.94,4481.94,0
2017-01-31 00:00:00,4404.61,4404.61,4404.61,4404.61,0
2017-02-01 00:00:00,4514.32,4514.32,4514.32,4514.32,0
2017-02-02 00:00:00,4557.18,4557.18,4557.18,4557.18,0
2017-02-03 00:00:00,4590.79,4590.79,4590.79,4590.79,0
2017-02-06 00:00:00,4595.99,4595.99,4595.99,4595.99,0
2017-02-07 00:00:00,4561.53,4561.53,4561.53,4561.53,0
2017-02-08 00:00:00,4593.43,4593.43,4593.43,4593.43,0
2017-02-09 00:00:00,4578.39,4578.39,4578.39,4578.39,0
2017-02-10 00:00:00,4559.72,4559.72,4559.72,4559.72,0
2017-02-13 00:00:00,4539.25,4539.25,4539.25,4539.25,0
2017-02-14 00:00:00,4500.46,4500.46,4500.46,4500.46,0
2017-02-15 00:00:00,4411.55,4411.55,4411.55,4411.55,0
2017-02-16 00:00:00,4468.85,4468.85,4468.85,4468.85,0
2017-02-17 00:00:00,4476.85,4476.85,4476.85,4476.85,0
2017-02-20 00:00:00,4544.71,4544.71,4544.71,4544.71,0
2017-02-21 00:00:00,4585.17,4585.17,4585.17,4585.17,0
2017-02-22 00:00:00,4571.91,4571.91,4571.91,4571.91,0
2017-02-23 00:00:00,4565.03,4565.03,4565.03,4565.03,0
2017-02-27 00:00:00,4548.13,4548.13,4548.13,4548.13,0
2017-02-28 00:00:00,4546.65,4546.65,4546.65,4546.65,0
2017-03-01 00:00:00,4563.64,4563.64,4563.64,4563.64,0
2017-03-02 00:00:00,4481.0,4481.0,4481.0,4481.0,0
2017-03-03 00:00:00,4516.5,4516.5,4516.5,4516.5,0
2017-03-06 00:00:00,4551.94,4551.94,4551.94,4551.94,0
2017-03-07 00:00:00,4530.76,4530.76,4530.76,4530.76,0
2017-03-08 00:00:00,4468.92,4468.92,4468.92,4468.92,0
2017-03-09 00:00:00,4454.95,4454.95,4454.95,4454.95,0
2017-03-10 00:00:00,4436.12,4436.12,4436.12,4436.12,0
2017-03-14 00:00:00,4490.37,4490.37,4490.37,4490.37,0
2017-03-15 00:00:00,4505.3,4505.3,4505.3,4505.3,0
2017-03-16 00:00:00,4596.65,4596.65,4596.65,4596.65,0
2017-03-17 00:00:00,4590.4,4590.4,4590.4,4590.4,0
2017-03-20 00:00:00,4602.76,4602.76,4602.76,4602.76,0
2017-03-21 00:00:00,4590.58,4590.58,4590.58,4590.58,0
2017-03-22 00:00:00,4537.47,4537.47,4537.47,4537.47,0
2017-03-23 00:00:00,4590.02,4590.02,4590.02,4590.02,0
2017-03-24 00:00:00,4620.57,4620.57,4620.57,4620.57,0
2017-03-27 00:00:00,4586.03,4586.03,4586.03,4586.03,0
2017-03-28 00:00:00,4596.45,4596.45,4596.45,4596.45,0
2017-03-29 00:00:00,4608.75,4608.75,4608.75,4608.75,0
2017-03-30 00:00:00,4599.96,4599.96,4599.96,4599.96,0
2017-03-31 00:00:00,4647.19,4647.19,4647.19,4647.19,0
2017-04-03 00:00:00,4650.94,4650.94,4650.94,4650.94,0
2017-04-05 00:00:00,4702.61,4702.61,4702.61,4702.61,0
2017-04-06 00:00:00,4712.43,4712.43,4712.43,4712.43,0
2017-04-07 00:00:00,4689.07,4689.07,4689.07,4689.07,0
2017-04-10 00:00:00,4715.87,4715.87,4715.87,4715.87,0
2017-04-11 00:00:00,4792.38,4792.38,4792.38,4792.38,0
2017-04-12 00:00:00,4748.61,4748.61,4748.61,4748.61,0
2017-04-13 00:00:00,4744.55,4744.55,4744.55,4744.55,0
2017-04-17 00:00:00,4716.01,4716.01,4716.01,4716.01,0
2017-04-18 00:00:00,4698.39,4698.39,4698.39,4698.39,0
2017-04-19 00:00:00,4706.81,4706.81,4706.81,4706.81,0
2017-04-20 00:00:00,4724.53,4724.53,4724.53,4724.53,0
2017-04-21 00:00:00,4734.22,4734.22,4734.22,4734.22,0
2017-04-24 00:00:00,4768.47,4768.47,4768.47,4768.47,0
2017-04-25 00:00:00,4811.41,4811.41,4811.41,4811.41,0
2017-04-26 00:00:00,4773.08,4773.08,4773.08,4773.08,0
2017-04-27 00:00:00,4756.9,4756.9,4756.9,4756.9,0
2017-04-28 00:00:00,4796.42,4796.42,4796.42,4796.42,0
2017-05-02 00:00:00,4849.74,4849.74,4849.74,4849.74,0
2017-05-03 00:00:00,4839.25,4839.25,4839.25,4839.25,0
2017-05-04 00:00:00,4859.4,4859.4,4859.4,4859.4,0
2017-05-05 00:00:00,4789.15,4789.15,4789.15,4789.15,0
2017-05-08 00:00:00,4813.65,4813.65,4813.65,4813.65,0
2017-05-09 00:00:00,4826.7,4826.7,4826.7,4826.7,0
2017-05-10 00:00:00,4835.72,4835.72,4835.72,4835.72,0
2017-05-11 00:00:00,4805.7,4805.7,4805.7,4805.7,0
2017-05-12 00:00:00,4790.06,4790.06,4790.06,4790.06,0
2017-05-15 00:00:00,4838.4,4838.4,4838.4,4838.4,0
2017-05-16 00:00:00,4860.14,4860.14,4860.14,4860.14,0
2017-05-17 00:00:00,4873.07,4873.07,4873.07,4873.07,0
2017-05-18 00:00:00,4773.47,4773.47,4773.47,4773.47,0
2017-05-19 00:00:00,4743.9,4743.9,4743.9,4743.9,0
2017-05-22 00:00:00,4674.13,4674.13,4674.13,4674.13,0
2017-05-23 00:00:00,4615.21,4615.21,4615.21,4615.21,0
2017-05-24 00:00:00,4546.46,4546.46,4546.46,4546.46,0
2017-05-25 00:00:00,4590.54,4590.54,4590.54,4590.54,0
2017-05-26 00:00:00,4670.14,4670.14,4670.14,4670.14,0
2017-05-29 00:00:00,4586.2,4586.2,4586.2,4586.2,0
2017-05-30 00:00:00,4638.34,4638.34,4638.34,4638.34,0
2017-05-31 00:00:00,4623.01,4623.01,4623.01,4623.01,0
2017-06-01 00:00:00,4597.15,4597.15,4597.15,4597.15,0
2017-06-02 00:00:00,4599.29,4599.29,4599.29,4599.29,0
2017-06-05 00:00:00,4609.83,4609.83,4609.83,4609.83,0
2017-06-06 00:00:00,4585.52,4585.52,4585.52,4585.52,0
2017-06-07 00:00:00,4605.22,4605.22,4605.22,4605.22,0
2017-06-08 00:00:00,4592.32,4592.32,4592.32,4592.32,0
2017-06-09 00:00:00,4608.14,4608.14,4608.14,4608.14,0
2017-06-12 00:00:00,4601.65,4601.65,4601.65,4601.65,0
2017-06-13 00:00:00,4585.42,4585.42,4585.42,4585.42,0
2017-06-14 00:00:00,4581.46,4581.46,4581.46,4581.46,0
2017-06-15 00:00:00,4540.75,4540.75,4540.75,4540.75,0
2017-06-16 00:00:00,4548.85,4548.85,4548.85,4548.85,0
2017-06-19 00:00:00,4574.71,4574.71,4574.71,4574.71,0
2017-06-20 00:00:00,4585.07,4585.07,4585.07,4585.07,0
2017-06-21 00:00:00,4549.95,4549.95,4549.95,4549.95,0
2017-06-22 00:00:00,4496.1,4496.1,4496.1,4496.1,0
2017-06-23 00:00:00,4415.16,4415.16,4415.16,4415.16,0
2017-06-27 00:00:00,4364.85,4364.85,4364.85,4364.85,0
2017-06-28 00:00:00,4395.95,4395.95,4395.95,4395.95,0
2017-06-29 00:00:00,4408.1,4408.1,4408.1,4408.1,0
2017-06-30 00:00:00,4413.16,4413.16,4413.16,4413.16,0
2017-07-03 00:00:00,4469.14,4469.14,4469.14,4469.14,0
2017-07-04 00:00:00,4446.35,4446.35,4446.35,4446.35,0
2017-07-05 00:00:00,4493.3,4493.3,4493.3,4493.3,0
2017-07-06 00:00:00,4519.33,4519.33,4519.33,4519.33,0
2017-07-07 00:00:00,4521.49,4521.49,4521.49,4521.49,0
2017-07-10 00:00:00,4574.62,4574.62,4574.62,4574.62,0
2017-07-11 00:00:00,4555.13,4555.13,4555.13,4555.13,0
2017-07-12 00:00:00,4617.92,4617.92,4617.92,4617.92,0
2017-07-13 00:00:00,4631.96,4631.96,4631.96,4631.96,0
2017-07-14 00:00:00,4631.18,4631.18,4631.18,4631.18,0
2017-07-17 00:00:00,4642.17,4642.17,4642.17,4642.17,0
2017-07-18 00:00:00,4627.72,4627.72,4627.72,4627.72,0
2017-07-19 00:00:00,4682.25,4682.25,4682.25,4682.25,0
2017-07-20 00:00:00,4672.05,4672.05,4672.05,4672.05,0
2017-07-21 00:00:00,4668.78,4668.78,4668.78,4668.78,0
2017-07-24 00:00:00,4667.79,4667.79,4667.79,4667.79,0
2017-07-25 00:00:00,4683.3,4683.3,4683.3,4683.3,0
2017-07-26 00:00:00,4696.77,4696.77,4696.77,4696.77,0
2017-07-27 00:00:00,4651.08,4651.08,4651.08,4651.08,0
2017-07-28 00:00:00,4672.21,4672.21,4672.21,4672.21,0
2017-07-31 00:00:00,4718.65,4718.65,4718.65,4718.65,0
2017-08-01 00:00:00,4732.9,4732.9,4732.9,4732.9,0
2017-08-02 00:00:00,4729.82,4729.82,4729.82,4729.82,0
2017-08-03 00:00:00,4692.86,4692.86,4692.86,4692.86,0
2017-08-04 00:00:00,4804.65,4804.65,4804.65,4804.65,0
2017-08-07 00:00:00,4899.83,4899.83,4899.83,4899.83,0
2017-08-08 00:00:00,4836.07,4836.07,4836.07,4836.07,0
2017-08-09 00:00:00,4781.75,4781.75,4781.75,4781.75,0
2017-08-10 00:00:00,4650.78,4650.78,4650.78,4650.78,0
2017-08-11 00:00:00,4575.24,4575.24,4575.24,4575.24,0
2017-08-14 00:00:00,4669.0,4669.0,4669.0,4669.0,0
2017-08-16 00:00:00,4715.62,4715.62,4715.62,4715.62,0
2017-08-17 00:00:00,4739.39,4739.39,4739.39,4739.39,0
2017-08-18 00:00:00,4722.55,4722.55,4722.55,4722.55,0
2017-08-21 00:00:00,4637.98,4637.98,4637.98,4637.98,0
2017-08-22 00:00:00,4630.41,4630.41,4630.41,4630.41,0
2017-08-23 00:00:00,4703.23,4703.23,4703.23,4703.23,0
2017-08-24 00:00:00,4717.14,4717.14,4717.14,4717.14,0
2017-08-28 00:00:00,4756.59,4756.59,4756.59,4756.59,0
2017-08-29 00:00:00,4704.13,4704.13,4704.13,4704.13,0
2017-08-30 00:00:00,4794.59,4794.59,4794.59,4794.59,0
2017-08-31 00:00:00,4803.06,4803.06,4803.06,4803.06,0
2017-09-01 00:00:00,4862.01,4862.01,4862.01,4862.01,0
2017-09-04 00:00:00,4832.92,4832.92,4832.92,4832.92,0
2017-09-05 00:00:00,4863.45,4863.45,4863.45,4863.45,0
2017-09-06 00:00:00,4865.45,4865.45,4865.45,4865.45,0
2017-09-07 00:00:00,4880.25,4880.25,4880.25,4880.25,0
2017-09-08 00:00:00,4855.77,4855.77,4855.77,4855.77,0
2017-09-11 00:00:00,4887.4,4887.4,4887.4,4887.4,0
2017-09-12 00:00:00,4947.05,4947.05,4947.05,4947.05,0
2017-09-13 00:00:00,4883.76,4883.76,4883.76,4883.76,0
2017-09-14 00:00:00,4889.9,4889.9,4889.9,4889.9,0
2017-09-15 00:00:00,4884.35,4884.35,4884.35,4884.35,0
2017-09-18 00:00:00,4906.98,4906.98,4906.98,4906.98,0
2017-09-19 00:00:00,4926.95,4926.95,4926.95,4926.95,0
2017-09-20 00:00:00,4910.78,4910.78,4910.78,4910.78,0
2017-09-21 00:00:00,4870.65,4870.65,4870.65,4870.65,0
2017-09-22 00:00:00,4729.25,4729.25,4729.25,4729.25,0
2017-09-25 00:00:00,4691.0,4691.0,4691.0,4691.0,0
2017-09-26 00:00:00,4717.29,4717.29,4717.29,4717.29,0
2017-09-27 00:00:00,4632.19,4632.19,4632.19,4632.19,0
2017-09-28 00:00:00,4654.1,4654.1,4654.1,4654.1,0
2017-09-29 00:00:00,4686.41,4686.41,4686.41,4686.41,0
2017-10-03 00:00:00,4723.54,4723.54,4723.54,4723.54,0
2017-10-04 00:00:00,4745.46,4745.46,4745.46,4745.46,0
2017-10-05 00:00:00,4755.67,4755.67,4755.67,4755.67,0
2017-10-06 00:00:00,4848.82,4848.82,4848.82,4848.82,0
2017-10-09 00:00:00,4830.93,4830.93,4830.93,4830.93,0
2017-10-10 00:00:00,4839.71,4839.71,4839.71,4839.71,0
2017-10-11 00:00:00,4810.45,4810.45,4810.45,4810.45,0
2017-10-12 00:00:00,4864.33,4864.33,4864.33,4864.33,0
2017-10-13 00:00:00,4897.32,4897.32,4897.32,4897.32,0
2017-10-16 00:00:00,4917.63,4917.63,4917.63,4917.63,0
2017-10-17 00:00:00,4969.94,4969.94,4969.94,4969.94,0
2017-10-18 00:00:00,4971.22,4971.22,4971.22,4971.22,0
2017-10-19 00:00:00,4937.27,4937.27,4937.27,4937.27,0
2017-10-23 00:00:00,4947.21,4947.21,4947.21,4947.21,0
2017-10-24 00:00:00,4994.88,4994.88,4994.88,4994.88,0
2017-10-25 00:00:00,5176.8,5176.8,5176.8,5176.8,0
2017-10-26 00:00:00,5284.93,5284.93,5284.93,5284.93,0
2017-10-27 00:00:00,5237.5,5237.5,5237.5,5237.5,0
2017-10-30 00:00:00,5269.78,5269.78,5269.78,5269.78,0
2017-10-31 00:00:00,5214.38,5214.38,5214.38,5214.38,0
2017-11-01 00:00:00,5256.05,5256.05,5256.05,5256.05,0
2017-11-02 00:00:00,5241.83,5241.83,5241.83,5241.83,0
2017-11-03 00:00:00,5258.94,5258.94,5258.94,5258.94,0
2017-11-06 00:00:00,5243.42,5243.42,5243.42,5243.42,0
2017-11-07 00:00:00,5154.47,5154.47,5154.47,5154.47,0
2017-11-08 00:00:00,5110.01,5110.01,5110.01,5110.01,0
2017-11-09 00:00:00,5138.17,5138.17,5138.17,5138.17,0
2017-11-10 00:00:00,5119.93,5119.93,5119.93,5119.93,0
2017-11-13 00:00:00,5068.23,5068.23,5068.23,5068.23,0
2017-11-14 00:00:00,5024.85,5024.85,5024.85,5024.85,0
2017-11-15 00:00:00,4937.79,4937.79,4937.79,4937.79,0
2017-11-16 00:00:00,5001.82,5001.82,5001.82,5001.82,0
2017-11-17 00:00:00,5053.98,5053.98,5053.98,5053.98,0
2017-11-20 00:00:00,5088.24,5088.24,5088.24,5088.24,0
2017-11-21 00:00:00,5099.36,5099.36,5099.36,5099.36,0
2017-11-22 00:00:00,5097.69,5097.69,5097.69,5097.69,0
2017-11-23 00:00:00,5093.3,5093.3,5093.3,5093.3,0
2017-11-24 00:00:00,5096.64,5096.64,5096.64,5096.64,0
2017-11-27 00:00:00,5106.52,5106.52,5106.52,5106.52,0
2017-11-28 00:00:00,5082.92,5082.92,5082.92,5082.92,0
2017-11-29 00:00:00,5068.33,5068.33,5068.33,5068.33,0
2017-11-30 00:00:00,5014.47,5014.47,5014.47,5014.47,0
2017-12-01 00:00:00,4935.89,4935.89,4935.89,4935.89,0
2017-12-04 00:00:00,4959.75,4959.75,4959.75,4959.75,0
2017-12-05 00:00:00,4950.13,4950.13,4950.13,4950.13,0
2017-12-06 00:00:00,4872.12,4872.12,4872.12,4872.12,0
2017-12-07 00:00:00,4943.07,4943.07,4943.07,4943.07,0
2017-12-08 00:00:00,5005.39,5005.39,5005.39,5005.39,0
2017-12-11 00:00:00,5015.75,5015.75,5015.75,5015.75,0
2017-12-12 00:00:00,4944.99,4944.99,4944.99,4944.99,0
2017-12-13 00:00:00,4915.71,4915.71,4915.71,4915.71,0
2017-12-14 00:00:00,4946.69,4946.69,4946.69,4946.69,0
2017-12-15 00:00:00,5004.6,5004.6,5004.6,5004.6,0
2017-12-18 00:00:00,5048.44,5048.44,5048.44,5048.44,0
2017-12-19 00:00:00,5098.44,5098.44,5098.44,5098.44,0
2017-12-20 00:00:00,5099.47,5099.47,5099.47,5099.47,0
2017-12-21 00:00:00,5144.48,5144.48,5144.48,5144.48,0
2017-12-22 00:00:00,5171.49,5171.49,5171.49,5171.49,0
2017-12-26 00:00:00,5204.13,5204.13,5204.13,5204.13,0
2017-12-27 00:00:00,5180.06,5180.06,5180.06,5180.06,0
2017-12-28 00:00:00,5188.38,5188.38,5188.38,5188.38,0
2017-12-29 00:00:00,5198.76,5198.76,5198.76,5198.76,0
2018-01-01 00:00:00,5193.15,5193.15,5193.15,5193.15,0
2018-01-02 00:00:00,5199.91,5199.91,5199.91,5199.91,0
2018-01-03 00:00:00,5221.77,5221.77,5221.77,5221.77,0
2018-01-04 00:00:00,5292.83,5292.83,5292.83,5292.83,0
2018-01-05 00:00:00,5295.81,5295.81,5295.81,5295.81,0
2018-01-08 00:00:00,5337.11,5337.11,5337.11,5337.11,0
2018-01-09 00:00:00,5329.88,5329.88,5329.88,5329.88,0
2018-01-10 00:00:00,5313.35,5313.35,5313.35,5313.35,0
2018-01-11 00:00:00,5330.56,5330.56,5330.56,5330.56,0
2018-01-12 00:00:00,5334.32,5334.32,5334.32,5334.32,0
2018-01-15 00:00:00,5315.71,5315.71,5315.71,5315.71,0
2018-01-16 00:00:00,5193.14,5193.14,5193.14,5193.14,0
2018-01-17 00:00:00,5250.01,5250.01,5250.01,5250.01,0
2018-01-18 00:00:00,5142.53,5142.53,5142.53,5142.53,0
2018-01-19 00:00:00,5204.34,5204.34,5204.34,5204.34,0
2018-01-22 00:00:00,5206.73,5206.73,5206.73,5206.73,0
2018-01-23 00:00:00,5322.22,5322.22,5322.22,5322.22,0
2018-01-24 00:00:00,5327.31,5327.31,5327.31,5327.31,0
2018-01-25 00:00:00,5278.34,5278.34,5278.34,5278.34,0
2018-01-29 00:00:00,5262.18,5262.18,5262.18,5262.18,0
2018-01-30 00:00:00,5276.21,5276.21,5276.21,5276.21,0
2018-01-31 00:00:00,5251.56,5251.56,5251.56,5251.56,0
2018-02-01 00:00:00,5205.09,5205.09,5205.09,5205.09,0
2018-02-02 00:00:00,5048.59,5048.59,5048.59,5048.59,0
2018-02-05 00:00:00,5064.96,5064.96,5064.96,5064.96,0
2018-02-06 00:00:00,4971.47,4971.47,4971.47,4971.47,0
2018-02-07 00:00:00,5007.95,5007.95,5007.95,5007.95,0
2018-02-08 00:00:00,5039.78,5039.78,5039.78,5039.78,0
2018-02-09 00:00:00,5017.22,5017.22,5017.22,5017.22,0
2018-02-12 00:00:00,5070.73,5070.73,5070.73,5070.73,0
2018-02-14 00:00:00,5039.75,5039.75,5039.75,5039.75,0
2018-02-15 00:00:00,5015.38,5015.38,5015.38,5015.38,0
2018-02-16 00:00:00,4937.08,4937.08,4937.08,4937.08,0
2018-02-19 00:00:00,4860.8,4860.8,4860.8,4860.8,0
2018-02-20 00:00:00,4877.15,4877.15,4877.15,4877.15,0
2018-02-21 00:00:00,4871.75,4871.75,4871.75,4871.75,0
2018-02-22 00:00:00,4836.21,4836.21,4836.21,4836.21,0
2018-02-23 00:00:00,4930.04,4930.04,4930.04,4930.04,0
2018-02-26 00:00:00,4968.16,4968.16,4968.16,4968.16,0
2018-02-27 00:00:00,4913.82,4913.82,4913.82,4913.82,0
2018-02-28 00:00:00,4891.87,4891.87,4891.87,4891.87,0
2018-03-01 00:00:00,4867.65,4867.65,4867.65,4867.65,0
2018-03-05 00:00:00,4788.19,4788.19,4788.19,4788.19,0
2018-03-06 00:00:00,4760.04,4760.04,4760.04,4760.04,0
2018-03-07 00:00:00,4686.74,4686.74,4686.74,4686.74,0
2018-03-08 00:00:00,4687.08,4687.08,4687.08,4687.08,0
2018-03-09 00:00:00,4658.89,4658.89,4658.89,4658.89,0
2018-03-12 00:00:00,4723.37,4723.37,4723.37,4723.37,0
2018-03-13 00:00:00,4781.53,4781.53,4781.53,4781.53,0
2018-03-14 00:00:00,4770.46,4770.46,4770.46,4770.46,0
2018-03-15 00:00:00,4748.55,4748.55,4748.55,4748.55,0
2018-03-16 00:00:00,4663.66,4663.66,4663.66,4663.66,0
2018-03-19 00:00:00,4560.11,4560.11,4560.11,4560.11,0
2018-03-20 00:00:00,4571.38,4571.38,4571.38,4571.38,0
2018-03-21 00:00:00,4573.51,4573.51,4573.51,4573.51,0
2018-03-22 00:00:00,4549.65,4549.65,4549.65,4549.65,0
2018-03-23 00:00:00,4481.62,4481.62,4481.62,4481.62,0
2018-03-26 00:00:00,4535.22,4535.22,4535.22,4535.22,0
2018-03-27 00:00:00,4605.51,4605.51,4605.51,4605.51,0
2018-03-28 00:00:00,4573.04,4573.04,4573.04,4573.04,0
2018-04-02 00:00:00,4600.66,4600.66,4600.66,4600.66,0
2018-04-03 00:00:00,4637.27,4637.27,4637.27,4637.27,0
2018-04-04 00:00:00,4565.08,4565.08,4565.08,4565.08,0
2018-04-05 00:00:00,4680.29,4680.29,4680.29,4680.29,0
2018-04-06 00:00:00,4703.44,4703.44,4703.44,4703.44,0
2018-04-09 00:00:00,4733.64,4733.64,4733.64,4733.64,0
2018-04-10 00:00:00,4762.02,4762.02,4762.02,4762.02,0
2018-04-11 00:00:00,4730.66,4730.66,4730.66,4730.66,0
2018-04-12 00:00:00,4722.57,4722.57,4722.57,4722.57,0
2018-04-13 00:00:00,4740.08,4740.08,4740.08,4740.08,0
2018-04-16 00:00:00,4739.65,4739.65,4739.65,4739.65,0
2018-04-17 00:00:00,4738.34,4738.34,4738.34,4738.34,0
2018-04-18 00:00:00,4720.32,4720.32,4720.32,4720.32,0
2018-04-19 00:00:00,4752.96,4752.96,4752.96,4752.96,0
2018-04-20 00:00:00,4745.51,4745.51,4745.51,4745.51,0
2018-04-23 00:00:00,4732.13,4732.13,4732.13,4732.13,0
2018-04-24 00:00:00,4684.29,4684.29,4684.29,4684.29,0
2018-04-25 00:00:00,4643.44,4643.44,4643.44,4643.44,0
2018-04-26 00:00:00,4637.52,4637.52,4637.52,4637.52,0
2018-04-27 00:00:00,4682.37,4682.37,4682.37,4682.37,0
2018-04-30 00:00:00,4712.76,4712.76,4712.76,4712.76,0
2018-05-02 00:00:00,4615.88,4615.88,4615.88,4615.88,0
2018-05-03 00:00:00,4608.68,4608.68,4608.68,4608.68,0
2018-05-04 00:00:00,4574.79,4574.79,4574.79,4574.79,0
2018-05-07 00:00:00,4620.25,4620.25,4620.25,4620.25,0
2018-05-08 00:00:00,4620.87,4620.87,4620.87,4620.87,0
2018-05-09 00:00:00,4618.08,4618.08,4618.08,4618.08,0
2018-05-10 00:00:00,4591.26,4591.26,4591.26,4591.26,0
2018-05-11 00:00:00,4623.49,4623.49,4623.49,4623.49,0
2018-05-14 00:00:00,4605.84,4605.84,4605.84,4605.84,0
2018-05-15 00:00:00,4568.2,4568.2,4568.2,4568.2,0
2018-05-16 00:00:00,4525.46,4525.46,4525.46,4525.46,0
2018-05-17 00:00:00,4522.06,4522.06,4522.06,4522.06,0
2018-05-18 00:00:00,4452.56,4452.56,4452.56,4452.56,0
2018-05-21 00:00:00,4426.31,4426.31,4426.31,4426.31,0
2018-05-22 00:00:00,4463.21,4463.21,4463.21,4463.21,0
2018-05-23 00:00:00,4392.63,4392.63,4392.63,4392.63,0
2018-05-24 00:00:00,4395.24,4395.24,4395.24,4395.24,0
2018-05-25 00:00:00,4481.76,4481.76,4481.76,4481.76,0
2018-05-28 00:00:00,4562.63,4562.63,4562.63,4562.63,0
2018-05-29 00:00:00,4544.3,4544.3,4544.3,4544.3,0
2018-05-30 00:00:00,4532.42,4532.42,4532.42,4532.42,0
2018-05-31 00:00:00,4563.37,4563.37,4563.37,4563.37,0
2018-06-01 00:00:00,4526.01,4526.01,4526.01,4526.01,0
2018-06-04 00:00:00,4486.13,4486.13,4486.13,4486.13,0
2018-06-05 00:00:00,4455.04,4455.04,4455.04,4455.04,0
2018-06-06 00:00:00,4512.36,4512.36,4512.36,4512.36,0
2018-06-07 00:00:00,4572.79,4572.79,4572.79,4572.79,0
2018-06-08 00:00:00,4570.31,4570.31,4570.31,4570.31,0
2018-06-11 00:00:00,4578.72,4578.72,4578.72,4578.72,0
2018-06-12 00:00:00,4580.75,4580.75,4580.75,4580.75,0
2018-06-13 00:00:00,4578.98,4578.98,4578.98,4578.98,0
2018-06-14 00:00:00,4538.15,4538.15,4538.15,4538.15,0
2018-06-15 00:00:00,4488.53,4488.53,4488.53,4488.53,0
2018-06-18 00:00:00,4488.09,4488.09,4488.09,4488.09,0
2018-06-19 00:00:00,4417.29,4417.29,4417.29,4417.29,0
2018-06-20 00:00:00,4416.93,4416.93,4416.93,4416.93,0
2018-06-21 00:00:00,4390.83,4390.83,4390.83,4390.83,0
2018-06-22 00:00:00,4405.78,4405.78,4405.78,4405.78,0
2018-06-25 00:00:00,4336.09,4336.09,4336.09,4336.09,0
2018-06-26 00:00:00,4325.63,4325.63,4325.63,4325.63,0
2018-06-27 00:00:00,4232.57,4232.57,4232.57,4232.57,0
2018-06-28 00:00:00,4145.03,4145.03,4145.03,4145.03,0
2018-06-29 00:00:00,4236.9,4236.9,4236.9,4236.9,0
2018-07-02 00:00:00,4164.22,4164.22,4164.22,4164.22,0
2018-07-03 00:00:00,4174.47,4174.47,4174.47,4174.47,0
2018-07-04 00:00:00,4146.71,4146.71,4146.71,4146.71,0
2018-07-05 00:00:00,4120.61,4120.61,4120.61,4120.61,0
2018-07-06 00:00:00,4167.8,4167.8,4167.8,4167.8,0
2018-07-09 00:00:00,4207.49,4207.49,4207.49,4207.49,0
2018-07-10 00:00:00,4234.99,4234.99,4234.99,4234.99,0
2018-07-11 00:00:00,4165.8,4165.8,4165.8,4165.8,0
2018-07-12 00:00:00,4144.72,4144.72,4144.72,4144.72,0
2018-07-13 00:00:00,4104.89,4104.89,4104.89,4104.89,0
2018-07-16 00:00:00,4009.25,4009.25,4009.25,4009.25,0
2018-07-17 00:00:00,4116.13,4116.13,4116.13,4116.13,0
2018-07-18 00:00:00,4080.29,4080.29,4080.29,4080.29,0
2018-07-19 00:00:00,4066.36,4066.36,4066.36,4066.36,0
2018-07-20 00:00:00,4042.15,4042.15,4042.15,4042.15,0
2018-07-23 00:00:00,4068.91,4068.91,4068.91,4068.91,0
2018-07-24 00:00:00,4185.16,4185.16,4185.16,4185.16,0
2018-07-25 00:00:00,4197.06,4197.06,4197.06,4197.06,0
2018-07-26 00:00:00,4232.43,4232.43,4232.43,4232.43,0
2018-07-27 00:00:00,4302.27,4302.27,4302.27,4302.27,0
2018-07-30 00:00:00,4344.96,4344.96,4344.96,4344.96,0
2018-07-31 00:00:00,4344.05,4344.05,4344.05,4344.05,0
2018-08-01 00:00:00,4337.89,4337.89,4337.89,4337.89,0
2018-08-02 00:00:00,4346.67,4346.67,4346.67,4346.67,0
2018-08-03 00:00:00,4387.71,4387.71,4387.71,4387.71,0
2018-08-06 00:00:00,4408.2,4408.2,4408.2,4408.2,0
2018-08-07 00:00:00,4403.12,4403.12,4403.12,4403.12,0
2018-08-08 00:00:00,4377.88,4377.88,4377.88,4377.88,0
2018-08-09 00:00:00,4422.31,4422.31,4422.31,4422.31,0
2018-08-10 00:00:00,4384.11,4384.11,4384.11,4384.11,0
2018-08-13 00:00:00,4306.88,4306.88,4306.88,4306.88,0
2018-08-14 00:00:00,4309.57,4309.57,4309.57,4309.57,0
2018-08-16 00:00:00,4258.85,4258.85,4258.85,4258.85,0
2018-08-17 00:00:00,4314.81,4314.81,4314.81,4314.81,0
2018-08-20 00:00:00,4375.78,4375.78,4375.78,4375.78,0
2018-08-21 00:00:00,4374.04,4374.04,4374.04,4374.04,0
2018-08-23 00:00:00,4322.51,4322.51,4322.51,4322.51,0
2018-08-24 00:00:00,4354.87,4354.87,4354.87,4354.87,0
2018-08-27 00:00:00,4452.24,4452.24,4452.24,4452.24,0
2018-08-28 00:00:00,4432.74,4432.74,4432.74,4432.74,0
2018-08-29 00:00:00,4464.84,4464.84,4464.84,4464.84,0
2018-08-30 00:00:00,4485.08,4485.08,4485.08,4485.08,0
2018-08-31 00:00:00,4484.99,4484.99,4484.99,4484.99,0
2018-09-03 00:00:00,4491.29,4491.29,4491.29,4491.29,0
2018-09-04 00:00:00,4361.16,4361.16,4361.16,4361.16,0
2018-09-05 00:00:00,4392.11,4392.11,4392.11,4392.11,0
2018-09-06 00:00:00,4425.84,4425.84,4425.84,4425.84,0
2018-09-07 00:00:00,4448.11,4448.11,4448.11,4448.11,0
2018-09-10 00:00:00,4375.91,4375.91,4375.91,4375.91,0
2018-09-11 00:00:00,4298.2,4298.2,4298.2,4298.2,0
2018-09-12 00:00:00,4306.34,4306.34,4306.34,4306.34,0
2018-09-14 00:00:00,4436.76,4436.76,4436.76,4436.76,0
2018-09-17 00:00:00,4435.25,4435.25,4435.25,4435.25,0
2018-09-18 00:00:00,4344.2,4344.2,4344.2,4344.2,0
2018-09-19 00:00:00,4366.87,4366.87,4366.87,4366.87,0
2018-09-21 00:00:00,4303.7,4303.7,4303.7,4303.7,0
2018-09-24 00:00:00,4197.22,4197.22,4197.22,4197.22,0
2018-09-25 00:00:00,4203.61,4203.61,4203.61,4203.61,0
2018-09-26 00:00:00,4251.86,4251.86,4251.86,4251.86,0
2018-09-27 00:00:00,4179.02,4179.02,4179.02,4179.02,0
2018-09-28 00:00:00,4077.0,4077.0,4077.0,4077.0,0
2018-10-01 00:00:00,4133.67,4133.67,4133.67,4133.67,0
2018-10-03 00:00:00,4186.7,4186.7,4186.7,4186.7,0
2018-10-04 00:00:00,4072.4,4072.4,4072.4,4072.4,0
2018-10-05 00:00:00,3805.14,3805.14,3805.14,3805.14,0
2018-10-08 00:00:00,3769.62,3769.62,3769.62,3769.62,0
2018-10-09 00:00:00,3756.35,3756.35,3756.35,3756.35,0
2018-10-10 00:00:00,3881.6,3881.6,3881.6,3881.6,0
2018-10-11 00:00:00,3826.93,3826.93,3826.93,3826.93,0
2018-10-12 00:00:00,3965.0,3965.0,3965.0,3965.0,0
2018-10-15 00:00:00,3986.91,3986.91,3986.91,3986.91,0
2018-10-16 00:00:00,4024.02,4024.02,4024.02,4024.02,0
2018-10-17 00:00:00,3911.17,3911.17,3911.17,3911.17,0
2018-10-19 00:00:00,3896.87,3896.87,3896.87,3896.87,0
2018-10-22 00:00:00,3870.06,3870.06,3870.06,3870.06,0
2018-10-23 00:00:00,3858.77,3858.77,3858.77,3858.77,0
2018-10-24 00:00:00,3927.45,3927.45,3927.45,3927.45,0
2018-10-25 00:00:00,3873.21,3873.21,3873.21,3873.21,0
2018-10-26 00:00:00,3847.48,3847.48,3847.48,3847.48,0
2018-10-29 00:00:00,3992.87,3992.87,3992.87,3992.87,0
2018-10-30 00:00:00,3960.6,3960.6,3960.6,3960.6,0
2018-10-31 00:00:00,4001.69,4001.69,4001.69,4001.69,0
2018-11-01 00:00:00,4046.76,4046.76,4046.76,4046.76,0
2018-11-02 00:00:00,4128.66,4128.66,4128.66,4128.66,0
2018-11-05 00:00:00,4075.05,4075.05,4075.05,4075.05,0
2018-11-06 00:00:00,4071.29,4071.29,4071.29,4071.29,0
2018-11-07 00:00:00,4102.24,4102.24,4102.24,4102.24,0
2018-11-09 00:00:00,4148.21,4148.21,4148.21,4148.21,0
2018-11-12 00:00:00,4075.83,4075.83,4075.83,4075.83,0
2018-11-13 00:00:00,4124.89,4124.89,4124.89,4124.89,0
2018-11-14 00:00:00,4159.14,4159.14,4159.14,4159.14,0
2018-11-15 00:00:00,4155.66,4155.66,4155.66,4155.66,0
2018-11-16 00:00:00,4085.95,4085.95,4085.95,4085.95,0
2018-11-19 00:00:00,4116.07,4116.07,4116.07,4116.07,0
2018-11-20 00:00:00,4055.38,4055.38,4055.38,4055.38,0
2018-11-21 00:00:00,4067.66,4067.66,4067.66,4067.66,0
2018-11-22 00:00:00,4002.12,4002.12,4002.12,4002.12,0
2018-11-26 00:00:00,3999.54,3999.54,3999.54,3999.54,0
2018-11-27 00:00:00,4009.86,4009.86,4009.86,4009.86,0
2018-11-28 00:00:00,3905.54,3905.54,3905.54,3905.54,0
2018-11-29 00:00:00,3923.96,3923.96,3923.96,3923.96,0
2018-11-30 00:00:00,3877.23,3877.23,3877.23,3877.23,0
2018-12-03 00:00:00,3977.76,3977.76,3977.76,3977.76,0
2018-12-04 00:00:00,3990.16,3990.16,3990.16,3990.16,0
2018-12-05 00:00:00,3879.9,3879.9,3879.9,3879.9,0
2018-12-06 00:00:00,3812.33,3812.33,3812.33,3812.33,0
2018-12-07 00:00:00,3811.29,3811.29,3811.29,3811.29,0
2018-12-10 00:00:00,3750.77,3750.77,3750.77,3750.77,0
2018-12-11 00:00:00,3781.87,3781.87,3781.87,3781.87,0
2018-12-12 00:00:00,3845.3,3845.3,3845.3,3845.3,0
2018-12-13 00:00:00,3867.01,3867.01,3867.01,3867.01,0
2018-12-14 00:00:00,3918.21,3918.21,3918.21,3918.21,0
2018-12-17 00:00:00,3955.51,3955.51,3955.51,3955.51,0
2018-12-18 00:00:00,4004.89,4004.89,4004.89,4004.89,0
2018-12-19 00:00:00,4045.5,4045.5,4045.5,4045.5,0
2018-12-20 00:00:00,4059.88,4059.88,4059.88,4059.88,0
2018-12-21 00:00:00,4020.45,4020.45,4020.45,4020.45,0
2018-12-24 00:00:00,3995.74,3995.74,3995.74,3995.74,0
2018-12-26 00:00:00,4004.34,4004.34,4004.34,4004.34,0
2018-12-27 00:00:00,4012.4,4012.4,4012.4,4012.4,0
2018-12-28 00:00:00,4074.18,4074.18,4074.18,4074.18,0
2018-12-31 00:00:00,4091.36,4091.36,4091.36,4091.36,0
2019-01-01 00:00:00,4087.67,4087.67,4087.67,4087.67,0
2019-01-02 00:00:00,4007.84,4007.84,4007.84,4007.84,0
2019-01-03 00:00:00,3939.27,3939.27,3939.27,3939.27,0
2019-01-04 00:00:00,3987.93,3987.93,3987.93,3987.93,0
2019-01-07 00:00:00,3988.55,3988.55,3988.55,3988.55,0
2019-01-08 00:00:00,4004.47,4004.47,4004.47,4004.47,0
2019-01-09 00:00:00,3961.47,3961.47,3961.47,3961.47,0
2019-01-10 00:00:00,3950.08,3950.08,3950.08,3950.08,0
2019-01-11 00:00:00,3955.85,3955.85,3955.85,3955.85,0
2019-01-14 00:00:00,3925.46,3925.46,3925.46,3925.46,0
2019-01-15 00:00:00,3976.33,3976.33,3976.33,3976.33,0
2019-01-16 00:00:00,3984.75,3984.75,3984.75,3984.75,0
2019-01-17 00:00:00,3981.99,3981.99,3981.99,3981.99,0
2019-01-18 00:00:00,3971.21,3971.21,3971.21,3971.21,0
2019-01-21 00:00:00,3935.54,3935.54,3935.54,3935.54,0
2019-01-22 00:00:00,3904.67,3904.67,3904.67,3904.67,0
2019-01-23 00:00:00,3887.95,3887.95,3887.95,3887.95,0
2019-01-24 00:00:00,3889.47,3889.47,3889.47,3889.47,0
2019-01-25 00:00:00,3835.37,3835.37,3835.37,3835.37,0
2019-01-28 00:00:00,3770.04,3770.04,3770.04,3770.04,0
2019-01-29 00:00:00,3772.99,3772.99,3772.99,3772.99,0
2019-01-30 00:00:00,3776.95,3776.95,3776.95,3776.95,0
2019-01-31 00:00:00,3808.51,3808.51,3808.51,3808.51,0
2019-02-01 00:00:00,3771.54,3771.54,3771.54,3771.54,0
2019-02-04 00:00:00,3709.36,3709.36,3709.36,3709.36,0
2019-02-05 00:00:00,3656.33,3656.33,3656.33,3656.33,0
2019-02-06 00:00:00,3684.57,3684.57,3684.57,3684.57,0
2019-02-07 00:00:00,3713.65,3713.65,3713.65,3713.65,0
2019-02-08 00:00:00,3618.76,3618.76,3618.76,3618.76,0
2019-02-11 00:00:00,3579.7,3579.7,3579.7,3579.7,0
2019-02-12 00:00:00,3593.91,3593.91,3593.91,3593.91,0
2019-02-13 00:00:00,3549.62,3549.62,3549.62,3549.62,0
2019-02-14 00:00:00,3543.61,3543.61,3543.61,3543.61,0
2019-02-15 00:00:00,3539.06,3539.06,3539.06,3539.06,0
2019-02-18 00:00:00,3514.06,3514.06,3514.06,3514.06,0
2019-02-19 00:00:00,3562.78,3562.78,3562.78,3562.78,0
2019-02-20 00:00:00,3640.78,3640.78,3640.78,3640.78,0
2019-02-21 00:00:00,3679.34,3679.34,3679.34,3679.34,0
2019-02-22 00:00:00,3739.12,3739.12,3739.12,3739.12,0
2019-02-25 00:00:00,3737.35,3737.35,3737.35,3737.35,0
2019-02-26 00:00:00,3740.03,3740.03,3740.03,3740.03,0
2019-02-27 00:00:00,3726.52,3726.52,3726.52,3726.52,0
2019-02-28 00:00:00,3757.01,3757.01,3757.01,3757.01,0
2019-03-01 00:00:00,3833.97,3833.97,3833.97,3833.97,0
2019-03-05 00:00:00,3975.1,3975.1,3975.1,3975.1,0
2019-03-06 00:00:00,4003.03,4003.03,4003.03,4003.03,0
2019-03-07 00:00:00,3964.83,3964.83,3964.83,3964.83,0
2019-03-08 00:00:00,3928.61,3928.61,3928.61,3928.61,0
2019-03-11 00:00:00,4032.49,4032.49,4032.49,4032.49,0
2019-03-12 00:00:00,4046.68,4046.68,4046.68,4046.68,0
2019-03-13 00:00:00,4010.7,4010.7,4010.7,4010.7,0
2019-03-14 00:00:00,4040.27,4040.27,4040.27,4040.27,0
2019-03-15 00:00:00,4095.76,4095.76,4095.76,4095.76,0
2019-03-18 00:00:00,4126.04,4126.04,4126.04,4126.04,0
2019-03-19 00:00:00,4164.88,4164.88,4164.88,4164.88,0
2019-03-20 00:00:00,4094.24,4094.24,4094.24,4094.24,0
2019-03-22 00:00:00,4055.84,4055.84,4055.84,4055.84,0
2019-03-25 00:00:00,4097.67,4097.67,4097.67,4097.67,0
2019-03-26 00:00:00,4137.66,4137.66,4137.66,4137.66,0
2019-03-27 00:00:00,4111.24,4111.24,4111.24,4111.24,0
2019-03-28 00:00:00,4133.49,4133.49,4133.49,4133.49,0
2019-03-29 00:00:00,4237.79,4237.79,4237.79,4237.79,0
2019-04-01 00:00:00,4229.68,4229.68,4229.68,4229.68,0
2019-04-02 00:00:00,4216.27,4216.27,4216.27,4216.27,0
2019-04-03 00:00:00,4172.5,4172.5,4172.5,4172.5,0
2019-04-04 00:00:00,4169.06,4169.06,4169.06,4169.06,0
2019-04-05 00:00:00,4222.01,4222.01,4222.01,4222.01,0
2019-04-08 00:00:00,4158.55,4158.55,4158.55,4158.55,0
2019-04-09 00:00:00,4184.63,4184.63,4184.63,4184.63,0
2019-04-10 00:00:00,4162.04,4162.04,4162.04,4162.04,0
2019-04-11 00:00:00,4165.46,4165.46,4165.46,4165.46,0
2019-04-12 00:00:00,4186.31,4186.31,4186.31,4186.31,0
2019-04-15 00:00:00,4206.73,4206.73,4206.73,4206.73,0
2019-04-16 00:00:00,4222.46,4222.46,4222.46,4222.46,0
2019-04-18 00:00:00,4184.0,4184.0,4184.0,4184.0,0
2019-04-22 00:00:00,4059.65,4059.65,4059.65,4059.65,0
2019-04-23 00:00:00,4065.04,4065.04,4065.04,4065.04,0
2019-04-24 00:00:00,4117.48,4117.48,4117.48,4117.48,0
2019-04-25 00:00:00,4100.82,4100.82,4100.82,4100.82,0
2019-04-26 00:00:00,4118.35,4118.35,4118.35,4118.35,0
2019-04-30 00:00:00,4122.99,4122.99,4122.99,4122.99,0
2019-05-02 00:00:00,4093.26,4093.26,4093.26,4093.26,0
2019-05-03 00:00:00,4100.92,4100.92,4100.92,4100.92,0
2019-05-06 00:00:00,4081.16,4081.16,4081.16,4081.16,0
2019-05-07 00:00:00,4014.98,4014.98,4014.98,4014.98,0
2019-05-08 00:00:00,3971.81,3971.81,3971.81,3971.81,0
2019-05-09 00:00:00,3936.01,3936.01,3936.01,3936.01,0
2019-05-10 00:00:00,3907.71,3907.71,3907.71,3907.71,0
2019-05-13 00:00:00,3809.52,3809.52,3809.52,3809.52,0
2019-05-14 00:00:00,3840.99,3840.99,3840.99,3840.99,0
2019-05-15 00:00:00,3797.46,3797.46,3797.46,3797.46,0
2019-05-16 00:00:00,3860.97,3860.97,3860.97,3860.97,0
2019-05-17 00:00:00,3865.57,3865.57,3865.57,3865.57,0
2019-05-20 00:00:00,4069.0,4069.0,4069.0,4069.0,0
2019-05-21 00:00:00,3984.84,3984.84,3984.84,3984.84,0
2019-05-22 00:00:00,4016.39,4016.39,4016.39,4016.39,0
2019-05-23 00:00:00,3999.67,3999.67,3999.67,3999.67,0
2019-05-24 00:00:00,4097.66,4097.66,4097.66,4097.66,0
2019-05-27 00:00:00,4194.75,4194.75,4194.75,4194.75,0
2019-05-28 00:00:00,4193.39,4193.39,4193.39,4193.39,0
2019-05-29 00:00:00,4145.53,4145.53,4145.53,4145.53,0
2019-05-30 00:00:00,4160.59,4160.59,4160.59,4160.59,0
2019-05-31 00:00:00,4156.05,4156.05,4156.05,4156.05,0
2019-06-03 00:00:00,4205.86,4205.86,4205.86,4205.86,0
2019-06-04 00:00:00,4190.47,4190.47,4190.47,4190.47,0
2019-06-06 00:00:00,4123.2,4123.2,4123.2,4123.2,0
2019-06-07 00:00:00,4124.69,4124.69,4124.69,4124.69,0
2019-06-10 00:00:00,4098.59,4098.59,4098.59,4098.59,0
2019-06-11 00:00:00,4132.09,4132.09,4132.09,4132.09,0
2019-06-12 00:00:00,4100.34,4100.34,4100.34,4100.34,0
2019-06-13 00:00:00,4121.59,4121.59,4121.59,4121.59,0
2019-06-14 00:00:00,4095.87,4095.87,4095.87,4095.87,0
2019-06-17 00:00:00,4002.82,4002.82,4002.82,4002.82,0
2019-06-18 00:00:00,4012.85,4012.85,4012.85,4012.85,0
2019-06-19 00:00:00,3996.78,3996.78,3996.78,3996.78,0
2019-06-20 00:00:00,4070.67,4070.67,4070.67,4070.67,0
2019-06-21 00:00:00,4066.51,4066.51,4066.51,4066.51,0
2019-06-24 00:00:00,4048.9,4048.9,4048.9,4048.9,0
2019-06-25 00:00:00,4110.19,4110.19,4110.19,4110.19,0
2019-06-26 00:00:00,4168.42,4168.42,4168.42,4168.42,0
2019-06-27 00:00:00,4177.14,4177.14,4177.14,4177.14,0
2019-06-28 00:00:00,4137.89,4137.89,4137.89,4137.89,0
2019-07-01 00:00:00,4109.12,4109.12,4109.12,4109.12,0
2019-07-02 00:00:00,4134.56,4134.56,4134.56,4134.56,0
2019-07-03 00:00:00,4171.04,4171.04,4171.04,4171.04,0
2019-07-04 00:00:00,4158.44,4158.44,4158.44,4158.44,0
2019-07-05 00:00:00,4049.51,4049.51,4049.51,4049.51,0
2019-07-08 00:00:00,3939.49,3939.49,3939.49,3939.49,0
2019-07-09 00:00:00,3932.45,3932.45,3932.45,3932.45,0
2019-07-10 00:00:00,3897.42,3897.42,3897.42,3897.42,0
2019-07-11 00:00:00,3941.16,3941.16,3941.16,3941.16,0
2019-07-12 00:00:00,3935.85,3935.85,3935.85,3935.85,0
2019-07-15 00:00:00,3928.69,3928.69,3928.69,3928.69,0
2019-07-16 00:00:00,3986.21,3986.21,3986.21,3986.21,0
2019-07-17 00:00:00,3980.01,3980.01,3980.01,3980.01,0
2019-07-18 00:00:00,3880.52,3880.52,3880.52,3880.52,0
2019-07-19 00:00:00,3841.34,3841.34,3841.34,3841.34,0
2019-07-22 00:00:00,3897.73,3897.73,3897.73,3897.73,0
2019-07-23 00:00:00,3876.25,3876.25,3876.25,3876.25,0
2019-07-24 00:00:00,3796.66,3796.66,3796.66,3796.66,0
2019-07-25 00:00:00,3765.35,3765.35,3765.35,3765.35,0
2019-07-26 00:00:00,3788.93,3788.93,3788.93,3788.93,0
2019-07-29 00:00:00,3675.33,3675.33,3675.33,3675.33,0
2019-07-30 00:00:00,3566.36,3566.36,3566.36,3566.36,0
2019-07-31 00:00:00,3644.97,3644.97,3644.97,3644.97,0
2019-08-01 00:00:00,3584.07,3584.07,3584.07,3584.07,0
2019-08-02 00:00:00,3526.19,3526.19,3526.19,3526.19,0
2019-08-05 00:00:00,3450.12,3450.12,3450.12,3450.12,0
2019-08-06 00:00:00,3500.1,3500.1,3500.1,3500.1,0
2019-08-07 00:00:00,3426.11,3426.11,3426.11,3426.11,0
2019-08-08 00:00:00,3479.58,3479.58,3479.58,3479.58,0
2019-08-09 00:00:00,3481.73,3481.73,3481.73,3481.73,0
2019-08-13 00:00:00,3408.79,3408.79,3408.79,3408.79,0
2019-08-14 00:00:00,3464.86,3464.86,3464.86,3464.86,0
2019-08-16 00:00:00,3482.47,3482.47,3482.47,3482.47,0
2019-08-19 00:00:00,3458.66,3458.66,3458.66,3458.66,0
2019-08-20 00:00:00,3405.53,3405.53,3405.53,3405.53,0
2019-08-21 00:00:00,3304.12,3304.12,3304.12,3304.12,0
2019-08-22 00:00:00,3205.03,3205.03,3205.03,3205.03,0
2019-08-23 00:00:00,3297.61,3297.61,3297.61,3297.61,0
2019-08-26 00:00:00,3343.02,3343.02,3343.02,3343.02,0
2019-08-27 00:00:00,3392.67,3392.67,3392.67,3392.67,0
2019-08-28 00:00:00,3332.83,3332.83,3332.83,3332.83,0
2019-08-29 00:00:00,3348.5,3348.5,3348.5,3348.5,0
2019-08-30 00:00:00,3369.44,3369.44,3369.44,3369.44,0
2019-09-03 00:00:00,3289.8,3289.8,3289.8,3289.8,0
2019-09-04 00:00:00,3331.14,3331.14,3331.14,3331.14,0
2019-09-05 00:00:00,3392.46,3392.46,3392.46,3392.46,0
2019-09-06 00:00:00,3443.39,3443.39,3443.39,3443.39,0
2019-09-09 00:00:00,3457.18,3457.18,3457.18,3457.18,0
2019-09-11 00:00:00,3489.75,3489.75,3489.75,3489.75,0
2019-09-12 00:00:00,3479.15,3479.15,3479.15,3479.15,0
2019-09-13 00:00:00,3534.79,3534.79,3534.79,3534.79,0
2019-09-16 00:00:00,3493.56,3493.56,3493.56,3493.56,0
2019-09-17 00:00:00,3404.64,3404.64,3404.64,3404.64,0
2019-09-18 00:00:00,3427.77,3427.77,3427.77,3427.77,0
2019-09-19 00:00:00,3358.31,3358.31,3358.31,3358.31,0
2019-09-20 00:00:00,3524.32,3524.32,3524.32,3524.32,0
2019-09-23 00:00:00,3588.52,3588.52,3588.52,3588.52,0
2019-09-24 00:00:00,3552.66,3552.66,3552.66,3552.66,0
2019-09-25 00:00:00,3508.13,3508.13,3508.13,3508.13,0
2019-09-26 00:00:00,3591.43,3591.43,3591.43,3591.43,0
2019-09-27 00:00:00,3529.64,3529.64,3529.64,3529.64,0
2019-09-30 00:00:00,3470.53,3470.53,3470.53,3470.53,0
2019-10-01 00:00:00,3426.28,3426.28,3426.28,3426.28,0
2019-10-03 00:00:00,3443.51,3443.51,3443.51,3443.51,0
2019-10-04 00:00:00,3401.14,3401.14,3401.14,3401.14,0
2019-10-07 00:00:00,3348.16,3348.16,3348.16,3348.16,0
2019-10-09 00:00:00,3402.53,3402.53,3402.53,3402.53,0
2019-10-10 00:00:00,3371.63,3371.63,3371.63,3371.63,0
2019-10-11 00:00:00,3384.55,3384.55,3384.55,3384.55,0
2019-10-14 00:00:00,3406.23,3406.23,3406.23,3406.23,0
2019-10-15 00:00:00,3437.69,3437.69,3437.69,3437.69,0
2019-10-16 00:00:00,3452.54,3452.54,3452.54,3452.54,0
2019-10-17 00:00:00,3482.89,3482.89,3482.89,3482.89,0
2019-10-18 00:00:00,3571.69,3571.69,3571.69,3571.69,0
2019-10-22 00:00:00,3581.79,3581.79,3581.79,3581.79,0
2019-10-23 00:00:00,3568.85,3568.85,3568.85,3568.85,0
2019-10-24 00:00:00,3501.56,3501.56,3501.56,3501.56,0
2019-10-25 00:00:00,3489.61,3489.61,3489.61,3489.61,0
2019-10-27 00:00:00,3501.33,3501.33,3501.33,3501.33,0
2019-10-29 00:00:00,3566.82,3566.82,3566.82,3566.82,0
2019-10-30 00:00:00,3580.92,3580.92,3580.92,3580.92,0
2019-10-31 00:00:00,3615.13,3615.13,3615.13,3615.13,0
2019-11-01 00:00:00,3640.67,3640.67,3640.67,3640.67,0
2019-11-04 00:00:00,3678.49,3678.49,3678.49,3678.49,0
2019-11-05 00:00:00,3656.38,3656.38,3656.38,3656.38,0
2019-11-06 00:00:00,3665.84,3665.84,3665.84,3665.84,0
2019-11-07 00:00:00,3676.14,3676.14,3676.14,3676.14,0
2019-11-08 00:00:00,3612.54,3612.54,3612.54,3612.54,0
2019-11-11 00:00:00,3634.74,3634.74,3634.74,3634.74,0
2019-11-13 00:00:00,3559.33,3559.33,3559.33,3559.33,0
2019-11-14 00:00:00,3522.35,3522.35,3522.35,3522.35,0
2019-11-15 00:00:00,3521.17,3521.17,3521.17,3521.17,0
2019-11-18 00:00:00,3568.09,3568.09,3568.09,3568.09,0
2019-11-19 00:00:00,3585.06,3585.06,3585.06,3585.06,0
2019-11-20 00:00:00,3600.38,3600.38,3600.38,3600.38,0
2019-11-21 00:00:00,3531.52,3531.52,3531.52,3531.52,0
2019-11-22 00:00:00,3563.59,3563.59,3563.59,3563.59,0
2019-11-25 00:00:00,3625.68,3625.68,3625.68,3625.68,0
2019-11-26 00:00:00,3568.33,3568.33,3568.33,3568.33,0
2019-11-27 00:00:00,3589.51,3589.51,3589.51,3589.51,0
2019-11-28 00:00:00,3669.09,3669.09,3669.09,3669.09,0
2019-11-29 00:00:00,3630.61,3630.61,3630.61,3630.61,0
2019-12-02 00:00:00,3609.99,3609.99,3609.99,3609.99,0
2019-12-03 00:00:00,3529.22,3529.22,3529.22,3529.22,0
2019-12-04 00:00:00,3559.95,3559.95,3559.95,3559.95,0
2019-12-05 00:00:00,3517.75,3517.75,3517.75,3517.75,0
2019-12-06 00:00:00,3477.8,3477.8,3477.8,3477.8,0
2019-12-09 00:00:00,3498.03,3498.03,3498.03,3498.03,0
2019-12-10 00:00:00,3440.55,3440.55,3440.55,3440.55,0
2019-12-11 00:00:00,3448.94,3448.94,3448.94,3448.94,0
2019-12-12 00:00:00,3504.93,3504.93,3504.93,3504.93,0
2019-12-13 00:00:00,3553.7,3553.7,3553.7,3553.7,0
2019-12-16 00:00:00,3521.78,3521.78,3521.78,3521.78,0
2019-12-17 00:00:00,3564.0,3564.0,3564.0,3564.0,0
2019-12-18 00:00:00,3555.99,3555.99,3555.99,3555.99,0
2019-12-19 00:00:00,3561.24,3561.24,3561.24,3561.24,0
2019-12-20 00:00:00,3567.54,3567.54,3567.54,3567.54,0
2019-12-23 00:00:00,3561.86,3561.86,3561.86,3561.86,0
2019-12-24 00:00:00,3568.99,3568.99,3568.99,3568.99,0
2019-12-26 00:00:00,3561.59,3561.59,3561.59,3561.59,0
2019-12-27 00:00:00,3603.1,3603.1,3603.1,3603.1,0
2019-12-30 00:00:00,3619.59,3619.59,3619.59,3619.59,0
2019-12-31 00:00:00,3630.0,3630.0,3630.0,3630.0,0
2020-01-01 00:00:00,3640.51,3640.51,3640.51,3640.51,0
2020-01-02 00:00:00,3700.0,3700.0,3700.0,3700.0,0
2020-01-03 00:00:00,3671.7,3671.7,3671.7,3671.7,0
2020-01-06 00:00:00,3567.91,3567.91,3567.91,3567.91,0
2020-01-07 00:00:00,3584.04,3584.04,3584.04,3584.04,0
2020-01-08 00:00:00,3561.99,3561.99,3561.99,3561.99,0
2020-01-09 00:00:00,3632.47,3632.47,3632.47,3632.47,0
2020-01-10 00:00:00,3646.38,3646.38,3646.38,3646.38,0
2020-01-13 00:00:00,3677.39,3677.39,3677.39,3677.39,0
2020-01-14 00:00:00,3689.21,3689.21,3689.21,3689.21,0
2020-01-15 00:00:00,3708.92,3708.92,3708.92,3708.92,0
2020-01-16 00:00:00,3670.07,3670.07,3670.07,3670.07,0
2020-01-17 00:00:00,3646.77,3646.77,3646.77,3646.77,0
2020-01-20 00:00:00,3604.88,3604.88,3604.88,3604.88,0
2020-01-21 00:00:00,3573.19,3573.19,3573.19,3573.19,0
2020-01-22 00:00:00,3537.63,3537.63,3537.63,3537.63,0
2020-01-23 00:00:00,3598.73,3598.73,3598.73,3598.73,0
2020-01-24 00:00:00,3628.44,3628.44,3628.44,3628.44,0
2020-01-27 00:00:00,3575.88,3575.88,3575.88,3575.88,0
2020-01-28 00:00:00,3541.41,3541.41,3541.41,3541.41,0
2020-01-29 00:00:00,3564.81,3564.81,3564.81,3564.81,0
2020-01-30 00:00:00,3522.82,3522.82,3522.82,3522.82,0
2020-01-31 00:00:00,3441.48,3441.48,3441.48,3441.48,0
2020-02-01 00:00:00,3318.28,3318.28,3318.28,3318.28,0
2020-02-03 00:00:00,3324.42,3324.42,3324.42,3324.42,0
2020-02-04 00:00:00,3428.45,3428.45,3428.45,3428.45,0
2020-02-05 00:00:00,3500.67,3500.67,3500.67,3500.67,0
2020-02-06 00:00:00,3544.85,3544.85,3544.85,3544.85,0
2020-02-07 00:00:00,3557.48,3557.48,3557.48,3557.48,0
2020-02-10 00:00:00,3473.74,3473.74,3473.74,3473.74,0
2020-02-11 00:00:00,3505.13,3505.13,3505.13,3505.13,0
2020-02-12 00:00:00,3494.35,3494.35,3494.35,3494.35,0
2020-02-13 00:00:00,3483.13,3483.13,3483.13,3483.13,0
2020-02-14 00:00:00,3432.76,3432.76,3432.76,3432.76,0
2020-02-17 00:00:00,3385.45,3385.45,3385.45,3385.45,0
2020-02-18 00:00:00,3351.8,3351.8,3351.8,3351.8,0
2020-02-19 00:00:00,3406.58,3406.58,3406.58,3406.58,0
2020-02-20 00:00:00,3431.09,3431.09,3431.09,3431.09,0
2020-02-24 00:00:00,3322.19,3322.19,3322.19,3322.19,0
2020-02-25 00:00:00,3300.05,3300.05,3300.05,3300.05,0
2020-02-26 00:00:00,3247.4,3247.4,3247.4,3247.4,0
2020-02-27 00:00:00,3216.47,3216.47,3216.47,3216.47,0
2020-02-28 00:00:00,3050.9,3050.9,3050.9,3050.9,0
2020-03-02 00:00:00,3003.47,3003.47,3003.47,3003.47,0
2020-03-03 00:00:00,3117.81,3117.81,3117.81,3117.81,0
2020-03-04 00:00:00,3105.73,3105.73,3105.73,3105.73,0
2020-03-05 00:00:00,3100.12,3100.12,3100.12,3100.12,0
2020-03-06 00:00:00,2959.63,2959.63,2959.63,2959.63,0
2020-03-09 00:00:00,2821.04,2821.04,2821.04,2821.04,0
2020-03-11 00:00:00,2773.76,2773.76,2773.76,2773.76,0
2020-03-12 00:00:00,2504.5,2504.5,2504.5,2504.5,0
2020-03-13 00:00:00,2648.05,2648.05,2648.05,2648.05,0
2020-03-16 00:00:00,2493.64,2493.64,2493.64,2493.64,0
2020-03-17 00:00:00,2505.52,2505.52,2505.52,2505.52,0
2020-03-18 00:00:00,2405.51,2405.51,2405.51,2405.51,0
2020-03-19 00:00:00,2247.55,2247.55,2247.55,2247.55,0
2020-03-20 00:00:00,2379.46,2379.46,2379.46,2379.46,0
2020-03-23 00:00:00,2130.58,2130.58,2130.58,2130.58,0
2020-03-24 00:00:00,2095.13,2095.13,2095.13,2095.13,0
2020-03-25 00:00:00,2130.87,2130.87,2130.87,2130.87,0
2020-03-26 00:00:00,2177.95,2177.95,2177.95,2177.95,0
2020-03-27 00:00:00,2161.63,2161.63,2161.63,2161.63,0
2020-03-30 00:00:00,2119.79,2119.79,2119.79,2119.79,0
2020-03-31 00:00:00,2233.84,2233.84,2233.84,2233.84,0
2020-04-01 00:00:00,2181.11,2181.11,2181.11,2181.11,0
2020-04-03 00:00:00,2176.59,2176.59,2176.59,2176.59,0
2020-04-07 00:00:00,2311.75,2311.75,2311.75,2311.75,0
2020-04-08 00:00:00,2328.61,2328.61,2328.61,2328.61,0
2020-04-09 00:00:00,2421.99,2421.99,2421.99,2421.99,0
2020-04-13 00:00:00,2415.88,2415.88,2415.88,2415.88,0
2020-04-15 00:00:00,2417.37,2417.37,2417.37,2417.37,0
2020-04-16 00:00:00,2468.58,2468.58,2468.58,2468.58,0
2020-04-17 00:00:00,2518.69,2518.69,2518.69,2518.69,0
2020-04-20 00:00:00,2496.94,2496.94,2496.94,2496.94,0
2020-04-21 00:00:00,2398.82,2398.82,2398.82,2398.82,0
2020-04-22 00:00:00,2401.45,2401.45,2401.45,2401.45,0
2020-04-23 00:00:00,2408.57,2408.57,2408.57,2408.57,0
2020-04-24 00:00:00,2349.38,2349.38,2349.38,2349.38,0
2020-04-27 00:00:00,2370.28,2370.28,2370.28,2370.28,0
2020-04-28 00:00:00,2371.3,2371.3,2371.3,2371.3,0
2020-04-29 00:00:00,2435.68,2435.68,2435.68,2435.68,0
2020-04-30 00:00:00,2567.26,2567.26,2567.26,2567.26,0
2020-05-04 00:00:00,2430.99,2430.99,2430.99,2430.99,0
2020-05-05 00:00:00,2430.95,2430.95,2430.95,2430.95,0
2020-05-06 00:00:00,2435.56,2435.56,2435.56,2435.56,0
2020-05-07 00:00:00,2413.64,2413.64,2413.64,2413.64,0
2020-05-08 00:00:00,2372.71,2372.71,2372.71,2372.71,0
2020-05-11 00:00:00,2392.12,2392.12,2392.12,2392.12,0
2020-05-12 00:00:00,2407.28,2407.28,2407.28,2407.28,0
2020-05-13 00:00:00,2485.12,2485.12,2485.12,2485.12,0
2020-05-14 00:00:00,2434.56,2434.56,2434.56,2434.56,0
2020-05-15 00:00:00,2437.61,2437.61,2437.61,2437.61,0
2020-05-18 00:00:00,2334.11,2334.11,2334.11,2334.11,0
2020-05-19 00:00:00,2364.59,2364.59,2364.59,2364.59,0
2020-05-20 00:00:00,2405.83,2405.83,2405.83,2405.83,0
2020-05-21 00:00:00,2419.87,2419.87,2419.87,2419.87,0
2020-05-22 00:00:00,2398.29,2398.29,2398.29,2398.29,0
2020-05-26 00:00:00,2426.12,2426.12,2426.12,2426.12,0
2020-05-27 00:00:00,2480.15,2480.15,2480.15,2480.15,0
2020-05-28 00:00:00,2513.83,2513.83,2513.83,2513.83,0
2020-05-29 00:00:00,2565.19,2565.19,2565.19,2565.19,0
2020-06-01 00:00:00,2629.39,2629.39,2629.39,2629.39,0
2020-06-02 00:00:00,2648.85,2648.85,2648.85,2648.85,0
2020-06-03 00:00:00,2662.81,2662.81,2662.81,2662.81,0
2020-06-04 00:00:00,2671.0,2671.0,2671.0,2671.0,0
2020-06-05 00:00:00,2764.6,2764.6,2764.6,2764.6,0
2020-06-08 00:00:00,2806.21,2806.21,2806.21,2806.21,0
2020-06-09 00:00:00,2767.28,2767.28,2767.28,2767.28,0
2020-06-10 00:00:00,2769.72,2769.72,2769.72,2769.72,0
2020-06-11 00:00:00,2707.89,2707.89,2707.89,2707.89,0
2020-06-12 00:00:00,2739.95,2739.95,2739.95,2739.95,0
2020-06-15 00:00:00,2698.49,2698.49,2698.49,2698.49,0
2020-06-16 00:00:00,2700.46,2700.46,2700.46,2700.46,0
2020-06-17 00:00:00,2680.28,2680.28,2680.28,2680.28,0
2020-06-18 00:00:00,2738.99,2738.99,2738.99,2738.99,0
2020-06-19 00:00:00,2784.72,2784.72,2784.72,2784.72,0
2020-06-22 00:00:00,2868.64,2868.64,2868.64,2868.64,0
2020-06-23 00:00:00,2915.32,2915.32,2915.32,2915.32,0
2020-06-24 00:00:00,2846.22,2846.22,2846.22,2846.22,0
2020-06-25 00:00:00,2836.96,2836.96,2836.96,2836.96,0
2020-06-26 00:00:00,2869.45,2869.45,2869.45,2869.45,0
2020-06-29 00:00:00,2804.99,2804.99,2804.99,2804.99,0
2020-06-30 00:00:00,2773.69,2773.69,2773.69,2773.69,0
2020-07-01 00:00:00,2789.65,2789.65,2789.65,2789.65,0
2020-07-02 00:00:00,2825.54,2825.54,2825.54,2825.54,0
2020-07-03 00:00:00,2839.5,2839.5,2839.5,2839.5,0
2020-07-06 00:00:00,2898.27,2898.27,2898.27,2898.27,0
2020-07-07 00:00:00,2850.9,2850.9,2850.9,2850.9,0
2020-07-08 00:00:00,2848.81,2848.81,2848.81,2848.81,0
2020-07-09 00:00:00,2869.3,2869.3,2869.3,2869.3,0
2020-07-10 00:00:00,2841.82,2841.82,2841.82,2841.82,0
2020-07-13 00:00:00,2853.15,2853.15,2853.15,2853.15,0
2020-07-14 00:00:00,2783.43,2783.43,2783.43,2783.43,0
2020-07-15 00:00:00,2754.45,2754.45,2754.45,2754.45,0
2020-07-16 00:00:00,2775.54,2775.54,2775.54,2775.54,0
2020-07-17 00:00:00,2859.06,2859.06,2859.06,2859.06,0
2020-07-20 00:00:00,2873.4,2873.4,2873.4,2873.4,0
2020-07-21 00:00:00,2925.43,2925.43,2925.43,2925.43,0
2020-07-22 00:00:00,2920.39,2920.39,2920.39,2920.39,0
2020-07-23 00:00:00,2937.94,2937.94,2937.94,2937.94,0
2020-07-24 00:00:00,2883.5,2883.5,2883.5,2883.5,0
2020-07-27 00:00:00,2860.88,2860.88,2860.88,2860.88,0
2020-07-28 00:00:00,2897.24,2897.24,2897.24,2897.24,0
2020-07-29 00:00:00,2909.74,2909.74,2909.74,2909.74,0
2020-07-30 00:00:00,2837.54,2837.54,2837.54,2837.54,0
2020-07-31 00:00:00,2841.5,2841.5,2841.5,2841.5,0
2020-08-03 00:00:00,2828.45,2828.45,2828.45,2828.45,0
2020-08-04 00:00:00,2836.05,2836.05,2836.05,2836.05,0
2020-08-05 00:00:00,2878.94,2878.94,2878.94,2878.94,0
2020-08-06 00:00:00,2906.4,2906.4,2906.4,2906.4,0
2020-08-07 00:00:00,2917.07,2917.07,2917.07,2917.07,0
2020-08-10 00:00:00,2960.42,2960.42,2960.42,2960.42,0
2020-08-11 00:00:00,2976.06,2976.06,2976.06,2976.06,0
2020-08-12 00:00:00,2981.43,2981.43,2981.43,2981.43,0
2020-08-13 00:00:00,3013.78,3013.78,3013.78,3013.78,0
2020-08-14 00:00:00,2981.55,2981.55,2981.55,2981.55,0
2020-08-17 00:00:00,3036.17,3036.17,3036.17,3036.17,0
2020-08-18 00:00:00,3065.44,3065.44,3065.44,3065.44,0
2020-08-19 00:00:00,3087.26,3087.26,3087.26,3087.26,0
2020-08-20 00:00:00,3131.39,3131.39,3131.39,3131.39,0
2020-08-21 00:00:00,3139.99,3139.99,3139.99,3139.99,0
2020-08-24 00:00:00,3118.55,3118.55,3118.55,3118.55,0
2020-08-25 00:00:00,3116.77,3116.77,3116.77,3116.77,0
2020-08-26 00:00:00,3132.21,3132.21,3132.21,3132.21,0
2020-08-27 00:00:00,3132.54,3132.54,3132.54,3132.54,0
2020-08-28 00:00:00,3147.21,3147.21,3147.21,3147.21,0
2020-08-31 00:00:00,3033.71,3033.71,3033.71,3033.71,0
2020-09-01 00:00:00,3070.62,3070.62,3070.62,3070.62,0
2020-09-02 00:00:00,3104.85,3104.85,3104.85,3104.85,0
2020-09-03 00:00:00,3106.89,3106.89,3106.89,3106.89,0
2020-09-04 00:00:00,3035.49,3035.49,3035.49,3035.49,0
2020-09-07 00:00:00,3023.4,3023.4,3023.4,3023.4,0
2020-09-08 00:00:00,2968.13,2968.13,2968.13,2968.13,0
2020-09-09 00:00:00,2960.71,2960.71,2960.71,2960.71,0
2020-09-10 00:00:00,2979.56,2979.56,2979.56,2979.56,0
2020-09-11 00:00:00,2985.8,2985.8,2985.8,2985.8,0
2020-09-14 00:00:00,2977.97,2977.97,2977.97,2977.97,0
2020-09-15 00:00:00,2992.92,2992.92,2992.92,2992.92,0
2020-09-16 00:00:00,3001.97,3001.97,3001.97,3001.97,0
2020-09-17 00:00:00,2979.29,2979.29,2979.29,2979.29,0
2020-09-18 00:00:00,2981.91,2981.91,2981.91,2981.91,0
2020-09-21 00:00:00,2854.99,2854.99,2854.99,2854.99,0
2020-09-22 00:00:00,2809.74,2809.74,2809.74,2809.74,0
2020-09-23 00:00:00,2780.04,2780.04,2780.04,2780.04,0
2020-09-24 00:00:00,2670.67,2670.67,2670.67,2670.67,0
2020-09-25 00:00:00,2760.15,2760.15,2760.15,2760.15,0
2020-09-28 00:00:00,2847.92,2847.92,2847.92,2847.92,0
2020-09-29 00:00:00,2834.26,2834.26,2834.26,2834.26,0
2020-09-30 00:00:00,2796.83,2796.83,2796.83,2796.83,0
2020-10-01 00:00:00,2821.11,2821.11,2821.11,2821.11,0
2020-10-05 00:00:00,2830.88,2830.88,2830.88,2830.88,0
2020-10-06 00:00:00,2836.74,2836.74,2836.74,2836.74,0
2020-10-07 00:00:00,2796.02,2796.02,2796.02,2796.02,0
2020-10-08 00:00:00,2788.65,2788.65,2788.65,2788.65,0
2020-10-09 00:00:00,2797.0,2797.0,2797.0,2797.0,0
2020-10-12 00:00:00,2742.22,2742.22,2742.22,2742.22,0
2020-10-13 00:00:00,2733.55,2733.55,2733.55,2733.55,0
2020-10-14 00:00:00,2726.12,2726.12,2726.12,2726.12,0
2020-10-15 00:00:00,2695.03,2695.03,2695.03,2695.03,0
2020-10-16 00:00:00,2749.53,2749.53,2749.53,2749.53,0
2020-10-19 00:00:00,2796.47,2796.47,2796.47,2796.47,0
2020-10-20 00:00:00,2788.47,2788.47,2788.47,2788.47,0
2020-10-21 00:00:00,2832.77,2832.77,2832.77,2832.77,0
2020-10-22 00:00:00,2866.69,2866.69,2866.69,2866.69,0
2020-10-23 00:00:00,2887.05,2887.05,2887.05,2887.05,0
2020-10-26 00:00:00,2824.39,2824.39,2824.39,2824.39,0
2020-10-27 00:00:00,2831.49,2831.49,2831.49,2831.49,0
2020-10-28 00:00:00,2798.35,2798.35,2798.35,2798.35,0
2020-10-29 00:00:00,2778.33,2778.33,2778.33,2778.33,0
2020-10-30 00:00:00,2813.95,2813.95,2813.95,2813.95,0
2020-11-02 00:00:00,2824.62,2824.62,2824.62,2824.62,0
2020-11-03 00:00:00,2850.57,2850.57,2850.57,2850.57,0
2020-11-04 00:00:00,2833.97,2833.97,2833.97,2833.97,0
2020-11-05 00:00:00,2929.38,2929.38,2929.38,2929.38,0
2020-11-06 00:00:00,2941.57,2941.57,2941.57,2941.57,0
2020-11-09 00:00:00,2992.37,2992.37,2992.37,2992.37,0
2020-11-10 00:00:00,3044.2,3044.2,3044.2,3044.2,0
2020-11-11 00:00:00,3103.99,3103.99,3103.99,3103.99,0
2020-11-12 00:00:00,3115.68,3115.68,3115.68,3115.68,0
2020-11-13 00:00:00,3152.86,3152.86,3152.86,3152.86,0
2020-11-14 00:00:00,3172.39,3172.39,3172.39,3172.39,0
2020-11-17 00:00:00,3189.78,3189.78,3189.78,3189.78,0
2020-11-18 00:00:00,3229.59,3229.59,3229.59,3229.59,0
2020-11-19 00:00:00,3214.33,3214.33,3214.33,3214.33,0
2020-11-20 00:00:00,3241.33,3241.33,3241.33,3241.33,0
2020-11-23 00:00:00,3284.33,3284.33,3284.33,3284.33,0
2020-11-24 00:00:00,3313.99,3313.99,3313.99,3313.99,0
2020-11-25 00:00:00,3305.15,3305.15,3305.15,3305.15,0
2020-11-26 00:00:00,3373.22,3373.22,3373.22,3373.22,0
2020-11-27 00:00:00,3375.47,3375.47,3375.47,3375.47,0
2020-12-01 00:00:00,3433.84,3433.84,3433.84,3433.84,0
2020-12-02 00:00:00,3494.28,3494.28,3494.28,3494.28,0
2020-12-03 00:00:00,3570.53,3570.53,3570.53,3570.53,0
2020-12-04 00:00:00,3601.38,3601.38,3601.38,3601.38,0
2020-12-07 00:00:00,3635.68,3635.68,3635.68,3635.68,0
2020-12-08 00:00:00,3612.59,3612.59,3612.59,3612.59,0
2020-12-09 00:00:00,3637.79,3637.79,3637.79,3637.79,0
2020-12-10 00:00:00,3607.99,3607.99,3607.99,3607.99,0
2020-12-11 00:00:00,3661.39,3661.39,3661.39,3661.39,0
2020-12-14 00:00:00,3715.73,3715.73,3715.73,3715.73,0
2020-12-15 00:00:00,3716.51,3716.51,3716.51,3716.51,0
2020-12-16 00:00:00,3761.66,3761.66,3761.66,3761.66,0
2020-12-17 00:00:00,3716.21,3716.21,3716.21,3716.21,0
2020-12-18 00:00:00,3700.45,3700.45,3700.45,3700.45,0
2020-12-21 00:00:00,3463.89,3463.89,3463.89,3463.89,0
2020-12-22 00:00:00,3510.71,3510.71,3510.71,3510.71,0
2020-12-23 00:00:00,3579.32,3579.32,3579.32,3579.32,0
2020-12-24 00:00:00,3614.88,3614.88,3614.88,3614.88,0
2020-12-28 00:00:00,3676.82,3676.82,3676.82,3676.82,0
2020-12-29 00:00:00,3653.63,3653.63,3653.63,3653.63,0
2020-12-30 00:00:00,3671.77,3671.77,3671.77,3671.77,0
2020-12-31 00:00:00,3682.44,3682.44,3682.44,3682.44,0
2021-01-01 00:00:00,3712.91,3712.91,3712.91,3712.91,0
2021-01-04 00:00:00,3822.19,3822.19,3822.19,3822.19,0
2021-01-05 00:00:00,3806.19,3806.19,3806.19,3806.19,0
2021-01-06 00:00:00,3846.12,3846.12,3846.12,3846.12,0
2021-01-07 00:00:00,3909.64,3909.64,3909.64,3909.64,0
2021-01-08 00:00:00,3952.49,3952.49,3952.49,3952.49,0
2021-01-11 00:00:00,3944.63,3944.63,3944.63,3944.63,0
2021-01-12 00:00:00,3992.84,3992.84,3992.84,3992.84,0
2021-01-13 00:00:00,4032.78,4032.78,4032.78,4032.78,0
2021-01-14 00:00:00,4034.44,4034.44,4034.44,4034.44,0
2021-01-15 00:00:00,3982.47,3982.47,3982.47,3982.47,0
2021-01-18 00:00:00,3859.0,3859.0,3859.0,3859.0,0
2021-01-19 00:00:00,3948.42,3948.42,3948.42,3948.42,0
2021-01-20 00:00:00,3958.81,3958.81,3958.81,3958.81,0
2021-01-21 00:00:00,3878.65,3878.65,3878.65,3878.65,0
2021-01-22 00:00:00,3792.92,3792.92,3792.92,3792.92,0
2021-01-25 00:00:00,3758.82,3758.82,3758.82,3758.82,0
2021-01-27 00:00:00,3680.69,3680.69,3680.69,3680.69,0
2021-01-28 00:00:00,3682.4,3682.4,3682.4,3682.4,0
2021-01-29 00:00:00,3620.43,3620.43,3620.43,3620.43,0
2021-02-01 00:00:00,3775.18,3775.18,3775.18,3775.18,0
2021-02-02 00:00:00,3892.83,3892.83,3892.83,3892.83,0
2021-02-03 00:00:00,3972.25,3972.25,3972.25,3972.25,0
2021-02-04 00:00:00,4058.03,4058.03,4058.03,4058.03,0
2021-02-05 00:00:00,4032.69,4032.69,4032.69,4032.69,0
2021-02-08 00:00:00,4118.3,4118.3,4118.3,4118.3,0
2021-02-09 00:00:00,4107.99,4107.99,4107.99,4107.99,0
2021-02-10 00:00:00,4114.37,4114.37,4114.37,4114.37,0
2021-02-11 00:00:00,4135.22,4135.22,4135.22,4135.22,0
2021-02-12 00:00:00,4090.63,4090.63,4090.63,4090.63,0
2021-02-15 00:00:00,4099.3,4099.3,4099.3,4099.3,0
2021-02-16 00:00:00,4177.26,4177.26,4177.26,4177.26,0
2021-02-17 00:00:00,4192.31,4192.31,4192.31,4192.31,0
2021-02-18 00:00:00,4296.24,4296.24,4296.24,4296.24,0
2021-02-19 00:00:00,4230.94,4230.94,4230.94,4230.94,0
2021-02-22 00:00:00,4200.52,4200.52,4200.52,4200.52,0
2021-02-23 00:00:00,4287.48,4287.48,4287.48,4287.48,0
2021-02-24 00:00:00,4328.44,4328.44,4328.44,4328.44,0
2021-02-25 00:00:00,4488.66,4488.66,4488.66,4488.66,0
2021-02-26 00:00:00,4333.19,4333.19,4333.19,4333.19,0
2021-03-01 00:00:00,4424.6,4424.6,4424.6,4424.6,0
2021-03-02 00:00:00,4475.09,4475.09,4475.09,4475.09,0
2021-03-03 00:00:00,4568.9,4568.9,4568.9,4568.9,0
2021-03-04 00:00:00,4541.22,4541.22,4541.22,4541.22,0
2021-03-05 00:00:00,4454.45,4454.45,4454.45,4454.45,0
2021-03-08 00:00:00,4515.16,4515.16,4515.16,4515.16,0
2021-03-09 00:00:00,4451.48,4451.48,4451.48,4451.48,0
2021-03-10 00:00:00,4478.07,4478.07,4478.07,4478.07,0
2021-03-12 00:00:00,4488.56,4488.56,4488.56,4488.56,0
2021-03-15 00:00:00,4494.99,4494.99,4494.99,4494.99,0
2021-03-16 00:00:00,4484.32,4484.32,4484.32,4484.32,0
2021-03-17 00:00:00,4344.94,4344.94,4344.94,4344.94,0
2021-03-18 00:00:00,4307.29,4307.29,4307.29,4307.29,0
2021-03-19 00:00:00,4392.93,4392.93,4392.93,4392.93,0
2021-03-22 00:00:00,4392.31,4392.31,4392.31,4392.31,0
2021-03-23 00:00:00,4364.54,4364.54,4364.54,4364.54,0
2021-03-24 00:00:00,4246.54,4246.54,4246.54,4246.54,0
2021-03-25 00:00:00,4168.65,4168.65,4168.65,4168.65,0
2021-03-26 00:00:00,4246.45,4246.45,4246.45,4246.45,0
2021-03-30 00:00:00,4298.33,4298.33,4298.33,4298.33,0
2021-03-31 00:00:00,4304.29,4304.29,4304.29,4304.29,0
2021-04-01 00:00:00,4436.65,4436.65,4436.65,4436.65,0
2021-04-05 00:00:00,4369.47,4369.47,4369.47,4369.47,0
2021-04-06 00:00:00,4399.49,4399.49,4399.49,4399.49,0
2021-04-07 00:00:00,4446.61,4446.61,4446.61,4446.61,0
2021-04-08 00:00:00,4507.96,4507.96,4507.96,4507.96,0
2021-04-09 00:00:00,4469.93,4469.93,4469.93,4469.93,0
2021-04-12 00:00:00,4209.53,4209.53,4209.53,4209.53,0
2021-04-13 00:00:00,4349.01,4349.01,4349.01,4349.01,0
2021-04-15 00:00:00,4350.66,4350.66,4350.66,4350.66,0
2021-04-16 00:00:00,4382.01,4382.01,4382.01,4382.01,0
2021-04-19 00:00:00,4267.24,4267.24,4267.24,4267.24,0
2021-04-20 00:00:00,4271.64,4271.64,4271.64,4271.64,0
2021-04-22 00:00:00,4313.73,4313.73,4313.73,4313.73,0
2021-04-23 00:00:00,4307.96,4307.96,4307.96,4307.96,0
2021-04-26 00:00:00,4349.12,4349.12,4349.12,4349.12,0
2021-04-27 00:00:00,4414.82,4414.82,4414.82,4414.82,0
2021-04-28 00:00:00,4438.74,4438.74,4438.74,4438.74,0
2021-04-29 00:00:00,4492.5,4492.5,4492.5,4492.5,0
2021-04-30 00:00:00,4541.37,4541.37,4541.37,4541.37,0
2021-05-03 00:00:00,4575.39,4575.39,4575.39,4575.39,0
2021-05-04 00:00:00,4556.26,4556.26,4556.26,4556.26,0
2021-05-05 00:00:00,4593.67,4593.67,4593.67,4593.67,0
2021-05-06 00:00:00,4638.72,4638.72,4638.72,4638.72,0
2021-05-07 00:00:00,4737.32,4737.32,4737.32,4737.32,0
2021-05-10 00:00:00,4874.0,4874.0,4874.0,4874.0,0
2021-05-11 00:00:00,4939.24,4939.24,4939.24,4939.24,0
2021-05-12 00:00:00,4864.0,4864.0,4864.0,4864.0,0
2021-05-14 00:00:00,4733.01,4733.01,4733.01,4733.01,0
2021-05-17 00:00:00,4791.22,4791.22,4791.22,4791.22,0
2021-05-18 00:00:00,4867.89,4867.89,4867.89,4867.89,0
2021-05-19 00:00:00,4863.0,4863.0,4863.0,4863.0,0
2021-05-20 00:00:00,4786.11,4786.11,4786.11,4786.11,0
2021-05-21 00:00:00,4823.71,4823.71,4823.71,4823.71,0
2021-05-24 00:00:00,4862.03,4862.03,4862.03,4862.03,0
2021-05-25 00:00:00,4885.37,4885.37,4885.37,4885.37,0
2021-05-26 00:00:00,4836.36,4836.36,4836.36,4836.36,0
2021-05-27 00:00:00,4851.0,4851.0,4851.0,4851.0,0
2021-05-28 00:00:00,4881.79,4881.79,4881.79,4881.79,0
2021-05-31 00:00:00,4913.84,4913.84,4913.84,4913.84,0
2021-06-01 00:00:00,4886.7,4886.7,4886.7,4886.7,0
2021-06-02 00:00:00,4943.35,4943.35,4943.35,4943.35,0
2021-06-03 00:00:00,4976.29,4976.29,4976.29,4976.29,0
2021-06-04 00:00:00,5045.06,5045.06,5045.06,5045.06,0
2021-06-07 00:00:00,5092.51,5092.51,5092.51,5092.51,0
2021-06-08 00:00:00,5079.99,5079.99,5079.99,5079.99,0
2021-06-09 00:00:00,5072.11,5072.11,5072.11,5072.11,0
2021-06-10 00:00:00,5117.64,5117.64,5117.64,5117.64,0
2021-06-11 00:00:00,5163.53,5163.53,5163.53,5163.53,0
2021-06-14 00:00:00,5152.39,5152.39,5152.39,5152.39,0
2021-06-15 00:00:00,5148.08,5148.08,5148.08,5148.08,0
2021-06-16 00:00:00,5099.43,5099.43,5099.43,5099.43,0
2021-06-17 00:00:00,5021.49,5021.49,5021.49,5021.49,0
2021-06-18 00:00:00,4917.5,4917.5,4917.5,4917.5,0
2021-06-21 00:00:00,4963.76,4963.76,4963.76,4963.76,0
2021-06-22 00:00:00,4969.67,4969.67,4969.67,4969.67,0
2021-06-23 00:00:00,4936.72,4936.72,4936.72,4936.72,0
2021-06-24 00:00:00,4915.76,4915.76,4915.76,4915.76,0
2021-06-25 00:00:00,4976.77,4976.77,4976.77,4976.77,0
2021-06-28 00:00:00,5010.43,5010.43,5010.43,5010.43,0
2021-06-29 00:00:00,4962.1,4962.1,4962.1,4962.1,0
2021-06-30 00:00:00,4952.51,4952.51,4952.51,4952.51,0
2021-07-01 00:00:00,4942.74,4942.74,4942.74,4942.74,0
2021-07-02 00:00:00,4932.5,4932.5,4932.5,4932.5,0
2021-07-05 00:00:00,4994.3,4994.3,4994.3,4994.3,0
2021-07-06 00:00:00,4964.73,4964.73,4964.73,4964.73,0
2021-07-07 00:00:00,4990.56,4990.56,4990.56,4990.56,0
2021-07-08 00:00:00,4944.2,4944.2,4944.2,4944.2,0
2021-07-09 00:00:00,4969.38,4969.38,4969.38,4969.38,0
2021-07-12 00:00:00,4970.7,4970.7,4970.7,4970.7,0
2021-07-13 00:00:00,5006.07,5006.07,5006.07,5006.07,0
2021-07-14 00:00:00,5009.17,5009.17,5009.17,5009.17,0
2021-07-15 00:00:00,5004.02,5004.02,5004.02,5004.02,0
2021-07-16 00:00:00,5031.46,5031.46,5031.46,5031.46,0
2021-07-19 00:00:00,5005.58,5005.58,5005.58,5005.58,0
2021-07-20 00:00:00,4949.06,4949.06,4949.06,4949.06,0
2021-07-22 00:00:00,5006.68,5006.68,5006.68,5006.68,0
2021-07-23 00:00:00,5007.99,5007.99,5007.99,5007.99,0
2021-07-26 00:00:00,5001.23,5001.23,5001.23,5001.23,0
2021-07-27 00:00:00,4978.42,4978.42,4978.42,4978.42,0
2021-07-28 00:00:00,4977.65,4977.65,4977.65,4977.65,0
2021-07-29 00:00:00,5049.13,5049.13,5049.13,5049.13,0
2021-07-30 00:00:00,5057.29,5057.29,5057.29,5057.29,0
2021-08-02 00:00:00,5131.81,5131.81,5131.81,5131.81,0
2021-08-03 00:00:00,5158.07,5158.07,5158.07,5158.07,0
2021-08-04 00:00:00,5121.8,5121.8,5121.8,5121.8,0
2021-08-05 00:00:00,5122.82,5122.82,5122.82,5122.82,0
2021-08-06 00:00:00,5128.01,5128.01,5128.01,5128.01,0
2021-08-09 00:00:00,5078.94,5078.94,5078.94,5078.94,0
2021-08-10 00:00:00,4996.56,4996.56,4996.56,4996.56,0
2021-08-11 00:00:00,5062.76,5062.76,5062.76,5062.76,0
2021-08-12 00:00:00,5091.64,5091.64,5091.64,5091.64,0
2021-08-13 00:00:00,5099.24,5099.24,5099.24,5099.24,0
2021-08-16 00:00:00,5128.86,5128.86,5128.86,5128.86,0
2021-08-17 00:00:00,5061.86,5061.86,5061.86,5061.86,0
2021-08-18 00:00:00,5041.63,5041.63,5041.63,5041.63,0
2021-08-20 00:00:00,4882.65,4882.65,4882.65,4882.65,0
2021-08-23 00:00:00,4843.69,4843.69,4843.69,4843.69,0
2021-08-24 00:00:00,4933.48,4933.48,4933.48,4933.48,0
2021-08-25 00:00:00,4955.45,4955.45,4955.45,4955.45,0
2021-08-26 00:00:00,4915.56,4915.56,4915.56,4915.56,0
2021-08-27 00:00:00,4965.14,4965.14,4965.14,4965.14,0
2021-08-30 00:00:00,5059.72,5059.72,5059.72,5059.72,0
2021-08-31 00:00:00,5109.02,5109.02,5109.02,5109.02,0
2021-09-01 00:00:00,5086.08,5086.08,5086.08,5086.08,0
2021-09-02 00:00:00,5093.04,5093.04,5093.04,5093.04,0
2021-09-03 00:00:00,5159.63,5159.63,5159.63,5159.63,0
2021-09-06 00:00:00,5151.71,5151.71,5151.71,5151.71,0
2021-09-07 00:00:00,5136.44,5136.44,5136.44,5136.44,0
2021-09-08 00:00:00,5160.87,5160.87,5160.87,5160.87,0
2021-09-09 00:00:00,5193.19,5193.19,5193.19,5193.19,0
2021-09-13 00:00:00,5236.41,5236.41,5236.41,5236.41,0
2021-09-14 00:00:00,5260.32,5260.32,5260.32,5260.32,0
2021-09-15 00:00:00,5337.44,5337.44,5337.44,5337.44,0
2021-09-16 00:00:00,5388.84,5388.84,5388.84,5388.84,0
2021-09-17 00:00:00,5323.05,5323.05,5323.05,5323.05,0
2021-09-20 00:00:00,5158.62,5158.62,5158.62,5158.62,0
2021-09-21 00:00:00,5216.79,5216.79,5216.79,5216.79,0
2021-09-22 00:00:00,5278.33,5278.33,5278.33,5278.33,0
2021-09-23 00:00:00,5363.44,5363.44,5363.44,5363.44,0
2021-09-24 00:00:00,5322.29,5322.29,5322.29,5322.29,0
2021-09-27 00:00:00,5373.41,5373.41,5373.41,5373.41,0
2021-09-28 00:00:00,5465.8,5465.8,5465.8,5465.8,0
2021-09-29 00:00:00,5587.52,5587.52,5587.52,5587.52,0
2021-09-30 00:00:00,5544.06,5544.06,5544.06,5544.06,0
2021-10-01 00:00:00,5570.56,5570.56,5570.56,5570.56,0
2021-10-04 00:00:00,5643.23,5643.23,5643.23,5643.23,0
2021-10-05 00:00:00,5716.12,5716.12,5716.12,5716.12,0
2021-10-06 00:00:00,5640.56,5640.56,5640.56,5640.56,0
2021-10-07 00:00:00,5653.26,5653.26,5653.26,5653.26,0
2021-10-08 00:00:00,5641.52,5641.52,5641.52,5641.52,0
2021-10-11 00:00:00,5750.45,5750.45,5750.45,5750.45,0
2021-10-12 00:00:00,5783.15,5783.15,5783.15,5783.15,0
2021-10-13 00:00:00,5866.19,5866.19,5866.19,5866.19,0
2021-10-14 00:00:00,5947.03,5947.03,5947.03,5947.03,0
2021-10-18 00:00:00,6073.57,6073.57,6073.57,6073.57,0
2021-10-19 00:00:00,5918.19,5918.19,5918.19,5918.19,0
2021-10-20 00:00:00,5815.63,5815.63,5815.63,5815.63,0
2021-10-21 00:00:00,5806.96,5806.96,5806.96,5806.96,0
2021-10-22 00:00:00,5706.78,5706.78,5706.78,5706.78,0
2021-10-25 00:00:00,5669.51,5669.51,5669.51,5669.51,0
2021-10-26 00:00:00,5744.43,5744.43,5744.43,5744.43,0
2021-10-27 00:00:00,5707.34,5707.34,5707.34,5707.34,0
2021-10-28 00:00:00,5537.28,5537.28,5537.28,5537.28,0
2021-10-29 00:00:00,5521.41,5521.41,5521.41,5521.41,0
2021-11-01 00:00:00,5635.38,5635.38,5635.38,5635.38,0
2021-11-02 00:00:00,5607.5,5607.5,5607.5,5607.5,0
2021-11-03 00:00:00,5629.02,5629.02,5629.02,5629.02,0
2021-11-04 00:00:00,5670.56,5670.56,5670.56,5670.56,0
2021-11-08 00:00:00,5775.68,5775.68,5775.68,5775.68,0
2021-11-09 00:00:00,5780.68,5780.68,5780.68,5780.68,0
2021-11-10 00:00:00,5762.26,5762.26,5762.26,5762.26,0
2021-11-11 00:00:00,5703.01,5703.01,5703.01,5703.01,0
2021-11-12 00:00:00,5722.33,5722.33,5722.33,5722.33,0
2021-11-15 00:00:00,5697.52,5697.52,5697.52,5697.52,0
2021-11-16 00:00:00,5650.3,5650.3,5650.3,5650.3,0
2021-11-17 00:00:00,5626.44,5626.44,5626.44,5626.44,0
2021-11-18 00:00:00,5533.73,5533.73,5533.73,5533.73,0
2021-11-22 00:00:00,5429.35,5429.35,5429.35,5429.35,0
2021-11-23 00:00:00,5529.38,5529.38,5529.38,5529.38,0
2021-11-24 00:00:00,5536.79,5536.79,5536.79,5536.79,0
2021-11-25 00:00:00,5550.06,5550.06,5550.06,5550.06,0
2021-11-26 00:00:00,5327.78,5327.78,5327.78,5327.78,0
2021-11-29 00:00:00,5261.95,5261.95,5261.95,5261.95,0
2021-11-30 00:00:00,5234.7,5234.7,5234.7,5234.7,0
2021-12-01 00:00:00,5293.57,5293.57,5293.57,5293.57,0
2021-12-02 00:00:00,5366.57,5366.57,5366.57,5366.57,0
2021-12-03 00:00:00,5342.94,5342.94,5342.94,5342.94,0
2021-12-06 00:00:00,5263.18,5263.18,5263.18,5263.18,0
2021-12-07 00:00:00,5358.65,5358.65,5358.65,5358.65,0
2021-12-08 00:00:00,5422.48,5422.48,5422.48,5422.48,0
2021-12-09 00:00:00,5449.24,5449.24,5449.24,5449.24,0
2021-12-10 00:00:00,5468.21,5468.21,5468.21,5468.21,0
2021-12-13 00:00:00,5434.7,5434.7,5434.7,5434.7,0
2021-12-14 00:00:00,5445.86,5445.86,5445.86,5445.86,0
2021-12-15 00:00:00,5396.36,5396.36,5396.36,5396.36,0
2021-12-16 00:00:00,5379.01,5379.01,5379.01,5379.01,0
2021-12-17 00:00:00,5251.48,5251.48,5251.48,5251.48,0
2021-12-20 00:00:00,5066.84,5066.84,5066.84,5066.84,0
2021-12-21 00:00:00,5132.4,5132.4,5132.4,5132.4,0
2021-12-22 00:00:00,5184.93,5184.93,5184.93,5184.93,0
2021-12-23 00:00:00,5264.57,5264.57,5264.57,5264.57,0
2021-12-24 00:00:00,5197.65,5197.65,5197.65,5197.65,0
2021-12-27 00:00:00,5197.72,5197.72,5197.72,5197.72,0
2021-12-28 00:00:00,5260.44,5260.44,5260.44,5260.44,0
2021-12-29 00:00:00,5216.11,5216.11,5216.11,5216.11,0
2021-12-30 00:00:00,5187.61,5187.61,5187.61,5187.61,0
2021-12-31 00:00:00,5258.2,5258.2,5258.2,5258.2,0
2022-01-03 00:00:00,5343.32,5343.32,5343.32,5343.32,0
2022-01-04 00:00:00,5382.88,5382.88,5382.88,5382.88,0
2022-01-05 00:00:00,5450.9,5450.9,5450.9,5450.9,0
2022-01-06 00:00:00,5447.54,5447.54,5447.54,5447.54,0
2022-01-07 00:00:00,5494.55,5494.55,5494.55,5494.55,0
2022-01-10 00:00:00,5561.82,5561.82,5561.82,5561.82,0
2022-01-11 00:00:00,5521.31,5521.31,5521.31,5521.31,0
2022-01-12 00:00:00,5582.96,5582.96,5582.96,5582.96,0
2022-01-13 00:00:00,5654.91,5654.91,5654.91,5654.91,0
2022-01-14 00:00:00,5645.39,5645.39,5645.39,5645.39,0
2022-01-17 00:00:00,5683.1,5683.1,5683.1,5683.1,0
2022-01-18 00:00:00,5584.14,5584.14,5584.14,5584.14,0
2022-01-19 00:00:00,5620.91,5620.91,5620.91,5620.91,0
2022-01-20 00:00:00,5625.69,5625.69,5625.69,5625.69,0
2022-01-21 00:00:00,5513.89,5513.89,5513.89,5513.89,0
2022-01-24 00:00:00,5366.38,5366.38,5366.38,5366.38,0
2022-01-25 00:00:00,5456.27,5456.27,5456.27,5456.27,0
2022-01-27 00:00:00,5455.91,5455.91,5455.91,5455.91,0
2022-01-28 00:00:00,5501.24,5501.24,5501.24,5501.24,0
2022-01-31 00:00:00,5565.47,5565.47,5565.47,5565.47,0
2022-02-01 00:00:00,5600.68,5600.68,5600.68,5600.68,0
2022-02-02 00:00:00,5644.63,5644.63,5644.63,5644.63,0
2022-02-03 00:00:00,5607.98,5607.98,5607.98,5607.98,0
2022-02-04 00:00:00,5593.27,5593.27,5593.27,5593.27,0
2022-02-07 00:00:00,5586.69,5586.69,5586.69,5586.69,0
2022-02-08 00:00:00,5577.23,5577.23,5577.23,5577.23,0
2022-02-09 00:00:00,5633.26,5633.26,5633.26,5633.26,0
2022-02-10 00:00:00,5677.16,5677.16,5677.16,5677.16,0
2022-02-11 00:00:00,5636.63,5636.63,5636.63,5636.63,0
2022-02-14 00:00:00,5426.13,5426.13,5426.13,5426.13,0
2022-02-15 00:00:00,5536.43,5536.43,5536.43,5536.43,0
2022-02-16 00:00:00,5546.09,5546.09,5546.09,5546.09,0
2022-02-17 00:00:00,5523.93,5523.93,5523.93,5523.93,0
2022-02-18 00:00:00,5492.87,5492.87,5492.87,5492.87,0
2022-02-21 00:00:00,5409.52,5409.52,5409.52,5409.52,0
2022-02-22 00:00:00,5364.72,5364.72,5364.72,5364.72,0
2022-02-23 00:00:00,5356.89,5356.89,5356.89,5356.89,0
2022-02-24 00:00:00,5050.65,5050.65,5050.65,5050.65,0
2022-02-25 00:00:00,5215.28,5215.28,5215.28,5215.28,0
2022-02-28 00:00:00,5359.45,5359.45,5359.45,5359.45,0
2022-03-02 00:00:00,5396.86,5396.86,5396.86,5396.86,0
2022-03-03 00:00:00,5460.08,5460.08,5460.08,5460.08,0
2022-03-04 00:00:00,5360.57,5360.57,5360.57,5360.57,0
2022-03-07 00:00:00,5383.45,5383.45,5383.45,5383.45,0
2022-03-08 00:00:00,5378.8,5378.8,5378.8,5378.8,0
2022-03-09 00:00:00,5383.72,5383.72,5383.72,5383.72,0
2022-03-10 00:00:00,5440.5,5440.5,5440.5,5440.5,0
2022-03-11 00:00:00,5498.65,5498.65,5498.65,5498.65,0
2022-03-14 00:00:00,5476.45,5476.45,5476.45,5476.45,0
2022-03-15 00:00:00,5352.16,5352.16,5352.16,5352.16,0
2022-03-16 00:00:00,5461.9,5461.9,5461.9,5461.9,0
2022-03-17 00:00:00,5522.5,5522.5,5522.5,5522.5,0
2022-03-21 00:00:00,5494.65,5494.65,5494.65,5494.65,0
2022-03-22 00:00:00,5546.31,5546.31,5546.31,5546.31,0
2022-03-23 00:00:00,5573.62,5573.62,5573.62,5573.62,0
2022-03-24 00:00:00,5603.03,5603.03,5603.03,5603.03,0
2022-03-25 00:00:00,5568.0,5568.0,5568.0,5568.0,0
2022-03-28 00:00:00,5598.34,5598.34,5598.34,5598.34,0
2022-03-29 00:00:00,5561.29,5561.29,5561.29,5561.29,0
2022-03-30 00:00:00,5525.9,5525.9,5525.9,5525.9,0
2022-03-31 00:00:00,5533.28,5533.28,5533.28,5533.28,0
2022-04-01 00:00:00,5654.77,5654.77,5654.77,5654.77,0
2022-04-04 00:00:00,5737.67,5737.67,5737.67,5737.67,0
2022-04-05 00:00:00,5776.88,5776.88,5776.88,5776.88,0
2022-04-06 00:00:00,5852.37,5852.37,5852.37,5852.37,0
2022-04-07 00:00:00,5798.09,5798.09,5798.09,5798.09,0
2022-04-08 00:00:00,5890.96,5890.96,5890.96,5890.96,0
2022-04-11 00:00:00,5918.56,5918.56,5918.56,5918.56,0
2022-04-12 00:00:00,5795.0,5795.0,5795.0,5795.0,0
2022-04-13 00:00:00,5832.96,5832.96,5832.96,5832.96,0
2022-04-18 00:00:00,5843.9,5843.9,5843.9,5843.9,0
2022-04-19 00:00:00,5841.33,5841.33,5841.33,5841.33,0
2022-04-20 00:00:00,5860.06,5860.06,5860.06,5860.06,0
2022-04-21 00:00:00,5914.5,5914.5,5914.5,5914.5,0
2022-04-22 00:00:00,5833.94,5833.94,5833.94,5833.94,0
2022-04-25 00:00:00,5659.66,5659.66,5659.66,5659.66,0
2022-04-26 00:00:00,5742.49,5742.49,5742.49,5742.49,0
2022-04-27 00:00:00,5696.21,5696.21,5696.21,5696.21,0
2022-04-28 00:00:00,5746.54,5746.54,5746.54,5746.54,0
2022-04-29 00:00:00,5651.97,5651.97,5651.97,5651.97,0
2022-05-02 00:00:00,5676.24,5676.24,5676.24,5676.24,0
2022-05-04 00:00:00,5604.23,5604.23,5604.23,5604.23,0
2022-05-05 00:00:00,5620.83,5620.83,5620.83,5620.83,0
2022-05-06 00:00:00,5596.53,5596.53,5596.53,5596.53,0
2022-05-09 00:00:00,5539.61,5539.61,5539.61,5539.61,0
2022-05-10 00:00:00,5394.78,5394.78,5394.78,5394.78,0
2022-05-11 00:00:00,5364.11,5364.11,5364.11,5364.11,0
2022-05-12 00:00:00,5248.7,5248.7,5248.7,5248.7,0
2022-05-13 00:00:00,5184.78,5184.78,5184.78,5184.78,0
2022-05-16 00:00:00,5220.48,5220.48,5220.48,5220.48,0
2022-05-17 00:00:00,5415.31,5415.31,5415.31,5415.31,0
2022-05-18 00:00:00,5367.62,5367.62,5367.62,5367.62,0
2022-05-19 00:00:00,5274.52,5274.52,5274.52,5274.52,0
2022-05-20 00:00:00,5387.88,5387.88,5387.88,5387.88,0
2022-05-23 00:00:00,5286.3,5286.3,5286.3,5286.3,0
2022-05-24 00:00:00,5246.07,5246.07,5246.07,5246.07,0
2022-05-25 00:00:00,5197.94,5197.94,5197.94,5197.94,0
2022-05-26 00:00:00,5253.53,5253.53,5253.53,5253.53,0
2022-05-27 00:00:00,5221.1,5221.1,5221.1,5221.1,0
2022-05-30 00:00:00,5299.58,5299.58,5299.58,5299.58,0
2022-05-31 00:00:00,5362.18,5362.18,5362.18,5362.18,0
2022-06-01 00:00:00,5365.89,5365.89,5365.89,5365.89,0
2022-06-02 00:00:00,5392.5,5392.5,5392.5,5392.5,0
2022-06-03 00:00:00,5330.27,5330.27,5330.27,5330.27,0
2022-06-06 00:00:00,5315.49,5315.49,5315.49,5315.49,0
2022-06-07 00:00:00,5336.44,5336.44,5336.44,5336.44,0
2022-06-08 00:00:00,5347.9,5347.9,5347.9,5347.9,0
2022-06-09 00:00:00,5333.85,5333.85,5333.85,5333.85,0
2022-06-10 00:00:00,5296.4,5296.4,5296.4,5296.4,0
2022-06-13 00:00:00,5138.58,5138.58,5138.58,5138.58,0
2022-06-14 00:00:00,5113.91,5113.91,5113.91,5113.91,0
2022-06-15 00:00:00,5091.86,5091.86,5091.86,5091.86,0
2022-06-16 00:00:00,4930.13,4930.13,4930.13,4930.13,0
2022-06-17 00:00:00,4885.49,4885.49,4885.49,4885.49,0
2022-06-20 00:00:00,4769.54,4769.54,4769.54,4769.54,0
2022-06-21 00:00:00,4905.19,4905.19,4905.19,4905.19,0
2022-06-22 00:00:00,4827.77,4827.77,4827.77,4827.77,0
2022-06-23 00:00:00,4854.59,4854.59,4854.59,4854.59,0
2022-06-24 00:00:00,4899.31,4899.31,4899.31,4899.31,0
2022-06-27 00:00:00,4980.85,4980.85,4980.85,4980.85,0
2022-06-28 00:00:00,5035.74,5035.74,5035.74,5035.74,0
2022-06-29 00:00:00,5049.9,5049.9,5049.9,5049.9,0
2022-06-30 00:00:00,4993.44,4993.44,4993.44,4993.44,0
2022-07-01 00:00:00,4988.16,4988.16,4988.16,4988.16,0
2022-07-04 00:00:00,4998.74,4998.74,4998.74,4998.74,0
2022-07-05 00:00:00,4999.74,4999.74,4999.74,4999.74,0
2022-07-06 00:00:00,5008.85,5008.85,5008.85,5008.85,0
2022-07-07 00:00:00,5143.43,5143.43,5143.43,5143.43,0
2022-07-08 00:00:00,5149.88,5149.88,5149.88,5149.88,0
2022-07-11 00:00:00,5196.01,5196.01,5196.01,5196.01,0
2022-07-12 00:00:00,5129.44,5129.44,5129.44,5129.44,0
2022-07-13 00:00:00,5134.56,5134.56,5134.56,5134.56,0
2022-07-14 00:00:00,5113.78,5113.78,5113.78,5113.78,0
2022-07-15 00:00:00,5102.66,5102.66,5102.66,5102.66,0
2022-07-18 00:00:00,5208.39,5208.39,5208.39,5208.39,0
2022-07-19 00:00:00,5249.84,5249.84,5249.84,5249.84,0
2022-07-20 00:00:00,5276.03,5276.03,5276.03,5276.03,0
2022-07-21 00:00:00,5329.47,5329.47,5329.47,5329.47,0
2022-07-22 00:00:00,5335.01,5335.01,5335.01,5335.01,0
2022-07-25 00:00:00,5351.37,5351.37,5351.37,5351.37,0
2022-07-26 00:00:00,5323.5,5323.5,5323.5,5323.5,0
2022-07-27 00:00:00,5390.85,5390.85,5390.85,5390.85,0
2022-07-28 00:00:00,5421.77,5421.77,5421.77,5421.77,0
2022-07-29 00:00:00,5528.76,5528.76,5528.76,5528.76,0
2022-08-01 00:00:00,5586.02,5586.02,5586.02,5586.02,0
2022-08-02 00:00:00,5613.11,5613.11,5613.11,5613.11,0
2022-08-03 00:00:00,5579.97,5579.97,5579.97,5579.97,0
2022-08-04 00:00:00,5550.84,5550.84,5550.84,5550.84,0
2022-08-05 00:00:00,5568.02,5568.02,5568.02,5568.02,0
2022-08-08 00:00:00,5569.05,5569.05,5569.05,5569.05,0
2022-08-10 00:00:00,5599.1,5599.1,5599.1,5599.1,0
2022-08-11 00:00:00,5601.64,5601.64,5601.64,5601.64,0
2022-08-12 00:00:00,5698.54,5698.54,5698.54,5698.54,0
2022-08-16 00:00:00,5730.07,5730.07,5730.07,5730.07,0
2022-08-17 00:00:00,5788.31,5788.31,5788.31,5788.31,0
2022-08-18 00:00:00,5775.35,5775.35,5775.35,5775.35,0
2022-08-19 00:00:00,5685.5,5685.5,5685.5,5685.5,0
2022-08-22 00:00:00,5570.02,5570.02,5570.02,5570.02,0
2022-08-23 00:00:00,5659.34,5659.34,5659.34,5659.34,0
2022-08-24 00:00:00,5674.16,5674.16,5674.16,5674.16,0
2022-08-25 00:00:00,5709.52,5709.52,5709.52,5709.52,0
2022-08-26 00:00:00,5784.25,5784.25,5784.25,5784.25,0
2022-08-29 00:00:00,5722.11,5722.11,5722.11,5722.11,0
2022-08-30 00:00:00,5815.14,5815.14,5815.14,5815.14,0
2022-09-01 00:00:00,5769.05,5769.05,5769.05,5769.05,0
2022-09-02 00:00:00,5711.07,5711.07,5711.07,5711.07,0
2022-09-05 00:00:00,5762.44,5762.44,5762.44,5762.44,0
2022-09-06 00:00:00,5806.99,5806.99,5806.99,5806.99,0
2022-09-07 00:00:00,5827.37,5827.37,5827.37,5827.37,0
2022-09-08 00:00:00,5844.87,5844.87,5844.87,5844.87,0
2022-09-09 00:00:00,5851.03,5851.03,5851.03,5851.03,0
2022-09-12 00:00:00,5893.78,5893.78,5893.78,5893.78,0
2022-09-13 00:00:00,5906.84,5906.84,5906.84,5906.84,0
2022-09-14 00:00:00,5967.13,5967.13,5967.13,5967.13,0
2022-09-15 00:00:00,5960.98,5960.98,5960.98,5960.98,0
2022-09-16 00:00:00,5809.81,5809.81,5809.81,5809.81,0
2022-09-19 00:00:00,5783.99,5783.99,5783.99,5783.99,0
2022-09-20 00:00:00,5829.18,5829.18,5829.18,5829.18,0
2022-09-21 00:00:00,5768.57,5768.57,5768.57,5768.57,0
2022-09-22 00:00:00,5743.7,5743.7,5743.7,5743.7,0
2022-09-23 00:00:00,5606.27,5606.27,5606.27,5606.27,0
2022-09-26 00:00:00,5417.4,5417.4,5417.4,5417.4,0
2022-09-27 00:00:00,5425.94,5425.94,5425.94,5425.94,0
2022-09-28 00:00:00,5348.18,5348.18,5348.18,5348.18,0
2022-09-29 00:00:00,5379.05,5379.05,5379.05,5379.05,0
2022-09-30 00:00:00,5476.39,5476.39,5476.39,5476.39,0
2022-10-03 00:00:00,5423.18,5423.18,5423.18,5423.18,0
2022-10-04 00:00:00,5556.34,5556.34,5556.34,5556.34,0
2022-10-06 00:00:00,5638.62,5638.62,5638.62,5638.62,0
2022-10-07 00:00:00,5626.25,5626.25,5626.25,5626.25,0
2022-10-10 00:00:00,5606.46,5606.46,5606.46,5606.46,0
2022-10-11 00:00:00,5486.57,5486.57,5486.57,5486.57,0
2022-10-12 00:00:00,5549.75,5549.75,5549.75,5549.75,0
2022-10-13 00:00:00,5521.32,5521.32,5521.32,5521.32,0
2022-10-14 00:00:00,5514.68,5514.68,5514.68,5514.68,0
2022-10-17 00:00:00,5533.7,5533.7,5533.7,5533.7,0
2022-10-18 00:00:00,5590.99,5590.99,5590.99,5590.99,0
2022-10-19 00:00:00,5559.34,5559.34,5559.34,5559.34,0
2022-10-20 00:00:00,5637.24,5637.24,5637.24,5637.24,0
2022-10-21 00:00:00,5627.54,5627.54,5627.54,5627.54,0
2022-10-24 00:00:00,5672.82,5672.82,5672.82,5672.82,0
2022-10-25 00:00:00,5716.56,5716.56,5716.56,5716.56,0
2022-10-27 00:00:00,5772.6,5772.6,5772.6,5772.6,0
2022-10-28 00:00:00,5758.47,5758.47,5758.47,5758.47,0
2022-10-31 00:00:00,5779.5,5779.5,5779.5,5779.5,0
2022-11-01 00:00:00,5835.2,5835.2,5835.2,5835.2,0
2022-11-02 00:00:00,5845.63,5845.63,5845.63,5845.63,0
2022-11-03 00:00:00,5850.25,5850.25,5850.25,5850.25,0
2022-11-04 00:00:00,5893.28,5893.28,5893.28,5893.28,0
2022-11-07 00:00:00,5996.76,5996.76,5996.76,5996.76,0
2022-11-09 00:00:00,5968.75,5968.75,5968.75,5968.75,0
2022-11-10 00:00:00,5920.98,5920.98,5920.98,5920.98,0
2022-11-11 00:00:00,5959.41,5959.41,5959.41,5959.41,0
2022-11-14 00:00:00,5997.65,5997.65,5997.65,5997.65,0
2022-11-15 00:00:00,6028.7,6028.7,6028.7,6028.7,0
2022-11-16 00:00:00,5988.02,5988.02,5988.02,5988.02,0
2022-11-17 00:00:00,5970.43,5970.43,5970.43,5970.43,0
2022-11-18 00:00:00,5967.24,5967.24,5967.24,5967.24,0
2022-11-21 00:00:00,5972.86,5972.86,5972.86,5972.86,0
2022-11-22 00:00:00,6002.26,6002.26,6002.26,6002.26,0
2022-11-23 00:00:00,6032.29,6032.29,6032.29,6032.29,0
2022-11-24 00:00:00,6115.8,6115.8,6115.8,6115.8,0
2022-11-25 00:00:00,6196.94,6196.94,6196.94,6196.94,0
2022-11-28 00:00:00,6204.44,6204.44,6204.44,6204.44,0
2022-11-29 00:00:00,6212.25,6212.25,6212.25,6212.25,0
2022-11-30 00:00:00,6265.22,6265.22,6265.22,6265.22,0
2022-12-01 00:00:00,6330.51,6330.51,6330.51,6330.51,0
2022-12-02 00:00:00,6346.19,6346.19,6346.19,6346.19,0
2022-12-05 00:00:00,6415.3,6415.3,6415.3,6415.3,0
2022-12-06 00:00:00,6362.03,6362.03,6362.03,6362.03,0
2022-12-07 00:00:00,6353.86,6353.86,6353.86,6353.86,0
2022-12-08 00:00:00,6418.37,6418.37,6418.37,6418.37,0
2022-12-09 00:00:00,6362.72,6362.72,6362.72,6362.72,0
2022-12-12 00:00:00,6434.58,6434.58,6434.58,6434.58,0
2022-12-13 00:00:00,6440.44,6440.44,6440.44,6440.44,0
2022-12-14 00:00:00,6495.88,6495.88,6495.88,6495.88,0
2022-12-15 00:00:00,6430.92,6430.92,6430.92,6430.92,0
2022-12-16 00:00:00,6337.1,6337.1,6337.1,6337.1,0
2022-12-19 00:00:00,6394.25,6394.25,6394.25,6394.25,0
2022-12-20 00:00:00,6362.64,6362.64,6362.64,6362.64,0
2022-12-21 00:00:00,6250.42,6250.42,6250.42,6250.42,0
2022-12-22 00:00:00,6204.25,6204.25,6204.25,6204.25,0
2022-12-23 00:00:00,5982.78,5982.78,5982.78,5982.78,0
2022-12-26 00:00:00,6143.54,6143.54,6143.54,6143.54,0
2022-12-27 00:00:00,6249.93,6249.93,6249.93,6249.93,0
2022-12-28 00:00:00,6267.27,6267.27,6267.27,6267.27,0
2022-12-29 00:00:00,6310.28,6310.28,6310.28,6310.28,0
2022-12-30 00:00:00,6363.71,6363.71,6363.71,6363.71,0
2023-01-02 00:00:00,6476.92,6476.92,6476.92,6476.92,0
2023-01-03 00:00:00,6491.24,6491.24,6491.24,6491.24,0
2023-01-04 00:00:00,6384.78,6384.78,6384.78,6384.78,0
2023-01-05 00:00:00,6440.45,6440.45,6440.45,6440.45,0
2023-01-06 00:00:00,6413.17,6413.17,6413.17,6413.17,0
2023-01-09 00:00:00,6465.59,6465.59,6465.59,6465.59,0
2023-01-10 00:00:00,6446.89,6446.89,6446.89,6446.89,0
2023-01-11 00:00:00,6466.67,6466.67,6466.67,6466.67,0
2023-01-12 00:00:00,6421.28,6421.28,6421.28,6421.28,0
2023-01-13 00:00:00,6478.06,6478.06,6478.06,6478.06,0
2023-01-16 00:00:00,6461.94,6461.94,6461.94,6461.94,0
2023-01-17 00:00:00,6448.55,6448.55,6448.55,6448.55,0
2023-01-18 00:00:00,6501.56,6501.56,6501.56,6501.56,0
2023-01-19 00:00:00,6539.34,6539.34,6539.34,6539.34,0
2023-01-20 00:00:00,6523.81,6523.81,6523.81,6523.81,0
2023-01-23 00:00:00,6568.18,6568.18,6568.18,6568.18,0
2023-01-24 00:00:00,6510.04,6510.04,6510.04,6510.04,0
2023-01-25 00:00:00,6427.48,6427.48,6427.48,6427.48,0
2023-01-27 00:00:00,6271.49,6271.49,6271.49,6271.49,0
2023-01-30 00:00:00,6246.85,6246.85,6246.85,6246.85,0
2023-01-31 00:00:00,6353.61,6353.61,6353.61,6353.61,0
2023-02-01 00:00:00,6253.8,6253.8,6253.8,6253.8,0
2023-02-02 00:00:00,6202.33,6202.33,6202.33,6202.33,0
2023-02-03 00:00:00,6233.4,6233.4,6233.4,6233.4,0
2023-02-06 00:00:00,6244.73,6244.73,6244.73,6244.73,0
2023-02-07 00:00:00,6217.44,6217.44,6217.44,6217.44,0
2023-02-08 00:00:00,6263.3,6263.3,6263.3,6263.3,0
2023-02-09 00:00:00,6272.79,6272.79,6272.79,6272.79,0
2023-02-10 00:00:00,6253.39,6253.39,6253.39,6253.39,0
2023-02-13 00:00:00,6200.34,6200.34,6200.34,6200.34,0
2023-02-14 00:00:00,6220.99,6220.99,6220.99,6220.99,0
2023-02-15 00:00:00,6255.1,6255.1,6255.1,6255.1,0
2023-02-16 00:00:00,6293.18,6293.18,6293.18,6293.18,0
2023-02-17 00:00:00,6283.05,6283.05,6283.05,6283.05,0
2023-02-20 00:00:00,6248.83,6248.83,6248.83,6248.83,0
2023-02-21 00:00:00,6231.6,6231.6,6231.6,6231.6,0
2023-02-22 00:00:00,6142.78,6142.78,6142.78,6142.78,0
2023-02-23 00:00:00,6166.35,6166.35,6166.35,6166.35,0
2023-02-24 00:00:00,6148.25,6148.25,6148.25,6148.25,0
2023-02-27 00:00:00,6135.83,6135.83,6135.83,6135.83,0
2023-02-28 00:00:00,6091.08,6091.08,6091.08,6091.08,0
2023-03-01 00:00:00,6185.15,6185.15,6185.15,6185.15,0
2023-03-02 00:00:00,6199.0,6199.0,6199.0,6199.0,0
2023-03-03 00:00:00,6301.13,6301.13,6301.13,6301.13,0
2023-03-06 00:00:00,6368.57,6368.57,6368.57,6368.57,0
2023-03-08 00:00:00,6408.85,6408.85,6408.85,6408.85,0
2023-03-09 00:00:00,6395.2,6395.2,6395.2,6395.2,0
2023-03-10 00:00:00,6365.19,6365.19,6365.19,6365.19,0
2023-03-13 00:00:00,6279.76,6279.76,6279.76,6279.76,0
2023-03-14 00:00:00,6253.11,6253.11,6253.11,6253.11,0
2023-03-15 00:00:00,6267.96,6267.96,6267.96,6267.96,0
2023-03-16 00:00:00,6289.5,6289.5,6289.5,6289.5,0
2023-03-17 00:00:00,6320.58,6320.58,6320.58,6320.58,0
2023-03-20 00:00:00,6262.39,6262.39,6262.39,6262.39,0
2023-03-21 00:00:00,6285.2,6285.2,6285.2,6285.2,0
2023-03-22 00:00:00,6279.7,6279.7,6279.7,6279.7,0
2023-03-23 00:00:00,6238.4,6238.4,6238.4,6238.4,0
2023-03-24 00:00:00,6133.45,6133.45,6133.45,6133.45,0
2023-03-27 00:00:00,6139.13,6139.13,6139.13,6139.13,0
2023-03-28 00:00:00,6117.89,6117.89,6117.89,6117.89,0
2023-03-29 00:00:00,6200.12,6200.12,6200.12,6200.12,0
2023-03-31 00:00:00,6250.28,6250.28,6250.28,6250.28,0
2023-04-03 00:00:00,6274.64,6274.64,6274.64,6274.64,0
2023-04-05 00:00:00,6278.51,6278.51,6278.51,6278.51,0
2023-04-06 00:00:00,6302.24,6302.24,6302.24,6302.24,0
2023-04-10 00:00:00,6373.84,6373.84,6373.84,6373.84,0
2023-04-11 00:00:00,6433.83,6433.83,6433.83,6433.83,0
2023-04-12 00:00:00,6428.28,6428.28,6428.28,6428.28,0
2023-04-13 00:00:00,6397.77,6397.77,6397.77,6397.77,0
2023-04-17 00:00:00,6459.24,6459.24,6459.24,6459.24,0
2023-04-18 00:00:00,6460.28,6460.28,6460.28,6460.28,0
2023-04-19 00:00:00,6469.32,6469.32,6469.32,6469.32,0
2023-04-20 00:00:00,6468.94,6468.94,6468.94,6468.94,0
2023-04-21 00:00:00,6444.12,6444.12,6444.12,6444.12,0
2023-04-24 00:00:00,6510.06,6510.06,6510.06,6510.06,0
2023-04-25 00:00:00,6545.06,6545.06,6545.06,6545.06,0
2023-04-26 00:00:00,6558.19,6558.19,6558.19,6558.19,0
2023-04-27 00:00:00,6589.38,6589.38,6589.38,6589.38,0
2023-04-28 00:00:00,6652.59,6652.59,6652.59,6652.59,0
2023-05-02 00:00:00,6734.11,6734.11,6734.11,6734.11,0
2023-05-03 00:00:00,6712.21,6712.21,6712.21,6712.21,0
2023-05-04 00:00:00,6754.9,6754.9,6754.9,6754.9,0
2023-05-05 00:00:00,6677.44,6677.44,6677.44,6677.44,0
2023-05-08 00:00:00,6742.29,6742.29,6742.29,6742.29,0
2023-05-09 00:00:00,6710.83,6710.83,6710.83,6710.83,0
2023-05-10 00:00:00,6731.23,6731.23,6731.23,6731.23,0
2023-05-11 00:00:00,6725.29,6725.29,6725.29,6725.29,0
2023-05-12 00:00:00,6657.34,6657.34,6657.34,6657.34,0
2023-05-15 00:00:00,6723.44,6723.44,6723.44,6723.44,0
2023-05-16 00:00:00,6744.53,6744.53,6744.53,6744.53,0
2023-05-17 00:00:00,6702.78,6702.78,6702.78,6702.78,0
2023-05-18 00:00:00,6621.63,6621.63,6621.63,6621.63,0
2023-05-19 00:00:00,6622.31,6622.31,6622.31,6622.31,0
2023-05-22 00:00:00,6649.83,6649.83,6649.83,6649.83,0
2023-05-23 00:00:00,6691.62,6691.62,6691.62,6691.62,0
2023-05-24 00:00:00,6692.26,6692.26,6692.26,6692.26,0
2023-05-25 00:00:00,6701.59,6701.59,6701.59,6701.59,0
2023-05-26 00:00:00,6743.05,6743.05,6743.05,6743.05,0
2023-05-29 00:00:00,6783.7,6783.7,6783.7,6783.7,0
2023-05-30 00:00:00,6798.96,6798.96,6798.96,6798.96,0
2023-05-31 00:00:00,6760.69,6760.69,6760.69,6760.69,0
2023-06-01 00:00:00,6750.71,6750.71,6750.71,6750.71,0
2023-06-02 00:00:00,6811.71,6811.71,6811.71,6811.71,0
2023-06-05 00:00:00,6811.09,6811.09,6811.09,6811.09,0
2023-06-06 00:00:00,6818.1,6818.1,6818.1,6818.1,0
2023-06-07 00:00:00,6917.88,6917.88,6917.88,6917.88,0
2023-06-08 00:00:00,6879.39,6879.39,6879.39,6879.39,0
2023-06-09 00:00:00,6857.74,6857.74,6857.74,6857.74,0
2023-06-12 00:00:00,6941.56,6941.56,6941.56,6941.56,0
2023-06-13 00:00:00,6975.11,6975.11,6975.11,6975.11,0
2023-06-14 00:00:00,7010.3,7010.3,7010.3,7010.3,0
2023-06-15 00:00:00,6979.61,6979.61,6979.61,6979.61,0
2023-06-16 00:00:00,7005.93,7005.93,7005.93,7005.93,0
2023-06-19 00:00:00,7012.62,7012.62,7012.62,7012.62,0
2023-06-20 00:00:00,7072.2,7072.2,7072.2,7072.2,0
2023-06-21 00:00:00,7134.23,7134.23,7134.23,7134.23,0
2023-06-22 00:00:00,7060.96,7060.96,7060.96,7060.96,0
2023-06-23 00:00:00,6955.58,6955.58,6955.58,6955.58,0
2023-06-26 00:00:00,6975.1,6975.1,6975.1,6975.1,0
2023-06-27 00:00:00,7018.43,7018.43,7018.43,7018.43,0
2023-06-28 00:00:00,7082.74,7082.74,7082.74,7082.74,0
2023-06-30 00:00:00,7128.32,7128.32,7128.32,7128.32,0
2023-07-03 00:00:00,7249.55,7249.55,7249.55,7249.55,0
2023-07-04 00:00:00,7262.89,7262.89,7262.89,7262.89,0
2023-07-05 00:00:00,7334.64,7334.64,7334.64,7334.64,0
2023-07-06 00:00:00,7408.92,7408.92,7408.92,7408.92,0
2023-07-07 00:00:00,7368.96,7368.96,7368.96,7368.96,0
2023-07-10 00:00:00,7358.15,7358.15,7358.15,7358.15,0
2023-07-11 00:00:00,7384.83,7384.83,7384.83,7384.83,0
2023-07-12 00:00:00,7395.19,7395.19,7395.19,7395.19,0
2023-07-13 00:00:00,7311.61,7311.61,7311.61,7311.61,0
2023-07-14 00:00:00,7371.74,7371.74,7371.74,7371.74,0
2023-07-17 00:00:00,7399.02,7399.02,7399.02,7399.02,0
2023-07-18 00:00:00,7355.12,7355.12,7355.12,7355.12,0
2023-07-19 00:00:00,7420.11,7420.11,7420.11,7420.11,0
2023-07-20 00:00:00,7445.19,7445.19,7445.19,7445.19,0
2023-07-21 00:00:00,7454.78,7454.78,7454.78,7454.78,0
2023-07-24 00:00:00,7495.39,7495.39,7495.39,7495.39,0
2023-07-25 00:00:00,7551.66,7551.66,7551.66,7551.66,0
2023-07-26 00:00:00,7607.8,7607.8,7607.8,7607.8,0
2023-07-27 00:00:00,7630.44,7630.44,7630.44,7630.44,0
2023-07-28 00:00:00,7671.44,7671.44,7671.44,7671.44,0
2023-07-31 00:00:00,7776.77,7776.77,7776.77,7776.77,0
2023-08-01 00:00:00,7760.9,7760.9,7760.9,7760.9,0
2023-08-02 00:00:00,7593.84,7593.84,7593.84,7593.84,0
2023-08-03 00:00:00,7545.44,7545.44,7545.44,7545.44,0
2023-08-04 00:00:00,7530.92,7530.92,7530.92,7530.92,0
2023-08-07 00:00:00,7576.32,7576.32,7576.32,7576.32,0
2023-08-08 00:00:00,7596.5,7596.5,7596.5,7596.5,0
2023-08-09 00:00:00,7660.56,7660.56,7660.56,7660.56,0
2023-08-10 00:00:00,7639.29,7639.29,7639.29,7639.29,0
2023-08-11 00:00:00,7610.72,7610.72,7610.72,7610.72,0
2023-08-14 00:00:00,7544.24,7544.24,7544.24,7544.24,0
2023-08-16 00:00:00,7547.53,7547.53,7547.53,7547.53,0
2023-08-17 00:00:00,7573.41,7573.41,7573.41,7573.41,0
2023-08-18 00:00:00,7515.62,7515.62,7515.62,7515.62,0
2023-08-21 00:00:00,7580.33,7580.33,7580.33,7580.33,0
2023-08-22 00:00:00,7593.22,7593.22,7593.22,7593.22,0
2023-08-23 00:00:00,7634.21,7634.21,7634.21,7634.21,0
2023-08-24 00:00:00,7617.21,7617.21,7617.21,7617.21,0
2023-08-25 00:00:00,7549.42,7549.42,7549.42,7549.42,0
2023-08-28 00:00:00,7619.32,7619.32,7619.32,7619.32,0
2023-08-29 00:00:00,7658.13,7658.13,7658.13,7658.13,0
2023-08-30 00:00:00,7648.12,7648.12,7648.12,7648.12,0
2023-08-31 00:00:00,7570.67,7570.67,7570.67,7570.67,0
2023-09-01 00:00:00,7729.41,7729.41,7729.41,7729.41,0
2023-09-04 00:00:00,7872.15,7872.15,7872.15,7872.15,0
2023-09-05 00:00:00,7908.3,7908.3,7908.3,7908.3,0
2023-09-06 00:00:00,7864.07,7864.07,7864.07,7864.07,0
2023-09-07 00:00:00,7957.72,7957.72,7957.72,7957.72,0
2023-09-08 00:00:00,8131.87,8131.87,8131.87,8131.87,0
2023-09-11 00:00:00,8222.45,8222.45,8222.45,8222.45,0
2023-09-12 00:00:00,7943.68,7943.68,7943.68,7943.68,0
2023-09-13 00:00:00,8060.68,8060.68,8060.68,8060.68,0
2023-09-14 00:00:00,8147.66,8147.66,8147.66,8147.66,0
2023-09-15 00:00:00,8124.0,8124.0,8124.0,8124.0,0
2023-09-18 00:00:00,8187.01,8187.01,8187.01,8187.01,0
2023-09-20 00:00:00,8156.68,8156.68,8156.68,8156.68,0
2023-09-21 00:00:00,8089.08,8089.08,8089.08,8089.08,0
2023-09-22 00:00:00,8144.7,8144.7,8144.7,8144.7,0
2023-09-25 00:00:00,8169.76,8169.76,8169.76,8169.76,0
2023-09-26 00:00:00,8145.71,8145.71,8145.71,8145.71,0
2023-09-27 00:00:00,8184.11,8184.11,8184.11,8184.11,0
2023-09-28 00:00:00,8101.5,8101.5,8101.5,8101.5,0
2023-09-29 00:00:00,8287.24,8287.24,8287.24,8287.24,0
2023-10-03 00:00:00,8262.35,8262.35,8262.35,8262.35,0
2023-10-04 00:00:00,8097.36,8097.36,8097.36,8097.36,0
2023-10-05 00:00:00,8078.67,8078.67,8078.67,8078.67,0
2023-10-06 00:00:00,8133.35,8133.35,8133.35,8133.35,0
2023-10-09 00:00:00,8012.92,8012.92,8012.92,8012.92,0
2023-10-10 00:00:00,8166.25,8166.25,8166.25,8166.25,0
2023-10-11 00:00:00,8205.9,8205.9,8205.9,8205.9,0
2023-10-12 00:00:00,8256.07,8256.07,8256.07,8256.07,0
2023-10-13 00:00:00,8239.45,8239.45,8239.45,8239.45,0
2023-10-16 00:00:00,8288.95,8288.95,8288.95,8288.95,0
2023-10-17 00:00:00,8345.83,8345.83,8345.83,8345.83,0
2023-10-18 00:00:00,8260.05,8260.05,8260.05,8260.05,0
2023-10-19 00:00:00,8269.16,8269.16,8269.16,8269.16,0
2023-10-20 00:00:00,8150.71,8150.71,8150.71,8150.71,0
2023-10-23 00:00:00,7964.76,7964.76,7964.76,7964.76,0
2023-10-25 00:00:00,7923.58,7923.58,7923.58,7923.58,0
2023-10-26 00:00:00,7813.24,7813.24,7813.24,7813.24,0
2023-10-27 00:00:00,7960.39,7960.39,7960.39,7960.39,0
2023-10-30 00:00:00,7991.63,7991.63,7991.63,7991.63,0
2023-10-31 00:00:00,8028.41,8028.41,8028.41,8028.41,0
2023-11-01 00:00:00,8001.4,8001.4,8001.4,8001.4,0
2023-11-02 00:00:00,8166.69,8166.69,8166.69,8166.69,0
2023-11-03 00:00:00,8232.33,8232.33,8232.33,8232.33,0
2023-11-06 00:00:00,8298.1,8298.1,8298.1,8298.1,0
2023-11-07 00:00:00,8366.27,8366.27,8366.27,8366.27,0
2023-11-08 00:00:00,8400.63,8400.63,8400.63,8400.63,0
2023-11-09 00:00:00,8443.12,8443.12,8443.12,8443.12,0
2023-11-10 00:00:00,8523.19,8523.19,8523.19,8523.19,0
2023-11-12 00:00:00,8592.22,8592.22,8592.22,8592.22,0
2023-11-13 00:00:00,8669.98,8669.98,8669.98,8669.98,0
2023-11-15 00:00:00,8763.37,8763.37,8763.37,8763.37,0
2023-11-16 00:00:00,8786.55,8786.55,8786.55,8786.55,0
2023-11-17 00:00:00,8756.96,8756.96,8756.96,8756.96,0
2023-11-20 00:00:00,8789.8,8789.8,8789.8,8789.8,0
2023-11-21 00:00:00,8768.55,8768.55,8768.55,8768.55,0
2023-11-22 00:00:00,8762.61,8762.61,8762.61,8762.61,0
2023-11-23 00:00:00,8812.84,8812.84,8812.84,8812.84,0
2023-11-24 00:00:00,8765.86,8765.86,8765.86,8765.86,0
2023-11-28 00:00:00,8923.58,8923.58,8923.58,8923.58,0
2023-11-29 00:00:00,8989.49,8989.49,8989.49,8989.49,0
2023-11-30 00:00:00,9072.15,9072.15,9072.15,9072.15,0
2023-12-01 00:00:00,9251.53,9251.53,9251.53,9251.53,0
2023-12-04 00:00:00,9504.98,9504.98,9504.98,9504.98,0
2023-12-05 00:00:00,9598.03,9598.03,9598.03,9598.03,0
2023-12-06 00:00:00,9635.1,9635.1,9635.1,9635.1,0
2023-12-07 00:00:00,9645.2,9645.2,9645.2,9645.2,0
2023-12-08 00:00:00,9635.54,9635.54,9635.54,9635.54,0
2023-12-11 00:00:00,9686.12,9686.12,9686.12,9686.12,0
2023-12-12 00:00:00,9647.67,9647.67,9647.67,9647.67,0
2023-12-13 00:00:00,9887.66,9887.66,9887.66,9887.66,0
2023-12-14 00:00:00,9966.91,9966.91,9966.91,9966.91,0
2023-12-15 00:00:00,10061.79,10061.79,10061.79,10061.79,0
2023-12-18 00:00:00,10043.41,10043.41,10043.41,10043.41,0
2023-12-19 00:00:00,10085.92,10085.92,10085.92,10085.92,0
2023-12-20 00:00:00,9693.84,9693.84,9693.84,9693.84,0
2023-12-21 00:00:00,9869.81,9869.81,9869.81,9869.81,0
2023-12-22 00:00:00,9919.8,9919.8,9919.8,9919.8,0
2023-12-26 00:00:00,10056.75,10056.75,10056.75,10056.75,0
2023-12-27 00:00:00,10091.86,10091.86,10091.86,10091.86,0
2023-12-28 00:00:00,10296.42,10296.42,10296.42,10296.42,0
2023-12-29 00:00:00,10255.35,10255.35,10255.35,10255.35,0
2024-01-01 00:00:00,10328.21,10328.21,10328.21,10328.21,0
2024-01-02 00:00:00,10321.02,10321.02,10321.02,10321.02,0
2024-01-03 00:00:00,10321.89,10321.89,10321.89,10321.89,0
2024-01-04 00:00:00,10427.92,10427.92,10427.92,10427.92,0
2024-01-05 00:00:00,10414.46,10414.46,10414.46,10414.46,0
2024-01-08 00:00:00,10306.48,10306.48,10306.48,10306.48,0
2024-01-09 00:00:00,10313.1,10313.1,10313.1,10313.1,0
2024-01-10 00:00:00,10258.76,10258.76,10258.76,10258.76,0
2024-01-11 00:00:00,10354.26,10354.26,10354.26,10354.26,0
2024-01-12 00:00:00,10452.1,10452.1,10452.1,10452.1,0
2024-01-15 00:00:00,10543.5,10543.5,10543.5,10543.5,0
2024-01-16 00:00:00,10581.07,10581.07,10581.07,10581.07,0
2024-01-17 00:00:00,10391.29,10391.29,10391.29,10391.29,0
2024-01-18 00:00:00,10365.98,10365.98,10365.98,10365.98,0
2024-01-19 00:00:00,10580.0,10580.0,10580.0,10580.0,0
2024-01-20 00:00:00,10634.81,10634.81,10634.81,10634.81,0
2024-01-23 00:00:00,10224.0,10224.0,10224.0,10224.0,0
2024-01-24 00:00:00,10536.21,10536.21,10536.21,10536.21,0
2024-01-25 00:00:00,10539.54,10539.54,10539.54,10539.54,0
2024-01-29 00:00:00,10883.62,10883.62,10883.62,10883.62,0
2024-01-30 00:00:00,10903.86,10903.86,10903.86,10903.86,0
2024-01-31 00:00:00,11030.11,11030.11,11030.11,11030.11,0
2024-02-01 00:00:00,11046.82,11046.82,11046.82,11046.82,0
2024-02-02 00:00:00,11366.63,11366.63,11366.63,11366.63,0
2024-02-05 00:00:00,11490.72,11490.72,11490.72,11490.72,0
2024-02-06 00:00:00,11687.3,11687.3,11687.3,11687.3,0
2024-02-07 00:00:00,11745.6,11745.6,11745.6,11745.6,0
2024-02-08 00:00:00,11811.76,11811.76,11811.76,11811.76,0
2024-02-09 00:00:00,11641.94,11641.94,11641.94,11641.94,0
2024-02-12 00:00:00,11286.55,11286.55,11286.55,11286.55,0
2024-02-13 00:00:00,11295.81,11295.81,11295.81,11295.81,0
2024-02-14 00:00:00,11646.69,11646.69,11646.69,11646.69,0
2024-02-15 00:00:00,11903.27,11903.27,11903.27,11903.27,0
2024-02-16 00:00:00,11875.2,11875.2,11875.2,11875.2,0
2024-02-19 00:00:00,11843.77,11843.77,11843.77,11843.77,0
2024-02-20 00:00:00,11860.36,11860.36,11860.36,11860.36,0
2024-02-21 00:00:00,11703.32,11703.32,11703.32,11703.32,0
2024-02-22 00:00:00,11780.43,11780.43,11780.43,11780.43,0
2024-02-23 00:00:00,11704.5,11704.5,11704.5,11704.5,0
2024-02-26 00:00:00,11686.91,11686.91,11686.91,11686.91,0
2024-02-27 00:00:00,11605.4,11605.4,11605.4,11605.4,0
2024-02-28 00:00:00,11357.32,11357.32,11357.32,11357.32,0
2024-02-29 00:00:00,11458.52,11458.52,11458.52,11458.52,0
2024-03-01 00:00:00,11764.32,11764.32,11764.32,11764.32,0
2024-03-02 00:00:00,11839.98,11839.98,11839.98,11839.98,0
2024-03-04 00:00:00,11995.44,11995.44,11995.44,11995.44,0
2024-03-05 00:00:00,12071.66,12071.66,12071.66,12071.66,0
2024-03-06 00:00:00,12031.84,12031.84,12031.84,12031.84,0
2024-03-07 00:00:00,12052.83,12052.83,12052.83,12052.83,0
2024-03-11 00:00:00,11916.35,11916.35,11916.35,11916.35,0
2024-03-12 00:00:00,11761.55,11761.55,11761.55,11761.55,0
2024-03-13 00:00:00,11132.71,11132.71,11132.71,11132.71,0
2024-03-14 00:00:00,11313.33,11313.33,11313.33,11313.33,0
2024-03-15 00:00:00,11133.23,11133.23,11133.23,11133.23,0
2024-03-18 00:00:00,11189.43,11189.43,11189.43,11189.43,0
2024-03-19 00:00:00,11001.0,11001.0,11001.0,11001.0,0
2024-03-20 00:00:00,11044.01,11044.01,11044.01,11044.01,0
2024-03-21 00:00:00,11338.52,11338.52,11338.52,11338.52,0
2024-03-22 00:00:00,11424.69,11424.69,11424.69,11424.69,0
2024-03-26 00:00:00,11496.8,11496.8,11496.8,11496.8,0
2024-03-27 00:00:00,11420.3,11420.3,11420.3,11420.3,0
2024-03-28 00:00:00,11579.75,11579.75,11579.75,11579.75,0
2024-04-01 00:00:00,11790.16,11790.16,11790.16,11790.16,0
2024-04-02 00:00:00,11956.6,11956.6,11956.6,11956.6,0
2024-04-03 00:00:00,12059.36,12059.36,12059.36,12059.36,0
2024-04-04 00:00:00,11985.97,11985.97,11985.97,11985.97,0
2024-04-05 00:00:00,12014.65,12014.65,12014.65,12014.65,0
2024-04-08 00:00:00,12097.15,12097.15,12097.15,12097.15,0
2024-04-09 00:00:00,12104.73,12104.73,12104.73,12104.73,0
2024-04-10 00:00:00,12327.17,12327.17,12327.17,12327.17,0
2024-04-12 00:00:00,12214.29,12214.29,12214.29,12214.29,0
2024-04-15 00:00:00,12112.53,12112.53,12112.53,12112.53,0
2024-04-16 00:00:00,12115.53,12115.53,12115.53,12115.53,0
2024-04-18 00:00:00,12069.13,12069.13,12069.13,12069.13,0
2024-04-19 00:00:00,12075.43,12075.43,12075.43,12075.43,0
2024-04-22 00:00:00,12200.1,12200.1,12200.1,12200.1,0
2024-04-23 00:00:00,12201.03,12201.03,12201.03,12201.03,0
2024-04-24 00:00:00,12345.93,12345.93,12345.93,12345.93,0
2024-04-25 00:00:00,12531.99,12531.99,12531.99,12531.99,0
2024-04-26 00:00:00,12581.85,12581.85,12581.85,12581.85,0
2024-04-29 00:00:00,12719.58,12719.58,12719.58,12719.58,0
2024-04-30 00:00:00,12780.34,12780.34,12780.34,12780.34,0
2024-05-02 00:00:00,13024.28,13024.28,13024.28,13024.28,0
2024-05-03 00:00:00,13056.58,13056.58,13056.58,13056.58,0
2024-05-06 00:00:00,12700.67,12700.67,12700.67,12700.67,0
2024-05-07 00:00:00,12396.44,12396.44,12396.44,12396.44,0
2024-05-08 00:00:00,12592.94,12592.94,12592.94,12592.94,0
2024-05-09 00:00:00,12219.78,12219.78,12219.78,12219.78,0
2024-05-10 00:00:00,12384.6,12384.6,12384.6,12384.6,0
2024-05-13 00:00:00,12379.76,12379.76,12379.76,12379.76,0
2024-05-14 00:00:00,12558.19,12558.19,12558.19,12558.19,0
2024-05-15 00:00:00,12723.12,12723.12,12723.12,12723.12,0
2024-05-16 00:00:00,12722.33,12722.33,12722.33,12722.33,0
2024-05-17 00:00:00,12857.02,12857.02,12857.02,12857.02,0
2024-05-18 00:00:00,12937.13,12937.13,12937.13,12937.13,0
2024-05-21 00:00:00,13190.37,13190.37,13190.37,13190.37,0
2024-05-22 00:00:00,13121.55,13121.55,13121.55,13121.55,0
2024-05-23 00:00:00,13147.11,13147.11,13147.11,13147.11,0
2024-05-24 00:00:00,13213.74,13213.74,13213.74,13213.74,0
2024-05-27 00:00:00,13236.58,13236.58,13236.58,13236.58,0
2024-05-28 00:00:00,13138.81,13138.81,13138.81,13138.81,0
2024-05-29 00:00:00,13082.71,13082.71,13082.71,13082.71,0
2024-05-30 00:00:00,12834.4,12834.4,12834.4,12834.4,0
2024-05-31 00:00:00,12904.01,12904.01,12904.01,12904.01,0
2024-06-03 00:00:00,13767.51,13767.51,13767.51,13767.51,0
2024-06-04 00:00:00,11956.6,11956.6,11956.6,11956.6,0
2024-06-05 00:00:00,12439.11,12439.11,12439.11,12439.11,0
2024-06-06 00:00:00,12732.51,12732.51,12732.51,12732.51,0
2024-06-07 00:00:00,12959.78,12959.78,12959.78,12959.78,0
2024-06-10 00:00:00,13016.75,13016.75,13016.75,13016.75,0
2024-06-11 00:00:00,13116.91,13116.91,13116.91,13116.91,0
2024-06-12 00:00:00,13271.22,13271.22,13271.22,13271.22,0
2024-06-13 00:00:00,13332.34,13332.34,13332.34,13332.34,0
2024-06-14 00:00:00,13423.63,13423.63,13423.63,13423.63,0
2024-06-18 00:00:00,13466.06,13466.06,13466.06,13466.06,0
2024-06-19 00:00:00,13284.22,13284.22,13284.22,13284.22,0
2024-06-20 00:00:00,13388.3,13388.3,13388.3,13388.3,0
2024-06-21 00:00:00,13316.68,13316.68,13316.68,13316.68,0
2024-06-24 00:00:00,13320.92,13320.92,13320.92,13320.92,0
2024-06-25 00:00:00,13261.08,13261.08,13261.08,13261.08,0
2024-06-26 00:00:00,13237.18,13237.18,13237.18,13237.18,0
2024-06-27 00:00:00,13320.14,13320.14,13320.14,13320.14,0
2024-06-28 00:00:00,13443.75,13443.75,13443.75,13443.75,0
2024-07-01 00:00:00,13523.97,13523.97,13523.97,13523.97,0
2024-07-02 00:00:00,13437.45,13437.45,13437.45,13437.45,0
2024-07-03 00:00:00,13605.0,13605.0,13605.0,13605.0,0
2024-07-04 00:00:00,13631.94,13631.94,13631.94,13631.94,0
2024-07-05 00:00:00,13771.55,13771.55,13771.55,13771.55,0
2024-07-08 00:00:00,13742.66,13742.66,13742.66,13742.66,0
2024-07-09 00:00:00,13762.29,13762.29,13762.29,13762.29,0
2024-07-10 00:00:00,13729.43,13729.43,13729.43,13729.43,0
2024-07-11 00:00:00,13836.94,13836.94,13836.94,13836.94,0
2024-07-12 00:00:00,13796.8,13796.8,13796.8,13796.8,0
2024-07-15 00:00:00,13991.7,13991.7,13991.7,13991.7,0
2024-07-16 00:00:00,13985.08,13985.08,13985.08,13985.08,0
2024-07-18 00:00:00,13945.17,13945.17,13945.17,13945.17,0
2024-07-19 00:00:00,13537.32,13537.32,13537.32,13537.32,0
2024-07-22 00:00:00,13728.65,13728.65,13728.65,13728.65,0
2024-07-23 00:00:00,13559.03,13559.03,13559.03,13559.03,0
2024-07-24 00:00:00,13667.08,13667.08,13667.08,13667.08,0
2024-07-25 00:00:00,13755.76,13755.76,13755.76,13755.76,0
2024-07-26 00:00:00,14035.6,14035.6,14035.6,14035.6,0
2024-07-29 00:00:00,14186.22,14186.22,14186.22,14186.22,0
2024-07-30 00:00:00,14269.15,14269.15,14269.15,14269.15,0
2024-07-31 00:00:00,14325.58,14325.58,14325.58,14325.58,0
2024-08-01 00:00:00,14308.61,14308.61,14308.61,14308.61,0
2024-08-02 00:00:00,14030.07,14030.07,14030.07,14030.07,0
2024-08-05 00:00:00,13485.43,13485.43,13485.43,13485.43,0
2024-08-06 00:00:00,13354.92,13354.92,13354.92,13354.92,0
2024-08-07 00:00:00,13741.49,13741.49,13741.49,13741.49,0
2024-08-08 00:00:00,13516.01,13516.01,13516.01,13516.01,0
2024-08-09 00:00:00,13671.22,13671.22,13671.22,13671.22,0
2024-08-12 00:00:00,13695.21,13695.21,13695.21,13695.21,0
2024-08-13 00:00:00,13446.45,13446.45,13446.45,13446.45,0
2024-08-14 00:00:00,13331.83,13331.83,13331.83,13331.83,0
2024-08-16 00:00:00,13603.11,13603.11,13603.11,13603.11,0
2024-08-19 00:00:00,13838.19,13838.19,13838.19,13838.19,0
2024-08-20 00:00:00,13995.68,13995.68,13995.68,13995.68,0
2024-08-21 00:00:00,14034.7,14034.7,14034.7,14034.7,0
2024-08-22 00:00:00,14069.72,14069.72,14069.72,14069.72,0
2024-08-23 00:00:00,13992.19,13992.19,13992.19,13992.19,0
2024-08-26 00:00:00,14124.12,14124.12,14124.12,14124.12,0
2024-08-27 00:00:00,14152.44,14152.44,14152.44,14152.44,0
2024-08-28 00:00:00,14116.77,14116.77,14116.77,14116.77,0
2024-08-29 00:00:00,14160.31,14160.31,14160.31,14160.31,0
2024-08-30 00:00:00,14225.24,14225.24,14225.24,14225.24,0
2024-09-02 00:00:00,14184.96,14184.96,14184.96,14184.96,0
2024-09-03 00:00:00,14169.92,14169.92,14169.92,14169.92,0
2024-09-04 00:00:00,14071.35,14071.35,14071.35,14071.35,0
2024-09-05 00:00:00,14127.25,14127.25,14127.25,14127.25,0
2024-09-06 00:00:00,13836.05,13836.05,13836.05,13836.05,0
2024-09-09 00:00:00,13702.72,13702.72,13702.72,13702.72,0
2024-09-10 00:00:00,13700.72,13700.72,13700.72,13700.72,0
2024-09-11 00:00:00,13472.33,13472.33,13472.33,13472.33,0
2024-09-12 00:00:00,13784.85,13784.85,13784.85,13784.85,0
2024-09-13 00:00:00,13808.16,13808.16,13808.16,13808.16,0
2024-09-16 00:00:00,13800.03,13800.03,13800.03,13800.03,0
2024-09-17 00:00:00,13742.47,13742.47,13742.47,13742.47,0
2024-09-18 00:00:00,13710.44,13710.44,13710.44,13710.44,0
2024-09-19 00:00:00,13545.14,13545.14,13545.14,13545.14,0
2024-09-20 00:00:00,13608.06,13608.06,13608.06,13608.06,0
2024-09-23 00:00:00,13824.14,13824.14,13824.14,13824.14,0
2024-09-24 00:00:00,13953.87,13953.87,13953.87,13953.87,0
2024-09-25 00:00:00,14003.96,14003.96,14003.96,14003.96,0
2024-09-26 00:00:00,14179.57,14179.57,14179.57,14179.57,0
2024-09-27 00:00:00,14403.65,14403.65,14403.65,14403.65,0
2024-09-30 00:00:00,14421.6,14421.6,14421.6,14421.6,0
2024-10-01 00:00:00,14416.35,14416.35,14416.35,14416.35,0
2024-10-03 00:00:00,14115.86,14115.86,14115.86,14115.86,0
2024-10-04 00:00:00,13982.51,13982.51,13982.51,13982.51,0
2024-10-07 00:00:00,13584.88,13584.88,13584.88,13584.88,0
2024-10-08 00:00:00,13693.27,13693.27,13693.27,13693.27,0
2024-10-09 00:00:00,13720.79,13720.79,13720.79,13720.79,0
2024-10-10 00:00:00,13756.98,13756.98,13756.98,13756.98,0
2024-10-11 00:00:00,13821.86,13821.86,13821.86,13821.86,0
2024-10-14 00:00:00,13873.94,13873.94,13873.94,13873.94,0
2024-10-15 00:00:00,13877.34,13877.34,13877.34,13877.34,0
2024-10-16 00:00:00,13897.05,13897.05,13897.05,13897.05,0
2024-10-17 00:00:00,13655.25,13655.25,13655.25,13655.25,0
2024-10-18 00:00:00,13793.48,13793.48,13793.48,13793.48,0
2024-10-21 00:00:00,13597.17,13597.17,13597.17,13597.17,0
2024-10-22 00:00:00,13184.13,13184.13,13184.13,13184.13,0
2024-10-23 00:00:00,13131.61,13131.61,13131.61,13131.61,0
2024-10-24 00:00:00,13201.69,13201.69,13201.69,13201.69,0
2024-10-25 00:00:00,12828.16,12828.16,12828.16,12828.16,0
2024-10-28 00:00:00,13049.34,13049.34,13049.34,13049.34,0
2024-10-29 00:00:00,13241.34,13241.34,13241.34,13241.34,0
2024-10-30 00:00:00,13143.07,13143.07,13143.07,13143.07,0
2024-10-31 00:00:00,13111.49,13111.49,13111.49,13111.49,0
2024-11-01 00:00:00,13209.67,13209.67,13209.67,13209.67,0
2024-11-04 00:00:00,12964.73,12964.73,12964.73,12964.73,0
2024-11-05 00:00:00,13180.42,13180.42,13180.42,13180.42,0
2024-11-06 00:00:00,13385.97,13385.97,13385.97,13385.97,0
2024-11-07 00:00:00,13204.36,13204.36,13204.36,13204.36,0
2024-11-08 00:00:00,12994.17,12994.17,12994.17,12994.17,0
2024-11-11 00:00:00,12994.87,12994.87,12994.87,12994.87,0
2024-11-12 00:00:00,12783.42,12783.42,12783.42,12783.42,0
2024-11-13 00:00:00,12531.68,12531.68,12531.68,12531.68,0
2024-11-14 00:00:00,12461.21,12461.21,12461.21,12461.21,0
2024-11-18 00:00:00,12495.99,12495.99,12495.99,12495.99,0
2024-11-19 00:00:00,12499.06,12499.06,12499.06,12499.06,0
2024-11-21 00:00:00,12379.3,12379.3,12379.3,12379.3,0
2024-11-22 00:00:00,12639.98,12639.98,12639.98,12639.98,0
2024-11-25 00:00:00,12920.08,12920.08,12920.08,12920.08,0
2024-11-26 00:00:00,12943.54,12943.54,12943.54,12943.54,0
2024-11-27 00:00:00,12969.85,12969.85,12969.85,12969.85,0
2024-11-28 00:00:00,12933.37,12933.37,12933.37,12933.37,0
2024-11-29 00:00:00,12981.63,12981.63,12981.63,12981.63,0
2024-12-02 00:00:00,13055.47,13055.47,13055.47,13055.47,0
2024-12-03 00:00:00,13235.42,13235.42,13235.42,13235.42,0
2024-12-04 00:00:00,13290.87,13290.87,13290.87,13290.87,0
2024-12-05 00:00:00,13335.11,13335.11,13335.11,13335.11,0
2024-12-06 00:00:00,13438.86,13438.86,13438.86,13438.86,0
2024-12-09 00:00:00,13423.12,13423.12,13423.12,13423.12,0
2024-12-10 00:00:00,13473.18,13473.18,13473.18,13473.18,0
2024-12-11 00:00:00,13503.93,13503.93,13503.93,13503.93,0
2024-12-12 00:00:00,13415.63,13415.63,13415.63,13415.63,0
2024-12-13 00:00:00,13400.94,13400.94,13400.94,13400.94,0
2024-12-16 00:00:00,13396.5,13433.45,13283.9,13338.75,0
2024-12-17 00:00:00,13315.75,13330.2,13069.55,13089.85,0
2024-12-18 00:00:00,13073.05,13100.1,12803.9,12836.65,0
2024-12-19 00:00:00,12605.6,12825.5,12558.75,12782.7,0
2024-12-20 00:00:00,12782.35,12836.7,12469.35,12493.65,0
2024-12-23 00:00:00,12581.65,12703.9,12513.35,12585.75,0
2024-12-24 00:00:00,12578.3,12666.2,12522.8,12548.6,0
2024-12-26 00:00:00,12575.35,12646.25,12522.95,12601.25,0
2024-12-27 00:00:00,12627.5,12650.6,12445.25,12461.05,0
2024-12-30 00:00:00,12466.15,12511.65,12288.2,12325.05,0
2024-12-31 00:00:00,12295.25,12449.15,12290.35,12416.15,0
2025-01-01 00:00:00,12410.8,12454.95,12327.2,12429.35,0
2025-01-02 00:00:00,12438.9,12622.35,12375.05,12609.3,0
2025-01-03 00:00:00,12637.7,12801.35,12609.65,12687.1,0
2025-01-06 00:00:00,12700.4,12704.1,12189.3,12228.45,0
2025-01-07 00:00:00,12281.9,12423.25,12277.0,12309.2,0
2025-01-08 00:00:00,12331.05,12341.3,12170.3,12279.45,0
2025-01-09 00:00:00,12276.4,12277.8,12063.55,12075.35,0
2025-01-10 00:00:00,12072.4,12100.45,11784.75,11804.7,0
2025-01-13 00:00:00,11668.6,11706.25,11358.45,11396.7,0
2025-01-14 00:00:00,11467.05,11818.45,11466.35,11774.1,0
2025-01-15 00:00:00,11873.9,11967.7,11768.15,11825.9,0
2025-01-16 00:00:00,11933.05,12035.8,11930.7,11999.3,0
2025-01-17 00:00:00,11999.35,12113.95,11961.95,12065.75,0
2025-01-20 00:00:00,12098.2,12233.65,12006.05,12201.3,0
2025-01-21 00:00:00,12248.95,12290.85,12056.7,12071.25,0
2025-01-22 00:00:00,12105.3,12118.2,11797.35,11970.25,0
2025-01-23 00:00:00,11955.85,12048.85,11861.45,12003.9,0
2025-01-24 00:00:00,12042.25,12142.0,11818.75,11848.85,0
2025-01-27 00:00:00,11780.8,11785.35,11529.35,11573.1,0
2025-01-28 00:00:00,11653.6,11685.1,11406.3,11542.0,0
2025-01-29 00:00:00,11584.3,11720.75,11535.15,11700.65,0
2025-01-30 00:00:00,11742.3,11879.4,11723.0,11801.05,0
2025-01-31 00:00:00,11818.8,12041.45,11713.7,12022.55,0
2025-02-01 00:00:00,12054.2,12073.7,11648.85,11758.45,0
2025-02-03 00:00:00,11637.1,11642.8,11348.95,11498.6,0
2025-02-04 00:00:00,11613.45,11780.2,11601.0,11773.8,0
2025-02-05 00:00:00,11855.95,12009.35,11848.25,11947.45,0
2025-02-06 00:00:00,12012.05,12023.25,11810.55,11853.15,0
2025-02-07 00:00:00,11838.6,11949.0,11729.6,11873.5,0
2025-02-10 00:00:00,11860.85,11870.15,11596.4,11635.05,0
2025-02-11 00:00:00,11620.65,11644.7,11316.0,11349.35,0
2025-02-12 00:00:00,11353.85,11444.25,11073.85,11377.0,0
2025-02-13 00:00:00,11404.3,11549.3,11368.75,11401.25,0
2025-02-14 00:00:00,11446.8,11499.1,11047.0,11173.45,0
2025-02-17 00:00:00,11142.35,11274.65,10935.25,11260.5,0
2025-02-18 00:00:00,11266.75,11327.0,11060.95,11306.0,0
2025-02-19 00:00:00,11244.6,11451.9,11205.85,11436.25,0
2025-02-20 00:00:00,11395.4,11675.1,11372.7,11659.25,0
2025-02-21 00:00:00,11632.95,11739.2,11537.0,11597.5,0
2025-02-24 00:00:00,11475.05,11540.1,11418.2,11448.7,0
2025-02-25 00:00:00,11458.1,11482.5,11274.7,11284.4,0
2025-02-27 00:00:00,11290.1,11325.45,11174.6,11248.35,0
2025-02-28 00:00:00,11199.95,11199.95,10928.05,11022.55,0
2025-03-03 00:00:00,11068.85,11142.75,10874.7,11112.75,0
2025-03-04 00:00:00,10986.15,11265.2,10895.2,11234.5,0
2025-03-05 00:00:00,11221.05,11570.7,11220.6,11562.3,0
2025-03-06 00:00:00,11695.3,11833.25,11647.85,11804.6,0
2025-03-07 00:00:00,11785.15,11852.9,11696.55,11744.95,0
2025-03-10 00:00:00,11740.15,11861.4,11555.65,11574.0,0
2025-03-11 00:00:00,11470.3,11699.3,11410.65,11675.85,0
2025-03-12 00:00:00,11728.0,11813.05,11523.8,11635.2,0
2025-03-13 00:00:00,11687.8,11715.25,11570.85,11585.45,0
2025-03-17 00:00:00,11616.55,11693.5,11575.9,11639.1,0
2025-03-18 00:00:00,11712.2,11861.65,11677.25,11853.05,0
2025-03-19 00:00:00,11916.6,12067.95,11890.45,12052.1,0
2025-03-20 00:00:00,12152.4,12183.3,12019.7,12146.3,0
2025-03-21 00:00:00,12163.05,12388.3,12149.0,12315.8,0
2025-03-24 00:00:00,12436.9,12607.8,12392.9,12571.5,0
2025-03-25 00:00:00,12624.05,12641.15,12380.9,12442.75,0
2025-03-26 00:00:00,12446.35,12541.5,12277.0,12288.85,0
2025-03-27 00:00:00,12257.75,12505.25,12238.0,12482.35,0
2025-03-28 00:00:00,12494.85,12578.75,12363.35,12398.7,0
2025-04-01 00:00:00,12302.7,12494.0,12296.2,12364.05,0
2025-04-02 00:00:00,12382.25,12443.45,12219.65,12431.25,0
2025-04-03 00:00:00,12331.3,12537.95,12326.55,12494.55,0
2025-04-04 00:00:00,12506.55,12513.35,11988.5,12038.95,0
2025-04-07 00:00:00,11272.85,11679.7,11272.0,11624.75,0
2025-04-08 00:00:00,11853.35,11951.75,11672.05,11865.7,0
2025-04-09 00:00:00,11863.75,11863.75,11656.15,11734.45,0
2025-04-11 00:00:00,12001.7,12076.3,11907.2,12032.5,0
2025-04-15 00:00:00,12240.9,12313.95,12153.35,12292.8,0
2025-04-16 00:00:00,12292.85,12440.1,12254.55,12427.75,0
2025-04-17 00:00:00,12406.05,12550.85,12335.8,12519.25,0
2025-04-21 00:00:00,12577.4,12817.0,12541.9,12788.65,0
2025-04-22 00:00:00,12848.1,12877.15,12759.35,12776.85,0
2025-04-23 00:00:00,12838.15,12856.0,12588.25,12769.5,0
2025-04-24 00:00:00,12761.5,12852.5,12737.95,12780.75,0
2025-04-25 00:00:00,12793.75,12855.65,12399.3,12472.9,0
2025-04-28 00:00:00,12425.25,12716.9,12423.1,12669.4,0
2025-04-29 00:00:00,12716.65,12799.95,12579.4,12594.45,0
2025-04-30 00:00:00,12611.75,12671.65,12425.4,12489.2,0
2025-05-02 00:00:00,12488.8,12680.9,12423.9,12494.2,0
2025-05-05 00:00:00,12541.75,12679.85,12527.55,12647.05,0
2025-05-06 00:00:00,12675.1,12688.7,12299.2,12330.6,0
2025-05-07 00:00:00,12184.15,12462.7,12183.75,12439.7,0
2025-05-08 00:00:00,12460.4,12523.35,12124.1,12197.3,0
2025-05-09 00:00:00,11973.8,12191.95,11969.8,12170.45,0
2025-05-12 00:00:00,12476.15,12654.6,12457.0,12645.95,0
2025-05-13 00:00:00,12628.8,12698.05,12531.9,12559.35,0
2025-05-14 00:00:00,12614.0,12759.65,12604.0,12703.0,0
2025-05-15 00:00:00,12732.95,12842.4,12660.65,12825.05,0
2025-05-16 00:00:00,12840.8,12909.7,12819.25,12865.4,0
2025-05-19 00:00:00,12898.8,12963.7,12842.6,12894.75,0
2025-05-20 00:00:00,12965.85,12983.65,12759.8,12776.45,0
2025-05-21 00:00:00,12797.35,12872.15,12713.65,12863.65,0
2025-05-22 00:00:00,12836.7,12844.55,12646.75,12753.35,0
2025-05-23 00:00:00,12779.9,12876.6,12769.55,12848.2,0
2025-05-26 00:00:00,12907.05,12969.7,12878.8,12911.1,0
2025-05-27 00:00:00,12917.05,12927.5,12784.15,12866.45,0
2025-05-28 00:00:00,12875.9,12897.6,12839.05,12868.75,0
2025-05-29 00:00:00,12913.65,12929.4,12821.65,12871.3,0
2025-05-30 00:00:00,12858.55,12908.6,12722.75,12803.55,0
2025-06-02 00:00:00,12795.0,12890.55,12743.5,12865.1,0
2025-06-03 00:00:00,12906.75,12945.55,12776.85,12792.2,0
2025-06-04 00:00:00,12818.4,12852.7,12713.1,12821.25,0
2025-06-05 00:00:00,12860.95,12899.05,12771.9,12817.15,0
2025-06-06 00:00:00,12846.7,13007.15,12807.1,12999.4,0
2025-06-09 00:00:00,13078.3,13184.65,13058.8,13167.95,0
2025-06-10 00:00:00,13245.3,13253.55,13166.3,13178.1,0
2025-06-11 00:00:00,13207.85,13308.75,13165.75,13207.6,0
2025-06-12 00:00:00,13213.6,13216.9,12916.1,12938.0,0
2025-06-13 00:00:00,12656.5,12834.15,12623.45,12816.55,0
2025-06-16 00:00:00,12824.05,12945.0,12712.0,12935.25,0
2025-06-17 00:00:00,12933.25,12989.4,12810.6,12825.2,0
2025-06-18 00:00:00,12812.05,12862.95,12724.15,12773.35,0
2025-06-19 00:00:00,12762.85,12773.65,12561.35,12593.0,0
2025-06-20 00:00:00,12604.15,12824.15,12603.75,12768.0,0
2025-06-23 00:00:00,12673.95,12841.85,12656.3,12796.8,0
2025-06-24 00:00:00,12959.85,13009.15,12885.45,12914.4,0
2025-06-25 00:00:00,12983.55,12999.2,12909.1,12935.65,0
2025-06-26 00:00:00,12964.6,13175.9,12947.15,13162.5,0
2025-06-27 00:00:00,13215.55,13292.55,13204.2,13242.8,0
2025-06-30 00:00:00,13288.2,13350.45,13273.15,13310.75,0
2025-07-01 00:00:00,13329.7,13334.8,13207.6,13314.4,0
2025-07-02 00:00:00,13333.6,13355.3,13209.5,13279.35,0
2025-07-03 00:00:00,13306.15,13343.95,13221.8,13236.7,0
2025-07-04 00:00:00,13262.6,13298.0,13205.6,13290.1,0
2025-07-07 00:00:00,13296.4,13340.15,13241.65,13273.05,0
2025-07-08 00:00:00,13280.05,13343.25,13245.0,13314.1,0
2025-07-09 00:00:00,13322.8,13327.65,13168.8,13197.8,0
2025-07-10 00:00:00,13242.75,13281.3,13172.0,13199.65,0
2025-07-11 00:00:00,13214.55,13236.8,13116.55,13145.6,0
2025-07-14 00:00:00,13154.1,13246.75,13114.75,13182.05,0
2025-07-15 00:00:00,13215.25,13279.65,13197.15,13257.2,0
2025-07-16 00:00:00,13252.45,13308.25,13215.5,13290.7,0
2025-07-17 00:00:00,13322.5,13332.6,13252.45,13267.15,0
2025-07-18 00:00:00,13280.75,13335.95,13193.8,13219.1,0
2025-07-21 00:00:00,13229.05,13252.6,13140.4,13230.5,0
2025-07-22 00:00:00,13266.25,13280.4,13148.85,13158.9,0
2025-07-23 00:00:00,13187.1,13249.7,13126.05,13241.5,0
2025-07-24 00:00:00,13257.6,13276.2,13142.4,13247.45,0
2025-07-25 00:00:00,13227.8,13235.8,12972.85,12999.65,0
2025-07-28 00:00:00,12986.1,13088.65,12898.5,12910.5,0
2025-07-29 00:00:00,12871.65,13013.45,12861.85,12994.75,0
2025-07-30 00:00:00,12995.1,13057.5,12929.85,12954.05,0
2025-07-31 00:00:00,12809.5,12915.15,12771.25,12814.7,0
2025-08-01 00:00:00,12797.0,12806.6,12564.35,12585.05,0
2025-08-04 00:00:00,12600.3,12773.3,12581.45,12761.35,0
2025-08-05 00:00:00,12781.25,12815.95,12690.25,12757.65,0
2025-08-06 00:00:00,12777.95,12798.25,12678.2,12734.95,0
2025-08-07 00:00:00,12683.35,12739.2,12537.15,12718.4,0
2025-08-08 00:00:00,12720.75,12770.0,12631.15,12652.1,0
2025-08-11 00:00:00,12688.05,12793.45,12660.15,12780.25,0
2025-08-12 00:00:00,12773.55,12858.0,12770.65,12799.2,0
2025-08-13 00:00:00,12852.35,12906.3,12811.75,12862.25,0
2025-08-14 00:00:00,12877.9,12898.65,12746.9,12767.1,0
2025-08-18 00:00:00,12887.8,12890.9,12791.95,12830.75,0
2025-08-19 00:00:00,12853.95,12924.35,12793.45,12918.95,0
2025-08-20 00:00:00,12906.8,12939.75,12883.75,12907.45,0
2025-08-21 00:00:00,12922.6,12951.05,12863.75,12870.65,0
2025-08-22 00:00:00,12870.6,12875.0,12741.25,12749.1,0
2025-08-25 00:00:00,12784.35,12817.5,12770.7,12786.25,0
2025-08-26 00:00:00,12761.2,12781.7,12545.1,12560.2,0
2025-08-28 00:00:00,12556.1,12568.85,12431.95,12443.6,0
2025-08-29 00:00:00,12433.55,12495.9,12363.8,12405.55,0
2025-09-01 00:00:00,12427.05,12622.6,12427.05,12616.25,0
2025-09-02 00:00:00,12641.55,12763.6,12588.4,12679.0,0
2025-09-03 00:00:00,12702.65,12830.8,12699.9,12821.85,0
2025-09-04 00:00:00,12898.1,12902.8,12696.6,12709.1,0
2025-09-05 00:00:00,12726.4,12781.05,12663.45,12750.6,0
2025-09-08 00:00:00,12779.1,12852.6,12750.5,12759.7,0
2025-09-09 00:00:00,12784.1,12805.9,12721.65,12732.45,0
2025-09-10 00:00:00,12775.9,12871.25,12772.9,12834.7,0
2025-09-11 00:00:00,12848.4,12991.0,12847.75,12947.35,0
2025-09-12 00:00:00,12988.4,13008.15,12913.55,12965.0,0
2025-09-15 00:00:00,12972.95,13041.95,12952.95,12992.3,0
2025-09-16 00:00:00,13018.15,13084.6,12985.5,13074.75,0
2025-09-17 00:00:00,13119.65,13180.65,13085.85,13168.1,0
2025-09-18 00:00:00,13190.6,13205.1,13114.7,13186.15,0
2025-09-19 00:00:00,13195.95,13268.6,13184.1,13244.8,0
2025-09-22 00:00:00,13236.4,13310.7,13171.1,13211.7,0
2025-09-23 00:00:00,13224.6,13334.45,13168.0,13292.3,0
2025-09-24 00:00:00,13299.75,13358.8,13234.95,13249.15,0
2025-09-25 00:00:00,13257.7,13317.95,13165.05,13180.55,0
2025-09-26 00:00:00,13171.35,13188.4,12945.7,12976.5,0
2025-09-29 00:00:00,13013.3,13227.45,13003.75,13172.45,0
2025-09-30 00:00:00,13212.25,13303.5,13206.55,13283.9,0
2025-10-01 00:00:00,13297.05,13385.7,13257.3,13309.9,0
2025-10-03 00:00:00,13340.8,13454.35,13324.5,13444.7,0
2025-10-06 00:00:00,13442.75,13495.7,13387.9,13469.35,0
2025-10-07 00:00:00,13486.65,13549.2,13461.0,13481.8,0
2025-10-08 00:00:00,13502.9,13508.4,13378.9,13404.35,0
2025-10-09 00:00:00,13434.35,13533.3,13390.4,13517.55,0
2025-10-10 00:00:00,13525.9,13606.1,13499.65,13547.25,0
2025-10-13 00:00:00,13504.65,13548.05,13434.1,13536.25,0
2025-10-14 00:00:00,13569.0,13607.25,13362.95,13399.7,0
2025-10-15 00:00:00,13427.8,13584.45,13418.95,13543.0,0
2025-10-16 00:00:00,13573.05,13593.7,13510.25,13562.85,0
2025-10-17 00:00:00,13565.4,13567.95,13402.55,13485.2,0
2025-10-20 00:00:00,13538.85,13687.15,13534.3,13638.05,0
2025-10-21 00:00:00,13691.15,13704.55,13640.95,13655.65,0
2025-10-23 00:00:00,13703.6,13726.8,13625.65,13655.3,0
2025-10-24 00:00:00,13685.4,13768.05,13633.5,13674.0,0
2025-10-27 00:00:00,13740.8,13935.85,13725.25,13902.25,0
2025-10-28 00:00:00,13930.3,14002.9,13880.3,13941.4,0
2025-10-29 00:00:00,13986.75,14207.75,13980.95,14188.5,0
2025-10-30 00:00:00,14197.45,14214.85,14090.85,14150.3,0
2025-10-31 00:00:00,14148.8,14230.25,14101.15,14141.15,0
2025-11-03 00:00:00,14208.4,14354.25,14198.55,14322.1,0
2025-11-04 00:00:00,14313.1,14340.45,14204.1,14219.85,0
2025-11-06 00:00:00,14204.95,14204.95,13976.85,13994.1,0
2025-11-07 00:00:00,13944.7,14179.25,13884.6,14127.9,0
2025-11-10 00:00:00,14134.9,14225.05,14129.85,14141.55,0
2025-11-11 00:00:00,14163.55,14215.7,14003.85,14207.65,0
2025-11-12 00:00:00,14262.75,14329.9,14227.6,14254.85,0
2025-11-13 00:00:00,14304.0,14330.75,14225.45,14238.7,0
2025-11-14 00:00:00,14221.4,14305.6,14160.3,14232.45,0
2025-11-17 00:00:00,14265.15,14372.85,14261.4,14316.5,0
2025-11-18 00:00:00,14327.4,14327.4,14208.55,14235.9,0
2025-11-19 00:00:00,14243.95,14252.2,14176.3,14218.2,0
2025-11-20 00:00:00,14278.5,14283.6,14168.5,14187.95,0
2025-11-21 00:00:00,14152.25,14161.2,14035.85,14050.0,0
2025-11-24 00:00:00,14062.35,14099.85,13922.55,13940.85,0
2025-11-25 00:00:00,13941.8,14019.9,13915.75,13990.65,0
2025-11-26 00:00:00,14025.15,14214.4,14017.55,14196.4,0
2025-11-27 00:00:00,14239.9,14255.85,14115.85,14172.15,0
2025-11-28 00:00:00,14165.95,14178.85,14103.35,14112.2,0
2025-12-01 00:00:00,14185.95,14207.65,14075.9,14121.05,0
2025-12-02 00:00:00,14121.1,14213.0,14086.3,14110.7,0
2025-12-03 00:00:00,14137.9,14141.7,13881.45,13945.25,0
2025-12-04 00:00:00,13964.05,14044.05,13925.25,13964.15,0
2025-12-05 00:00:00,13963.55,14075.45,13904.55,14054.3,0
2025-12-08 00:00:00,14061.0,14068.25,13740.65,13792.55,0
2025-12-09 00:00:00,13753.85,13890.1,13631.25,13848.75,0
2025-12-10 00:00:00,13871.0,13953.25,13824.0,13849.6,0
2025-12-11 00:00:00,13883.1,13927.25,13817.3,13904.8,0
2025-12-12 00:00:00,13961.1,14079.3,13944.05,14067.75,0
2025-12-15 00:00:00,14056.45,14134.25,13978.2,14121.55,0
2025-12-16 00:00:00,14109.5,14118.8,13949.9,14026.3,0
2025-12-17 00:00:00,14059.3,14144.9,14043.2,14104.2,0
2025-12-18 00:00:00,14103.55,14139.4,13998.8,14088.55,0
2025-12-19 00:00:00,14108.35,14195.6,14054.7,14183.6,0
2025-12-22 00:00:00,14226.95,14348.4,14216.05,14310.9,0
2025-12-23 00:00:00,14343.45,14427.65,14327.55,14398.25,0
2025-12-24 00:00:00,14435.1,14481.05,14355.5,14371.2,0
2025-12-26 00:00:00,14376.75,14409.5,14339.15,14363.65,0
2025-12-29 00:00:00,14389.1,14447.45,14324.1,14362.65,0
2025-12-30 00:00:00,14369.0,14508.45,14333.25,14474.4,0
2025-12-31 00:00:00,14517.35,14737.75,14501.2,14708.9,0
2026-01-01 00:00:00,14739.1,14811.75,14699.95,14802.65,0
2026-01-02 00:00:00,14841.3,15073.7,14834.0,15055.55,0
2026-01-05 00:00:00,15116.1,15171.15,14956.95,15042.1,0
2026-01-06 00:00:00,15040.75,15097.25,14974.6,15033.85,0
2026-01-07 00:00:00,15039.5,15050.1,14919.8,14969.0,0
2026-01-08 00:00:00,14951.2,14959.55,14567.05,14602.05,0
2026-01-09 00:00:00,14573.75,14722.3,14469.8,14531.25,0
2026-01-12 00:00:00,14555.1,14719.7,14425.1,14702.3,0
2026-01-13 00:00:00,14759.6,14780.65,14624.35,14741.95,0
2026-01-14 00:00:00,14754.0,15019.9,14718.0,14988.65,0
2026-01-16 00:00:00,15025.0,15173.55,15010.8,15081.4,0
2026-01-19 00:00:00,15056.85,15103.85,14988.3,15014.85,0
2026-01-20 00:00:00,15014.85,15072.15,14681.45,14711.5,0
2026-01-21 00:00:00,14678.95,14804.25,14524.75,14685.5,0
2026-01-22 00:00:00,14794.45,14967.0,14794.45,14900.8,0
2026-01-23 00:00:00,14961.2,15015.25,14691.2,14715.3,0
2026-01-27 00:00:00,14830.6,14985.75,14717.2,14938.7,0
2026-01-28 00:00:00,15008.6,15357.65,15000.2,15339.95,0
2026-01-29 00:00:00,15394.25,15546.0,15349.0,15526.4,0
2026-01-30 00:00:00,15444.75,15444.9,15127.45,15205.6,0
2026-02-01 00:00:00,15073.7,15186.1,14547.0,14720.4,0
2026-02-02 00:00:00,14717.4,15000.75,14552.5,14961.4,0
2026-02-03 00:00:00,15513.55,15584.45,15116.85,15290.6,0
2026-02-04 00:00:00,15335.45,15588.9,15280.2,15571.05,0
2026-02-05 00:00:00,15550.7,15617.5,15427.05,15531.15,0
2026-02-06 00:00:00,15468.8,15552.45,15378.65,15540.85,0
2026-02-09 00:00:00,15693.85,15744.9,15607.9,15708.3,0
2026-02-10 00:00:00,15746.55,15802.65,15669.0,15775.6,0
2026-02-11 00:00:00,15814.15,15850.45,15691.1,15843.35,0
2026-02-12 00:00:00,15853.45,15871.35,15686.2,15773.8,0
2026-02-13 00:00:00,15624.3,15625.9,15456.35,15485.9,0
2026-02-16 00:00:00,15424.0,15701.75,15381.35,15691.35,0
2026-02-17 00:00:00,15664.05,15756.75,15576.0,15748.85,0
2026-02-18 00:00:00,15768.6,15900.55,15756.25,15880.4,0
2026-02-19 00:00:00,15912.9,15931.4,15626.95,15681.65,0
2026-02-20 00:00:00,15672.65,15879.9,15666.15,15844.1,0
2026-02-23 00:00:00,15944.95,15954.1,15811.35,15894.95,0
2026-02-24 00:00:00,15868.35,16048.5,15829.9,16015.05,0
2026-02-25 00:00:00,16083.8,16217.25,16054.75,16170.55,0
2026-02-26 00:00:00,16200.3,16288.3,16104.05,16272.95,0
2026-02-27 00:00:00,16259.55,16259.55,16084.05,16116.65,0
2026-03-02 00:00:00,15647.3,15996.3,15626.9,15885.6,0
2026-03-04 00:00:00,15664.5,15671.45,15294.4,15365.1,0
2026-03-05 00:00:00,15451.35,15696.25,15446.1,15633.05,0
2026-03-06 00:00:00,15624.05,15658.15,15454.15,15478.55,0
2026-03-09 00:00:00,15105.5,15120.3,14798.0,14995.8,0
2026-03-10 00:00:00,15215.65,15285.7,15019.3,15252.65,0
2026-03-11 00:00:00,15284.1,15390.65,15120.75,15148.7,0
2026-03-12 00:00:00,15052.5,15330.05,14854.0,15215.7,0
2026-03-13 00:00:00,15163.2,15167.0,14721.2,14756.1,0
2026-03-16 00:00:00,14700.7,14789.0,14491.9,14678.55,0
2026-03-17 00:00:00,14732.05,14863.2,14606.35,14828.35,0
2026-03-18 00:00:00,14874.25,14962.25,14828.75,14915.45,0
2026-03-19 00:00:00,14674.1,14735.9,14417.75,14474.85,0
2026-03-20 00:00:00,14576.3,14882.8,14576.05,14614.3,0
2026-03-23 00:00:00,14415.0,14426.65,14042.35,14082.45,0
2026-03-24 00:00:00,14393.2,14394.2,14087.8,14268.25,0
2026-03-25 00:00:00,14415.8,14608.6,14412.7,14535.95,0
2026-03-27 00:00:00,14486.45,14499.55,14275.75,14289.35,0
2026-03-30 00:00:00,14152.85,14341.1,14014.9,14041.3,0
2026-04-01 00:00:00,14479.65,14480.95,14264.85,14316.65,0
2026-04-02 00:00:00,14143.75,14324.35,13870.65,14284.25,0
2026-04-06 00:00:00,14299.55,14490.0,14172.85,14472.15,0
2026-04-07 00:00:00,14412.1,14580.1,14334.35,14562.1,0
2026-04-08 00:00:00,14999.85,15092.55,14937.95,15070.3,0
2026-04-09 00:00:00,15066.0,15213.8,14972.25,15108.0,0
2026-04-10 00:00:00,15219.2,15339.7,15151.0,15247.25,0
2026-04-13 00:00:00,14930.3,15191.2,14892.05,15173.85,0
2026-04-15 00:00:00,15412.95,15496.9,15384.15,15463.4,0
2026-04-16 00:00:00,15559.0,15610.85,15471.55,15529.9,0
2026-04-17 00:00:00,15534.95,15709.0,15473.85,15675.15,0
2026-04-20 00:00:00,15660.85,15812.2,15505.85,15718.4,0
2026-04-21 00:00:00,15776.25,15860.15,15749.6,15764.75,0
2026-04-22 00:00:00,15749.45,15873.2,15705.85,15823.9,0
2026-04-23 00:00:00,15778.85,15807.1,15609.8,15636.65,0
2026-04-24 00:00:00,15645.4,15687.15,15485.9,15586.25,0
2026-04-27 00:00:00,15670.45,15776.15,15663.5,15749.8,0
2026-04-28 00:00:00,15711.9,15846.35,15680.7,15745.85,0
2026-04-29 00:00:00,15801.65,15902.15,15653.15,15743.35,0
2026-04-30 00:00:00,15686.45,15686.45,15444.35,15509.35,0
2026-05-04 00:00:00,15554.2,15694.75,15503.2,15542.7,0
2026-05-05 00:00:00,15518.1,15581.85,15397.4,15541.95,0
2026-05-06 00:00:00,15688.1,15817.2,15574.2,15780.55,0
2026-05-07 00:00:00,15838.15,15865.6,15736.5,15771.15,0
2026-05-08 00:00:00,15727.2,15731.0,15563.15,15594.55,0
2026-05-11 00:00:00,15507.4,15511.15,15346.9,15360.95,0
2026-05-12 00:00:00,15323.8,15455.3,15218.75,15234.4,0
2026-05-13 00:00:00,15262.9,15494.6,15190.25,15427.55,0
2026-05-14 00:00:00,15547.7,15601.4,15381.95,15533.55,0
2026-05-15 00:00:00,15580.9,15583.1,15363.2,15383.85,0
2026-05-18 00:00:00,15240.5,15242.3,15039.3,15155.9,0
2026-05-19 00:00:00,15182.6,15285.2,15138.4,15227.2,0
