date,open,high,low,close,volume
2022-08-29 09:15:00,7996.1,8134.55,7996.1,8121.65,0
2022-08-29 10:15:00,8121.8,8180.65,8117.0,8161.65,0
2022-08-29 11:15:00,8161.75,8181.65,8158.2,8169.75,0
2022-08-29 12:15:00,8170.45,8189.05,8158.5,8174.4,0
2022-08-29 13:15:00,8174.05,8207.5,8164.3,8194.1,0
2022-08-29 14:15:00,8194.2,8195.55,8134.5,8158.9,0
2022-08-29 15:15:00,8158.9,8182.45,8157.6,8179.4,0
2022-08-30 09:15:00,8220.7,8294.1,8215.05,8266.25,0
2022-08-30 10:15:00,8267.0,8275.9,8247.45,8270.15,0
2022-08-30 11:15:00,8270.35,8295.35,8260.85,8293.9,0
2022-08-30 12:15:00,8293.9,8301.7,8286.5,8294.6,0
2022-08-30 13:15:00,8294.6,8307.85,8291.5,8302.25,0
2022-08-30 14:15:00,8301.85,8381.5,8294.2,8378.9,0
2022-08-30 15:15:00,8378.7,8391.4,8351.65,8351.65,0
2022-09-01 09:15:00,8226.5,8259.35,8208.45,8256.85,0
2022-09-01 10:15:00,8257.85,8278.95,8245.5,8250.9,0
2022-09-01 11:15:00,8251.15,8263.9,8234.55,8245.6,0
2022-09-01 12:15:00,8245.2,8245.9,8208.0,8218.1,0
2022-09-01 13:15:00,8218.0,8228.25,8190.9,8210.95,0
2022-09-01 14:15:00,8210.65,8252.7,8198.4,8208.2,0
2022-09-01 15:15:00,8209.45,8214.05,8181.0,8210.8,0
2022-09-02 09:15:00,8229.8,8268.05,8168.2,8195.05,0
2022-09-02 10:15:00,8196.1,8224.5,8181.05,8211.35,0
2022-09-02 11:15:00,8211.1,8216.65,8176.9,8197.8,0
2022-09-02 12:15:00,8197.8,8206.75,8186.0,8189.5,0
2022-09-02 13:15:00,8189.6,8200.85,8181.05,8196.9,0
2022-09-02 14:15:00,8196.4,8208.3,8119.35,8132.55,0
2022-09-02 15:15:00,8133.9,8135.35,8088.05,8104.65,0
2022-09-05 09:15:00,8112.7,8156.1,8112.7,8136.65,0
2022-09-05 10:15:00,8137.0,8142.45,8105.15,8121.3,0
2022-09-05 11:15:00,8120.45,8145.75,8110.0,8143.15,0
2022-09-05 12:15:00,8142.25,8160.6,8138.75,8142.35,0
2022-09-05 13:15:00,8142.8,8147.0,8120.7,8142.85,0
2022-09-05 14:15:00,8142.8,8143.05,8118.85,8121.15,0
2022-09-05 15:15:00,8121.1,8127.25,8107.9,8122.1,0
2022-09-06 09:15:00,8156.1,8189.5,8137.3,8142.55,0
2022-09-06 10:15:00,8142.0,8166.0,8126.8,8166.0,0
2022-09-06 11:15:00,8166.35,8195.2,8156.65,8189.55,0
2022-09-06 12:15:00,8188.95,8204.65,8185.15,8192.85,0
2022-09-06 13:15:00,8193.1,8224.1,8191.5,8210.85,0
2022-09-06 14:15:00,8211.9,8224.0,8188.0,8204.1,0
2022-09-06 15:15:00,8203.75,8232.3,8203.75,8219.9,0
2022-09-07 09:15:00,8183.85,8229.3,8167.5,8213.95,0
2022-09-07 10:15:00,8213.25,8215.45,8191.15,8194.9,0
2022-09-07 11:15:00,8194.3,8229.5,8188.75,8226.1,0
2022-09-07 12:15:00,8225.95,8231.85,8217.85,8221.85,0
2022-09-07 13:15:00,8222.3,8239.3,8213.05,8233.7,0
2022-09-07 14:15:00,8233.9,8240.85,8213.75,8222.85,0
2022-09-07 15:15:00,8224.3,8237.2,8216.9,8222.85,0
2022-09-08 09:15:00,8255.9,8297.75,8255.9,8268.05,0
2022-09-08 10:15:00,8268.95,8278.8,8239.45,8241.85,0
2022-09-08 11:15:00,8242.15,8248.7,8226.8,8241.25,0
2022-09-08 12:15:00,8241.95,8247.7,8212.35,8225.55,0
2022-09-08 13:15:00,8225.5,8233.25,8214.4,8226.55,0
2022-09-08 14:15:00,8225.65,8257.6,8224.6,8252.95,0
2022-09-08 15:15:00,8253.45,8254.95,8234.7,8242.8,0
2022-09-09 09:15:00,8309.75,8309.75,8269.3,8292.05,0
2022-09-09 10:15:00,8291.15,8297.35,8273.65,8290.85,0
2022-09-09 11:15:00,8291.1,8291.25,8253.85,8254.35,0
2022-09-09 12:15:00,8253.9,8277.0,8252.3,8262.2,0
2022-09-09 13:15:00,8262.45,8273.0,8238.45,8261.1,0
2022-09-09 14:15:00,8261.1,8284.9,8249.0,8252.1,0
2022-09-09 15:15:00,8251.75,8253.05,8231.85,8242.95,0
2022-09-12 09:15:00,8280.15,8304.55,8276.6,8298.2,0
2022-09-12 10:15:00,8299.75,8299.95,8278.9,8288.35,0
2022-09-12 11:15:00,8288.7,8301.2,8282.95,8295.05,0
2022-09-12 12:15:00,8294.55,8294.8,8275.75,8283.45,0
2022-09-12 13:15:00,8283.75,8316.55,8282.15,8316.15,0
2022-09-12 14:15:00,8316.2,8323.25,8294.35,8304.2,0
2022-09-12 15:15:00,8302.45,8304.45,8289.35,8299.85,0
2022-09-13 09:15:00,8342.95,8351.3,8306.95,8311.6,0
2022-09-13 10:15:00,8311.3,8316.8,8294.6,8307.0,0
2022-09-13 11:15:00,8306.1,8322.4,8299.75,8311.55,0
2022-09-13 12:15:00,8311.9,8319.1,8308.2,8312.05,0
2022-09-13 13:15:00,8312.1,8321.75,8306.55,8312.3,0
2022-09-13 14:15:00,8312.15,8314.35,8292.2,8299.45,0
2022-09-13 15:15:00,8299.3,8301.6,8282.15,8298.55,0
2022-09-14 09:15:00,8198.9,8271.75,8188.6,8232.15,0
2022-09-14 10:15:00,8231.0,8242.3,8224.0,8237.1,0
2022-09-14 11:15:00,8236.15,8254.9,8233.75,8248.35,0
2022-09-14 12:15:00,8248.4,8265.9,8247.75,8264.0,0
2022-09-14 13:15:00,8264.3,8267.15,8238.75,8256.1,0
2022-09-14 14:15:00,8256.15,8261.85,8214.7,8215.55,0
2022-09-14 15:15:00,8214.4,8228.9,8213.35,8226.2,0
2022-09-15 09:15:00,8228.65,8273.85,8219.75,8230.45,0
2022-09-15 10:15:00,8230.6,8250.55,8196.15,8213.45,0
2022-09-15 11:15:00,8213.9,8248.55,8198.85,8236.65,0
2022-09-15 12:15:00,8236.8,8273.0,8227.75,8255.45,0
2022-09-15 13:15:00,8255.8,8257.35,8227.85,8250.0,0
2022-09-15 14:15:00,8250.0,8270.1,8193.5,8193.9,0
2022-09-15 15:15:00,8193.65,8202.05,8187.45,8201.8,0
2022-09-16 09:15:00,8180.5,8193.15,8103.1,8114.15,0
2022-09-16 10:15:00,8114.45,8131.2,8093.8,8120.05,0
2022-09-16 11:15:00,8121.95,8123.4,8091.25,8094.45,0
2022-09-16 12:15:00,8093.85,8115.4,8059.3,8060.25,0
2022-09-16 13:15:00,8059.7,8075.9,8032.5,8043.05,0
2022-09-16 14:15:00,8042.85,8068.5,8004.05,8038.05,0
2022-09-16 15:15:00,8038.15,8047.65,7981.1,8046.4,0
2022-09-19 09:15:00,8043.05,8088.5,7976.45,8048.75,0
2022-09-19 10:15:00,8047.95,8081.7,8032.65,8078.5,0
2022-09-19 11:15:00,8078.5,8089.9,8023.4,8058.25,0
2022-09-19 12:15:00,8057.2,8061.35,8031.5,8043.0,0
2022-09-19 13:15:00,8043.0,8071.35,8033.1,8064.15,0
2022-09-19 14:15:00,8065.3,8072.5,8032.9,8036.85,0
2022-09-19 15:15:00,8037.0,8056.4,8035.45,8050.95,0
2022-09-20 09:15:00,8105.8,8165.2,8099.7,8154.85,0
2022-09-20 10:15:00,8155.15,8166.75,8144.0,8157.85,0
2022-09-20 11:15:00,8157.9,8170.0,8135.55,8159.95,0
2022-09-20 12:15:00,8159.4,8173.05,8147.85,8173.05,0
2022-09-20 13:15:00,8173.3,8176.85,8146.15,8166.1,0
2022-09-20 14:15:00,8166.0,8167.75,8104.25,8105.3,0
2022-09-20 15:15:00,8104.7,8118.8,8095.75,8110.7,0
2022-09-21 09:15:00,8109.65,8153.25,8062.4,8105.1,0
2022-09-21 10:15:00,8103.65,8125.5,8098.85,8111.7,0
2022-09-21 11:15:00,8110.4,8113.6,8030.15,8055.8,0
2022-09-21 12:15:00,8055.5,8080.6,8039.15,8055.15,0
2022-09-21 13:15:00,8055.85,8071.5,8052.8,8063.15,0
2022-09-21 14:15:00,8063.75,8067.3,8014.65,8016.6,0
2022-09-21 15:15:00,8017.45,8018.6,7997.25,7999.15,0
2022-09-22 09:15:00,7981.55,8005.95,7937.5,7967.4,0
2022-09-22 10:15:00,7967.2,7967.75,7929.1,7939.45,0
2022-09-22 11:15:00,7939.35,7939.8,7904.95,7917.75,0
2022-09-22 12:15:00,7918.45,7972.45,7912.05,7972.15,0
2022-09-22 13:15:00,7972.2,8007.65,7970.55,7990.25,0
2022-09-22 14:15:00,7989.4,8024.35,7989.05,7993.55,0
2022-09-22 15:15:00,7993.4,8007.35,7991.35,8000.15,0
2022-09-23 09:15:00,8003.05,8029.45,7937.7,7953.75,0
2022-09-23 10:15:00,7953.5,7953.85,7928.3,7941.35,0
2022-09-23 11:15:00,7941.45,7961.6,7933.7,7940.25,0
2022-09-23 12:15:00,7940.0,7940.2,7899.3,7901.7,0
2022-09-23 13:15:00,7901.35,7912.85,7878.25,7893.15,0
2022-09-23 14:15:00,7893.15,7902.9,7853.35,7860.25,0
2022-09-23 15:15:00,7860.0,7864.3,7851.15,7855.9,0
2022-09-26 09:15:00,7772.25,7818.05,7670.05,7698.25,0
2022-09-26 10:15:00,7697.75,7702.4,7660.55,7681.55,0
2022-09-26 11:15:00,7681.6,7700.2,7642.35,7674.6,0
2022-09-26 12:15:00,7674.75,7727.95,7659.7,7725.95,0
2022-09-26 13:15:00,7726.05,7728.5,7689.1,7694.2,0
2022-09-26 14:15:00,7694.8,7711.45,7606.2,7615.2,0
2022-09-26 15:15:00,7614.25,7614.95,7561.95,7576.25,0
2022-09-27 09:15:00,7651.55,7737.5,7641.35,7661.15,0
2022-09-27 10:15:00,7661.1,7680.6,7640.85,7663.0,0
2022-09-27 11:15:00,7662.75,7751.55,7659.4,7738.8,0
2022-09-27 12:15:00,7739.75,7747.05,7709.45,7742.0,0
2022-09-27 13:15:00,7742.0,7772.45,7735.35,7738.4,0
2022-09-27 14:15:00,7738.3,7754.05,7667.05,7693.65,0
2022-09-27 15:15:00,7693.6,7712.8,7692.3,7700.5,0
2022-09-28 09:15:00,7631.15,7675.9,7599.9,7670.45,0
2022-09-28 10:15:00,7671.1,7689.1,7651.65,7659.7,0
2022-09-28 11:15:00,7659.4,7676.65,7655.45,7659.2,0
2022-09-28 12:15:00,7659.4,7659.7,7629.35,7639.35,0
2022-09-28 13:15:00,7639.6,7657.25,7636.65,7640.9,0
2022-09-28 14:15:00,7640.55,7644.75,7614.0,7625.0,0
2022-09-28 15:15:00,7625.0,7630.45,7613.75,7615.45,0
2022-09-29 09:15:00,7702.65,7740.9,7689.4,7727.85,0
2022-09-29 10:15:00,7727.8,7730.9,7709.35,7714.35,0
2022-09-29 11:15:00,7714.4,7721.4,7694.85,7711.65,0
2022-09-29 12:15:00,7711.85,7722.05,7657.1,7663.45,0
2022-09-29 13:15:00,7662.85,7677.45,7644.65,7665.1,0
2022-09-29 14:15:00,7664.55,7701.9,7580.8,7598.85,0
2022-09-29 15:15:00,7597.95,7600.8,7568.25,7594.2,0
2022-09-30 09:15:00,7570.0,7629.1,7562.1,7624.15,0
2022-09-30 10:15:00,7622.05,7685.65,7620.5,7647.3,0
2022-09-30 11:15:00,7647.1,7670.2,7641.45,7668.1,0
2022-09-30 12:15:00,7668.4,7683.95,7643.4,7656.3,0
2022-09-30 13:15:00,7656.4,7685.25,7655.05,7669.6,0
2022-09-30 14:15:00,7669.35,7670.8,7627.8,7636.0,0
2022-09-30 15:15:00,7636.55,7654.95,7634.9,7641.9,0
2022-10-03 09:15:00,7701.85,7765.95,7659.9,7711.75,0
2022-10-03 10:15:00,7712.4,7714.85,7667.8,7705.15,0
2022-10-03 11:15:00,7705.85,7726.55,7686.1,7692.1,0
2022-10-03 12:15:00,7692.0,7692.5,7661.0,7671.45,0
2022-10-03 13:15:00,7671.55,7680.6,7566.9,7575.25,0
2022-10-03 14:15:00,7574.6,7585.5,7470.45,7541.65,0
2022-10-03 15:15:00,7544.25,7557.55,7530.35,7535.0,0
2022-10-04 09:15:00,7665.65,7683.75,7592.6,7620.0,0
2022-10-04 10:15:00,7619.1,7695.4,7618.35,7676.35,0
2022-10-04 11:15:00,7676.4,7681.1,7663.8,7673.95,0
2022-10-04 12:15:00,7673.05,7683.2,7663.7,7665.55,0
2022-10-04 13:15:00,7665.8,7695.2,7658.05,7687.4,0
2022-10-04 14:15:00,7687.65,7708.55,7678.1,7685.85,0
2022-10-04 15:15:00,7685.3,7690.2,7676.0,7684.35,0
2022-10-06 09:15:00,7762.1,7768.7,7738.4,7759.1,0
2022-10-06 10:15:00,7759.1,7776.95,7745.25,7770.75,0
2022-10-06 11:15:00,7771.15,7771.15,7726.05,7747.6,0
2022-10-06 12:15:00,7747.55,7763.15,7738.8,7755.3,0
2022-10-06 13:15:00,7754.6,7772.95,7745.45,7755.45,0
2022-10-06 14:15:00,7755.7,7760.25,7723.45,7745.25,0
2022-10-06 15:15:00,7745.25,7748.6,7736.2,7738.8,0
2022-10-07 09:15:00,7725.55,7730.65,7673.3,7685.3,0
2022-10-07 10:15:00,7685.15,7690.25,7669.0,7679.95,0
2022-10-07 11:15:00,7680.95,7694.95,7666.7,7671.0,0
2022-10-07 12:15:00,7671.15,7685.35,7668.0,7678.75,0
2022-10-07 13:15:00,7679.45,7685.2,7653.05,7677.4,0
2022-10-07 14:15:00,7677.85,7701.85,7675.6,7683.5,0
2022-10-07 15:15:00,7683.25,7692.55,7679.95,7690.3,0
2022-10-10 09:15:00,7618.25,7648.2,7592.35,7611.3,0
2022-10-10 10:15:00,7611.3,7625.55,7608.05,7622.75,0
2022-10-10 11:15:00,7622.8,7641.5,7622.0,7630.05,0
2022-10-10 12:15:00,7630.35,7659.8,7626.5,7647.15,0
2022-10-10 13:15:00,7646.25,7649.0,7611.6,7623.65,0
2022-10-10 14:15:00,7624.05,7651.8,7623.0,7642.9,0
2022-10-10 15:15:00,7640.7,7653.7,7636.2,7637.0,0
2022-10-11 09:15:00,7672.5,7672.5,7574.2,7584.8,0
2022-10-11 10:15:00,7585.0,7592.35,7560.35,7584.65,0
2022-10-11 11:15:00,7585.55,7610.8,7577.2,7601.35,0
2022-10-11 12:15:00,7601.8,7607.55,7571.7,7571.7,0
2022-10-11 13:15:00,7571.6,7584.05,7561.65,7583.3,0
2022-10-11 14:15:00,7583.4,7584.55,7518.25,7525.75,0
2022-10-11 15:15:00,7525.7,7527.0,7507.8,7512.4,0
2022-10-12 09:15:00,7524.05,7579.6,7499.35,7561.5,0
2022-10-12 10:15:00,7561.45,7583.1,7529.7,7546.35,0
2022-10-12 11:15:00,7546.4,7575.7,7540.3,7573.55,0
2022-10-12 12:15:00,7573.85,7576.1,7553.9,7556.05,0
2022-10-12 13:15:00,7555.15,7569.25,7551.5,7562.05,0
2022-10-12 14:15:00,7562.05,7579.45,7559.6,7572.5,0
2022-10-12 15:15:00,7571.95,7584.95,7568.85,7582.9,0
2022-10-13 09:15:00,7566.95,7588.35,7519.9,7529.8,0
2022-10-13 10:15:00,7529.85,7575.55,7524.6,7563.6,0
2022-10-13 11:15:00,7563.75,7564.65,7530.85,7551.7,0
2022-10-13 12:15:00,7552.4,7559.0,7529.4,7552.25,0
2022-10-13 13:15:00,7551.95,7564.15,7539.3,7559.25,0
2022-10-13 14:15:00,7559.3,7570.85,7531.2,7547.9,0
2022-10-13 15:15:00,7547.55,7553.1,7532.8,7549.7,0
2022-10-14 09:15:00,7645.55,7649.5,7586.2,7602.3,0
2022-10-14 10:15:00,7602.0,7606.5,7583.0,7595.55,0
2022-10-14 11:15:00,7595.65,7612.65,7585.1,7612.65,0
2022-10-14 12:15:00,7611.1,7615.2,7596.1,7602.45,0
2022-10-14 13:15:00,7602.05,7606.15,7561.95,7571.2,0
2022-10-14 14:15:00,7571.7,7572.05,7450.25,7461.55,0
2022-10-14 15:15:00,7464.35,7469.75,7446.1,7466.8,0
2022-10-17 09:15:00,7443.65,7459.35,7366.25,7409.55,0
2022-10-17 10:15:00,7409.5,7439.65,7409.35,7436.35,0
2022-10-17 11:15:00,7436.65,7465.9,7427.8,7456.45,0
2022-10-17 12:15:00,7455.6,7475.6,7447.75,7472.35,0
2022-10-17 13:15:00,7471.25,7495.95,7466.7,7475.9,0
2022-10-17 14:15:00,7476.05,7519.85,7468.65,7507.9,0
2022-10-17 15:15:00,7507.85,7535.25,7506.2,7517.05,0
2022-10-18 09:15:00,7554.15,7597.9,7551.4,7587.9,0
2022-10-18 10:15:00,7587.15,7597.4,7566.0,7576.5,0
2022-10-18 11:15:00,7576.85,7598.55,7573.55,7598.55,0
2022-10-18 12:15:00,7598.3,7601.8,7587.65,7598.25,0
2022-10-18 13:15:00,7598.35,7603.75,7591.75,7597.1,0
2022-10-18 14:15:00,7597.05,7614.6,7583.1,7589.8,0
2022-10-18 15:15:00,7589.0,7598.45,7586.7,7594.25,0
2022-10-19 09:15:00,7614.15,7658.1,7584.2,7657.95,0
2022-10-19 10:15:00,7658.5,7720.8,7656.95,7698.85,0
2022-10-19 11:15:00,7699.45,7708.95,7686.95,7693.65,0
2022-10-19 12:15:00,7693.45,7701.15,7653.6,7667.15,0
2022-10-19 13:15:00,7667.0,7690.4,7666.1,7681.2,0
2022-10-19 14:15:00,7681.2,7682.5,7623.05,7629.0,0
2022-10-19 15:15:00,7629.3,7650.2,7629.3,7640.5,0
2022-10-20 09:15:00,7608.6,7652.6,7591.8,7642.6,0
2022-10-20 10:15:00,7643.0,7679.2,7641.9,7659.0,0
2022-10-20 11:15:00,7658.35,7676.7,7653.8,7664.45,0
2022-10-20 12:15:00,7664.85,7690.1,7664.7,7678.9,0
2022-10-20 13:15:00,7678.6,7696.7,7673.15,7695.0,0
2022-10-20 14:15:00,7694.75,7757.2,7682.05,7757.2,0
2022-10-20 15:15:00,7756.3,7776.5,7750.4,7756.6,0
2022-10-21 09:15:00,7763.05,7775.95,7735.7,7767.35,0
2022-10-21 10:15:00,7768.05,7769.65,7737.9,7745.7,0
2022-10-21 11:15:00,7745.35,7770.95,7744.3,7752.1,0
2022-10-21 12:15:00,7752.0,7752.45,7715.55,7733.65,0
2022-10-21 13:15:00,7734.15,7737.7,7677.6,7695.2,0
2022-10-21 14:15:00,7695.55,7731.6,7674.95,7717.7,0
2022-10-21 15:15:00,7716.35,7733.8,7716.35,7726.1,0
2022-10-24 18:15:00,7752.65,7796.55,7743.55,7759.55,0
2022-10-25 09:15:00,7780.15,7790.05,7721.6,7788.0,0
2022-10-25 10:15:00,7787.6,7789.45,7742.6,7758.6,0
2022-10-25 11:15:00,7758.75,7769.6,7742.0,7763.35,0
2022-10-25 12:15:00,7763.45,7774.65,7751.8,7764.5,0
2022-10-25 13:15:00,7764.75,7786.9,7763.45,7775.9,0
2022-10-25 14:15:00,7775.6,7797.15,7754.9,7789.15,0
2022-10-25 15:15:00,7790.5,7801.05,7780.8,7794.85,0
2022-10-27 09:15:00,7812.7,7882.4,7812.4,7834.25,0
2022-10-27 10:15:00,7832.8,7870.6,7828.15,7862.0,0
2022-10-27 11:15:00,7862.0,7869.85,7836.75,7844.65,0
2022-10-27 12:15:00,7845.0,7848.65,7826.9,7842.6,0
2022-10-27 13:15:00,7841.55,7868.0,7841.15,7844.2,0
2022-10-27 14:15:00,7842.5,7894.05,7811.95,7888.5,0
2022-10-27 15:15:00,7889.75,7922.45,7888.35,7918.55,0
2022-10-28 09:15:00,7919.1,8004.2,7900.1,7995.6,0
2022-10-28 10:15:00,7995.9,8000.65,7967.5,7969.55,0
2022-10-28 11:15:00,7969.7,7994.85,7961.25,7981.25,0
2022-10-28 12:15:00,7981.25,7984.0,7960.35,7972.7,0
2022-10-28 13:15:00,7971.9,7978.75,7938.2,7947.35,0
2022-10-28 14:15:00,7948.45,7976.2,7942.9,7968.65,0
2022-10-28 15:15:00,7969.4,7981.6,7968.6,7974.6,0
2022-10-31 09:15:00,8005.65,8021.7,7978.6,7999.95,0
2022-10-31 10:15:00,7998.95,8018.35,7984.15,8017.45,0
2022-10-31 11:15:00,8017.45,8021.9,8002.3,8011.15,0
2022-10-31 12:15:00,8010.7,8032.35,7998.45,8024.55,0
2022-10-31 13:15:00,8024.55,8025.35,7999.3,8015.0,0
2022-10-31 14:15:00,8015.45,8082.0,8013.65,8078.95,0
2022-10-31 15:15:00,8080.05,8100.5,8077.6,8091.2,0
2022-11-01 09:15:00,8138.0,8138.0,8098.55,8099.0,0
2022-11-01 10:15:00,8099.35,8106.35,8070.85,8074.15,0
2022-11-01 11:15:00,8074.25,8083.75,8052.85,8060.2,0
2022-11-01 12:15:00,8060.0,8068.85,8027.0,8028.95,0
2022-11-01 13:15:00,8028.05,8046.25,8008.6,8038.3,0
2022-11-01 14:15:00,8038.5,8115.15,8037.1,8107.4,0
2022-11-01 15:15:00,8107.7,8120.7,8097.8,8107.65,0
2022-11-02 09:15:00,8112.6,8113.7,8077.15,8094.0,0
2022-11-02 10:15:00,8094.1,8131.85,8084.55,8131.05,0
2022-11-02 11:15:00,8131.45,8137.25,8111.4,8112.65,0
2022-11-02 12:15:00,8112.65,8120.45,8102.65,8116.4,0
2022-11-02 13:15:00,8116.55,8137.85,8112.9,8116.2,0
2022-11-02 14:15:00,8116.3,8134.45,8110.6,8115.8,0
2022-11-02 15:15:00,8116.45,8121.6,8096.5,8101.75,0
2022-11-03 09:15:00,8083.4,8111.8,8070.9,8100.65,0
2022-11-03 10:15:00,8100.65,8115.6,8086.2,8095.25,0
2022-11-03 11:15:00,8095.65,8097.7,8073.35,8086.65,0
2022-11-03 12:15:00,8086.65,8093.15,8068.8,8081.35,0
2022-11-03 13:15:00,8081.55,8115.65,8080.25,8096.8,0
2022-11-03 14:15:00,8098.6,8139.7,8090.8,8122.2,0
2022-11-03 15:15:00,8122.8,8125.35,8109.6,8110.05,0
2022-11-04 09:15:00,8119.45,8134.2,8053.4,8101.9,0
2022-11-04 10:15:00,8102.35,8126.55,8095.65,8125.55,0
2022-11-04 11:15:00,8125.65,8139.55,8119.15,8136.5,0
2022-11-04 12:15:00,8137.0,8164.55,8134.4,8160.8,0
2022-11-04 13:15:00,8160.55,8170.3,8145.05,8149.8,0
2022-11-04 14:15:00,8149.8,8212.55,8142.95,8207.95,0
2022-11-04 15:15:00,8206.7,8207.25,8188.1,8192.9,0
2022-11-07 09:15:00,8205.3,8229.1,8185.25,8185.25,0
2022-11-07 10:15:00,8184.85,8189.95,8164.75,8187.15,0
2022-11-07 11:15:00,8187.75,8214.3,8186.05,8210.35,0
2022-11-07 12:15:00,8210.2,8224.55,8204.3,8214.15,0
2022-11-07 13:15:00,8213.9,8224.85,8191.9,8217.55,0
2022-11-07 14:15:00,8218.55,8301.15,8215.7,8298.25,0
2022-11-07 15:15:00,8298.0,8300.65,8285.95,8289.25,0
2022-11-09 09:15:00,8291.25,8306.2,8268.95,8283.85,0
2022-11-09 10:15:00,8284.55,8293.7,8265.25,8279.35,0
2022-11-09 11:15:00,8279.2,8289.4,8263.0,8284.45,0
2022-11-09 12:15:00,8284.65,8296.6,8281.7,8287.2,0
2022-11-09 13:15:00,8287.25,8305.8,8268.85,8299.1,0
2022-11-09 14:15:00,8299.2,8301.05,8217.35,8256.2,0
2022-11-09 15:15:00,8256.5,8258.25,8212.05,8224.15,0
2022-11-10 09:15:00,8215.6,8244.85,8193.15,8195.75,0
2022-11-10 10:15:00,8196.2,8215.7,8175.45,8194.25,0
2022-11-10 11:15:00,8193.85,8195.9,8177.55,8178.8,0
2022-11-10 12:15:00,8178.9,8180.85,8151.8,8167.35,0
2022-11-10 13:15:00,8167.2,8173.75,8153.35,8164.6,0
2022-11-10 14:15:00,8164.9,8189.95,8148.7,8186.35,0
2022-11-10 15:15:00,8186.95,8188.25,8157.6,8169.25,0
2022-11-11 09:15:00,8241.2,8269.0,8228.8,8242.9,0
2022-11-11 10:15:00,8242.7,8246.15,8219.05,8229.75,0
2022-11-11 11:15:00,8229.95,8257.7,8227.85,8245.75,0
2022-11-11 12:15:00,8245.25,8252.8,8230.75,8251.8,0
2022-11-11 13:15:00,8252.15,8282.1,8251.4,8273.15,0
2022-11-11 14:15:00,8272.6,8304.15,8270.15,8296.4,0
2022-11-11 15:15:00,8295.2,8297.45,8288.55,8294.65,0
2022-11-14 09:15:00,8299.05,8323.75,8263.4,8307.95,0
2022-11-14 10:15:00,8308.2,8326.9,8299.9,8317.45,0
2022-11-14 11:15:00,8317.65,8322.5,8303.9,8309.35,0
2022-11-14 12:15:00,8309.25,8312.55,8272.0,8290.2,0
2022-11-14 13:15:00,8290.4,8305.5,8286.6,8298.25,0
2022-11-14 14:15:00,8298.05,8319.5,8285.95,8309.2,0
2022-11-14 15:15:00,8309.7,8313.75,8291.05,8298.4,0
2022-11-15 09:15:00,8329.65,8336.95,8298.85,8306.4,0
2022-11-15 10:15:00,8307.25,8310.4,8290.1,8297.85,0
2022-11-15 11:15:00,8298.15,8317.45,8293.1,8307.25,0
2022-11-15 12:15:00,8306.5,8319.5,8304.4,8313.5,0
2022-11-15 13:15:00,8314.2,8324.55,8311.0,8317.25,0
2022-11-15 14:15:00,8317.3,8380.3,8313.95,8369.95,0
2022-11-15 15:15:00,8369.15,8371.5,8347.0,8367.25,0
2022-11-16 09:15:00,8366.75,8369.15,8317.55,8340.85,0
2022-11-16 10:15:00,8340.9,8358.4,8339.0,8347.45,0
2022-11-16 11:15:00,8347.05,8355.3,8334.95,8343.8,0
2022-11-16 12:15:00,8344.25,8352.65,8338.65,8350.7,0
2022-11-16 13:15:00,8350.6,8356.85,8301.85,8301.85,0
2022-11-16 14:15:00,8302.7,8325.3,8262.55,8309.7,0
2022-11-16 15:15:00,8310.9,8313.8,8279.6,8301.25,0
2022-11-17 09:15:00,8291.55,8342.15,8279.2,8298.6,0
2022-11-17 10:15:00,8298.95,8299.3,8284.0,8287.5,0
2022-11-17 11:15:00,8287.25,8303.9,8283.6,8295.65,0
2022-11-17 12:15:00,8295.5,8315.85,8294.6,8306.5,0
2022-11-17 13:15:00,8306.5,8308.0,8293.4,8300.25,0
2022-11-17 14:15:00,8300.35,8307.15,8253.2,8260.5,0
2022-11-17 15:15:00,8259.0,8272.7,8248.9,8263.2,0
2022-11-18 09:15:00,8295.85,8300.25,8239.0,8240.6,0
2022-11-18 10:15:00,8240.45,8248.1,8201.85,8210.8,0
2022-11-18 11:15:00,8210.95,8237.75,8209.3,8231.3,0
2022-11-18 12:15:00,8230.9,8241.65,8223.55,8232.55,0
2022-11-18 13:15:00,8232.2,8242.15,8157.85,8170.35,0
2022-11-18 14:15:00,8169.4,8224.95,8169.4,8219.25,0
2022-11-18 15:15:00,8219.75,8223.75,8199.4,8218.4,0
2022-11-21 09:15:00,8204.05,8205.45,8137.2,8155.7,0
2022-11-21 10:15:00,8155.95,8172.35,8149.9,8165.9,0
2022-11-21 11:15:00,8165.8,8186.95,8163.7,8180.0,0
2022-11-21 12:15:00,8180.05,8182.25,8162.15,8163.25,0
2022-11-21 13:15:00,8163.0,8180.1,8151.4,8167.8,0
2022-11-21 14:15:00,8167.55,8215.55,8151.85,8213.25,0
2022-11-21 15:15:00,8212.65,8214.85,8196.2,8199.2,0
2022-11-22 09:15:00,8200.05,8227.45,8139.9,8178.1,0
2022-11-22 10:15:00,8177.1,8184.5,8167.7,8178.45,0
2022-11-22 11:15:00,8178.45,8183.85,8168.5,8172.0,0
2022-11-22 12:15:00,8171.45,8181.9,8163.7,8167.1,0
2022-11-22 13:15:00,8168.45,8180.3,8159.5,8166.15,0
2022-11-22 14:15:00,8165.65,8217.0,8162.75,8213.7,0
2022-11-22 15:15:00,8212.95,8220.0,8195.8,8209.7,0
2022-11-23 09:15:00,8233.1,8240.0,8205.8,8215.1,0
2022-11-23 10:15:00,8215.45,8232.4,8205.05,8211.75,0
2022-11-23 11:15:00,8212.1,8232.05,8208.45,8225.85,0
2022-11-23 12:15:00,8224.25,8226.75,8209.35,8221.2,0
2022-11-23 13:15:00,8221.25,8242.15,8220.95,8232.65,0
2022-11-23 14:15:00,8232.7,8278.8,8221.85,8260.85,0
2022-11-23 15:15:00,8259.85,8261.95,8238.15,8243.25,0
2022-11-24 09:15:00,8262.6,8297.85,8256.35,8287.6,0
2022-11-24 10:15:00,8288.4,8302.2,8281.25,8282.8,0
2022-11-24 11:15:00,8283.35,8312.6,8280.55,8310.7,0
2022-11-24 12:15:00,8310.9,8317.8,8297.7,8302.75,0
2022-11-24 13:15:00,8302.4,8328.4,8295.25,8324.15,0
2022-11-24 14:15:00,8324.65,8353.75,8314.65,8351.85,0
2022-11-24 15:15:00,8353.05,8357.25,8332.4,8342.15,0
2022-11-25 09:15:00,8364.05,8372.7,8316.2,8371.6,0
2022-11-25 10:15:00,8371.65,8403.5,8363.65,8389.8,0
2022-11-25 11:15:00,8387.35,8397.05,8372.6,8375.0,0
2022-11-25 12:15:00,8375.0,8411.7,8373.2,8410.45,0
2022-11-25 13:15:00,8409.4,8417.35,8395.05,8400.65,0
2022-11-25 14:15:00,8400.4,8431.2,8386.9,8422.55,0
2022-11-25 15:15:00,8423.7,8423.8,8399.1,8401.15,0
2022-11-28 09:15:00,8394.15,8552.65,8394.15,8544.7,0
2022-11-28 10:15:00,8543.65,8579.85,8538.8,8578.15,0
2022-11-28 11:15:00,8577.4,8596.5,8572.3,8591.9,0
2022-11-28 12:15:00,8592.05,8614.35,8586.15,8604.75,0
2022-11-28 13:15:00,8604.75,8611.9,8588.35,8595.6,0
2022-11-28 14:15:00,8597.0,8616.3,8553.05,8556.4,0
2022-11-28 15:15:00,8556.55,8559.6,8520.05,8526.45,0
2022-11-29 09:15:00,8550.25,8584.6,8516.35,8533.9,0
2022-11-29 10:15:00,8532.9,8536.5,8507.65,8522.0,0
2022-11-29 11:15:00,8521.65,8548.55,8512.55,8541.25,0
2022-11-29 12:15:00,8541.35,8552.35,8526.1,8546.15,0
2022-11-29 13:15:00,8546.75,8581.7,8542.85,8575.3,0
2022-11-29 14:15:00,8575.95,8578.0,8524.4,8527.75,0
2022-11-29 15:15:00,8527.65,8537.7,8511.25,8516.95,0
2022-11-30 09:15:00,8534.2,8569.7,8508.8,8540.85,0
2022-11-30 10:15:00,8541.7,8562.3,8528.05,8557.35,0
2022-11-30 11:15:00,8557.2,8570.9,8554.6,8561.35,0
2022-11-30 12:15:00,8561.35,8605.3,8552.0,8605.3,0
2022-11-30 13:15:00,8605.8,8610.7,8582.25,8598.85,0
2022-11-30 14:15:00,8598.85,8629.95,8567.75,8628.9,0
2022-11-30 15:15:00,8628.8,8631.05,8614.55,8619.35,0
2022-12-01 09:15:00,8646.8,8663.95,8629.85,8639.9,0
2022-12-01 10:15:00,8640.8,8643.75,8627.95,8634.75,0
2022-12-01 11:15:00,8634.75,8638.1,8620.25,8630.15,0
2022-12-01 12:15:00,8630.2,8637.7,8620.9,8624.95,0
2022-12-01 13:15:00,8625.05,8627.0,8597.45,8611.1,0
2022-12-01 14:15:00,8610.65,8616.1,8548.45,8554.65,0
2022-12-01 15:15:00,8555.4,8562.4,8543.6,8553.8,0
2022-12-02 09:15:00,8600.05,8642.2,8569.05,8584.15,0
2022-12-02 10:15:00,8585.65,8594.8,8580.2,8586.9,0
2022-12-02 11:15:00,8586.95,8592.55,8536.6,8541.4,0
2022-12-02 12:15:00,8541.75,8572.2,8536.75,8565.45,0
2022-12-02 13:15:00,8565.4,8577.1,8547.7,8565.8,0
2022-12-02 14:15:00,8565.95,8574.5,8541.3,8563.85,0
2022-12-02 15:15:00,8564.2,8576.8,8550.95,8567.55,0
2022-12-05 09:15:00,8577.05,8581.8,8464.1,8469.0,0
2022-12-05 10:15:00,8467.9,8503.25,8467.6,8497.95,0
2022-12-05 11:15:00,8498.35,8519.25,8486.7,8519.05,0
2022-12-05 12:15:00,8519.15,8541.35,8509.95,8514.5,0
2022-12-05 13:15:00,8514.6,8524.45,8487.55,8522.3,0
2022-12-05 14:15:00,8522.3,8544.55,8516.2,8542.5,0
2022-12-05 15:15:00,8540.95,8548.6,8529.75,8533.55,0
2022-12-06 09:15:00,8519.25,8545.5,8494.25,8539.85,0
2022-12-06 10:15:00,8538.3,8546.2,8508.95,8512.05,0
2022-12-06 11:15:00,8511.8,8531.65,8508.8,8530.15,0
2022-12-06 12:15:00,8530.2,8549.5,8525.05,8547.75,0
2022-12-06 13:15:00,8547.25,8556.95,8524.5,8544.4,0
2022-12-06 14:15:00,8544.0,8563.9,8523.0,8557.5,0
2022-12-06 15:15:00,8557.5,8564.15,8549.9,8558.25,0
2022-12-07 09:15:00,8562.95,8608.15,8558.7,8593.05,0
2022-12-07 10:15:00,8592.0,8600.8,8548.9,8565.35,0
2022-12-07 11:15:00,8565.75,8580.9,8552.1,8571.5,0
2022-12-07 12:15:00,8570.85,8584.55,8564.6,8572.75,0
2022-12-07 13:15:00,8572.55,8582.1,8557.15,8558.5,0
2022-12-07 14:15:00,8558.75,8583.1,8538.5,8540.0,0
2022-12-07 15:15:00,8541.05,8543.35,8516.8,8532.1,0
2022-12-08 09:15:00,8583.65,8594.5,8553.3,8572.9,0
2022-12-08 10:15:00,8572.55,8576.85,8547.55,8550.45,0
2022-12-08 11:15:00,8550.0,8555.65,8542.85,8551.6,0
2022-12-08 12:15:00,8551.4,8561.15,8539.25,8560.6,0
2022-12-08 13:15:00,8560.4,8568.55,8550.7,8559.3,0
2022-12-08 14:15:00,8559.7,8568.5,8545.1,8553.75,0
2022-12-08 15:15:00,8551.95,8557.5,8529.6,8534.55,0
2022-12-09 09:15:00,8566.9,8589.45,8551.35,8554.55,0
2022-12-09 10:15:00,8554.7,8557.8,8528.4,8540.35,0
2022-12-09 11:15:00,8540.05,8551.6,8522.65,8548.2,0
2022-12-09 12:15:00,8547.85,8549.85,8487.4,8497.6,0
2022-12-09 13:15:00,8497.1,8507.2,8463.8,8466.15,0
2022-12-09 14:15:00,8466.4,8470.65,8434.75,8464.85,0
2022-12-09 15:15:00,8464.45,8466.65,8444.5,8449.2,0
2022-12-12 09:15:00,8436.45,8493.8,8395.5,8479.6,0
2022-12-12 10:15:00,8479.9,8510.5,8478.0,8510.0,0
2022-12-12 11:15:00,8509.2,8520.35,8502.15,8519.85,0
2022-12-12 12:15:00,8520.1,8526.4,8505.4,8511.45,0
2022-12-12 13:15:00,8511.4,8519.35,8484.8,8515.75,0
2022-12-12 14:15:00,8516.05,8552.25,8497.9,8544.9,0
2022-12-12 15:15:00,8544.8,8555.4,8543.6,8552.25,0
2022-12-13 09:15:00,8565.55,8572.85,8536.45,8549.2,0
2022-12-13 10:15:00,8548.8,8550.65,8534.45,8546.5,0
2022-12-13 11:15:00,8546.6,8568.5,8539.9,8545.25,0
2022-12-13 12:15:00,8544.55,8551.85,8523.4,8545.85,0
2022-12-13 13:15:00,8545.4,8555.9,8540.15,8544.3,0
2022-12-13 14:15:00,8544.15,8556.9,8529.3,8541.15,0
2022-12-13 15:15:00,8541.4,8543.15,8516.6,8519.0,0
2022-12-14 09:15:00,8560.35,8577.55,8542.8,8569.15,0
2022-12-14 10:15:00,8568.25,8598.55,8568.0,8597.45,0
2022-12-14 11:15:00,8597.2,8617.0,8595.3,8616.65,0
2022-12-14 12:15:00,8616.6,8620.7,8595.75,8596.05,0
2022-12-14 13:15:00,8595.5,8604.15,8575.55,8579.9,0
2022-12-14 14:15:00,8580.25,8602.55,8533.25,8539.05,0
2022-12-14 15:15:00,8537.7,8538.55,8517.45,8530.75,0
2022-12-15 09:15:00,8534.3,8568.5,8513.9,8549.95,0
2022-12-15 10:15:00,8551.0,8585.4,8546.65,8581.75,0
2022-12-15 11:15:00,8581.5,8588.7,8565.35,8576.25,0
2022-12-15 12:15:00,8576.1,8577.4,8559.3,8560.5,0
2022-12-15 13:15:00,8560.45,8569.35,8548.05,8561.25,0
2022-12-15 14:15:00,8561.0,8571.3,8510.65,8512.0,0
2022-12-15 15:15:00,8512.85,8536.2,8505.75,8513.05,0
2022-12-16 09:15:00,8523.7,8608.75,8517.15,8537.15,0
2022-12-16 10:15:00,8536.4,8539.8,8493.25,8523.7,0
2022-12-16 11:15:00,8522.55,8549.6,8521.65,8548.65,0
2022-12-16 12:15:00,8549.1,8577.3,8547.65,8548.05,0
2022-12-16 13:15:00,8547.75,8555.65,8516.5,8523.05,0
2022-12-16 14:15:00,8522.95,8526.6,8469.45,8473.55,0
2022-12-16 15:15:00,8473.0,8498.9,8468.65,8493.85,0
2022-12-19 09:15:00,8510.75,8526.55,8462.05,8490.5,0
2022-12-19 10:15:00,8490.95,8499.55,8469.3,8479.65,0
2022-12-19 11:15:00,8480.15,8507.2,8478.6,8495.25,0
2022-12-19 12:15:00,8495.6,8516.55,8490.5,8499.35,0
2022-12-19 13:15:00,8498.15,8523.2,8497.1,8519.4,0
2022-12-19 14:15:00,8519.65,8555.4,8514.35,8545.75,0
2022-12-19 15:15:00,8545.15,8551.1,8540.35,8545.15,0
2022-12-20 09:15:00,8532.3,8543.35,8444.65,8456.55,0
2022-12-20 10:15:00,8455.0,8479.7,8449.9,8477.0,0
2022-12-20 11:15:00,8477.15,8500.15,8462.2,8495.8,0
2022-12-20 12:15:00,8495.0,8524.65,8488.85,8512.85,0
2022-12-20 13:15:00,8512.1,8513.85,8488.85,8506.15,0
2022-12-20 14:15:00,8505.7,8577.3,8502.8,8573.9,0
2022-12-20 15:15:00,8573.85,8577.9,8554.85,8558.0,0
2022-12-21 09:15:00,8577.75,8614.75,8533.85,8555.6,0
2022-12-21 10:15:00,8556.15,8559.9,8532.4,8546.8,0
2022-12-21 11:15:00,8546.2,8550.25,8516.1,8516.4,0
2022-12-21 12:15:00,8516.35,8516.35,8457.3,8474.7,0
2022-12-21 13:15:00,8474.95,8475.45,8367.95,8405.85,0
2022-12-21 14:15:00,8406.6,8441.8,8383.4,8410.2,0
2022-12-21 15:15:00,8412.35,8423.9,8383.05,8391.9,0
2022-12-22 09:15:00,8440.55,8461.95,8312.35,8315.4,0
2022-12-22 10:15:00,8315.1,8319.15,8268.55,8303.7,0
2022-12-22 11:15:00,8302.8,8325.1,8294.95,8304.1,0
2022-12-22 12:15:00,8304.1,8340.65,8302.15,8324.25,0
2022-12-22 13:15:00,8324.1,8353.35,8318.5,8340.8,0
2022-12-22 14:15:00,8340.7,8354.9,8312.0,8350.65,0
2022-12-22 15:15:00,8351.55,8361.1,8347.25,8351.15,0
2022-12-23 09:15:00,8273.6,8321.0,8208.2,8214.9,0
2022-12-23 10:15:00,8215.1,8216.1,8187.3,8202.45,0
2022-12-23 11:15:00,8201.9,8203.9,8133.05,8165.65,0
2022-12-23 12:15:00,8165.45,8179.05,8132.15,8135.3,0
2022-12-23 13:15:00,8133.9,8136.5,8070.0,8075.15,0
2022-12-23 14:15:00,8074.8,8106.85,7980.35,8007.5,0
2022-12-23 15:15:00,8008.95,8046.6,7999.75,8044.45,0
2022-12-26 09:15:00,8035.45,8108.35,7932.35,8095.45,0
2022-12-26 10:15:00,8095.35,8124.5,8071.2,8109.75,0
2022-12-26 11:15:00,8109.75,8163.55,8107.0,8157.65,0
2022-12-26 12:15:00,8157.75,8176.65,8132.1,8159.75,0
2022-12-26 13:15:00,8159.75,8173.25,8147.0,8164.3,0
2022-12-26 14:15:00,8165.9,8195.55,8128.3,8135.45,0
2022-12-26 15:15:00,8136.9,8162.75,8134.05,8148.35,0
2022-12-27 09:15:00,8180.8,8245.6,8138.0,8170.45,0
2022-12-27 10:15:00,8170.45,8204.7,8168.9,8198.25,0
2022-12-27 11:15:00,8198.4,8201.3,8183.3,8190.6,0
2022-12-27 12:15:00,8190.65,8207.5,8179.9,8206.15,0
2022-12-27 13:15:00,8205.05,8223.45,8204.15,8221.95,0
2022-12-27 14:15:00,8221.65,8238.4,8204.6,8227.65,0
2022-12-27 15:15:00,8227.25,8236.85,8219.6,8228.9,0
2022-12-28 09:15:00,8203.75,8241.8,8187.75,8238.85,0
2022-12-28 10:15:00,8238.7,8266.75,8218.4,8264.45,0
2022-12-28 11:15:00,8264.6,8296.6,8254.95,8288.3,0
2022-12-28 12:15:00,8288.4,8330.05,8284.1,8300.5,0
2022-12-28 13:15:00,8299.95,8327.15,8292.05,8319.15,0
2022-12-28 14:15:00,8318.8,8347.8,8291.7,8339.05,0
2022-12-28 15:15:00,8338.3,8342.6,8316.6,8326.3,0
2022-12-29 09:15:00,8281.8,8306.6,8252.85,8276.45,0
2022-12-29 10:15:00,8276.3,8301.05,8261.85,8299.3,0
2022-12-29 11:15:00,8299.75,8310.95,8289.65,8292.35,0
2022-12-29 12:15:00,8292.4,8298.1,8277.6,8294.1,0
2022-12-29 13:15:00,8293.9,8313.0,8283.05,8301.25,0
2022-12-29 14:15:00,8299.3,8447.6,8293.4,8440.05,0
2022-12-29 15:15:00,8439.5,8523.65,8430.1,8479.1,0
2022-12-30 09:15:00,8487.3,8509.9,8450.8,8476.15,0
2022-12-30 10:15:00,8476.95,8515.95,8475.65,8505.75,0
2022-12-30 11:15:00,8505.35,8509.1,8465.2,8489.95,0
2022-12-30 12:15:00,8489.15,8522.15,8485.8,8503.3,0
2022-12-30 13:15:00,8502.05,8570.15,8497.2,8540.65,0
2022-12-30 14:15:00,8540.25,8540.25,8414.0,8424.15,0
2022-12-30 15:15:00,8424.3,8448.45,8409.75,8431.35,0
2023-01-02 09:15:00,8457.8,8491.65,8428.6,8478.95,0
2023-01-02 10:15:00,8478.05,8508.4,8475.85,8496.9,0
2023-01-02 11:15:00,8497.6,8499.55,8478.35,8485.8,0
2023-01-02 12:15:00,8484.7,8490.45,8468.35,8486.05,0
2023-01-02 13:15:00,8484.35,8489.6,8445.1,8455.95,0
2023-01-02 14:15:00,8455.6,8473.4,8426.95,8463.3,0
2023-01-02 15:15:00,8461.65,8473.85,8457.75,8470.4,0
2023-01-03 09:15:00,8456.2,8472.95,8421.9,8463.25,0
2023-01-03 10:15:00,8463.7,8464.05,8440.35,8455.55,0
2023-01-03 11:15:00,8455.55,8466.1,8445.4,8451.3,0
2023-01-03 12:15:00,8451.85,8481.8,8430.75,8451.2,0
2023-01-03 13:15:00,8451.65,8464.65,8443.7,8451.9,0
2023-01-03 14:15:00,8451.75,8488.45,8451.75,8473.85,0
2023-01-03 15:15:00,8474.85,8478.35,8460.2,8466.0,0
2023-01-04 09:15:00,8472.8,8474.8,8380.3,8394.75,0
2023-01-04 10:15:00,8394.95,8426.05,8384.15,8403.7,0
2023-01-04 11:15:00,8404.2,8413.55,8358.2,8363.85,0
2023-01-04 12:15:00,8363.1,8404.55,8360.1,8391.65,0
2023-01-04 13:15:00,8392.2,8421.65,8388.25,8416.35,0
2023-01-04 14:15:00,8416.65,8418.45,8331.65,8342.0,0
2023-01-04 15:15:00,8341.6,8343.9,8322.55,8338.4,0
2023-01-05 09:15:00,8372.05,8424.7,8330.55,8421.25,0
2023-01-05 10:15:00,8421.45,8431.35,8390.55,8406.65,0
2023-01-05 11:15:00,8406.6,8411.0,8390.6,8403.65,0
2023-01-05 12:15:00,8403.65,8410.05,8373.35,8386.3,0
2023-01-05 13:15:00,8386.35,8397.4,8349.6,8373.75,0
2023-01-05 14:15:00,8373.55,8469.1,8372.6,8460.9,0
2023-01-05 15:15:00,8461.05,8486.8,8459.8,8472.95,0
2023-01-06 09:15:00,8477.1,8491.6,8447.15,8470.75,0
2023-01-06 10:15:00,8470.4,8487.1,8461.8,8465.95,0
2023-01-06 11:15:00,8465.95,8501.6,8465.95,8489.6,0
2023-01-06 12:15:00,8489.4,8491.75,8441.45,8443.4,0
2023-01-06 13:15:00,8443.4,8465.05,8426.35,8432.35,0
2023-01-06 14:15:00,8431.45,8476.95,8418.3,8458.95,0
2023-01-06 15:15:00,8458.6,8461.95,8440.45,8449.6,0
2023-01-09 09:15:00,8521.4,8563.4,8517.55,8545.4,0
2023-01-09 10:15:00,8545.4,8565.6,8545.2,8564.2,0
2023-01-09 11:15:00,8564.3,8583.2,8557.25,8572.15,0
2023-01-09 12:15:00,8571.55,8579.8,8553.95,8566.1,0
2023-01-09 13:15:00,8566.1,8566.95,8529.5,8543.25,0
2023-01-09 14:15:00,8543.8,8573.85,8529.2,8572.2,0
2023-01-09 15:15:00,8572.55,8598.6,8569.55,8575.45,0
2023-01-10 09:15:00,8593.7,8603.8,8559.55,8582.15,0
2023-01-10 10:15:00,8582.4,8602.45,8562.0,8576.9,0
2023-01-10 11:15:00,8577.2,8580.4,8543.3,8559.55,0
2023-01-10 12:15:00,8559.95,8564.85,8491.2,8502.0,0
2023-01-10 13:15:00,8501.95,8520.1,8479.65,8510.25,0
2023-01-10 14:15:00,8509.95,8589.75,8473.4,8586.75,0
2023-01-10 15:15:00,8586.5,8590.55,8563.8,8570.0,0
2023-01-11 09:15:00,8573.65,8586.9,8508.6,8567.2,0
2023-01-11 10:15:00,8567.25,8573.95,8538.7,8557.5,0
2023-01-11 11:15:00,8557.05,8567.75,8549.5,8557.6,0
2023-01-11 12:15:00,8556.25,8559.55,8543.75,8548.95,0
2023-01-11 13:15:00,8549.0,8562.9,8524.3,8525.3,0
2023-01-11 14:15:00,8525.5,8552.5,8520.55,8531.05,0
2023-01-11 15:15:00,8530.4,8536.05,8508.95,8513.55,0
2023-01-12 09:15:00,8540.9,8543.85,8451.05,8462.45,0
2023-01-12 10:15:00,8461.7,8481.7,8444.35,8450.9,0
2023-01-12 11:15:00,8450.9,8460.15,8432.5,8440.15,0
2023-01-12 12:15:00,8440.1,8452.35,8428.9,8435.5,0
2023-01-12 13:15:00,8435.05,8440.6,8408.25,8428.0,0
2023-01-12 14:15:00,8428.15,8457.45,8389.35,8454.15,0
2023-01-12 15:15:00,8453.8,8464.3,8442.95,8459.8,0
2023-01-13 09:15:00,8431.5,8441.1,8391.5,8413.35,0
2023-01-13 10:15:00,8412.85,8429.8,8407.05,8427.0,0
2023-01-13 11:15:00,8427.55,8459.85,8411.75,8446.55,0
2023-01-13 12:15:00,8446.85,8471.55,8439.3,8468.55,0
2023-01-13 13:15:00,8467.2,8477.3,8461.1,8473.3,0
2023-01-13 14:15:00,8473.55,8491.4,8459.25,8482.35,0
2023-01-13 15:15:00,8483.15,8486.3,8455.6,8463.45,0
2023-01-16 09:15:00,8491.05,8502.65,8434.1,8446.7,0
2023-01-16 10:15:00,8446.7,8453.7,8430.6,8434.7,0
2023-01-16 11:15:00,8435.7,8445.05,8427.85,8431.35,0
2023-01-16 12:15:00,8431.45,8444.2,8416.65,8438.8,0
2023-01-16 13:15:00,8439.05,8449.65,8425.0,8440.75,0
2023-01-16 14:15:00,8441.75,8470.4,8433.3,8466.4,0
2023-01-16 15:15:00,8464.95,8471.75,8450.85,8453.75,0
2023-01-17 09:15:00,8487.25,8506.9,8467.5,8481.8,0
2023-01-17 10:15:00,8481.55,8499.55,8466.9,8467.1,0
2023-01-17 11:15:00,8467.1,8487.05,8462.5,8484.4,0
2023-01-17 12:15:00,8484.55,8488.45,8443.3,8445.55,0
2023-01-17 13:15:00,8445.65,8494.55,8443.75,8492.7,0
2023-01-17 14:15:00,8493.7,8569.75,8479.45,8562.45,0
2023-01-17 15:15:00,8561.25,8578.4,8557.9,8566.0,0
2023-01-18 09:15:00,8553.4,8573.85,8525.8,8541.95,0
2023-01-18 10:15:00,8542.0,8543.25,8520.5,8534.6,0
2023-01-18 11:15:00,8535.0,8566.45,8534.65,8560.3,0
2023-01-18 12:15:00,8560.9,8569.45,8550.2,8558.25,0
2023-01-18 13:15:00,8558.35,8584.85,8538.4,8557.2,0
2023-01-18 14:15:00,8556.85,8568.9,8534.8,8544.05,0
2023-01-18 15:15:00,8543.85,8554.9,8528.5,8533.15,0
2023-01-19 09:15:00,8525.35,8566.4,8510.55,8540.8,0
2023-01-19 10:15:00,8540.55,8586.25,8532.6,8576.3,0
2023-01-19 11:15:00,8576.5,8579.35,8555.6,8567.45,0
2023-01-19 12:15:00,8566.85,8571.85,8552.75,8563.95,0
2023-01-19 13:15:00,8564.15,8570.4,8554.45,8568.55,0
2023-01-19 14:15:00,8566.9,8602.3,8533.95,8601.75,0
2023-01-19 15:15:00,8600.05,8603.0,8581.15,8581.15,0
2023-01-20 09:15:00,8589.7,8608.35,8537.5,8606.8,0
2023-01-20 10:15:00,8605.25,8614.35,8589.3,8591.2,0
2023-01-20 11:15:00,8592.1,8604.05,8586.7,8602.15,0
2023-01-20 12:15:00,8602.4,8608.95,8590.2,8605.7,0
2023-01-20 13:15:00,8606.05,8618.55,8579.5,8589.1,0
2023-01-20 14:15:00,8588.15,8617.65,8568.5,8601.05,0
2023-01-20 15:15:00,8600.75,8606.45,8585.25,8594.45,0
2023-01-23 09:15:00,8632.5,8665.35,8620.7,8654.25,0
2023-01-23 10:15:00,8653.8,8668.95,8632.4,8634.25,0
2023-01-23 11:15:00,8634.25,8641.1,8624.55,8631.1,0
2023-01-23 12:15:00,8631.15,8636.9,8623.6,8631.15,0
2023-01-23 13:15:00,8631.15,8652.75,8630.1,8645.0,0
2023-01-23 14:15:00,8646.1,8654.2,8628.0,8635.95,0
2023-01-23 15:15:00,8636.6,8638.15,8613.4,8620.3,0
2023-01-24 09:15:00,8669.6,8669.6,8564.05,8590.2,0
2023-01-24 10:15:00,8589.95,8630.2,8587.55,8610.25,0
2023-01-24 11:15:00,8610.0,8616.9,8596.1,8610.35,0
2023-01-24 12:15:00,8610.25,8614.9,8602.35,8606.55,0
2023-01-24 13:15:00,8607.85,8611.85,8576.45,8588.75,0
2023-01-24 14:15:00,8590.5,8613.5,8578.45,8601.3,0
2023-01-24 15:15:00,8602.65,8602.65,8574.0,8578.25,0
2023-01-25 09:15:00,8572.05,8593.9,8490.65,8494.6,0
2023-01-25 10:15:00,8494.45,8504.75,8448.55,8489.8,0
2023-01-25 11:15:00,8488.8,8500.4,8466.2,8477.1,0
2023-01-25 12:15:00,8477.65,8478.35,8454.7,8461.65,0
2023-01-25 13:15:00,8460.95,8469.65,8455.4,8460.9,0
2023-01-25 14:15:00,8460.7,8467.2,8395.6,8417.15,0
2023-01-25 15:15:00,8417.15,8481.7,8402.25,8481.7,0
2023-01-27 09:15:00,8353.9,8353.9,8012.25,8017.0,0
2023-01-27 10:15:00,8014.0,8070.9,7963.95,7978.35,0
2023-01-27 11:15:00,7977.75,7989.0,7910.7,7918.4,0
2023-01-27 12:15:00,7918.2,7932.5,7885.95,7926.9,0
2023-01-27 13:15:00,7927.4,7931.5,7908.15,7913.9,0
2023-01-27 14:15:00,7913.95,7963.75,7909.4,7959.4,0
2023-01-27 15:15:00,7959.7,7968.85,7954.55,7956.85,0
2023-01-30 09:15:00,7757.45,7774.8,7639.5,7677.65,0
2023-01-30 10:15:00,7678.1,7690.35,7664.35,7684.25,0
2023-01-30 11:15:00,7684.45,7708.7,7672.45,7697.75,0
2023-01-30 12:15:00,7698.1,7702.25,7645.7,7646.65,0
2023-01-30 13:15:00,7646.2,7672.3,7601.1,7625.85,0
2023-01-30 14:15:00,7625.95,7676.2,7617.2,7668.05,0
2023-01-30 15:15:00,7668.3,7689.65,7664.5,7686.25,0
2023-01-31 09:15:00,7623.95,7638.2,7593.6,7624.65,0
2023-01-31 10:15:00,7624.2,7637.9,7603.9,7613.3,0
2023-01-31 11:15:00,7613.85,7622.15,7597.9,7600.8,0
2023-01-31 12:15:00,7600.05,7615.8,7595.65,7613.85,0
2023-01-31 13:15:00,7613.35,7618.8,7570.9,7576.9,0
2023-01-31 14:15:00,7577.35,7596.8,7571.55,7586.4,0
2023-01-31 15:15:00,7586.15,7595.3,7582.95,7593.25,0
2023-02-01 09:15:00,7552.75,7576.25,7499.25,7507.95,0
2023-02-01 10:15:00,7507.3,7521.25,7506.35,7511.55,0
2023-02-01 11:15:00,7512.3,7513.7,7488.1,7503.45,0
2023-02-01 12:15:00,7502.9,7532.85,7497.55,7509.15,0
2023-02-01 13:15:00,7509.2,7510.4,7430.6,7444.7,0
2023-02-01 14:15:00,7445.25,7457.7,7344.05,7435.0,0
2023-02-01 15:15:00,7436.1,7441.95,7421.25,7433.1,0
2023-02-02 09:15:00,7307.2,7326.85,7256.5,7258.0,0
2023-02-02 10:15:00,7258.05,7275.95,7249.05,7263.65,0
2023-02-02 11:15:00,7263.35,7312.45,7257.0,7297.85,0
2023-02-02 12:15:00,7298.8,7301.05,7281.6,7290.65,0
2023-02-02 13:15:00,7290.65,7292.3,7263.75,7264.65,0
2023-02-02 14:15:00,7266.0,7293.45,7266.0,7286.35,0
2023-02-02 15:15:00,7286.3,7292.3,7277.15,7283.0,0
2023-02-03 09:15:00,7280.8,7280.8,7147.4,7179.1,0
2023-02-03 10:15:00,7180.3,7186.55,7148.35,7162.45,0
2023-02-03 11:15:00,7162.35,7175.5,7155.05,7173.05,0
2023-02-03 12:15:00,7172.75,7191.95,7170.25,7183.1,0
2023-02-03 13:15:00,7183.0,7208.25,7179.35,7199.05,0
2023-02-03 14:15:00,7198.9,7227.3,7198.4,7215.0,0
2023-02-03 15:15:00,7215.25,7229.3,7212.55,7227.25,0
2023-02-06 09:15:00,7150.5,7178.85,7140.75,7165.0,0
2023-02-06 10:15:00,7164.55,7191.25,7154.55,7186.85,0
2023-02-06 11:15:00,7187.75,7193.65,7179.6,7184.05,0
2023-02-06 12:15:00,7183.95,7197.9,7179.45,7184.5,0
2023-02-06 13:15:00,7184.35,7206.5,7181.9,7201.35,0
2023-02-06 14:15:00,7201.55,7207.35,7190.35,7204.15,0
2023-02-06 15:15:00,7203.7,7211.1,7203.3,7210.05,0
2023-02-07 09:15:00,7179.75,7209.05,7168.65,7174.95,0
2023-02-07 10:15:00,7174.45,7196.35,7156.2,7169.6,0
2023-02-07 11:15:00,7168.9,7183.8,7161.8,7183.35,0
2023-02-07 12:15:00,7183.5,7187.05,7174.5,7174.5,0
2023-02-07 13:15:00,7174.9,7189.85,7171.25,7181.6,0
2023-02-07 14:15:00,7181.25,7196.15,7167.95,7188.85,0
2023-02-07 15:15:00,7188.8,7193.2,7183.85,7189.05,0
2023-02-08 09:15:00,7168.75,7190.5,7140.7,7185.4,0
2023-02-08 10:15:00,7184.25,7206.0,7167.65,7201.8,0
2023-02-08 11:15:00,7202.55,7224.2,7200.65,7214.25,0
2023-02-08 12:15:00,7213.85,7226.3,7203.6,7219.2,0
2023-02-08 13:15:00,7219.9,7235.45,7213.45,7232.65,0
2023-02-08 14:15:00,7232.55,7238.9,7226.35,7233.2,0
2023-02-08 15:15:00,7232.85,7237.4,7227.05,7228.9,0
2023-02-09 09:15:00,7202.7,7204.0,7151.4,7190.45,0
2023-02-09 10:15:00,7190.85,7226.3,7188.45,7210.8,0
2023-02-09 11:15:00,7210.1,7224.0,7199.95,7205.75,0
2023-02-09 12:15:00,7206.15,7214.75,7198.05,7202.2,0
2023-02-09 13:15:00,7201.9,7209.8,7198.4,7206.35,0
2023-02-09 14:15:00,7205.65,7218.05,7193.55,7209.75,0
2023-02-09 15:15:00,7209.75,7212.5,7203.15,7208.4,0
2023-02-10 09:15:00,7178.85,7181.0,7144.8,7153.4,0
2023-02-10 10:15:00,7153.8,7154.2,7137.4,7146.7,0
2023-02-10 11:15:00,7146.7,7159.05,7142.8,7144.15,0
2023-02-10 12:15:00,7143.2,7156.95,7141.1,7152.7,0
2023-02-10 13:15:00,7152.6,7167.15,7151.6,7165.6,0
2023-02-10 14:15:00,7165.65,7173.9,7157.45,7170.55,0
2023-02-10 15:15:00,7170.0,7174.15,7166.0,7167.1,0
2023-02-13 09:15:00,7158.75,7171.7,7107.0,7119.6,0
2023-02-13 10:15:00,7121.1,7136.2,7118.8,7124.15,0
2023-02-13 11:15:00,7124.65,7129.7,7111.25,7120.15,0
2023-02-13 12:15:00,7121.55,7131.35,7112.35,7128.2,0
2023-02-13 13:15:00,7128.3,7138.05,7124.05,7135.45,0
2023-02-13 14:15:00,7134.35,7152.45,7132.35,7136.85,0
2023-02-13 15:15:00,7137.05,7140.1,7129.6,7137.9,0
2023-02-14 09:15:00,7117.25,7136.5,7089.95,7132.8,0
2023-02-14 10:15:00,7132.3,7149.4,7130.4,7138.25,0
2023-02-14 11:15:00,7137.9,7157.6,7134.65,7152.0,0
2023-02-14 12:15:00,7152.05,7175.45,7150.2,7173.65,0
2023-02-14 13:15:00,7173.65,7174.95,7156.25,7167.95,0
2023-02-14 14:15:00,7168.0,7178.85,7161.1,7168.45,0
2023-02-14 15:15:00,7168.45,7175.85,7166.8,7170.05,0
2023-02-15 09:15:00,7136.45,7180.95,7136.45,7172.15,0
2023-02-15 10:15:00,7172.4,7179.85,7153.85,7158.5,0
2023-02-15 11:15:00,7158.45,7171.3,7155.7,7159.4,0
2023-02-15 12:15:00,7159.05,7178.4,7159.05,7165.2,0
2023-02-15 13:15:00,7165.45,7173.55,7155.3,7172.9,0
2023-02-15 14:15:00,7172.1,7198.35,7168.8,7196.55,0
2023-02-15 15:15:00,7196.2,7203.8,7194.45,7198.35,0
2023-02-16 09:15:00,7212.7,7282.65,7203.75,7248.75,0
2023-02-16 10:15:00,7248.45,7258.1,7214.45,7219.55,0
2023-02-16 11:15:00,7219.5,7222.95,7202.6,7211.7,0
2023-02-16 12:15:00,7212.45,7221.2,7198.55,7216.5,0
2023-02-16 13:15:00,7216.55,7223.4,7207.2,7217.4,0
2023-02-16 14:15:00,7217.3,7228.7,7207.8,7221.3,0
2023-02-16 15:15:00,7220.5,7223.3,7212.0,7214.45,0
2023-02-17 09:15:00,7192.65,7236.5,7177.9,7200.6,0
2023-02-17 10:15:00,7201.0,7214.75,7197.55,7214.35,0
2023-02-17 11:15:00,7214.15,7241.2,7211.65,7232.2,0
2023-02-17 12:15:00,7231.95,7234.15,7204.65,7207.35,0
2023-02-17 13:15:00,7207.8,7238.5,7196.95,7235.3,0
2023-02-17 14:15:00,7234.35,7235.8,7205.15,7232.8,0
2023-02-17 15:15:00,7231.75,7236.15,7225.95,7225.95,0
2023-02-20 09:15:00,7227.25,7232.6,7181.45,7187.25,0
2023-02-20 10:15:00,7187.95,7189.1,7171.45,7188.25,0
2023-02-20 11:15:00,7188.65,7196.3,7183.25,7185.8,0
2023-02-20 12:15:00,7186.2,7192.5,7170.2,7171.6,0
2023-02-20 13:15:00,7172.25,7173.5,7154.7,7157.35,0
2023-02-20 14:15:00,7156.9,7164.8,7148.1,7148.1,0
2023-02-20 15:15:00,7150.15,7151.0,7138.3,7146.0,0
2023-02-21 09:15:00,7150.6,7163.9,7126.05,7136.95,0
2023-02-21 10:15:00,7136.95,7148.4,7135.15,7146.35,0
2023-02-21 11:15:00,7146.4,7154.1,7136.8,7142.7,0
2023-02-21 12:15:00,7142.45,7147.4,7129.65,7145.85,0
2023-02-21 13:15:00,7145.9,7159.55,7139.4,7146.25,0
2023-02-21 14:15:00,7146.5,7146.6,7118.4,7124.2,0
2023-02-21 15:15:00,7124.1,7129.2,7119.75,7121.7,0
2023-02-22 09:15:00,7084.8,7090.1,7015.35,7023.25,0
2023-02-22 10:15:00,7023.45,7033.95,7009.75,7031.3,0
2023-02-22 11:15:00,7031.3,7042.7,7026.4,7039.0,0
2023-02-22 12:15:00,7038.75,7047.4,7035.2,7038.75,0
2023-02-22 13:15:00,7038.5,7044.95,7016.4,7019.05,0
2023-02-22 14:15:00,7018.7,7043.15,7014.85,7026.55,0
2023-02-22 15:15:00,7026.3,7029.55,7018.65,7029.25,0
2023-02-23 09:15:00,7022.4,7041.7,6979.7,7028.9,0
2023-02-23 10:15:00,7029.05,7049.3,7027.0,7047.25,0
2023-02-23 11:15:00,7048.15,7052.65,7036.25,7038.25,0
2023-02-23 12:15:00,7038.45,7046.45,7033.35,7041.4,0
2023-02-23 13:15:00,7041.55,7049.9,7032.15,7045.85,0
2023-02-23 14:15:00,7044.8,7047.25,7008.55,7009.8,0
2023-02-23 15:15:00,7008.95,7021.6,7004.8,7019.55,0
2023-02-24 09:15:00,7018.05,7036.0,6999.75,7028.85,0
2023-02-24 10:15:00,7029.05,7046.2,7025.35,7037.6,0
2023-02-24 11:15:00,7038.35,7051.05,7035.5,7045.45,0
2023-02-24 12:15:00,7045.75,7047.75,7029.0,7037.3,0
2023-02-24 13:15:00,7037.55,7059.4,7030.6,7048.25,0
2023-02-24 14:15:00,7048.45,7068.3,7035.95,7066.05,0
2023-02-24 15:15:00,7066.6,7078.15,7064.95,7071.3,0
2023-02-27 09:15:00,7045.55,7055.3,7008.95,7009.95,0
2023-02-27 10:15:00,7009.75,7047.7,7007.3,7047.3,0
2023-02-27 11:15:00,7047.7,7048.55,6988.15,6998.7,0
2023-02-27 12:15:00,6998.6,7015.9,6993.5,6999.3,0
2023-02-27 13:15:00,6998.25,7022.55,6995.9,7013.5,0
2023-02-27 14:15:00,7013.55,7039.1,6999.1,7037.1,0
2023-02-27 15:15:00,7036.4,7046.65,7032.95,7033.65,0
2023-02-28 09:15:00,6996.2,7012.9,6970.35,6973.95,0
2023-02-28 10:15:00,6974.25,6982.7,6944.85,6956.65,0
2023-02-28 11:15:00,6956.9,6977.15,6946.55,6974.75,0
2023-02-28 12:15:00,6974.75,6980.6,6966.25,6974.75,0
2023-02-28 13:15:00,6974.75,6978.05,6947.85,6953.05,0
2023-02-28 14:15:00,6953.85,6974.4,6933.8,6948.85,0
2023-02-28 15:15:00,6947.7,6950.05,6924.85,6933.5,0
2023-03-01 09:15:00,6949.2,6994.8,6941.3,6985.2,0
2023-03-01 10:15:00,6985.6,6994.55,6956.0,6988.8,0
2023-03-01 11:15:00,6989.0,6989.1,6971.0,6978.55,0
2023-03-01 12:15:00,6978.2,7000.95,6976.7,6999.0,0
2023-03-01 13:15:00,6999.5,7016.3,6994.65,7012.2,0
2023-03-01 14:15:00,7011.65,7019.6,7004.85,7015.95,0
2023-03-01 15:15:00,7015.95,7018.6,7012.2,7017.45,0
2023-03-02 09:15:00,7008.5,7024.4,6997.15,7016.35,0
2023-03-02 10:15:00,7016.65,7026.15,7006.1,7025.2,0
2023-03-02 11:15:00,7024.9,7044.5,7022.45,7037.6,0
2023-03-02 12:15:00,7037.4,7045.2,7020.1,7022.5,0
2023-03-02 13:15:00,7023.15,7029.8,7006.1,7016.6,0
2023-03-02 14:15:00,7017.5,7024.7,7013.0,7019.65,0
2023-03-02 15:15:00,7019.5,7024.5,7015.35,7019.4,0
2023-03-03 09:15:00,7074.7,7098.75,7068.55,7092.9,0
2023-03-03 10:15:00,7093.5,7094.05,7083.2,7086.5,0
2023-03-03 11:15:00,7085.6,7097.05,7080.6,7094.15,0
2023-03-03 12:15:00,7095.1,7115.7,7086.65,7106.45,0
2023-03-03 13:15:00,7105.2,7128.9,7103.0,7127.15,0
2023-03-03 14:15:00,7127.15,7132.75,7110.4,7111.9,0
2023-03-03 15:15:00,7112.5,7113.4,7103.45,7106.2,0
2023-03-06 09:15:00,7153.4,7223.3,7152.55,7215.3,0
2023-03-06 10:15:00,7215.65,7232.1,7210.5,7232.1,0
2023-03-06 11:15:00,7232.6,7252.0,7223.95,7250.5,0
2023-03-06 12:15:00,7251.1,7260.55,7232.05,7257.95,0
2023-03-06 13:15:00,7257.35,7277.55,7252.15,7269.55,0
2023-03-06 14:15:00,7269.2,7278.2,7245.15,7245.6,0
2023-03-06 15:15:00,7244.85,7252.3,7242.75,7250.2,0
2023-03-08 09:15:00,7248.9,7310.25,7227.2,7306.1,0
2023-03-08 10:15:00,7306.3,7309.8,7288.4,7294.95,0
2023-03-08 11:15:00,7295.15,7299.1,7271.9,7276.45,0
2023-03-08 12:15:00,7276.6,7285.95,7270.2,7280.65,0
2023-03-08 13:15:00,7280.5,7297.45,7277.75,7295.05,0
2023-03-08 14:15:00,7295.2,7310.95,7291.75,7305.4,0
2023-03-08 15:15:00,7305.15,7309.05,7302.35,7307.95,0
2023-03-09 09:15:00,7334.5,7334.5,7280.95,7282.55,0
2023-03-09 10:15:00,7283.05,7292.45,7278.0,7289.9,0
2023-03-09 11:15:00,7289.85,7297.7,7280.55,7287.1,0
2023-03-09 12:15:00,7287.05,7288.15,7270.65,7271.1,0
2023-03-09 13:15:00,7271.3,7276.15,7254.8,7261.75,0
2023-03-09 14:15:00,7262.05,7264.2,7236.45,7237.1,0
2023-03-09 15:15:00,7237.6,7244.1,7231.65,7241.7,0
2023-03-10 09:15:00,7206.4,7206.85,7152.9,7202.55,0
2023-03-10 10:15:00,7203.2,7221.55,7196.65,7219.75,0
2023-03-10 11:15:00,7219.6,7233.75,7211.2,7213.8,0
2023-03-10 12:15:00,7212.9,7225.0,7203.5,7220.65,0
2023-03-10 13:15:00,7221.45,7221.65,7197.85,7211.2,0
2023-03-10 14:15:00,7211.2,7226.45,7206.9,7225.25,0
2023-03-10 15:15:00,7225.05,7234.15,7225.05,7232.15,0
2023-03-13 09:15:00,7259.35,7286.2,7232.4,7241.6,0
2023-03-13 10:15:00,7240.9,7243.25,7220.15,7226.15,0
2023-03-13 11:15:00,7226.15,7235.75,7219.2,7229.1,0
2023-03-13 12:15:00,7229.05,7235.45,7207.7,7218.0,0
2023-03-13 13:15:00,7218.35,7236.55,7191.7,7196.45,0
2023-03-13 14:15:00,7195.8,7198.25,7144.65,7161.35,0
2023-03-13 15:15:00,7160.75,7177.85,7160.75,7172.1,0
2023-03-14 09:15:00,7145.05,7181.8,7132.25,7161.1,0
2023-03-14 10:15:00,7161.7,7161.9,7136.15,7138.0,0
2023-03-14 11:15:00,7138.15,7155.0,7127.0,7146.55,0
2023-03-14 12:15:00,7146.4,7175.05,7128.35,7128.75,0
2023-03-14 13:15:00,7128.6,7131.25,7102.9,7109.5,0
2023-03-14 14:15:00,7108.9,7135.8,7102.05,7120.8,0
2023-03-14 15:15:00,7121.65,7126.7,7113.15,7125.3,0
2023-03-15 09:15:00,7133.9,7139.95,7106.3,7115.1,0
2023-03-15 10:15:00,7115.0,7121.65,7099.3,7107.0,0
2023-03-15 11:15:00,7107.3,7132.85,7106.55,7109.4,0
2023-03-15 12:15:00,7109.65,7121.05,7101.85,7108.7,0
2023-03-15 13:15:00,7107.5,7137.65,7096.1,7131.95,0
2023-03-15 14:15:00,7132.7,7148.65,7065.6,7068.0,0
2023-03-15 15:15:00,7067.05,7075.45,7058.5,7068.05,0
2023-03-16 09:15:00,7074.7,7101.35,7016.55,7051.75,0
2023-03-16 10:15:00,7051.2,7141.6,7044.6,7129.05,0
2023-03-16 11:15:00,7128.75,7142.25,7101.6,7106.8,0
2023-03-16 12:15:00,7107.05,7144.55,7103.35,7143.8,0
2023-03-16 13:15:00,7144.75,7162.0,7121.65,7157.5,0
2023-03-16 14:15:00,7158.9,7168.65,7105.45,7113.15,0
2023-03-16 15:15:00,7113.95,7127.95,7110.5,7124.7,0
2023-03-17 09:15:00,7169.15,7187.15,7120.35,7128.15,0
2023-03-17 10:15:00,7128.55,7135.35,7113.1,7120.1,0
2023-03-17 11:15:00,7120.05,7120.25,7093.9,7101.2,0
2023-03-17 12:15:00,7100.5,7119.0,7089.75,7114.6,0
2023-03-17 13:15:00,7114.95,7161.85,7110.65,7156.05,0
2023-03-17 14:15:00,7156.25,7159.2,7112.75,7122.65,0
2023-03-17 15:15:00,7122.45,7124.55,7101.75,7109.5,0
2023-03-20 09:15:00,7105.4,7105.4,7064.75,7078.95,0
2023-03-20 10:15:00,7078.85,7086.6,7064.15,7080.35,0
2023-03-20 11:15:00,7080.15,7081.5,7060.75,7067.65,0
2023-03-20 12:15:00,7067.8,7073.95,7048.9,7061.5,0
2023-03-20 13:15:00,7061.8,7075.05,7052.45,7056.35,0
2023-03-20 14:15:00,7056.15,7081.45,7052.2,7078.05,0
2023-03-20 15:15:00,7077.1,7091.95,7075.4,7089.55,0
2023-03-21 09:15:00,7118.55,7144.5,7082.75,7118.4,0
2023-03-21 10:15:00,7118.4,7142.3,7116.05,7138.75,0
2023-03-21 11:15:00,7138.5,7152.6,7122.7,7140.85,0
2023-03-21 12:15:00,7140.9,7167.5,7140.7,7165.9,0
2023-03-21 13:15:00,7166.2,7170.9,7155.1,7165.05,0
2023-03-21 14:15:00,7165.35,7173.25,7156.8,7162.8,0
2023-03-21 15:15:00,7162.8,7175.65,7161.25,7171.5,0
2023-03-22 09:15:00,7203.6,7207.55,7175.8,7187.15,0
2023-03-22 10:15:00,7187.55,7189.9,7177.2,7187.75,0
2023-03-22 11:15:00,7187.15,7192.3,7177.3,7177.75,0
2023-03-22 12:15:00,7177.85,7183.3,7168.45,7177.6,0
2023-03-22 13:15:00,7177.2,7196.1,7165.45,7190.6,0
2023-03-22 14:15:00,7191.5,7204.1,7163.9,7183.0,0
2023-03-22 15:15:00,7183.55,7186.35,7174.85,7177.8,0
2023-03-23 09:15:00,7168.75,7182.7,7145.05,7173.6,0
2023-03-23 10:15:00,7173.5,7185.7,7160.0,7175.7,0
2023-03-23 11:15:00,7175.6,7189.95,7172.45,7185.3,0
2023-03-23 12:15:00,7185.3,7198.75,7174.85,7187.1,0
2023-03-23 13:15:00,7187.0,7197.95,7182.2,7182.2,0
2023-03-23 14:15:00,7181.9,7187.0,7161.45,7169.35,0
2023-03-23 15:15:00,7168.95,7173.6,7163.3,7166.45,0
2023-03-24 09:15:00,7180.3,7189.1,7115.25,7130.7,0
2023-03-24 10:15:00,7131.6,7139.65,7085.2,7125.7,0
2023-03-24 11:15:00,7126.6,7138.15,7109.1,7130.35,0
2023-03-24 12:15:00,7130.05,7146.75,7119.65,7145.55,0
2023-03-24 13:15:00,7145.75,7153.25,7118.45,7121.55,0
2023-03-24 14:15:00,7121.7,7121.75,7069.2,7070.3,0
2023-03-24 15:15:00,7070.85,7071.8,7052.65,7062.6,0
2023-03-27 09:15:00,7082.5,7117.35,7056.65,7113.1,0
2023-03-27 10:15:00,7113.55,7121.1,7065.95,7080.95,0
2023-03-27 11:15:00,7079.95,7116.25,7070.65,7108.3,0
2023-03-27 12:15:00,7108.65,7113.15,7088.2,7088.95,0
2023-03-27 13:15:00,7089.55,7108.6,7085.0,7102.0,0
2023-03-27 14:15:00,7102.3,7114.6,7060.05,7060.6,0
2023-03-27 15:15:00,7060.45,7062.45,7051.4,7054.05,0
2023-03-28 09:15:00,7053.65,7056.4,6990.45,7002.8,0
2023-03-28 10:15:00,7002.65,7008.5,6991.0,7007.5,0
2023-03-28 11:15:00,7008.0,7018.3,7000.85,7003.7,0
2023-03-28 12:15:00,7003.45,7026.6,6997.65,7026.45,0
2023-03-28 13:15:00,7025.7,7029.4,7009.6,7011.6,0
2023-03-28 14:15:00,7012.1,7038.1,7005.25,7033.25,0
2023-03-28 15:15:00,7032.5,7037.25,7028.9,7030.7,0
2023-03-29 09:15:00,7001.1,7028.95,6988.05,7028.25,0
2023-03-29 10:15:00,7029.15,7034.35,6986.7,6994.35,0
2023-03-29 11:15:00,6994.25,7004.2,6974.5,6983.5,0
2023-03-29 12:15:00,6983.0,7010.8,6980.8,7003.0,0
2023-03-29 13:15:00,7003.05,7030.85,7000.45,7028.95,0
2023-03-29 14:15:00,7028.95,7037.55,7011.9,7024.7,0
2023-03-29 15:15:00,7025.95,7052.95,7022.75,7048.75,0
2023-03-31 09:15:00,7080.1,7160.4,7080.1,7147.15,0
2023-03-31 10:15:00,7147.65,7150.95,7130.0,7131.95,0
2023-03-31 11:15:00,7131.4,7152.3,7130.3,7150.05,0
2023-03-31 12:15:00,7149.85,7160.45,7145.35,7159.0,0
2023-03-31 13:15:00,7159.25,7201.0,7157.85,7181.35,0
2023-03-31 14:15:00,7181.3,7187.2,7145.35,7149.25,0
2023-03-31 15:15:00,7148.7,7154.45,7139.7,7154.3,0
2023-04-03 09:15:00,7179.55,7185.9,7139.2,7172.8,0
2023-04-03 10:15:00,7172.55,7176.45,7137.1,7139.3,0
2023-04-03 11:15:00,7139.35,7151.45,7134.0,7140.1,0
2023-04-03 12:15:00,7140.15,7144.55,7122.2,7125.05,0
2023-04-03 13:15:00,7124.75,7131.35,7105.9,7113.45,0
2023-04-03 14:15:00,7113.25,7121.35,7103.85,7119.5,0
2023-04-03 15:15:00,7119.35,7127.6,7116.45,7124.35,0
2023-04-05 09:15:00,7172.1,7172.1,7110.2,7113.0,0
2023-04-05 10:15:00,7112.85,7123.1,7104.4,7109.4,0
2023-04-05 11:15:00,7108.7,7112.15,7088.35,7110.35,0
2023-04-05 12:15:00,7110.35,7122.05,7106.5,7112.25,0
2023-04-05 13:15:00,7112.3,7112.85,7097.05,7108.7,0
2023-04-05 14:15:00,7108.6,7123.35,7099.95,7118.25,0
2023-04-05 15:15:00,7119.35,7127.65,7115.4,7125.6,0
2023-04-06 09:15:00,7133.35,7149.55,7115.45,7137.3,0
2023-04-06 10:15:00,7136.75,7141.3,7126.25,7134.55,0
2023-04-06 11:15:00,7134.6,7151.9,7126.0,7149.8,0
2023-04-06 12:15:00,7149.9,7180.6,7148.9,7166.2,0
2023-04-06 13:15:00,7166.2,7171.15,7153.75,7162.85,0
2023-04-06 14:15:00,7162.55,7178.75,7160.0,7162.65,0
2023-04-06 15:15:00,7163.05,7169.05,7160.9,7165.7,0
2023-04-10 09:15:00,7193.05,7245.0,7186.0,7242.7,0
2023-04-10 10:15:00,7244.1,7245.95,7217.85,7228.45,0
2023-04-10 11:15:00,7228.8,7232.5,7220.75,7231.3,0
2023-04-10 12:15:00,7231.3,7239.65,7224.8,7238.25,0
2023-04-10 13:15:00,7238.5,7243.0,7222.2,7223.8,0
2023-04-10 14:15:00,7223.7,7224.6,7208.35,7222.1,0
2023-04-10 15:15:00,7221.2,7224.5,7214.3,7215.05,0
2023-04-11 09:15:00,7244.5,7285.2,7242.25,7279.7,0
2023-04-11 10:15:00,7280.4,7281.6,7266.2,7268.4,0
2023-04-11 11:15:00,7268.7,7276.65,7262.0,7264.55,0
2023-04-11 12:15:00,7264.85,7283.85,7262.0,7277.6,0
2023-04-11 13:15:00,7278.1,7289.85,7276.5,7281.95,0
2023-04-11 14:15:00,7281.9,7291.7,7274.75,7290.05,0
2023-04-11 15:15:00,7289.45,7294.2,7282.0,7283.8,0
2023-04-12 09:15:00,7314.15,7327.55,7283.8,7286.05,0
2023-04-12 10:15:00,7287.15,7304.3,7273.7,7300.45,0
2023-04-12 11:15:00,7300.55,7310.35,7293.1,7306.65,0
2023-04-12 12:15:00,7305.9,7319.2,7300.9,7315.35,0
2023-04-12 13:15:00,7315.5,7323.15,7305.75,7312.25,0
2023-04-12 14:15:00,7312.15,7313.75,7287.05,7298.9,0
2023-04-12 15:15:00,7299.3,7308.5,7297.15,7304.95,0
2023-04-13 09:15:00,7324.55,7332.2,7287.2,7296.25,0
2023-04-13 10:15:00,7296.55,7299.0,7271.2,7276.3,0
2023-04-13 11:15:00,7275.9,7277.9,7266.15,7267.85,0
2023-04-13 12:15:00,7267.65,7272.5,7261.7,7266.55,0
2023-04-13 13:15:00,7266.1,7276.55,7261.0,7265.65,0
2023-04-13 14:15:00,7265.3,7280.3,7264.45,7278.85,0
2023-04-13 15:15:00,7279.4,7286.35,7278.1,7280.5,0
2023-04-17 09:15:00,7359.0,7359.0,7274.55,7305.9,0
2023-04-17 10:15:00,7304.95,7312.75,7294.0,7308.8,0
2023-04-17 11:15:00,7309.8,7336.3,7308.6,7329.45,0
2023-04-17 12:15:00,7330.15,7337.4,7321.25,7327.65,0
2023-04-17 13:15:00,7327.6,7335.75,7316.5,7335.15,0
2023-04-17 14:15:00,7334.65,7353.55,7327.3,7350.2,0
2023-04-17 15:15:00,7350.05,7352.95,7345.85,7350.4,0
2023-04-18 09:15:00,7361.9,7367.5,7327.7,7335.05,0
2023-04-18 10:15:00,7335.2,7340.6,7322.45,7329.9,0
2023-04-18 11:15:00,7329.95,7330.7,7311.25,7324.9,0
2023-04-18 12:15:00,7324.9,7342.1,7324.5,7327.75,0
2023-04-18 13:15:00,7327.75,7328.05,7301.45,7317.25,0
2023-04-18 14:15:00,7317.4,7334.5,7312.6,7332.15,0
2023-04-18 15:15:00,7332.3,7332.3,7322.15,7323.1,0
2023-04-19 09:15:00,7317.3,7329.5,7300.0,7317.45,0
2023-04-19 10:15:00,7317.55,7335.85,7309.95,7335.8,0
2023-04-19 11:15:00,7335.0,7342.1,7329.05,7338.55,0
2023-04-19 12:15:00,7339.3,7346.05,7327.75,7331.2,0
2023-04-19 13:15:00,7331.95,7331.95,7304.55,7311.65,0
2023-04-19 14:15:00,7311.65,7350.45,7307.95,7347.35,0
2023-04-19 15:15:00,7347.35,7350.45,7334.6,7338.35,0
2023-04-20 09:15:00,7358.15,7365.0,7333.6,7336.0,0
2023-04-20 10:15:00,7335.0,7345.15,7317.1,7327.55,0
2023-04-20 11:15:00,7327.85,7331.6,7318.3,7330.15,0
2023-04-20 12:15:00,7330.1,7330.95,7312.05,7315.35,0
2023-04-20 13:15:00,7315.35,7325.3,7309.3,7318.6,0
2023-04-20 14:15:00,7319.0,7331.45,7317.85,7330.25,0
2023-04-20 15:15:00,7330.85,7331.55,7323.8,7325.05,0
2023-04-21 09:15:00,7339.55,7350.15,7319.0,7326.4,0
2023-04-21 10:15:00,7326.35,7331.2,7308.55,7328.3,0
2023-04-21 11:15:00,7329.1,7337.4,7327.85,7333.15,0
2023-04-21 12:15:00,7333.85,7334.9,7316.4,7319.4,0
2023-04-21 13:15:00,7319.65,7337.3,7313.55,7334.5,0
2023-04-21 14:15:00,7335.05,7349.15,7332.1,7336.9,0
2023-04-21 15:15:00,7337.25,7339.65,7330.6,7331.35,0
2023-04-24 09:15:00,7366.6,7379.35,7337.6,7345.6,0
2023-04-24 10:15:00,7344.95,7355.7,7338.2,7341.3,0
2023-04-24 11:15:00,7341.45,7349.15,7336.35,7346.35,0
2023-04-24 12:15:00,7346.85,7350.15,7339.95,7346.9,0
2023-04-24 13:15:00,7346.75,7358.9,7343.5,7356.4,0
2023-04-24 14:15:00,7355.85,7358.5,7342.55,7354.0,0
2023-04-24 15:15:00,7354.55,7355.85,7348.45,7351.9,0
2023-04-25 09:15:00,7363.7,7388.9,7355.1,7381.85,0
2023-04-25 10:15:00,7381.85,7404.0,7379.8,7399.05,0
2023-04-25 11:15:00,7399.3,7399.6,7390.55,7392.6,0
2023-04-25 12:15:00,7392.8,7401.05,7390.8,7400.05,0
2023-04-25 13:15:00,7399.9,7404.0,7393.3,7403.25,0
2023-04-25 14:15:00,7403.85,7419.3,7402.05,7408.6,0
2023-04-25 15:15:00,7408.35,7409.5,7394.25,7395.55,0
2023-04-26 09:15:00,7407.85,7410.75,7365.5,7384.15,0
2023-04-26 10:15:00,7384.3,7390.6,7370.1,7387.35,0
2023-04-26 11:15:00,7387.4,7407.4,7386.1,7403.45,0
2023-04-26 12:15:00,7403.7,7407.5,7394.35,7395.25,0
2023-04-26 13:15:00,7395.2,7402.7,7390.95,7401.25,0
2023-04-26 14:15:00,7401.5,7405.5,7396.35,7402.25,0
2023-04-26 15:15:00,7402.3,7407.15,7389.7,7391.85,0
2023-04-27 09:15:00,7411.0,7426.6,7395.0,7421.7,0
2023-04-27 10:15:00,7421.6,7428.45,7415.7,7420.6,0
2023-04-27 11:15:00,7420.65,7427.15,7413.15,7414.4,0
2023-04-27 12:15:00,7414.15,7418.75,7408.45,7417.85,0
2023-04-27 13:15:00,7418.15,7427.3,7417.15,7424.55,0
2023-04-27 14:15:00,7424.2,7431.5,7414.4,7428.4,0
2023-04-27 15:15:00,7428.6,7434.95,7425.55,7434.95,0
2023-04-28 09:15:00,7446.75,7447.3,7381.5,7426.5,0
2023-04-28 10:15:00,7426.5,7462.65,7424.0,7461.7,0
2023-04-28 11:15:00,7462.3,7467.15,7448.35,7453.0,0
2023-04-28 12:15:00,7453.25,7460.0,7449.35,7455.85,0
2023-04-28 13:15:00,7455.6,7471.2,7449.0,7470.25,0
2023-04-28 14:15:00,7469.4,7498.45,7465.25,7492.9,0
2023-04-28 15:15:00,7493.45,7498.6,7481.85,7483.65,0
2023-05-02 09:15:00,7528.0,7594.9,7527.1,7570.1,0
2023-05-02 10:15:00,7569.9,7573.75,7560.2,7563.9,0
2023-05-02 11:15:00,7563.3,7575.0,7562.05,7572.95,0
2023-05-02 12:15:00,7572.65,7591.9,7566.75,7591.5,0
2023-05-02 13:15:00,7591.5,7594.6,7578.4,7580.75,0
2023-05-02 14:15:00,7580.0,7584.8,7563.55,7580.15,0
2023-05-02 15:15:00,7578.5,7583.1,7573.6,7573.9,0
2023-05-03 09:15:00,7580.8,7583.4,7544.65,7546.5,0
2023-05-03 10:15:00,7546.4,7556.25,7543.55,7548.4,0
2023-05-03 11:15:00,7548.7,7553.2,7536.7,7540.2,0
2023-05-03 12:15:00,7540.85,7548.85,7539.6,7545.95,0
2023-05-03 13:15:00,7545.0,7550.7,7514.85,7523.7,0
2023-05-03 14:15:00,7523.85,7530.15,7515.9,7524.6,0
2023-05-03 15:15:00,7524.45,7525.2,7515.4,7516.65,0
2023-05-04 09:15:00,7517.6,7542.0,7492.05,7539.9,0
2023-05-04 10:15:00,7540.25,7547.05,7532.65,7540.45,0
2023-05-04 11:15:00,7539.6,7541.4,7529.25,7536.6,0
2023-05-04 12:15:00,7536.45,7540.65,7525.1,7537.45,0
2023-05-04 13:15:00,7538.1,7541.75,7528.7,7528.95,0
2023-05-04 14:15:00,7530.1,7556.95,7527.0,7550.95,0
2023-05-04 15:15:00,7550.7,7553.4,7542.55,7542.85,0
2023-05-05 09:15:00,7544.0,7567.25,7538.75,7548.75,0
2023-05-05 10:15:00,7548.65,7557.45,7531.5,7535.0,0
2023-05-05 11:15:00,7535.0,7538.35,7516.4,7529.1,0
2023-05-05 12:15:00,7528.85,7533.55,7515.2,7527.45,0
2023-05-05 13:15:00,7527.45,7529.1,7512.85,7527.3,0
2023-05-05 14:15:00,7527.6,7528.95,7504.75,7513.2,0
2023-05-05 15:15:00,7512.25,7513.7,7500.2,7504.65,0
2023-05-08 09:15:00,7503.45,7533.05,7496.15,7522.25,0
2023-05-08 10:15:00,7522.1,7543.8,7518.35,7530.3,0
2023-05-08 11:15:00,7530.7,7546.75,7530.05,7546.6,0
2023-05-08 12:15:00,7546.25,7555.3,7542.95,7549.8,0
2023-05-08 13:15:00,7549.55,7568.85,7545.25,7563.0,0
2023-05-08 14:15:00,7563.15,7564.9,7547.0,7559.45,0
2023-05-08 15:15:00,7558.7,7568.0,7556.75,7557.85,0
2023-05-09 09:15:00,7554.8,7618.25,7554.8,7608.3,0
2023-05-09 10:15:00,7608.65,7613.5,7593.65,7594.95,0
2023-05-09 11:15:00,7595.1,7597.2,7587.9,7594.95,0
2023-05-09 12:15:00,7595.3,7602.8,7571.95,7576.3,0
2023-05-09 13:15:00,7576.75,7580.8,7552.7,7575.05,0
2023-05-09 14:15:00,7575.2,7579.95,7561.7,7573.55,0
2023-05-09 15:15:00,7573.55,7575.85,7561.8,7564.65,0
2023-05-10 09:15:00,7594.95,7613.65,7572.2,7586.35,0
2023-05-10 10:15:00,7586.75,7601.7,7584.5,7600.0,0
2023-05-10 11:15:00,7600.75,7610.15,7594.5,7601.55,0
2023-05-10 12:15:00,7602.2,7615.9,7600.25,7605.4,0
2023-05-10 13:15:00,7605.75,7613.95,7598.0,7610.9,0
2023-05-10 14:15:00,7611.55,7640.3,7608.8,7638.7,0
2023-05-10 15:15:00,7639.0,7639.4,7624.45,7627.25,0
2023-05-11 09:15:00,7650.3,7684.75,7638.35,7673.5,0
2023-05-11 10:15:00,7673.6,7686.2,7669.2,7680.65,0
2023-05-11 11:15:00,7681.65,7682.05,7661.5,7664.85,0
2023-05-11 12:15:00,7665.4,7668.75,7647.05,7651.9,0
2023-05-11 13:15:00,7652.05,7662.95,7649.7,7657.35,0
2023-05-11 14:15:00,7657.95,7665.5,7634.35,7639.05,0
2023-05-11 15:15:00,7638.95,7639.3,7630.2,7634.15,0
2023-05-12 09:15:00,7606.0,7606.0,7550.8,7569.95,0
2023-05-12 10:15:00,7570.3,7575.85,7564.3,7568.3,0
2023-05-12 11:15:00,7568.6,7570.5,7547.85,7553.0,0
2023-05-12 12:15:00,7552.7,7578.65,7551.5,7564.6,0
2023-05-12 13:15:00,7565.05,7569.65,7554.6,7567.4,0
2023-05-12 14:15:00,7567.65,7573.7,7559.75,7568.75,0
2023-05-12 15:15:00,7568.2,7573.45,7562.45,7569.1,0
2023-05-15 09:15:00,7580.1,7590.95,7530.6,7573.4,0
2023-05-15 10:15:00,7573.5,7577.25,7559.05,7574.95,0
2023-05-15 11:15:00,7574.8,7580.15,7568.6,7574.0,0
2023-05-15 12:15:00,7574.25,7575.95,7565.35,7569.45,0
2023-05-15 13:15:00,7569.7,7581.6,7568.45,7579.7,0
2023-05-15 14:15:00,7579.25,7583.25,7564.15,7564.55,0
2023-05-15 15:15:00,7564.6,7568.3,7563.05,7563.2,0
2023-05-16 09:15:00,7599.1,7622.3,7586.35,7593.35,0
2023-05-16 10:15:00,7593.55,7599.85,7583.25,7584.05,0
2023-05-16 11:15:00,7584.2,7588.8,7569.75,7577.55,0
2023-05-16 12:15:00,7577.4,7583.6,7571.1,7582.95,0
2023-05-16 13:15:00,7582.6,7601.6,7575.5,7583.65,0
2023-05-16 14:15:00,7584.15,7584.15,7546.9,7549.05,0
2023-05-16 15:15:00,7549.65,7559.1,7549.25,7558.35,0
2023-05-17 09:15:00,7570.8,7572.25,7535.85,7558.2,0
2023-05-17 10:15:00,7558.9,7559.5,7530.45,7537.4,0
2023-05-17 11:15:00,7537.4,7537.4,7491.85,7505.65,0
2023-05-17 12:15:00,7505.1,7527.65,7502.5,7512.9,0
2023-05-17 13:15:00,7512.1,7528.65,7509.65,7516.35,0
2023-05-17 14:15:00,7516.25,7526.75,7510.9,7520.85,0
2023-05-17 15:15:00,7520.75,7523.5,7516.35,7522.6,0
2023-05-18 09:15:00,7528.75,7537.75,7501.3,7511.65,0
2023-05-18 10:15:00,7511.3,7520.35,7501.95,7506.2,0
2023-05-18 11:15:00,7506.35,7513.95,7490.95,7496.4,0
2023-05-18 12:15:00,7496.75,7501.45,7485.85,7488.15,0
2023-05-18 13:15:00,7488.7,7493.45,7452.7,7454.4,0
2023-05-18 14:15:00,7453.3,7471.3,7431.25,7442.25,0
2023-05-18 15:15:00,7442.35,7443.5,7426.5,7429.5,0
2023-05-19 09:15:00,7413.3,7426.5,7348.0,7353.25,0
2023-05-19 10:15:00,7352.45,7373.65,7347.8,7373.0,0
2023-05-19 11:15:00,7373.05,7413.0,7372.5,7399.7,0
2023-05-19 12:15:00,7399.7,7406.3,7382.45,7386.8,0
2023-05-19 13:15:00,7386.3,7398.85,7383.6,7393.75,0
2023-05-19 14:15:00,7393.7,7441.35,7389.15,7437.45,0
2023-05-19 15:15:00,7438.1,7441.5,7432.2,7436.45,0
2023-05-22 09:15:00,7435.25,7476.65,7421.55,7475.75,0
2023-05-22 10:15:00,7474.65,7494.25,7471.9,7491.25,0
2023-05-22 11:15:00,7491.35,7499.1,7488.3,7497.05,0
2023-05-22 12:15:00,7497.25,7498.75,7471.85,7480.8,0
2023-05-22 13:15:00,7479.85,7485.85,7464.75,7476.5,0
2023-05-22 14:15:00,7477.2,7493.15,7474.8,7489.75,0
2023-05-22 15:15:00,7489.25,7491.9,7483.9,7485.55,0
2023-05-23 09:15:00,7531.95,7567.95,7525.35,7567.45,0
2023-05-23 10:15:00,7567.25,7571.6,7554.95,7562.75,0
2023-05-23 11:15:00,7563.0,7566.25,7552.55,7561.25,0
2023-05-23 12:15:00,7561.15,7564.75,7551.05,7551.35,0
2023-05-23 13:15:00,7551.55,7557.5,7544.4,7550.45,0
2023-05-23 14:15:00,7550.7,7554.8,7538.7,7544.0,0
2023-05-23 15:15:00,7543.55,7546.05,7536.8,7538.15,0
2023-05-24 09:15:00,7552.35,7591.4,7542.8,7587.2,0
2023-05-24 10:15:00,7587.05,7591.9,7568.6,7571.5,0
2023-05-24 11:15:00,7573.15,7578.55,7548.55,7556.7,0
2023-05-24 12:15:00,7556.5,7565.4,7548.5,7556.0,0
2023-05-24 13:15:00,7555.6,7569.3,7552.0,7561.05,0
2023-05-24 14:15:00,7559.85,7561.65,7540.6,7556.1,0
2023-05-24 15:15:00,7555.3,7558.15,7550.25,7552.35,0
2023-05-25 09:15:00,7549.6,7549.6,7516.55,7535.85,0
2023-05-25 10:15:00,7536.45,7551.9,7526.5,7530.85,0
2023-05-25 11:15:00,7531.65,7534.1,7507.05,7508.15,0
2023-05-25 12:15:00,7508.85,7518.05,7494.85,7500.85,0
2023-05-25 13:15:00,7500.7,7509.35,7492.8,7508.15,0
2023-05-25 14:15:00,7508.65,7550.9,7496.45,7547.85,0
2023-05-25 15:15:00,7548.1,7563.4,7546.85,7557.2,0
2023-05-26 09:15:00,7575.65,7589.4,7546.2,7560.3,0
2023-05-26 10:15:00,7559.15,7569.05,7556.2,7568.95,0
2023-05-26 11:15:00,7568.7,7570.95,7559.35,7563.3,0
2023-05-26 12:15:00,7562.25,7569.1,7559.5,7565.7,0
2023-05-26 13:15:00,7565.85,7585.0,7563.65,7583.0,0
2023-05-26 14:15:00,7583.0,7592.8,7570.6,7580.55,0
2023-05-26 15:15:00,7580.4,7587.8,7576.7,7585.95,0
2023-05-29 09:15:00,7562.3,7576.4,7521.4,7524.4,0
2023-05-29 10:15:00,7525.2,7555.5,7524.05,7551.25,0
2023-05-29 11:15:00,7552.4,7553.9,7541.15,7546.1,0
2023-05-29 12:15:00,7546.4,7547.05,7532.95,7537.25,0
2023-05-29 13:15:00,7537.05,7555.05,7535.75,7553.7,0
2023-05-29 14:15:00,7552.9,7558.55,7538.65,7539.95,0
2023-05-29 15:15:00,7540.2,7544.15,7534.1,7541.4,0
2023-05-30 09:15:00,7548.5,7578.5,7533.9,7577.2,0
2023-05-30 10:15:00,7577.9,7582.5,7549.15,7554.55,0
2023-05-30 11:15:00,7554.65,7558.65,7540.25,7548.55,0
2023-05-30 12:15:00,7548.5,7549.55,7525.5,7532.4,0
2023-05-30 13:15:00,7532.55,7540.95,7530.4,7534.4,0
2023-05-30 14:15:00,7534.9,7544.45,7522.05,7522.95,0
2023-05-30 15:15:00,7523.05,7530.95,7521.6,7528.75,0
2023-05-31 09:15:00,7496.5,7506.95,7452.0,7475.6,0
2023-05-31 10:15:00,7474.9,7480.2,7457.9,7476.55,0
2023-05-31 11:15:00,7476.05,7476.75,7454.05,7462.2,0
2023-05-31 12:15:00,7462.4,7471.75,7458.7,7468.95,0
2023-05-31 13:15:00,7468.05,7481.35,7463.2,7465.75,0
2023-05-31 14:15:00,7465.4,7474.3,7436.25,7437.0,0
2023-05-31 15:15:00,7437.0,7441.4,7398.85,7425.6,0
2023-06-01 09:15:00,7436.5,7477.95,7408.3,7462.6,0
2023-06-01 10:15:00,7461.95,7466.0,7448.4,7454.4,0
2023-06-01 11:15:00,7454.2,7460.9,7442.9,7447.05,0
2023-06-01 12:15:00,7447.45,7453.15,7436.55,7453.15,0
2023-06-01 13:15:00,7453.05,7458.25,7435.65,7439.25,0
2023-06-01 14:15:00,7438.1,7441.25,7422.45,7425.9,0
2023-06-01 15:15:00,7425.9,7431.35,7415.4,7430.85,0
2023-06-02 09:15:00,7447.75,7454.3,7396.85,7406.05,0
2023-06-02 10:15:00,7406.1,7410.45,7392.75,7396.05,0
2023-06-02 11:15:00,7396.1,7396.8,7384.3,7385.85,0
2023-06-02 12:15:00,7384.9,7388.55,7376.25,7384.0,0
2023-06-02 13:15:00,7383.6,7394.6,7378.85,7381.9,0
2023-06-02 14:15:00,7381.3,7382.7,7360.8,7374.15,0
2023-06-02 15:15:00,7373.75,7374.15,7366.55,7373.0,0
2023-06-05 09:15:00,7402.6,7408.8,7367.75,7382.2,0
2023-06-05 10:15:00,7382.55,7392.65,7374.25,7374.7,0
2023-06-05 11:15:00,7374.15,7386.55,7367.85,7385.4,0
2023-06-05 12:15:00,7385.45,7389.15,7376.0,7377.3,0
2023-06-05 13:15:00,7376.65,7396.4,7376.45,7391.85,0
2023-06-05 14:15:00,7392.1,7398.45,7386.4,7388.2,0
2023-06-05 15:15:00,7388.55,7398.15,7385.2,7397.7,0
2023-06-06 09:15:00,7412.95,7418.4,7390.9,7396.15,0
2023-06-06 10:15:00,7396.5,7399.9,7375.5,7378.3,0
2023-06-06 11:15:00,7377.65,7378.8,7356.75,7362.4,0
2023-06-06 12:15:00,7362.5,7371.8,7358.75,7369.1,0
2023-06-06 13:15:00,7369.3,7374.55,7364.65,7372.55,0
2023-06-06 14:15:00,7373.0,7394.8,7370.35,7393.55,0
2023-06-06 15:15:00,7393.6,7402.1,7392.7,7401.0,0
2023-06-07 09:15:00,7411.85,7425.5,7396.65,7420.35,0
2023-06-07 10:15:00,7420.75,7436.45,7413.25,7433.95,0
2023-06-07 11:15:00,7433.0,7443.9,7421.55,7434.75,0
2023-06-07 12:15:00,7434.3,7458.05,7432.45,7454.4,0
2023-06-07 13:15:00,7453.0,7460.4,7448.25,7456.0,0
2023-06-07 14:15:00,7456.15,7474.9,7455.45,7470.7,0
2023-06-07 15:15:00,7470.0,7477.6,7467.6,7474.35,0
2023-06-08 09:15:00,7480.05,7487.15,7455.6,7481.25,0
2023-06-08 10:15:00,7480.8,7488.15,7477.85,7485.05,0
2023-06-08 11:15:00,7485.15,7489.95,7440.15,7450.05,0
2023-06-08 12:15:00,7450.15,7458.9,7442.1,7448.1,0
2023-06-08 13:15:00,7447.5,7464.95,7446.6,7458.45,0
2023-06-08 14:15:00,7458.15,7460.1,7433.15,7437.85,0
2023-06-08 15:15:00,7437.25,7452.8,7436.55,7450.4,0
2023-06-09 09:15:00,7461.7,7465.9,7419.35,7449.5,0
2023-06-09 10:15:00,7448.6,7456.55,7430.7,7435.55,0
2023-06-09 11:15:00,7435.1,7445.3,7434.35,7442.5,0
2023-06-09 12:15:00,7442.5,7448.15,7421.8,7429.85,0
2023-06-09 13:15:00,7429.8,7434.7,7414.4,7419.2,0
2023-06-09 14:15:00,7418.75,7419.95,7402.8,7404.8,0
2023-06-09 15:15:00,7405.15,7410.65,7401.35,7405.45,0
2023-06-12 09:15:00,7414.2,7425.85,7395.1,7421.55,0
2023-06-12 10:15:00,7421.25,7451.85,7420.6,7450.0,0
2023-06-12 11:15:00,7450.1,7457.15,7437.8,7443.2,0
2023-06-12 12:15:00,7443.2,7454.65,7438.7,7454.1,0
2023-06-12 13:15:00,7454.4,7457.15,7446.9,7453.9,0
2023-06-12 14:15:00,7453.75,7478.9,7445.0,7466.4,0
2023-06-12 15:15:00,7466.85,7475.75,7465.35,7475.75,0
2023-06-13 09:15:00,7502.85,7507.15,7489.85,7494.9,0
2023-06-13 10:15:00,7494.15,7513.0,7486.6,7509.4,0
2023-06-13 11:15:00,7509.25,7519.6,7508.55,7516.4,0
2023-06-13 12:15:00,7516.2,7520.75,7512.4,7516.5,0
2023-06-13 13:15:00,7515.55,7517.05,7507.3,7513.3,0
2023-06-13 14:15:00,7513.3,7527.5,7511.45,7521.75,0
2023-06-13 15:15:00,7522.65,7524.7,7517.6,7522.05,0
2023-06-14 09:15:00,7530.45,7557.0,7525.15,7556.55,0
2023-06-14 10:15:00,7556.55,7573.2,7556.55,7563.3,0
2023-06-14 11:15:00,7564.25,7579.7,7563.8,7578.25,0
2023-06-14 12:15:00,7577.7,7595.9,7572.95,7595.2,0
2023-06-14 13:15:00,7594.95,7600.65,7588.55,7596.15,0
2023-06-14 14:15:00,7596.35,7605.2,7589.05,7592.65,0
2023-06-14 15:15:00,7592.85,7595.2,7577.35,7582.25,0
2023-06-15 09:15:00,7598.1,7607.05,7575.95,7604.35,0
2023-06-15 10:15:00,7603.9,7617.1,7597.3,7598.8,0
2023-06-15 11:15:00,7599.15,7601.45,7576.9,7590.25,0
2023-06-15 12:15:00,7590.15,7603.7,7587.6,7597.75,0
2023-06-15 13:15:00,7597.4,7611.1,7593.05,7594.1,0
2023-06-15 14:15:00,7594.1,7604.95,7586.4,7601.4,0
2023-06-15 15:15:00,7601.0,7605.9,7596.1,7598.9,0
2023-06-16 09:15:00,7618.55,7630.35,7601.95,7604.95,0
2023-06-16 10:15:00,7605.55,7623.6,7599.45,7600.2,0
2023-06-16 11:15:00,7600.15,7610.7,7598.4,7603.5,0
2023-06-16 12:15:00,7603.6,7608.8,7593.6,7608.15,0
2023-06-16 13:15:00,7608.5,7616.4,7605.1,7616.4,0
2023-06-16 14:15:00,7615.7,7629.5,7605.4,7612.3,0
2023-06-16 15:15:00,7612.95,7616.55,7607.85,7610.9,0
2023-06-19 09:15:00,7633.55,7635.2,7584.4,7607.0,0
2023-06-19 10:15:00,7606.75,7608.95,7572.8,7577.1,0
2023-06-19 11:15:00,7577.1,7582.4,7571.8,7582.4,0
2023-06-19 12:15:00,7581.95,7588.55,7573.85,7574.55,0
2023-06-19 13:15:00,7574.65,7576.8,7559.75,7569.2,0
2023-06-19 14:15:00,7568.85,7582.85,7567.35,7574.05,0
2023-06-19 15:15:00,7574.2,7576.45,7566.4,7568.75,0
2023-06-20 09:15:00,7564.05,7566.9,7527.35,7557.65,0
2023-06-20 10:15:00,7557.6,7562.85,7543.45,7559.85,0
2023-06-20 11:15:00,7559.4,7574.95,7556.4,7558.1,0
2023-06-20 12:15:00,7558.3,7559.55,7548.05,7549.75,0
2023-06-20 13:15:00,7550.05,7556.6,7546.0,7555.65,0
2023-06-20 14:15:00,7555.4,7581.45,7553.85,7577.95,0
2023-06-20 15:15:00,7577.75,7585.65,7577.75,7583.55,0
2023-06-21 09:15:00,7581.4,7606.0,7556.55,7605.7,0
2023-06-21 10:15:00,7605.8,7607.6,7588.35,7589.2,0
2023-06-21 11:15:00,7589.25,7600.5,7585.35,7597.0,0
2023-06-21 12:15:00,7597.55,7599.05,7589.3,7595.8,0
2023-06-21 13:15:00,7596.0,7603.5,7591.9,7603.3,0
2023-06-21 14:15:00,7603.0,7614.55,7592.25,7610.05,0
2023-06-21 15:15:00,7610.6,7611.75,7604.45,7609.05,0
2023-06-22 09:15:00,7600.95,7631.0,7599.6,7618.65,0
2023-06-22 10:15:00,7621.4,7629.55,7611.8,7619.1,0
2023-06-22 11:15:00,7618.45,7623.3,7578.4,7581.0,0
2023-06-22 12:15:00,7581.35,7584.6,7548.0,7558.6,0
2023-06-22 13:15:00,7558.7,7582.6,7556.7,7570.25,0
2023-06-22 14:15:00,7570.45,7570.45,7548.05,7549.45,0
2023-06-22 15:15:00,7550.15,7557.55,7540.15,7553.6,0
2023-06-23 09:15:00,7538.95,7538.95,7448.0,7464.45,0
2023-06-23 10:15:00,7464.35,7484.2,7462.7,7480.6,0
2023-06-23 11:15:00,7480.35,7493.9,7472.5,7489.4,0
2023-06-23 12:15:00,7490.4,7498.7,7470.0,7473.95,0
2023-06-23 13:15:00,7475.15,7476.35,7445.05,7445.95,0
2023-06-23 14:15:00,7445.5,7456.05,7428.5,7434.95,0
2023-06-23 15:15:00,7434.85,7440.65,7428.95,7433.05,0
2023-06-26 09:15:00,7426.75,7459.1,7405.25,7423.05,0
2023-06-26 10:15:00,7423.45,7437.85,7421.5,7432.1,0
2023-06-26 11:15:00,7432.1,7439.45,7426.0,7430.65,0
2023-06-26 12:15:00,7430.55,7432.0,7410.2,7418.45,0
2023-06-26 13:15:00,7419.25,7431.15,7415.65,7424.5,0
2023-06-26 14:15:00,7424.65,7434.05,7415.25,7432.35,0
2023-06-26 15:15:00,7433.0,7439.05,7424.4,7437.15,0
2023-06-27 09:15:00,7456.15,7471.5,7449.9,7460.3,0
2023-06-27 10:15:00,7460.25,7461.85,7445.15,7448.3,0
2023-06-27 11:15:00,7448.4,7451.35,7439.2,7441.0,0
2023-06-27 12:15:00,7440.8,7441.8,7428.6,7432.1,0
2023-06-27 13:15:00,7432.6,7433.75,7425.45,7431.9,0
2023-06-27 14:15:00,7432.35,7432.95,7413.9,7431.0,0
2023-06-27 15:15:00,7430.95,7432.9,7423.85,7428.75,0
2023-06-28 09:15:00,7461.0,7466.7,7438.9,7453.3,0
2023-06-28 10:15:00,7454.25,7479.05,7453.7,7477.35,0
2023-06-28 11:15:00,7477.65,7485.55,7473.5,7479.85,0
2023-06-28 12:15:00,7480.1,7495.1,7474.65,7494.55,0
2023-06-28 13:15:00,7494.6,7499.9,7485.25,7485.6,0
2023-06-28 14:15:00,7485.55,7494.4,7474.2,7486.45,0
2023-06-28 15:15:00,7486.6,7499.35,7483.9,7487.95,0
2023-06-30 09:15:00,7532.75,7535.4,7500.65,7507.5,0
2023-06-30 10:15:00,7507.55,7517.05,7501.4,7514.55,0
2023-06-30 11:15:00,7513.5,7530.5,7509.75,7524.35,0
2023-06-30 12:15:00,7524.7,7532.4,7522.45,7530.7,0
2023-06-30 13:15:00,7530.4,7533.7,7514.8,7518.95,0
2023-06-30 14:15:00,7519.3,7538.65,7517.05,7534.75,0
2023-06-30 15:15:00,7534.95,7545.05,7532.5,7538.25,0
2023-07-03 09:15:00,7568.1,7596.7,7560.55,7588.2,0
2023-07-03 10:15:00,7587.4,7673.05,7586.2,7661.3,0
2023-07-03 11:15:00,7661.8,7701.4,7656.5,7691.7,0
2023-07-03 12:15:00,7692.55,7698.65,7674.35,7677.7,0
2023-07-03 13:15:00,7678.3,7700.9,7671.1,7696.0,0
2023-07-03 14:15:00,7695.85,7709.35,7690.1,7702.0,0
2023-07-03 15:15:00,7702.55,7713.35,7701.4,7710.3,0
2023-07-04 09:15:00,7728.55,7732.85,7632.9,7654.1,0
2023-07-04 10:15:00,7654.9,7664.15,7644.05,7648.45,0
2023-07-04 11:15:00,7648.0,7667.45,7647.95,7661.2,0
2023-07-04 12:15:00,7661.45,7665.7,7649.8,7654.75,0
2023-07-04 13:15:00,7654.1,7666.8,7649.95,7651.9,0
2023-07-04 14:15:00,7651.35,7658.9,7639.2,7658.45,0
2023-07-04 15:15:00,7658.45,7658.45,7648.55,7655.0,0
2023-07-05 09:15:00,7688.0,7697.2,7647.25,7692.25,0
2023-07-05 10:15:00,7692.0,7711.85,7687.1,7701.15,0
2023-07-05 11:15:00,7700.25,7723.45,7699.55,7717.9,0
2023-07-05 12:15:00,7718.0,7719.25,7702.5,7706.65,0
2023-07-05 13:15:00,7706.55,7716.85,7695.95,7715.05,0
2023-07-05 14:15:00,7714.85,7722.65,7699.3,7722.15,0
2023-07-05 15:15:00,7721.3,7724.85,7717.9,7721.65,0
2023-07-06 09:15:00,7711.75,7819.75,7710.75,7818.0,0
2023-07-06 10:15:00,7818.8,7847.1,7808.1,7832.45,0
2023-07-06 11:15:00,7832.15,7839.9,7822.9,7829.7,0
2023-07-06 12:15:00,7828.8,7856.8,7826.9,7848.3,0
2023-07-06 13:15:00,7848.2,7853.65,7833.15,7843.6,0
2023-07-06 14:15:00,7843.85,7868.25,7834.65,7866.65,0
2023-07-06 15:15:00,7867.3,7867.3,7855.8,7856.8,0
2023-07-07 09:15:00,7857.45,7942.2,7848.4,7903.95,0
2023-07-07 10:15:00,7904.05,7904.45,7860.15,7882.05,0
2023-07-07 11:15:00,7880.95,7885.9,7849.75,7855.4,0
2023-07-07 12:15:00,7855.6,7859.95,7830.15,7837.55,0
2023-07-07 13:15:00,7837.9,7872.05,7836.85,7869.55,0
2023-07-07 14:15:00,7868.8,7885.05,7849.85,7850.85,0
2023-07-07 15:15:00,7851.85,7860.35,7846.8,7860.35,0
2023-07-10 09:15:00,7935.2,7951.15,7908.8,7949.9,0
2023-07-10 10:15:00,7951.3,7953.4,7917.35,7919.0,0
2023-07-10 11:15:00,7919.8,7925.25,7883.55,7891.2,0
2023-07-10 12:15:00,7891.6,7927.85,7890.4,7925.75,0
2023-07-10 13:15:00,7926.4,7937.4,7919.0,7929.95,0
2023-07-10 14:15:00,7930.1,7930.6,7901.85,7901.85,0
2023-07-10 15:15:00,7901.85,7908.4,7894.8,7904.5,0
2023-07-11 09:15:00,7939.2,7951.3,7922.15,7947.95,0
2023-07-11 10:15:00,7947.65,7962.35,7937.95,7953.5,0
2023-07-11 11:15:00,7953.25,7961.35,7949.25,7952.25,0
2023-07-11 12:15:00,7952.3,7971.75,7948.55,7961.0,0
2023-07-11 13:15:00,7960.65,7964.9,7949.75,7954.95,0
2023-07-11 14:15:00,7955.25,7987.2,7946.3,7972.4,0
2023-07-11 15:15:00,7972.65,7982.55,7971.8,7977.15,0
2023-07-12 09:15:00,7992.45,8061.4,7984.0,8027.95,0
2023-07-12 10:15:00,8026.9,8039.15,8011.75,8024.6,0
2023-07-12 11:15:00,8024.85,8025.9,7995.6,8006.55,0
2023-07-12 12:15:00,8005.9,8023.6,8003.55,8017.85,0
2023-07-12 13:15:00,8017.65,8019.7,8001.95,8007.2,0
2023-07-12 14:15:00,8006.3,8016.5,7985.95,7992.65,0
2023-07-12 15:15:00,7992.45,7995.75,7982.55,7990.6,0
2023-07-13 09:15:00,8027.95,8032.95,8011.4,8018.2,0
2023-07-13 10:15:00,8018.65,8023.5,8000.25,8003.8,0
2023-07-13 11:15:00,8004.25,8007.65,7988.65,7989.85,0
2023-07-13 12:15:00,7990.9,7992.4,7982.7,7988.1,0
2023-07-13 13:15:00,7988.4,7988.4,7917.2,7921.05,0
2023-07-13 14:15:00,7918.75,7940.5,7884.0,7902.7,0
2023-07-13 15:15:00,7902.9,7912.65,7895.55,7910.4,0
2023-07-14 09:15:00,7925.3,7930.45,7870.05,7906.75,0
2023-07-14 10:15:00,7906.8,7948.15,7906.5,7945.6,0
2023-07-14 11:15:00,7944.55,7957.4,7933.95,7936.8,0
2023-07-14 12:15:00,7937.2,7937.85,7911.8,7927.05,0
2023-07-14 13:15:00,7927.3,7935.4,7916.8,7931.85,0
2023-07-14 14:15:00,7932.35,7934.05,7916.0,7930.2,0
2023-07-14 15:15:00,7930.4,7952.5,7927.0,7945.3,0
2023-07-17 09:15:00,7945.85,7956.6,7930.85,7935.0,0
2023-07-17 10:15:00,7934.15,7957.9,7932.1,7950.05,0
2023-07-17 11:15:00,7950.4,7966.6,7941.0,7965.15,0
2023-07-17 12:15:00,7965.45,8014.4,7964.85,7994.4,0
2023-07-17 13:15:00,7994.65,7996.9,7975.25,7981.25,0
2023-07-17 14:15:00,7980.3,7995.8,7976.2,7990.05,0
2023-07-17 15:15:00,7989.3,7990.5,7978.6,7985.05,0
2023-07-18 09:15:00,8021.95,8030.8,7978.65,8015.45,0
2023-07-18 10:15:00,8014.75,8048.25,8007.55,8030.85,0
2023-07-18 11:15:00,8031.0,8031.0,7990.6,7993.6,0
2023-07-18 12:15:00,7993.7,8007.35,7988.85,7990.65,0
2023-07-18 13:15:00,7992.0,8004.15,7989.05,7996.15,0
2023-07-18 14:15:00,7996.2,8002.05,7985.8,8000.75,0
2023-07-18 15:15:00,8000.95,8004.4,7995.0,8001.15,0
2023-07-19 09:15:00,8020.9,8057.25,8010.6,8041.05,0
2023-07-19 10:15:00,8040.65,8047.3,8023.75,8023.75,0
2023-07-19 11:15:00,8024.25,8025.55,7987.35,7998.35,0
2023-07-19 12:15:00,7998.4,8018.65,7995.65,8013.2,0
2023-07-19 13:15:00,8013.45,8025.55,8007.2,8014.75,0
2023-07-19 14:15:00,8014.1,8053.75,8003.45,8052.05,0
2023-07-19 15:15:00,8051.45,8065.4,8049.05,8061.05,0
2023-07-20 09:15:00,8062.55,8108.65,8050.15,8095.9,0
2023-07-20 10:15:00,8097.0,8117.65,8094.35,8104.5,0
2023-07-20 11:15:00,8104.3,8105.0,8085.0,8095.05,0
2023-07-20 12:15:00,8095.05,8110.85,8093.05,8106.0,0
2023-07-20 13:15:00,8105.45,8108.45,8092.95,8103.3,0
2023-07-20 14:15:00,8103.45,8110.45,8095.9,8105.0,0
2023-07-20 15:15:00,8105.3,8106.9,8100.35,8104.3,0
2023-07-21 09:15:00,8088.5,8096.1,8054.95,8082.7,0
2023-07-21 10:15:00,8082.9,8083.45,8056.7,8058.0,0
2023-07-21 11:15:00,8058.0,8078.75,8052.25,8053.75,0
2023-07-21 12:15:00,8053.15,8061.3,8037.5,8057.3,0
2023-07-21 13:15:00,8056.45,8074.0,8047.95,8050.1,0
2023-07-21 14:15:00,8049.65,8066.6,8041.6,8058.4,0
2023-07-21 15:15:00,8058.75,8077.8,8057.65,8077.8,0
2023-07-24 09:15:00,8029.0,8037.95,7995.8,8037.95,0
2023-07-24 10:15:00,8037.0,8057.1,8032.1,8051.6,0
2023-07-24 11:15:00,8052.1,8058.05,8013.95,8022.55,0
2023-07-24 12:15:00,8022.6,8045.15,8016.85,8039.65,0
2023-07-24 13:15:00,8039.65,8042.85,8025.15,8036.35,0
2023-07-24 14:15:00,8037.95,8038.75,8004.9,8008.2,0
2023-07-24 15:15:00,8007.85,8009.15,7995.2,8002.15,0
2023-07-25 09:15:00,8023.75,8053.2,8007.25,8046.5,0
2023-07-25 10:15:00,8046.75,8059.0,8032.15,8054.75,0
2023-07-25 11:15:00,8055.35,8057.95,8036.65,8044.95,0
2023-07-25 12:15:00,8044.05,8055.8,8042.1,8048.1,0
2023-07-25 13:15:00,8048.45,8049.3,8024.45,8044.85,0
2023-07-25 14:15:00,8045.5,8069.75,8044.2,8060.35,0
2023-07-25 15:15:00,8060.75,8064.2,8056.6,8062.5,0
2023-07-26 09:15:00,8088.15,8139.7,8071.7,8138.05,0
2023-07-26 10:15:00,8138.5,8151.65,8132.0,8147.9,0
2023-07-26 11:15:00,8147.85,8160.15,8130.5,8130.75,0
2023-07-26 12:15:00,8131.15,8133.6,8117.3,8120.25,0
2023-07-26 13:15:00,8119.15,8130.65,8113.9,8116.2,0
2023-07-26 14:15:00,8116.6,8130.15,8095.85,8119.4,0
2023-07-26 15:15:00,8119.5,8119.75,8107.7,8114.6,0
2023-07-27 09:15:00,8145.7,8147.8,8095.0,8097.7,0
2023-07-27 10:15:00,8097.25,8103.3,8081.2,8086.45,0
2023-07-27 11:15:00,8086.9,8087.85,8073.75,8075.8,0
2023-07-27 12:15:00,8075.65,8084.1,8028.65,8040.6,0
2023-07-27 13:15:00,8040.65,8051.9,8025.25,8043.0,0
2023-07-27 14:15:00,8043.65,8046.95,8010.55,8032.45,0
2023-07-27 15:15:00,8032.1,8053.65,8026.95,8051.05,0
2023-07-28 09:15:00,8058.05,8073.95,8005.35,8063.8,0
2023-07-28 10:15:00,8064.6,8094.5,8059.0,8075.8,0
2023-07-28 11:15:00,8075.85,8085.45,8060.25,8062.05,0
2023-07-28 12:15:00,8061.6,8075.95,8053.75,8074.9,0
2023-07-28 13:15:00,8075.05,8076.3,8046.3,8048.65,0
2023-07-28 14:15:00,8048.75,8069.6,8028.45,8059.35,0
2023-07-28 15:15:00,8058.6,8061.25,8050.3,8054.8,0
2023-07-31 09:15:00,8097.85,8103.1,8063.5,8092.05,0
2023-07-31 10:15:00,8092.0,8115.05,8085.65,8112.7,0
2023-07-31 11:15:00,8111.0,8133.95,8109.15,8131.0,0
2023-07-31 12:15:00,8131.35,8141.9,8124.05,8138.15,0
2023-07-31 13:15:00,8137.95,8140.0,8128.35,8132.0,0
2023-07-31 14:15:00,8132.25,8150.0,8120.55,8145.8,0
2023-07-31 15:15:00,8145.7,8151.3,8136.45,8141.3,0
2023-08-01 09:15:00,8145.0,8160.9,8102.8,8156.85,0
2023-08-01 10:15:00,8157.1,8165.95,8123.45,8140.1,0
2023-08-01 11:15:00,8140.1,8147.45,8119.3,8120.85,0
2023-08-01 12:15:00,8120.5,8120.6,8104.5,8112.55,0
2023-08-01 13:15:00,8112.9,8117.95,8104.15,8111.6,0
2023-08-01 14:15:00,8111.4,8123.65,8100.3,8112.15,0
2023-08-01 15:15:00,8111.85,8118.5,8110.6,8114.2,0
2023-08-02 09:15:00,8114.4,8116.15,8065.7,8067.95,0
2023-08-02 10:15:00,8066.4,8069.8,7994.2,8006.0,0
2023-08-02 11:15:00,8006.45,8011.55,7986.2,7995.2,0
2023-08-02 12:15:00,7995.3,7998.55,7978.65,7985.65,0
2023-08-02 13:15:00,7985.6,7985.8,7942.75,7945.4,0
2023-08-02 14:15:00,7945.35,8005.5,7942.0,8005.5,0
2023-08-02 15:15:00,8005.95,8006.6,7993.45,7994.1,0
2023-08-03 09:15:00,7976.85,7984.0,7944.3,7955.8,0
2023-08-03 10:15:00,7956.35,7984.6,7953.2,7981.9,0
2023-08-03 11:15:00,7981.6,7986.2,7949.6,7950.95,0
2023-08-03 12:15:00,7951.65,7953.75,7909.6,7921.0,0
2023-08-03 13:15:00,7921.3,7928.05,7898.5,7902.1,0
2023-08-03 14:15:00,7902.75,7933.1,7896.7,7933.1,0
2023-08-03 15:15:00,7933.1,7943.2,7928.65,7931.1,0
2023-08-04 09:15:00,7990.05,7990.15,7928.55,7944.95,0
2023-08-04 10:15:00,7944.6,7948.1,7921.95,7928.2,0
2023-08-04 11:15:00,7928.25,7958.3,7925.9,7957.45,0
2023-08-04 12:15:00,7957.8,7968.65,7947.4,7961.6,0
2023-08-04 13:15:00,7961.6,7964.4,7938.1,7952.85,0
2023-08-04 14:15:00,7952.95,7960.05,7940.05,7959.55,0
2023-08-04 15:15:00,7959.3,7960.9,7945.6,7949.5,0
2023-08-07 09:15:00,7994.9,7994.9,7949.0,7955.1,0
2023-08-07 10:15:00,7954.75,7969.0,7940.35,7947.2,0
2023-08-07 11:15:00,7947.55,7953.2,7939.95,7946.45,0
2023-08-07 12:15:00,7946.3,7966.9,7944.15,7965.05,0
2023-08-07 13:15:00,7965.4,7971.55,7960.95,7963.15,0
2023-08-07 14:15:00,7962.8,7977.75,7961.0,7972.15,0
2023-08-07 15:15:00,7972.35,7980.2,7969.15,7974.0,0
2023-08-08 09:15:00,7989.9,8015.6,7982.75,8002.95,0
2023-08-08 10:15:00,8002.85,8007.7,7957.45,7962.45,0
2023-08-08 11:15:00,7961.6,7961.6,7945.0,7956.15,0
2023-08-08 12:15:00,7956.25,7967.55,7949.55,7966.75,0
2023-08-08 13:15:00,7966.75,7967.95,7948.5,7953.8,0
2023-08-08 14:15:00,7954.25,7971.7,7949.15,7963.5,0
2023-08-08 15:15:00,7962.3,7968.45,7949.9,7956.55,0
2023-08-09 09:15:00,7966.8,7974.55,7941.35,7944.6,0
2023-08-09 10:15:00,7944.45,7958.0,7931.4,7949.45,0
2023-08-09 11:15:00,7949.65,7970.0,7949.0,7962.35,0
2023-08-09 12:15:00,7961.35,7981.05,7954.5,7979.65,0
2023-08-09 13:15:00,7979.45,7991.95,7972.15,7991.95,0
2023-08-09 14:15:00,7990.65,8048.65,7982.85,8045.6,0
2023-08-09 15:15:00,8045.15,8052.8,8042.5,8045.55,0
2023-08-10 09:15:00,8063.2,8076.15,8039.95,8052.95,0
2023-08-10 10:15:00,8053.0,8053.3,8014.3,8040.75,0
2023-08-10 11:15:00,8039.55,8063.3,8033.6,8055.4,0
2023-08-10 12:15:00,8054.9,8074.25,8052.35,8063.35,0
2023-08-10 13:15:00,8064.1,8069.35,8031.6,8052.1,0
2023-08-10 14:15:00,8052.25,8059.35,8035.65,8046.15,0
2023-08-10 15:15:00,8046.2,8052.5,8043.9,8050.75,0
2023-08-11 09:15:00,8051.55,8052.9,8011.8,8021.65,0
2023-08-11 10:15:00,8021.8,8028.35,8007.85,8026.05,0
2023-08-11 11:15:00,8025.45,8026.15,7998.8,8007.8,0
2023-08-11 12:15:00,8008.1,8018.0,7994.15,8017.0,0
2023-08-11 13:15:00,8017.2,8035.1,8015.95,8026.6,0
2023-08-11 14:15:00,8026.8,8046.55,8011.75,8012.6,0
2023-08-11 15:15:00,8011.6,8020.35,8010.15,8012.95,0
2023-08-14 09:15:00,8030.8,8030.8,7935.1,7985.95,0
2023-08-14 10:15:00,7987.4,7990.6,7961.45,7986.05,0
2023-08-14 11:15:00,7985.75,7996.35,7977.85,7994.9,0
2023-08-14 12:15:00,7994.15,8000.3,7984.4,7992.0,0
2023-08-14 13:15:00,7990.75,8012.45,7982.1,8010.8,0
2023-08-14 14:15:00,8010.9,8018.2,7997.9,8002.2,0
2023-08-14 15:15:00,8002.15,8005.95,7995.2,7997.85,0
2023-08-16 09:15:00,7963.1,8005.95,7943.65,7999.05,0
2023-08-16 10:15:00,7998.85,8019.75,7996.6,8000.0,0
2023-08-16 11:15:00,7999.4,8006.15,7984.35,7996.2,0
2023-08-16 12:15:00,7997.25,8006.8,7989.75,8005.35,0
2023-08-16 13:15:00,8005.55,8008.15,7996.15,8007.25,0
2023-08-16 14:15:00,8007.15,8029.7,7997.1,8024.35,0
2023-08-16 15:15:00,8024.6,8029.7,8013.55,8013.95,0
2023-08-17 09:15:00,8019.45,8021.3,7994.05,7999.05,0
2023-08-17 10:15:00,7999.2,8008.4,7993.6,7999.8,0
2023-08-17 11:15:00,8000.25,8001.9,7965.65,7969.55,0
2023-08-17 12:15:00,7969.1,7969.95,7952.1,7955.25,0
2023-08-17 13:15:00,7955.0,7970.25,7954.55,7965.55,0
2023-08-17 14:15:00,7964.15,7975.65,7949.2,7951.95,0
2023-08-17 15:15:00,7952.7,7965.1,7943.75,7956.55,0
2023-08-18 09:15:00,7947.55,7957.05,7904.25,7905.85,0
2023-08-18 10:15:00,7906.45,7918.65,7901.35,7904.3,0
2023-08-18 11:15:00,7904.65,7932.8,7903.35,7927.0,0
2023-08-18 12:15:00,7927.15,7927.15,7898.8,7900.65,0
2023-08-18 13:15:00,7900.85,7968.15,7895.8,7966.8,0
2023-08-18 14:15:00,7966.05,7979.5,7945.95,7948.65,0
2023-08-18 15:15:00,7948.9,7953.5,7927.15,7930.4,0
2023-08-21 09:15:00,7938.3,7957.65,7891.55,7898.1,0
2023-08-21 10:15:00,7897.15,7923.95,7895.45,7919.55,0
2023-08-21 11:15:00,7919.2,7932.35,7913.3,7925.55,0
2023-08-21 12:15:00,7925.9,7948.7,7923.5,7947.95,0
2023-08-21 13:15:00,7947.5,7948.3,7926.3,7928.4,0
2023-08-21 14:15:00,7928.65,7940.0,7926.05,7933.3,0
2023-08-21 15:15:00,7933.45,7933.7,7923.9,7929.05,0
2023-08-22 09:15:00,7925.7,7971.8,7906.6,7948.8,0
2023-08-22 10:15:00,7949.2,7955.9,7932.25,7935.95,0
2023-08-22 11:15:00,7935.6,7951.1,7933.95,7947.15,0
2023-08-22 12:15:00,7948.2,7948.8,7936.1,7939.15,0
2023-08-22 13:15:00,7939.6,7943.15,7931.15,7935.9,0
2023-08-22 14:15:00,7935.25,7937.9,7919.8,7928.9,0
2023-08-22 15:15:00,7928.8,7933.4,7923.95,7931.6,0
2023-08-23 09:15:00,7944.45,7948.2,7917.0,7930.7,0
2023-08-23 10:15:00,7930.55,7931.15,7914.2,7925.75,0
2023-08-23 11:15:00,7926.4,7939.25,7924.1,7930.25,0
2023-08-23 12:15:00,7930.65,7933.4,7918.7,7922.4,0
2023-08-23 13:15:00,7923.0,7927.4,7916.8,7921.2,0
2023-08-23 14:15:00,7921.1,7923.9,7903.8,7905.85,0
2023-08-23 15:15:00,7905.5,7906.55,7896.3,7900.85,0
2023-08-24 09:15:00,7934.3,7939.75,7918.55,7934.8,0
2023-08-24 10:15:00,7935.4,7958.75,7918.7,7923.3,0
2023-08-24 11:15:00,7923.7,7925.2,7900.65,7908.85,0
2023-08-24 12:15:00,7907.2,7908.7,7878.75,7884.85,0
2023-08-24 13:15:00,7884.85,7890.8,7873.25,7890.05,0
2023-08-24 14:15:00,7889.85,7892.7,7865.0,7865.15,0
2023-08-24 15:15:00,7864.95,7865.55,7849.9,7859.6,0
2023-08-25 09:15:00,7807.0,7906.6,7806.2,7879.75,0
2023-08-25 10:15:00,7879.75,7881.15,7836.8,7860.65,0
2023-08-25 11:15:00,7859.1,7876.7,7848.1,7861.9,0
2023-08-25 12:15:00,7861.55,7869.65,7849.3,7857.95,0
2023-08-25 13:15:00,7857.6,7874.85,7844.35,7847.1,0
2023-08-25 14:15:00,7847.1,7860.65,7836.4,7838.3,0
2023-08-25 15:15:00,7838.1,7841.15,7823.85,7833.0,0
2023-08-28 09:15:00,7861.2,7883.6,7839.9,7865.2,0
2023-08-28 10:15:00,7865.75,7879.85,7861.45,7877.8,0
2023-08-28 11:15:00,7878.55,7879.85,7867.6,7872.55,0
2023-08-28 12:15:00,7872.0,7879.5,7869.9,7872.25,0
2023-08-28 13:15:00,7872.25,7892.95,7854.55,7870.7,0
2023-08-28 14:15:00,7870.0,7874.55,7819.15,7821.3,0
2023-08-28 15:15:00,7820.6,7826.45,7814.55,7822.4,0
2023-08-29 09:15:00,7855.3,7859.45,7820.05,7843.75,0
2023-08-29 10:15:00,7843.6,7844.7,7827.55,7835.55,0
2023-08-29 11:15:00,7835.7,7841.1,7825.2,7833.05,0
2023-08-29 12:15:00,7833.45,7845.0,7832.45,7842.95,0
2023-08-29 13:15:00,7843.55,7849.2,7829.1,7830.3,0
2023-08-29 14:15:00,7830.65,7837.5,7817.9,7837.3,0
2023-08-29 15:15:00,7837.35,7843.25,7835.1,7838.5,0
2023-08-30 09:15:00,7847.3,7851.35,7826.95,7849.2,0
2023-08-30 10:15:00,7849.25,7853.05,7842.55,7847.1,0
2023-08-30 11:15:00,7847.35,7853.9,7841.4,7844.75,0
2023-08-30 12:15:00,7843.8,7846.45,7835.35,7840.6,0
2023-08-30 13:15:00,7840.7,7845.75,7830.5,7831.1,0
2023-08-30 14:15:00,7831.35,7831.35,7806.25,7809.9,0
2023-08-30 15:15:00,7810.15,7812.8,7806.65,7809.45,0
2023-08-31 09:15:00,7812.7,7830.25,7784.95,7788.75,0
2023-08-31 10:15:00,7788.95,7796.65,7777.25,7779.25,0
2023-08-31 11:15:00,7780.1,7789.2,7767.6,7769.9,0
2023-08-31 12:15:00,7770.05,7774.1,7762.85,7763.55,0
2023-08-31 13:15:00,7763.15,7765.35,7752.7,7754.7,0
2023-08-31 14:15:00,7754.6,7755.4,7725.7,7737.1,0
2023-08-31 15:15:00,7737.45,7738.85,7711.35,7735.5,0
2023-09-01 09:15:00,7745.35,7808.75,7741.25,7798.3,0
2023-09-01 10:15:00,7797.6,7859.7,7797.6,7834.4,0
2023-09-01 11:15:00,7834.35,7843.8,7819.85,7825.15,0
2023-09-01 12:15:00,7824.65,7838.35,7819.55,7823.6,0
2023-09-01 13:15:00,7824.15,7839.05,7814.25,7836.45,0
2023-09-01 14:15:00,7836.3,7864.5,7834.3,7847.1,0
2023-09-01 15:15:00,7847.6,7850.8,7842.85,7846.8,0
2023-09-04 09:15:00,7893.95,7907.65,7873.75,7882.65,0
2023-09-04 10:15:00,7882.75,7920.65,7877.45,7911.85,0
2023-09-04 11:15:00,7911.75,7914.05,7885.2,7899.3,0
2023-09-04 12:15:00,7899.3,7907.8,7890.55,7899.2,0
2023-09-04 13:15:00,7899.05,7901.75,7876.5,7883.1,0
2023-09-04 14:15:00,7883.6,7891.0,7873.75,7878.8,0
2023-09-04 15:15:00,7878.8,7890.15,7871.65,7880.9,0
2023-09-05 09:15:00,7915.5,7979.6,7910.2,7977.1,0
2023-09-05 10:15:00,7977.6,7993.05,7962.15,7981.7,0
2023-09-05 11:15:00,7981.4,7984.25,7961.7,7963.05,0
2023-09-05 12:15:00,7963.4,7964.0,7926.2,7934.9,0
2023-09-05 13:15:00,7935.3,7941.45,7921.25,7921.7,0
2023-09-05 14:15:00,7919.25,7948.1,7915.85,7940.6,0
2023-09-05 15:15:00,7940.85,7940.85,7932.45,7937.65,0
2023-09-06 09:15:00,7945.85,8008.5,7942.85,8003.5,0
2023-09-06 10:15:00,8003.8,8016.6,7996.2,7997.5,0
2023-09-06 11:15:00,7997.3,7998.4,7970.65,7980.9,0
2023-09-06 12:15:00,7981.1,7985.15,7963.9,7983.15,0
2023-09-06 13:15:00,7982.7,7984.45,7966.05,7967.15,0
2023-09-06 14:15:00,7967.2,8011.8,7965.0,8002.25,0
2023-09-06 15:15:00,8002.15,8004.45,7991.2,7993.8,0
2023-09-07 09:15:00,8023.8,8026.05,7999.5,8013.6,0
2023-09-07 10:15:00,8013.4,8020.0,8002.0,8005.4,0
2023-09-07 11:15:00,8005.35,8006.05,7983.3,7989.1,0
2023-09-07 12:15:00,7987.95,8016.3,7978.35,8010.6,0
2023-09-07 13:15:00,8010.85,8021.0,8003.35,8013.85,0
2023-09-07 14:15:00,8014.2,8028.95,8012.8,8018.15,0
2023-09-07 15:15:00,8018.5,8024.4,8005.45,8010.5,0
2023-09-08 09:15:00,8048.9,8061.95,8035.85,8054.45,0
2023-09-08 10:15:00,8053.95,8057.85,8029.45,8048.25,0
2023-09-08 11:15:00,8048.25,8072.7,8044.7,8058.4,0
2023-09-08 12:15:00,8058.85,8066.15,8042.8,8056.7,0
2023-09-08 13:15:00,8057.05,8118.6,8055.1,8116.25,0
2023-09-08 14:15:00,8115.45,8119.65,8088.25,8108.75,0
2023-09-08 15:15:00,8108.85,8115.1,8104.05,8111.25,0
2023-09-11 09:15:00,8156.55,8176.3,8120.9,8126.1,0
2023-09-11 10:15:00,8125.65,8166.7,8122.4,8138.0,0
2023-09-11 11:15:00,8137.4,8144.55,8130.75,8139.85,0
2023-09-11 12:15:00,8140.5,8142.4,8119.4,8127.4,0
2023-09-11 13:15:00,8126.9,8141.95,8126.45,8129.95,0
2023-09-11 14:15:00,8132.15,8153.95,8130.45,8148.55,0
2023-09-11 15:15:00,8148.5,8157.1,8147.3,8148.3,0
2023-09-12 09:15:00,8198.25,8198.9,7987.6,8025.55,0
2023-09-12 10:15:00,8024.5,8056.2,8003.05,8037.5,0
2023-09-12 11:15:00,8037.7,8040.85,7990.8,7995.15,0
2023-09-12 12:15:00,7995.6,7996.05,7947.35,7964.55,0
2023-09-12 13:15:00,7964.4,7971.8,7941.25,7958.05,0
2023-09-12 14:15:00,7958.7,7959.5,7911.75,7913.25,0
2023-09-12 15:15:00,7913.05,7929.5,7911.0,7927.9,0
2023-09-13 09:15:00,7947.7,7990.0,7910.9,7941.85,0
2023-09-13 10:15:00,7941.75,7979.7,7924.85,7979.3,0
2023-09-13 11:15:00,7979.6,7993.9,7971.1,7990.75,0
2023-09-13 12:15:00,7991.05,8010.2,7987.25,8002.05,0
2023-09-13 13:15:00,8003.2,8004.6,7979.15,8001.3,0
2023-09-13 14:15:00,8001.85,8019.25,7996.35,7997.25,0
2023-09-13 15:15:00,7997.25,8003.1,7991.05,8002.35,0
2023-09-14 09:15:00,8039.1,8063.8,8027.35,8039.45,0
2023-09-14 10:15:00,8039.95,8087.75,8029.1,8083.35,0
2023-09-14 11:15:00,8082.5,8089.45,8056.6,8075.4,0
2023-09-14 12:15:00,8076.1,8078.65,8050.35,8070.95,0
2023-09-14 13:15:00,8070.75,8074.4,8045.5,8062.25,0
2023-09-14 14:15:00,8062.1,8089.85,8058.55,8085.3,0
2023-09-14 15:15:00,8085.3,8092.5,8083.4,8091.65,0
2023-09-15 09:15:00,8144.6,8144.6,8071.1,8088.0,0
2023-09-15 10:15:00,8087.5,8088.35,8058.75,8065.2,0
2023-09-15 11:15:00,8065.4,8069.1,8057.1,8065.3,0
2023-09-15 12:15:00,8065.4,8065.7,8037.3,8046.15,0
2023-09-15 13:15:00,8046.55,8047.8,8028.05,8033.5,0
2023-09-15 14:15:00,8033.5,8044.1,8020.3,8020.3,0
2023-09-15 15:15:00,8021.0,8027.85,8013.3,8026.0,0
2023-09-18 09:15:00,8019.45,8047.2,7994.3,8035.3,0
2023-09-18 10:15:00,8036.1,8046.3,8025.3,8029.3,0
2023-09-18 11:15:00,8028.9,8042.8,8027.2,8034.7,0
2023-09-18 12:15:00,8034.4,8049.0,8027.65,8036.8,0
2023-09-18 13:15:00,8038.2,8045.7,8033.7,8036.7,0
2023-09-18 14:15:00,8036.9,8040.45,8024.8,8026.0,0
2023-09-18 15:15:00,8026.05,8029.75,8021.45,8024.15,0
2023-09-20 09:15:00,7994.35,8026.0,7943.6,7965.1,0
2023-09-20 10:15:00,7964.55,7971.85,7951.7,7959.45,0
2023-09-20 11:15:00,7958.7,7978.15,7958.3,7976.75,0
2023-09-20 12:15:00,7976.8,7984.25,7968.35,7972.45,0
2023-09-20 13:15:00,7972.65,7974.05,7930.9,7949.15,0
2023-09-20 14:15:00,7949.5,7969.15,7941.2,7956.4,0
2023-09-20 15:15:00,7955.85,7957.85,7947.6,7951.4,0
2023-09-21 09:15:00,7952.05,7987.9,7929.3,7957.95,0
2023-09-21 10:15:00,7958.3,7975.5,7951.5,7975.2,0
2023-09-21 11:15:00,7974.6,7975.9,7926.5,7930.5,0
2023-09-21 12:15:00,7930.3,7934.65,7908.0,7920.1,0
2023-09-21 13:15:00,7920.15,7935.45,7917.45,7918.55,0
2023-09-21 14:15:00,7918.9,7920.55,7904.15,7917.35,0
2023-09-21 15:15:00,7916.15,7920.35,7911.05,7919.6,0
2023-09-22 09:15:00,7934.9,7961.15,7897.2,7910.6,0
2023-09-22 10:15:00,7910.55,7933.1,7901.4,7931.75,0
2023-09-22 11:15:00,7932.2,7944.35,7917.45,7940.5,0
2023-09-22 12:15:00,7940.2,7944.6,7923.2,7925.75,0
2023-09-22 13:15:00,7925.95,7927.6,7894.95,7906.15,0
2023-09-22 14:15:00,7906.1,7912.95,7882.3,7882.45,0
2023-09-22 15:15:00,7882.4,7889.95,7878.45,7887.6,0
2023-09-25 09:15:00,7894.85,7906.25,7844.1,7844.5,0
2023-09-25 10:15:00,7844.35,7865.95,7843.95,7853.05,0
2023-09-25 11:15:00,7853.75,7861.9,7844.8,7857.95,0
2023-09-25 12:15:00,7857.9,7886.35,7857.35,7875.7,0
2023-09-25 13:15:00,7875.85,7884.0,7857.25,7859.4,0
2023-09-25 14:15:00,7858.15,7880.25,7853.85,7866.6,0
2023-09-25 15:15:00,7865.95,7866.85,7859.6,7860.95,0
2023-09-26 09:15:00,7871.65,7899.55,7866.75,7885.85,0
2023-09-26 10:15:00,7886.3,7891.45,7879.85,7887.55,0
2023-09-26 11:15:00,7887.7,7888.2,7868.55,7874.65,0
2023-09-26 12:15:00,7875.3,7884.25,7861.1,7873.95,0
2023-09-26 13:15:00,7874.25,7887.0,7871.0,7885.5,0
2023-09-26 14:15:00,7885.35,7892.45,7875.3,7878.15,0
2023-09-26 15:15:00,7878.75,7881.05,7870.65,7877.7,0
2023-09-27 09:15:00,7893.8,7898.55,7847.5,7849.25,0
2023-09-27 10:15:00,7849.4,7866.95,7838.95,7865.35,0
2023-09-27 11:15:00,7865.05,7869.8,7856.45,7864.45,0
2023-09-27 12:15:00,7864.0,7869.7,7855.05,7865.05,0
2023-09-27 13:15:00,7865.6,7874.65,7862.25,7871.0,0
2023-09-27 14:15:00,7871.35,7883.1,7867.3,7877.65,0
2023-09-27 15:15:00,7877.9,7883.8,7875.7,7881.75,0
2023-09-28 09:15:00,7909.35,7914.75,7885.85,7914.0,0
2023-09-28 10:15:00,7913.85,7915.6,7892.7,7893.8,0
2023-09-28 11:15:00,7894.25,7896.95,7867.55,7870.2,0
2023-09-28 12:15:00,7870.2,7876.6,7853.2,7856.15,0
2023-09-28 13:15:00,7856.15,7857.25,7820.55,7828.9,0
2023-09-28 14:15:00,7828.9,7837.15,7793.0,7796.75,0
2023-09-28 15:15:00,7797.9,7839.3,7794.95,7829.2,0
2023-09-29 09:15:00,7853.1,7892.05,7848.35,7880.55,0
2023-09-29 10:15:00,7881.65,7890.3,7857.2,7875.55,0
2023-09-29 11:15:00,7875.3,7904.05,7872.7,7894.2,0
2023-09-29 12:15:00,7895.3,7913.0,7893.55,7909.7,0
2023-09-29 13:15:00,7909.75,7932.85,7907.55,7930.3,0
2023-09-29 14:15:00,7929.7,7942.45,7898.15,7901.55,0
2023-09-29 15:15:00,7901.9,7903.55,7892.05,7902.9,0
2023-10-03 09:15:00,7879.85,7883.05,7822.25,7842.5,0
2023-10-03 10:15:00,7843.6,7862.4,7831.45,7838.25,0
2023-10-03 11:15:00,7838.15,7846.2,7823.1,7835.9,0
2023-10-03 12:15:00,7835.5,7840.55,7815.95,7821.45,0
2023-10-03 13:15:00,7821.6,7826.5,7810.7,7814.25,0
2023-10-03 14:15:00,7814.5,7819.05,7806.85,7811.15,0
2023-10-03 15:15:00,7811.3,7813.75,7806.8,7812.1,0
2023-10-04 09:15:00,7799.8,7807.25,7750.85,7784.3,0
2023-10-04 10:15:00,7784.25,7805.85,7775.9,7797.45,0
2023-10-04 11:15:00,7798.25,7803.35,7738.2,7758.3,0
2023-10-04 12:15:00,7758.35,7764.75,7716.35,7734.2,0
2023-10-04 13:15:00,7733.8,7743.4,7724.9,7740.5,0
2023-10-04 14:15:00,7740.15,7765.15,7737.45,7763.55,0
2023-10-04 15:15:00,7762.1,7763.95,7754.7,7761.55,0
2023-10-05 09:15:00,7786.7,7809.55,7773.35,7786.45,0
2023-10-05 10:15:00,7785.75,7794.45,7762.35,7783.3,0
2023-10-05 11:15:00,7784.3,7784.35,7764.15,7780.65,0
2023-10-05 12:15:00,7780.7,7780.75,7766.55,7770.25,0
2023-10-05 13:15:00,7770.75,7782.45,7768.95,7775.0,0
2023-10-05 14:15:00,7774.35,7786.25,7761.8,7768.1,0
2023-10-05 15:15:00,7768.55,7770.85,7761.55,7768.35,0
2023-10-06 09:15:00,7796.35,7800.4,7761.85,7776.45,0
2023-10-06 10:15:00,7776.75,7785.75,7769.2,7777.15,0
2023-10-06 11:15:00,7777.4,7779.2,7762.7,7767.1,0
2023-10-06 12:15:00,7766.75,7785.2,7764.4,7785.0,0
2023-10-06 13:15:00,7784.65,7799.5,7782.95,7798.95,0
2023-10-06 14:15:00,7798.9,7801.9,7788.8,7793.15,0
2023-10-06 15:15:00,7792.85,7793.15,7784.35,7788.1,0
2023-10-09 09:15:00,7745.5,7753.6,7688.15,7731.9,0
2023-10-09 10:15:00,7731.9,7743.55,7721.55,7729.6,0
2023-10-09 11:15:00,7729.2,7739.9,7724.4,7725.25,0
2023-10-09 12:15:00,7725.3,7725.55,7709.35,7711.65,0
2023-10-09 13:15:00,7712.35,7723.9,7709.3,7716.65,0
2023-10-09 14:15:00,7717.0,7722.4,7708.45,7709.8,0
2023-10-09 15:15:00,7710.55,7710.55,7700.2,7705.9,0
2023-10-10 09:15:00,7736.45,7766.95,7733.2,7753.4,0
2023-10-10 10:15:00,7752.95,7754.4,7734.7,7741.6,0
2023-10-10 11:15:00,7740.75,7749.3,7738.95,7746.45,0
2023-10-10 12:15:00,7745.85,7759.2,7742.1,7752.6,0
2023-10-10 13:15:00,7752.45,7766.15,7749.85,7756.35,0
2023-10-10 14:15:00,7757.4,7768.2,7753.15,7754.4,0
2023-10-10 15:15:00,7754.6,7772.25,7753.9,7770.3,0
2023-10-11 09:15:00,7799.45,7823.6,7793.95,7822.65,0
2023-10-11 10:15:00,7821.95,7830.7,7812.25,7816.15,0
2023-10-11 11:15:00,7815.45,7828.95,7812.35,7824.4,0
2023-10-11 12:15:00,7825.8,7825.8,7804.05,7812.05,0
2023-10-11 13:15:00,7811.1,7818.6,7805.35,7814.45,0
2023-10-11 14:15:00,7814.7,7838.35,7810.3,7819.9,0
2023-10-11 15:15:00,7820.6,7820.65,7810.75,7818.85,0
2023-10-12 09:15:00,7832.65,7882.85,7830.05,7880.9,0
2023-10-12 10:15:00,7880.15,7900.5,7877.0,7898.6,0
2023-10-12 11:15:00,7899.25,7906.45,7892.85,7895.0,0
2023-10-12 12:15:00,7894.65,7897.25,7881.8,7887.3,0
2023-10-12 13:15:00,7886.85,7906.65,7885.9,7903.0,0
2023-10-12 14:15:00,7902.7,7908.55,7890.3,7902.85,0
2023-10-12 15:15:00,7902.85,7911.0,7901.1,7908.9,0
2023-10-13 09:15:00,7888.05,7937.55,7884.45,7915.65,0
2023-10-13 10:15:00,7916.15,7916.15,7895.2,7901.35,0
2023-10-13 11:15:00,7901.2,7912.2,7899.05,7904.95,0
2023-10-13 12:15:00,7905.35,7925.8,7904.4,7919.9,0
2023-10-13 13:15:00,7919.7,7927.1,7905.8,7907.15,0
2023-10-13 14:15:00,7908.15,7916.9,7896.05,7903.9,0
2023-10-13 15:15:00,7904.1,7908.15,7895.3,7898.45,0
2023-10-16 09:15:00,7916.3,7930.7,7887.4,7925.95,0
2023-10-16 10:15:00,7925.85,7940.6,7922.2,7931.0,0
2023-10-16 11:15:00,7930.75,7947.45,7928.3,7946.0,0
2023-10-16 12:15:00,7945.4,7956.2,7942.65,7943.55,0
2023-10-16 13:15:00,7943.2,7944.6,7934.6,7938.3,0
2023-10-16 14:15:00,7938.35,7944.3,7921.4,7921.95,0
2023-10-16 15:15:00,7921.95,7924.7,7916.15,7924.1,0
2023-10-17 09:15:00,7954.15,7971.7,7933.3,7971.55,0
2023-10-17 10:15:00,7971.85,7983.65,7966.4,7973.45,0
2023-10-17 11:15:00,7973.45,7981.6,7967.65,7971.65,0
2023-10-17 12:15:00,7971.3,7975.2,7965.2,7967.05,0
2023-10-17 13:15:00,7967.2,7980.45,7953.25,7957.0,0
2023-10-17 14:15:00,7956.35,7986.35,7955.8,7981.35,0
2023-10-17 15:15:00,7981.55,7985.5,7977.4,7978.0,0
2023-10-18 09:15:00,8007.55,8013.05,7981.5,8004.2,0
2023-10-18 10:15:00,8004.4,8006.4,7949.85,7951.6,0
2023-10-18 11:15:00,7951.75,7967.9,7932.0,7938.6,0
2023-10-18 12:15:00,7938.65,7938.65,7910.6,7925.6,0
2023-10-18 13:15:00,7925.2,7933.6,7913.85,7928.9,0
2023-10-18 14:15:00,7929.15,7930.7,7907.0,7909.95,0
2023-10-18 15:15:00,7910.1,7917.65,7903.85,7914.35,0
2023-10-19 09:15:00,7873.05,7890.05,7853.85,7864.65,0
2023-10-19 10:15:00,7864.2,7869.35,7854.25,7866.1,0
2023-10-19 11:15:00,7865.6,7882.0,7864.95,7878.15,0
2023-10-19 12:15:00,7877.65,7881.25,7868.45,7871.05,0
2023-10-19 13:15:00,7870.15,7880.65,7862.25,7877.7,0
2023-10-19 14:15:00,7877.95,7879.25,7865.25,7869.15,0
2023-10-19 15:15:00,7869.0,7873.95,7859.75,7863.9,0
2023-10-20 09:15:00,7854.15,7860.55,7813.7,7817.5,0
2023-10-20 10:15:00,7817.95,7818.4,7796.8,7804.75,0
2023-10-20 11:15:00,7804.7,7806.7,7760.45,7770.7,0
2023-10-20 12:15:00,7770.55,7772.3,7745.35,7746.5,0
2023-10-20 13:15:00,7746.95,7758.95,7735.0,7749.95,0
2023-10-20 14:15:00,7749.7,7763.65,7747.15,7762.05,0
2023-10-20 15:15:00,7761.7,7761.75,7752.4,7755.7,0
2023-10-23 09:15:00,7747.1,7758.2,7692.15,7693.15,0
2023-10-23 10:15:00,7693.45,7702.95,7678.75,7688.4,0
2023-10-23 11:15:00,7687.85,7694.5,7668.05,7686.8,0
2023-10-23 12:15:00,7687.55,7701.4,7670.55,7670.55,0
2023-10-23 13:15:00,7671.9,7684.1,7652.25,7678.0,0
2023-10-23 14:15:00,7678.15,7681.2,7604.45,7605.8,0
2023-10-23 15:15:00,7606.35,7606.6,7585.05,7604.5,0
2023-10-25 09:15:00,7611.65,7665.95,7598.6,7641.4,0
2023-10-25 10:15:00,7640.6,7648.3,7610.25,7618.15,0
2023-10-25 11:15:00,7618.15,7621.7,7593.3,7609.3,0
2023-10-25 12:15:00,7609.85,7611.8,7526.25,7526.95,0
2023-10-25 13:15:00,7526.15,7583.2,7520.5,7582.8,0
2023-10-25 14:15:00,7582.8,7585.55,7565.85,7574.6,0
2023-10-25 15:15:00,7574.8,7576.85,7557.05,7558.4,0
2023-10-26 09:15:00,7534.5,7544.85,7457.2,7460.9,0
2023-10-26 10:15:00,7459.75,7467.4,7442.15,7457.15,0
2023-10-26 11:15:00,7457.35,7465.25,7441.25,7444.65,0
2023-10-26 12:15:00,7444.65,7463.25,7444.65,7461.55,0
2023-10-26 13:15:00,7461.4,7467.75,7426.35,7433.4,0
2023-10-26 14:15:00,7432.25,7464.65,7422.45,7455.75,0
2023-10-26 15:15:00,7455.95,7461.25,7446.25,7449.9,0
2023-10-27 09:15:00,7487.95,7561.15,7480.6,7532.25,0
2023-10-27 10:15:00,7532.7,7553.45,7527.2,7538.8,0
2023-10-27 11:15:00,7539.85,7555.25,7538.95,7548.9,0
2023-10-27 12:15:00,7548.4,7550.4,7527.85,7535.7,0
2023-10-27 13:15:00,7535.6,7552.65,7534.55,7544.15,0
2023-10-27 14:15:00,7544.85,7565.0,7543.3,7545.85,0
2023-10-27 15:15:00,7545.1,7559.95,7543.25,7554.8,0
2023-10-30 09:15:00,7584.4,7632.8,7579.65,7619.0,0
2023-10-30 10:15:00,7619.1,7661.4,7609.1,7645.45,0
2023-10-30 11:15:00,7645.7,7672.65,7636.9,7662.85,0
2023-10-30 12:15:00,7663.3,7671.4,7652.3,7666.85,0
2023-10-30 13:15:00,7667.25,7688.4,7665.6,7673.2,0
2023-10-30 14:15:00,7673.7,7676.55,7646.9,7650.9,0
2023-10-30 15:15:00,7650.75,7652.0,7636.75,7640.35,0
2023-10-31 09:15:00,7685.55,7693.55,7626.45,7631.2,0
2023-10-31 10:15:00,7631.7,7639.75,7590.4,7598.05,0
2023-10-31 11:15:00,7597.7,7612.6,7578.35,7579.65,0
2023-10-31 12:15:00,7579.7,7596.6,7574.3,7592.1,0
2023-10-31 13:15:00,7592.05,7621.2,7576.8,7619.05,0
2023-10-31 14:15:00,7620.1,7642.65,7598.75,7615.6,0
2023-10-31 15:15:00,7615.3,7619.65,7605.0,7614.1,0
2023-11-01 09:15:00,7644.3,7677.4,7606.15,7661.15,0
2023-11-01 10:15:00,7661.2,7680.2,7644.85,7672.95,0
2023-11-01 11:15:00,7672.45,7676.45,7658.8,7666.8,0
2023-11-01 12:15:00,7666.8,7672.5,7628.1,7633.75,0
2023-11-01 13:15:00,7633.6,7648.85,7626.8,7635.45,0
2023-11-01 14:15:00,7635.85,7639.15,7621.0,7628.9,0
2023-11-01 15:15:00,7629.15,7629.55,7618.75,7623.3,0
2023-11-02 09:15:00,7687.55,7724.75,7670.15,7716.95,0
2023-11-02 10:15:00,7716.55,7724.05,7699.8,7703.1,0
2023-11-02 11:15:00,7703.25,7704.3,7685.75,7698.25,0
2023-11-02 12:15:00,7698.3,7712.6,7697.75,7709.7,0
2023-11-02 13:15:00,7709.75,7722.65,7704.5,7711.65,0
2023-11-02 14:15:00,7712.05,7717.5,7704.15,7715.2,0
2023-11-02 15:15:00,7715.5,7719.25,7712.3,7716.15,0
2023-11-03 09:15:00,7754.85,7776.0,7743.8,7768.05,0
2023-11-03 10:15:00,7768.6,7783.8,7763.9,7781.4,0
2023-11-03 11:15:00,7782.0,7785.0,7770.25,7776.05,0
2023-11-03 12:15:00,7776.1,7783.75,7773.25,7779.95,0
2023-11-03 13:15:00,7779.95,7787.7,7778.1,7786.25,0
2023-11-03 14:15:00,7785.75,7793.5,7768.85,7772.15,0
2023-11-03 15:15:00,7771.9,7772.8,7763.6,7768.7,0
2023-11-06 09:15:00,7816.3,7845.5,7805.85,7845.25,0
2023-11-06 10:15:00,7844.65,7860.9,7842.3,7855.6,0
2023-11-06 11:15:00,7856.3,7873.5,7846.55,7850.55,0
2023-11-06 12:15:00,7849.9,7862.7,7841.95,7854.55,0
2023-11-06 13:15:00,7852.9,7871.4,7850.1,7871.0,0
2023-11-06 14:15:00,7871.15,7879.35,7865.45,7875.65,0
2023-11-06 15:15:00,7876.15,7876.15,7865.2,7867.55,0
2023-11-07 09:15:00,7891.45,7901.75,7858.95,7899.25,0
2023-11-07 10:15:00,7899.65,7943.85,7898.25,7934.35,0
2023-11-07 11:15:00,7934.1,7954.85,7915.25,7953.8,0
2023-11-07 12:15:00,7953.25,7958.15,7934.75,7940.0,0
2023-11-07 13:15:00,7940.0,7944.55,7922.15,7925.15,0
2023-11-07 14:15:00,7925.0,7934.25,7912.95,7919.9,0
2023-11-07 15:15:00,7920.25,7928.9,7918.85,7924.4,0
2023-11-08 09:15:00,7964.85,8011.9,7950.55,8001.05,0
2023-11-08 10:15:00,8001.85,8006.4,7987.85,7989.8,0
2023-11-08 11:15:00,7991.0,8008.85,7988.05,7998.75,0
2023-11-08 12:15:00,7998.3,8005.35,7992.15,8003.75,0
2023-11-08 13:15:00,8003.15,8007.7,7993.05,8000.6,0
2023-11-08 14:15:00,8001.0,8003.7,7986.3,7988.5,0
2023-11-08 15:15:00,7989.05,7989.05,7977.45,7980.0,0
2023-11-09 09:15:00,8004.75,8007.3,7947.15,7962.95,0
2023-11-09 10:15:00,7963.25,7966.05,7944.15,7951.85,0
2023-11-09 11:15:00,7953.7,7964.8,7946.7,7950.45,0
2023-11-09 12:15:00,7950.75,7955.75,7938.2,7944.85,0
2023-11-09 13:15:00,7944.25,7950.65,7929.35,7937.1,0
2023-11-09 14:15:00,7937.35,7938.05,7917.85,7923.2,0
2023-11-09 15:15:00,7923.5,7928.15,7916.05,7922.95,0
2023-11-10 09:15:00,7912.7,7941.05,7897.95,7938.35,0
2023-11-10 10:15:00,7938.35,7961.65,7937.15,7950.7,0
2023-11-10 11:15:00,7950.1,7955.9,7945.0,7954.65,0
2023-11-10 12:15:00,7955.65,7974.1,7952.2,7965.7,0
2023-11-10 13:15:00,7965.2,7976.55,7959.3,7964.1,0
2023-11-10 14:15:00,7963.45,7973.9,7948.6,7969.65,0
2023-11-10 15:15:00,7970.05,7974.6,7965.15,7970.4,0
2023-11-12 18:15:00,8027.05,8034.2,8004.45,8012.8,0
2023-11-13 09:15:00,7995.9,7998.15,7971.15,7978.55,0
2023-11-13 10:15:00,7978.75,8003.95,7966.95,8002.7,0
2023-11-13 11:15:00,8001.4,8002.35,7983.25,7988.55,0
2023-11-13 12:15:00,7988.25,8000.0,7981.85,7995.5,0
2023-11-13 13:15:00,7995.8,7999.95,7984.35,7989.05,0
2023-11-13 14:15:00,7989.15,8003.45,7986.7,7999.95,0
2023-11-13 15:15:00,7999.15,8002.75,7990.4,7995.95,0
2023-11-15 09:15:00,8078.95,8100.2,8050.8,8093.65,0
2023-11-15 10:15:00,8093.6,8128.9,8090.45,8120.95,0
2023-11-15 11:15:00,8121.1,8129.35,8106.75,8115.45,0
2023-11-15 12:15:00,8115.65,8119.7,8103.9,8113.3,0
2023-11-15 13:15:00,8113.45,8116.0,8100.55,8114.6,0
2023-11-15 14:15:00,8114.7,8118.75,8103.85,8115.35,0
2023-11-15 15:15:00,8114.9,8123.65,8112.0,8112.35,0
2023-11-16 09:15:00,8143.3,8193.25,8122.0,8190.15,0
2023-11-16 10:15:00,8191.0,8196.3,8175.5,8186.95,0
2023-11-16 11:15:00,8187.0,8187.55,8172.2,8184.4,0
2023-11-16 12:15:00,8182.95,8190.1,8174.7,8184.55,0
2023-11-16 13:15:00,8184.45,8194.25,8181.25,8187.95,0
2023-11-16 14:15:00,8188.65,8207.7,8157.85,8160.6,0
2023-11-16 15:15:00,8159.95,8168.05,8155.7,8166.15,0
2023-11-17 09:15:00,8164.15,8214.05,8152.2,8152.75,0
2023-11-17 10:15:00,8152.2,8182.7,8141.35,8150.5,0
2023-11-17 11:15:00,8150.8,8153.85,8122.6,8125.7,0
2023-11-17 12:15:00,8125.6,8133.1,8099.4,8105.75,0
2023-11-17 13:15:00,8105.95,8112.4,8093.7,8102.0,0
2023-11-17 14:15:00,8102.5,8102.7,8075.6,8084.8,0
2023-11-17 15:15:00,8084.7,8091.2,8074.15,8088.5,0
2023-11-20 09:15:00,8093.65,8109.6,8068.75,8071.95,0
2023-11-20 10:15:00,8071.85,8093.0,8063.7,8063.8,0
2023-11-20 11:15:00,8064.25,8072.5,8058.55,8071.2,0
2023-11-20 12:15:00,8071.8,8084.15,8067.25,8080.15,0
2023-11-20 13:15:00,8080.15,8080.7,8053.05,8060.7,0
2023-11-20 14:15:00,8061.0,8076.15,8057.9,8072.4,0
2023-11-20 15:15:00,8071.8,8078.15,8067.1,8072.5,0
2023-11-21 09:15:00,8111.0,8127.85,8079.7,8081.3,0
2023-11-21 10:15:00,8081.15,8100.4,8077.65,8077.85,0
2023-11-21 11:15:00,8077.25,8109.05,8075.65,8109.05,0
2023-11-21 12:15:00,8108.6,8113.55,8083.2,8085.1,0
2023-11-21 13:15:00,8084.75,8097.7,8082.55,8089.1,0
2023-11-21 14:15:00,8089.5,8091.65,8077.75,8078.8,0
2023-11-21 15:15:00,8079.2,8080.7,8070.4,8075.4,0
2023-11-22 09:15:00,8087.3,8150.65,8084.3,8128.65,0
2023-11-22 10:15:00,8128.45,8139.6,8104.3,8106.2,0
2023-11-22 11:15:00,8106.25,8112.65,8089.35,8092.15,0
2023-11-22 12:15:00,8092.1,8092.35,8061.35,8079.35,0
2023-11-22 13:15:00,8079.7,8092.65,8073.1,8074.75,0
2023-11-22 14:15:00,8073.9,8113.55,8072.45,8107.95,0
2023-11-22 15:15:00,8108.55,8110.15,8100.3,8108.05,0
2023-11-23 09:15:00,8124.25,8135.5,8105.4,8116.4,0
2023-11-23 10:15:00,8115.3,8120.35,8098.0,8110.7,0
2023-11-23 11:15:00,8110.25,8128.75,8107.0,8123.75,0
2023-11-23 12:15:00,8123.9,8131.9,8119.45,8128.35,0
2023-11-23 13:15:00,8128.7,8142.95,8126.1,8141.3,0
2023-11-23 14:15:00,8141.45,8191.75,8141.2,8185.85,0
2023-11-23 15:15:00,8187.2,8188.2,8179.15,8180.5,0
2023-11-24 09:15:00,8185.0,8193.1,8153.25,8162.15,0
2023-11-24 10:15:00,8162.5,8170.6,8152.8,8169.95,0
2023-11-24 11:15:00,8169.85,8195.0,8161.15,8185.9,0
2023-11-24 12:15:00,8186.3,8190.8,8164.8,8167.9,0
2023-11-24 13:15:00,8167.75,8173.2,8160.75,8169.15,0
2023-11-24 14:15:00,8169.25,8172.05,8156.9,8161.95,0
2023-11-24 15:15:00,8162.15,8164.45,8155.25,8157.55,0
2023-11-28 09:15:00,8198.85,8261.35,8190.2,8258.05,0
2023-11-28 10:15:00,8257.7,8295.75,8253.6,8271.65,0
2023-11-28 11:15:00,8271.8,8301.25,8271.8,8288.45,0
2023-11-28 12:15:00,8288.45,8299.65,8284.6,8297.8,0
2023-11-28 13:15:00,8298.65,8310.1,8293.4,8306.7,0
2023-11-28 14:15:00,8307.15,8351.4,8305.85,8348.6,0
2023-11-28 15:15:00,8348.2,8353.35,8337.95,8339.5,0
2023-11-29 09:15:00,8410.65,8445.85,8390.15,8427.75,0
2023-11-29 10:15:00,8427.9,8436.5,8401.35,8421.1,0
2023-11-29 11:15:00,8421.95,8449.1,8420.95,8425.4,0
2023-11-29 12:15:00,8425.9,8443.55,8424.95,8438.2,0
2023-11-29 13:15:00,8437.65,8441.0,8421.2,8422.3,0
2023-11-29 14:15:00,8421.65,8426.8,8410.7,8417.75,0
2023-11-29 15:15:00,8418.1,8418.1,8409.65,8412.2,0
2023-11-30 09:15:00,8433.35,8445.5,8370.8,8396.05,0
2023-11-30 10:15:00,8396.3,8439.25,8395.75,8433.8,0
2023-11-30 11:15:00,8433.1,8454.65,8432.6,8446.65,0
2023-11-30 12:15:00,8446.6,8447.35,8425.3,8445.25,0
2023-11-30 13:15:00,8445.25,8461.2,8443.35,8454.3,0
2023-11-30 14:15:00,8454.4,8486.65,8447.7,8474.45,0
2023-11-30 15:15:00,8474.35,8483.35,8469.75,8476.7,0
2023-12-01 09:15:00,8520.15,8559.15,8516.65,8530.2,0
2023-12-01 10:15:00,8529.7,8541.1,8515.3,8516.3,0
2023-12-01 11:15:00,8516.8,8518.4,8496.55,8497.3,0
2023-12-01 12:15:00,8497.4,8532.1,8494.85,8528.35,0
2023-12-01 13:15:00,8527.85,8535.55,8514.8,8514.8,0
2023-12-01 14:15:00,8515.9,8532.75,8514.75,8518.7,0
2023-12-01 15:15:00,8519.95,8520.95,8512.65,8517.0,0
2023-12-04 09:15:00,8708.95,8740.95,8646.45,8735.65,0
2023-12-04 10:15:00,8734.8,8806.3,8734.8,8774.65,0
2023-12-04 11:15:00,8774.5,8793.45,8767.2,8783.65,0
2023-12-04 12:15:00,8783.25,8831.25,8773.05,8811.05,0
2023-12-04 13:15:00,8811.3,8816.25,8785.95,8793.25,0
2023-12-04 14:15:00,8793.05,8800.75,8777.0,8780.1,0
2023-12-04 15:15:00,8780.95,8792.45,8779.45,8791.6,0
2023-12-05 09:15:00,8872.05,8883.35,8814.35,8871.95,0
2023-12-05 10:15:00,8872.45,8907.65,8865.7,8906.65,0
2023-12-05 11:15:00,8906.35,8906.85,8797.6,8830.65,0
2023-12-05 12:15:00,8829.6,8879.4,8814.0,8868.2,0
2023-12-05 13:15:00,8868.65,8887.8,8846.85,8883.65,0
2023-12-05 14:15:00,8884.35,8914.1,8876.25,8913.5,0
2023-12-05 15:15:00,8913.1,8919.9,8904.85,8907.15,0
2023-12-06 09:15:00,8993.25,9056.2,8972.2,9001.75,0
2023-12-06 10:15:00,9000.95,9045.05,8998.8,9029.2,0
2023-12-06 11:15:00,9028.75,9030.25,9000.0,9015.9,0
2023-12-06 12:15:00,9016.2,9020.75,8966.35,8967.6,0
2023-12-06 13:15:00,8967.45,9024.95,8952.15,9018.9,0
2023-12-06 14:15:00,9018.45,9046.85,9018.45,9038.9,0
2023-12-06 15:15:00,9038.65,9056.9,9036.35,9053.25,0
2023-12-07 09:15:00,9085.5,9124.5,9037.7,9069.9,0
2023-12-07 10:15:00,9069.75,9084.3,9055.4,9077.15,0
2023-12-07 11:15:00,9077.45,9107.8,9073.85,9097.35,0
2023-12-07 12:15:00,9097.2,9101.0,9086.7,9088.4,0
2023-12-07 13:15:00,9088.3,9104.8,9085.7,9103.8,0
2023-12-07 14:15:00,9104.5,9121.25,9097.45,9111.45,0
2023-12-07 15:15:00,9111.15,9116.1,9110.05,9115.15,0
2023-12-08 09:15:00,9183.4,9197.0,9105.4,9132.35,0
2023-12-08 10:15:00,9132.0,9147.0,9049.05,9080.1,0
2023-12-08 11:15:00,9081.35,9096.6,9069.1,9081.6,0
2023-12-08 12:15:00,9081.75,9086.05,9000.35,9017.8,0
2023-12-08 13:15:00,9017.85,9024.5,8948.65,9009.5,0
2023-12-08 14:15:00,9010.0,9054.7,8996.65,9046.6,0
2023-12-08 15:15:00,9046.9,9050.35,9035.95,9041.4,0
2023-12-11 09:15:00,9089.6,9120.9,9069.75,9120.45,0
2023-12-11 10:15:00,9120.05,9134.1,9090.05,9119.05,0
2023-12-11 11:15:00,9118.6,9124.3,9094.4,9107.35,0
2023-12-11 12:15:00,9106.4,9107.0,9028.2,9046.2,0
2023-12-11 13:15:00,9047.25,9073.65,9030.45,9065.4,0
2023-12-11 14:15:00,9065.5,9067.05,9047.9,9054.65,0
2023-12-11 15:15:00,9054.45,9055.85,9021.5,9029.2,0
2023-12-12 09:15:00,9054.0,9062.75,9016.6,9020.7,0
2023-12-12 10:15:00,9020.95,9021.8,8991.15,9009.8,0
2023-12-12 11:15:00,9010.15,9030.25,9007.65,9016.1,0
2023-12-12 12:15:00,9016.6,9021.8,8973.75,8984.5,0
2023-12-12 13:15:00,8984.1,8988.65,8959.5,8961.0,0
2023-12-12 14:15:00,8960.55,8966.25,8912.7,8925.35,0
2023-12-12 15:15:00,8924.75,8933.8,8919.95,8931.95,0
2023-12-13 09:15:00,8943.8,8947.75,8890.6,8911.7,0
2023-12-13 10:15:00,8911.4,8913.7,8881.15,8906.35,0
2023-12-13 11:15:00,8906.35,8907.4,8861.7,8867.15,0
2023-12-13 12:15:00,8866.5,8882.9,8858.5,8872.85,0
2023-12-13 13:15:00,8873.5,8914.5,8871.35,8895.4,0
2023-12-13 14:15:00,8895.45,8922.25,8883.55,8916.05,0
2023-12-13 15:15:00,8917.15,8921.95,8910.2,8916.2,0
2023-12-14 09:15:00,8987.05,9009.6,8950.2,8979.55,0
2023-12-14 10:15:00,8979.6,9004.7,8964.3,9003.5,0
2023-12-14 11:15:00,9003.95,9026.7,8999.3,9010.45,0
2023-12-14 12:15:00,9011.55,9043.4,9007.75,9041.2,0
2023-12-14 13:15:00,9041.45,9052.45,9031.9,9040.65,0
2023-12-14 14:15:00,9040.9,9054.3,9026.45,9031.7,0
2023-12-14 15:15:00,9031.8,9044.9,9029.75,9043.0,0
2023-12-15 09:15:00,9082.35,9154.15,9070.25,9146.5,0
2023-12-15 10:15:00,9146.4,9160.85,9097.15,9102.95,0
2023-12-15 11:15:00,9103.2,9137.0,9102.8,9115.95,0
2023-12-15 12:15:00,9115.7,9136.7,9113.05,9128.7,0
2023-12-15 13:15:00,9128.05,9155.1,9123.75,9147.9,0
2023-12-15 14:15:00,9149.7,9190.35,9145.6,9151.4,0
2023-12-15 15:15:00,9150.9,9159.5,9143.0,9143.65,0
2023-12-18 09:15:00,9165.6,9206.1,9113.05,9188.0,0
2023-12-18 10:15:00,9189.1,9199.7,9173.3,9192.4,0
2023-12-18 11:15:00,9192.5,9199.7,9186.95,9198.35,0
2023-12-18 12:15:00,9198.65,9203.3,9153.9,9158.55,0
2023-12-18 13:15:00,9159.15,9171.55,9151.25,9169.3,0
2023-12-18 14:15:00,9169.1,9179.8,9154.6,9155.7,0
2023-12-18 15:15:00,9155.6,9160.85,9150.15,9157.35,0
2023-12-19 09:15:00,9241.35,9248.75,9142.05,9159.05,0
2023-12-19 10:15:00,9157.9,9212.1,9154.65,9206.65,0
2023-12-19 11:15:00,9207.35,9246.85,9204.0,9229.4,0
2023-12-19 12:15:00,9229.8,9258.1,9227.8,9247.3,0
2023-12-19 13:15:00,9247.2,9252.4,9235.85,9249.65,0
2023-12-19 14:15:00,9249.1,9257.05,9208.9,9231.95,0
2023-12-19 15:15:00,9231.05,9233.9,9225.55,9232.2,0
2023-12-20 09:15:00,9289.5,9317.15,9282.5,9304.25,0
2023-12-20 10:15:00,9303.95,9446.9,9303.95,9436.25,0
2023-12-20 11:15:00,9435.8,9447.7,9364.6,9382.1,0
2023-12-20 12:15:00,9382.55,9384.2,9319.65,9322.5,0
2023-12-20 13:15:00,9322.1,9322.15,9071.65,9127.3,0
2023-12-20 14:15:00,9122.8,9171.85,9050.6,9054.05,0
2023-12-20 15:15:00,9053.25,9057.4,9035.2,9055.65,0
2023-12-21 09:15:00,8992.7,9162.25,8971.8,9154.8,0
2023-12-21 10:15:00,9155.15,9182.15,9106.65,9162.0,0
2023-12-21 11:15:00,9162.05,9165.45,9125.15,9156.7,0
2023-12-21 12:15:00,9159.05,9201.05,9151.5,9185.8,0
2023-12-21 13:15:00,9185.6,9211.45,9150.2,9170.85,0
2023-12-21 14:15:00,9168.15,9221.9,9166.85,9211.25,0
2023-12-21 15:15:00,9210.55,9223.35,9202.0,9221.15,0
2023-12-22 09:15:00,9249.05,9266.6,9216.5,9252.05,0
2023-12-22 10:15:00,9252.0,9264.4,9232.5,9256.4,0
2023-12-22 11:15:00,9256.1,9266.1,9230.45,9256.3,0
2023-12-22 12:15:00,9256.4,9295.4,9217.95,9269.7,0
2023-12-22 13:15:00,9269.05,9287.85,9213.25,9261.55,0
2023-12-22 14:15:00,9262.1,9297.4,9258.1,9290.95,0
2023-12-22 15:15:00,9290.15,9294.95,9270.3,9279.05,0
2023-12-26 09:15:00,9316.3,9399.65,9290.5,9385.7,0
2023-12-26 10:15:00,9385.6,9446.45,9381.1,9443.45,0
2023-12-26 11:15:00,9442.15,9451.05,9410.25,9411.65,0
2023-12-26 12:15:00,9410.3,9412.8,9377.7,9391.1,0
2023-12-26 13:15:00,9391.6,9431.65,9388.45,9416.1,0
2023-12-26 14:15:00,9417.85,9433.0,9412.95,9419.35,0
2023-12-26 15:15:00,9419.85,9441.85,9418.55,9439.95,0
2023-12-27 09:15:00,9477.3,9491.4,9441.4,9455.9,0
2023-12-27 10:15:00,9455.7,9464.5,9425.75,9451.65,0
2023-12-27 11:15:00,9449.9,9462.55,9429.5,9431.6,0
2023-12-27 12:15:00,9430.6,9431.7,9376.0,9402.15,0
2023-12-27 13:15:00,9401.7,9406.0,9381.35,9382.5,0
2023-12-27 14:15:00,9382.9,9409.8,9376.7,9408.35,0
2023-12-27 15:15:00,9408.05,9410.05,9389.8,9391.2,0
2023-12-28 09:15:00,9433.55,9465.2,9401.45,9405.95,0
2023-12-28 10:15:00,9406.55,9501.3,9403.7,9494.6,0
2023-12-28 11:15:00,9494.0,9574.8,9493.65,9542.0,0
2023-12-28 12:15:00,9542.65,9559.0,9533.0,9554.5,0
2023-12-28 13:15:00,9554.0,9587.65,9543.9,9576.45,0
2023-12-28 14:15:00,9576.6,9625.55,9575.2,9591.05,0
2023-12-28 15:15:00,9591.95,9594.15,9577.05,9581.15,0
2023-12-29 09:15:00,9548.3,9558.75,9490.15,9491.1,0
2023-12-29 10:15:00,9492.3,9515.9,9485.7,9510.7,0
2023-12-29 11:15:00,9510.65,9531.05,9499.25,9522.25,0
2023-12-29 12:15:00,9522.5,9534.25,9510.2,9526.5,0
2023-12-29 13:15:00,9527.1,9529.3,9478.7,9480.15,0
2023-12-29 14:15:00,9479.25,9506.25,9474.4,9490.15,0
2023-12-29 15:15:00,9490.25,9502.95,9484.3,9502.95,0
2024-01-01 09:15:00,9551.0,9592.45,9526.45,9578.45,0
2024-01-01 10:15:00,9578.2,9590.8,9565.7,9582.5,0
2024-01-01 11:15:00,9583.4,9585.0,9567.05,9576.6,0
2024-01-01 12:15:00,9575.4,9577.75,9561.5,9568.8,0
2024-01-01 13:15:00,9569.35,9604.4,9567.55,9596.4,0
2024-01-01 14:15:00,9597.15,9617.7,9562.95,9565.2,0
2024-01-01 15:15:00,9565.0,9569.0,9556.25,9569.0,0
2024-01-02 09:15:00,9581.35,9627.7,9546.45,9572.5,0
2024-01-02 10:15:00,9571.7,9575.95,9472.4,9526.55,0
2024-01-02 11:15:00,9526.8,9583.55,9517.85,9574.75,0
2024-01-02 12:15:00,9574.45,9631.75,9574.25,9590.65,0
2024-01-02 13:15:00,9590.95,9636.7,9589.8,9631.45,0
2024-01-02 14:15:00,9633.65,9664.25,9616.25,9635.3,0
2024-01-02 15:15:00,9636.0,9640.1,9627.45,9636.25,0
2024-01-03 09:15:00,9670.25,9735.45,9653.6,9696.9,0
2024-01-03 10:15:00,9696.35,9705.95,9645.95,9689.9,0
2024-01-03 11:15:00,9689.15,9708.05,9676.35,9691.0,0
2024-01-03 12:15:00,9690.95,9723.75,9668.35,9716.15,0
2024-01-03 13:15:00,9716.4,9742.35,9704.6,9733.1,0
2024-01-03 14:15:00,9732.05,9732.6,9691.85,9694.45,0
2024-01-03 15:15:00,9693.3,9694.3,9675.75,9681.6,0
2024-01-04 09:15:00,9720.1,9755.55,9679.0,9749.35,0
2024-01-04 10:15:00,9749.35,9758.75,9737.15,9740.65,0
2024-01-04 11:15:00,9740.5,9757.65,9733.4,9750.4,0
2024-01-04 12:15:00,9750.9,9766.05,9749.35,9754.7,0
2024-01-04 13:15:00,9754.5,9762.3,9742.5,9744.65,0
2024-01-04 14:15:00,9743.65,9748.95,9730.6,9743.35,0
2024-01-04 15:15:00,9743.7,9757.3,9740.2,9746.25,0
2024-01-05 09:15:00,9796.6,9812.2,9758.7,9802.45,0
2024-01-05 10:15:00,9802.7,9810.6,9738.7,9766.25,0
2024-01-05 11:15:00,9764.9,9795.45,9748.9,9789.95,0
2024-01-05 12:15:00,9790.0,9812.25,9777.05,9808.6,0
2024-01-05 13:15:00,9808.8,9816.45,9738.05,9743.35,0
2024-01-05 14:15:00,9742.65,9783.2,9719.65,9777.55,0
2024-01-05 15:15:00,9777.6,9777.95,9759.9,9764.7,0
2024-01-08 09:15:00,9819.35,9874.4,9792.05,9817.55,0
2024-01-08 10:15:00,9817.7,9823.05,9766.45,9778.0,0
2024-01-08 11:15:00,9779.25,9783.5,9698.4,9738.55,0
2024-01-08 12:15:00,9738.2,9748.4,9724.95,9743.5,0
2024-01-08 13:15:00,9743.55,9758.0,9729.4,9743.4,0
2024-01-08 14:15:00,9744.2,9749.95,9713.8,9717.15,0
2024-01-08 15:15:00,9717.05,9720.5,9705.5,9718.2,0
2024-01-09 09:15:00,9807.95,9812.65,9727.6,9759.7,0
2024-01-09 10:15:00,9760.2,9784.6,9747.55,9755.05,0
2024-01-09 11:15:00,9754.05,9777.05,9752.85,9760.15,0
2024-01-09 12:15:00,9760.35,9795.9,9759.65,9790.15,0
2024-01-09 13:15:00,9790.0,9791.1,9765.6,9770.0,0
2024-01-09 14:15:00,9768.8,9770.6,9725.9,9727.8,0
2024-01-09 15:15:00,9729.1,9736.0,9719.3,9736.0,0
2024-01-10 09:15:00,9693.7,9701.1,9566.0,9632.75,0
2024-01-10 10:15:00,9632.85,9655.35,9620.85,9649.45,0
2024-01-10 11:15:00,9650.35,9654.95,9612.35,9629.4,0
2024-01-10 12:15:00,9629.3,9630.3,9598.45,9620.75,0
2024-01-10 13:15:00,9619.95,9647.8,9615.8,9641.0,0
2024-01-10 14:15:00,9641.1,9736.25,9638.65,9729.2,0
2024-01-10 15:15:00,9730.4,9748.8,9724.95,9745.1,0
2024-01-11 09:15:00,9778.75,9812.5,9765.2,9803.8,0
2024-01-11 10:15:00,9804.55,9816.9,9776.75,9798.9,0
2024-01-11 11:15:00,9798.4,9813.2,9774.3,9796.2,0
2024-01-11 12:15:00,9795.75,9825.6,9794.6,9820.35,0
2024-01-11 13:15:00,9819.7,9865.2,9815.2,9822.05,0
2024-01-11 14:15:00,9822.4,9888.3,9817.45,9879.25,0
2024-01-11 15:15:00,9878.05,9881.2,9867.55,9875.95,0
2024-01-12 09:15:00,9910.4,9918.55,9842.85,9905.0,0
2024-01-12 10:15:00,9903.85,9974.25,9903.45,9974.0,0
2024-01-12 11:15:00,9973.4,9986.2,9951.2,9969.9,0
2024-01-12 12:15:00,9970.6,9987.0,9962.3,9973.65,0
2024-01-12 13:15:00,9973.9,10027.15,9973.25,10003.7,0
2024-01-12 14:15:00,10004.05,10028.85,9996.95,10009.25,0
2024-01-12 15:15:00,10008.8,10034.8,10008.4,10025.0,0
2024-01-15 09:15:00,10098.05,10098.05,10000.15,10036.6,0
2024-01-15 10:15:00,10036.5,10114.05,10031.0,10090.45,0
2024-01-15 11:15:00,10090.5,10187.8,10088.2,10171.85,0
2024-01-15 12:15:00,10172.35,10178.55,10147.75,10168.4,0
2024-01-15 13:15:00,10168.35,10193.35,10150.8,10188.1,0
2024-01-15 14:15:00,10188.0,10204.95,10180.2,10192.35,0
2024-01-15 15:15:00,10192.05,10196.2,10185.2,10193.35,0
2024-01-16 09:15:00,10207.5,10257.6,10167.95,10248.1,0
2024-01-16 10:15:00,10247.6,10264.4,10204.65,10262.2,0
2024-01-16 11:15:00,10261.6,10323.3,10256.6,10293.4,0
2024-01-16 12:15:00,10292.1,10307.8,10192.45,10197.95,0
2024-01-16 13:15:00,10198.85,10275.0,10167.9,10250.5,0
2024-01-16 14:15:00,10250.25,10263.35,10222.25,10234.9,0
2024-01-16 15:15:00,10234.7,10237.5,10207.05,10218.75,0
2024-01-17 09:15:00,10140.05,10280.4,10110.1,10213.3,0
2024-01-17 10:15:00,10212.7,10236.8,10200.85,10225.9,0
2024-01-17 11:15:00,10225.55,10225.55,10152.7,10179.95,0
2024-01-17 12:15:00,10180.1,10197.9,10164.75,10173.7,0
2024-01-17 13:15:00,10173.5,10193.2,10143.9,10181.9,0
2024-01-17 14:15:00,10182.2,10184.35,10097.55,10137.6,0
2024-01-17 15:15:00,10136.95,10147.4,10115.3,10142.75,0
2024-01-18 09:15:00,10077.8,10190.2,9943.95,10048.75,0
2024-01-18 10:15:00,10050.8,10159.75,10023.05,10158.2,0
2024-01-18 11:15:00,10157.9,10162.45,10122.05,10152.3,0
2024-01-18 12:15:00,10152.65,10166.75,10101.65,10139.2,0
2024-01-18 13:15:00,10139.95,10178.45,10138.9,10177.45,0
2024-01-18 14:15:00,10176.95,10206.5,10157.85,10183.9,0
2024-01-18 15:15:00,10183.8,10197.55,10179.35,10193.5,0
2024-01-19 09:15:00,10273.2,10274.7,10223.5,10251.3,0
2024-01-19 10:15:00,10251.6,10289.25,10251.5,10265.2,0
2024-01-19 11:15:00,10264.1,10291.1,10256.05,10269.2,0
2024-01-19 12:15:00,10268.4,10293.85,10251.4,10293.85,0
2024-01-19 13:15:00,10293.35,10360.5,10292.8,10337.75,0
2024-01-19 14:15:00,10338.9,10379.1,10338.0,10363.5,0
2024-01-19 15:15:00,10362.85,10365.4,10345.9,10362.15,0
2024-01-20 09:15:00,10405.15,10440.75,10329.1,10358.7,0
2024-01-20 10:15:00,10358.4,10440.35,10357.4,10417.45,0
2024-01-20 11:15:00,10419.05,10424.8,10390.6,10406.6,0
2024-01-20 12:15:00,10407.4,10412.4,10360.15,10386.9,0
2024-01-20 13:15:00,10386.45,10395.05,10361.45,10378.2,0
2024-01-20 14:15:00,10378.9,10391.5,10350.3,10377.85,0
2024-01-20 15:15:00,10377.0,10386.7,10361.15,10381.0,0
2024-01-23 09:15:00,10517.4,10520.1,10272.75,10291.2,0
2024-01-23 10:15:00,10290.4,10296.05,10175.0,10235.3,0
2024-01-23 11:15:00,10235.0,10240.1,10107.3,10118.1,0
2024-01-23 12:15:00,10117.05,10150.4,10086.15,10094.7,0
2024-01-23 13:15:00,10095.05,10129.3,10070.3,10081.15,0
2024-01-23 14:15:00,10081.4,10081.6,9957.65,10015.8,0
2024-01-23 15:15:00,10015.15,10037.15,10002.75,10031.55,0
2024-01-24 09:15:00,10055.5,10132.95,9987.95,10091.45,0
2024-01-24 10:15:00,10091.75,10129.6,10075.4,10094.15,0
2024-01-24 11:15:00,10093.2,10108.0,10021.75,10044.95,0
2024-01-24 12:15:00,10044.95,10129.75,10027.9,10117.55,0
2024-01-24 13:15:00,10116.7,10150.7,10113.05,10135.45,0
2024-01-24 14:15:00,10135.4,10225.45,10127.4,10209.55,0
2024-01-24 15:15:00,10209.35,10236.25,10208.05,10234.35,0
2024-01-25 09:15:00,10253.25,10285.35,10201.05,10247.45,0
2024-01-25 10:15:00,10246.65,10252.65,10166.85,10177.55,0
2024-01-25 11:15:00,10176.8,10265.7,10172.85,10212.15,0
2024-01-25 12:15:00,10210.75,10225.1,10188.85,10223.75,0
2024-01-25 13:15:00,10224.55,10245.35,10139.6,10184.55,0
2024-01-25 14:15:00,10183.9,10201.25,10165.7,10167.3,0
2024-01-25 15:15:00,10168.65,10207.6,10163.1,10189.3,0
2024-01-29 09:15:00,10291.2,10415.25,10259.2,10405.9,0
2024-01-29 10:15:00,10406.3,10528.35,10390.8,10503.85,0
2024-01-29 11:15:00,10504.15,10583.85,10498.1,10569.65,0
2024-01-29 12:15:00,10569.95,10638.9,10559.25,10631.3,0
2024-01-29 13:15:00,10633.5,10724.7,10606.75,10710.95,0
2024-01-29 14:15:00,10710.95,10732.35,10667.2,10705.6,0
2024-01-29 15:15:00,10705.25,10738.85,10699.6,10729.55,0
2024-01-30 09:15:00,10824.1,10839.55,10694.15,10832.2,0
2024-01-30 10:15:00,10832.55,10888.35,10808.0,10887.4,0
2024-01-30 11:15:00,10888.7,10938.25,10842.85,10866.25,0
2024-01-30 12:15:00,10866.2,10884.05,10828.55,10830.45,0
2024-01-30 13:15:00,10830.6,10841.3,10788.6,10804.7,0
2024-01-30 14:15:00,10804.25,10805.3,10636.8,10652.85,0
2024-01-30 15:15:00,10653.1,10663.85,10640.5,10655.55,0
2024-01-31 09:15:00,10675.35,10799.3,10672.05,10737.15,0
2024-01-31 10:15:00,10737.05,10755.55,10680.0,10689.5,0
2024-01-31 11:15:00,10689.3,10736.8,10666.3,10699.4,0
2024-01-31 12:15:00,10699.9,10737.45,10649.8,10680.8,0
2024-01-31 13:15:00,10681.5,10699.15,10667.85,10673.65,0
2024-01-31 14:15:00,10673.35,10743.1,10660.95,10730.35,0
2024-01-31 15:15:00,10729.45,10736.9,10718.3,10728.35,0
2024-02-01 09:15:00,10803.95,10803.95,10730.55,10778.75,0
2024-02-01 10:15:00,10777.85,10789.15,10710.5,10729.85,0
2024-02-01 11:15:00,10730.65,10733.2,10654.3,10716.45,0
2024-02-01 12:15:00,10715.65,10731.8,10681.95,10711.6,0
2024-02-01 13:15:00,10711.3,10737.25,10661.35,10720.8,0
2024-02-01 14:15:00,10722.2,10766.15,10716.7,10720.55,0
2024-02-01 15:15:00,10720.85,10729.3,10713.95,10725.8,0
2024-02-02 09:15:00,10825.85,10974.65,10816.65,10967.55,0
2024-02-02 10:15:00,10967.5,11061.05,10966.65,11048.45,0
2024-02-02 11:15:00,11047.4,11109.7,11047.4,11096.05,0
2024-02-02 12:15:00,11095.7,11137.55,10986.8,11077.1,0
2024-02-02 13:15:00,11075.6,11159.1,11040.5,11137.75,0
2024-02-02 14:15:00,11136.85,11159.8,11089.75,11117.65,0
2024-02-02 15:15:00,11119.15,11119.45,11102.2,11109.05,0
2024-02-05 09:15:00,11222.0,11351.05,11108.6,11339.35,0
2024-02-05 10:15:00,11340.5,11369.1,11281.55,11368.0,0
2024-02-05 11:15:00,11367.65,11418.05,11359.75,11400.55,0
2024-02-05 12:15:00,11399.9,11448.15,11391.75,11424.05,0
2024-02-05 13:15:00,11426.2,11437.3,11379.1,11423.0,0
2024-02-05 14:15:00,11424.0,11433.0,11199.5,11287.3,0
2024-02-05 15:15:00,11287.4,11296.65,11243.8,11294.3,0
2024-02-06 09:15:00,11365.15,11371.05,11194.6,11354.3,0
2024-02-06 10:15:00,11354.9,11395.6,11299.95,11374.4,0
2024-02-06 11:15:00,11374.9,11502.65,11374.3,11488.3,0
2024-02-06 12:15:00,11490.5,11534.5,11441.55,11533.5,0
2024-02-06 13:15:00,11533.05,11623.65,11497.75,11565.4,0
2024-02-06 14:15:00,11566.0,11593.6,11542.8,11568.05,0
2024-02-06 15:15:00,11567.95,11577.25,11556.35,11571.5,0
2024-02-07 09:15:00,11679.15,11721.75,11568.7,11699.35,0
2024-02-07 10:15:00,11698.8,11713.75,11574.55,11615.2,0
2024-02-07 11:15:00,11615.65,11618.55,11526.1,11574.6,0
2024-02-07 12:15:00,11574.45,11600.35,11552.2,11573.55,0
2024-02-07 13:15:00,11573.1,11598.9,11556.5,11590.8,0
2024-02-07 14:15:00,11592.35,11619.8,11562.4,11594.05,0
2024-02-07 15:15:00,11593.25,11613.9,11589.9,11613.8,0
2024-02-08 09:15:00,11675.1,11735.3,11628.35,11678.0,0
2024-02-08 10:15:00,11676.7,11695.65,11558.0,11604.1,0
2024-02-08 11:15:00,11603.65,11701.45,11591.65,11696.95,0
2024-02-08 12:15:00,11696.5,11705.1,11651.7,11681.2,0
2024-02-08 13:15:00,11680.5,11779.2,11650.7,11739.2,0
2024-02-08 14:15:00,11738.6,11745.6,11644.05,11697.5,0
2024-02-08 15:15:00,11696.35,11745.7,11692.9,11742.45,0
2024-02-09 09:15:00,11750.15,11754.35,11389.8,11535.45,0
2024-02-09 10:15:00,11536.4,11538.75,11301.8,11392.7,0
2024-02-09 11:15:00,11392.95,11497.55,11321.6,11488.8,0
2024-02-09 12:15:00,11490.0,11585.7,11477.8,11534.7,0
2024-02-09 13:15:00,11534.6,11551.05,11469.15,11548.9,0
2024-02-09 14:15:00,11548.6,11559.8,11507.25,11538.2,0
2024-02-09 15:15:00,11538.9,11546.95,11527.6,11534.3,0
2024-02-12 09:15:00,11510.25,11561.15,11271.35,11286.85,0
2024-02-12 10:15:00,11286.05,11321.0,11212.8,11287.2,0
2024-02-12 11:15:00,11287.25,11304.55,11203.65,11241.1,0
2024-02-12 12:15:00,11242.25,11313.0,11239.55,11301.65,0
2024-02-12 13:15:00,11301.45,11372.4,11270.95,11370.6,0
2024-02-12 14:15:00,11371.25,11384.1,11225.4,11227.3,0
2024-02-12 15:15:00,11227.35,11243.2,11190.6,11236.5,0
2024-02-13 09:15:00,11256.1,11299.3,11137.85,11272.65,0
2024-02-13 10:15:00,11272.1,11376.5,11231.05,11372.35,0
2024-02-13 11:15:00,11371.35,11373.9,11246.1,11248.4,0
2024-02-13 12:15:00,11247.45,11307.8,11231.75,11280.35,0
2024-02-13 13:15:00,11279.75,11304.0,11258.15,11268.15,0
2024-02-13 14:15:00,11268.75,11300.9,11254.25,11288.3,0
2024-02-13 15:15:00,11289.3,11301.45,11284.15,11290.4,0
2024-02-14 09:15:00,11197.25,11348.55,11158.45,11334.6,0
2024-02-14 10:15:00,11335.15,11347.15,11291.55,11328.4,0
2024-02-14 11:15:00,11327.8,11463.9,11325.35,11433.05,0
2024-02-14 12:15:00,11432.0,11510.25,11432.0,11496.7,0
2024-02-14 13:15:00,11497.2,11565.35,11468.15,11560.2,0
2024-02-14 14:15:00,11560.0,11640.45,11554.25,11635.15,0
2024-02-14 15:15:00,11635.25,11663.5,11626.65,11643.4,0
2024-02-15 09:15:00,11705.7,11889.9,11655.9,11885.9,0
2024-02-15 10:15:00,11886.75,11945.0,11858.5,11943.4,0
2024-02-15 11:15:00,11941.7,11958.8,11887.05,11902.8,0
2024-02-15 12:15:00,11903.75,11941.6,11862.25,11940.35,0
2024-02-15 13:15:00,11939.9,11982.2,11919.65,11928.8,0
2024-02-15 14:15:00,11926.9,11942.65,11892.45,11929.1,0
2024-02-15 15:15:00,11928.3,11935.85,11908.5,11914.2,0
2024-02-16 09:15:00,11973.5,12074.3,11899.3,11971.15,0
2024-02-16 10:15:00,11971.55,11983.35,11935.55,11953.85,0
2024-02-16 11:15:00,11953.8,11974.1,11874.7,11904.5,0
2024-02-16 12:15:00,11903.6,11973.35,11867.0,11942.0,0
2024-02-16 13:15:00,11942.25,11942.25,11867.8,11886.9,0
2024-02-16 14:15:00,11887.45,11890.9,11853.55,11859.35,0
2024-02-16 15:15:00,11858.35,11860.2,11824.9,11849.35,0
2024-02-19 09:15:00,11893.6,11938.85,11849.25,11902.25,0
2024-02-19 10:15:00,11902.65,11967.4,11902.55,11916.15,0
2024-02-19 11:15:00,11916.7,11931.15,11896.75,11930.7,0
2024-02-19 12:15:00,11930.6,11981.5,11916.95,11949.3,0
2024-02-19 13:15:00,11949.9,11995.65,11913.55,11948.65,0
2024-02-19 14:15:00,11948.65,11989.2,11905.9,11910.9,0
2024-02-19 15:15:00,11911.75,11924.65,11903.1,11906.05,0
2024-02-20 09:15:00,11921.35,11947.0,11814.9,11836.0,0
2024-02-20 10:15:00,11835.55,11852.65,11788.0,11818.15,0
2024-02-20 11:15:00,11817.9,11858.2,11817.9,11841.1,0
2024-02-20 12:15:00,11840.3,11875.85,11828.4,11859.15,0
2024-02-20 13:15:00,11858.7,11982.2,11844.65,11933.8,0
2024-02-20 14:15:00,11935.6,11945.8,11911.95,11936.2,0
2024-02-20 15:15:00,11935.65,11968.2,11929.55,11960.05,0
2024-02-21 09:15:00,11977.95,12009.8,11920.4,11941.65,0
2024-02-21 10:15:00,11941.95,11968.0,11902.9,11962.15,0
2024-02-21 11:15:00,11960.75,11962.6,11924.5,11948.3,0
2024-02-21 12:15:00,11948.05,11958.05,11928.35,11942.5,0
2024-02-21 13:15:00,11942.4,11989.6,11877.3,11882.95,0
2024-02-21 14:15:00,11881.8,11912.6,11708.35,11803.75,0
2024-02-21 15:15:00,11804.5,11807.85,11769.6,11777.1,0
2024-02-22 09:15:00,11780.45,11780.75,11584.3,11686.55,0
2024-02-22 10:15:00,11686.15,11707.2,11634.3,11688.2,0
2024-02-22 11:15:00,11689.95,11743.55,11648.45,11725.1,0
2024-02-22 12:15:00,11724.8,11736.15,11686.8,11711.9,0
2024-02-22 13:15:00,11712.1,11765.15,11690.75,11730.35,0
2024-02-22 14:15:00,11729.2,11824.15,11728.45,11798.45,0
2024-02-22 15:15:00,11798.75,11825.85,11796.05,11807.05,0
2024-02-23 09:15:00,11828.95,11847.45,11747.3,11793.4,0
2024-02-23 10:15:00,11794.45,11795.0,11707.5,11716.05,0
2024-02-23 11:15:00,11716.55,11751.7,11715.6,11731.2,0
2024-02-23 12:15:00,11729.65,11779.1,11729.65,11777.65,0
2024-02-23 13:15:00,11777.65,11785.8,11737.55,11755.55,0
2024-02-23 14:15:00,11756.45,11786.55,11748.85,11761.25,0
2024-02-23 15:15:00,11762.2,11762.25,11734.1,11751.45,0
2024-02-26 09:15:00,11757.45,11763.2,11652.85,11695.3,0
2024-02-26 10:15:00,11695.1,11708.45,11664.4,11693.65,0
2024-02-26 11:15:00,11694.55,11708.05,11649.5,11656.65,0
2024-02-26 12:15:00,11656.05,11716.95,11646.3,11708.35,0
2024-02-26 13:15:00,11708.7,11764.0,11699.45,11754.35,0
2024-02-26 14:15:00,11754.05,11819.55,11753.1,11776.05,0
2024-02-26 15:15:00,11776.55,11777.6,11756.25,11768.85,0
2024-02-27 09:15:00,11755.2,11778.25,11696.65,11716.9,0
2024-02-27 10:15:00,11716.25,11745.55,11701.65,11736.95,0
2024-02-27 11:15:00,11736.65,11755.65,11673.1,11688.9,0
2024-02-27 12:15:00,11688.8,11729.3,11683.05,11709.4,0
2024-02-27 13:15:00,11709.1,11726.7,11616.45,11628.2,0
2024-02-27 14:15:00,11628.65,11703.75,11621.85,11694.45,0
2024-02-27 15:15:00,11694.6,11695.0,11661.65,11682.4,0
2024-02-28 09:15:00,11684.5,11725.35,11649.9,11675.5,0
2024-02-28 10:15:00,11674.5,11684.9,11486.25,11534.55,0
2024-02-28 11:15:00,11533.2,11557.2,11466.15,11486.5,0
2024-02-28 12:15:00,11486.25,11513.8,11421.55,11424.95,0
2024-02-28 13:15:00,11425.55,11541.75,11425.55,11524.0,0
2024-02-28 14:15:00,11522.2,11522.25,11440.7,11443.65,0
2024-02-28 15:15:00,11443.75,11443.95,11407.25,11426.95,0
2024-02-29 09:15:00,11456.7,11506.45,11384.85,11419.15,0
2024-02-29 10:15:00,11419.75,11447.9,11376.75,11424.6,0
2024-02-29 11:15:00,11425.3,11442.7,11390.1,11411.4,0
2024-02-29 12:15:00,11410.65,11458.45,11409.9,11454.55,0
2024-02-29 13:15:00,11453.75,11463.95,11412.1,11431.65,0
2024-02-29 14:15:00,11431.2,11471.2,11389.2,11466.55,0
2024-02-29 15:15:00,11466.25,11516.1,11465.8,11501.95,0
2024-03-01 09:15:00,11544.25,11705.25,11538.2,11669.25,0
2024-03-01 10:15:00,11668.5,11672.55,11636.8,11650.9,0
2024-03-01 11:15:00,11650.35,11680.85,11650.35,11665.45,0
2024-03-01 12:15:00,11665.6,11687.05,11648.55,11669.15,0
2024-03-01 13:15:00,11669.15,11707.3,11665.9,11697.2,0
2024-03-01 14:15:00,11696.05,11746.15,11688.75,11711.55,0
2024-03-01 15:15:00,11710.6,11722.2,11703.6,11703.6,0
2024-03-02 09:15:00,11746.3,11765.9,11723.5,11762.15,0
2024-03-02 11:15:00,11774.9,11789.95,11749.15,11754.0,0
2024-03-02 12:15:00,11754.3,11756.85,11739.8,11742.8,0
2024-03-04 09:15:00,11770.4,11876.1,11750.25,11863.0,0
2024-03-04 10:15:00,11861.8,11925.2,11861.1,11896.35,0
2024-03-04 11:15:00,11897.5,11949.75,11890.5,11942.45,0
2024-03-04 12:15:00,11939.7,11948.3,11906.4,11937.0,0
2024-03-04 13:15:00,11937.3,11991.9,11927.55,11986.85,0
2024-03-04 14:15:00,11987.1,12005.65,11960.9,11962.3,0
2024-03-04 15:15:00,11962.2,11979.6,11956.1,11970.4,0
2024-03-05 09:15:00,12004.8,12033.85,11919.9,11959.45,0
2024-03-05 10:15:00,11957.05,11993.45,11915.95,11961.0,0
2024-03-05 11:15:00,11961.85,11982.7,11932.75,11972.25,0
2024-03-05 12:15:00,11972.05,12010.0,11949.6,12010.0,0
2024-03-05 13:15:00,12009.55,12016.6,11973.65,12004.95,0
2024-03-05 14:15:00,12004.45,12054.8,12001.6,12029.55,0
2024-03-05 15:15:00,12028.6,12038.05,12018.55,12027.85,0
2024-03-06 09:15:00,12016.0,12058.0,11748.2,11774.6,0
2024-03-06 10:15:00,11773.2,11864.7,11755.0,11790.15,0
2024-03-06 11:15:00,11791.05,11809.05,11706.2,11737.95,0
2024-03-06 12:15:00,11737.6,11783.6,11710.5,11776.65,0
2024-03-06 13:15:00,11776.65,11852.2,11759.25,11843.95,0
2024-03-06 14:15:00,11844.05,11921.05,11843.35,11915.1,0
2024-03-06 15:15:00,11914.55,11920.15,11896.2,11904.0,0
2024-03-07 09:15:00,11907.65,11941.65,11872.15,11913.55,0
2024-03-07 10:15:00,11913.4,11914.1,11800.05,11847.55,0
2024-03-07 11:15:00,11845.5,11855.45,11813.1,11819.25,0
2024-03-07 12:15:00,11818.9,11834.7,11778.55,11819.9,0
2024-03-07 13:15:00,11821.1,11828.4,11792.65,11809.55,0
2024-03-07 14:15:00,11809.4,11816.6,11764.2,11777.15,0
2024-03-07 15:15:00,11777.4,11779.1,11742.95,11773.2,0
2024-03-11 09:15:00,11776.45,11827.55,11688.7,11785.15,0
2024-03-11 10:15:00,11783.55,11800.6,11731.65,11732.85,0
2024-03-11 11:15:00,11732.95,11766.75,11657.6,11669.55,0
2024-03-11 12:15:00,11667.85,11718.4,11659.1,11693.1,0
2024-03-11 13:15:00,11692.45,11716.35,11670.85,11671.1,0
2024-03-11 14:15:00,11672.5,11706.95,11623.85,11635.45,0
2024-03-11 15:15:00,11634.5,11643.3,11624.9,11631.15,0
2024-03-12 09:15:00,11659.8,11731.15,11586.95,11705.25,0
2024-03-12 10:15:00,11707.25,11728.65,11622.15,11647.65,0
2024-03-12 11:15:00,11648.0,11661.05,11580.2,11630.95,0
2024-03-12 12:15:00,11631.1,11639.95,11565.05,11594.8,0
2024-03-12 13:15:00,11593.65,11680.0,11586.95,11658.5,0
2024-03-12 14:15:00,11658.35,11666.45,11581.3,11588.1,0
2024-03-12 15:15:00,11587.8,11591.55,11575.35,11577.7,0
2024-03-13 09:15:00,11613.95,11619.45,11334.75,11429.25,0
2024-03-13 10:15:00,11430.1,11433.05,11319.35,11332.65,0
2024-03-13 11:15:00,11332.55,11358.8,11195.35,11197.8,0
2024-03-13 12:15:00,11198.9,11288.85,11149.5,11237.1,0
2024-03-13 13:15:00,11237.65,11245.1,11105.3,11105.3,0
2024-03-13 14:15:00,11104.9,11113.1,10973.65,10994.2,0
2024-03-13 15:15:00,10995.05,11053.3,10985.4,11048.45,0
2024-03-14 09:15:00,11004.0,11226.35,10956.8,11137.65,0
2024-03-14 10:15:00,11137.45,11244.65,11122.3,11202.4,0
2024-03-14 11:15:00,11202.15,11272.4,11163.5,11243.65,0
2024-03-14 12:15:00,11243.4,11256.6,11144.45,11202.7,0
2024-03-14 13:15:00,11202.65,11237.25,11170.6,11210.9,0
2024-03-14 14:15:00,11211.55,11294.1,11206.65,11285.85,0
2024-03-14 15:15:00,11285.5,11310.2,11282.7,11294.5,0
2024-03-15 09:15:00,11202.55,11269.5,11023.95,11083.4,0
2024-03-15 10:15:00,11083.65,11095.05,10925.3,10953.45,0
2024-03-15 11:15:00,10954.4,10956.75,10822.5,10831.6,0
2024-03-15 12:15:00,10833.95,10901.45,10770.15,10882.65,0
2024-03-15 13:15:00,10880.45,10977.15,10843.0,10946.4,0
2024-03-15 14:15:00,10946.35,11074.05,10927.6,11059.85,0
2024-03-15 15:15:00,11058.7,11095.45,11039.85,11063.8,0
2024-03-18 09:15:00,11055.55,11132.75,11004.8,11072.1,0
2024-03-18 10:15:00,11072.6,11129.35,11046.55,11049.45,0
2024-03-18 11:15:00,11048.05,11115.2,11037.3,11083.5,0
2024-03-18 12:15:00,11081.45,11114.45,11055.2,11103.15,0
2024-03-18 13:15:00,11105.3,11130.7,11077.65,11111.55,0
2024-03-18 14:15:00,11112.15,11152.6,11092.2,11103.1,0
2024-03-18 15:15:00,11103.2,11119.35,11093.3,11103.95,0
2024-03-19 09:15:00,11061.45,11076.05,10914.45,10945.0,0
2024-03-19 10:15:00,10945.65,10958.3,10896.1,10924.1,0
2024-03-19 11:15:00,10924.7,10934.1,10867.45,10900.6,0
2024-03-19 12:15:00,10900.45,10981.75,10899.9,10972.4,0
2024-03-19 13:15:00,10972.85,10995.75,10926.65,10948.95,0
2024-03-19 14:15:00,10948.45,10965.7,10905.7,10910.6,0
2024-03-19 15:15:00,10910.25,10922.5,10904.35,10913.7,0
2024-03-20 09:15:00,10953.5,11009.7,10895.05,10908.6,0
2024-03-20 10:15:00,10907.2,10954.1,10882.2,10950.2,0
2024-03-20 11:15:00,10950.05,11013.6,10927.25,10978.45,0
2024-03-20 12:15:00,10981.05,11019.3,10972.7,11018.3,0
2024-03-20 13:15:00,11018.5,11051.55,11012.3,11031.85,0
2024-03-20 14:15:00,11031.5,11061.9,11011.35,11056.95,0
2024-03-20 15:15:00,11057.1,11067.2,11047.9,11052.25,0
2024-03-21 09:15:00,11147.65,11213.7,11125.85,11207.95,0
2024-03-21 10:15:00,11208.45,11232.7,11201.55,11203.5,0
2024-03-21 11:15:00,11203.5,11210.2,11138.75,11140.7,0
2024-03-21 12:15:00,11141.0,11175.75,11136.85,11164.4,0
2024-03-21 13:15:00,11163.55,11189.8,11159.35,11170.7,0
2024-03-21 14:15:00,11172.0,11215.15,11171.65,11206.45,0
2024-03-21 15:15:00,11206.05,11208.0,11191.8,11197.4,0
2024-03-22 09:15:00,11214.7,11257.15,11141.15,11256.8,0
2024-03-22 10:15:00,11255.95,11280.4,11224.35,11239.9,0
2024-03-22 11:15:00,11240.15,11260.45,11232.3,11244.15,0
2024-03-22 12:15:00,11243.6,11256.8,11227.5,11253.85,0
2024-03-22 13:15:00,11253.9,11261.55,11216.05,11255.8,0
2024-03-22 14:15:00,11255.25,11293.0,11206.45,11214.05,0
2024-03-22 15:15:00,11216.9,11226.05,11209.75,11216.6,0
2024-03-26 09:15:00,11167.6,11266.15,11135.85,11261.25,0
2024-03-26 10:15:00,11262.6,11322.1,11243.25,11315.65,0
2024-03-26 11:15:00,11316.0,11330.3,11301.45,11316.2,0
2024-03-26 12:15:00,11317.0,11338.55,11313.35,11323.7,0
2024-03-26 13:15:00,11324.85,11345.2,11322.95,11337.45,0
2024-03-26 14:15:00,11337.45,11344.75,11296.65,11303.8,0
2024-03-26 15:15:00,11303.65,11313.55,11297.65,11304.35,0
2024-03-27 09:15:00,11361.9,11492.55,11349.85,11456.3,0
2024-03-27 10:15:00,11457.0,11479.25,11443.35,11467.65,0
2024-03-27 11:15:00,11468.45,11519.9,11465.1,11507.55,0
2024-03-27 12:15:00,11506.75,11507.5,11462.75,11472.95,0
2024-03-27 13:15:00,11472.45,11477.65,11456.2,11475.0,0
2024-03-27 14:15:00,11476.05,11476.6,11346.15,11367.3,0
2024-03-27 15:15:00,11369.95,11398.45,11341.25,11398.45,0
2024-03-28 09:15:00,11408.75,11466.8,11384.8,11444.4,0
2024-03-28 10:15:00,11444.1,11469.7,11418.25,11454.45,0
2024-03-28 11:15:00,11455.4,11467.35,11434.7,11442.05,0
2024-03-28 12:15:00,11442.55,11505.8,11439.95,11505.8,0
2024-03-28 13:15:00,11506.0,11538.2,11499.45,11535.25,0
2024-03-28 14:15:00,11535.8,11541.4,11418.7,11418.7,0
2024-03-28 15:15:00,11419.5,11453.75,11407.2,11444.05,0
2024-04-01 09:15:00,11492.8,11564.3,11483.15,11541.4,0
2024-04-01 10:15:00,11541.55,11553.1,11498.0,11518.55,0
2024-04-01 11:15:00,11518.05,11521.9,11499.7,11514.3,0
2024-04-01 12:15:00,11513.0,11526.55,11486.9,11500.65,0
2024-04-01 13:15:00,11500.9,11517.25,11482.0,11500.4,0
2024-04-01 14:15:00,11500.65,11507.6,11479.65,11499.55,0
2024-04-01 15:15:00,11500.15,11516.5,11490.85,11511.3,0
2024-04-02 09:15:00,11524.4,11621.9,11513.7,11569.1,0
2024-04-02 10:15:00,11569.0,11571.05,11524.35,11548.05,0
2024-04-02 11:15:00,11546.25,11572.05,11544.95,11571.3,0
2024-04-02 12:15:00,11571.5,11592.05,11557.45,11579.8,0
2024-04-02 13:15:00,11580.15,11613.55,11571.2,11607.05,0
2024-04-02 14:15:00,11605.85,11652.3,11600.35,11652.3,0
2024-04-02 15:15:00,11651.55,11664.95,11645.6,11655.25,0
2024-04-03 09:15:00,11649.9,11747.6,11620.25,11723.95,0
2024-04-03 10:15:00,11724.05,11727.45,11691.45,11704.0,0
2024-04-03 11:15:00,11704.55,11714.6,11682.7,11706.85,0
2024-04-03 12:15:00,11707.6,11739.95,11702.75,11720.45,0
2024-04-03 13:15:00,11720.8,11729.95,11682.6,11700.25,0
2024-04-03 14:15:00,11700.55,11707.0,11641.3,11655.7,0
2024-04-03 15:15:00,11655.4,11665.6,11645.65,11655.3,0
2024-04-04 09:15:00,11724.95,11728.4,11565.55,11565.55,0
2024-04-04 10:15:00,11566.4,11603.4,11489.35,11521.55,0
2024-04-04 11:15:00,11521.15,11525.05,11447.85,11452.05,0
2024-04-04 12:15:00,11451.2,11511.45,11429.75,11493.25,0
2024-04-04 13:15:00,11494.6,11547.5,11476.75,11511.05,0
2024-04-04 14:15:00,11510.55,11526.8,11476.5,11489.55,0
2024-04-04 15:15:00,11489.15,11522.85,11484.35,11515.35,0
2024-04-05 09:15:00,11466.2,11487.85,11371.35,11439.95,0
2024-04-05 10:15:00,11440.55,11507.95,11439.8,11501.35,0
2024-04-05 11:15:00,11501.65,11534.9,11480.5,11515.6,0
2024-04-05 12:15:00,11515.55,11538.0,11490.65,11492.85,0
2024-04-05 13:15:00,11492.85,11511.35,11475.9,11488.15,0
2024-04-05 14:15:00,11487.75,11512.0,11473.8,11510.05,0
2024-04-05 15:15:00,11510.25,11520.7,11503.45,11517.1,0
2024-04-08 09:15:00,11545.1,11693.1,11543.3,11663.35,0
2024-04-08 10:15:00,11663.0,11686.65,11635.7,11648.4,0
2024-04-08 11:15:00,11648.45,11658.6,11625.35,11639.4,0
2024-04-08 12:15:00,11639.4,11675.8,11632.9,11673.15,0
2024-04-08 13:15:00,11673.9,11676.25,11624.9,11662.85,0
2024-04-08 14:15:00,11662.55,11705.15,11660.9,11666.65,0
2024-04-08 15:15:00,11666.9,11679.6,11661.9,11666.85,0
2024-04-09 09:15:00,11709.0,11717.6,11618.55,11696.9,0
2024-04-09 10:15:00,11697.35,11698.75,11658.5,11661.4,0
2024-04-09 11:15:00,11662.55,11680.4,11650.7,11655.1,0
2024-04-09 12:15:00,11655.2,11668.5,11612.3,11640.3,0
2024-04-09 13:15:00,11640.85,11645.6,11574.6,11577.0,0
2024-04-09 14:15:00,11577.35,11628.25,11573.15,11624.6,0
2024-04-09 15:15:00,11623.95,11626.45,11613.3,11624.05,0
2024-04-10 09:15:00,11649.3,11831.55,11644.7,11828.6,0
2024-04-10 10:15:00,11828.45,11858.65,11812.75,11829.6,0
2024-04-10 11:15:00,11829.7,11836.9,11791.35,11814.7,0
2024-04-10 12:15:00,11814.85,11816.3,11789.1,11803.25,0
2024-04-10 13:15:00,11802.7,11828.75,11796.75,11799.95,0
2024-04-10 14:15:00,11799.65,11821.4,11782.45,11790.25,0
2024-04-10 15:15:00,11790.5,11801.05,11786.45,11791.5,0
2024-04-12 09:15:00,11787.75,11814.75,11737.8,11795.0,0
2024-04-12 10:15:00,11795.15,11818.75,11766.9,11785.8,0
2024-04-12 11:15:00,11785.4,11797.6,11773.15,11781.4,0
2024-04-12 12:15:00,11781.2,11784.75,11681.45,11698.0,0
2024-04-12 13:15:00,11698.25,11709.65,11674.2,11675.9,0
2024-04-12 14:15:00,11676.4,11693.4,11636.4,11636.4,0
2024-04-12 15:15:00,11637.6,11659.65,11629.45,11657.0,0
2024-04-15 09:15:00,11545.35,11667.5,11426.15,11667.5,0
2024-04-15 10:15:00,11666.6,11789.8,11652.85,11742.5,0
2024-04-15 11:15:00,11742.5,11794.2,11740.05,11778.55,0
2024-04-15 12:15:00,11778.5,11803.5,11760.25,11784.2,0
2024-04-15 13:15:00,11784.7,11839.35,11760.35,11777.95,0
2024-04-15 14:15:00,11778.95,11795.1,11667.5,11686.7,0
2024-04-15 15:15:00,11687.15,11719.7,11686.6,11716.75,0
2024-04-16 09:15:00,11620.2,11882.5,11584.6,11858.15,0
2024-04-16 10:15:00,11857.95,11885.7,11822.35,11885.7,0
2024-04-16 11:15:00,11887.05,11888.8,11793.7,11805.25,0
2024-04-16 12:15:00,11805.05,11809.75,11748.5,11748.5,0
2024-04-16 13:15:00,11747.85,11787.3,11727.7,11776.7,0
2024-04-16 14:15:00,11776.75,11783.4,11727.7,11779.7,0
2024-04-16 15:15:00,11780.7,11787.55,11766.2,11785.5,0
2024-04-18 09:15:00,11858.55,11996.65,11833.5,11874.75,0
2024-04-18 10:15:00,11873.4,11899.2,11851.55,11882.35,0
2024-04-18 11:15:00,11882.7,11883.7,11839.55,11843.0,0
2024-04-18 12:15:00,11843.25,11864.15,11836.05,11838.65,0
2024-04-18 13:15:00,11838.9,11843.95,11726.55,11749.2,0
2024-04-18 14:15:00,11748.95,11770.25,11600.0,11601.8,0
2024-04-18 15:15:00,11602.5,11671.75,11602.15,11666.75,0
2024-04-19 09:15:00,11544.55,11602.25,11446.85,11531.1,0
2024-04-19 10:15:00,11531.4,11566.65,11480.15,11511.85,0
2024-04-19 11:15:00,11511.2,11585.45,11497.75,11578.05,0
2024-04-19 12:15:00,11578.05,11637.2,11574.75,11615.5,0
2024-04-19 13:15:00,11615.5,11667.6,11586.9,11641.9,0
2024-04-19 14:15:00,11641.7,11642.5,11593.1,11615.7,0
2024-04-19 15:15:00,11614.6,11619.4,11599.45,11609.8,0
2024-04-22 09:15:00,11682.45,11686.95,11612.3,11650.9,0
2024-04-22 10:15:00,11650.8,11681.7,11641.15,11679.95,0
2024-04-22 11:15:00,11679.0,11695.9,11648.05,11649.7,0
2024-04-22 12:15:00,11648.5,11664.65,11635.3,11645.85,0
2024-04-22 13:15:00,11645.95,11665.0,11640.5,11652.15,0
2024-04-22 14:15:00,11652.8,11674.25,11629.95,11669.15,0
2024-04-22 15:15:00,11667.35,11686.4,11662.2,11679.6,0
2024-04-23 09:15:00,11715.2,11755.0,11662.75,11708.6,0
2024-04-23 10:15:00,11708.95,11711.9,11626.85,11640.7,0
2024-04-23 11:15:00,11641.45,11661.4,11624.3,11656.0,0
2024-04-23 12:15:00,11656.0,11660.8,11606.75,11611.65,0
2024-04-23 13:15:00,11611.65,11633.05,11595.45,11631.6,0
2024-04-23 14:15:00,11631.85,11642.75,11579.05,11580.8,0
2024-04-23 15:15:00,11581.1,11586.55,11564.4,11585.05,0
2024-04-24 09:15:00,11638.35,11640.45,11588.65,11617.9,0
2024-04-24 10:15:00,11618.2,11674.15,11615.8,11671.8,0
2024-04-24 11:15:00,11672.1,11681.55,11645.1,11657.7,0
2024-04-24 12:15:00,11657.6,11685.2,11649.8,11673.75,0
2024-04-24 13:15:00,11673.7,11709.85,11668.75,11705.2,0
2024-04-24 14:15:00,11705.5,11708.5,11645.55,11662.95,0
2024-04-24 15:15:00,11664.0,11665.75,11642.05,11650.6,0
2024-04-25 09:15:00,11640.75,11713.55,11630.55,11710.0,0
2024-04-25 10:15:00,11710.55,11714.1,11629.85,11691.9,0
2024-04-25 11:15:00,11691.6,11703.0,11671.9,11675.8,0
2024-04-25 12:15:00,11675.9,11709.4,11664.9,11699.1,0
2024-04-25 13:15:00,11698.7,11750.05,11697.8,11743.2,0
2024-04-25 14:15:00,11743.15,11767.15,11735.35,11738.8,0
2024-04-25 15:15:00,11739.0,11747.25,11734.65,11741.55,0
2024-04-26 09:15:00,11774.0,11808.4,11740.35,11784.05,0
2024-04-26 10:15:00,11784.55,11845.05,11755.05,11833.9,0
2024-04-26 11:15:00,11833.0,11862.75,11828.65,11841.25,0
2024-04-26 12:15:00,11840.9,11842.0,11795.95,11821.45,0
2024-04-26 13:15:00,11821.1,11832.8,11783.1,11800.5,0
2024-04-26 14:15:00,11798.9,11818.95,11776.85,11781.5,0
2024-04-26 15:15:00,11781.45,11804.4,11778.45,11791.2,0
2024-04-29 09:15:00,11830.7,11932.5,11814.4,11919.35,0
2024-04-29 10:15:00,11919.4,11931.35,11883.55,11908.4,0
2024-04-29 11:15:00,11908.35,11914.6,11888.85,11900.75,0
2024-04-29 12:15:00,11900.25,11920.55,11893.5,11908.65,0
2024-04-29 13:15:00,11908.3,11922.1,11883.65,11885.8,0
2024-04-29 14:15:00,11885.55,11905.55,11873.3,11903.45,0
2024-04-29 15:15:00,11904.0,11910.0,11893.05,11899.7,0
2024-04-30 09:15:00,11959.25,12016.25,11934.6,12009.5,0
2024-04-30 10:15:00,12009.7,12020.9,11964.65,11980.8,0
2024-04-30 11:15:00,11980.45,12005.35,11966.75,12000.15,0
2024-04-30 12:15:00,11999.9,12014.55,11959.7,11967.6,0
2024-04-30 13:15:00,11967.45,11996.65,11952.1,11976.15,0
2024-04-30 14:15:00,11974.9,11983.3,11811.55,11831.3,0
2024-04-30 15:15:00,11831.75,11834.95,11818.7,11827.85,0
2024-05-02 09:15:00,11892.15,11948.3,11811.6,11887.6,0
2024-05-02 10:15:00,11886.95,11919.75,11869.3,11916.05,0
2024-05-02 11:15:00,11916.05,11966.5,11901.1,11949.65,0
2024-05-02 12:15:00,11948.15,11964.5,11922.1,11943.35,0
2024-05-02 13:15:00,11943.05,11948.75,11912.05,11919.9,0
2024-05-02 14:15:00,11920.35,11948.2,11894.55,11916.95,0
2024-05-02 15:15:00,11917.8,11936.15,11915.15,11933.5,0
2024-05-03 09:15:00,11993.85,12035.0,11956.05,11957.7,0
2024-05-03 10:15:00,11957.0,11973.2,11915.7,11924.65,0
2024-05-03 11:15:00,11923.95,11928.0,11795.65,11797.5,0
2024-05-03 12:15:00,11797.8,11854.65,11765.8,11772.85,0
2024-05-03 13:15:00,11771.55,11789.0,11698.3,11759.25,0
2024-05-03 14:15:00,11758.05,11819.8,11742.8,11809.4,0
2024-05-03 15:15:00,11809.45,11817.15,11797.5,11817.1,0
2024-05-06 09:15:00,11866.4,11874.4,11544.6,11586.25,0
2024-05-06 10:15:00,11587.15,11691.65,11549.7,11665.7,0
2024-05-06 11:15:00,11664.6,11688.5,11638.2,11668.0,0
2024-05-06 12:15:00,11668.25,11674.4,11598.6,11600.85,0
2024-05-06 13:15:00,11600.85,11627.75,11574.3,11611.0,0
2024-05-06 14:15:00,11610.65,11647.05,11595.15,11597.3,0
2024-05-06 15:15:00,11596.7,11612.05,11582.6,11607.25,0
2024-05-07 09:15:00,11661.4,11677.2,11568.45,11575.35,0
2024-05-07 10:15:00,11575.0,11575.6,11458.65,11460.75,0
2024-05-07 11:15:00,11460.8,11464.0,11399.1,11419.0,0
2024-05-07 12:15:00,11418.55,11456.35,11352.8,11366.15,0
2024-05-07 13:15:00,11365.85,11453.9,11364.25,11432.1,0
2024-05-07 14:15:00,11432.6,11432.75,11372.95,11381.7,0
2024-05-07 15:15:00,11381.8,11398.45,11369.95,11395.25,0
2024-05-08 09:15:00,11396.75,11562.3,11373.85,11544.15,0
2024-05-08 10:15:00,11545.05,11553.15,11486.1,11535.25,0
2024-05-08 11:15:00,11535.15,11609.35,11531.05,11606.75,0
2024-05-08 12:15:00,11607.55,11645.2,11589.45,11635.8,0
2024-05-08 13:15:00,11635.15,11669.5,11570.2,11570.8,0
2024-05-08 14:15:00,11571.15,11579.05,11536.45,11569.45,0
2024-05-08 15:15:00,11568.5,11595.6,11567.4,11584.7,0
2024-05-09 09:15:00,11585.2,11606.65,11451.35,11457.3,0
2024-05-09 10:15:00,11458.2,11467.9,11368.5,11379.2,0
2024-05-09 11:15:00,11379.45,11426.6,11352.75,11402.65,0
2024-05-09 12:15:00,11403.0,11414.4,11308.55,11334.95,0
2024-05-09 13:15:00,11333.95,11338.7,11280.4,11318.55,0
2024-05-09 14:15:00,11318.8,11322.45,11202.45,11203.8,0
2024-05-09 15:15:00,11203.55,11223.0,11180.35,11219.85,0
2024-05-10 09:15:00,11309.7,11379.45,11181.25,11311.9,0
2024-05-10 10:15:00,11313.75,11320.35,11259.85,11294.0,0
2024-05-10 11:15:00,11293.35,11331.75,11259.45,11283.85,0
2024-05-10 12:15:00,11283.95,11316.55,11258.4,11289.85,0
2024-05-10 13:15:00,11290.95,11346.4,11277.45,11310.5,0
2024-05-10 14:15:00,11310.15,11366.9,11302.65,11335.9,0
2024-05-10 15:15:00,11334.7,11353.65,11331.65,11344.85,0
2024-05-13 09:15:00,11374.25,11384.75,11089.1,11149.7,0
2024-05-13 10:15:00,11148.95,11149.0,11048.25,11141.95,0
2024-05-13 11:15:00,11142.4,11219.7,11141.8,11212.4,0
2024-05-13 12:15:00,11212.55,11235.45,11181.6,11212.9,0
2024-05-13 13:15:00,11213.15,11268.0,11160.35,11266.95,0
2024-05-13 14:15:00,11266.95,11292.4,11245.8,11257.2,0
2024-05-13 15:15:00,11257.65,11275.55,11249.1,11268.7,0
2024-05-14 09:15:00,11292.0,11401.9,11260.15,11269.75,0
2024-05-14 10:15:00,11269.65,11342.35,11268.2,11341.55,0
2024-05-14 11:15:00,11341.4,11357.5,11324.65,11346.1,0
2024-05-14 12:15:00,11346.25,11412.8,11326.25,11395.9,0
2024-05-14 13:15:00,11395.75,11449.45,11377.15,11435.45,0
2024-05-14 14:15:00,11435.05,11448.8,11410.6,11441.2,0
2024-05-14 15:15:00,11440.45,11457.25,11427.35,11457.1,0
2024-05-15 09:15:00,11485.95,11552.9,11453.9,11480.6,0
2024-05-15 10:15:00,11480.9,11518.3,11453.0,11500.4,0
2024-05-15 11:15:00,11500.55,11512.6,11462.05,11486.35,0
2024-05-15 12:15:00,11485.8,11490.85,11460.35,11471.2,0
2024-05-15 13:15:00,11470.1,11508.5,11457.85,11503.4,0
2024-05-15 14:15:00,11503.45,11552.25,11481.2,11501.2,0
2024-05-15 15:15:00,11501.5,11509.1,11493.3,11505.7,0
2024-05-16 09:15:00,11577.15,11607.2,11534.35,11557.45,0
2024-05-16 10:15:00,11557.65,11562.35,11470.35,11473.65,0
2024-05-16 11:15:00,11472.9,11530.55,11458.35,11530.55,0
2024-05-16 12:15:00,11530.6,11534.65,11455.7,11466.2,0
2024-05-16 13:15:00,11466.2,11467.55,11412.8,11417.6,0
2024-05-16 14:15:00,11417.05,11537.2,11415.6,11529.05,0
2024-05-16 15:15:00,11528.45,11554.55,11525.85,11534.35,0
2024-05-17 09:15:00,11551.85,11610.6,11521.5,11561.45,0
2024-05-17 10:15:00,11561.05,11581.55,11543.7,11565.0,0
2024-05-17 11:15:00,11563.95,11585.95,11548.1,11550.85,0
2024-05-17 12:15:00,11551.55,11597.35,11551.05,11578.7,0
2024-05-17 13:15:00,11578.7,11632.8,11574.9,11622.85,0
2024-05-17 14:15:00,11622.8,11653.35,11604.8,11653.35,0
2024-05-17 15:15:00,11651.95,11657.8,11642.8,11651.95,0
2024-05-18 09:15:00,11691.2,11717.95,11683.55,11691.55,0
2024-05-18 11:15:00,11697.65,11716.7,11692.65,11696.2,0
2024-05-18 12:15:00,11699.35,11704.8,11690.05,11696.0,0
2024-05-21 09:15:00,11704.25,11775.75,11682.55,11756.1,0
2024-05-21 10:15:00,11757.2,11769.45,11713.15,11757.3,0
2024-05-21 11:15:00,11756.25,11772.0,11749.7,11769.45,0
2024-05-21 12:15:00,11769.55,11825.8,11763.5,11794.1,0
2024-05-21 13:15:00,11794.8,11800.8,11769.95,11775.25,0
2024-05-21 14:15:00,11775.5,11786.3,11754.45,11768.65,0
2024-05-21 15:15:00,11769.25,11771.75,11754.4,11762.6,0
2024-05-22 09:15:00,11845.5,11857.0,11690.95,11784.75,0
2024-05-22 10:15:00,11783.15,11802.5,11753.5,11763.95,0
2024-05-22 11:15:00,11764.0,11775.25,11739.65,11766.8,0
2024-05-22 12:15:00,11766.75,11782.7,11752.4,11764.5,0
2024-05-22 13:15:00,11764.4,11778.65,11747.8,11757.9,0
2024-05-22 14:15:00,11757.3,11812.5,11754.3,11789.55,0
2024-05-22 15:15:00,11789.95,11799.55,11778.35,11795.45,0
2024-05-23 09:15:00,11821.1,11882.7,11809.75,11863.8,0
2024-05-23 10:15:00,11863.5,11899.15,11843.25,11854.95,0
2024-05-23 11:15:00,11854.4,11863.65,11835.85,11857.25,0
2024-05-23 12:15:00,11856.75,11888.7,11850.9,11876.8,0
2024-05-23 13:15:00,11877.4,11919.45,11863.6,11919.1,0
2024-05-23 14:15:00,11918.65,11947.35,11892.75,11934.45,0
2024-05-23 15:15:00,11934.7,11949.2,11920.1,11927.1,0
2024-05-24 09:15:00,11931.65,11944.5,11885.15,11898.2,0
2024-05-24 10:15:00,11898.0,12013.75,11896.6,11996.5,0
2024-05-24 11:15:00,11996.25,12020.4,11977.05,12020.4,0
2024-05-24 12:15:00,12020.5,12062.3,12002.3,12029.55,0
2024-05-24 13:15:00,12029.7,12061.1,12026.15,12035.2,0
2024-05-24 14:15:00,12035.05,12046.45,11969.5,11996.6,0
2024-05-24 15:15:00,11996.8,12002.15,11978.8,11985.15,0
2024-05-27 09:15:00,12031.75,12046.4,11843.85,11880.2,0
2024-05-27 10:15:00,11880.45,11921.75,11854.95,11907.65,0
2024-05-27 11:15:00,11907.1,11951.55,11906.55,11938.25,0
2024-05-27 12:15:00,11938.5,11956.5,11934.8,11953.95,0
2024-05-27 13:15:00,11953.85,11991.55,11951.55,11985.2,0
2024-05-27 14:15:00,11985.45,12003.35,11903.2,11927.85,0
2024-05-27 15:15:00,11928.9,11941.45,11916.75,11931.4,0
2024-05-28 09:15:00,11957.85,11972.05,11878.35,11905.3,0
2024-05-28 10:15:00,11905.45,11935.55,11888.95,11900.4,0
2024-05-28 11:15:00,11901.8,11906.85,11833.95,11833.95,0
2024-05-28 12:15:00,11835.35,11845.05,11778.65,11836.45,0
2024-05-28 13:15:00,11834.55,11857.45,11817.25,11829.1,0
2024-05-28 14:15:00,11829.0,11844.95,11809.85,11811.0,0
2024-05-28 15:15:00,11811.4,11811.65,11781.35,11793.4,0
2024-05-29 09:15:00,11736.55,11791.4,11685.0,11729.35,0
2024-05-29 10:15:00,11729.35,11756.4,11704.55,11706.05,0
2024-05-29 11:15:00,11705.9,11719.85,11685.75,11706.8,0
2024-05-29 12:15:00,11706.8,11736.7,11698.35,11726.4,0
2024-05-29 13:15:00,11726.5,11735.75,11691.9,11711.6,0
2024-05-29 14:15:00,11712.5,11715.65,11669.5,11684.35,0
2024-05-29 15:15:00,11684.55,11709.6,11680.25,11705.5,0
2024-05-30 09:15:00,11684.35,11716.0,11597.95,11604.9,0
2024-05-30 10:15:00,11604.85,11671.4,11597.6,11642.75,0
2024-05-30 11:15:00,11642.6,11645.3,11617.15,11620.75,0
2024-05-30 12:15:00,11621.05,11632.3,11593.7,11612.4,0
2024-05-30 13:15:00,11613.4,11615.15,11576.3,11580.5,0
2024-05-30 14:15:00,11581.05,11593.2,11509.45,11522.15,0
2024-05-30 15:15:00,11523.65,11573.25,11516.6,11566.5,0
2024-05-31 09:15:00,11608.05,11635.95,11530.4,11530.4,0
2024-05-31 10:15:00,11531.3,11559.0,11506.2,11538.95,0
2024-05-31 11:15:00,11538.2,11553.7,11515.5,11549.0,0
2024-05-31 12:15:00,11548.4,11600.05,11535.55,11591.85,0
2024-05-31 13:15:00,11591.65,11671.45,11589.25,11665.9,0
2024-05-31 14:15:00,11664.9,11667.35,11579.8,11632.05,0
2024-05-31 15:15:00,11632.2,11652.95,11611.15,11648.75,0
2024-06-03 09:15:00,12238.25,12261.0,12031.8,12251.05,0
2024-06-03 10:15:00,12250.65,12321.85,12194.0,12256.7,0
2024-06-03 11:15:00,12254.75,12276.9,12219.95,12231.1,0
2024-06-03 12:15:00,12231.2,12327.0,12221.5,12303.3,0
2024-06-03 13:15:00,12302.85,12408.95,12288.1,12404.05,0
2024-06-03 14:15:00,12403.7,12437.75,12388.2,12421.3,0
2024-06-03 15:15:00,12422.0,12434.5,12409.25,12429.0,0
2024-06-04 09:15:00,12407.3,12407.3,11640.7,11972.9,0
2024-06-04 10:15:00,11973.7,11981.8,11308.45,11310.55,0
2024-06-04 11:15:00,11312.75,11384.45,10705.45,10713.95,0
2024-06-04 12:15:00,10716.0,11122.05,10503.35,11114.85,0
2024-06-04 13:15:00,11116.35,11346.2,11081.35,11102.6,0
2024-06-04 14:15:00,11106.8,11106.8,10866.85,10997.75,0
2024-06-04 15:15:00,10995.75,11040.15,10930.95,11039.15,0
2024-06-05 09:15:00,11235.65,11237.0,10680.4,10783.4,0
2024-06-05 10:15:00,10783.05,11030.35,10695.45,11022.7,0
2024-06-05 11:15:00,11022.6,11136.7,10932.95,10996.0,0
2024-06-05 12:15:00,10995.75,11111.7,10965.15,11096.35,0
2024-06-05 13:15:00,11096.0,11236.0,11088.8,11143.3,0
2024-06-05 14:15:00,11143.1,11216.55,11107.45,11186.65,0
2024-06-05 15:15:00,11186.6,11193.25,11165.3,11181.3,0
2024-06-06 09:15:00,11403.05,11545.65,11342.3,11530.85,0
2024-06-06 10:15:00,11531.8,11632.45,11528.65,11631.9,0
2024-06-06 11:15:00,11632.05,11633.05,11441.8,11450.85,0
2024-06-06 12:15:00,11451.05,11484.75,11383.2,11418.75,0
2024-06-06 13:15:00,11420.1,11516.8,11415.55,11463.2,0
2024-06-06 14:15:00,11462.15,11473.25,11382.6,11453.1,0
2024-06-06 15:15:00,11453.5,11490.2,11453.05,11486.5,0
2024-06-07 09:15:00,11475.15,11553.85,11427.45,11540.75,0
2024-06-07 10:15:00,11541.55,11553.45,11498.75,11532.6,0
2024-06-07 11:15:00,11532.7,11617.9,11503.25,11596.45,0
2024-06-07 12:15:00,11596.85,11622.1,11567.0,11581.25,0
2024-06-07 13:15:00,11579.0,11633.3,11565.6,11630.75,0
2024-06-07 14:15:00,11631.9,11713.25,11631.9,11695.45,0
2024-06-07 15:15:00,11696.25,11701.8,11675.45,11682.0,0
2024-06-10 09:15:00,11786.0,11844.55,11724.35,11777.95,0
2024-06-10 10:15:00,11777.1,11805.65,11732.35,11747.85,0
2024-06-10 11:15:00,11747.8,11768.65,11728.65,11735.9,0
2024-06-10 12:15:00,11736.85,11777.75,11736.15,11753.45,0
2024-06-10 13:15:00,11753.6,11775.65,11750.45,11764.8,0
2024-06-10 14:15:00,11764.4,11766.0,11662.45,11693.45,0
2024-06-10 15:15:00,11692.8,11697.85,11662.1,11674.15,0
2024-06-11 09:15:00,11762.1,11779.9,11658.45,11768.65,0
2024-06-11 10:15:00,11768.35,11787.65,11738.7,11766.05,0
2024-06-11 11:15:00,11765.2,11777.25,11754.7,11772.45,0
2024-06-11 12:15:00,11772.65,11871.7,11770.8,11844.35,0
2024-06-11 13:15:00,11844.5,11896.25,11831.1,11894.7,0
2024-06-11 14:15:00,11895.2,11895.8,11830.55,11836.25,0
2024-06-11 15:15:00,11837.1,11851.15,11829.35,11847.9,0
2024-06-12 09:15:00,11944.95,12039.2,11895.5,11982.55,0
2024-06-12 10:15:00,11982.0,11999.15,11962.2,11986.1,0
2024-06-12 11:15:00,11985.1,11991.75,11960.6,11967.1,0
2024-06-12 12:15:00,11966.9,12008.55,11965.5,12001.45,0
2024-06-12 13:15:00,12001.85,12014.95,11954.3,11961.4,0
2024-06-12 14:15:00,11961.1,11983.65,11937.75,11937.95,0
2024-06-12 15:15:00,11939.05,11945.85,11928.85,11943.35,0
2024-06-13 09:15:00,12027.65,12027.65,11914.25,11977.35,0
2024-06-13 10:15:00,11977.6,11985.8,11945.05,11945.6,0
2024-06-13 11:15:00,11945.45,11979.25,11921.85,11968.65,0
2024-06-13 12:15:00,11969.05,12000.25,11967.1,11995.85,0
2024-06-13 13:15:00,11995.95,12008.8,11985.3,11998.0,0
2024-06-13 14:15:00,11997.95,12025.35,11981.9,12022.6,0
2024-06-13 15:15:00,12022.05,12036.25,12017.3,12032.05,0
2024-06-14 09:15:00,12056.05,12123.6,11993.4,12113.0,0
2024-06-14 10:15:00,12112.55,12133.2,12095.75,12119.3,0
2024-06-14 11:15:00,12119.15,12121.25,12092.9,12099.45,0
2024-06-14 12:15:00,12099.35,12110.55,12083.3,12107.65,0
2024-06-14 13:15:00,12108.1,12109.55,12077.5,12096.95,0
2024-06-14 14:15:00,12095.85,12109.45,12086.75,12099.65,0
2024-06-14 15:15:00,12099.6,12101.5,12078.95,12082.55,0
2024-06-18 09:15:00,12194.5,12194.5,12075.5,12076.8,0
2024-06-18 10:15:00,12077.2,12106.2,12042.9,12093.6,0
2024-06-18 11:15:00,12093.25,12098.95,12072.2,12075.4,0
2024-06-18 12:15:00,12075.05,12085.45,12057.1,12063.8,0
2024-06-18 13:15:00,12064.2,12067.4,12043.15,12048.25,0
2024-06-18 14:15:00,12048.6,12095.1,12041.8,12091.35,0
2024-06-18 15:15:00,12091.4,12096.4,12085.65,12090.25,0
2024-06-19 09:15:00,12126.7,12130.95,11943.9,11973.7,0
2024-06-19 10:15:00,11975.6,11981.8,11900.2,11948.5,0
2024-06-19 11:15:00,11948.4,11980.95,11943.05,11979.0,0
2024-06-19 12:15:00,11979.6,11989.5,11942.35,11943.85,0
2024-06-19 13:15:00,11944.2,11946.45,11901.95,11908.95,0
2024-06-19 14:15:00,11908.4,11938.5,11869.35,11877.75,0
2024-06-19 15:15:00,11876.75,11889.35,11871.1,11884.1,0
2024-06-20 09:15:00,11908.7,11968.35,11827.3,11951.0,0
2024-06-20 10:15:00,11951.95,12041.15,11948.85,12015.45,0
2024-06-20 11:15:00,12015.25,12027.95,11985.0,12012.35,0
2024-06-20 12:15:00,12012.05,12038.8,12001.5,12010.7,0
2024-06-20 13:15:00,12010.55,12023.15,11956.7,11984.45,0
2024-06-20 14:15:00,11984.4,12018.1,11977.4,11988.1,0
2024-06-20 15:15:00,11989.9,12002.2,11984.45,12002.2,0
2024-06-21 09:15:00,12022.6,12028.05,11926.05,11976.05,0
2024-06-21 10:15:00,11975.6,11985.05,11909.35,11926.55,0
2024-06-21 11:15:00,11926.5,11933.85,11913.95,11925.9,0
2024-06-21 12:15:00,11926.15,11927.55,11821.05,11848.75,0
2024-06-21 13:15:00,11848.65,11911.55,11842.9,11901.8,0
2024-06-21 14:15:00,11901.7,11902.9,11835.75,11846.85,0
2024-06-21 15:15:00,11846.95,11874.55,11842.25,11868.65,0
2024-06-24 09:15:00,11837.25,11840.2,11719.05,11799.1,0
2024-06-24 10:15:00,11799.3,11882.25,11797.45,11864.35,0
2024-06-24 11:15:00,11864.5,11877.5,11838.95,11853.65,0
2024-06-24 12:15:00,11854.65,11861.9,11814.45,11842.85,0
2024-06-24 13:15:00,11842.65,11845.3,11810.9,11813.9,0
2024-06-24 14:15:00,11813.45,11822.5,11792.5,11813.45,0
2024-06-24 15:15:00,11813.7,11819.35,11804.45,11818.6,0
2024-06-25 09:15:00,11832.8,11877.85,11812.95,11815.8,0
2024-06-25 10:15:00,11816.0,11819.8,11772.05,11774.75,0
2024-06-25 11:15:00,11774.3,11774.95,11741.25,11750.75,0
2024-06-25 12:15:00,11750.35,11756.2,11734.2,11753.5,0
2024-06-25 13:15:00,11753.5,11782.65,11736.4,11775.7,0
2024-06-25 14:15:00,11775.75,11777.25,11736.55,11755.15,0
2024-06-25 15:15:00,11754.95,11760.8,11746.3,11754.4,0
2024-06-26 09:15:00,11745.55,11791.05,11705.35,11774.45,0
2024-06-26 10:15:00,11773.1,11816.65,11773.1,11815.2,0
2024-06-26 11:15:00,11815.55,11869.25,11813.0,11852.25,0
2024-06-26 12:15:00,11852.2,11880.5,11846.9,11858.3,0
2024-06-26 13:15:00,11858.7,11893.45,11856.05,11888.8,0
2024-06-26 14:15:00,11889.3,11933.55,11874.1,11930.75,0
2024-06-26 15:15:00,11929.55,11934.65,11911.85,11913.6,0
2024-06-27 09:15:00,11935.4,11996.35,11896.95,11982.75,0
2024-06-27 10:15:00,11981.35,12001.95,11912.1,11976.15,0
2024-06-27 11:15:00,11975.6,11988.6,11952.7,11988.6,0
2024-06-27 12:15:00,11988.55,11993.75,11946.4,11957.35,0
2024-06-27 13:15:00,11958.3,11975.5,11922.0,11936.55,0
2024-06-27 14:15:00,11936.95,12026.45,11931.65,12023.8,0
2024-06-27 15:15:00,12023.55,12051.75,12014.45,12031.0,0
2024-06-28 09:15:00,12055.7,12215.85,12055.7,12185.4,0
2024-06-28 10:15:00,12187.0,12262.35,12158.2,12261.4,0
2024-06-28 11:15:00,12262.0,12265.85,12212.65,12225.0,0
2024-06-28 12:15:00,12225.05,12239.85,12166.65,12238.3,0
2024-06-28 13:15:00,12238.3,12295.95,12222.2,12280.8,0
2024-06-28 14:15:00,12280.65,12298.3,12209.35,12211.3,0
2024-06-28 15:15:00,12211.0,12236.2,12209.5,12218.9,0
2024-07-01 09:15:00,12247.2,12280.65,12215.25,12234.35,0
2024-07-01 10:15:00,12233.55,12279.05,12232.4,12248.1,0
2024-07-01 11:15:00,12249.15,12277.45,12238.5,12241.15,0
2024-07-01 12:15:00,12241.2,12275.95,12230.3,12258.4,0
2024-07-01 13:15:00,12258.55,12273.8,12251.8,12255.6,0
2024-07-01 14:15:00,12255.55,12261.45,12233.9,12260.1,0
2024-07-01 15:15:00,12260.45,12288.95,12259.85,12274.3,0
2024-07-02 09:15:00,12318.5,12426.2,12313.95,12388.7,0
2024-07-02 10:15:00,12389.05,12396.55,12360.65,12382.2,0
2024-07-02 11:15:00,12381.6,12383.2,12311.15,12311.95,0
2024-07-02 12:15:00,12311.55,12329.85,12231.3,12270.9,0
2024-07-02 13:15:00,12270.9,12314.35,12258.2,12302.35,0
2024-07-02 14:15:00,12302.15,12336.2,12298.2,12302.65,0
2024-07-02 15:15:00,12302.8,12322.65,12292.05,12303.25,0
2024-07-03 09:15:00,12343.6,12359.9,12249.65,12277.45,0
2024-07-03 10:15:00,12277.15,12301.5,12263.85,12269.2,0
2024-07-03 11:15:00,12269.3,12280.85,12251.1,12270.2,0
2024-07-03 12:15:00,12271.05,12283.7,12264.95,12277.1,0
2024-07-03 13:15:00,12277.4,12304.5,12265.75,12278.4,0
2024-07-03 14:15:00,12278.2,12314.25,12261.7,12308.2,0
2024-07-03 15:15:00,12308.05,12316.8,12298.85,12311.55,0
2024-07-04 09:15:00,12334.9,12366.1,12324.7,12328.4,0
2024-07-04 10:15:00,12330.3,12337.15,12282.65,12302.1,0
2024-07-04 11:15:00,12302.65,12332.3,12302.5,12320.95,0
2024-07-04 12:15:00,12320.9,12341.85,12319.1,12329.45,0
2024-07-04 13:15:00,12329.7,12341.15,12315.75,12338.3,0
2024-07-04 14:15:00,12339.2,12342.25,12278.8,12295.25,0
2024-07-04 15:15:00,12298.15,12335.35,12294.8,12326.25,0
2024-07-05 09:15:00,12322.8,12456.8,12296.15,12452.65,0
2024-07-05 10:15:00,12452.6,12469.1,12419.05,12425.3,0
2024-07-05 11:15:00,12425.55,12483.25,12413.1,12477.7,0
2024-07-05 12:15:00,12481.15,12495.95,12459.7,12475.15,0
2024-07-05 13:15:00,12474.75,12504.35,12463.0,12495.3,0
2024-07-05 14:15:00,12495.35,12558.5,12466.15,12549.2,0
2024-07-05 15:15:00,12548.85,12576.2,12547.05,12561.5,0
2024-07-08 09:15:00,12571.9,12622.4,12509.2,12550.2,0
2024-07-08 10:15:00,12550.8,12564.85,12519.1,12546.25,0
2024-07-08 11:15:00,12547.75,12640.2,12544.3,12588.7,0
2024-07-08 12:15:00,12587.95,12620.2,12582.55,12600.3,0
2024-07-08 13:15:00,12601.15,12605.65,12552.15,12605.25,0
2024-07-08 14:15:00,12605.85,12693.2,12600.25,12659.3,0
2024-07-08 15:15:00,12659.4,12669.7,12645.1,12667.5,0
2024-07-09 09:15:00,12712.25,12720.9,12623.3,12641.7,0
2024-07-09 10:15:00,12641.8,12648.15,12572.6,12638.05,0
2024-07-09 11:15:00,12636.7,12644.15,12609.6,12611.75,0
2024-07-09 12:15:00,12612.55,12645.1,12599.35,12639.3,0
2024-07-09 13:15:00,12639.25,12645.55,12615.4,12632.5,0
2024-07-09 14:15:00,12632.8,12648.35,12599.15,12634.4,0
2024-07-09 15:15:00,12635.05,12640.3,12625.8,12630.6,0
2024-07-10 09:15:00,12695.25,12704.7,12491.9,12503.8,0
2024-07-10 10:15:00,12504.35,12532.1,12343.9,12480.9,0
2024-07-10 11:15:00,12481.15,12573.1,12460.0,12553.5,0
2024-07-10 12:15:00,12553.5,12561.7,12516.3,12543.8,0
2024-07-10 13:15:00,12543.75,12555.55,12488.8,12517.45,0
2024-07-10 14:15:00,12518.45,12649.05,12512.15,12648.0,0
2024-07-10 15:15:00,12648.05,12659.85,12631.25,12637.2,0
2024-07-11 09:15:00,12693.55,12695.2,12614.8,12614.8,0
2024-07-11 10:15:00,12616.6,12736.95,12593.15,12736.95,0
2024-07-11 11:15:00,12735.5,12745.9,12687.1,12732.15,0
2024-07-11 12:15:00,12732.2,12842.1,12731.75,12837.3,0
2024-07-11 13:15:00,12836.55,12858.5,12782.4,12796.15,0
2024-07-11 14:15:00,12794.55,12824.55,12752.6,12783.05,0
2024-07-11 15:15:00,12782.85,12809.75,12781.95,12800.8,0
2024-07-12 09:15:00,12852.15,12900.7,12800.9,12858.85,0
2024-07-12 10:15:00,12858.55,12916.2,12850.8,12897.1,0
2024-07-12 11:15:00,12896.9,12897.2,12791.0,12814.45,0
2024-07-12 12:15:00,12814.7,12818.65,12720.4,12812.3,0
2024-07-12 13:15:00,12811.3,12874.7,12809.3,12867.4,0
2024-07-12 14:15:00,12866.1,12900.95,12825.5,12856.2,0
2024-07-12 15:15:00,12855.35,12855.35,12824.3,12842.5,0
2024-07-15 09:15:00,12917.2,12989.95,12864.5,12977.4,0
2024-07-15 10:15:00,12975.0,12990.05,12946.75,12972.95,0
2024-07-15 11:15:00,12972.5,13023.75,12957.35,13020.05,0
2024-07-15 12:15:00,13020.3,13048.2,13001.1,13019.3,0
2024-07-15 13:15:00,13018.95,13085.6,13018.4,13073.35,0
2024-07-15 14:15:00,13073.8,13114.8,13064.85,13103.1,0
2024-07-15 15:15:00,13103.5,13124.95,13102.6,13120.4,0
2024-07-16 09:15:00,13123.65,13194.45,13110.85,13162.85,0
2024-07-16 10:15:00,13163.05,13188.95,13102.25,13175.65,0
2024-07-16 11:15:00,13174.8,13190.4,13149.3,13154.15,0
2024-07-16 12:15:00,13154.15,13159.0,13122.75,13139.25,0
2024-07-16 13:15:00,13138.1,13149.3,13072.6,13105.15,0
2024-07-16 14:15:00,13104.0,13123.9,13074.5,13084.8,0
2024-07-16 15:15:00,13085.75,13090.6,13072.95,13078.45,0
2024-07-18 09:15:00,13118.95,13152.5,12998.55,13119.9,0
2024-07-18 10:15:00,13119.1,13121.5,12961.05,12969.85,0
2024-07-18 11:15:00,12970.05,13035.85,12953.65,13019.6,0
2024-07-18 12:15:00,13018.9,13054.75,13005.65,13051.35,0
2024-07-18 13:15:00,13052.55,13114.4,13045.8,13111.4,0
2024-07-18 14:15:00,13111.0,13113.35,13067.35,13087.4,0
2024-07-18 15:15:00,13087.25,13110.25,13083.3,13088.05,0
2024-07-19 09:15:00,13110.05,13112.0,12814.55,12819.45,0
2024-07-19 10:15:00,12819.4,12874.4,12748.65,12785.6,0
2024-07-19 11:15:00,12784.8,12847.35,12765.3,12843.85,0
2024-07-19 12:15:00,12844.0,12848.6,12787.7,12804.95,0
2024-07-19 13:15:00,12806.15,12865.2,12778.6,12795.5,0
2024-07-19 14:15:00,12794.45,12803.35,12717.9,12732.4,0
2024-07-19 15:15:00,12733.3,12747.55,12712.9,12745.9,0
2024-07-22 09:15:00,12655.15,12721.8,12514.3,12714.45,0
2024-07-22 10:15:00,12713.45,12761.55,12699.05,12709.15,0
2024-07-22 11:15:00,12707.75,12743.15,12683.55,12695.6,0
2024-07-22 12:15:00,12695.35,12707.7,12647.65,12649.5,0
2024-07-22 13:15:00,12649.65,12690.85,12647.05,12653.6,0
2024-07-22 14:15:00,12653.45,12664.9,12633.25,12649.1,0
2024-07-22 15:15:00,12649.0,12663.35,12643.35,12655.9,0
2024-07-23 09:15:00,12699.45,12714.3,12554.2,12566.5,0
2024-07-23 10:15:00,12565.7,12576.95,12515.9,12560.55,0
2024-07-23 11:15:00,12559.5,12561.3,12467.35,12518.35,0
2024-07-23 12:15:00,12518.1,12518.75,12096.0,12390.0,0
2024-07-23 13:15:00,12389.3,12519.2,12366.25,12476.9,0
2024-07-23 14:15:00,12474.3,12537.6,12449.9,12488.2,0
2024-07-23 15:15:00,12486.8,12505.95,12476.9,12505.1,0
2024-07-24 09:15:00,12485.95,12606.75,12470.45,12604.2,0
2024-07-24 10:15:00,12604.55,12748.3,12603.85,12694.05,0
2024-07-24 11:15:00,12694.95,12723.5,12670.8,12689.5,0
2024-07-24 12:15:00,12689.45,12689.45,12635.2,12654.15,0
2024-07-24 13:15:00,12654.8,12688.3,12629.5,12681.1,0
2024-07-24 14:15:00,12680.7,12742.7,12667.85,12689.9,0
2024-07-24 15:15:00,12690.45,12724.95,12683.55,12715.45,0
2024-07-25 09:15:00,12605.95,12734.55,12572.05,12727.15,0
2024-07-25 10:15:00,12726.8,12934.45,12719.85,12922.6,0
2024-07-25 11:15:00,12924.2,12984.1,12886.25,12927.0,0
2024-07-25 12:15:00,12926.7,12967.15,12917.65,12943.55,0
2024-07-25 13:15:00,12943.75,12967.2,12915.25,12966.6,0
2024-07-25 14:15:00,12965.8,13003.35,12921.3,12998.35,0
2024-07-25 15:15:00,12995.65,13019.25,12987.3,13005.3,0
2024-07-26 09:15:00,13050.45,13070.75,12985.95,13048.35,0
2024-07-26 10:15:00,13048.75,13058.5,13023.2,13023.65,0
2024-07-26 11:15:00,13025.25,13038.45,13001.25,13011.05,0
2024-07-26 12:15:00,13010.5,13052.7,13008.1,13037.65,0
2024-07-26 13:15:00,13039.45,13078.8,13030.55,13059.75,0
2024-07-26 14:15:00,13059.95,13063.95,13035.05,13049.95,0
2024-07-26 15:15:00,13051.4,13056.85,13030.75,13054.8,0
2024-07-29 09:15:00,13131.0,13225.6,13123.75,13176.45,0
2024-07-29 10:15:00,13175.95,13211.2,13155.2,13207.05,0
2024-07-29 11:15:00,13208.2,13260.5,13195.1,13203.85,0
2024-07-29 12:15:00,13203.95,13208.35,13150.0,13158.8,0
2024-07-29 13:15:00,13159.2,13233.35,13143.15,13173.5,0
2024-07-29 14:15:00,13174.35,13207.45,13151.6,13201.75,0
2024-07-29 15:15:00,13201.95,13202.05,13177.1,13184.3,0
2024-07-30 09:15:00,13177.1,13370.05,13150.2,13352.1,0
2024-07-30 10:15:00,13352.35,13383.7,13318.65,13373.35,0
2024-07-30 11:15:00,13373.8,13398.9,13345.55,13368.25,0
2024-07-30 12:15:00,13367.4,13431.9,13343.95,13356.75,0
2024-07-30 13:15:00,13355.9,13364.6,13302.4,13308.0,0
2024-07-30 14:15:00,13308.5,13325.55,13244.2,13245.4,0
2024-07-30 15:15:00,13245.15,13272.25,13237.65,13259.05,0
2024-07-31 09:15:00,13301.5,13377.5,13230.25,13314.65,0
2024-07-31 10:15:00,13313.55,13341.9,13293.35,13325.5,0
2024-07-31 11:15:00,13325.25,13336.45,13290.05,13292.25,0
2024-07-31 12:15:00,13293.4,13299.35,13251.3,13268.7,0
2024-07-31 13:15:00,13268.35,13278.1,13220.1,13233.3,0
2024-07-31 14:15:00,13232.9,13257.8,13225.95,13254.25,0
2024-07-31 15:15:00,13254.55,13269.4,13252.6,13263.45,0
2024-08-01 09:15:00,13320.4,13373.9,13279.2,13356.75,0
2024-08-01 10:15:00,13357.15,13376.45,13293.8,13337.65,0
2024-08-01 11:15:00,13338.0,13339.1,13233.55,13242.0,0
2024-08-01 12:15:00,13241.55,13268.45,13212.95,13261.8,0
2024-08-01 13:15:00,13261.65,13297.55,13257.7,13257.7,0
2024-08-01 14:15:00,13258.05,13318.6,13218.2,13309.4,0
2024-08-01 15:15:00,13310.1,13321.85,13295.95,13301.2,0
2024-08-02 09:15:00,13188.75,13205.05,13050.0,13172.7,0
2024-08-02 10:15:00,13171.95,13256.75,13168.6,13204.35,0
2024-08-02 11:15:00,13206.8,13222.35,13169.0,13196.95,0
2024-08-02 12:15:00,13197.1,13216.2,13171.05,13213.7,0
2024-08-02 13:15:00,13213.2,13240.9,13199.5,13205.7,0
2024-08-02 14:15:00,13205.6,13212.9,13119.7,13139.4,0
2024-08-02 15:15:00,13139.5,13155.95,13128.45,13130.65,0
2024-08-05 09:15:00,12863.2,12915.4,12700.35,12840.15,0
2024-08-05 10:15:00,12841.25,12843.05,12627.05,12633.25,0
2024-08-05 11:15:00,12633.05,12683.3,12524.0,12645.7,0
2024-08-05 12:15:00,12645.8,12653.6,12517.8,12630.6,0
2024-08-05 13:15:00,12631.8,12715.7,12608.7,12660.55,0
2024-08-05 14:15:00,12660.3,12737.3,12605.35,12635.05,0
2024-08-05 15:15:00,12636.4,12649.05,12630.75,12636.1,0
2024-08-06 09:15:00,12740.1,12950.0,12738.95,12833.4,0
2024-08-06 10:15:00,12833.15,12853.15,12748.35,12841.2,0
2024-08-06 11:15:00,12840.65,12872.85,12820.45,12862.9,0
2024-08-06 12:15:00,12862.9,12864.85,12806.45,12810.0,0
2024-08-06 13:15:00,12810.1,12817.4,12673.15,12677.6,0
2024-08-06 14:15:00,12677.75,12713.05,12571.35,12572.6,0
2024-08-06 15:15:00,12573.15,12619.3,12558.25,12610.5,0
2024-08-07 09:15:00,12789.55,12942.25,12735.1,12920.9,0
2024-08-07 10:15:00,12919.8,13003.05,12919.8,12942.25,0
2024-08-07 11:15:00,12942.5,12960.05,12910.05,12945.05,0
2024-08-07 12:15:00,12944.8,12984.55,12936.7,12964.2,0
2024-08-07 13:15:00,12964.25,12974.1,12935.2,12957.0,0
2024-08-07 14:15:00,12956.95,12972.75,12940.8,12968.1,0
2024-08-07 15:15:00,12967.7,12993.5,12965.3,12972.25,0
2024-08-08 09:15:00,12958.35,12964.05,12822.7,12854.6,0
2024-08-08 10:15:00,12854.8,12880.0,12781.95,12805.2,0
2024-08-08 11:15:00,12804.2,12881.65,12800.1,12881.4,0
2024-08-08 12:15:00,12881.25,12911.85,12832.95,12842.5,0
2024-08-08 13:15:00,12842.45,12863.8,12809.45,12837.3,0
2024-08-08 14:15:00,12837.45,12851.2,12796.35,12797.45,0
2024-08-08 15:15:00,12797.75,12806.95,12777.1,12804.8,0
2024-08-09 09:15:00,12981.15,13041.25,12926.5,12962.55,0
2024-08-09 10:15:00,12964.3,12988.3,12904.65,12963.15,0
2024-08-09 11:15:00,12964.4,12979.1,12943.35,12946.35,0
2024-08-09 12:15:00,12947.1,12974.1,12936.8,12957.4,0
2024-08-09 13:15:00,12957.2,12994.3,12956.0,12985.0,0
2024-08-09 14:15:00,12985.45,13000.6,12964.85,12987.05,0
2024-08-09 15:15:00,12987.1,12987.1,12949.45,12957.95,0
2024-08-12 09:15:00,12920.75,12997.4,12834.05,12901.55,0
2024-08-12 10:15:00,12901.3,12985.25,12899.7,12982.85,0
2024-08-12 11:15:00,12984.05,13000.9,12939.35,12941.05,0
2024-08-12 12:15:00,12941.05,12961.65,12934.3,12940.05,0
2024-08-12 13:15:00,12939.9,13020.25,12938.75,12993.15,0
2024-08-12 14:15:00,12992.95,13122.9,12961.25,13038.95,0
2024-08-12 15:15:00,13040.85,13064.2,13032.55,13044.2,0
2024-08-13 09:15:00,13090.1,13098.05,13005.95,13024.8,0
2024-08-13 10:15:00,13024.45,13042.0,12999.3,13033.7,0
2024-08-13 11:15:00,13032.3,13039.5,12993.5,12996.35,0
2024-08-13 12:15:00,12996.8,12997.75,12939.05,12971.4,0
2024-08-13 13:15:00,12971.4,12991.2,12878.3,12905.8,0
2024-08-13 14:15:00,12906.65,12949.85,12884.95,12893.2,0
2024-08-13 15:15:00,12893.4,12906.25,12876.4,12880.5,0
2024-08-14 09:15:00,12923.5,12967.05,12806.65,12939.5,0
2024-08-14 10:15:00,12941.45,12943.15,12813.15,12813.15,0
2024-08-14 11:15:00,12813.3,12879.35,12802.05,12877.0,0
2024-08-14 12:15:00,12877.3,12921.65,12855.4,12904.1,0
2024-08-14 13:15:00,12904.1,12905.3,12854.35,12862.35,0
2024-08-14 14:15:00,12861.45,12873.55,12791.75,12796.05,0
2024-08-14 15:15:00,12797.45,12830.7,12785.55,12821.45,0
2024-08-16 09:15:00,12900.2,13001.15,12900.2,12922.25,0
2024-08-16 10:15:00,12920.95,12935.45,12858.0,12883.9,0
2024-08-16 11:15:00,12883.9,12977.5,12876.7,12965.6,0
2024-08-16 12:15:00,12965.55,12986.75,12954.45,12972.9,0
2024-08-16 13:15:00,12972.8,13023.75,12965.3,13013.6,0
2024-08-16 14:15:00,13014.15,13018.35,12971.55,13001.1,0
2024-08-16 15:15:00,13000.3,13011.6,12998.4,13006.8,0
2024-08-19 09:15:00,13115.6,13249.85,13104.35,13228.85,0
2024-08-19 10:15:00,13228.55,13243.55,13157.6,13168.8,0
2024-08-19 11:15:00,13169.3,13211.55,13167.35,13200.15,0
2024-08-19 12:15:00,13200.15,13214.6,13190.8,13204.8,0
2024-08-19 13:15:00,13204.55,13212.45,13167.05,13183.35,0
2024-08-19 14:15:00,13183.35,13200.4,13174.0,13199.2,0
2024-08-19 15:15:00,13198.4,13210.8,13193.6,13198.9,0
2024-08-20 09:15:00,13276.4,13302.35,13215.1,13246.75,0
2024-08-20 10:15:00,13247.15,13252.3,13224.4,13238.6,0
2024-08-20 11:15:00,13238.3,13243.3,13200.8,13219.3,0
2024-08-20 12:15:00,13219.1,13237.6,13218.25,13228.2,0
2024-08-20 13:15:00,13229.0,13235.9,13209.0,13218.6,0
2024-08-20 14:15:00,13218.0,13230.85,13203.0,13217.9,0
2024-08-20 15:15:00,13217.95,13226.15,13201.5,13212.1,0
2024-08-21 09:15:00,13237.55,13299.6,13215.8,13290.85,0
2024-08-21 10:15:00,13290.45,13295.1,13261.7,13273.45,0
2024-08-21 11:15:00,13273.7,13294.15,13243.35,13247.8,0
2024-08-21 12:15:00,13247.1,13281.85,13241.85,13270.5,0
2024-08-21 13:15:00,13268.95,13305.9,13242.0,13289.85,0
2024-08-21 14:15:00,13290.3,13294.75,13242.2,13249.9,0
2024-08-21 15:15:00,13249.7,13273.9,13246.5,13269.5,0
2024-08-22 09:15:00,13322.55,13336.8,13258.1,13270.2,0
2024-08-22 10:15:00,13270.15,13270.15,13239.5,13258.35,0
2024-08-22 11:15:00,13258.95,13267.0,13245.2,13256.4,0
2024-08-22 12:15:00,13256.2,13264.2,13225.2,13232.45,0
2024-08-22 13:15:00,13232.15,13247.5,13219.8,13230.4,0
2024-08-22 14:15:00,13232.3,13236.45,13206.4,13227.65,0
2024-08-22 15:15:00,13228.55,13234.55,13219.45,13223.6,0
2024-08-23 09:15:00,13243.05,13272.0,13207.85,13232.5,0
2024-08-23 10:15:00,13232.2,13250.7,13215.65,13216.5,0
2024-08-23 11:15:00,13218.5,13233.8,13198.55,13229.75,0
2024-08-23 12:15:00,13230.3,13235.35,13189.7,13196.15,0
2024-08-23 13:15:00,13195.8,13197.15,13182.4,13182.4,0
2024-08-23 14:15:00,13183.4,13188.05,13136.45,13138.7,0
2024-08-23 15:15:00,13138.85,13150.2,13124.1,13140.85,0
2024-08-26 09:15:00,13238.55,13267.9,13195.65,13261.3,0
2024-08-26 10:15:00,13261.15,13271.5,13235.85,13243.4,0
2024-08-26 11:15:00,13241.65,13317.2,13238.15,13311.1,0
2024-08-26 12:15:00,13311.45,13320.1,13286.85,13298.9,0
2024-08-26 13:15:00,13296.55,13305.75,13288.3,13292.6,0
2024-08-26 14:15:00,13293.7,13318.65,13284.5,13287.1,0
2024-08-26 15:15:00,13288.15,13300.0,13283.2,13290.15,0
2024-08-27 09:15:00,13286.65,13334.75,13258.5,13262.45,0
2024-08-27 10:15:00,13263.05,13321.35,13250.3,13320.35,0
2024-08-27 11:15:00,13321.3,13343.35,13308.7,13334.7,0
2024-08-27 12:15:00,13334.7,13348.4,13302.75,13321.95,0
2024-08-27 13:15:00,13322.15,13338.75,13314.25,13320.05,0
2024-08-27 14:15:00,13320.1,13324.85,13282.15,13302.4,0
2024-08-27 15:15:00,13302.3,13310.75,13284.5,13288.55,0
2024-08-28 09:15:00,13324.75,13344.9,13271.05,13313.75,0
2024-08-28 10:15:00,13313.55,13313.65,13266.75,13300.45,0
2024-08-28 11:15:00,13300.75,13333.4,13299.65,13306.9,0
2024-08-28 12:15:00,13306.6,13327.25,13301.3,13305.05,0
2024-08-28 13:15:00,13304.0,13306.9,13278.05,13293.4,0
2024-08-28 14:15:00,13294.1,13303.35,13267.25,13285.65,0
2024-08-28 15:15:00,13286.35,13296.75,13275.15,13285.5,0
2024-08-29 09:15:00,13294.9,13304.55,13241.8,13272.3,0
2024-08-29 10:15:00,13272.95,13279.15,13235.6,13257.05,0
2024-08-29 11:15:00,13256.8,13275.4,13250.75,13265.95,0
2024-08-29 12:15:00,13266.15,13343.5,13264.0,13340.4,0
2024-08-29 13:15:00,13339.8,13410.1,13304.25,13374.6,0
2024-08-29 14:15:00,13375.55,13422.85,13279.9,13398.4,0
2024-08-29 15:15:00,13398.7,13435.1,13392.4,13425.8,0
2024-08-30 09:15:00,13500.25,13562.4,13451.5,13481.3,0
2024-08-30 10:15:00,13480.85,13493.0,13430.3,13438.05,0
2024-08-30 11:15:00,13438.25,13454.6,13420.75,13425.65,0
2024-08-30 12:15:00,13425.5,13495.1,13415.7,13489.8,0
2024-08-30 13:15:00,13489.65,13495.3,13465.9,13494.35,0
2024-08-30 14:15:00,13494.2,13522.2,13446.7,13462.8,0
2024-08-30 15:15:00,13463.4,13463.7,13432.7,13439.3,0
2024-09-02 09:15:00,13486.0,13559.95,13455.9,13515.05,0
2024-09-02 10:15:00,13513.05,13607.2,13494.9,13576.35,0
2024-09-02 11:15:00,13575.85,13577.1,13518.4,13528.1,0
2024-09-02 12:15:00,13528.1,13536.65,13478.4,13492.35,0
2024-09-02 13:15:00,13492.6,13506.6,13476.35,13485.55,0
2024-09-02 14:15:00,13485.4,13497.85,13465.45,13491.35,0
2024-09-02 15:15:00,13490.15,13497.1,13471.5,13480.25,0
2024-09-03 09:15:00,13510.05,13518.4,13451.85,13457.7,0
2024-09-03 10:15:00,13457.65,13463.55,13419.1,13443.85,0
2024-09-03 11:15:00,13444.0,13457.2,13430.9,13453.6,0
2024-09-03 12:15:00,13453.7,13464.0,13448.9,13459.6,0
2024-09-03 13:15:00,13460.6,13469.0,13436.0,13439.95,0
2024-09-03 14:15:00,13439.95,13445.3,13399.8,13412.45,0
2024-09-03 15:15:00,13412.6,13422.0,13408.75,13410.5,0
2024-09-04 09:15:00,13320.15,13438.8,13274.45,13436.7,0
2024-09-04 10:15:00,13437.35,13441.35,13333.7,13376.5,0
2024-09-04 11:15:00,13376.35,13394.6,13368.5,13369.8,0
2024-09-04 12:15:00,13369.65,13379.05,13346.8,13361.8,0
2024-09-04 13:15:00,13361.85,13381.2,13329.35,13338.3,0
2024-09-04 14:15:00,13337.95,13369.3,13328.9,13365.85,0
2024-09-04 15:15:00,13367.25,13380.85,13355.45,13374.5,0
2024-09-05 09:15:00,13434.1,13438.0,13382.35,13417.25,0
2024-09-05 10:15:00,13416.7,13455.3,13376.5,13452.75,0
2024-09-05 11:15:00,13451.95,13463.85,13420.85,13426.1,0
2024-09-05 12:15:00,13425.75,13427.1,13387.25,13389.8,0
2024-09-05 13:15:00,13388.8,13395.05,13362.45,13368.0,0
2024-09-05 14:15:00,13368.05,13379.85,13296.05,13316.8,0
2024-09-05 15:15:00,13317.0,13323.2,13307.55,13320.3,0
2024-09-06 09:15:00,13314.25,13353.35,13029.95,13073.35,0
2024-09-06 10:15:00,13073.9,13099.65,13008.55,13026.95,0
2024-09-06 11:15:00,13026.95,13118.0,13020.15,13111.8,0
2024-09-06 12:15:00,13110.35,13141.85,13035.4,13040.2,0
2024-09-06 13:15:00,13041.15,13070.15,13033.7,13040.05,0
2024-09-06 14:15:00,13038.9,13044.1,12996.45,13029.35,0
2024-09-06 15:15:00,13028.65,13035.85,13015.95,13023.85,0
2024-09-09 09:15:00,13006.25,13016.8,12801.8,12870.85,0
2024-09-09 10:15:00,12868.8,12911.2,12844.15,12884.6,0
2024-09-09 11:15:00,12884.35,12885.85,12801.2,12806.55,0
2024-09-09 12:15:00,12807.4,12819.05,12781.7,12786.5,0
2024-09-09 13:15:00,12786.05,12825.6,12779.9,12783.85,0
2024-09-09 14:15:00,12784.15,12852.5,12782.3,12844.2,0
2024-09-09 15:15:00,12844.2,12872.75,12840.9,12868.55,0
2024-09-10 09:15:00,12890.7,12926.9,12798.95,12817.05,0
2024-09-10 10:15:00,12816.65,12848.65,12810.55,12846.75,0
2024-09-10 11:15:00,12846.9,12859.45,12830.65,12836.15,0
2024-09-10 12:15:00,12836.75,12880.95,12826.8,12872.7,0
2024-09-10 13:15:00,12872.8,12889.75,12853.9,12866.9,0
2024-09-10 14:15:00,12866.65,12875.2,12802.35,12813.3,0
2024-09-10 15:15:00,12813.1,12823.65,12800.95,12822.1,0
2024-09-11 09:15:00,12842.85,12849.5,12673.25,12694.3,0
2024-09-11 10:15:00,12694.2,12729.75,12684.1,12691.15,0
2024-09-11 11:15:00,12690.35,12695.25,12635.9,12656.9,0
2024-09-11 12:15:00,12657.3,12677.7,12636.5,12650.25,0
2024-09-11 13:15:00,12649.55,12655.0,12540.5,12543.3,0
2024-09-11 14:15:00,12542.75,12581.85,12524.9,12560.5,0
2024-09-11 15:15:00,12560.95,12592.55,12559.35,12592.55,0
2024-09-12 09:15:00,12650.0,12678.6,12596.1,12619.0,0
2024-09-12 10:15:00,12618.45,12656.2,12612.25,12636.55,0
2024-09-12 11:15:00,12636.6,12639.1,12590.05,12626.1,0
2024-09-12 12:15:00,12626.2,12645.55,12609.3,12626.45,0
2024-09-12 13:15:00,12626.5,12693.35,12596.9,12680.3,0
2024-09-12 14:15:00,12679.85,12800.95,12679.85,12776.1,0
2024-09-12 15:15:00,12775.4,12779.05,12734.9,12741.65,0
2024-09-13 09:15:00,12779.65,12832.75,12730.45,12801.5,0
2024-09-13 10:15:00,12801.9,12812.25,12781.35,12793.1,0
2024-09-13 11:15:00,12791.45,12794.0,12736.85,12740.9,0
2024-09-13 12:15:00,12741.0,12760.45,12726.25,12727.4,0
2024-09-13 13:15:00,12727.2,12729.0,12669.85,12685.8,0
2024-09-13 14:15:00,12686.1,12706.15,12666.4,12679.3,0
2024-09-13 15:15:00,12678.9,12693.2,12678.15,12688.1,0
2024-09-16 09:15:00,12742.1,12758.4,12699.45,12726.6,0
2024-09-16 10:15:00,12726.7,12734.05,12674.4,12682.55,0
2024-09-16 11:15:00,12683.3,12690.35,12626.8,12640.2,0
2024-09-16 12:15:00,12640.9,12698.65,12638.8,12682.05,0
2024-09-16 13:15:00,12683.05,12726.2,12680.25,12702.55,0
2024-09-16 14:15:00,12702.55,12703.0,12682.9,12699.0,0
2024-09-16 15:15:00,12699.1,12708.45,12694.9,12706.4,0
2024-09-17 09:15:00,12732.5,12753.35,12684.95,12697.95,0
2024-09-17 10:15:00,12697.05,12726.55,12685.95,12698.5,0
2024-09-17 11:15:00,12700.1,12724.4,12691.8,12692.5,0
2024-09-17 12:15:00,12692.65,12713.65,12681.6,12707.05,0
2024-09-17 13:15:00,12706.85,12756.1,12697.4,12737.75,0
2024-09-17 14:15:00,12737.9,12743.15,12699.15,12715.55,0
2024-09-17 15:15:00,12715.25,12716.4,12701.05,12708.2,0
2024-09-18 09:15:00,12737.2,12752.85,12695.95,12708.95,0
2024-09-18 10:15:00,12709.15,12716.7,12684.25,12693.9,0
2024-09-18 11:15:00,12693.9,12697.85,12662.9,12665.35,0
2024-09-18 12:15:00,12665.15,12672.8,12581.85,12586.3,0
2024-09-18 13:15:00,12586.0,12608.2,12534.0,12567.85,0
2024-09-18 14:15:00,12567.85,12610.25,12555.7,12580.55,0
2024-09-18 15:15:00,12580.3,12588.35,12562.9,12565.8,0
2024-09-19 09:15:00,12593.5,12620.0,12445.2,12447.0,0
2024-09-19 10:15:00,12446.45,12456.5,12361.6,12380.75,0
2024-09-19 11:15:00,12381.05,12381.7,12284.95,12353.2,0
2024-09-19 12:15:00,12353.05,12406.0,12331.6,12347.3,0
2024-09-19 13:15:00,12347.3,12407.5,12346.5,12373.4,0
2024-09-19 14:15:00,12371.2,12415.7,12362.45,12411.8,0
2024-09-19 15:15:00,12411.45,12444.25,12401.95,12442.6,0
2024-09-20 09:15:00,12467.6,12505.2,12426.55,12467.6,0
2024-09-20 10:15:00,12467.6,12518.5,12458.9,12507.8,0
2024-09-20 11:15:00,12508.65,12521.2,12489.4,12496.85,0
2024-09-20 12:15:00,12496.15,12528.3,12474.8,12502.2,0
2024-09-20 13:15:00,12503.55,12526.7,12422.95,12490.75,0
2024-09-20 14:15:00,12488.8,12534.7,12478.1,12496.3,0
2024-09-20 15:15:00,12496.0,12529.0,12478.5,12496.3,0
2024-09-23 09:15:00,12577.7,12691.55,12538.35,12687.75,0
2024-09-23 10:15:00,12687.65,12734.8,12675.6,12728.35,0
2024-09-23 11:15:00,12728.5,12740.55,12709.1,12727.15,0
2024-09-23 12:15:00,12727.1,12732.6,12713.95,12730.5,0
2024-09-23 13:15:00,12730.65,12739.1,12727.35,12736.15,0
2024-09-23 14:15:00,12736.4,12746.75,12724.25,12738.8,0
2024-09-23 15:15:00,12738.55,12743.75,12725.8,12734.35,0
2024-09-24 09:15:00,12736.6,12806.2,12711.1,12780.35,0
2024-09-24 10:15:00,12781.1,12805.8,12768.35,12792.7,0
2024-09-24 11:15:00,12792.65,12793.9,12768.4,12785.15,0
2024-09-24 12:15:00,12786.1,12810.4,12785.1,12807.8,0
2024-09-24 13:15:00,12807.1,12843.0,12806.25,12831.95,0
2024-09-24 14:15:00,12831.85,12836.7,12774.9,12786.35,0
2024-09-24 15:15:00,12786.35,12796.45,12778.2,12787.7,0
2024-09-25 09:15:00,12773.9,12788.15,12721.45,12731.1,0
2024-09-25 10:15:00,12732.25,12803.4,12717.15,12793.2,0
2024-09-25 11:15:00,12792.45,12795.05,12744.75,12745.85,0
2024-09-25 12:15:00,12745.95,12765.05,12724.85,12748.9,0
2024-09-25 13:15:00,12749.0,12781.6,12747.9,12780.9,0
2024-09-25 14:15:00,12781.1,12791.05,12745.3,12785.3,0
2024-09-25 15:15:00,12785.5,12794.85,12780.75,12782.85,0
2024-09-26 09:15:00,12784.9,12804.55,12683.95,12711.5,0
2024-09-26 10:15:00,12711.5,12753.6,12710.6,12752.2,0
2024-09-26 11:15:00,12752.35,12754.3,12719.75,12724.45,0
2024-09-26 12:15:00,12724.4,12775.8,12721.95,12773.85,0
2024-09-26 13:15:00,12772.95,12793.85,12748.2,12762.75,0
2024-09-26 14:15:00,12764.45,12833.15,12761.75,12821.15,0
2024-09-26 15:15:00,12820.95,12850.15,12816.9,12839.1,0
2024-09-27 09:15:00,12842.3,12914.95,12806.2,12909.6,0
2024-09-27 10:15:00,12909.95,12951.1,12904.95,12914.65,0
2024-09-27 11:15:00,12913.6,12939.2,12903.7,12933.45,0
2024-09-27 12:15:00,12933.6,12994.8,12901.55,12992.1,0
2024-09-27 13:15:00,12991.15,13056.75,12968.75,13040.55,0
2024-09-27 14:15:00,13040.4,13149.15,13035.7,13147.45,0
2024-09-27 15:15:00,13147.45,13152.3,13086.85,13090.85,0
2024-09-30 09:15:00,13089.3,13183.75,12926.85,12983.5,0
2024-09-30 10:15:00,12983.5,13017.75,12958.9,13001.45,0
2024-09-30 11:15:00,13000.65,13103.1,12983.7,13082.8,0
2024-09-30 12:15:00,13082.25,13126.35,13064.15,13107.05,0
2024-09-30 13:15:00,13107.75,13109.75,13035.95,13060.6,0
2024-09-30 14:15:00,13058.15,13073.0,13023.35,13036.6,0
2024-09-30 15:15:00,13036.35,13049.55,13019.1,13031.2,0
2024-10-01 09:15:00,13038.2,13110.65,13037.55,13043.6,0
2024-10-01 10:15:00,13042.85,13047.35,12963.65,12982.45,0
2024-10-01 11:15:00,12981.5,13007.8,12957.65,12993.45,0
2024-10-01 12:15:00,12993.55,13000.2,12945.1,12972.25,0
2024-10-01 13:15:00,12974.6,12980.45,12955.0,12971.65,0
2024-10-01 14:15:00,12972.0,12975.9,12938.85,12949.3,0
2024-10-01 15:15:00,12948.65,12952.35,12931.7,12945.35,0
2024-10-03 09:15:00,12711.2,12866.25,12711.2,12800.9,0
2024-10-03 10:15:00,12800.2,12838.8,12784.05,12826.3,0
2024-10-03 11:15:00,12827.4,12827.6,12700.1,12702.3,0
2024-10-03 12:15:00,12702.15,12714.65,12655.2,12659.8,0
2024-10-03 13:15:00,12659.4,12660.3,12584.4,12609.7,0
2024-10-03 14:15:00,12608.55,12617.8,12570.75,12615.0,0
2024-10-03 15:15:00,12615.75,12620.45,12585.35,12600.0,0
2024-10-04 09:15:00,12582.9,12623.85,12402.6,12536.75,0
2024-10-04 10:15:00,12539.0,12624.6,12503.05,12619.05,0
2024-10-04 11:15:00,12620.4,12660.95,12587.7,12642.45,0
2024-10-04 12:15:00,12642.55,12644.85,12508.5,12516.85,0
2024-10-04 13:15:00,12516.9,12519.15,12450.9,12488.5,0
2024-10-04 14:15:00,12489.6,12492.35,12445.2,12463.0,0
2024-10-04 15:15:00,12462.85,12468.55,12448.25,12455.15,0
2024-10-07 09:15:00,12521.9,12533.35,12343.15,12375.75,0
2024-10-07 10:15:00,12374.95,12377.1,12111.85,12213.3,0
2024-10-07 11:15:00,12214.6,12296.2,12198.35,12243.15,0
2024-10-07 12:15:00,12243.45,12255.5,12149.0,12170.65,0
2024-10-07 13:15:00,12170.1,12196.0,12121.6,12149.5,0
2024-10-07 14:15:00,12148.4,12208.8,12126.15,12171.15,0
2024-10-07 15:15:00,12171.3,12188.45,12159.9,12186.6,0
2024-10-08 09:15:00,12138.75,12276.75,12064.3,12214.8,0
2024-10-08 10:15:00,12215.1,12292.65,12207.4,12278.15,0
2024-10-08 11:15:00,12278.0,12319.65,12216.85,12240.75,0
2024-10-08 12:15:00,12240.55,12287.25,12207.1,12274.35,0
2024-10-08 13:15:00,12274.95,12320.65,12244.5,12307.0,0
2024-10-08 14:15:00,12307.25,12332.55,12249.8,12327.2,0
2024-10-08 15:15:00,12326.85,12368.4,12326.55,12362.6,0
2024-10-09 09:15:00,12391.0,12449.8,12311.6,12365.9,0
2024-10-09 10:15:00,12367.8,12413.75,12363.2,12372.1,0
2024-10-09 11:15:00,12372.1,12386.5,12295.4,12326.65,0
2024-10-09 12:15:00,12327.0,12333.85,12302.65,12313.7,0
2024-10-09 13:15:00,12313.7,12348.55,12293.15,12328.85,0
2024-10-09 14:15:00,12328.95,12328.95,12244.0,12245.3,0
2024-10-09 15:15:00,12244.7,12259.4,12240.85,12252.15,0
2024-10-10 09:15:00,12307.55,12397.2,12294.4,12395.15,0
2024-10-10 10:15:00,12395.05,12409.1,12321.35,12323.25,0
2024-10-10 11:15:00,12323.4,12338.0,12283.9,12285.05,0
2024-10-10 12:15:00,12285.65,12293.5,12276.75,12290.1,0
2024-10-10 13:15:00,12290.2,12304.0,12238.45,12250.55,0
2024-10-10 14:15:00,12250.9,12252.55,12225.35,12251.85,0
2024-10-10 15:15:00,12252.6,12259.2,12239.75,12251.7,0
2024-10-11 09:15:00,12262.3,12331.75,12237.05,12315.45,0
2024-10-11 10:15:00,12315.45,12322.85,12273.3,12298.85,0
2024-10-11 11:15:00,12299.35,12308.5,12265.2,12284.65,0
2024-10-11 12:15:00,12285.25,12309.85,12281.9,12305.75,0
2024-10-11 13:15:00,12305.85,12319.7,12277.15,12279.45,0
2024-10-11 14:15:00,12279.55,12311.8,12272.45,12302.8,0
2024-10-11 15:15:00,12304.35,12314.85,12302.55,12312.25,0
2024-10-14 09:15:00,12350.5,12357.4,12298.45,12333.4,0
2024-10-14 10:15:00,12332.8,12348.75,12263.35,12279.95,0
2024-10-14 11:15:00,12279.6,12294.7,12275.25,12288.45,0
2024-10-14 12:15:00,12287.95,12288.95,12223.6,12223.6,0
2024-10-14 13:15:00,12224.35,12280.1,12218.7,12273.85,0
2024-10-14 14:15:00,12274.15,12299.1,12264.4,12294.95,0
2024-10-14 15:15:00,12294.65,12296.25,12281.3,12285.3,0
2024-10-15 09:15:00,12288.9,12359.25,12245.2,12307.6,0
2024-10-15 10:15:00,12308.3,12345.45,12280.15,12296.35,0
2024-10-15 11:15:00,12297.1,12303.95,12273.55,12277.6,0
2024-10-15 12:15:00,12277.2,12283.35,12239.95,12245.25,0
2024-10-15 13:15:00,12244.9,12251.1,12207.95,12214.2,0
2024-10-15 14:15:00,12213.8,12264.35,12205.7,12254.3,0
2024-10-15 15:15:00,12254.75,12263.0,12244.15,12257.35,0
2024-10-16 09:15:00,12252.5,12356.95,12241.7,12285.95,0
2024-10-16 10:15:00,12286.95,12302.6,12229.15,12239.9,0
2024-10-16 11:15:00,12240.2,12240.2,12193.45,12220.25,0
2024-10-16 12:15:00,12221.15,12246.65,12204.3,12241.25,0
2024-10-16 13:15:00,12242.05,12309.5,12223.5,12308.0,0
2024-10-16 14:15:00,12307.6,12333.15,12279.45,12282.85,0
2024-10-16 15:15:00,12282.35,12292.0,12253.7,12273.45,0
2024-10-17 09:15:00,12292.6,12320.55,12191.7,12244.9,0
2024-10-17 10:15:00,12243.85,12259.35,12198.55,12199.0,0
2024-10-17 11:15:00,12199.05,12214.6,12181.25,12187.95,0
2024-10-17 12:15:00,12187.15,12201.8,12158.8,12171.95,0
2024-10-17 13:15:00,12171.45,12177.25,12123.05,12124.15,0
2024-10-17 14:15:00,12123.65,12166.75,12121.8,12135.85,0
2024-10-17 15:15:00,12136.35,12139.15,12117.85,12135.3,0
2024-10-18 09:15:00,12076.5,12096.1,11920.75,11981.65,0
2024-10-18 10:15:00,11981.95,12049.05,11974.35,12020.35,0
2024-10-18 11:15:00,12020.3,12108.2,12002.3,12088.95,0
2024-10-18 12:15:00,12088.45,12135.55,12079.25,12085.45,0
2024-10-18 13:15:00,12085.55,12120.8,12083.75,12092.6,0
2024-10-18 14:15:00,12093.45,12132.85,12088.25,12093.55,0
2024-10-18 15:15:00,12093.65,12109.6,12088.05,12098.25,0
2024-10-21 09:15:00,12119.8,12160.35,11959.3,11999.05,0
2024-10-21 10:15:00,11998.9,12030.75,11968.7,12011.25,0
2024-10-21 11:15:00,12012.35,12020.7,11975.25,11975.35,0
2024-10-21 12:15:00,11974.6,12006.8,11971.4,11987.1,0
2024-10-21 13:15:00,11988.15,12013.7,11952.3,11958.2,0
2024-10-21 14:15:00,11958.5,12003.45,11950.5,11952.95,0
2024-10-21 15:15:00,11953.85,11957.35,11935.35,11935.35,0
2024-10-22 09:15:00,11952.2,11987.2,11883.6,11884.85,0
2024-10-22 10:15:00,11884.1,11892.45,11792.25,11860.05,0
2024-10-22 11:15:00,11860.1,11875.6,11811.05,11819.5,0
2024-10-22 12:15:00,11819.5,11837.9,11750.4,11773.1,0
2024-10-22 13:15:00,11773.65,11788.8,11731.55,11788.8,0
2024-10-22 14:15:00,11789.65,11790.1,11646.4,11647.9,0
2024-10-22 15:15:00,11647.75,11692.45,11647.75,11686.7,0
2024-10-23 09:15:00,11632.75,11684.65,11503.15,11659.25,0
2024-10-23 10:15:00,11658.9,11704.05,11597.1,11670.0,0
2024-10-23 11:15:00,11669.8,11724.0,11660.0,11677.5,0
2024-10-23 12:15:00,11677.6,11757.75,11663.75,11696.85,0
2024-10-23 13:15:00,11697.5,11745.7,11673.75,11674.75,0
2024-10-23 14:15:00,11675.25,11685.25,11616.05,11626.05,0
2024-10-23 15:15:00,11626.85,11650.9,11626.85,11648.8,0
2024-10-24 09:15:00,11638.1,11693.3,11599.2,11664.3,0
2024-10-24 10:15:00,11665.0,11686.5,11602.15,11607.1,0
2024-10-24 11:15:00,11607.1,11621.7,11593.1,11601.85,0
2024-10-24 12:15:00,11602.2,11646.3,11591.25,11617.15,0
2024-10-24 13:15:00,11617.35,11627.6,11595.25,11609.9,0
2024-10-24 14:15:00,11610.3,11657.8,11579.65,11651.5,0
2024-10-24 15:15:00,11651.75,11662.05,11641.0,11645.65,0
2024-10-25 09:15:00,11670.8,11683.0,11416.35,11416.35,0
2024-10-25 10:15:00,11417.8,11469.55,11306.7,11408.75,0
2024-10-25 11:15:00,11408.8,11426.6,11353.6,11390.8,0
2024-10-25 12:15:00,11390.4,11409.75,11356.9,11400.65,0
2024-10-25 13:15:00,11400.3,11411.65,11348.3,11368.05,0
2024-10-25 14:15:00,11367.65,11379.65,11325.8,11346.85,0
2024-10-25 15:15:00,11346.4,11367.3,11344.4,11363.05,0
2024-10-28 09:15:00,11367.5,11431.85,11244.15,11287.55,0
2024-10-28 10:15:00,11287.4,11456.55,11286.3,11453.65,0
2024-10-28 11:15:00,11453.6,11483.0,11442.9,11474.95,0
2024-10-28 12:15:00,11475.35,11476.95,11418.15,11427.85,0
2024-10-28 13:15:00,11428.6,11443.7,11393.45,11402.35,0
2024-10-28 14:15:00,11402.1,11435.75,11360.9,11387.95,0
2024-10-28 15:15:00,11387.8,11391.8,11349.05,11385.35,0
2024-10-29 09:15:00,11330.0,11414.15,11257.15,11282.85,0
2024-10-29 10:15:00,11283.05,11292.55,11206.0,11229.65,0
2024-10-29 11:15:00,11229.5,11322.4,11221.1,11322.4,0
2024-10-29 12:15:00,11321.65,11337.5,11299.05,11318.95,0
2024-10-29 13:15:00,11318.65,11353.9,11292.35,11353.9,0
2024-10-29 14:15:00,11354.2,11428.45,11342.1,11413.2,0
2024-10-29 15:15:00,11413.3,11416.05,11396.85,11403.15,0
2024-10-30 09:15:00,11382.25,11458.2,11300.45,11451.2,0
2024-10-30 10:15:00,11451.35,11480.9,11428.1,11435.05,0
2024-10-30 11:15:00,11434.75,11450.8,11401.1,11432.6,0
2024-10-30 12:15:00,11432.9,11466.6,11423.05,11431.85,0
2024-10-30 13:15:00,11431.85,11432.75,11357.45,11357.45,0
2024-10-30 14:15:00,11358.25,11408.25,11349.9,11367.55,0
2024-10-30 15:15:00,11368.65,11378.15,11353.0,11375.7,0
2024-10-31 09:15:00,11361.5,11380.95,11290.6,11354.75,0
2024-10-31 10:15:00,11353.75,11409.5,11343.85,11381.85,0
2024-10-31 11:15:00,11381.25,11384.5,11344.05,11356.35,0
2024-10-31 12:15:00,11356.1,11373.6,11335.25,11336.25,0
2024-10-31 13:15:00,11335.2,11357.6,11310.35,11321.4,0
2024-10-31 14:15:00,11321.55,11362.05,11288.2,11358.1,0
2024-10-31 15:15:00,11357.95,11360.35,11338.1,11357.7,0
2024-11-01 18:00:00,11399.9,11460.25,11394.85,11460.25,0
2024-11-04 09:15:00,11456.8,11463.15,11097.15,11111.35,0
2024-11-04 10:15:00,11111.1,11129.5,11033.45,11080.6,0
2024-11-04 11:15:00,11081.75,11138.25,11049.7,11111.5,0
2024-11-04 12:15:00,11112.0,11127.2,11078.95,11106.55,0
2024-11-04 13:15:00,11105.25,11125.1,11071.4,11118.3,0
2024-11-04 14:15:00,11117.55,11188.15,11100.4,11151.45,0
2024-11-04 15:15:00,11151.35,11159.2,11141.15,11147.95,0
2024-11-05 09:15:00,11100.1,11168.85,11078.2,11136.75,0
2024-11-05 10:15:00,11137.1,11160.0,11114.75,11122.35,0
2024-11-05 11:15:00,11122.45,11136.8,11057.9,11090.35,0
2024-11-05 12:15:00,11090.55,11107.75,11080.95,11094.9,0
2024-11-05 13:15:00,11096.35,11212.8,11084.8,11198.8,0
2024-11-05 14:15:00,11198.0,11245.35,11197.05,11243.6,0
2024-11-05 15:15:00,11243.7,11258.35,11237.05,11253.8,0
2024-11-06 09:15:00,11325.55,11419.65,11283.55,11414.85,0
2024-11-06 10:15:00,11415.45,11428.0,11377.85,11415.2,0
2024-11-06 11:15:00,11414.3,11467.4,11389.65,11461.6,0
2024-11-06 12:15:00,11461.9,11491.05,11435.35,11484.4,0
2024-11-06 13:15:00,11485.45,11509.9,11467.95,11497.55,0
2024-11-06 14:15:00,11497.35,11551.65,11496.05,11528.65,0
2024-11-06 15:15:00,11527.8,11535.65,11522.65,11527.55,0
2024-11-07 09:15:00,11549.65,11583.3,11459.8,11496.65,0
2024-11-07 10:15:00,11497.0,11506.7,11442.4,11486.3,0
2024-11-07 11:15:00,11486.2,11494.5,11457.2,11467.5,0
2024-11-07 12:15:00,11467.6,11486.6,11459.1,11462.6,0
2024-11-07 13:15:00,11462.45,11524.25,11448.65,11495.95,0
2024-11-07 14:15:00,11496.25,11497.2,11446.4,11446.8,0
2024-11-07 15:15:00,11446.75,11453.2,11439.9,11448.1,0
2024-11-08 09:15:00,11425.85,11437.4,11265.05,11303.4,0
2024-11-08 10:15:00,11304.3,11322.5,11237.2,11249.35,0
2024-11-08 11:15:00,11248.75,11253.75,11182.95,11208.3,0
2024-11-08 12:15:00,11208.1,11246.35,11201.85,11241.05,0
2024-11-08 13:15:00,11241.45,11255.5,11185.55,11188.8,0
2024-11-08 14:15:00,11188.75,11240.5,11177.5,11236.5,0
2024-11-08 15:15:00,11236.95,11239.8,11201.1,11208.0,0
2024-11-11 09:15:00,11174.75,11179.05,11088.2,11147.1,0
2024-11-11 10:15:00,11147.0,11230.3,11122.5,11227.15,0
2024-11-11 11:15:00,11226.85,11234.2,11177.7,11191.45,0
2024-11-11 12:15:00,11191.5,11204.65,11163.95,11173.95,0
2024-11-11 13:15:00,11174.45,11180.05,11130.75,11131.4,0
2024-11-11 14:15:00,11131.65,11181.15,11119.1,11138.5,0
2024-11-11 15:15:00,11138.9,11145.75,11129.05,11142.5,0
2024-11-12 09:15:00,11177.95,11257.95,11081.9,11102.7,0
2024-11-12 10:15:00,11102.2,11185.75,11095.8,11151.4,0
2024-11-12 11:15:00,11151.7,11186.1,11125.7,11132.0,0
2024-11-12 12:15:00,11131.45,11145.3,11071.55,11077.6,0
2024-11-12 13:15:00,11077.6,11098.45,11050.2,11081.45,0
2024-11-12 14:15:00,11081.45,11114.8,11024.65,11029.05,0
2024-11-12 15:15:00,11028.85,11035.8,11003.45,11012.9,0
2024-11-13 09:15:00,11001.45,11034.45,10819.55,10844.0,0
2024-11-13 10:15:00,10844.4,10901.2,10819.35,10866.6,0
2024-11-13 11:15:00,10865.75,10906.3,10851.65,10854.05,0
2024-11-13 12:15:00,10853.75,10888.35,10841.2,10870.0,0
2024-11-13 13:15:00,10870.2,10906.05,10835.5,10867.7,0
2024-11-13 14:15:00,10867.8,10868.8,10807.5,10823.6,0
2024-11-13 15:15:00,10823.65,10844.1,10813.3,10833.05,0
2024-11-14 09:15:00,10827.5,10876.15,10753.2,10846.15,0
2024-11-14 10:15:00,10845.25,10875.0,10749.2,10754.7,0
2024-11-14 11:15:00,10754.45,10849.45,10752.5,10843.7,0
2024-11-14 12:15:00,10844.1,10862.0,10811.65,10856.5,0
2024-11-14 13:15:00,10855.45,10870.55,10813.05,10839.85,0
2024-11-14 14:15:00,10839.85,10840.3,10798.1,10811.6,0
2024-11-14 15:15:00,10811.8,10818.8,10804.85,10817.8,0
2024-11-18 09:15:00,10780.05,10805.2,10572.8,10641.6,0
2024-11-18 10:15:00,10642.0,10655.2,10589.35,10612.75,0
2024-11-18 11:15:00,10612.85,10673.5,10609.05,10667.75,0
2024-11-18 12:15:00,10668.05,10730.7,10661.1,10692.95,0
2024-11-18 13:15:00,10692.1,10693.2,10655.1,10665.45,0
2024-11-18 14:15:00,10665.5,10665.9,10604.1,10632.2,0
2024-11-18 15:15:00,10632.35,10650.75,10630.75,10642.35,0
2024-11-19 09:15:00,10691.45,10846.6,10691.25,10817.25,0
2024-11-19 10:15:00,10816.65,10843.15,10797.15,10815.9,0
2024-11-19 11:15:00,10815.65,10829.25,10791.5,10799.45,0
2024-11-19 12:15:00,10799.6,10814.55,10770.15,10777.15,0
2024-11-19 13:15:00,10777.5,10783.55,10725.0,10727.35,0
2024-11-19 14:15:00,10726.9,10738.35,10586.05,10587.95,0
2024-11-19 15:15:00,10587.85,10599.4,10572.0,10581.7,0
2024-11-21 09:15:00,10547.75,10569.5,10340.6,10379.8,0
2024-11-21 10:15:00,10381.25,10456.8,10371.4,10449.9,0
2024-11-21 11:15:00,10449.6,10485.7,10436.35,10458.4,0
2024-11-21 12:15:00,10458.7,10463.55,10433.05,10451.65,0
2024-11-21 13:15:00,10451.15,10472.4,10435.35,10437.65,0
2024-11-21 14:15:00,10437.3,10453.9,10409.55,10445.3,0
2024-11-21 15:15:00,10444.95,10457.95,10444.95,10451.7,0
2024-11-22 09:15:00,10490.15,10570.85,10460.85,10551.4,0
2024-11-22 10:15:00,10552.05,10567.05,10496.45,10535.1,0
2024-11-22 11:15:00,10534.35,10585.65,10523.3,10580.65,0
2024-11-22 12:15:00,10578.9,10619.25,10568.2,10617.9,0
2024-11-22 13:15:00,10617.2,10681.75,10604.35,10667.25,0
2024-11-22 14:15:00,10666.7,10703.15,10640.0,10683.7,0
2024-11-22 15:15:00,10683.9,10683.9,10659.9,10675.25,0
2024-11-25 09:15:00,10883.7,11055.5,10865.0,11019.4,0
2024-11-25 10:15:00,11019.4,11077.55,11017.75,11056.45,0
2024-11-25 11:15:00,11056.7,11069.65,11005.7,11021.65,0
2024-11-25 12:15:00,11021.65,11031.5,10955.45,10994.95,0
2024-11-25 13:15:00,10995.15,11025.5,10977.7,11008.8,0
2024-11-25 14:15:00,11008.2,11016.2,10949.8,10980.15,0
2024-11-25 15:15:00,10980.15,11009.25,10975.45,11004.3,0
2024-11-26 09:15:00,11021.15,11045.85,10937.65,10975.25,0
2024-11-26 10:15:00,10975.35,11005.9,10946.8,10983.4,0
2024-11-26 11:15:00,10983.5,10985.0,10945.45,10950.8,0
2024-11-26 12:15:00,10950.85,10951.4,10923.75,10927.35,0
2024-11-26 13:15:00,10927.55,10942.9,10901.7,10930.2,0
2024-11-26 14:15:00,10929.0,10950.0,10916.2,10929.75,0
2024-11-26 15:15:00,10930.2,10930.85,10915.25,10922.5,0
2024-11-27 09:15:00,10959.6,10961.25,10845.7,10886.25,0
2024-11-27 10:15:00,10886.25,10894.95,10865.75,10877.25,0
2024-11-27 11:15:00,10877.1,10895.6,10856.6,10880.85,0
2024-11-27 12:15:00,10880.6,10972.65,10880.6,10965.45,0
2024-11-27 13:15:00,10965.25,10993.25,10954.85,10956.45,0
2024-11-27 14:15:00,10956.2,10996.5,10949.75,10983.3,0
2024-11-27 15:15:00,10982.85,11000.35,10982.6,10992.2,0
2024-11-28 09:15:00,10998.2,11109.1,10985.05,11094.05,0
2024-11-28 10:15:00,11094.35,11144.9,11008.2,11027.15,0
2024-11-28 11:15:00,11028.95,11070.6,11010.05,11037.0,0
2024-11-28 12:15:00,11036.8,11036.8,10988.7,10993.5,0
2024-11-28 13:15:00,10993.55,11033.2,10958.05,10989.2,0
2024-11-28 14:15:00,10989.95,11006.25,10935.0,10963.3,0
2024-11-28 15:15:00,10964.8,10997.35,10960.65,10995.1,0
2024-11-29 09:15:00,11007.7,11076.25,10985.8,11013.4,0
2024-11-29 10:15:00,11014.2,11085.35,11005.25,11056.6,0
2024-11-29 11:15:00,11056.55,11081.15,11022.15,11052.75,0
2024-11-29 12:15:00,11053.15,11059.95,11024.9,11058.7,0
2024-11-29 13:15:00,11058.65,11104.05,11054.75,11085.3,0
2024-11-29 14:15:00,11085.9,11139.55,11082.05,11103.9,0
2024-11-29 15:15:00,11104.55,11115.75,11097.2,11111.5,0
2024-12-02 09:15:00,11082.4,11096.75,10982.2,11036.7,0
2024-12-02 10:15:00,11036.8,11081.0,11035.95,11058.1,0
2024-12-02 11:15:00,11057.8,11080.0,11044.5,11052.95,0
2024-12-02 12:15:00,11052.95,11129.9,11049.65,11099.25,0
2024-12-02 13:15:00,11099.2,11135.9,11086.85,11128.4,0
2024-12-02 14:15:00,11129.0,11154.1,11121.15,11131.65,0
2024-12-02 15:15:00,11131.65,11152.3,11125.65,11147.4,0
2024-12-03 09:15:00,11219.45,11242.15,11177.1,11224.6,0
2024-12-03 10:15:00,11224.45,11271.05,11224.45,11253.15,0
2024-12-03 11:15:00,11253.3,11283.45,11248.5,11258.85,0
2024-12-03 12:15:00,11258.8,11273.8,11232.6,11260.25,0
2024-12-03 13:15:00,11260.1,11289.4,11256.0,11266.45,0
2024-12-03 14:15:00,11266.95,11274.0,11243.65,11272.45,0
2024-12-03 15:15:00,11271.95,11276.7,11259.75,11272.7,0
2024-12-04 09:15:00,11297.95,11337.2,11249.45,11325.0,0
2024-12-04 10:15:00,11324.55,11326.0,11257.95,11265.3,0
2024-12-04 11:15:00,11265.3,11287.05,11207.1,11240.05,0
2024-12-04 12:15:00,11240.05,11257.2,11229.65,11243.7,0
2024-12-04 13:15:00,11243.85,11273.5,11239.8,11259.55,0
2024-12-04 14:15:00,11259.85,11260.7,11201.95,11235.55,0
2024-12-04 15:15:00,11236.35,11249.05,11235.7,11239.7,0
2024-12-05 09:15:00,11290.5,11290.5,11194.95,11196.55,0
2024-12-05 10:15:00,11196.75,11244.65,11181.65,11206.0,0
2024-12-05 11:15:00,11206.1,11292.1,11181.45,11284.6,0
2024-12-05 12:15:00,11286.5,11309.75,11275.75,11307.65,0
2024-12-05 13:15:00,11308.15,11345.65,11287.2,11331.75,0
2024-12-05 14:15:00,11330.6,11362.7,11248.25,11330.0,0
2024-12-05 15:15:00,11331.0,11341.9,11309.65,11314.5,0
2024-12-06 09:15:00,11341.7,11387.8,11304.95,11357.55,0
2024-12-06 10:15:00,11356.4,11404.0,11344.25,11377.8,0
2024-12-06 11:15:00,11378.3,11380.9,11335.6,11335.65,0
2024-12-06 12:15:00,11335.3,11381.0,11325.0,11378.55,0
2024-12-06 13:15:00,11378.45,11380.5,11338.9,11351.3,0
2024-12-06 14:15:00,11351.7,11356.2,11318.35,11331.2,0
2024-12-06 15:15:00,11331.8,11331.85,11316.65,11320.25,0
2024-12-09 09:15:00,11298.95,11336.8,11276.2,11277.2,0
2024-12-09 10:15:00,11276.85,11329.15,11274.9,11296.1,0
2024-12-09 11:15:00,11296.1,11331.7,11289.75,11325.15,0
2024-12-09 12:15:00,11325.1,11329.7,11276.8,11288.85,0
2024-12-09 13:15:00,11289.25,11293.95,11256.6,11257.8,0
2024-12-09 14:15:00,11258.65,11278.1,11240.25,11242.7,0
2024-12-09 15:15:00,11242.5,11264.35,11241.3,11254.75,0
2024-12-10 09:15:00,11227.8,11269.9,11206.85,11251.35,0
2024-12-10 10:15:00,11250.95,11264.4,11227.5,11250.2,0
2024-12-10 11:15:00,11250.2,11257.3,11208.85,11209.35,0
2024-12-10 12:15:00,11209.15,11209.35,11169.8,11182.75,0
2024-12-10 13:15:00,11182.45,11203.75,11162.1,11185.2,0
2024-12-10 14:15:00,11185.2,11233.2,11176.8,11221.25,0
2024-12-10 15:15:00,11221.45,11225.4,11214.75,11222.85,0
2024-12-11 09:15:00,11225.15,11283.25,11217.9,11249.9,0
2024-12-11 10:15:00,11249.9,11256.5,11223.6,11224.0,0
2024-12-11 11:15:00,11222.95,11244.8,11219.8,11222.4,0
2024-12-11 12:15:00,11222.35,11245.7,11216.55,11238.5,0
2024-12-11 13:15:00,11238.5,11246.5,11225.55,11227.1,0
2024-12-11 14:15:00,11227.1,11241.05,11223.9,11227.7,0
2024-12-11 15:15:00,11227.8,11229.15,11211.9,11226.1,0
2024-12-12 09:15:00,11206.95,11235.65,11168.25,11172.35,0
2024-12-12 10:15:00,11172.25,11184.35,11159.0,11177.7,0
2024-12-12 11:15:00,11177.25,11186.95,11133.1,11135.95,0
2024-12-12 12:15:00,11135.3,11170.9,11131.3,11156.95,0
2024-12-12 13:15:00,11155.7,11169.6,11134.7,11155.9,0
2024-12-12 14:15:00,11156.7,11163.3,11108.5,11124.9,0
2024-12-12 15:15:00,11125.0,11127.4,11117.1,11124.2,0
2024-12-13 09:15:00,11125.25,11145.95,10999.55,11002.35,0
2024-12-13 10:15:00,11002.3,11021.45,10944.35,11002.8,0
2024-12-13 11:15:00,11002.8,11067.95,10985.35,11064.1,0
2024-12-13 12:15:00,11063.7,11131.25,11053.0,11111.35,0
2024-12-13 13:15:00,11110.2,11182.05,11090.55,11171.05,0
2024-12-13 14:15:00,11171.45,11186.0,11153.2,11162.0,0
2024-12-13 15:15:00,11162.25,11171.8,11154.85,11168.0,0
2024-12-16 09:15:00,11165.55,11190.35,11111.1,11118.4,0
2024-12-16 10:15:00,11118.75,11119.6,11069.3,11071.4,0
2024-12-16 11:15:00,11072.25,11087.6,11064.0,11067.05,0
2024-12-16 12:15:00,11067.2,11088.6,11061.65,11087.35,0
2024-12-16 13:15:00,11087.6,11123.8,11084.3,11109.5,0
2024-12-16 14:15:00,11109.6,11110.5,11090.25,11096.5,0
2024-12-16 15:15:00,11097.35,11099.5,11088.0,11095.3,0
2024-12-17 09:15:00,11076.9,11088.0,11011.15,11019.6,0
2024-12-17 10:15:00,11018.95,11018.95,10962.9,10988.85,0
2024-12-17 11:15:00,10989.15,11000.85,10970.85,10971.7,0
2024-12-17 12:15:00,10970.75,11003.7,10965.7,10968.35,0
2024-12-17 13:15:00,10968.3,10976.6,10930.35,10932.95,0
2024-12-17 14:15:00,10932.3,10943.7,10903.7,10920.8,0
2024-12-17 15:15:00,10920.7,10922.9,10898.45,10904.45,0
2024-12-18 09:15:00,10883.55,10917.0,10850.05,10867.25,0
2024-12-18 10:15:00,10867.4,10927.25,10864.05,10877.75,0
2024-12-18 11:15:00,10878.3,10904.2,10853.6,10856.25,0
2024-12-18 12:15:00,10856.25,10862.9,10788.95,10832.55,0
2024-12-18 13:15:00,10831.35,10843.85,10810.0,10825.6,0
2024-12-18 14:15:00,10826.1,10843.05,10814.6,10821.75,0
2024-12-18 15:15:00,10821.9,10834.05,10817.7,10834.05,0
2024-12-19 09:15:00,10651.85,10746.9,10637.85,10726.75,0
2024-12-19 10:15:00,10725.7,10814.4,10716.2,10811.5,0
2024-12-19 11:15:00,10811.15,10850.45,10811.15,10848.8,0
2024-12-19 12:15:00,10848.8,10854.8,10816.85,10831.3,0
2024-12-19 13:15:00,10830.15,10831.4,10791.2,10800.95,0
2024-12-19 14:15:00,10798.45,10802.25,10781.6,10785.1,0
2024-12-19 15:15:00,10785.4,10790.55,10778.0,10787.7,0
2024-12-20 09:15:00,10769.5,10873.4,10753.0,10780.2,0
2024-12-20 10:15:00,10780.55,10891.75,10772.0,10876.3,0
2024-12-20 11:15:00,10876.9,10892.85,10843.95,10845.1,0
2024-12-20 12:15:00,10845.35,10845.35,10749.25,10751.3,0
2024-12-20 13:15:00,10751.45,10779.3,10688.05,10693.25,0
2024-12-20 14:15:00,10693.35,10736.35,10583.1,10584.35,0
2024-12-20 15:15:00,10585.25,10624.8,10583.6,10617.6,0
2024-12-23 09:15:00,10673.55,10712.7,10617.7,10687.4,0
2024-12-23 10:15:00,10689.55,10752.95,10644.15,10748.35,0
2024-12-23 11:15:00,10748.75,10784.2,10713.2,10717.55,0
2024-12-23 12:15:00,10716.8,10730.95,10659.2,10659.8,0
2024-12-23 13:15:00,10659.7,10691.1,10638.1,10688.95,0
2024-12-23 14:15:00,10689.75,10719.55,10681.0,10693.9,0
2024-12-23 15:15:00,10694.3,10698.6,10687.35,10698.25,0
2024-12-24 09:15:00,10699.2,10795.35,10691.15,10789.85,0
2024-12-24 10:15:00,10790.05,10845.1,10789.15,10828.85,0
2024-12-24 11:15:00,10829.0,10846.95,10772.3,10778.95,0
2024-12-24 12:15:00,10779.15,10802.95,10755.4,10777.25,0
2024-12-24 13:15:00,10777.25,10786.3,10746.35,10764.45,0
2024-12-24 14:15:00,10765.05,10767.3,10734.95,10749.8,0
2024-12-24 15:15:00,10749.35,10758.45,10739.9,10746.8,0
2024-12-26 09:15:00,10773.25,10828.65,10757.2,10786.85,0
2024-12-26 10:15:00,10786.85,10790.1,10743.9,10764.8,0
2024-12-26 11:15:00,10764.7,10770.1,10720.05,10722.2,0
2024-12-26 12:15:00,10723.5,10758.25,10720.9,10755.3,0
2024-12-26 13:15:00,10756.45,10767.0,10724.35,10738.9,0
2024-12-26 14:15:00,10739.4,10767.75,10734.9,10765.1,0
2024-12-26 15:15:00,10765.2,10768.5,10745.25,10760.25,0
2024-12-27 09:15:00,10762.05,10782.4,10739.6,10764.5,0
2024-12-27 10:15:00,10764.5,10779.55,10744.4,10762.85,0
2024-12-27 11:15:00,10763.05,10765.4,10727.8,10731.6,0
2024-12-27 12:15:00,10732.15,10735.35,10712.95,10721.7,0
2024-12-27 13:15:00,10722.8,10735.0,10711.25,10722.15,0
2024-12-27 14:15:00,10722.35,10727.45,10671.5,10686.35,0
2024-12-27 15:15:00,10685.65,10689.45,10676.9,10686.1,0
2024-12-30 09:15:00,10657.2,10676.45,10612.95,10668.3,0
2024-12-30 10:15:00,10667.95,10707.85,10653.3,10669.1,0
2024-12-30 11:15:00,10669.35,10722.6,10665.3,10691.5,0
2024-12-30 12:15:00,10691.6,10696.75,10637.25,10653.45,0
2024-12-30 13:15:00,10653.0,10660.0,10598.15,10608.5,0
2024-12-30 14:15:00,10607.35,10666.15,10591.8,10609.45,0
2024-12-30 15:15:00,10610.8,10667.05,10600.9,10667.0,0
2024-12-31 09:15:00,10613.0,10672.55,10601.3,10619.55,0
2024-12-31 10:15:00,10618.8,10696.75,10618.8,10685.9,0
2024-12-31 11:15:00,10685.75,10687.25,10647.0,10674.95,0
2024-12-31 12:15:00,10674.65,10726.2,10673.75,10697.2,0
2024-12-31 13:15:00,10698.15,10766.0,10694.55,10759.7,0
2024-12-31 14:15:00,10759.8,10762.25,10715.85,10752.5,0
2024-12-31 15:15:00,10753.15,10754.1,10736.45,10742.55,0
2025-01-01 09:15:00,10732.3,10759.05,10687.05,10707.8,0
2025-01-01 10:15:00,10708.35,10761.7,10697.05,10749.7,0
2025-01-01 11:15:00,10750.85,10758.75,10724.45,10742.3,0
2025-01-01 12:15:00,10742.35,10777.75,10741.0,10764.4,0
2025-01-01 13:15:00,10764.4,10801.25,10757.85,10789.95,0
2025-01-01 14:15:00,10790.7,10797.7,10768.0,10775.2,0
2025-01-01 15:15:00,10774.1,10776.7,10767.65,10775.05,0
2025-01-02 09:15:00,10763.9,10818.65,10762.45,10763.85,0
2025-01-02 10:15:00,10762.95,10791.75,10752.45,10780.2,0
2025-01-02 11:15:00,10779.95,10816.95,10750.05,10801.25,0
2025-01-02 12:15:00,10801.3,10846.85,10789.35,10839.2,0
2025-01-02 13:15:00,10839.5,10898.8,10839.1,10887.1,0
2025-01-02 14:15:00,10886.95,10914.4,10872.5,10907.85,0
2025-01-02 15:15:00,10907.25,10920.8,10901.05,10902.8,0
2025-01-03 09:15:00,10940.1,11016.15,10922.2,10974.65,0
2025-01-03 10:15:00,10974.75,10990.5,10953.25,10977.3,0
2025-01-03 11:15:00,10978.6,11069.5,10977.8,11068.0,0
2025-01-03 12:15:00,11068.3,11118.5,11064.35,11112.2,0
2025-01-03 13:15:00,11111.5,11153.45,11074.15,11074.7,0
2025-01-03 14:15:00,11075.1,11084.85,11038.25,11046.95,0
2025-01-03 15:15:00,11047.95,11054.8,11030.75,11038.0,0
2025-01-06 09:15:00,11059.2,11064.25,10887.3,10930.9,0
2025-01-06 10:15:00,10930.4,10947.35,10795.25,10805.55,0
2025-01-06 11:15:00,10804.3,10857.45,10737.6,10789.55,0
2025-01-06 12:15:00,10789.25,10867.85,10783.7,10817.85,0
2025-01-06 13:15:00,10817.95,10818.5,10756.45,10764.15,0
2025-01-06 14:15:00,10764.15,10790.95,10708.05,10711.4,0
2025-01-06 15:15:00,10712.15,10746.2,10703.45,10742.15,0
2025-01-07 09:15:00,10801.25,10963.5,10797.8,10932.4,0
2025-01-07 10:15:00,10932.6,10958.75,10915.1,10927.85,0
2025-01-07 11:15:00,10927.85,10951.35,10897.35,10903.2,0
2025-01-07 12:15:00,10903.0,10916.3,10871.9,10901.45,0
2025-01-07 13:15:00,10900.95,10934.45,10874.35,10909.55,0
2025-01-07 14:15:00,10910.25,10914.65,10877.75,10902.3,0
2025-01-07 15:15:00,10901.8,10922.95,10891.0,10916.6,0
2025-01-08 09:15:00,10966.0,11074.35,10944.7,11071.45,0
2025-01-08 10:15:00,11071.3,11075.95,10988.35,11014.9,0
2025-01-08 11:15:00,11015.75,11035.65,11000.9,11001.45,0
2025-01-08 12:15:00,11001.7,11056.65,10995.05,11029.0,0
2025-01-08 13:15:00,11028.95,11099.45,11012.0,11099.45,0
2025-01-08 14:15:00,11098.65,11123.5,11060.65,11076.65,0
2025-01-08 15:15:00,11076.4,11076.8,11046.2,11051.45,0
2025-01-09 09:15:00,11081.25,11087.9,10991.9,11032.1,0
2025-01-09 10:15:00,11032.7,11033.3,10923.55,10937.75,0
2025-01-09 11:15:00,10938.3,10951.45,10918.05,10927.35,0
2025-01-09 12:15:00,10926.6,10941.45,10879.7,10894.9,0
2025-01-09 13:15:00,10894.55,10898.35,10846.6,10867.7,0
2025-01-09 14:15:00,10866.8,10876.75,10830.95,10848.85,0
2025-01-09 15:15:00,10849.25,10882.65,10845.65,10878.4,0
2025-01-10 09:15:00,10887.85,10908.5,10670.85,10746.6,0
2025-01-10 10:15:00,10746.75,10861.55,10728.45,10861.55,0
2025-01-10 11:15:00,10859.75,10876.7,10801.0,10821.2,0
2025-01-10 12:15:00,10821.8,10843.9,10794.9,10834.1,0
2025-01-10 13:15:00,10832.65,10844.9,10759.55,10760.95,0
2025-01-10 14:15:00,10760.55,10769.25,10723.9,10732.75,0
2025-01-10 15:15:00,10732.95,10754.0,10732.95,10752.25,0
2025-01-13 09:15:00,10646.3,10675.1,10555.15,10613.85,0
2025-01-13 10:15:00,10615.15,10642.65,10548.8,10563.95,0
2025-01-13 11:15:00,10564.3,10595.75,10533.0,10573.15,0
2025-01-13 12:15:00,10572.05,10572.05,10525.95,10535.65,0
2025-01-13 13:15:00,10536.05,10556.95,10456.3,10468.35,0
2025-01-13 14:15:00,10467.7,10497.65,10399.1,10447.75,0
2025-01-13 15:15:00,10447.8,10480.85,10442.65,10465.8,0
2025-01-14 09:15:00,10511.0,10638.35,10510.35,10563.2,0
2025-01-14 10:15:00,10562.95,10647.7,10532.3,10644.35,0
2025-01-14 11:15:00,10644.9,10650.65,10570.9,10578.7,0
2025-01-14 12:15:00,10578.8,10609.95,10564.9,10584.45,0
2025-01-14 13:15:00,10584.55,10593.0,10558.15,10590.35,0
2025-01-14 14:15:00,10590.55,10630.7,10587.0,10618.75,0
2025-01-14 15:15:00,10619.1,10643.35,10617.8,10637.15,0
2025-01-15 09:15:00,10689.1,10716.9,10659.2,10694.8,0
2025-01-15 10:15:00,10693.75,10739.6,10680.7,10709.15,0
2025-01-15 11:15:00,10709.35,10717.9,10667.4,10669.9,0
2025-01-15 12:15:00,10669.6,10711.3,10651.1,10674.8,0
2025-01-15 13:15:00,10674.0,10674.0,10606.7,10622.65,0
2025-01-15 14:15:00,10622.65,10649.15,10594.4,10633.05,0
2025-01-15 15:15:00,10632.6,10640.15,10618.5,10640.15,0
2025-01-16 09:15:00,10726.85,10755.4,10701.45,10715.85,0
2025-01-16 10:15:00,10715.65,10748.7,10715.65,10725.05,0
2025-01-16 11:15:00,10724.7,10728.75,10682.55,10695.85,0
2025-01-16 12:15:00,10695.95,10726.95,10673.65,10714.35,0
2025-01-16 13:15:00,10714.95,10743.0,10713.45,10730.85,0
2025-01-16 14:15:00,10731.1,10742.75,10712.1,10720.3,0
2025-01-16 15:15:00,10719.8,10758.45,10719.7,10749.35,0
2025-01-17 09:15:00,10881.95,10915.35,10790.2,10872.2,0
2025-01-17 10:15:00,10872.1,10897.4,10800.45,10823.6,0
2025-01-17 11:15:00,10823.75,10897.7,10813.95,10897.3,0
2025-01-17 12:15:00,10896.45,10916.55,10884.7,10885.85,0
2025-01-17 13:15:00,10886.15,10905.25,10863.05,10903.5,0
2025-01-17 14:15:00,10903.5,10916.15,10885.75,10891.85,0
2025-01-17 15:15:00,10892.55,10895.6,10882.35,10888.75,0
2025-01-20 09:15:00,10951.25,10959.55,10840.95,10916.55,0
2025-01-20 10:15:00,10915.7,10934.2,10901.0,10921.2,0
2025-01-20 11:15:00,10921.05,10947.8,10913.15,10914.65,0
2025-01-20 12:15:00,10914.75,10931.8,10901.5,10931.65,0
2025-01-20 13:15:00,10931.3,10945.3,10922.8,10939.7,0
2025-01-20 14:15:00,10939.9,10983.05,10930.85,10957.9,0
2025-01-20 15:15:00,10958.0,10958.2,10943.95,10950.05,0
2025-01-21 09:15:00,10979.65,11039.7,10915.9,10925.5,0
2025-01-21 10:15:00,10924.95,10928.65,10861.9,10912.95,0
2025-01-21 11:15:00,10911.8,10981.6,10879.15,10933.85,0
2025-01-21 12:15:00,10933.15,10949.4,10884.25,10933.0,0
2025-01-21 13:15:00,10932.85,10944.15,10875.4,10916.7,0
2025-01-21 14:15:00,10916.6,10921.15,10818.8,10829.85,0
2025-01-21 15:15:00,10830.35,10852.7,10830.35,10846.7,0
2025-01-22 09:15:00,10869.85,10894.8,10739.0,10767.15,0
2025-01-22 10:15:00,10767.8,10793.95,10729.85,10730.5,0
2025-01-22 11:15:00,10730.4,10736.25,10662.1,10671.35,0
2025-01-22 12:15:00,10671.4,10695.7,10644.6,10695.7,0
2025-01-22 13:15:00,10695.85,10705.7,10655.15,10694.45,0
2025-01-22 14:15:00,10694.9,10762.3,10691.55,10761.65,0
2025-01-22 15:15:00,10762.35,10769.1,10752.5,10763.15,0
2025-01-23 09:15:00,10741.0,10772.45,10662.85,10730.8,0
2025-01-23 10:15:00,10730.6,10753.2,10717.8,10737.9,0
2025-01-23 11:15:00,10737.95,10740.15,10678.7,10707.15,0
2025-01-23 12:15:00,10707.15,10726.4,10686.95,10699.05,0
2025-01-23 13:15:00,10699.15,10710.75,10691.7,10701.5,0
2025-01-23 14:15:00,10701.6,10715.5,10676.3,10695.55,0
2025-01-23 15:15:00,10695.4,10704.85,10689.95,10699.75,0
2025-01-24 09:15:00,10740.7,10817.3,10608.95,10613.9,0
2025-01-24 10:15:00,10613.45,10647.0,10577.5,10639.1,0
2025-01-24 11:15:00,10639.1,10656.0,10613.3,10614.45,0
2025-01-24 12:15:00,10614.3,10634.45,10547.0,10576.7,0
2025-01-24 13:15:00,10575.7,10576.8,10519.85,10521.25,0
2025-01-24 14:15:00,10520.8,10533.75,10457.35,10466.4,0
2025-01-24 15:15:00,10466.7,10480.85,10459.7,10478.6,0
2025-01-27 09:15:00,10412.8,10417.75,10301.0,10321.7,0
2025-01-27 10:15:00,10321.3,10321.3,10242.45,10267.2,0
2025-01-27 11:15:00,10267.2,10324.65,10246.3,10282.85,0
2025-01-27 12:15:00,10282.95,10316.25,10274.3,10309.7,0
2025-01-27 13:15:00,10310.0,10313.55,10265.35,10272.95,0
2025-01-27 14:15:00,10273.9,10292.55,10196.25,10241.7,0
2025-01-27 15:15:00,10241.55,10249.0,10221.0,10233.45,0
2025-01-28 09:15:00,10266.2,10281.5,10076.6,10120.55,0
2025-01-28 10:15:00,10121.0,10164.95,10084.8,10164.7,0
2025-01-28 11:15:00,10164.55,10247.45,10150.3,10243.4,0
2025-01-28 12:15:00,10243.05,10290.1,10210.9,10285.1,0
2025-01-28 13:15:00,10284.9,10294.8,10218.05,10227.0,0
2025-01-28 14:15:00,10227.05,10248.65,10155.9,10183.9,0
2025-01-28 15:15:00,10183.6,10186.85,10168.75,10183.75,0
2025-01-29 09:15:00,10197.75,10253.85,10155.45,10226.4,0
2025-01-29 10:15:00,10227.3,10243.8,10210.45,10220.6,0
2025-01-29 11:15:00,10221.35,10247.05,10174.65,10230.6,0
2025-01-29 12:15:00,10230.45,10250.1,10208.7,10225.3,0
2025-01-29 13:15:00,10225.9,10241.95,10203.8,10233.9,0
2025-01-29 14:15:00,10231.75,10242.2,10204.8,10236.9,0
2025-01-29 15:15:00,10236.6,10257.55,10227.8,10249.0,0
2025-01-30 09:15:00,10268.6,10379.75,10232.9,10376.9,0
2025-01-30 10:15:00,10376.8,10410.5,10360.35,10406.65,0
2025-01-30 11:15:00,10406.65,10432.5,10390.65,10421.7,0
2025-01-30 12:15:00,10421.1,10455.15,10409.6,10449.9,0
2025-01-30 13:15:00,10450.0,10451.1,10363.7,10369.4,0
2025-01-30 14:15:00,10369.65,10415.0,10344.6,10396.75,0
2025-01-30 15:15:00,10396.3,10404.7,10386.75,10398.25,0
2025-01-31 09:15:00,10412.65,10509.75,10353.7,10445.5,0
2025-01-31 10:15:00,10445.35,10525.0,10430.8,10522.2,0
2025-01-31 11:15:00,10522.85,10549.3,10507.95,10547.9,0
2025-01-31 12:15:00,10547.45,10552.3,10526.0,10549.65,0
2025-01-31 13:15:00,10549.5,10571.65,10511.3,10521.45,0
2025-01-31 14:15:00,10520.75,10600.8,10508.6,10596.0,0
2025-01-31 15:15:00,10595.65,10596.95,10581.1,10596.0,0
2025-02-01 09:15:00,10579.8,10608.7,10510.75,10573.6,0
2025-02-01 10:15:00,10573.6,10601.5,10551.55,10582.15,0
2025-02-01 11:15:00,10582.3,10604.05,10445.5,10505.55,0
2025-02-01 12:15:00,10508.35,10522.15,10330.5,10352.0,0
2025-02-01 13:15:00,10350.15,10425.35,10309.85,10424.1,0
2025-02-01 14:15:00,10424.25,10448.2,10403.5,10443.2,0
2025-02-01 15:15:00,10443.4,10443.95,10429.75,10441.2,0
2025-02-03 09:15:00,10330.25,10341.5,10141.75,10167.0,0
2025-02-03 10:15:00,10166.95,10252.85,10151.3,10251.8,0
2025-02-03 11:15:00,10251.9,10266.7,10172.25,10185.85,0
2025-02-03 12:15:00,10185.85,10188.2,10131.25,10171.4,0
2025-02-03 13:15:00,10170.85,10190.65,10153.2,10173.95,0
2025-02-03 14:15:00,10173.7,10208.05,10159.45,10204.55,0
2025-02-03 15:15:00,10205.2,10233.85,10194.9,10231.5,0
2025-02-04 09:15:00,10287.15,10405.9,10285.95,10377.15,0
2025-02-04 10:15:00,10376.85,10393.15,10311.1,10350.4,0
2025-02-04 11:15:00,10349.8,10405.0,10344.2,10399.7,0
2025-02-04 12:15:00,10400.65,10448.6,10392.15,10446.4,0
2025-02-04 13:15:00,10447.25,10458.55,10420.55,10428.75,0
2025-02-04 14:15:00,10427.45,10489.7,10418.25,10477.2,0
2025-02-04 15:15:00,10477.65,10485.9,10470.85,10474.75,0
2025-02-05 09:15:00,10558.75,10673.8,10554.35,10640.75,0
2025-02-05 10:15:00,10638.05,10659.65,10617.55,10637.4,0
2025-02-05 11:15:00,10638.3,10657.2,10616.95,10620.45,0
2025-02-05 12:15:00,10621.2,10642.45,10609.2,10635.3,0
2025-02-05 13:15:00,10635.0,10677.0,10630.8,10658.25,0
2025-02-05 14:15:00,10657.9,10672.6,10625.25,10639.95,0
2025-02-05 15:15:00,10639.95,10640.9,10626.35,10631.4,0
2025-02-06 09:15:00,10660.9,10717.5,10636.95,10640.1,0
2025-02-06 10:15:00,10640.55,10671.65,10629.3,10631.45,0
2025-02-06 11:15:00,10631.45,10633.6,10578.55,10580.9,0
2025-02-06 12:15:00,10581.8,10588.4,10548.9,10565.4,0
2025-02-06 13:15:00,10564.65,10568.2,10529.4,10548.95,0
2025-02-06 14:15:00,10549.2,10603.6,10546.0,10590.75,0
2025-02-06 15:15:00,10590.75,10609.95,10584.5,10608.65,0
2025-02-07 09:15:00,10559.95,10597.7,10456.4,10501.05,0
2025-02-07 10:15:00,10501.3,10556.25,10450.9,10546.35,0
2025-02-07 11:15:00,10545.9,10598.45,10532.6,10534.6,0
2025-02-07 12:15:00,10534.6,10561.15,10515.55,10518.1,0
2025-02-07 13:15:00,10518.2,10538.95,10453.6,10457.45,0
2025-02-07 14:15:00,10457.25,10505.7,10445.9,10504.85,0
2025-02-07 15:15:00,10504.85,10514.6,10494.0,10497.1,0
2025-02-10 09:15:00,10482.75,10498.75,10311.9,10324.9,0
2025-02-10 10:15:00,10324.7,10339.85,10310.9,10325.15,0
2025-02-10 11:15:00,10325.45,10330.3,10289.95,10298.9,0
2025-02-10 12:15:00,10298.35,10314.9,10292.05,10297.2,0
2025-02-10 13:15:00,10295.0,10323.25,10287.75,10290.0,0
2025-02-10 14:15:00,10289.85,10325.45,10281.95,10318.4,0
2025-02-10 15:15:00,10318.4,10321.5,10309.3,10318.35,0
2025-02-11 09:15:00,10344.05,10344.05,10185.25,10210.45,0
2025-02-11 10:15:00,10209.4,10235.55,10192.6,10210.25,0
2025-02-11 11:15:00,10208.9,10238.7,10191.25,10216.95,0
2025-02-11 12:15:00,10217.25,10217.25,10076.45,10081.15,0
2025-02-11 13:15:00,10080.4,10125.2,10064.55,10096.4,0
2025-02-11 14:15:00,10096.1,10132.5,10067.15,10120.6,0
2025-02-11 15:15:00,10120.6,10131.0,10107.6,10128.95,0
2025-02-12 09:15:00,10067.35,10092.5,9850.25,9859.15,0
2025-02-12 10:15:00,9859.6,10012.65,9837.15,9996.65,0
2025-02-12 11:15:00,9997.15,10071.1,9972.75,10045.1,0
2025-02-12 12:15:00,10045.6,10074.8,10019.85,10060.15,0
2025-02-12 13:15:00,10060.6,10068.2,9971.65,9990.65,0
2025-02-12 14:15:00,9990.05,10048.5,9977.2,10041.8,0
2025-02-12 15:15:00,10041.8,10059.55,10036.6,10055.8,0
2025-02-13 09:15:00,10059.65,10108.0,10018.15,10093.1,0
2025-02-13 10:15:00,10091.75,10112.95,10058.8,10095.25,0
2025-02-13 11:15:00,10094.75,10130.75,10094.75,10105.5,0
2025-02-13 12:15:00,10105.15,10122.9,10072.6,10073.35,0
2025-02-13 13:15:00,10073.25,10087.9,9994.75,10003.2,0
2025-02-13 14:15:00,10004.2,10012.0,9972.75,9996.1,0
2025-02-13 15:15:00,9996.1,10003.75,9988.65,9992.85,0
2025-02-14 09:15:00,10025.8,10054.45,9927.05,9955.65,0
2025-02-14 10:15:00,9956.25,9974.15,9811.7,9847.8,0
2025-02-14 11:15:00,9847.0,9871.05,9812.8,9823.55,0
2025-02-14 12:15:00,9824.85,9838.95,9781.45,9794.15,0
2025-02-14 13:15:00,9794.15,9819.9,9740.4,9751.3,0
2025-02-14 14:15:00,9749.85,9877.85,9747.15,9852.15,0
2025-02-14 15:15:00,9852.0,9852.75,9831.9,9839.3,0
2025-02-17 09:15:00,9809.55,9851.35,9674.35,9798.2,0
2025-02-17 10:15:00,9798.7,9915.3,9795.0,9812.1,0
2025-02-17 11:15:00,9811.95,9846.55,9803.1,9808.6,0
2025-02-17 12:15:00,9807.6,9853.75,9786.3,9833.2,0
2025-02-17 13:15:00,9832.55,9896.8,9825.25,9856.1,0
2025-02-17 14:15:00,9856.1,9927.65,9855.2,9927.65,0
2025-02-17 15:15:00,9927.65,9937.5,9913.55,9932.4,0
2025-02-18 09:15:00,9917.85,9932.5,9802.35,9865.1,0
2025-02-18 10:15:00,9864.4,9896.25,9828.6,9865.95,0
2025-02-18 11:15:00,9863.45,9908.95,9858.55,9886.0,0
2025-02-18 12:15:00,9886.45,9896.05,9844.4,9864.75,0
2025-02-18 13:15:00,9865.05,9920.3,9847.5,9903.65,0
2025-02-18 14:15:00,9903.65,9987.75,9895.55,9975.05,0
2025-02-18 15:15:00,9975.45,9977.1,9944.05,9952.35,0
2025-02-19 09:15:00,9911.4,10047.45,9881.25,10027.4,0
2025-02-19 10:15:00,10028.2,10055.7,9963.6,9995.7,0
2025-02-19 11:15:00,9995.6,10039.75,9980.8,10036.65,0
2025-02-19 12:15:00,10036.75,10048.6,9981.85,10006.55,0
2025-02-19 13:15:00,10005.95,10059.1,10001.25,10058.45,0
2025-02-19 14:15:00,10058.45,10060.0,10006.45,10054.4,0
2025-02-19 15:15:00,10054.4,10054.4,10032.65,10039.15,0
2025-02-20 09:15:00,10008.4,10115.45,9995.7,10103.6,0
2025-02-20 10:15:00,10103.6,10157.2,10103.2,10156.25,0
2025-02-20 11:15:00,10156.3,10158.25,10140.65,10149.45,0
2025-02-20 12:15:00,10148.85,10179.5,10147.9,10156.65,0
2025-02-20 13:15:00,10156.35,10194.75,10150.6,10190.2,0
2025-02-20 14:15:00,10190.65,10195.1,10175.15,10186.85,0
2025-02-20 15:15:00,10186.85,10187.0,10169.1,10171.6,0
2025-02-21 09:15:00,10155.95,10235.8,10106.65,10110.85,0
2025-02-21 10:15:00,10109.9,10137.75,10075.95,10084.15,0
2025-02-21 11:15:00,10083.9,10137.7,10077.7,10102.6,0
2025-02-21 12:15:00,10102.75,10124.3,10084.4,10099.4,0
2025-02-21 13:15:00,10099.0,10109.5,10034.55,10075.45,0
2025-02-21 14:15:00,10075.3,10090.85,10060.7,10087.45,0
2025-02-21 15:15:00,10087.35,10088.5,10050.45,10060.55,0
2025-02-24 09:15:00,9982.7,10000.9,9943.55,9972.65,0
2025-02-24 10:15:00,9973.5,9981.8,9940.0,9968.9,0
2025-02-24 11:15:00,9969.15,10026.3,9965.85,9988.1,0
2025-02-24 12:15:00,9988.1,10004.75,9981.75,9987.55,0
2025-02-24 13:15:00,9986.9,9992.55,9967.8,9978.15,0
2025-02-24 14:15:00,9978.0,9998.45,9959.55,9966.25,0
2025-02-24 15:15:00,9966.3,9967.5,9953.8,9964.95,0
2025-02-25 09:15:00,9952.55,10008.85,9942.35,9963.15,0
2025-02-25 10:15:00,9963.15,9966.4,9914.95,9927.25,0
2025-02-25 11:15:00,9927.85,9929.8,9857.1,9886.0,0
2025-02-25 12:15:00,9885.5,9903.25,9878.5,9896.35,0
2025-02-25 13:15:00,9896.15,9904.8,9877.0,9884.75,0
2025-02-25 14:15:00,9884.95,9888.6,9847.5,9852.3,0
2025-02-25 15:15:00,9852.3,9855.6,9833.15,9839.7,0
2025-02-27 09:15:00,9880.35,9901.3,9775.1,9796.95,0
2025-02-27 10:15:00,9798.65,9818.8,9785.6,9795.95,0
2025-02-27 11:15:00,9795.9,9801.7,9735.75,9736.85,0
2025-02-27 12:15:00,9736.7,9766.25,9735.65,9761.0,0
2025-02-27 13:15:00,9760.65,9785.8,9759.1,9762.65,0
2025-02-27 14:15:00,9762.65,9815.4,9760.6,9808.65,0
2025-02-27 15:15:00,9808.65,9816.9,9802.95,9812.0,0
2025-02-28 09:15:00,9770.05,9774.55,9644.95,9717.75,0
2025-02-28 10:15:00,9716.85,9737.7,9694.4,9695.45,0
2025-02-28 11:15:00,9695.35,9708.8,9622.2,9628.05,0
2025-02-28 12:15:00,9628.6,9655.5,9583.65,9594.65,0
2025-02-28 13:15:00,9594.15,9632.75,9586.95,9595.0,0
2025-02-28 14:15:00,9594.95,9639.5,9586.6,9594.85,0
2025-02-28 15:15:00,9594.85,9606.2,9567.4,9605.95,0
2025-03-03 09:15:00,9618.15,9652.15,9353.3,9354.65,0
2025-03-03 10:15:00,9353.8,9470.15,9350.95,9402.1,0
2025-03-03 11:15:00,9401.45,9422.95,9376.35,9399.45,0
2025-03-03 12:15:00,9399.6,9521.2,9385.35,9520.7,0
2025-03-03 13:15:00,9520.7,9531.15,9466.1,9509.7,0
2025-03-03 14:15:00,9509.7,9533.9,9487.45,9516.9,0
2025-03-03 15:15:00,9517.05,9525.8,9504.7,9521.35,0
2025-03-04 09:15:00,9405.7,9530.8,9327.5,9490.05,0
2025-03-04 10:15:00,9490.05,9590.85,9490.05,9561.5,0
2025-03-04 11:15:00,9561.65,9564.9,9511.4,9519.25,0
2025-03-04 12:15:00,9519.05,9544.2,9498.85,9510.95,0
2025-03-04 13:15:00,9510.2,9598.5,9509.5,9590.05,0
2025-03-04 14:15:00,9590.65,9600.0,9568.4,9571.95,0
2025-03-04 15:15:00,9571.95,9577.55,9564.35,9576.3,0
2025-03-05 09:15:00,9579.25,9738.5,9570.5,9697.2,0
2025-03-05 10:15:00,9697.15,9799.1,9681.35,9775.2,0
2025-03-05 11:15:00,9774.9,9813.4,9766.25,9794.0,0
2025-03-05 12:15:00,9793.9,9823.35,9774.2,9787.3,0
2025-03-05 13:15:00,9786.35,9798.5,9755.4,9779.35,0
2025-03-05 14:15:00,9779.5,9800.3,9756.65,9796.1,0
2025-03-05 15:15:00,9796.1,9799.45,9784.15,9797.8,0
2025-03-06 09:15:00,9940.3,9999.2,9878.25,9906.7,0
2025-03-06 10:15:00,9906.85,9968.85,9896.65,9961.15,0
2025-03-06 11:15:00,9960.45,9967.05,9895.95,9940.55,0
2025-03-06 12:15:00,9940.75,10006.0,9938.9,9997.25,0
2025-03-06 13:15:00,9997.9,10037.95,9985.5,10025.4,0
2025-03-06 14:15:00,10026.2,10052.0,10013.35,10044.85,0
2025-03-06 15:15:00,10044.85,10058.9,10031.5,10037.55,0
2025-03-07 09:15:00,10063.45,10098.65,10007.9,10079.2,0
2025-03-07 10:15:00,10079.6,10159.7,10079.25,10155.3,0
2025-03-07 11:15:00,10153.8,10164.3,10075.1,10079.3,0
2025-03-07 12:15:00,10079.5,10125.55,10064.5,10088.15,0
2025-03-07 13:15:00,10088.45,10120.05,10070.0,10091.25,0
2025-03-07 14:15:00,10091.4,10127.8,10087.65,10103.9,0
2025-03-07 15:15:00,10103.8,10104.8,10079.75,10081.95,0
2025-03-10 09:15:00,10086.75,10167.2,10059.35,10112.45,0
2025-03-10 10:15:00,10111.9,10121.35,10045.7,10050.4,0
2025-03-10 11:15:00,10050.6,10071.3,10001.75,10004.55,0
2025-03-10 12:15:00,10004.5,10008.0,9974.95,9987.8,0
2025-03-10 13:15:00,9988.0,9988.35,9942.4,9950.05,0
2025-03-10 14:15:00,9950.25,9950.95,9896.4,9916.15,0
2025-03-10 15:15:00,9916.2,9917.25,9887.4,9900.4,0
2025-03-11 09:15:00,9868.6,9967.05,9816.7,9936.55,0
2025-03-11 10:15:00,9936.25,10007.85,9925.0,9970.05,0
2025-03-11 11:15:00,9970.55,9976.65,9941.6,9971.0,0
2025-03-11 12:15:00,9971.3,9973.7,9928.5,9932.9,0
2025-03-11 13:15:00,9932.5,10002.0,9923.7,9997.6,0
2025-03-11 14:15:00,9997.4,10038.15,9995.65,10028.25,0
2025-03-11 15:15:00,10028.25,10037.15,10021.1,10033.75,0
2025-03-12 09:15:00,10093.75,10160.1,10048.2,10051.9,0
2025-03-12 10:15:00,10052.15,10094.0,10024.25,10047.15,0
2025-03-12 11:15:00,10046.1,10055.5,9989.3,10007.55,0
2025-03-12 12:15:00,10007.7,10028.35,9981.2,10026.65,0
2025-03-12 13:15:00,10025.65,10057.35,10010.55,10032.45,0
2025-03-12 14:15:00,10032.1,10083.85,10031.05,10076.0,0
2025-03-12 15:15:00,10076.0,10076.3,10050.35,10053.9,0
2025-03-13 09:15:00,10110.65,10131.75,10050.25,10110.35,0
2025-03-13 10:15:00,10111.95,10135.7,10081.15,10106.0,0
2025-03-13 11:15:00,10106.55,10107.2,10041.9,10082.85,0
2025-03-13 12:15:00,10083.1,10093.8,10056.05,10058.6,0
2025-03-13 13:15:00,10058.55,10072.55,10043.7,10046.75,0
2025-03-13 14:15:00,10046.45,10049.05,10002.75,10022.8,0
2025-03-13 15:15:00,10023.0,10035.75,10010.45,10012.75,0
2025-03-17 09:15:00,10008.8,10094.9,10007.4,10033.6,0
2025-03-17 10:15:00,10034.5,10034.5,9985.15,9989.05,0
2025-03-17 11:15:00,9990.15,10020.8,9987.4,10001.05,0
2025-03-17 12:15:00,10001.05,10001.05,9952.15,9975.3,0
2025-03-17 13:15:00,9975.3,10039.15,9974.8,10035.75,0
2025-03-17 14:15:00,10036.2,10040.15,10003.05,10015.35,0
2025-03-17 15:15:00,10015.35,10028.9,10008.8,10022.75,0
2025-03-18 09:15:00,10062.55,10089.7,10007.75,10023.9,0
2025-03-18 10:15:00,10023.9,10060.85,10019.6,10048.35,0
2025-03-18 11:15:00,10047.7,10062.85,10033.75,10055.3,0
2025-03-18 12:15:00,10055.45,10057.2,10019.05,10048.45,0
2025-03-18 13:15:00,10049.2,10072.45,10047.85,10065.1,0
2025-03-18 14:15:00,10065.5,10088.1,10058.65,10087.75,0
2025-03-18 15:15:00,10087.75,10101.0,10082.35,10098.3,0
2025-03-19 09:15:00,10106.15,10180.25,10092.9,10164.7,0
2025-03-19 10:15:00,10165.3,10198.1,10160.2,10171.95,0
2025-03-19 11:15:00,10171.95,10181.95,10150.45,10167.05,0
2025-03-19 12:15:00,10167.2,10221.7,10166.2,10197.4,0
2025-03-19 13:15:00,10197.65,10210.5,10183.75,10190.95,0
2025-03-19 14:15:00,10190.95,10204.5,10186.75,10197.65,0
2025-03-19 15:15:00,10197.65,10198.65,10182.75,10195.6,0
2025-03-20 09:15:00,10249.7,10288.3,10217.9,10237.75,0
2025-03-20 10:15:00,10237.95,10317.2,10232.75,10314.4,0
2025-03-20 11:15:00,10314.45,10341.7,10292.9,10331.2,0
2025-03-20 12:15:00,10331.2,10353.05,10317.8,10350.75,0
2025-03-20 13:15:00,10350.8,10384.5,10338.85,10372.65,0
2025-03-20 14:15:00,10371.8,10375.05,10350.35,10354.85,0
2025-03-20 15:15:00,10354.85,10357.9,10343.25,10348.4,0
2025-03-21 09:15:00,10375.1,10455.6,10364.35,10436.7,0
2025-03-21 10:15:00,10436.25,10474.55,10432.0,10446.35,0
2025-03-21 11:15:00,10446.5,10493.4,10443.65,10466.6,0
2025-03-21 12:15:00,10465.0,10545.7,10463.3,10525.55,0
2025-03-21 13:15:00,10525.1,10588.4,10510.95,10580.1,0
2025-03-21 14:15:00,10580.25,10638.8,10539.2,10543.65,0
2025-03-21 15:15:00,10543.65,10549.8,10523.3,10545.4,0
2025-03-24 09:15:00,10676.9,10729.9,10626.2,10673.75,0
2025-03-24 10:15:00,10673.75,10716.3,10670.7,10711.05,0
2025-03-24 11:15:00,10711.1,10740.0,10691.8,10721.2,0
2025-03-24 12:15:00,10721.2,10727.2,10700.7,10722.3,0
2025-03-24 13:15:00,10722.2,10731.35,10701.3,10722.5,0
2025-03-24 14:15:00,10722.35,10728.45,10686.2,10698.45,0
2025-03-24 15:15:00,10698.75,10708.5,10694.2,10702.35,0
2025-03-25 09:15:00,10732.25,10739.55,10608.4,10616.7,0
2025-03-25 10:15:00,10616.85,10645.6,10555.7,10570.3,0
2025-03-25 11:15:00,10570.3,10593.0,10528.75,10572.75,0
2025-03-25 12:15:00,10571.45,10599.8,10548.3,10584.75,0
2025-03-25 13:15:00,10585.5,10649.75,10560.75,10631.95,0
2025-03-25 14:15:00,10632.35,10640.0,10549.9,10553.8,0
2025-03-25 15:15:00,10553.8,10561.55,10536.35,10541.35,0
2025-03-26 09:15:00,10571.7,10646.3,10540.5,10577.0,0
2025-03-26 10:15:00,10577.2,10593.15,10552.25,10559.25,0
2025-03-26 11:15:00,10559.35,10570.95,10485.55,10508.25,0
2025-03-26 12:15:00,10507.85,10519.45,10489.3,10495.75,0
2025-03-26 13:15:00,10495.05,10496.95,10463.05,10473.5,0
2025-03-26 14:15:00,10473.25,10475.55,10409.5,10416.4,0
2025-03-26 15:15:00,10416.4,10417.75,10394.95,10411.4,0
2025-03-27 09:15:00,10410.35,10485.2,10382.2,10465.85,0
2025-03-27 10:15:00,10466.25,10492.4,10456.65,10478.65,0
2025-03-27 11:15:00,10478.45,10498.55,10466.95,10479.15,0
2025-03-27 12:15:00,10478.5,10506.3,10461.05,10494.25,0
2025-03-27 13:15:00,10494.0,10512.4,10487.35,10505.35,0
2025-03-27 14:15:00,10506.35,10563.85,10471.95,10562.0,0
2025-03-27 15:15:00,10562.0,10597.95,10559.05,10574.6,0
2025-03-28 09:15:00,10582.05,10710.75,10580.5,10688.15,0
2025-03-28 10:15:00,10688.25,10727.6,10681.5,10702.25,0
2025-03-28 11:15:00,10702.5,10726.7,10692.9,10707.3,0
2025-03-28 12:15:00,10706.95,10708.35,10591.65,10615.9,0
2025-03-28 13:15:00,10616.1,10616.15,10538.8,10575.3,0
2025-03-28 14:15:00,10574.8,10626.15,10544.5,10559.9,0
2025-03-28 15:15:00,10559.9,10560.3,10530.25,10540.9,0
2025-04-01 09:15:00,10491.85,10646.1,10485.15,10602.8,0
2025-04-01 10:15:00,10602.35,10616.85,10517.4,10521.45,0
2025-04-01 11:15:00,10521.45,10565.45,10507.7,10564.25,0
2025-04-01 12:15:00,10563.95,10607.55,10563.0,10566.1,0
2025-04-01 13:15:00,10566.0,10578.7,10521.95,10557.4,0
2025-04-01 14:15:00,10557.4,10572.45,10536.65,10559.25,0
2025-04-01 15:15:00,10559.05,10569.25,10548.7,10568.45,0
2025-04-02 09:15:00,10541.35,10567.85,10449.7,10497.85,0
2025-04-02 10:15:00,10497.65,10571.0,10494.2,10546.9,0
2025-04-02 11:15:00,10546.75,10550.8,10519.7,10538.05,0
2025-04-02 12:15:00,10538.45,10583.4,10537.7,10564.0,0
2025-04-02 13:15:00,10564.35,10579.55,10537.7,10546.6,0
2025-04-02 14:15:00,10546.65,10593.35,10545.1,10586.1,0
2025-04-02 15:15:00,10585.6,10587.65,10570.55,10574.9,0
2025-04-03 09:15:00,10466.25,10589.8,10466.25,10522.25,0
2025-04-03 10:15:00,10522.2,10548.1,10501.7,10532.55,0
2025-04-03 11:15:00,10532.55,10538.65,10508.95,10516.6,0
2025-04-03 12:15:00,10518.5,10521.2,10495.7,10506.85,0
2025-04-03 13:15:00,10506.85,10531.95,10505.05,10523.45,0
2025-04-03 14:15:00,10523.4,10535.55,10508.15,10532.35,0
2025-04-03 15:15:00,10532.35,10545.05,10528.95,10533.55,0
2025-04-04 09:15:00,10529.35,10543.25,10190.8,10191.8,0
2025-04-04 10:15:00,10191.75,10221.05,10142.6,10195.75,0
2025-04-04 11:15:00,10196.05,10200.75,10112.6,10124.1,0
2025-04-04 12:15:00,10123.6,10138.8,10111.8,10112.85,0
2025-04-04 13:15:00,10112.2,10132.45,10064.95,10099.05,0
2025-04-04 14:15:00,10098.5,10146.0,10067.35,10125.6,0
2025-04-04 15:15:00,10125.6,10149.25,10121.55,10145.0,0
2025-04-07 09:15:00,9475.8,9754.8,9445.95,9655.85,0
2025-04-07 10:15:00,9655.65,9790.25,9624.9,9775.15,0
2025-04-07 11:15:00,9772.45,9792.85,9712.05,9716.5,0
2025-04-07 12:15:00,9716.5,9782.65,9692.1,9748.65,0
2025-04-07 13:15:00,9749.95,9862.85,9720.15,9805.35,0
2025-04-07 14:15:00,9806.05,9918.75,9781.8,9885.85,0
2025-04-07 15:15:00,9885.1,9887.05,9783.65,9880.9,0
2025-04-08 09:15:00,9990.55,10082.45,9871.8,9882.0,0
2025-04-08 10:15:00,9881.75,10015.5,9862.45,9986.9,0
2025-04-08 11:15:00,9986.9,10040.25,9943.15,10040.1,0
2025-04-08 12:15:00,10042.6,10094.45,10015.55,10076.45,0
2025-04-08 13:15:00,10077.1,10112.15,10018.2,10101.1,0
2025-04-08 14:15:00,10101.8,10124.5,10054.8,10067.7,0
2025-04-08 15:15:00,10067.7,10075.3,10056.7,10064.05,0
2025-04-09 09:15:00,10019.1,10034.15,9921.15,9961.7,0
2025-04-09 10:15:00,9962.35,10006.35,9957.95,10002.45,0
2025-04-09 11:15:00,10002.3,10068.75,9997.8,10049.9,0
2025-04-09 12:15:00,10050.05,10076.45,10037.7,10063.85,0
2025-04-09 13:15:00,10064.5,10066.0,10025.4,10028.85,0
2025-04-09 14:15:00,10028.8,10053.9,10020.0,10047.2,0
2025-04-09 15:15:00,10047.2,10052.6,10032.35,10050.55,0
2025-04-11 09:15:00,10214.8,10243.05,10140.05,10196.1,0
2025-04-11 10:15:00,10196.4,10228.0,10146.65,10218.4,0
2025-04-11 11:15:00,10218.65,10267.65,10203.6,10267.4,0
2025-04-11 12:15:00,10267.0,10280.25,10257.05,10272.85,0
2025-04-11 13:15:00,10272.95,10282.65,10218.65,10231.3,0
2025-04-11 14:15:00,10231.55,10278.3,10225.1,10263.8,0
2025-04-11 15:15:00,10263.8,10268.35,10253.6,10262.0,0
2025-04-15 09:15:00,10453.4,10453.55,10368.75,10395.55,0
2025-04-15 10:15:00,10395.5,10412.7,10382.65,10402.45,0
2025-04-15 11:15:00,10402.75,10421.25,10390.95,10413.25,0
2025-04-15 12:15:00,10412.7,10434.25,10410.25,10426.0,0
2025-04-15 13:15:00,10426.15,10432.9,10417.3,10420.6,0
2025-04-15 14:15:00,10421.35,10424.55,10404.4,10421.45,0
2025-04-15 15:15:00,10421.45,10436.55,10419.8,10428.55,0
2025-04-16 09:15:00,10388.15,10421.5,10371.45,10407.7,0
2025-04-16 10:15:00,10407.75,10435.3,10376.05,10434.95,0
2025-04-16 11:15:00,10434.95,10499.3,10432.8,10491.35,0
2025-04-16 12:15:00,10492.6,10515.7,10482.7,10506.95,0
2025-04-16 13:15:00,10507.6,10537.15,10463.9,10531.75,0
2025-04-16 14:15:00,10531.8,10577.6,10522.4,10559.25,0
2025-04-16 15:15:00,10559.25,10564.35,10549.7,10550.8,0
2025-04-17 09:15:00,10558.65,10586.9,10479.75,10489.15,0
2025-04-17 10:15:00,10488.95,10580.35,10484.6,10579.1,0
2025-04-17 11:15:00,10581.95,10661.15,10581.2,10651.25,0
2025-04-17 12:15:00,10650.15,10687.35,10646.45,10681.25,0
2025-04-17 13:15:00,10681.05,10707.75,10659.3,10687.85,0
2025-04-17 14:15:00,10687.85,10716.85,10678.1,10689.3,0
2025-04-17 15:15:00,10689.4,10697.65,10682.2,10685.6,0
2025-04-21 09:15:00,10722.65,10849.1,10692.85,10840.2,0
2025-04-21 10:15:00,10840.45,10921.6,10829.7,10921.35,0
2025-04-21 11:15:00,10921.1,10943.9,10916.3,10930.85,0
2025-04-21 12:15:00,10930.8,10947.8,10923.25,10941.05,0
2025-04-21 13:15:00,10940.9,10959.95,10920.3,10951.7,0
2025-04-21 14:15:00,10951.95,10968.15,10941.55,10949.6,0
2025-04-21 15:15:00,10949.6,10952.3,10933.75,10938.85,0
2025-04-22 09:15:00,10970.9,11011.8,10888.3,10952.1,0
2025-04-22 10:15:00,10953.15,10996.65,10949.95,10975.05,0
2025-04-22 11:15:00,10974.5,10995.3,10960.0,10982.2,0
2025-04-22 12:15:00,10981.95,10981.95,10955.9,10974.6,0
2025-04-22 13:15:00,10972.8,10988.55,10946.45,10971.85,0
2025-04-22 14:15:00,10970.45,10982.65,10938.7,10943.95,0
2025-04-22 15:15:00,10943.95,10947.1,10931.0,10939.45,0
2025-04-23 09:15:00,10980.25,10992.7,10883.15,10883.15,0
2025-04-23 10:15:00,10882.9,10906.45,10804.2,10848.65,0
2025-04-23 11:15:00,10847.8,10890.2,10846.75,10881.6,0
2025-04-23 12:15:00,10881.7,10929.95,10857.65,10916.5,0
2025-04-23 13:15:00,10917.55,10944.5,10907.95,10941.75,0
2025-04-23 14:15:00,10941.25,10967.25,10912.1,10959.35,0
2025-04-23 15:15:00,10958.65,10962.4,10940.0,10948.25,0
2025-04-24 09:15:00,10923.45,10976.2,10904.15,10941.0,0
2025-04-24 10:15:00,10941.1,10955.75,10922.0,10927.1,0
2025-04-24 11:15:00,10926.35,10948.9,10903.25,10930.25,0
2025-04-24 12:15:00,10930.05,10951.9,10929.5,10934.35,0
2025-04-24 13:15:00,10934.15,10934.65,10911.7,10922.45,0
2025-04-24 14:15:00,10922.7,10948.1,10912.65,10948.0,0
2025-04-24 15:15:00,10948.0,10960.3,10940.2,10954.45,0
2025-04-25 09:15:00,10948.35,11016.1,10743.35,10804.95,0
2025-04-25 10:15:00,10803.8,10807.7,10710.0,10757.85,0
2025-04-25 11:15:00,10758.95,10779.7,10700.1,10775.3,0
2025-04-25 12:15:00,10776.2,10837.05,10773.4,10816.7,0
2025-04-25 13:15:00,10816.55,10869.95,10779.5,10794.2,0
2025-04-25 14:15:00,10795.1,10824.6,10777.0,10782.05,0
2025-04-25 15:15:00,10781.65,10788.7,10768.85,10785.7,0
2025-04-28 09:15:00,10869.1,11050.3,10827.65,11035.65,0
2025-04-28 10:15:00,11034.85,11069.65,11004.25,11043.4,0
2025-04-28 11:15:00,11044.75,11112.75,11024.95,11101.1,0
2025-04-28 12:15:00,11101.65,11142.75,11101.15,11124.45,0
2025-04-28 13:15:00,11125.45,11157.4,11118.9,11136.95,0
2025-04-28 14:15:00,11136.95,11140.3,11091.65,11135.7,0
2025-04-28 15:15:00,11135.8,11139.4,11121.0,11126.9,0
2025-04-29 09:15:00,11160.4,11254.3,11153.6,11228.7,0
2025-04-29 10:15:00,11229.45,11233.2,11193.2,11228.2,0
2025-04-29 11:15:00,11228.55,11259.4,11214.4,11242.8,0
2025-04-29 12:15:00,11241.5,11251.2,11219.15,11226.9,0
2025-04-29 13:15:00,11227.45,11233.95,11198.25,11199.6,0
2025-04-29 14:15:00,11200.8,11200.8,11169.05,11179.4,0
2025-04-29 15:15:00,11179.4,11195.95,11172.55,11178.0,0
2025-04-30 09:15:00,11228.0,11296.4,11170.05,11246.1,0
2025-04-30 10:15:00,11245.85,11254.55,11199.9,11232.25,0
2025-04-30 11:15:00,11233.2,11269.3,11232.45,11266.95,0
2025-04-30 12:15:00,11267.25,11277.65,11239.3,11240.25,0
2025-04-30 13:15:00,11240.25,11240.45,11177.1,11183.9,0
2025-04-30 14:15:00,11184.1,11226.95,11162.1,11190.8,0
2025-04-30 15:15:00,11190.8,11194.1,11048.75,11118.8,0
2025-05-02 09:15:00,11196.4,11358.55,11176.25,11342.35,0
2025-05-02 10:15:00,11345.2,11347.6,11279.05,11286.3,0
2025-05-02 11:15:00,11286.2,11296.55,11227.05,11235.75,0
2025-05-02 12:15:00,11234.65,11253.25,11193.15,11232.3,0
2025-05-02 13:15:00,11231.6,11287.25,11231.1,11265.55,0
2025-05-02 14:15:00,11265.55,11274.4,11225.2,11263.95,0
2025-05-02 15:15:00,11263.95,11265.8,11247.65,11257.35,0
2025-05-05 09:15:00,11308.35,11442.75,11261.3,11404.7,0
2025-05-05 10:15:00,11404.65,11437.95,11395.45,11428.4,0
2025-05-05 11:15:00,11428.6,11458.45,11411.7,11453.35,0
2025-05-05 12:15:00,11452.65,11454.15,11412.65,11416.05,0
2025-05-05 13:15:00,11416.2,11459.95,11411.5,11434.95,0
2025-05-05 14:15:00,11436.0,11446.05,11424.7,11437.55,0
2025-05-05 15:15:00,11437.55,11473.4,11435.6,11458.75,0
2025-05-06 09:15:00,11479.85,11484.2,11322.4,11341.25,0
2025-05-06 10:15:00,11341.25,11342.65,11298.1,11300.5,0
2025-05-06 11:15:00,11300.1,11315.6,11249.3,11315.2,0
2025-05-06 12:15:00,11315.45,11317.7,11274.6,11291.9,0
2025-05-06 13:15:00,11290.6,11296.85,11263.4,11269.5,0
2025-05-06 14:15:00,11271.05,11273.05,11215.8,11250.9,0
2025-05-06 15:15:00,11250.35,11251.1,11235.7,11238.55,0
2025-05-07 09:15:00,11116.8,11301.85,11112.3,11214.85,0
2025-05-07 10:15:00,11213.9,11280.5,11200.5,11280.0,0
2025-05-07 11:15:00,11280.15,11331.05,11266.6,11302.0,0
2025-05-07 12:15:00,11301.65,11315.4,11267.3,11280.55,0
2025-05-07 13:15:00,11280.45,11302.55,11255.85,11292.55,0
2025-05-07 14:15:00,11293.4,11299.1,11259.4,11261.75,0
2025-05-07 15:15:00,11261.75,11271.75,11258.8,11267.5,0
2025-05-08 09:15:00,11258.15,11338.25,11243.25,11286.2,0
2025-05-08 10:15:00,11286.15,11292.0,11250.3,11266.15,0
2025-05-08 11:15:00,11266.05,11274.0,11239.6,11244.05,0
2025-05-08 12:15:00,11244.2,11253.95,11209.55,11214.35,0
2025-05-08 13:15:00,11213.9,11213.9,11159.65,11169.4,0
2025-05-08 14:15:00,11169.5,11198.85,11119.5,11119.5,0
2025-05-08 15:15:00,11120.5,11120.5,11028.5,11033.6,0
2025-05-09 09:15:00,10889.0,11034.8,10885.2,10996.7,0
2025-05-09 10:15:00,10997.9,11006.0,10946.5,10986.4,0
2025-05-09 11:15:00,10985.75,11026.4,10974.95,11011.55,0
2025-05-09 12:15:00,11011.55,11014.25,10974.9,10992.25,0
2025-05-09 13:15:00,10991.5,11005.6,10969.75,10996.15,0
2025-05-09 14:15:00,10995.85,11020.1,10979.4,11018.7,0
2025-05-09 15:15:00,11018.7,11033.85,11014.35,11027.7,0
2025-05-12 09:15:00,11251.4,11352.65,11247.65,11320.85,0
2025-05-12 10:15:00,11320.5,11352.25,11314.55,11319.5,0
2025-05-12 11:15:00,11319.75,11329.85,11292.4,11305.35,0
2025-05-12 12:15:00,11305.95,11341.65,11287.75,11305.3,0
2025-05-12 13:15:00,11305.4,11328.85,11303.55,11327.35,0
2025-05-12 14:15:00,11326.05,11363.8,11323.8,11360.2,0
2025-05-12 15:15:00,11360.3,11370.95,11356.95,11356.95,0
2025-05-13 09:15:00,11365.75,11420.4,11293.9,11356.8,0
2025-05-13 10:15:00,11356.45,11366.6,11301.75,11310.35,0
2025-05-13 11:15:00,11311.3,11363.75,11309.4,11338.5,0
2025-05-13 12:15:00,11337.45,11343.45,11258.4,11288.6,0
2025-05-13 13:15:00,11287.15,11289.75,11244.15,11258.7,0
2025-05-13 14:15:00,11257.8,11286.3,11237.45,11245.75,0
2025-05-13 15:15:00,11245.75,11265.0,11244.6,11258.5,0
2025-05-14 09:15:00,11300.85,11386.0,11299.45,11385.2,0
2025-05-14 10:15:00,11384.85,11396.0,11363.65,11373.0,0
2025-05-14 11:15:00,11373.35,11397.15,11344.1,11376.6,0
2025-05-14 12:15:00,11376.5,11382.0,11323.1,11369.5,0
2025-05-14 13:15:00,11369.5,11380.55,11344.7,11351.3,0
2025-05-14 14:15:00,11351.35,11401.45,11341.8,11401.2,0
2025-05-14 15:15:00,11401.35,11415.05,11394.75,11402.45,0
2025-05-15 09:15:00,11407.65,11432.5,11334.8,11372.8,0
2025-05-15 10:15:00,11373.0,11458.75,11362.75,11397.4,0
2025-05-15 11:15:00,11397.55,11426.6,11392.6,11408.15,0
2025-05-15 12:15:00,11408.4,11476.7,11395.2,11473.75,0
2025-05-15 13:15:00,11475.05,11533.55,11458.6,11523.75,0
2025-05-15 14:15:00,11524.55,11565.5,11520.15,11526.9,0
2025-05-15 15:15:00,11526.9,11535.2,11518.05,11523.2,0
2025-05-16 09:15:00,11530.8,11610.15,11509.8,11587.7,0
2025-05-16 10:15:00,11588.15,11606.1,11566.4,11573.5,0
2025-05-16 11:15:00,11573.4,11590.0,11568.1,11575.8,0
2025-05-16 12:15:00,11575.6,11609.2,11572.2,11603.8,0
2025-05-16 13:15:00,11603.7,11611.05,11587.3,11602.3,0
2025-05-16 14:15:00,11602.45,11614.75,11575.75,11595.55,0
2025-05-16 15:15:00,11595.55,11598.3,11581.3,11584.4,0
2025-05-19 09:15:00,11597.5,11634.1,11546.9,11607.65,0
2025-05-19 10:15:00,11607.35,11612.45,11580.2,11598.45,0
2025-05-19 11:15:00,11597.35,11611.45,11581.6,11582.8,0
2025-05-19 12:15:00,11582.6,11583.6,11564.5,11565.95,0
2025-05-19 13:15:00,11564.9,11579.4,11534.3,11545.55,0
2025-05-19 14:15:00,11545.55,11561.9,11534.4,11554.2,0
2025-05-19 15:15:00,11554.2,11564.45,11549.5,11555.75,0
2025-05-20 09:15:00,11564.25,11609.2,11516.75,11597.85,0
2025-05-20 10:15:00,11597.55,11630.15,11575.6,11607.25,0
2025-05-20 11:15:00,11607.25,11610.1,11554.55,11563.05,0
2025-05-20 12:15:00,11563.05,11569.3,11527.6,11528.35,0
2025-05-20 13:15:00,11527.55,11540.75,11492.95,11500.35,0
2025-05-20 14:15:00,11499.8,11502.5,11457.5,11468.45,0
2025-05-20 15:15:00,11468.7,11470.05,11450.4,11458.4,0
2025-05-21 09:15:00,11473.85,11494.5,11394.55,11493.05,0
2025-05-21 10:15:00,11493.1,11515.7,11468.15,11497.8,0
2025-05-21 11:15:00,11497.65,11514.25,11432.25,11432.5,0
2025-05-21 12:15:00,11434.0,11482.45,11415.8,11479.6,0
2025-05-21 13:15:00,11479.5,11504.5,11465.95,11492.95,0
2025-05-21 14:15:00,11493.2,11524.7,11484.4,11511.3,0
2025-05-21 15:15:00,11511.3,11521.45,11507.0,11514.45,0
2025-05-22 09:15:00,11471.75,11493.5,11389.0,11405.05,0
2025-05-22 10:15:00,11405.3,11427.4,11399.75,11406.45,0
2025-05-22 11:15:00,11406.6,11422.15,11388.7,11398.65,0
2025-05-22 12:15:00,11399.75,11416.15,11362.8,11376.4,0
2025-05-22 13:15:00,11376.35,11383.7,11314.75,11319.25,0
2025-05-22 14:15:00,11318.6,11383.4,11284.45,11382.3,0
2025-05-22 15:15:00,11382.3,11393.95,11379.55,11390.35,0
2025-05-23 09:15:00,11376.3,11481.8,11360.4,11443.85,0
2025-05-23 10:15:00,11444.15,11489.45,11409.6,11489.15,0
2025-05-23 11:15:00,11489.4,11494.65,11458.55,11482.0,0
2025-05-23 12:15:00,11482.15,11498.6,11467.2,11479.6,0
2025-05-23 13:15:00,11479.55,11493.1,11458.4,11470.5,0
2025-05-23 14:15:00,11470.5,11483.8,11457.7,11465.1,0
2025-05-23 15:15:00,11465.1,11473.05,11461.75,11465.1,0
2025-05-26 09:15:00,11501.95,11567.55,11486.6,11540.8,0
2025-05-26 10:15:00,11538.95,11551.65,11509.7,11539.9,0
2025-05-26 11:15:00,11539.9,11563.6,11526.0,11554.1,0
2025-05-26 12:15:00,11554.4,11557.85,11530.2,11546.05,0
2025-05-26 13:15:00,11546.0,11559.35,11537.45,11544.35,0
2025-05-26 14:15:00,11542.85,11544.25,11528.95,11529.95,0
2025-05-26 15:15:00,11529.95,11530.65,11519.7,11526.1,0
2025-05-27 09:15:00,11499.15,11517.25,11400.7,11423.0,0
2025-05-27 10:15:00,11421.6,11496.0,11412.65,11472.85,0
2025-05-27 11:15:00,11473.75,11534.7,11473.7,11515.35,0
2025-05-27 12:15:00,11515.55,11518.35,11468.0,11474.65,0
2025-05-27 13:15:00,11474.9,11482.75,11425.75,11430.6,0
2025-05-27 14:15:00,11430.7,11469.45,11410.05,11464.5,0
2025-05-27 15:15:00,11464.5,11471.25,11449.75,11464.35,0
2025-05-28 09:15:00,11464.65,11479.0,11411.15,11444.3,0
2025-05-28 10:15:00,11444.05,11496.15,11432.55,11481.25,0
2025-05-28 11:15:00,11481.05,11491.6,11453.7,11460.6,0
2025-05-28 12:15:00,11460.6,11479.9,11453.25,11462.9,0
2025-05-28 13:15:00,11463.0,11464.1,11443.15,11456.5,0
2025-05-28 14:15:00,11456.3,11473.9,11455.4,11456.8,0
2025-05-28 15:15:00,11456.8,11458.9,11448.3,11457.25,0
2025-05-29 09:15:00,11468.05,11492.95,11433.0,11460.55,0
2025-05-29 10:15:00,11462.0,11464.95,11422.3,11436.35,0
2025-05-29 11:15:00,11437.0,11466.05,11433.0,11450.6,0
2025-05-29 12:15:00,11451.1,11468.1,11438.3,11459.65,0
2025-05-29 13:15:00,11458.65,11460.55,11428.5,11435.0,0
2025-05-29 14:15:00,11434.0,11482.5,11433.3,11480.65,0
2025-05-29 15:15:00,11480.65,11502.5,11476.25,11496.05,0
2025-05-30 09:15:00,11475.95,11515.4,11436.95,11438.15,0
2025-05-30 10:15:00,11438.5,11439.35,11380.7,11419.75,0
2025-05-30 11:15:00,11419.75,11449.35,11404.2,11410.95,0
2025-05-30 12:15:00,11410.9,11417.95,11394.95,11409.6,0
2025-05-30 13:15:00,11409.6,11426.45,11399.35,11399.7,0
2025-05-30 14:15:00,11400.1,11432.15,11384.0,11385.1,0
2025-05-30 15:15:00,11385.3,11385.35,11360.55,11369.6,0
2025-06-02 09:15:00,11365.35,11379.5,11309.55,11349.55,0
2025-06-02 10:15:00,11349.6,11360.0,11324.15,11330.95,0
2025-06-02 11:15:00,11330.55,11344.45,11320.4,11332.95,0
2025-06-02 12:15:00,11333.6,11381.2,11330.05,11358.15,0
2025-06-02 13:15:00,11358.25,11378.3,11348.2,11354.45,0
2025-06-02 14:15:00,11354.3,11378.85,11331.6,11369.45,0
2025-06-02 15:15:00,11369.45,11372.0,11352.15,11356.75,0
2025-06-03 09:15:00,11402.95,11435.35,11357.7,11371.9,0
2025-06-03 10:15:00,11372.0,11403.95,11338.15,11339.4,0
2025-06-03 11:15:00,11340.15,11362.55,11324.75,11355.3,0
2025-06-03 12:15:00,11355.4,11364.5,11301.0,11314.4,0
2025-06-03 13:15:00,11314.1,11320.65,11288.9,11298.45,0
2025-06-03 14:15:00,11298.1,11317.75,11275.15,11277.0,0
2025-06-03 15:15:00,11277.0,11278.15,11262.05,11268.7,0
2025-06-04 09:15:00,11316.2,11327.5,11216.25,11253.5,0
2025-06-04 10:15:00,11253.0,11263.45,11243.95,11256.35,0
2025-06-04 11:15:00,11256.95,11294.15,11248.85,11293.45,0
2025-06-04 12:15:00,11293.25,11313.95,11286.0,11309.5,0
2025-06-04 13:15:00,11309.15,11344.85,11298.75,11334.7,0
2025-06-04 14:15:00,11334.65,11371.1,11324.65,11350.6,0
2025-06-04 15:15:00,11350.6,11352.05,11336.85,11340.5,0
2025-06-05 09:15:00,11377.6,11449.25,11358.7,11432.25,0
2025-06-05 10:15:00,11432.25,11450.9,11407.25,11414.55,0
2025-06-05 11:15:00,11412.95,11467.65,11407.1,11465.5,0
2025-06-05 12:15:00,11466.95,11478.95,11418.8,11420.9,0
2025-06-05 13:15:00,11420.15,11426.5,11353.45,11366.65,0
2025-06-05 14:15:00,11368.3,11390.05,11360.25,11382.95,0
2025-06-05 15:15:00,11382.95,11399.2,11378.65,11389.0,0
2025-06-06 09:15:00,11380.7,11445.9,11377.65,11423.2,0
2025-06-06 10:15:00,11422.85,11441.05,11415.45,11436.9,0
2025-06-06 11:15:00,11436.9,11450.45,11424.55,11432.65,0
2025-06-06 12:15:00,11432.1,11454.05,11416.7,11446.65,0
2025-06-06 13:15:00,11447.4,11455.95,11428.05,11438.1,0
2025-06-06 14:15:00,11438.55,11453.5,11432.4,11445.55,0
2025-06-06 15:15:00,11445.55,11451.45,11440.0,11445.35,0
2025-06-09 09:15:00,11515.45,11538.85,11474.35,11504.65,0
2025-06-09 10:15:00,11504.8,11550.8,11501.3,11541.3,0
2025-06-09 11:15:00,11541.4,11575.25,11539.25,11566.5,0
2025-06-09 12:15:00,11566.85,11574.65,11555.1,11560.4,0
2025-06-09 13:15:00,11560.7,11566.3,11545.25,11551.1,0
2025-06-09 14:15:00,11550.65,11567.8,11547.85,11564.95,0
2025-06-09 15:15:00,11564.95,11570.4,11558.85,11561.55,0
2025-06-10 09:15:00,11601.25,11617.3,11559.15,11593.75,0
2025-06-10 10:15:00,11593.75,11603.15,11561.3,11570.6,0
2025-06-10 11:15:00,11570.8,11587.5,11558.2,11565.95,0
2025-06-10 12:15:00,11566.3,11593.7,11551.95,11566.85,0
2025-06-10 13:15:00,11566.65,11580.7,11561.55,11565.2,0
2025-06-10 14:15:00,11564.35,11578.4,11545.3,11558.85,0
2025-06-10 15:15:00,11558.85,11561.3,11549.05,11556.35,0
2025-06-11 09:15:00,11596.65,11790.25,11588.7,11739.3,0
2025-06-11 10:15:00,11739.9,11762.6,11719.1,11747.25,0
2025-06-11 11:15:00,11747.25,11799.75,11746.2,11792.9,0
2025-06-11 12:15:00,11794.5,11798.7,11777.8,11781.5,0
2025-06-11 13:15:00,11780.45,11786.0,11698.2,11719.4,0
2025-06-11 14:15:00,11719.05,11741.2,11713.2,11726.65,0
2025-06-11 15:15:00,11727.15,11733.05,11719.5,11728.75,0
2025-06-12 09:15:00,11768.25,11778.5,11632.4,11649.15,0
2025-06-12 10:15:00,11646.85,11675.05,11616.7,11623.2,0
2025-06-12 11:15:00,11623.3,11645.45,11598.65,11608.7,0
2025-06-12 12:15:00,11608.55,11632.7,11595.85,11624.95,0
2025-06-12 13:15:00,11625.55,11630.85,11503.65,11518.5,0
2025-06-12 14:15:00,11517.95,11552.25,11515.7,11540.3,0
2025-06-12 15:15:00,11539.95,11540.05,11507.3,11513.6,0
2025-06-13 09:15:00,11385.4,11401.45,11318.1,11380.0,0
2025-06-13 10:15:00,11379.6,11420.05,11370.0,11400.5,0
2025-06-13 11:15:00,11399.8,11498.75,11398.5,11478.65,0
2025-06-13 12:15:00,11478.55,11487.85,11428.4,11437.6,0
2025-06-13 13:15:00,11437.85,11455.25,11424.85,11428.5,0
2025-06-13 14:15:00,11428.35,11451.75,11405.5,11448.5,0
2025-06-13 15:15:00,11448.5,11451.65,11439.3,11449.45,0
2025-06-16 09:15:00,11456.1,11506.85,11405.0,11447.1,0
2025-06-16 10:15:00,11446.95,11526.55,11444.95,11506.7,0
2025-06-16 11:15:00,11508.05,11518.95,11478.9,11493.75,0
2025-06-16 12:15:00,11494.4,11523.6,11486.4,11516.45,0
2025-06-16 13:15:00,11516.5,11569.25,11508.25,11563.25,0
2025-06-16 14:15:00,11563.2,11578.15,11548.0,11576.5,0
2025-06-16 15:15:00,11576.5,11581.95,11551.4,11554.8,0
2025-06-17 09:15:00,11592.1,11596.45,11524.15,11536.7,0
2025-06-17 10:15:00,11536.05,11557.95,11520.1,11534.25,0
2025-06-17 11:15:00,11534.4,11563.6,11506.05,11511.9,0
2025-06-17 12:15:00,11511.9,11530.25,11477.6,11507.55,0
2025-06-17 13:15:00,11507.5,11518.3,11488.45,11489.75,0
2025-06-17 14:15:00,11489.8,11505.4,11481.65,11491.5,0
2025-06-17 15:15:00,11491.5,11503.45,11467.35,11470.85,0
2025-06-18 09:15:00,11475.15,11529.5,11463.85,11498.25,0
2025-06-18 10:15:00,11498.15,11501.95,11445.5,11464.75,0
2025-06-18 11:15:00,11464.75,11465.85,11422.95,11442.4,0
2025-06-18 12:15:00,11442.35,11443.0,11387.45,11412.05,0
2025-06-18 13:15:00,11412.25,11437.65,11407.0,11418.5,0
2025-06-18 14:15:00,11418.3,11446.5,11405.55,11435.6,0
2025-06-18 15:15:00,11435.65,11435.65,11421.95,11427.15,0
2025-06-19 09:15:00,11439.1,11452.4,11359.6,11376.3,0
2025-06-19 10:15:00,11376.15,11387.7,11347.0,11384.45,0
2025-06-19 11:15:00,11384.6,11396.15,11371.45,11394.6,0
2025-06-19 12:15:00,11395.2,11397.45,11343.95,11351.85,0
2025-06-19 13:15:00,11351.85,11389.5,11325.95,11389.5,0
2025-06-19 14:15:00,11389.6,11413.1,11357.45,11368.15,0
2025-06-19 15:15:00,11368.15,11372.95,11326.2,11328.1,0
2025-06-20 09:15:00,11347.3,11414.55,11322.65,11402.05,0
2025-06-20 10:15:00,11401.25,11463.85,11401.25,11460.85,0
2025-06-20 11:15:00,11460.9,11475.1,11435.4,11439.65,0
2025-06-20 12:15:00,11441.0,11441.5,11381.9,11413.05,0
2025-06-20 13:15:00,11412.65,11430.05,11403.55,11407.3,0
2025-06-20 14:15:00,11406.75,11473.7,11405.3,11462.1,0
2025-06-20 15:15:00,11462.1,11477.2,11434.1,11445.05,0
2025-06-23 09:15:00,11395.35,11438.6,11361.35,11377.45,0
2025-06-23 10:15:00,11377.65,11399.9,11344.0,11395.8,0
2025-06-23 11:15:00,11395.9,11420.2,11383.1,11411.4,0
2025-06-23 12:15:00,11411.05,11447.05,11406.05,11444.55,0
2025-06-23 13:15:00,11443.55,11496.6,11442.35,11476.45,0
2025-06-23 14:15:00,11476.25,11491.0,11458.6,11474.35,0
2025-06-23 15:15:00,11474.35,11477.45,11464.1,11465.45,0
2025-06-24 09:15:00,11595.15,11618.85,11556.95,11573.45,0
2025-06-24 10:15:00,11573.45,11581.05,11518.9,11533.85,0
2025-06-24 11:15:00,11534.35,11564.7,11533.95,11539.5,0
2025-06-24 12:15:00,11539.65,11540.8,11485.7,11496.85,0
2025-06-24 13:15:00,11497.3,11502.95,11429.7,11442.2,0
2025-06-24 14:15:00,11442.5,11465.05,11424.2,11462.55,0
2025-06-24 15:15:00,11462.55,11471.15,11451.25,11471.15,0
2025-06-25 09:15:00,11534.0,11552.35,11501.7,11520.8,0
2025-06-25 10:15:00,11520.6,11538.05,11512.2,11522.9,0
2025-06-25 11:15:00,11523.0,11534.3,11504.15,11505.3,0
2025-06-25 12:15:00,11505.45,11522.05,11488.5,11502.25,0
2025-06-25 13:15:00,11502.5,11502.5,11474.4,11489.65,0
2025-06-25 14:15:00,11489.6,11496.15,11467.2,11482.0,0
2025-06-25 15:15:00,11482.0,11487.1,11478.3,11479.85,0
2025-06-26 09:15:00,11497.55,11585.15,11495.85,11574.05,0
2025-06-26 10:15:00,11574.05,11625.0,11573.95,11612.1,0
2025-06-26 11:15:00,11612.05,11612.6,11569.05,11581.95,0
2025-06-26 12:15:00,11581.9,11611.2,11572.4,11599.35,0
2025-06-26 13:15:00,11599.4,11653.65,11598.2,11645.35,0
2025-06-26 14:15:00,11646.6,11703.75,11632.4,11694.6,0
2025-06-26 15:15:00,11694.6,11713.45,11693.5,11702.75,0
2025-06-27 09:15:00,11722.25,11783.55,11715.35,11774.05,0
2025-06-27 10:15:00,11773.15,11839.05,11768.1,11827.65,0
2025-06-27 11:15:00,11826.85,11873.45,11823.95,11869.6,0
2025-06-27 12:15:00,11868.5,11884.3,11842.9,11849.45,0
2025-06-27 13:15:00,11849.45,11859.4,11833.55,11853.0,0
2025-06-27 14:15:00,11853.0,11861.25,11826.85,11835.25,0
2025-06-27 15:15:00,11835.25,11849.4,11823.8,11843.25,0
2025-06-30 09:15:00,11862.15,11916.6,11831.6,11873.3,0
2025-06-30 10:15:00,11873.45,11882.6,11837.9,11846.95,0
2025-06-30 11:15:00,11846.5,11850.1,11820.45,11832.35,0
2025-06-30 12:15:00,11833.05,11837.55,11784.75,11790.0,0
2025-06-30 13:15:00,11790.05,11798.1,11765.1,11778.6,0
2025-06-30 14:15:00,11777.1,11809.1,11768.6,11803.45,0
2025-06-30 15:15:00,11803.45,11804.35,11785.9,11794.8,0
2025-07-01 09:15:00,11816.35,11875.2,11792.2,11832.0,0
2025-07-01 10:15:00,11830.8,11854.35,11808.15,11833.5,0
2025-07-01 11:15:00,11833.55,11839.7,11802.7,11821.25,0
2025-07-01 12:15:00,11820.7,11864.35,11816.75,11850.7,0
2025-07-01 13:15:00,11850.9,11869.5,11838.4,11868.95,0
2025-07-01 14:15:00,11869.05,11870.15,11832.8,11856.05,0
2025-07-01 15:15:00,11856.05,11864.85,11852.2,11853.5,0
2025-07-02 09:15:00,11882.45,11900.35,11821.6,11830.2,0
2025-07-02 10:15:00,11830.6,11854.75,11817.1,11843.05,0
2025-07-02 11:15:00,11843.55,11867.05,11827.55,11848.8,0
2025-07-02 12:15:00,11848.7,11850.55,11805.3,11808.95,0
2025-07-02 13:15:00,11808.9,11811.3,11762.2,11808.6,0
2025-07-02 14:15:00,11810.25,11847.55,11789.85,11838.3,0
2025-07-02 15:15:00,11838.3,11844.1,11830.1,11835.0,0
2025-07-03 09:15:00,11866.15,11925.75,11840.3,11918.25,0
2025-07-03 10:15:00,11918.6,11948.9,11915.2,11945.8,0
2025-07-03 11:15:00,11945.45,11949.15,11900.75,11914.45,0
2025-07-03 12:15:00,11914.15,11914.65,11894.85,11903.35,0
2025-07-03 13:15:00,11903.3,11930.45,11895.0,11907.55,0
2025-07-03 14:15:00,11907.6,11909.85,11857.5,11874.45,0
2025-07-03 15:15:00,11874.45,11890.85,11861.1,11865.75,0
2025-07-04 09:15:00,11923.45,11925.55,11870.75,11905.95,0
2025-07-04 10:15:00,11906.35,11935.65,11900.15,11924.45,0
2025-07-04 11:15:00,11924.45,11967.1,11908.3,11944.75,0
2025-07-04 12:15:00,11944.45,11953.5,11922.5,11933.9,0
2025-07-04 13:15:00,11933.9,11937.8,11914.4,11930.0,0
2025-07-04 14:15:00,11930.05,12005.85,11922.5,12004.5,0
2025-07-04 15:15:00,12004.5,12016.05,11997.9,12002.0,0
2025-07-07 09:15:00,12020.45,12079.55,12013.5,12031.2,0
2025-07-07 10:15:00,12031.2,12084.8,12029.7,12067.45,0
2025-07-07 11:15:00,12067.7,12073.95,12036.3,12040.8,0
2025-07-07 12:15:00,12040.85,12053.3,12013.85,12039.1,0
2025-07-07 13:15:00,12039.05,12044.6,12026.35,12036.8,0
2025-07-07 14:15:00,12036.55,12056.75,12023.85,12056.2,0
2025-07-07 15:15:00,12056.2,12057.0,12043.25,12049.15,0
2025-07-08 09:15:00,12051.55,12099.55,12035.8,12061.65,0
2025-07-08 10:15:00,12061.85,12073.65,12038.85,12051.25,0
2025-07-08 11:15:00,12050.7,12060.7,12041.2,12041.7,0
2025-07-08 12:15:00,12041.5,12064.5,12034.3,12054.95,0
2025-07-08 13:15:00,12054.85,12062.75,12043.6,12050.15,0
2025-07-08 14:15:00,12050.15,12073.95,12031.0,12070.35,0
2025-07-08 15:15:00,12070.2,12085.0,12061.45,12069.7,0
2025-07-09 09:15:00,12068.0,12083.8,12009.5,12037.7,0
2025-07-09 10:15:00,12037.15,12047.05,12025.0,12045.1,0
2025-07-09 11:15:00,12045.85,12051.85,12024.0,12037.65,0
2025-07-09 12:15:00,12037.6,12044.45,12009.35,12017.8,0
2025-07-09 13:15:00,12018.05,12031.15,12012.6,12023.05,0
2025-07-09 14:15:00,12023.5,12027.8,11891.4,11913.45,0
2025-07-09 15:15:00,11913.45,11923.2,11902.1,11922.35,0
2025-07-10 09:15:00,11949.25,11963.1,11905.75,11909.55,0
2025-07-10 10:15:00,11909.3,11913.55,11864.65,11878.0,0
2025-07-10 11:15:00,11878.05,11885.85,11866.4,11873.8,0
2025-07-10 12:15:00,11873.1,11916.8,11871.3,11894.25,0
2025-07-10 13:15:00,11894.55,11915.7,11877.5,11895.45,0
2025-07-10 14:15:00,11895.25,11922.15,11889.0,11916.6,0
2025-07-10 15:15:00,11916.6,11921.35,11895.15,11898.25,0
2025-07-11 09:15:00,11920.35,11922.05,11790.1,11792.45,0
2025-07-11 10:15:00,11792.35,11792.8,11736.7,11765.55,0
2025-07-11 11:15:00,11766.05,11787.35,11749.75,11778.35,0
2025-07-11 12:15:00,11778.45,11799.5,11763.95,11777.95,0
2025-07-11 13:15:00,11777.4,11787.3,11757.6,11766.5,0
2025-07-11 14:15:00,11766.65,11777.25,11749.85,11768.9,0
2025-07-11 15:15:00,11768.3,11769.1,11743.95,11753.2,0
2025-07-14 09:15:00,11771.95,11795.75,11715.65,11785.35,0
2025-07-14 10:15:00,11785.05,11810.65,11777.25,11783.9,0
2025-07-14 11:15:00,11783.45,11783.6,11744.75,11778.75,0
2025-07-14 12:15:00,11779.0,11785.25,11737.15,11748.25,0
2025-07-14 13:15:00,11748.0,11770.75,11731.6,11750.05,0
2025-07-14 14:15:00,11749.8,11775.5,11745.1,11755.3,0
2025-07-14 15:15:00,11755.3,11765.7,11749.6,11756.4,0
2025-07-15 09:15:00,11781.05,11855.6,11775.55,11802.65,0
2025-07-15 10:15:00,11802.65,11835.1,11778.3,11827.5,0
2025-07-15 11:15:00,11827.5,11832.6,11810.7,11814.95,0
2025-07-15 12:15:00,11814.85,11817.6,11796.1,11800.05,0
2025-07-15 13:15:00,11800.05,11804.45,11781.35,11787.55,0
2025-07-15 14:15:00,11787.35,11819.1,11784.3,11818.2,0
2025-07-15 15:15:00,11818.2,11827.65,11816.15,11826.85,0
2025-07-16 09:15:00,11789.0,11821.9,11773.3,11804.55,0
2025-07-16 10:15:00,11804.75,11816.35,11792.85,11809.55,0
2025-07-16 11:15:00,11809.85,11826.95,11790.9,11822.5,0
2025-07-16 12:15:00,11822.5,11827.6,11804.35,11808.0,0
2025-07-16 13:15:00,11807.5,11827.25,11798.9,11824.55,0
2025-07-16 14:15:00,11824.55,11855.9,11824.2,11838.95,0
2025-07-16 15:15:00,11838.95,11846.6,11837.4,11844.0,0
2025-07-17 09:15:00,11857.85,11868.95,11808.25,11817.75,0
2025-07-17 10:15:00,11817.8,11845.5,11808.45,11837.5,0
2025-07-17 11:15:00,11837.65,11854.35,11828.35,11843.7,0
2025-07-17 12:15:00,11843.65,11850.0,11825.35,11834.4,0
2025-07-17 13:15:00,11834.4,11842.9,11823.3,11825.7,0
2025-07-17 14:15:00,11826.1,11830.8,11794.8,11824.2,0
2025-07-17 15:15:00,11823.25,11824.75,11813.35,11818.7,0
2025-07-18 09:15:00,11843.0,11867.4,11799.1,11803.7,0
2025-07-18 10:15:00,11803.15,11804.45,11749.6,11775.9,0
2025-07-18 11:15:00,11775.3,11789.8,11748.6,11756.7,0
2025-07-18 12:15:00,11756.7,11788.1,11727.8,11786.4,0
2025-07-18 13:15:00,11786.15,11794.9,11771.15,11782.55,0
2025-07-18 14:15:00,11782.3,11795.1,11767.7,11779.95,0
2025-07-18 15:15:00,11779.95,11786.1,11761.6,11766.8,0
2025-07-21 09:15:00,11737.75,11773.95,11630.15,11668.8,0
2025-07-21 10:15:00,11668.5,11697.55,11663.25,11684.15,0
2025-07-21 11:15:00,11683.85,11686.85,11652.75,11658.1,0
2025-07-21 12:15:00,11658.1,11676.65,11636.9,11642.75,0
2025-07-21 13:15:00,11643.0,11643.1,11616.85,11630.3,0
2025-07-21 14:15:00,11629.75,11644.5,11624.3,11643.1,0
2025-07-21 15:15:00,11643.1,11654.55,11639.8,11645.95,0
2025-07-22 09:15:00,11647.8,11675.5,11610.6,11630.05,0
2025-07-22 10:15:00,11629.95,11632.7,11590.55,11594.65,0
2025-07-22 11:15:00,11594.75,11612.35,11587.3,11598.75,0
2025-07-22 12:15:00,11598.95,11625.4,11594.0,11609.9,0
2025-07-22 13:15:00,11609.7,11635.85,11603.95,11619.25,0
2025-07-22 14:15:00,11618.3,11619.75,11585.5,11600.0,0
2025-07-22 15:15:00,11599.75,11602.9,11593.2,11595.7,0
2025-07-23 09:15:00,11640.8,11647.6,11602.95,11619.15,0
2025-07-23 10:15:00,11618.9,11624.2,11597.5,11611.8,0
2025-07-23 11:15:00,11611.85,11629.35,11603.75,11621.9,0
2025-07-23 12:15:00,11622.0,11633.6,11614.15,11617.25,0
2025-07-23 13:15:00,11617.6,11641.0,11614.8,11639.85,0
2025-07-23 14:15:00,11640.4,11679.65,11628.65,11676.65,0
2025-07-23 15:15:00,11676.65,11682.8,11673.95,11680.4,0
2025-07-24 09:15:00,11661.3,11685.4,11622.95,11628.25,0
2025-07-24 10:15:00,11628.65,11647.5,11624.15,11628.5,0
2025-07-24 11:15:00,11628.95,11628.95,11554.7,11574.95,0
2025-07-24 12:15:00,11574.65,11590.4,11560.65,11576.6,0
2025-07-24 13:15:00,11576.65,11603.5,11565.2,11598.95,0
2025-07-24 14:15:00,11598.9,11605.6,11565.6,11583.65,0
2025-07-24 15:15:00,11583.65,11589.2,11580.2,11585.15,0
2025-07-25 09:15:00,11551.85,11567.25,11453.1,11453.1,0
2025-07-25 10:15:00,11452.9,11453.4,11414.6,11434.6,0
2025-07-25 11:15:00,11435.05,11463.55,11430.9,11447.0,0
2025-07-25 12:15:00,11447.0,11461.05,11425.85,11439.15,0
2025-07-25 13:15:00,11439.15,11440.45,11392.5,11393.35,0
2025-07-25 14:15:00,11393.6,11412.55,11348.4,11370.9,0
2025-07-25 15:15:00,11370.9,11371.1,11349.0,11362.75,0
2025-07-28 09:15:00,11354.3,11449.4,11328.5,11436.05,0
2025-07-28 10:15:00,11436.15,11479.85,11420.25,11429.1,0
2025-07-28 11:15:00,11429.1,11437.8,11388.15,11394.05,0
2025-07-28 12:15:00,11393.1,11402.25,11325.3,11329.05,0
2025-07-28 13:15:00,11329.55,11338.1,11307.45,11329.6,0
2025-07-28 14:15:00,11330.9,11371.85,11324.05,11324.2,0
2025-07-28 15:15:00,11324.2,11324.6,11308.8,11316.7,0
2025-07-29 09:15:00,11308.2,11413.2,11307.9,11349.0,0
2025-07-29 10:15:00,11348.05,11351.2,11318.6,11337.15,0
2025-07-29 11:15:00,11337.15,11374.5,11335.55,11358.05,0
2025-07-29 12:15:00,11358.1,11372.3,11347.45,11369.3,0
2025-07-29 13:15:00,11368.55,11417.85,11366.1,11391.2,0
2025-07-29 14:15:00,11391.2,11452.95,11390.2,11445.05,0
2025-07-29 15:15:00,11445.05,11456.3,11439.45,11450.15,0
2025-07-30 09:15:00,11454.15,11475.25,11355.25,11367.0,0
2025-07-30 10:15:00,11366.6,11424.3,11348.65,11417.45,0
2025-07-30 11:15:00,11417.7,11501.35,11417.7,11453.25,0
2025-07-30 12:15:00,11452.95,11498.6,11451.55,11469.35,0
2025-07-30 13:15:00,11468.5,11476.6,11448.7,11456.8,0
2025-07-30 14:15:00,11456.8,11458.6,11423.65,11432.45,0
2025-07-30 15:15:00,11432.45,11437.45,11425.2,11428.35,0
2025-07-31 09:15:00,11279.3,11289.55,11230.65,11232.55,0
2025-07-31 10:15:00,11232.9,11311.95,11229.85,11300.5,0
2025-07-31 11:15:00,11300.5,11319.15,11276.85,11306.05,0
2025-07-31 12:15:00,11305.65,11332.55,11300.45,11321.55,0
2025-07-31 13:15:00,11321.3,11338.55,11316.35,11318.8,0
2025-07-31 14:15:00,11318.9,11320.15,11255.1,11261.8,0
2025-07-31 15:15:00,11261.8,11261.85,11237.95,11247.55,0
2025-08-01 09:15:00,11256.35,11266.15,11149.35,11198.95,0
2025-08-01 10:15:00,11199.15,11205.3,11160.2,11168.75,0
2025-08-01 11:15:00,11169.9,11175.5,11120.9,11136.2,0
2025-08-01 12:15:00,11136.65,11152.75,11118.7,11143.7,0
2025-08-01 13:15:00,11143.8,11165.35,11136.65,11155.4,0
2025-08-01 14:15:00,11155.65,11156.8,11078.4,11083.9,0
2025-08-01 15:15:00,11083.9,11101.9,11072.05,11086.1,0
2025-08-04 09:15:00,11120.2,11150.25,11053.55,11113.5,0
2025-08-04 10:15:00,11114.2,11131.65,11095.1,11110.45,0
2025-08-04 11:15:00,11111.1,11133.85,11097.85,11133.85,0
2025-08-04 12:15:00,11133.4,11154.2,11125.5,11138.75,0
2025-08-04 13:15:00,11138.6,11160.2,11117.8,11155.95,0
2025-08-04 14:15:00,11156.85,11162.0,11134.6,11146.95,0
2025-08-04 15:15:00,11147.15,11163.15,11146.1,11157.05,0
2025-08-05 09:15:00,11152.5,11155.2,11001.25,11019.9,0
2025-08-05 10:15:00,11019.5,11064.65,11009.4,11061.75,0
2025-08-05 11:15:00,11061.5,11068.35,11048.5,11065.05,0
2025-08-05 12:15:00,11065.3,11077.25,11032.7,11040.9,0
2025-08-05 13:15:00,11040.85,11042.5,11015.5,11024.15,0
2025-08-05 14:15:00,11024.7,11057.1,11015.35,11050.75,0
2025-08-05 15:15:00,11050.95,11055.4,11031.1,11032.55,0
2025-08-06 09:15:00,11062.5,11085.0,11013.1,11025.65,0
2025-08-06 10:15:00,11025.65,11059.25,11019.4,11036.75,0
2025-08-06 11:15:00,11036.55,11042.4,11009.35,11011.75,0
2025-08-06 12:15:00,11011.75,11031.9,11000.7,11025.45,0
2025-08-06 13:15:00,11025.45,11033.45,11005.8,11013.8,0
2025-08-06 14:15:00,11014.65,11037.05,10996.8,11020.2,0
2025-08-06 15:15:00,11020.2,11022.75,11010.4,11021.4,0
2025-08-07 09:15:00,10969.3,10984.0,10943.75,10948.25,0
2025-08-07 10:15:00,10948.2,10957.45,10911.8,10919.45,0
2025-08-07 11:15:00,10920.7,10937.4,10910.4,10924.9,0
2025-08-07 12:15:00,10924.2,10929.4,10860.1,10864.9,0
2025-08-07 13:15:00,10864.3,10912.15,10837.1,10902.45,0
2025-08-07 14:15:00,10901.9,11005.1,10901.9,10994.55,0
2025-08-07 15:15:00,10994.55,11021.8,10992.4,11013.8,0
2025-08-08 09:15:00,11003.05,11090.85,10977.6,11038.9,0
2025-08-08 10:15:00,11039.1,11050.55,10993.95,11029.3,0
2025-08-08 11:15:00,11029.45,11062.8,11024.7,11033.7,0
2025-08-08 12:15:00,11034.15,11074.6,11016.6,11034.95,0
2025-08-08 13:15:00,11035.1,11052.5,10999.55,11011.55,0
2025-08-08 14:15:00,11011.2,11031.85,10977.1,10980.15,0
2025-08-08 15:15:00,10980.15,10988.15,10972.3,10981.85,0
2025-08-11 09:15:00,11023.3,11054.85,10964.5,10979.5,0
2025-08-11 10:15:00,10979.55,11001.3,10961.15,10969.9,0
2025-08-11 11:15:00,10969.35,11003.05,10929.8,10998.15,0
2025-08-11 12:15:00,10998.2,11004.1,10975.8,11003.35,0
2025-08-11 13:15:00,11004.1,11026.55,10991.55,11021.85,0
2025-08-11 14:15:00,11021.5,11073.4,11017.4,11062.35,0
2025-08-11 15:15:00,11062.35,11063.85,11043.55,11050.55,0
2025-08-12 09:15:00,11059.55,11158.35,11044.25,11140.7,0
2025-08-12 10:15:00,11140.45,11152.1,11108.85,11110.3,0
2025-08-12 11:15:00,11111.4,11148.95,11109.55,11124.45,0
2025-08-12 12:15:00,11124.65,11154.3,11122.25,11141.4,0
2025-08-12 13:15:00,11141.45,11141.45,11102.6,11105.7,0
2025-08-12 14:15:00,11105.95,11114.25,11082.2,11108.4,0
2025-08-12 15:15:00,11108.4,11111.25,11099.25,11106.65,0
2025-08-13 09:15:00,11150.9,11162.2,11113.15,11129.15,0
2025-08-13 10:15:00,11129.0,11143.35,11101.8,11116.65,0
2025-08-13 11:15:00,11117.6,11125.55,11063.3,11083.3,0
2025-08-13 12:15:00,11083.15,11123.8,11080.9,11114.1,0
2025-08-13 13:15:00,11115.15,11133.5,11107.05,11120.5,0
2025-08-13 14:15:00,11120.35,11124.9,11094.55,11095.15,0
2025-08-13 15:15:00,11095.15,11112.45,11089.65,11112.45,0
2025-08-14 09:15:00,11109.55,11134.55,11017.75,11029.95,0
2025-08-14 10:15:00,11029.75,11048.55,11011.9,11020.35,0
2025-08-14 11:15:00,11021.1,11037.25,11015.15,11025.65,0
2025-08-14 12:15:00,11025.65,11033.6,11017.2,11020.1,0
2025-08-14 13:15:00,11020.25,11027.15,11003.5,11015.1,0
2025-08-14 14:15:00,11014.75,11022.45,10993.95,10996.95,0
2025-08-14 15:15:00,10996.95,10997.75,10985.65,10993.45,0
2025-08-18 09:15:00,11087.65,11090.9,10984.9,11018.8,0
2025-08-18 10:15:00,11018.15,11034.55,11010.1,11022.7,0
2025-08-18 11:15:00,11022.6,11027.5,10970.45,10970.65,0
2025-08-18 12:15:00,10971.35,11025.0,10966.15,11022.2,0
2025-08-18 13:15:00,11022.65,11030.05,11009.7,11024.4,0
2025-08-18 14:15:00,11024.6,11031.2,11003.8,11010.45,0
2025-08-18 15:15:00,11010.45,11033.85,11010.45,11029.75,0
2025-08-19 09:15:00,11045.55,11129.15,11044.8,11125.55,0
2025-08-19 10:15:00,11125.55,11160.4,11124.15,11144.75,0
2025-08-19 11:15:00,11145.0,11157.9,11131.8,11155.0,0
2025-08-19 12:15:00,11155.2,11171.85,11145.2,11156.4,0
2025-08-19 13:15:00,11156.1,11184.55,11155.7,11163.6,0
2025-08-19 14:15:00,11163.85,11207.8,11163.0,11196.25,0
2025-08-19 15:15:00,11196.25,11205.85,11195.55,11205.8,0
2025-08-20 09:15:00,11165.35,11220.5,11164.15,11199.75,0
2025-08-20 10:15:00,11200.35,11217.35,11198.55,11203.65,0
2025-08-20 11:15:00,11203.65,11207.3,11187.5,11202.95,0
2025-08-20 12:15:00,11203.0,11229.7,11202.8,11222.25,0
2025-08-20 13:15:00,11222.15,11228.75,11206.3,11209.7,0
2025-08-20 14:15:00,11209.35,11213.6,11185.1,11186.65,0
2025-08-20 15:15:00,11186.65,11202.05,11176.05,11185.4,0
2025-08-21 09:15:00,11229.1,11288.1,11211.5,11279.05,0
2025-08-21 10:15:00,11279.0,11286.2,11267.15,11273.5,0
2025-08-21 11:15:00,11273.25,11275.55,11241.9,11244.75,0
2025-08-21 12:15:00,11244.75,11256.15,11232.75,11251.4,0
2025-08-21 13:15:00,11251.35,11253.6,11232.1,11245.75,0
2025-08-21 14:15:00,11246.35,11252.55,11216.1,11218.85,0
2025-08-21 15:15:00,11218.55,11224.1,11205.5,11220.55,0
2025-08-22 09:15:00,11201.85,11214.15,11147.45,11178.0,0
2025-08-22 10:15:00,11177.5,11178.05,11152.6,11156.0,0
2025-08-22 11:15:00,11155.55,11169.6,11150.5,11151.8,0
2025-08-22 12:15:00,11151.9,11152.9,11139.7,11143.5,0
2025-08-22 13:15:00,11143.35,11150.95,11134.25,11135.6,0
2025-08-22 14:15:00,11135.7,11140.2,11119.35,11125.25,0
2025-08-22 15:15:00,11125.25,11129.65,11120.1,11126.75,0
2025-08-25 09:15:00,11150.85,11152.5,11099.65,11110.0,0
2025-08-25 10:15:00,11110.2,11127.25,11101.25,11117.05,0
2025-08-25 11:15:00,11117.2,11131.2,11112.05,11114.4,0
2025-08-25 12:15:00,11113.25,11137.95,11107.05,11137.95,0
2025-08-25 13:15:00,11137.1,11151.8,11129.7,11144.15,0
2025-08-25 14:15:00,11143.65,11155.05,11120.45,11122.9,0
2025-08-25 15:15:00,11122.9,11140.45,11121.25,11134.35,0
2025-08-26 09:15:00,11109.4,11137.9,11038.25,11058.65,0
2025-08-26 10:15:00,11058.55,11064.2,11013.85,11031.05,0
2025-08-26 11:15:00,11029.95,11043.3,11024.05,11025.75,0
2025-08-26 12:15:00,11027.5,11037.45,11003.95,11016.95,0
2025-08-26 13:15:00,11016.1,11030.25,11007.9,11010.95,0
2025-08-26 14:15:00,11010.7,11017.6,10943.65,10947.7,0
2025-08-26 15:15:00,10947.95,10955.15,10930.1,10949.6,0
2025-08-28 09:15:00,10980.4,10982.95,10859.85,10933.25,0
2025-08-28 10:15:00,10933.0,10970.75,10925.75,10955.35,0
2025-08-28 11:15:00,10955.15,10959.8,10938.25,10952.9,0
2025-08-28 12:15:00,10952.85,10954.2,10906.5,10915.7,0
2025-08-28 13:15:00,10916.2,10916.7,10880.2,10911.35,0
2025-08-28 14:15:00,10913.4,10926.1,10892.35,10900.5,0
2025-08-28 15:15:00,10900.5,10927.9,10893.05,10923.95,0
2025-08-29 09:15:00,10881.6,10935.55,10833.1,10847.7,0
2025-08-29 10:15:00,10847.7,10906.3,10844.8,10899.5,0
2025-08-29 11:15:00,10899.5,10912.45,10886.1,10905.4,0
2025-08-29 12:15:00,10905.75,10909.55,10868.9,10869.4,0
2025-08-29 13:15:00,10870.05,10889.45,10866.05,10888.95,0
2025-08-29 14:15:00,10888.65,10931.7,10766.15,10781.95,0
2025-08-29 15:15:00,10781.95,10791.9,10771.85,10789.15,0
2025-09-01 09:15:00,10800.9,10844.5,10757.5,10815.2,0
2025-09-01 10:15:00,10815.2,10868.0,10808.65,10858.1,0
2025-09-01 11:15:00,10857.65,10883.9,10857.6,10881.7,0
2025-09-01 12:15:00,10881.7,10905.25,10873.55,10889.25,0
2025-09-01 13:15:00,10889.25,10930.45,10887.05,10918.15,0
2025-09-01 14:15:00,10917.95,10940.95,10913.95,10931.3,0
2025-09-01 15:15:00,10931.3,10945.8,10930.95,10938.9,0
2025-09-02 09:15:00,10951.05,11092.0,10950.55,11064.65,0
2025-09-02 10:15:00,11064.95,11094.05,11059.3,11087.75,0
2025-09-02 11:15:00,11087.5,11096.05,11077.6,11081.65,0
2025-09-02 12:15:00,11081.7,11089.4,11059.0,11061.95,0
2025-09-02 13:15:00,11061.4,11062.05,10976.15,10991.35,0
2025-09-02 14:15:00,10990.9,11014.8,10977.8,11005.7,0
2025-09-02 15:15:00,11005.7,11012.35,11001.85,11007.35,0
2025-09-03 09:15:00,11015.85,11093.1,11012.95,11059.5,0
2025-09-03 10:15:00,11059.85,11063.25,11033.4,11049.6,0
2025-09-03 11:15:00,11049.65,11071.65,11045.05,11068.65,0
2025-09-03 12:15:00,11068.4,11075.4,11014.1,11017.3,0
2025-09-03 13:15:00,11017.3,11028.0,10998.7,11012.75,0
2025-09-03 14:15:00,11011.3,11042.2,11002.85,11032.5,0
2025-09-03 15:15:00,11032.5,11034.15,11025.1,11030.8,0
2025-09-04 09:15:00,11063.45,11076.1,10983.4,10989.9,0
2025-09-04 10:15:00,10989.9,11002.75,10968.9,10973.8,0
2025-09-04 11:15:00,10973.45,10981.9,10958.85,10976.75,0
2025-09-04 12:15:00,10977.4,10977.4,10952.8,10957.9,0
2025-09-04 13:15:00,10958.0,10962.75,10938.85,10944.3,0
2025-09-04 14:15:00,10944.3,10951.0,10914.25,10916.35,0
2025-09-04 15:15:00,10916.35,10930.5,10910.65,10926.1,0
2025-09-05 09:15:00,10939.05,10983.85,10897.15,10899.55,0
2025-09-05 10:15:00,10900.05,10925.3,10882.65,10924.2,0
2025-09-05 11:15:00,10923.7,10930.75,10891.6,10895.3,0
2025-09-05 12:15:00,10894.35,10906.5,10870.35,10905.35,0
2025-09-05 13:15:00,10905.35,10991.2,10905.35,10957.15,0
2025-09-05 14:15:00,10957.95,10966.0,10922.05,10933.9,0
2025-09-05 15:15:00,10933.9,10950.45,10933.4,10949.1,0
2025-09-08 09:15:00,10963.5,11004.8,10959.9,10991.5,0
2025-09-08 10:15:00,10990.9,10995.0,10948.05,10964.1,0
2025-09-08 11:15:00,10964.85,10968.0,10944.35,10963.5,0
2025-09-08 12:15:00,10963.45,11010.25,10959.7,11002.7,0
2025-09-08 13:15:00,11002.6,11004.5,10978.95,10990.1,0
2025-09-08 14:15:00,10989.75,11003.4,10954.95,10957.65,0
2025-09-08 15:15:00,10957.45,10970.1,10954.7,10969.95,0
2025-09-09 09:15:00,10965.4,11007.9,10946.45,10982.3,0
2025-09-09 10:15:00,10982.4,10985.3,10955.15,10960.55,0
2025-09-09 11:15:00,10959.9,10968.0,10923.65,10940.2,0
2025-09-09 12:15:00,10939.85,10956.15,10938.8,10943.65,0
2025-09-09 13:15:00,10942.7,10946.15,10924.65,10933.0,0
2025-09-09 14:15:00,10933.2,10938.35,10918.8,10926.55,0
2025-09-09 15:15:00,10926.55,10942.85,10921.65,10939.1,0
2025-09-10 09:15:00,10981.2,11006.5,10961.1,10993.45,0
2025-09-10 10:15:00,10993.45,10996.65,10955.35,10968.6,0
2025-09-10 11:15:00,10968.1,10979.6,10954.7,10978.7,0
2025-09-10 12:15:00,10978.5,10980.2,10958.15,10958.85,0
2025-09-10 13:15:00,10958.9,10970.4,10953.85,10965.2,0
2025-09-10 14:15:00,10965.25,10966.75,10951.35,10963.3,0
2025-09-10 15:15:00,10963.3,10974.5,10963.05,10972.25,0
2025-09-11 09:15:00,10977.4,11094.35,10973.2,11083.75,0
2025-09-11 10:15:00,11083.8,11153.05,11083.25,11134.25,0
2025-09-11 11:15:00,11134.65,11141.75,11102.95,11106.0,0
2025-09-11 12:15:00,11106.35,11117.6,11097.6,11106.4,0
2025-09-11 13:15:00,11106.75,11112.95,11070.4,11076.95,0
2025-09-11 14:15:00,11077.1,11096.5,11071.55,11090.65,0
2025-09-11 15:15:00,11090.45,11094.4,11077.1,11084.85,0
2025-09-12 09:15:00,11116.0,11148.7,11111.65,11127.0,0
2025-09-12 10:15:00,11127.35,11131.8,11105.7,11120.35,0
2025-09-12 11:15:00,11120.3,11130.85,11094.95,11095.3,0
2025-09-12 12:15:00,11095.8,11101.85,11074.75,11082.75,0
2025-09-12 13:15:00,11082.5,11101.75,11076.8,11099.95,0
2025-09-12 14:15:00,11100.25,11107.05,11079.95,11091.5,0
2025-09-12 15:15:00,11091.4,11094.35,11088.0,11091.55,0
2025-09-15 09:15:00,11091.25,11113.45,11080.15,11085.4,0
2025-09-15 10:15:00,11085.65,11099.7,11081.35,11085.8,0
2025-09-15 11:15:00,11086.5,11110.35,11083.25,11096.1,0
2025-09-15 12:15:00,11096.55,11105.9,11091.05,11103.7,0
2025-09-15 13:15:00,11105.0,11120.3,11079.4,11088.4,0
2025-09-15 14:15:00,11088.85,11124.85,11079.5,11122.95,0
2025-09-15 15:15:00,11123.15,11134.4,11118.5,11132.4,0
2025-09-16 09:15:00,11161.8,11202.35,11132.65,11198.05,0
2025-09-16 10:15:00,11198.15,11219.8,11195.8,11209.25,0
2025-09-16 11:15:00,11209.25,11213.45,11180.85,11188.85,0
2025-09-16 12:15:00,11189.0,11209.55,11186.55,11192.85,0
2025-09-16 13:15:00,11193.25,11194.05,11178.55,11189.45,0
2025-09-16 14:15:00,11189.05,11223.85,11188.85,11218.4,0
2025-09-16 15:15:00,11217.75,11229.2,11214.4,11224.65,0
2025-09-17 09:15:00,11252.1,11290.05,11242.3,11285.8,0
2025-09-17 10:15:00,11285.9,11320.2,11284.4,11287.25,0
2025-09-17 11:15:00,11287.25,11292.85,11268.45,11270.3,0
2025-09-17 12:15:00,11270.2,11279.7,11262.4,11272.6,0
2025-09-17 13:15:00,11273.0,11282.25,11264.6,11267.25,0
2025-09-17 14:15:00,11266.65,11301.3,11263.2,11294.8,0
2025-09-17 15:15:00,11294.8,11296.45,11280.25,11286.2,0
2025-09-18 09:15:00,11327.45,11335.25,11281.2,11285.6,0
2025-09-18 10:15:00,11285.65,11289.15,11271.8,11273.05,0
2025-09-18 11:15:00,11273.05,11281.1,11257.9,11264.75,0
2025-09-18 12:15:00,11263.75,11268.2,11242.7,11247.0,0
2025-09-18 13:15:00,11246.95,11281.3,11243.65,11272.9,0
2025-09-18 14:15:00,11273.15,11289.6,11267.9,11285.4,0
2025-09-18 15:15:00,11284.95,11295.55,11282.9,11289.7,0
2025-09-19 09:15:00,11299.05,11369.9,11298.0,11338.8,0
2025-09-19 10:15:00,11339.6,11352.85,11329.2,11335.4,0
2025-09-19 11:15:00,11335.55,11347.65,11327.8,11333.55,0
2025-09-19 12:15:00,11333.75,11367.2,11332.95,11359.6,0
2025-09-19 13:15:00,11359.65,11368.1,11336.0,11341.3,0
2025-09-19 14:15:00,11341.35,11347.4,11325.3,11327.25,0
2025-09-19 15:15:00,11327.25,11353.45,11326.05,11345.55,0
2025-09-22 09:15:00,11321.0,11370.1,11292.8,11354.7,0
2025-09-22 10:15:00,11354.85,11396.55,11345.6,11384.6,0
2025-09-22 11:15:00,11384.9,11405.1,11369.6,11394.35,0
2025-09-22 12:15:00,11393.35,11397.35,11377.9,11387.4,0
2025-09-22 13:15:00,11388.35,11388.45,11358.0,11367.15,0
2025-09-22 14:15:00,11366.9,11375.9,11287.2,11328.45,0
2025-09-22 15:15:00,11328.4,11338.2,11321.25,11335.3,0
2025-09-23 09:15:00,11344.2,11355.0,11280.0,11309.3,0
2025-09-23 10:15:00,11309.25,11318.75,11283.5,11289.3,0
2025-09-23 11:15:00,11289.55,11312.55,11271.3,11312.15,0
2025-09-23 12:15:00,11312.0,11365.8,11304.15,11339.45,0
2025-09-23 13:15:00,11338.65,11367.35,11314.05,11341.05,0
2025-09-23 14:15:00,11341.0,11345.75,11307.75,11319.05,0
2025-09-23 15:15:00,11319.05,11325.45,11312.9,11319.95,0
2025-09-24 09:15:00,11307.4,11320.2,11256.3,11294.4,0
2025-09-24 10:15:00,11293.85,11314.8,11241.8,11252.05,0
2025-09-24 11:15:00,11251.9,11299.25,11246.65,11287.95,0
2025-09-24 12:15:00,11287.9,11299.75,11281.8,11294.2,0
2025-09-24 13:15:00,11294.5,11304.4,11273.05,11274.95,0
2025-09-24 14:15:00,11274.95,11285.05,11241.7,11246.2,0
2025-09-24 15:15:00,11246.2,11249.85,11235.8,11241.6,0
2025-09-25 09:15:00,11237.2,11299.5,11216.5,11279.65,0
2025-09-25 10:15:00,11279.25,11288.6,11251.15,11267.65,0
2025-09-25 11:15:00,11268.15,11279.55,11233.0,11246.95,0
2025-09-25 12:15:00,11246.75,11266.45,11245.3,11247.7,0
2025-09-25 13:15:00,11246.2,11269.2,11236.65,11239.7,0
2025-09-25 14:15:00,11239.65,11244.8,11201.95,11206.25,0
2025-09-25 15:15:00,11206.8,11219.7,11206.0,11214.55,0
2025-09-26 09:15:00,11211.65,11213.95,11116.65,11151.5,0
2025-09-26 10:15:00,11151.5,11183.45,11138.55,11147.9,0
2025-09-26 11:15:00,11148.15,11166.1,11131.6,11146.85,0
2025-09-26 12:15:00,11146.85,11183.0,11138.2,11172.05,0
2025-09-26 13:15:00,11172.05,11172.05,11114.85,11128.9,0
2025-09-26 14:15:00,11129.05,11143.55,11104.05,11127.45,0
2025-09-26 15:15:00,11127.45,11145.55,11123.75,11138.75,0
2025-09-29 09:15:00,11178.95,11301.95,11166.9,11296.85,0
2025-09-29 10:15:00,11296.85,11334.0,11296.7,11312.7,0
2025-09-29 11:15:00,11311.55,11313.75,11250.85,11267.2,0
2025-09-29 12:15:00,11267.8,11295.9,11238.7,11289.9,0
2025-09-29 13:15:00,11289.45,11311.65,11279.3,11309.3,0
2025-09-29 14:15:00,11309.0,11319.6,11262.3,11291.8,0
2025-09-29 15:15:00,11291.8,11306.75,11276.6,11298.2,0
2025-09-30 09:15:00,11311.3,11325.05,11276.85,11289.4,0
2025-09-30 10:15:00,11289.45,11297.8,11266.55,11281.4,0
2025-09-30 11:15:00,11281.4,11314.25,11279.75,11286.95,0
2025-09-30 12:15:00,11286.95,11291.7,11249.6,11258.55,0
2025-09-30 13:15:00,11258.4,11267.65,11251.0,11264.7,0
2025-09-30 14:15:00,11265.2,11294.55,11251.1,11282.75,0
2025-09-30 15:15:00,11282.75,11283.4,11270.95,11277.65,0
2025-10-01 09:15:00,11292.2,11392.75,11284.15,11372.85,0
2025-10-01 10:15:00,11372.85,11417.3,11327.65,11346.0,0
2025-10-01 11:15:00,11346.35,11357.4,11321.5,11327.55,0
2025-10-01 12:15:00,11327.45,11330.25,11297.6,11315.05,0
2025-10-01 13:15:00,11315.25,11315.85,11280.85,11290.3,0
2025-10-01 14:15:00,11290.6,11312.45,11280.65,11303.5,0
2025-10-01 15:15:00,11303.5,11321.1,11303.4,11311.75,0
2025-10-03 09:15:00,11310.25,11343.35,11252.5,11258.5,0
2025-10-03 10:15:00,11258.5,11297.7,11243.5,11287.25,0
2025-10-03 11:15:00,11287.2,11301.7,11277.2,11288.25,0
2025-10-03 12:15:00,11288.1,11326.85,11270.25,11321.55,0
2025-10-03 13:15:00,11321.55,11344.3,11319.7,11330.65,0
2025-10-03 14:15:00,11331.0,11384.55,11330.6,11370.5,0
2025-10-03 15:15:00,11370.5,11382.15,11369.0,11369.25,0
2025-10-06 09:15:00,11355.2,11435.25,11355.0,11385.9,0
2025-10-06 10:15:00,11385.5,11402.6,11355.6,11372.45,0
2025-10-06 11:15:00,11372.65,11388.45,11363.5,11375.1,0
2025-10-06 12:15:00,11374.35,11386.0,11354.0,11384.45,0
2025-10-06 13:15:00,11383.85,11416.65,11376.5,11383.95,0
2025-10-06 14:15:00,11383.95,11474.7,11382.45,11453.05,0
2025-10-06 15:15:00,11453.05,11458.35,11443.2,11447.55,0
2025-10-07 09:15:00,11470.2,11559.8,11467.6,11556.4,0
2025-10-07 10:15:00,11556.2,11564.8,11491.05,11506.65,0
2025-10-07 11:15:00,11506.65,11532.0,11483.15,11526.25,0
2025-10-07 12:15:00,11525.2,11539.15,11509.55,11522.0,0
2025-10-07 13:15:00,11522.15,11577.95,11516.35,11545.05,0
2025-10-07 14:15:00,11544.35,11553.0,11507.2,11508.5,0
2025-10-07 15:15:00,11508.5,11522.8,11507.1,11516.6,0
2025-10-08 09:15:00,11526.45,11542.5,11497.4,11511.4,0
2025-10-08 10:15:00,11510.75,11544.6,11451.45,11458.85,0
2025-10-08 11:15:00,11458.85,11472.35,11442.35,11450.55,0
2025-10-08 12:15:00,11450.35,11488.3,11438.15,11459.65,0
2025-10-08 13:15:00,11459.35,11492.65,11439.55,11443.35,0
2025-10-08 14:15:00,11443.35,11446.3,11407.7,11408.85,0
2025-10-08 15:15:00,11408.85,11416.95,11408.1,11413.8,0
2025-10-09 09:15:00,11450.85,11512.1,11416.05,11475.3,0
2025-10-09 10:15:00,11475.6,11514.65,11472.5,11507.55,0
2025-10-09 11:15:00,11507.6,11509.7,11467.75,11489.95,0
2025-10-09 12:15:00,11490.05,11507.25,11469.65,11473.55,0
2025-10-09 13:15:00,11473.7,11481.15,11458.5,11463.95,0
2025-10-09 14:15:00,11464.9,11475.45,11446.7,11464.8,0
2025-10-09 15:15:00,11464.8,11474.85,11462.05,11465.6,0
2025-10-10 09:15:00,11473.55,11544.95,11470.45,11534.75,0
2025-10-10 10:15:00,11535.2,11541.1,11505.3,11515.3,0
2025-10-10 11:15:00,11515.3,11520.4,11488.95,11493.0,0
2025-10-10 12:15:00,11493.0,11506.6,11484.95,11499.5,0
2025-10-10 13:15:00,11500.0,11504.35,11481.05,11484.7,0
2025-10-10 14:15:00,11483.95,11486.6,11458.35,11473.0,0
2025-10-10 15:15:00,11473.0,11479.35,11453.2,11455.85,0
2025-10-13 09:15:00,11440.6,11451.4,11352.25,11368.8,0
2025-10-13 10:15:00,11368.9,11373.0,11351.1,11353.0,0
2025-10-13 11:15:00,11353.0,11383.75,11340.0,11381.55,0
2025-10-13 12:15:00,11381.1,11417.7,11370.45,11413.4,0
2025-10-13 13:15:00,11414.35,11414.6,11386.55,11401.05,0
2025-10-13 14:15:00,11401.05,11437.8,11397.35,11434.3,0
2025-10-13 15:15:00,11434.3,11449.25,11434.15,11441.65,0
2025-10-14 09:15:00,11472.3,11544.55,11463.0,11473.8,0
2025-10-14 10:15:00,11473.8,11474.7,11442.05,11450.3,0
2025-10-14 11:15:00,11450.3,11450.35,11394.2,11398.15,0
2025-10-14 12:15:00,11397.9,11408.6,11353.4,11362.6,0
2025-10-14 13:15:00,11363.0,11391.95,11330.15,11338.2,0
2025-10-14 14:15:00,11338.2,11377.6,11333.05,11348.25,0
2025-10-14 15:15:00,11348.25,11358.05,11331.8,11338.45,0
2025-10-15 09:15:00,11388.0,11407.4,11354.7,11359.2,0
2025-10-15 10:15:00,11358.45,11427.35,11352.85,11423.8,0
2025-10-15 11:15:00,11423.15,11434.5,11409.0,11420.8,0
2025-10-15 12:15:00,11420.9,11456.05,11420.0,11436.3,0
2025-10-15 13:15:00,11436.6,11454.75,11404.55,11409.35,0
2025-10-15 14:15:00,11408.85,11434.8,11396.9,11434.65,0
2025-10-15 15:15:00,11434.65,11443.4,11431.0,11438.8,0
2025-10-16 09:15:00,11447.65,11462.9,11396.15,11399.9,0
2025-10-16 10:15:00,11399.85,11458.05,11396.85,11449.85,0
2025-10-16 11:15:00,11449.9,11469.3,11437.1,11457.05,0
2025-10-16 12:15:00,11457.5,11484.25,11455.25,11456.6,0
2025-10-16 13:15:00,11456.8,11481.75,11444.25,11476.0,0
2025-10-16 14:15:00,11475.3,11505.05,11466.75,11486.35,0
2025-10-16 15:15:00,11486.35,11497.3,11484.4,11494.65,0
2025-10-17 09:15:00,11505.2,11530.6,11450.55,11482.95,0
2025-10-17 10:15:00,11482.6,11518.6,11464.45,11512.2,0
2025-10-17 11:15:00,11512.35,11519.5,11485.9,11508.25,0
2025-10-17 12:15:00,11509.0,11515.0,11435.4,11435.4,0
2025-10-17 13:15:00,11437.9,11491.1,11433.35,11475.05,0
2025-10-17 14:15:00,11474.0,11505.6,11461.8,11495.1,0
2025-10-17 15:15:00,11495.1,11507.1,11493.85,11505.65,0
2025-10-20 09:15:00,11577.3,11646.5,11564.5,11628.95,0
2025-10-20 10:15:00,11630.5,11648.65,11603.75,11635.35,0
2025-10-20 11:15:00,11636.1,11650.15,11618.4,11648.45,0
2025-10-20 12:15:00,11648.75,11689.0,11641.15,11683.7,0
2025-10-20 13:15:00,11685.0,11686.55,11657.15,11680.55,0
2025-10-20 14:15:00,11680.15,11689.45,11641.65,11660.8,0
2025-10-20 15:15:00,11660.8,11671.6,11658.5,11666.8,0
2025-10-21 13:45:00,11683.05,11709.6,11643.9,11649.85,0
2025-10-23 09:15:00,11719.3,11725.15,11645.7,11668.35,0
2025-10-23 10:15:00,11668.0,11671.65,11611.15,11628.4,0
2025-10-23 11:15:00,11628.2,11662.5,11626.5,11659.9,0
2025-10-23 12:15:00,11659.8,11690.95,11649.55,11677.6,0
2025-10-23 13:15:00,11678.1,11688.15,11644.1,11653.25,0
2025-10-23 14:15:00,11652.35,11662.55,11583.85,11588.5,0
2025-10-23 15:15:00,11588.0,11600.7,11582.95,11594.95,0
2025-10-24 09:15:00,11607.45,11653.6,11556.5,11644.45,0
2025-10-24 10:15:00,11643.1,11647.05,11607.8,11628.15,0
2025-10-24 11:15:00,11627.5,11689.55,11624.5,11678.85,0
2025-10-24 12:15:00,11678.65,11689.15,11656.1,11661.95,0
2025-10-24 13:15:00,11660.2,11663.0,11596.15,11616.45,0
2025-10-24 14:15:00,11616.25,11633.85,11594.0,11627.45,0
2025-10-24 15:15:00,11627.7,11630.7,11618.85,11626.55,0
2025-10-27 09:15:00,11676.65,11785.55,11670.15,11772.45,0
2025-10-27 10:15:00,11771.35,11780.6,11757.35,11764.75,0
2025-10-27 11:15:00,11764.15,11768.3,11741.35,11746.0,0
2025-10-27 12:15:00,11746.0,11807.55,11738.85,11784.25,0
2025-10-27 13:15:00,11784.6,11791.6,11761.35,11787.45,0
2025-10-27 14:15:00,11787.4,11807.05,11778.55,11797.85,0
2025-10-27 15:15:00,11797.65,11805.15,11796.1,11799.65,0
2025-10-28 09:15:00,11816.9,11845.45,11779.2,11786.9,0
2025-10-28 10:15:00,11786.8,11793.1,11741.1,11757.4,0
2025-10-28 11:15:00,11756.9,11793.9,11747.05,11751.4,0
2025-10-28 12:15:00,11750.3,11787.5,11741.95,11756.45,0
2025-10-28 13:15:00,11756.65,11773.75,11727.7,11741.75,0
2025-10-28 14:15:00,11741.75,11756.7,11701.95,11747.8,0
2025-10-28 15:15:00,11748.6,11760.4,11743.6,11756.7,0
2025-10-29 09:15:00,11765.8,11940.8,11761.0,11928.9,0
2025-10-29 10:15:00,11928.95,11961.2,11920.7,11935.8,0
2025-10-29 11:15:00,11936.3,11978.25,11926.4,11977.2,0
2025-10-29 12:15:00,11976.95,12010.25,11974.5,11999.75,0
2025-10-29 13:15:00,11999.65,12006.65,11958.4,11970.8,0
2025-10-29 14:15:00,11971.0,11990.9,11965.8,11980.55,0
2025-10-29 15:15:00,11980.55,12016.9,11979.0,12008.65,0
2025-10-30 09:15:00,12006.4,12015.05,11927.05,12013.0,0
2025-10-30 10:15:00,12012.95,12033.2,11969.7,12026.3,0
2025-10-30 11:15:00,12026.2,12062.9,12016.5,12018.15,0
2025-10-30 12:15:00,12018.2,12019.5,11978.3,11981.4,0
2025-10-30 13:15:00,11981.45,11991.65,11951.5,11982.15,0
2025-10-30 14:15:00,11980.45,11989.45,11953.65,11981.55,0
2025-10-30 15:15:00,11981.55,11991.3,11979.05,11987.45,0
2025-10-31 09:15:00,11992.4,12039.4,11970.45,11982.4,0
2025-10-31 10:15:00,11982.25,11989.45,11956.55,11980.6,0
2025-10-31 11:15:00,11980.25,12059.15,11971.7,12034.1,0
2025-10-31 12:15:00,12033.75,12064.4,12017.8,12040.2,0
2025-10-31 13:15:00,12040.1,12048.65,12006.5,12048.35,0
2025-10-31 14:15:00,12047.6,12051.05,11986.95,11989.4,0
2025-10-31 15:15:00,11989.4,11998.65,11981.2,11991.0,0
2025-11-03 09:15:00,12018.9,12087.75,11965.7,12071.5,0
2025-11-03 10:15:00,12071.65,12091.9,12059.5,12087.45,0
2025-11-03 11:15:00,12087.9,12099.8,12071.55,12083.0,0
2025-11-03 12:15:00,12081.9,12107.15,12080.35,12102.55,0
2025-11-03 13:15:00,12102.55,12105.05,12080.0,12089.9,0
2025-11-03 14:15:00,12090.05,12101.4,12076.4,12091.6,0
2025-11-03 15:15:00,12091.55,12096.3,12077.45,12085.3,0
2025-11-04 09:15:00,12087.95,12131.3,12076.85,12122.4,0
2025-11-04 10:15:00,12121.85,12123.6,12075.15,12085.55,0
2025-11-04 11:15:00,12084.4,12101.85,12063.2,12075.6,0
2025-11-04 12:15:00,12075.0,12087.8,12056.05,12065.9,0
2025-11-04 13:15:00,12065.95,12072.85,12032.65,12038.35,0
2025-11-04 14:15:00,12037.75,12048.0,12010.9,12016.45,0
2025-11-04 15:15:00,12016.0,12026.8,12007.75,12012.25,0
2025-11-06 09:15:00,12095.25,12106.25,12011.7,12011.85,0
2025-11-06 10:15:00,12011.5,12058.9,12009.2,12042.65,0
2025-11-06 11:15:00,12042.9,12042.9,11992.2,11998.85,0
2025-11-06 12:15:00,11998.8,12016.35,11973.5,11988.35,0
2025-11-06 13:15:00,11987.75,12005.0,11967.25,12000.35,0
2025-11-06 14:15:00,12000.35,12018.0,11984.8,11988.2,0
2025-11-06 15:15:00,11988.2,12000.15,11985.1,11997.0,0
2025-11-07 09:15:00,11965.55,12005.45,11917.65,11966.0,0
2025-11-07 10:15:00,11966.7,12010.75,11962.25,12009.35,0
2025-11-07 11:15:00,12009.65,12032.4,11989.95,11993.0,0
2025-11-07 12:15:00,11992.6,12003.05,11972.75,12001.75,0
2025-11-07 13:15:00,12001.4,12030.4,11983.15,11989.95,0
2025-11-07 14:15:00,11990.1,12017.4,11976.55,11989.25,0
2025-11-07 15:15:00,11989.25,12012.6,11988.2,11999.1,0
2025-11-10 09:15:00,11986.5,12110.45,11981.8,12075.35,0
2025-11-10 10:15:00,12075.35,12082.6,12028.3,12037.85,0
2025-11-10 11:15:00,12037.85,12070.6,12035.2,12045.85,0
2025-11-10 12:15:00,12046.65,12057.6,12032.65,12043.65,0
2025-11-10 13:15:00,12043.6,12051.4,12025.9,12044.75,0
2025-11-10 14:15:00,12046.1,12056.45,12010.05,12018.6,0
2025-11-10 15:15:00,12018.6,12028.3,12015.65,12017.6,0
2025-11-11 09:15:00,12058.95,12059.15,11950.8,11962.4,0
2025-11-11 10:15:00,11963.1,11975.7,11941.8,11958.35,0
2025-11-11 11:15:00,11958.45,12012.35,11947.55,11992.3,0
2025-11-11 12:15:00,11992.9,12018.5,11989.2,12013.3,0
2025-11-11 13:15:00,12013.15,12093.5,12012.85,12085.95,0
2025-11-11 14:15:00,12085.65,12101.85,12069.95,12093.6,0
2025-11-11 15:15:00,12093.6,12103.95,12091.25,12098.0,0
2025-11-12 09:15:00,12163.0,12243.75,12140.9,12179.75,0
2025-11-12 10:15:00,12180.5,12216.65,12174.65,12196.4,0
2025-11-12 11:15:00,12196.4,12229.4,12196.1,12227.25,0
2025-11-12 12:15:00,12225.9,12242.45,12210.5,12241.9,0
2025-11-12 13:15:00,12241.45,12249.0,12215.3,12217.95,0
2025-11-12 14:15:00,12217.85,12223.15,12195.4,12196.4,0
2025-11-12 15:15:00,12196.4,12197.75,12174.25,12185.8,0
2025-11-13 09:15:00,12215.7,12225.75,12139.65,12175.0,0
2025-11-13 10:15:00,12175.9,12200.65,12165.25,12182.55,0
2025-11-13 11:15:00,12182.65,12212.25,12179.25,12203.0,0
2025-11-13 12:15:00,12203.0,12215.45,12185.4,12200.95,0
2025-11-13 13:15:00,12201.85,12221.55,12150.25,12159.95,0
2025-11-13 14:15:00,12159.35,12193.85,12159.0,12181.45,0
2025-11-13 15:15:00,12181.45,12189.15,12174.4,12183.4,0
2025-11-14 09:15:00,12155.8,12264.0,12151.35,12206.05,0
2025-11-14 10:15:00,12206.1,12214.45,12157.05,12196.7,0
2025-11-14 11:15:00,12196.9,12201.75,12173.2,12186.0,0
2025-11-14 12:15:00,12185.65,12204.95,12174.45,12179.55,0
2025-11-14 13:15:00,12179.4,12186.6,12142.3,12164.9,0
2025-11-14 14:15:00,12164.15,12205.5,12147.35,12200.8,0
2025-11-14 15:15:00,12200.8,12202.7,12185.6,12190.25,0
2025-11-17 09:15:00,12206.2,12296.5,12196.75,12285.45,0
2025-11-17 10:15:00,12285.7,12293.75,12257.2,12257.75,0
2025-11-17 11:15:00,12257.65,12260.85,12219.65,12241.5,0
2025-11-17 12:15:00,12241.25,12246.65,12219.5,12223.85,0
2025-11-17 13:15:00,12225.6,12236.5,12219.7,12231.05,0
2025-11-17 14:15:00,12231.05,12243.85,12223.1,12237.2,0
2025-11-17 15:15:00,12237.2,12247.15,12233.0,12237.4,0
2025-11-18 09:15:00,12255.05,12255.6,12165.2,12165.2,0
2025-11-18 10:15:00,12165.85,12184.35,12155.7,12172.8,0
2025-11-18 11:15:00,12173.7,12211.5,12171.5,12197.95,0
2025-11-18 12:15:00,12197.9,12208.0,12171.7,12206.15,0
2025-11-18 13:15:00,12206.75,12220.7,12201.4,12216.05,0
2025-11-18 14:15:00,12215.6,12220.6,12178.2,12178.75,0
2025-11-18 15:15:00,12178.75,12192.15,12175.2,12188.3,0
2025-11-19 09:15:00,12178.95,12196.45,12132.95,12190.85,0
2025-11-19 10:15:00,12191.55,12193.45,12124.15,12131.95,0
2025-11-19 11:15:00,12131.7,12160.6,12123.9,12150.45,0
2025-11-19 12:15:00,12151.3,12170.15,12151.3,12164.8,0
2025-11-19 13:15:00,12164.75,12168.7,12146.9,12163.65,0
2025-11-19 14:15:00,12163.85,12172.15,12144.45,12146.15,0
2025-11-19 15:15:00,12146.1,12147.65,12128.8,12134.7,0
2025-11-20 09:15:00,12186.4,12215.0,12155.2,12173.2,0
2025-11-20 10:15:00,12173.55,12236.4,12168.1,12212.55,0
2025-11-20 11:15:00,12213.1,12228.55,12206.15,12223.7,0
2025-11-20 12:15:00,12223.8,12239.7,12213.95,12216.05,0
2025-11-20 13:15:00,12217.05,12244.15,12215.05,12234.15,0
2025-11-20 14:15:00,12234.55,12242.05,12187.4,12215.0,0
2025-11-20 15:15:00,12215.0,12221.35,12210.0,12212.85,0
2025-11-21 09:15:00,12167.1,12228.9,12153.85,12163.7,0
2025-11-21 10:15:00,12163.9,12167.4,12126.05,12159.85,0
2025-11-21 11:15:00,12159.85,12175.4,12123.35,12173.15,0
2025-11-21 12:15:00,12173.3,12197.4,12169.8,12170.1,0
2025-11-21 13:15:00,12171.45,12180.65,12145.75,12176.3,0
2025-11-21 14:15:00,12176.3,12187.8,12139.75,12146.0,0
2025-11-21 15:15:00,12145.7,12153.5,12126.5,12130.7,0
2025-11-24 09:15:00,12146.6,12165.15,12109.5,12150.4,0
2025-11-24 10:15:00,12151.4,12153.05,12081.25,12086.6,0
2025-11-24 11:15:00,12086.45,12089.05,12058.05,12063.35,0
2025-11-24 12:15:00,12063.3,12083.9,12060.25,12077.75,0
2025-11-24 13:15:00,12078.95,12084.4,12039.55,12044.65,0
2025-11-24 14:15:00,12045.15,12071.65,12022.2,12039.95,0
2025-11-24 15:15:00,12039.95,12055.8,12025.25,12040.45,0
2025-11-25 09:15:00,12027.9,12061.95,11967.95,12059.1,0
2025-11-25 10:15:00,12058.35,12066.0,12040.15,12056.15,0
2025-11-25 11:15:00,12055.65,12070.5,12032.15,12039.35,0
2025-11-25 12:15:00,12039.05,12046.1,12024.5,12034.5,0
2025-11-25 13:15:00,12033.35,12036.05,12020.15,12028.9,0
2025-11-25 14:15:00,12029.1,12039.1,11987.35,12001.6,0
2025-11-25 15:15:00,12001.85,12009.3,11990.85,11991.5,0
2025-11-26 09:15:00,12015.35,12131.75,12012.7,12112.7,0
2025-11-26 10:15:00,12112.55,12174.15,12112.55,12165.5,0
2025-11-26 11:15:00,12165.65,12184.85,12156.95,12183.3,0
2025-11-26 12:15:00,12184.35,12195.5,12169.95,12175.5,0
2025-11-26 13:15:00,12175.25,12194.9,12148.75,12189.65,0
2025-11-26 14:15:00,12189.35,12217.0,12175.4,12212.4,0
2025-11-26 15:15:00,12212.4,12212.7,12199.5,12206.55,0
2025-11-27 09:15:00,12234.85,12244.3,12126.65,12138.05,0
2025-11-27 10:15:00,12138.4,12147.5,12129.2,12129.3,0
2025-11-27 11:15:00,12129.9,12130.55,12104.0,12111.9,0
2025-11-27 12:15:00,12111.9,12125.2,12095.65,12097.55,0
2025-11-27 13:15:00,12097.55,12098.85,12059.85,12089.4,0
2025-11-27 14:15:00,12089.75,12126.6,12082.55,12123.3,0
2025-11-27 15:15:00,12123.3,12140.4,12120.65,12124.6,0
2025-11-28 09:15:00,12082.45,12096.3,12044.2,12065.85,0
2025-11-28 10:15:00,12066.5,12085.35,12052.35,12070.3,0
2025-11-28 11:15:00,12071.0,12075.35,12040.1,12045.45,0
2025-11-28 12:15:00,12045.55,12060.3,12036.15,12052.85,0
2025-11-28 13:15:00,12052.65,12054.65,12031.5,12036.75,0
2025-11-28 14:15:00,12036.75,12045.75,12027.85,12033.9,0
2025-11-28 15:15:00,12033.9,12042.8,12027.05,12040.75,0
2025-12-01 09:15:00,12078.55,12098.65,12050.8,12061.9,0
2025-12-01 10:15:00,12061.25,12079.2,12057.75,12068.65,0
2025-12-01 11:15:00,12069.55,12081.0,12046.4,12056.8,0
2025-12-01 12:15:00,12055.65,12057.0,12033.3,12040.3,0
2025-12-01 13:15:00,12040.4,12061.35,12026.1,12060.25,0
2025-12-01 14:15:00,12060.5,12060.8,11995.65,12023.6,0
2025-12-01 15:15:00,12023.4,12025.95,12009.7,12017.5,0
2025-12-02 09:15:00,12007.3,12083.75,12005.9,12025.55,0
2025-12-02 10:15:00,12025.7,12037.05,12000.4,12004.45,0
2025-12-02 11:15:00,12003.75,12018.3,11994.5,12000.6,0
2025-12-02 12:15:00,12000.45,12003.95,11971.5,11974.9,0
2025-12-02 13:15:00,11974.7,11977.6,11953.05,11965.1,0
2025-12-02 14:15:00,11965.35,11973.0,11938.9,11970.65,0
2025-12-02 15:15:00,11970.65,11981.05,11964.2,11972.35,0
2025-12-03 09:15:00,11974.45,11986.5,11877.35,11886.45,0
2025-12-03 10:15:00,11887.7,11891.85,11866.85,11878.2,0
2025-12-03 11:15:00,11878.2,11882.25,11855.35,11880.3,0
2025-12-03 12:15:00,11879.45,11890.15,11873.0,11881.45,0
2025-12-03 13:15:00,11881.45,11921.0,11875.1,11916.7,0
2025-12-03 14:15:00,11916.15,11921.0,11879.55,11899.0,0
2025-12-03 15:15:00,11899.0,11906.65,11893.65,11899.5,0
2025-12-04 09:15:00,11904.55,11940.75,11888.2,11926.2,0
2025-12-04 10:15:00,11925.45,11966.85,11915.55,11957.65,0
2025-12-04 11:15:00,11958.0,11960.3,11918.75,11925.45,0
2025-12-04 12:15:00,11925.8,11926.1,11903.7,11915.3,0
2025-12-04 13:15:00,11915.3,11920.35,11881.15,11893.0,0
2025-12-04 14:15:00,11893.6,11937.45,11884.5,11906.85,0
2025-12-04 15:15:00,11906.85,11906.85,11833.8,11853.2,0
2025-12-05 09:15:00,11881.95,11886.5,11819.85,11840.5,0
2025-12-05 10:15:00,11840.25,11898.7,11818.15,11892.15,0
2025-12-05 11:15:00,11890.5,11895.15,11874.05,11875.55,0
2025-12-05 12:15:00,11875.4,11921.2,11871.8,11911.3,0
2025-12-05 13:15:00,11912.1,11928.3,11894.65,11903.95,0
2025-12-05 14:15:00,11904.0,11916.0,11875.95,11904.2,0
2025-12-05 15:15:00,11904.2,11921.25,11903.0,11918.2,0
2025-12-08 09:15:00,11913.55,11943.95,11875.1,11895.85,0
2025-12-08 10:15:00,11898.2,11899.75,11859.5,11862.2,0
2025-12-08 11:15:00,11862.2,11891.35,11846.8,11848.0,0
2025-12-08 12:15:00,11847.7,11858.4,11805.55,11831.55,0
2025-12-08 13:15:00,11833.0,11833.3,11775.55,11788.75,0
2025-12-08 14:15:00,11788.9,11823.45,11766.7,11816.75,0
2025-12-08 15:15:00,11816.2,11816.9,11782.15,11785.5,0
2025-12-09 09:15:00,11778.4,11798.0,11676.4,11736.15,0
2025-12-09 10:15:00,11736.2,11785.8,11728.7,11769.65,0
2025-12-09 11:15:00,11769.6,11820.4,11755.0,11819.7,0
2025-12-09 12:15:00,11820.2,11826.2,11769.1,11787.0,0
2025-12-09 13:15:00,11786.85,11815.35,11783.6,11805.65,0
2025-12-09 14:15:00,11805.3,11805.6,11754.5,11788.7,0
2025-12-09 15:15:00,11788.7,11797.25,11781.7,11790.05,0
2025-12-10 09:15:00,11805.0,11857.75,11792.15,11852.2,0
2025-12-10 10:15:00,11851.65,11897.35,11843.4,11877.6,0
2025-12-10 11:15:00,11877.75,11878.4,11839.85,11843.7,0
2025-12-10 12:15:00,11844.3,11845.55,11803.05,11809.0,0
2025-12-10 13:15:00,11809.1,11843.0,11798.35,11799.65,0
2025-12-10 14:15:00,11799.85,11816.2,11775.15,11810.1,0
2025-12-10 15:15:00,11810.4,11812.05,11775.45,11780.95,0
2025-12-11 09:15:00,11810.3,11822.25,11712.1,11765.8,0
2025-12-11 10:15:00,11766.75,11798.45,11758.2,11773.65,0
2025-12-11 11:15:00,11775.0,11819.65,11767.85,11813.7,0
2025-12-11 12:15:00,11813.9,11836.2,11796.55,11804.85,0
2025-12-11 13:15:00,11804.05,11819.8,11793.7,11794.45,0
2025-12-11 14:15:00,11794.55,11809.35,11766.3,11794.75,0
2025-12-11 15:15:00,11794.75,11805.3,11790.2,11800.25,0
2025-12-12 09:15:00,11833.15,11893.9,11833.15,11852.7,0
2025-12-12 10:15:00,11854.2,11861.1,11819.15,11858.8,0
2025-12-12 11:15:00,11859.1,11888.75,11856.95,11882.65,0
2025-12-12 12:15:00,11882.65,11915.0,11879.45,11913.2,0
2025-12-12 13:15:00,11913.75,11936.4,11897.1,11929.8,0
2025-12-12 14:15:00,11929.8,11937.25,11896.65,11934.25,0
2025-12-12 15:15:00,11933.95,11935.65,11918.9,11921.15,0
2025-12-15 09:15:00,11920.9,11934.65,11808.6,11892.15,0
2025-12-15 10:15:00,11891.85,11906.95,11872.4,11893.5,0
2025-12-15 11:15:00,11893.7,11920.25,11885.15,11901.05,0
2025-12-15 12:15:00,11901.75,11932.25,11899.75,11932.0,0
2025-12-15 13:15:00,11932.85,11936.85,11906.65,11920.4,0
2025-12-15 14:15:00,11920.5,11956.05,11915.45,11949.7,0
2025-12-15 15:15:00,11953.4,11956.45,11942.4,11948.4,0
2025-12-16 09:15:00,11911.85,11932.5,11848.0,11856.15,0
2025-12-16 10:15:00,11856.1,11860.9,11835.1,11841.55,0
2025-12-16 11:15:00,11841.55,11854.8,11829.3,11833.1,0
2025-12-16 12:15:00,11833.15,11846.3,11817.85,11831.3,0
2025-12-16 13:15:00,11830.45,11865.3,11821.8,11835.85,0
2025-12-16 14:15:00,11835.55,11870.35,11823.8,11858.0,0
2025-12-16 15:15:00,11858.0,11859.9,11842.15,11848.45,0
2025-12-17 09:15:00,11900.35,11940.2,11855.95,11889.65,0
2025-12-17 10:15:00,11889.5,11897.95,11857.9,11896.5,0
2025-12-17 11:15:00,11896.5,11908.6,11872.2,11881.6,0
2025-12-17 12:15:00,11881.6,11893.4,11869.65,11881.3,0
2025-12-17 13:15:00,11881.45,11894.35,11871.15,11877.9,0
2025-12-17 14:15:00,11877.85,11901.1,11859.35,11886.2,0
2025-12-17 15:15:00,11886.2,11887.8,11878.2,11879.1,0
2025-12-18 09:15:00,11852.2,11906.55,11792.65,11821.7,0
2025-12-18 10:15:00,11821.2,11864.45,11817.1,11840.05,0
2025-12-18 11:15:00,11840.05,11876.95,11834.8,11871.2,0
2025-12-18 12:15:00,11871.35,11876.25,11857.3,11864.2,0
2025-12-18 13:15:00,11864.3,11869.15,11834.7,11835.65,0
2025-12-18 14:15:00,11835.6,11856.5,11820.6,11847.75,0
2025-12-18 15:15:00,11847.75,11850.1,11839.2,11843.35,0
2025-12-19 09:15:00,11877.3,11939.7,11868.7,11907.85,0
2025-12-19 10:15:00,11908.2,11958.0,11906.0,11947.35,0
2025-12-19 11:15:00,11947.35,11964.65,11912.4,11927.55,0
2025-12-19 12:15:00,11927.4,11931.7,11914.7,11919.65,0
2025-12-19 13:15:00,11920.1,11940.95,11916.35,11938.05,0
2025-12-19 14:15:00,11938.4,11964.15,11929.35,11962.9,0
2025-12-19 15:15:00,11963.05,11971.3,11955.25,11959.55,0
2025-12-22 09:15:00,12004.45,12047.75,11965.05,12033.65,0
2025-12-22 10:15:00,12034.05,12041.85,12022.85,12023.05,0
2025-12-22 11:15:00,12024.2,12043.7,12012.3,12027.05,0
2025-12-22 12:15:00,12027.45,12051.0,12022.0,12044.5,0
2025-12-22 13:15:00,12044.35,12050.3,12034.2,12037.75,0
2025-12-22 14:15:00,12037.55,12055.05,12029.7,12046.0,0
2025-12-22 15:15:00,12045.8,12056.6,12042.4,12055.15,0
2025-12-23 09:15:00,12070.0,12108.9,12054.25,12101.15,0
2025-12-23 10:15:00,12101.15,12102.3,12068.9,12076.8,0
2025-12-23 11:15:00,12077.9,12087.6,12056.0,12084.75,0
2025-12-23 12:15:00,12084.75,12086.65,12064.1,12074.9,0
2025-12-23 13:15:00,12074.3,12079.3,12057.45,12065.35,0
2025-12-23 14:15:00,12065.6,12075.0,12033.2,12055.4,0
2025-12-23 15:15:00,12055.4,12057.2,12039.15,12044.35,0
2025-12-24 09:15:00,12065.9,12081.35,12035.45,12049.25,0
2025-12-24 10:15:00,12049.25,12051.6,12017.6,12025.8,0
2025-12-24 11:15:00,12025.7,12034.55,11997.35,12010.15,0
2025-12-24 12:15:00,12010.7,12014.6,11986.2,11989.05,0
2025-12-24 13:15:00,11988.9,11989.65,11966.15,11973.45,0
2025-12-24 14:15:00,11973.9,11975.9,11941.35,11967.4,0
2025-12-24 15:15:00,11967.4,11970.25,11955.8,11960.9,0
2025-12-26 09:15:00,11953.6,11988.75,11927.8,11937.3,0
2025-12-26 10:15:00,11937.75,11960.15,11921.95,11943.5,0
2025-12-26 11:15:00,11944.35,11982.4,11933.4,11966.0,0
2025-12-26 12:15:00,11966.75,11968.25,11944.45,11952.9,0
2025-12-26 13:15:00,11953.1,11963.7,11946.35,11950.9,0
2025-12-26 14:15:00,11951.1,11967.1,11934.0,11961.25,0
2025-12-26 15:15:00,11961.25,11964.95,11952.45,11960.6,0
2025-12-29 09:15:00,11943.75,11987.75,11920.9,11954.45,0
2025-12-29 10:15:00,11955.55,11984.4,11945.55,11981.6,0
2025-12-29 11:15:00,11981.75,11982.55,11943.2,11965.75,0
2025-12-29 12:15:00,11966.6,11969.0,11929.3,11933.35,0
2025-12-29 13:15:00,11933.7,11963.9,11916.1,11944.65,0
2025-12-29 14:15:00,11945.2,11960.5,11920.85,11948.95,0
2025-12-29 15:15:00,11948.95,11955.95,11942.15,11954.85,0
2025-12-30 09:15:00,11966.6,11986.5,11934.55,11984.0,0
2025-12-30 10:15:00,11983.95,12012.1,11952.95,11956.35,0
2025-12-30 11:15:00,11956.65,11973.6,11943.35,11944.0,0
2025-12-30 12:15:00,11944.25,11951.45,11925.5,11932.75,0
2025-12-30 13:15:00,11931.2,11948.6,11915.55,11946.75,0
2025-12-30 14:15:00,11946.55,11956.7,11911.25,11916.0,0
2025-12-30 15:15:00,11916.0,11928.15,11902.1,11919.45,0
2025-12-31 09:15:00,11924.95,12045.8,11924.9,12035.5,0
2025-12-31 10:15:00,12035.8,12109.9,12032.35,12108.35,0
2025-12-31 11:15:00,12109.0,12205.3,12098.75,12197.45,0
2025-12-31 12:15:00,12198.7,12219.55,12177.5,12218.3,0
2025-12-31 13:15:00,12218.3,12234.4,12204.7,12223.0,0
2025-12-31 14:15:00,12223.5,12256.8,12215.2,12217.25,0
2025-12-31 15:15:00,12217.25,12236.15,12217.05,12231.5,0
2026-01-01 09:15:00,12261.5,12334.45,12242.55,12283.5,0
2026-01-01 10:15:00,12283.7,12285.95,12239.2,12246.25,0
2026-01-01 11:15:00,12246.45,12252.6,12223.2,12244.95,0
2026-01-01 12:15:00,12243.9,12246.0,12198.6,12202.65,0
2026-01-01 13:15:00,12203.15,12238.55,12196.8,12228.95,0
2026-01-01 14:15:00,12229.0,12249.25,12217.3,12231.75,0
2026-01-01 15:15:00,12230.4,12230.4,12216.15,12220.9,0
2026-01-02 09:15:00,12249.7,12303.1,12243.6,12283.6,0
2026-01-02 10:15:00,12283.5,12307.1,12269.95,12288.55,0
2026-01-02 11:15:00,12287.65,12299.45,12273.35,12292.25,0
2026-01-02 12:15:00,12292.5,12323.25,12289.05,12320.05,0
2026-01-02 13:15:00,12320.65,12337.25,12316.9,12327.05,0
2026-01-02 14:15:00,12327.1,12348.15,12318.8,12337.5,0
2026-01-02 15:15:00,12337.85,12350.2,12333.0,12350.2,0
2026-01-05 09:15:00,12374.3,12445.7,12275.95,12285.8,0
2026-01-05 10:15:00,12285.05,12356.65,12264.6,12340.75,0
2026-01-05 11:15:00,12341.25,12341.85,12279.35,12286.95,0
2026-01-05 12:15:00,12287.6,12289.55,12264.9,12270.35,0
2026-01-05 13:15:00,12269.6,12276.6,12179.7,12186.2,0
2026-01-05 14:15:00,12185.9,12240.4,12175.85,12216.6,0
2026-01-05 15:15:00,12216.6,12216.6,12199.8,12205.6,0
2026-01-06 09:15:00,12186.4,12191.7,12005.35,12019.25,0
2026-01-06 10:15:00,12018.9,12033.55,11932.35,11933.0,0
2026-01-06 11:15:00,11933.15,11994.45,11891.05,11973.9,0
2026-01-06 12:15:00,11973.9,11997.95,11952.55,11987.1,0
2026-01-06 13:15:00,11987.45,11994.3,11954.1,11958.9,0
2026-01-06 14:15:00,11959.35,12016.7,11957.95,12008.2,0
2026-01-06 15:15:00,12008.2,12009.15,11983.9,11992.65,0
2026-01-07 09:15:00,11995.0,12023.1,11950.75,11990.2,0
2026-01-07 10:15:00,11990.7,12002.6,11951.5,11954.6,0
2026-01-07 11:15:00,11954.6,11969.1,11912.2,11918.25,0
2026-01-07 12:15:00,11918.15,11927.75,11901.0,11923.85,0
2026-01-07 13:15:00,11924.45,11926.9,11902.4,11915.15,0
2026-01-07 14:15:00,11915.2,11937.9,11903.2,11921.5,0
2026-01-07 15:15:00,11922.15,11925.85,11911.1,11919.55,0
2026-01-08 09:15:00,11887.5,11897.7,11764.55,11783.45,0
2026-01-08 10:15:00,11783.65,11787.75,11699.95,11699.95,0
2026-01-08 11:15:00,11700.4,11702.4,11607.2,11654.15,0
2026-01-08 12:15:00,11653.35,11662.55,11607.8,11610.55,0
2026-01-08 13:15:00,11610.95,11612.85,11582.6,11595.4,0
2026-01-08 14:15:00,11595.7,11629.3,11578.45,11578.45,0
2026-01-08 15:15:00,11579.55,11584.15,11562.2,11571.35,0
2026-01-09 09:15:00,11564.45,11681.3,11563.5,11655.25,0
2026-01-09 10:15:00,11656.2,11706.35,11633.45,11633.5,0
2026-01-09 11:15:00,11634.0,11653.9,11607.15,11624.9,0
2026-01-09 12:15:00,11626.0,11644.35,11586.95,11609.05,0
2026-01-09 13:15:00,11609.6,11644.0,11594.25,11596.0,0
2026-01-09 14:15:00,11597.4,11640.75,11590.45,11634.35,0
2026-01-09 15:15:00,11634.35,11638.1,11619.3,11635.95,0
2026-01-12 09:15:00,11624.6,11633.4,11499.15,11548.85,0
2026-01-12 10:15:00,11549.2,11584.2,11516.05,11519.05,0
2026-01-12 11:15:00,11518.75,11552.25,11474.4,11552.25,0
2026-01-12 12:15:00,11553.05,11622.85,11543.6,11613.55,0
2026-01-12 13:15:00,11613.8,11658.4,11599.95,11644.9,0
2026-01-12 14:15:00,11644.9,11695.25,11628.55,11688.35,0
2026-01-12 15:15:00,11688.35,11704.0,11686.0,11698.85,0
2026-01-13 09:15:00,11734.55,11744.9,11622.85,11663.35,0
2026-01-13 10:15:00,11663.55,11691.15,11652.75,11678.55,0
2026-01-13 11:15:00,11678.0,11690.2,11630.0,11630.7,0
2026-01-13 12:15:00,11630.85,11679.7,11613.0,11620.2,0
2026-01-13 13:15:00,11620.75,11650.2,11608.75,11616.05,0
2026-01-13 14:15:00,11616.1,11664.95,11584.75,11655.75,0
2026-01-13 15:15:00,11656.6,11668.55,11651.9,11658.1,0
2026-01-14 09:15:00,11625.05,11727.05,11614.2,11696.5,0
2026-01-14 10:15:00,11696.85,11750.05,11687.4,11744.9,0
2026-01-14 11:15:00,11744.95,11766.45,11738.95,11749.5,0
2026-01-14 12:15:00,11749.5,11778.55,11745.35,11760.5,0
2026-01-14 13:15:00,11760.3,11764.25,11699.9,11711.0,0
2026-01-14 14:15:00,11711.55,11734.9,11682.1,11713.15,0
2026-01-14 15:15:00,11713.15,11719.95,11705.8,11714.6,0
2026-01-16 09:15:00,11715.7,11794.0,11689.85,11786.25,0
2026-01-16 10:15:00,11786.7,11826.5,11786.0,11798.95,0
2026-01-16 11:15:00,11798.65,11827.55,11771.45,11783.0,0
2026-01-16 12:15:00,11782.5,11786.65,11710.5,11722.6,0
2026-01-16 13:15:00,11721.9,11744.4,11704.05,11719.5,0
2026-01-16 14:15:00,11719.35,11766.6,11709.7,11743.4,0
2026-01-16 15:15:00,11743.4,11756.45,11737.6,11753.95,0
2026-01-19 09:15:00,11708.25,11735.2,11611.0,11648.75,0
2026-01-19 10:15:00,11647.7,11649.25,11556.1,11559.4,0
2026-01-19 11:15:00,11559.4,11560.4,11533.5,11546.85,0
2026-01-19 12:15:00,11546.4,11554.5,11511.15,11523.65,0
2026-01-19 13:15:00,11523.9,11562.85,11518.95,11552.15,0
2026-01-19 14:15:00,11552.45,11593.45,11537.0,11569.15,0
2026-01-19 15:15:00,11569.15,11569.15,11541.7,11551.1,0
2026-01-20 09:15:00,11555.05,11578.3,11439.15,11467.65,0
2026-01-20 10:15:00,11468.65,11498.6,11424.15,11425.3,0
2026-01-20 11:15:00,11424.75,11463.5,11419.8,11428.05,0
2026-01-20 12:15:00,11428.05,11450.5,11421.0,11434.2,0
2026-01-20 13:15:00,11434.05,11453.25,11394.7,11406.1,0
2026-01-20 14:15:00,11406.3,11438.35,11369.7,11371.2,0
2026-01-20 15:15:00,11369.35,11371.3,11342.2,11361.65,0
2026-01-21 09:15:00,11348.4,11433.95,11342.45,11369.8,0
2026-01-21 10:15:00,11370.45,11371.2,11220.75,11292.6,0
2026-01-21 11:15:00,11292.35,11381.0,11285.05,11380.5,0
2026-01-21 12:15:00,11380.95,11480.4,11373.9,11447.65,0
2026-01-21 13:15:00,11447.85,11450.65,11377.7,11378.75,0
2026-01-21 14:15:00,11378.85,11418.2,11359.85,11402.2,0
2026-01-21 15:15:00,11402.2,11421.85,11400.15,11418.55,0
2026-01-22 09:15:00,11472.1,11538.35,11469.0,11511.9,0
2026-01-22 10:15:00,11511.15,11516.45,11438.1,11444.55,0
2026-01-22 11:15:00,11444.15,11470.75,11421.55,11457.05,0
2026-01-22 12:15:00,11456.95,11459.55,11415.6,11416.2,0
2026-01-22 13:15:00,11416.45,11443.1,11403.7,11420.1,0
2026-01-22 14:15:00,11420.05,11449.65,11412.45,11435.3,0
2026-01-22 15:15:00,11435.3,11457.9,11434.3,11444.45,0
2026-01-23 09:15:00,11477.2,11477.75,11384.1,11469.3,0
2026-01-23 10:15:00,11470.1,11474.85,11417.15,11423.6,0
2026-01-23 11:15:00,11423.6,11430.4,11361.65,11362.95,0
2026-01-23 12:15:00,11363.45,11393.75,11352.4,11362.25,0
2026-01-23 13:15:00,11362.25,11364.35,11298.95,11321.85,0
2026-01-23 14:15:00,11322.5,11342.55,11292.6,11299.2,0
2026-01-23 15:15:00,11299.2,11320.15,11293.7,11316.0,0
2026-01-27 09:15:00,11341.05,11368.3,11237.35,11357.6,0
2026-01-27 10:15:00,11358.1,11393.25,11304.1,11343.15,0
2026-01-27 11:15:00,11342.5,11402.1,11335.55,11383.1,0
2026-01-27 12:15:00,11383.35,11384.35,11329.05,11356.15,0
2026-01-27 13:15:00,11356.1,11371.45,11329.4,11331.4,0
2026-01-27 14:15:00,11331.9,11379.65,11314.75,11369.3,0
2026-01-27 15:15:00,11369.3,11414.25,11366.45,11406.7,0
2026-01-28 09:15:00,11429.9,11716.2,11413.35,11672.7,0
2026-01-28 10:15:00,11672.5,11741.3,11663.25,11737.25,0
2026-01-28 11:15:00,11737.55,11747.9,11694.65,11744.7,0
2026-01-28 12:15:00,11745.2,11757.65,11699.65,11703.8,0
2026-01-28 13:15:00,11703.55,11713.95,11667.05,11698.8,0
2026-01-28 14:15:00,11699.05,11766.5,11693.4,11755.55,0
2026-01-28 15:15:00,11755.55,11782.85,11755.55,11775.95,0
2026-01-29 09:15:00,11797.2,11880.65,11752.7,11830.55,0
2026-01-29 10:15:00,11831.05,11859.5,11793.5,11844.0,0
2026-01-29 11:15:00,11844.1,11854.05,11798.35,11804.15,0
2026-01-29 12:15:00,11803.25,11838.3,11795.15,11828.5,0
2026-01-29 13:15:00,11827.2,11869.4,11816.65,11863.3,0
2026-01-29 14:15:00,11864.0,11905.55,11847.3,11856.75,0
2026-01-29 15:15:00,11856.65,11872.2,11835.95,11840.75,0
2026-01-30 09:15:00,11809.9,11853.0,11728.65,11784.85,0
2026-01-30 10:15:00,11785.05,11799.6,11747.0,11756.65,0
2026-01-30 11:15:00,11756.3,11783.8,11746.4,11757.75,0
2026-01-30 12:15:00,11759.35,11776.6,11716.05,11720.75,0
2026-01-30 13:15:00,11720.1,11785.55,11710.45,11781.45,0
2026-01-30 14:15:00,11781.0,11803.15,11744.2,11789.0,0
2026-01-30 15:15:00,11789.0,11801.3,11776.6,11780.3,0
2026-02-01 09:15:00,11776.25,11822.0,11704.25,11818.75,0
2026-02-01 10:15:00,11819.25,11826.6,11765.15,11789.6,0
2026-02-01 11:15:00,11789.2,11792.7,11679.45,11696.8,0
2026-02-01 12:15:00,11699.0,11711.45,11424.4,11563.95,0
2026-02-01 13:15:00,11565.1,11591.8,11507.15,11567.4,0
2026-02-01 14:15:00,11567.75,11601.9,11463.25,11464.95,0
2026-02-01 15:15:00,11464.95,11465.5,11407.15,11446.15,0
2026-02-02 09:15:00,11440.15,11565.15,11401.45,11504.1,0
2026-02-02 10:15:00,11504.0,11548.55,11451.25,11462.1,0
2026-02-02 11:15:00,11461.2,11578.15,11451.15,11576.15,0
2026-02-02 12:15:00,11575.8,11593.5,11536.85,11564.9,0
2026-02-02 13:15:00,11564.2,11592.5,11531.05,11576.0,0
2026-02-02 14:15:00,11576.55,11689.55,11562.1,11686.2,0
2026-02-02 15:15:00,11685.8,11705.55,11680.3,11689.1,0
2026-02-03 09:15:00,12094.85,12172.7,11787.75,11809.9,0
2026-02-03 10:15:00,11810.6,11860.5,11769.45,11804.95,0
2026-02-03 11:15:00,11804.9,11901.65,11804.6,11886.05,0
2026-02-03 12:15:00,11886.8,11888.3,11850.7,11870.6,0
2026-02-03 13:15:00,11869.9,11921.0,11856.9,11916.75,0
2026-02-03 14:15:00,11916.8,11936.35,11889.85,11902.05,0
2026-02-03 15:15:00,11902.05,11924.75,11899.35,11909.25,0
2026-02-04 09:15:00,11937.0,12186.1,11920.4,12172.85,0
2026-02-04 10:15:00,12172.75,12185.0,12135.4,12146.0,0
2026-02-04 11:15:00,12146.05,12159.65,12111.6,12132.8,0
2026-02-04 12:15:00,12132.55,12164.6,12117.0,12135.85,0
2026-02-04 13:15:00,12136.0,12162.35,12127.1,12158.25,0
2026-02-04 14:15:00,12158.7,12182.3,12142.6,12161.05,0
2026-02-04 15:15:00,12161.7,12163.45,12140.5,12146.75,0
2026-02-05 09:15:00,12214.55,12293.4,12115.4,12161.55,0
2026-02-05 10:15:00,12161.7,12174.15,12125.0,12143.7,0
2026-02-05 11:15:00,12145.3,12161.25,12120.15,12122.3,0
2026-02-05 12:15:00,12122.9,12123.45,12083.35,12094.55,0
2026-02-05 13:15:00,12095.0,12151.05,12095.0,12109.95,0
2026-02-05 14:15:00,12110.25,12162.0,12110.05,12149.9,0
2026-02-05 15:15:00,12149.9,12150.35,12125.85,12128.0,0
2026-02-06 09:15:00,12139.75,12192.7,12079.95,12124.55,0
2026-02-06 10:15:00,12123.9,12195.25,12115.25,12165.65,0
2026-02-06 11:15:00,12166.1,12185.1,12131.3,12150.55,0
2026-02-06 12:15:00,12150.85,12168.1,12108.5,12140.85,0
2026-02-06 13:15:00,12141.4,12148.95,12112.1,12142.25,0
2026-02-06 14:15:00,12142.05,12212.0,12126.65,12209.45,0
2026-02-06 15:15:00,12209.45,12219.35,12181.35,12190.8,0
2026-02-09 09:15:00,12250.5,12279.6,12203.9,12215.05,0
2026-02-09 10:15:00,12215.05,12279.4,12211.9,12261.6,0
2026-02-09 11:15:00,12261.35,12277.0,12252.75,12262.55,0
2026-02-09 12:15:00,12262.6,12297.35,12260.0,12281.95,0
2026-02-09 13:15:00,12281.85,12286.3,12243.65,12250.35,0
2026-02-09 14:15:00,12250.35,12266.05,12236.4,12255.4,0
2026-02-09 15:15:00,12255.4,12258.2,12237.75,12241.6,0
2026-02-10 09:15:00,12286.85,12329.9,12254.55,12261.8,0
2026-02-10 10:15:00,12262.1,12285.5,12261.8,12279.55,0
2026-02-10 11:15:00,12279.55,12284.65,12258.2,12265.0,0
2026-02-10 12:15:00,12265.6,12286.45,12245.65,12285.7,0
2026-02-10 13:15:00,12284.5,12288.4,12235.6,12256.5,0
2026-02-10 14:15:00,12255.6,12327.4,12250.95,12286.75,0
2026-02-10 15:15:00,12286.75,12291.9,12266.2,12268.65,0
2026-02-11 09:15:00,12303.8,12304.05,12230.7,12250.1,0
2026-02-11 10:15:00,12250.15,12305.95,12243.9,12276.7,0
2026-02-11 11:15:00,12277.45,12295.0,12257.05,12286.35,0
2026-02-11 12:15:00,12286.6,12290.7,12261.05,12274.8,0
2026-02-11 13:15:00,12274.85,12292.55,12265.6,12281.75,0
2026-02-11 14:15:00,12281.75,12359.3,12280.95,12356.2,0
2026-02-11 15:15:00,12356.2,12357.25,12345.3,12352.4,0
2026-02-12 09:15:00,12371.05,12394.95,12302.0,12317.7,0
2026-02-12 10:15:00,12316.45,12323.4,12275.8,12284.2,0
2026-02-12 11:15:00,12283.9,12284.5,12199.2,12201.45,0
2026-02-12 12:15:00,12201.2,12237.85,12200.75,12216.35,0
2026-02-12 13:15:00,12216.55,12241.1,12200.8,12204.2,0
2026-02-12 14:15:00,12204.4,12218.25,12137.8,12200.55,0
2026-02-12 15:15:00,12199.75,12218.4,12194.85,12198.85,0
2026-02-13 09:15:00,12120.75,12132.8,11988.2,11992.3,0
2026-02-13 10:15:00,11992.1,12056.55,11970.45,12004.55,0
2026-02-13 11:15:00,12005.65,12006.75,11958.15,12003.2,0
2026-02-13 12:15:00,12002.95,12030.8,11991.4,12022.05,0
2026-02-13 13:15:00,12022.05,12024.55,11971.75,12006.75,0
2026-02-13 14:15:00,12007.55,12023.7,11966.3,11973.25,0
2026-02-13 15:15:00,11973.25,11982.0,11964.1,11976.9,0
2026-02-16 09:15:00,11963.95,12005.35,11932.25,11976.6,0
2026-02-16 10:15:00,11977.2,12002.0,11963.0,11984.05,0
2026-02-16 11:15:00,11984.05,11997.6,11961.05,11991.8,0
2026-02-16 12:15:00,11991.75,12018.55,11985.45,12014.0,0
2026-02-16 13:15:00,12015.3,12041.1,12006.05,12033.05,0
2026-02-16 14:15:00,12032.15,12094.95,12023.4,12086.8,0
2026-02-16 15:15:00,12086.8,12088.95,12070.15,12074.2,0
2026-02-17 09:15:00,12074.55,12075.9,11980.35,12004.5,0
2026-02-17 10:15:00,12004.35,12012.3,11944.95,11962.1,0
2026-02-17 11:15:00,11961.7,12001.5,11956.9,11992.7,0
2026-02-17 12:15:00,11992.75,12046.1,11992.3,12030.7,0
2026-02-17 13:15:00,12030.4,12046.6,12016.4,12025.6,0
2026-02-17 14:15:00,12025.1,12079.0,12020.85,12070.6,0
2026-02-17 15:15:00,12070.6,12080.0,12064.95,12074.3,0
2026-02-18 09:15:00,12083.2,12117.85,12038.55,12050.85,0
2026-02-18 10:15:00,12051.5,12080.15,12045.95,12073.2,0
2026-02-18 11:15:00,12073.35,12084.65,12065.65,12080.35,0
2026-02-18 12:15:00,12080.5,12118.0,12077.3,12117.2,0
2026-02-18 13:15:00,12116.65,12141.2,12115.5,12140.2,0
2026-02-18 14:15:00,12140.45,12167.9,12130.0,12162.6,0
2026-02-18 15:15:00,12162.6,12164.2,12151.9,12157.3,0
2026-02-19 09:15:00,12191.85,12208.55,12099.8,12102.4,0
2026-02-19 10:15:00,12104.3,12141.85,12082.25,12129.3,0
2026-02-19 11:15:00,12129.95,12134.2,12076.2,12078.55,0
2026-02-19 12:15:00,12077.15,12101.9,12066.65,12099.95,0
2026-02-19 13:15:00,12100.55,12121.75,12087.0,12091.8,0
2026-02-19 14:15:00,12092.4,12113.6,12032.5,12037.65,0
2026-02-19 15:15:00,12037.95,12039.4,11989.0,12012.1,0
2026-02-20 09:15:00,12033.75,12089.55,12014.95,12022.75,0
2026-02-20 10:15:00,12022.75,12097.85,12022.75,12071.9,0
2026-02-20 11:15:00,12070.9,12101.75,12064.85,12082.45,0
2026-02-20 12:15:00,12082.45,12094.0,12035.35,12048.5,0
2026-02-20 13:15:00,12048.0,12097.1,12038.55,12085.6,0
2026-02-20 14:15:00,12086.2,12120.75,12053.35,12094.05,0
2026-02-20 15:15:00,12094.05,12094.9,12075.7,12079.9,0
2026-02-23 09:15:00,12149.6,12149.6,12081.85,12103.7,0
2026-02-23 10:15:00,12103.6,12146.4,12076.45,12141.55,0
2026-02-23 11:15:00,12140.15,12154.15,12089.5,12099.9,0
2026-02-23 12:15:00,12099.35,12118.8,12083.3,12095.5,0
2026-02-23 13:15:00,12096.6,12121.3,12088.1,12098.75,0
2026-02-23 14:15:00,12098.8,12155.45,12096.65,12150.75,0
2026-02-23 15:15:00,12150.75,12169.4,12146.85,12153.45,0
2026-02-24 09:15:00,12129.8,12208.95,12107.1,12136.8,0
2026-02-24 10:15:00,12137.25,12166.25,12113.65,12164.2,0
2026-02-24 11:15:00,12164.6,12177.0,12141.05,12147.6,0
2026-02-24 12:15:00,12149.95,12153.85,12132.45,12146.05,0
2026-02-24 13:15:00,12146.35,12164.95,12110.0,12164.1,0
2026-02-24 14:15:00,12164.5,12217.75,12142.75,12216.65,0
2026-02-24 15:15:00,12216.65,12247.9,12210.25,12231.8,0
2026-02-25 09:15:00,12252.05,12321.75,12226.3,12239.2,0
2026-02-25 10:15:00,12240.95,12309.25,12231.45,12270.45,0
2026-02-25 11:15:00,12270.0,12270.4,12231.6,12241.4,0
2026-02-25 12:15:00,12242.15,12268.55,12139.2,12156.1,0
2026-02-25 13:15:00,12155.85,12178.0,12135.1,12172.55,0
2026-02-25 14:15:00,12172.55,12203.0,12152.1,12180.9,0
2026-02-25 15:15:00,12180.9,12196.55,12179.85,12193.85,0
2026-02-26 09:15:00,12198.2,12246.45,12177.7,12197.45,0
2026-02-26 10:15:00,12198.0,12241.95,12196.15,12237.9,0
2026-02-26 11:15:00,12238.25,12253.35,12167.95,12204.3,0
2026-02-26 12:15:00,12206.6,12245.6,12184.5,12211.6,0
2026-02-26 13:15:00,12211.15,12240.2,12195.45,12235.25,0
2026-02-26 14:15:00,12236.1,12308.45,12217.6,12283.0,0
2026-02-26 15:15:00,12283.0,12308.55,12283.0,12294.75,0
2026-02-27 09:15:00,12262.1,12274.1,12215.5,12247.0,0
2026-02-27 10:15:00,12247.2,12328.05,12241.3,12325.55,0
2026-02-27 11:15:00,12324.7,12334.3,12288.35,12313.0,0
2026-02-27 12:15:00,12312.85,12339.1,12307.45,12312.2,0
2026-02-27 13:15:00,12311.25,12363.05,12311.25,12350.75,0
2026-02-27 14:15:00,12352.4,12368.6,12242.5,12256.5,0
2026-02-27 15:15:00,12256.5,12273.6,12242.1,12249.0,0
2026-03-02 09:15:00,12085.4,12159.55,11996.7,12007.25,0
2026-03-02 10:15:00,12007.15,12079.45,12004.65,12061.45,0
2026-03-02 11:15:00,12061.2,12065.9,11989.55,11989.55,0
2026-03-02 12:15:00,11990.05,11994.75,11951.55,11955.4,0
2026-03-02 13:15:00,11955.45,11986.15,11888.05,11981.1,0
2026-03-02 14:15:00,11981.5,12016.5,11928.9,12014.95,0
2026-03-02 15:15:00,12012.15,12015.55,11998.85,12003.45,0
2026-03-04 09:15:00,11828.6,11833.55,11617.1,11699.65,0
2026-03-04 10:15:00,11699.1,11734.0,11665.9,11707.75,0
2026-03-04 11:15:00,11706.5,11722.3,11675.95,11686.55,0
2026-03-04 12:15:00,11687.15,11688.95,11647.3,11680.8,0
2026-03-04 13:15:00,11680.95,11690.9,11613.1,11670.35,0
2026-03-04 14:15:00,11671.15,11686.95,11619.85,11628.05,0
2026-03-04 15:15:00,11628.05,11630.3,11597.3,11604.65,0
2026-03-05 09:15:00,11672.2,11901.15,11668.25,11865.8,0
2026-03-05 10:15:00,11865.05,11883.6,11770.6,11827.65,0
2026-03-05 11:15:00,11826.0,11851.55,11806.25,11847.95,0
2026-03-05 12:15:00,11848.25,11866.3,11774.8,11778.4,0
2026-03-05 13:15:00,11780.4,11794.95,11725.35,11729.25,0
2026-03-05 14:15:00,11728.55,11861.55,11716.55,11795.75,0
2026-03-05 15:15:00,11795.75,11832.15,11792.9,11809.2,0
2026-03-06 09:15:00,11862.95,11872.25,11768.55,11813.35,0
2026-03-06 10:15:00,11812.3,11839.0,11775.95,11810.0,0
2026-03-06 11:15:00,11811.15,11862.95,11797.15,11846.1,0
2026-03-06 12:15:00,11845.85,11869.3,11829.25,11864.45,0
2026-03-06 13:15:00,11864.2,11888.65,11842.15,11864.45,0
2026-03-06 14:15:00,11864.55,11890.5,11770.05,11780.75,0
2026-03-06 15:15:00,11780.8,11801.75,11763.25,11793.5,0
2026-03-09 09:15:00,11610.65,11620.7,11413.45,11512.45,0
2026-03-09 10:15:00,11514.0,11533.15,11395.7,11412.0,0
2026-03-09 11:15:00,11411.35,11490.15,11383.6,11415.0,0
2026-03-09 12:15:00,11415.1,11452.9,11398.5,11425.3,0
2026-03-09 13:15:00,11425.3,11464.1,11413.1,11425.0,0
2026-03-09 14:15:00,11425.3,11547.6,11420.9,11509.45,0
2026-03-09 15:15:00,11511.05,11521.45,11465.8,11485.25,0
2026-03-10 09:15:00,11611.9,11619.05,11423.6,11488.85,0
2026-03-10 10:15:00,11487.7,11516.1,11474.25,11499.45,0
2026-03-10 11:15:00,11500.45,11515.75,11459.75,11459.75,0
2026-03-10 12:15:00,11460.0,11499.4,11451.25,11465.3,0
2026-03-10 13:15:00,11464.9,11507.65,11449.9,11482.65,0
2026-03-10 14:15:00,11482.75,11492.05,11436.1,11458.2,0
2026-03-10 15:15:00,11458.0,11493.55,11457.4,11489.55,0
2026-03-11 09:15:00,11518.3,11620.35,11498.85,11523.3,0
2026-03-11 10:15:00,11523.9,11529.8,11480.4,11499.15,0
2026-03-11 11:15:00,11499.6,11541.1,11487.8,11534.25,0
2026-03-11 12:15:00,11533.95,11570.4,11518.2,11539.75,0
2026-03-11 13:15:00,11538.75,11568.75,11526.95,11533.9,0
2026-03-11 14:15:00,11534.0,11543.3,11471.85,11474.05,0
2026-03-11 15:15:00,11474.05,11488.9,11450.35,11468.3,0
2026-03-12 09:15:00,11444.45,11536.05,11350.15,11514.55,0
2026-03-12 10:15:00,11515.65,11646.45,11499.9,11612.9,0
2026-03-12 11:15:00,11612.55,11624.05,11554.65,11611.3,0
2026-03-12 12:15:00,11612.85,11619.05,11570.1,11614.8,0
2026-03-12 13:15:00,11616.05,11652.45,11579.1,11601.2,0
2026-03-12 14:15:00,11601.65,11610.4,11521.25,11533.05,0
2026-03-12 15:15:00,11533.05,11550.9,11526.55,11541.3,0
2026-03-13 09:15:00,11506.15,11559.95,11414.0,11422.05,0
2026-03-13 10:15:00,11422.15,11447.3,11398.4,11403.3,0
2026-03-13 11:15:00,11403.7,11469.85,11383.1,11403.2,0
2026-03-13 12:15:00,11404.95,11407.3,11307.8,11310.05,0
2026-03-13 13:15:00,11309.95,11347.45,11293.7,11324.9,0
2026-03-13 14:15:00,11325.45,11356.2,11260.15,11303.5,0
2026-03-13 15:15:00,11303.5,11304.55,11278.6,11300.2,0
2026-03-16 09:15:00,11248.5,11304.75,11094.35,11127.3,0
2026-03-16 10:15:00,11125.85,11125.85,11021.6,11061.0,0
2026-03-16 11:15:00,11061.6,11124.7,11050.3,11053.55,0
2026-03-16 12:15:00,11053.6,11061.55,10985.4,10997.0,0
2026-03-16 13:15:00,10996.05,11071.8,10994.8,11051.2,0
2026-03-16 14:15:00,11051.6,11147.5,11039.2,11113.55,0
2026-03-16 15:15:00,11113.55,11117.0,11090.25,11106.55,0
2026-03-17 09:15:00,11135.15,11157.15,11063.8,11116.55,0
2026-03-17 10:15:00,11116.1,11152.65,11076.0,11099.0,0
2026-03-17 11:15:00,11099.25,11110.45,11053.45,11082.25,0
2026-03-17 12:15:00,11081.1,11103.1,11040.85,11092.9,0
2026-03-17 13:15:00,11094.65,11122.75,11071.45,11114.75,0
2026-03-17 14:15:00,11114.7,11162.65,11093.9,11141.5,0
2026-03-17 15:15:00,11141.5,11143.6,11112.0,11114.4,0
2026-03-18 09:15:00,11149.85,11241.85,11126.95,11148.8,0
2026-03-18 10:15:00,11149.75,11190.2,11139.85,11187.95,0
2026-03-18 11:15:00,11187.65,11202.0,11173.1,11184.7,0
2026-03-18 12:15:00,11184.5,11213.45,11172.55,11204.45,0
2026-03-18 13:15:00,11204.3,11231.25,11196.85,11217.85,0
2026-03-18 14:15:00,11218.2,11243.5,11194.7,11202.5,0
2026-03-18 15:15:00,11202.5,11204.0,11173.9,11189.85,0
2026-03-19 09:15:00,11074.35,11130.25,11010.75,11051.95,0
2026-03-19 10:15:00,11052.8,11192.5,11034.25,11130.8,0
2026-03-19 11:15:00,11131.65,11149.9,11075.3,11095.8,0
2026-03-19 12:15:00,11095.6,11096.25,11020.2,11023.5,0
2026-03-19 13:15:00,11023.05,11031.1,10977.5,10984.2,0
2026-03-19 14:15:00,10985.8,11013.0,10930.25,10976.55,0
2026-03-19 15:15:00,10976.55,11025.05,10966.15,11013.8,0
2026-03-20 09:15:00,11057.4,11200.6,11053.0,11169.35,0
2026-03-20 10:15:00,11169.45,11176.2,11128.1,11165.5,0
2026-03-20 11:15:00,11165.4,11183.85,11105.8,11121.3,0
2026-03-20 12:15:00,11121.3,11127.1,11077.2,11121.25,0
2026-03-20 13:15:00,11121.15,11143.6,11087.0,11096.95,0
2026-03-20 14:15:00,11094.25,11107.6,11013.7,11035.4,0
2026-03-20 15:15:00,11035.4,11048.55,11018.45,11041.3,0
2026-03-23 09:15:00,10910.55,10934.85,10791.1,10796.2,0
2026-03-23 10:15:00,10795.8,10805.35,10722.55,10742.3,0
2026-03-23 11:15:00,10742.25,10775.15,10719.85,10758.4,0
2026-03-23 12:15:00,10758.0,10758.05,10715.65,10734.5,0
2026-03-23 13:15:00,10735.9,10797.85,10721.45,10773.8,0
2026-03-23 14:15:00,10773.7,10793.45,10721.45,10744.65,0
2026-03-23 15:15:00,10744.5,10745.25,10719.25,10731.75,0
2026-03-24 09:15:00,10919.6,10921.85,10771.6,10803.05,0
2026-03-24 10:15:00,10803.05,10847.8,10775.05,10828.25,0
2026-03-24 11:15:00,10828.0,10860.9,10812.5,10814.1,0
2026-03-24 12:15:00,10812.7,10941.85,10807.65,10880.2,0
2026-03-24 13:15:00,10880.15,10922.25,10860.85,10885.85,0
2026-03-24 14:15:00,10885.15,10904.1,10845.65,10872.05,0
2026-03-24 15:15:00,10872.05,10897.95,10860.9,10890.05,0
2026-03-25 09:15:00,10977.95,10993.45,10925.95,10983.2,0
2026-03-25 10:15:00,10983.05,11029.3,10974.2,11017.9,0
2026-03-25 11:15:00,11016.95,11020.8,10955.6,10985.15,0
2026-03-25 12:15:00,10984.2,10996.6,10956.05,10973.0,0
2026-03-25 13:15:00,10971.8,11010.4,10963.35,10985.3,0
2026-03-25 14:15:00,10986.15,10994.25,10929.1,10955.5,0
2026-03-25 15:15:00,10956.05,10965.3,10942.4,10957.95,0
2026-03-27 09:15:00,10987.6,11025.45,10853.65,10858.85,0
2026-03-27 10:15:00,10859.15,10882.65,10836.15,10874.1,0
2026-03-27 11:15:00,10874.1,10892.7,10841.65,10864.8,0
2026-03-27 12:15:00,10863.9,10881.85,10849.05,10879.6,0
2026-03-27 13:15:00,10880.55,10925.3,10879.35,10913.05,0
2026-03-27 14:15:00,10912.7,10912.8,10827.55,10830.65,0
2026-03-27 15:15:00,10830.65,10833.45,10808.0,10818.55,0
2026-03-30 09:15:00,10720.75,10955.4,10696.2,10897.75,0
2026-03-30 10:15:00,10898.25,10904.9,10800.3,10810.9,0
2026-03-30 11:15:00,10812.15,10896.95,10807.2,10888.3,0
2026-03-30 12:15:00,10888.7,10896.85,10839.65,10869.8,0
2026-03-30 13:15:00,10869.8,10878.25,10826.55,10841.45,0
2026-03-30 14:15:00,10841.65,10847.25,10768.5,10783.6,0
2026-03-30 15:15:00,10783.6,10826.15,10775.8,10798.95,0
2026-04-01 09:15:00,11095.6,11095.85,10906.65,10986.35,0
2026-04-01 10:15:00,10985.4,10993.5,10914.3,10949.45,0
2026-04-01 11:15:00,10948.4,10996.95,10939.95,10996.95,0
2026-04-01 12:15:00,10995.95,11019.2,10981.45,11010.1,0
2026-04-01 13:15:00,11009.45,11017.2,10907.75,10946.9,0
2026-04-01 14:15:00,10946.65,10956.95,10904.2,10935.9,0
2026-04-01 15:15:00,10935.9,10942.8,10911.45,10924.6,0
2026-04-02 09:15:00,10838.5,10842.55,10616.35,10648.6,0
2026-04-02 10:15:00,10648.85,10678.75,10610.3,10674.55,0
2026-04-02 11:15:00,10673.95,10745.3,10667.8,10733.0,0
2026-04-02 12:15:00,10730.8,10755.5,10709.45,10741.0,0
2026-04-02 13:15:00,10740.9,10827.9,10735.4,10825.8,0
2026-04-02 14:15:00,10825.3,10865.95,10792.2,10863.6,0
2026-04-02 15:15:00,10863.6,10876.75,10829.9,10838.75,0
2026-04-06 09:15:00,10863.25,10863.25,10666.65,10699.7,0
2026-04-06 10:15:00,10701.75,10709.55,10580.95,10595.15,0
2026-04-06 11:15:00,10595.65,10652.15,10592.45,10614.65,0
2026-04-06 12:15:00,10614.3,10682.9,10586.55,10681.95,0
2026-04-06 13:15:00,10683.05,10700.35,10649.75,10686.5,0
2026-04-06 14:15:00,10686.6,10705.25,10670.05,10700.75,0
2026-04-06 15:15:00,10700.75,10708.25,10681.85,10695.25,0
2026-04-07 09:15:00,10622.1,10685.5,10583.0,10648.4,0
2026-04-07 10:15:00,10649.4,10672.55,10630.3,10644.9,0
2026-04-07 11:15:00,10645.15,10657.0,10632.95,10652.15,0
2026-04-07 12:15:00,10651.8,10663.55,10630.9,10657.0,0
2026-04-07 13:15:00,10656.8,10722.55,10652.65,10707.2,0
2026-04-07 14:15:00,10709.05,10760.25,10677.2,10746.35,0
2026-04-07 15:15:00,10746.35,10766.95,10737.1,10753.0,0
2026-04-08 09:15:00,11065.3,11107.85,10985.1,11012.7,0
2026-04-08 10:15:00,11011.65,11079.5,11006.35,11072.2,0
2026-04-08 11:15:00,11072.6,11134.8,11072.55,11131.9,0
2026-04-08 12:15:00,11131.75,11132.25,11080.8,11126.6,0
2026-04-08 13:15:00,11126.25,11149.55,11105.2,11107.55,0
2026-04-08 14:15:00,11107.6,11143.95,11100.05,11135.35,0
2026-04-08 15:15:00,11135.35,11153.25,11129.45,11149.5,0
2026-04-09 09:15:00,11106.65,11146.95,11024.05,11074.3,0
2026-04-09 10:15:00,11073.25,11106.1,11055.45,11078.3,0
2026-04-09 11:15:00,11078.3,11133.4,11063.55,11123.75,0
2026-04-09 12:15:00,11123.4,11131.05,11101.1,11117.85,0
2026-04-09 13:15:00,11117.3,11118.05,11085.1,11098.2,0
2026-04-09 14:15:00,11097.6,11114.9,11074.85,11092.75,0
2026-04-09 15:15:00,11092.75,11098.55,11080.45,11088.8,0
2026-04-10 09:15:00,11131.75,11237.0,11129.6,11177.1,0
2026-04-10 10:15:00,11177.6,11182.0,11150.15,11169.55,0
2026-04-10 11:15:00,11169.6,11212.35,11167.7,11208.45,0
2026-04-10 12:15:00,11208.75,11218.95,11194.1,11195.65,0
2026-04-10 13:15:00,11194.95,11196.05,11163.35,11171.4,0
2026-04-10 14:15:00,11171.95,11204.2,11128.2,11191.8,0
2026-04-10 15:15:00,11191.8,11203.3,11189.1,11199.15,0
2026-04-13 09:15:00,10952.85,11012.35,10893.55,10988.15,0
2026-04-13 10:15:00,10987.85,11050.3,10983.55,11028.7,0
2026-04-13 11:15:00,11027.9,11040.85,11013.65,11018.15,0
2026-04-13 12:15:00,11018.45,11023.6,10984.15,11000.5,0
2026-04-13 13:15:00,11000.5,11038.1,10997.25,11019.3,0
2026-04-13 14:15:00,11019.9,11051.2,11011.45,11037.85,0
2026-04-13 15:15:00,11037.85,11045.15,11019.35,11036.7,0
2026-04-15 09:15:00,11186.95,11253.15,11155.25,11230.8,0
2026-04-15 10:15:00,11231.35,11247.7,11220.25,11237.6,0
2026-04-15 11:15:00,11237.1,11276.0,11235.0,11254.7,0
2026-04-15 12:15:00,11255.65,11273.15,11251.0,11263.7,0
2026-04-15 13:15:00,11263.85,11276.05,11242.4,11244.2,0
2026-04-15 14:15:00,11244.05,11288.4,11236.5,11272.15,0
2026-04-15 15:15:00,11272.15,11277.65,11264.0,11272.65,0
2026-04-16 09:15:00,11349.75,11349.75,11232.25,11254.75,0
2026-04-16 10:15:00,11255.45,11283.05,11246.8,11251.9,0
2026-04-16 11:15:00,11251.95,11268.0,11221.55,11233.05,0
2026-04-16 12:15:00,11233.25,11238.9,11204.85,11213.25,0
2026-04-16 13:15:00,11213.45,11229.55,11202.3,11216.8,0
2026-04-16 14:15:00,11217.05,11262.5,11208.6,11251.7,0
2026-04-16 15:15:00,11251.7,11272.05,11247.4,11267.25,0
2026-04-17 09:15:00,11272.05,11360.6,11244.65,11329.8,0
2026-04-17 10:15:00,11329.6,11373.0,11321.65,11360.4,0
2026-04-17 11:15:00,11360.35,11390.25,11356.95,11383.95,0
2026-04-17 12:15:00,11383.85,11392.95,11375.3,11383.9,0
2026-04-17 13:15:00,11383.7,11411.65,11376.0,11403.3,0
2026-04-17 14:15:00,11403.4,11436.65,11393.3,11411.1,0
2026-04-17 15:15:00,11411.1,11422.3,11405.2,11416.8,0
2026-04-20 09:15:00,11402.65,11414.1,11318.55,11367.55,0
2026-04-20 10:15:00,11367.45,11427.35,11365.5,11413.15,0
2026-04-20 11:15:00,11413.3,11450.7,11412.8,11437.6,0
2026-04-20 12:15:00,11437.7,11503.4,11436.9,11480.35,0
2026-04-20 13:15:00,11480.45,11491.85,11435.25,11438.0,0
2026-04-20 14:15:00,11438.4,11471.25,11434.35,11439.5,0
2026-04-20 15:15:00,11439.5,11440.3,11411.8,11422.65,0
2026-04-21 09:15:00,11426.5,11505.2,11426.5,11503.65,0
2026-04-21 10:15:00,11503.25,11506.8,11473.9,11486.35,0
2026-04-21 11:15:00,11485.95,11488.9,11452.55,11462.55,0
2026-04-21 12:15:00,11462.65,11476.45,11453.8,11458.75,0
2026-04-21 13:15:00,11459.1,11466.1,11436.45,11456.5,0
2026-04-21 14:15:00,11456.35,11471.3,11435.15,11443.75,0
2026-04-21 15:15:00,11443.75,11450.75,11436.05,11445.1,0
2026-04-22 09:15:00,11411.95,11461.65,11400.15,11460.45,0
2026-04-22 10:15:00,11460.6,11496.0,11459.95,11493.55,0
2026-04-22 11:15:00,11493.55,11511.4,11485.9,11492.0,0
2026-04-22 12:15:00,11491.8,11511.1,11485.4,11504.8,0
2026-04-22 13:15:00,11504.5,11512.6,11491.0,11503.25,0
2026-04-22 14:15:00,11502.15,11523.6,11488.85,11505.2,0
2026-04-22 15:15:00,11505.2,11512.4,11483.5,11483.5,0
2026-04-23 09:15:00,11447.4,11528.85,11407.1,11450.8,0
2026-04-23 10:15:00,11452.85,11473.9,11422.0,11423.05,0
2026-04-23 11:15:00,11424.05,11472.3,11420.15,11468.75,0
2026-04-23 12:15:00,11468.1,11479.85,11436.55,11476.65,0
2026-04-23 13:15:00,11477.4,11493.55,11428.9,11430.05,0
2026-04-23 14:15:00,11430.2,11440.2,11401.35,11407.05,0
2026-04-23 15:15:00,11407.05,11426.25,11402.75,11422.65,0
2026-04-24 09:15:00,11426.4,11447.65,11324.65,11354.05,0
2026-04-24 10:15:00,11353.6,11360.05,11327.5,11345.25,0
2026-04-24 11:15:00,11345.45,11365.1,11325.75,11342.8,0
2026-04-24 12:15:00,11343.25,11345.35,11304.85,11325.4,0
2026-04-24 13:15:00,11325.05,11327.15,11293.2,11312.9,0
2026-04-24 14:15:00,11312.65,11349.9,11312.3,11326.15,0
2026-04-24 15:15:00,11326.15,11347.85,11323.7,11345.2,0
2026-04-27 09:15:00,11326.35,11456.3,11316.8,11416.45,0
2026-04-27 10:15:00,11415.7,11444.05,11411.3,11435.15,0
2026-04-27 11:15:00,11435.6,11442.3,11405.0,11433.75,0
2026-04-27 12:15:00,11433.4,11465.35,11421.85,11455.6,0
2026-04-27 13:15:00,11455.45,11491.6,11454.4,11477.95,0
2026-04-27 14:15:00,11477.8,11520.2,11466.9,11502.85,0
2026-04-27 15:15:00,11502.85,11532.1,11499.5,11528.8,0
2026-04-28 09:15:00,11479.85,11619.55,11465.05,11584.85,0
2026-04-28 10:15:00,11584.15,11658.05,11578.8,11655.5,0
2026-04-28 11:15:00,11655.45,11655.5,11598.75,11631.65,0
2026-04-28 12:15:00,11632.1,11643.2,11595.1,11603.65,0
2026-04-28 13:15:00,11603.95,11638.85,11602.45,11617.7,0
2026-04-28 14:15:00,11617.65,11708.6,11610.2,11679.0,0
2026-04-28 15:15:00,11679.0,11715.35,11676.25,11709.7,0
2026-04-29 09:15:00,11738.65,11807.8,11713.05,11783.15,0
2026-04-29 10:15:00,11783.7,11832.85,11779.75,11823.75,0
2026-04-29 11:15:00,11824.65,11863.0,11800.8,11832.9,0
2026-04-29 12:15:00,11834.05,11850.5,11827.85,11838.2,0
2026-04-29 13:15:00,11838.8,11843.25,11775.65,11784.75,0
2026-04-29 14:15:00,11784.65,11787.15,11752.15,11766.55,0
2026-04-29 15:15:00,11766.55,11794.15,11758.5,11788.1,0
2026-04-30 09:15:00,11714.8,11731.05,11587.4,11591.75,0
2026-04-30 10:15:00,11590.8,11605.05,11554.9,11574.95,0
2026-04-30 11:15:00,11575.35,11628.35,11573.7,11625.5,0
2026-04-30 12:15:00,11625.9,11664.25,11606.85,11651.9,0
2026-04-30 13:15:00,11652.5,11666.95,11636.95,11653.0,0
2026-04-30 14:15:00,11653.45,11719.3,11651.75,11705.0,0
2026-04-30 15:15:00,11705.0,11721.35,11680.45,11710.5,0
2026-05-04 09:15:00,11740.75,11801.95,11702.4,11709.0,0
2026-05-04 10:15:00,11709.65,11750.05,11703.3,11747.45,0
2026-05-04 11:15:00,11746.45,11772.55,11739.6,11745.6,0
2026-05-04 12:15:00,11745.3,11768.75,11731.4,11748.0,0
2026-05-04 13:15:00,11747.9,11751.1,11698.5,11739.15,0
2026-05-04 14:15:00,11741.45,11756.0,11717.15,11725.2,0
2026-05-04 15:15:00,11725.2,11759.6,11720.85,11758.3,0
2026-05-05 09:15:00,11734.7,11766.25,11685.6,11686.8,0
2026-05-05 10:15:00,11687.05,11688.05,11577.8,11600.1,0
2026-05-05 11:15:00,11599.9,11637.4,11578.75,11634.9,0
2026-05-05 12:15:00,11635.0,11704.95,11628.65,11703.6,0
2026-05-05 13:15:00,11700.95,11708.85,11679.7,11686.75,0
2026-05-05 14:15:00,11686.05,11706.05,11675.75,11700.9,0
2026-05-05 15:15:00,11700.9,11723.6,11696.6,11710.0,0
2026-05-06 09:15:00,11754.1,11779.9,11703.4,11719.2,0
2026-05-06 10:15:00,11719.2,11723.2,11664.95,11675.0,0
2026-05-06 11:15:00,11675.05,11690.3,11662.45,11683.75,0
2026-05-06 12:15:00,11684.15,11684.15,11600.85,11631.8,0
2026-05-06 13:15:00,11632.4,11709.75,11626.5,11706.75,0
2026-05-06 14:15:00,11707.1,11792.45,11702.4,11714.0,0
2026-05-06 15:15:00,11714.0,11733.7,11710.9,11731.45,0
2026-05-07 09:15:00,11755.7,11768.2,11661.55,11683.0,0
2026-05-07 10:15:00,11684.0,11737.9,11681.05,11691.6,0
2026-05-07 11:15:00,11690.4,11705.9,11657.8,11702.3,0
2026-05-07 12:15:00,11702.3,11777.3,11698.7,11722.0,0
2026-05-07 13:15:00,11722.85,11736.6,11695.35,11729.0,0
2026-05-07 14:15:00,11729.15,11744.9,11691.85,11698.05,0
2026-05-07 15:15:00,11698.05,11719.35,11695.95,11715.05,0
2026-05-08 09:15:00,11658.85,11661.85,11566.05,11630.3,0
2026-05-08 10:15:00,11631.85,11656.1,11614.6,11637.2,0
2026-05-08 11:15:00,11637.2,11638.35,11588.05,11591.75,0
2026-05-08 12:15:00,11591.85,11601.7,11566.75,11571.7,0
2026-05-08 13:15:00,11571.65,11594.65,11554.15,11559.9,0
2026-05-08 14:15:00,11559.9,11638.65,11558.15,11597.15,0
2026-05-08 15:15:00,11597.15,11609.7,11592.85,11606.65,0
2026-05-11 09:15:00,11526.55,11538.4,11407.4,11462.75,0
2026-05-11 10:15:00,11464.2,11464.35,11424.3,11451.75,0
2026-05-11 11:15:00,11450.85,11459.15,11413.8,11430.95,0
2026-05-11 12:15:00,11430.45,11431.1,11388.55,11409.1,0
2026-05-11 13:15:00,11410.1,11411.45,11389.15,11391.55,0
2026-05-11 14:15:00,11391.4,11413.25,11327.1,11329.8,0
2026-05-11 15:15:00,11329.8,11340.1,11323.45,11334.7,0
2026-05-12 09:15:00,11347.35,11435.8,11336.5,11407.5,0
2026-05-12 10:15:00,11407.7,11438.3,11397.8,11429.4,0
2026-05-12 11:15:00,11429.9,11446.85,11385.8,11387.6,0
2026-05-12 12:15:00,11389.25,11410.65,11362.7,11382.45,0
2026-05-12 13:15:00,11380.7,11399.5,11356.4,11362.45,0
2026-05-12 14:15:00,11360.6,11377.55,11276.75,11278.0,0
2026-05-12 15:15:00,11278.0,11310.7,11275.05,11308.3,0
2026-05-13 09:15:00,11318.1,11375.05,11270.55,11349.4,0
2026-05-13 10:15:00,11348.7,11391.65,11334.75,11345.0,0
2026-05-13 11:15:00,11344.8,11409.2,11338.3,11400.85,0
2026-05-13 12:15:00,11401.5,11460.45,11361.4,11439.75,0
2026-05-13 13:15:00,11439.9,11486.15,11422.7,11481.9,0
2026-05-13 14:15:00,11482.2,11490.3,11423.15,11432.4,0
2026-05-13 15:15:00,11432.4,11465.35,11429.0,11459.85,0
2026-05-14 09:15:00,11530.65,11543.7,11395.25,11415.5,0
2026-05-14 10:15:00,11416.2,11453.85,11382.15,11403.05,0
2026-05-14 11:15:00,11402.9,11479.1,11401.1,11467.45,0
2026-05-14 12:15:00,11467.2,11506.2,11465.75,11488.65,0
2026-05-14 13:15:00,11489.8,11503.15,11468.2,11486.95,0
2026-05-14 14:15:00,11487.3,11496.25,11428.55,11442.0,0
2026-05-14 15:15:00,11442.0,11475.2,11436.3,11472.2,0
2026-05-15 09:15:00,11452.1,11477.55,11285.55,11322.45,0
2026-05-15 10:15:00,11323.35,11333.05,11283.25,11293.95,0
2026-05-15 11:15:00,11293.75,11298.5,11262.4,11285.1,0
2026-05-15 12:15:00,11285.0,11299.45,11269.5,11288.6,0
2026-05-15 13:15:00,11288.6,11301.5,11270.1,11292.15,0
2026-05-15 14:15:00,11292.95,11299.05,11229.25,11258.25,0
2026-05-15 15:15:00,11258.25,11265.3,11240.7,11262.75,0
2026-05-18 09:15:00,11205.85,11206.55,11071.45,11090.25,0
2026-05-18 10:15:00,11090.5,11161.0,11083.7,11158.15,0
2026-05-18 11:15:00,11158.5,11179.15,11132.55,11141.6,0
2026-05-18 12:15:00,11142.45,11176.7,11130.85,11144.25,0
2026-05-18 13:15:00,11143.9,11167.65,11140.05,11155.05,0
2026-05-18 14:15:00,11154.1,11183.55,11127.5,11158.35,0
2026-05-18 15:15:00,11158.35,11170.85,11151.85,11167.8,0
2026-05-19 09:15:00,11189.7,11256.35,11185.8,11244.55,0
2026-05-19 10:15:00,11244.1,11276.25,11225.2,11257.55,0
2026-05-19 11:15:00,11257.9,11264.2,11227.6,11234.65,0
2026-05-19 12:15:00,11235.35,11243.75,11205.7,11208.7,0
2026-05-19 13:15:00,11208.35,11249.0,11205.6,11241.35,0
2026-05-19 14:15:00,11241.35,11247.45,11174.15,11179.2,0
2026-05-19 15:15:00,11179.5,11181.15,11161.05,11180.7,0
2026-05-19 16:15:00,11180.7,11180.7,11180.7,11180.7,0
2026-05-19 17:15:00,11180.7,11180.7,11180.7,11180.7,0
