date,open,high,low,close,volume
2015-11-09 09:15:00,19192.55,19604.25,19171.8,19590.05,0
2015-11-09 10:15:00,19587.9,19638.7,19554.05,19623.35,0
2015-11-09 11:15:00,19623.45,19636.6,19570.2,19600.0,0
2015-11-09 12:15:00,19600.0,19617.85,19582.05,19603.95,0
2015-11-09 13:15:00,19603.95,19672.5,19601.05,19661.5,0
2015-11-09 14:15:00,19661.5,19758.5,19658.65,19661.7,0
2015-11-09 15:15:00,19661.7,19679.5,19648.7,19679.5,0
2015-11-10 09:15:00,19629.05,19661.35,19529.7,19533.5,0
2015-11-10 10:15:00,19533.5,19575.45,19511.5,19571.75,0
2015-11-10 11:15:00,19571.75,19573.8,19432.75,19442.8,0
2015-11-10 12:15:00,19442.8,19449.4,19379.85,19423.35,0
2015-11-10 13:15:00,19423.35,19463.45,19374.8,19457.1,0
2015-11-10 14:15:00,19457.1,19497.5,19293.15,19295.2,0
2015-11-10 15:15:00,19295.2,19319.1,19273.55,19313.3,0
2015-11-11 17:30:00,19311.3,19521.7,19311.3,19506.0,0
2015-11-11 18:30:00,19506.0,19525.1,19494.7,19517.1,0
2015-11-13 09:15:00,19391.75,19391.75,19238.1,19303.75,0
2015-11-13 10:15:00,19303.75,19315.3,19206.45,19216.4,0
2015-11-13 11:15:00,19216.4,19232.35,19151.1,19230.25,0
2015-11-13 12:15:00,19230.25,19271.9,19214.45,19262.9,0
2015-11-13 13:15:00,19261.6,19280.5,19231.45,19280.25,0
2015-11-13 14:15:00,19283.9,19293.0,19254.85,19263.85,0
2015-11-13 15:15:00,19267.9,19274.75,19259.05,19261.05,0
2015-11-16 09:15:00,19232.65,19285.75,19104.0,19125.45,0
2015-11-16 10:15:00,19124.75,19186.6,19119.65,19155.55,0
2015-11-16 11:15:00,19155.55,19225.85,19137.75,19209.85,0
2015-11-16 12:15:00,19209.85,19218.2,19184.5,19190.2,0
2015-11-16 13:15:00,19190.2,19233.0,19176.4,19219.45,0
2015-11-16 14:15:00,19219.55,19229.85,19141.65,19142.6,0
2015-11-16 15:15:00,19142.6,19164.7,19140.85,19158.45,0
2015-11-17 09:15:00,19283.45,19283.75,19218.85,19242.25,0
2015-11-17 10:15:00,19242.25,19280.0,19206.85,19208.7,0
2015-11-17 11:15:00,19208.7,19246.85,19193.85,19209.1,0
2015-11-17 12:15:00,19209.05,19221.95,19173.4,19218.05,0
2015-11-17 13:15:00,19217.2,19289.1,19211.9,19283.9,0
2015-11-17 14:15:00,19283.9,19283.9,19247.05,19278.65,0
2015-11-17 15:15:00,19278.65,19285.45,19270.35,19285.3,0
2015-11-18 09:15:00,19294.7,19356.6,19275.15,19338.0,0
2015-11-18 10:15:00,19338.0,19356.5,19311.65,19312.1,0
2015-11-18 11:15:00,19310.8,19353.2,19310.65,19335.8,0
2015-11-18 12:15:00,19335.8,19340.4,19286.55,19306.15,0
2015-11-18 13:15:00,19306.15,19307.2,19194.5,19235.7,0
2015-11-18 14:15:00,19235.7,19235.7,19168.65,19190.85,0
2015-11-18 15:15:00,19190.85,19192.5,19147.35,19148.8,0
2015-11-19 09:15:00,19288.85,19330.15,19248.35,19275.95,0
2015-11-19 10:15:00,19275.95,19358.25,19264.0,19344.25,0
2015-11-19 11:15:00,19342.95,19345.95,19308.95,19326.95,0
2015-11-19 12:15:00,19326.95,19363.25,19322.6,19358.65,0
2015-11-19 13:15:00,19358.65,19376.8,19328.75,19334.5,0
2015-11-19 14:15:00,19333.15,19396.45,19308.8,19394.85,0
2015-11-19 15:15:00,19394.85,19413.35,19394.85,19400.5,0
2015-11-20 09:15:00,19446.7,19472.35,19413.45,19451.85,0
2015-11-20 10:15:00,19453.6,19528.4,19444.3,19525.0,0
2015-11-20 11:15:00,19522.8,19543.9,19515.5,19539.25,0
2015-11-20 12:15:00,19539.95,19565.8,19510.0,19561.75,0
2015-11-20 13:15:00,19561.75,19600.25,19549.45,19569.8,0
2015-11-20 14:15:00,19569.8,19578.0,19502.2,19525.95,0
2015-11-20 15:15:00,19525.95,19544.2,19520.9,19543.8,0
2015-11-23 09:15:00,19595.55,19663.15,19583.05,19607.45,0
2015-11-23 10:15:00,19607.45,19619.15,19583.55,19608.85,0
2015-11-23 11:15:00,19610.7,19635.55,19602.2,19606.1,0
2015-11-23 12:15:00,19606.1,19620.3,19583.05,19594.4,0
2015-11-23 13:15:00,19594.4,19603.45,19542.6,19560.95,0
2015-11-23 14:15:00,19560.95,19589.05,19544.75,19563.75,0
2015-11-23 15:15:00,19563.75,19602.2,19561.35,19583.8,0
2015-11-24 09:15:00,19600.3,19673.9,19581.05,19661.9,0
2015-11-24 10:15:00,19664.3,19676.65,19647.7,19671.85,0
2015-11-24 11:15:00,19670.6,19677.3,19647.5,19648.15,0
2015-11-24 12:15:00,19648.55,19663.75,19631.9,19662.8,0
2015-11-24 13:15:00,19662.8,19678.6,19626.05,19635.4,0
2015-11-24 14:15:00,19635.4,19635.9,19574.65,19597.9,0
2015-11-24 15:15:00,19597.9,19620.65,19596.85,19610.6,0
2015-11-26 09:15:00,19660.25,19686.15,19635.95,19647.25,0
2015-11-26 10:15:00,19647.25,19688.35,19636.0,19677.6,0
2015-11-26 11:15:00,19677.6,19709.4,19669.65,19670.3,0
2015-11-26 12:15:00,19670.3,19693.7,19661.55,19675.7,0
2015-11-26 13:15:00,19675.7,19676.55,19632.35,19650.6,0
2015-11-26 14:15:00,19650.6,19660.25,19618.25,19629.2,0
2015-11-26 15:15:00,19629.2,19641.8,19623.3,19636.2,0
2015-11-27 09:15:00,19714.9,19769.4,19671.05,19765.05,0
2015-11-27 10:15:00,19765.05,19781.3,19758.85,19761.05,0
2015-11-27 11:15:00,19761.05,19772.1,19626.15,19638.3,0
2015-11-27 12:15:00,19638.3,19668.5,19628.1,19639.85,0
2015-11-27 13:15:00,19639.85,19684.75,19638.65,19674.5,0
2015-11-27 14:15:00,19674.3,19701.4,19666.15,19677.5,0
2015-11-27 15:15:00,19677.5,19693.8,19676.3,19678.1,0
2015-11-30 09:15:00,19709.95,19723.0,19666.3,19678.45,0
2015-11-30 10:15:00,19678.45,19692.65,19666.35,19687.15,0
2015-11-30 11:15:00,19688.8,19702.05,19674.3,19694.05,0
2015-11-30 12:15:00,19693.45,19705.4,19680.05,19680.15,0
2015-11-30 13:15:00,19680.15,19696.5,19672.85,19691.6,0
2015-11-30 14:15:00,19691.6,19692.95,19596.45,19607.7,0
2015-11-30 15:15:00,19608.8,19664.7,19598.8,19655.1,0
2015-12-01 09:15:00,19714.25,19786.2,19710.45,19771.0,0
2015-12-01 10:15:00,19771.0,19790.55,19735.2,19751.9,0
2015-12-01 11:15:00,19751.9,19790.6,19716.15,19789.6,0
2015-12-01 12:15:00,19789.6,19789.6,19715.2,19740.3,0
2015-12-01 13:15:00,19740.3,19765.4,19728.6,19762.9,0
2015-12-01 14:15:00,19762.9,19826.95,19762.6,19819.35,0
2015-12-01 15:15:00,19820.45,19825.15,19803.0,19803.0,0
2015-12-02 09:15:00,19869.6,19883.0,19823.4,19841.15,0
2015-12-02 10:15:00,19841.15,19843.2,19756.3,19774.9,0
2015-12-02 11:15:00,19774.9,19806.6,19757.7,19796.65,0
2015-12-02 12:15:00,19796.65,19817.65,19788.5,19799.9,0
2015-12-02 13:15:00,19799.9,19831.85,19792.9,19821.3,0
2015-12-02 14:15:00,19821.3,19855.8,19815.95,19838.65,0
2015-12-02 15:15:00,19838.65,19843.4,19827.4,19833.85,0
2015-12-03 09:15:00,19793.1,19810.7,19755.8,19798.35,0
2015-12-03 10:15:00,19795.9,19801.8,19759.4,19779.35,0
2015-12-03 11:15:00,19779.35,19810.0,19776.8,19803.05,0
2015-12-03 12:15:00,19803.05,19804.95,19786.2,19796.4,0
2015-12-03 13:15:00,19796.4,19825.9,19789.25,19813.65,0
2015-12-03 14:15:00,19813.65,19815.35,19671.8,19690.85,0
2015-12-03 15:15:00,19690.85,19705.1,19683.2,19698.25,0
2015-12-04 09:15:00,19594.0,19666.9,19563.9,19651.35,0
2015-12-04 10:15:00,19651.35,19658.05,19608.75,19608.8,0
2015-12-04 11:15:00,19608.8,19623.25,19603.6,19603.7,0
2015-12-04 12:15:00,19603.7,19626.8,19590.15,19618.5,0
2015-12-04 13:15:00,19618.5,19630.0,19576.75,19579.4,0
2015-12-04 14:15:00,19579.4,19586.55,19513.2,19537.7,0
2015-12-04 15:15:00,19537.7,19556.55,19534.95,19555.2,0
2015-12-07 09:15:00,19619.95,19647.95,19575.85,19581.55,0
2015-12-07 10:15:00,19581.55,19585.3,19543.75,19571.75,0
2015-12-07 11:15:00,19573.45,19606.95,19557.5,19587.4,0
2015-12-07 12:15:00,19587.4,19599.05,19556.85,19572.55,0
2015-12-07 13:15:00,19572.55,19586.8,19548.15,19548.15,0
2015-12-07 14:15:00,19548.15,19578.0,19545.8,19554.25,0
2015-12-07 15:15:00,19554.25,19556.0,19541.15,19553.75,0
2015-12-08 09:15:00,19487.6,19581.6,19481.8,19546.3,0
2015-12-08 10:15:00,19547.05,19558.9,19525.25,19532.25,0
2015-12-08 11:15:00,19532.9,19534.55,19492.8,19499.15,0
2015-12-08 12:15:00,19499.15,19499.15,19463.9,19469.65,0
2015-12-08 13:15:00,19469.65,19505.25,19469.65,19481.15,0
2015-12-08 14:15:00,19481.15,19492.9,19352.3,19358.1,0
2015-12-08 15:15:00,19358.35,19361.0,19340.2,19343.7,0
2015-12-09 09:15:00,19334.75,19359.3,19206.2,19208.25,0
2015-12-09 10:15:00,19208.25,19208.25,19099.8,19176.35,0
2015-12-09 11:15:00,19176.0,19187.75,19148.25,19172.35,0
2015-12-09 12:15:00,19172.35,19180.45,19130.4,19149.75,0
2015-12-09 13:15:00,19149.75,19176.4,19103.6,19109.65,0
2015-12-09 14:15:00,19109.65,19114.2,18991.15,18996.1,0
2015-12-09 15:15:00,18996.1,19026.25,18996.1,19021.8,0
2015-12-10 09:15:00,19096.15,19128.3,18937.55,19006.55,0
2015-12-10 10:15:00,19006.55,19024.7,18958.7,18958.7,0
2015-12-10 11:15:00,18958.7,19050.8,18952.35,19032.2,0
2015-12-10 12:15:00,19032.2,19057.35,19022.9,19046.2,0
2015-12-10 13:15:00,19046.1,19085.35,19004.4,19058.25,0
2015-12-10 14:15:00,19057.4,19165.4,19054.05,19153.4,0
2015-12-10 15:15:00,19153.4,19179.25,19148.6,19176.75,0
2015-12-11 09:15:00,19217.1,19225.0,19129.65,19223.4,0
2015-12-11 10:15:00,19223.4,19267.9,19199.95,19203.05,0
2015-12-11 11:15:00,19203.05,19204.3,19107.7,19112.45,0
2015-12-11 12:15:00,19112.5,19126.65,18997.25,19050.9,0
2015-12-11 13:15:00,19051.5,19070.8,18943.3,18981.85,0
2015-12-11 14:15:00,18981.5,19032.7,18949.45,18994.3,0
2015-12-11 15:15:00,18994.3,19007.9,18989.85,18997.8,0
2015-12-14 09:15:00,18942.95,19014.2,18875.6,19003.6,0
2015-12-14 10:15:00,19006.2,19071.2,19006.2,19051.5,0
2015-12-14 11:15:00,19050.35,19089.7,19029.0,19082.45,0
2015-12-14 12:15:00,19082.45,19116.15,19057.15,19108.4,0
2015-12-14 13:15:00,19108.4,19145.45,19066.9,19077.15,0
2015-12-14 14:15:00,19077.15,19092.5,18986.9,19092.5,0
2015-12-14 15:15:00,19092.5,19120.6,19091.8,19113.2,0
2015-12-15 09:15:00,19145.35,19188.8,19113.0,19147.65,0
2015-12-15 10:15:00,19147.65,19148.6,19115.5,19121.9,0
2015-12-15 11:15:00,19121.9,19155.55,19116.4,19133.8,0
2015-12-15 12:15:00,19133.8,19142.1,19110.95,19131.05,0
2015-12-15 13:15:00,19132.3,19175.25,19129.85,19174.55,0
2015-12-15 14:15:00,19174.55,19232.65,19162.8,19230.15,0
2015-12-15 15:15:00,19230.15,19240.1,19217.85,19220.5,0
2015-12-16 09:15:00,19319.5,19370.45,19279.5,19359.9,0
2015-12-16 10:15:00,19359.9,19376.9,19344.65,19373.2,0
2015-12-16 11:15:00,19373.2,19382.5,19356.4,19379.8,0
2015-12-16 12:15:00,19379.8,19400.15,19352.85,19365.0,0
2015-12-16 13:15:00,19365.0,19372.3,19307.3,19321.3,0
2015-12-16 14:15:00,19320.75,19338.15,19299.65,19299.65,0
2015-12-16 15:15:00,19299.65,19322.7,19283.2,19297.9,0
2015-12-17 09:15:00,19404.8,19450.25,19384.1,19426.6,0
2015-12-17 10:15:00,19426.6,19437.95,19378.5,19388.65,0
2015-12-17 11:15:00,19389.1,19433.15,19381.75,19414.35,0
2015-12-17 12:15:00,19414.35,19440.65,19409.45,19439.65,0
2015-12-17 13:15:00,19439.65,19515.9,19437.65,19514.8,0
2015-12-17 14:15:00,19514.8,19586.5,19502.1,19586.5,0
2015-12-17 15:15:00,19586.5,19604.8,19576.8,19576.8,0
2015-12-18 09:15:00,19564.65,19645.45,19538.95,19609.5,0
2015-12-18 10:15:00,19609.5,19663.45,19608.15,19651.0,0
2015-12-18 11:15:00,19651.0,19686.5,19642.4,19664.65,0
2015-12-18 12:15:00,19664.65,19684.9,19626.55,19629.5,0
2015-12-18 13:15:00,19629.5,19654.85,19596.35,19642.35,0
2015-12-18 14:15:00,19642.35,19676.1,19575.35,19593.6,0
2015-12-18 15:15:00,19593.6,19604.9,19582.2,19595.95,0
2015-12-21 09:15:00,19610.95,19692.95,19584.9,19656.35,0
2015-12-21 10:15:00,19656.35,19700.35,19656.35,19689.75,0
2015-12-21 11:15:00,19689.75,19726.05,19676.35,19718.8,0
2015-12-21 12:15:00,19718.8,19721.5,19694.2,19706.85,0
2015-12-21 13:15:00,19706.85,19728.6,19703.1,19718.8,0
2015-12-21 14:15:00,19718.8,19748.3,19705.4,19731.85,0
2015-12-21 15:15:00,19731.85,19731.85,19710.55,19714.4,0
2015-12-22 09:15:00,19746.1,19782.5,19718.65,19777.65,0
2015-12-22 10:15:00,19777.65,19782.7,19756.15,19762.55,0
2015-12-22 11:15:00,19762.55,19782.65,19754.15,19776.4,0
2015-12-22 12:15:00,19776.4,19791.65,19767.25,19776.5,0
2015-12-22 13:15:00,19776.5,19803.95,19718.9,19730.85,0
2015-12-22 14:15:00,19730.85,19731.65,19646.2,19667.25,0
2015-12-22 15:15:00,19667.25,19672.95,19658.15,19667.4,0
2015-12-23 09:15:00,19741.45,19793.5,19735.25,19741.85,0
2015-12-23 10:15:00,19741.85,19766.25,19740.75,19755.55,0
2015-12-23 11:15:00,19755.55,19761.05,19726.9,19734.4,0
2015-12-23 12:15:00,19734.4,19745.95,19718.3,19742.45,0
2015-12-23 13:15:00,19742.45,19752.15,19732.65,19749.25,0
2015-12-23 14:15:00,19748.4,19769.9,19721.45,19763.45,0
2015-12-23 15:15:00,19763.45,19778.75,19763.45,19778.75,0
2015-12-24 09:15:00,19835.0,19836.15,19765.2,19780.15,0
2015-12-24 10:15:00,19780.15,19808.1,19775.95,19797.9,0
2015-12-24 11:15:00,19796.6,19801.8,19779.15,19781.15,0
2015-12-24 12:15:00,19781.15,19816.7,19774.3,19811.35,0
2015-12-24 13:15:00,19811.35,19819.0,19739.4,19757.2,0
2015-12-24 14:15:00,19756.85,19795.15,19755.7,19784.4,0
2015-12-24 15:15:00,19785.25,19796.85,19776.1,19782.05,0
2015-12-28 09:15:00,19813.95,19877.45,19813.5,19857.75,0
2015-12-28 10:15:00,19857.75,19872.3,19844.05,19852.7,0
2015-12-28 11:15:00,19852.7,19889.55,19851.75,19880.6,0
2015-12-28 12:15:00,19880.6,19881.95,19835.25,19853.15,0
2015-12-28 13:15:00,19853.15,19863.95,19844.45,19852.3,0
2015-12-28 14:15:00,19852.3,19855.15,19827.75,19850.15,0
2015-12-28 15:15:00,19850.15,19859.45,19843.9,19850.0,0
2015-12-29 09:15:00,19886.25,19930.6,19868.85,19913.5,0
2015-12-29 10:15:00,19913.5,19940.75,19909.1,19926.25,0
2015-12-29 11:15:00,19926.25,19929.6,19883.65,19886.8,0
2015-12-29 12:15:00,19886.8,19890.35,19856.2,19882.45,0
2015-12-29 13:15:00,19882.45,19915.85,19875.55,19904.45,0
2015-12-29 14:15:00,19904.45,19916.7,19892.25,19914.65,0
2015-12-29 15:15:00,19914.65,19923.3,19907.1,19912.5,0
2015-12-30 09:15:00,19953.95,19965.55,19922.6,19942.35,0
2015-12-30 10:15:00,19942.35,19972.75,19942.35,19949.05,0
2015-12-30 11:15:00,19949.05,19958.55,19932.2,19940.05,0
2015-12-30 12:15:00,19940.05,19947.1,19924.35,19939.5,0
2015-12-30 13:15:00,19939.5,19940.7,19883.45,19903.8,0
2015-12-30 14:15:00,19903.8,19904.65,19845.75,19849.2,0
2015-12-30 15:15:00,19849.2,19849.65,19830.25,19833.65,0
2015-12-31 09:15:00,19899.1,19938.2,19893.1,19925.6,0
2015-12-31 10:15:00,19926.0,19927.7,19895.0,19913.1,0
2015-12-31 11:15:00,19913.25,19923.4,19905.6,19909.45,0
2015-12-31 12:15:00,19909.45,19911.15,19885.35,19888.8,0
2015-12-31 13:15:00,19888.8,19932.55,19886.0,19925.1,0
2015-12-31 14:15:00,19925.8,19968.3,19919.5,19964.55,0
2015-12-31 15:15:00,19964.55,20005.0,19959.3,19986.0,0
2016-01-01 09:15:00,19995.05,20075.65,19973.35,20057.5,0
2016-01-01 10:15:00,20057.5,20131.75,20057.5,20129.65,0
2016-01-01 11:15:00,20129.5,20138.4,20105.45,20126.7,0
2016-01-01 12:15:00,20126.7,20157.6,20118.5,20134.25,0
2016-01-01 13:15:00,20134.55,20173.65,20120.7,20162.3,0
2016-01-01 14:15:00,20162.3,20176.55,20146.65,20164.65,0
2016-01-01 15:15:00,20164.65,20182.15,20159.45,20160.4,0
2016-01-04 09:15:00,20125.25,20263.7,20107.35,20114.05,0
2016-01-04 10:15:00,20114.05,20161.4,20038.55,20038.55,0
2016-01-04 11:15:00,20038.55,20038.55,19919.9,19986.25,0
2016-01-04 12:15:00,19986.25,19994.8,19926.2,19930.35,0
2016-01-04 13:15:00,19930.35,19958.35,19891.75,19922.85,0
2016-01-04 14:15:00,19922.85,19996.25,19921.55,19945.55,0
2016-01-04 15:15:00,19945.55,19957.85,19939.55,19947.55,0
2016-01-05 09:15:00,20031.05,20057.0,19929.05,19993.8,0
2016-01-05 10:15:00,19993.2,20020.45,19925.6,19934.9,0
2016-01-05 11:15:00,19936.0,19998.8,19933.55,19995.35,0
2016-01-05 12:15:00,19995.35,20071.65,19987.25,20059.75,0
2016-01-05 13:15:00,20059.75,20076.35,20028.6,20072.6,0
2016-01-05 14:15:00,20072.6,20085.4,20022.65,20064.05,0
2016-01-05 15:15:00,20066.3,20072.25,20057.1,20067.15,0
2016-01-06 09:15:00,20089.9,20131.7,20055.0,20126.3,0
2016-01-06 10:15:00,20126.3,20184.65,20124.3,20171.7,0
2016-01-06 11:15:00,20171.25,20179.2,20130.8,20149.7,0
2016-01-06 12:15:00,20149.7,20166.1,20128.2,20161.9,0
2016-01-06 13:15:00,20164.0,20182.4,19964.2,19964.2,0
2016-01-06 14:15:00,19964.2,20059.8,19956.65,20000.2,0
2016-01-06 15:15:00,20000.2,20000.6,19971.75,19980.45,0
2016-01-07 09:15:00,19832.3,19842.2,19682.9,19683.05,0
2016-01-07 10:15:00,19684.3,19688.7,19598.75,19637.7,0
2016-01-07 11:15:00,19638.75,19641.35,19434.7,19457.35,0
2016-01-07 12:15:00,19457.35,19568.3,19457.35,19529.65,0
2016-01-07 13:15:00,19529.75,19564.55,19511.95,19517.65,0
2016-01-07 14:15:00,19518.85,19543.2,19412.9,19414.6,0
2016-01-07 15:15:00,19414.6,19414.6,19363.25,19390.9,0
2016-01-08 09:15:00,19522.05,19674.2,19516.0,19520.55,0
2016-01-08 10:15:00,19520.55,19562.35,19485.05,19491.65,0
2016-01-08 11:15:00,19491.65,19535.75,19491.2,19522.45,0
2016-01-08 12:15:00,19522.45,19631.7,19519.2,19627.5,0
2016-01-08 13:15:00,19627.5,19637.35,19573.55,19632.2,0
2016-01-08 14:15:00,19632.2,19640.55,19548.05,19600.1,0
2016-01-08 15:15:00,19600.1,19619.4,19595.8,19606.85,0
2016-01-11 09:15:00,19483.55,19483.55,19275.8,19379.25,0
2016-01-11 10:15:00,19379.25,19467.65,19376.45,19445.55,0
2016-01-11 11:15:00,19445.55,19487.55,19414.5,19421.6,0
2016-01-11 12:15:00,19421.6,19423.9,19383.7,19403.95,0
2016-01-11 13:15:00,19403.95,19491.2,19403.4,19477.55,0
2016-01-11 14:15:00,19477.55,19530.85,19367.55,19367.55,0
2016-01-11 15:15:00,19367.55,19370.3,19338.3,19365.9,0
2016-01-12 09:15:00,19439.35,19494.6,19431.15,19461.3,0
2016-01-12 10:15:00,19461.3,19466.9,19350.5,19388.2,0
2016-01-12 11:15:00,19388.2,19418.25,19315.3,19317.9,0
2016-01-12 12:15:00,19317.9,19347.35,19235.9,19254.65,0
2016-01-12 13:15:00,19254.65,19339.6,19241.3,19305.95,0
2016-01-12 14:15:00,19305.95,19305.95,19234.7,19263.3,0
2016-01-12 15:15:00,19260.95,19271.4,19246.55,19268.8,0
2016-01-13 09:15:00,19378.65,19435.5,19365.15,19398.75,0
2016-01-13 10:15:00,19398.75,19399.6,19032.5,19048.5,0
2016-01-13 11:15:00,19050.75,19161.9,18920.0,19014.3,0
2016-01-13 12:15:00,19014.3,19029.65,18819.4,18906.55,0
2016-01-13 13:15:00,18906.55,19175.25,18905.8,19139.85,0
2016-01-13 14:15:00,19139.85,19236.7,19130.7,19200.85,0
2016-01-13 15:15:00,19200.7,19210.1,19191.9,19201.2,0
2016-01-14 09:15:00,18960.75,18989.65,18823.75,18917.45,0
2016-01-14 10:15:00,18917.45,19037.95,18912.05,19012.7,0
2016-01-14 11:15:00,19012.7,19084.3,19006.45,19075.85,0
2016-01-14 12:15:00,19075.7,19146.75,19056.2,19139.75,0
2016-01-14 13:15:00,19139.75,19175.6,19049.1,19065.2,0
2016-01-14 14:15:00,19060.65,19061.2,18982.55,19047.35,0
2016-01-14 15:15:00,19047.35,19049.8,19012.2,19035.85,0
2016-01-15 09:15:00,19104.6,19131.2,18998.9,19023.0,0
2016-01-15 10:15:00,19023.8,19052.1,18961.0,18987.2,0
2016-01-15 11:15:00,18989.0,19020.3,18922.8,18925.65,0
2016-01-15 12:15:00,18925.65,18966.6,18908.25,18961.55,0
2016-01-15 13:15:00,18961.55,18973.9,18906.0,18921.95,0
2016-01-15 14:15:00,18921.95,18933.7,18507.95,18555.7,0
2016-01-15 15:15:00,18554.3,18565.15,18505.8,18526.3,0
2016-01-18 09:15:00,18525.1,18549.85,18106.65,18153.8,0
2016-01-18 10:15:00,18153.8,18389.8,18146.05,18362.05,0
2016-01-18 11:15:00,18359.45,18376.95,18243.95,18288.5,0
2016-01-18 12:15:00,18284.25,18336.95,18259.85,18272.8,0
2016-01-18 13:15:00,18272.8,18343.25,18212.75,18301.35,0
2016-01-18 14:15:00,18301.35,18301.35,18028.6,18032.9,0
2016-01-18 15:15:00,18030.55,18051.5,18004.45,18026.05,0
2016-01-19 09:15:00,18107.9,18146.7,18008.05,18072.65,0
2016-01-19 10:15:00,18072.65,18109.45,17986.9,18087.35,0
2016-01-19 11:15:00,18087.35,18176.75,18072.15,18168.6,0
2016-01-19 12:15:00,18167.75,18301.8,18165.05,18292.75,0
2016-01-19 13:15:00,18292.55,18322.75,18233.3,18274.85,0
2016-01-19 14:15:00,18274.95,18281.8,18187.25,18280.05,0
2016-01-19 15:15:00,18280.05,18315.05,18279.1,18311.9,0
2016-01-20 09:15:00,18113.6,18113.6,17910.6,18040.6,0
2016-01-20 10:15:00,18040.6,18062.25,17996.4,18012.4,0
2016-01-20 11:15:00,18012.4,18049.2,17931.9,17939.0,0
2016-01-20 12:15:00,17939.0,17942.2,17892.8,17902.5,0
2016-01-20 13:15:00,17902.5,17917.85,17802.8,17823.6,0
2016-01-20 14:15:00,17822.9,17954.25,17722.05,17954.0,0
2016-01-20 15:15:00,17954.0,17996.4,17945.4,17985.0,0
2016-01-21 09:15:00,18124.2,18224.9,18001.9,18008.85,0
2016-01-21 10:15:00,18008.85,18008.85,17888.45,17896.35,0
2016-01-21 11:15:00,17896.35,17921.9,17780.55,17785.6,0
2016-01-21 12:15:00,17785.6,17809.2,17677.5,17679.75,0
2016-01-21 13:15:00,17679.75,17889.85,17673.85,17837.0,0
2016-01-21 14:15:00,17832.9,17833.3,17693.45,17702.2,0
2016-01-21 15:15:00,17702.2,17746.0,17686.1,17746.0,0
2016-01-22 09:15:00,17930.85,17989.2,17839.2,17988.3,0
2016-01-22 10:15:00,17988.3,18097.6,17972.4,18069.9,0
2016-01-22 11:15:00,18069.9,18126.85,18051.1,18126.15,0
2016-01-22 12:15:00,18126.15,18144.9,18103.2,18112.2,0
2016-01-22 13:15:00,18112.2,18132.6,18072.7,18082.55,0
2016-01-22 14:15:00,18082.55,18151.75,18082.3,18101.4,0
2016-01-22 15:15:00,18102.35,18124.35,18096.85,18124.35,0
2016-01-25 09:15:00,18256.2,18298.9,18253.4,18286.7,0
2016-01-25 10:15:00,18286.7,18320.3,18261.45,18282.1,0
2016-01-25 11:15:00,18282.1,18318.8,18265.2,18316.55,0
2016-01-25 12:15:00,18316.55,18316.55,18256.45,18262.95,0
2016-01-25 13:15:00,18262.95,18282.7,18153.5,18165.8,0
2016-01-25 14:15:00,18165.8,18208.0,18108.3,18134.55,0
2016-01-25 15:15:00,18134.55,18139.8,18120.1,18131.3,0
2016-01-27 09:15:00,18193.7,18200.75,18050.25,18132.8,0
2016-01-27 10:15:00,18132.8,18154.65,18110.6,18124.2,0
2016-01-27 11:15:00,18124.2,18225.95,18121.2,18224.8,0
2016-01-27 12:15:00,18224.8,18240.3,18205.1,18225.5,0
2016-01-27 13:15:00,18228.6,18232.1,18143.1,18204.5,0
2016-01-27 14:15:00,18204.35,18221.85,18132.25,18134.9,0
2016-01-27 15:15:00,18134.9,18146.5,18103.15,18107.6,0
2016-01-28 09:15:00,18102.0,18129.15,18063.05,18084.85,0
2016-01-28 10:15:00,18084.85,18130.0,18073.2,18109.65,0
2016-01-28 11:15:00,18110.65,18112.25,18076.75,18079.85,0
2016-01-28 12:15:00,18079.85,18129.95,18071.55,18112.15,0
2016-01-28 13:15:00,18112.15,18142.1,18103.5,18136.7,0
2016-01-28 14:15:00,18136.7,18151.1,18048.85,18053.35,0
2016-01-28 15:15:00,18050.5,18078.95,18040.25,18078.0,0
2016-01-29 09:15:00,18105.95,18205.6,18105.75,18141.2,0
2016-01-29 10:15:00,18141.2,18164.2,18098.0,18162.75,0
2016-01-29 11:15:00,18162.75,18221.8,18151.15,18212.7,0
2016-01-29 12:15:00,18212.65,18248.0,18196.25,18248.0,0
2016-01-29 13:15:00,18248.0,18281.3,18236.55,18244.05,0
2016-01-29 14:15:00,18243.65,18416.7,18236.9,18408.8,0
2016-01-29 15:15:00,18408.8,18429.9,18405.75,18421.85,0
2016-02-01 09:15:00,18498.5,18498.5,18345.0,18415.85,0
2016-02-01 10:15:00,18415.85,18509.95,18415.85,18483.8,0
2016-02-01 11:15:00,18483.8,18510.75,18455.55,18493.0,0
2016-02-01 12:15:00,18492.8,18499.65,18400.4,18475.85,0
2016-02-01 13:15:00,18476.15,18491.9,18433.35,18478.9,0
2016-02-01 14:15:00,18476.5,18492.9,18419.4,18460.6,0
2016-02-01 15:15:00,18465.25,18471.05,18441.6,18457.15,0
2016-02-02 09:15:00,18507.55,18509.65,18427.05,18430.1,0
2016-02-02 10:15:00,18430.1,18430.1,18354.5,18360.15,0
2016-02-02 11:15:00,18356.2,18529.6,18330.55,18481.25,0
2016-02-02 12:15:00,18479.75,18504.1,18410.0,18413.8,0
2016-02-02 13:15:00,18413.8,18425.1,18241.95,18263.55,0
2016-02-02 14:15:00,18265.25,18303.1,18069.1,18088.15,0
2016-02-02 15:15:00,18088.15,18090.6,18043.45,18059.05,0
2016-02-03 09:15:00,17925.55,18000.85,17850.7,17964.4,0
2016-02-03 10:15:00,17964.4,17964.7,17838.05,17859.1,0
2016-02-03 11:15:00,17859.1,17918.95,17847.05,17870.1,0
2016-02-03 12:15:00,17870.1,17978.5,17859.45,17956.0,0
2016-02-03 13:15:00,17956.0,17995.4,17905.45,17939.35,0
2016-02-03 14:15:00,17939.35,18039.4,17824.3,17836.25,0
2016-02-03 15:15:00,17836.25,17859.0,17829.55,17853.45,0
2016-02-04 09:15:00,18050.8,18089.15,17957.55,17957.55,0
2016-02-04 10:15:00,17957.55,17976.45,17858.3,17920.25,0
2016-02-04 11:15:00,17920.25,18020.85,17920.25,18005.5,0
2016-02-04 12:15:00,18005.5,18081.7,17995.35,18044.75,0
2016-02-04 13:15:00,18044.75,18045.75,17892.05,17936.7,0
2016-02-04 14:15:00,17936.7,17941.65,17729.3,17862.7,0
2016-02-04 15:15:00,17864.3,17919.8,17862.1,17895.05,0
2016-02-05 09:15:00,17931.85,17985.7,17886.55,17971.6,0
2016-02-05 10:15:00,17971.7,18063.5,17970.4,18055.0,0
2016-02-05 11:15:00,18054.35,18107.1,18046.3,18092.3,0
2016-02-05 12:15:00,18092.3,18142.1,18075.95,18109.65,0
2016-02-05 13:15:00,18109.65,18183.45,18107.05,18154.45,0
2016-02-05 14:15:00,18155.85,18264.5,18147.7,18264.5,0
2016-02-05 15:15:00,18264.5,18316.9,18263.25,18300.45,0
2016-02-08 09:15:00,18324.7,18350.5,18202.25,18283.65,0
2016-02-08 10:15:00,18283.65,18404.0,18266.85,18378.55,0
2016-02-08 11:15:00,18378.55,18413.0,18360.0,18400.35,0
2016-02-08 12:15:00,18400.35,18418.05,18364.35,18381.5,0
2016-02-08 13:15:00,18380.2,18424.6,18342.5,18398.95,0
2016-02-08 14:15:00,18398.95,18410.4,18189.0,18190.3,0
2016-02-08 15:15:00,18190.3,18238.95,18189.65,18199.45,0
2016-02-09 09:15:00,18061.85,18119.4,17977.85,18091.6,0
2016-02-09 10:15:00,18091.6,18098.55,17986.15,18011.25,0
2016-02-09 11:15:00,18011.25,18014.3,17882.05,17890.2,0
2016-02-09 12:15:00,17890.2,17910.75,17847.95,17910.45,0
2016-02-09 13:15:00,17910.45,17970.75,17838.9,17855.65,0
2016-02-09 14:15:00,17855.65,17886.05,17804.9,17813.85,0
2016-02-09 15:15:00,17813.85,17846.55,17808.75,17845.0,0
2016-02-10 09:15:00,17781.8,17793.7,17588.85,17647.8,0
2016-02-10 10:15:00,17649.7,17650.55,17570.45,17570.45,0
2016-02-10 11:15:00,17570.45,17652.35,17558.45,17614.9,0
2016-02-10 12:15:00,17614.15,17634.95,17537.15,17571.15,0
2016-02-10 13:15:00,17571.15,17599.85,17474.55,17557.05,0
2016-02-10 14:15:00,17557.05,17695.8,17540.95,17549.1,0
2016-02-10 15:15:00,17549.1,17625.0,17545.8,17625.0,0
2016-02-11 09:15:00,17540.7,17573.8,17371.6,17396.25,0
2016-02-11 10:15:00,17396.45,17449.05,17370.1,17372.95,0
2016-02-11 11:15:00,17373.05,17401.8,17296.4,17344.6,0
2016-02-11 12:15:00,17344.6,17370.05,17289.65,17312.6,0
2016-02-11 13:15:00,17312.6,17329.25,17163.35,17210.05,0
2016-02-11 14:15:00,17214.0,17215.9,16976.3,17066.25,0
2016-02-11 15:15:00,17066.25,17067.9,17026.95,17038.65,0
2016-02-12 09:15:00,17151.45,17153.05,16689.3,16713.55,0
2016-02-12 10:15:00,16713.55,16865.05,16609.1,16809.4,0
2016-02-12 11:15:00,16809.4,16824.85,16722.6,16726.3,0
2016-02-12 12:15:00,16726.3,16905.35,16607.8,16842.1,0
2016-02-12 13:15:00,16842.1,17017.7,16819.5,16938.05,0
2016-02-12 14:15:00,16937.05,17075.9,16921.35,17040.45,0
2016-02-12 15:15:00,17040.45,17060.1,17016.8,17024.35,0
2016-02-15 09:15:00,17293.4,17531.4,17293.4,17523.3,0
2016-02-15 10:15:00,17524.8,17597.25,17512.4,17576.4,0
2016-02-15 11:15:00,17576.4,17624.55,17530.6,17583.9,0
2016-02-15 12:15:00,17583.9,17608.9,17551.6,17584.05,0
2016-02-15 13:15:00,17584.05,17643.15,17573.0,17634.5,0
2016-02-15 14:15:00,17634.5,17634.5,17560.85,17611.5,0
2016-02-15 15:15:00,17608.75,17622.25,17601.55,17602.8,0
2016-02-16 09:15:00,17648.1,17679.45,17437.3,17460.55,0
2016-02-16 10:15:00,17460.55,17539.7,17437.15,17474.05,0
2016-02-16 11:15:00,17473.5,17473.5,17338.85,17351.5,0
2016-02-16 12:15:00,17351.4,17356.6,17290.5,17324.05,0
2016-02-16 13:15:00,17325.95,17389.8,17241.05,17242.9,0
2016-02-16 14:15:00,17249.7,17279.5,17145.05,17171.3,0
2016-02-16 15:15:00,17171.3,17171.8,17133.3,17140.85,0
2016-02-17 09:15:00,17179.3,17179.3,16787.8,16807.25,0
2016-02-17 10:15:00,16806.3,17038.6,16806.3,17030.5,0
2016-02-17 11:15:00,17030.5,17101.85,16975.2,17016.0,0
2016-02-17 12:15:00,17016.0,17017.15,16946.85,16964.7,0
2016-02-17 13:15:00,16964.45,17081.75,16919.3,17047.7,0
2016-02-17 14:15:00,17047.7,17234.55,17044.05,17227.8,0
2016-02-17 15:15:00,17227.8,17267.25,17221.1,17264.0,0
2016-02-18 09:15:00,17398.05,17480.1,17326.0,17339.1,0
2016-02-18 10:15:00,17340.3,17440.2,17340.3,17388.85,0
2016-02-18 11:15:00,17388.85,17388.85,17263.4,17298.1,0
2016-02-18 12:15:00,17298.1,17311.75,17236.0,17292.65,0
2016-02-18 13:15:00,17292.1,17314.05,17189.1,17204.05,0
2016-02-18 14:15:00,17204.05,17343.85,17156.5,17339.55,0
2016-02-18 15:15:00,17339.55,17342.4,17311.3,17312.55,0
2016-02-19 09:15:00,17293.8,17346.55,17192.95,17281.15,0
2016-02-19 10:15:00,17281.8,17348.55,17242.6,17311.25,0
2016-02-19 11:15:00,17306.25,17321.95,17270.3,17289.8,0
2016-02-19 12:15:00,17289.8,17293.1,17224.25,17241.6,0
2016-02-19 13:15:00,17241.6,17290.15,17220.85,17279.0,0
2016-02-19 14:15:00,17279.0,17338.05,17269.2,17328.9,0
2016-02-19 15:15:00,17326.95,17354.15,17315.65,17347.3,0
2016-02-22 09:15:00,17416.15,17448.8,17332.15,17434.2,0
2016-02-22 10:15:00,17434.5,17442.5,17385.9,17394.65,0
2016-02-22 11:15:00,17394.65,17428.55,17381.05,17411.0,0
2016-02-22 12:15:00,17411.0,17424.95,17396.7,17416.25,0
2016-02-22 13:15:00,17416.25,17455.95,17415.5,17431.6,0
2016-02-22 14:15:00,17432.5,17457.6,17405.3,17450.95,0
2016-02-22 15:15:00,17450.95,17473.75,17447.6,17468.3,0
2016-02-23 09:15:00,17503.25,17503.25,17352.55,17355.5,0
2016-02-23 10:15:00,17355.5,17378.55,17323.0,17371.95,0
2016-02-23 11:15:00,17371.95,17379.3,17283.2,17283.95,0
2016-02-23 12:15:00,17283.45,17285.35,17228.5,17240.1,0
2016-02-23 13:15:00,17239.6,17295.45,17220.9,17266.45,0
2016-02-23 14:15:00,17266.45,17340.3,17253.2,17258.75,0
2016-02-23 15:15:00,17258.75,17261.4,17225.5,17248.8,0
2016-02-24 09:15:00,17198.0,17208.55,17083.2,17191.25,0
2016-02-24 10:15:00,17189.9,17189.9,17057.8,17069.1,0
2016-02-24 11:15:00,17069.0,17104.2,17045.1,17069.15,0
2016-02-24 12:15:00,17068.75,17152.7,17059.85,17137.1,0
2016-02-24 13:15:00,17136.9,17157.6,17077.55,17120.3,0
2016-02-24 14:15:00,17120.3,17140.5,16998.0,17042.95,0
2016-02-24 15:15:00,17042.95,17047.15,17026.7,17029.05,0
2016-02-25 09:15:00,17076.15,17082.95,16947.95,17020.65,0
2016-02-25 10:15:00,17022.0,17051.55,17009.35,17010.7,0
2016-02-25 11:15:00,17010.7,17018.5,16945.25,16946.15,0
2016-02-25 12:15:00,16945.9,16990.75,16937.8,16964.1,0
2016-02-25 13:15:00,16961.1,17045.3,16955.05,17006.3,0
2016-02-25 14:15:00,17008.2,17017.55,16920.6,16959.35,0
2016-02-25 15:15:00,16959.35,16972.4,16950.45,16972.2,0
2016-02-26 09:15:00,17120.55,17173.65,16991.4,17003.95,0
2016-02-26 10:15:00,17003.95,17048.35,16988.5,17023.1,0
2016-02-26 11:15:00,17023.1,17034.9,16953.55,16975.2,0
2016-02-26 12:15:00,16975.2,17103.1,16971.7,17087.85,0
2016-02-26 13:15:00,17087.85,17130.2,17062.8,17104.3,0
2016-02-26 14:15:00,17104.3,17120.4,17037.95,17066.1,0
2016-02-26 15:15:00,17066.1,17087.65,17064.1,17078.6,0
2016-02-29 09:15:00,17123.4,17123.4,16988.4,17049.65,0
2016-02-29 10:15:00,17049.65,17107.15,16998.4,17021.9,0
2016-02-29 11:15:00,17021.9,17073.45,16944.85,16986.1,0
2016-02-29 12:15:00,16984.05,17187.75,16769.5,17172.0,0
2016-02-29 13:15:00,17172.0,17264.85,17096.0,17134.45,0
2016-02-29 14:15:00,17134.45,17146.15,17051.25,17096.7,0
2016-02-29 15:15:00,17096.7,17148.8,17096.7,17143.45,0
2016-03-01 09:15:00,17186.45,17386.9,17177.85,17349.0,0
2016-03-01 10:15:00,17349.0,17404.25,17341.7,17403.55,0
2016-03-01 11:15:00,17403.55,17484.5,17400.05,17478.4,0
2016-03-01 12:15:00,17478.4,17530.75,17458.5,17515.9,0
2016-03-01 13:15:00,17515.9,17587.6,17505.45,17584.05,0
2016-03-01 14:15:00,17584.05,17680.1,17580.1,17677.2,0
2016-03-01 15:15:00,17677.2,17698.65,17666.9,17671.2,0
2016-03-02 09:15:00,17844.15,18020.25,17844.15,18016.45,0
2016-03-02 10:15:00,18016.7,18041.2,17934.95,17991.6,0
2016-03-02 11:15:00,17991.6,18032.35,17987.6,18031.9,0
2016-03-02 12:15:00,18031.9,18031.9,17970.35,17996.5,0
2016-03-02 13:15:00,17996.5,17996.5,17888.65,17928.75,0
2016-03-02 14:15:00,17928.75,17952.8,17871.15,17898.45,0
2016-03-02 15:15:00,17898.45,17919.15,17880.5,17884.7,0
2016-03-03 09:15:00,18004.2,18005.75,17882.75,17943.45,0
2016-03-03 10:15:00,17943.45,17975.3,17921.9,17965.65,0
2016-03-03 11:15:00,17965.6,17976.1,17912.25,17944.95,0
2016-03-03 12:15:00,17944.65,17968.45,17928.2,17955.4,0
2016-03-03 13:15:00,17955.4,17976.95,17911.25,17976.95,0
2016-03-03 14:15:00,17976.95,18035.05,17967.45,18035.05,0
2016-03-03 15:15:00,18035.5,18047.8,18018.6,18018.8,0
2016-03-04 09:15:00,18085.75,18175.55,17990.25,18136.7,0
2016-03-04 10:15:00,18136.7,18188.65,18133.75,18183.75,0
2016-03-04 11:15:00,18183.75,18209.95,18179.4,18183.7,0
2016-03-04 12:15:00,18183.0,18197.7,18140.85,18163.1,0
2016-03-04 13:15:00,18163.1,18186.05,18117.3,18186.05,0
2016-03-04 14:15:00,18186.05,18217.15,18123.75,18188.6,0
2016-03-04 15:15:00,18188.6,18201.15,18175.95,18175.95,0
2016-03-08 09:15:00,18183.6,18338.6,18157.8,18283.3,0
2016-03-08 10:15:00,18283.3,18323.3,18267.05,18303.6,0
2016-03-08 11:15:00,18303.6,18333.85,18265.5,18284.4,0
2016-03-08 12:15:00,18283.8,18291.85,18222.7,18234.65,0
2016-03-08 13:15:00,18234.65,18238.3,18115.65,18146.55,0
2016-03-08 14:15:00,18146.55,18211.9,18105.9,18198.4,0
2016-03-08 15:15:00,18198.4,18237.2,18193.05,18208.25,0
2016-03-09 09:15:00,18132.4,18148.85,18058.25,18136.25,0
2016-03-09 10:15:00,18136.25,18152.4,18097.35,18108.75,0
2016-03-09 11:15:00,18108.75,18153.45,18096.25,18137.25,0
2016-03-09 12:15:00,18137.25,18176.35,18135.25,18144.7,0
2016-03-09 13:15:00,18144.7,18187.2,18113.2,18157.8,0
2016-03-09 14:15:00,18157.8,18263.35,18138.15,18257.25,0
2016-03-09 15:15:00,18257.25,18260.25,18248.0,18253.35,0
2016-03-10 09:15:00,18296.6,18350.05,18252.3,18280.4,0
2016-03-10 10:15:00,18281.25,18324.35,18231.15,18260.35,0
2016-03-10 11:15:00,18259.95,18266.65,18225.9,18227.6,0
2016-03-10 12:15:00,18227.6,18230.7,18153.55,18200.7,0
2016-03-10 13:15:00,18200.7,18261.2,18194.55,18240.35,0
2016-03-10 14:15:00,18240.35,18240.35,18168.45,18172.15,0
2016-03-10 15:15:00,18172.15,18183.1,18156.6,18170.65,0
2016-03-11 09:15:00,18168.55,18295.0,18147.35,18278.05,0
2016-03-11 10:15:00,18278.05,18308.2,18238.25,18239.85,0
2016-03-11 11:15:00,18239.85,18258.75,18134.15,18197.85,0
2016-03-11 12:15:00,18197.85,18231.55,18184.35,18207.95,0
2016-03-11 13:15:00,18207.95,18246.4,18185.95,18218.85,0
2016-03-11 14:15:00,18218.6,18241.25,18194.85,18218.95,0
2016-03-11 15:15:00,18218.05,18254.35,18214.8,18225.15,0
2016-03-14 09:15:00,18335.35,18397.25,18332.9,18367.65,0
2016-03-14 10:15:00,18369.1,18385.55,18346.3,18348.75,0
2016-03-14 11:15:00,18348.75,18348.95,18265.25,18279.35,0
2016-03-14 12:15:00,18279.35,18298.55,18264.75,18286.15,0
2016-03-14 13:15:00,18286.15,18314.0,18264.95,18265.45,0
2016-03-14 14:15:00,18265.45,18293.3,18226.45,18293.2,0
2016-03-14 15:15:00,18293.2,18300.6,18275.9,18276.0,0
2016-03-15 09:15:00,18299.65,18302.0,18204.6,18211.9,0
2016-03-15 10:15:00,18210.15,18237.1,18200.2,18217.55,0
2016-03-15 11:15:00,18217.55,18223.5,18174.25,18180.7,0
2016-03-15 12:15:00,18180.7,18181.7,18115.5,18123.45,0
2016-03-15 13:15:00,18123.45,18131.55,18070.8,18085.05,0
2016-03-15 14:15:00,18085.05,18126.45,18081.6,18101.05,0
2016-03-15 15:15:00,18101.05,18127.7,18101.05,18106.75,0
2016-03-16 09:15:00,18092.7,18095.65,17947.05,17968.5,0
2016-03-16 10:15:00,17968.2,17974.0,17895.8,17927.85,0
2016-03-16 11:15:00,17927.85,17930.85,17840.2,17847.9,0
2016-03-16 12:15:00,17847.9,17870.0,17833.1,17867.65,0
2016-03-16 13:15:00,17867.65,17967.75,17867.65,17944.15,0
2016-03-16 14:15:00,17944.15,18031.9,17944.15,18029.55,0
2016-03-16 15:15:00,18029.55,18063.0,18029.55,18042.5,0
2016-03-17 09:15:00,18196.0,18278.6,18172.25,18232.95,0
2016-03-17 10:15:00,18232.95,18232.95,18177.4,18199.95,0
2016-03-17 11:15:00,18199.95,18229.85,18187.7,18204.65,0
2016-03-17 12:15:00,18204.65,18222.4,18197.95,18214.95,0
2016-03-17 13:15:00,18214.95,18237.25,18204.45,18213.9,0
2016-03-17 14:15:00,18213.9,18237.85,18164.25,18195.15,0
2016-03-17 15:15:00,18195.15,18195.15,18134.85,18136.0,0
2016-03-18 09:15:00,18210.7,18238.65,18108.65,18203.7,0
2016-03-18 10:15:00,18201.8,18219.25,18172.2,18178.25,0
2016-03-18 11:15:00,18178.25,18179.95,18105.4,18115.9,0
2016-03-18 12:15:00,18115.9,18158.75,18115.9,18138.45,0
2016-03-18 13:15:00,18138.45,18141.1,18085.4,18118.05,0
2016-03-18 14:15:00,18118.05,18293.85,18093.55,18292.35,0
2016-03-18 15:15:00,18292.35,18312.9,18286.5,18298.5,0
2016-03-21 09:15:00,18341.85,18451.05,18341.85,18435.6,0
2016-03-21 10:15:00,18435.6,18466.75,18424.2,18439.4,0
2016-03-21 11:15:00,18439.4,18454.75,18416.8,18447.6,0
2016-03-21 12:15:00,18447.6,18452.65,18394.65,18411.35,0
2016-03-21 13:15:00,18411.35,18448.55,18371.25,18445.15,0
2016-03-21 14:15:00,18445.15,18549.5,18431.95,18546.35,0
2016-03-21 15:15:00,18546.35,18587.4,18541.35,18567.5,0
2016-03-22 09:15:00,18585.45,18652.8,18570.0,18619.7,0
2016-03-22 10:15:00,18619.7,18686.6,18617.3,18653.2,0
2016-03-22 11:15:00,18653.2,18670.05,18630.35,18633.25,0
2016-03-22 12:15:00,18633.25,18635.75,18566.45,18568.6,0
2016-03-22 13:15:00,18568.6,18568.6,18458.75,18510.6,0
2016-03-22 14:15:00,18510.6,18636.1,18510.6,18635.15,0
2016-03-22 15:15:00,18632.9,18637.6,18595.35,18597.1,0
2016-03-23 09:15:00,18635.2,18652.1,18597.35,18626.75,0
2016-03-23 10:15:00,18625.85,18672.2,18578.95,18594.35,0
2016-03-23 11:15:00,18594.35,18611.15,18561.75,18597.3,0
2016-03-23 12:15:00,18597.3,18607.35,18574.8,18602.7,0
2016-03-23 13:15:00,18602.7,18655.3,18592.2,18639.95,0
2016-03-23 14:15:00,18639.95,18665.85,18590.4,18661.35,0
2016-03-23 15:15:00,18661.35,18664.8,18624.65,18624.65,0
2016-03-28 09:15:00,18688.4,18704.8,18558.6,18569.15,0
2016-03-28 10:15:00,18568.65,18611.65,18556.6,18560.3,0
2016-03-28 11:15:00,18559.35,18561.6,18515.5,18523.25,0
2016-03-28 12:15:00,18522.5,18526.15,18485.15,18487.6,0
2016-03-28 13:15:00,18487.6,18495.6,18393.0,18412.55,0
2016-03-28 14:15:00,18412.55,18412.55,18333.45,18374.1,0
2016-03-28 15:15:00,18374.1,18400.2,18374.1,18378.45,0
2016-03-29 09:15:00,18349.45,18407.95,18259.1,18277.7,0
2016-03-29 10:15:00,18277.7,18289.3,18210.45,18242.9,0
2016-03-29 11:15:00,18242.9,18312.95,18237.85,18292.65,0
2016-03-29 12:15:00,18292.65,18363.5,18292.65,18332.35,0
2016-03-29 13:15:00,18332.35,18400.35,18331.55,18397.3,0
2016-03-29 14:15:00,18397.3,18435.45,18353.75,18365.95,0
2016-03-29 15:15:00,18370.1,18373.3,18353.65,18362.95,0
2016-03-30 09:15:00,18473.75,18564.4,18473.75,18559.75,0
2016-03-30 10:15:00,18557.85,18606.75,18557.5,18606.75,0
2016-03-30 11:15:00,18606.75,18608.95,18574.25,18599.45,0
2016-03-30 12:15:00,18600.0,18654.85,18600.0,18645.8,0
2016-03-30 13:15:00,18645.35,18646.55,18619.1,18639.8,0
2016-03-30 14:15:00,18639.8,18683.4,18639.2,18654.3,0
2016-03-30 15:15:00,18654.3,18675.4,18649.45,18649.45,0
2016-03-31 09:15:00,18689.5,18691.0,18607.0,18667.1,0
2016-03-31 10:15:00,18667.1,18682.85,18659.4,18675.8,0
2016-03-31 11:15:00,18675.75,18689.4,18646.65,18657.4,0
2016-03-31 12:15:00,18657.4,18672.35,18632.15,18646.45,0
2016-03-31 13:15:00,18646.45,18694.15,18639.45,18685.7,0
2016-03-31 14:15:00,18685.7,18775.5,18568.35,18773.75,0
2016-03-31 15:15:00,18773.75,18808.15,18769.75,18792.1,0
2016-04-01 09:15:00,18720.0,18809.8,18667.35,18782.3,0
2016-04-01 10:15:00,18782.3,18801.05,18750.7,18762.2,0
2016-04-01 11:15:00,18762.2,18794.45,18717.2,18785.7,0
2016-04-01 12:15:00,18785.7,18785.7,18680.0,18713.35,0
2016-04-01 13:15:00,18713.35,18746.95,18670.7,18729.05,0
2016-04-01 14:15:00,18727.05,18767.35,18696.45,18753.55,0
2016-04-01 15:15:00,18753.55,18770.85,18748.8,18754.95,0
2016-04-04 09:15:00,18844.95,18847.55,18788.4,18804.75,0
2016-04-04 10:15:00,18804.75,18820.85,18776.55,18820.05,0
2016-04-04 11:15:00,18819.5,18821.85,18761.55,18783.85,0
2016-04-04 12:15:00,18783.85,18791.25,18741.25,18773.6,0
2016-04-04 13:15:00,18773.6,18802.75,18766.8,18788.55,0
2016-04-04 14:15:00,18788.55,18813.95,18757.95,18805.55,0
2016-04-04 15:15:00,18805.55,18823.3,18796.85,18798.9,0
2016-04-05 09:15:00,18752.45,18776.15,18705.2,18732.8,0
2016-04-05 10:15:00,18732.8,18762.9,18660.7,18733.0,0
2016-04-05 11:15:00,18733.0,18737.85,18609.1,18656.85,0
2016-04-05 12:15:00,18656.85,18662.95,18566.85,18589.85,0
2016-04-05 13:15:00,18589.85,18600.75,18519.25,18526.85,0
2016-04-05 14:15:00,18526.85,18619.05,18506.45,18528.25,0
2016-04-05 15:15:00,18528.25,18537.6,18510.35,18510.75,0
2016-04-06 09:15:00,18563.95,18593.7,18472.75,18527.85,0
2016-04-06 10:15:00,18523.6,18536.65,18462.1,18470.25,0
2016-04-06 11:15:00,18470.25,18538.3,18468.6,18520.3,0
2016-04-06 12:15:00,18520.3,18542.3,18484.75,18535.8,0
2016-04-06 13:15:00,18535.8,18577.35,18499.6,18529.25,0
2016-04-06 14:15:00,18529.25,18641.3,18518.95,18623.85,0
2016-04-06 15:15:00,18623.85,18678.85,18622.4,18672.65,0
2016-04-07 09:15:00,18705.1,18705.1,18568.9,18586.9,0
2016-04-07 10:15:00,18586.9,18663.35,18565.05,18632.55,0
2016-04-07 11:15:00,18632.55,18688.1,18620.45,18667.3,0
2016-04-07 12:15:00,18667.3,18684.8,18639.5,18663.95,0
2016-04-07 13:15:00,18664.15,18687.7,18645.75,18671.6,0
2016-04-07 14:15:00,18671.6,18674.25,18539.0,18542.4,0
2016-04-07 15:15:00,18542.55,18569.75,18531.35,18561.7,0
2016-04-08 09:15:00,18554.0,18619.35,18516.9,18588.5,0
2016-04-08 10:15:00,18590.4,18628.65,18590.4,18610.35,0
2016-04-08 11:15:00,18610.35,18610.35,18569.7,18591.55,0
2016-04-08 12:15:00,18591.55,18637.25,18589.95,18631.9,0
2016-04-08 13:15:00,18631.9,18637.55,18608.0,18617.1,0
2016-04-08 14:15:00,18617.1,18651.85,18611.0,18636.9,0
2016-04-08 15:15:00,18636.9,18674.1,18636.3,18663.2,0
2016-04-11 09:15:00,18687.75,18750.65,18642.15,18668.35,0
2016-04-11 10:15:00,18668.35,18708.85,18666.0,18687.3,0
2016-04-11 11:15:00,18687.3,18701.35,18671.65,18691.55,0
2016-04-11 12:15:00,18691.2,18699.6,18617.55,18639.9,0
2016-04-11 13:15:00,18639.9,18744.25,18638.4,18735.8,0
2016-04-11 14:15:00,18736.45,18824.1,18736.35,18816.05,0
2016-04-11 15:15:00,18816.05,18832.0,18813.55,18826.7,0
2016-04-12 09:15:00,18861.55,18956.5,18852.15,18927.55,0
2016-04-12 10:15:00,18927.55,18948.5,18911.6,18942.7,0
2016-04-12 11:15:00,18942.7,18966.2,18940.0,18949.25,0
2016-04-12 12:15:00,18949.25,18973.05,18941.05,18955.8,0
2016-04-12 13:15:00,18955.8,18960.85,18866.3,18923.55,0
2016-04-12 14:15:00,18924.0,18975.55,18924.0,18946.55,0
2016-04-12 15:15:00,18944.3,18965.2,18944.3,18956.4,0
2016-04-13 09:15:00,19103.85,19170.95,19095.95,19162.7,0
2016-04-13 10:15:00,19162.7,19201.4,19154.55,19184.05,0
2016-04-13 11:15:00,19183.85,19198.9,19172.0,19194.15,0
2016-04-13 12:15:00,19193.5,19220.55,19191.45,19211.4,0
2016-04-13 13:15:00,19211.45,19221.25,19159.55,19171.35,0
2016-04-13 14:15:00,19171.35,19206.7,19164.55,19171.6,0
2016-04-13 15:15:00,19171.6,19174.6,19149.0,19149.55,0
2016-04-18 09:15:00,19182.8,19293.7,19168.6,19291.0,0
2016-04-18 10:15:00,19291.0,19337.2,19290.55,19317.7,0
2016-04-18 11:15:00,19317.7,19322.9,19274.35,19278.55,0
2016-04-18 12:15:00,19278.55,19324.9,19268.2,19312.95,0
2016-04-18 13:15:00,19312.95,19340.8,19303.05,19338.05,0
2016-04-18 14:15:00,19338.05,19384.35,19303.3,19379.2,0
2016-04-18 15:15:00,19379.2,19382.55,19363.7,19365.3,0
2016-04-20 09:15:00,19435.5,19506.15,19415.9,19492.45,0
2016-04-20 10:15:00,19492.45,19493.4,19334.45,19350.8,0
2016-04-20 11:15:00,19350.8,19385.6,19334.75,19366.85,0
2016-04-20 12:15:00,19366.85,19391.9,19331.7,19353.45,0
2016-04-20 13:15:00,19355.1,19401.45,19347.25,19398.95,0
2016-04-20 14:15:00,19399.15,19410.0,19364.65,19389.95,0
2016-04-20 15:15:00,19389.95,19407.2,19384.65,19398.35,0
2016-04-21 09:15:00,19487.15,19531.35,19470.6,19502.6,0
2016-04-21 10:15:00,19502.6,19504.65,19356.45,19381.25,0
2016-04-21 11:15:00,19381.25,19427.7,19378.35,19419.15,0
2016-04-21 12:15:00,19419.15,19437.65,19396.95,19425.95,0
2016-04-21 13:15:00,19425.95,19457.45,19409.6,19428.8,0
2016-04-21 14:15:00,19429.65,19444.35,19317.55,19400.4,0
2016-04-21 15:15:00,19400.4,19406.45,19369.55,19369.75,0
2016-04-22 09:15:00,19379.8,19461.25,19338.5,19453.55,0
2016-04-22 10:15:00,19453.55,19463.1,19398.2,19401.75,0
2016-04-22 11:15:00,19401.75,19462.4,19397.15,19452.25,0
2016-04-22 12:15:00,19452.25,19460.2,19427.2,19451.15,0
2016-04-22 13:15:00,19451.15,19451.15,19406.15,19413.65,0
2016-04-22 14:15:00,19413.3,19423.3,19366.6,19421.95,0
2016-04-22 15:15:00,19421.95,19428.75,19405.3,19412.75,0
2016-04-25 09:15:00,19404.1,19427.0,19314.35,19345.15,0
2016-04-25 10:15:00,19345.15,19348.25,19297.3,19316.15,0
2016-04-25 11:15:00,19316.15,19331.05,19284.4,19316.0,0
2016-04-25 12:15:00,19316.0,19339.4,19291.95,19300.55,0
2016-04-25 13:15:00,19300.55,19300.55,19259.7,19291.7,0
2016-04-25 14:15:00,19292.35,19310.2,19250.8,19303.1,0
2016-04-25 15:15:00,19303.1,19315.55,19283.5,19296.45,0
2016-04-26 09:15:00,19276.3,19296.35,19226.7,19293.8,0
2016-04-26 10:15:00,19293.8,19351.8,19292.5,19348.65,0
2016-04-26 11:15:00,19348.05,19375.05,19336.5,19351.8,0
2016-04-26 12:15:00,19351.8,19400.9,19342.45,19374.8,0
2016-04-26 13:15:00,19374.8,19429.2,19372.2,19425.85,0
2016-04-26 14:15:00,19425.85,19429.2,19402.6,19417.9,0
2016-04-26 15:15:00,19416.55,19421.6,19395.35,19396.9,0
2016-04-27 09:15:00,19416.15,19534.15,19400.35,19533.05,0
2016-04-27 10:15:00,19533.05,19547.6,19481.2,19518.85,0
2016-04-27 11:15:00,19518.85,19537.6,19499.75,19526.95,0
2016-04-27 12:15:00,19526.95,19549.2,19511.8,19513.45,0
2016-04-27 13:15:00,19513.45,19531.45,19428.8,19453.1,0
2016-04-27 14:15:00,19453.1,19483.65,19439.4,19475.5,0
2016-04-27 15:15:00,19475.5,19477.85,19450.1,19453.3,0
2016-04-28 09:15:00,19494.5,19531.05,19464.35,19516.9,0
2016-04-28 10:15:00,19516.9,19517.7,19381.95,19381.95,0
2016-04-28 11:15:00,19381.95,19410.8,19342.25,19397.85,0
2016-04-28 12:15:00,19397.85,19397.85,19333.7,19375.6,0
2016-04-28 13:15:00,19375.6,19384.6,19312.45,19323.05,0
2016-04-28 14:15:00,19323.05,19328.85,19230.8,19238.65,0
2016-04-28 15:15:00,19238.65,19247.95,19222.8,19247.2,0
2016-04-29 09:15:00,19258.25,19361.2,19233.85,19316.25,0
2016-04-29 10:15:00,19316.25,19339.35,19266.9,19293.95,0
2016-04-29 11:15:00,19294.1,19304.85,19255.25,19258.0,0
2016-04-29 12:15:00,19255.35,19273.15,19150.7,19169.1,0
2016-04-29 13:15:00,19169.1,19218.9,19118.1,19195.1,0
2016-04-29 14:15:00,19195.1,19364.95,19172.75,19338.65,0
2016-04-29 15:15:00,19338.65,19339.75,19314.4,19319.95,0
2016-05-02 09:15:00,19315.65,19431.75,19278.6,19425.4,0
2016-05-02 10:15:00,19425.4,19517.55,19414.05,19485.55,0
2016-05-02 11:15:00,19488.1,19543.55,19447.7,19518.85,0
2016-05-02 12:15:00,19519.25,19563.85,19519.25,19553.8,0
2016-05-02 13:15:00,19553.8,19596.6,19542.15,19585.25,0
2016-05-02 14:15:00,19585.25,19638.35,19557.45,19621.8,0
2016-05-02 15:15:00,19621.8,19643.75,19615.45,19638.75,0
2016-05-03 09:15:00,19699.25,19764.95,19692.15,19697.8,0
2016-05-03 10:15:00,19697.8,19700.8,19636.15,19636.15,0
2016-05-03 11:15:00,19635.7,19692.35,19632.5,19683.2,0
2016-05-03 12:15:00,19683.05,19691.1,19530.75,19531.35,0
2016-05-03 13:15:00,19530.25,19530.25,19425.85,19483.9,0
2016-05-03 14:15:00,19483.9,19498.15,19421.35,19425.65,0
2016-05-03 15:15:00,19425.65,19431.2,19399.35,19403.75,0
2016-05-04 09:15:00,19360.2,19402.95,19296.55,19341.1,0
2016-05-04 10:15:00,19341.1,19342.55,19229.55,19279.05,0
2016-05-04 11:15:00,19279.05,19341.25,19249.95,19295.4,0
2016-05-04 12:15:00,19295.4,19313.7,19274.4,19295.0,0
2016-05-04 13:15:00,19295.0,19309.75,19184.55,19202.65,0
2016-05-04 14:15:00,19202.65,19229.4,19115.7,19120.35,0
2016-05-04 15:15:00,19120.35,19127.1,19094.9,19125.7,0
2016-05-05 09:15:00,19173.5,19190.65,19087.8,19114.4,0
2016-05-05 10:15:00,19114.4,19175.35,19114.4,19154.05,0
2016-05-05 11:15:00,19154.05,19211.6,19154.05,19204.5,0
2016-05-05 12:15:00,19204.5,19215.45,19104.8,19118.95,0
2016-05-05 13:15:00,19120.55,19236.15,19058.9,19223.2,0
2016-05-05 14:15:00,19223.8,19234.15,19127.1,19136.6,0
2016-05-05 15:15:00,19136.6,19171.5,19136.6,19162.3,0
2016-05-06 09:15:00,19160.7,19202.7,19109.8,19165.3,0
2016-05-06 10:15:00,19165.3,19244.45,19164.05,19216.1,0
2016-05-06 11:15:00,19216.6,19253.9,19206.6,19241.25,0
2016-05-06 12:15:00,19241.6,19268.2,19203.55,19263.15,0
2016-05-06 13:15:00,19264.2,19269.5,19217.7,19259.55,0
2016-05-06 14:15:00,19259.55,19260.95,19213.4,19250.4,0
2016-05-06 15:15:00,19250.4,19281.6,19250.4,19260.3,0
2016-05-09 09:15:00,19328.2,19406.95,19307.95,19389.6,0
2016-05-09 10:15:00,19389.9,19403.35,19366.6,19394.0,0
2016-05-09 11:15:00,19394.0,19429.7,19388.95,19426.9,0
2016-05-09 12:15:00,19426.9,19434.45,19388.0,19410.5,0
2016-05-09 13:15:00,19410.5,19429.8,19395.75,19421.2,0
2016-05-09 14:15:00,19421.2,19451.5,19396.1,19396.75,0
2016-05-09 15:15:00,19396.75,19417.75,19391.1,19416.2,0
2016-05-10 09:15:00,19428.15,19450.3,19395.1,19430.75,0
2016-05-10 10:15:00,19430.75,19435.3,19372.6,19372.6,0
2016-05-10 11:15:00,19372.6,19407.35,19372.6,19396.95,0
2016-05-10 12:15:00,19396.95,19450.05,19382.3,19443.75,0
2016-05-10 13:15:00,19443.2,19447.35,19397.9,19440.4,0
2016-05-10 14:15:00,19439.2,19463.1,19393.25,19402.95,0
2016-05-10 15:15:00,19404.05,19433.05,19399.7,19424.8,0
2016-05-11 09:15:00,19225.15,19440.7,19174.7,19392.6,0
2016-05-11 10:15:00,19392.6,19459.35,19387.55,19428.95,0
2016-05-11 11:15:00,19428.95,19484.65,19426.45,19441.85,0
2016-05-11 12:15:00,19441.85,19444.9,19342.4,19383.15,0
2016-05-11 13:15:00,19383.15,19450.0,19365.55,19436.8,0
2016-05-11 14:15:00,19436.8,19448.3,19387.8,19421.45,0
2016-05-11 15:15:00,19421.45,19439.65,19418.7,19434.5,0
2016-05-12 09:15:00,19487.55,19583.0,19484.35,19557.15,0
2016-05-12 10:15:00,19557.15,19575.35,19544.8,19575.35,0
2016-05-12 11:15:00,19575.35,19610.85,19574.45,19598.45,0
2016-05-12 12:15:00,19598.45,19599.9,19519.45,19552.05,0
2016-05-12 13:15:00,19552.05,19596.15,19544.7,19591.55,0
2016-05-12 14:15:00,19591.55,19625.05,19589.75,19615.8,0
2016-05-12 15:15:00,19615.8,19649.85,19614.7,19640.35,0
2016-05-13 09:15:00,19606.9,19686.9,19544.05,19621.5,0
2016-05-13 10:15:00,19621.5,19640.75,19590.65,19590.65,0
2016-05-13 11:15:00,19590.65,19618.05,19564.2,19564.2,0
2016-05-13 12:15:00,19564.2,19564.2,19474.3,19520.8,0
2016-05-13 13:15:00,19520.8,19542.15,19459.0,19479.15,0
2016-05-13 14:15:00,19479.15,19480.5,19422.55,19446.3,0
2016-05-13 15:15:00,19448.15,19463.95,19447.85,19455.65,0
2016-05-16 09:15:00,19499.5,19516.15,19397.1,19398.8,0
2016-05-16 10:15:00,19398.8,19430.65,19366.9,19367.55,0
2016-05-16 11:15:00,19367.55,19414.05,19353.6,19411.55,0
2016-05-16 12:15:00,19411.55,19425.7,19351.7,19370.55,0
2016-05-16 13:15:00,19372.0,19419.45,19366.1,19411.85,0
2016-05-16 14:15:00,19411.85,19464.75,19396.0,19427.75,0
2016-05-16 15:15:00,19427.75,19436.7,19416.75,19427.9,0
2016-05-17 09:15:00,19512.75,19530.95,19469.65,19487.6,0
2016-05-17 10:15:00,19487.6,19503.1,19468.0,19468.95,0
2016-05-17 11:15:00,19468.95,19561.6,19455.85,19555.2,0
2016-05-17 12:15:00,19555.2,19555.2,19521.9,19522.95,0
2016-05-17 13:15:00,19522.0,19552.8,19501.35,19551.35,0
2016-05-17 14:15:00,19551.4,19551.4,19442.5,19447.45,0
2016-05-17 15:15:00,19447.45,19447.45,19428.5,19428.5,0
2016-05-18 09:15:00,19390.55,19390.55,19291.0,19313.95,0
2016-05-18 10:15:00,19313.95,19351.45,19301.1,19339.65,0
2016-05-18 11:15:00,19339.4,19357.95,19312.5,19342.2,0
2016-05-18 12:15:00,19341.2,19378.1,19332.6,19357.7,0
2016-05-18 13:15:00,19357.45,19380.65,19350.9,19369.45,0
2016-05-18 14:15:00,19369.75,19453.3,19365.75,19449.6,0
2016-05-18 15:15:00,19449.6,19472.6,19449.35,19463.75,0
2016-05-19 09:15:00,19468.3,19482.35,19418.75,19464.0,0
2016-05-19 10:15:00,19464.0,19502.9,19454.9,19462.0,0
2016-05-19 11:15:00,19462.0,19487.15,19445.3,19451.5,0
2016-05-19 12:15:00,19451.5,19454.95,19365.9,19395.95,0
2016-05-19 13:15:00,19395.95,19419.75,19363.75,19364.45,0
2016-05-19 14:15:00,19364.45,19364.45,19205.7,19234.2,0
2016-05-19 15:15:00,19234.2,19237.0,19199.2,19201.4,0
2016-05-20 09:15:00,19281.55,19319.75,19189.1,19225.8,0
2016-05-20 10:15:00,19225.75,19250.95,19193.8,19241.5,0
2016-05-20 11:15:00,19241.5,19273.75,19225.9,19250.0,0
2016-05-20 12:15:00,19250.0,19295.45,19249.45,19261.9,0
2016-05-20 13:15:00,19261.9,19277.05,19205.6,19221.05,0
2016-05-20 14:15:00,19221.05,19246.3,19065.6,19091.5,0
2016-05-20 15:15:00,19091.5,19118.5,19091.5,19114.8,0
2016-05-23 09:15:00,19197.8,19208.2,19068.5,19119.95,0
2016-05-23 10:15:00,19119.95,19184.65,19099.4,19162.05,0
2016-05-23 11:15:00,19161.3,19192.75,19159.45,19178.05,0
2016-05-23 12:15:00,19178.05,19179.1,19117.7,19147.7,0
2016-05-23 13:15:00,19147.7,19215.85,19133.25,19177.45,0
2016-05-23 14:15:00,19177.45,19201.2,19035.3,19067.5,0
2016-05-23 15:15:00,19067.5,19072.0,19046.25,19055.25,0
2016-05-24 09:15:00,19082.3,19086.8,19002.0,19041.4,0
2016-05-24 10:15:00,19041.4,19069.05,19030.85,19030.95,0
2016-05-24 11:15:00,19029.15,19029.15,18936.65,18947.4,0
2016-05-24 12:15:00,18947.4,18979.75,18915.85,18979.75,0
2016-05-24 13:15:00,18979.75,18983.2,18920.7,18953.4,0
2016-05-24 14:15:00,18950.5,18999.4,18923.05,18996.05,0
2016-05-24 15:15:00,18998.7,19034.6,18998.7,19028.0,0
2016-05-25 09:15:00,19143.95,19200.75,19126.65,19190.1,0
2016-05-25 10:15:00,19190.5,19200.1,19152.6,19178.7,0
2016-05-25 11:15:00,19178.7,19230.15,19176.2,19216.8,0
2016-05-25 12:15:00,19216.8,19221.95,19189.85,19221.9,0
2016-05-25 13:15:00,19221.35,19248.2,19188.6,19194.65,0
2016-05-25 14:15:00,19194.65,19218.45,19162.9,19218.0,0
2016-05-25 15:15:00,19218.0,19238.55,19216.05,19223.85,0
2016-05-26 09:15:00,19258.1,19321.95,19219.25,19301.5,0
2016-05-26 10:15:00,19301.5,19320.45,19286.45,19288.3,0
2016-05-26 11:15:00,19288.3,19308.65,19261.25,19297.15,0
2016-05-26 12:15:00,19295.85,19343.25,19288.4,19339.8,0
2016-05-26 13:15:00,19339.8,19389.75,19339.15,19369.8,0
2016-05-26 14:15:00,19369.8,19422.95,19311.65,19420.3,0
2016-05-26 15:15:00,19421.25,19460.8,19421.25,19457.0,0
2016-05-27 09:15:00,19490.8,19601.1,19471.5,19591.05,0
2016-05-27 10:15:00,19591.05,19712.95,19591.05,19690.95,0
2016-05-27 11:15:00,19690.95,19693.1,19654.55,19682.7,0
2016-05-27 12:15:00,19682.7,19733.65,19678.05,19706.6,0
2016-05-27 13:15:00,19706.6,19757.0,19679.8,19739.35,0
2016-05-27 14:15:00,19739.35,19784.1,19686.75,19687.05,0
2016-05-27 15:15:00,19687.05,19725.95,19687.05,19702.05,0
2016-05-30 09:15:00,19791.95,19843.55,19717.45,19760.05,0
2016-05-30 10:15:00,19760.05,19765.05,19688.05,19761.35,0
2016-05-30 11:15:00,19763.05,19770.65,19740.1,19766.4,0
2016-05-30 12:15:00,19766.4,19802.8,19755.3,19800.4,0
2016-05-30 13:15:00,19800.4,19805.4,19756.25,19767.45,0
2016-05-30 14:15:00,19768.2,19820.05,19751.85,19800.0,0
2016-05-30 15:15:00,19800.0,19811.75,19780.55,19780.55,0
2016-05-31 09:15:00,19840.3,19856.0,19695.65,19722.45,0
2016-05-31 10:15:00,19722.45,19759.45,19685.95,19727.95,0
2016-05-31 11:15:00,19727.95,19748.45,19677.9,19728.1,0
2016-05-31 12:15:00,19728.1,19769.5,19723.2,19769.5,0
2016-05-31 13:15:00,19769.5,19780.65,19690.15,19690.8,0
2016-05-31 14:15:00,19690.8,19767.1,19665.75,19729.3,0
2016-05-31 15:15:00,19729.3,19731.15,19702.75,19707.35,0
2016-06-01 09:15:00,19775.6,19889.95,19761.8,19876.3,0
2016-06-01 10:15:00,19876.3,19912.5,19863.6,19887.9,0
2016-06-01 11:15:00,19887.9,19892.6,19797.2,19821.25,0
2016-06-01 12:15:00,19821.25,19856.9,19801.25,19847.2,0
2016-06-01 13:15:00,19847.2,19847.2,19781.2,19798.0,0
2016-06-01 14:15:00,19798.0,19809.55,19708.4,19723.95,0
2016-06-01 15:15:00,19723.95,19740.55,19702.45,19703.4,0
2016-06-02 09:15:00,19722.55,19767.95,19681.55,19767.1,0
2016-06-02 10:15:00,19767.1,19828.8,19767.1,19784.35,0
2016-06-02 11:15:00,19784.45,19798.95,19768.6,19789.5,0
2016-06-02 12:15:00,19789.5,19794.0,19741.05,19767.35,0
2016-06-02 13:15:00,19767.35,19823.75,19757.0,19813.2,0
2016-06-02 14:15:00,19813.2,19881.5,19806.4,19861.25,0
2016-06-02 15:15:00,19861.25,19861.3,19841.35,19850.65,0
2016-06-03 09:15:00,19933.55,20000.2,19919.0,19933.55,0
2016-06-03 10:15:00,19932.4,19965.05,19913.55,19937.25,0
2016-06-03 11:15:00,19934.4,19987.95,19926.25,19964.55,0
2016-06-03 12:15:00,19964.15,19988.1,19948.55,19978.0,0
2016-06-03 13:15:00,19978.0,19982.6,19860.0,19886.25,0
2016-06-03 14:15:00,19886.25,19901.35,19820.8,19871.0,0
2016-06-03 15:15:00,19871.0,19877.0,19863.0,19867.25,0
2016-06-06 09:15:00,19869.2,19914.9,19803.15,19803.15,0
2016-06-06 10:15:00,19803.15,19845.15,19801.3,19829.15,0
2016-06-06 11:15:00,19829.15,19832.1,19792.0,19806.55,0
2016-06-06 12:15:00,19806.55,19838.3,19803.65,19829.65,0
2016-06-06 13:15:00,19829.65,19837.6,19788.8,19801.45,0
2016-06-06 14:15:00,19801.45,19807.35,19724.25,19762.65,0
2016-06-06 15:15:00,19762.65,19770.3,19741.35,19745.35,0
2016-06-07 09:15:00,19833.45,19858.65,19799.95,19839.15,0
2016-06-07 10:15:00,19839.15,19857.95,19781.9,19814.05,0
2016-06-07 11:15:00,19814.05,19861.9,19783.2,19851.75,0
2016-06-07 12:15:00,19851.75,19895.65,19850.5,19880.65,0
2016-06-07 13:15:00,19879.9,19902.55,19871.9,19872.05,0
2016-06-07 14:15:00,19872.05,19875.35,19796.85,19857.4,0
2016-06-07 15:15:00,19855.7,19857.85,19842.15,19848.7,0
2016-06-08 09:15:00,19886.6,19938.25,19854.65,19938.25,0
2016-06-08 10:15:00,19938.25,19954.65,19914.75,19934.85,0
2016-06-08 11:15:00,19934.85,19961.05,19906.35,19950.5,0
2016-06-08 12:15:00,19950.5,19950.5,19904.8,19916.7,0
2016-06-08 13:15:00,19917.25,19941.4,19906.9,19913.55,0
2016-06-08 14:15:00,19914.0,19947.05,19875.65,19943.65,0
2016-06-08 15:15:00,19943.65,19966.05,19942.8,19946.1,0
2016-06-09 09:15:00,19993.25,20037.8,19910.35,19965.1,0
2016-06-09 10:15:00,19964.8,20015.55,19961.65,19999.6,0
2016-06-09 11:15:00,19999.6,20001.4,19968.6,19989.65,0
2016-06-09 12:15:00,19989.65,20004.35,19946.4,19968.6,0
2016-06-09 13:15:00,19968.7,19973.65,19856.6,19856.6,0
2016-06-09 14:15:00,19856.6,19911.55,19853.75,19885.4,0
2016-06-09 15:15:00,19885.4,19892.1,19867.85,19870.55,0
2016-06-10 09:15:00,19921.1,19940.75,19878.9,19927.9,0
2016-06-10 10:15:00,19928.0,19984.45,19917.75,19974.6,0
2016-06-10 11:15:00,19974.6,19979.4,19931.3,19941.55,0
2016-06-10 12:15:00,19941.55,19947.4,19809.8,19837.25,0
2016-06-10 13:15:00,19837.25,19837.25,19782.4,19788.55,0
2016-06-10 14:15:00,19788.55,19825.95,19764.0,19788.75,0
2016-06-10 15:15:00,19788.75,19796.25,19759.3,19760.3,0
2016-06-13 09:15:00,19633.55,19670.25,19585.7,19625.85,0
2016-06-13 10:15:00,19625.85,19661.4,19598.0,19605.95,0
2016-06-13 11:15:00,19606.35,19606.35,19519.75,19527.35,0
2016-06-13 12:15:00,19527.05,19597.95,19527.05,19591.45,0
2016-06-13 13:15:00,19591.45,19643.45,19580.8,19590.05,0
2016-06-13 14:15:00,19590.05,19635.5,19567.95,19635.5,0
2016-06-13 15:15:00,19635.5,19673.35,19635.25,19655.4,0
2016-06-14 09:15:00,19679.45,19717.0,19649.5,19689.8,0
2016-06-14 10:15:00,19689.8,19711.0,19678.35,19680.25,0
2016-06-14 11:15:00,19680.25,19712.1,19665.85,19671.4,0
2016-06-14 12:15:00,19671.4,19671.4,19629.8,19640.6,0
2016-06-14 13:15:00,19640.6,19641.5,19575.65,19579.45,0
2016-06-14 14:15:00,19580.1,19680.65,19573.1,19672.95,0
2016-06-14 15:15:00,19672.95,19696.85,19671.1,19673.5,0
2016-06-15 09:15:00,19751.3,19788.65,19727.75,19763.45,0
2016-06-15 10:15:00,19763.45,19769.7,19736.25,19759.55,0
2016-06-15 11:15:00,19759.35,19776.45,19757.2,19771.7,0
2016-06-15 12:15:00,19771.0,19802.2,19767.55,19799.75,0
2016-06-15 13:15:00,19799.75,19829.55,19786.4,19826.55,0
2016-06-15 14:15:00,19826.4,19850.0,19810.65,19816.1,0
2016-06-15 15:15:00,19816.1,19824.75,19810.2,19813.1,0
2016-06-16 09:15:00,19820.05,19833.55,19750.4,19750.4,0
2016-06-16 10:15:00,19750.4,19818.85,19705.05,19714.4,0
2016-06-16 11:15:00,19714.3,19722.5,19634.75,19640.35,0
2016-06-16 12:15:00,19640.35,19738.05,19635.4,19733.15,0
2016-06-16 13:15:00,19733.15,19762.7,19727.4,19745.45,0
2016-06-16 14:15:00,19745.45,19816.4,19712.55,19790.35,0
2016-06-16 15:15:00,19790.65,19806.5,19781.9,19785.5,0
2016-06-17 09:15:00,19897.9,19912.05,19827.35,19838.7,0
2016-06-17 10:15:00,19838.7,19857.5,19814.55,19820.6,0
2016-06-17 11:15:00,19820.6,19833.65,19804.6,19829.25,0
2016-06-17 12:15:00,19829.25,19843.3,19807.3,19832.55,0
2016-06-17 13:15:00,19832.55,19847.45,19795.35,19830.6,0
2016-06-17 14:15:00,19832.55,19832.55,19739.2,19792.75,0
2016-06-17 15:15:00,19792.75,19806.35,19771.4,19771.4,0
2016-06-20 09:15:00,19679.45,19837.25,19642.65,19799.5,0
2016-06-20 10:15:00,19799.5,19828.35,19793.4,19825.65,0
2016-06-20 11:15:00,19825.65,19837.0,19808.7,19821.05,0
2016-06-20 12:15:00,19820.65,19859.8,19819.25,19852.05,0
2016-06-20 13:15:00,19852.05,19878.3,19834.3,19877.55,0
2016-06-20 14:15:00,19877.55,19921.55,19875.2,19907.3,0
2016-06-20 15:15:00,19907.3,19908.6,19888.95,19905.95,0
2016-06-21 09:15:00,19952.35,20027.1,19936.75,20012.7,0
2016-06-21 10:15:00,20012.7,20021.75,19989.5,19999.3,0
2016-06-21 11:15:00,19999.3,20025.1,19979.7,19979.7,0
2016-06-21 12:15:00,19979.7,19980.55,19942.75,19953.45,0
2016-06-21 13:15:00,19953.45,19965.8,19933.25,19956.55,0
2016-06-21 14:15:00,19956.55,19959.1,19922.15,19955.55,0
2016-06-21 15:15:00,19955.6,19965.05,19935.05,19935.25,0
2016-06-22 09:15:00,19959.75,20002.1,19959.75,19982.1,0
2016-06-22 10:15:00,19982.1,19982.1,19911.2,19936.25,0
2016-06-22 11:15:00,19936.25,19952.4,19914.25,19931.6,0
2016-06-22 12:15:00,19931.6,19947.5,19916.2,19947.2,0
2016-06-22 13:15:00,19946.85,19955.4,19860.45,19874.5,0
2016-06-22 14:15:00,19874.0,19965.2,19872.5,19958.5,0
2016-06-22 15:15:00,19958.5,19968.25,19934.6,19934.6,0
2016-06-23 09:15:00,19976.7,19987.85,19855.5,19874.05,0
2016-06-23 10:15:00,19874.05,19900.3,19874.05,19893.4,0
2016-06-23 11:15:00,19892.55,19911.5,19881.2,19909.7,0
2016-06-23 12:15:00,19909.7,19939.7,19901.35,19918.4,0
2016-06-23 13:15:00,19918.55,19918.55,19897.4,19912.1,0
2016-06-23 14:15:00,19912.1,19987.45,19907.9,19979.75,0
2016-06-23 15:15:00,19979.75,19982.75,19970.1,19973.1,0
2016-06-24 09:15:00,19535.7,19553.55,19234.3,19276.85,0
2016-06-24 10:15:00,19276.85,19383.45,19226.1,19325.6,0
2016-06-24 11:15:00,19325.6,19345.75,19278.3,19286.7,0
2016-06-24 12:15:00,19286.7,19449.9,19223.8,19449.9,0
2016-06-24 13:15:00,19449.9,19622.45,19443.95,19622.45,0
2016-06-24 14:15:00,19622.45,19721.95,19564.1,19699.65,0
2016-06-24 15:15:00,19699.65,19719.15,19688.25,19692.5,0
2016-06-27 09:15:00,19675.8,19865.95,19668.35,19835.0,0
2016-06-27 10:15:00,19835.0,19896.2,19829.15,19884.25,0
2016-06-27 11:15:00,19884.85,19930.3,19875.7,19906.85,0
2016-06-27 12:15:00,19906.85,19945.45,19886.9,19923.25,0
2016-06-27 13:15:00,19923.25,19938.55,19851.55,19892.6,0
2016-06-27 14:15:00,19893.0,19957.5,19892.5,19901.8,0
2016-06-27 15:15:00,19901.8,19901.8,19879.5,19885.5,0
2016-06-28 09:15:00,19965.55,20026.9,19965.55,20004.15,0
2016-06-28 10:15:00,20004.15,20024.55,19996.5,20015.0,0
2016-06-28 11:15:00,20014.35,20021.05,19992.95,20009.5,0
2016-06-28 12:15:00,20009.5,20044.15,20001.05,20028.65,0
2016-06-28 13:15:00,20028.0,20034.55,19998.9,20017.65,0
2016-06-28 14:15:00,20018.8,20076.4,19993.55,20050.9,0
2016-06-28 15:15:00,20050.9,20054.3,20031.75,20046.45,0
2016-06-29 09:15:00,20144.5,20201.3,20143.0,20197.85,0
2016-06-29 10:15:00,20197.85,20219.2,20184.55,20184.7,0
2016-06-29 11:15:00,20184.7,20222.6,20169.5,20220.25,0
2016-06-29 12:15:00,20218.65,20255.65,20204.35,20248.55,0
2016-06-29 13:15:00,20248.55,20258.3,20236.15,20254.6,0
2016-06-29 14:15:00,20255.85,20278.0,20236.35,20247.75,0
2016-06-29 15:15:00,20247.75,20256.7,20244.45,20246.1,0
2016-06-30 09:15:00,20366.0,20451.75,20352.8,20440.55,0
2016-06-30 10:15:00,20439.15,20444.35,20394.65,20434.5,0
2016-06-30 11:15:00,20434.5,20446.7,20398.1,20414.15,0
2016-06-30 12:15:00,20413.75,20426.0,20381.1,20418.35,0
2016-06-30 13:15:00,20418.35,20489.3,20416.85,20483.55,0
2016-06-30 14:15:00,20484.35,20544.05,20469.3,20533.05,0
2016-06-30 15:15:00,20533.05,20568.5,20526.8,20559.3,0
2016-07-01 09:15:00,20611.35,20769.5,20611.35,20753.6,0
2016-07-01 10:15:00,20753.6,20781.9,20723.65,20766.25,0
2016-07-01 11:15:00,20766.25,20830.1,20762.95,20829.75,0
2016-07-01 12:15:00,20829.75,20829.75,20802.35,20804.15,0
2016-07-01 13:15:00,20802.05,20835.2,20759.8,20832.2,0
2016-07-01 14:15:00,20832.2,20859.8,20824.55,20833.9,0
2016-07-01 15:15:00,20833.9,20838.4,20813.0,20813.0,0
2016-07-04 09:15:00,20934.7,20991.95,20934.7,20961.2,0
2016-07-04 10:15:00,20961.2,21001.3,20959.6,20989.05,0
2016-07-04 11:15:00,20989.05,21021.1,20975.05,21021.1,0
2016-07-04 12:15:00,21021.1,21045.75,20972.3,20980.55,0
2016-07-04 13:15:00,20980.55,21018.85,20977.35,21015.9,0
2016-07-04 14:15:00,21015.9,21022.05,20967.9,20987.8,0
2016-07-04 15:15:00,20987.8,21008.05,20980.0,20994.2,0
2016-07-05 09:15:00,20991.75,21024.6,20946.8,21018.9,0
2016-07-05 10:15:00,21018.9,21045.05,20962.5,21019.55,0
2016-07-05 11:15:00,21019.55,21075.5,21015.8,21042.5,0
2016-07-05 12:15:00,21042.5,21043.95,21011.15,21024.05,0
2016-07-05 13:15:00,21024.05,21027.1,20888.6,20905.25,0
2016-07-05 14:15:00,20905.25,20984.1,20900.9,20977.05,0
2016-07-05 15:15:00,20977.05,20987.9,20954.5,20958.95,0
2016-07-07 09:15:00,20999.9,21023.4,20979.55,20985.6,0
2016-07-07 10:15:00,20985.6,21008.5,20947.15,20975.55,0
2016-07-07 11:15:00,20975.55,20995.5,20937.1,20938.15,0
2016-07-07 12:15:00,20938.15,20981.1,20938.15,20970.75,0
2016-07-07 13:15:00,20970.75,21007.65,20967.8,21004.5,0
2016-07-07 14:15:00,21004.5,21004.5,20922.5,20923.35,0
2016-07-07 15:15:00,20923.4,20971.55,20923.4,20965.3,0
2016-07-08 09:15:00,20998.05,21025.9,20862.9,20964.95,0
2016-07-08 10:15:00,20964.95,20968.75,20914.15,20916.6,0
2016-07-08 11:15:00,20916.25,20955.25,20916.25,20946.9,0
2016-07-08 12:15:00,20946.9,20985.3,20920.7,20984.6,0
2016-07-08 13:15:00,20984.6,21018.1,20964.45,20967.8,0
2016-07-08 14:15:00,20967.8,21006.4,20946.25,20991.7,0
2016-07-08 15:15:00,20991.7,21007.1,20988.45,21003.1,0
2016-07-11 09:15:00,21196.2,21290.05,21196.2,21276.4,0
2016-07-11 10:15:00,21276.4,21318.7,21276.4,21287.95,0
2016-07-11 11:15:00,21287.5,21354.65,21287.5,21349.35,0
2016-07-11 12:15:00,21349.35,21379.25,21343.4,21349.7,0
2016-07-11 13:15:00,21349.7,21350.5,21321.65,21336.1,0
2016-07-11 14:15:00,21336.1,21356.4,21304.85,21350.25,0
2016-07-11 15:15:00,21350.25,21359.25,21344.15,21347.35,0
2016-07-12 09:15:00,21418.75,21487.25,21418.75,21452.7,0
2016-07-12 10:15:00,21452.7,21498.1,21447.8,21495.4,0
2016-07-12 11:15:00,21495.4,21522.65,21495.4,21509.9,0
2016-07-12 12:15:00,21509.9,21511.25,21459.3,21460.35,0
2016-07-12 13:15:00,21460.35,21460.35,21382.35,21444.8,0
2016-07-12 14:15:00,21445.8,21518.0,21413.65,21516.2,0
2016-07-12 15:15:00,21516.2,21531.2,21505.9,21510.7,0
2016-07-13 09:15:00,21568.05,21694.1,21554.65,21574.1,0
2016-07-13 10:15:00,21574.0,21610.5,21393.6,21459.25,0
2016-07-13 11:15:00,21459.25,21483.3,21414.9,21482.55,0
2016-07-13 12:15:00,21484.65,21484.65,21402.15,21408.9,0
2016-07-13 13:15:00,21409.7,21446.3,21390.7,21400.2,0
2016-07-13 14:15:00,21399.9,21460.25,21360.95,21427.0,0
2016-07-13 15:15:00,21426.45,21437.95,21407.2,21407.55,0
2016-07-14 09:15:00,21460.3,21522.25,21429.45,21450.15,0
2016-07-14 10:15:00,21450.9,21469.2,21420.7,21467.7,0
2016-07-14 11:15:00,21467.7,21507.9,21454.6,21486.55,0
2016-07-14 12:15:00,21486.55,21503.85,21464.35,21480.95,0
2016-07-14 13:15:00,21480.95,21506.8,21463.8,21502.0,0
2016-07-14 14:15:00,21501.9,21535.85,21469.1,21524.35,0
2016-07-14 15:15:00,21524.35,21526.9,21504.8,21511.55,0
2016-07-15 09:15:00,21613.25,21692.15,21589.8,21603.6,0
2016-07-15 10:15:00,21603.6,21650.6,21574.05,21650.15,0
2016-07-15 11:15:00,21650.15,21662.5,21596.35,21619.35,0
2016-07-15 12:15:00,21619.35,21635.45,21574.25,21633.65,0
2016-07-15 13:15:00,21633.65,21642.1,21589.85,21621.05,0
2016-07-15 14:15:00,21620.85,21648.95,21541.75,21589.85,0
2016-07-15 15:15:00,21589.85,21591.1,21566.05,21566.45,0
2016-07-18 09:15:00,21645.05,21679.5,21610.3,21639.15,0
2016-07-18 10:15:00,21639.15,21650.35,21600.5,21629.75,0
2016-07-18 11:15:00,21629.75,21640.35,21613.35,21639.45,0
2016-07-18 12:15:00,21639.45,21649.9,21596.6,21601.9,0
2016-07-18 13:15:00,21601.9,21610.0,21498.75,21556.15,0
2016-07-18 14:15:00,21556.15,21557.25,21434.05,21439.25,0
2016-07-18 15:15:00,21439.25,21439.9,21394.75,21397.3,0
2016-07-19 09:15:00,21461.25,21495.1,21394.55,21487.6,0
2016-07-19 10:15:00,21485.3,21513.0,21453.1,21490.2,0
2016-07-19 11:15:00,21489.0,21491.35,21412.5,21434.75,0
2016-07-19 12:15:00,21434.75,21463.15,21403.45,21405.35,0
2016-07-19 13:15:00,21405.35,21405.75,21318.4,21354.4,0
2016-07-19 14:15:00,21354.4,21520.1,21330.4,21512.5,0
2016-07-19 15:15:00,21512.5,21540.8,21502.9,21532.75,0
2016-07-20 09:15:00,21541.5,21629.15,21541.5,21624.45,0
2016-07-20 10:15:00,21624.45,21640.25,21590.55,21637.15,0
2016-07-20 11:15:00,21637.15,21666.15,21635.0,21653.05,0
2016-07-20 12:15:00,21652.0,21657.05,21620.85,21641.1,0
2016-07-20 13:15:00,21641.1,21654.4,21621.55,21647.75,0
2016-07-20 14:15:00,21647.75,21688.9,21644.65,21677.8,0
2016-07-20 15:15:00,21677.8,21677.8,21665.45,21671.7,0
2016-07-21 09:15:00,21802.85,21842.1,21743.95,21795.25,0
2016-07-21 10:15:00,21796.85,21830.7,21792.2,21830.7,0
2016-07-21 11:15:00,21830.7,21833.85,21765.7,21780.15,0
2016-07-21 12:15:00,21780.15,21807.7,21756.1,21766.65,0
2016-07-21 13:15:00,21766.65,21817.8,21750.3,21785.9,0
2016-07-21 14:15:00,21785.9,21794.4,21683.55,21695.75,0
2016-07-21 15:15:00,21695.75,21710.95,21683.2,21710.95,0
2016-07-22 09:15:00,21758.6,21802.1,21660.6,21797.2,0
2016-07-22 10:15:00,21797.2,21825.7,21751.8,21823.65,0
2016-07-22 11:15:00,21820.35,21898.0,21814.7,21890.5,0
2016-07-22 12:15:00,21891.35,21897.6,21848.35,21890.2,0
2016-07-22 13:15:00,21889.15,21939.65,21854.15,21915.0,0
2016-07-22 14:15:00,21915.0,21993.15,21908.6,21973.35,0
2016-07-22 15:15:00,21973.35,21992.2,21966.5,21966.75,0
2016-07-25 09:15:00,22047.6,22206.4,22028.25,22184.95,0
2016-07-25 10:15:00,22184.95,22234.3,22167.9,22218.8,0
2016-07-25 11:15:00,22219.95,22221.35,22182.9,22198.35,0
2016-07-25 12:15:00,22198.35,22216.65,22189.15,22196.4,0
2016-07-25 13:15:00,22198.4,22241.65,22186.3,22194.0,0
2016-07-25 14:15:00,22194.0,22236.85,22187.5,22223.55,0
2016-07-25 15:15:00,22223.55,22232.5,22203.95,22209.05,0
2016-07-26 09:15:00,22257.5,22335.4,22228.2,22263.2,0
2016-07-26 10:15:00,22263.2,22291.05,22201.0,22248.15,0
2016-07-26 11:15:00,22248.2,22278.9,22224.3,22247.25,0
2016-07-26 12:15:00,22247.25,22319.95,22244.3,22301.25,0
2016-07-26 13:15:00,22301.25,22350.5,22284.5,22348.1,0
2016-07-26 14:15:00,22348.1,22371.55,22148.4,22153.9,0
2016-07-26 15:15:00,22157.3,22226.4,22156.75,22193.5,0
2016-07-27 09:15:00,22278.75,22343.5,22266.55,22338.7,0
2016-07-27 10:15:00,22338.7,22339.2,22251.9,22276.5,0
2016-07-27 11:15:00,22276.5,22277.8,22152.2,22162.95,0
2016-07-27 12:15:00,22162.95,22253.75,22156.3,22204.1,0
2016-07-27 13:15:00,22204.1,22254.65,22195.2,22223.45,0
2016-07-27 14:15:00,22223.45,22357.15,22221.1,22354.5,0
2016-07-27 15:15:00,22354.5,22354.9,22315.0,22317.15,0
2016-07-28 09:15:00,22365.05,22407.4,22323.2,22407.4,0
2016-07-28 10:15:00,22407.4,22461.4,22391.45,22443.55,0
2016-07-28 11:15:00,22443.55,22455.6,22428.1,22439.75,0
2016-07-28 12:15:00,22439.75,22450.3,22379.0,22421.65,0
2016-07-28 13:15:00,22422.4,22424.8,22343.75,22386.5,0
2016-07-28 14:15:00,22386.5,22411.85,22336.9,22402.25,0
2016-07-28 15:15:00,22402.25,22462.9,22402.25,22453.0,0
2016-07-29 09:15:00,22465.65,22566.3,22432.1,22532.25,0
2016-07-29 10:15:00,22532.25,22571.85,22519.9,22546.15,0
2016-07-29 11:15:00,22546.15,22604.55,22532.05,22542.5,0
2016-07-29 12:15:00,22542.5,22551.15,22503.5,22548.65,0
2016-07-29 13:15:00,22548.65,22561.25,22488.0,22495.6,0
2016-07-29 14:15:00,22494.55,22516.35,22438.5,22457.35,0
2016-07-29 15:15:00,22457.35,22473.5,22455.75,22468.05,0
2016-08-01 09:15:00,22562.75,22724.8,22562.75,22700.1,0
2016-08-01 10:15:00,22700.1,22719.35,22662.9,22691.1,0
2016-08-01 11:15:00,22691.1,22698.45,22537.0,22563.2,0
2016-08-01 12:15:00,22563.75,22563.75,22366.5,22376.6,0
2016-08-01 13:15:00,22376.6,22521.8,22332.0,22514.8,0
2016-08-01 14:15:00,22514.8,22524.95,22443.55,22514.9,0
2016-08-01 15:15:00,22514.9,22544.1,22496.85,22530.65,0
2016-08-02 09:15:00,22592.3,22673.8,22558.35,22652.7,0
2016-08-02 10:15:00,22652.7,22692.8,22630.55,22692.8,0
2016-08-02 11:15:00,22692.8,22699.4,22596.3,22602.4,0
2016-08-02 12:15:00,22602.4,22615.7,22553.55,22577.55,0
2016-08-02 13:15:00,22577.75,22589.7,22395.15,22395.15,0
2016-08-02 14:15:00,22395.15,22420.85,22337.1,22363.9,0
2016-08-02 15:15:00,22363.9,22384.1,22347.75,22379.3,0
2016-08-03 09:15:00,22433.25,22433.25,22145.3,22268.75,0
2016-08-03 10:15:00,22268.75,22276.55,22101.15,22108.05,0
2016-08-03 11:15:00,22108.05,22117.2,22009.6,22058.35,0
2016-08-03 12:15:00,22058.35,22127.7,22057.75,22064.95,0
2016-08-03 13:15:00,22064.95,22187.15,22054.65,22150.2,0
2016-08-03 14:15:00,22150.2,22150.2,21953.8,21959.6,0
2016-08-03 15:15:00,21958.15,21986.75,21931.75,21963.85,0
2016-08-04 09:15:00,22130.65,22178.85,21892.4,22112.95,0
2016-08-04 10:15:00,22112.95,22157.95,22068.2,22116.7,0
2016-08-04 11:15:00,22116.7,22123.1,22082.75,22086.0,0
2016-08-04 12:15:00,22086.0,22132.8,22038.95,22045.15,0
2016-08-04 13:15:00,22045.15,22069.65,21973.1,21983.95,0
2016-08-04 14:15:00,21983.95,22093.55,21977.65,22091.8,0
2016-08-04 15:15:00,22090.5,22149.55,22090.1,22149.55,0
2016-08-05 09:15:00,22236.25,22333.15,22232.0,22320.05,0
2016-08-05 10:15:00,22320.05,22363.2,22303.0,22351.05,0
2016-08-05 11:15:00,22351.05,22386.15,22337.8,22348.8,0
2016-08-05 12:15:00,22348.8,22365.45,22319.6,22332.45,0
2016-08-05 13:15:00,22332.45,22440.9,22331.5,22410.45,0
2016-08-05 14:15:00,22410.45,22533.25,22368.5,22528.25,0
2016-08-05 15:15:00,22526.55,22541.45,22520.65,22520.65,0
2016-08-08 09:15:00,22637.15,22666.75,22548.15,22613.45,0
2016-08-08 10:15:00,22614.2,22662.6,22583.8,22662.6,0
2016-08-08 11:15:00,22664.05,22714.5,22661.5,22712.2,0
2016-08-08 12:15:00,22712.2,22736.85,22712.2,22725.2,0
2016-08-08 13:15:00,22725.2,22746.2,22673.0,22740.3,0
2016-08-08 14:15:00,22740.3,22811.75,22722.95,22775.3,0
2016-08-08 15:15:00,22774.5,22774.5,22734.2,22734.75,0
2016-08-09 09:15:00,22802.65,22806.3,22682.5,22689.9,0
2016-08-09 10:15:00,22689.6,22700.2,22614.05,22680.2,0
2016-08-09 11:15:00,22680.2,22708.5,22531.2,22557.3,0
2016-08-09 12:15:00,22557.3,22590.0,22526.0,22558.85,0
2016-08-09 13:15:00,22558.85,22630.55,22551.0,22625.5,0
2016-08-09 14:15:00,22625.5,22641.05,22595.55,22610.15,0
2016-08-09 15:15:00,22610.15,22641.5,22600.2,22604.65,0
2016-08-10 09:15:00,22648.75,22662.05,22441.2,22443.85,0
2016-08-10 10:15:00,22443.85,22475.5,22329.5,22351.9,0
2016-08-10 11:15:00,22351.9,22382.65,22251.2,22360.0,0
2016-08-10 12:15:00,22360.0,22382.55,22300.95,22339.9,0
2016-08-10 13:15:00,22339.9,22345.25,22262.0,22280.1,0
2016-08-10 14:15:00,22280.1,22331.7,22237.2,22247.95,0
2016-08-10 15:15:00,22247.95,22251.0,22214.5,22226.8,0
2016-08-11 09:15:00,22258.2,22265.6,22111.0,22202.75,0
2016-08-11 10:15:00,22202.75,22240.75,22155.9,22228.05,0
2016-08-11 11:15:00,22228.05,22275.95,22222.6,22246.25,0
2016-08-11 12:15:00,22246.25,22253.05,22114.05,22141.05,0
2016-08-11 13:15:00,22141.05,22141.05,22022.85,22041.4,0
2016-08-11 14:15:00,22041.4,22299.4,22034.05,22299.4,0
2016-08-11 15:15:00,22299.6,22363.25,22299.6,22335.3,0
2016-08-12 09:15:00,22334.15,22520.45,22298.25,22520.45,0
2016-08-12 10:15:00,22520.45,22560.55,22517.95,22538.25,0
2016-08-12 11:15:00,22538.6,22544.95,22432.4,22484.65,0
2016-08-12 12:15:00,22484.65,22508.25,22449.4,22504.05,0
2016-08-12 13:15:00,22504.05,22514.45,22474.75,22502.7,0
2016-08-12 14:15:00,22502.7,22539.7,22475.15,22505.7,0
2016-08-12 15:15:00,22505.7,22517.1,22476.45,22478.45,0
2016-08-16 09:15:00,22577.5,22681.8,22473.55,22677.6,0
2016-08-16 10:15:00,22677.6,22685.5,22554.05,22605.8,0
2016-08-16 11:15:00,22605.8,22615.55,22488.7,22517.9,0
2016-08-16 12:15:00,22517.9,22560.6,22513.95,22557.3,0
2016-08-16 13:15:00,22557.75,22575.7,22522.85,22562.05,0
2016-08-16 14:15:00,22563.65,22632.45,22557.0,22630.0,0
2016-08-16 15:15:00,22630.0,22639.85,22619.25,22629.55,0
2016-08-17 09:15:00,22642.25,22730.05,22616.2,22727.35,0
2016-08-17 10:15:00,22727.35,22780.0,22701.25,22780.0,0
2016-08-17 11:15:00,22780.0,22782.85,22734.25,22777.05,0
2016-08-17 12:15:00,22777.05,22790.45,22716.65,22743.0,0
2016-08-17 13:15:00,22743.3,22747.3,22643.75,22690.2,0
2016-08-17 14:15:00,22689.9,22792.25,22660.7,22770.95,0
2016-08-17 15:15:00,22770.95,22788.9,22745.3,22747.85,0
2016-08-18 09:15:00,22829.35,22894.35,22829.35,22851.9,0
2016-08-18 10:15:00,22851.9,22866.75,22819.55,22840.1,0
2016-08-18 11:15:00,22840.1,22879.25,22835.75,22857.45,0
2016-08-18 12:15:00,22859.15,22873.8,22848.5,22869.8,0
2016-08-18 13:15:00,22869.8,22902.3,22831.1,22844.0,0
2016-08-18 14:15:00,22844.0,22883.0,22819.1,22866.7,0
2016-08-18 15:15:00,22866.7,22879.25,22854.05,22868.95,0
2016-08-19 09:15:00,22931.1,22940.45,22833.55,22899.1,0
2016-08-19 10:15:00,22899.1,22929.1,22885.35,22917.95,0
2016-08-19 11:15:00,22918.3,22988.15,22915.75,22966.85,0
2016-08-19 12:15:00,22966.85,22971.0,22844.1,22884.4,0
2016-08-19 13:15:00,22884.4,22906.75,22865.95,22904.85,0
2016-08-19 14:15:00,22904.85,22948.4,22889.25,22935.65,0
2016-08-19 15:15:00,22935.65,22937.35,22900.9,22906.75,0
2016-08-22 09:15:00,22931.0,22966.5,22815.1,22850.55,0
2016-08-22 10:15:00,22850.55,22852.45,22738.35,22827.05,0
2016-08-22 11:15:00,22827.05,22840.05,22781.45,22805.1,0
2016-08-22 12:15:00,22804.55,22853.15,22799.2,22839.5,0
2016-08-22 13:15:00,22839.5,22868.6,22826.4,22863.1,0
2016-08-22 14:15:00,22861.45,22873.6,22771.35,22798.8,0
2016-08-22 15:15:00,22798.8,22800.35,22755.55,22755.55,0
2016-08-23 09:15:00,22783.2,22783.2,22665.7,22710.85,0
2016-08-23 10:15:00,22708.95,22721.4,22622.3,22651.45,0
2016-08-23 11:15:00,22652.4,22680.9,22641.95,22661.6,0
2016-08-23 12:15:00,22661.6,22693.9,22625.25,22634.55,0
2016-08-23 13:15:00,22634.55,22652.8,22522.25,22568.25,0
2016-08-23 14:15:00,22568.25,22671.55,22568.1,22660.7,0
2016-08-23 15:15:00,22660.7,22666.9,22642.8,22650.2,0
2016-08-24 09:15:00,22697.25,22811.8,22686.45,22795.25,0
2016-08-24 10:15:00,22794.25,22828.75,22791.25,22808.1,0
2016-08-24 11:15:00,22809.0,22844.1,22806.7,22826.5,0
2016-08-24 12:15:00,22826.5,22845.4,22793.5,22841.05,0
2016-08-24 13:15:00,22841.05,22846.0,22809.7,22840.7,0
2016-08-24 14:15:00,22840.7,22887.2,22833.5,22860.85,0
2016-08-24 15:15:00,22860.85,22864.3,22840.4,22845.4,0
2016-08-25 09:15:00,22918.4,22969.7,22897.95,22966.45,0
2016-08-25 10:15:00,22966.45,22974.3,22916.8,22927.3,0
2016-08-25 11:15:00,22927.3,22929.8,22903.0,22907.8,0
2016-08-25 12:15:00,22907.8,22923.15,22820.35,22831.65,0
2016-08-25 13:15:00,22831.75,22865.75,22770.8,22807.95,0
2016-08-25 14:15:00,22807.95,22828.1,22698.7,22703.5,0
2016-08-25 15:15:00,22703.5,22732.3,22699.15,22731.5,0
2016-08-26 09:15:00,22806.35,22877.0,22680.1,22701.4,0
2016-08-26 10:15:00,22701.4,22759.75,22667.95,22716.3,0
2016-08-26 11:15:00,22716.3,22771.55,22712.2,22740.6,0
2016-08-26 12:15:00,22740.6,22792.65,22733.8,22789.15,0
2016-08-26 13:15:00,22789.15,22811.1,22744.0,22758.2,0
2016-08-26 14:15:00,22758.2,22809.75,22741.3,22801.65,0
2016-08-26 15:15:00,22801.65,22809.85,22786.35,22794.5,0
2016-08-29 09:15:00,22815.8,22818.7,22688.7,22726.8,0
2016-08-29 10:15:00,22726.8,22805.65,22726.8,22774.5,0
2016-08-29 11:15:00,22774.5,22812.4,22768.9,22769.1,0
2016-08-29 12:15:00,22769.1,22784.8,22747.4,22769.45,0
2016-08-29 13:15:00,22769.45,22770.85,22727.1,22747.4,0
2016-08-29 14:15:00,22747.4,22813.7,22736.75,22806.1,0
2016-08-29 15:15:00,22806.1,22833.9,22805.6,22827.35,0
2016-08-30 09:15:00,22902.05,22975.6,22893.25,22957.5,0
2016-08-30 10:15:00,22957.5,22988.9,22946.7,22973.6,0
2016-08-30 11:15:00,22973.6,22994.95,22965.9,22992.4,0
2016-08-30 12:15:00,22992.4,23000.45,22974.7,22991.55,0
2016-08-30 13:15:00,22992.1,22996.1,22965.8,22972.3,0
2016-08-30 14:15:00,22974.6,22988.55,22954.5,22961.7,0
2016-08-30 15:15:00,22961.7,22977.0,22957.45,22966.7,0
2016-08-31 09:15:00,23043.95,23100.35,23035.65,23064.6,0
2016-08-31 10:15:00,23064.6,23090.35,23026.4,23087.65,0
2016-08-31 11:15:00,23087.65,23112.9,23062.9,23076.4,0
2016-08-31 12:15:00,23076.4,23128.2,23061.95,23114.7,0
2016-08-31 13:15:00,23114.7,23159.5,23105.9,23105.9,0
2016-08-31 14:15:00,23106.55,23158.6,22985.35,22985.35,0
2016-08-31 15:15:00,22985.35,23005.5,22961.15,23002.65,0
2016-09-01 09:15:00,23043.6,23106.4,22999.9,23056.5,0
2016-09-01 10:15:00,23056.5,23096.55,23055.4,23072.1,0
2016-09-01 11:15:00,23072.1,23072.1,22983.95,23015.65,0
2016-09-01 12:15:00,23015.65,23065.7,22999.1,23060.25,0
2016-09-01 13:15:00,23060.25,23109.1,23038.7,23057.65,0
2016-09-01 14:15:00,23057.65,23066.4,22886.05,22923.05,0
2016-09-01 15:15:00,22923.05,23000.2,22914.05,22999.4,0
2016-09-02 09:15:00,22987.1,23022.55,22916.55,22982.4,0
2016-09-02 10:15:00,22982.4,23025.55,22976.05,23006.3,0
2016-09-02 11:15:00,23006.0,23034.65,22993.85,22994.25,0
2016-09-02 12:15:00,22994.25,23001.15,22952.45,22973.85,0
2016-09-02 13:15:00,22973.85,23024.7,22967.0,22995.4,0
2016-09-02 14:15:00,22995.4,23060.7,22994.1,23026.2,0
2016-09-02 15:15:00,23026.2,23037.15,23016.35,23022.15,0
2016-09-06 09:15:00,23137.25,23207.5,23107.5,23193.85,0
2016-09-06 10:15:00,23193.85,23250.6,23190.9,23240.85,0
2016-09-06 11:15:00,23242.05,23307.8,23241.8,23305.8,0
2016-09-06 12:15:00,23306.15,23313.55,23287.75,23299.4,0
2016-09-06 13:15:00,23301.55,23303.2,23267.35,23288.45,0
2016-09-06 14:15:00,23287.55,23413.65,23286.0,23413.65,0
2016-09-06 15:15:00,23413.65,23416.5,23394.4,23394.4,0
2016-09-07 09:15:00,23476.7,23537.7,23408.45,23458.4,0
2016-09-07 10:15:00,23458.4,23517.95,23450.25,23496.0,0
2016-09-07 11:15:00,23496.0,23513.15,23470.35,23488.5,0
2016-09-07 12:15:00,23488.5,23502.15,23447.15,23495.05,0
2016-09-07 13:15:00,23495.05,23526.35,23483.3,23507.0,0
2016-09-07 14:15:00,23507.0,23508.2,23410.85,23460.1,0
2016-09-07 15:15:00,23460.95,23490.8,23440.85,23484.6,0
2016-09-08 09:15:00,23520.9,23548.4,23456.3,23493.4,0
2016-09-08 10:15:00,23492.75,23538.65,23491.65,23514.65,0
2016-09-08 11:15:00,23514.5,23520.35,23488.95,23500.65,0
2016-09-08 12:15:00,23501.4,23508.45,23441.55,23494.1,0
2016-09-08 13:15:00,23494.4,23521.9,23478.6,23506.4,0
2016-09-08 14:15:00,23506.4,23559.35,23488.8,23545.8,0
2016-09-08 15:15:00,23545.8,23568.95,23541.6,23542.55,0
2016-09-09 09:15:00,23575.05,23606.4,23422.95,23422.95,0
2016-09-09 10:15:00,23422.95,23462.75,23373.35,23434.3,0
2016-09-09 11:15:00,23434.3,23440.5,23375.5,23388.65,0
2016-09-09 12:15:00,23388.65,23447.15,23372.9,23429.4,0
2016-09-09 13:15:00,23429.4,23474.4,23416.65,23470.15,0
2016-09-09 14:15:00,23470.15,23470.15,23311.7,23311.7,0
2016-09-09 15:15:00,23311.7,23337.2,23304.9,23318.05,0
2016-09-12 09:15:00,22999.6,23004.55,22793.35,22994.5,0
2016-09-12 10:15:00,22994.2,23001.3,22838.6,22855.65,0
2016-09-12 11:15:00,22856.35,22898.35,22838.35,22870.55,0
2016-09-12 12:15:00,22870.7,22872.65,22759.95,22835.8,0
2016-09-12 13:15:00,22835.2,22835.65,22693.65,22706.9,0
2016-09-12 14:15:00,22706.45,22728.95,22606.3,22651.95,0
2016-09-12 15:15:00,22651.3,22714.75,22638.15,22707.15,0
2016-09-14 09:15:00,22773.05,22918.0,22717.25,22717.85,0
2016-09-14 10:15:00,22717.1,22800.85,22703.6,22767.95,0
2016-09-14 11:15:00,22767.95,22833.1,22750.1,22830.65,0
2016-09-14 12:15:00,22830.9,22868.9,22798.9,22798.9,0
2016-09-14 13:15:00,22798.2,22863.7,22791.45,22855.35,0
2016-09-14 14:15:00,22854.55,22935.0,22823.45,22925.0,0
2016-09-14 15:15:00,22926.6,22935.95,22888.8,22894.5,0
2016-09-15 09:15:00,22959.1,22959.1,22800.2,22802.0,0
2016-09-15 10:15:00,22801.15,22832.3,22753.6,22805.95,0
2016-09-15 11:15:00,22805.45,22818.95,22784.0,22800.95,0
2016-09-15 12:15:00,22801.15,22822.6,22768.1,22804.3,0
2016-09-15 13:15:00,22803.8,22838.9,22793.8,22838.75,0
2016-09-15 14:15:00,22838.35,22850.55,22802.9,22805.45,0
2016-09-15 15:15:00,22804.45,22806.4,22785.7,22801.5,0
2016-09-16 09:15:00,22943.05,23089.6,22929.25,23075.6,0
2016-09-16 10:15:00,23075.2,23119.6,23074.55,23100.8,0
2016-09-16 11:15:00,23101.5,23109.6,23067.4,23078.15,0
2016-09-16 12:15:00,23076.9,23081.7,22993.15,22996.4,0
2016-09-16 13:15:00,22997.1,23000.1,22765.3,22832.65,0
2016-09-16 14:15:00,22832.05,22896.6,22773.65,22896.55,0
2016-09-16 15:15:00,22896.65,22900.3,22824.95,22834.9,0
2016-09-19 09:15:00,22933.35,22980.8,22857.85,22946.35,0
2016-09-19 10:15:00,22947.35,22975.7,22908.2,22913.95,0
2016-09-19 11:15:00,22914.3,22939.55,22898.25,22931.75,0
2016-09-19 12:15:00,22932.2,22934.1,22893.0,22925.0,0
2016-09-19 13:15:00,22925.25,22939.4,22874.65,22913.15,0
2016-09-19 14:15:00,22913.25,22958.25,22910.4,22924.05,0
2016-09-19 15:15:00,22925.65,22946.85,22911.35,22946.85,0
2016-09-20 09:15:00,22962.2,23003.85,22899.4,22960.5,0
2016-09-20 10:15:00,22960.35,22994.85,22960.35,22981.45,0
2016-09-20 11:15:00,22981.55,22981.55,22921.7,22967.85,0
2016-09-20 12:15:00,22968.65,22990.1,22940.35,22962.75,0
2016-09-20 13:15:00,22962.5,22973.65,22894.0,22912.8,0
2016-09-20 14:15:00,22912.45,22956.0,22909.5,22926.65,0
2016-09-20 15:15:00,22926.7,22945.25,22914.65,22926.35,0
2016-09-21 09:15:00,22988.65,23042.1,22964.4,23032.9,0
2016-09-21 10:15:00,23032.1,23055.3,23020.35,23046.5,0
2016-09-21 11:15:00,23046.05,23052.0,23020.3,23026.45,0
2016-09-21 12:15:00,23025.55,23032.95,22989.9,22990.65,0
2016-09-21 13:15:00,22989.85,22999.0,22938.6,22955.85,0
2016-09-21 14:15:00,22955.05,22968.9,22896.15,22930.15,0
2016-09-21 15:15:00,22929.9,22931.1,22898.05,22898.05,0
2016-09-22 09:15:00,23136.55,23198.6,23081.15,23081.55,0
2016-09-22 10:15:00,23081.95,23115.5,23065.85,23100.3,0
2016-09-22 11:15:00,23099.95,23099.95,23030.2,23067.3,0
2016-09-22 12:15:00,23067.3,23092.45,23057.55,23087.0,0
2016-09-22 13:15:00,23087.1,23158.8,23083.45,23154.05,0
2016-09-22 14:15:00,23154.7,23235.25,23150.8,23216.05,0
2016-09-22 15:15:00,23215.75,23226.2,23200.15,23225.15,0
2016-09-23 09:15:00,23266.7,23338.8,23220.6,23299.85,0
2016-09-23 10:15:00,23299.6,23354.0,23291.5,23354.0,0
2016-09-23 11:15:00,23353.8,23373.25,23343.4,23355.55,0
2016-09-23 12:15:00,23355.9,23375.5,23270.1,23292.8,0
2016-09-23 13:15:00,23292.4,23325.85,23278.5,23320.35,0
2016-09-23 14:15:00,23320.35,23336.85,23217.5,23234.45,0
2016-09-23 15:15:00,23233.85,23268.25,23227.55,23239.95,0
2016-09-26 09:15:00,23240.95,23275.1,23188.45,23273.7,0
2016-09-26 10:15:00,23273.85,23314.05,23273.85,23303.1,0
2016-09-26 11:15:00,23303.2,23304.35,23241.45,23250.7,0
2016-09-26 12:15:00,23249.95,23283.1,23187.95,23191.8,0
2016-09-26 13:15:00,23190.6,23195.5,23102.1,23136.7,0
2016-09-26 14:15:00,23136.6,23175.25,23094.85,23157.55,0
2016-09-26 15:15:00,23155.1,23191.0,23151.9,23165.35,0
2016-09-27 09:15:00,23245.1,23298.35,23188.4,23192.7,0
2016-09-27 10:15:00,23194.65,23205.55,23153.35,23167.4,0
2016-09-27 11:15:00,23167.2,23240.95,23167.2,23234.7,0
2016-09-27 12:15:00,23235.3,23245.8,23186.6,23192.35,0
2016-09-27 13:15:00,23192.55,23222.0,23183.9,23208.85,0
2016-09-27 14:15:00,23209.55,23231.6,23082.05,23134.8,0
2016-09-27 15:15:00,23134.2,23178.55,23133.7,23165.05,0
2016-09-28 09:15:00,23185.55,23268.7,23154.95,23259.75,0
2016-09-28 10:15:00,23259.8,23268.95,23197.3,23240.85,0
2016-09-28 11:15:00,23240.7,23266.95,23238.0,23263.75,0
2016-09-28 12:15:00,23263.75,23302.05,23256.15,23272.7,0
2016-09-28 13:15:00,23272.85,23322.05,23257.35,23307.1,0
2016-09-28 14:15:00,23306.45,23327.45,23260.65,23306.3,0
2016-09-28 15:15:00,23306.7,23313.6,23284.7,23291.55,0
2016-09-29 09:15:00,23416.75,23446.25,23352.8,23361.85,0
2016-09-29 10:15:00,23361.55,23402.8,23355.8,23370.65,0
2016-09-29 11:15:00,23370.55,23380.9,23339.15,23340.5,0
2016-09-29 12:15:00,23340.6,23340.6,22331.25,22685.95,0
2016-09-29 13:15:00,22686.5,22887.55,22668.3,22699.7,0
2016-09-29 14:15:00,22700.2,22718.8,22455.2,22464.3,0
2016-09-29 15:15:00,22464.05,22552.2,22451.3,22519.5,0
2016-09-30 09:15:00,22453.65,22680.85,22388.95,22595.2,0
2016-09-30 10:15:00,22595.75,22757.9,22576.35,22747.0,0
2016-09-30 11:15:00,22747.6,22748.3,22624.65,22628.25,0
2016-09-30 12:15:00,22627.9,22735.1,22625.1,22733.3,0
2016-09-30 13:15:00,22732.95,22844.25,22711.85,22837.8,0
2016-09-30 14:15:00,22838.15,22950.4,22838.15,22924.35,0
2016-09-30 15:15:00,22921.0,22955.4,22908.0,22954.95,0
2016-10-03 09:15:00,23043.85,23295.1,23042.85,23287.25,0
2016-10-03 10:15:00,23287.5,23361.25,23286.1,23351.05,0
2016-10-03 11:15:00,23350.0,23360.2,23294.25,23359.65,0
2016-10-03 12:15:00,23360.3,23425.05,23358.05,23421.35,0
2016-10-03 13:15:00,23421.2,23470.4,23417.3,23465.95,0
2016-10-03 14:15:00,23465.95,23577.85,23461.25,23526.15,0
2016-10-03 15:15:00,23525.35,23529.6,23504.95,23505.65,0
2016-10-04 09:15:00,23615.1,23639.5,23567.55,23591.3,0
2016-10-04 10:15:00,23591.55,23631.95,23556.75,23622.7,0
2016-10-04 11:15:00,23621.6,23642.3,23559.7,23591.15,0
2016-10-04 12:15:00,23589.05,23611.75,23541.7,23585.75,0
2016-10-04 13:15:00,23585.55,23615.75,23571.15,23571.15,0
2016-10-04 14:15:00,23570.3,23680.5,23538.7,23677.7,0
2016-10-04 15:15:00,23677.5,23725.4,23670.8,23716.05,0
2016-10-05 09:15:00,23765.55,23781.2,23639.55,23655.6,0
2016-10-05 10:15:00,23653.5,23710.25,23594.0,23699.85,0
2016-10-05 11:15:00,23699.85,23714.65,23665.65,23697.15,0
2016-10-05 12:15:00,23697.0,23710.3,23643.3,23706.75,0
2016-10-05 13:15:00,23706.8,23744.1,23679.8,23682.25,0
2016-10-05 14:15:00,23683.4,23756.4,23683.4,23736.05,0
2016-10-05 15:15:00,23735.25,23735.65,23694.65,23702.15,0
2016-10-06 09:15:00,23809.1,23903.05,23755.75,23897.9,0
2016-10-06 10:15:00,23898.95,23922.55,23863.95,23905.45,0
2016-10-06 11:15:00,23905.45,23940.35,23890.7,23931.85,0
2016-10-06 12:15:00,23932.25,23975.55,23914.3,23940.9,0
2016-10-06 13:15:00,23940.95,23942.55,23675.7,23734.95,0
2016-10-06 14:15:00,23734.4,23754.85,23581.05,23715.45,0
2016-10-06 15:15:00,23715.15,23733.85,23708.3,23714.0,0
2016-10-07 09:15:00,23790.1,23845.9,23625.9,23706.35,0
2016-10-07 10:15:00,23707.4,23727.45,23643.85,23684.5,0
2016-10-07 11:15:00,23683.65,23683.95,23590.1,23600.7,0
2016-10-07 12:15:00,23600.1,23669.65,23549.75,23550.7,0
2016-10-07 13:15:00,23549.6,23629.55,23539.1,23622.45,0
2016-10-07 14:15:00,23621.55,23657.25,23572.6,23637.55,0
2016-10-07 15:15:00,23638.2,23650.35,23619.25,23620.0,0
2016-10-10 09:15:00,23749.65,23772.5,23686.8,23714.9,0
2016-10-10 10:15:00,23715.5,23743.4,23707.0,23728.05,0
2016-10-10 11:15:00,23728.0,23745.25,23695.2,23699.15,0
2016-10-10 12:15:00,23698.55,23698.75,23614.65,23623.9,0
2016-10-10 13:15:00,23624.0,23633.85,23608.2,23630.7,0
2016-10-10 14:15:00,23631.3,23640.4,23578.5,23589.4,0
2016-10-10 15:15:00,23589.9,23614.05,23586.15,23603.2,0
2016-10-13 09:15:00,23562.65,23562.65,23368.0,23402.15,0
2016-10-13 10:15:00,23402.55,23412.1,23335.9,23342.15,0
2016-10-13 11:15:00,23343.1,23343.1,23242.35,23252.75,0
2016-10-13 12:15:00,23252.9,23266.2,23123.35,23133.4,0
2016-10-13 13:15:00,23130.85,23153.7,23023.45,23135.4,0
2016-10-13 14:15:00,23136.65,23235.75,23114.8,23235.65,0
2016-10-13 15:15:00,23235.85,23252.75,23221.95,23224.4,0
2016-10-14 09:15:00,23303.75,23325.75,23185.5,23233.45,0
2016-10-14 10:15:00,23234.35,23302.6,23230.3,23264.4,0
2016-10-14 11:15:00,23264.1,23316.1,23253.5,23291.35,0
2016-10-14 12:15:00,23291.45,23341.55,23260.7,23301.4,0
2016-10-14 13:15:00,23299.75,23337.2,23238.25,23291.2,0
2016-10-14 14:15:00,23291.2,23337.65,23271.45,23308.35,0
2016-10-14 15:15:00,23310.25,23358.9,23306.7,23355.15,0
2016-10-17 09:15:00,23379.3,23419.45,23308.45,23358.45,0
2016-10-17 10:15:00,23358.55,23395.9,23330.65,23384.65,0
2016-10-17 11:15:00,23384.9,23386.25,23165.75,23203.55,0
2016-10-17 12:15:00,23203.8,23269.5,23161.0,23249.3,0
2016-10-17 13:15:00,23249.85,23267.9,23226.95,23241.5,0
2016-10-17 14:15:00,23241.05,23247.6,23137.3,23192.75,0
2016-10-17 15:15:00,23193.25,23208.65,23183.55,23199.9,0
2016-10-18 09:15:00,23286.0,23394.1,23286.0,23356.0,0
2016-10-18 10:15:00,23355.75,23374.35,23295.9,23362.25,0
2016-10-18 11:15:00,23362.15,23388.75,23344.5,23375.65,0
2016-10-18 12:15:00,23376.1,23464.3,23352.5,23445.75,0
2016-10-18 13:15:00,23445.2,23491.3,23421.05,23481.45,0
2016-10-18 14:15:00,23481.8,23597.8,23468.1,23597.05,0
2016-10-18 15:15:00,23595.95,23634.95,23595.55,23607.25,0
2016-10-19 09:15:00,23697.3,23738.95,23623.5,23649.45,0
2016-10-19 10:15:00,23648.65,23724.55,23623.9,23710.8,0
2016-10-19 11:15:00,23710.4,23725.9,23667.75,23722.35,0
2016-10-19 12:15:00,23721.95,23721.95,23610.05,23624.85,0
2016-10-19 13:15:00,23625.0,23690.55,23577.75,23690.2,0
2016-10-19 14:15:00,23690.8,23716.3,23636.75,23670.65,0
2016-10-19 15:15:00,23670.4,23673.15,23638.7,23642.5,0
2016-10-20 09:15:00,23773.35,23819.5,23755.1,23781.95,0
2016-10-20 10:15:00,23781.45,23789.05,23729.8,23773.05,0
2016-10-20 11:15:00,23773.0,23789.45,23695.95,23722.4,0
2016-10-20 12:15:00,23722.1,23737.95,23680.4,23721.05,0
2016-10-20 13:15:00,23721.15,23753.7,23710.7,23712.6,0
2016-10-20 14:15:00,23712.35,23740.6,23685.05,23695.7,0
2016-10-20 15:15:00,23696.9,23709.45,23677.1,23697.95,0
2016-10-21 09:15:00,23747.6,23759.45,23623.0,23639.4,0
2016-10-21 10:15:00,23638.8,23653.2,23609.15,23624.3,0
2016-10-21 11:15:00,23624.05,23653.55,23603.85,23634.05,0
2016-10-21 12:15:00,23634.55,23684.25,23625.3,23670.95,0
2016-10-21 13:15:00,23670.65,23694.7,23629.35,23636.65,0
2016-10-21 14:15:00,23637.05,23756.85,23622.45,23740.2,0
2016-10-21 15:15:00,23740.6,23745.3,23703.05,23708.15,0
2016-10-24 09:15:00,23801.75,23829.7,23674.85,23721.45,0
2016-10-24 10:15:00,23721.5,23742.5,23695.95,23696.7,0
2016-10-24 11:15:00,23696.9,23718.95,23690.1,23713.95,0
2016-10-24 12:15:00,23713.5,23741.85,23703.6,23719.6,0
2016-10-24 13:15:00,23720.0,23753.7,23708.6,23721.4,0
2016-10-24 14:15:00,23721.6,23734.75,23671.7,23678.55,0
2016-10-24 15:15:00,23678.55,23682.75,23650.65,23651.75,0
2016-10-25 09:15:00,23696.85,23696.85,23519.85,23567.4,0
2016-10-25 10:15:00,23566.95,23612.25,23551.0,23609.8,0
2016-10-25 11:15:00,23610.55,23667.8,23607.1,23660.9,0
2016-10-25 12:15:00,23660.6,23674.55,23618.5,23618.5,0
2016-10-25 13:15:00,23618.0,23672.85,23599.8,23658.3,0
2016-10-25 14:15:00,23658.6,23721.7,23635.6,23695.2,0
2016-10-25 15:15:00,23695.25,23708.2,23681.9,23684.15,0
2016-10-26 09:15:00,23654.2,23662.15,23545.1,23628.8,0
2016-10-26 10:15:00,23628.65,23650.65,23614.25,23637.95,0
2016-10-26 11:15:00,23637.7,23651.7,23604.8,23611.8,0
2016-10-26 12:15:00,23612.3,23615.55,23551.5,23586.55,0
2016-10-26 13:15:00,23586.85,23597.45,23523.7,23530.4,0
2016-10-26 14:15:00,23531.4,23541.05,23388.15,23464.05,0
2016-10-26 15:15:00,23465.7,23477.35,23431.05,23443.25,0
2016-10-27 09:15:00,23422.3,23422.3,23304.95,23347.8,0
2016-10-27 10:15:00,23348.0,23374.6,23266.15,23288.85,0
2016-10-27 11:15:00,23288.9,23293.15,23136.0,23164.15,0
2016-10-27 12:15:00,23165.15,23270.3,23165.15,23263.5,0
2016-10-27 13:15:00,23265.15,23316.25,23234.15,23235.65,0
2016-10-27 14:15:00,23235.95,23251.5,23153.85,23170.7,0
2016-10-27 15:15:00,23169.15,23254.85,23161.7,23247.75,0
2016-10-28 09:15:00,23271.5,23404.45,23244.25,23403.15,0
2016-10-28 10:15:00,23400.75,23440.45,23374.8,23417.4,0
2016-10-28 11:15:00,23417.1,23492.8,23397.55,23425.2,0
2016-10-28 12:15:00,23424.35,23432.1,23360.6,23418.75,0
2016-10-28 13:15:00,23418.35,23450.1,23402.9,23444.35,0
2016-10-28 14:15:00,23442.8,23541.85,23440.3,23494.85,0
2016-10-28 15:15:00,23494.1,23526.9,23482.95,23514.6,0
2016-10-30 18:15:00,23609.95,23634.25,23569.9,23609.3,0
2016-10-30 19:15:00,23608.55,23609.05,23574.55,23574.55,0
2016-11-01 09:15:00,23661.95,23698.05,23593.85,23697.4,0
2016-11-01 10:15:00,23696.75,23725.1,23676.2,23718.05,0
2016-11-01 11:15:00,23718.1,23773.4,23712.05,23768.75,0
2016-11-01 12:15:00,23768.95,23783.0,23741.4,23768.3,0
2016-11-01 13:15:00,23768.45,23779.0,23738.4,23751.15,0
2016-11-01 14:15:00,23751.25,23751.25,23636.65,23638.35,0
2016-11-01 15:15:00,23638.3,23655.45,23625.2,23631.5,0
2016-11-02 09:15:00,23436.25,23436.25,23271.75,23334.65,0
2016-11-02 10:15:00,23334.0,23373.7,23228.85,23287.5,0
2016-11-02 11:15:00,23288.05,23321.15,23270.1,23275.9,0
2016-11-02 12:15:00,23277.3,23360.0,23266.9,23351.35,0
2016-11-02 13:15:00,23350.65,23371.1,23321.35,23336.6,0
2016-11-02 14:15:00,23336.5,23360.6,23198.15,23209.45,0
2016-11-02 15:15:00,23209.2,23237.95,23208.1,23230.7,0
2016-11-03 09:15:00,23196.85,23397.3,23172.65,23325.7,0
2016-11-03 10:15:00,23325.5,23333.9,23284.05,23290.8,0
2016-11-03 11:15:00,23291.55,23293.95,23189.65,23193.25,0
2016-11-03 12:15:00,23193.3,23225.05,23130.3,23144.4,0
2016-11-03 13:15:00,23143.4,23154.6,23056.05,23099.1,0
2016-11-03 14:15:00,23098.5,23153.3,22876.55,22892.05,0
2016-11-03 15:15:00,22892.75,22896.4,22860.3,22888.35,0
2016-11-04 09:15:00,22955.6,22975.95,22600.05,22634.5,0
2016-11-04 10:15:00,22633.35,22633.35,22401.4,22406.9,0
2016-11-04 11:15:00,22405.55,22674.15,22378.6,22636.05,0
2016-11-04 12:15:00,22635.25,22753.5,22635.05,22689.9,0
2016-11-04 13:15:00,22689.45,22711.45,22536.9,22568.15,0
2016-11-04 14:15:00,22567.35,22633.7,22519.4,22606.9,0
2016-11-04 15:15:00,22607.8,22638.75,22605.25,22621.65,0
2016-11-07 09:15:00,22891.7,22980.55,22840.75,22961.9,0
2016-11-07 10:15:00,22961.8,23019.9,22957.85,22984.55,0
2016-11-07 11:15:00,22984.75,23004.7,22917.4,22943.1,0
2016-11-07 12:15:00,22942.85,22978.05,22942.6,22954.8,0
2016-11-07 13:15:00,22954.2,22986.7,22921.65,22930.5,0
2016-11-07 14:15:00,22931.75,22945.8,22752.1,22759.55,0
2016-11-07 15:15:00,22758.7,22765.6,22727.2,22747.9,0
2016-11-08 09:15:00,22856.1,22881.95,22727.45,22796.55,0
2016-11-08 10:15:00,22796.1,22806.9,22696.6,22749.2,0
2016-11-08 11:15:00,22749.55,22803.25,22738.5,22753.9,0
2016-11-08 12:15:00,22753.9,22753.9,22691.35,22734.9,0
2016-11-08 13:15:00,22734.6,22790.25,22717.45,22777.1,0
2016-11-08 14:15:00,22777.75,22888.65,22768.9,22866.35,0
2016-11-08 15:15:00,22867.9,22875.65,22842.25,22861.9,0
2016-11-09 09:15:00,21509.85,21933.45,20860.25,21675.1,0
2016-11-09 10:15:00,21676.45,21707.5,21361.0,21638.15,0
2016-11-09 11:15:00,21637.65,21762.7,21589.7,21664.5,0
2016-11-09 12:15:00,21665.9,21994.15,21656.25,21987.4,0
2016-11-09 13:15:00,21986.8,22422.25,21954.35,22389.3,0
2016-11-09 14:15:00,22388.9,22469.35,22279.1,22440.35,0
2016-11-09 15:15:00,22441.55,22471.2,22423.25,22458.0,0
2016-11-10 09:15:00,22796.85,22956.95,22796.85,22939.3,0
2016-11-10 10:15:00,22941.25,23032.85,22898.85,23018.6,0
2016-11-10 11:15:00,23018.55,23078.9,22972.2,23062.7,0
2016-11-10 12:15:00,23061.95,23088.2,22889.15,22978.35,0
2016-11-10 13:15:00,22977.85,23013.85,22933.55,22972.95,0
2016-11-10 14:15:00,22972.9,23007.2,22770.95,22772.6,0
2016-11-10 15:15:00,22771.15,22771.15,22738.4,22760.85,0
2016-11-11 09:15:00,22537.75,22565.05,22164.25,22169.65,0
2016-11-11 10:15:00,22168.1,22246.95,22121.45,22190.4,0
2016-11-11 11:15:00,22190.8,22282.3,22174.0,22174.0,0
2016-11-11 12:15:00,22173.7,22218.3,22084.85,22214.6,0
2016-11-11 13:15:00,22215.0,22275.85,22149.2,22174.75,0
2016-11-11 14:15:00,22174.7,22179.65,21940.5,21978.45,0
2016-11-11 15:15:00,21980.5,22124.4,21966.2,22120.15,0
2016-11-15 09:15:00,22028.75,22028.75,21010.3,21010.75,0
2016-11-15 10:15:00,21007.85,21156.95,20966.9,21060.3,0
2016-11-15 11:15:00,21061.2,21084.4,20889.55,21084.0,0
2016-11-15 12:15:00,21084.75,21084.75,20945.8,21023.3,0
2016-11-15 13:15:00,21024.5,21170.6,20997.5,21165.35,0
2016-11-15 14:15:00,21166.15,21213.35,21036.95,21056.85,0
2016-11-15 15:15:00,21056.5,21075.8,21027.25,21067.55,0
2016-11-16 09:15:00,21350.85,21450.15,20970.8,21154.0,0
2016-11-16 10:15:00,21154.1,21366.95,21154.1,21351.25,0
2016-11-16 11:15:00,21350.1,21426.1,21292.2,21413.85,0
2016-11-16 12:15:00,21412.35,21508.85,21338.65,21385.5,0
2016-11-16 13:15:00,21386.15,21445.05,21279.05,21350.75,0
2016-11-16 14:15:00,21349.6,21414.0,21219.45,21222.6,0
2016-11-16 15:15:00,21221.25,21239.5,21187.95,21197.8,0
2016-11-17 09:15:00,21261.85,21401.35,21172.2,21217.45,0
2016-11-17 10:15:00,21217.2,21282.8,21162.2,21279.1,0
2016-11-17 11:15:00,21278.65,21383.05,21268.1,21353.8,0
2016-11-17 12:15:00,21353.65,21354.5,21274.35,21318.15,0
2016-11-17 13:15:00,21317.9,21319.25,21171.9,21235.5,0
2016-11-17 14:15:00,21234.6,21278.65,21157.1,21236.45,0
2016-11-17 15:15:00,21238.7,21294.7,21228.3,21284.0,0
2016-11-18 09:15:00,21282.65,21331.5,21159.45,21210.1,0
2016-11-18 10:15:00,21210.45,21322.4,21199.8,21279.45,0
2016-11-18 11:15:00,21281.15,21319.85,21245.2,21273.75,0
2016-11-18 12:15:00,21274.35,21344.6,21253.75,21344.35,0
2016-11-18 13:15:00,21342.45,21371.6,21294.35,21325.25,0
2016-11-18 14:15:00,21324.75,21326.7,21257.7,21314.7,0
2016-11-18 15:15:00,21314.55,21354.45,21304.95,21328.0,0
2016-11-21 09:15:00,21416.2,21435.1,21095.7,21117.05,0
2016-11-21 10:15:00,21116.2,21136.75,20816.6,20859.3,0
2016-11-21 11:15:00,20858.8,20915.55,20808.3,20858.15,0
2016-11-21 12:15:00,20857.75,20935.5,20827.85,20932.6,0
2016-11-21 13:15:00,20932.7,20948.3,20801.95,20808.6,0
2016-11-21 14:15:00,20807.8,20902.5,20759.25,20790.85,0
2016-11-21 15:15:00,20790.5,20829.1,20784.2,20817.35,0
2016-11-22 09:15:00,20940.95,21077.9,20803.9,20872.3,0
2016-11-22 10:15:00,20871.85,20933.9,20865.25,20905.55,0
2016-11-22 11:15:00,20905.95,20919.0,20819.2,20820.0,0
2016-11-22 12:15:00,20820.2,20896.25,20797.55,20881.65,0
2016-11-22 13:15:00,20881.9,20947.0,20855.6,20944.6,0
2016-11-22 14:15:00,20942.95,21110.05,20942.95,21107.8,0
2016-11-22 15:15:00,21106.25,21176.05,21101.95,21140.45,0
2016-11-23 09:15:00,21280.15,21294.55,21110.95,21171.2,0
2016-11-23 10:15:00,21170.55,21308.85,21127.2,21289.6,0
2016-11-23 11:15:00,21290.15,21319.35,21256.75,21266.85,0
2016-11-23 12:15:00,21266.55,21324.65,21256.1,21320.2,0
2016-11-23 13:15:00,21320.2,21404.75,21316.05,21358.5,0
2016-11-23 14:15:00,21359.65,21432.65,21339.0,21426.15,0
2016-11-23 15:15:00,21427.25,21452.95,21405.6,21408.7,0
2016-11-24 09:15:00,21358.6,21375.85,21260.95,21361.6,0
2016-11-24 10:15:00,21363.0,21364.3,21308.2,21313.7,0
2016-11-24 11:15:00,21314.15,21334.45,21297.5,21331.4,0
2016-11-24 12:15:00,21331.0,21357.25,21245.25,21247.9,0
2016-11-24 13:15:00,21248.6,21346.75,21225.45,21346.35,0
2016-11-24 14:15:00,21346.9,21480.5,21345.9,21373.15,0
2016-11-24 15:15:00,21374.7,21422.3,21368.5,21405.25,0
2016-11-25 09:15:00,21500.35,21626.65,21424.7,21596.65,0
2016-11-25 10:15:00,21595.25,21622.45,21519.15,21595.55,0
2016-11-25 11:15:00,21594.95,21644.4,21585.8,21629.25,0
2016-11-25 12:15:00,21629.15,21644.8,21562.6,21626.0,0
2016-11-25 13:15:00,21625.85,21712.7,21624.75,21706.9,0
2016-11-25 14:15:00,21707.5,21771.75,21693.1,21749.85,0
2016-11-25 15:15:00,21749.25,21758.3,21714.05,21714.05,0
2016-11-28 09:15:00,21736.15,21897.0,21688.35,21835.4,0
2016-11-28 10:15:00,21837.2,21908.15,21831.95,21859.75,0
2016-11-28 11:15:00,21859.45,21941.75,21857.65,21928.8,0
2016-11-28 12:15:00,21929.0,21940.75,21901.75,21931.85,0
2016-11-28 13:15:00,21931.75,21939.75,21823.6,21862.45,0
2016-11-28 14:15:00,21863.5,21948.6,21855.3,21907.35,0
2016-11-28 15:15:00,21907.3,21919.0,21885.6,21905.65,0
2016-11-29 09:15:00,21953.9,22102.05,21949.45,22040.85,0
2016-11-29 10:15:00,22041.45,22062.75,21995.8,22000.65,0
2016-11-29 11:15:00,22001.65,22050.2,21999.75,22041.8,0
2016-11-29 12:15:00,22041.8,22074.9,22018.6,22053.5,0
2016-11-29 13:15:00,22053.15,22069.3,22018.2,22038.3,0
2016-11-29 14:15:00,22037.35,22038.2,21895.95,21916.3,0
2016-11-29 15:15:00,21915.85,21958.2,21904.9,21943.05,0
2016-11-30 09:15:00,21999.45,22062.15,21959.1,22027.85,0
2016-11-30 10:15:00,22027.4,22051.5,22011.75,22027.0,0
2016-11-30 11:15:00,22027.5,22042.3,22004.55,22028.85,0
2016-11-30 12:15:00,22029.25,22090.65,22016.8,22089.8,0
2016-11-30 13:15:00,22089.65,22116.15,22064.65,22094.0,0
2016-11-30 14:15:00,22094.0,22179.7,22086.05,22179.35,0
2016-11-30 15:15:00,22179.6,22206.6,22163.75,22169.6,0
2016-12-01 09:15:00,22238.45,22238.45,22022.45,22112.7,0
2016-12-01 10:15:00,22110.65,22144.15,22058.15,22098.45,0
2016-12-01 11:15:00,22099.25,22116.25,22050.25,22095.55,0
2016-12-01 12:15:00,22094.7,22116.7,22064.9,22104.85,0
2016-12-01 13:15:00,22103.95,22115.85,22068.85,22070.35,0
2016-12-01 14:15:00,22068.8,22082.55,21958.75,21977.15,0
2016-12-01 15:15:00,21977.85,21993.85,21964.3,21989.75,0
2016-12-02 09:15:00,21828.45,21868.5,21773.05,21835.85,0
2016-12-02 10:15:00,21835.1,21839.25,21758.25,21825.9,0
2016-12-02 11:15:00,21826.25,21833.0,21733.45,21749.6,0
2016-12-02 12:15:00,21749.05,21760.9,21713.95,21745.3,0
2016-12-02 13:15:00,21746.5,21868.05,21745.6,21777.3,0
2016-12-02 14:15:00,21776.4,21797.25,21631.65,21698.7,0
2016-12-02 15:15:00,21699.0,21719.9,21686.4,21699.1,0
2016-12-05 09:15:00,21707.2,21843.55,21700.65,21782.25,0
2016-12-05 10:15:00,21782.55,21822.95,21769.25,21774.2,0
2016-12-05 11:15:00,21774.2,21780.15,21719.9,21744.6,0
2016-12-05 12:15:00,21744.95,21814.5,21738.3,21799.2,0
2016-12-05 13:15:00,21800.5,21889.55,21781.75,21860.25,0
2016-12-05 14:15:00,21861.05,21914.15,21835.45,21864.4,0
2016-12-05 15:15:00,21864.25,21895.35,21861.3,21882.75,0
2016-12-06 09:15:00,21961.8,22041.7,21940.85,22010.25,0
2016-12-06 10:15:00,22010.2,22020.25,21973.95,22000.15,0
2016-12-06 11:15:00,22000.45,22016.05,21974.45,21982.4,0
2016-12-06 12:15:00,21982.5,22003.5,21960.6,21995.65,0
2016-12-06 13:15:00,21995.45,22039.65,21972.3,22022.5,0
2016-12-06 14:15:00,22021.8,22025.95,21921.7,21942.55,0
2016-12-06 15:15:00,21942.2,21946.8,21914.45,21940.7,0
2016-12-07 09:15:00,22027.7,22042.85,21965.3,21965.65,0
2016-12-07 10:15:00,21965.05,22019.2,21959.65,22008.75,0
2016-12-07 11:15:00,22007.95,22009.3,21981.15,21991.45,0
2016-12-07 12:15:00,21991.65,22004.4,21969.75,21998.6,0
2016-12-07 13:15:00,21998.95,22014.2,21972.45,21999.5,0
2016-12-07 14:15:00,21999.9,22004.9,21787.5,21893.5,0
2016-12-07 15:15:00,21893.35,21979.7,21876.05,21970.8,0
2016-12-08 09:15:00,22075.55,22225.7,22059.8,22219.7,0
2016-12-08 10:15:00,22219.7,22237.05,22195.1,22218.65,0
2016-12-08 11:15:00,22218.5,22228.1,22199.5,22211.25,0
2016-12-08 12:15:00,22211.2,22223.45,22196.55,22217.35,0
2016-12-08 13:15:00,22217.3,22268.4,22213.95,22264.05,0
2016-12-08 14:15:00,22264.75,22307.35,22224.55,22303.5,0
2016-12-08 15:15:00,22302.95,22330.4,22301.7,22311.4,0
2016-12-09 09:15:00,22349.25,22360.35,22236.0,22252.3,0
2016-12-09 10:15:00,22251.15,22273.8,22241.1,22257.85,0
2016-12-09 11:15:00,22258.45,22266.2,22236.4,22251.3,0
2016-12-09 12:15:00,22251.95,22258.45,22194.35,22194.5,0
2016-12-09 13:15:00,22194.75,22230.75,22185.35,22215.65,0
2016-12-09 14:15:00,22215.65,22251.15,22205.9,22246.1,0
2016-12-09 15:15:00,22247.05,22266.0,22233.65,22233.8,0
2016-12-12 09:15:00,22238.15,22238.15,22062.0,22062.75,0
2016-12-12 10:15:00,22062.9,22124.0,22044.35,22096.95,0
2016-12-12 11:15:00,22097.1,22099.05,22057.1,22090.5,0
2016-12-12 12:15:00,22089.75,22104.2,22060.75,22078.25,0
2016-12-12 13:15:00,22077.6,22090.85,22004.9,22013.35,0
2016-12-12 14:15:00,22012.7,22018.4,21918.8,21973.65,0
2016-12-12 15:15:00,21973.05,21975.55,21952.8,21962.85,0
2016-12-13 09:15:00,21960.9,21968.0,21862.6,21890.2,0
2016-12-13 10:15:00,21891.05,21899.9,21868.65,21874.85,0
2016-12-13 11:15:00,21875.9,21887.45,21844.25,21861.65,0
2016-12-13 12:15:00,21860.55,21876.95,21769.7,21786.35,0
2016-12-13 13:15:00,21786.5,21816.0,21759.55,21797.3,0
2016-12-13 14:15:00,21797.85,21880.35,21788.45,21866.0,0
2016-12-13 15:15:00,21864.9,21888.75,21859.35,21868.0,0
2016-12-14 09:15:00,21915.65,21915.65,21816.2,21852.45,0
2016-12-14 10:15:00,21852.5,21871.45,21824.6,21828.55,0
2016-12-14 11:15:00,21828.75,21860.15,21800.85,21801.65,0
2016-12-14 12:15:00,21801.25,21810.8,21700.65,21725.95,0
2016-12-14 13:15:00,21728.2,21784.55,21716.4,21750.95,0
2016-12-14 14:15:00,21750.25,21775.3,21663.9,21676.05,0
2016-12-14 15:15:00,21675.85,21680.15,21651.65,21662.05,0
2016-12-15 09:15:00,21513.25,21814.2,21496.4,21803.65,0
2016-12-15 10:15:00,21803.75,21828.8,21680.7,21682.05,0
2016-12-15 11:15:00,21681.75,21684.8,21582.35,21594.95,0
2016-12-15 12:15:00,21594.7,21697.45,21580.0,21675.65,0
2016-12-15 13:15:00,21675.3,21720.35,21647.25,21649.7,0
2016-12-15 14:15:00,21649.95,21686.35,21616.25,21617.1,0
2016-12-15 15:15:00,21617.05,21654.35,21606.35,21646.6,0
2016-12-16 09:15:00,21674.6,21704.2,21591.95,21616.4,0
2016-12-16 10:15:00,21616.3,21631.9,21566.95,21576.45,0
2016-12-16 11:15:00,21576.0,21579.1,21527.8,21541.45,0
2016-12-16 12:15:00,21541.65,21575.3,21527.9,21569.35,0
2016-12-16 13:15:00,21568.7,21609.5,21560.15,21579.55,0
2016-12-16 14:15:00,21578.7,21615.8,21561.05,21578.2,0
2016-12-16 15:15:00,21579.4,21608.8,21578.3,21599.7,0
2016-12-19 09:15:00,21630.6,21630.6,21486.75,21553.45,0
2016-12-19 10:15:00,21553.05,21584.25,21537.7,21544.1,0
2016-12-19 11:15:00,21544.45,21553.7,21524.25,21524.25,0
2016-12-19 12:15:00,21524.35,21543.8,21519.9,21521.25,0
2016-12-19 13:15:00,21521.25,21539.4,21512.5,21525.45,0
2016-12-19 14:15:00,21524.85,21546.9,21447.2,21450.0,0
2016-12-19 15:15:00,21449.45,21451.6,21423.35,21439.35,0
2016-12-20 09:15:00,21452.75,21491.45,21365.85,21367.7,0
2016-12-20 10:15:00,21367.8,21383.3,21333.85,21339.8,0
2016-12-20 11:15:00,21340.6,21340.6,21272.85,21285.15,0
2016-12-20 12:15:00,21285.05,21318.25,21258.9,21258.9,0
2016-12-20 13:15:00,21258.45,21280.7,21219.5,21238.45,0
2016-12-20 14:15:00,21238.85,21291.45,21231.85,21268.2,0
2016-12-20 15:15:00,21268.45,21290.85,21264.05,21286.15,0
2016-12-21 09:15:00,21349.75,21359.7,21224.5,21283.4,0
2016-12-21 10:15:00,21282.9,21343.9,21280.05,21309.5,0
2016-12-21 11:15:00,21310.1,21331.2,21300.65,21306.15,0
2016-12-21 12:15:00,21306.0,21315.95,21250.6,21251.0,0
2016-12-21 13:15:00,21250.25,21313.9,21246.7,21310.4,0
2016-12-21 14:15:00,21309.85,21325.8,21233.45,21237.55,0
2016-12-21 15:15:00,21237.8,21265.3,21234.9,21250.2,0
2016-12-22 09:15:00,21236.6,21238.0,21044.0,21065.85,0
2016-12-22 10:15:00,21065.05,21082.5,21008.55,21008.55,0
2016-12-22 11:15:00,21007.75,21008.1,20918.35,20968.4,0
2016-12-22 12:15:00,20969.25,20971.85,20925.2,20933.5,0
2016-12-22 13:15:00,20931.8,20966.05,20901.15,20914.1,0
2016-12-22 14:15:00,20914.1,20923.4,20858.6,20891.6,0
2016-12-22 15:15:00,20892.05,20925.6,20888.0,20924.75,0
2016-12-23 09:15:00,20910.55,20912.6,20732.2,20751.15,0
2016-12-23 10:15:00,20750.1,20836.05,20726.4,20829.9,0
2016-12-23 11:15:00,20829.2,21004.25,20827.95,20987.95,0
2016-12-23 12:15:00,20988.3,21031.2,20971.1,21008.1,0
2016-12-23 13:15:00,21007.25,21020.35,20844.1,20844.1,0
2016-12-23 14:15:00,20845.65,20866.2,20764.1,20780.05,0
2016-12-23 15:15:00,20780.8,20838.55,20774.45,20830.3,0
2016-12-26 09:15:00,20754.15,20760.5,20413.4,20558.9,0
2016-12-26 10:15:00,20559.15,20567.15,20512.1,20544.85,0
2016-12-26 11:15:00,20544.3,20550.25,20427.25,20435.65,0
2016-12-26 12:15:00,20436.05,20485.2,20421.15,20471.15,0
2016-12-26 13:15:00,20471.1,20524.05,20468.15,20494.05,0
2016-12-26 14:15:00,20493.9,20509.2,20414.75,20433.5,0
2016-12-26 15:15:00,20433.35,20445.9,20406.9,20417.05,0
2016-12-27 09:15:00,20449.45,20499.65,20322.55,20489.1,0
2016-12-27 10:15:00,20490.4,20640.95,20490.4,20640.5,0
2016-12-27 11:15:00,20641.15,20666.4,20617.95,20641.2,0
2016-12-27 12:15:00,20640.75,20641.8,20602.1,20617.95,0
2016-12-27 13:15:00,20616.9,20674.15,20616.9,20651.9,0
2016-12-27 14:15:00,20651.85,20817.3,20649.45,20810.75,0
2016-12-27 15:15:00,20810.65,20836.8,20810.0,20818.05,0
2016-12-28 09:15:00,20897.95,21035.4,20862.95,20991.7,0
2016-12-28 10:15:00,20990.4,21022.95,20973.1,21018.85,0
2016-12-28 11:15:00,21018.9,21076.45,21016.2,21066.9,0
2016-12-28 12:15:00,21066.8,21067.35,21012.35,21047.55,0
2016-12-28 13:15:00,21046.85,21089.15,20999.3,21008.35,0
2016-12-28 14:15:00,21007.15,21012.25,20873.7,20890.1,0
2016-12-28 15:15:00,20888.6,20928.85,20886.75,20906.55,0
2016-12-29 09:15:00,20906.0,21020.4,20892.55,21012.7,0
2016-12-29 10:15:00,21012.8,21083.05,21012.2,21047.45,0
2016-12-29 11:15:00,21048.35,21054.0,21006.5,21041.2,0
2016-12-29 12:15:00,21040.65,21052.9,21001.15,21006.8,0
2016-12-29 13:15:00,21006.65,21070.65,21001.45,21062.65,0
2016-12-29 14:15:00,21063.05,21160.45,21045.85,21158.65,0
2016-12-29 15:15:00,21158.85,21197.8,21154.8,21173.6,0
2016-12-30 09:15:00,21229.5,21407.9,21228.0,21397.1,0
2016-12-30 10:15:00,21397.05,21406.1,21341.2,21374.9,0
2016-12-30 11:15:00,21374.7,21430.0,21372.55,21411.5,0
2016-12-30 12:15:00,21411.3,21423.35,21387.45,21408.7,0
2016-12-30 13:15:00,21408.6,21433.3,21404.2,21424.15,0
2016-12-30 14:15:00,21423.95,21426.35,21343.15,21393.2,0
2016-12-30 15:15:00,21395.2,21398.75,21351.35,21357.2,0
2017-01-02 09:15:00,21488.55,21488.55,21346.55,21422.15,0
2017-01-02 10:15:00,21423.0,21440.55,21377.4,21410.45,0
2017-01-02 11:15:00,21410.55,21473.15,21394.8,21460.0,0
2017-01-02 12:15:00,21459.45,21512.15,21448.6,21509.4,0
2017-01-02 13:15:00,21508.5,21579.3,21503.3,21578.6,0
2017-01-02 14:15:00,21577.0,21587.55,21520.05,21561.95,0
2017-01-02 15:15:00,21562.15,21604.35,21557.05,21593.25,0
2017-01-03 09:15:00,21640.35,21721.65,21589.75,21720.3,0
2017-01-03 10:15:00,21721.2,21770.1,21718.9,21751.65,0
2017-01-03 11:15:00,21751.05,21771.2,21721.2,21745.85,0
2017-01-03 12:15:00,21746.3,21759.8,21736.35,21745.05,0
2017-01-03 13:15:00,21743.9,21749.15,21682.2,21729.85,0
2017-01-03 14:15:00,21729.3,21804.9,21725.05,21754.35,0
2017-01-03 15:15:00,21754.5,21760.7,21732.05,21752.0,0
2017-01-04 09:15:00,21821.2,21858.05,21735.2,21856.3,0
2017-01-04 10:15:00,21855.35,21864.4,21818.65,21847.45,0
2017-01-04 11:15:00,21847.55,21865.8,21698.0,21706.9,0
2017-01-04 12:15:00,21706.5,21772.35,21700.85,21756.25,0
2017-01-04 13:15:00,21756.35,21774.75,21723.15,21740.5,0
2017-01-04 14:15:00,21740.4,21751.5,21681.5,21743.7,0
2017-01-04 15:15:00,21744.35,21744.45,21717.6,21722.1,0
2017-01-05 09:15:00,21829.55,21929.65,21826.5,21880.55,0
2017-01-05 10:15:00,21881.3,21939.6,21878.65,21936.9,0
2017-01-05 11:15:00,21937.35,21992.4,21921.35,21985.55,0
2017-01-05 12:15:00,21985.35,21998.3,21953.4,21987.35,0
2017-01-05 13:15:00,21987.65,22015.9,21962.0,21962.4,0
2017-01-05 14:15:00,21962.6,22087.1,21924.7,22075.9,0
2017-01-05 15:15:00,22076.1,22087.45,22070.25,22082.05,0
2017-01-06 09:15:00,22141.95,22226.9,22141.65,22181.1,0
2017-01-06 10:15:00,22180.45,22186.4,22059.65,22061.9,0
2017-01-06 11:15:00,22062.1,22139.4,22057.75,22138.75,0
2017-01-06 12:15:00,22138.6,22143.25,22081.3,22093.85,0
2017-01-06 13:15:00,22093.25,22108.15,22042.1,22090.7,0
2017-01-06 14:15:00,22091.25,22105.05,21977.6,22010.85,0
2017-01-06 15:15:00,22011.55,22064.9,22011.55,22057.5,0
2017-01-09 09:15:00,22098.7,22124.8,22010.55,22099.8,0
2017-01-09 10:15:00,22099.65,22101.05,22052.95,22080.2,0
2017-01-09 11:15:00,22079.95,22105.05,22069.5,22089.3,0
2017-01-09 12:15:00,22088.4,22091.7,22044.9,22050.45,0
2017-01-09 13:15:00,22050.6,22076.45,22043.6,22067.0,0
2017-01-09 14:15:00,22067.1,22071.4,22020.0,22031.9,0
2017-01-09 15:15:00,22033.25,22043.55,22026.4,22035.3,0
2017-01-10 09:15:00,22108.75,22201.6,22107.3,22172.6,0
2017-01-10 10:15:00,22173.1,22189.75,22144.8,22144.8,0
2017-01-10 11:15:00,22145.25,22159.75,22129.65,22132.6,0
2017-01-10 12:15:00,22132.65,22138.75,22080.65,22120.6,0
2017-01-10 13:15:00,22120.7,22152.75,22120.2,22135.05,0
2017-01-10 14:15:00,22135.15,22256.9,22129.8,22252.45,0
2017-01-10 15:15:00,22252.7,22276.0,22249.8,22252.1,0
2017-01-11 09:15:00,22346.4,22421.5,22319.25,22382.75,0
2017-01-11 10:15:00,22382.9,22456.7,22376.75,22439.8,0
2017-01-11 11:15:00,22439.75,22457.6,22419.35,22449.75,0
2017-01-11 12:15:00,22449.65,22474.85,22437.95,22454.0,0
2017-01-11 13:15:00,22454.35,22490.95,22441.9,22475.2,0
2017-01-11 14:15:00,22474.85,22559.45,22474.85,22535.55,0
2017-01-11 15:15:00,22534.4,22545.7,22527.05,22531.3,0
2017-01-12 09:15:00,22584.2,22615.1,22501.7,22533.75,0
2017-01-12 10:15:00,22533.8,22626.5,22533.25,22592.2,0
2017-01-12 11:15:00,22591.35,22592.95,22527.6,22535.65,0
2017-01-12 12:15:00,22535.95,22560.85,22532.4,22558.3,0
2017-01-12 13:15:00,22557.6,22573.45,22516.3,22561.65,0
2017-01-12 14:15:00,22560.65,22629.25,22515.2,22623.9,0
2017-01-12 15:15:00,22623.65,22643.3,22620.55,22635.25,0
2017-01-13 09:15:00,22696.15,22704.5,22513.9,22519.45,0
2017-01-13 10:15:00,22519.1,22611.35,22500.15,22601.05,0
2017-01-13 11:15:00,22601.75,22638.9,22590.15,22630.1,0
2017-01-13 12:15:00,22631.15,22634.7,22577.65,22587.95,0
2017-01-13 13:15:00,22587.95,22606.55,22536.1,22562.45,0
2017-01-13 14:15:00,22562.75,22666.35,22552.05,22638.2,0
2017-01-13 15:15:00,22641.2,22659.0,22624.4,22628.9,0
2017-01-16 09:15:00,22679.3,22742.75,22619.45,22734.05,0
2017-01-16 10:15:00,22734.25,22786.55,22733.7,22780.0,0
2017-01-16 11:15:00,22779.6,22796.55,22759.7,22761.35,0
2017-01-16 12:15:00,22761.65,22770.0,22741.0,22746.8,0
2017-01-16 13:15:00,22748.2,22778.7,22743.5,22763.45,0
2017-01-16 14:15:00,22764.1,22800.1,22745.05,22777.75,0
2017-01-16 15:15:00,22777.5,22801.7,22775.0,22786.95,0
2017-01-17 09:15:00,22856.65,22911.0,22830.15,22856.5,0
2017-01-17 10:15:00,22855.65,22855.65,22754.85,22801.45,0
2017-01-17 11:15:00,22800.9,22816.7,22738.1,22748.25,0
2017-01-17 12:15:00,22747.8,22798.85,22729.55,22790.8,0
2017-01-17 13:15:00,22791.55,22803.5,22766.7,22771.35,0
2017-01-17 14:15:00,22770.3,22798.0,22725.35,22791.35,0
2017-01-17 15:15:00,22791.85,22793.4,22748.35,22756.8,0
2017-01-18 09:15:00,22827.7,22936.8,22811.7,22931.4,0
2017-01-18 10:15:00,22931.25,22972.85,22914.9,22933.75,0
2017-01-18 11:15:00,22933.4,22977.95,22931.95,22937.6,0
2017-01-18 12:15:00,22938.1,22953.75,22897.75,22913.5,0
2017-01-18 13:15:00,22913.45,22922.85,22838.05,22885.5,0
2017-01-18 14:15:00,22884.95,22934.95,22858.25,22927.85,0
2017-01-18 15:15:00,22929.2,22931.9,22897.6,22902.6,0
2017-01-19 09:15:00,22926.7,22981.75,22897.4,22921.8,0
2017-01-19 10:15:00,22922.2,22966.9,22907.55,22940.5,0
2017-01-19 11:15:00,22940.3,22973.55,22939.35,22970.65,0
2017-01-19 12:15:00,22971.35,22984.2,22944.4,22958.7,0
2017-01-19 13:15:00,22957.95,22982.65,22939.55,22941.3,0
2017-01-19 14:15:00,22941.1,23003.95,22935.8,22984.6,0
2017-01-19 15:15:00,22985.5,22992.15,22957.5,22968.35,0
2017-01-20 09:15:00,22940.65,22999.6,22898.75,22970.55,0
2017-01-20 10:15:00,22971.15,22975.3,22897.6,22899.0,0
2017-01-20 11:15:00,22899.2,22934.45,22897.35,22917.7,0
2017-01-20 12:15:00,22917.85,22918.15,22761.15,22792.65,0
2017-01-20 13:15:00,22792.85,22797.65,22685.4,22688.1,0
2017-01-20 14:15:00,22687.8,22711.0,22640.65,22645.05,0
2017-01-20 15:15:00,22645.65,22646.35,22605.25,22623.3,0
2017-01-23 09:15:00,22640.05,22802.05,22629.3,22761.65,0
2017-01-23 10:15:00,22760.55,22814.4,22750.6,22782.5,0
2017-01-23 11:15:00,22782.6,22786.55,22733.7,22747.35,0
2017-01-23 12:15:00,22748.55,22749.8,22666.5,22703.65,0
2017-01-23 13:15:00,22703.45,22756.7,22692.85,22753.55,0
2017-01-23 14:15:00,22752.9,22842.75,22747.5,22840.2,0
2017-01-23 15:15:00,22841.1,22856.2,22825.75,22833.1,0
2017-01-24 09:15:00,22927.75,22962.3,22881.9,22951.2,0
2017-01-24 10:15:00,22949.7,22991.65,22945.65,22986.45,0
2017-01-24 11:15:00,22986.95,22991.75,22951.45,22967.1,0
2017-01-24 12:15:00,22967.9,22991.15,22958.3,22968.55,0
2017-01-24 13:15:00,22969.4,22990.8,22957.2,22979.0,0
2017-01-24 14:15:00,22979.15,23091.4,22978.85,23088.5,0
2017-01-24 15:15:00,23086.3,23111.45,23079.45,23086.35,0
2017-01-25 09:15:00,23155.3,23229.8,23122.55,23180.05,0
2017-01-25 10:15:00,23180.9,23219.95,23165.5,23210.7,0
2017-01-25 11:15:00,23210.45,23248.55,23202.35,23244.45,0
2017-01-25 12:15:00,23244.55,23308.5,23237.45,23296.85,0
2017-01-25 13:15:00,23296.3,23316.85,23273.25,23278.6,0
2017-01-25 14:15:00,23277.7,23423.4,23256.65,23419.3,0
2017-01-25 15:15:00,23420.25,23434.05,23374.45,23379.35,0
2017-01-27 09:15:00,23429.2,23636.55,23422.45,23625.0,0
2017-01-27 10:15:00,23625.75,23657.45,23593.85,23607.45,0
2017-01-27 11:15:00,23607.55,23642.35,23579.55,23624.1,0
2017-01-27 12:15:00,23622.9,23622.9,23532.3,23564.05,0
2017-01-27 13:15:00,23564.8,23600.95,23549.9,23575.75,0
2017-01-27 14:15:00,23576.2,23584.4,23491.8,23535.7,0
2017-01-27 15:15:00,23535.9,23537.95,23495.65,23516.7,0
2017-01-30 09:15:00,23505.15,23620.65,23439.3,23526.35,0
2017-01-30 10:15:00,23525.7,23567.9,23513.0,23562.25,0
2017-01-30 11:15:00,23563.8,23619.9,23562.55,23579.1,0
2017-01-30 12:15:00,23578.5,23638.85,23564.0,23604.85,0
2017-01-30 13:15:00,23604.25,23644.25,23553.5,23554.45,0
2017-01-30 14:15:00,23554.15,23649.7,23546.35,23634.85,0
2017-01-30 15:15:00,23634.85,23683.8,23628.95,23678.6,0
2017-01-31 09:15:00,23704.1,23704.1,23507.0,23629.65,0
2017-01-31 10:15:00,23630.3,23630.45,23486.7,23488.95,0
2017-01-31 11:15:00,23489.45,23499.85,23402.5,23402.5,0
2017-01-31 12:15:00,23402.75,23447.3,23354.55,23415.55,0
2017-01-31 13:15:00,23415.1,23441.95,23331.75,23428.15,0
2017-01-31 14:15:00,23428.2,23429.0,23258.5,23269.55,0
2017-01-31 15:15:00,23271.65,23281.6,23241.25,23267.15,0
2017-02-01 09:15:00,23350.5,23369.15,23288.8,23329.05,0
2017-02-01 10:15:00,23329.25,23379.5,23288.05,23357.05,0
2017-02-01 11:15:00,23357.9,23387.85,23266.55,23289.85,0
2017-02-01 12:15:00,23289.35,23571.05,23259.0,23484.9,0
2017-02-01 13:15:00,23485.65,23629.0,23468.4,23605.1,0
2017-02-01 14:15:00,23606.15,23782.7,23602.4,23773.15,0
2017-02-01 15:15:00,23770.3,23776.65,23719.45,23727.7,0
2017-02-02 09:15:00,23795.1,23884.65,23728.8,23881.95,0
2017-02-02 10:15:00,23884.05,23892.55,23821.75,23838.75,0
2017-02-02 11:15:00,23838.7,23851.0,23748.55,23782.4,0
2017-02-02 12:15:00,23782.9,23879.25,23779.3,23864.9,0
2017-02-02 13:15:00,23864.65,23902.8,23831.5,23898.4,0
2017-02-02 14:15:00,23897.3,23977.85,23879.85,23903.15,0
2017-02-02 15:15:00,23902.1,23914.9,23880.6,23894.95,0
2017-02-03 09:15:00,23985.1,24055.05,23950.5,23953.3,0
2017-02-03 10:15:00,23953.4,23985.05,23919.9,23971.05,0
2017-02-03 11:15:00,23970.5,23982.45,23918.1,23971.9,0
2017-02-03 12:15:00,23971.4,23986.8,23891.25,23893.1,0
2017-02-03 13:15:00,23894.2,23942.1,23883.15,23937.05,0
2017-02-03 14:15:00,23937.15,23956.3,23859.4,23940.25,0
2017-02-03 15:15:00,23941.1,23960.15,23933.3,23939.25,0
2017-02-06 09:15:00,24089.4,24183.9,24082.2,24119.35,0
2017-02-06 10:15:00,24121.35,24166.75,24105.05,24147.45,0
2017-02-06 11:15:00,24147.3,24190.35,24133.6,24182.05,0
2017-02-06 12:15:00,24182.4,24197.2,24168.75,24175.75,0
2017-02-06 13:15:00,24176.35,24176.65,24073.55,24164.6,0
2017-02-06 14:15:00,24165.6,24216.7,24145.5,24199.5,0
2017-02-06 15:15:00,24201.35,24230.05,24185.9,24187.9,0
2017-02-07 09:15:00,24267.4,24312.15,24213.75,24241.9,0
2017-02-07 10:15:00,24242.4,24252.55,24189.15,24193.2,0
2017-02-07 11:15:00,24193.55,24255.8,24181.4,24242.6,0
2017-02-07 12:15:00,24242.3,24292.25,24234.1,24282.75,0
2017-02-07 13:15:00,24283.7,24287.4,24156.65,24163.2,0
2017-02-07 14:15:00,24164.6,24166.55,24010.25,24132.4,0
2017-02-07 15:15:00,24133.35,24163.6,24133.35,24143.6,0
2017-02-08 09:15:00,24225.0,24320.65,24223.9,24249.75,0
2017-02-08 10:15:00,24251.3,24271.8,24239.75,24239.75,0
2017-02-08 11:15:00,24240.7,24245.95,24195.3,24204.55,0
2017-02-08 12:15:00,24204.4,24205.3,24165.15,24170.6,0
2017-02-08 13:15:00,24170.5,24198.05,24156.05,24161.6,0
2017-02-08 14:15:00,24161.7,24265.8,24043.2,24262.15,0
2017-02-08 15:15:00,24263.3,24284.15,24244.75,24252.85,0
2017-02-09 09:15:00,24254.0,24336.85,24178.4,24179.9,0
2017-02-09 10:15:00,24178.75,24185.55,24043.0,24110.75,0
2017-02-09 11:15:00,24111.0,24146.55,24066.1,24116.45,0
2017-02-09 12:15:00,24116.9,24199.3,24114.55,24188.8,0
2017-02-09 13:15:00,24188.45,24221.3,24144.6,24156.5,0
2017-02-09 14:15:00,24156.3,24264.85,24149.3,24259.45,0
2017-02-09 15:15:00,24259.75,24279.5,24248.8,24253.5,0
2017-02-10 09:15:00,24324.55,24324.55,24163.1,24234.3,0
2017-02-10 10:15:00,24235.8,24247.45,24198.15,24215.85,0
2017-02-10 11:15:00,24215.9,24252.65,24212.65,24237.35,0
2017-02-10 12:15:00,24237.05,24241.7,24197.5,24213.5,0
2017-02-10 13:15:00,24213.45,24231.8,24141.35,24227.25,0
2017-02-10 14:15:00,24227.2,24238.55,24180.8,24208.6,0
2017-02-10 15:15:00,24209.6,24210.8,24177.65,24178.55,0
2017-02-13 09:15:00,24280.1,24295.75,24181.35,24248.4,0
2017-02-13 10:15:00,24248.05,24248.85,24172.6,24189.4,0
2017-02-13 11:15:00,24187.3,24189.55,24058.15,24070.45,0
2017-02-13 12:15:00,24070.9,24083.55,24005.35,24032.15,0
2017-02-13 13:15:00,24032.25,24146.05,24028.4,24120.8,0
2017-02-13 14:15:00,24122.35,24210.6,24102.4,24210.0,0
2017-02-13 15:15:00,24211.3,24223.9,24187.75,24194.15,0
2017-02-14 09:15:00,24260.95,24260.95,23991.85,24041.5,0
2017-02-14 10:15:00,24041.1,24050.2,23974.35,23989.8,0
2017-02-14 11:15:00,23990.3,24005.75,23940.9,23951.9,0
2017-02-14 12:15:00,23953.1,23970.0,23910.45,23944.15,0
2017-02-14 13:15:00,23944.8,23975.95,23933.2,23949.35,0
2017-02-14 14:15:00,23949.15,23999.75,23911.7,23976.65,0
2017-02-14 15:15:00,23976.4,23979.2,23942.1,23943.6,0
2017-02-15 09:15:00,23956.5,24008.95,23904.5,23971.05,0
2017-02-15 10:15:00,23971.55,23971.55,23866.25,23866.25,0
2017-02-15 11:15:00,23865.75,23875.3,23695.25,23722.75,0
2017-02-15 12:15:00,23723.7,23729.05,23604.6,23636.3,0
2017-02-15 13:15:00,23636.15,23706.2,23592.3,23686.9,0
2017-02-15 14:15:00,23688.1,23711.35,23635.6,23673.9,0
2017-02-15 15:15:00,23674.7,23711.25,23663.7,23695.35,0
2017-02-16 09:15:00,23707.4,23738.45,23580.65,23696.95,0
2017-02-16 10:15:00,23696.45,23799.55,23693.85,23798.7,0
2017-02-16 11:15:00,23799.15,23875.8,23797.15,23860.25,0
2017-02-16 12:15:00,23859.4,23870.0,23811.8,23811.8,0
2017-02-16 13:15:00,23812.05,23863.35,23800.1,23854.45,0
2017-02-16 14:15:00,23855.75,24066.65,23853.9,24064.55,0
2017-02-16 15:15:00,24064.7,24125.6,24062.5,24110.3,0
2017-02-17 09:15:00,24230.0,24296.3,24119.0,24182.25,0
2017-02-17 10:15:00,24181.0,24216.6,24163.05,24214.05,0
2017-02-17 11:15:00,24213.9,24287.7,24207.35,24276.85,0
2017-02-17 12:15:00,24276.85,24316.65,24254.05,24258.55,0
2017-02-17 13:15:00,24257.9,24266.35,24229.45,24264.15,0
2017-02-17 14:15:00,24264.4,24284.5,24247.25,24252.2,0
2017-02-17 15:15:00,24251.3,24254.5,24238.15,24253.55,0
2017-02-20 09:15:00,24286.8,24360.4,24218.8,24345.55,0
2017-02-20 10:15:00,24343.5,24412.3,24342.2,24383.4,0
2017-02-20 11:15:00,24383.35,24423.1,24382.5,24389.8,0
2017-02-20 12:15:00,24390.85,24408.8,24364.95,24384.9,0
2017-02-20 13:15:00,24384.75,24400.05,24365.9,24378.1,0
2017-02-20 14:15:00,24378.15,24416.55,24376.3,24402.9,0
2017-02-20 15:15:00,24402.05,24417.55,24385.35,24386.2,0
2017-02-21 09:15:00,24452.7,24590.3,24426.5,24563.05,0
2017-02-21 10:15:00,24562.65,24563.75,24472.25,24499.55,0
2017-02-21 11:15:00,24540.3,24573.35,24539.15,24552.1,0
2017-02-21 12:15:00,24551.95,24565.85,24539.25,24545.3,0
2017-02-21 13:15:00,24544.35,24599.3,24536.9,24596.95,0
2017-02-21 14:15:00,24597.3,24640.95,24582.45,24615.35,0
2017-02-21 15:15:00,24615.25,24617.75,24592.95,24610.05,0
2017-02-22 09:15:00,24668.35,24668.35,24540.85,24591.7,0
2017-02-22 10:15:00,24591.9,24616.2,24579.4,24598.7,0
2017-02-22 11:15:00,24598.2,24628.8,24580.0,24599.25,0
2017-02-22 12:15:00,24599.35,24605.75,24420.45,24474.05,0
2017-02-22 13:15:00,24474.0,24483.9,24403.7,24418.05,0
2017-02-22 14:15:00,24418.4,24480.2,24405.2,24476.5,0
2017-02-22 15:15:00,24475.65,24481.7,24432.45,24440.45,0
2017-02-23 09:15:00,24495.05,24532.55,24461.95,24471.85,0
2017-02-23 10:15:00,24471.5,24503.0,24459.85,24501.7,0
2017-02-23 11:15:00,24502.8,24512.3,24466.0,24480.25,0
2017-02-23 12:15:00,24480.85,24515.05,24460.85,24493.9,0
2017-02-23 13:15:00,24494.3,24501.7,24417.0,24433.85,0
2017-02-23 14:15:00,24434.5,24470.35,24344.9,24344.9,0
2017-02-23 15:15:00,24346.05,24376.7,24337.95,24369.4,0
2017-02-27 09:15:00,24375.75,24450.45,24332.1,24374.6,0
2017-02-27 10:15:00,24375.7,24393.3,24331.85,24359.7,0
2017-02-27 11:15:00,24358.85,24373.2,24333.15,24340.85,0
2017-02-27 12:15:00,24340.45,24414.25,24339.05,24408.8,0
2017-02-27 13:15:00,24409.4,24420.35,24383.75,24419.1,0
2017-02-27 14:15:00,24419.8,24424.0,24332.05,24353.65,0
2017-02-27 15:15:00,24354.15,24362.0,24341.85,24358.05,0
2017-02-28 09:15:00,24401.85,24441.35,24349.55,24414.6,0
2017-02-28 10:15:00,24414.2,24435.1,24367.45,24372.0,0
2017-02-28 11:15:00,24372.45,24395.9,24354.25,24390.95,0
2017-02-28 12:15:00,24390.3,24413.35,24379.7,24390.95,0
2017-02-28 13:15:00,24392.05,24415.55,24350.75,24414.7,0
2017-02-28 14:15:00,24414.9,24424.7,24366.7,24411.5,0
2017-02-28 15:15:00,24411.55,24468.7,24410.5,24456.2,0
2017-03-01 09:15:00,24509.6,24563.35,24478.45,24509.05,0
2017-03-01 10:15:00,24510.15,24516.05,24474.85,24493.5,0
2017-03-01 11:15:00,24494.6,24496.6,24423.35,24437.85,0
2017-03-01 12:15:00,24438.2,24450.15,24401.9,24414.35,0
2017-03-01 13:15:00,24415.25,24513.3,24407.2,24511.2,0
2017-03-01 14:15:00,24509.25,24542.85,24458.9,24463.9,0
2017-03-01 15:15:00,24464.05,24466.15,24428.35,24436.95,0
2017-03-02 09:15:00,24588.95,24617.25,24560.65,24600.95,0
2017-03-02 10:15:00,24601.9,24609.3,24522.35,24523.95,0
2017-03-02 11:15:00,24522.75,24526.1,24356.7,24381.15,0
2017-03-02 12:15:00,24380.65,24395.35,24255.6,24288.6,0
2017-03-02 13:15:00,24289.25,24318.25,24231.25,24299.9,0
2017-03-02 14:15:00,24299.15,24303.3,24067.6,24079.65,0
2017-03-02 15:15:00,24079.65,24116.35,24057.45,24099.65,0
2017-03-03 09:15:00,24052.5,24129.85,23910.25,23953.2,0
2017-03-03 10:15:00,23953.05,24023.2,23928.9,23966.1,0
2017-03-03 11:15:00,23966.6,23999.55,23950.9,23953.7,0
2017-03-03 12:15:00,23953.95,23999.7,23946.0,23980.9,0
2017-03-03 13:15:00,23981.05,24012.65,23976.65,24007.75,0
2017-03-03 14:15:00,24007.45,24098.9,24006.1,24078.75,0
2017-03-03 15:15:00,24080.0,24116.35,24075.8,24083.15,0
2017-03-06 09:15:00,24182.55,24245.2,24180.0,24219.85,0
2017-03-06 10:15:00,24221.0,24241.65,24205.35,24212.3,0
2017-03-06 11:15:00,24212.5,24214.7,24153.95,24174.7,0
2017-03-06 12:15:00,24175.1,24196.75,24147.6,24167.65,0
2017-03-06 13:15:00,24167.75,24183.8,24144.0,24146.1,0
2017-03-06 14:15:00,24146.45,24252.3,24143.65,24245.05,0
2017-03-06 15:15:00,24244.75,24244.85,24210.9,24218.0,0
2017-03-07 09:15:00,24275.75,24290.8,24218.25,24221.15,0
2017-03-07 10:15:00,24220.25,24235.6,24174.5,24228.45,0
2017-03-07 11:15:00,24229.5,24230.85,24191.35,24194.45,0
2017-03-07 12:15:00,24193.9,24211.05,24183.55,24207.5,0
2017-03-07 13:15:00,24206.7,24219.2,24184.65,24200.65,0
2017-03-07 14:15:00,24201.25,24227.1,24193.5,24202.05,0
2017-03-07 15:15:00,24201.0,24202.9,24182.85,24201.75,0
2017-03-08 09:15:00,24240.35,24240.35,24145.05,24154.6,0
2017-03-08 10:15:00,24154.45,24182.2,24018.95,24020.4,0
2017-03-08 11:15:00,24021.05,24022.05,23954.05,24016.0,0
2017-03-08 12:15:00,24015.85,24059.5,24008.05,24042.65,0
2017-03-08 13:15:00,24043.25,24101.55,24041.65,24073.95,0
2017-03-08 14:15:00,24074.6,24141.85,24067.6,24129.25,0
2017-03-08 15:15:00,24129.25,24133.75,24110.6,24120.1,0
2017-03-09 09:15:00,24126.35,24151.6,24076.25,24134.05,0
2017-03-09 10:15:00,24134.65,24174.7,24102.1,24110.35,0
2017-03-09 11:15:00,24110.45,24144.3,24102.6,24116.1,0
2017-03-09 12:15:00,24115.75,24140.5,24098.75,24126.7,0
2017-03-09 13:15:00,24126.45,24149.3,24103.0,24148.6,0
2017-03-09 14:15:00,24148.65,24184.95,24090.1,24090.3,0
2017-03-09 15:15:00,24089.6,24092.2,24046.05,24048.25,0
2017-03-10 09:15:00,24148.2,24213.45,24065.75,24073.15,0
2017-03-10 10:15:00,24070.75,24097.45,24051.05,24061.9,0
2017-03-10 11:15:00,24061.0,24068.1,24031.15,24052.4,0
2017-03-10 12:15:00,24052.45,24079.0,24048.3,24061.65,0
2017-03-10 13:15:00,24062.35,24071.35,23987.8,23992.7,0
2017-03-10 14:15:00,23992.8,24088.25,23976.7,24041.35,0
2017-03-10 15:15:00,24042.2,24050.0,23991.5,23991.5,0
2017-03-14 09:15:00,24395.2,24425.65,24247.95,24319.2,0
2017-03-14 10:15:00,24318.7,24435.7,24316.85,24426.8,0
2017-03-14 11:15:00,24424.3,24462.75,24416.2,24432.2,0
2017-03-14 12:15:00,24432.1,24443.25,24411.2,24443.25,0
2017-03-14 13:15:00,24442.4,24462.5,24432.1,24432.1,0
2017-03-14 14:15:00,24433.35,24435.85,24373.9,24426.2,0
2017-03-14 15:15:00,24424.45,24441.9,24404.05,24411.6,0
2017-03-15 09:15:00,24473.3,24524.45,24445.5,24513.3,0
2017-03-15 10:15:00,24513.1,24546.35,24510.7,24530.45,0
2017-03-15 11:15:00,24530.8,24535.1,24496.5,24529.2,0
2017-03-15 12:15:00,24529.6,24580.85,24529.0,24573.4,0
2017-03-15 13:15:00,24573.1,24621.6,24531.8,24611.5,0
2017-03-15 14:15:00,24612.3,24617.7,24568.05,24590.05,0
2017-03-15 15:15:00,24589.35,24597.3,24544.0,24547.3,0
2017-03-16 09:15:00,24702.8,24807.45,24702.8,24790.7,0
2017-03-16 10:15:00,24792.2,24823.85,24776.95,24777.85,0
2017-03-16 11:15:00,24778.8,24787.4,24757.15,24766.4,0
2017-03-16 12:15:00,24766.75,24836.95,24761.6,24829.6,0
2017-03-16 13:15:00,24829.8,24897.8,24820.1,24896.95,0
2017-03-16 14:15:00,24896.45,24920.75,24846.05,24915.3,0
2017-03-16 15:15:00,24915.65,24938.45,24914.6,24931.45,0
2017-03-17 09:15:00,24995.7,25020.7,24911.3,24932.1,0
2017-03-17 10:15:00,24931.85,24943.75,24866.7,24872.95,0
2017-03-17 11:15:00,24869.5,24881.35,24821.75,24855.15,0
2017-03-17 12:15:00,24855.15,24892.25,24851.1,24878.6,0
2017-03-17 13:15:00,24877.55,24908.5,24859.05,24860.6,0
2017-03-17 14:15:00,24860.5,24927.4,24850.4,24916.1,0
2017-03-17 15:15:00,24916.5,24920.15,24896.35,24904.35,0
2017-03-20 09:15:00,24977.25,24977.25,24887.25,24931.5,0
2017-03-20 10:15:00,24930.8,24931.05,24868.55,24886.55,0
2017-03-20 11:15:00,24886.95,24911.6,24848.15,24908.7,0
2017-03-20 12:15:00,24909.05,24930.6,24893.6,24918.75,0
2017-03-20 13:15:00,24918.25,24947.05,24915.0,24921.95,0
2017-03-20 14:15:00,24921.65,24937.1,24881.0,24912.15,0
2017-03-20 15:15:00,24911.4,24928.95,24895.85,24923.65,0
2017-03-21 09:15:00,24919.5,24919.5,24808.4,24808.4,0
2017-03-21 10:15:00,24808.2,24808.8,24709.95,24729.25,0
2017-03-21 11:15:00,24728.7,24728.7,24638.2,24666.35,0
2017-03-21 12:15:00,24666.1,24672.7,24623.75,24624.65,0
2017-03-21 13:15:00,24625.1,24711.45,24623.1,24700.65,0
2017-03-21 14:15:00,24701.45,24792.75,24698.0,24790.95,0
2017-03-21 15:15:00,24791.15,24813.25,24776.0,24781.3,0
2017-03-22 09:15:00,24593.45,24593.45,24443.6,24456.4,0
2017-03-22 10:15:00,24456.15,24485.9,24444.4,24470.9,0
2017-03-22 11:15:00,24470.9,24543.7,24468.4,24541.15,0
2017-03-22 12:15:00,24541.3,24598.5,24538.8,24581.4,0
2017-03-22 13:15:00,24581.6,24592.9,24549.2,24582.1,0
2017-03-22 14:15:00,24581.75,24590.5,24444.15,24555.0,0
2017-03-22 15:15:00,24553.95,24581.5,24534.65,24558.6,0
2017-03-23 09:15:00,24702.55,24802.05,24697.3,24740.25,0
2017-03-23 10:15:00,24740.7,24785.3,24738.9,24773.9,0
2017-03-23 11:15:00,24773.9,24786.95,24755.05,24763.0,0
2017-03-23 12:15:00,24763.3,24785.8,24749.25,24773.95,0
2017-03-23 13:15:00,24774.9,24783.2,24735.85,24755.05,0
2017-03-23 14:15:00,24754.9,24818.95,24747.65,24795.65,0
2017-03-23 15:15:00,24796.0,24803.65,24778.15,24783.25,0
2017-03-24 09:15:00,24830.95,24903.75,24826.6,24901.9,0
2017-03-24 10:15:00,24901.3,24930.65,24900.65,24907.75,0
2017-03-24 11:15:00,24907.2,24915.9,24882.4,24889.55,0
2017-03-24 12:15:00,24889.05,24905.25,24865.3,24878.95,0
2017-03-24 13:15:00,24878.8,24881.85,24852.45,24855.5,0
2017-03-24 14:15:00,24855.75,24866.7,24797.9,24799.2,0
2017-03-24 15:15:00,24797.9,24808.1,24786.55,24799.65,0
2017-03-27 09:15:00,24819.1,24867.8,24733.25,24776.25,0
2017-03-27 10:15:00,24776.05,24782.55,24747.9,24775.1,0
2017-03-27 11:15:00,24775.3,24781.65,24713.2,24718.8,0
2017-03-27 12:15:00,24718.9,24725.55,24681.9,24698.2,0
2017-03-27 13:15:00,24698.15,24738.35,24679.1,24733.6,0
2017-03-27 14:15:00,24735.75,24744.75,24680.75,24701.5,0
2017-03-27 15:15:00,24702.35,24712.5,24687.85,24694.85,0
2017-03-28 09:15:00,24765.15,24822.1,24762.35,24798.9,0
2017-03-28 10:15:00,24798.4,24831.7,24791.3,24807.2,0
2017-03-28 11:15:00,24807.6,24820.45,24801.3,24819.9,0
2017-03-28 12:15:00,24819.6,24854.95,24814.05,24845.3,0
2017-03-28 13:15:00,24846.0,24861.45,24819.4,24857.95,0
2017-03-28 14:15:00,24859.05,24894.15,24800.75,24890.0,0
2017-03-28 15:15:00,24891.25,24925.65,24887.6,24912.25,0
2017-03-29 09:15:00,24940.5,24947.9,24830.75,24867.3,0
2017-03-29 10:15:00,24868.4,24898.75,24868.4,24897.35,0
2017-03-29 11:15:00,24897.5,24918.6,24896.45,24905.1,0
2017-03-29 12:15:00,24905.9,24915.4,24893.05,24905.65,0
2017-03-29 13:15:00,24906.15,24950.1,24880.9,24897.25,0
2017-03-29 14:15:00,24897.75,24913.55,24810.35,24906.75,0
2017-03-29 15:15:00,24908.85,24945.5,24891.75,24891.75,0
2017-03-30 09:15:00,24936.25,25038.85,24935.3,25007.55,0
2017-03-30 10:15:00,25006.55,25023.45,24986.6,25002.2,0
2017-03-30 11:15:00,25001.35,25021.7,24989.1,24992.6,0
2017-03-30 12:15:00,24992.65,24995.35,24959.5,24970.1,0
2017-03-30 13:15:00,24969.9,24986.8,24928.65,24974.0,0
2017-03-30 14:15:00,24975.3,25003.2,24921.25,25002.5,0
2017-03-30 15:15:00,25001.05,25055.6,24997.85,25016.7,0
2017-03-31 09:15:00,25066.25,25145.65,25026.5,25141.2,0
2017-03-31 10:15:00,25140.6,25148.15,25102.85,25124.0,0
2017-03-31 11:15:00,25124.1,25139.35,25111.2,25134.85,0
2017-03-31 12:15:00,25135.3,25161.05,25131.5,25136.65,0
2017-03-31 13:15:00,25136.85,25158.5,25130.25,25142.85,0
2017-03-31 14:15:00,25144.4,25146.6,25102.5,25119.65,0
2017-03-31 15:15:00,25119.55,25125.05,25097.15,25107.4,0
2017-04-03 09:15:00,25146.9,25196.2,25107.7,25188.65,0
2017-04-03 10:15:00,25188.7,25227.8,25178.95,25197.95,0
2017-04-03 11:15:00,25197.8,25240.8,25192.9,25232.75,0
2017-04-03 12:15:00,25233.45,25247.3,25219.55,25246.2,0
2017-04-03 13:15:00,25246.9,25248.1,25203.75,25226.15,0
2017-04-03 14:15:00,25226.25,25240.9,25188.1,25211.15,0
2017-04-03 15:15:00,25210.9,25228.8,25195.85,25220.0,0
2017-04-05 09:15:00,25310.1,25369.3,25239.8,25368.25,0
2017-04-05 10:15:00,25367.3,25404.25,25352.1,25399.95,0
2017-04-05 11:15:00,25399.7,25412.3,25386.9,25398.85,0
2017-04-05 12:15:00,25398.9,25430.6,25396.0,25423.25,0
2017-04-05 13:15:00,25424.05,25434.8,25396.0,25427.8,0
2017-04-05 14:15:00,25427.1,25481.2,25411.9,25479.2,0
2017-04-05 15:15:00,25479.95,25493.9,25465.2,25467.35,0
2017-04-06 09:15:00,25444.95,25515.65,25410.2,25477.75,0
2017-04-06 10:15:00,25477.0,25479.05,25394.7,25394.95,0
2017-04-06 11:15:00,25395.7,25462.55,25395.6,25459.1,0
2017-04-06 12:15:00,25459.15,25463.05,25426.55,25429.05,0
2017-04-06 13:15:00,25429.65,25448.3,25426.15,25436.15,0
2017-04-06 14:15:00,25436.9,25577.75,25430.65,25575.55,0
2017-04-06 15:15:00,25576.4,25579.7,25556.15,25561.65,0
2017-04-07 09:15:00,25513.5,25657.7,25481.35,25614.2,0
2017-04-07 10:15:00,25614.45,25687.7,25609.65,25674.25,0
2017-04-07 11:15:00,25674.75,25680.55,25628.25,25674.7,0
2017-04-07 12:15:00,25674.85,25728.35,25662.6,25726.75,0
2017-04-07 13:15:00,25727.55,25738.45,25703.9,25734.75,0
2017-04-07 14:15:00,25734.4,25740.75,25502.35,25534.7,0
2017-04-07 15:15:00,25535.85,25584.55,25523.8,25534.4,0
2017-04-10 09:15:00,25618.05,25682.85,25559.95,25657.2,0
2017-04-10 10:15:00,25656.85,25724.3,25656.85,25722.25,0
2017-04-10 11:15:00,25721.1,25732.3,25661.8,25679.45,0
2017-04-10 12:15:00,25678.7,25704.7,25605.75,25622.1,0
2017-04-10 13:15:00,25621.65,25714.15,25620.2,25714.15,0
2017-04-10 14:15:00,25713.95,25760.9,25657.75,25727.35,0
2017-04-10 15:15:00,25729.55,25754.9,25719.65,25739.9,0
2017-04-11 09:15:00,25701.75,25807.8,25697.15,25786.7,0
2017-04-11 10:15:00,25786.35,25872.75,25779.85,25872.5,0
2017-04-11 11:15:00,25872.15,25872.15,25775.85,25796.4,0
2017-04-11 12:15:00,25797.15,25848.45,25791.25,25848.45,0
2017-04-11 13:15:00,25848.45,25908.5,25840.45,25888.4,0
2017-04-11 14:15:00,25888.45,25899.9,25860.85,25879.95,0
2017-04-11 15:15:00,25880.75,25885.05,25855.0,25858.15,0
2017-04-12 09:15:00,25901.45,26007.95,25632.4,25726.55,0
2017-04-12 10:15:00,25725.7,25875.25,25720.45,25872.35,0
2017-04-12 11:15:00,25872.15,25897.15,25842.15,25882.8,0
2017-04-12 12:15:00,25882.9,25954.25,25879.85,25920.5,0
2017-04-12 13:15:00,25921.15,25931.35,25835.85,25871.0,0
2017-04-12 14:15:00,25871.25,25925.65,25803.85,25922.85,0
2017-04-12 15:15:00,25923.4,25934.35,25901.75,25923.4,0
2017-04-13 09:15:00,25924.65,25924.65,25837.7,25889.85,0
2017-04-13 10:15:00,25889.3,25904.25,25867.55,25892.6,0
2017-04-13 11:15:00,25892.8,25925.6,25882.75,25883.9,0
2017-04-13 12:15:00,25883.85,25898.8,25833.35,25894.15,0
2017-04-13 13:15:00,25893.7,25932.0,25867.5,25912.65,0
2017-04-13 14:15:00,25912.3,25922.8,25824.05,25857.3,0
2017-04-13 15:15:00,25858.35,25896.15,25841.15,25865.6,0
2017-04-17 09:15:00,25910.35,25953.0,25807.0,25914.15,0
2017-04-17 10:15:00,25913.5,25969.3,25897.75,25948.8,0
2017-04-17 11:15:00,25948.75,25954.05,25793.6,25807.9,0
2017-04-17 12:15:00,25808.2,25825.85,25794.65,25803.35,0
2017-04-17 13:15:00,25803.2,25804.6,25760.05,25790.15,0
2017-04-17 14:15:00,25791.2,25840.25,25778.65,25813.55,0
2017-04-17 15:15:00,25812.15,25833.9,25787.85,25798.9,0
2017-04-18 09:15:00,25861.75,26017.15,25861.4,25996.15,0
2017-04-18 10:15:00,25996.05,26014.95,25984.75,25993.05,0
2017-04-18 11:15:00,25992.45,26014.4,25967.95,25997.25,0
2017-04-18 12:15:00,25997.0,26004.25,25883.0,25883.6,0
2017-04-18 13:15:00,25883.05,25885.75,25790.6,25820.3,0
2017-04-18 14:15:00,25820.35,25831.2,25514.7,25544.9,0
2017-04-18 15:15:00,25544.95,25572.65,25508.2,25527.75,0
2017-04-19 09:15:00,25527.65,25674.0,25495.65,25596.0,0
2017-04-19 10:15:00,25596.8,25675.6,25577.85,25664.5,0
2017-04-19 11:15:00,25664.95,25682.6,25630.1,25669.35,0
2017-04-19 12:15:00,25670.1,25704.85,25618.95,25638.9,0
2017-04-19 13:15:00,25639.5,25668.05,25613.55,25627.5,0
2017-04-19 14:15:00,25628.2,25686.9,25573.8,25683.8,0
2017-04-19 15:15:00,25681.75,25736.7,25681.75,25731.6,0
2017-04-20 09:15:00,25809.95,25866.7,25752.45,25765.25,0
2017-04-20 10:15:00,25765.3,25856.75,25761.35,25823.15,0
2017-04-20 11:15:00,25822.6,25873.0,25814.45,25845.9,0
2017-04-20 12:15:00,25846.5,25849.4,25776.9,25790.95,0
2017-04-20 13:15:00,25790.3,25792.15,25733.0,25752.8,0
2017-04-20 14:15:00,25752.75,25804.15,25714.7,25800.95,0
2017-04-20 15:15:00,25801.35,25804.5,25787.55,25792.8,0
2017-04-21 09:15:00,25913.8,25936.5,25856.95,25859.75,0
2017-04-21 10:15:00,25860.15,25920.55,25835.1,25913.45,0
2017-04-21 11:15:00,25912.6,25941.5,25881.05,25893.45,0
2017-04-21 12:15:00,25894.05,25904.0,25770.45,25802.35,0
2017-04-21 13:15:00,25804.4,25849.4,25737.3,25746.15,0
2017-04-21 14:15:00,25746.35,25862.25,25729.85,25832.35,0
2017-04-21 15:15:00,25832.05,25866.05,25828.05,25841.55,0
2017-04-24 09:15:00,25887.45,25929.35,25845.5,25873.8,0
2017-04-24 10:15:00,25873.0,25913.95,25869.05,25906.7,0
2017-04-24 11:15:00,25906.3,25916.4,25881.75,25905.65,0
2017-04-24 12:15:00,25905.55,25983.0,25901.8,25968.5,0
2017-04-24 13:15:00,25968.9,26038.7,25968.7,26029.25,0
2017-04-24 14:15:00,26029.2,26061.25,25983.25,26056.1,0
2017-04-24 15:15:00,26056.5,26083.05,26041.75,26053.25,0
2017-04-25 09:15:00,26183.15,26287.35,26167.5,26246.45,0
2017-04-25 10:15:00,26247.85,26349.05,26247.35,26342.9,0
2017-04-25 11:15:00,26341.45,26382.7,26328.0,26362.55,0
2017-04-25 12:15:00,26363.6,26378.85,26327.25,26328.0,0
2017-04-25 13:15:00,26327.35,26340.05,26253.6,26323.65,0
2017-04-25 14:15:00,26323.65,26476.5,26322.85,26467.35,0
2017-04-25 15:15:00,26466.4,26475.65,26451.85,26469.05,0
2017-04-26 09:15:00,26557.55,26561.9,26496.9,26509.25,0
2017-04-26 10:15:00,26508.6,26550.85,26498.3,26544.85,0
2017-04-26 11:15:00,26545.35,26564.9,26519.75,26529.45,0
2017-04-26 12:15:00,26530.1,26542.45,26445.9,26466.4,0
2017-04-26 13:15:00,26466.3,26513.45,26402.5,26402.5,0
2017-04-26 14:15:00,26402.35,26434.85,26171.15,26428.15,0
2017-04-26 15:15:00,26426.9,26428.25,26391.15,26394.15,0
2017-04-27 09:15:00,26445.65,26469.3,26318.8,26348.0,0
2017-04-27 10:15:00,26348.5,26392.3,26346.75,26384.2,0
2017-04-27 11:15:00,26384.25,26392.3,26346.8,26353.95,0
2017-04-27 12:15:00,26352.4,26396.45,26324.3,26392.9,0
2017-04-27 13:15:00,26394.7,26403.1,26368.75,26387.75,0
2017-04-27 14:15:00,26386.75,26393.2,26241.8,26255.3,0
2017-04-27 15:15:00,26257.4,26291.05,26247.7,26268.5,0
2017-04-28 09:15:00,26299.6,26387.95,26248.4,26347.6,0
2017-04-28 10:15:00,26348.8,26411.1,26326.35,26372.8,0
2017-04-28 11:15:00,26373.35,26392.1,26339.15,26347.5,0
2017-04-28 12:15:00,26347.45,26409.75,26344.55,26398.4,0
2017-04-28 13:15:00,26398.25,26409.1,26355.9,26357.35,0
2017-04-28 14:15:00,26356.9,26386.3,26313.65,26317.5,0
2017-04-28 15:15:00,26317.1,26332.65,26286.8,26295.9,0
2017-05-02 09:15:00,26395.65,26522.8,26381.85,26490.75,0
2017-05-02 10:15:00,26489.65,26491.3,26267.65,26293.9,0
2017-05-02 11:15:00,26293.95,26328.45,26242.45,26326.45,0
2017-05-02 12:15:00,26326.75,26363.1,26323.25,26355.4,0
2017-05-02 13:15:00,26355.65,26395.25,26337.1,26340.25,0
2017-05-02 14:15:00,26342.4,26461.5,26306.8,26460.95,0
2017-05-02 15:15:00,26461.8,26485.0,26441.2,26465.75,0
2017-05-03 09:15:00,26571.35,26639.3,26527.15,26553.4,0
2017-05-03 10:15:00,26552.45,26590.8,26514.85,26515.45,0
2017-05-03 11:15:00,26513.4,26516.75,26428.75,26432.75,0
2017-05-03 12:15:00,26432.2,26465.3,26396.7,26455.75,0
2017-05-03 13:15:00,26454.7,26473.4,26434.05,26458.1,0
2017-05-03 14:15:00,26458.55,26465.35,26386.9,26451.55,0
2017-05-03 15:15:00,26451.45,26458.45,26423.2,26423.2,0
2017-05-04 09:15:00,26501.95,26543.35,26482.5,26529.6,0
2017-05-04 10:15:00,26529.75,26540.6,26498.2,26516.85,0
2017-05-04 11:15:00,26516.15,26524.2,26461.2,26463.15,0
2017-05-04 12:15:00,26463.85,26465.6,26419.25,26446.65,0
2017-05-04 13:15:00,26446.2,26493.1,26442.95,26484.0,0
2017-05-04 14:15:00,26483.55,26520.45,26466.25,26517.25,0
2017-05-04 15:15:00,26518.95,26542.9,26498.7,26509.3,0
2017-05-05 09:15:00,26508.8,26508.8,26352.0,26398.0,0
2017-05-05 10:15:00,26399.65,26399.65,26356.6,26397.75,0
2017-05-05 11:15:00,26397.3,26399.4,26136.95,26177.15,0
2017-05-05 12:15:00,26176.75,26204.7,26103.25,26103.25,0
2017-05-05 13:15:00,26104.15,26155.75,26013.75,26137.8,0
2017-05-05 14:15:00,26136.9,26175.9,26094.3,26123.85,0
2017-05-05 15:15:00,26123.3,26158.6,26103.0,26103.7,0
2017-05-08 09:15:00,26226.95,26273.6,26172.2,26198.6,0
2017-05-08 10:15:00,26200.0,26282.65,26197.55,26274.9,0
2017-05-08 11:15:00,26274.9,26285.6,26214.05,26224.0,0
2017-05-08 12:15:00,26223.65,26248.3,26201.55,26207.1,0
2017-05-08 13:15:00,26207.5,26275.95,26204.95,26270.95,0
2017-05-08 14:15:00,26270.4,26296.05,26237.25,26246.9,0
2017-05-08 15:15:00,26245.5,26259.8,26229.3,26258.5,0
2017-05-09 09:15:00,26310.4,26337.1,26224.25,26335.4,0
2017-05-09 10:15:00,26335.95,26365.95,26318.4,26364.3,0
2017-05-09 11:15:00,26364.1,26449.45,26352.95,26443.05,0
2017-05-09 12:15:00,26443.9,26465.8,26419.2,26443.6,0
2017-05-09 13:15:00,26444.25,26447.3,26371.75,26388.9,0
2017-05-09 14:15:00,26388.85,26468.1,26384.9,26462.0,0
2017-05-09 15:15:00,26462.55,26483.5,26453.75,26466.2,0
2017-05-10 09:15:00,26578.15,26752.85,26574.05,26711.85,0
2017-05-10 10:15:00,26712.25,26751.05,26694.2,26746.35,0
2017-05-10 11:15:00,26745.6,26755.5,26696.3,26709.6,0
2017-05-10 12:15:00,26710.05,26733.95,26689.3,26717.2,0
2017-05-10 13:15:00,26717.05,26731.65,26681.2,26719.2,0
2017-05-10 14:15:00,26718.85,26818.0,26697.25,26816.8,0
2017-05-10 15:15:00,26816.6,26832.75,26802.85,26810.95,0
2017-05-11 09:15:00,26895.3,26946.6,26855.55,26928.6,0
2017-05-11 10:15:00,26928.4,26932.5,26857.5,26871.55,0
2017-05-11 11:15:00,26871.4,26898.55,26851.45,26896.65,0
2017-05-11 12:15:00,26897.95,26932.55,26854.7,26854.7,0
2017-05-11 13:15:00,26854.2,26858.1,26785.25,26812.35,0
2017-05-11 14:15:00,26813.5,26868.7,26807.9,26842.25,0
2017-05-11 15:15:00,26840.95,26861.65,26830.2,26832.05,0
2017-05-12 09:15:00,26852.8,26852.8,26548.2,26678.95,0
2017-05-12 10:15:00,26678.5,26765.9,26653.15,26764.8,0
2017-05-12 11:15:00,26764.65,26768.65,26711.1,26723.95,0
2017-05-12 12:15:00,26724.1,26744.95,26660.9,26673.65,0
2017-05-12 13:15:00,26672.3,26699.05,26633.8,26659.75,0
2017-05-12 14:15:00,26657.95,26726.75,26562.8,26726.7,0
2017-05-12 15:15:00,26728.7,26742.0,26698.8,26704.4,0
2017-05-15 09:15:00,26831.85,26871.85,26781.2,26871.65,0
2017-05-15 10:15:00,26871.65,26961.2,26866.95,26952.25,0
2017-05-15 11:15:00,26952.15,26978.45,26901.35,26929.15,0
2017-05-15 12:15:00,26929.6,26957.0,26897.1,26911.8,0
2017-05-15 13:15:00,26911.3,26923.55,26887.2,26896.2,0
2017-05-15 14:15:00,26896.7,26959.8,26858.15,26937.0,0
2017-05-15 15:15:00,26937.4,26959.9,26934.5,26953.15,0
2017-05-16 09:15:00,27029.9,27029.9,26892.85,26900.25,0
2017-05-16 10:15:00,26899.9,26921.15,26882.45,26917.05,0
2017-05-16 11:15:00,26917.5,26940.65,26909.5,26931.85,0
2017-05-16 12:15:00,26932.2,26989.5,26931.4,26963.9,0
2017-05-16 13:15:00,26964.55,26982.7,26949.65,26959.5,0
2017-05-16 14:15:00,26959.55,26966.3,26894.85,26945.35,0
2017-05-16 15:15:00,26944.2,26951.35,26916.05,26917.2,0
2017-05-17 09:15:00,26929.9,26982.8,26861.85,26931.35,0
2017-05-17 10:15:00,26929.9,26944.8,26911.0,26919.2,0
2017-05-17 11:15:00,26918.25,26933.85,26879.6,26891.15,0
2017-05-17 12:15:00,26891.95,26893.55,26816.85,26841.8,0
2017-05-17 13:15:00,26841.6,26878.6,26832.6,26866.25,0
2017-05-17 14:15:00,26865.8,26877.85,26752.4,26810.55,0
2017-05-17 15:15:00,26809.95,26811.9,26770.15,26778.7,0
2017-05-18 09:15:00,26609.55,26670.7,26483.4,26497.2,0
2017-05-18 10:15:00,26498.85,26498.85,26372.95,26391.5,0
2017-05-18 11:15:00,26390.65,26477.9,26378.4,26473.0,0
2017-05-18 12:15:00,26471.4,26510.5,26442.45,26474.15,0
2017-05-18 13:15:00,26472.8,26480.25,26414.85,26419.25,0
2017-05-18 14:15:00,26418.45,26429.2,26223.25,26240.55,0
2017-05-18 15:15:00,26240.1,26279.05,26193.75,26213.35,0
2017-05-19 09:15:00,26399.5,26458.95,26369.25,26433.1,0
2017-05-19 10:15:00,26432.55,26477.8,26279.7,26282.3,0
2017-05-19 11:15:00,26285.0,26285.0,25896.65,25948.15,0
2017-05-19 12:15:00,25946.55,26060.85,25847.7,26012.05,0
2017-05-19 13:15:00,26011.05,26106.8,25928.25,26090.75,0
2017-05-19 14:15:00,26092.8,26137.6,26047.0,26052.2,0
2017-05-19 15:15:00,26053.05,26145.3,26045.3,26133.8,0
2017-05-22 09:15:00,26282.6,26367.4,26069.7,26069.7,0
2017-05-22 10:15:00,26069.95,26114.85,26046.75,26111.35,0
2017-05-22 11:15:00,26110.8,26137.05,26066.05,26066.6,0
2017-05-22 12:15:00,26066.45,26071.15,25943.35,25951.2,0
2017-05-22 13:15:00,25951.55,25988.1,25915.7,25953.3,0
2017-05-22 14:15:00,25953.05,25957.2,25855.35,25873.0,0
2017-05-22 15:15:00,25872.45,25905.35,25864.95,25883.5,0
2017-05-23 09:15:00,25919.5,25919.5,25251.9,25409.1,0
2017-05-23 10:15:00,25408.5,25523.45,25375.95,25475.5,0
2017-05-23 11:15:00,25476.25,25568.55,25437.65,25539.2,0
2017-05-23 12:15:00,25538.8,25740.65,25534.35,25718.55,0
2017-05-23 13:15:00,25716.85,25783.95,25679.35,25730.45,0
2017-05-23 14:15:00,25731.5,25731.5,25479.5,25507.75,0
2017-05-23 15:15:00,25506.5,25538.0,25486.65,25506.25,0
2017-05-24 09:15:00,25580.5,25606.25,25338.75,25430.95,0
2017-05-24 10:15:00,25431.15,25514.85,25426.85,25476.9,0
2017-05-24 11:15:00,25477.1,25488.05,25363.45,25372.75,0
2017-05-24 12:15:00,25373.25,25379.8,25049.65,25097.0,0
2017-05-24 13:15:00,25097.9,25256.85,25031.35,25122.8,0
2017-05-24 14:15:00,25124.15,25176.05,25046.8,25167.45,0
2017-05-24 15:15:00,25168.7,25178.9,25144.15,25172.6,0
2017-05-25 09:15:00,25255.55,25256.0,25126.0,25162.15,0
2017-05-25 10:15:00,25161.4,25294.4,25159.65,25257.75,0
2017-05-25 11:15:00,25257.25,25276.4,25211.45,25252.5,0
2017-05-25 12:15:00,25251.4,25288.75,25219.65,25248.25,0
2017-05-25 13:15:00,25250.6,25327.85,25222.85,25306.55,0
2017-05-25 14:15:00,25307.4,25489.05,25284.7,25388.55,0
2017-05-25 15:15:00,25388.45,25424.35,25380.15,25422.7,0
2017-05-26 09:15:00,25460.35,25749.55,25423.15,25741.4,0
2017-05-26 10:15:00,25741.75,25792.7,25715.9,25733.5,0
2017-05-26 11:15:00,25733.3,25758.9,25684.7,25722.2,0
2017-05-26 12:15:00,25722.55,25819.35,25713.8,25819.35,0
2017-05-26 13:15:00,25820.0,25859.4,25798.85,25844.5,0
2017-05-26 14:15:00,25844.65,25991.8,25829.75,25988.25,0
2017-05-26 15:15:00,25988.35,26011.3,25972.5,25977.35,0
2017-05-29 09:15:00,26035.75,26084.4,25640.9,25641.4,0
2017-05-29 10:15:00,25640.2,25890.0,25602.85,25889.25,0
2017-05-29 11:15:00,25889.7,25896.95,25823.05,25870.7,0
2017-05-29 12:15:00,25870.45,25937.45,25869.7,25905.85,0
2017-05-29 13:15:00,25906.0,25926.4,25871.0,25922.8,0
2017-05-29 14:15:00,25921.5,25922.2,25702.6,25728.7,0
2017-05-29 15:15:00,25730.95,25757.8,25717.55,25727.9,0
2017-05-30 09:15:00,25641.85,25719.85,25482.1,25595.55,0
2017-05-30 10:15:00,25593.95,25670.95,25537.25,25670.95,0
2017-05-30 11:15:00,25671.85,25788.35,25652.45,25785.75,0
2017-05-30 12:15:00,25786.55,25834.25,25695.25,25834.0,0
2017-05-30 13:15:00,25835.6,25916.85,25829.65,25894.1,0
2017-05-30 14:15:00,25894.95,25920.05,25868.95,25910.35,0
2017-05-30 15:15:00,25912.05,25937.85,25905.5,25924.7,0
2017-05-31 09:15:00,26027.25,26139.6,25989.55,26077.8,0
2017-05-31 10:15:00,26078.5,26079.55,26007.65,26054.4,0
2017-05-31 11:15:00,26053.45,26083.75,25996.6,26055.5,0
2017-05-31 12:15:00,26056.1,26085.65,26043.4,26073.9,0
2017-05-31 13:15:00,26073.95,26085.05,25997.75,26076.45,0
2017-05-31 14:15:00,26076.4,26097.35,25981.9,26039.45,0
2017-05-31 15:15:00,26040.35,26060.7,26011.8,26036.3,0
2017-06-01 09:15:00,26057.35,26139.25,26021.95,26048.5,0
2017-06-01 10:15:00,26048.45,26098.35,26024.15,26071.1,0
2017-06-01 11:15:00,26070.65,26090.4,26044.8,26058.5,0
2017-06-01 12:15:00,26058.05,26059.4,25969.55,26035.55,0
2017-06-01 13:15:00,26035.1,26065.45,26023.3,26031.6,0
2017-06-01 14:15:00,26031.75,26109.75,26003.4,26108.75,0
2017-06-01 15:15:00,26108.95,26110.6,26063.5,26074.15,0
2017-06-02 09:15:00,26203.8,26261.25,26141.75,26145.45,0
2017-06-02 10:15:00,26146.2,26205.15,26141.55,26199.25,0
2017-06-02 11:15:00,26199.3,26251.95,26190.75,26232.05,0
2017-06-02 12:15:00,26232.9,26255.95,26203.1,26216.9,0
2017-06-02 13:15:00,26216.75,26243.35,26198.65,26207.35,0
2017-06-02 14:15:00,26207.45,26276.15,26205.25,26256.0,0
2017-06-02 15:15:00,26256.65,26266.25,26217.95,26223.35,0
2017-06-05 09:15:00,26355.15,26473.1,26319.4,26458.55,0
2017-06-05 10:15:00,26459.05,26502.75,26449.9,26492.25,0
2017-06-05 11:15:00,26491.75,26545.6,26481.75,26534.2,0
2017-06-05 12:15:00,26534.1,26534.2,26418.9,26451.1,0
2017-06-05 13:15:00,26450.8,26499.1,26430.9,26490.2,0
2017-06-05 14:15:00,26490.6,26501.1,26454.6,26465.25,0
2017-06-05 15:15:00,26465.65,26469.95,26420.1,26428.55,0
2017-06-06 09:15:00,26479.95,26504.05,26333.65,26395.8,0
2017-06-06 10:15:00,26396.55,26440.0,26384.7,26388.4,0
2017-06-06 11:15:00,26388.35,26411.85,26323.05,26334.95,0
2017-06-06 12:15:00,26334.85,26335.85,26179.25,26207.15,0
2017-06-06 13:15:00,26206.95,26288.05,26200.75,26268.9,0
2017-06-06 14:15:00,26269.35,26301.85,26216.15,26246.95,0
2017-06-06 15:15:00,26247.9,26275.25,26242.75,26263.9,0
2017-06-07 09:15:00,26355.95,26462.1,26337.75,26457.9,0
2017-06-07 10:15:00,26456.6,26459.25,26409.0,26426.2,0
2017-06-07 11:15:00,26426.75,26444.6,26404.8,26434.65,0
2017-06-07 12:15:00,26435.0,26449.8,26365.9,26377.3,0
2017-06-07 13:15:00,26377.6,26384.2,26339.55,26341.4,0
2017-06-07 14:15:00,26341.4,26432.15,26316.85,26426.7,0
2017-06-07 15:15:00,26427.45,26447.2,26417.4,26426.95,0
2017-06-08 09:15:00,26506.35,26584.9,26419.75,26495.4,0
2017-06-08 10:15:00,26494.75,26505.1,26475.95,26490.9,0
2017-06-08 11:15:00,26491.2,26506.55,26473.15,26506.55,0
2017-06-08 12:15:00,26505.95,26547.0,26502.0,26543.45,0
2017-06-08 13:15:00,26544.0,26570.45,26510.55,26564.6,0
2017-06-08 14:15:00,26563.95,26569.9,26476.8,26502.15,0
2017-06-08 15:15:00,26503.55,26510.35,26476.85,26479.25,0
2017-06-09 09:15:00,26538.55,26541.25,26392.6,26457.2,0
2017-06-09 10:15:00,26457.6,26494.0,26438.55,26441.75,0
2017-06-09 11:15:00,26441.95,26476.7,26431.8,26468.1,0
2017-06-09 12:15:00,26467.4,26493.55,26436.2,26487.2,0
2017-06-09 13:15:00,26486.15,26520.45,26444.8,26514.8,0
2017-06-09 14:15:00,26514.7,26623.9,26513.35,26606.7,0
2017-06-09 15:15:00,26606.25,26611.85,26580.05,26585.9,0
2017-06-12 09:15:00,26609.35,26669.8,26526.4,26593.7,0
2017-06-12 10:15:00,26594.9,26622.4,26588.05,26613.8,0
2017-06-12 11:15:00,26613.65,26633.5,26573.55,26587.65,0
2017-06-12 12:15:00,26587.65,26599.9,26528.1,26540.3,0
2017-06-12 13:15:00,26540.4,26569.9,26476.4,26506.9,0
2017-06-12 14:15:00,26506.6,26571.8,26458.75,26543.15,0
2017-06-12 15:15:00,26543.0,26571.4,26531.0,26535.85,0
2017-06-13 09:15:00,26623.9,26701.65,26619.4,26654.15,0
2017-06-13 10:15:00,26654.95,26689.55,26631.7,26685.85,0
2017-06-13 11:15:00,26685.0,26701.05,26653.65,26696.75,0
2017-06-13 12:15:00,26697.1,26701.5,26660.9,26683.65,0
2017-06-13 13:15:00,26683.65,26704.3,26652.85,26655.05,0
2017-06-13 14:15:00,26654.9,26674.45,26602.2,26608.15,0
2017-06-13 15:15:00,26607.85,26609.55,26543.15,26555.45,0
2017-06-14 09:15:00,26635.95,26649.4,26418.1,26482.0,0
2017-06-14 10:15:00,26482.15,26497.65,26439.25,26458.7,0
2017-06-14 11:15:00,26459.05,26466.9,26390.65,26451.95,0
2017-06-14 12:15:00,26451.8,26514.2,26435.45,26487.1,0
2017-06-14 13:15:00,26487.3,26505.6,26460.25,26480.35,0
2017-06-14 14:15:00,26479.1,26510.85,26455.7,26505.3,0
2017-06-14 15:15:00,26505.8,26533.05,26494.75,26500.75,0
2017-06-15 09:15:00,26497.2,26578.8,26488.55,26555.75,0
2017-06-15 10:15:00,26555.3,26574.45,26528.85,26538.35,0
2017-06-15 11:15:00,26538.55,26548.4,26485.1,26495.4,0
2017-06-15 12:15:00,26495.8,26528.05,26481.2,26514.0,0
2017-06-15 13:15:00,26512.85,26553.7,26494.55,26516.6,0
2017-06-15 14:15:00,26516.4,26517.8,26418.55,26473.15,0
2017-06-15 15:15:00,26472.75,26494.3,26449.45,26458.7,0
2017-06-16 09:15:00,26535.85,26668.9,26535.85,26665.45,0
2017-06-16 10:15:00,26667.35,26669.2,26537.95,26553.45,0
2017-06-16 11:15:00,26553.75,26567.4,26515.3,26535.05,0
2017-06-16 12:15:00,26535.45,26565.55,26534.1,26564.45,0
2017-06-16 13:15:00,26564.75,26592.2,26561.0,26567.75,0
2017-06-16 14:15:00,26567.85,26579.6,26487.0,26549.95,0
2017-06-16 15:15:00,26551.85,26554.85,26507.4,26510.7,0
2017-06-19 09:15:00,26644.55,26701.7,26565.95,26578.55,0
2017-06-19 10:15:00,26577.55,26630.95,26575.1,26622.75,0
2017-06-19 11:15:00,26623.75,26646.75,26622.0,26630.15,0
2017-06-19 12:15:00,26629.55,26648.9,26612.95,26615.25,0
2017-06-19 13:15:00,26615.4,26674.4,26614.05,26663.85,0
2017-06-19 14:15:00,26664.0,26691.0,26622.35,26631.6,0
2017-06-19 15:15:00,26632.5,26661.9,26618.1,26659.6,0
2017-06-20 09:15:00,26713.8,26755.65,26670.65,26751.9,0
2017-06-20 10:15:00,26751.25,26765.9,26709.95,26719.7,0
2017-06-20 11:15:00,26720.35,26755.95,26717.7,26724.4,0
2017-06-20 12:15:00,26724.0,26730.2,26654.1,26696.95,0
2017-06-20 13:15:00,26696.6,26696.75,26625.25,26650.25,0
2017-06-20 14:15:00,26651.2,26698.8,26638.4,26689.4,0
2017-06-20 15:15:00,26689.75,26698.05,26668.35,26690.7,0
2017-06-21 09:15:00,26685.5,26691.05,26601.8,26686.95,0
2017-06-21 10:15:00,26686.2,26687.6,26628.05,26629.0,0
2017-06-21 11:15:00,26628.95,26710.2,26625.2,26700.4,0
2017-06-21 12:15:00,26700.1,26717.3,26682.6,26694.15,0
2017-06-21 13:15:00,26694.75,26701.7,26637.8,26688.85,0
2017-06-21 14:15:00,26688.2,26716.45,26660.8,26678.45,0
2017-06-21 15:15:00,26676.95,26695.8,26676.6,26686.9,0
2017-06-22 09:15:00,26721.5,26818.8,26721.5,26747.9,0
2017-06-22 10:15:00,26747.8,26783.35,26732.3,26766.75,0
2017-06-22 11:15:00,26767.5,26775.6,26736.35,26739.8,0
2017-06-22 12:15:00,26739.65,26739.65,26683.05,26695.95,0
2017-06-22 13:15:00,26695.15,26697.8,26641.45,26672.55,0
2017-06-22 14:15:00,26673.0,26674.05,26429.1,26522.8,0
2017-06-22 15:15:00,26523.05,26534.55,26467.4,26479.4,0
2017-06-23 09:15:00,26544.05,26552.5,26138.45,26203.85,0
2017-06-23 10:15:00,26204.4,26255.2,26137.5,26158.7,0
2017-06-23 11:15:00,26160.4,26168.05,26031.55,26112.15,0
2017-06-23 12:15:00,26112.15,26245.85,26109.35,26224.55,0
2017-06-23 13:15:00,26224.55,26269.35,26181.55,26251.05,0
2017-06-23 14:15:00,26250.8,26274.55,26132.0,26139.5,0
2017-06-23 15:15:00,26140.9,26157.6,26122.95,26143.5,0
2017-06-27 09:15:00,26208.5,26228.8,25888.05,25947.85,0
2017-06-27 10:15:00,25947.8,25962.45,25846.95,25874.1,0
2017-06-27 11:15:00,25873.7,25954.7,25865.1,25953.3,0
2017-06-27 12:15:00,25954.5,25954.5,25885.75,25911.2,0
2017-06-27 13:15:00,25912.8,25913.55,25774.7,25780.7,0
2017-06-27 14:15:00,25781.1,26007.5,25778.3,26006.6,0
2017-06-27 15:15:00,26008.05,26009.0,25937.65,25954.45,0
2017-06-28 09:15:00,25945.25,25976.8,25807.1,25890.6,0
2017-06-28 10:15:00,25890.75,26044.2,25888.8,26036.85,0
2017-06-28 11:15:00,26036.95,26066.2,26028.55,26032.1,0
2017-06-28 12:15:00,26032.05,26042.55,25952.4,25969.5,0
2017-06-28 13:15:00,25970.25,25991.95,25908.55,25983.25,0
2017-06-28 14:15:00,25983.3,26031.25,25976.3,26025.9,0
2017-06-28 15:15:00,26026.25,26078.65,26021.25,26070.05,0
2017-06-29 09:15:00,26126.65,26259.75,26126.65,26230.55,0
2017-06-29 10:15:00,26231.4,26232.5,26165.25,26198.05,0
2017-06-29 11:15:00,26197.3,26206.9,26181.15,26201.0,0
2017-06-29 12:15:00,26200.35,26203.2,26101.7,26112.4,0
2017-06-29 13:15:00,26110.65,26147.85,26075.15,26123.7,0
2017-06-29 14:15:00,26124.4,26182.35,26025.0,26053.85,0
2017-06-29 15:15:00,26050.8,26052.0,26022.8,26044.3,0
2017-06-30 09:15:00,26001.95,26054.1,25913.8,26052.65,0
2017-06-30 10:15:00,26052.25,26104.35,26030.45,26057.05,0
2017-06-30 11:15:00,26056.1,26070.3,26027.75,26068.6,0
2017-06-30 12:15:00,26068.65,26137.2,26060.4,26133.35,0
2017-06-30 13:15:00,26132.85,26143.05,26019.7,26076.5,0
2017-06-30 14:15:00,26076.9,26250.7,26076.9,26249.8,0
2017-06-30 15:15:00,26250.35,26284.85,26250.35,26254.15,0
2017-07-03 09:15:00,26340.75,26417.5,26291.5,26416.35,0
2017-07-03 10:15:00,26416.4,26469.6,26406.6,26464.25,0
2017-07-03 11:15:00,26464.4,26489.1,26438.55,26477.65,0
2017-07-03 12:15:00,26478.35,26496.4,26468.8,26478.55,0
2017-07-03 13:15:00,26478.2,26481.95,26411.85,26479.75,0
2017-07-03 14:15:00,26479.5,26602.1,26472.1,26589.4,0
2017-07-03 15:15:00,26588.95,26617.2,26583.1,26592.95,0
2017-07-04 09:15:00,26680.15,26771.15,26665.8,26715.0,0
2017-07-04 10:15:00,26715.2,26715.45,26552.7,26593.05,0
2017-07-04 11:15:00,26592.7,26623.2,26557.2,26568.5,0
2017-07-04 12:15:00,26569.25,26634.05,26510.75,26623.4,0
2017-07-04 13:15:00,26623.2,26660.45,26611.6,26656.4,0
2017-07-04 14:15:00,26656.15,26660.6,26524.1,26533.15,0
2017-07-04 15:15:00,26534.2,26539.55,26513.9,26533.25,0
2017-07-05 09:15:00,26577.5,26669.7,26548.75,26649.85,0
2017-07-05 10:15:00,26649.9,26681.05,26635.75,26674.05,0
2017-07-05 11:15:00,26673.7,26682.95,26646.2,26662.95,0
2017-07-05 12:15:00,26662.6,26753.0,26646.7,26736.25,0
2017-07-05 13:15:00,26736.2,26736.9,26672.1,26709.1,0
2017-07-05 14:15:00,26708.8,26754.7,26671.35,26753.25,0
2017-07-05 15:15:00,26753.95,26785.45,26752.35,26772.4,0
2017-07-06 09:15:00,26847.9,26922.35,26837.7,26871.55,0
2017-07-06 10:15:00,26871.35,26894.75,26864.75,26865.95,0
2017-07-06 11:15:00,26866.2,26899.8,26864.2,26892.45,0
2017-07-06 12:15:00,26892.0,26907.2,26876.0,26884.75,0
2017-07-06 13:15:00,26884.4,26922.8,26858.6,26920.8,0
2017-07-06 14:15:00,26921.0,26948.05,26862.0,26872.3,0
2017-07-06 15:15:00,26873.05,26873.45,26839.85,26844.2,0
2017-07-07 09:15:00,26866.7,26914.3,26774.6,26833.15,0
2017-07-07 10:15:00,26833.3,26887.3,26819.9,26885.05,0
2017-07-07 11:15:00,26884.75,26910.9,26874.55,26909.75,0
2017-07-07 12:15:00,26910.85,26919.9,26867.75,26883.6,0
2017-07-07 13:15:00,26883.6,26909.7,26865.75,26901.9,0
2017-07-07 14:15:00,26901.3,26905.1,26844.55,26857.2,0
2017-07-07 15:15:00,26857.05,26893.35,26838.7,26885.55,0
2017-07-10 09:15:00,26872.4,27022.5,26872.4,26994.05,0
2017-07-10 10:15:00,26994.05,26994.05,26994.05,26994.05,0
2017-07-10 11:15:00,26994.05,26994.05,26927.55,26956.55,0
2017-07-10 12:15:00,26956.55,27027.0,26912.8,27027.0,0
2017-07-10 13:15:00,27026.6,27099.15,27020.5,27097.8,0
2017-07-10 14:15:00,27098.65,27127.9,27076.15,27111.75,0
2017-07-10 15:15:00,27110.3,27127.95,27080.6,27108.05,0
2017-07-11 09:15:00,27161.85,27215.85,27109.45,27122.95,0
2017-07-11 10:15:00,27123.2,27138.2,27079.15,27132.45,0
2017-07-11 11:15:00,27133.15,27144.85,27118.25,27128.7,0
2017-07-11 12:15:00,27129.5,27161.7,27128.95,27155.95,0
2017-07-11 13:15:00,27155.65,27158.35,27043.15,27084.3,0
2017-07-11 14:15:00,27084.3,27086.15,26917.55,26940.9,0
2017-07-11 15:15:00,26941.0,26944.6,26902.15,26932.05,0
2017-07-12 09:15:00,26984.7,27088.45,26982.3,26997.35,0
2017-07-12 10:15:00,26997.7,27074.5,26984.7,27044.05,0
2017-07-12 11:15:00,27043.8,27076.6,27012.75,27029.05,0
2017-07-12 12:15:00,27029.15,27085.55,27024.8,27069.5,0
2017-07-12 13:15:00,27069.8,27101.9,27043.35,27092.0,0
2017-07-12 14:15:00,27091.95,27179.2,27075.85,27170.3,0
2017-07-12 15:15:00,27169.3,27197.55,27169.3,27195.5,0
2017-07-13 09:15:00,27291.65,27422.95,27284.4,27416.4,0
2017-07-13 10:15:00,27416.0,27430.35,27395.55,27420.15,0
2017-07-13 11:15:00,27420.65,27422.65,27321.05,27363.3,0
2017-07-13 12:15:00,27364.45,27369.6,27331.4,27361.1,0
2017-07-13 13:15:00,27361.1,27399.05,27355.6,27393.7,0
2017-07-13 14:15:00,27393.5,27415.5,27349.5,27410.7,0
2017-07-13 15:15:00,27411.5,27416.1,27384.45,27387.7,0
2017-07-14 09:15:00,27443.2,27469.85,27340.85,27409.15,0
2017-07-14 10:15:00,27408.0,27415.1,27251.7,27318.6,0
2017-07-14 11:15:00,27318.25,27382.8,27295.7,27360.05,0
2017-07-14 12:15:00,27360.15,27393.1,27341.65,27386.35,0
2017-07-14 13:15:00,27386.5,27387.8,27348.4,27365.1,0
2017-07-14 14:15:00,27365.1,27430.9,27340.4,27416.7,0
2017-07-14 15:15:00,27417.65,27438.2,27404.55,27412.4,0
2017-07-17 09:15:00,27439.75,27504.2,27342.45,27409.95,0
2017-07-17 10:15:00,27411.35,27432.4,27395.35,27415.55,0
2017-07-17 11:15:00,27415.1,27428.4,27381.65,27384.35,0
2017-07-17 12:15:00,27384.2,27427.4,27377.8,27424.75,0
2017-07-17 13:15:00,27425.7,27449.2,27410.7,27442.85,0
2017-07-17 14:15:00,27442.35,27465.7,27429.45,27456.15,0
2017-07-17 15:15:00,27456.3,27459.2,27437.55,27441.95,0
2017-07-18 09:15:00,27396.35,27502.1,27355.4,27493.6,0
2017-07-18 10:15:00,27492.5,27503.05,27373.45,27397.95,0
2017-07-18 11:15:00,27398.85,27436.7,27367.55,27374.4,0
2017-07-18 12:15:00,27374.4,27381.0,27324.55,27324.55,0
2017-07-18 13:15:00,27324.95,27401.7,27324.95,27389.2,0
2017-07-18 14:15:00,27389.1,27398.4,27243.4,27285.1,0
2017-07-18 15:15:00,27285.65,27290.75,27265.8,27275.2,0
2017-07-19 09:15:00,27383.75,27450.75,27373.9,27449.7,0
2017-07-19 10:15:00,27448.7,27507.85,27447.15,27492.15,0
2017-07-19 11:15:00,27492.6,27522.3,27472.8,27514.25,0
2017-07-19 12:15:00,27514.25,27562.0,27506.05,27508.45,0
2017-07-19 13:15:00,27508.05,27543.6,27480.3,27537.35,0
2017-07-19 14:15:00,27537.0,27653.35,27525.95,27652.35,0
2017-07-19 15:15:00,27650.85,27663.4,27629.05,27637.45,0
2017-07-20 09:15:00,27659.8,27694.65,27599.05,27640.85,0
2017-07-20 10:15:00,27642.85,27644.45,27590.75,27612.0,0
2017-07-20 11:15:00,27612.05,27617.2,27574.25,27580.7,0
2017-07-20 12:15:00,27581.9,27584.6,27496.35,27561.65,0
2017-07-20 13:15:00,27562.95,27587.85,27510.9,27543.7,0
2017-07-20 14:15:00,27542.75,27578.85,27525.1,27536.1,0
2017-07-20 15:15:00,27535.75,27540.75,27508.1,27524.6,0
2017-07-21 09:15:00,27590.65,27660.2,27553.55,27646.0,0
2017-07-21 10:15:00,27647.1,27653.2,27594.8,27614.4,0
2017-07-21 11:15:00,27614.25,27640.5,27531.65,27564.1,0
2017-07-21 12:15:00,27562.95,27581.45,27352.5,27396.0,0
2017-07-21 13:15:00,27395.95,27517.3,27372.0,27482.95,0
2017-07-21 14:15:00,27482.95,27621.25,27482.95,27616.0,0
2017-07-21 15:15:00,27616.45,27628.4,27598.35,27600.3,0
2017-07-24 09:15:00,27624.0,27651.1,27595.8,27630.55,0
2017-07-24 10:15:00,27631.15,27663.8,27615.7,27636.4,0
2017-07-24 11:15:00,27637.3,27670.2,27628.2,27629.15,0
2017-07-24 12:15:00,27628.9,27645.3,27611.35,27618.8,0
2017-07-24 13:15:00,27617.35,27670.15,27605.15,27666.95,0
2017-07-24 14:15:00,27664.6,27671.25,27562.3,27629.65,0
2017-07-24 15:15:00,27629.25,27660.1,27624.9,27637.5,0
2017-07-25 09:15:00,27691.3,27743.2,27601.4,27649.25,0
2017-07-25 10:15:00,27649.8,27679.65,27644.3,27662.75,0
2017-07-25 11:15:00,27664.3,27676.65,27640.95,27674.8,0
2017-07-25 12:15:00,27675.3,27727.25,27672.7,27715.8,0
2017-07-25 13:15:00,27714.5,27760.85,27709.0,27756.65,0
2017-07-25 14:15:00,27756.6,27762.6,27708.2,27720.05,0
2017-07-25 15:15:00,27717.6,27719.65,27691.7,27700.2,0
2017-07-26 09:15:00,27758.05,27794.6,27736.0,27756.4,0
2017-07-26 10:15:00,27757.25,27784.95,27748.15,27756.6,0
2017-07-26 11:15:00,27756.35,27799.3,27748.2,27784.95,0
2017-07-26 12:15:00,27785.4,27805.35,27711.1,27721.55,0
2017-07-26 13:15:00,27722.35,27750.7,27691.8,27726.6,0
2017-07-26 14:15:00,27727.2,27767.95,27720.3,27737.95,0
2017-07-26 15:15:00,27737.7,27740.75,27712.8,27735.5,0
2017-07-27 09:15:00,27801.75,27860.3,27755.0,27788.4,0
2017-07-27 10:15:00,27790.45,27873.35,27787.75,27859.4,0
2017-07-27 11:15:00,27859.9,27870.15,27795.05,27823.25,0
2017-07-27 12:15:00,27823.0,27823.5,27644.15,27686.25,0
2017-07-27 13:15:00,27687.5,27691.0,27614.05,27621.1,0
2017-07-27 14:15:00,27620.7,27665.5,27560.8,27572.75,0
2017-07-27 15:15:00,27570.1,27580.15,27552.75,27576.25,0
2017-07-28 09:15:00,27509.05,27650.5,27477.9,27638.05,0
2017-07-28 10:15:00,27637.45,27664.8,27606.3,27663.1,0
2017-07-28 11:15:00,27662.7,27697.65,27661.1,27685.55,0
2017-07-28 12:15:00,27685.8,27701.6,27633.1,27676.4,0
2017-07-28 13:15:00,27674.1,27675.55,27587.65,27661.5,0
2017-07-28 14:15:00,27660.8,27767.55,27659.25,27760.45,0
2017-07-28 15:15:00,27759.5,27786.15,27755.55,27764.05,0
2017-07-31 09:15:00,27853.15,27853.15,27745.7,27757.45,0
2017-07-31 10:15:00,27757.05,27788.7,27726.25,27758.85,0
2017-07-31 11:15:00,27759.5,27775.3,27748.7,27753.9,0
2017-07-31 12:15:00,27753.45,27820.15,27752.65,27817.95,0
2017-07-31 13:15:00,27818.45,27873.25,27812.75,27831.95,0
2017-07-31 14:15:00,27832.8,27938.9,27814.35,27915.65,0
2017-07-31 15:15:00,27913.9,27944.25,27907.6,27913.5,0
2017-08-01 09:15:00,27990.25,28036.05,27898.9,27953.4,0
2017-08-01 10:15:00,27956.35,27978.75,27895.8,27933.7,0
2017-08-01 11:15:00,27934.75,27942.55,27909.15,27934.65,0
2017-08-01 12:15:00,27934.75,27940.7,27870.85,27878.1,0
2017-08-01 13:15:00,27878.3,27891.05,27838.55,27871.3,0
2017-08-01 14:15:00,27871.2,27897.55,27821.75,27880.3,0
2017-08-01 15:15:00,27880.8,27885.5,27855.8,27885.5,0
2017-08-02 09:15:00,27936.95,27936.95,27742.6,27752.05,0
2017-08-02 10:15:00,27751.15,27751.15,27678.7,27702.65,0
2017-08-02 11:15:00,27702.5,27745.25,27698.75,27737.65,0
2017-08-02 12:15:00,27738.3,27760.5,27716.4,27727.4,0
2017-08-02 13:15:00,27727.05,27748.2,27689.05,27698.55,0
2017-08-02 14:15:00,27698.6,27776.65,27630.6,27750.85,0
2017-08-02 15:15:00,27750.3,27750.3,27674.5,27680.7,0
2017-08-03 09:15:00,27760.6,27836.15,27695.95,27733.9,0
2017-08-03 10:15:00,27733.45,27835.55,27721.8,27834.15,0
2017-08-03 11:15:00,27833.95,27916.8,27831.2,27912.35,0
2017-08-03 12:15:00,27911.75,27972.05,27907.2,27966.35,0
2017-08-03 13:15:00,27966.55,27982.05,27896.15,27977.85,0
2017-08-03 14:15:00,27978.25,27983.85,27730.8,27823.45,0
2017-08-03 15:15:00,27823.2,27823.2,27750.85,27753.25,0
2017-08-04 09:15:00,27753.9,27886.75,27701.8,27830.65,0
2017-08-04 10:15:00,27830.7,27870.9,27736.75,27757.45,0
2017-08-04 11:15:00,27759.0,27818.6,27737.45,27809.3,0
2017-08-04 12:15:00,27809.05,27876.8,27794.05,27845.65,0
2017-08-04 13:15:00,27845.35,27922.75,27839.05,27920.9,0
2017-08-04 14:15:00,27919.35,28119.8,27899.45,28119.8,0
2017-08-04 15:15:00,28119.25,28193.55,28103.85,28145.7,0
2017-08-07 09:15:00,28186.75,28319.3,28159.15,28309.2,0
2017-08-07 10:15:00,28308.55,28419.85,28301.3,28394.2,0
2017-08-07 11:15:00,28394.1,28433.05,28364.05,28429.15,0
2017-08-07 12:15:00,28428.95,28441.65,28418.1,28425.3,0
2017-08-07 13:15:00,28425.2,28497.15,28383.9,28488.05,0
2017-08-07 14:15:00,28486.8,28555.9,28471.55,28483.1,0
2017-08-07 15:15:00,28482.45,28499.45,28465.15,28490.7,0
2017-08-08 09:15:00,28559.05,28600.4,28135.45,28139.65,0
2017-08-08 10:15:00,28140.85,28254.75,28004.5,28252.15,0
2017-08-08 11:15:00,28252.4,28339.8,28213.5,28252.85,0
2017-08-08 12:15:00,28252.75,28301.5,28249.2,28285.75,0
2017-08-08 13:15:00,28285.8,28307.5,28169.75,28204.05,0
2017-08-08 14:15:00,28205.3,28230.15,28107.9,28117.65,0
2017-08-08 15:15:00,28116.25,28171.1,28114.55,28164.6,0
2017-08-09 09:15:00,28079.2,28079.2,27817.45,28005.05,0
2017-08-09 10:15:00,28005.8,28045.05,27946.2,27971.75,0
2017-08-09 11:15:00,27970.65,27978.2,27840.6,27873.75,0
2017-08-09 12:15:00,27873.0,27918.45,27822.95,27825.45,0
2017-08-09 13:15:00,27825.4,27841.85,27649.8,27726.8,0
2017-08-09 14:15:00,27727.3,27825.95,27676.15,27676.9,0
2017-08-09 15:15:00,27677.4,27684.3,27554.7,27559.5,0
2017-08-10 09:15:00,27511.3,27554.0,27131.2,27272.3,0
2017-08-10 10:15:00,27272.15,27448.75,27267.7,27433.6,0
2017-08-10 11:15:00,27433.85,27441.15,27368.2,27395.95,0
2017-08-10 12:15:00,27397.8,27443.15,27275.25,27283.75,0
2017-08-10 13:15:00,27284.1,27284.3,27080.1,27173.4,0
2017-08-10 14:15:00,27172.5,27176.6,26581.1,26887.8,0
2017-08-10 15:15:00,26888.65,27070.4,26888.65,27062.1,0
2017-08-11 09:15:00,26519.65,26610.85,26345.25,26610.85,0
2017-08-11 10:15:00,26615.0,26971.7,26613.6,26965.2,0
2017-08-11 11:15:00,26965.4,27169.2,26925.4,27078.45,0
2017-08-11 12:15:00,27079.85,27080.3,26933.45,26991.0,0
2017-08-11 13:15:00,26989.55,27040.55,26806.5,26832.7,0
2017-08-11 14:15:00,26833.8,26907.3,26754.2,26896.35,0
2017-08-11 15:15:00,26896.65,26930.0,26879.55,26888.85,0
2017-08-14 09:15:00,27094.4,27303.3,27094.4,27256.05,0
2017-08-14 10:15:00,27255.3,27383.75,27228.85,27369.05,0
2017-08-14 11:15:00,27369.1,27419.9,27341.0,27356.85,0
2017-08-14 12:15:00,27357.5,27463.25,27351.0,27462.6,0
2017-08-14 13:15:00,27462.05,27475.3,27409.05,27461.25,0
2017-08-14 14:15:00,27460.4,27512.55,27436.85,27454.65,0
2017-08-14 15:15:00,27455.3,27485.1,27441.4,27485.1,0
2017-08-16 09:15:00,27603.6,27720.9,27400.8,27494.5,0
2017-08-16 10:15:00,27494.65,27588.35,27487.2,27538.95,0
2017-08-16 11:15:00,27539.1,27544.1,27416.85,27480.2,0
2017-08-16 12:15:00,27480.4,27614.05,27477.3,27604.6,0
2017-08-16 13:15:00,27603.95,27632.75,27570.65,27594.45,0
2017-08-16 14:15:00,27595.3,27747.15,27586.2,27736.8,0
2017-08-16 15:15:00,27736.85,27774.95,27736.1,27753.95,0
2017-08-17 09:15:00,27851.35,27974.35,27772.1,27914.45,0
2017-08-17 10:15:00,27914.85,27946.6,27746.55,27757.3,0
2017-08-17 11:15:00,27757.45,27815.4,27735.15,27785.05,0
2017-08-17 12:15:00,27785.05,27855.6,27783.8,27825.75,0
2017-08-17 13:15:00,27826.3,27831.45,27752.25,27755.6,0
2017-08-17 14:15:00,27755.8,27784.3,27687.9,27690.7,0
2017-08-17 15:15:00,27690.45,27726.8,27660.9,27702.2,0
2017-08-18 09:15:00,27562.5,27630.15,27406.5,27627.1,0
2017-08-18 10:15:00,27626.9,27700.45,27616.5,27658.75,0
2017-08-18 11:15:00,27660.5,27712.75,27583.55,27607.2,0
2017-08-18 12:15:00,27606.8,27609.3,27463.4,27496.35,0
2017-08-18 13:15:00,27495.4,27596.35,27456.7,27589.75,0
2017-08-18 14:15:00,27590.55,27672.65,27533.3,27643.65,0
2017-08-18 15:15:00,27643.85,27686.0,27642.25,27672.4,0
2017-08-21 09:15:00,27743.95,27841.75,27710.5,27743.35,0
2017-08-21 10:15:00,27742.75,27764.2,27570.75,27684.9,0
2017-08-21 11:15:00,27685.05,27689.85,27579.9,27608.15,0
2017-08-21 12:15:00,27608.15,27616.05,27488.75,27510.85,0
2017-08-21 13:15:00,27510.55,27547.2,27375.25,27390.25,0
2017-08-21 14:15:00,27389.55,27432.0,27195.05,27232.5,0
2017-08-21 15:15:00,27232.05,27241.6,27168.75,27198.05,0
2017-08-22 09:15:00,27359.45,27474.15,27124.55,27127.75,0
2017-08-22 10:15:00,27127.85,27193.8,27042.6,27182.4,0
2017-08-22 11:15:00,27181.95,27270.05,27141.6,27230.7,0
2017-08-22 12:15:00,27232.5,27298.05,27146.5,27158.3,0
2017-08-22 13:15:00,27158.45,27215.25,27010.1,27017.2,0
2017-08-22 14:15:00,27016.9,27117.45,27007.3,27058.25,0
2017-08-22 15:15:00,27059.45,27127.75,27048.85,27112.8,0
2017-08-23 09:15:00,27232.35,27276.55,27114.35,27185.25,0
2017-08-23 10:15:00,27185.75,27276.6,27175.6,27264.65,0
2017-08-23 11:15:00,27264.9,27351.3,27259.45,27343.05,0
2017-08-23 12:15:00,27343.7,27348.25,27262.15,27300.95,0
2017-08-23 13:15:00,27301.2,27334.2,27267.1,27332.85,0
2017-08-23 14:15:00,27333.2,27460.7,27300.2,27440.9,0
2017-08-23 15:15:00,27441.15,27460.1,27421.1,27437.45,0
2017-08-24 09:15:00,27520.8,27630.25,27460.25,27579.75,0
2017-08-24 10:15:00,27579.7,27601.1,27543.45,27574.15,0
2017-08-24 11:15:00,27574.6,27648.35,27573.7,27610.85,0
2017-08-24 12:15:00,27610.55,27668.6,27588.55,27636.45,0
2017-08-24 13:15:00,27636.6,27645.5,27584.55,27645.5,0
2017-08-24 14:15:00,27645.7,27725.15,27643.85,27676.9,0
2017-08-24 15:15:00,27677.65,27681.35,27651.9,27670.5,0
2017-08-28 09:15:00,27763.3,27869.95,27735.1,27863.1,0
2017-08-28 10:15:00,27862.75,27922.85,27847.85,27921.7,0
2017-08-28 11:15:00,27922.35,27988.6,27909.7,27987.0,0
2017-08-28 12:15:00,27988.0,28000.7,27897.95,27909.25,0
2017-08-28 13:15:00,27908.0,27931.85,27881.7,27914.85,0
2017-08-28 14:15:00,27914.85,27961.05,27896.25,27941.65,0
2017-08-28 15:15:00,27942.3,27963.7,27928.15,27934.75,0
2017-08-29 09:15:00,27918.35,27918.35,27784.95,27790.15,0
2017-08-29 10:15:00,27790.85,27816.8,27743.9,27761.05,0
2017-08-29 11:15:00,27762.55,27864.95,27758.55,27861.95,0
2017-08-29 12:15:00,27861.65,27875.8,27756.2,27781.45,0
2017-08-29 13:15:00,27780.8,27782.85,27577.7,27650.7,0
2017-08-29 14:15:00,27651.4,27677.45,27598.65,27644.85,0
2017-08-29 15:15:00,27645.8,27653.3,27617.15,27625.25,0
2017-08-30 09:15:00,27850.25,27999.6,27832.1,27969.5,0
2017-08-30 10:15:00,27966.05,28037.05,27942.15,28027.0,0
2017-08-30 11:15:00,28027.5,28077.45,28027.1,28066.0,0
2017-08-30 12:15:00,28065.3,28073.1,28045.65,28062.55,0
2017-08-30 13:15:00,28062.15,28100.9,28054.8,28089.1,0
2017-08-30 14:15:00,28088.15,28096.5,28008.5,28072.05,0
2017-08-30 15:15:00,28072.65,28076.15,28051.95,28053.35,0
2017-08-31 09:15:00,28120.7,28131.3,28025.75,28051.3,0
2017-08-31 10:15:00,28052.45,28067.55,28020.8,28025.65,0
2017-08-31 11:15:00,28025.05,28046.45,27978.8,28045.4,0
2017-08-31 12:15:00,28045.35,28077.4,27984.4,27984.4,0
2017-08-31 13:15:00,27983.95,28030.45,27975.85,28005.25,0
2017-08-31 14:15:00,28005.25,28054.3,27976.65,28044.5,0
2017-08-31 15:15:00,28042.05,28095.6,28039.2,28095.6,0
2017-09-01 09:15:00,28169.05,28300.7,28131.35,28268.85,0
2017-09-01 10:15:00,28268.15,28289.55,28227.3,28269.4,0
2017-09-01 11:15:00,28268.25,28305.6,28248.6,28305.6,0
2017-09-01 12:15:00,28304.95,28320.0,28298.2,28315.4,0
2017-09-01 13:15:00,28316.45,28344.1,28291.3,28310.85,0
2017-09-01 14:15:00,28311.4,28370.35,28296.8,28336.85,0
2017-09-01 15:15:00,28336.45,28338.5,28311.0,28315.25,0
2017-09-04 09:15:00,28353.25,28379.0,28255.2,28336.35,0
2017-09-04 10:15:00,28336.65,28345.3,28215.5,28293.1,0
2017-09-04 11:15:00,28291.95,28292.15,27968.45,27992.75,0
2017-09-04 12:15:00,27991.85,28095.0,27876.1,28091.9,0
2017-09-04 13:15:00,28092.4,28107.75,28000.55,28103.2,0
2017-09-04 14:15:00,28103.35,28211.35,28101.65,28191.45,0
2017-09-04 15:15:00,28192.2,28199.8,28158.25,28173.4,0
2017-09-05 09:15:00,28295.45,28355.05,28255.45,28307.0,0
2017-09-05 10:15:00,28307.35,28342.75,28278.85,28323.05,0
2017-09-05 11:15:00,28323.25,28324.8,28241.2,28247.25,0
2017-09-05 12:15:00,28246.8,28303.55,28179.0,28297.2,0
2017-09-05 13:15:00,28297.75,28341.3,28267.1,28324.7,0
2017-09-05 14:15:00,28324.8,28354.1,28296.6,28343.7,0
2017-09-05 15:15:00,28343.55,28350.7,28313.45,28318.3,0
2017-09-06 09:15:00,28192.8,28299.55,28134.7,28285.3,0
2017-09-06 10:15:00,28284.65,28341.35,28265.45,28314.15,0
2017-09-06 11:15:00,28314.4,28388.45,28303.15,28370.75,0
2017-09-06 12:15:00,28370.85,28391.2,28333.25,28367.15,0
2017-09-06 13:15:00,28367.2,28400.85,28352.95,28399.1,0
2017-09-06 14:15:00,28399.55,28419.05,28343.5,28354.25,0
2017-09-06 15:15:00,28354.3,28382.4,28345.7,28376.55,0
2017-09-07 09:15:00,28539.4,28593.15,28454.45,28504.4,0
2017-09-07 10:15:00,28503.75,28543.3,28496.95,28507.05,0
2017-09-07 11:15:00,28506.0,28561.3,28476.75,28517.6,0
2017-09-07 12:15:00,28517.35,28518.7,28480.0,28491.45,0
2017-09-07 13:15:00,28490.7,28548.0,28470.05,28532.0,0
2017-09-07 14:15:00,28533.8,28613.35,28511.75,28577.5,0
2017-09-07 15:15:00,28578.6,28594.2,28563.2,28569.6,0
2017-09-08 09:15:00,28675.4,28688.4,28604.2,28650.55,0
2017-09-08 10:15:00,28651.7,28675.95,28512.35,28558.5,0
2017-09-08 11:15:00,28557.75,28613.35,28533.35,28577.8,0
2017-09-08 12:15:00,28578.05,28587.3,28376.75,28380.75,0
2017-09-08 13:15:00,28378.6,28440.75,28373.6,28409.6,0
2017-09-08 14:15:00,28409.75,28430.05,28308.85,28386.75,0
2017-09-08 15:15:00,28387.55,28388.1,28351.6,28358.95,0
2017-09-11 09:15:00,28533.5,28640.5,28531.45,28622.6,0
2017-09-11 10:15:00,28623.8,28650.8,28622.85,28636.95,0
2017-09-11 11:15:00,28636.15,28683.75,28626.6,28632.2,0
2017-09-11 12:15:00,28633.1,28655.7,28618.05,28638.0,0
2017-09-11 13:15:00,28638.7,28690.5,28629.8,28685.05,0
2017-09-11 14:15:00,28684.7,28685.55,28586.5,28597.6,0
2017-09-11 15:15:00,28599.15,28604.5,28571.6,28590.8,0
2017-09-12 09:15:00,28733.65,28742.35,28656.9,28685.75,0
2017-09-12 10:15:00,28684.95,28765.95,28681.55,28749.65,0
2017-09-12 11:15:00,28750.45,28771.6,28732.9,28758.05,0
2017-09-12 12:15:00,28757.75,28799.8,28757.15,28781.95,0
2017-09-12 13:15:00,28781.85,28809.05,28765.75,28809.05,0
2017-09-12 14:15:00,28808.8,28862.2,28797.9,28843.05,0
2017-09-12 15:15:00,28843.3,28872.35,28832.3,28860.4,0
2017-09-13 09:15:00,28914.0,29042.25,28897.55,28983.15,0
2017-09-13 10:15:00,28982.8,29017.15,28973.45,29007.25,0
2017-09-13 11:15:00,29006.65,29012.9,28959.3,28981.3,0
2017-09-13 12:15:00,28981.95,29043.9,28965.7,29034.45,0
2017-09-13 13:15:00,29033.9,29051.25,28992.75,28993.4,0
2017-09-13 14:15:00,28993.2,28993.95,28689.2,28740.75,0
2017-09-13 15:15:00,28741.65,28768.05,28706.55,28753.95,0
2017-09-14 09:15:00,28871.5,29020.5,28866.75,28993.0,0
2017-09-14 10:15:00,28993.05,29035.2,28909.7,28911.3,0
2017-09-14 11:15:00,28910.8,28942.75,28801.35,28823.05,0
2017-09-14 12:15:00,28822.7,28858.65,28785.95,28807.15,0
2017-09-14 13:15:00,28807.7,28822.6,28726.05,28745.15,0
2017-09-14 14:15:00,28745.75,28859.1,28737.25,28840.5,0
2017-09-14 15:15:00,28840.05,28875.45,28839.15,28871.25,0
2017-09-15 09:15:00,28781.35,28826.0,28596.9,28653.65,0
2017-09-15 10:15:00,28654.75,28718.45,28642.15,28643.75,0
2017-09-15 11:15:00,28643.4,28669.65,28607.3,28661.9,0
2017-09-15 12:15:00,28661.0,28734.1,28658.55,28724.0,0
2017-09-15 13:15:00,28723.75,28729.85,28610.65,28708.6,0
2017-09-15 14:15:00,28707.35,28854.0,28698.45,28784.0,0
2017-09-15 15:15:00,28783.45,28788.85,28743.05,28766.45,0
2017-09-18 09:15:00,28952.6,28991.3,28896.65,28929.3,0
2017-09-18 10:15:00,28928.85,28946.65,28885.4,28911.75,0
2017-09-18 11:15:00,28912.3,28934.75,28872.6,28926.4,0
2017-09-18 12:15:00,28926.85,28956.5,28905.35,28911.6,0
2017-09-18 13:15:00,28911.9,28937.2,28904.25,28929.3,0
2017-09-18 14:15:00,28929.4,28964.75,28875.4,28887.45,0
2017-09-18 15:15:00,28886.55,28890.65,28852.05,28880.0,0
2017-09-19 09:15:00,28945.8,29000.05,28909.55,28935.65,0
2017-09-19 10:15:00,28936.95,28963.1,28848.0,28959.0,0
2017-09-19 11:15:00,28959.55,29012.6,28958.8,28988.65,0
2017-09-19 12:15:00,28988.4,28992.7,28960.25,28984.1,0
2017-09-19 13:15:00,28984.3,29014.95,28968.05,28997.95,0
2017-09-19 14:15:00,28997.5,29005.8,28932.55,28950.2,0
2017-09-19 15:15:00,28950.0,28997.9,28934.5,28991.1,0
2017-09-20 09:15:00,29040.2,29068.45,28984.05,29004.3,0
2017-09-20 10:15:00,29005.0,29006.15,28933.9,28972.9,0
2017-09-20 11:15:00,28972.65,29002.8,28960.3,28985.2,0
2017-09-20 12:15:00,28984.9,28989.9,28956.6,28967.15,0
2017-09-20 13:15:00,28967.05,28972.7,28921.9,28944.9,0
2017-09-20 14:15:00,28944.6,28965.5,28889.8,28912.3,0
2017-09-20 15:15:00,28912.95,28915.75,28845.65,28859.9,0
2017-09-21 09:15:00,28912.0,28948.5,28560.8,28628.8,0
2017-09-21 10:15:00,28629.15,28663.5,28480.15,28658.4,0
2017-09-21 11:15:00,28659.55,28692.4,28635.15,28645.05,0
2017-09-21 12:15:00,28645.15,28721.65,28639.3,28644.4,0
2017-09-21 13:15:00,28644.45,28706.8,28637.5,28672.65,0
2017-09-21 14:15:00,28672.75,28766.75,28671.65,28693.15,0
2017-09-21 15:15:00,28693.55,28697.25,28672.2,28687.0,0
2017-09-22 09:15:00,28600.45,28600.45,28281.95,28294.4,0
2017-09-22 10:15:00,28294.95,28355.2,28232.5,28258.25,0
2017-09-22 11:15:00,28258.8,28306.2,28210.9,28287.75,0
2017-09-22 12:15:00,28288.3,28288.3,28185.1,28271.6,0
2017-09-22 13:15:00,28272.25,28275.55,28045.6,28075.15,0
2017-09-22 14:15:00,28077.4,28133.9,27935.55,27940.8,0
2017-09-22 15:15:00,27941.25,27957.95,27898.55,27956.7,0
2017-09-25 09:15:00,27986.05,27986.05,27329.05,27347.75,0
2017-09-25 10:15:00,27342.4,27593.1,27234.45,27565.9,0
2017-09-25 11:15:00,27565.2,27588.0,27499.85,27569.1,0
2017-09-25 12:15:00,27569.8,27643.05,27492.9,27540.05,0
2017-09-25 13:15:00,27540.15,27562.35,27393.3,27501.6,0
2017-09-25 14:15:00,27500.1,27613.0,27459.55,27574.55,0
2017-09-25 15:15:00,27574.5,27627.55,27565.6,27603.0,0
2017-09-26 09:15:00,27597.65,27712.25,27481.85,27499.3,0
2017-09-26 10:15:00,27502.0,27578.85,27386.95,27430.6,0
2017-09-26 11:15:00,27431.25,27559.95,27410.65,27544.95,0
2017-09-26 12:15:00,27544.9,27612.2,27520.2,27582.65,0
2017-09-26 13:15:00,27582.9,27740.45,27569.15,27715.15,0
2017-09-26 14:15:00,27715.1,27792.95,27660.6,27677.2,0
2017-09-26 15:15:00,27675.3,27675.3,27602.4,27621.3,0
2017-09-27 09:15:00,27808.7,27808.7,27514.5,27520.0,0
2017-09-27 10:15:00,27518.25,27558.7,27393.8,27509.75,0
2017-09-27 11:15:00,27509.5,27537.15,27456.95,27459.0,0
2017-09-27 12:15:00,27459.05,27467.75,27336.8,27386.0,0
2017-09-27 13:15:00,27385.6,27438.8,27313.9,27337.5,0
2017-09-27 14:15:00,27337.25,27353.35,27112.15,27121.35,0
2017-09-27 15:15:00,27120.75,27161.35,27068.9,27156.35,0
2017-09-28 09:15:00,27235.55,27274.25,26930.2,27235.6,0
2017-09-28 10:15:00,27235.85,27304.15,27173.35,27227.65,0
2017-09-28 11:15:00,27227.8,27266.1,27184.25,27192.5,0
2017-09-28 12:15:00,27191.35,27217.0,27041.8,27068.15,0
2017-09-28 13:15:00,27067.45,27245.1,27062.55,27220.65,0
2017-09-28 14:15:00,27219.95,27292.4,27177.45,27196.75,0
2017-09-28 15:15:00,27197.75,27212.85,27146.05,27200.2,0
2017-09-29 09:15:00,27346.75,27535.75,27326.9,27463.35,0
2017-09-29 10:15:00,27464.55,27520.4,27439.85,27517.85,0
2017-09-29 11:15:00,27517.55,27587.4,27516.9,27584.0,0
2017-09-29 12:15:00,27584.0,27663.65,27581.6,27648.2,0
2017-09-29 13:15:00,27647.85,27734.55,27638.6,27719.35,0
2017-09-29 14:15:00,27718.9,27722.4,27484.4,27531.85,0
2017-09-29 15:15:00,27532.65,27615.3,27521.65,27597.6,0
2017-10-03 09:15:00,27837.4,27917.6,27765.9,27812.75,0
2017-10-03 10:15:00,27812.5,27880.2,27781.2,27877.3,0
2017-10-03 11:15:00,27875.85,27884.75,27843.85,27849.75,0
2017-10-03 12:15:00,27850.1,27879.8,27818.5,27835.4,0
2017-10-03 13:15:00,27834.25,27835.75,27735.15,27789.1,0
2017-10-03 14:15:00,27788.35,27847.75,27785.1,27841.75,0
2017-10-03 15:15:00,27840.7,27844.6,27788.25,27801.75,0
2017-10-04 09:15:00,27883.75,27968.3,27793.45,27958.35,0
2017-10-04 10:15:00,27958.8,27974.45,27916.5,27957.85,0
2017-10-04 11:15:00,27958.25,27970.85,27935.2,27951.45,0
2017-10-04 12:15:00,27951.4,27966.7,27929.25,27940.7,0
2017-10-04 13:15:00,27940.95,27941.0,27854.95,27865.65,0
2017-10-04 14:15:00,27864.8,27945.6,27818.15,27867.6,0
2017-10-04 15:15:00,27865.55,27911.3,27846.05,27906.7,0
2017-10-05 09:15:00,27944.75,28081.85,27926.55,28057.7,0
2017-10-05 10:15:00,28057.85,28063.05,27918.8,27934.55,0
2017-10-05 11:15:00,27934.7,27977.15,27922.2,27965.4,0
2017-10-05 12:15:00,27963.85,28012.6,27957.7,28009.1,0
2017-10-05 13:15:00,28008.4,28045.5,27980.05,28009.7,0
2017-10-05 14:15:00,28009.6,28023.3,27924.15,27926.65,0
2017-10-05 15:15:00,27927.65,27981.95,27918.25,27971.5,0
2017-10-06 09:15:00,28049.25,28139.2,28047.8,28125.2,0
2017-10-06 10:15:00,28125.2,28140.8,28094.9,28126.35,0
2017-10-06 11:15:00,28127.0,28169.0,28120.0,28129.05,0
2017-10-06 12:15:00,28128.8,28146.75,28104.05,28122.8,0
2017-10-06 13:15:00,28122.4,28153.65,28080.4,28100.05,0
2017-10-06 14:15:00,28099.75,28192.15,28097.05,28190.7,0
2017-10-06 15:15:00,28190.8,28199.1,28167.25,28169.25,0
2017-10-09 09:15:00,28267.95,28380.25,28194.95,28296.55,0
2017-10-09 10:15:00,28297.0,28312.6,28215.75,28216.7,0
2017-10-09 11:15:00,28215.15,28235.85,28169.3,28181.0,0
2017-10-09 12:15:00,28181.1,28200.15,28139.05,28196.55,0
2017-10-09 13:15:00,28196.5,28224.65,28183.85,28202.0,0
2017-10-09 14:15:00,28202.35,28239.85,28182.0,28212.0,0
2017-10-09 15:15:00,28213.5,28233.5,28200.3,28227.5,0
2017-10-10 09:15:00,28336.0,28391.15,28302.9,28368.8,0
2017-10-10 10:15:00,28369.8,28419.85,28340.6,28408.65,0
2017-10-10 11:15:00,28409.55,28428.95,28386.6,28393.25,0
2017-10-10 12:15:00,28393.6,28397.9,28369.1,28385.05,0
2017-10-10 13:15:00,28385.3,28417.45,28318.1,28339.65,0
2017-10-10 14:15:00,28339.65,28391.0,28334.9,28387.05,0
2017-10-10 15:15:00,28387.1,28411.75,28378.25,28405.65,0
2017-10-11 09:15:00,28518.9,28590.5,28501.05,28582.3,0
2017-10-11 10:15:00,28581.05,28605.55,28557.25,28558.35,0
2017-10-11 11:15:00,28558.5,28562.85,28507.3,28510.0,0
2017-10-11 12:15:00,28510.45,28512.05,28484.35,28484.75,0
2017-10-11 13:15:00,28485.0,28486.8,28186.45,28277.95,0
2017-10-11 14:15:00,28277.55,28279.35,28051.8,28242.9,0
2017-10-11 15:15:00,28243.6,28245.25,28166.75,28172.4,0
2017-10-12 09:15:00,28302.85,28387.1,28167.35,28340.9,0
2017-10-12 10:15:00,28340.4,28415.3,28328.4,28377.95,0
2017-10-12 11:15:00,28377.55,28414.5,28354.85,28414.5,0
2017-10-12 12:15:00,28414.9,28429.2,28294.5,28332.9,0
2017-10-12 13:15:00,28333.15,28447.05,28313.45,28445.05,0
2017-10-12 14:15:00,28446.55,28525.85,28415.1,28524.05,0
2017-10-12 15:15:00,28523.0,28557.5,28521.7,28544.4,0
2017-10-13 09:15:00,28659.3,28668.15,28546.65,28616.75,0
2017-10-13 10:15:00,28615.35,28665.45,28579.25,28612.6,0
2017-10-13 11:15:00,28612.7,28624.95,28578.6,28623.2,0
2017-10-13 12:15:00,28623.6,28652.4,28613.9,28635.75,0
2017-10-13 13:15:00,28634.9,28653.9,28595.65,28619.05,0
2017-10-13 14:15:00,28619.55,28636.95,28550.8,28586.15,0
2017-10-13 15:15:00,28583.95,28586.65,28558.15,28576.75,0
2017-10-16 09:15:00,28679.65,28760.9,28676.6,28740.7,0
2017-10-16 10:15:00,28740.45,28754.2,28535.05,28567.95,0
2017-10-16 11:15:00,28570.1,28651.0,28560.15,28637.1,0
2017-10-16 12:15:00,28637.15,28644.05,28560.65,28588.45,0
2017-10-16 13:15:00,28588.95,28658.15,28587.15,28649.35,0
2017-10-16 14:15:00,28648.85,28663.65,28615.9,28639.1,0
2017-10-16 15:15:00,28639.3,28660.1,28636.05,28654.1,0
2017-10-17 09:15:00,28658.9,28712.9,28584.25,28695.7,0
2017-10-17 10:15:00,28695.75,28771.1,28678.15,28738.75,0
2017-10-17 11:15:00,28737.6,28746.6,28677.3,28677.7,0
2017-10-17 12:15:00,28678.25,28703.75,28654.1,28693.6,0
2017-10-17 13:15:00,28694.05,28747.85,28680.6,28736.15,0
2017-10-17 14:15:00,28735.45,28797.65,28724.8,28780.35,0
2017-10-17 15:15:00,28779.5,28796.9,28763.9,28774.45,0
2017-10-18 09:15:00,28814.45,28814.45,28641.35,28769.7,0
2017-10-18 10:15:00,28768.9,28769.3,28716.85,28747.35,0
2017-10-18 11:15:00,28747.45,28754.55,28631.2,28635.5,0
2017-10-18 12:15:00,28635.25,28734.3,28621.9,28733.35,0
2017-10-18 13:15:00,28733.75,28813.3,28718.05,28764.8,0
2017-10-18 14:15:00,28766.0,28793.3,28714.35,28723.3,0
2017-10-18 15:15:00,28724.05,28781.6,28717.95,28773.85,0
2017-10-19 18:15:00,28813.35,28813.35,28599.7,28601.2,0
2017-10-19 19:15:00,28601.1,28602.25,28470.9,28480.05,0
2017-10-23 09:15:00,28614.8,28746.8,28570.9,28637.55,0
2017-10-23 10:15:00,28636.3,28688.3,28616.3,28688.1,0
2017-10-23 11:15:00,28687.85,28696.9,28570.75,28592.25,0
2017-10-23 12:15:00,28590.35,28642.6,28575.05,28624.6,0
2017-10-23 13:15:00,28624.35,28696.95,28608.65,28678.85,0
2017-10-23 14:15:00,28677.2,28746.25,28641.3,28734.55,0
2017-10-23 15:15:00,28734.5,28761.25,28712.85,28759.95,0
2017-10-24 09:15:00,28833.35,28833.35,28661.5,28778.1,0
2017-10-24 10:15:00,28779.45,28783.8,28732.2,28751.2,0
2017-10-24 11:15:00,28751.6,28770.95,28722.3,28757.6,0
2017-10-24 12:15:00,28756.85,28770.8,28704.8,28723.55,0
2017-10-24 13:15:00,28721.45,28724.4,28636.5,28679.55,0
2017-10-24 14:15:00,28679.95,28712.0,28661.3,28684.2,0
2017-10-24 15:15:00,28684.2,28693.2,28661.75,28676.0,0
2017-10-25 09:15:00,28931.85,29063.95,28810.65,28820.6,0
2017-10-25 10:15:00,28820.2,28894.0,28804.3,28874.75,0
2017-10-25 11:15:00,28875.65,28908.05,28851.15,28869.8,0
2017-10-25 12:15:00,28869.7,28898.75,28838.55,28884.65,0
2017-10-25 13:15:00,28885.5,28918.25,28833.15,28907.2,0
2017-10-25 14:15:00,28908.2,29049.55,28876.65,29047.0,0
2017-10-25 15:15:00,29046.25,29069.7,29029.35,29029.35,0
2017-10-26 09:15:00,29094.6,29165.65,29022.1,29122.45,0
2017-10-26 10:15:00,29120.35,29161.15,29057.4,29145.95,0
2017-10-26 11:15:00,29146.65,29221.35,29142.3,29200.1,0
2017-10-26 12:15:00,29200.4,29312.15,29193.8,29274.75,0
2017-10-26 13:15:00,29275.0,29282.75,29213.1,29221.65,0
2017-10-26 14:15:00,29221.55,29249.55,29122.95,29132.4,0
2017-10-26 15:15:00,29132.45,29193.3,29129.2,29183.75,0
2017-10-27 09:15:00,29245.3,29400.2,29245.3,29321.3,0
2017-10-27 10:15:00,29320.2,29413.3,29316.3,29406.65,0
2017-10-27 11:15:00,29407.35,29474.25,29356.3,29439.0,0
2017-10-27 12:15:00,29432.85,29450.85,29393.6,29400.7,0
2017-10-27 13:15:00,29399.45,29472.6,29388.95,29446.55,0
2017-10-27 14:15:00,29446.45,29453.95,29324.4,29341.4,0
2017-10-27 15:15:00,29343.3,29390.15,29324.65,29373.7,0
2017-10-30 09:15:00,29478.45,29662.65,29476.45,29636.65,0
2017-10-30 10:15:00,29635.55,29667.65,29613.2,29648.05,0
2017-10-30 11:15:00,29647.8,29709.0,29627.2,29693.05,0
2017-10-30 12:15:00,29693.25,29723.1,29664.6,29708.8,0
2017-10-30 13:15:00,29708.7,29719.35,29644.2,29657.8,0
2017-10-30 14:15:00,29659.0,29697.2,29647.15,29668.55,0
2017-10-30 15:15:00,29668.45,29697.95,29646.75,29691.55,0
2017-10-31 09:15:00,29775.15,29779.85,29651.15,29655.75,0
2017-10-31 10:15:00,29654.7,29654.7,29496.1,29569.95,0
2017-10-31 11:15:00,29569.6,29667.75,29569.0,29663.45,0
2017-10-31 12:15:00,29663.7,29682.9,29643.8,29656.3,0
2017-10-31 13:15:00,29657.75,29662.55,29578.25,29604.25,0
2017-10-31 14:15:00,29603.45,29716.5,29594.5,29640.9,0
2017-10-31 15:15:00,29641.6,29664.0,29632.55,29649.75,0
2017-11-01 09:15:00,29833.8,29993.7,29833.8,29969.9,0
2017-11-01 10:15:00,29969.35,30015.3,29939.5,30010.05,0
2017-11-01 11:15:00,30009.6,30034.95,29947.05,29974.2,0
2017-11-01 12:15:00,29976.5,29991.0,29943.7,29953.3,0
2017-11-01 13:15:00,29954.7,29964.45,29847.45,29899.65,0
2017-11-01 14:15:00,29899.85,29942.65,29850.75,29912.05,0
2017-11-01 15:15:00,29912.0,29913.8,29867.9,29894.55,0
2017-11-02 09:15:00,29956.45,30098.55,29949.95,30080.55,0
2017-11-02 10:15:00,30079.9,30115.35,30064.4,30105.95,0
2017-11-02 11:15:00,30106.25,30112.3,29901.6,29958.15,0
2017-11-02 12:15:00,29956.65,29989.4,29891.7,29989.1,0
2017-11-02 13:15:00,29987.95,30002.2,29964.95,29997.35,0
2017-11-02 14:15:00,29996.85,30015.0,29947.2,30014.7,0
2017-11-02 15:15:00,30014.0,30039.2,30009.95,30027.05,0
2017-11-03 09:15:00,30116.7,30171.3,29952.35,30065.85,0
2017-11-03 10:15:00,30066.35,30116.95,30048.3,30113.0,0
2017-11-03 11:15:00,30112.5,30134.15,30080.25,30111.75,0
2017-11-03 12:15:00,30111.9,30136.8,30072.1,30085.15,0
2017-11-03 13:15:00,30084.75,30136.9,30067.0,30070.45,0
2017-11-03 14:15:00,30074.3,30093.85,30013.0,30051.4,0
2017-11-03 15:15:00,30052.15,30063.1,30027.4,30038.7,0
2017-11-06 09:15:00,30146.05,30295.7,30142.3,30227.25,0
2017-11-06 10:15:00,30227.05,30318.5,30224.3,30310.95,0
2017-11-06 11:15:00,30311.3,30312.2,30262.05,30276.4,0
2017-11-06 12:15:00,30276.8,30338.25,30276.7,30289.45,0
2017-11-06 13:15:00,30288.85,30356.85,30272.75,30328.3,0
2017-11-06 14:15:00,30326.4,30342.15,30246.65,30255.7,0
2017-11-06 15:15:00,30255.2,30261.25,30203.35,30218.35,0
2017-11-07 09:15:00,30390.45,30408.0,30110.65,30110.65,0
2017-11-07 10:15:00,30109.2,30126.4,29944.7,30126.4,0
2017-11-07 11:15:00,30126.85,30127.7,30043.85,30107.3,0
2017-11-07 12:15:00,30106.95,30133.15,29997.65,30009.15,0
2017-11-07 13:15:00,30009.9,30010.65,29725.55,29752.1,0
2017-11-07 14:15:00,29752.95,29836.7,29695.7,29777.05,0
2017-11-07 15:15:00,29777.55,29792.65,29749.5,29761.35,0
2017-11-08 09:15:00,29840.15,29923.95,29701.9,29744.4,0
2017-11-08 10:15:00,29747.7,29857.85,29745.45,29774.7,0
2017-11-08 11:15:00,29775.75,29865.2,29761.75,29800.0,0
2017-11-08 12:15:00,29800.8,29803.9,29682.5,29721.65,0
2017-11-08 13:15:00,29720.25,29721.3,29543.65,29559.45,0
2017-11-08 14:15:00,29561.55,29565.7,29451.4,29563.45,0
2017-11-08 15:15:00,29563.6,29607.35,29550.3,29592.0,0
2017-11-09 09:15:00,29739.05,29855.9,29739.05,29797.85,0
2017-11-09 10:15:00,29796.7,29830.65,29561.25,29587.75,0
2017-11-09 11:15:00,29588.05,29671.3,29453.45,29467.45,0
2017-11-09 12:15:00,29469.2,29561.7,29379.2,29549.05,0
2017-11-09 13:15:00,29549.55,29580.3,29507.45,29545.65,0
2017-11-09 14:15:00,29545.45,29742.0,29541.65,29742.0,0
2017-11-09 15:15:00,29742.0,29782.75,29731.75,29771.4,0
2017-11-10 09:15:00,29707.55,29714.95,29551.75,29675.5,0
2017-11-10 10:15:00,29675.35,29785.9,29675.2,29718.6,0
2017-11-10 11:15:00,29718.1,29732.55,29618.15,29619.6,0
2017-11-10 12:15:00,29617.05,29679.35,29596.05,29676.2,0
2017-11-10 13:15:00,29676.3,29823.25,29676.3,29758.05,0
2017-11-10 14:15:00,29755.55,29768.6,29517.15,29686.1,0
2017-11-10 15:15:00,29686.0,29693.5,29654.9,29675.25,0
2017-11-13 09:15:00,29713.65,29717.55,29423.35,29460.1,0
2017-11-13 10:15:00,29459.3,29519.4,29449.0,29457.4,0
2017-11-13 11:15:00,29457.55,29508.8,29404.7,29508.05,0
2017-11-13 12:15:00,29508.45,29592.75,29502.85,29583.2,0
2017-11-13 13:15:00,29583.45,29594.1,29485.95,29551.1,0
2017-11-13 14:15:00,29551.4,29585.7,29445.9,29452.05,0
2017-11-13 15:15:00,29451.9,29458.45,29422.85,29442.9,0
2017-11-14 09:15:00,29482.7,29554.6,29369.2,29428.05,0
2017-11-14 10:15:00,29428.75,29524.2,29424.7,29478.6,0
2017-11-14 11:15:00,29477.85,29487.15,29417.15,29419.35,0
2017-11-14 12:15:00,29419.95,29449.7,29383.3,29434.15,0
2017-11-14 13:15:00,29434.3,29483.35,29416.65,29426.8,0
2017-11-14 14:15:00,29427.05,29481.15,29322.2,29341.25,0
2017-11-14 15:15:00,29343.1,29360.15,29319.85,29352.75,0
2017-11-15 09:15:00,29282.15,29351.9,29211.4,29341.0,0
2017-11-15 10:15:00,29338.65,29358.9,29280.45,29333.9,0
2017-11-15 11:15:00,29333.4,29345.9,29285.35,29289.3,0
2017-11-15 12:15:00,29288.7,29290.5,29164.9,29240.9,0
2017-11-15 13:15:00,29239.65,29246.7,29073.25,29073.25,0
2017-11-15 14:15:00,29072.8,29072.8,28890.95,29021.1,0
2017-11-15 15:15:00,29021.35,29073.45,28999.5,29050.8,0
2017-11-16 09:15:00,29106.85,29214.05,29030.2,29134.5,0
2017-11-16 10:15:00,29133.85,29156.25,29081.7,29116.5,0
2017-11-16 11:15:00,29117.3,29204.3,29115.95,29182.15,0
2017-11-16 12:15:00,29182.35,29291.95,29178.45,29244.05,0
2017-11-16 13:15:00,29243.25,29285.25,29213.0,29279.45,0
2017-11-16 14:15:00,29279.9,29322.95,29267.85,29308.6,0
2017-11-16 15:15:00,29309.35,29421.15,29306.8,29405.5,0
2017-11-17 09:15:00,29690.8,29840.65,29690.8,29758.9,0
2017-11-17 10:15:00,29759.0,29845.4,29757.85,29834.15,0
2017-11-17 11:15:00,29831.35,29842.4,29741.6,29776.2,0
2017-11-17 12:15:00,29775.0,29823.4,29766.55,29790.15,0
2017-11-17 13:15:00,29790.15,29830.85,29780.5,29786.95,0
2017-11-17 14:15:00,29787.9,29800.7,29695.65,29779.4,0
2017-11-17 15:15:00,29779.95,29779.95,29721.6,29726.55,0
2017-11-20 09:15:00,29764.5,29850.85,29684.05,29686.4,0
2017-11-20 10:15:00,29686.15,29720.65,29643.95,29718.15,0
2017-11-20 11:15:00,29719.3,29746.55,29693.3,29735.2,0
2017-11-20 12:15:00,29735.5,29745.05,29710.9,29722.8,0
2017-11-20 13:15:00,29722.9,29761.7,29713.85,29729.2,0
2017-11-20 14:15:00,29730.25,29798.6,29724.5,29796.85,0
2017-11-20 15:15:00,29798.3,29799.3,29773.3,29792.1,0
2017-11-21 09:15:00,29877.65,29943.65,29861.1,29913.35,0
2017-11-21 10:15:00,29913.0,29951.3,29898.0,29924.95,0
2017-11-21 11:15:00,29926.05,29942.25,29864.6,29878.75,0
2017-11-21 12:15:00,29878.65,29913.3,29867.35,29880.75,0
2017-11-21 13:15:00,29881.15,29891.1,29838.3,29838.3,0
2017-11-21 14:15:00,29838.7,29841.35,29699.2,29834.7,0
2017-11-21 15:15:00,29833.6,29850.9,29820.6,29826.4,0
2017-11-22 09:15:00,29938.15,29946.5,29653.25,29677.5,0
2017-11-22 10:15:00,29677.65,29773.95,29653.35,29747.2,0
2017-11-22 11:15:00,29748.2,29814.65,29725.2,29796.5,0
2017-11-22 12:15:00,29796.6,29829.0,29767.3,29781.8,0
2017-11-22 13:15:00,29781.45,29814.15,29758.9,29785.5,0
2017-11-22 14:15:00,29785.8,29794.9,29738.15,29780.15,0
2017-11-22 15:15:00,29781.6,29812.1,29775.4,29786.25,0
2017-11-23 09:15:00,29845.9,29865.55,29772.5,29825.0,0
2017-11-23 10:15:00,29825.05,29838.9,29790.1,29830.05,0
2017-11-23 11:15:00,29829.4,29851.2,29810.95,29812.85,0
2017-11-23 12:15:00,29812.65,29816.5,29637.4,29643.0,0
2017-11-23 13:15:00,29642.85,29757.85,29613.85,29739.3,0
2017-11-23 14:15:00,29739.35,29791.05,29725.75,29788.7,0
2017-11-23 15:15:00,29788.9,29803.55,29773.75,29787.5,0
2017-11-24 09:15:00,29868.45,29882.4,29786.8,29846.5,0
2017-11-24 10:15:00,29846.5,29872.9,29830.55,29870.1,0
2017-11-24 11:15:00,29870.15,29909.5,29866.5,29892.75,0
2017-11-24 12:15:00,29892.85,29904.2,29854.15,29870.15,0
2017-11-24 13:15:00,29870.0,29879.4,29832.25,29856.0,0
2017-11-24 14:15:00,29857.05,29930.85,29832.15,29921.5,0
2017-11-24 15:15:00,29921.8,29921.8,29891.5,29899.95,0
2017-11-27 09:15:00,29906.3,29921.0,29802.75,29917.25,0
2017-11-27 10:15:00,29916.7,29934.15,29897.55,29921.95,0
2017-11-27 11:15:00,29922.05,29937.55,29886.4,29904.35,0
2017-11-27 12:15:00,29904.95,29905.55,29838.85,29873.9,0
2017-11-27 13:15:00,29874.65,29907.95,29861.45,29905.05,0
2017-11-27 14:15:00,29904.75,30000.85,29898.95,29995.0,0
2017-11-27 15:15:00,29994.5,30019.0,29979.5,29985.55,0
2017-11-28 09:15:00,30022.25,30068.45,29949.95,30053.85,0
2017-11-28 10:15:00,30056.2,30089.15,30029.7,30040.25,0
2017-11-28 11:15:00,30041.9,30080.65,30019.8,30047.75,0
2017-11-28 12:15:00,30047.4,30153.4,30036.3,30140.7,0
2017-11-28 13:15:00,30140.15,30151.9,29977.2,29999.9,0
2017-11-28 14:15:00,29999.2,30060.3,29924.55,30058.25,0
2017-11-28 15:15:00,30057.0,30063.85,30008.45,30023.15,0
2017-11-29 09:15:00,30116.1,30181.35,30060.45,30116.5,0
2017-11-29 10:15:00,30117.35,30147.9,30094.3,30096.65,0
2017-11-29 11:15:00,30095.5,30134.55,30093.1,30098.8,0
2017-11-29 12:15:00,30097.95,30130.55,30095.8,30118.9,0
2017-11-29 13:15:00,30119.75,30127.15,30013.9,30038.15,0
2017-11-29 14:15:00,30037.85,30065.2,29976.25,30049.9,0
2017-11-29 15:15:00,30051.3,30051.7,29985.05,29994.35,0
2017-11-30 09:15:00,29951.25,29972.35,29816.85,29898.2,0
2017-11-30 10:15:00,29897.4,29950.2,29866.05,29909.75,0
2017-11-30 11:15:00,29910.05,29918.4,29868.05,29875.2,0
2017-11-30 12:15:00,29873.25,29875.05,29834.25,29844.6,0
2017-11-30 13:15:00,29845.0,29961.65,29844.4,29951.3,0
2017-11-30 14:15:00,29952.85,29960.4,29731.8,29757.35,0
2017-11-30 15:15:00,29760.25,29838.85,29725.9,29829.5,0
2017-12-01 09:15:00,29884.85,30012.2,29874.2,29949.05,0
2017-12-01 10:15:00,29949.3,30004.35,29819.9,29839.1,0
2017-12-01 11:15:00,29839.65,29899.95,29769.0,29836.8,0
2017-12-01 12:15:00,29836.9,29897.65,29796.4,29869.25,0
2017-12-01 13:15:00,29869.9,29916.8,29784.75,29797.6,0
2017-12-01 14:15:00,29797.35,29797.35,29482.0,29504.85,0
2017-12-01 15:15:00,29502.9,29510.3,29388.8,29451.25,0
2017-12-04 09:15:00,29583.95,29634.9,29246.3,29392.35,0
2017-12-04 10:15:00,29391.5,29456.45,29380.65,29424.05,0
2017-12-04 11:15:00,29424.5,29489.2,29423.6,29484.4,0
2017-12-04 12:15:00,29482.3,29501.1,29442.4,29494.4,0
2017-12-04 13:15:00,29494.25,29523.05,29359.1,29421.65,0
2017-12-04 14:15:00,29421.65,29465.95,29342.0,29456.8,0
2017-12-04 15:15:00,29460.1,29562.4,29454.75,29529.35,0
2017-12-05 09:15:00,29487.05,29487.05,29198.9,29322.5,0
2017-12-05 10:15:00,29322.85,29388.3,29309.45,29323.8,0
2017-12-05 11:15:00,29324.0,29356.65,29293.65,29351.25,0
2017-12-05 12:15:00,29351.0,29390.75,29311.35,29348.2,0
2017-12-05 13:15:00,29348.85,29458.85,29309.2,29453.0,0
2017-12-05 14:15:00,29454.05,29520.85,29441.8,29486.95,0
2017-12-05 15:15:00,29485.55,29543.6,29485.55,29520.7,0
2017-12-06 09:15:00,29436.3,29483.75,29328.4,29436.45,0
2017-12-06 10:15:00,29436.55,29504.85,29436.45,29488.8,0
2017-12-06 11:15:00,29488.15,29488.6,29332.55,29349.5,0
2017-12-06 12:15:00,29349.65,29358.55,29285.3,29301.7,0
2017-12-06 13:15:00,29301.5,29318.6,29264.7,29289.2,0
2017-12-06 14:15:00,29290.6,29347.35,29213.2,29229.1,0
2017-12-06 15:15:00,29228.6,29232.1,29189.0,29197.15,0
2017-12-07 09:15:00,29250.1,29446.35,29250.1,29430.15,0
2017-12-07 10:15:00,29430.1,29535.1,29421.85,29526.5,0
2017-12-07 11:15:00,29527.05,29530.85,29429.6,29439.5,0
2017-12-07 12:15:00,29440.7,29501.2,29435.8,29476.75,0
2017-12-07 13:15:00,29475.05,29580.95,29473.8,29570.5,0
2017-12-07 14:15:00,29571.5,29727.95,29569.25,29725.7,0
2017-12-07 15:15:00,29724.7,29753.65,29692.9,29748.05,0
2017-12-08 09:15:00,29847.4,29995.05,29847.4,29987.9,0
2017-12-08 10:15:00,29988.0,30011.15,29970.5,30001.1,0
2017-12-08 11:15:00,30002.7,30010.7,29948.4,29978.4,0
2017-12-08 12:15:00,29977.95,30024.15,29962.05,29982.0,0
2017-12-08 13:15:00,29982.0,30049.85,29959.15,30039.95,0
2017-12-08 14:15:00,30039.25,30060.25,29976.75,29999.0,0
2017-12-08 15:15:00,29998.55,30006.95,29972.2,29975.75,0
2017-12-11 09:15:00,30149.2,30170.8,30069.25,30111.3,0
2017-12-11 10:15:00,30112.1,30144.5,30044.05,30112.15,0
2017-12-11 11:15:00,30111.65,30115.4,30033.85,30054.4,0
2017-12-11 12:15:00,30056.0,30101.8,30038.2,30096.55,0
2017-12-11 13:15:00,30096.7,30152.55,30083.5,30123.3,0
2017-12-11 14:15:00,30122.85,30135.25,30084.6,30097.05,0
2017-12-11 15:15:00,30095.55,30096.5,30057.7,30074.0,0
2017-12-12 09:15:00,30093.9,30103.3,29981.65,29995.1,0
2017-12-12 10:15:00,29995.15,30006.6,29930.65,29930.65,0
2017-12-12 11:15:00,29931.4,30012.55,29926.4,29980.9,0
2017-12-12 12:15:00,29981.85,29987.4,29943.55,29955.95,0
2017-12-12 13:15:00,29955.35,29960.9,29890.7,29907.95,0
2017-12-12 14:15:00,29909.2,29917.3,29761.3,29800.05,0
2017-12-12 15:15:00,29800.15,29808.6,29756.2,29773.25,0
2017-12-13 09:15:00,29786.1,29897.45,29729.7,29758.7,0
2017-12-13 10:15:00,29757.35,29843.4,29739.3,29838.1,0
2017-12-13 11:15:00,29837.05,29862.95,29805.15,29845.65,0
2017-12-13 12:15:00,29845.85,29865.65,29774.6,29833.0,0
2017-12-13 13:15:00,29832.7,29855.6,29610.5,29610.5,0
2017-12-13 14:15:00,29611.55,29629.55,29390.45,29522.3,0
2017-12-13 15:15:00,29520.8,29534.85,29490.3,29500.15,0
2017-12-14 09:15:00,29576.05,29648.6,29448.15,29505.55,0
2017-12-14 10:15:00,29505.55,29512.7,29287.35,29287.65,0
2017-12-14 11:15:00,29288.75,29351.35,29249.65,29301.15,0
2017-12-14 12:15:00,29300.6,29361.35,29233.2,29348.2,0
2017-12-14 13:15:00,29347.05,29429.95,29318.15,29423.45,0
2017-12-14 14:15:00,29424.4,29516.55,29358.3,29516.55,0
2017-12-14 15:15:00,29515.35,29547.4,29486.55,29512.45,0
2017-12-15 09:15:00,29780.6,29851.2,29740.45,29780.65,0
2017-12-15 10:15:00,29780.95,29781.4,29718.7,29753.05,0
2017-12-15 11:15:00,29753.15,29768.35,29719.5,29758.05,0
2017-12-15 12:15:00,29758.75,29811.3,29754.55,29796.55,0
2017-12-15 13:15:00,29797.9,29812.6,29743.45,29771.0,0
2017-12-15 14:15:00,29771.4,29798.8,29741.2,29747.45,0
2017-12-15 15:15:00,29748.55,29774.1,29736.35,29737.1,0
2017-12-18 09:15:00,29615.1,30023.35,29038.3,29930.2,0
2017-12-18 10:15:00,29924.55,30031.9,29890.45,29968.25,0
2017-12-18 11:15:00,29968.4,30120.75,29930.3,30119.0,0
2017-12-18 12:15:00,30118.3,30164.45,30044.2,30065.9,0
2017-12-18 13:15:00,30066.4,30076.75,29977.95,30025.05,0
2017-12-18 14:15:00,30024.35,30070.45,29980.0,30047.3,0
2017-12-18 15:15:00,30048.2,30058.9,30018.5,30057.0,0
2017-12-19 09:15:00,30187.85,30317.1,30179.85,30282.3,0
2017-12-19 10:15:00,30282.65,30330.5,30273.8,30313.4,0
2017-12-19 11:15:00,30313.9,30345.45,30302.75,30302.75,0
2017-12-19 12:15:00,30302.4,30318.3,30252.5,30266.15,0
2017-12-19 13:15:00,30267.5,30384.25,30264.0,30375.75,0
2017-12-19 14:15:00,30374.6,30487.45,30368.8,30475.55,0
2017-12-19 15:15:00,30475.45,30495.0,30459.0,30492.65,0
2017-12-20 09:15:00,30507.7,30534.5,30414.55,30466.75,0
2017-12-20 10:15:00,30466.25,30528.65,30454.15,30518.0,0
2017-12-20 11:15:00,30518.65,30538.2,30478.95,30481.0,0
2017-12-20 12:15:00,30479.15,30494.5,30449.75,30482.75,0
2017-12-20 13:15:00,30483.75,30523.2,30473.65,30514.95,0
2017-12-20 14:15:00,30514.3,30586.15,30434.15,30473.85,0
2017-12-20 15:15:00,30473.3,30506.15,30460.85,30492.25,0
2017-12-21 09:15:00,30540.45,30574.6,30463.0,30531.7,0
2017-12-21 10:15:00,30532.25,30618.9,30532.1,30587.05,0
2017-12-21 11:15:00,30586.75,30617.15,30568.8,30616.05,0
2017-12-21 12:15:00,30615.45,30628.4,30576.45,30626.05,0
2017-12-21 13:15:00,30625.45,30647.25,30578.6,30636.75,0
2017-12-21 14:15:00,30638.7,30655.1,30599.0,30644.65,0
2017-12-21 15:15:00,30642.75,30653.8,30586.05,30595.15,0
2017-12-22 09:15:00,30691.55,30787.85,30667.7,30769.85,0
2017-12-22 10:15:00,30769.35,30805.3,30750.35,30758.15,0
2017-12-22 11:15:00,30758.05,30767.05,30702.65,30747.85,0
2017-12-22 12:15:00,30748.65,30803.65,30745.85,30789.05,0
2017-12-22 13:15:00,30789.45,30804.85,30727.65,30728.25,0
2017-12-22 14:15:00,30729.4,30793.3,30661.9,30789.75,0
2017-12-22 15:15:00,30790.1,30790.85,30737.1,30742.05,0
2017-12-26 09:15:00,30860.75,30882.05,30787.55,30844.35,0
2017-12-26 10:15:00,30845.7,30881.95,30829.95,30872.75,0
2017-12-26 11:15:00,30872.65,30916.6,30870.25,30891.05,0
2017-12-26 12:15:00,30892.15,30926.0,30881.0,30904.7,0
2017-12-26 13:15:00,30904.6,30951.8,30901.3,30927.8,0
2017-12-26 14:15:00,30927.5,30944.65,30886.9,30905.1,0
2017-12-26 15:15:00,30905.3,30908.4,30871.85,30882.4,0
2017-12-27 09:15:00,30944.65,30981.2,30897.3,30913.85,0
2017-12-27 10:15:00,30914.8,31008.45,30909.95,30980.3,0
2017-12-27 11:15:00,30981.0,30986.4,30957.55,30971.75,0
2017-12-27 12:15:00,30971.35,30978.35,30918.4,30946.05,0
2017-12-27 13:15:00,30946.6,30963.55,30900.0,30902.75,0
2017-12-27 14:15:00,30902.65,30916.15,30641.2,30812.65,0
2017-12-27 15:15:00,30813.15,30816.6,30687.7,30720.5,0
2017-12-28 09:15:00,30808.4,30838.5,30672.4,30715.25,0
2017-12-28 10:15:00,30715.2,30834.65,30712.5,30829.65,0
2017-12-28 11:15:00,30828.7,30838.45,30791.9,30816.05,0
2017-12-28 12:15:00,30814.75,30833.15,30796.0,30826.8,0
2017-12-28 13:15:00,30827.55,30852.6,30778.85,30848.3,0
2017-12-28 14:15:00,30846.95,30875.5,30723.05,30755.6,0
2017-12-28 15:15:00,30754.5,30802.55,30736.15,30802.55,0
2017-12-29 09:15:00,30855.1,30987.75,30853.85,30981.8,0
2017-12-29 10:15:00,30982.25,31048.85,30982.25,31036.05,0
2017-12-29 11:15:00,31035.65,31057.95,30947.0,30983.1,0
2017-12-29 12:15:00,30982.8,30995.55,30901.9,30933.4,0
2017-12-29 13:15:00,30932.85,30953.0,30843.15,30896.3,0
2017-12-29 14:15:00,30896.2,30967.2,30876.45,30962.75,0
2017-12-29 15:15:00,30961.7,30991.05,30950.3,30979.65,0
2018-01-01 09:15:00,31043.8,31076.85,30942.3,31056.85,0
2018-01-01 10:15:00,31056.8,31097.4,31050.95,31093.2,0
2018-01-01 11:15:00,31093.25,31139.15,31092.1,31123.65,0
2018-01-01 12:15:00,31124.65,31146.3,31104.75,31105.25,0
2018-01-01 13:15:00,31104.65,31150.6,31050.5,31149.55,0
2018-01-01 14:15:00,31149.55,31174.2,30856.4,30944.6,0
2018-01-01 15:15:00,30943.45,30943.45,30872.55,30926.95,0
2018-01-02 09:15:00,31022.85,31059.35,30554.8,30632.05,0
2018-01-02 10:15:00,30630.65,30796.05,30627.0,30786.2,0
2018-01-02 11:15:00,30786.9,30835.7,30732.35,30832.35,0
2018-01-02 12:15:00,30831.4,30870.5,30765.35,30788.45,0
2018-01-02 13:15:00,30788.05,30806.65,30699.85,30719.4,0
2018-01-02 14:15:00,30718.1,30804.85,30590.55,30802.35,0
2018-01-02 15:15:00,30802.25,30825.65,30779.55,30794.2,0
2018-01-03 09:15:00,30932.35,31084.05,30922.5,31064.45,0
2018-01-03 10:15:00,31065.2,31077.2,31021.25,31024.15,0
2018-01-03 11:15:00,31022.15,31085.5,31020.25,31052.3,0
2018-01-03 12:15:00,31051.5,31069.85,30966.2,31004.1,0
2018-01-03 13:15:00,31004.2,31041.35,30982.8,31020.4,0
2018-01-03 14:15:00,31019.7,31042.65,30901.4,30974.4,0
2018-01-03 15:15:00,30974.5,30987.7,30960.6,30981.75,0
2018-01-04 09:15:00,31074.1,31102.0,30971.7,31032.85,0
2018-01-04 10:15:00,31031.8,31109.0,31022.05,31090.6,0
2018-01-04 11:15:00,31090.6,31152.35,31089.85,31150.65,0
2018-01-04 12:15:00,31150.65,31161.7,31104.6,31153.3,0
2018-01-04 13:15:00,31152.55,31196.2,31142.85,31175.35,0
2018-01-04 14:15:00,31175.3,31299.0,31170.75,31297.7,0
2018-01-04 15:15:00,31297.65,31340.6,31297.65,31323.3,0
2018-01-05 09:15:00,31428.65,31632.7,31428.65,31592.6,0
2018-01-05 10:15:00,31591.9,31677.75,31584.55,31663.1,0
2018-01-05 11:15:00,31663.65,31668.85,31521.6,31578.0,0
2018-01-05 12:15:00,31576.85,31615.75,31561.25,31589.55,0
2018-01-05 13:15:00,31590.45,31678.15,31582.2,31671.55,0
2018-01-05 14:15:00,31671.5,31728.9,31659.2,31700.35,0
2018-01-05 15:15:00,31699.65,31711.65,31668.7,31684.3,0
2018-01-08 09:15:00,31764.9,31901.3,31763.5,31853.35,0
2018-01-08 10:15:00,31853.9,31870.95,31789.75,31849.3,0
2018-01-08 11:15:00,31849.65,31863.2,31823.5,31853.05,0
2018-01-08 12:15:00,31852.3,31873.5,31817.1,31826.2,0
2018-01-08 13:15:00,31824.6,31879.8,31797.6,31851.95,0
2018-01-08 14:15:00,31851.75,31935.4,31842.1,31917.65,0
2018-01-08 15:15:00,31917.55,31931.55,31904.05,31916.25,0
2018-01-09 09:15:00,31968.0,31981.95,31776.05,31895.15,0
2018-01-09 10:15:00,31893.9,31925.25,31879.0,31885.85,0
2018-01-09 11:15:00,31885.1,31898.3,31759.45,31760.25,0
2018-01-09 12:15:00,31760.35,31780.55,31699.8,31746.15,0
2018-01-09 13:15:00,31746.55,31768.85,31651.95,31750.25,0
2018-01-09 14:15:00,31750.05,31824.05,31726.25,31784.05,0
2018-01-09 15:15:00,31784.25,31792.45,31759.9,31770.05,0
2018-01-10 09:15:00,31829.9,31914.1,31791.9,31879.5,0
2018-01-10 10:15:00,31879.05,31890.05,31691.85,31754.8,0
2018-01-10 11:15:00,31753.0,31764.4,31614.25,31682.75,0
2018-01-10 12:15:00,31683.2,31718.5,31667.95,31692.5,0
2018-01-10 13:15:00,31692.8,31743.3,31660.35,31727.2,0
2018-01-10 14:15:00,31727.1,31772.25,31651.95,31748.85,0
2018-01-10 15:15:00,31748.25,31748.35,31681.7,31690.65,0
2018-01-11 09:15:00,31731.95,31731.95,31584.75,31717.75,0
2018-01-11 10:15:00,31718.35,31758.6,31707.35,31725.05,0
2018-01-11 11:15:00,31725.85,31774.4,31724.15,31767.8,0
2018-01-11 12:15:00,31768.25,31784.95,31718.0,31725.8,0
2018-01-11 13:15:00,31725.35,31735.6,31679.2,31715.45,0
2018-01-11 14:15:00,31715.55,31721.25,31613.75,31694.2,0
2018-01-11 15:15:00,31696.15,31705.9,31678.25,31682.0,0
2018-01-12 09:15:00,31786.75,31824.35,31765.95,31788.35,0
2018-01-12 10:15:00,31788.65,31802.4,31742.3,31784.8,0
2018-01-12 11:15:00,31784.9,31806.1,31724.0,31726.95,0
2018-01-12 12:15:00,31727.65,31727.65,31383.5,31506.0,0
2018-01-12 13:15:00,31506.7,31623.15,31496.75,31591.3,0
2018-01-12 14:15:00,31590.8,31723.95,31577.8,31707.25,0
2018-01-12 15:15:00,31707.5,31711.75,31668.75,31685.3,0
2018-01-15 09:15:00,31783.15,31882.35,31778.85,31838.05,0
2018-01-15 10:15:00,31837.8,31887.65,31816.9,31828.7,0
2018-01-15 11:15:00,31828.8,31843.85,31724.05,31724.45,0
2018-01-15 12:15:00,31724.65,31738.0,31681.9,31698.3,0
2018-01-15 13:15:00,31698.5,31742.1,31672.85,31681.4,0
2018-01-15 14:15:00,31681.35,31725.9,31652.5,31657.9,0
2018-01-15 15:15:00,31655.7,31657.85,31604.85,31635.75,0
2018-01-16 09:15:00,31719.05,31736.45,31622.4,31666.8,0
2018-01-16 10:15:00,31665.1,31673.75,31280.7,31377.7,0
2018-01-16 11:15:00,31379.05,31459.45,31366.25,31451.2,0
2018-01-16 12:15:00,31451.45,31463.0,31273.7,31275.6,0
2018-01-16 13:15:00,31275.6,31280.2,31099.35,31139.75,0
2018-01-16 14:15:00,31139.2,31244.85,31037.6,31116.2,0
2018-01-16 15:15:00,31114.95,31169.45,31085.4,31169.45,0
2018-01-17 09:15:00,31126.5,31138.45,30653.5,30983.25,0
2018-01-17 10:15:00,30982.8,31132.05,30980.35,31064.45,0
2018-01-17 11:15:00,31061.2,31135.0,31052.35,31134.5,0
2018-01-17 12:15:00,31133.75,31205.3,31120.15,31146.95,0
2018-01-17 13:15:00,31147.1,31196.8,31135.0,31160.1,0
2018-01-17 14:15:00,31160.0,31355.65,31143.3,31329.8,0
2018-01-17 15:15:00,31332.05,31374.5,31325.75,31359.65,0
2018-01-18 09:15:00,31520.1,31545.9,31358.65,31381.05,0
2018-01-18 10:15:00,31380.3,31428.95,31363.55,31395.65,0
2018-01-18 11:15:00,31395.9,31399.95,31205.05,31294.7,0
2018-01-18 12:15:00,31295.85,31337.35,31248.0,31259.35,0
2018-01-18 13:15:00,31258.6,31267.7,31070.1,31137.9,0
2018-01-18 14:15:00,31136.35,31136.35,30688.25,30959.7,0
2018-01-18 15:15:00,30958.9,30970.5,30895.5,30906.25,0
2018-01-19 09:15:00,30953.4,31043.3,30813.15,31039.1,0
2018-01-19 10:15:00,31037.15,31072.75,31000.65,31034.7,0
2018-01-19 11:15:00,31034.1,31035.1,30887.9,30890.0,0
2018-01-19 12:15:00,30890.75,30901.7,30786.7,30844.1,0
2018-01-19 13:15:00,30844.0,30941.9,30829.9,30912.0,0
2018-01-19 14:15:00,30910.25,31170.3,30890.45,31144.0,0
2018-01-19 15:15:00,31142.4,31220.6,31139.1,31185.8,0
2018-01-22 09:15:00,31207.25,31241.6,31091.65,31128.6,0
2018-01-22 10:15:00,31128.7,31176.3,31082.4,31159.25,0
2018-01-22 11:15:00,31156.85,31252.4,31133.6,31237.5,0
2018-01-22 12:15:00,31246.1,31316.8,31226.55,31274.6,0
2018-01-22 13:15:00,31274.65,31290.15,31238.05,31268.5,0
2018-01-22 14:15:00,31268.4,31416.55,31238.65,31377.75,0
2018-01-22 15:15:00,31377.0,31455.5,31377.0,31395.75,0
2018-01-23 09:15:00,31483.85,31642.05,31473.75,31628.3,0
2018-01-23 10:15:00,31626.6,31678.9,31604.65,31666.7,0
2018-01-23 11:15:00,31666.05,31700.1,31644.15,31682.15,0
2018-01-23 12:15:00,31682.5,31688.0,31502.0,31562.05,0
2018-01-23 13:15:00,31561.3,31613.65,31477.6,31525.4,0
2018-01-23 14:15:00,31526.85,31660.5,31515.25,31643.9,0
2018-01-23 15:15:00,31644.95,31651.25,31589.65,31589.65,0
2018-01-24 09:15:00,31538.9,31606.75,31335.3,31437.55,0
2018-01-24 10:15:00,31437.05,31511.8,31365.85,31460.95,0
2018-01-24 11:15:00,31461.9,31462.6,31375.2,31376.1,0
2018-01-24 12:15:00,31376.8,31451.15,31316.25,31446.25,0
2018-01-24 13:15:00,31447.65,31490.8,31403.4,31486.6,0
2018-01-24 14:15:00,31488.2,31508.35,31386.6,31429.85,0
2018-01-24 15:15:00,31431.1,31460.75,31406.8,31415.5,0
2018-01-25 09:15:00,31511.35,31520.4,31371.5,31488.0,0
2018-01-25 10:15:00,31487.65,31490.25,31376.7,31376.7,0
2018-01-25 11:15:00,31376.2,31414.15,31338.7,31377.2,0
2018-01-25 12:15:00,31377.75,31382.95,31241.5,31252.55,0
2018-01-25 13:15:00,31252.9,31300.15,31160.55,31274.7,0
2018-01-25 14:15:00,31273.4,31276.9,30994.8,31008.8,0
2018-01-25 15:15:00,31009.15,31048.4,30950.65,31046.2,0
2018-01-29 09:15:00,31132.0,31236.25,31026.9,31046.1,0
2018-01-29 10:15:00,31047.55,31120.85,31023.1,31067.85,0
2018-01-29 11:15:00,31067.6,31129.75,31063.55,31119.45,0
2018-01-29 12:15:00,31119.6,31128.65,31058.3,31078.05,0
2018-01-29 13:15:00,31077.8,31092.0,31000.7,31010.9,0
2018-01-29 14:15:00,31012.4,31012.8,30837.8,30892.8,0
2018-01-29 15:15:00,30894.1,30903.65,30837.1,30844.15,0
2018-01-30 09:15:00,30852.75,30852.75,30686.85,30736.5,0
2018-01-30 10:15:00,30735.4,30811.35,30700.9,30807.9,0
2018-01-30 11:15:00,30807.0,30873.2,30728.6,30729.25,0
2018-01-30 12:15:00,30728.6,30785.1,30720.9,30779.0,0
2018-01-30 13:15:00,30779.35,30801.95,30726.25,30748.8,0
2018-01-30 14:15:00,30749.3,30756.75,30664.9,30711.7,0
2018-01-30 15:15:00,30710.1,30741.4,30697.85,30709.75,0
2018-01-31 09:15:00,30644.4,30709.35,30541.95,30678.25,0
2018-01-31 10:15:00,30679.5,30702.8,30532.6,30561.75,0
2018-01-31 11:15:00,30561.65,30585.85,30503.5,30513.25,0
2018-01-31 12:15:00,30511.45,30520.95,30398.25,30461.55,0
2018-01-31 13:15:00,30461.65,30462.5,30277.9,30345.05,0
2018-01-31 14:15:00,30344.15,30493.95,30336.85,30473.45,0
2018-01-31 15:15:00,30474.2,30533.8,30455.7,30473.7,0
2018-02-01 09:15:00,30605.4,30638.15,30510.7,30565.45,0
2018-02-01 10:15:00,30565.4,30602.5,30415.2,30587.1,0
2018-02-01 11:15:00,30588.65,30599.95,30388.4,30389.45,0
2018-02-01 12:15:00,30390.0,30526.65,29953.75,30502.65,0
2018-02-01 13:15:00,30503.9,30699.6,30427.15,30618.55,0
2018-02-01 14:15:00,30618.6,30641.3,30470.25,30539.3,0
2018-02-01 15:15:00,30538.65,30554.3,30500.45,30525.95,0
2018-02-02 09:15:00,30253.5,30299.85,29999.65,29999.65,0
2018-02-02 10:15:00,29999.1,30003.1,29455.2,29885.75,0
2018-02-02 11:15:00,29884.6,30165.7,29811.55,29972.0,0
2018-02-02 12:15:00,29972.7,30198.0,29943.9,30173.3,0
2018-02-02 13:15:00,30172.95,30174.4,29843.5,29896.75,0
2018-02-02 14:15:00,29897.65,29936.35,29655.95,29695.55,0
2018-02-02 15:15:00,29695.1,29705.65,29597.95,29643.25,0
2018-02-05 09:15:00,29250.2,29420.85,28955.5,29321.3,0
2018-02-05 10:15:00,29322.1,29371.0,29209.3,29361.6,0
2018-02-05 11:15:00,29362.35,29547.85,29362.25,29518.8,0
2018-02-05 12:15:00,29519.25,29648.45,29506.85,29542.65,0
2018-02-05 13:15:00,29542.45,29542.45,29353.45,29448.15,0
2018-02-05 14:15:00,29446.2,29575.0,29439.3,29538.0,0
2018-02-05 15:15:00,29537.55,29621.3,29536.6,29609.15,0
2018-02-06 09:15:00,28366.8,28760.1,28171.0,28390.8,0
2018-02-06 10:15:00,28390.6,28647.35,28333.6,28644.8,0
2018-02-06 11:15:00,28645.9,28694.45,28582.1,28665.45,0
2018-02-06 12:15:00,28665.2,28870.55,28635.75,28779.45,0
2018-02-06 13:15:00,28777.6,29164.35,28748.15,29093.4,0
2018-02-06 14:15:00,29092.6,29287.9,29058.25,29079.25,0
2018-02-06 15:15:00,29081.3,29181.0,29080.55,29150.35,0
2018-02-07 09:15:00,29527.15,29602.85,29411.4,29470.65,0
2018-02-07 10:15:00,29471.5,29525.25,29332.0,29369.0,0
2018-02-07 11:15:00,29368.3,29402.25,29252.4,29369.65,0
2018-02-07 12:15:00,29368.5,29465.0,29340.0,29443.3,0
2018-02-07 13:15:00,29440.1,29480.65,29381.25,29417.55,0
2018-02-07 14:15:00,29418.8,29475.55,29341.6,29344.0,0
2018-02-07 15:15:00,29343.35,29343.35,29279.4,29279.4,0
2018-02-08 09:15:00,29453.25,29678.85,29430.35,29612.45,0
2018-02-08 10:15:00,29611.15,29756.3,29606.75,29751.25,0
2018-02-08 11:15:00,29751.3,29852.0,29729.95,29837.55,0
2018-02-08 12:15:00,29837.2,29858.75,29801.25,29831.5,0
2018-02-08 13:15:00,29830.3,29919.0,29822.95,29852.1,0
2018-02-08 14:15:00,29851.65,29852.35,29689.65,29821.3,0
2018-02-08 15:15:00,29821.3,29850.95,29799.85,29846.25,0
2018-02-09 09:15:00,29285.45,29620.55,29282.05,29613.6,0
2018-02-09 10:15:00,29613.5,29645.95,29498.05,29538.4,0
2018-02-09 11:15:00,29538.9,29607.8,29492.75,29577.6,0
2018-02-09 12:15:00,29577.8,29686.5,29543.65,29678.05,0
2018-02-09 13:15:00,29680.2,29773.1,29664.0,29740.65,0
2018-02-09 14:15:00,29740.05,29796.05,29627.95,29741.65,0
2018-02-09 15:15:00,29740.65,29761.3,29725.1,29749.3,0
2018-02-12 09:15:00,29986.1,30104.8,29931.3,30052.95,0
2018-02-12 10:15:00,30053.05,30172.15,30040.5,30168.15,0
2018-02-12 11:15:00,30168.65,30210.8,30156.8,30200.2,0
2018-02-12 12:15:00,30199.75,30222.1,30172.15,30185.8,0
2018-02-12 13:15:00,30185.9,30195.2,30119.8,30183.35,0
2018-02-12 14:15:00,30183.25,30201.7,30151.4,30164.0,0
2018-02-12 15:15:00,30163.25,30176.65,30130.2,30130.2,0
2018-02-14 09:15:00,30337.45,30353.1,30155.25,30324.05,0
2018-02-14 10:15:00,30323.8,30350.6,30256.35,30269.9,0
2018-02-14 11:15:00,30270.7,30286.15,30232.15,30267.8,0
2018-02-14 12:15:00,30267.45,30307.2,30220.9,30304.55,0
2018-02-14 13:15:00,30305.1,30315.75,30277.5,30297.25,0
2018-02-14 14:15:00,30297.15,30323.15,30102.35,30106.1,0
2018-02-14 15:15:00,30105.2,30124.2,30007.75,30018.45,0
2018-02-15 09:15:00,30184.45,30234.7,30095.75,30162.5,0
2018-02-15 10:15:00,30163.1,30208.95,30077.5,30097.65,0
2018-02-15 11:15:00,30097.05,30121.05,30059.95,30096.5,0
2018-02-15 12:15:00,30096.9,30177.1,30014.45,30025.0,0
2018-02-15 13:15:00,30026.35,30050.65,29876.75,29982.65,0
2018-02-15 14:15:00,29982.85,29986.3,29779.25,29836.2,0
2018-02-15 15:15:00,29838.2,29869.45,29822.2,29857.55,0
2018-02-16 09:15:00,29967.6,30024.95,29693.5,29739.7,0
2018-02-16 10:15:00,29740.55,29758.45,29638.65,29679.3,0
2018-02-16 11:15:00,29679.7,29681.1,29503.15,29586.3,0
2018-02-16 12:15:00,29586.3,29643.85,29529.05,29566.55,0
2018-02-16 13:15:00,29566.95,29613.2,29433.45,29523.0,0
2018-02-16 14:15:00,29522.85,29536.05,29382.95,29535.4,0
2018-02-16 15:15:00,29534.7,29544.3,29489.1,29516.4,0
2018-02-19 09:15:00,29560.85,29560.85,29151.0,29233.4,0
2018-02-19 10:15:00,29233.9,29348.95,29214.3,29235.4,0
2018-02-19 11:15:00,29234.9,29298.65,29153.7,29161.25,0
2018-02-19 12:15:00,29161.45,29164.85,28999.2,29067.65,0
2018-02-19 13:15:00,29066.75,29125.35,28998.15,29030.9,0
2018-02-19 14:15:00,29031.9,29201.35,28972.35,29189.45,0
2018-02-19 15:15:00,29189.8,29214.05,29145.3,29161.0,0
2018-02-20 09:15:00,29211.9,29400.05,29081.6,29359.9,0
2018-02-20 10:15:00,29360.2,29362.8,29185.75,29186.65,0
2018-02-20 11:15:00,29186.3,29246.95,29166.2,29233.4,0
2018-02-20 12:15:00,29232.5,29352.7,29218.75,29300.1,0
2018-02-20 13:15:00,29298.75,29405.75,29286.75,29404.55,0
2018-02-20 14:15:00,29403.3,29435.15,29270.85,29290.1,0
2018-02-20 15:15:00,29287.3,29348.95,29274.3,29323.45,0
2018-02-21 09:15:00,29465.2,29465.75,29178.3,29221.55,0
2018-02-21 10:15:00,29222.3,29224.3,29176.0,29203.0,0
2018-02-21 11:15:00,29202.95,29227.55,29164.85,29168.15,0
2018-02-21 12:15:00,29168.55,29196.45,29099.25,29122.45,0
2018-02-21 13:15:00,29122.8,29198.3,29097.15,29152.15,0
2018-02-21 14:15:00,29152.3,29211.55,29104.3,29181.2,0
2018-02-21 15:15:00,29182.1,29214.15,29174.35,29184.8,0
2018-02-22 09:15:00,29150.35,29150.35,29010.0,29082.55,0
2018-02-22 10:15:00,29081.0,29115.95,29068.5,29076.85,0
2018-02-22 11:15:00,29075.2,29093.0,29032.05,29048.25,0
2018-02-22 12:15:00,29048.35,29061.5,28998.55,29029.75,0
2018-02-22 13:15:00,29029.55,29081.75,29022.2,29030.95,0
2018-02-22 14:15:00,29032.2,29032.2,28893.9,28902.6,0
2018-02-22 15:15:00,28905.1,28914.5,28871.65,28902.4,0
2018-02-23 09:15:00,29035.55,29154.0,29012.25,29143.95,0
2018-02-23 10:15:00,29144.9,29218.3,29143.6,29170.75,0
2018-02-23 11:15:00,29171.7,29249.9,29165.7,29203.3,0
2018-02-23 12:15:00,29202.65,29221.8,29180.05,29204.65,0
2018-02-23 13:15:00,29205.05,29271.1,29191.4,29263.35,0
2018-02-23 14:15:00,29261.05,29363.25,29230.65,29355.7,0
2018-02-23 15:15:00,29356.1,29411.4,29352.45,29392.5,0
2018-02-26 09:15:00,29554.9,29615.05,29501.45,29585.4,0
2018-02-26 10:15:00,29586.2,29630.65,29577.1,29597.35,0
2018-02-26 11:15:00,29596.0,29682.5,29583.2,29676.25,0
2018-02-26 12:15:00,29676.75,29688.2,29650.05,29669.65,0
2018-02-26 13:15:00,29668.0,29673.0,29639.3,29645.6,0
2018-02-26 14:15:00,29646.35,29672.15,29613.45,29652.65,0
2018-02-26 15:15:00,29653.95,29678.75,29619.3,29673.9,0
2018-02-27 09:15:00,29717.9,29775.8,29567.8,29587.15,0
2018-02-27 10:15:00,29587.2,29723.05,29551.2,29707.45,0
2018-02-27 11:15:00,29706.35,29707.3,29590.8,29590.8,0
2018-02-27 12:15:00,29591.15,29607.45,29546.8,29568.15,0
2018-02-27 13:15:00,29568.05,29614.95,29487.4,29514.1,0
2018-02-27 14:15:00,29514.2,29563.35,29454.0,29539.7,0
2018-02-27 15:15:00,29543.75,29552.05,29505.8,29534.5,0
2018-02-28 09:15:00,29349.8,29437.1,29229.8,29405.75,0
2018-02-28 10:15:00,29405.9,29474.1,29396.4,29462.2,0
2018-02-28 11:15:00,29462.5,29473.85,29417.25,29418.45,0
2018-02-28 12:15:00,29419.95,29441.85,29316.25,29358.5,0
2018-02-28 13:15:00,29359.3,29406.7,29305.65,29406.15,0
2018-02-28 14:15:00,29405.1,29488.65,29392.5,29399.75,0
2018-02-28 15:15:00,29398.4,29409.15,29366.85,29397.65,0
2018-03-01 09:15:00,29416.4,29575.75,29340.2,29371.8,0
2018-03-01 10:15:00,29371.6,29415.25,29367.05,29368.45,0
2018-03-01 11:15:00,29367.65,29426.8,29337.8,29394.55,0
2018-03-01 12:15:00,29393.3,29448.15,29385.75,29396.75,0
2018-03-01 13:15:00,29395.8,29443.0,29314.6,29318.85,0
2018-03-01 14:15:00,29318.3,29344.35,29187.8,29207.9,0
2018-03-01 15:15:00,29210.2,29219.7,29170.5,29179.1,0
2018-03-05 09:15:00,29107.1,29107.1,28866.85,28922.15,0
2018-03-05 10:15:00,28922.35,28926.75,28817.1,28823.2,0
2018-03-05 11:15:00,28822.65,28841.75,28769.25,28805.35,0
2018-03-05 12:15:00,28806.0,28811.9,28750.65,28750.95,0
2018-03-05 13:15:00,28750.7,28896.85,28743.9,28885.75,0
2018-03-05 14:15:00,28884.9,28896.25,28824.55,28887.45,0
2018-03-05 15:15:00,28886.75,28918.75,28881.5,28891.0,0
2018-03-06 09:15:00,29092.4,29165.25,28998.2,29028.0,0
2018-03-06 10:15:00,29028.45,29031.7,28939.4,28970.3,0
2018-03-06 11:15:00,28970.15,29016.65,28944.3,29003.8,0
2018-03-06 12:15:00,29003.2,29031.9,28962.45,29006.8,0
2018-03-06 13:15:00,29006.6,29029.2,28899.35,28899.7,0
2018-03-06 14:15:00,28899.4,28926.2,28645.45,28645.45,0
2018-03-06 15:15:00,28644.7,28644.7,28524.2,28540.05,0
2018-03-07 09:15:00,28579.15,28659.4,28411.2,28557.3,0
2018-03-07 10:15:00,28556.1,28624.2,28411.9,28411.9,0
2018-03-07 11:15:00,28413.35,28433.05,28288.85,28371.05,0
2018-03-07 12:15:00,28370.0,28411.65,28306.3,28352.0,0
2018-03-07 13:15:00,28350.9,28446.7,28282.8,28340.05,0
2018-03-07 14:15:00,28340.3,28441.25,28250.25,28279.55,0
2018-03-07 15:15:00,28280.95,28331.5,28268.75,28294.5,0
2018-03-08 09:15:00,28477.5,28534.65,28160.6,28182.45,0
2018-03-08 10:15:00,28181.6,28181.6,27968.15,28169.05,0
2018-03-08 11:15:00,28167.55,28290.2,28122.0,28246.35,0
2018-03-08 12:15:00,28247.75,28293.5,28139.3,28147.65,0
2018-03-08 13:15:00,28147.2,28242.4,28127.8,28192.6,0
2018-03-08 14:15:00,28190.65,28343.15,28190.65,28238.8,0
2018-03-08 15:15:00,28238.45,28295.95,28234.85,28265.75,0
2018-03-09 09:15:00,28412.6,28506.6,28261.5,28458.25,0
2018-03-09 10:15:00,28459.6,28494.25,28352.3,28378.55,0
2018-03-09 11:15:00,28378.35,28422.15,28314.15,28386.4,0
2018-03-09 12:15:00,28386.3,28464.7,28347.85,28447.3,0
2018-03-09 13:15:00,28446.8,28477.1,28365.75,28376.4,0
2018-03-09 14:15:00,28375.85,28418.1,28234.95,28290.95,0
2018-03-09 15:15:00,28290.4,28324.05,28289.05,28320.35,0
2018-03-12 09:15:00,28514.35,28555.95,28370.95,28457.9,0
2018-03-12 10:15:00,28457.3,28473.0,28353.25,28357.25,0
2018-03-12 11:15:00,28357.25,28357.75,28279.55,28317.15,0
2018-03-12 12:15:00,28317.35,28375.6,28278.7,28357.15,0
2018-03-12 13:15:00,28357.6,28381.45,28321.15,28359.7,0
2018-03-12 14:15:00,28360.15,28513.3,28318.05,28498.95,0
2018-03-12 15:15:00,28500.6,28530.95,28498.95,28511.3,0
2018-03-13 09:15:00,28492.8,28720.95,28447.0,28704.2,0
2018-03-13 10:15:00,28703.1,28773.95,28686.2,28730.25,0
2018-03-13 11:15:00,28728.75,28838.4,28716.9,28837.5,0
2018-03-13 12:15:00,28837.2,28904.25,28811.4,28866.95,0
2018-03-13 13:15:00,28866.3,28893.0,28633.05,28678.8,0
2018-03-13 14:15:00,28673.45,28887.25,28671.35,28829.65,0
2018-03-13 15:15:00,28829.9,28872.45,28829.9,28844.1,0
2018-03-14 09:15:00,28720.1,28827.9,28677.7,28802.75,0
2018-03-14 10:15:00,28802.05,28842.6,28775.55,28814.5,0
2018-03-14 11:15:00,28814.0,28817.8,28725.8,28769.1,0
2018-03-14 12:15:00,28768.55,28830.9,28730.6,28795.0,0
2018-03-14 13:15:00,28794.65,28847.35,28753.1,28778.75,0
2018-03-14 14:15:00,28778.85,28890.45,28750.05,28879.4,0
2018-03-14 15:15:00,28877.65,28927.7,28870.05,28895.65,0
2018-03-15 09:15:00,28887.65,29034.95,28881.05,29026.55,0
2018-03-15 10:15:00,29026.2,29032.8,28928.35,28929.55,0
2018-03-15 11:15:00,28929.8,28973.3,28922.2,28951.9,0
2018-03-15 12:15:00,28952.25,28975.95,28936.15,28965.7,0
2018-03-15 13:15:00,28966.2,28974.0,28856.5,28881.25,0
2018-03-15 14:15:00,28882.4,28980.3,28866.65,28922.95,0
2018-03-15 15:15:00,28922.85,28931.75,28850.85,28868.95,0
2018-03-16 09:15:00,28868.0,28944.85,28841.15,28872.15,0
2018-03-16 10:15:00,28872.4,28876.5,28803.45,28870.1,0
2018-03-16 11:15:00,28870.55,28879.4,28748.45,28761.55,0
2018-03-16 12:15:00,28759.8,28822.1,28728.2,28801.7,0
2018-03-16 13:15:00,28802.4,28831.1,28715.6,28717.45,0
2018-03-16 14:15:00,28715.25,28763.5,28605.95,28636.2,0
2018-03-16 15:15:00,28637.45,28697.4,28634.85,28676.6,0
2018-03-19 09:15:00,28729.05,28740.15,28338.95,28402.3,0
2018-03-19 10:15:00,28401.25,28411.3,28259.65,28285.95,0
2018-03-19 11:15:00,28285.2,28298.75,28182.8,28254.35,0
2018-03-19 12:15:00,28254.45,28258.15,28126.35,28176.7,0
2018-03-19 13:15:00,28176.3,28269.25,28156.6,28176.5,0
2018-03-19 14:15:00,28175.85,28307.65,28162.55,28212.95,0
2018-03-19 15:15:00,28212.8,28239.55,28196.15,28202.65,0
2018-03-20 09:15:00,28082.65,28359.15,28056.35,28335.15,0
2018-03-20 10:15:00,28334.65,28353.25,28271.15,28286.45,0
2018-03-20 11:15:00,28286.9,28391.9,28286.9,28388.2,0
2018-03-20 12:15:00,28388.85,28404.95,28332.9,28359.3,0
2018-03-20 13:15:00,28360.15,28360.3,28267.0,28313.2,0
2018-03-20 14:15:00,28312.6,28364.35,28235.45,28354.2,0
2018-03-20 15:15:00,28354.0,28403.0,28337.65,28374.2,0
2018-03-21 09:15:00,28492.8,28652.05,28492.8,28614.3,0
2018-03-21 10:15:00,28614.3,28672.45,28605.2,28662.15,0
2018-03-21 11:15:00,28662.1,28671.35,28555.55,28594.45,0
2018-03-21 12:15:00,28594.25,28603.7,28506.95,28536.65,0
2018-03-21 13:15:00,28537.25,28563.7,28456.45,28462.5,0
2018-03-21 14:15:00,28462.45,28529.65,28419.05,28519.0,0
2018-03-21 15:15:00,28518.4,28521.75,28429.05,28438.8,0
2018-03-22 09:15:00,28483.75,28598.0,28427.65,28487.75,0
2018-03-22 10:15:00,28488.1,28522.55,28448.5,28480.65,0
2018-03-22 11:15:00,28479.85,28482.5,28399.7,28414.2,0
2018-03-22 12:15:00,28414.35,28476.9,28400.05,28400.05,0
2018-03-22 13:15:00,28399.6,28452.8,28387.6,28439.5,0
2018-03-22 14:15:00,28439.95,28456.75,28336.65,28369.1,0
2018-03-22 15:15:00,28369.0,28395.05,28349.3,28356.8,0
2018-03-23 09:15:00,27949.05,28106.95,27892.95,28061.85,0
2018-03-23 10:15:00,28060.85,28102.85,27988.5,28034.05,0
2018-03-23 11:15:00,28033.75,28049.0,27903.05,27942.95,0
2018-03-23 12:15:00,27942.25,28053.8,27916.85,28050.8,0
2018-03-23 13:15:00,28050.2,28140.0,28040.75,28086.45,0
2018-03-23 14:15:00,28086.65,28193.0,28052.4,28183.05,0
2018-03-23 15:15:00,28182.3,28223.55,28181.75,28182.1,0
2018-03-26 09:15:00,28232.55,28436.3,28229.0,28280.1,0
2018-03-26 10:15:00,28280.9,28293.0,28194.55,28248.55,0
2018-03-26 11:15:00,28249.4,28331.8,28241.8,28309.45,0
2018-03-26 12:15:00,28308.95,28366.8,28304.45,28366.25,0
2018-03-26 13:15:00,28367.15,28475.65,28332.15,28447.7,0
2018-03-26 14:15:00,28447.5,28626.55,28447.5,28608.45,0
2018-03-26 15:15:00,28609.15,28661.45,28600.65,28640.2,0
2018-03-27 09:15:00,28801.8,28879.9,28726.35,28751.0,0
2018-03-27 10:15:00,28751.35,28789.05,28705.4,28726.0,0
2018-03-27 11:15:00,28726.05,28796.9,28684.45,28781.4,0
2018-03-27 12:15:00,28781.6,28875.95,28777.7,28871.5,0
2018-03-27 13:15:00,28871.2,28895.1,28815.15,28847.65,0
2018-03-27 14:15:00,28848.25,28866.9,28766.8,28832.05,0
2018-03-27 15:15:00,28829.95,28844.0,28816.35,28834.95,0
2018-03-28 09:15:00,28734.5,28807.7,28684.85,28715.85,0
2018-03-28 10:15:00,28714.45,28781.45,28711.2,28777.8,0
2018-03-28 11:15:00,28777.95,28848.45,28775.8,28818.5,0
2018-03-28 12:15:00,28818.35,28840.2,28705.0,28705.4,0
2018-03-28 13:15:00,28705.15,28748.35,28674.15,28705.9,0
2018-03-28 14:15:00,28705.25,28709.15,28526.35,28554.2,0
2018-03-28 15:15:00,28553.4,28564.15,28430.9,28462.25,0
2018-04-02 09:15:00,28718.9,28785.9,28635.9,28726.95,0
2018-04-02 10:15:00,28725.4,28792.65,28725.4,28788.85,0
2018-04-02 11:15:00,28787.65,28875.65,28787.65,28855.2,0
2018-04-02 12:15:00,28854.4,28938.25,28833.75,28935.45,0
2018-04-02 13:15:00,28936.1,29052.25,28934.45,29041.2,0
2018-04-02 14:15:00,29042.3,29123.85,28991.95,29123.85,0
2018-04-02 15:15:00,29123.5,29147.8,29106.45,29122.95,0
2018-04-03 09:15:00,29120.4,29315.75,29091.35,29282.75,0
2018-04-03 10:15:00,29282.95,29290.35,29142.65,29212.2,0
2018-04-03 11:15:00,29212.35,29275.9,29211.55,29243.3,0
2018-04-03 12:15:00,29244.2,29321.95,29232.35,29310.4,0
2018-04-03 13:15:00,29309.7,29340.5,29270.1,29338.75,0
2018-04-03 14:15:00,29338.4,29459.35,29323.7,29447.75,0
2018-04-03 15:15:00,29447.5,29482.6,29445.85,29452.2,0
2018-04-04 09:15:00,29535.4,29607.75,29475.45,29557.0,0
2018-04-04 10:15:00,29557.0,29610.7,29545.05,29586.55,0
2018-04-04 11:15:00,29586.6,29603.3,29460.85,29503.15,0
2018-04-04 12:15:00,29503.75,29518.45,29379.0,29407.95,0
2018-04-04 13:15:00,29408.7,29414.95,29138.2,29227.8,0
2018-04-04 14:15:00,29228.1,29251.3,29088.1,29136.5,0
2018-04-04 15:15:00,29136.05,29144.0,29082.0,29093.4,0
2018-04-05 09:15:00,29422.3,29535.85,29409.1,29535.15,0
2018-04-05 10:15:00,29538.35,29561.5,29456.5,29470.35,0
2018-04-05 11:15:00,29470.4,29523.75,29441.85,29520.35,0
2018-04-05 12:15:00,29519.7,29547.55,29491.95,29544.25,0
2018-04-05 13:15:00,29544.25,29553.25,29508.65,29527.4,0
2018-04-05 14:15:00,29527.65,29642.2,29520.4,29634.85,0
2018-04-05 15:15:00,29635.25,29676.7,29631.55,29651.6,0
2018-04-06 09:15:00,29686.25,29731.65,29552.85,29727.45,0
2018-04-06 10:15:00,29727.9,29774.85,29645.15,29665.2,0
2018-04-06 11:15:00,29665.0,29753.6,29665.0,29744.15,0
2018-04-06 12:15:00,29743.85,29816.15,29739.3,29788.4,0
2018-04-06 13:15:00,29787.8,29842.75,29752.6,29835.85,0
2018-04-06 14:15:00,29835.75,30018.25,29834.05,29996.3,0
2018-04-06 15:15:00,29995.55,30017.35,29937.85,29937.85,0
2018-04-09 09:15:00,29996.65,30105.95,29996.65,30050.8,0
2018-04-09 10:15:00,30051.3,30076.65,29996.45,30039.0,0
2018-04-09 11:15:00,30037.05,30046.45,29976.2,30027.15,0
2018-04-09 12:15:00,30026.5,30041.3,29950.65,30020.1,0
2018-04-09 13:15:00,30018.6,30039.25,29971.95,30037.4,0
2018-04-09 14:15:00,30036.9,30049.65,29969.5,30014.05,0
2018-04-09 15:15:00,30014.4,30019.7,29978.85,29990.05,0
2018-04-10 09:15:00,30128.15,30141.2,30052.2,30062.85,0
2018-04-10 10:15:00,30062.6,30069.2,29893.9,29911.8,0
2018-04-10 11:15:00,29911.25,29935.85,29869.75,29916.05,0
2018-04-10 12:15:00,29916.0,29954.55,29904.85,29954.55,0
2018-04-10 13:15:00,29953.45,29984.45,29909.8,29964.45,0
2018-04-10 14:15:00,29965.05,30006.55,29946.05,29973.05,0
2018-04-10 15:15:00,29972.55,29985.5,29952.8,29962.3,0
2018-04-11 09:15:00,30031.55,30056.6,29878.85,29916.75,0
2018-04-11 10:15:00,29916.85,29943.35,29870.55,29928.9,0
2018-04-11 11:15:00,29930.05,29955.15,29927.45,29944.15,0
2018-04-11 12:15:00,29942.75,29980.6,29939.1,29960.45,0
2018-04-11 13:15:00,29960.4,30030.0,29959.5,30026.0,0
2018-04-11 14:15:00,30026.75,30030.95,29959.9,30024.95,0
2018-04-11 15:15:00,30025.9,30030.4,29973.1,29981.4,0
2018-04-12 09:15:00,29987.55,30093.7,29914.2,30038.6,0
2018-04-12 10:15:00,30038.3,30045.15,29964.25,30009.75,0
2018-04-12 11:15:00,30011.3,30021.25,29989.3,30011.4,0
2018-04-12 12:15:00,30011.55,30015.9,29982.1,30012.6,0
2018-04-12 13:15:00,30013.0,30034.5,29958.2,29969.8,0
2018-04-12 14:15:00,29969.6,29977.3,29894.65,29963.65,0
2018-04-12 15:15:00,29964.55,29980.1,29940.05,29952.35,0
2018-04-13 09:15:00,30030.15,30079.05,29995.45,30050.5,0
2018-04-13 10:15:00,30050.05,30084.15,30039.05,30081.85,0
2018-04-13 11:15:00,30082.65,30146.75,30079.1,30136.7,0
2018-04-13 12:15:00,30135.85,30138.2,29954.4,30000.95,0
2018-04-13 13:15:00,30001.1,30007.55,29907.8,29918.95,0
2018-04-13 14:15:00,29918.8,29967.4,29868.7,29954.1,0
2018-04-13 15:15:00,29953.35,29964.6,29941.1,29949.0,0
2018-04-16 09:15:00,29843.2,30055.5,29802.65,30026.8,0
2018-04-16 10:15:00,30026.7,30034.1,29945.05,29960.3,0
2018-04-16 11:15:00,29959.75,29990.7,29936.85,29986.45,0
2018-04-16 12:15:00,29986.8,30055.0,29976.8,30026.95,0
2018-04-16 13:15:00,30026.6,30077.75,30022.45,30063.45,0
2018-04-16 14:15:00,30063.05,30109.65,30038.55,30106.15,0
2018-04-16 15:15:00,30106.45,30117.15,30093.7,30113.7,0
2018-04-17 09:15:00,30221.95,30222.8,30135.1,30211.5,0
2018-04-17 10:15:00,30210.35,30215.85,30149.9,30154.75,0
2018-04-17 11:15:00,30155.65,30161.9,30068.1,30081.3,0
2018-04-17 12:15:00,30080.85,30103.4,30036.4,30088.05,0
2018-04-17 13:15:00,30087.65,30110.9,30069.2,30079.4,0
2018-04-17 14:15:00,30079.05,30186.85,30077.15,30162.6,0
2018-04-17 15:15:00,30163.45,30168.7,30145.35,30156.9,0
2018-04-18 09:15:00,30257.7,30276.5,30150.5,30216.65,0
2018-04-18 10:15:00,30215.9,30236.85,30178.25,30206.85,0
2018-04-18 11:15:00,30208.2,30231.2,30180.85,30221.7,0
2018-04-18 12:15:00,30221.0,30250.6,30200.95,30245.8,0
2018-04-18 13:15:00,30246.65,30268.9,30152.95,30161.9,0
2018-04-18 14:15:00,30162.2,30216.4,30079.3,30152.5,0
2018-04-18 15:15:00,30154.0,30177.95,30136.35,30153.5,0
2018-04-19 09:15:00,30269.9,30287.65,30206.75,30252.5,0
2018-04-19 10:15:00,30251.15,30318.1,30250.2,30268.95,0
2018-04-19 11:15:00,30269.35,30311.3,30268.65,30311.3,0
2018-04-19 12:15:00,30313.15,30343.45,30286.9,30323.8,0
2018-04-19 13:15:00,30324.05,30362.85,30309.7,30343.25,0
2018-04-19 14:15:00,30343.25,30378.05,30327.05,30359.15,0
2018-04-19 15:15:00,30360.05,30376.7,30345.55,30353.85,0
2018-04-20 09:15:00,30297.45,30321.9,30169.9,30182.8,0
2018-04-20 10:15:00,30182.35,30249.05,30180.85,30214.3,0
2018-04-20 11:15:00,30214.45,30214.6,30121.8,30176.75,0
2018-04-20 12:15:00,30176.4,30212.4,30121.75,30134.55,0
2018-04-20 13:15:00,30135.25,30177.45,30122.0,30172.3,0
2018-04-20 14:15:00,30171.05,30244.95,30138.25,30243.3,0
2018-04-20 15:15:00,30243.5,30269.3,30218.05,30222.65,0
2018-04-23 09:15:00,30263.95,30353.25,30241.85,30334.65,0
2018-04-23 10:15:00,30334.05,30385.5,30299.9,30315.55,0
2018-04-23 11:15:00,30315.3,30447.05,30311.7,30444.45,0
2018-04-23 12:15:00,30443.85,30450.8,30379.05,30420.65,0
2018-04-23 13:15:00,30421.05,30449.6,30396.1,30405.55,0
2018-04-23 14:15:00,30405.65,30460.1,30337.1,30382.4,0
2018-04-23 15:15:00,30382.0,30415.3,30377.25,30413.15,0
2018-04-24 09:15:00,30412.4,30553.7,30412.1,30494.1,0
2018-04-24 10:15:00,30494.9,30509.85,30463.95,30467.15,0
2018-04-24 11:15:00,30466.95,30467.05,30434.35,30435.5,0
2018-04-24 12:15:00,30436.05,30442.75,30333.7,30388.45,0
2018-04-24 13:15:00,30389.0,30423.5,30350.9,30352.2,0
2018-04-24 14:15:00,30350.5,30442.35,30341.05,30441.8,0
2018-04-24 15:15:00,30438.5,30480.45,30438.5,30470.1,0
2018-04-25 09:15:00,30458.65,30508.8,30366.6,30433.65,0
2018-04-25 10:15:00,30432.8,30451.15,30406.8,30432.1,0
2018-04-25 11:15:00,30431.7,30482.85,30421.85,30453.85,0
2018-04-25 12:15:00,30454.2,30491.1,30438.6,30491.1,0
2018-04-25 13:15:00,30490.1,30513.75,30310.3,30337.45,0
2018-04-25 14:15:00,30336.5,30418.4,30279.15,30405.1,0
2018-04-25 15:15:00,30404.5,30419.85,30344.7,30364.1,0
2018-04-26 09:15:00,30475.6,30496.7,30407.85,30414.35,0
2018-04-26 10:15:00,30413.9,30428.65,30357.35,30380.8,0
2018-04-26 11:15:00,30380.05,30409.6,30316.15,30363.85,0
2018-04-26 12:15:00,30363.7,30370.4,30304.75,30339.75,0
2018-04-26 13:15:00,30340.5,30376.3,30322.4,30359.0,0
2018-04-26 14:15:00,30358.55,30374.7,30302.25,30329.0,0
2018-04-26 15:15:00,30324.85,30348.25,30304.1,30343.6,0
2018-04-27 09:15:00,30460.95,30584.8,30457.55,30562.5,0
2018-04-27 10:15:00,30562.45,30570.65,30499.15,30561.45,0
2018-04-27 11:15:00,30560.85,30575.95,30504.7,30521.7,0
2018-04-27 12:15:00,30522.4,30578.15,30508.85,30575.55,0
2018-04-27 13:15:00,30574.9,30591.45,30503.0,30503.25,0
2018-04-27 14:15:00,30503.7,30551.4,30438.6,30524.6,0
2018-04-27 15:15:00,30524.0,30530.65,30483.85,30489.9,0
2018-04-30 09:15:00,30610.1,30664.5,30584.3,30639.1,0
2018-04-30 10:15:00,30638.1,30681.35,30633.05,30668.65,0
2018-04-30 11:15:00,30668.55,30685.45,30641.55,30665.85,0
2018-04-30 12:15:00,30665.3,30680.8,30631.75,30669.4,0
2018-04-30 13:15:00,30669.3,30683.7,30631.3,30678.3,0
2018-04-30 14:15:00,30677.6,30705.95,30618.8,30685.0,0
2018-04-30 15:15:00,30685.2,30698.65,30668.35,30692.6,0
2018-05-02 09:15:00,30794.3,30817.1,30691.35,30710.9,0
2018-05-02 10:15:00,30711.0,30730.9,30674.35,30675.7,0
2018-05-02 11:15:00,30676.2,30679.35,30604.1,30644.0,0
2018-05-02 12:15:00,30641.15,30652.35,30612.15,30636.25,0
2018-05-02 13:15:00,30636.15,30637.1,30420.8,30429.45,0
2018-05-02 14:15:00,30429.9,30440.3,30207.5,30296.65,0
2018-05-02 15:15:00,30299.45,30337.6,30281.3,30306.25,0
2018-05-03 09:15:00,30257.45,30271.55,30015.2,30058.3,0
2018-05-03 10:15:00,30058.15,30058.95,29810.85,29820.4,0
2018-05-03 11:15:00,29820.15,29908.25,29797.9,29881.55,0
2018-05-03 12:15:00,29880.3,29933.4,29866.2,29925.3,0
2018-05-03 13:15:00,29925.0,29976.9,29924.25,29972.65,0
2018-05-03 14:15:00,29972.6,29993.8,29883.45,29883.8,0
2018-05-03 15:15:00,29884.2,29899.45,29860.5,29879.4,0
2018-05-04 09:15:00,29966.6,29966.6,29868.1,29905.95,0
2018-05-04 10:15:00,29906.35,29937.0,29871.95,29902.05,0
2018-05-04 11:15:00,29902.65,29910.0,29799.45,29837.4,0
2018-05-04 12:15:00,29837.5,29848.35,29756.6,29757.55,0
2018-05-04 13:15:00,29757.8,29793.5,29721.1,29729.2,0
2018-05-04 14:15:00,29728.55,29757.4,29682.3,29698.95,0
2018-05-04 15:15:00,29699.6,29726.8,29687.85,29725.35,0
2018-05-07 09:15:00,29821.85,29844.8,29744.75,29793.75,0
2018-05-07 10:15:00,29794.3,29831.95,29776.45,29826.45,0
2018-05-07 11:15:00,29826.6,29863.6,29812.9,29861.9,0
2018-05-07 12:15:00,29862.15,29914.75,29859.25,29895.3,0
2018-05-07 13:15:00,29894.85,29901.8,29858.55,29889.45,0
2018-05-07 14:15:00,29890.7,29952.3,29883.25,29943.5,0
2018-05-07 15:15:00,29942.6,29956.8,29925.65,29951.15,0
2018-05-08 09:15:00,30014.85,30025.35,29895.05,29908.9,0
2018-05-08 10:15:00,29909.7,29973.3,29902.3,29938.0,0
2018-05-08 11:15:00,29939.1,29951.3,29903.9,29940.75,0
2018-05-08 12:15:00,29940.7,29966.3,29830.75,29869.6,0
2018-05-08 13:15:00,29869.5,29904.2,29840.2,29890.9,0
2018-05-08 14:15:00,29890.65,29901.35,29830.4,29831.6,0
2018-05-08 15:15:00,29830.9,29844.25,29818.1,29828.35,0
2018-05-09 09:15:00,29792.05,29807.15,29725.8,29757.15,0
2018-05-09 10:15:00,29758.15,29779.25,29710.5,29763.1,0
2018-05-09 11:15:00,29764.7,29766.0,29711.6,29738.5,0
2018-05-09 12:15:00,29739.0,29776.75,29735.5,29760.8,0
2018-05-09 13:15:00,29760.2,29771.85,29709.5,29725.5,0
2018-05-09 14:15:00,29725.45,29725.45,29661.7,29689.95,0
2018-05-09 15:15:00,29689.15,29692.7,29662.15,29675.45,0
2018-05-10 09:15:00,29714.3,29759.9,29625.1,29645.55,0
2018-05-10 10:15:00,29646.2,29648.55,29494.1,29515.25,0
2018-05-10 11:15:00,29517.05,29527.95,29450.45,29456.3,0
2018-05-10 12:15:00,29455.9,29456.1,29306.05,29306.05,0
2018-05-10 13:15:00,29305.45,29401.2,29304.45,29359.95,0
2018-05-10 14:15:00,29360.4,29411.45,29277.85,29282.1,0
2018-05-10 15:15:00,29284.15,29285.0,29247.1,29263.95,0
2018-05-11 09:15:00,29370.85,29381.5,29152.4,29280.55,0
2018-05-11 10:15:00,29280.05,29356.65,29277.05,29332.15,0
2018-05-11 11:15:00,29332.0,29366.7,29314.45,29359.4,0
2018-05-11 12:15:00,29358.7,29381.25,29335.2,29341.35,0
2018-05-11 13:15:00,29342.65,29397.2,29342.65,29348.45,0
2018-05-11 14:15:00,29347.85,29351.0,29265.2,29281.8,0
2018-05-11 15:15:00,29281.4,29306.5,29264.5,29272.4,0
2018-05-14 09:15:00,29360.6,29361.65,29294.8,29315.65,0
2018-05-14 10:15:00,29316.75,29326.35,29204.1,29209.1,0
2018-05-14 11:15:00,29208.75,29225.75,29132.65,29134.6,0
2018-05-14 12:15:00,29134.8,29212.4,29127.8,29186.25,0
2018-05-14 13:15:00,29185.8,29186.55,29127.7,29133.85,0
2018-05-14 14:15:00,29132.55,29187.6,29104.6,29165.9,0
2018-05-14 15:15:00,29163.3,29169.2,29108.75,29110.7,0
2018-05-15 09:15:00,29141.3,29477.45,29084.05,29456.35,0
2018-05-15 10:15:00,29456.05,29465.05,29284.5,29363.45,0
2018-05-15 11:15:00,29362.45,29378.8,29268.6,29295.25,0
2018-05-15 12:15:00,29295.9,29298.3,29159.9,29160.3,0
2018-05-15 13:15:00,29159.8,29189.55,29006.15,29007.5,0
2018-05-15 14:15:00,29008.6,29082.6,28898.15,29076.15,0
2018-05-15 15:15:00,29076.25,29076.25,29023.85,29035.25,0
2018-05-16 09:15:00,28932.05,28979.45,28747.15,28769.5,0
2018-05-16 10:15:00,28769.4,28911.0,28769.4,28909.85,0
2018-05-16 11:15:00,28909.85,29032.65,28900.05,29003.6,0
2018-05-16 12:15:00,29003.1,29120.2,28991.25,29108.05,0
2018-05-16 13:15:00,29107.55,29126.85,28987.35,28987.35,0
2018-05-16 14:15:00,28987.1,29047.5,28943.0,29023.55,0
2018-05-16 15:15:00,29024.6,29054.8,29017.0,29032.8,0
2018-05-17 09:15:00,29115.6,29143.05,28981.1,29003.95,0
2018-05-17 10:15:00,29005.7,29081.0,29002.4,29068.9,0
2018-05-17 11:15:00,29069.25,29104.65,29054.0,29075.25,0
2018-05-17 12:15:00,29078.45,29138.9,29065.7,29129.8,0
2018-05-17 13:15:00,29131.05,29139.45,29083.45,29088.55,0
2018-05-17 14:15:00,29088.35,29172.3,28968.25,28978.9,0
2018-05-17 15:15:00,28979.55,28998.85,28967.5,28977.3,0
2018-05-18 09:15:00,29045.8,29047.9,28937.8,28952.85,0
2018-05-18 10:15:00,28951.55,29034.85,28937.05,28971.45,0
2018-05-18 11:15:00,28970.5,28975.75,28825.85,28831.2,0
2018-05-18 12:15:00,28832.4,28908.6,28768.5,28785.2,0
2018-05-18 13:15:00,28785.95,28797.25,28657.05,28687.5,0
2018-05-18 14:15:00,28689.85,28742.3,28549.6,28627.25,0
2018-05-18 15:15:00,28626.85,28629.4,28588.65,28600.0,0
2018-05-21 09:15:00,28633.95,28660.25,28400.55,28408.6,0
2018-05-21 10:15:00,28409.15,28492.35,28368.5,28418.35,0
2018-05-21 11:15:00,28418.95,28419.95,28362.45,28373.55,0
2018-05-21 12:15:00,28373.55,28375.95,28289.35,28290.25,0
2018-05-21 13:15:00,28289.95,28352.45,28199.2,28208.85,0
2018-05-21 14:15:00,28208.0,28239.95,28114.45,28182.65,0
2018-05-21 15:15:00,28182.7,28213.25,28162.45,28179.95,0
2018-05-22 09:15:00,28184.3,28386.55,28097.9,28320.85,0
2018-05-22 10:15:00,28322.25,28411.15,28294.65,28297.2,0
2018-05-22 11:15:00,28298.65,28415.7,28298.65,28408.35,0
2018-05-22 12:15:00,28408.9,28518.05,28393.9,28484.6,0
2018-05-22 13:15:00,28484.6,28573.8,28452.3,28509.95,0
2018-05-22 14:15:00,28510.15,28566.75,28425.8,28554.3,0
2018-05-22 15:15:00,28554.05,28590.55,28547.6,28582.8,0
2018-05-23 09:15:00,28565.6,28684.2,28531.7,28608.1,0
2018-05-23 10:15:00,28609.0,28649.25,28576.2,28603.55,0
2018-05-23 11:15:00,28604.15,28669.5,28570.9,28658.0,0
2018-05-23 12:15:00,28657.1,28701.95,28610.85,28641.7,0
2018-05-23 13:15:00,28641.15,28668.8,28475.05,28549.5,0
2018-05-23 14:15:00,28549.85,28553.3,28365.15,28386.75,0
2018-05-23 15:15:00,28385.85,28444.4,28374.25,28410.25,0
2018-05-24 09:15:00,28509.7,28568.5,28303.3,28431.25,0
2018-05-24 10:15:00,28433.35,28460.25,28388.25,28440.3,0
2018-05-24 11:15:00,28440.55,28477.5,28403.65,28464.85,0
2018-05-24 12:15:00,28464.8,28526.25,28464.8,28490.55,0
2018-05-24 13:15:00,28490.4,28530.9,28306.25,28311.2,0
2018-05-24 14:15:00,28310.75,28479.55,28306.2,28477.8,0
2018-05-24 15:15:00,28478.35,28551.35,28476.7,28550.6,0
2018-05-25 09:15:00,28576.85,28710.4,28522.4,28685.15,0
2018-05-25 10:15:00,28686.35,28744.1,28676.5,28732.65,0
2018-05-25 11:15:00,28731.9,28737.65,28672.1,28729.75,0
2018-05-25 12:15:00,28730.45,28825.55,28719.0,28810.85,0
2018-05-25 13:15:00,28810.6,28859.8,28790.25,28841.8,0
2018-05-25 14:15:00,28842.5,28951.15,28814.8,28942.2,0
2018-05-25 15:15:00,28942.0,29009.05,28937.2,28990.6,0
2018-05-28 09:15:00,29135.9,29258.9,29135.9,29258.65,0
2018-05-28 10:15:00,29259.75,29370.8,29259.75,29366.1,0
2018-05-28 11:15:00,29367.6,29411.95,29360.0,29400.8,0
2018-05-28 12:15:00,29400.5,29434.4,29350.2,29371.65,0
2018-05-28 13:15:00,29371.0,29412.45,29354.35,29390.75,0
2018-05-28 14:15:00,29390.45,29465.65,29382.8,29429.55,0
2018-05-28 15:15:00,29431.6,29474.2,29414.6,29470.4,0
2018-05-29 09:15:00,29453.25,29546.2,29329.3,29536.4,0
2018-05-29 10:15:00,29537.15,29582.55,29521.85,29537.3,0
2018-05-29 11:15:00,29537.4,29567.65,29417.0,29418.15,0
2018-05-29 12:15:00,29418.2,29504.5,29397.65,29463.7,0
2018-05-29 13:15:00,29463.75,29484.05,29388.15,29394.5,0
2018-05-29 14:15:00,29394.5,29456.4,29322.0,29456.4,0
2018-05-29 15:15:00,29455.95,29459.25,29408.5,29414.8,0
2018-05-30 09:15:00,29249.6,29467.5,29212.35,29379.95,0
2018-05-30 10:15:00,29379.55,29391.55,29291.1,29307.55,0
2018-05-30 11:15:00,29307.95,29356.15,29300.95,29329.6,0
2018-05-30 12:15:00,29328.05,29432.5,29322.65,29421.15,0
2018-05-30 13:15:00,29421.05,29423.1,29291.9,29293.55,0
2018-05-30 14:15:00,29293.05,29350.6,29277.6,29337.8,0
2018-05-30 15:15:00,29338.5,29360.5,29314.6,29335.65,0
2018-05-31 09:15:00,29443.65,29512.2,29231.05,29238.75,0
2018-05-31 10:15:00,29239.75,29299.65,29237.6,29257.1,0
2018-05-31 11:15:00,29255.95,29278.6,29213.65,29260.05,0
2018-05-31 12:15:00,29259.5,29303.15,29246.35,29289.55,0
2018-05-31 13:15:00,29289.6,29305.95,29231.1,29241.8,0
2018-05-31 14:15:00,29241.55,29314.3,29214.7,29229.35,0
2018-05-31 15:15:00,29230.8,29265.45,29185.95,29218.2,0
2018-06-01 09:15:00,29277.45,29379.7,29243.4,29353.7,0
2018-06-01 10:15:00,29352.1,29380.25,29255.75,29258.25,0
2018-06-01 11:15:00,29258.0,29258.0,29002.85,29016.95,0
2018-06-01 12:15:00,29016.7,29044.7,28920.2,28933.05,0
2018-06-01 13:15:00,28933.65,29011.65,28926.45,28958.5,0
2018-06-01 14:15:00,28959.65,29024.85,28934.55,28944.45,0
2018-06-01 15:15:00,28943.55,28964.6,28917.4,28961.5,0
2018-06-04 09:15:00,29091.85,29101.9,28842.6,28907.55,0
2018-06-04 10:15:00,28907.65,28986.15,28902.85,28943.8,0
2018-06-04 11:15:00,28943.25,28951.4,28865.3,28868.9,0
2018-06-04 12:15:00,28869.1,28895.9,28817.1,28818.15,0
2018-06-04 13:15:00,28817.9,28822.0,28670.6,28687.8,0
2018-06-04 14:15:00,28687.8,28711.95,28624.1,28695.55,0
2018-06-04 15:15:00,28693.75,28740.55,28680.35,28728.0,0
2018-06-05 09:15:00,28684.7,28691.7,28515.7,28528.1,0
2018-06-05 10:15:00,28528.35,28529.35,28260.05,28292.4,0
2018-06-05 11:15:00,28291.4,28492.85,28290.8,28436.1,0
2018-06-05 12:15:00,28436.15,28456.5,28354.15,28410.25,0
2018-06-05 13:15:00,28409.5,28436.95,28346.85,28378.15,0
2018-06-05 14:15:00,28378.9,28397.2,28267.0,28383.65,0
2018-06-05 15:15:00,28383.8,28430.85,28374.35,28420.45,0
2018-06-06 09:15:00,28409.0,28646.0,28384.05,28622.6,0
2018-06-06 10:15:00,28621.3,28656.2,28558.3,28593.3,0
2018-06-06 11:15:00,28593.2,28698.0,28575.75,28688.5,0
2018-06-06 12:15:00,28688.8,28729.45,28641.65,28678.85,0
2018-06-06 13:15:00,28679.0,28705.95,28664.55,28682.6,0
2018-06-06 14:15:00,28681.2,28839.35,28562.05,28815.1,0
2018-06-06 15:15:00,28816.15,28859.9,28810.4,28847.45,0
2018-06-07 09:15:00,28954.9,29112.4,28952.65,29108.0,0
2018-06-07 10:15:00,29107.1,29167.75,29102.35,29118.85,0
2018-06-07 11:15:00,29118.05,29128.35,29056.15,29126.75,0
2018-06-07 12:15:00,29125.0,29181.65,29112.55,29180.45,0
2018-06-07 13:15:00,29179.8,29230.9,29146.55,29220.45,0
2018-06-07 14:15:00,29219.75,29231.45,29161.25,29217.0,0
2018-06-07 15:15:00,29216.45,29219.3,29197.15,29215.55,0
2018-06-08 09:15:00,29120.5,29256.9,29037.0,29255.4,0
2018-06-08 10:15:00,29254.45,29271.95,29181.45,29235.25,0
2018-06-08 11:15:00,29234.1,29252.55,29170.0,29171.95,0
2018-06-08 12:15:00,29170.9,29177.2,29122.9,29142.55,0
2018-06-08 13:15:00,29142.65,29209.5,29121.3,29201.55,0
2018-06-08 14:15:00,29201.7,29326.25,29175.85,29312.75,0
2018-06-08 15:15:00,29313.05,29328.45,29287.0,29294.8,0
2018-06-11 09:15:00,29412.9,29490.8,29346.5,29466.8,0
2018-06-11 10:15:00,29466.4,29493.55,29438.4,29460.55,0
2018-06-11 11:15:00,29461.45,29496.9,29432.7,29434.0,0
2018-06-11 12:15:00,29436.3,29475.2,29411.2,29474.15,0
2018-06-11 13:15:00,29474.25,29479.05,29437.45,29455.65,0
2018-06-11 14:15:00,29456.2,29468.25,29331.0,29332.5,0
2018-06-11 15:15:00,29333.4,29343.55,29311.2,29324.35,0
2018-06-12 09:15:00,29383.3,29439.0,29353.5,29415.8,0
2018-06-12 10:15:00,29416.15,29439.15,29356.95,29380.35,0
2018-06-12 11:15:00,29379.9,29464.25,29364.45,29452.15,0
2018-06-12 12:15:00,29452.3,29482.1,29384.1,29420.3,0
2018-06-12 13:15:00,29419.85,29488.3,29416.35,29474.7,0
2018-06-12 14:15:00,29474.4,29547.2,29452.5,29540.75,0
2018-06-12 15:15:00,29541.6,29574.75,29539.75,29555.2,0
2018-06-13 09:15:00,29618.6,29648.4,29535.65,29571.55,0
2018-06-13 10:15:00,29570.4,29671.45,29566.6,29653.8,0
2018-06-13 11:15:00,29654.7,29658.6,29613.65,29625.05,0
2018-06-13 12:15:00,29624.35,29643.55,29601.1,29603.35,0
2018-06-13 13:15:00,29604.05,29642.1,29596.85,29628.9,0
2018-06-13 14:15:00,29627.55,29636.65,29480.75,29489.35,0
2018-06-13 15:15:00,29487.15,29501.7,29473.25,29489.8,0
2018-06-14 09:15:00,29501.1,29501.1,29382.4,29396.95,0
2018-06-14 10:15:00,29396.6,29415.95,29347.7,29366.5,0
2018-06-14 11:15:00,29366.6,29384.0,29278.5,29301.6,0
2018-06-14 12:15:00,29301.75,29337.25,29277.2,29326.55,0
2018-06-14 13:15:00,29326.3,29387.9,29325.7,29382.1,0
2018-06-14 14:15:00,29381.35,29452.3,29370.8,29448.8,0
2018-06-14 15:15:00,29448.4,29461.05,29434.5,29454.25,0
2018-06-15 09:15:00,29418.75,29484.2,29392.6,29438.75,0
2018-06-15 10:15:00,29438.1,29438.95,29388.15,29417.55,0
2018-06-15 11:15:00,29418.8,29421.9,29314.35,29314.35,0
2018-06-15 12:15:00,29314.8,29314.8,29144.05,29166.35,0
2018-06-15 13:15:00,29168.5,29226.85,29153.25,29175.55,0
2018-06-15 14:15:00,29179.65,29229.9,29139.25,29229.9,0
2018-06-15 15:15:00,29230.5,29237.5,29199.1,29201.8,0
2018-06-18 09:15:00,29237.5,29271.1,29087.1,29171.95,0
2018-06-18 10:15:00,29172.1,29225.4,29123.75,29128.5,0
2018-06-18 11:15:00,29128.05,29134.35,29060.1,29092.05,0
2018-06-18 12:15:00,29091.75,29118.95,29064.4,29074.9,0
2018-06-18 13:15:00,29074.6,29145.0,29058.0,29136.2,0
2018-06-18 14:15:00,29135.7,29198.3,29056.25,29066.7,0
2018-06-18 15:15:00,29065.45,29069.15,29010.05,29027.4,0
2018-06-19 09:15:00,29004.4,29095.1,28964.75,29003.7,0
2018-06-19 10:15:00,29003.05,29006.4,28842.8,28844.1,0
2018-06-19 11:15:00,28843.85,28845.9,28755.65,28768.65,0
2018-06-19 12:15:00,28767.75,28802.85,28734.35,28767.4,0
2018-06-19 13:15:00,28766.7,28877.5,28765.95,28804.3,0
2018-06-19 14:15:00,28804.35,28892.4,28746.8,28828.65,0
2018-06-19 15:15:00,28828.75,28937.5,28821.95,28881.7,0
2018-06-20 09:15:00,28933.4,28968.45,28776.05,28782.45,0
2018-06-20 10:15:00,28784.7,28887.5,28774.3,28870.85,0
2018-06-20 11:15:00,28869.95,28882.05,28779.55,28787.6,0
2018-06-20 12:15:00,28787.35,28833.05,28786.75,28826.65,0
2018-06-20 13:15:00,28827.5,28841.05,28799.25,28807.25,0
2018-06-20 14:15:00,28808.15,28896.1,28795.6,28838.55,0
2018-06-20 15:15:00,28838.45,28855.1,28817.45,28824.4,0
2018-06-21 09:15:00,28933.6,28961.35,28777.75,28815.3,0
2018-06-21 10:15:00,28816.25,28828.65,28757.45,28780.35,0
2018-06-21 11:15:00,28779.8,28795.7,28733.15,28747.6,0
2018-06-21 12:15:00,28746.85,28801.2,28735.35,28796.6,0
2018-06-21 13:15:00,28796.5,28803.6,28746.65,28771.95,0
2018-06-21 14:15:00,28772.3,28774.25,28664.9,28679.75,0
2018-06-21 15:15:00,28679.75,28690.7,28640.55,28645.55,0
2018-06-22 09:15:00,28675.5,28675.5,28451.2,28471.55,0
2018-06-22 10:15:00,28470.6,28601.6,28457.05,28585.2,0
2018-06-22 11:15:00,28585.9,28701.85,28567.15,28701.5,0
2018-06-22 12:15:00,28700.8,28752.45,28678.25,28750.05,0
2018-06-22 13:15:00,28748.8,28780.8,28710.85,28739.45,0
2018-06-22 14:15:00,28739.05,28835.35,28728.45,28832.2,0
2018-06-22 15:15:00,28832.25,28866.55,28808.6,28837.15,0
2018-06-25 09:15:00,28836.4,28878.8,28704.9,28711.25,0
2018-06-25 10:15:00,28711.45,28773.85,28682.95,28684.75,0
2018-06-25 11:15:00,28685.1,28751.75,28682.8,28747.45,0
2018-06-25 12:15:00,28747.65,28766.95,28681.1,28699.55,0
2018-06-25 13:15:00,28699.9,28721.25,28628.25,28635.95,0
2018-06-25 14:15:00,28634.1,28635.05,28437.5,28455.45,0
2018-06-25 15:15:00,28455.55,28461.55,28406.85,28423.85,0
2018-06-26 09:15:00,28406.55,28563.45,28389.9,28459.9,0
2018-06-26 10:15:00,28461.05,28578.75,28437.3,28574.8,0
2018-06-26 11:15:00,28575.2,28610.8,28556.8,28600.75,0
2018-06-26 12:15:00,28601.05,28631.95,28588.65,28595.15,0
2018-06-26 13:15:00,28595.0,28595.45,28524.95,28563.95,0
2018-06-26 14:15:00,28565.25,28606.6,28490.25,28505.8,0
2018-06-26 15:15:00,28505.85,28507.05,28463.6,28483.95,0
2018-06-27 09:15:00,28570.45,28574.7,28439.15,28461.9,0
2018-06-27 10:15:00,28464.3,28464.3,28325.95,28357.1,0
2018-06-27 11:15:00,28357.25,28357.75,28229.95,28289.2,0
2018-06-27 12:15:00,28287.85,28307.3,28171.5,28171.95,0
2018-06-27 13:15:00,28169.1,28197.75,28090.3,28096.35,0
2018-06-27 14:15:00,28095.1,28226.9,28061.4,28129.8,0
2018-06-27 15:15:00,28127.85,28129.75,28066.1,28073.65,0
2018-06-28 09:15:00,28073.45,28165.9,27927.4,28141.4,0
2018-06-28 10:15:00,28141.35,28175.85,28091.45,28096.6,0
2018-06-28 11:15:00,28096.5,28097.95,27974.35,27984.55,0
2018-06-28 12:15:00,27984.5,27999.8,27927.65,27973.85,0
2018-06-28 13:15:00,27973.75,27993.1,27846.1,27846.75,0
2018-06-28 14:15:00,27847.25,27905.1,27726.4,27741.05,0
2018-06-28 15:15:00,27740.6,27807.85,27733.25,27804.65,0
2018-06-29 09:15:00,27921.7,28177.15,27920.25,28177.15,0
2018-06-29 10:15:00,28178.65,28209.55,28074.6,28138.5,0
2018-06-29 11:15:00,28139.4,28143.85,28089.35,28098.05,0
2018-06-29 12:15:00,28099.05,28174.35,28069.3,28174.35,0
2018-06-29 13:15:00,28173.45,28249.85,28160.55,28211.85,0
2018-06-29 14:15:00,28212.55,28291.45,28176.45,28289.85,0
2018-06-29 15:15:00,28289.9,28333.3,28275.65,28277.9,0
2018-07-02 09:15:00,28355.15,28369.2,28158.4,28158.4,0
2018-07-02 10:15:00,28157.85,28161.2,28010.55,28013.2,0
2018-07-02 11:15:00,28013.45,28020.95,27959.05,27991.4,0
2018-07-02 12:15:00,27992.1,27992.1,27906.9,27909.05,0
2018-07-02 13:15:00,27908.9,28049.5,27885.8,28031.35,0
2018-07-02 14:15:00,28031.0,28116.25,28029.65,28052.75,0
2018-07-02 15:15:00,28051.75,28061.6,28006.6,28015.55,0
2018-07-03 09:15:00,28061.1,28061.1,27910.35,27976.75,0
2018-07-03 10:15:00,27977.1,28056.65,27918.1,28049.65,0
2018-07-03 11:15:00,28050.2,28127.25,28050.2,28089.95,0
2018-07-03 12:15:00,28089.5,28165.05,28084.95,28136.95,0
2018-07-03 13:15:00,28135.95,28150.85,28062.0,28138.75,0
2018-07-03 14:15:00,28138.95,28211.5,28128.85,28166.9,0
2018-07-03 15:15:00,28165.95,28198.55,28150.0,28193.45,0
2018-07-04 09:15:00,28142.8,28142.8,27960.2,28007.85,0
2018-07-04 10:15:00,28006.8,28107.6,27969.4,27969.6,0
2018-07-04 11:15:00,27969.2,28079.3,27959.25,28075.75,0
2018-07-04 12:15:00,28075.15,28107.75,28029.4,28051.6,0
2018-07-04 13:15:00,28052.0,28116.2,28048.45,28112.8,0
2018-07-04 14:15:00,28112.85,28153.7,28097.25,28115.05,0
2018-07-04 15:15:00,28113.1,28135.5,28094.8,28129.95,0
2018-07-05 09:15:00,28163.0,28175.45,28075.55,28144.6,0
2018-07-05 10:15:00,28145.25,28172.0,28028.95,28031.9,0
2018-07-05 11:15:00,28033.4,28078.9,27994.25,27995.1,0
2018-07-05 12:15:00,27994.85,28080.25,27984.9,28072.1,0
2018-07-05 13:15:00,28072.05,28076.9,28019.25,28051.35,0
2018-07-05 14:15:00,28051.55,28079.6,27955.15,28016.95,0
2018-07-05 15:15:00,28017.9,28031.7,27999.2,28012.35,0
2018-07-06 09:15:00,27961.65,28192.8,27914.95,28177.7,0
2018-07-06 10:15:00,28177.35,28272.35,28161.05,28263.25,0
2018-07-06 11:15:00,28264.8,28285.2,28166.9,28175.9,0
2018-07-06 12:15:00,28176.2,28261.85,28167.95,28256.65,0
2018-07-06 13:15:00,28254.05,28301.2,28242.85,28297.85,0
2018-07-06 14:15:00,28299.35,28319.4,28132.7,28146.8,0
2018-07-06 15:15:00,28146.15,28151.55,28116.85,28134.0,0
2018-07-09 09:15:00,28318.2,28388.5,28291.65,28298.0,0
2018-07-09 10:15:00,28298.7,28358.3,28251.0,28353.65,0
2018-07-09 11:15:00,28354.3,28358.2,28323.0,28345.6,0
2018-07-09 12:15:00,28344.45,28358.7,28320.05,28337.75,0
2018-07-09 13:15:00,28338.15,28348.55,28307.3,28317.55,0
2018-07-09 14:15:00,28317.0,28377.2,28313.85,28349.0,0
2018-07-09 15:15:00,28348.8,28379.6,28342.5,28372.6,0
2018-07-10 09:15:00,28493.0,28572.45,28481.35,28561.05,0
2018-07-10 10:15:00,28560.95,28613.7,28558.4,28603.85,0
2018-07-10 11:15:00,28605.05,28622.5,28585.15,28608.6,0
2018-07-10 12:15:00,28609.55,28626.7,28576.9,28576.9,0
2018-07-10 13:15:00,28576.85,28608.0,28564.65,28594.9,0
2018-07-10 14:15:00,28594.25,28659.95,28537.6,28655.9,0
2018-07-10 15:15:00,28655.2,28679.05,28650.95,28659.4,0
2018-07-11 09:15:00,28638.65,28665.4,28546.65,28594.55,0
2018-07-11 10:15:00,28594.3,28681.95,28530.9,28540.45,0
2018-07-11 11:15:00,28541.0,28554.3,28453.75,28500.5,0
2018-07-11 12:15:00,28500.9,28505.6,28457.0,28485.8,0
2018-07-11 13:15:00,28486.0,28492.4,28404.05,28420.95,0
2018-07-11 14:15:00,28420.45,28479.05,28406.2,28425.3,0
2018-07-11 15:15:00,28425.75,28439.05,28409.7,28430.1,0
2018-07-12 09:15:00,28562.4,28621.75,28545.85,28601.85,0
2018-07-12 10:15:00,28602.45,28684.55,28578.6,28676.0,0
2018-07-12 11:15:00,28673.85,28689.8,28605.05,28609.45,0
2018-07-12 12:15:00,28609.25,28611.6,28462.55,28474.3,0
2018-07-12 13:15:00,28474.6,28482.05,28323.85,28327.4,0
2018-07-12 14:15:00,28327.6,28391.4,28311.9,28383.9,0
2018-07-12 15:15:00,28382.95,28385.45,28344.35,28360.05,0
2018-07-13 09:15:00,28427.05,28490.55,28207.05,28226.0,0
2018-07-13 10:15:00,28227.95,28292.45,28196.5,28209.95,0
2018-07-13 11:15:00,28210.45,28306.05,28199.4,28301.1,0
2018-07-13 12:15:00,28301.25,28332.5,28269.95,28308.6,0
2018-07-13 13:15:00,28308.65,28326.75,28238.1,28239.3,0
2018-07-13 14:15:00,28239.75,28260.45,28191.9,28238.7,0
2018-07-13 15:15:00,28240.35,28259.1,28231.15,28243.4,0
2018-07-16 09:15:00,28274.2,28274.55,28031.5,28082.35,0
2018-07-16 10:15:00,28082.15,28096.35,27996.85,27998.7,0
2018-07-16 11:15:00,27997.75,27997.85,27933.8,27967.5,0
2018-07-16 12:15:00,27966.45,27975.5,27894.7,27896.9,0
2018-07-16 13:15:00,27897.45,27898.65,27688.5,27699.0,0
2018-07-16 14:15:00,27698.4,27701.55,27553.45,27606.55,0
2018-07-16 15:15:00,27607.3,27611.75,27577.15,27591.65,0
2018-07-17 09:15:00,27631.1,27810.05,27525.1,27750.15,0
2018-07-17 10:15:00,27749.8,27761.35,27641.7,27746.85,0
2018-07-17 11:15:00,27746.15,27841.65,27746.15,27790.05,0
2018-07-17 12:15:00,27791.0,27827.7,27754.6,27827.7,0
2018-07-17 13:15:00,27826.35,27871.65,27781.5,27847.0,0
2018-07-17 14:15:00,27847.75,27946.75,27836.1,27905.7,0
2018-07-17 15:15:00,27905.05,27913.2,27885.75,27901.85,0
2018-07-18 09:15:00,28023.3,28072.25,27868.6,27944.6,0
2018-07-18 10:15:00,27945.65,27946.6,27791.3,27816.05,0
2018-07-18 11:15:00,27816.65,27838.6,27653.2,27661.05,0
2018-07-18 12:15:00,27661.65,27792.3,27519.9,27736.3,0
2018-07-18 13:15:00,27735.0,27739.4,27539.15,27582.65,0
2018-07-18 14:15:00,27582.85,27647.05,27565.4,27602.25,0
2018-07-18 15:15:00,27600.35,27617.15,27587.95,27595.1,0
2018-07-19 09:15:00,27657.9,27659.6,27352.15,27631.0,0
2018-07-19 10:15:00,27631.7,27715.35,27571.35,27666.45,0
2018-07-19 11:15:00,27666.05,27670.1,27544.2,27567.75,0
2018-07-19 12:15:00,27568.35,27584.3,27495.7,27501.9,0
2018-07-19 13:15:00,27502.3,27531.85,27406.35,27452.05,0
2018-07-19 14:15:00,27452.55,27517.3,27398.0,27453.6,0
2018-07-19 15:15:00,27453.25,27462.55,27424.35,27432.25,0
2018-07-20 09:15:00,27443.5,27511.9,27342.5,27495.2,0
2018-07-20 10:15:00,27494.8,27502.4,27390.05,27418.05,0
2018-07-20 11:15:00,27418.4,27525.0,27394.75,27516.55,0
2018-07-20 12:15:00,27516.7,27537.25,27441.05,27457.95,0
2018-07-20 13:15:00,27457.85,27506.9,27412.45,27505.1,0
2018-07-20 14:15:00,27504.35,27597.2,27503.05,27585.85,0
2018-07-20 15:15:00,27585.4,27614.15,27581.5,27591.8,0
2018-07-23 09:15:00,27699.75,27875.15,27699.45,27758.6,0
2018-07-23 10:15:00,27756.95,27798.9,27712.45,27738.65,0
2018-07-23 11:15:00,27739.15,27860.2,27737.05,27849.65,0
2018-07-23 12:15:00,27849.7,27860.1,27807.95,27832.8,0
2018-07-23 13:15:00,27832.95,27956.6,27829.1,27939.6,0
2018-07-23 14:15:00,27939.15,28084.1,27937.5,28068.25,0
2018-07-23 15:15:00,28067.9,28077.0,28020.1,28036.85,0
2018-07-24 09:15:00,28149.95,28473.6,28149.95,28472.8,0
2018-07-24 10:15:00,28472.1,28607.7,28472.1,28583.95,0
2018-07-24 11:15:00,28583.8,28646.15,28551.7,28639.45,0
2018-07-24 12:15:00,28638.3,28653.05,28474.6,28614.55,0
2018-07-24 13:15:00,28613.4,28728.35,28580.45,28720.95,0
2018-07-24 14:15:00,28721.4,28799.1,28705.15,28795.85,0
2018-07-24 15:15:00,28795.55,28804.85,28776.05,28786.15,0
2018-07-25 09:15:00,28845.85,28948.55,28815.0,28866.05,0
2018-07-25 10:15:00,28864.4,28875.45,28801.45,28862.75,0
2018-07-25 11:15:00,28863.8,28876.9,28795.1,28867.4,0
2018-07-25 12:15:00,28867.05,28883.8,28815.7,28820.45,0
2018-07-25 13:15:00,28821.45,28839.05,28759.55,28778.8,0
2018-07-25 14:15:00,28778.65,28831.0,28739.5,28789.3,0
2018-07-25 15:15:00,28785.6,28787.6,28678.9,28706.0,0
2018-07-26 09:15:00,28835.8,29040.75,28835.8,29024.85,0
2018-07-26 10:15:00,29025.6,29046.1,28979.85,29012.4,0
2018-07-26 11:15:00,29013.05,29034.65,28975.15,29009.55,0
2018-07-26 12:15:00,29010.55,29084.2,29004.25,29060.35,0
2018-07-26 13:15:00,29060.35,29070.65,28991.95,29039.85,0
2018-07-26 14:15:00,29040.0,29047.75,28971.75,29029.5,0
2018-07-26 15:15:00,29026.55,29088.1,29023.2,29074.05,0
2018-07-27 09:15:00,29152.4,29243.7,29118.55,29211.25,0
2018-07-27 10:15:00,29211.4,29288.8,29183.2,29250.45,0
2018-07-27 11:15:00,29250.0,29323.05,29230.95,29269.95,0
2018-07-27 12:15:00,29269.5,29289.5,29239.65,29263.45,0
2018-07-27 13:15:00,29263.7,29276.55,29219.2,29258.65,0
2018-07-27 14:15:00,29257.45,29287.25,29230.5,29266.55,0
2018-07-27 15:15:00,29264.75,29273.9,29244.35,29258.45,0
2018-07-30 09:15:00,29367.35,29398.5,29245.7,29278.7,0
2018-07-30 10:15:00,29278.2,29374.25,29253.2,29362.85,0
2018-07-30 11:15:00,29362.15,29443.6,29341.0,29437.5,0
2018-07-30 12:15:00,29436.25,29490.15,29394.0,29478.95,0
2018-07-30 13:15:00,29479.8,29517.55,29424.35,29427.35,0
2018-07-30 14:15:00,29427.75,29572.35,29427.75,29565.75,0
2018-07-30 15:15:00,29565.95,29591.75,29555.35,29578.75,0
2018-07-31 09:15:00,29525.2,29554.75,29419.25,29531.8,0
2018-07-31 10:15:00,29531.2,29531.2,29423.1,29483.8,0
2018-07-31 11:15:00,29484.85,29499.0,29458.0,29472.4,0
2018-07-31 12:15:00,29472.6,29510.4,29465.55,29468.5,0
2018-07-31 13:15:00,29469.3,29620.15,29463.05,29603.95,0
2018-07-31 14:15:00,29605.7,29713.6,29594.0,29700.85,0
2018-07-31 15:15:00,29699.8,29714.5,29667.05,29694.85,0
2018-08-01 09:15:00,29783.35,29859.4,29767.0,29811.05,0
2018-08-01 10:15:00,29811.65,29859.6,29766.15,29807.35,0
2018-08-01 11:15:00,29807.05,29884.65,29697.0,29880.45,0
2018-08-01 12:15:00,29879.9,29885.9,29779.15,29780.8,0
2018-08-01 13:15:00,29780.9,29798.35,29693.65,29718.85,0
2018-08-01 14:15:00,29718.95,29830.15,29618.5,29784.65,0
2018-08-01 15:15:00,29784.7,29795.65,29743.15,29751.05,0
2018-08-02 09:15:00,29761.4,29761.4,29523.55,29666.1,0
2018-08-02 10:15:00,29666.45,29811.95,29666.05,29809.8,0
2018-08-02 11:15:00,29809.7,29870.15,29780.85,29850.15,0
2018-08-02 12:15:00,29849.95,29876.6,29808.65,29808.65,0
2018-08-02 13:15:00,29807.95,29816.55,29752.4,29761.6,0
2018-08-02 14:15:00,29762.65,29831.9,29710.5,29717.4,0
2018-08-02 15:15:00,29719.2,29724.55,29655.5,29661.75,0
2018-08-03 09:15:00,29807.55,29937.5,29796.15,29916.95,0
2018-08-03 10:15:00,29916.3,30002.3,29912.55,29972.05,0
2018-08-03 11:15:00,29972.05,30004.3,29952.05,29954.9,0
2018-08-03 12:15:00,29955.55,29970.65,29879.4,29904.15,0
2018-08-03 13:15:00,29903.1,29935.55,29869.05,29931.8,0
2018-08-03 14:15:00,29930.6,29935.65,29869.45,29907.65,0
2018-08-03 15:15:00,29907.1,29931.45,29889.85,29910.0,0
2018-08-06 09:15:00,29994.5,30056.3,29891.7,29900.0,0
2018-08-06 10:15:00,29898.6,29978.1,29884.2,29931.9,0
2018-08-06 11:15:00,29932.3,29988.1,29924.9,29959.05,0
2018-08-06 12:15:00,29958.25,29983.65,29925.5,29935.6,0
2018-08-06 13:15:00,29935.45,29995.3,29934.9,29987.35,0
2018-08-06 14:15:00,29985.8,30013.9,29912.45,29934.5,0
2018-08-06 15:15:00,29934.75,29973.45,29919.75,29962.3,0
2018-08-07 09:15:00,30027.65,30077.9,29982.45,29989.75,0
2018-08-07 10:15:00,29991.35,30004.8,29814.3,29816.25,0
2018-08-07 11:15:00,29814.35,29913.7,29785.5,29911.4,0
2018-08-07 12:15:00,29911.95,29938.75,29880.4,29931.7,0
2018-08-07 13:15:00,29930.35,29935.1,29845.8,29899.85,0
2018-08-07 14:15:00,29900.2,29966.5,29900.2,29934.8,0
2018-08-07 15:15:00,29934.15,29948.35,29919.35,29932.85,0
2018-08-08 09:15:00,29989.35,30028.3,29868.15,30023.1,0
2018-08-08 10:15:00,30022.2,30038.65,29994.1,30015.0,0
2018-08-08 11:15:00,30015.65,30016.55,29967.45,30005.45,0
2018-08-08 12:15:00,30005.55,30010.65,29974.45,29987.05,0
2018-08-08 13:15:00,29987.9,30016.1,29926.1,29945.2,0
2018-08-08 14:15:00,29945.15,29992.35,29857.75,29992.1,0
2018-08-08 15:15:00,29993.0,30003.5,29963.25,29978.4,0
2018-08-09 09:15:00,30040.9,30101.5,29987.05,30090.3,0
2018-08-09 10:15:00,30089.3,30112.65,29986.5,30014.55,0
2018-08-09 11:15:00,30015.6,30076.8,29997.0,30068.0,0
2018-08-09 12:15:00,30069.2,30075.8,30024.1,30073.9,0
2018-08-09 13:15:00,30074.8,30140.2,30064.85,30132.4,0
2018-08-09 14:15:00,30133.85,30134.9,30073.65,30082.1,0
2018-08-09 15:15:00,30082.2,30107.45,30080.6,30099.1,0
2018-08-10 09:15:00,30117.9,30128.4,29955.2,29973.15,0
2018-08-10 10:15:00,29974.15,30038.95,29922.7,29927.85,0
2018-08-10 11:15:00,29927.5,29978.6,29908.75,29972.95,0
2018-08-10 12:15:00,29972.25,29984.05,29938.65,29949.25,0
2018-08-10 13:15:00,29949.35,29953.75,29867.85,29939.55,0
2018-08-10 14:15:00,29941.1,29945.7,29780.1,29867.95,0
2018-08-10 15:15:00,29868.1,29911.15,29854.45,29860.9,0
2018-08-13 09:15:00,29711.35,29715.7,29541.8,29697.75,0
2018-08-13 10:15:00,29697.65,29798.35,29697.45,29703.75,0
2018-08-13 11:15:00,29705.2,29720.4,29649.65,29697.95,0
2018-08-13 12:15:00,29698.05,29765.4,29683.95,29731.6,0
2018-08-13 13:15:00,29731.9,29772.5,29697.25,29705.05,0
2018-08-13 14:15:00,29705.9,29707.3,29527.75,29567.0,0
2018-08-13 15:15:00,29566.6,29576.3,29537.95,29558.1,0
2018-08-14 09:15:00,29615.85,29711.0,29615.85,29697.05,0
2018-08-14 10:15:00,29698.3,29739.3,29596.45,29597.2,0
2018-08-14 11:15:00,29597.65,29645.65,29585.65,29617.4,0
2018-08-14 12:15:00,29617.4,29674.9,29612.7,29672.35,0
2018-08-14 13:15:00,29672.3,29697.45,29651.75,29651.75,0
2018-08-14 14:15:00,29650.25,29721.3,29643.85,29717.9,0
2018-08-14 15:15:00,29716.95,29725.95,29698.65,29709.0,0
2018-08-16 09:15:00,29619.8,29720.2,29539.3,29719.2,0
2018-08-16 10:15:00,29719.1,29760.9,29707.35,29746.4,0
2018-08-16 11:15:00,29746.65,29748.75,29675.85,29689.55,0
2018-08-16 12:15:00,29689.15,29712.35,29643.65,29647.7,0
2018-08-16 13:15:00,29647.85,29661.4,29552.05,29608.9,0
2018-08-16 14:15:00,29608.4,29614.4,29454.25,29515.15,0
2018-08-16 15:15:00,29515.05,29530.35,29489.2,29504.95,0
2018-08-17 09:15:00,29646.05,29757.05,29646.05,29755.0,0
2018-08-17 10:15:00,29755.3,29811.5,29748.65,29804.9,0
2018-08-17 11:15:00,29804.7,29806.05,29767.4,29789.35,0
2018-08-17 12:15:00,29789.6,29808.1,29754.15,29784.7,0
2018-08-17 13:15:00,29785.1,29860.25,29752.65,29858.3,0
2018-08-17 14:15:00,29857.4,29950.7,29846.5,29950.7,0
2018-08-17 15:15:00,29950.2,29958.0,29923.55,29955.55,0
2018-08-20 09:15:00,30072.65,30177.0,30067.75,30156.35,0
2018-08-20 10:15:00,30156.6,30181.4,30116.3,30132.7,0
2018-08-20 11:15:00,30132.85,30229.7,30132.4,30227.55,0
2018-08-20 12:15:00,30226.35,30246.9,30206.8,30208.45,0
2018-08-20 13:15:00,30208.3,30245.15,30182.0,30240.9,0
2018-08-20 14:15:00,30239.95,30307.25,30222.1,30283.6,0
2018-08-20 15:15:00,30284.55,30291.6,30260.75,30266.8,0
2018-08-21 09:15:00,30377.05,30381.15,30256.15,30323.95,0
2018-08-21 10:15:00,30324.3,30395.2,30322.75,30361.9,0
2018-08-21 11:15:00,30362.35,30420.7,30359.1,30401.55,0
2018-08-21 12:15:00,30400.9,30466.75,30399.0,30454.4,0
2018-08-21 13:15:00,30454.05,30507.0,30430.75,30449.9,0
2018-08-21 14:15:00,30448.65,30472.1,30393.75,30403.7,0
2018-08-21 15:15:00,30404.25,30424.6,30396.5,30418.5,0
2018-08-23 09:15:00,30502.65,30557.6,30381.25,30389.6,0
2018-08-23 10:15:00,30389.6,30486.5,30384.5,30476.35,0
2018-08-23 11:15:00,30475.4,30526.0,30440.45,30501.05,0
2018-08-23 12:15:00,30502.8,30528.25,30489.65,30514.95,0
2018-08-23 13:15:00,30515.35,30574.2,30486.95,30570.6,0
2018-08-23 14:15:00,30571.15,30598.85,30537.95,30591.65,0
2018-08-23 15:15:00,30591.55,30617.6,30591.55,30605.8,0
2018-08-24 09:15:00,30556.25,30642.25,30498.35,30616.3,0
2018-08-24 10:15:00,30614.75,30622.3,30548.95,30555.0,0
2018-08-24 11:15:00,30554.4,30599.35,30508.0,30508.0,0
2018-08-24 12:15:00,30508.15,30528.65,30358.0,30407.55,0
2018-08-24 13:15:00,30407.55,30557.05,30407.55,30531.35,0
2018-08-24 14:15:00,30531.05,30563.6,30497.55,30561.15,0
2018-08-24 15:15:00,30560.45,30568.3,30533.2,30547.95,0
2018-08-27 09:15:00,30662.35,30787.0,30657.5,30779.2,0
2018-08-27 10:15:00,30778.55,30807.35,30753.7,30781.1,0
2018-08-27 11:15:00,30781.5,30801.55,30744.4,30753.7,0
2018-08-27 12:15:00,30754.0,30802.15,30743.95,30795.25,0
2018-08-27 13:15:00,30794.0,30830.45,30750.2,30777.4,0
2018-08-27 14:15:00,30776.75,30857.75,30767.3,30805.4,0
2018-08-27 15:15:00,30806.6,30822.1,30787.95,30815.3,0
2018-08-28 09:15:00,30876.75,30951.4,30724.85,30819.45,0
2018-08-28 10:15:00,30820.15,30857.85,30801.15,30833.45,0
2018-08-28 11:15:00,30833.25,30860.8,30805.4,30849.15,0
2018-08-28 12:15:00,30849.2,30898.65,30835.55,30841.35,0
2018-08-28 13:15:00,30840.85,30858.45,30725.95,30763.65,0
2018-08-28 14:15:00,30763.55,30799.4,30693.3,30783.4,0
2018-08-28 15:15:00,30783.7,30788.45,30745.2,30762.8,0
2018-08-29 09:15:00,30819.15,30964.0,30747.25,30931.3,0
2018-08-29 10:15:00,30932.85,31055.05,30930.25,31049.0,0
2018-08-29 11:15:00,31048.9,31054.3,30916.4,30935.55,0
2018-08-29 12:15:00,30934.65,31018.6,30922.05,31017.1,0
2018-08-29 13:15:00,31017.9,31087.7,30984.75,31064.65,0
2018-08-29 14:15:00,31064.45,31072.85,30965.6,30991.2,0
2018-08-29 15:15:00,30992.2,30998.6,30946.25,30964.0,0
2018-08-30 09:15:00,31002.65,31066.85,30945.65,31016.1,0
2018-08-30 10:15:00,31014.4,31119.0,31013.4,31119.0,0
2018-08-30 11:15:00,31118.55,31163.25,31102.2,31151.2,0
2018-08-30 12:15:00,31150.5,31174.9,31083.25,31087.35,0
2018-08-30 13:15:00,31087.25,31137.8,31079.5,31087.9,0
2018-08-30 14:15:00,31088.15,31099.8,31024.8,31084.85,0
2018-08-30 15:15:00,31084.9,31154.95,31077.7,31139.25,0
2018-08-31 09:15:00,31147.7,31371.5,31136.85,31309.95,0
2018-08-31 10:15:00,31309.8,31309.8,31085.45,31089.2,0
2018-08-31 11:15:00,31089.75,31171.5,31064.7,31151.35,0
2018-08-31 12:15:00,31151.1,31151.1,31077.1,31093.55,0
2018-08-31 13:15:00,31094.25,31180.65,31088.35,31156.85,0
2018-08-31 14:15:00,31155.95,31261.05,31132.25,31261.05,0
2018-08-31 15:15:00,31260.95,31301.1,31253.4,31285.2,0
2018-09-03 09:15:00,31431.7,31433.0,31261.15,31365.0,0
2018-09-03 10:15:00,31363.95,31411.45,31343.65,31407.85,0
2018-09-03 11:15:00,31407.95,31416.8,31365.65,31408.55,0
2018-09-03 12:15:00,31409.1,31416.75,31331.4,31359.7,0
2018-09-03 13:15:00,31359.5,31385.55,31276.05,31283.05,0
2018-09-03 14:15:00,31283.1,31319.5,31006.7,31017.9,0
2018-09-03 15:15:00,31021.3,31026.7,30946.85,30961.05,0
2018-09-04 09:15:00,30989.7,31044.35,30603.85,30666.4,0
2018-09-04 10:15:00,30667.05,30734.55,30477.2,30510.05,0
2018-09-04 11:15:00,30511.9,30548.6,30473.35,30506.15,0
2018-09-04 12:15:00,30506.5,30535.45,30427.65,30432.55,0
2018-09-04 13:15:00,30433.35,30437.8,30115.7,30115.7,0
2018-09-04 14:15:00,30119.5,30126.05,29952.5,30064.5,0
2018-09-04 15:15:00,30064.6,30123.15,30047.9,30093.65,0
2018-09-05 09:15:00,29982.8,30063.35,29785.85,29919.25,0
2018-09-05 10:15:00,29918.55,29944.7,29867.5,29896.1,0
2018-09-05 11:15:00,29896.75,29899.6,29583.0,29601.35,0
2018-09-05 12:15:00,29601.45,29686.95,29535.6,29667.7,0
2018-09-05 13:15:00,29668.95,29717.6,29519.75,29542.35,0
2018-09-05 14:15:00,29543.3,29889.4,29541.95,29875.35,0
2018-09-05 15:15:00,29874.4,29960.5,29874.3,29934.75,0
2018-09-06 09:15:00,30045.45,30060.85,29863.65,29967.05,0
2018-09-06 10:15:00,29967.15,30114.05,29958.55,30060.6,0
2018-09-06 11:15:00,30060.6,30061.5,29873.6,29890.15,0
2018-09-06 12:15:00,29890.25,29982.25,29824.6,29892.95,0
2018-09-06 13:15:00,29894.6,29997.8,29875.2,29986.65,0
2018-09-06 14:15:00,29986.6,30133.75,29974.35,30084.05,0
2018-09-06 15:15:00,30081.95,30117.4,30075.3,30087.2,0
2018-09-07 09:15:00,30178.75,30295.2,30011.0,30283.85,0
2018-09-07 10:15:00,30283.85,30351.25,30260.95,30300.5,0
2018-09-07 11:15:00,30300.2,30300.2,30177.45,30280.4,0
2018-09-07 12:15:00,30280.65,30379.25,30271.2,30374.35,0
2018-09-07 13:15:00,30374.7,30464.5,30356.35,30439.05,0
2018-09-07 14:15:00,30439.55,30474.25,30398.1,30450.15,0
2018-09-07 15:15:00,30450.75,30452.1,30421.6,30447.85,0
2018-09-10 09:15:00,30403.7,30505.55,30219.35,30283.55,0
2018-09-10 10:15:00,30283.85,30327.85,30180.1,30181.0,0
2018-09-10 11:15:00,30180.85,30190.25,30019.95,30039.9,0
2018-09-10 12:15:00,30040.05,30074.9,29984.5,30071.15,0
2018-09-10 13:15:00,30071.05,30093.15,29973.15,30024.45,0
2018-09-10 14:15:00,30024.3,30025.85,29911.8,29926.15,0
2018-09-10 15:15:00,29927.6,29931.05,29866.2,29879.15,0
2018-09-11 09:15:00,30001.75,30062.45,29856.6,29908.95,0
2018-09-11 10:15:00,29909.7,29983.05,29827.45,29929.05,0
2018-09-11 11:15:00,29930.3,29966.1,29774.0,29775.0,0
2018-09-11 12:15:00,29773.6,29874.5,29752.55,29858.55,0
2018-09-11 13:15:00,29858.1,29865.0,29591.1,29592.45,0
2018-09-11 14:15:00,29590.5,29594.75,29340.9,29357.0,0
2018-09-11 15:15:00,29358.7,29373.6,29331.55,29361.8,0
2018-09-12 09:15:00,29414.9,29515.25,29214.75,29278.7,0
2018-09-12 10:15:00,29278.4,29460.7,29278.4,29356.35,0
2018-09-12 11:15:00,29356.55,29361.95,29224.45,29242.5,0
2018-09-12 12:15:00,29242.05,29363.35,29094.65,29327.6,0
2018-09-12 13:15:00,29327.7,29529.3,29307.3,29487.85,0
2018-09-12 14:15:00,29487.15,29556.75,29436.3,29487.25,0
2018-09-12 15:15:00,29487.85,29519.45,29468.95,29475.3,0
2018-09-14 09:15:00,29698.6,29961.35,29695.7,29944.05,0
2018-09-14 10:15:00,29944.05,30000.0,29938.5,29950.6,0
2018-09-14 11:15:00,29951.15,29975.3,29856.6,29918.05,0
2018-09-14 12:15:00,29917.95,29996.35,29915.1,29971.6,0
2018-09-14 13:15:00,29972.4,30011.2,29940.85,29980.2,0
2018-09-14 14:15:00,29980.75,30049.45,29964.65,30016.85,0
2018-09-14 15:15:00,30016.05,30033.9,30006.8,30020.5,0
2018-09-17 09:15:00,29901.9,29901.9,29642.45,29829.65,0
2018-09-17 10:15:00,29829.35,29843.3,29689.9,29701.35,0
2018-09-17 11:15:00,29701.0,29916.0,29676.4,29903.55,0
2018-09-17 12:15:00,29903.0,29919.95,29825.8,29862.15,0
2018-09-17 13:15:00,29862.35,29863.05,29760.0,29843.75,0
2018-09-17 14:15:00,29844.1,29847.65,29732.55,29759.2,0
2018-09-17 15:15:00,29758.65,29779.8,29735.65,29748.95,0
2018-09-18 09:15:00,29756.35,29864.3,29684.35,29788.8,0
2018-09-18 10:15:00,29787.45,29801.75,29605.4,29634.15,0
2018-09-18 11:15:00,29632.85,29739.45,29632.85,29699.65,0
2018-09-18 12:15:00,29699.35,29723.45,29635.05,29648.75,0
2018-09-18 13:15:00,29647.05,29670.45,29509.4,29582.85,0
2018-09-18 14:15:00,29582.4,29586.95,29307.3,29335.7,0
2018-09-18 15:15:00,29337.8,29365.3,29308.6,29353.2,0
2018-09-19 09:15:00,29468.35,29539.65,29283.45,29449.15,0
2018-09-19 10:15:00,29447.55,29548.45,29445.6,29469.1,0
2018-09-19 11:15:00,29468.1,29507.0,29397.55,29397.9,0
2018-09-19 12:15:00,29397.3,29397.8,29206.1,29207.3,0
2018-09-19 13:15:00,29206.55,29377.95,29206.55,29258.1,0
2018-09-19 14:15:00,29258.95,29259.35,29073.1,29201.85,0
2018-09-19 15:15:00,29201.35,29272.75,29201.35,29237.35,0
2018-09-21 09:15:00,29348.85,29495.8,29299.3,29302.45,0
2018-09-21 10:15:00,29302.9,29303.3,29222.3,29247.2,0
2018-09-21 11:15:00,29248.95,29250.0,29021.05,29069.25,0
2018-09-21 12:15:00,29070.3,29092.2,27234.1,28286.3,0
2018-09-21 13:15:00,28293.45,28736.25,28221.45,28400.85,0
2018-09-21 14:15:00,28391.25,28666.6,28197.85,28647.0,0
2018-09-21 15:15:00,28647.45,28697.55,28619.7,28674.45,0
2018-09-24 09:15:00,28742.7,28743.25,27986.0,28020.4,0
2018-09-24 10:15:00,28017.8,28300.0,28009.5,28075.75,0
2018-09-24 11:15:00,28074.25,28074.25,27826.6,27826.6,0
2018-09-24 12:15:00,27825.15,28037.7,27738.05,28015.85,0
2018-09-24 13:15:00,28015.85,28024.15,27742.55,27786.4,0
2018-09-24 14:15:00,27785.15,27896.5,27723.7,27745.35,0
2018-09-24 15:15:00,27745.6,27787.25,27719.65,27743.85,0
2018-09-25 09:15:00,27721.85,27771.2,27361.15,27769.6,0
2018-09-25 10:15:00,27770.7,28053.4,27721.9,27979.15,0
2018-09-25 11:15:00,27978.6,28000.75,27723.9,27809.5,0
2018-09-25 12:15:00,27809.7,27878.6,27666.4,27680.05,0
2018-09-25 13:15:00,27679.85,27760.5,27502.85,27760.5,0
2018-09-25 14:15:00,27763.1,28049.3,27594.95,28043.45,0
2018-09-25 15:15:00,28044.9,28132.9,28040.85,28127.7,0
2018-09-26 09:15:00,28278.05,28308.25,28061.5,28134.85,0
2018-09-26 10:15:00,28133.8,28149.85,27947.05,27957.2,0
2018-09-26 11:15:00,27956.2,27999.95,27882.8,27951.1,0
2018-09-26 12:15:00,27950.45,28068.2,27949.25,28009.6,0
2018-09-26 13:15:00,28009.25,28155.1,28003.05,28132.6,0
2018-09-26 14:15:00,28132.85,28165.4,28024.2,28134.2,0
2018-09-26 15:15:00,28133.6,28150.65,28069.55,28074.45,0
2018-09-27 09:15:00,28155.3,28166.0,27972.6,28021.6,0
2018-09-27 10:15:00,28021.25,28045.7,27806.1,27842.5,0
2018-09-27 11:15:00,27841.85,27923.5,27791.4,27911.65,0
2018-09-27 12:15:00,27911.4,27934.3,27801.05,27840.45,0
2018-09-27 13:15:00,27840.7,27845.1,27719.5,27748.7,0
2018-09-27 14:15:00,27748.7,27784.0,27593.1,27611.05,0
2018-09-27 15:15:00,27614.7,27725.85,27602.45,27715.0,0
2018-09-28 09:15:00,27783.35,27836.45,27182.0,27366.45,0
2018-09-28 10:15:00,27368.85,27585.4,27338.6,27489.35,0
2018-09-28 11:15:00,27489.9,27560.9,27439.65,27442.15,0
2018-09-28 12:15:00,27444.85,27465.0,27336.8,27341.75,0
2018-09-28 13:15:00,27342.25,27351.4,27018.6,27127.75,0
2018-09-28 14:15:00,27126.7,27310.25,26983.2,27310.1,0
2018-09-28 15:15:00,27312.25,27373.45,27295.3,27316.35,0
2018-10-01 09:15:00,27231.4,27231.4,26784.55,27107.5,0
2018-10-01 10:15:00,27107.05,27108.3,26772.45,26813.4,0
2018-10-01 11:15:00,26812.6,26851.95,26670.2,26777.85,0
2018-10-01 12:15:00,26778.6,26883.6,26658.45,26828.95,0
2018-10-01 13:15:00,26828.35,27033.0,26828.35,27025.1,0
2018-10-01 14:15:00,27028.9,27330.4,27028.05,27326.2,0
2018-10-01 15:15:00,27326.95,27370.45,27284.45,27296.8,0
2018-10-03 09:15:00,27266.9,27379.05,27105.15,27317.1,0
2018-10-03 10:15:00,27317.5,27317.5,27110.3,27161.35,0
2018-10-03 11:15:00,27160.85,27252.05,27023.15,27248.85,0
2018-10-03 12:15:00,27247.65,27254.95,27156.45,27227.4,0
2018-10-03 13:15:00,27229.3,27370.4,27228.5,27318.55,0
2018-10-03 14:15:00,27320.35,27329.7,26957.0,27003.2,0
2018-10-03 15:15:00,27003.5,27007.65,26882.55,26894.05,0
2018-10-04 09:15:00,26672.4,26817.1,26531.45,26718.05,0
2018-10-04 10:15:00,26719.45,26760.05,26510.05,26556.25,0
2018-10-04 11:15:00,26554.6,26604.6,26359.2,26417.1,0
2018-10-04 12:15:00,26415.15,26539.85,26272.2,26294.1,0
2018-10-04 13:15:00,26293.85,26404.5,26214.35,26371.0,0
2018-10-04 14:15:00,26371.85,26622.7,26364.5,26590.4,0
2018-10-04 15:15:00,26589.55,26591.6,26419.65,26432.2,0
2018-10-05 09:15:00,26396.3,26467.8,26142.9,26194.25,0
2018-10-05 10:15:00,26193.95,26223.3,26130.3,26136.2,0
2018-10-05 11:15:00,26135.6,26189.9,26067.65,26113.3,0
2018-10-05 12:15:00,26113.15,26185.85,26072.8,26085.3,0
2018-10-05 13:15:00,26086.6,26253.2,26069.95,26221.75,0
2018-10-05 14:15:00,26221.35,26315.9,25884.75,25902.85,0
2018-10-05 15:15:00,25903.15,25904.9,25771.6,25787.65,0
2018-10-08 09:15:00,25857.95,25866.85,25417.85,25818.45,0
2018-10-08 10:15:00,25821.65,25985.6,25691.7,25973.45,0
2018-10-08 11:15:00,25973.75,25995.45,25809.0,25867.0,0
2018-10-08 12:15:00,25865.9,25892.6,25673.65,25674.65,0
2018-10-08 13:15:00,25673.6,25688.95,25377.75,25433.8,0
2018-10-08 14:15:00,25437.9,25697.25,25286.35,25685.75,0
2018-10-08 15:15:00,25681.7,25682.95,25576.5,25613.25,0
2018-10-09 09:15:00,25747.2,25837.4,25544.2,25644.25,0
2018-10-09 10:15:00,25644.65,25660.15,25337.2,25386.7,0
2018-10-09 11:15:00,25385.05,25415.85,25227.45,25239.1,0
2018-10-09 12:15:00,25243.1,25359.4,25103.5,25272.35,0
2018-10-09 13:15:00,25273.8,25493.55,25252.0,25448.45,0
2018-10-09 14:15:00,25450.85,25702.6,25440.05,25483.55,0
2018-10-09 15:15:00,25480.55,25552.9,25450.4,25496.1,0
2018-10-10 09:15:00,25591.75,25944.05,25591.75,25938.6,0
2018-10-10 10:15:00,25939.1,26121.8,25925.1,26104.2,0
2018-10-10 11:15:00,26103.55,26226.05,26025.9,26210.6,0
2018-10-10 12:15:00,26210.9,26233.05,26082.95,26147.75,0
2018-10-10 13:15:00,26148.65,26244.45,26140.45,26241.6,0
2018-10-10 14:15:00,26241.3,26355.55,26206.15,26309.55,0
2018-10-10 15:15:00,26310.3,26350.65,26310.3,26349.9,0
2018-10-11 09:15:00,25570.05,25695.8,25349.9,25605.55,0
2018-10-11 10:15:00,25604.8,25754.7,25586.55,25673.3,0
2018-10-11 11:15:00,25675.15,26003.2,25665.55,25988.25,0
2018-10-11 12:15:00,25988.3,26164.35,25931.65,26115.65,0
2018-10-11 13:15:00,26116.25,26136.05,25849.7,25886.25,0
2018-10-11 14:15:00,25885.5,25913.65,25699.75,25818.95,0
2018-10-11 15:15:00,25817.9,25869.35,25788.5,25832.35,0
2018-10-12 09:15:00,26103.6,26469.75,26103.6,26361.35,0
2018-10-12 10:15:00,26363.85,26371.75,26228.15,26311.15,0
2018-10-12 11:15:00,26312.5,26364.4,26296.6,26303.85,0
2018-10-12 12:15:00,26305.45,26437.7,26303.85,26430.5,0
2018-10-12 13:15:00,26431.9,26462.05,26395.85,26428.85,0
2018-10-12 14:15:00,26428.85,26442.5,26323.75,26388.65,0
2018-10-12 15:15:00,26389.7,26398.15,26322.5,26348.5,0
2018-10-15 09:15:00,26476.9,26485.95,26170.1,26280.45,0
2018-10-15 10:15:00,26280.3,26344.35,26205.9,26246.1,0
2018-10-15 11:15:00,26245.95,26420.55,26231.0,26406.0,0
2018-10-15 12:15:00,26405.35,26446.6,26368.9,26388.45,0
2018-10-15 13:15:00,26388.0,26459.4,26300.35,26333.9,0
2018-10-15 14:15:00,26331.9,26506.55,26297.65,26506.55,0
2018-10-15 15:15:00,26506.0,26534.3,26501.15,26523.4,0
2018-10-16 09:15:00,26599.0,26853.25,26577.75,26817.65,0
2018-10-16 10:15:00,26816.65,26870.9,26806.0,26818.35,0
2018-10-16 11:15:00,26818.1,26820.6,26706.0,26741.75,0
2018-10-16 12:15:00,26741.25,26813.6,26698.7,26783.75,0
2018-10-16 13:15:00,26783.55,26853.8,26771.3,26833.65,0
2018-10-16 14:15:00,26833.1,26889.85,26795.55,26884.8,0
2018-10-16 15:15:00,26885.8,26885.8,26839.85,26859.3,0
2018-10-17 09:15:00,27097.0,27170.95,26747.4,26823.1,0
2018-10-17 10:15:00,26823.15,26849.2,26644.7,26685.15,0
2018-10-17 11:15:00,26685.5,26737.5,26582.45,26717.9,0
2018-10-17 12:15:00,26718.85,26732.35,26606.6,26628.45,0
2018-10-17 13:15:00,26628.65,26658.95,26475.55,26518.3,0
2018-10-17 14:15:00,26518.3,26522.65,26252.3,26309.25,0
2018-10-17 15:15:00,26308.1,26313.2,26238.25,26259.9,0
2018-10-19 09:15:00,26141.0,26333.15,26057.6,26189.2,0
2018-10-19 10:15:00,26190.0,26190.35,25890.05,25934.85,0
2018-10-19 11:15:00,25935.0,26147.4,25933.2,26097.75,0
2018-10-19 12:15:00,26097.95,26137.6,25995.1,26091.9,0
2018-10-19 13:15:00,26092.3,26096.85,25917.6,25980.85,0
2018-10-19 14:15:00,25980.9,26092.1,25887.8,26039.75,0
2018-10-19 15:15:00,26046.1,26088.85,26033.4,26081.25,0
2018-10-22 09:15:00,26270.35,26314.3,25910.25,26053.0,0
2018-10-22 10:15:00,26054.45,26139.65,26036.8,26061.0,0
2018-10-22 11:15:00,26062.4,26156.1,26009.05,26146.2,0
2018-10-22 12:15:00,26145.05,26187.7,26088.4,26129.25,0
2018-10-22 13:15:00,26130.65,26143.7,26006.25,26064.5,0
2018-10-22 14:15:00,26064.9,26070.65,25883.45,25917.7,0
2018-10-22 15:15:00,25917.6,25974.9,25905.4,25957.25,0
2018-10-23 09:15:00,25754.0,25867.45,25646.8,25867.45,0
2018-10-23 10:15:00,25867.1,25906.3,25740.55,25773.25,0
2018-10-23 11:15:00,25774.7,25777.8,25642.8,25658.0,0
2018-10-23 12:15:00,25656.3,25695.4,25582.85,25612.25,0
2018-10-23 13:15:00,25612.2,25614.85,25451.15,25498.6,0
2018-10-23 14:15:00,25498.6,25644.0,25462.0,25631.0,0
2018-10-23 15:15:00,25630.7,25672.7,25594.75,25653.8,0
2018-10-24 09:15:00,25796.7,25958.75,25647.7,25676.5,0
2018-10-24 10:15:00,25678.25,25703.55,25429.3,25462.7,0
2018-10-24 11:15:00,25462.8,25604.9,25453.2,25588.5,0
2018-10-24 12:15:00,25590.2,25602.2,25480.0,25521.5,0
2018-10-24 13:15:00,25521.7,25596.45,25422.9,25455.9,0
2018-10-24 14:15:00,25457.15,25741.9,25410.1,25730.65,0
2018-10-24 15:15:00,25730.25,25752.95,25691.5,25702.1,0
2018-10-25 09:15:00,25384.8,25586.05,25342.7,25510.6,0
2018-10-25 10:15:00,25511.55,25519.45,25339.8,25365.25,0
2018-10-25 11:15:00,25365.05,25400.7,25311.35,25328.35,0
2018-10-25 12:15:00,25328.6,25396.85,25295.05,25396.85,0
2018-10-25 13:15:00,25394.9,25454.95,25386.6,25428.65,0
2018-10-25 14:15:00,25427.9,25455.35,25289.15,25331.65,0
2018-10-25 15:15:00,25331.05,25373.35,25319.95,25363.85,0
2018-10-26 09:15:00,25400.1,25414.0,25040.6,25170.35,0
2018-10-26 10:15:00,25170.45,25389.6,25170.45,25350.3,0
2018-10-26 11:15:00,25350.2,25506.3,25292.95,25480.4,0
2018-10-26 12:15:00,25481.3,25534.6,25379.2,25384.75,0
2018-10-26 13:15:00,25384.35,25444.0,25295.1,25350.8,0
2018-10-26 14:15:00,25349.95,25451.3,25292.35,25384.4,0
2018-10-26 15:15:00,25383.45,25400.2,25345.6,25391.35,0
2018-10-29 09:15:00,25459.45,25592.75,25291.1,25517.7,0
2018-10-29 10:15:00,25517.3,25632.45,25481.35,25620.35,0
2018-10-29 11:15:00,25619.7,25801.85,25601.05,25758.85,0
2018-10-29 12:15:00,25758.6,25822.6,25700.05,25804.7,0
2018-10-29 13:15:00,25804.9,25898.5,25787.7,25851.95,0
2018-10-29 14:15:00,25851.4,26003.65,25790.75,25986.35,0
2018-10-29 15:15:00,25986.15,25992.9,25926.75,25933.35,0
2018-10-30 09:15:00,25992.25,26184.35,25936.55,26106.5,0
2018-10-30 10:15:00,26107.1,26146.4,26064.1,26084.4,0
2018-10-30 11:15:00,26086.2,26174.0,26073.45,26098.8,0
2018-10-30 12:15:00,26098.35,26147.15,26015.1,26144.4,0
2018-10-30 13:15:00,26141.65,26180.7,26096.1,26115.1,0
2018-10-30 14:15:00,26115.4,26130.35,25989.85,26102.05,0
2018-10-30 15:15:00,26103.35,26153.05,26103.35,26115.75,0
2018-10-31 09:15:00,26208.75,26292.05,25924.2,26021.55,0
2018-10-31 10:15:00,26023.25,26058.35,25899.6,26053.0,0
2018-10-31 11:15:00,26052.7,26186.45,26035.85,26176.5,0
2018-10-31 12:15:00,26175.3,26189.6,26096.3,26123.75,0
2018-10-31 13:15:00,26121.45,26343.55,26121.15,26336.05,0
2018-10-31 14:15:00,26336.4,26584.4,26298.75,26579.75,0
2018-10-31 15:15:00,26578.9,26610.0,26519.85,26520.2,0
2018-11-01 09:15:00,26697.5,26872.85,26638.35,26721.95,0
2018-11-01 10:15:00,26722.0,26835.05,26677.25,26694.8,0
2018-11-01 11:15:00,26694.55,26753.4,26596.35,26659.25,0
2018-11-01 12:15:00,26659.45,26758.9,26638.45,26715.25,0
2018-11-01 13:15:00,26715.9,26807.0,26699.55,26749.45,0
2018-11-01 14:15:00,26748.45,26802.2,26720.5,26754.55,0
2018-11-01 15:15:00,26754.7,26758.3,26696.95,26713.85,0
2018-11-02 09:15:00,26938.5,27113.0,26938.5,27084.15,0
2018-11-02 10:15:00,27088.1,27204.45,27088.1,27149.05,0
2018-11-02 11:15:00,27149.5,27287.8,27148.1,27284.05,0
2018-11-02 12:15:00,27284.4,27316.95,27252.8,27310.95,0
2018-11-02 13:15:00,27311.5,27367.5,27191.9,27202.1,0
2018-11-02 14:15:00,27202.9,27202.9,27053.55,27155.55,0
2018-11-02 15:15:00,27153.65,27157.05,27119.65,27137.8,0
2018-11-05 09:15:00,27120.55,27304.85,26992.85,27196.15,0
2018-11-05 10:15:00,27195.85,27228.0,27006.9,27006.9,0
2018-11-05 11:15:00,27007.85,27134.35,26989.4,27133.1,0
2018-11-05 12:15:00,27131.6,27158.7,27097.25,27118.0,0
2018-11-05 13:15:00,27118.5,27142.3,27050.6,27112.4,0
2018-11-05 14:15:00,27112.0,27240.85,27046.85,27239.75,0
2018-11-05 15:15:00,27240.85,27258.35,27228.4,27252.95,0
2018-11-06 09:15:00,27299.35,27368.75,27218.15,27218.15,0
2018-11-06 10:15:00,27217.2,27247.7,27141.7,27154.95,0
2018-11-06 11:15:00,27155.2,27186.5,27134.0,27155.4,0
2018-11-06 12:15:00,27156.05,27196.15,27132.0,27157.25,0
2018-11-06 13:15:00,27156.5,27158.55,26949.45,26989.9,0
2018-11-06 14:15:00,26991.05,27111.4,26925.05,27092.45,0
2018-11-06 15:15:00,27093.25,27099.25,27008.95,27015.25,0
2018-11-07 17:30:00,27247.2,27277.85,27206.45,27244.85,0
2018-11-09 09:15:00,27298.35,27365.15,27199.65,27336.2,0
2018-11-09 10:15:00,27337.15,27410.65,27337.15,27398.65,0
2018-11-09 11:15:00,27398.4,27399.05,27320.25,27344.55,0
2018-11-09 12:15:00,27344.35,27363.55,27284.4,27312.65,0
2018-11-09 13:15:00,27311.6,27330.2,27277.05,27307.6,0
2018-11-09 14:15:00,27308.5,27404.1,27307.2,27382.1,0
2018-11-09 15:15:00,27382.9,27385.8,27339.2,27355.25,0
2018-11-12 09:15:00,27443.05,27518.25,27294.55,27312.85,0
2018-11-12 10:15:00,27313.05,27330.35,27243.45,27325.85,0
2018-11-12 11:15:00,27325.45,27363.5,27259.95,27280.1,0
2018-11-12 12:15:00,27279.35,27301.05,27183.1,27204.45,0
2018-11-12 13:15:00,27204.75,27218.05,27112.15,27128.8,0
2018-11-12 14:15:00,27128.9,27167.15,27025.35,27042.3,0
2018-11-12 15:15:00,27043.6,27053.7,26997.7,27049.15,0
2018-11-13 09:15:00,27017.8,27032.5,26842.65,26880.75,0
2018-11-13 10:15:00,26881.4,26887.45,26736.7,26797.15,0
2018-11-13 11:15:00,26797.75,26924.7,26793.4,26924.7,0
2018-11-13 12:15:00,26926.7,26961.5,26905.7,26957.9,0
2018-11-13 13:15:00,26958.9,27074.9,26952.15,27054.1,0
2018-11-13 14:15:00,27053.2,27128.05,27049.8,27128.05,0
2018-11-13 15:15:00,27128.75,27152.1,27117.55,27136.0,0
2018-11-14 09:15:00,27199.95,27250.15,27019.45,27114.85,0
2018-11-14 10:15:00,27113.95,27260.2,27077.45,27215.05,0
2018-11-14 11:15:00,27215.25,27289.65,27208.6,27255.7,0
2018-11-14 12:15:00,27254.05,27271.45,27155.7,27173.4,0
2018-11-14 13:15:00,27173.15,27198.45,27068.8,27088.1,0
2018-11-14 14:15:00,27088.75,27192.0,27043.35,27174.8,0
2018-11-14 15:15:00,27173.85,27176.7,27109.75,27122.65,0
2018-11-15 09:15:00,27154.8,27162.2,26965.95,27088.7,0
2018-11-15 10:15:00,27088.6,27155.1,27085.8,27127.55,0
2018-11-15 11:15:00,27126.8,27174.2,27094.0,27138.85,0
2018-11-15 12:15:00,27137.3,27180.4,27129.4,27162.8,0
2018-11-15 13:15:00,27162.65,27203.05,27129.75,27185.15,0
2018-11-15 14:15:00,27185.55,27298.7,27159.2,27277.15,0
2018-11-15 15:15:00,27276.4,27286.9,27230.4,27245.7,0
2018-11-16 09:15:00,27307.8,27434.9,27265.25,27397.25,0
2018-11-16 10:15:00,27398.95,27433.0,27257.65,27284.9,0
2018-11-16 11:15:00,27284.85,27307.05,27215.7,27261.2,0
2018-11-16 12:15:00,27260.2,27321.0,27257.3,27311.2,0
2018-11-16 13:15:00,27310.35,27356.0,27225.35,27282.95,0
2018-11-16 14:15:00,27284.0,27396.65,27208.0,27381.7,0
2018-11-16 15:15:00,27382.8,27401.0,27348.9,27375.55,0
2018-11-19 09:15:00,27483.7,27501.05,27340.25,27410.15,0
2018-11-19 10:15:00,27410.35,27433.5,27348.9,27385.2,0
2018-11-19 11:15:00,27385.25,27502.85,27367.6,27501.55,0
2018-11-19 12:15:00,27501.25,27510.55,27430.25,27433.4,0
2018-11-19 13:15:00,27432.45,27442.9,27411.5,27422.65,0
2018-11-19 14:15:00,27423.0,27537.25,27349.05,27531.65,0
2018-11-19 15:15:00,27528.5,27536.7,27491.0,27491.0,0
2018-11-20 09:15:00,27440.25,27508.15,27343.65,27440.5,0
2018-11-20 10:15:00,27440.15,27479.0,27410.65,27437.0,0
2018-11-20 11:15:00,27436.5,27464.5,27414.8,27421.5,0
2018-11-20 12:15:00,27419.85,27455.1,27325.05,27339.3,0
2018-11-20 13:15:00,27340.0,27363.95,27218.95,27230.3,0
2018-11-20 14:15:00,27230.25,27243.65,27134.45,27183.1,0
2018-11-20 15:15:00,27185.4,27186.15,27123.15,27128.2,0
2018-11-21 09:15:00,27226.8,27343.45,27209.55,27225.1,0
2018-11-21 10:15:00,27225.7,27245.35,27148.0,27216.0,0
2018-11-21 11:15:00,27215.7,27285.4,27212.3,27279.85,0
2018-11-21 12:15:00,27280.55,27328.65,27277.45,27313.8,0
2018-11-21 13:15:00,27313.55,27385.5,27306.0,27383.65,0
2018-11-21 14:15:00,27383.0,27411.5,27358.2,27379.75,0
2018-11-21 15:15:00,27379.05,27384.4,27363.25,27372.5,0
2018-11-22 09:15:00,27378.45,27417.5,27343.05,27358.1,0
2018-11-22 10:15:00,27357.5,27385.95,27301.1,27318.15,0
2018-11-22 11:15:00,27318.55,27351.75,27316.45,27344.7,0
2018-11-22 12:15:00,27344.0,27385.35,27293.3,27314.65,0
2018-11-22 13:15:00,27314.1,27333.05,27224.0,27328.75,0
2018-11-22 14:15:00,27328.85,27335.45,27180.2,27192.15,0
2018-11-22 15:15:00,27191.2,27200.35,27149.2,27149.2,0
2018-11-26 09:15:00,27287.7,27347.35,27109.25,27184.75,0
2018-11-26 10:15:00,27184.85,27185.95,27056.3,27058.8,0
2018-11-26 11:15:00,27057.35,27092.35,27011.75,27090.25,0
2018-11-26 12:15:00,27090.5,27176.4,27080.35,27154.65,0
2018-11-26 13:15:00,27155.45,27209.6,27143.75,27206.05,0
2018-11-26 14:15:00,27205.5,27322.75,27204.95,27316.8,0
2018-11-26 15:15:00,27317.25,27318.45,27273.8,27282.8,0
2018-11-27 09:15:00,27250.9,27376.0,27205.0,27303.1,0
2018-11-27 10:15:00,27302.95,27326.8,27245.1,27259.75,0
2018-11-27 11:15:00,27259.15,27302.6,27223.85,27271.65,0
2018-11-27 12:15:00,27270.9,27303.0,27218.9,27271.0,0
2018-11-27 13:15:00,27270.9,27299.4,27193.7,27234.15,0
2018-11-27 14:15:00,27234.65,27293.8,27211.85,27259.3,0
2018-11-27 15:15:00,27259.55,27264.0,27238.8,27242.15,0
2018-11-28 09:15:00,27265.5,27356.45,27243.45,27344.75,0
2018-11-28 10:15:00,27343.85,27352.65,27290.1,27335.1,0
2018-11-28 11:15:00,27335.9,27345.6,27302.3,27303.45,0
2018-11-28 12:15:00,27303.5,27332.25,27242.7,27284.1,0
2018-11-28 13:15:00,27283.85,27284.45,27187.4,27192.4,0
2018-11-28 14:15:00,27191.5,27218.05,27156.85,27189.1,0
2018-11-28 15:15:00,27188.25,27201.75,27149.7,27162.05,0
2018-11-29 09:15:00,27316.55,27340.35,27243.95,27329.2,0
2018-11-29 10:15:00,27329.75,27413.55,27324.6,27333.15,0
2018-11-29 11:15:00,27333.9,27346.35,27249.0,27276.15,0
2018-11-29 12:15:00,27276.1,27365.0,27271.7,27359.2,0
2018-11-29 13:15:00,27360.3,27442.15,27345.2,27436.05,0
2018-11-29 14:15:00,27438.0,27438.0,27375.85,27386.8,0
2018-11-29 15:15:00,27387.3,27404.85,27374.9,27398.7,0
2018-11-30 09:15:00,27449.2,27552.1,27420.05,27459.5,0
2018-11-30 10:15:00,27459.05,27505.35,27458.35,27472.3,0
2018-11-30 11:15:00,27472.0,27485.5,27393.8,27435.6,0
2018-11-30 12:15:00,27435.8,27492.65,27409.05,27425.25,0
2018-11-30 13:15:00,27425.15,27442.9,27392.2,27433.65,0
2018-11-30 14:15:00,27433.35,27600.15,27409.65,27585.15,0
2018-11-30 15:15:00,27584.4,27603.9,27550.4,27559.2,0
2018-12-03 09:15:00,27720.15,27734.35,27518.65,27691.55,0
2018-12-03 10:15:00,27690.95,27733.5,27639.0,27663.0,0
2018-12-03 11:15:00,27662.9,27705.2,27614.9,27623.7,0
2018-12-03 12:15:00,27624.3,27690.45,27605.9,27645.7,0
2018-12-03 13:15:00,27644.8,27711.9,27640.45,27653.6,0
2018-12-03 14:15:00,27652.55,27700.0,27605.65,27695.4,0
2018-12-03 15:15:00,27697.1,27702.4,27683.9,27685.5,0
2018-12-04 09:15:00,27679.3,27771.85,27647.4,27703.55,0
2018-12-04 10:15:00,27702.75,27707.55,27620.85,27630.1,0
2018-12-04 11:15:00,27629.95,27664.2,27603.0,27661.65,0
2018-12-04 12:15:00,27661.25,27681.0,27626.5,27630.75,0
2018-12-04 13:15:00,27631.3,27631.3,27575.7,27611.45,0
2018-12-04 14:15:00,27611.2,27617.9,27563.0,27617.9,0
2018-12-04 15:15:00,27617.25,27619.85,27588.45,27590.3,0
2018-12-05 09:15:00,27472.9,27486.05,27331.95,27334.5,0
2018-12-05 10:15:00,27334.45,27342.55,27231.95,27245.7,0
2018-12-05 11:15:00,27246.35,27281.4,27230.5,27268.35,0
2018-12-05 12:15:00,27268.0,27317.2,27253.5,27296.35,0
2018-12-05 13:15:00,27296.0,27324.05,27279.65,27281.5,0
2018-12-05 14:15:00,27281.65,27290.05,27125.55,27224.3,0
2018-12-05 15:15:00,27223.35,27234.95,27207.1,27229.1,0
2018-12-06 09:15:00,27042.45,27042.45,26782.05,26845.35,0
2018-12-06 10:15:00,26845.85,26924.9,26838.05,26856.55,0
2018-12-06 11:15:00,26856.15,26882.05,26811.0,26854.05,0
2018-12-06 12:15:00,26855.05,27026.35,26844.4,27001.7,0
2018-12-06 13:15:00,27001.95,27006.05,26907.05,26920.4,0
2018-12-06 14:15:00,26921.5,26922.2,26798.95,26806.85,0
2018-12-06 15:15:00,26806.2,26807.45,26768.15,26781.2,0
2018-12-07 09:15:00,26884.85,26970.15,26825.9,26831.7,0
2018-12-07 10:15:00,26832.35,26848.35,26753.75,26767.2,0
2018-12-07 11:15:00,26768.85,26854.1,26724.95,26835.0,0
2018-12-07 12:15:00,26834.6,26941.8,26812.7,26835.85,0
2018-12-07 13:15:00,26835.9,26887.05,26785.8,26869.15,0
2018-12-07 14:15:00,26870.8,26935.3,26833.9,26933.65,0
2018-12-07 15:15:00,26935.35,26938.55,26872.15,26877.2,0
2019-01-03 09:15:00,27874.05,28044.8,27802.15,28029.1,0
2019-01-03 10:15:00,28029.25,28042.9,27882.9,27882.9,0
2019-01-03 11:15:00,27883.15,27886.9,27777.75,27794.15,0
2019-01-03 12:15:00,27794.55,27847.85,27765.15,27824.25,0
2019-01-03 13:15:00,27824.3,27834.25,27707.4,27711.15,0
2019-01-03 14:15:00,27712.45,27734.1,27630.7,27682.2,0
2019-01-03 15:15:00,27684.15,27692.6,27651.4,27654.4,0
2019-01-04 09:15:00,27707.2,27842.75,27563.4,27628.3,0
2019-01-04 10:15:00,27627.95,27696.0,27534.35,27643.3,0
2019-01-04 11:15:00,27643.35,27718.9,27639.1,27685.15,0
2019-01-04 12:15:00,27685.2,27779.45,27669.2,27748.4,0
2019-01-04 13:15:00,27748.35,27771.15,27616.5,27618.05,0
2019-01-04 14:15:00,27619.85,27741.5,27593.7,27716.4,0
2019-01-04 15:15:00,27717.4,27734.5,27708.15,27719.95,0
2019-01-07 09:15:00,27893.95,27931.45,27781.15,27843.4,0
2019-01-07 10:15:00,27843.7,27873.2,27822.65,27826.6,0
2019-01-07 11:15:00,27827.65,27833.8,27750.65,27776.05,0
2019-01-07 12:15:00,27775.45,27824.65,27769.95,27808.05,0
2019-01-07 13:15:00,27807.8,27823.3,27751.35,27793.3,0
2019-01-07 14:15:00,27792.15,27795.15,27654.0,27726.35,0
2019-01-07 15:15:00,27728.25,27728.8,27688.9,27689.25,0
2019-07-02 09:15:00,4252.2,4255.45,4219.45,4223.45,0
2019-07-02 10:15:00,4223.85,4227.65,4217.35,4222.25,0
2019-07-02 11:15:00,4222.15,4230.25,4219.0,4228.7,0
2019-07-02 12:15:00,4228.7,4238.2,4223.75,4231.7,0
2019-07-02 13:15:00,4232.1,4237.85,4226.1,4236.85,0
2019-07-02 14:15:00,4236.95,4249.6,4235.95,4248.25,0
2019-07-02 15:15:00,4248.65,4249.95,4245.5,4247.85,0
2019-07-03 09:15:00,4252.7,4262.85,4239.5,4249.15,0
2019-07-03 10:15:00,4249.2,4265.5,4247.8,4260.05,0
2019-07-03 11:15:00,4260.2,4265.25,4254.15,4261.7,0
2019-07-03 12:15:00,4261.75,4265.5,4259.6,4260.5,0
2019-07-03 13:15:00,4261.15,4271.3,4259.75,4270.25,0
2019-07-03 14:15:00,4270.35,4277.35,4260.75,4268.5,0
2019-07-03 15:15:00,4268.4,4269.2,4261.5,4261.95,0
2019-07-04 09:15:00,4269.2,4284.25,4262.1,4270.35,0
2019-07-04 10:15:00,4270.55,4272.65,4256.4,4256.7,0
2019-07-04 11:15:00,4256.95,4269.45,4251.5,4268.5,0
2019-07-04 12:15:00,4268.6,4273.1,4264.05,4270.4,0
2019-07-04 13:15:00,4270.45,4272.0,4261.0,4261.05,0
2019-07-04 14:15:00,4260.55,4266.4,4256.8,4258.75,0
2019-07-04 15:15:00,4258.8,4259.1,4251.4,4254.95,0
2019-07-05 09:15:00,4264.65,4276.25,4258.35,4269.25,0
2019-07-05 10:15:00,4269.6,4271.4,4256.5,4268.0,0
2019-07-05 11:15:00,4268.2,4268.65,4245.5,4253.65,0
2019-07-05 12:15:00,4253.9,4287.75,4243.5,4256.85,0
2019-07-05 13:15:00,4256.75,4264.6,4237.15,4243.1,0
2019-07-05 14:15:00,4243.15,4245.85,4192.75,4196.3,0
2019-07-05 15:15:00,4196.05,4196.85,4177.4,4180.95,0
2019-07-08 09:15:00,4154.3,4162.35,4129.6,4130.6,0
2019-07-08 10:15:00,4130.25,4130.25,4084.6,4090.65,0
2019-07-08 11:15:00,4090.95,4116.95,4086.95,4111.3,0
2019-07-08 12:15:00,4111.4,4112.05,4088.1,4096.3,0
2019-07-08 13:15:00,4096.2,4099.95,4071.0,4072.35,0
2019-07-08 14:15:00,4072.15,4084.25,4065.4,4081.3,0
2019-07-08 15:15:00,4081.05,4087.85,4079.4,4086.65,0
2019-07-09 09:15:00,4060.45,4079.05,4031.4,4051.4,0
2019-07-09 10:15:00,4052.5,4055.15,4035.85,4049.85,0
2019-07-09 11:15:00,4049.85,4079.6,4048.15,4059.2,0
2019-07-09 12:15:00,4059.0,4061.7,4043.15,4051.8,0
2019-07-09 13:15:00,4051.25,4068.3,4045.35,4055.7,0
2019-07-09 14:15:00,4056.1,4089.35,4048.35,4082.7,0
2019-07-09 15:15:00,4082.75,4087.15,4079.3,4080.9,0
2019-07-10 09:15:00,4077.9,4097.45,4061.8,4067.0,0
2019-07-10 10:15:00,4066.65,4079.35,4049.5,4051.6,0
2019-07-10 11:15:00,4052.05,4058.35,4040.45,4044.7,0
2019-07-10 12:15:00,4044.65,4054.05,4033.8,4050.65,0
2019-07-10 13:15:00,4050.9,4062.9,4045.75,4046.85,0
2019-07-10 14:15:00,4046.6,4046.9,4011.3,4018.0,0
2019-07-10 15:15:00,4018.0,4021.1,4015.15,4019.9,0
2019-07-11 09:15:00,4039.1,4050.2,4022.25,4031.05,0
2019-07-11 10:15:00,4030.7,4037.2,4015.9,4030.25,0
2019-07-11 11:15:00,4030.3,4044.6,4027.7,4044.2,0
2019-07-11 12:15:00,4044.35,4049.65,4039.9,4047.85,0
2019-07-11 13:15:00,4047.9,4055.1,4038.8,4041.6,0
2019-07-11 14:15:00,4041.5,4049.95,4037.55,4047.95,0
2019-07-11 15:15:00,4047.9,4049.25,4038.8,4040.15,0
2019-07-12 09:15:00,4050.55,4066.2,4038.75,4056.7,0
2019-07-12 10:15:00,4056.5,4063.55,4051.05,4058.5,0
2019-07-12 11:15:00,4058.55,4074.65,4057.55,4068.15,0
2019-07-12 12:15:00,4068.3,4079.75,4067.45,4077.1,0
2019-07-12 13:15:00,4076.6,4086.5,4067.75,4071.05,0
2019-07-12 14:15:00,4071.45,4075.85,4048.8,4068.35,0
2019-07-12 15:15:00,4068.6,4077.65,4067.5,4071.8,0
2019-07-15 09:15:00,4076.5,4082.25,4031.5,4031.5,0
2019-07-15 10:15:00,4031.45,4046.1,4021.7,4025.5,0
2019-07-15 11:15:00,4025.35,4042.15,4024.95,4038.65,0
2019-07-15 12:15:00,4038.5,4061.8,4032.95,4056.75,0
2019-07-15 13:15:00,4056.8,4059.05,4047.9,4053.85,0
2019-07-15 14:15:00,4053.3,4067.25,4049.2,4065.95,0
2019-07-15 15:15:00,4065.75,4068.35,4061.4,4061.7,0
2019-07-16 09:15:00,4063.0,4088.55,4054.6,4085.3,0
2019-07-16 10:15:00,4085.1,4096.7,4084.5,4091.65,0
2019-07-16 11:15:00,4091.35,4094.95,4084.8,4091.05,0
2019-07-16 12:15:00,4091.4,4099.35,4087.95,4095.2,0
2019-07-16 13:15:00,4094.95,4098.95,4066.2,4085.9,0
2019-07-16 14:15:00,4085.7,4112.75,4080.85,4109.8,0
2019-07-16 15:15:00,4110.05,4112.5,4097.5,4101.55,0
2019-07-17 09:15:00,4105.6,4114.9,4078.4,4100.9,0
2019-07-17 10:15:00,4100.75,4101.65,4079.75,4084.15,0
2019-07-17 11:15:00,4083.85,4098.95,4083.0,4096.3,0
2019-07-17 12:15:00,4096.05,4096.85,4075.8,4076.6,0
2019-07-17 13:15:00,4076.75,4084.8,4069.25,4076.6,0
2019-07-17 14:15:00,4076.4,4090.45,4073.95,4079.0,0
2019-07-17 15:15:00,4079.45,4079.45,4071.45,4074.7,0
2019-07-18 09:15:00,4057.3,4058.2,4015.2,4025.85,0
2019-07-18 10:15:00,4025.4,4030.05,4007.9,4009.55,0
2019-07-18 11:15:00,4009.3,4012.25,3982.4,3985.4,0
2019-07-18 12:15:00,3985.4,3987.65,3972.45,3973.05,0
2019-07-18 13:15:00,3973.25,3977.65,3965.4,3971.95,0
2019-07-18 14:15:00,3971.95,3986.0,3964.25,3969.0,0
2019-07-18 15:15:00,3968.95,3973.6,3961.35,3962.05,0
2019-07-19 09:15:00,3981.6,3993.7,3932.65,3932.75,0
2019-07-19 10:15:00,3932.55,3966.9,3927.95,3950.25,0
2019-07-19 11:15:00,3950.25,3954.8,3935.1,3937.7,0
2019-07-19 12:15:00,3937.6,3938.6,3917.8,3923.3,0
2019-07-19 13:15:00,3922.95,3928.5,3909.85,3913.95,0
2019-07-19 14:15:00,3914.2,3914.7,3895.7,3904.15,0
2019-07-19 15:15:00,3903.75,3916.3,3902.05,3914.45,0
2019-07-22 09:15:00,3909.0,3909.0,3839.0,3885.1,0
2019-07-22 10:15:00,3884.75,3895.9,3866.6,3877.95,0
2019-07-22 11:15:00,3877.95,3878.8,3855.5,3865.75,0
2019-07-22 12:15:00,3865.85,3871.35,3855.45,3857.15,0
2019-07-22 13:15:00,3857.0,3883.95,3853.95,3882.4,0
2019-07-22 14:15:00,3882.45,3892.8,3872.8,3888.0,0
2019-07-22 15:15:00,3887.8,3887.95,3874.25,3875.45,0
2019-07-23 09:15:00,3887.3,3903.8,3863.55,3873.25,0
2019-07-23 10:15:00,3873.15,3878.2,3861.9,3864.35,0
2019-07-23 11:15:00,3864.2,3872.8,3860.6,3867.7,0
2019-07-23 12:15:00,3867.95,3875.1,3856.25,3856.7,0
2019-07-23 13:15:00,3856.9,3874.55,3855.75,3869.3,0
2019-07-23 14:15:00,3869.35,3873.4,3838.05,3854.55,0
2019-07-23 15:15:00,3854.05,3856.0,3847.45,3850.0,0
2019-07-24 09:15:00,3828.1,3848.35,3782.0,3785.5,0
2019-07-24 10:15:00,3785.5,3794.2,3770.45,3778.65,0
2019-07-24 11:15:00,3778.5,3783.45,3770.45,3776.3,0
2019-07-24 12:15:00,3776.55,3776.85,3764.15,3773.05,0
2019-07-24 13:15:00,3772.9,3789.55,3772.5,3777.5,0
2019-07-24 14:15:00,3777.7,3778.25,3753.65,3760.05,0
2019-07-24 15:15:00,3760.05,3763.4,3741.4,3743.25,0
2019-07-25 09:15:00,3753.3,3790.7,3747.5,3778.4,0
2019-07-25 10:15:00,3778.5,3783.9,3767.4,3771.7,0
2019-07-25 11:15:00,3771.7,3778.75,3764.25,3765.75,0
2019-07-25 12:15:00,3765.7,3769.45,3757.5,3759.25,0
2019-07-25 13:15:00,3759.1,3783.6,3757.5,3780.35,0
2019-07-25 14:15:00,3780.5,3788.9,3773.45,3787.8,0
2019-07-25 15:15:00,3788.05,3790.0,3784.1,3789.1,0
2019-07-26 09:15:00,3775.25,3798.5,3767.65,3797.1,0
2019-07-26 10:15:00,3797.15,3803.2,3786.55,3797.05,0
2019-07-26 11:15:00,3797.3,3816.5,3797.1,3815.65,0
2019-07-26 12:15:00,3815.9,3822.75,3802.4,3814.95,0
2019-07-26 13:15:00,3815.15,3830.05,3805.6,3812.2,0
2019-07-26 14:15:00,3812.05,3816.9,3805.95,3810.95,0
2019-07-26 15:15:00,3810.95,3816.95,3809.05,3812.0,0
2019-07-29 09:15:00,3803.5,3809.35,3766.1,3777.5,0
2019-07-29 10:15:00,3777.65,3786.7,3770.6,3777.1,0
2019-07-29 11:15:00,3777.25,3777.6,3757.1,3765.6,0
2019-07-29 12:15:00,3765.3,3780.2,3762.2,3777.85,0
2019-07-29 13:15:00,3777.8,3799.65,3777.05,3797.25,0
2019-07-29 14:15:00,3797.4,3799.6,3766.3,3766.8,0
2019-07-29 15:15:00,3766.55,3769.65,3762.0,3764.15,0
2019-07-30 09:15:00,3773.5,3799.0,3762.1,3787.6,0
2019-07-30 10:15:00,3787.4,3789.45,3767.95,3769.05,0
2019-07-30 11:15:00,3769.0,3779.7,3757.2,3770.4,0
2019-07-30 12:15:00,3770.6,3773.25,3746.95,3750.3,0
2019-07-30 13:15:00,3750.5,3755.2,3731.35,3731.9,0
2019-07-30 14:15:00,3731.75,3732.25,3685.85,3687.3,0
2019-07-30 15:15:00,3687.25,3689.3,3681.3,3683.4,0
2019-07-31 09:15:00,3662.2,3707.05,3653.9,3697.6,0
2019-07-31 10:15:00,3697.7,3726.95,3683.5,3718.05,0
2019-07-31 11:15:00,3718.2,3751.9,3718.2,3742.75,0
2019-07-31 12:15:00,3742.9,3767.25,3741.1,3767.25,0
2019-07-31 13:15:00,3767.35,3771.45,3750.65,3753.15,0
2019-07-31 14:15:00,3753.2,3773.9,3749.05,3773.1,0
2019-07-31 15:15:00,3773.25,3774.15,3761.6,3763.1,0
2019-08-01 09:15:00,3749.25,3772.75,3737.25,3761.75,0
2019-08-01 10:15:00,3761.45,3761.45,3730.55,3735.1,0
2019-08-01 11:15:00,3734.95,3747.65,3724.45,3732.0,0
2019-08-01 12:15:00,3731.8,3749.5,3731.05,3733.0,0
2019-08-01 13:15:00,3733.0,3739.35,3715.15,3728.5,0
2019-08-01 14:15:00,3728.75,3743.2,3688.75,3742.45,0
2019-08-01 15:15:00,3742.6,3745.1,3732.3,3737.45,0
2019-08-02 09:15:00,3711.4,3714.7,3676.6,3679.85,0
2019-08-02 10:15:00,3680.5,3701.7,3666.1,3688.4,0
2019-08-02 11:15:00,3688.6,3738.2,3688.1,3735.4,0
2019-08-02 12:15:00,3735.9,3736.1,3714.05,3725.35,0
2019-08-02 13:15:00,3724.8,3770.25,3724.7,3770.15,0
2019-08-02 14:15:00,3770.25,3776.75,3723.35,3735.85,0
2019-08-02 15:15:00,3736.15,3736.95,3727.6,3728.9,0
2019-08-05 09:15:00,3698.55,3698.55,3632.1,3669.95,0
2019-08-05 10:15:00,3669.45,3676.35,3648.75,3664.75,0
2019-08-05 11:15:00,3663.9,3698.3,3654.4,3695.75,0
2019-08-05 12:15:00,3695.45,3714.6,3689.0,3709.55,0
2019-08-05 13:15:00,3710.0,3717.6,3679.0,3682.6,0
2019-08-05 14:15:00,3682.6,3688.95,3672.75,3679.5,0
2019-08-05 15:15:00,3679.6,3693.2,3678.9,3690.5,0
2019-08-06 09:15:00,3656.5,3741.05,3656.5,3730.8,0
2019-08-06 10:15:00,3731.15,3736.25,3706.9,3708.1,0
2019-08-06 11:15:00,3707.7,3718.75,3707.7,3716.75,0
2019-08-06 12:15:00,3716.35,3732.3,3715.6,3731.9,0
2019-08-06 13:15:00,3732.0,3742.55,3724.95,3740.4,0
2019-08-06 14:15:00,3740.3,3755.85,3738.8,3753.55,0
2019-08-06 15:15:00,3753.6,3755.75,3742.65,3743.35,0
2019-08-07 09:15:00,3752.1,3787.7,3735.45,3785.15,0
2019-08-07 10:15:00,3785.05,3786.7,3765.85,3770.0,0
2019-08-07 11:15:00,3769.65,3786.4,3756.45,3781.95,0
2019-08-07 12:15:00,3781.9,3782.85,3773.75,3777.7,0
2019-08-07 13:15:00,3777.65,3778.05,3739.15,3748.95,0
2019-08-07 14:15:00,3748.7,3753.65,3712.8,3718.35,0
2019-08-07 15:15:00,3718.15,3719.15,3711.2,3712.8,0
2019-08-08 09:15:00,3724.5,3740.9,3703.0,3727.05,0
2019-08-08 10:15:00,3727.3,3748.25,3717.9,3722.95,0
2019-08-08 11:15:00,3723.05,3734.7,3714.5,3718.65,0
2019-08-08 12:15:00,3718.45,3724.05,3700.85,3704.15,0
2019-08-08 13:15:00,3704.2,3723.85,3701.9,3713.15,0
2019-08-08 14:15:00,3712.8,3762.45,3703.4,3762.0,0
2019-08-08 15:15:00,3761.9,3776.75,3761.7,3774.5,0
2019-08-09 09:15:00,3782.0,3846.5,3782.0,3826.25,0
2019-08-09 10:15:00,3826.1,3845.3,3822.15,3838.35,0
2019-08-09 11:15:00,3838.15,3840.35,3827.6,3839.5,0
2019-08-09 12:15:00,3839.55,3841.65,3831.2,3835.65,0
2019-08-09 13:15:00,3836.25,3836.25,3805.45,3812.0,0
2019-08-09 14:15:00,3812.15,3827.75,3799.15,3816.05,0
2019-08-09 15:15:00,3816.8,3821.6,3813.35,3821.05,0
2019-08-13 09:15:00,3821.45,3822.8,3764.85,3765.9,0
2019-08-13 10:15:00,3765.85,3777.6,3747.9,3749.5,0
2019-08-13 11:15:00,3749.9,3749.9,3731.45,3739.5,0
2019-08-13 12:15:00,3738.9,3740.35,3712.85,3716.15,0
2019-08-13 13:15:00,3715.3,3719.8,3703.3,3704.75,0
2019-08-13 14:15:00,3704.45,3705.2,3681.35,3684.15,0
2019-08-13 15:15:00,3683.25,3686.35,3674.55,3680.35,0
2019-08-14 09:15:00,3705.15,3745.65,3699.3,3718.4,0
2019-08-14 10:15:00,3718.45,3746.9,3715.65,3721.4,0
2019-08-14 11:15:00,3721.65,3734.45,3690.85,3697.3,0
2019-08-14 12:15:00,3697.5,3713.45,3696.35,3711.9,0
2019-08-14 13:15:00,3711.55,3737.0,3703.7,3736.2,0
2019-08-14 14:15:00,3736.25,3745.7,3723.3,3733.95,0
2019-08-14 15:15:00,3734.0,3735.7,3721.45,3722.85,0
2019-08-16 09:15:00,3711.0,3723.75,3691.5,3718.05,0
2019-08-16 10:15:00,3717.8,3749.05,3711.6,3744.4,0
2019-08-16 11:15:00,3744.45,3777.3,3742.75,3774.55,0
2019-08-16 12:15:00,3774.4,3782.45,3757.55,3780.8,0
2019-08-16 13:15:00,3780.65,3787.0,3762.25,3775.0,0
2019-08-16 14:15:00,3774.95,3786.65,3773.6,3782.15,0
2019-08-16 15:15:00,3782.2,3790.5,3781.9,3785.75,0
2019-08-19 09:15:00,3801.3,3821.55,3795.2,3805.6,0
2019-08-19 10:15:00,3805.75,3814.7,3804.05,3808.25,0
2019-08-19 11:15:00,3808.3,3817.95,3803.35,3812.5,0
2019-08-19 12:15:00,3812.55,3815.35,3806.3,3811.8,0
2019-08-19 13:15:00,3811.45,3814.1,3802.3,3812.3,0
2019-08-19 14:15:00,3812.15,3812.15,3778.4,3782.95,0
2019-08-19 15:15:00,3782.55,3787.45,3780.3,3781.0,0
2019-08-20 09:15:00,3789.95,3791.95,3741.35,3751.65,0
2019-08-20 10:15:00,3751.65,3763.45,3745.65,3746.0,0
2019-08-20 11:15:00,3746.1,3750.75,3737.8,3739.9,0
2019-08-20 12:15:00,3739.7,3749.1,3732.7,3744.25,0
2019-08-20 13:15:00,3744.25,3767.7,3743.5,3758.25,0
2019-08-20 14:15:00,3757.85,3759.05,3740.25,3753.6,0
2019-08-20 15:15:00,3754.05,3754.95,3748.2,3751.35,0
2019-08-21 09:15:00,3753.1,3753.35,3728.5,3744.25,0
2019-08-21 10:15:00,3744.25,3744.25,3727.75,3729.7,0
2019-08-21 11:15:00,3729.4,3736.6,3715.8,3718.9,0
2019-08-21 12:15:00,3718.65,3724.25,3712.45,3716.4,0
2019-08-21 13:15:00,3716.25,3720.2,3682.55,3683.4,0
2019-08-21 14:15:00,3683.5,3697.4,3682.0,3692.3,0
2019-08-21 15:15:00,3692.45,3693.35,3675.4,3677.75,0
2019-08-22 09:15:00,3663.5,3667.1,3619.95,3623.35,0
2019-08-22 10:15:00,3623.4,3626.95,3612.1,3624.0,0
2019-08-22 11:15:00,3624.0,3650.65,3623.2,3648.85,0
2019-08-22 12:15:00,3648.85,3656.0,3633.1,3649.55,0
2019-08-22 13:15:00,3649.65,3655.55,3622.35,3627.95,0
2019-08-22 14:15:00,3627.55,3632.05,3591.1,3609.35,0
2019-08-22 15:15:00,3609.1,3614.45,3605.8,3607.0,0
2019-08-23 09:15:00,3598.75,3635.7,3554.65,3631.05,0
2019-08-23 10:15:00,3630.85,3646.75,3613.4,3624.6,0
2019-08-23 11:15:00,3623.95,3644.15,3623.65,3630.65,0
2019-08-23 12:15:00,3630.7,3657.95,3630.5,3655.75,0
2019-08-23 13:15:00,3655.75,3675.9,3654.2,3671.0,0
2019-08-23 14:15:00,3670.6,3679.4,3655.25,3660.35,0
2019-08-23 15:15:00,3660.15,3665.15,3656.8,3658.85,0
2019-08-26 09:15:00,3718.5,3722.65,3620.3,3637.95,0
2019-08-26 10:15:00,3637.8,3663.15,3636.25,3653.0,0
2019-08-26 11:15:00,3653.35,3671.15,3650.8,3667.25,0
2019-08-26 12:15:00,3667.35,3691.55,3665.75,3690.15,0
2019-08-26 13:15:00,3690.0,3712.9,3685.05,3709.7,0
2019-08-26 14:15:00,3709.95,3724.85,3703.45,3715.3,0
2019-08-26 15:15:00,3714.7,3722.0,3712.15,3721.5,0
2019-08-27 09:15:00,3734.95,3763.75,3717.75,3733.55,0
2019-08-27 10:15:00,3733.65,3741.65,3728.6,3738.5,0
2019-08-27 11:15:00,3738.65,3748.2,3731.7,3740.7,0
2019-08-27 12:15:00,3740.7,3751.1,3740.3,3744.0,0
2019-08-27 13:15:00,3744.05,3749.0,3735.1,3741.45,0
2019-08-27 14:15:00,3741.4,3747.6,3727.55,3729.0,0
2019-08-27 15:15:00,3728.65,3736.25,3728.15,3736.05,0
2019-08-28 09:15:00,3738.75,3756.35,3707.75,3724.5,0
2019-08-28 10:15:00,3723.9,3739.1,3721.95,3738.8,0
2019-08-28 11:15:00,3738.65,3740.8,3720.3,3726.8,0
2019-08-28 12:15:00,3726.5,3729.6,3712.4,3716.0,0
2019-08-28 13:15:00,3715.25,3718.2,3698.4,3699.4,0
2019-08-28 14:15:00,3699.25,3710.85,3690.55,3702.35,0
2019-08-28 15:15:00,3702.45,3706.45,3695.8,3700.65,0
2019-08-29 09:15:00,3697.5,3697.5,3667.45,3678.55,0
2019-08-29 10:15:00,3678.1,3679.2,3655.9,3658.2,0
2019-08-29 11:15:00,3658.15,3658.5,3646.7,3648.65,0
2019-08-29 12:15:00,3648.6,3669.25,3641.2,3664.25,0
2019-08-29 13:15:00,3664.2,3680.2,3657.15,3679.35,0
2019-08-29 14:15:00,3679.85,3679.85,3663.95,3672.7,0
2019-08-29 15:15:00,3672.7,3682.45,3672.5,3680.55,0
2019-08-30 09:15:00,3688.65,3715.25,3680.6,3696.6,0
2019-08-30 10:15:00,3696.55,3700.9,3681.45,3685.35,0
2019-08-30 11:15:00,3685.2,3689.1,3669.2,3684.1,0
2019-08-30 12:15:00,3683.35,3703.3,3680.85,3698.45,0
2019-08-30 13:15:00,3698.75,3702.5,3683.05,3697.15,0
2019-08-30 14:15:00,3697.25,3738.5,3691.95,3737.75,0
2019-08-30 15:15:00,3737.5,3744.3,3736.6,3741.55,0
2019-09-03 09:15:00,3707.0,3710.6,3682.0,3703.95,0
2019-09-03 10:15:00,3703.55,3709.8,3694.1,3703.65,0
2019-09-03 11:15:00,3703.7,3708.1,3686.2,3687.95,0
2019-09-03 12:15:00,3688.35,3698.05,3679.2,3696.8,0
2019-09-03 13:15:00,3696.7,3701.4,3686.25,3691.9,0
2019-09-03 14:15:00,3691.8,3700.9,3669.05,3673.75,0
2019-09-03 15:15:00,3673.45,3673.5,3660.5,3662.95,0
2019-09-04 09:15:00,3665.1,3671.35,3635.9,3658.45,0
2019-09-04 10:15:00,3658.5,3659.6,3631.85,3638.75,0
2019-09-04 11:15:00,3638.9,3665.05,3638.1,3658.65,0
2019-09-04 12:15:00,3659.1,3677.6,3652.7,3675.7,0
2019-09-04 13:15:00,3675.55,3691.55,3675.55,3687.5,0
2019-09-04 14:15:00,3687.5,3697.85,3668.55,3697.8,0
2019-09-04 15:15:00,3697.7,3698.6,3689.55,3690.3,0
2019-09-05 09:15:00,3698.65,3707.35,3676.3,3702.65,0
2019-09-05 10:15:00,3702.5,3709.45,3688.6,3692.65,0
2019-09-05 11:15:00,3692.15,3698.05,3677.35,3683.9,0
2019-09-05 12:15:00,3683.9,3700.55,3682.6,3698.6,0
2019-09-05 13:15:00,3698.5,3700.15,3679.35,3680.2,0
2019-09-05 14:15:00,3680.2,3691.1,3675.3,3691.1,0
2019-09-05 15:15:00,3690.95,3694.5,3683.1,3683.1,0
2019-09-06 09:15:00,3711.4,3717.95,3697.7,3709.45,0
2019-09-06 10:15:00,3709.45,3720.55,3701.45,3716.45,0
2019-09-06 11:15:00,3716.5,3719.3,3707.7,3718.55,0
2019-09-06 12:15:00,3718.05,3729.1,3716.6,3729.05,0
2019-09-06 13:15:00,3729.0,3732.0,3715.4,3717.55,0
2019-09-06 14:15:00,3717.55,3739.05,3713.05,3735.45,0
2019-09-06 15:15:00,3735.7,3736.15,3728.3,3732.2,0
2019-09-09 09:15:00,3729.6,3742.95,3713.3,3741.2,0
2019-09-09 10:15:00,3741.3,3753.3,3740.1,3750.25,0
2019-09-09 11:15:00,3750.25,3758.4,3747.75,3753.7,0
2019-09-09 12:15:00,3753.1,3759.2,3748.4,3755.8,0
2019-09-09 13:15:00,3755.65,3757.9,3739.85,3753.65,0
2019-09-09 14:15:00,3753.5,3767.45,3745.2,3767.25,0
2019-09-09 15:15:00,3767.65,3773.45,3765.15,3768.6,0
2019-09-11 09:15:00,3776.55,3799.1,3774.55,3795.85,0
2019-09-11 10:15:00,3795.45,3801.55,3784.4,3784.5,0
2019-09-11 11:15:00,3784.75,3787.3,3773.3,3775.85,0
2019-09-11 12:15:00,3775.75,3782.3,3771.0,3780.25,0
2019-09-11 13:15:00,3780.2,3787.0,3773.1,3785.45,0
2019-09-11 14:15:00,3785.3,3791.9,3774.65,3788.6,0
2019-09-11 15:15:00,3789.1,3789.25,3777.05,3777.8,0
2019-09-12 09:15:00,3805.6,3819.95,3800.8,3804.2,0
2019-09-12 10:15:00,3804.45,3805.45,3774.7,3775.4,0
2019-09-12 11:15:00,3775.2,3790.45,3768.05,3787.1,0
2019-09-12 12:15:00,3787.2,3790.55,3780.85,3782.65,0
2019-09-12 13:15:00,3782.55,3785.45,3764.85,3775.05,0
2019-09-12 14:15:00,3774.85,3775.2,3756.05,3761.7,0
2019-09-12 15:15:00,3761.8,3762.5,3755.25,3758.55,0
2019-09-13 09:15:00,3772.7,3775.6,3704.15,3705.2,0
2019-09-13 10:15:00,3705.35,3726.2,3704.75,3721.65,0
2019-09-13 11:15:00,3721.1,3744.2,3719.1,3738.35,0
2019-09-13 12:15:00,3738.2,3742.75,3730.15,3737.0,0
2019-09-13 13:15:00,3736.9,3749.0,3733.25,3742.9,0
2019-09-13 14:15:00,3742.9,3764.45,3741.65,3762.55,0
2019-09-13 15:15:00,3762.5,3764.3,3757.6,3758.4,0
2019-09-16 09:15:00,3735.65,3761.65,3727.85,3756.65,0
2019-09-16 10:15:00,3756.65,3766.8,3751.65,3757.15,0
2019-09-16 11:15:00,3757.15,3760.05,3741.3,3742.6,0
2019-09-16 12:15:00,3742.85,3743.6,3726.75,3728.2,0
2019-09-16 13:15:00,3727.9,3734.2,3721.3,3726.9,0
2019-09-16 14:15:00,3726.9,3739.1,3725.7,3737.8,0
2019-09-16 15:15:00,3737.2,3738.2,3729.3,3730.3,0
2019-09-17 09:15:00,3732.6,3744.3,3718.05,3718.05,0
2019-09-17 10:15:00,3717.7,3718.0,3698.15,3705.4,0
2019-09-17 11:15:00,3705.65,3707.45,3692.5,3695.0,0
2019-09-17 12:15:00,3694.95,3696.1,3685.05,3686.05,0
2019-09-17 13:15:00,3686.15,3687.45,3665.5,3666.85,0
2019-09-17 14:15:00,3666.8,3670.75,3633.55,3638.25,0
2019-09-17 15:15:00,3638.45,3640.55,3633.3,3637.75,0
2019-09-18 09:15:00,3651.7,3663.6,3618.65,3622.35,0
2019-09-18 10:15:00,3622.15,3650.8,3621.75,3644.1,0
2019-09-18 11:15:00,3644.0,3660.85,3642.9,3647.95,0
2019-09-18 12:15:00,3648.25,3659.7,3645.25,3650.45,0
2019-09-18 13:15:00,3650.7,3654.05,3635.85,3649.2,0
2019-09-18 14:15:00,3649.0,3660.1,3643.35,3646.2,0
2019-09-18 15:15:00,3646.75,3647.75,3642.25,3646.25,0
2019-09-19 09:15:00,3648.65,3648.65,3606.95,3607.95,0
2019-09-19 10:15:00,3608.2,3608.5,3581.4,3586.2,0
2019-09-19 11:15:00,3586.0,3602.2,3585.85,3590.35,0
2019-09-19 12:15:00,3590.5,3592.25,3574.8,3578.35,0
2019-09-19 13:15:00,3577.85,3589.35,3574.95,3588.25,0
2019-09-19 14:15:00,3588.85,3593.1,3567.7,3586.4,0
2019-09-19 15:15:00,3586.2,3588.4,3576.2,3577.45,0
2019-09-20 09:15:00,3590.75,3594.6,3555.1,3571.15,0
2019-09-20 10:15:00,3571.0,3687.6,3569.05,3681.9,0
2019-09-20 11:15:00,3683.0,3793.2,3678.55,3792.1,0
2019-09-20 12:15:00,3792.7,3806.55,3759.4,3800.35,0
2019-09-20 13:15:00,3800.15,3832.45,3799.4,3830.1,0
2019-09-20 14:15:00,3830.25,3835.35,3776.55,3825.25,0
2019-09-20 15:15:00,3824.9,3828.25,3813.9,3817.05,0
2019-09-23 09:15:00,3868.6,3925.45,3845.45,3853.75,0
2019-09-23 10:15:00,3854.2,3872.85,3836.4,3872.5,0
2019-09-23 11:15:00,3873.2,3898.35,3859.2,3893.65,0
2019-09-23 12:15:00,3894.05,3930.35,3890.2,3928.9,0
2019-09-23 13:15:00,3928.4,3929.2,3890.5,3893.45,0
2019-09-23 14:15:00,3893.55,3905.35,3884.8,3894.3,0
2019-09-23 15:15:00,3893.05,3893.05,3875.35,3884.1,0
2019-09-24 09:15:00,3903.2,3929.3,3868.65,3897.6,0
2019-09-24 10:15:00,3897.35,3902.2,3873.05,3873.4,0
2019-09-24 11:15:00,3873.4,3891.95,3868.0,3874.6,0
2019-09-24 12:15:00,3874.55,3885.85,3852.4,3854.35,0
2019-09-24 13:15:00,3854.2,3863.95,3840.75,3860.45,0
2019-09-24 14:15:00,3860.35,3880.75,3852.35,3855.6,0
2019-09-24 15:15:00,3855.75,3859.55,3851.2,3856.5,0
2019-09-25 09:15:00,3841.25,3841.25,3809.5,3823.15,0
2019-09-25 10:15:00,3822.55,3823.3,3797.4,3798.8,0
2019-09-25 11:15:00,3798.75,3801.55,3786.05,3787.0,0
2019-09-25 12:15:00,3786.85,3806.55,3783.5,3784.45,0
2019-09-25 13:15:00,3784.35,3785.15,3762.4,3763.7,0
2019-09-25 14:15:00,3763.35,3786.75,3761.85,3778.1,0
2019-09-25 15:15:00,3778.55,3779.2,3763.85,3766.0,0
2019-09-26 09:15:00,3790.7,3810.1,3782.0,3805.55,0
2019-09-26 10:15:00,3805.5,3827.15,3805.2,3817.85,0
2019-09-26 11:15:00,3818.1,3825.55,3799.9,3801.25,0
2019-09-26 12:15:00,3801.15,3815.2,3790.35,3809.5,0
2019-09-26 13:15:00,3809.7,3819.0,3799.9,3814.2,0
2019-09-26 14:15:00,3814.1,3825.5,3811.45,3815.6,0
2019-09-26 15:15:00,3815.15,3827.25,3815.05,3827.25,0
2019-09-27 09:15:00,3820.25,3827.35,3792.45,3803.8,0
2019-09-27 10:15:00,3804.15,3804.3,3787.5,3787.55,0
2019-09-27 11:15:00,3788.15,3811.6,3785.95,3802.6,0
2019-09-27 12:15:00,3802.7,3814.7,3799.8,3808.7,0
2019-09-27 13:15:00,3808.95,3822.0,3804.9,3806.45,0
2019-09-27 14:15:00,3807.5,3809.2,3782.15,3783.05,0
2019-09-27 15:15:00,3783.85,3787.2,3779.95,3784.45,0
2019-09-30 09:15:00,3790.4,3790.55,3722.0,3723.1,0
2019-09-30 10:15:00,3723.3,3730.4,3714.05,3715.15,0
2019-09-30 11:15:00,3715.2,3718.55,3691.4,3700.8,0
2019-09-30 12:15:00,3700.7,3725.8,3691.4,3724.55,0
2019-09-30 13:15:00,3725.0,3730.9,3716.2,3723.2,0
2019-09-30 14:15:00,3722.9,3744.25,3716.1,3723.95,0
2019-09-30 15:15:00,3724.0,3728.15,3722.0,3723.35,0
2019-10-01 09:15:00,3734.9,3762.3,3699.95,3713.5,0
2019-10-01 10:15:00,3713.6,3752.0,3711.8,3732.2,0
2019-10-01 11:15:00,3732.15,3742.9,3707.65,3707.7,0
2019-10-01 12:15:00,3707.65,3728.9,3698.85,3714.85,0
2019-10-01 13:15:00,3715.3,3715.85,3629.55,3629.65,0
2019-10-01 14:15:00,3629.9,3690.55,3615.35,3677.7,0
2019-10-01 15:15:00,3678.9,3682.45,3676.75,3680.85,0
2019-10-03 09:15:00,3657.9,3701.45,3631.0,3680.45,0
2019-10-03 10:15:00,3680.65,3693.85,3665.5,3689.85,0
2019-10-03 11:15:00,3689.9,3696.95,3683.5,3694.2,0
2019-10-03 12:15:00,3694.0,3702.35,3667.95,3669.8,0
2019-10-03 13:15:00,3669.45,3674.2,3650.1,3673.4,0
2019-10-03 14:15:00,3673.2,3685.9,3667.7,3684.55,0
2019-10-03 15:15:00,3684.1,3687.55,3681.85,3684.6,0
2019-10-04 09:15:00,3702.2,3711.05,3685.85,3693.2,0
2019-10-04 10:15:00,3693.3,3695.55,3678.0,3682.9,0
2019-10-04 11:15:00,3683.45,3688.8,3652.2,3659.25,0
2019-10-04 12:15:00,3658.85,3678.55,3637.35,3644.3,0
2019-10-04 13:15:00,3644.5,3650.45,3621.55,3641.55,0
2019-10-04 14:15:00,3641.7,3648.15,3619.4,3622.3,0
2019-10-04 15:15:00,3622.35,3625.3,3617.15,3620.9,0
2019-10-07 09:15:00,3618.35,3622.45,3575.35,3620.55,0
2019-10-07 10:15:00,3620.3,3621.45,3594.75,3607.45,0
2019-10-07 11:15:00,3607.4,3621.9,3597.65,3618.8,0
2019-10-07 12:15:00,3619.0,3624.7,3607.45,3611.5,0
2019-10-07 13:15:00,3611.7,3617.35,3603.1,3605.75,0
2019-10-07 14:15:00,3605.9,3617.25,3600.2,3612.7,0
2019-10-07 15:15:00,3612.85,3619.5,3612.3,3613.95,0
2019-10-09 09:15:00,3617.7,3626.2,3585.55,3589.7,0
2019-10-09 10:15:00,3589.75,3612.2,3583.6,3605.05,0
2019-10-09 11:15:00,3605.45,3642.6,3604.45,3638.3,0
2019-10-09 12:15:00,3638.05,3645.35,3629.4,3644.75,0
2019-10-09 13:15:00,3645.0,3646.7,3630.0,3643.1,0
2019-10-09 14:15:00,3643.25,3672.55,3642.65,3665.6,0
2019-10-09 15:15:00,3665.85,3678.85,3665.4,3673.65,0
2019-10-10 09:15:00,3665.2,3686.95,3642.95,3667.25,0
2019-10-10 10:15:00,3667.05,3676.15,3651.7,3654.05,0
2019-10-10 11:15:00,3653.65,3657.65,3642.9,3650.85,0
2019-10-10 12:15:00,3650.75,3657.25,3633.0,3636.9,0
2019-10-10 13:15:00,3637.05,3648.2,3627.8,3638.4,0
2019-10-10 14:15:00,3638.3,3640.75,3629.95,3633.3,0
2019-10-10 15:15:00,3633.65,3634.2,3627.9,3628.45,0
2019-10-11 09:15:00,3642.25,3669.4,3637.75,3650.4,0
2019-10-11 10:15:00,3650.65,3653.85,3617.35,3626.5,0
2019-10-11 11:15:00,3626.35,3638.55,3618.8,3625.0,0
2019-10-11 12:15:00,3625.75,3637.7,3619.85,3635.1,0
2019-10-11 13:15:00,3635.1,3651.75,3625.6,3647.5,0
2019-10-11 14:15:00,3646.95,3655.7,3634.05,3645.2,0
2019-10-11 15:15:00,3645.3,3645.95,3635.8,3638.0,0
2019-10-14 09:15:00,3654.85,3669.65,3642.65,3653.25,0
2019-10-14 10:15:00,3653.35,3680.55,3653.25,3670.85,0
2019-10-14 11:15:00,3671.0,3672.55,3656.85,3669.3,0
2019-10-14 12:15:00,3669.25,3676.95,3666.4,3672.5,0
2019-10-14 13:15:00,3672.15,3681.45,3669.75,3671.15,0
2019-10-14 14:15:00,3670.9,3675.1,3647.1,3647.6,0
2019-10-14 15:15:00,3647.9,3649.0,3639.4,3642.7,0
2019-10-15 09:15:00,3654.65,3654.65,3629.8,3651.5,0
2019-10-15 10:15:00,3651.7,3660.65,3643.6,3657.25,0
2019-10-15 11:15:00,3657.05,3667.7,3653.2,3662.3,0
2019-10-15 12:15:00,3662.9,3665.2,3651.4,3653.8,0
2019-10-15 13:15:00,3653.4,3664.7,3650.4,3663.4,0
2019-10-15 14:15:00,3663.35,3672.5,3655.4,3666.85,0
2019-10-15 15:15:00,3666.85,3671.25,3665.75,3668.15,0
2019-10-16 09:15:00,3678.6,3686.25,3664.35,3670.85,0
2019-10-16 10:15:00,3670.95,3678.2,3668.3,3670.4,0
2019-10-16 11:15:00,3670.45,3673.8,3658.9,3667.05,0
2019-10-16 12:15:00,3667.0,3668.1,3652.45,3655.75,0
2019-10-16 13:15:00,3655.75,3657.25,3628.95,3649.7,0
2019-10-16 14:15:00,3649.6,3665.3,3645.35,3663.95,0
2019-10-16 15:15:00,3664.2,3665.45,3656.15,3660.55,0
2019-10-17 09:15:00,3665.6,3669.2,3646.8,3660.95,0
2019-10-17 10:15:00,3660.7,3667.55,3642.4,3644.3,0
2019-10-17 11:15:00,3644.4,3657.5,3633.1,3651.4,0
2019-10-17 12:15:00,3651.65,3661.7,3650.35,3660.9,0
2019-10-17 13:15:00,3661.0,3681.2,3656.0,3677.7,0
2019-10-17 14:15:00,3677.5,3723.25,3671.95,3715.55,0
2019-10-17 15:15:00,3715.7,3720.85,3711.6,3718.1,0
2019-10-18 09:15:00,3712.55,3765.05,3703.65,3756.75,0
2019-10-18 10:15:00,3756.9,3762.85,3750.85,3752.85,0
2019-10-18 11:15:00,3752.7,3765.5,3751.8,3759.85,0
2019-10-18 12:15:00,3759.95,3772.85,3757.8,3768.0,0
2019-10-18 13:15:00,3768.05,3783.15,3763.4,3780.75,0
2019-10-18 14:15:00,3780.65,3783.4,3758.8,3768.15,0
2019-10-18 15:15:00,3767.7,3769.5,3764.4,3766.35,0
2019-10-22 09:15:00,3769.25,3815.15,3756.3,3802.25,0
2019-10-22 10:15:00,3802.55,3808.75,3794.85,3800.05,0
2019-10-22 11:15:00,3799.6,3810.2,3798.2,3807.3,0
2019-10-22 12:15:00,3807.45,3814.65,3792.4,3793.85,0
2019-10-22 13:15:00,3794.05,3795.55,3781.75,3785.4,0
2019-10-22 14:15:00,3785.1,3800.25,3773.9,3783.85,0
2019-10-22 15:15:00,3783.75,3790.15,3779.15,3785.85,0
2019-10-23 09:15:00,3791.95,3798.0,3756.25,3789.2,0
2019-10-23 10:15:00,3789.65,3815.55,3788.95,3811.5,0
2019-10-23 11:15:00,3811.65,3830.6,3810.8,3825.0,0
2019-10-23 12:15:00,3825.1,3825.85,3810.25,3818.1,0
2019-10-23 13:15:00,3818.15,3825.95,3807.6,3808.6,0
2019-10-23 14:15:00,3808.6,3816.1,3796.15,3811.95,0
2019-10-23 15:15:00,3811.65,3814.75,3806.3,3809.7,0
2019-10-24 09:15:00,3820.7,3836.5,3813.95,3829.85,0
2019-10-24 10:15:00,3829.8,3832.8,3793.35,3794.4,0
2019-10-24 11:15:00,3794.5,3808.1,3794.15,3806.4,0
2019-10-24 12:15:00,3807.2,3810.45,3788.2,3788.2,0
2019-10-24 13:15:00,3788.25,3793.85,3769.8,3787.2,0
2019-10-24 14:15:00,3787.0,3796.5,3783.3,3792.95,0
2019-10-24 15:15:00,3792.6,3797.45,3790.85,3794.0,0
2019-10-25 09:15:00,3807.1,3819.3,3788.7,3799.45,0
2019-10-25 10:15:00,3799.2,3813.8,3796.8,3805.25,0
2019-10-25 11:15:00,3805.35,3808.0,3800.5,3802.55,0
2019-10-25 12:15:00,3802.45,3803.8,3780.9,3781.8,0
2019-10-25 13:15:00,3781.45,3795.95,3777.65,3795.0,0
2019-10-25 14:15:00,3795.1,3811.65,3788.3,3805.05,0
2019-10-25 15:15:00,3805.3,3807.1,3798.8,3799.65,0
2019-10-27 18:15:00,3829.7,3837.55,3816.15,3819.4,0
2019-10-29 09:15:00,3829.6,3840.25,3816.1,3836.95,0
2019-10-29 10:15:00,3836.65,3843.9,3829.05,3840.65,0
2019-10-29 11:15:00,3840.6,3868.35,3840.5,3867.4,0
2019-10-29 12:15:00,3867.45,3885.3,3864.25,3883.85,0
2019-10-29 13:15:00,3883.9,3888.65,3875.0,3888.65,0
2019-10-29 14:15:00,3888.35,3893.35,3869.2,3874.3,0
2019-10-29 15:15:00,3874.05,3881.15,3869.65,3879.85,0
2019-10-30 09:15:00,3889.35,3901.2,3871.25,3895.55,0
2019-10-30 10:15:00,3895.9,3907.4,3893.9,3899.8,0
2019-10-30 11:15:00,3899.55,3912.1,3895.7,3911.55,0
2019-10-30 12:15:00,3911.55,3917.55,3904.25,3909.05,0
2019-10-30 13:15:00,3909.75,3913.65,3897.35,3901.2,0
2019-10-30 14:15:00,3901.55,3904.65,3883.65,3895.8,0
2019-10-30 15:15:00,3895.45,3900.35,3892.5,3893.4,0
2019-10-31 09:15:00,3912.55,3941.05,3908.45,3940.25,0
2019-10-31 10:15:00,3940.4,3958.35,3936.05,3957.2,0
2019-10-31 11:15:00,3957.1,3962.05,3950.65,3957.75,0
2019-10-31 12:15:00,3957.9,3965.8,3955.35,3960.9,0
2019-10-31 13:15:00,3960.95,3980.5,3959.05,3979.3,0
2019-10-31 14:15:00,3979.55,3983.2,3957.2,3977.2,0
2019-10-31 15:15:00,3977.6,3977.75,3964.05,3969.25,0
2019-11-01 09:15:00,3972.15,3992.85,3965.4,3978.7,0
2019-11-01 10:15:00,3978.55,3978.9,3954.35,3971.25,0
2019-11-01 11:15:00,3971.45,3976.9,3960.85,3970.45,0
2019-11-01 12:15:00,3970.7,3974.4,3958.4,3963.85,0
2019-11-01 13:15:00,3963.6,3979.3,3960.75,3974.1,0
2019-11-01 14:15:00,3974.0,3979.7,3961.5,3965.25,0
2019-11-01 15:15:00,3965.35,3968.65,3960.5,3963.25,0
2019-11-04 09:15:00,3978.45,3985.65,3962.35,3972.0,0
2019-11-04 10:15:00,3972.25,3991.25,3971.75,3982.9,0
2019-11-04 11:15:00,3983.05,3983.65,3940.1,3944.05,0
2019-11-04 12:15:00,3943.9,3958.75,3942.1,3952.9,0
2019-11-04 13:15:00,3953.1,3965.15,3949.6,3958.85,0
2019-11-04 14:15:00,3958.85,3959.85,3939.1,3941.8,0
2019-11-04 15:15:00,3941.85,3943.75,3938.5,3941.15,0
2019-11-05 09:15:00,3957.95,3969.25,3945.15,3952.9,0
2019-11-05 10:15:00,3953.4,3957.15,3941.55,3944.35,0
2019-11-05 11:15:00,3944.3,3945.6,3913.8,3919.7,0
2019-11-05 12:15:00,3919.55,3924.8,3897.95,3897.95,0
2019-11-05 13:15:00,3898.75,3907.45,3892.75,3906.55,0
2019-11-05 14:15:00,3906.55,3912.8,3899.95,3901.4,0
2019-11-05 15:15:00,3901.3,3901.6,3893.05,3895.5,0
2019-11-06 09:15:00,3895.45,3903.8,3870.25,3876.0,0
2019-11-06 10:15:00,3876.0,3887.7,3869.6,3877.4,0
2019-11-06 11:15:00,3877.65,3904.25,3874.55,3898.7,0
2019-11-06 12:15:00,3898.8,3910.75,3896.8,3910.15,0
2019-11-06 13:15:00,3910.15,3919.45,3904.2,3910.25,0
2019-11-06 14:15:00,3910.05,3913.1,3884.15,3885.15,0
2019-11-06 15:15:00,3885.55,3888.0,3881.8,3883.8,0
2019-11-07 09:15:00,3921.9,3928.15,3904.0,3908.6,0
2019-11-07 10:15:00,3908.15,3910.9,3901.2,3909.8,0
2019-11-07 11:15:00,3909.65,3923.6,3903.75,3922.55,0
2019-11-07 12:15:00,3922.65,3922.9,3905.25,3913.7,0
2019-11-07 13:15:00,3913.8,3922.75,3911.65,3921.25,0
2019-11-07 14:15:00,3921.3,3924.05,3913.85,3917.9,0
2019-11-07 15:15:00,3917.85,3922.55,3914.4,3921.9,0
2019-11-08 09:15:00,3923.2,3940.45,3906.95,3936.75,0
2019-11-08 10:15:00,3936.7,3943.5,3917.95,3926.35,0
2019-11-08 11:15:00,3926.6,3941.2,3923.85,3928.5,0
2019-11-08 12:15:00,3928.4,3936.7,3925.45,3928.6,0
2019-11-08 13:15:00,3928.5,3931.75,3905.0,3912.1,0
2019-11-08 14:15:00,3912.1,3913.4,3877.95,3878.2,0
2019-11-08 15:15:00,3877.35,3885.65,3874.25,3881.0,0
2019-11-11 09:15:00,3873.95,3918.35,3871.1,3917.0,0
2019-11-11 10:15:00,3916.65,3921.3,3912.1,3915.5,0
2019-11-11 11:15:00,3915.55,3918.5,3890.65,3896.35,0
2019-11-11 12:15:00,3896.45,3905.55,3893.85,3900.25,0
2019-11-11 13:15:00,3900.0,3903.85,3894.15,3902.2,0
2019-11-11 14:15:00,3902.45,3911.35,3898.55,3909.55,0
2019-11-11 15:15:00,3909.6,3912.75,3907.7,3909.15,0
2019-11-13 09:15:00,3905.95,3917.95,3897.75,3905.9,0
2019-11-13 10:15:00,3906.1,3910.7,3890.05,3895.1,0
2019-11-13 11:15:00,3895.15,3895.4,3879.8,3881.4,0
2019-11-13 12:15:00,3881.45,3888.0,3878.8,3883.5,0
2019-11-13 13:15:00,3883.3,3883.85,3872.25,3872.65,0
2019-11-13 14:15:00,3872.75,3872.8,3845.35,3851.05,0
2019-11-13 15:15:00,3851.6,3855.7,3849.2,3849.2,0
2019-11-14 09:15:00,3850.65,3862.65,3835.3,3859.05,0
2019-11-14 10:15:00,3859.2,3883.3,3855.2,3879.65,0
2019-11-14 11:15:00,3879.75,3881.25,3858.3,3865.55,0
2019-11-14 12:15:00,3865.9,3873.15,3858.1,3870.5,0
2019-11-14 13:15:00,3870.5,3886.45,3867.3,3885.0,0
2019-11-14 14:15:00,3885.2,3894.3,3871.1,3893.15,0
2019-11-14 15:15:00,3892.4,3892.4,3886.35,3892.0,0
2019-11-15 09:15:00,3908.5,3923.8,3901.35,3909.65,0
2019-11-15 10:15:00,3909.3,3917.05,3889.0,3894.5,0
2019-11-15 11:15:00,3894.45,3896.5,3887.9,3894.45,0
2019-11-15 12:15:00,3894.9,3899.4,3888.55,3894.4,0
2019-11-15 13:15:00,3894.4,3906.5,3892.4,3906.0,0
2019-11-15 14:15:00,3906.0,3910.7,3887.35,3891.5,0
2019-11-15 15:15:00,3891.35,3894.0,3884.75,3889.7,0
2019-11-18 09:15:00,3905.55,3912.25,3897.7,3906.85,0
2019-11-18 10:15:00,3906.45,3938.25,3904.1,3932.25,0
2019-11-18 11:15:00,3932.25,3936.5,3921.2,3934.25,0
2019-11-18 12:15:00,3934.5,3942.85,3931.8,3941.1,0
2019-11-18 13:15:00,3941.3,3954.5,3935.5,3954.5,0
2019-11-18 14:15:00,3954.4,3959.1,3944.25,3948.1,0
2019-11-18 15:15:00,3948.15,3955.3,3945.9,3952.25,0
2019-11-19 09:15:00,3962.8,3969.65,3947.4,3953.7,0
2019-11-19 10:15:00,3953.95,3968.85,3953.0,3956.45,0
2019-11-19 11:15:00,3956.35,3959.3,3951.15,3952.3,0
2019-11-19 12:15:00,3952.4,3962.1,3943.15,3951.7,0
2019-11-19 13:15:00,3951.55,3964.45,3950.05,3959.3,0
2019-11-19 14:15:00,3959.35,3965.25,3953.15,3959.45,0
2019-11-19 15:15:00,3959.4,3964.75,3958.3,3962.55,0
2019-11-20 09:15:00,3973.35,3995.9,3970.25,3993.35,0
2019-11-20 10:15:00,3993.65,4002.7,3981.25,3984.05,0
2019-11-20 11:15:00,3983.95,3989.2,3982.85,3985.55,0
2019-11-20 12:15:00,3985.3,3988.3,3980.9,3983.1,0
2019-11-20 13:15:00,3982.9,3983.25,3966.05,3977.85,0
2019-11-20 14:15:00,3977.9,3985.55,3970.7,3980.45,0
2019-11-20 15:15:00,3980.55,3982.2,3977.45,3978.05,0
2019-11-21 09:15:00,3980.25,4005.25,3970.5,4002.45,0
2019-11-21 10:15:00,4002.55,4004.65,3979.7,3989.2,0
2019-11-21 11:15:00,3988.85,3988.85,3980.0,3984.35,0
2019-11-21 12:15:00,3984.35,3988.9,3976.2,3979.05,0
2019-11-21 13:15:00,3978.65,3979.85,3962.25,3964.65,0
2019-11-21 14:15:00,3964.6,3968.3,3942.1,3948.15,0
2019-11-21 15:15:00,3947.8,3948.9,3937.45,3938.75,0
2019-11-22 09:15:00,3944.15,3948.8,3917.5,3923.2,0
2019-11-22 10:15:00,3923.4,3945.4,3918.95,3936.8,0
2019-11-22 11:15:00,3937.05,3938.1,3918.2,3923.8,0
2019-11-22 12:15:00,3923.85,3931.5,3915.6,3919.1,0
2019-11-22 13:15:00,3918.95,3936.35,3918.1,3931.85,0
2019-11-22 14:15:00,3931.8,3934.8,3918.75,3930.85,0
2019-11-22 15:15:00,3930.9,3934.15,3927.7,3927.95,0
2019-11-25 09:15:00,3934.5,3948.25,3927.2,3947.15,0
2019-11-25 10:15:00,3947.2,3954.15,3945.0,3953.75,0
2019-11-25 11:15:00,3953.7,3964.3,3953.05,3962.6,0
2019-11-25 12:15:00,3962.85,3978.65,3962.85,3972.85,0
2019-11-25 13:15:00,3973.2,3977.45,3966.2,3970.15,0
2019-11-25 14:15:00,3970.25,3992.1,3969.8,3990.8,0
2019-11-25 15:15:00,3991.35,3992.4,3986.25,3991.0,0
2019-11-26 09:15:00,4003.5,4031.4,3998.85,4001.5,0
2019-11-26 10:15:00,4001.4,4008.95,3989.6,4002.1,0
2019-11-26 11:15:00,4002.25,4004.7,3997.2,4003.3,0
2019-11-26 12:15:00,4003.2,4010.2,4002.05,4007.05,0
2019-11-26 13:15:00,4007.2,4007.85,3982.45,3982.45,0
2019-11-26 14:15:00,3982.5,3985.1,3953.55,3966.95,0
2019-11-26 15:15:00,3966.6,3972.4,3962.9,3967.3,0
2019-11-27 09:15:00,3981.2,3991.4,3970.3,3986.35,0
2019-11-27 10:15:00,3985.9,3988.8,3976.4,3979.0,0
2019-11-27 11:15:00,3979.15,3981.1,3974.45,3977.4,0
2019-11-27 12:15:00,3977.3,3987.4,3976.55,3982.3,0
2019-11-27 13:15:00,3982.1,3987.3,3977.5,3982.95,0
2019-11-27 14:15:00,3983.0,4002.3,3982.45,4001.45,0
2019-11-27 15:15:00,4001.3,4008.45,3999.3,4006.95,0
2019-11-28 09:15:00,4010.2,4022.8,4010.2,4018.25,0
2019-11-28 10:15:00,4018.05,4020.55,4004.5,4006.05,0
2019-11-28 11:15:00,4005.95,4031.85,4005.25,4029.55,0
2019-11-28 12:15:00,4029.65,4043.75,4028.55,4043.75,0
2019-11-28 13:15:00,4043.75,4055.45,4040.6,4054.2,0
2019-11-28 14:15:00,4054.15,4080.0,4052.9,4072.5,0
2019-11-28 15:15:00,4072.7,4075.55,4067.2,4071.95,0
2019-11-29 09:15:00,4070.1,4100.75,4062.15,4084.0,0
2019-11-29 10:15:00,4084.15,4086.25,4053.85,4057.8,0
2019-11-29 11:15:00,4057.25,4061.2,4032.6,4050.95,0
2019-11-29 12:15:00,4051.0,4063.6,4050.5,4060.55,0
2019-11-29 13:15:00,4060.7,4060.7,4033.5,4036.3,0
2019-11-29 14:15:00,4036.05,4063.6,4031.55,4056.25,0
2019-11-29 15:15:00,4056.65,4058.05,4051.35,4056.1,0
2019-12-02 09:15:00,4059.65,4060.3,4027.5,4030.35,0
2019-12-02 10:15:00,4030.7,4034.0,4007.4,4016.55,0
2019-12-02 11:15:00,4016.25,4039.95,4016.25,4037.05,0
2019-12-02 12:15:00,4037.05,4043.8,4022.9,4023.65,0
2019-12-02 13:15:00,4023.55,4041.9,4022.7,4035.8,0
2019-12-02 14:15:00,4035.75,4037.25,4023.5,4026.9,0
2019-12-02 15:15:00,4026.85,4027.95,4022.5,4026.1,0
2019-12-03 09:15:00,4024.0,4031.35,4004.1,4016.9,0
2019-12-03 10:15:00,4017.0,4022.05,3990.55,3992.85,0
2019-12-03 11:15:00,3992.9,3995.3,3966.5,3970.75,0
2019-12-03 12:15:00,3970.95,3972.15,3953.9,3956.35,0
2019-12-03 13:15:00,3956.15,3964.9,3954.85,3954.95,0
2019-12-03 14:15:00,3954.75,3968.85,3948.4,3958.75,0
2019-12-03 15:15:00,3958.25,3959.55,3951.45,3953.2,0
2019-12-04 09:15:00,3941.65,3987.7,3926.9,3987.55,0
2019-12-04 10:15:00,3987.6,3991.35,3971.3,3977.1,0
2019-12-04 11:15:00,3977.3,3978.3,3967.0,3973.7,0
2019-12-04 12:15:00,3973.7,3979.25,3959.5,3965.05,0
2019-12-04 13:15:00,3964.7,3983.8,3962.85,3973.85,0
2019-12-04 14:15:00,3973.55,3992.9,3970.75,3990.7,0
2019-12-04 15:15:00,3990.65,3992.95,3987.3,3989.4,0
2019-12-05 09:15:00,3997.2,4003.8,3982.0,3986.35,0
2019-12-05 10:15:00,3986.35,4004.15,3985.7,4001.3,0
2019-12-05 11:15:00,4001.75,4003.15,3967.7,3981.15,0
2019-12-05 12:15:00,3981.5,3990.05,3969.55,3985.85,0
2019-12-05 13:15:00,3985.85,3993.2,3972.7,3976.9,0
2019-12-05 14:15:00,3977.3,3980.4,3964.3,3977.5,0
2019-12-05 15:15:00,3977.7,3979.7,3968.65,3972.7,0
2019-12-06 09:15:00,3978.0,3979.5,3962.75,3970.05,0
2019-12-06 10:15:00,3970.1,3970.1,3949.2,3949.2,0
2019-12-06 11:15:00,3949.6,3951.2,3928.1,3936.15,0
2019-12-06 12:15:00,3936.2,3946.65,3932.7,3935.3,0
2019-12-06 13:15:00,3935.3,3937.65,3907.05,3907.25,0
2019-12-06 14:15:00,3907.45,3912.45,3886.45,3892.7,0
2019-12-06 15:15:00,3892.45,3894.4,3885.75,3890.05,0
2019-12-09 09:15:00,3896.95,3910.85,3873.35,3907.15,0
2019-12-09 10:15:00,3907.2,3933.75,3896.55,3923.7,0
2019-12-09 11:15:00,3923.95,3930.7,3917.8,3917.9,0
2019-12-09 12:15:00,3918.0,3922.9,3910.15,3919.6,0
2019-12-09 13:15:00,3919.5,3921.75,3903.55,3906.4,0
2019-12-09 14:15:00,3906.55,3916.2,3894.05,3899.1,0
2019-12-09 15:15:00,3899.35,3900.75,3896.7,3898.3,0
2019-12-10 09:15:00,3902.15,3912.75,3885.85,3891.05,0
2019-12-10 10:15:00,3891.05,3893.05,3879.7,3883.95,0
2019-12-10 11:15:00,3883.95,3889.15,3876.9,3880.5,0
2019-12-10 12:15:00,3880.9,3895.55,3879.5,3890.9,0
2019-12-10 13:15:00,3890.75,3892.7,3870.6,3871.25,0
2019-12-10 14:15:00,3871.3,3873.15,3851.9,3860.25,0
2019-12-10 15:15:00,3860.4,3861.75,3854.15,3858.8,0
2019-12-11 09:15:00,3870.05,3895.9,3868.9,3895.05,0
2019-12-11 10:15:00,3894.85,3898.85,3887.3,3890.6,0
2019-12-11 11:15:00,3890.65,3891.05,3869.45,3876.6,0
2019-12-11 12:15:00,3876.5,3885.55,3875.75,3880.5,0
2019-12-11 13:15:00,3880.65,3893.35,3879.0,3889.3,0
2019-12-11 14:15:00,3889.15,3910.05,3873.35,3907.35,0
2019-12-11 15:15:00,3907.2,3910.0,3903.1,3908.35,0
2019-12-12 09:15:00,3923.15,3939.75,3917.2,3924.95,0
2019-12-12 10:15:00,3925.25,3929.45,3914.9,3922.3,0
2019-12-12 11:15:00,3922.45,3928.0,3916.1,3922.25,0
2019-12-12 12:15:00,3922.2,3930.65,3919.85,3929.25,0
2019-12-12 13:15:00,3929.2,3938.7,3922.6,3935.55,0
2019-12-12 14:15:00,3935.6,3954.2,3933.05,3940.6,0
2019-12-12 15:15:00,3940.6,3944.6,3937.95,3940.1,0
2019-12-13 09:15:00,3955.0,3972.4,3953.45,3964.4,0
2019-12-13 10:15:00,3965.05,3966.7,3948.85,3951.05,0
2019-12-13 11:15:00,3951.05,3964.7,3945.5,3962.9,0
2019-12-13 12:15:00,3962.7,3966.85,3957.35,3962.35,0
2019-12-13 13:15:00,3962.35,3980.7,3960.8,3977.3,0
2019-12-13 14:15:00,3977.4,3980.95,3971.65,3976.6,0
2019-12-13 15:15:00,3976.55,3977.7,3971.45,3976.8,0
2019-12-16 09:15:00,3988.05,3991.45,3972.4,3982.65,0
2019-12-16 10:15:00,3982.85,3983.45,3955.75,3962.55,0
2019-12-16 11:15:00,3962.4,3966.85,3957.2,3957.8,0
2019-12-16 12:15:00,3957.85,3967.8,3952.55,3962.05,0
2019-12-16 13:15:00,3961.7,3972.55,3961.65,3965.05,0
2019-12-16 14:15:00,3965.05,3966.35,3948.45,3952.4,0
2019-12-16 15:15:00,3952.4,3953.4,3945.95,3950.15,0
2019-12-17 09:15:00,3962.6,3965.9,3943.6,3959.35,0
2019-12-17 10:15:00,3959.3,3977.15,3955.6,3968.45,0
2019-12-17 11:15:00,3967.6,3972.95,3963.6,3971.95,0
2019-12-17 12:15:00,3972.05,3977.7,3970.85,3974.45,0
2019-12-17 13:15:00,3973.95,3977.35,3970.15,3975.3,0
2019-12-17 14:15:00,3975.05,3977.6,3970.0,3974.6,0
2019-12-17 15:15:00,3974.3,3982.15,3972.4,3980.8,0
2019-12-18 09:15:00,3983.2,3986.7,3964.5,3966.4,0
2019-12-18 10:15:00,3966.6,3967.4,3955.35,3962.95,0
2019-12-18 11:15:00,3963.2,3965.75,3958.75,3963.4,0
2019-12-18 12:15:00,3963.55,3964.65,3955.7,3957.65,0
2019-12-18 13:15:00,3957.65,3959.9,3945.55,3954.95,0
2019-12-18 14:15:00,3954.9,3968.6,3954.65,3960.15,0
2019-12-18 15:15:00,3960.0,3962.65,3945.35,3958.05,0
2019-12-19 09:15:00,3958.7,3958.7,3935.1,3952.3,0
2019-12-19 10:15:00,3952.5,3960.55,3943.45,3959.15,0
2019-12-19 11:15:00,3959.5,3971.55,3955.7,3969.2,0
2019-12-19 12:15:00,3969.6,3972.4,3951.15,3951.65,0
2019-12-19 13:15:00,3951.85,3967.3,3951.55,3965.4,0
2019-12-19 14:15:00,3965.45,3973.8,3963.65,3968.8,0
2019-12-19 15:15:00,3969.0,3973.55,3968.45,3971.4,0
2019-12-20 09:15:00,3972.75,3982.0,3966.1,3977.6,0
2019-12-20 10:15:00,3977.45,3982.0,3969.95,3975.25,0
2019-12-20 11:15:00,3975.25,3982.15,3973.55,3981.55,0
2019-12-20 12:15:00,3981.5,3981.8,3974.65,3975.15,0
2019-12-20 13:15:00,3975.15,3981.7,3971.15,3981.7,0
2019-12-20 14:15:00,3981.5,3982.9,3966.1,3968.5,0
2019-12-20 15:15:00,3968.5,3971.4,3962.4,3966.15,0
2019-12-23 09:15:00,3972.3,3985.25,3965.1,3982.45,0
2019-12-23 10:15:00,3982.6,3983.15,3970.95,3980.6,0
2019-12-23 11:15:00,3980.55,3984.25,3977.55,3979.05,0
2019-12-23 12:15:00,3979.25,3981.9,3965.95,3966.3,0
2019-12-23 13:15:00,3966.35,3969.15,3957.95,3962.0,0
2019-12-23 14:15:00,3962.05,3965.55,3948.8,3963.5,0
2019-12-23 15:15:00,3963.35,3965.05,3955.7,3957.5,0
2019-12-24 09:15:00,3964.85,3970.75,3949.4,3951.5,0
2019-12-24 10:15:00,3951.55,3954.05,3944.9,3947.25,0
2019-12-24 11:15:00,3947.25,3956.05,3946.65,3951.3,0
2019-12-24 12:15:00,3951.15,3955.95,3948.25,3953.6,0
2019-12-24 13:15:00,3953.6,3956.7,3948.9,3954.5,0
2019-12-24 14:15:00,3954.35,3955.9,3941.55,3944.95,0
2019-12-24 15:15:00,3944.8,3946.4,3939.25,3941.6,0
2019-12-26 09:15:00,3948.25,3955.95,3939.35,3951.7,0
2019-12-26 10:15:00,3951.7,3955.45,3945.2,3948.85,0
2019-12-26 11:15:00,3948.75,3953.6,3946.75,3952.9,0
2019-12-26 12:15:00,3953.2,3956.15,3950.8,3955.55,0
2019-12-26 13:15:00,3955.65,3958.05,3948.5,3948.95,0
2019-12-26 14:15:00,3949.3,3956.95,3947.7,3955.7,0
2019-12-26 15:15:00,3955.95,3958.6,3949.7,3954.55,0
2019-12-27 09:15:00,3964.1,4000.7,3964.1,3999.8,0
2019-12-27 10:15:00,3999.75,4010.95,3995.8,4007.45,0
2019-12-27 11:15:00,4007.45,4011.15,4002.3,4010.5,0
2019-12-27 12:15:00,4010.35,4012.9,4005.0,4005.3,0
2019-12-27 13:15:00,4005.3,4011.95,4002.85,4003.85,0
2019-12-27 14:15:00,4004.0,4017.15,4003.0,4012.6,0
2019-12-27 15:15:00,4013.2,4015.3,4010.8,4013.5,0
2019-12-30 09:15:00,4020.4,4035.35,4014.9,4034.95,0
2019-12-30 10:15:00,4034.8,4040.2,4029.8,4030.05,0
2019-12-30 11:15:00,4029.85,4030.7,4018.4,4019.55,0
2019-12-30 12:15:00,4019.55,4023.2,4016.25,4017.9,0
2019-12-30 13:15:00,4017.9,4026.85,4015.7,4023.8,0
2019-12-30 14:15:00,4024.05,4035.15,4023.3,4028.0,0
2019-12-30 15:15:00,4027.85,4029.25,4023.85,4026.9,0
2019-12-31 09:15:00,4028.45,4045.05,4020.35,4043.9,0
2019-12-31 10:15:00,4043.15,4050.5,4039.0,4045.4,0
2019-12-31 11:15:00,4045.15,4051.95,4040.5,4047.45,0
2019-12-31 12:15:00,4047.45,4057.95,4045.85,4055.1,0
2019-12-31 13:15:00,4054.9,4059.4,4051.95,4054.6,0
2019-12-31 14:15:00,4054.3,4054.3,4032.65,4035.45,0
2019-12-31 15:15:00,4035.45,4036.15,4027.1,4030.5,0
2020-01-01 09:15:00,4042.8,4050.8,4032.35,4034.2,0
2020-01-01 10:15:00,4034.2,4040.05,4020.95,4032.95,0
2020-01-01 11:15:00,4033.1,4039.3,4029.2,4038.8,0
2020-01-01 12:15:00,4038.8,4041.75,4032.85,4038.85,0
2020-01-01 13:15:00,4038.9,4046.45,4037.0,4043.0,0
2020-01-01 14:15:00,4042.5,4046.95,4039.95,4044.45,0
2020-01-01 15:15:00,4044.35,4047.9,4042.7,4047.35,0
2020-01-02 09:15:00,4050.6,4071.1,4049.25,4070.05,0
2020-01-02 10:15:00,4070.45,4082.85,4069.4,4074.5,0
2020-01-02 11:15:00,4074.3,4088.85,4073.0,4088.35,0
2020-01-02 12:15:00,4088.75,4095.45,4088.3,4091.6,0
2020-01-02 13:15:00,4091.15,4099.45,4090.15,4096.25,0
2020-01-02 14:15:00,4096.5,4111.4,4095.4,4110.75,0
2020-01-02 15:15:00,4110.9,4117.65,4109.4,4114.2,0
2020-01-03 09:15:00,4106.2,4106.2,4079.05,4091.65,0
2020-01-03 10:15:00,4091.65,4098.8,4082.25,4083.9,0
2020-01-03 11:15:00,4083.9,4086.85,4067.6,4069.25,0
2020-01-03 12:15:00,4069.2,4078.8,4064.8,4077.2,0
2020-01-03 13:15:00,4077.05,4077.9,4058.5,4059.6,0
2020-01-03 14:15:00,4059.6,4065.0,4046.4,4064.8,0
2020-01-03 15:15:00,4064.9,4067.3,4060.9,4060.95,0
2020-01-06 09:15:00,4044.8,4044.8,3989.65,4002.0,0
2020-01-06 10:15:00,4001.7,4013.7,3997.2,4000.2,0
2020-01-06 11:15:00,4000.2,4002.3,3981.0,3983.85,0
2020-01-06 12:15:00,3983.7,3991.5,3979.75,3981.8,0
2020-01-06 13:15:00,3981.8,3995.3,3973.1,3974.3,0
2020-01-06 14:15:00,3974.3,3975.75,3960.4,3965.2,0
2020-01-06 15:15:00,3964.5,3965.75,3958.45,3960.45,0
2020-01-07 09:15:00,3987.15,4036.85,3987.15,4017.45,0
2020-01-07 10:15:00,4017.3,4018.0,3991.7,3992.35,0
2020-01-07 11:15:00,3992.3,4005.2,3989.7,3993.2,0
2020-01-07 12:15:00,3993.2,3999.05,3981.95,3983.7,0
2020-01-07 13:15:00,3983.95,3993.7,3973.35,3992.05,0
2020-01-07 14:15:00,3992.3,4005.2,3989.3,3992.45,0
2020-01-07 15:15:00,3993.0,3994.8,3989.0,3991.85,0
2020-01-08 09:15:00,3950.15,3980.9,3941.65,3969.65,0
2020-01-08 10:15:00,3969.65,3979.7,3959.7,3961.1,0
2020-01-08 11:15:00,3961.1,3962.7,3952.1,3957.95,0
2020-01-08 12:15:00,3957.95,3979.05,3957.55,3973.35,0
2020-01-08 13:15:00,3973.3,3993.15,3969.0,3985.6,0
2020-01-08 14:15:00,3985.9,3996.25,3976.8,3991.7,0
2020-01-08 15:15:00,3991.6,3998.5,3991.35,3992.55,0
2020-01-09 09:15:00,4032.8,4065.65,4031.95,4063.0,0
2020-01-09 10:15:00,4063.3,4071.25,4060.2,4063.65,0
2020-01-09 11:15:00,4063.75,4084.45,4063.05,4081.85,0
2020-01-09 12:15:00,4082.2,4088.25,4079.4,4086.8,0
2020-01-09 13:15:00,4086.6,4093.0,4068.95,4077.7,0
2020-01-09 14:15:00,4077.7,4097.2,4073.9,4091.45,0
2020-01-09 15:15:00,4091.55,4095.65,4089.25,4092.1,0
2020-01-10 09:15:00,4108.5,4123.8,4096.5,4123.8,0
2020-01-10 10:15:00,4123.8,4129.05,4120.55,4124.7,0
2020-01-10 11:15:00,4124.5,4135.2,4122.45,4132.25,0
2020-01-10 12:15:00,4132.2,4137.85,4124.3,4127.4,0
2020-01-10 13:15:00,4127.95,4132.95,4104.65,4108.1,0
2020-01-10 14:15:00,4107.7,4116.2,4101.5,4113.15,0
2020-01-10 15:15:00,4113.1,4117.55,4113.1,4117.35,0
2020-01-13 09:15:00,4125.75,4148.6,4125.75,4144.65,0
2020-01-13 10:15:00,4144.05,4152.6,4143.3,4149.8,0
2020-01-13 11:15:00,4149.85,4153.65,4144.7,4153.65,0
2020-01-13 12:15:00,4153.6,4157.5,4148.15,4148.35,0
2020-01-13 13:15:00,4148.5,4154.05,4145.35,4150.65,0
2020-01-13 14:15:00,4150.65,4158.7,4148.35,4155.2,0
2020-01-13 15:15:00,4155.25,4160.35,4152.85,4158.9,0
2020-01-14 09:15:00,4168.2,4202.15,4158.25,4200.85,0
2020-01-14 10:15:00,4200.9,4204.0,4187.65,4195.55,0
2020-01-14 11:15:00,4194.75,4203.05,4191.8,4200.6,0
2020-01-14 12:15:00,4200.6,4202.95,4191.75,4192.75,0
2020-01-14 13:15:00,4192.65,4198.95,4187.25,4194.85,0
2020-01-14 14:15:00,4194.8,4214.85,4193.7,4213.8,0
2020-01-14 15:15:00,4213.9,4214.25,4209.4,4212.6,0
2020-01-15 09:15:00,4208.95,4213.55,4194.05,4208.85,0
2020-01-15 10:15:00,4209.0,4236.2,4208.75,4234.4,0
2020-01-15 11:15:00,4234.35,4251.0,4233.95,4241.95,0
2020-01-15 12:15:00,4241.9,4251.15,4235.85,4249.9,0
2020-01-15 13:15:00,4250.0,4251.0,4238.3,4248.75,0
2020-01-15 14:15:00,4248.5,4272.0,4247.25,4271.2,0
2020-01-15 15:15:00,4271.2,4278.45,4270.9,4277.95,0
2020-01-16 09:15:00,4286.9,4328.8,4283.15,4327.35,0
2020-01-16 10:15:00,4327.55,4329.95,4300.55,4302.7,0
2020-01-16 11:15:00,4302.75,4319.8,4302.1,4317.8,0
2020-01-16 12:15:00,4317.2,4327.75,4314.2,4324.85,0
2020-01-16 13:15:00,4325.0,4325.25,4317.35,4322.55,0
2020-01-16 14:15:00,4323.0,4324.7,4309.95,4319.8,0
2020-01-16 15:15:00,4319.6,4320.45,4316.15,4316.9,0
2020-01-17 09:15:00,4307.05,4314.8,4283.1,4312.35,0
2020-01-17 10:15:00,4312.45,4324.25,4307.45,4320.85,0
2020-01-17 11:15:00,4320.8,4330.95,4318.45,4325.85,0
2020-01-17 12:15:00,4325.9,4334.4,4320.9,4330.8,0
2020-01-17 13:15:00,4330.25,4332.35,4322.35,4330.0,0
2020-01-17 14:15:00,4329.95,4330.25,4312.3,4317.15,0
2020-01-17 15:15:00,4317.05,4317.4,4311.75,4313.3,0
2020-01-20 09:15:00,4337.75,4344.3,4304.65,4315.15,0
2020-01-20 10:15:00,4315.2,4322.2,4282.9,4300.0,0
2020-01-20 11:15:00,4299.9,4308.45,4297.95,4302.15,0
2020-01-20 12:15:00,4302.3,4305.8,4287.45,4290.25,0
2020-01-20 13:15:00,4289.9,4315.25,4286.05,4290.95,0
2020-01-20 14:15:00,4291.05,4306.55,4273.4,4301.1,0
2020-01-20 15:15:00,4301.35,4301.55,4292.1,4296.55,0
2020-01-21 09:15:00,4282.2,4320.7,4275.65,4316.15,0
2020-01-21 10:15:00,4316.6,4316.6,4285.75,4295.6,0
2020-01-21 11:15:00,4295.55,4313.45,4292.1,4308.0,0
2020-01-21 12:15:00,4308.0,4318.5,4304.6,4316.5,0
2020-01-21 13:15:00,4316.3,4316.3,4298.35,4300.25,0
2020-01-21 14:15:00,4300.35,4317.2,4298.7,4306.0,0
2020-01-21 15:15:00,4305.8,4307.7,4302.2,4306.05,0
2020-01-22 09:15:00,4332.65,4332.65,4307.1,4307.45,0
2020-01-22 10:15:00,4307.05,4308.1,4287.8,4299.5,0
2020-01-22 11:15:00,4299.1,4307.05,4294.9,4296.4,0
2020-01-22 12:15:00,4296.2,4313.0,4292.75,4313.0,0
2020-01-22 13:15:00,4312.75,4313.65,4290.6,4291.75,0
2020-01-22 14:15:00,4291.1,4309.55,4287.45,4304.1,0
2020-01-22 15:15:00,4303.95,4304.9,4297.75,4301.8,0
2020-01-23 09:15:00,4299.0,4342.35,4297.4,4338.55,0
2020-01-23 10:15:00,4338.4,4361.1,4336.95,4351.4,0
2020-01-23 11:15:00,4351.5,4363.75,4347.95,4363.5,0
2020-01-23 12:15:00,4363.6,4384.9,4363.15,4381.6,0
2020-01-23 13:15:00,4381.8,4384.35,4375.15,4376.05,0
2020-01-23 14:15:00,4375.9,4386.3,4374.85,4380.25,0
2020-01-23 15:15:00,4379.85,4384.25,4377.85,4384.1,0
2020-01-24 09:15:00,4382.25,4398.75,4358.1,4395.9,0
2020-01-24 10:15:00,4395.75,4402.9,4392.05,4401.05,0
2020-01-24 11:15:00,4401.05,4406.55,4395.85,4404.65,0
2020-01-24 12:15:00,4404.55,4411.4,4403.8,4410.45,0
2020-01-24 13:15:00,4410.45,4411.2,4403.25,4409.9,0
2020-01-24 14:15:00,4409.9,4413.35,4391.8,4396.95,0
2020-01-24 15:15:00,4397.2,4407.95,4395.7,4405.15,0
2020-01-27 09:15:00,4389.55,4427.65,4375.1,4423.9,0
2020-01-27 10:15:00,4424.45,4433.7,4423.45,4425.8,0
2020-01-27 11:15:00,4425.9,4437.55,4423.5,4435.95,0
2020-01-27 12:15:00,4435.8,4437.05,4424.4,4424.4,0
2020-01-27 13:15:00,4424.65,4426.25,4396.25,4410.3,0
2020-01-27 14:15:00,4410.2,4410.2,4382.9,4386.35,0
2020-01-27 15:15:00,4386.5,4387.3,4373.6,4375.3,0
2020-01-28 09:15:00,4384.85,4407.4,4369.0,4390.65,0
2020-01-28 10:15:00,4390.8,4409.7,4375.65,4397.45,0
2020-01-28 11:15:00,4397.55,4408.95,4395.4,4400.25,0
2020-01-28 12:15:00,4400.05,4401.45,4390.5,4396.65,0
2020-01-28 13:15:00,4396.9,4400.7,4371.55,4375.15,0
2020-01-28 14:15:00,4375.15,4375.75,4351.2,4366.1,0
2020-01-28 15:15:00,4366.4,4370.3,4364.55,4368.0,0
2020-01-29 09:15:00,4381.85,4415.4,4380.95,4403.6,0
2020-01-29 10:15:00,4403.6,4406.6,4387.0,4402.25,0
2020-01-29 11:15:00,4402.05,4402.5,4394.55,4397.7,0
2020-01-29 12:15:00,4397.55,4403.3,4391.7,4394.9,0
2020-01-29 13:15:00,4394.85,4396.25,4380.8,4387.55,0
2020-01-29 14:15:00,4387.3,4393.75,4371.65,4386.6,0
2020-01-29 15:15:00,4386.55,4387.8,4381.1,4383.8,0
2020-01-30 09:15:00,4380.45,4384.25,4344.15,4348.3,0
2020-01-30 10:15:00,4348.4,4362.05,4339.95,4358.55,0
2020-01-30 11:15:00,4358.7,4375.55,4353.9,4371.7,0
2020-01-30 12:15:00,4371.4,4372.3,4354.0,4358.4,0
2020-01-30 13:15:00,4358.35,4363.15,4342.35,4342.55,0
2020-01-30 14:15:00,4342.55,4359.1,4338.4,4348.5,0
2020-01-30 15:15:00,4348.7,4349.9,4340.55,4342.6,0
2020-01-31 09:15:00,4362.25,4366.1,4331.2,4338.05,0
2020-01-31 10:15:00,4338.65,4343.05,4329.95,4333.65,0
2020-01-31 11:15:00,4333.55,4336.1,4318.6,4322.8,0
2020-01-31 12:15:00,4322.7,4336.0,4311.7,4330.45,0
2020-01-31 13:15:00,4330.55,4343.8,4327.2,4339.15,0
2020-01-31 14:15:00,4339.05,4346.8,4305.65,4311.55,0
2020-01-31 15:15:00,4311.25,4318.9,4307.95,4316.15,0
2020-02-01 09:15:00,4309.05,4348.2,4297.35,4346.25,0
2020-02-01 10:15:00,4346.4,4357.75,4341.7,4356.35,0
2020-02-01 11:15:00,4356.35,4357.25,4318.25,4318.3,0
2020-02-01 12:15:00,4318.1,4336.75,4291.9,4315.6,0
2020-02-01 13:15:00,4315.3,4317.55,4228.5,4295.6,0
2020-02-01 14:15:00,4295.8,4298.2,4191.9,4192.7,0
2020-02-01 15:15:00,4192.45,4213.15,4183.45,4212.05,0
2020-02-03 09:15:00,4186.9,4225.2,4161.7,4222.4,0
2020-02-03 10:15:00,4222.65,4248.55,4219.95,4246.4,0
2020-02-03 11:15:00,4246.55,4246.55,4223.05,4232.7,0
2020-02-03 12:15:00,4232.55,4270.6,4230.9,4257.85,0
2020-02-03 13:15:00,4257.95,4263.2,4232.65,4249.35,0
2020-02-03 14:15:00,4249.2,4258.85,4235.1,4238.85,0
2020-02-03 15:15:00,4239.1,4251.4,4235.9,4246.5,0
2020-02-04 09:15:00,4265.65,4280.6,4253.45,4270.85,0
2020-02-04 10:15:00,4271.0,4283.8,4264.4,4276.4,0
2020-02-04 11:15:00,4276.6,4294.8,4275.9,4293.7,0
2020-02-04 12:15:00,4293.35,4294.9,4281.7,4290.45,0
2020-02-04 13:15:00,4290.35,4307.05,4284.65,4288.05,0
2020-02-04 14:15:00,4287.45,4297.15,4271.05,4273.1,0
2020-02-04 15:15:00,4273.7,4288.75,4273.7,4286.35,0
2020-02-05 09:15:00,4299.65,4354.95,4298.45,4351.55,0
2020-02-05 10:15:00,4351.65,4363.7,4338.9,4339.55,0
2020-02-05 11:15:00,4340.6,4350.3,4318.35,4324.5,0
2020-02-05 12:15:00,4324.55,4339.2,4323.1,4328.8,0
2020-02-05 13:15:00,4329.25,4337.0,4319.3,4332.8,0
2020-02-05 14:15:00,4332.4,4349.9,4328.25,4347.65,0
2020-02-05 15:15:00,4347.7,4348.35,4340.9,4347.25,0
2020-02-06 09:15:00,4364.8,4374.4,4350.05,4359.1,0
2020-02-06 10:15:00,4359.1,4364.0,4334.0,4335.05,0
2020-02-06 11:15:00,4335.2,4381.25,4333.85,4368.15,0
2020-02-06 12:15:00,4367.85,4380.05,4366.9,4376.05,0
2020-02-06 13:15:00,4376.0,4391.5,4361.0,4366.45,0
2020-02-06 14:15:00,4366.5,4377.8,4358.0,4368.95,0
2020-02-06 15:15:00,4369.4,4373.35,4367.8,4370.85,0
2020-02-07 09:15:00,4385.6,4406.0,4374.8,4386.4,0
2020-02-07 10:15:00,4386.4,4387.2,4374.65,4387.0,0
2020-02-07 11:15:00,4387.1,4390.25,4371.35,4371.9,0
2020-02-07 12:15:00,4371.45,4388.15,4368.55,4379.65,0
2020-02-07 13:15:00,4379.2,4387.85,4363.45,4387.85,0
2020-02-07 14:15:00,4387.6,4405.45,4380.7,4401.4,0
2020-02-07 15:15:00,4401.45,4403.7,4386.85,4389.15,0
2020-02-10 09:15:00,4403.55,4403.55,4328.9,4335.1,0
2020-02-10 10:15:00,4335.45,4351.45,4325.85,4348.25,0
2020-02-10 11:15:00,4348.4,4353.0,4340.95,4347.8,0
2020-02-10 12:15:00,4347.75,4355.0,4322.25,4323.0,0
2020-02-10 13:15:00,4322.95,4329.35,4314.65,4327.35,0
2020-02-10 14:15:00,4327.35,4334.65,4321.2,4333.6,0
2020-02-10 15:15:00,4333.7,4340.15,4329.1,4336.6,0
2020-02-11 09:15:00,4345.4,4370.8,4345.4,4352.95,0
2020-02-11 10:15:00,4353.05,4354.2,4339.65,4350.15,0
2020-02-11 11:15:00,4349.85,4350.0,4328.85,4330.45,0
2020-02-11 12:15:00,4330.55,4333.25,4325.05,4328.25,0
2020-02-11 13:15:00,4328.3,4339.9,4327.2,4332.2,0
2020-02-11 14:15:00,4332.0,4338.9,4324.6,4328.6,0
2020-02-11 15:15:00,4328.65,4329.7,4317.8,4323.95,0
2020-02-12 09:15:00,4340.2,4350.3,4332.85,4334.8,0
2020-02-12 10:15:00,4334.7,4335.0,4316.7,4323.35,0
2020-02-12 11:15:00,4323.2,4326.8,4296.6,4307.9,0
2020-02-12 12:15:00,4308.05,4317.15,4303.95,4311.8,0
2020-02-12 13:15:00,4311.5,4319.15,4302.8,4315.4,0
2020-02-12 14:15:00,4315.45,4323.4,4311.75,4319.3,0
2020-02-12 15:15:00,4319.2,4322.3,4317.85,4319.35,0
2020-02-13 09:15:00,4315.5,4315.5,4280.5,4290.05,0
2020-02-13 10:15:00,4290.25,4291.5,4278.9,4288.6,0
2020-02-13 11:15:00,4288.5,4299.9,4287.8,4294.25,0
2020-02-13 12:15:00,4294.55,4302.9,4290.65,4300.6,0
2020-02-13 13:15:00,4300.3,4300.3,4282.9,4285.15,0
2020-02-13 14:15:00,4285.05,4295.2,4283.85,4293.45,0
2020-02-13 15:15:00,4293.35,4299.55,4292.25,4297.55,0
2020-02-14 09:15:00,4311.1,4334.35,4310.7,4325.55,0
2020-02-14 10:15:00,4325.5,4328.45,4285.5,4290.75,0
2020-02-14 11:15:00,4290.55,4304.95,4288.2,4299.0,0
2020-02-14 12:15:00,4299.0,4302.9,4292.25,4295.05,0
2020-02-14 13:15:00,4295.2,4296.3,4282.8,4287.1,0
2020-02-14 14:15:00,4287.45,4291.05,4257.65,4266.3,0
2020-02-14 15:15:00,4266.45,4268.25,4256.95,4263.45,0
2020-02-17 09:15:00,4267.2,4267.2,4199.35,4224.15,0
2020-02-17 10:15:00,4224.3,4225.8,4205.9,4216.85,0
2020-02-17 11:15:00,4217.1,4224.15,4212.9,4220.85,0
2020-02-17 12:15:00,4221.15,4223.0,4190.6,4196.5,0
2020-02-17 13:15:00,4196.85,4199.9,4182.7,4188.35,0
2020-02-17 14:15:00,4188.85,4190.65,4174.85,4180.9,0
2020-02-17 15:15:00,4180.95,4182.7,4176.7,4180.65,0
2020-02-18 09:15:00,4171.85,4173.5,4134.7,4138.7,0
2020-02-18 10:15:00,4138.7,4140.95,4116.15,4117.05,0
2020-02-18 11:15:00,4116.9,4123.7,4106.45,4117.9,0
2020-02-18 12:15:00,4117.95,4139.8,4117.75,4131.7,0
2020-02-18 13:15:00,4131.75,4141.4,4120.6,4139.4,0
2020-02-18 14:15:00,4139.45,4174.35,4137.3,4174.35,0
2020-02-18 15:15:00,4174.55,4178.6,4171.6,4178.6,0
2020-02-19 09:15:00,4198.55,4233.3,4195.5,4203.85,0
2020-02-19 10:15:00,4203.1,4209.65,4189.9,4199.4,0
2020-02-19 11:15:00,4199.65,4222.6,4199.0,4218.9,0
2020-02-19 12:15:00,4218.85,4235.6,4217.9,4228.85,0
2020-02-19 13:15:00,4228.9,4231.2,4220.35,4227.6,0
2020-02-19 14:15:00,4227.85,4245.95,4220.7,4243.85,0
2020-02-19 15:15:00,4243.6,4248.9,4243.25,4245.5,0
2020-02-20 09:15:00,4248.9,4278.25,4234.15,4275.9,0
2020-02-20 10:15:00,4275.85,4285.9,4271.8,4280.5,0
2020-02-20 11:15:00,4280.55,4289.65,4280.0,4285.0,0
2020-02-20 12:15:00,4285.0,4291.05,4273.1,4277.4,0
2020-02-20 13:15:00,4277.05,4277.8,4258.2,4259.95,0
2020-02-20 14:15:00,4260.65,4266.8,4252.1,4257.55,0
2020-02-20 15:15:00,4257.7,4263.9,4257.2,4262.55,0
2020-02-24 09:15:00,4228.8,4228.8,4196.7,4219.9,0
2020-02-24 10:15:00,4219.85,4225.75,4213.3,4221.8,0
2020-02-24 11:15:00,4221.65,4226.2,4217.75,4222.1,0
2020-02-24 12:15:00,4221.9,4225.15,4208.45,4209.25,0
2020-02-24 13:15:00,4209.3,4210.7,4193.8,4197.6,0
2020-02-24 14:15:00,4197.5,4199.05,4151.65,4158.75,0
2020-02-24 15:15:00,4158.8,4161.15,4151.6,4159.8,0
2020-02-25 09:15:00,4159.9,4187.65,4130.35,4153.9,0
2020-02-25 10:15:00,4153.65,4166.2,4141.2,4164.9,0
2020-02-25 11:15:00,4164.8,4177.4,4155.95,4175.85,0
2020-02-25 12:15:00,4176.05,4176.6,4141.7,4143.15,0
2020-02-25 13:15:00,4143.45,4156.45,4135.3,4136.95,0
2020-02-25 14:15:00,4136.55,4154.5,4134.15,4146.7,0
2020-02-25 15:15:00,4146.75,4149.1,4142.35,4148.8,0
2020-02-26 09:15:00,4122.85,4136.5,4106.9,4114.7,0
2020-02-26 10:15:00,4114.35,4120.4,4106.3,4110.8,0
2020-02-26 11:15:00,4110.65,4122.85,4110.55,4121.0,0
2020-02-26 12:15:00,4121.2,4125.3,4116.5,4121.9,0
2020-02-26 13:15:00,4122.3,4144.25,4119.1,4119.85,0
2020-02-26 14:15:00,4119.5,4121.15,4079.4,4097.7,0
2020-02-26 15:15:00,4098.0,4105.8,4091.65,4094.7,0
2020-02-27 09:15:00,4091.1,4091.6,4049.0,4054.55,0
2020-02-27 10:15:00,4054.45,4073.0,4049.2,4063.7,0
2020-02-27 11:15:00,4063.7,4077.8,4061.6,4066.95,0
2020-02-27 12:15:00,4066.8,4092.2,4060.6,4089.1,0
2020-02-27 13:15:00,4089.5,4094.15,4076.85,4082.55,0
2020-02-27 14:15:00,4082.8,4097.85,4077.8,4095.9,0
2020-02-27 15:15:00,4095.5,4097.6,4088.1,4089.45,0
2020-02-28 09:15:00,4004.8,4004.8,3917.8,3925.65,0
2020-02-28 10:15:00,3925.55,3951.65,3923.4,3941.8,0
2020-02-28 11:15:00,3941.9,3952.75,3937.65,3939.15,0
2020-02-28 12:15:00,3939.25,3970.7,3934.45,3959.05,0
2020-02-28 13:15:00,3958.9,3964.7,3945.4,3950.7,0
2020-02-28 14:15:00,3950.15,3952.85,3922.2,3934.45,0
2020-02-28 15:15:00,3935.25,3953.8,3934.15,3953.4,0
2020-03-02 09:15:00,3996.75,4034.0,3970.0,3983.35,0
2020-03-02 10:15:00,3982.9,3993.25,3957.95,3968.85,0
2020-03-02 11:15:00,3969.0,3988.7,3967.4,3975.95,0
2020-03-02 12:15:00,3975.7,3979.25,3961.5,3967.35,0
2020-03-02 13:15:00,3967.35,3996.0,3966.95,3988.55,0
2020-03-02 14:15:00,3988.4,3991.45,3853.4,3857.55,0
2020-03-02 15:15:00,3857.95,3899.4,3849.35,3884.55,0
2020-03-03 09:15:00,3915.75,3966.9,3914.95,3926.2,0
2020-03-03 10:15:00,3925.9,3928.5,3880.8,3896.55,0
2020-03-03 11:15:00,3896.55,3903.75,3875.55,3895.7,0
2020-03-03 12:15:00,3895.6,3928.15,3895.1,3903.25,0
2020-03-03 13:15:00,3903.25,3932.35,3898.4,3925.75,0
2020-03-03 14:15:00,3926.4,3956.3,3918.4,3955.2,0
2020-03-03 15:15:00,3955.35,3971.05,3955.35,3963.9,0
2020-03-04 09:15:00,3960.15,3970.8,3907.35,3930.55,0
2020-03-04 10:15:00,3930.25,3933.25,3902.1,3906.95,0
2020-03-04 11:15:00,3906.95,3917.75,3900.15,3911.75,0
2020-03-04 12:15:00,3911.95,3921.25,3860.4,3863.85,0
2020-03-04 13:15:00,3863.65,3879.2,3827.1,3845.4,0
2020-03-04 14:15:00,3845.65,3906.6,3842.75,3905.7,0
2020-03-04 15:15:00,3905.05,3910.2,3900.7,3902.1,0
2020-03-05 09:15:00,3931.7,3944.55,3885.4,3906.0,0
2020-03-05 10:15:00,3906.2,3927.1,3886.0,3920.7,0
2020-03-05 11:15:00,3920.45,3945.65,3915.8,3940.0,0
2020-03-05 12:15:00,3940.0,3947.1,3927.25,3945.35,0
2020-03-05 13:15:00,3945.45,3958.15,3916.2,3936.15,0
2020-03-05 14:15:00,3935.75,3947.65,3916.2,3918.95,0
2020-03-05 15:15:00,3919.2,3919.9,3909.15,3911.35,0
2020-03-06 09:15:00,3775.0,3819.65,3742.65,3800.7,0
2020-03-06 10:15:00,3800.75,3800.75,3782.5,3790.1,0
2020-03-06 11:15:00,3790.15,3816.25,3785.8,3810.65,0
2020-03-06 12:15:00,3810.9,3841.9,3803.7,3838.3,0
2020-03-06 13:15:00,3838.55,3855.7,3824.55,3835.9,0
2020-03-06 14:15:00,3833.8,3862.45,3825.0,3845.55,0
2020-03-06 15:15:00,3845.15,3850.75,3840.75,3844.95,0
2020-03-09 09:15:00,3737.55,3753.9,3675.05,3688.45,0
2020-03-09 10:15:00,3688.35,3706.8,3663.7,3685.6,0
2020-03-09 11:15:00,3685.35,3702.7,3684.2,3698.7,0
2020-03-09 12:15:00,3698.7,3705.1,3616.65,3616.65,0
2020-03-09 13:15:00,3616.7,3636.05,3591.2,3634.05,0
2020-03-09 14:15:00,3633.8,3666.35,3631.05,3654.9,0
2020-03-09 15:15:00,3655.15,3657.2,3640.1,3648.0,0
2020-03-11 09:15:00,3642.65,3700.85,3618.25,3624.75,0
2020-03-11 10:15:00,3624.15,3641.95,3598.95,3629.4,0
2020-03-11 11:15:00,3629.35,3659.65,3624.25,3641.3,0
2020-03-11 12:15:00,3641.55,3666.95,3638.65,3658.6,0
2020-03-11 13:15:00,3658.25,3671.65,3632.0,3647.7,0
2020-03-11 14:15:00,3647.9,3659.5,3619.65,3622.5,0
2020-03-11 15:15:00,3622.55,3624.2,3614.5,3622.15,0
2020-03-12 09:15:00,3474.4,3479.45,3352.45,3368.9,0
2020-03-12 10:15:00,3368.3,3380.45,3274.4,3314.45,0
2020-03-12 11:15:00,3313.4,3330.0,3285.9,3320.95,0
2020-03-12 12:15:00,3320.6,3368.5,3320.6,3348.65,0
2020-03-12 13:15:00,3349.15,3371.9,3327.2,3329.95,0
2020-03-12 14:15:00,3329.5,3342.5,3273.65,3295.8,0
2020-03-12 15:15:00,3294.8,3321.65,3289.15,3312.95,0
2020-03-13 09:15:00,2985.85,3119.55,2945.4,2945.4,0
2020-03-13 10:15:00,2945.4,3324.2,2945.4,3252.65,0
2020-03-13 11:15:00,3253.0,3338.85,3230.05,3328.4,0
2020-03-13 12:15:00,3328.35,3466.55,3319.8,3424.95,0
2020-03-13 13:15:00,3424.6,3463.55,3404.55,3423.35,0
2020-03-13 14:15:00,3424.25,3481.2,3369.2,3479.65,0
2020-03-13 15:15:00,3480.45,3480.45,3459.65,3467.85,0
2020-03-16 09:15:00,3292.1,3331.7,3248.4,3317.65,0
2020-03-16 10:15:00,3317.5,3365.9,3309.45,3339.8,0
2020-03-16 11:15:00,3339.95,3353.05,3297.8,3300.1,0
2020-03-16 12:15:00,3300.1,3317.15,3279.2,3299.75,0
2020-03-16 13:15:00,3299.25,3315.0,3250.2,3252.15,0
2020-03-16 14:15:00,3252.2,3269.6,3230.3,3244.55,0
2020-03-16 15:15:00,3244.45,3265.1,3241.85,3257.65,0
2020-03-17 09:15:00,3264.15,3299.8,3174.95,3278.35,0
2020-03-17 10:15:00,3278.55,3305.7,3231.6,3241.9,0
2020-03-17 11:15:00,3241.9,3251.25,3208.75,3234.9,0
2020-03-17 12:15:00,3235.1,3274.25,3231.5,3257.35,0
2020-03-17 13:15:00,3257.5,3265.5,3195.25,3213.5,0
2020-03-17 14:15:00,3213.2,3220.95,3127.0,3130.35,0
2020-03-17 15:15:00,3130.5,3147.75,3125.05,3147.05,0
2020-03-18 09:15:00,3171.2,3190.25,3025.3,3025.35,0
2020-03-18 10:15:00,3024.6,3054.95,2978.9,2983.6,0
2020-03-18 11:15:00,2983.65,3019.55,2954.5,2959.05,0
2020-03-18 12:15:00,2958.9,2982.5,2917.65,2945.25,0
2020-03-18 13:15:00,2945.15,2980.2,2918.45,2920.3,0
2020-03-18 14:15:00,2920.0,2968.1,2915.05,2946.95,0
2020-03-18 15:15:00,2946.55,2992.8,2945.75,2971.1,0
2020-03-19 09:15:00,2777.4,2792.25,2697.1,2724.5,0
2020-03-19 10:15:00,2724.3,2841.6,2685.25,2841.6,0
2020-03-19 11:15:00,2843.0,2855.15,2759.5,2796.6,0
2020-03-19 12:15:00,2796.5,2885.5,2791.45,2872.75,0
2020-03-19 13:15:00,2873.75,2924.2,2849.25,2919.55,0
2020-03-19 14:15:00,2919.15,2919.65,2784.8,2788.1,0
2020-03-19 15:15:00,2788.95,2799.9,2783.8,2794.35,0
2020-03-20 09:15:00,2823.55,2878.6,2778.65,2834.0,0
2020-03-20 10:15:00,2833.7,2860.15,2822.7,2850.55,0
2020-03-20 11:15:00,2851.65,2916.3,2850.9,2910.1,0
2020-03-20 12:15:00,2911.15,2956.7,2895.45,2956.2,0
2020-03-20 13:15:00,2956.65,2990.45,2855.55,2874.75,0
2020-03-20 14:15:00,2875.45,2956.1,2865.75,2952.0,0
2020-03-20 15:15:00,2951.15,3006.35,2949.15,2967.1,0
2020-03-23 09:15:00,2705.5,2757.85,2655.25,2657.95,0
2020-03-23 10:15:00,2657.95,2710.3,2616.75,2616.9,0
2020-03-23 11:15:00,2616.35,2623.8,2557.4,2584.85,0
2020-03-23 12:15:00,2585.05,2618.95,2570.15,2594.0,0
2020-03-23 13:15:00,2594.25,2597.5,2527.7,2530.2,0
2020-03-23 14:15:00,2530.1,2546.95,2515.4,2518.5,0
2020-03-23 15:15:00,2519.1,2533.2,2511.7,2524.95,0
2020-03-24 09:15:00,2606.6,2642.35,2467.15,2478.3,0
2020-03-24 10:15:00,2477.9,2544.75,2448.5,2538.3,0
2020-03-24 11:15:00,2538.05,2593.35,2538.05,2587.0,0
2020-03-24 12:15:00,2587.1,2644.0,2575.1,2636.5,0
2020-03-24 13:15:00,2637.05,2664.3,2628.6,2630.65,0
2020-03-24 14:15:00,2630.1,2640.55,2563.05,2570.2,0
2020-03-24 15:15:00,2571.55,2578.2,2559.9,2572.05,0
2020-03-25 09:15:00,2523.75,2582.15,2495.05,2513.5,0
2020-03-25 10:15:00,2513.3,2550.15,2504.35,2549.75,0
2020-03-25 11:15:00,2549.3,2584.25,2528.8,2578.9,0
2020-03-25 12:15:00,2578.85,2650.75,2573.55,2643.3,0
2020-03-25 13:15:00,2642.9,2682.45,2641.0,2666.45,0
2020-03-25 14:15:00,2666.4,2691.4,2659.75,2669.2,0
2020-03-25 15:15:00,2669.75,2672.25,2643.95,2648.2,0
2020-03-26 09:15:00,2677.25,2774.2,2639.65,2772.95,0
2020-03-26 10:15:00,2773.0,2793.8,2705.7,2724.15,0
2020-03-26 11:15:00,2724.25,2768.3,2712.3,2759.85,0
2020-03-26 12:15:00,2759.7,2799.9,2748.0,2798.25,0
2020-03-26 13:15:00,2798.8,2801.9,2716.5,2741.1,0
2020-03-26 14:15:00,2740.85,2786.3,2729.4,2752.35,0
2020-03-26 15:15:00,2752.45,2769.45,2747.65,2766.7,0
2020-03-27 09:15:00,2843.6,2889.75,2786.55,2790.1,0
2020-03-27 10:15:00,2789.55,2833.0,2722.45,2723.55,0
2020-03-27 11:15:00,2723.5,2794.05,2716.8,2766.05,0
2020-03-27 12:15:00,2765.5,2770.8,2719.65,2729.7,0
2020-03-27 13:15:00,2728.65,2768.65,2703.2,2768.65,0
2020-03-27 14:15:00,2768.15,2778.05,2714.2,2750.0,0
2020-03-27 15:15:00,2750.2,2768.1,2750.05,2758.2,0
2020-03-30 09:15:00,2664.05,2706.65,2631.95,2676.9,0
2020-03-30 10:15:00,2676.65,2705.0,2661.05,2673.0,0
2020-03-30 11:15:00,2673.5,2681.3,2658.6,2666.5,0
2020-03-30 12:15:00,2666.3,2674.45,2638.3,2642.5,0
2020-03-30 13:15:00,2642.3,2648.85,2630.95,2638.35,0
2020-03-30 14:15:00,2638.25,2664.45,2629.65,2659.05,0
2020-03-30 15:15:00,2658.3,2659.7,2645.6,2646.7,0
2020-03-31 09:15:00,2704.1,2714.6,2649.1,2670.55,0
2020-03-31 10:15:00,2670.4,2685.85,2662.75,2676.7,0
2020-03-31 11:15:00,2676.65,2729.1,2676.65,2727.7,0
2020-03-31 12:15:00,2728.2,2740.45,2710.0,2713.9,0
2020-03-31 13:15:00,2713.65,2741.05,2712.45,2730.65,0
2020-03-31 14:15:00,2730.95,2743.5,2724.6,2738.25,0
2020-03-31 15:15:00,2737.85,2748.5,2731.55,2737.1,0
2020-04-01 09:15:00,2726.95,2736.1,2704.3,2731.1,0
2020-04-01 10:15:00,2731.1,2741.65,2679.7,2681.55,0
2020-04-01 11:15:00,2681.75,2695.4,2668.35,2674.05,0
2020-04-01 12:15:00,2674.05,2693.55,2666.75,2677.4,0
2020-04-01 13:15:00,2677.25,2684.95,2651.1,2661.0,0
2020-04-01 14:15:00,2660.8,2681.05,2656.15,2671.1,0
2020-04-01 15:15:00,2671.0,2676.2,2665.1,2667.85,0
2020-04-03 09:15:00,2675.65,2676.3,2612.0,2639.15,0
2020-04-03 10:15:00,2639.35,2644.35,2623.55,2637.3,0
2020-04-03 11:15:00,2637.25,2649.75,2633.3,2643.35,0
2020-04-03 12:15:00,2643.35,2653.35,2632.35,2650.6,0
2020-04-03 13:15:00,2650.15,2669.4,2622.2,2628.6,0
2020-04-03 14:15:00,2628.35,2635.75,2617.6,2627.85,0
2020-04-03 15:15:00,2627.75,2630.1,2619.95,2621.9,0
2020-04-07 09:15:00,2714.55,2724.15,2680.95,2681.85,0
2020-04-07 10:15:00,2681.75,2700.9,2668.4,2695.3,0
2020-04-07 11:15:00,2695.55,2701.85,2683.1,2689.5,0
2020-04-07 12:15:00,2689.6,2725.6,2689.1,2724.25,0
2020-04-07 13:15:00,2723.85,2750.15,2708.5,2739.45,0
2020-04-07 14:15:00,2739.55,2752.7,2735.8,2742.6,0
2020-04-07 15:15:00,2742.75,2747.75,2734.5,2746.95,0
2020-04-08 09:15:00,2732.7,2855.9,2704.45,2855.9,0
2020-04-08 10:15:00,2856.25,2893.6,2820.0,2839.35,0
2020-04-08 11:15:00,2839.45,2855.8,2787.55,2818.2,0
2020-04-08 12:15:00,2818.0,2829.05,2780.25,2818.35,0
2020-04-08 13:15:00,2818.85,2828.15,2770.55,2776.5,0
2020-04-08 14:15:00,2776.7,2804.25,2775.6,2792.55,0
2020-04-08 15:15:00,2791.35,2794.65,2785.25,2788.4,0
2020-04-09 09:15:00,2829.8,2892.55,2829.8,2866.15,0
2020-04-09 10:15:00,2866.8,2888.95,2844.5,2868.7,0
2020-04-09 11:15:00,2869.25,2892.45,2858.9,2884.2,0
2020-04-09 12:15:00,2884.25,2911.55,2883.9,2905.65,0
2020-04-09 13:15:00,2905.9,2913.3,2883.45,2893.95,0
2020-04-09 14:15:00,2893.7,2919.75,2880.15,2913.7,0
2020-04-09 15:15:00,2913.35,2921.5,2912.85,2916.6,0
2020-04-13 09:15:00,2931.8,2931.8,2821.5,2852.2,0
2020-04-13 10:15:00,2852.0,2880.65,2844.6,2874.2,0
2020-04-13 11:15:00,2874.1,2896.75,2861.5,2880.5,0
2020-04-13 12:15:00,2880.15,2889.55,2868.6,2875.05,0
2020-04-13 13:15:00,2874.55,2877.5,2859.7,2867.15,0
2020-04-13 14:15:00,2866.9,2894.0,2862.7,2886.2,0
2020-04-13 15:15:00,2886.15,2891.55,2882.15,2890.3,0
2020-04-15 09:15:00,2924.0,2993.6,2923.4,2990.95,0
2020-04-15 10:15:00,2990.6,3013.75,2981.75,3010.6,0
2020-04-15 11:15:00,3010.8,3020.5,2997.35,3019.5,0
2020-04-15 12:15:00,3019.55,3021.8,2988.0,2989.95,0
2020-04-15 13:15:00,2990.2,2990.75,2924.6,2927.1,0
2020-04-15 14:15:00,2927.2,2943.5,2902.75,2938.75,0
2020-04-15 15:15:00,2938.3,2943.75,2936.7,2942.9,0
2020-04-16 09:15:00,2924.3,2997.3,2905.7,2975.35,0
2020-04-16 10:15:00,2975.85,2992.25,2959.5,2973.25,0
2020-04-16 11:15:00,2973.0,2995.95,2971.1,2994.5,0
2020-04-16 12:15:00,2995.6,3000.85,2969.6,2988.4,0
2020-04-16 13:15:00,2988.45,2998.5,2986.5,2998.4,0
2020-04-16 14:15:00,2999.1,3027.45,2995.15,3009.85,0
2020-04-16 15:15:00,3010.05,3030.95,3009.65,3029.7,0
2020-04-17 09:15:00,3113.1,3172.5,3104.5,3110.7,0
2020-04-17 10:15:00,3112.0,3134.0,3082.65,3099.85,0
2020-04-17 11:15:00,3099.9,3111.5,3047.0,3057.55,0
2020-04-17 12:15:00,3057.6,3088.0,3054.7,3072.75,0
2020-04-17 13:15:00,3072.75,3090.4,3063.45,3088.25,0
2020-04-17 14:15:00,3088.05,3115.75,3079.8,3113.25,0
2020-04-17 15:15:00,3113.8,3117.95,3109.95,3117.9,0
2020-04-20 09:15:00,3145.5,3163.65,3095.85,3146.75,0
2020-04-20 10:15:00,3147.45,3176.1,3140.85,3159.25,0
2020-04-20 11:15:00,3159.4,3162.15,3128.5,3159.2,0
2020-04-20 12:15:00,3159.05,3166.9,3138.45,3155.45,0
2020-04-20 13:15:00,3155.55,3162.9,3139.4,3146.0,0
2020-04-20 14:15:00,3146.2,3159.95,3115.0,3125.45,0
2020-04-20 15:15:00,3125.15,3129.25,3118.2,3125.4,0
2020-04-21 09:15:00,3059.5,3059.5,2998.0,3019.25,0
2020-04-21 10:15:00,3019.3,3026.65,3004.95,3006.65,0
2020-04-21 11:15:00,3006.7,3006.7,2976.55,2996.65,0
2020-04-21 12:15:00,2996.65,2997.7,2974.65,2980.65,0
2020-04-21 13:15:00,2980.45,2992.35,2972.8,2987.8,0
2020-04-21 14:15:00,2987.7,3013.0,2985.1,2989.5,0
2020-04-21 15:15:00,2989.25,2993.35,2976.65,2979.85,0
2020-04-22 09:15:00,2984.05,2993.4,2927.55,2948.7,0
2020-04-22 10:15:00,2948.5,2988.6,2941.75,2984.3,0
2020-04-22 11:15:00,2984.45,2988.55,2955.75,2967.4,0
2020-04-22 12:15:00,2967.4,2988.45,2965.45,2978.3,0
2020-04-22 13:15:00,2978.2,2984.05,2955.95,2980.3,0
2020-04-22 14:15:00,2980.45,3007.15,2980.45,3003.95,0
2020-04-22 15:15:00,3004.15,3018.95,3002.6,3017.05,0
2020-04-23 09:15:00,3032.55,3085.85,3021.5,3085.4,0
2020-04-23 10:15:00,3085.4,3100.25,3068.1,3069.8,0
2020-04-23 11:15:00,3070.3,3081.05,3063.85,3078.1,0
2020-04-23 12:15:00,3078.3,3087.2,3050.6,3058.3,0
2020-04-23 13:15:00,3058.2,3076.6,3039.35,3070.85,0
2020-04-23 14:15:00,3071.0,3076.2,3050.9,3055.65,0
2020-04-23 15:15:00,3055.35,3060.75,3049.05,3051.35,0
2020-04-24 09:15:00,3009.3,3035.4,2991.9,3005.2,0
2020-04-24 10:15:00,3005.4,3016.8,2999.35,3005.7,0
2020-04-24 11:15:00,3005.65,3013.5,2999.7,3007.6,0
2020-04-24 12:15:00,3007.8,3026.5,2996.5,3003.2,0
2020-04-24 13:15:00,3003.0,3005.7,2973.85,2978.4,0
2020-04-24 14:15:00,2978.0,2986.75,2963.0,2975.2,0
2020-04-24 15:15:00,2975.05,2978.55,2968.15,2975.75,0
2020-04-27 09:15:00,3012.55,3047.55,3012.55,3030.05,0
2020-04-27 10:15:00,3029.85,3041.95,3024.3,3033.85,0
2020-04-27 11:15:00,3033.25,3036.7,3015.9,3022.7,0
2020-04-27 12:15:00,3022.35,3042.15,3022.1,3040.9,0
2020-04-27 13:15:00,3040.75,3046.0,3027.7,3041.45,0
2020-04-27 14:15:00,3041.35,3043.35,3028.05,3038.0,0
2020-04-27 15:15:00,3038.25,3041.85,3035.75,3038.95,0
2020-04-28 09:15:00,3065.6,3082.05,3034.75,3046.45,0
2020-04-28 10:15:00,3046.55,3068.15,3044.9,3057.85,0
2020-04-28 11:15:00,3057.95,3073.05,3057.65,3058.5,0
2020-04-28 12:15:00,3058.3,3069.95,3052.8,3062.95,0
2020-04-28 13:15:00,3062.7,3069.55,3056.0,3066.75,0
2020-04-28 14:15:00,3066.95,3079.35,3061.75,3077.85,0
2020-04-28 15:15:00,3077.45,3094.65,3074.4,3093.35,0
2020-04-29 09:15:00,3104.45,3128.6,3096.1,3126.65,0
2020-04-29 10:15:00,3126.65,3137.05,3117.8,3136.2,0
2020-04-29 11:15:00,3136.05,3139.4,3120.1,3125.25,0
2020-04-29 12:15:00,3125.25,3145.45,3123.65,3139.3,0
2020-04-29 13:15:00,3139.25,3142.55,3128.6,3138.5,0
2020-04-29 14:15:00,3138.45,3151.25,3136.5,3144.95,0
2020-04-29 15:15:00,3144.9,3145.8,3138.4,3141.9,0
2020-04-30 09:15:00,3200.45,3243.95,3193.6,3236.4,0
2020-04-30 10:15:00,3236.3,3243.5,3220.8,3238.7,0
2020-04-30 11:15:00,3238.95,3248.75,3233.65,3245.95,0
2020-04-30 12:15:00,3246.0,3249.4,3200.15,3213.05,0
2020-04-30 13:15:00,3211.95,3228.8,3206.05,3215.1,0
2020-04-30 14:15:00,3215.05,3218.4,3198.85,3209.0,0
2020-04-30 15:15:00,3208.55,3213.9,3204.85,3209.05,0
2020-05-04 09:15:00,3103.55,3109.55,3047.45,3056.05,0
2020-05-04 10:15:00,3056.45,3076.65,3045.05,3062.3,0
2020-05-04 11:15:00,3062.1,3070.7,3047.7,3063.4,0
2020-05-04 12:15:00,3063.5,3078.55,3056.8,3061.8,0
2020-05-04 13:15:00,3061.5,3080.15,3053.5,3057.3,0
2020-05-04 14:15:00,3057.7,3060.3,3028.25,3043.95,0
2020-05-04 15:15:00,3044.05,3046.05,3037.15,3045.3,0
2020-05-05 09:15:00,3096.0,3109.85,3045.5,3062.0,0
2020-05-05 10:15:00,3062.4,3074.1,3050.9,3061.5,0
2020-05-05 11:15:00,3061.55,3061.9,3036.65,3048.35,0
2020-05-05 12:15:00,3048.25,3062.4,3036.05,3055.65,0
2020-05-05 13:15:00,3055.9,3069.2,3038.45,3043.45,0
2020-05-05 14:15:00,3043.55,3043.85,2992.95,2996.0,0
2020-05-05 15:15:00,2997.0,3000.65,2988.55,2996.7,0
2020-05-06 09:15:00,2999.95,3023.45,2947.7,3022.45,0
2020-05-06 10:15:00,3022.6,3038.85,3009.6,3022.9,0
2020-05-06 11:15:00,3022.65,3042.6,3008.1,3037.3,0
2020-05-06 12:15:00,3037.5,3048.3,3026.2,3038.3,0
2020-05-06 13:15:00,3038.05,3064.2,3034.2,3054.8,0
2020-05-06 14:15:00,3054.7,3058.55,3028.6,3051.45,0
2020-05-06 15:15:00,3051.2,3065.95,3049.5,3061.1,0
2020-05-07 09:15:00,3040.55,3093.1,3021.8,3067.15,0
2020-05-07 10:15:00,3067.5,3075.0,3046.25,3052.35,0
2020-05-07 11:15:00,3053.1,3064.8,3051.75,3060.4,0
2020-05-07 12:15:00,3060.05,3074.25,3057.0,3062.75,0
2020-05-07 13:15:00,3062.8,3067.15,3037.6,3041.2,0
2020-05-07 14:15:00,3041.2,3046.65,3020.9,3025.0,0
2020-05-07 15:15:00,3025.15,3035.45,3022.65,3034.3,0
2020-05-08 09:15:00,3074.35,3090.4,3066.9,3075.2,0
2020-05-08 10:15:00,3075.2,3081.6,3068.65,3072.6,0
2020-05-08 11:15:00,3072.65,3083.9,3066.8,3071.3,0
2020-05-08 12:15:00,3071.5,3072.3,3058.3,3071.6,0
2020-05-08 13:15:00,3071.6,3072.95,3046.55,3053.95,0
2020-05-08 14:15:00,3053.9,3055.0,3035.4,3041.55,0
2020-05-08 15:15:00,3041.55,3047.55,3034.05,3035.65,0
2020-05-11 09:15:00,3070.15,3106.4,3066.1,3090.2,0
2020-05-11 10:15:00,3089.85,3125.05,3081.95,3118.2,0
2020-05-11 11:15:00,3118.2,3123.75,3099.75,3112.6,0
2020-05-11 12:15:00,3113.05,3129.1,3105.45,3126.3,0
2020-05-11 13:15:00,3126.15,3128.05,3093.75,3094.05,0
2020-05-11 14:15:00,3094.35,3104.6,3081.2,3093.75,0
2020-05-11 15:15:00,3093.85,3102.05,3089.6,3096.5,0
2020-05-12 09:15:00,3076.7,3081.1,3021.5,3049.8,0
2020-05-12 10:15:00,3049.9,3058.2,3042.55,3051.4,0
2020-05-12 11:15:00,3051.4,3056.25,3033.85,3043.85,0
2020-05-12 12:15:00,3043.8,3062.15,3035.6,3050.05,0
2020-05-12 13:15:00,3050.4,3074.25,3037.25,3071.05,0
2020-05-12 14:15:00,3070.9,3104.9,3070.9,3073.3,0
2020-05-12 15:15:00,3073.8,3083.45,3072.65,3075.45,0
2020-05-13 09:15:00,3202.1,3203.45,3095.3,3119.25,0
2020-05-13 10:15:00,3119.3,3147.05,3111.95,3145.25,0
2020-05-13 11:15:00,3144.75,3146.75,3130.2,3141.85,0
2020-05-13 12:15:00,3141.7,3151.45,3135.15,3145.75,0
2020-05-13 13:15:00,3145.8,3161.1,3140.4,3151.2,0
2020-05-13 14:15:00,3151.0,3164.15,3142.7,3149.5,0
2020-05-13 15:15:00,3148.45,3161.55,3145.6,3154.95,0
2020-05-14 09:15:00,3120.3,3152.15,3104.35,3138.8,0
2020-05-14 10:15:00,3138.65,3156.2,3135.9,3143.8,0
2020-05-14 11:15:00,3143.25,3146.6,3126.7,3142.45,0
2020-05-14 12:15:00,3142.65,3153.05,3135.4,3149.6,0
2020-05-14 13:15:00,3149.35,3150.2,3116.4,3117.7,0
2020-05-14 14:15:00,3117.15,3132.85,3109.6,3124.3,0
2020-05-14 15:15:00,3124.05,3129.6,3120.95,3123.9,0
2020-05-15 09:15:00,3127.1,3147.7,3103.4,3121.5,0
2020-05-15 10:15:00,3121.95,3125.7,3098.2,3098.65,0
2020-05-15 11:15:00,3098.2,3102.05,3087.35,3094.4,0
2020-05-15 12:15:00,3094.15,3116.9,3094.15,3105.6,0
2020-05-15 13:15:00,3105.6,3126.15,3101.9,3124.65,0
2020-05-15 14:15:00,3124.85,3129.65,3101.15,3105.75,0
2020-05-15 15:15:00,3106.1,3109.5,3096.45,3098.65,0
2020-05-18 09:15:00,3110.95,3111.25,3006.7,3010.3,0
2020-05-18 10:15:00,3010.2,3020.35,2959.65,2967.5,0
2020-05-18 11:15:00,2967.1,2974.1,2948.55,2960.15,0
2020-05-18 12:15:00,2959.95,2970.5,2941.45,2946.05,0
2020-05-18 13:15:00,2945.8,2966.5,2935.4,2960.9,0
2020-05-18 14:15:00,2961.05,2962.25,2924.5,2930.7,0
2020-05-18 15:15:00,2931.05,2934.45,2918.1,2931.15,0
2020-05-19 09:15:00,2973.1,2989.85,2936.35,2977.05,0
2020-05-19 10:15:00,2977.15,3000.8,2969.35,2972.75,0
2020-05-19 11:15:00,2972.8,2986.15,2967.35,2974.35,0
2020-05-19 12:15:00,2974.3,2975.35,2953.05,2959.55,0
2020-05-19 13:15:00,2959.55,2965.3,2925.8,2928.3,0
2020-05-19 14:15:00,2928.0,2944.65,2919.35,2930.4,0
2020-05-19 15:15:00,2930.9,2934.0,2925.4,2932.6,0
2020-05-20 09:15:00,2935.6,2960.85,2920.9,2944.1,0
2020-05-20 10:15:00,2943.9,2947.05,2928.35,2946.1,0
2020-05-20 11:15:00,2945.65,2961.05,2945.65,2952.7,0
2020-05-20 12:15:00,2952.9,2964.35,2952.7,2963.8,0
2020-05-20 13:15:00,2963.75,2971.7,2952.05,2962.9,0
2020-05-20 14:15:00,2963.2,2987.2,2962.8,2975.5,0
2020-05-20 15:15:00,2975.65,2989.05,2974.85,2986.3,0
2020-05-21 09:15:00,3001.15,3035.5,2997.9,3020.4,0
2020-05-21 10:15:00,3019.6,3030.5,3014.8,3016.75,0
2020-05-21 11:15:00,3017.4,3030.85,3011.9,3019.0,0
2020-05-21 12:15:00,3019.05,3024.85,3007.95,3022.4,0
2020-05-21 13:15:00,3022.9,3028.95,3004.75,3010.45,0
2020-05-21 14:15:00,3010.7,3010.7,2981.85,3003.6,0
2020-05-21 15:15:00,3002.65,3004.95,2996.45,2997.5,0
2020-05-22 09:15:00,2991.3,3032.25,2972.75,2997.85,0
2020-05-22 10:15:00,2998.3,3010.05,2957.55,2975.05,0
2020-05-22 11:15:00,2974.4,2989.9,2968.3,2978.85,0
2020-05-22 12:15:00,2978.9,2986.0,2964.1,2965.1,0
2020-05-22 13:15:00,2965.35,2978.45,2958.65,2977.55,0
2020-05-22 14:15:00,2977.35,2982.6,2969.5,2974.9,0
2020-05-22 15:15:00,2974.7,2983.45,2972.95,2975.05,0
2020-05-26 09:15:00,3005.0,3026.05,2988.15,3005.85,0
2020-05-26 10:15:00,3005.15,3019.55,3004.6,3014.15,0
2020-05-26 11:15:00,3014.35,3019.0,3007.45,3019.0,0
2020-05-26 12:15:00,3019.0,3038.7,3018.4,3029.4,0
2020-05-26 13:15:00,3029.7,3037.35,3018.45,3022.25,0
2020-05-26 14:15:00,3022.5,3051.1,3018.1,3046.45,0
2020-05-26 15:15:00,3046.9,3047.95,3039.65,3044.85,0
2020-05-27 09:15:00,3061.2,3061.25,3016.35,3038.95,0
2020-05-27 10:15:00,3038.3,3051.55,3037.6,3044.7,0
2020-05-27 11:15:00,3044.65,3048.2,3035.4,3040.8,0
2020-05-27 12:15:00,3041.5,3045.7,3033.4,3035.5,0
2020-05-27 13:15:00,3035.7,3060.55,3029.1,3048.55,0
2020-05-27 14:15:00,3048.0,3069.35,3040.5,3065.25,0
2020-05-27 15:15:00,3065.6,3068.75,3058.65,3067.35,0
2020-05-28 09:15:00,3079.8,3095.75,3070.3,3095.65,0
2020-05-28 10:15:00,3096.15,3117.15,3093.15,3111.1,0
2020-05-28 11:15:00,3110.95,3114.75,3097.8,3109.3,0
2020-05-28 12:15:00,3109.15,3120.4,3102.5,3104.7,0
2020-05-28 13:15:00,3104.55,3121.9,3093.35,3094.25,0
2020-05-28 14:15:00,3094.35,3121.05,3094.15,3117.6,0
2020-05-28 15:15:00,3117.5,3120.45,3105.9,3107.4,0
2020-05-29 09:15:00,3097.6,3161.4,3079.75,3155.15,0
2020-05-29 10:15:00,3154.8,3177.2,3153.05,3173.35,0
2020-05-29 11:15:00,3173.45,3183.65,3167.15,3171.55,0
2020-05-29 12:15:00,3171.3,3178.95,3162.45,3168.35,0
2020-05-29 13:15:00,3168.5,3192.5,3167.1,3187.9,0
2020-05-29 14:15:00,3187.7,3193.35,3146.05,3150.45,0
2020-05-29 15:15:00,3150.3,3157.35,3121.75,3127.25,0
2020-06-01 09:15:00,3193.8,3235.8,3192.1,3235.7,0
2020-06-01 10:15:00,3235.6,3246.55,3232.05,3236.25,0
2020-06-01 11:15:00,3235.0,3256.0,3233.15,3251.8,0
2020-06-01 12:15:00,3252.1,3269.85,3248.2,3266.9,0
2020-06-01 13:15:00,3267.3,3267.45,3237.55,3242.3,0
2020-06-01 14:15:00,3242.95,3263.1,3233.45,3255.9,0
2020-06-01 15:15:00,3256.0,3256.0,3240.9,3248.05,0
2020-06-02 09:15:00,3268.55,3295.95,3257.85,3271.05,0
2020-06-02 10:15:00,3271.65,3287.3,3261.9,3280.3,0
2020-06-02 11:15:00,3280.25,3296.4,3277.55,3290.15,0
2020-06-02 12:15:00,3290.55,3296.75,3283.35,3286.15,0
2020-06-02 13:15:00,3286.15,3291.25,3280.3,3287.95,0
2020-06-02 14:15:00,3288.3,3296.85,3287.7,3293.65,0
2020-06-02 15:15:00,3293.5,3298.1,3289.75,3295.55,0
2020-06-03 09:15:00,3329.8,3368.85,3324.55,3340.95,0
2020-06-03 10:15:00,3341.0,3355.75,3337.35,3337.85,0
2020-06-03 11:15:00,3338.15,3353.7,3337.7,3349.9,0
2020-06-03 12:15:00,3349.75,3351.15,3333.4,3337.85,0
2020-06-03 13:15:00,3337.55,3352.45,3337.3,3347.6,0
2020-06-03 14:15:00,3347.8,3351.8,3294.8,3295.8,0
2020-06-03 15:15:00,3296.4,3303.15,3286.4,3303.15,0
2020-06-04 09:15:00,3310.9,3359.1,3296.4,3332.7,0
2020-06-04 10:15:00,3332.9,3344.4,3323.25,3332.7,0
2020-06-04 11:15:00,3332.75,3334.6,3295.25,3296.65,0
2020-06-04 12:15:00,3296.7,3304.95,3284.9,3290.9,0
2020-06-04 13:15:00,3290.95,3312.3,3289.05,3292.15,0
2020-06-04 14:15:00,3291.75,3319.8,3288.25,3319.7,0
2020-06-04 15:15:00,3319.5,3326.15,3317.6,3324.25,0
2020-06-05 09:15:00,3337.0,3357.1,3331.6,3335.15,0
2020-06-05 10:15:00,3335.05,3335.45,3309.7,3327.55,0
2020-06-05 11:15:00,3327.85,3349.05,3327.85,3346.65,0
2020-06-05 12:15:00,3346.1,3357.8,3338.8,3357.35,0
2020-06-05 13:15:00,3357.15,3364.25,3343.8,3359.8,0
2020-06-05 14:15:00,3360.35,3366.8,3350.8,3361.2,0
2020-06-05 15:15:00,3361.35,3370.7,3359.9,3368.55,0
2020-06-08 09:15:00,3393.25,3407.8,3365.6,3388.3,0
2020-06-08 10:15:00,3388.4,3410.45,3387.6,3409.65,0
2020-06-08 11:15:00,3409.65,3409.75,3398.65,3401.85,0
2020-06-08 12:15:00,3401.55,3404.55,3361.4,3374.45,0
2020-06-08 13:15:00,3374.45,3375.3,3345.25,3359.1,0
2020-06-08 14:15:00,3358.25,3358.85,3332.55,3343.95,0
2020-06-08 15:15:00,3343.95,3349.95,3335.2,3349.15,0
2020-06-09 09:15:00,3366.5,3378.85,3344.05,3370.1,0
2020-06-09 10:15:00,3369.85,3389.65,3368.85,3380.55,0
2020-06-09 11:15:00,3380.6,3391.4,3369.35,3373.6,0
2020-06-09 12:15:00,3373.4,3378.35,3345.95,3350.75,0
2020-06-09 13:15:00,3350.75,3353.45,3310.35,3314.4,0
2020-06-09 14:15:00,3313.9,3326.35,3291.45,3310.75,0
2020-06-09 15:15:00,3311.1,3316.5,3304.25,3308.15,0
2020-06-10 09:15:00,3328.35,3353.8,3301.8,3316.0,0
2020-06-10 10:15:00,3315.8,3335.2,3315.6,3331.35,0
2020-06-10 11:15:00,3331.45,3334.05,3312.8,3318.0,0
2020-06-10 12:15:00,3318.2,3331.6,3313.55,3325.15,0
2020-06-10 13:15:00,3325.25,3337.0,3317.25,3333.0,0
2020-06-10 14:15:00,3333.2,3345.15,3315.5,3345.05,0
2020-06-10 15:15:00,3345.2,3349.4,3342.8,3348.15,0
2020-06-11 09:15:00,3347.85,3390.35,3335.4,3386.1,0
2020-06-11 10:15:00,3386.05,3391.9,3346.6,3351.3,0
2020-06-11 11:15:00,3351.15,3369.45,3341.9,3363.55,0
2020-06-11 12:15:00,3363.55,3365.1,3344.15,3360.65,0
2020-06-11 13:15:00,3360.5,3363.85,3322.2,3322.9,0
2020-06-11 14:15:00,3322.9,3323.5,3298.95,3309.45,0
2020-06-11 15:15:00,3308.8,3313.6,3301.7,3313.6,0
2020-06-12 09:15:00,3166.1,3257.6,3166.1,3239.45,0
2020-06-12 10:15:00,3239.45,3272.45,3236.85,3264.65,0
2020-06-12 11:15:00,3265.35,3294.05,3262.0,3281.85,0
2020-06-12 12:15:00,3281.85,3297.25,3271.5,3290.2,0
2020-06-12 13:15:00,3290.25,3344.8,3288.35,3329.35,0
2020-06-12 14:15:00,3329.4,3385.05,3328.25,3376.85,0
2020-06-12 15:15:00,3377.35,3386.35,3372.3,3380.45,0
2020-06-15 09:15:00,3372.8,3401.2,3346.0,3379.6,0
2020-06-15 10:15:00,3379.5,3379.5,3325.25,3328.3,0
2020-06-15 11:15:00,3328.65,3342.95,3319.75,3320.95,0
2020-06-15 12:15:00,3321.15,3338.8,3315.2,3330.35,0
2020-06-15 13:15:00,3330.65,3350.6,3326.95,3341.05,0
2020-06-15 14:15:00,3341.0,3358.25,3313.15,3319.65,0
2020-06-15 15:15:00,3320.2,3325.25,3312.95,3322.8,0
2020-06-16 09:15:00,3382.45,3390.0,3358.2,3365.4,0
2020-06-16 10:15:00,3365.0,3392.6,3358.9,3381.65,0
2020-06-16 11:15:00,3382.15,3385.9,3365.25,3368.85,0
2020-06-16 12:15:00,3369.0,3371.75,3326.65,3327.0,0
2020-06-16 13:15:00,3327.4,3339.3,3283.55,3326.65,0
2020-06-16 14:15:00,3326.6,3352.3,3322.6,3343.1,0
2020-06-16 15:15:00,3342.75,3343.75,3333.55,3338.6,0
2020-06-17 09:15:00,3331.7,3367.95,3320.6,3364.15,0
2020-06-17 10:15:00,3364.15,3364.85,3331.3,3336.3,0
2020-06-17 11:15:00,3336.4,3353.85,3325.85,3350.5,0
2020-06-17 12:15:00,3350.05,3357.25,3340.15,3349.05,0
2020-06-17 13:15:00,3348.95,3357.5,3339.25,3349.55,0
2020-06-17 14:15:00,3349.7,3361.4,3331.6,3335.25,0
2020-06-17 15:15:00,3335.15,3342.45,3333.7,3339.2,0
2020-06-18 09:15:00,3327.15,3331.5,3311.75,3323.15,0
2020-06-18 10:15:00,3323.25,3325.6,3300.4,3307.75,0
2020-06-18 11:15:00,3307.8,3318.9,3304.0,3312.6,0
2020-06-18 12:15:00,3312.65,3316.65,3305.55,3308.0,0
2020-06-18 13:15:00,3308.0,3327.6,3307.9,3326.95,0
2020-06-18 14:15:00,3327.05,3333.4,3317.15,3330.6,0
2020-06-18 15:15:00,3331.45,3337.9,3328.65,3331.15,0
2020-06-19 09:15:00,3346.9,3367.7,3339.5,3360.65,0
2020-06-19 10:15:00,3360.6,3372.65,3352.55,3371.2,0
2020-06-19 11:15:00,3371.1,3375.9,3365.7,3372.05,0
2020-06-19 12:15:00,3372.1,3378.2,3352.2,3359.55,0
2020-06-19 13:15:00,3359.1,3383.85,3357.45,3365.7,0
2020-06-19 14:15:00,3365.95,3385.85,3362.35,3385.15,0
2020-06-19 15:15:00,3385.05,3385.35,3376.75,3382.7,0
2020-06-22 09:15:00,3414.45,3454.8,3406.8,3436.85,0
2020-06-22 10:15:00,3436.75,3474.55,3430.05,3472.05,0
2020-06-22 11:15:00,3471.7,3488.6,3464.3,3472.3,0
2020-06-22 12:15:00,3472.1,3487.35,3471.75,3476.3,0
2020-06-22 13:15:00,3476.1,3494.75,3473.75,3494.2,0
2020-06-22 14:15:00,3494.75,3497.1,3462.3,3476.9,0
2020-06-22 15:15:00,3477.2,3484.85,3473.2,3483.6,0
2020-06-23 09:15:00,3510.85,3512.9,3460.2,3496.4,0
2020-06-23 10:15:00,3496.35,3502.2,3488.35,3489.75,0
2020-06-23 11:15:00,3489.7,3493.8,3481.45,3486.9,0
2020-06-23 12:15:00,3486.9,3509.45,3484.4,3501.4,0
2020-06-23 13:15:00,3501.75,3507.9,3483.0,3500.2,0
2020-06-23 14:15:00,3499.95,3508.9,3493.95,3499.9,0
2020-06-23 15:15:00,3499.4,3502.95,3496.7,3499.65,0
2020-06-24 09:15:00,3520.9,3538.55,3493.35,3536.6,0
2020-06-24 10:15:00,3536.55,3545.85,3486.5,3496.25,0
2020-06-24 11:15:00,3496.3,3505.2,3480.5,3499.95,0
2020-06-24 12:15:00,3499.65,3515.9,3476.05,3476.2,0
2020-06-24 13:15:00,3475.8,3487.95,3455.0,3463.2,0
2020-06-24 14:15:00,3463.7,3476.8,3426.45,3436.7,0
2020-06-24 15:15:00,3437.2,3448.45,3432.45,3447.15,0
2020-06-25 09:15:00,3415.9,3443.7,3391.55,3436.65,0
2020-06-25 10:15:00,3437.6,3466.4,3437.25,3455.8,0
2020-06-25 11:15:00,3455.8,3457.35,3425.95,3434.5,0
2020-06-25 12:15:00,3434.4,3443.25,3421.6,3431.9,0
2020-06-25 13:15:00,3431.5,3457.2,3419.55,3455.75,0
2020-06-25 14:15:00,3456.0,3460.75,3439.65,3453.8,0
2020-06-25 15:15:00,3453.95,3455.15,3445.75,3453.95,0
2020-06-26 09:15:00,3488.9,3505.35,3477.7,3489.25,0
2020-06-26 10:15:00,3489.35,3489.35,3457.0,3469.6,0
2020-06-26 11:15:00,3469.6,3472.2,3460.85,3468.85,0
2020-06-26 12:15:00,3468.85,3469.6,3441.15,3449.55,0
2020-06-26 13:15:00,3449.55,3458.0,3430.05,3439.15,0
2020-06-26 14:15:00,3438.9,3452.0,3425.65,3439.15,0
2020-06-26 15:15:00,3438.35,3449.35,3437.55,3442.05,0
2020-06-29 09:15:00,3427.9,3427.9,3382.2,3388.65,0
2020-06-29 10:15:00,3388.65,3412.45,3382.55,3387.85,0
2020-06-29 11:15:00,3388.0,3390.3,3374.4,3379.65,0
2020-06-29 12:15:00,3379.7,3399.8,3378.8,3381.9,0
2020-06-29 13:15:00,3382.15,3382.3,3367.15,3367.4,0
2020-06-29 14:15:00,3367.15,3380.0,3353.15,3372.1,0
2020-06-29 15:15:00,3372.35,3381.85,3372.15,3375.5,0
2020-06-30 09:15:00,3410.55,3427.15,3395.35,3408.7,0
2020-06-30 10:15:00,3408.6,3415.7,3391.05,3407.2,0
2020-06-30 11:15:00,3406.85,3410.25,3393.3,3400.2,0
2020-06-30 12:15:00,3400.45,3410.85,3387.65,3390.85,0
2020-06-30 13:15:00,3390.35,3394.35,3381.9,3384.9,0
2020-06-30 14:15:00,3384.85,3385.25,3357.4,3364.2,0
2020-06-30 15:15:00,3364.35,3369.4,3360.4,3361.95,0
2020-07-01 09:15:00,3366.95,3385.0,3350.3,3384.3,0
2020-07-01 10:15:00,3384.05,3384.05,3366.35,3368.7,0
2020-07-01 11:15:00,3368.6,3381.85,3366.95,3376.95,0
2020-07-01 12:15:00,3377.1,3386.7,3367.35,3382.45,0
2020-07-01 13:15:00,3382.7,3389.75,3370.0,3381.4,0
2020-07-01 14:15:00,3381.35,3385.85,3367.45,3382.95,0
2020-07-01 15:15:00,3382.55,3387.7,3379.95,3385.8,0
2020-07-02 09:15:00,3407.45,3435.0,3407.1,3420.1,0
2020-07-02 10:15:00,3420.7,3422.25,3406.15,3413.25,0
2020-07-02 11:15:00,3412.7,3439.5,3410.9,3439.5,0
2020-07-02 12:15:00,3439.1,3442.05,3429.55,3433.05,0
2020-07-02 13:15:00,3433.25,3445.4,3428.75,3445.1,0
2020-07-02 14:15:00,3445.1,3445.4,3430.8,3439.7,0
2020-07-02 15:15:00,3440.15,3451.55,3438.1,3450.5,0
2020-07-03 09:15:00,3474.0,3484.65,3451.15,3475.25,0
2020-07-03 10:15:00,3475.6,3482.7,3468.4,3473.55,0
2020-07-03 11:15:00,3473.1,3481.25,3467.4,3476.65,0
2020-07-03 12:15:00,3476.5,3485.9,3469.6,3472.45,0
2020-07-03 13:15:00,3472.45,3480.85,3458.3,3476.2,0
2020-07-03 14:15:00,3476.2,3482.1,3466.3,3480.5,0
2020-07-03 15:15:00,3480.2,3484.6,3475.8,3476.05,0
2020-07-06 09:15:00,3507.6,3531.9,3499.2,3531.3,0
2020-07-06 10:15:00,3530.9,3538.9,3523.9,3537.5,0
2020-07-06 11:15:00,3537.05,3539.5,3529.8,3537.45,0
2020-07-06 12:15:00,3537.4,3548.65,3536.55,3542.15,0
2020-07-06 13:15:00,3542.5,3551.65,3533.65,3544.15,0
2020-07-06 14:15:00,3544.15,3563.5,3543.1,3562.5,0
2020-07-06 15:15:00,3562.3,3565.4,3559.35,3563.15,0
2020-07-07 09:15:00,3568.35,3579.9,3541.5,3578.8,0
2020-07-07 10:15:00,3579.1,3590.85,3559.5,3562.5,0
2020-07-07 11:15:00,3562.45,3565.8,3543.7,3562.85,0
2020-07-07 12:15:00,3563.1,3576.85,3559.7,3573.5,0
2020-07-07 13:15:00,3573.3,3596.35,3571.7,3596.35,0
2020-07-07 14:15:00,3596.1,3617.4,3590.05,3605.1,0
2020-07-07 15:15:00,3604.7,3610.65,3597.85,3601.8,0
2020-07-08 09:15:00,3622.5,3642.8,3613.0,3628.7,0
2020-07-08 10:15:00,3628.25,3645.75,3627.8,3638.65,0
2020-07-08 11:15:00,3638.8,3657.55,3623.55,3653.55,0
2020-07-08 12:15:00,3653.5,3661.65,3642.2,3649.85,0
2020-07-08 13:15:00,3650.0,3653.15,3639.05,3647.2,0
2020-07-08 14:15:00,3646.85,3651.25,3594.8,3597.8,0
2020-07-08 15:15:00,3598.4,3598.4,3588.05,3590.15,0
2020-07-09 09:15:00,3612.15,3619.1,3592.35,3601.85,0
2020-07-09 10:15:00,3602.0,3611.65,3591.4,3599.65,0
2020-07-09 11:15:00,3599.3,3599.65,3586.25,3593.5,0
2020-07-09 12:15:00,3593.55,3602.25,3585.85,3590.6,0
2020-07-09 13:15:00,3590.55,3601.7,3587.9,3596.25,0
2020-07-09 14:15:00,3596.1,3610.25,3593.65,3605.8,0
2020-07-09 15:15:00,3606.05,3611.2,3604.35,3606.55,0
2020-07-10 09:15:00,3585.15,3621.35,3574.55,3615.95,0
2020-07-10 10:15:00,3616.0,3616.3,3570.6,3570.95,0
2020-07-10 11:15:00,3570.8,3574.45,3555.75,3563.5,0
2020-07-10 12:15:00,3563.4,3576.15,3544.0,3568.8,0
2020-07-10 13:15:00,3568.85,3580.3,3551.75,3554.85,0
2020-07-10 14:15:00,3555.0,3560.3,3542.25,3548.75,0
2020-07-10 15:15:00,3548.25,3552.55,3544.2,3551.3,0
2020-07-13 09:15:00,3579.75,3591.05,3562.85,3567.25,0
2020-07-13 10:15:00,3567.0,3572.2,3538.35,3544.5,0
2020-07-13 11:15:00,3543.85,3552.3,3539.4,3540.0,0
2020-07-13 12:15:00,3539.95,3553.3,3534.35,3547.05,0
2020-07-13 13:15:00,3547.25,3547.8,3529.05,3537.25,0
2020-07-13 14:15:00,3537.65,3548.9,3536.9,3541.95,0
2020-07-13 15:15:00,3541.8,3544.65,3537.0,3539.3,0
2020-07-14 09:15:00,3517.2,3528.15,3500.15,3525.6,0
2020-07-14 10:15:00,3526.0,3526.0,3473.55,3479.05,0
2020-07-14 11:15:00,3479.05,3498.6,3474.2,3484.3,0
2020-07-14 12:15:00,3484.45,3491.75,3473.45,3474.35,0
2020-07-14 13:15:00,3474.45,3501.65,3473.7,3497.15,0
2020-07-14 14:15:00,3497.15,3502.25,3478.75,3484.6,0
2020-07-14 15:15:00,3485.4,3486.4,3475.25,3475.9,0
2020-07-15 09:15:00,3514.5,3532.85,3502.35,3524.4,0
2020-07-15 10:15:00,3524.45,3532.15,3518.1,3528.8,0
2020-07-15 11:15:00,3528.55,3536.05,3518.0,3519.3,0
2020-07-15 12:15:00,3519.0,3520.1,3502.45,3510.45,0
2020-07-15 13:15:00,3510.3,3517.9,3504.6,3505.45,0
2020-07-15 14:15:00,3505.4,3505.75,3459.75,3467.25,0
2020-07-15 15:15:00,3466.9,3483.55,3463.7,3481.3,0
2020-07-16 09:15:00,3496.25,3496.25,3430.5,3477.75,0
2020-07-16 10:15:00,3477.4,3490.45,3463.05,3471.7,0
2020-07-16 11:15:00,3470.8,3482.35,3464.85,3464.95,0
2020-07-16 12:15:00,3464.55,3480.35,3463.6,3470.45,0
2020-07-16 13:15:00,3470.3,3484.75,3466.55,3481.25,0
2020-07-16 14:15:00,3481.6,3495.9,3477.4,3493.45,0
2020-07-16 15:15:00,3493.15,3502.0,3489.85,3493.1,0
2020-07-17 09:15:00,3508.0,3550.9,3508.0,3547.2,0
2020-07-17 10:15:00,3547.1,3548.45,3521.0,3535.75,0
2020-07-17 11:15:00,3535.85,3540.5,3521.95,3535.9,0
2020-07-17 12:15:00,3536.25,3542.0,3526.85,3530.4,0
2020-07-17 13:15:00,3530.6,3551.2,3526.5,3547.7,0
2020-07-17 14:15:00,3548.05,3574.8,3543.3,3573.4,0
2020-07-17 15:15:00,3573.35,3582.45,3571.1,3580.1,0
2020-07-20 09:15:00,3609.0,3625.05,3594.0,3621.25,0
2020-07-20 10:15:00,3621.1,3631.85,3603.9,3616.15,0
2020-07-20 11:15:00,3615.95,3622.3,3605.05,3619.35,0
2020-07-20 12:15:00,3619.35,3627.3,3616.0,3624.5,0
2020-07-20 13:15:00,3624.65,3631.85,3604.8,3631.0,0
2020-07-20 14:15:00,3630.8,3632.2,3618.8,3620.25,0
2020-07-20 15:15:00,3620.25,3621.5,3614.7,3618.65,0
2020-07-21 09:15:00,3645.95,3658.85,3636.0,3638.65,0
2020-07-21 10:15:00,3638.65,3646.1,3633.15,3638.75,0
2020-07-21 11:15:00,3638.7,3651.1,3637.6,3647.5,0
2020-07-21 12:15:00,3647.45,3653.75,3637.8,3644.65,0
2020-07-21 13:15:00,3644.9,3646.1,3614.8,3625.25,0
2020-07-21 14:15:00,3625.45,3633.7,3620.3,3626.15,0
2020-07-21 15:15:00,3625.55,3626.75,3618.8,3621.25,0
2020-07-22 09:15:00,3629.85,3638.35,3597.25,3616.55,0
2020-07-22 10:15:00,3617.0,3647.3,3614.9,3646.75,0
2020-07-22 11:15:00,3646.6,3652.5,3634.4,3646.65,0
2020-07-22 12:15:00,3646.95,3662.8,3640.6,3641.2,0
2020-07-22 13:15:00,3641.2,3641.2,3607.4,3608.35,0
2020-07-22 14:15:00,3607.9,3632.25,3594.15,3631.3,0
2020-07-22 15:15:00,3631.3,3634.75,3623.95,3626.55,0
2020-07-23 09:15:00,3634.85,3661.6,3624.0,3649.15,0
2020-07-23 10:15:00,3648.85,3668.05,3648.2,3664.25,0
2020-07-23 11:15:00,3664.2,3671.05,3659.95,3667.6,0
2020-07-23 12:15:00,3667.4,3670.95,3652.2,3659.85,0
2020-07-23 13:15:00,3660.05,3666.65,3653.6,3659.5,0
2020-07-23 14:15:00,3659.65,3666.25,3645.7,3660.1,0
2020-07-23 15:15:00,3660.45,3670.65,3656.45,3667.9,0
2020-07-24 09:15:00,3644.0,3668.5,3630.85,3654.45,0
2020-07-24 10:15:00,3654.1,3654.85,3606.65,3619.6,0
2020-07-24 11:15:00,3620.05,3639.05,3617.45,3635.0,0
2020-07-24 12:15:00,3634.4,3644.65,3628.9,3639.1,0
2020-07-24 13:15:00,3639.35,3675.05,3638.5,3673.3,0
2020-07-24 14:15:00,3672.75,3673.45,3647.65,3649.55,0
2020-07-24 15:15:00,3649.55,3651.45,3641.55,3643.9,0
2020-07-27 09:15:00,3659.15,3659.15,3577.6,3588.35,0
2020-07-27 10:15:00,3588.5,3602.8,3580.25,3592.15,0
2020-07-27 11:15:00,3592.3,3602.6,3583.6,3597.5,0
2020-07-27 12:15:00,3597.55,3603.6,3591.0,3601.7,0
2020-07-27 13:15:00,3601.75,3603.25,3584.65,3595.5,0
2020-07-27 14:15:00,3595.2,3597.35,3567.9,3575.05,0
2020-07-27 15:15:00,3573.95,3581.35,3573.75,3578.45,0
2020-07-28 09:15:00,3576.2,3597.85,3571.0,3573.7,0
2020-07-28 10:15:00,3573.6,3594.5,3569.2,3587.75,0
2020-07-28 11:15:00,3587.65,3603.95,3587.65,3603.1,0
2020-07-28 12:15:00,3603.1,3610.45,3596.7,3598.2,0
2020-07-28 13:15:00,3598.2,3611.3,3595.7,3608.75,0
2020-07-28 14:15:00,3608.7,3619.25,3604.45,3614.75,0
2020-07-28 15:15:00,3614.7,3618.95,3610.05,3611.55,0
2020-07-29 09:15:00,3626.25,3669.25,3620.5,3664.5,0
2020-07-29 10:15:00,3663.9,3672.55,3647.6,3663.6,0
2020-07-29 11:15:00,3662.95,3681.9,3662.65,3677.5,0
2020-07-29 12:15:00,3677.55,3685.05,3662.65,3674.05,0
2020-07-29 13:15:00,3673.6,3677.1,3657.9,3657.9,0
2020-07-29 14:15:00,3657.75,3667.65,3630.45,3655.1,0
2020-07-29 15:15:00,3654.9,3656.65,3649.3,3653.85,0
2020-07-30 09:15:00,3667.75,3682.25,3662.6,3678.3,0
2020-07-30 10:15:00,3678.35,3682.65,3662.5,3669.4,0
2020-07-30 11:15:00,3669.6,3672.65,3666.35,3671.05,0
2020-07-30 12:15:00,3670.85,3672.25,3645.8,3647.85,0
2020-07-30 13:15:00,3647.8,3668.55,3633.3,3636.35,0
2020-07-30 14:15:00,3635.85,3644.8,3627.15,3633.4,0
2020-07-30 15:15:00,3633.3,3637.85,3629.65,3636.05,0
2020-07-31 09:15:00,3640.8,3661.45,3608.4,3627.2,0
2020-07-31 10:15:00,3627.05,3644.1,3621.6,3626.9,0
2020-07-31 11:15:00,3627.0,3634.1,3616.35,3620.95,0
2020-07-31 12:15:00,3620.85,3629.4,3613.0,3618.05,0
2020-07-31 13:15:00,3618.15,3618.15,3597.05,3616.25,0
2020-07-31 14:15:00,3615.95,3617.9,3603.75,3613.3,0
2020-07-31 15:15:00,3613.25,3617.7,3610.45,3616.7,0
2020-08-03 09:15:00,3610.25,3645.5,3600.15,3615.9,0
2020-08-03 10:15:00,3615.6,3640.05,3613.5,3628.95,0
2020-08-03 11:15:00,3628.85,3632.25,3616.35,3618.05,0
2020-08-03 12:15:00,3618.3,3622.95,3596.4,3607.6,0
2020-08-03 13:15:00,3607.4,3621.95,3594.95,3601.65,0
2020-08-03 14:15:00,3601.9,3607.45,3586.05,3589.55,0
2020-08-03 15:15:00,3589.85,3591.5,3587.15,3591.15,0
2020-08-04 09:15:00,3606.6,3651.7,3606.6,3637.75,0
2020-08-04 10:15:00,3637.7,3644.55,3630.8,3638.9,0
2020-08-04 11:15:00,3638.75,3654.4,3638.6,3651.5,0
2020-08-04 12:15:00,3651.55,3658.6,3639.6,3656.85,0
2020-08-04 13:15:00,3657.0,3660.5,3651.95,3652.55,0
2020-08-04 14:15:00,3653.0,3666.05,3652.85,3665.25,0
2020-08-04 15:15:00,3665.15,3669.85,3663.15,3668.25,0
2020-08-05 09:15:00,3705.35,3737.05,3704.05,3719.15,0
2020-08-05 10:15:00,3719.05,3724.95,3702.95,3712.15,0
2020-08-05 11:15:00,3712.4,3713.05,3668.35,3693.1,0
2020-08-05 12:15:00,3693.2,3702.4,3688.7,3691.15,0
2020-08-05 13:15:00,3691.1,3697.35,3678.4,3695.0,0
2020-08-05 14:15:00,3696.15,3703.75,3675.45,3692.3,0
2020-08-05 15:15:00,3692.05,3697.85,3690.9,3696.95,0
2020-08-06 09:15:00,3713.2,3727.35,3698.2,3723.85,0
2020-08-06 10:15:00,3723.95,3736.2,3720.2,3724.05,0
2020-08-06 11:15:00,3724.55,3746.1,3722.0,3744.6,0
2020-08-06 12:15:00,3744.7,3764.05,3743.8,3752.9,0
2020-08-06 13:15:00,3753.1,3763.75,3745.45,3761.55,0
2020-08-06 14:15:00,3762.15,3777.25,3747.5,3772.05,0
2020-08-06 15:15:00,3772.35,3774.45,3766.0,3773.45,0
2020-08-07 09:15:00,3781.05,3846.65,3772.8,3844.0,0
2020-08-07 10:15:00,3844.35,3850.8,3825.4,3850.05,0
2020-08-07 11:15:00,3849.75,3881.75,3848.45,3874.05,0
2020-08-07 12:15:00,3873.85,3884.05,3854.5,3855.0,0
2020-08-07 13:15:00,3854.9,3871.75,3848.25,3866.0,0
2020-08-07 14:15:00,3866.05,3886.8,3864.5,3877.65,0
2020-08-07 15:15:00,3877.75,3878.35,3870.0,3872.5,0
2020-08-10 09:15:00,3933.95,3949.45,3917.65,3936.25,0
2020-08-10 10:15:00,3936.05,3943.4,3927.45,3933.65,0
2020-08-10 11:15:00,3933.15,3934.5,3918.3,3920.7,0
2020-08-10 12:15:00,3920.9,3925.75,3906.85,3913.25,0
2020-08-10 13:15:00,3913.3,3920.6,3887.05,3892.05,0
2020-08-10 14:15:00,3891.85,3925.25,3891.5,3920.35,0
2020-08-10 15:15:00,3920.3,3921.4,3909.5,3916.3,0
2020-08-11 09:15:00,3938.85,3940.7,3919.55,3934.1,0
2020-08-11 10:15:00,3933.9,3944.5,3912.05,3915.05,0
2020-08-11 11:15:00,3914.85,3932.3,3902.3,3926.4,0
2020-08-11 12:15:00,3926.4,3931.95,3920.4,3922.5,0
2020-08-11 13:15:00,3923.0,3927.05,3906.9,3916.45,0
2020-08-11 14:15:00,3915.85,3923.8,3906.9,3909.9,0
2020-08-11 15:15:00,3909.6,3911.55,3903.05,3909.55,0
2020-08-12 09:15:00,3902.15,3936.3,3880.9,3924.8,0
2020-08-12 10:15:00,3924.8,3941.95,3924.25,3937.25,0
2020-08-12 11:15:00,3937.1,3940.15,3930.75,3931.35,0
2020-08-12 12:15:00,3931.3,3937.2,3927.85,3931.55,0
2020-08-12 13:15:00,3931.45,3944.3,3923.45,3937.65,0
2020-08-12 14:15:00,3938.15,3950.95,3933.45,3933.8,0
2020-08-12 15:15:00,3933.6,3942.1,3932.55,3939.0,0
2020-08-13 09:15:00,3961.1,4006.6,3958.85,3995.8,0
2020-08-13 10:15:00,3995.45,4004.35,3987.9,4003.25,0
2020-08-13 11:15:00,4003.5,4014.05,3992.65,3997.6,0
2020-08-13 12:15:00,3997.75,4016.45,3983.15,4015.15,0
2020-08-13 13:15:00,4015.25,4038.2,4011.15,4033.4,0
2020-08-13 14:15:00,4033.4,4042.65,4013.8,4038.8,0
2020-08-13 15:15:00,4038.5,4051.7,4036.85,4051.45,0
2020-08-14 09:15:00,4060.75,4062.75,4029.75,4047.4,0
2020-08-14 10:15:00,4047.6,4054.0,4038.95,4049.85,0
2020-08-14 11:15:00,4049.6,4056.7,4042.4,4055.2,0
2020-08-14 12:15:00,4055.2,4064.25,4036.7,4037.6,0
2020-08-14 13:15:00,4038.1,4039.75,3967.0,3981.25,0
2020-08-14 14:15:00,3981.25,3991.3,3942.5,3980.75,0
2020-08-14 15:15:00,3980.5,3993.75,3978.4,3982.0,0
2020-08-17 09:15:00,4020.65,4020.65,3974.45,4004.9,0
2020-08-17 10:15:00,4004.95,4013.9,3991.95,4003.6,0
2020-08-17 11:15:00,4003.6,4008.25,3991.55,4007.75,0
2020-08-17 12:15:00,4007.55,4011.5,3996.15,4004.35,0
2020-08-17 13:15:00,4004.5,4008.45,3987.95,3994.1,0
2020-08-17 14:15:00,3993.95,4011.95,3987.2,4005.25,0
2020-08-17 15:15:00,4005.3,4016.55,4004.55,4013.95,0
2020-08-18 09:15:00,4015.85,4036.45,4013.75,4029.6,0
2020-08-18 10:15:00,4029.9,4043.45,4029.9,4038.75,0
2020-08-18 11:15:00,4038.8,4042.75,4023.0,4028.55,0
2020-08-18 12:15:00,4028.65,4033.35,4018.3,4024.2,0
2020-08-18 13:15:00,4024.25,4053.9,4022.4,4042.95,0
2020-08-18 14:15:00,4042.5,4061.65,4042.1,4056.5,0
2020-08-18 15:15:00,4057.05,4065.05,4055.9,4064.6,0
2020-08-19 09:15:00,4078.4,4105.35,4077.25,4103.05,0
2020-08-19 10:15:00,4103.1,4103.5,4086.2,4086.4,0
2020-08-19 11:15:00,4086.3,4090.75,4079.6,4081.95,0
2020-08-19 12:15:00,4082.1,4095.4,4079.6,4093.2,0
2020-08-19 13:15:00,4092.9,4098.35,4086.65,4088.9,0
2020-08-19 14:15:00,4089.1,4090.85,4071.2,4079.5,0
2020-08-19 15:15:00,4079.45,4093.0,4078.2,4092.1,0
2020-08-20 09:15:00,4046.3,4095.95,4036.35,4087.1,0
2020-08-20 10:15:00,4087.35,4104.1,4085.65,4092.2,0
2020-08-20 11:15:00,4091.95,4102.75,4089.8,4097.55,0
2020-08-20 12:15:00,4097.3,4106.55,4075.1,4088.2,0
2020-08-20 13:15:00,4088.4,4098.55,4081.25,4087.45,0
2020-08-20 14:15:00,4087.65,4105.0,4087.4,4098.75,0
2020-08-20 15:15:00,4099.25,4110.1,4096.6,4103.05,0
2020-08-21 09:15:00,4131.85,4149.95,4128.6,4131.1,0
2020-08-21 10:15:00,4131.45,4139.45,4126.0,4131.25,0
2020-08-21 11:15:00,4131.75,4133.85,4116.55,4124.95,0
2020-08-21 12:15:00,4124.75,4127.2,4118.65,4121.8,0
2020-08-21 13:15:00,4121.8,4129.1,4114.75,4118.65,0
2020-08-21 14:15:00,4118.4,4119.85,4089.0,4093.8,0
2020-08-21 15:15:00,4092.6,4102.3,4089.8,4097.35,0
2020-08-24 09:15:00,4112.55,4138.9,4111.95,4137.35,0
2020-08-24 10:15:00,4137.9,4148.9,4130.65,4130.8,0
2020-08-24 11:15:00,4131.45,4146.0,4127.3,4139.05,0
2020-08-24 12:15:00,4138.8,4143.65,4134.05,4139.7,0
2020-08-24 13:15:00,4139.65,4155.15,4136.6,4153.7,0
2020-08-24 14:15:00,4154.05,4159.75,4141.45,4145.45,0
2020-08-24 15:15:00,4145.85,4149.9,4140.8,4143.7,0
2020-08-25 09:15:00,4169.05,4194.3,4162.85,4191.25,0
2020-08-25 10:15:00,4191.2,4197.55,4141.3,4161.85,0
2020-08-25 11:15:00,4161.9,4163.25,4153.9,4161.25,0
2020-08-25 12:15:00,4161.3,4166.65,4156.3,4163.15,0
2020-08-25 13:15:00,4162.7,4166.7,4132.4,4132.65,0
2020-08-25 14:15:00,4133.1,4153.0,4126.7,4144.9,0
2020-08-25 15:15:00,4144.85,4154.65,4143.55,4153.4,0
2020-08-26 09:15:00,4172.75,4205.4,4163.7,4173.45,0
2020-08-26 10:15:00,4173.05,4180.3,4163.5,4169.15,0
2020-08-26 11:15:00,4169.1,4179.95,4166.05,4167.75,0
2020-08-26 12:15:00,4167.5,4172.8,4158.25,4163.75,0
2020-08-26 13:15:00,4164.45,4174.0,4160.15,4168.3,0
2020-08-26 14:15:00,4168.5,4177.2,4164.2,4167.8,0
2020-08-26 15:15:00,4167.8,4172.2,4163.55,4168.05,0
2020-08-27 09:15:00,4190.4,4199.5,4171.1,4171.35,0
2020-08-27 10:15:00,4171.5,4179.45,4170.5,4178.6,0
2020-08-27 11:15:00,4178.55,4183.35,4174.85,4177.2,0
2020-08-27 12:15:00,4176.8,4181.4,4169.9,4175.65,0
2020-08-27 13:15:00,4175.8,4182.9,4164.45,4180.65,0
2020-08-27 14:15:00,4180.15,4186.6,4172.4,4179.5,0
2020-08-27 15:15:00,4179.35,4190.65,4176.65,4185.05,0
2020-08-28 09:15:00,4216.1,4249.6,4205.95,4241.65,0
2020-08-28 10:15:00,4241.45,4247.55,4231.0,4233.55,0
2020-08-28 11:15:00,4232.85,4245.85,4232.45,4235.1,0
2020-08-28 12:15:00,4235.25,4235.8,4213.25,4217.7,0
2020-08-28 13:15:00,4217.95,4232.9,4216.0,4232.4,0
2020-08-28 14:15:00,4231.95,4238.15,4218.7,4226.85,0
2020-08-28 15:15:00,4226.65,4238.5,4223.55,4231.65,0
2020-08-31 09:15:00,4258.8,4277.9,4207.9,4217.3,0
2020-08-31 10:15:00,4217.95,4217.95,4172.3,4172.4,0
2020-08-31 11:15:00,4172.95,4176.7,4094.45,4124.7,0
2020-08-31 12:15:00,4125.0,4139.45,4090.8,4094.2,0
2020-08-31 13:15:00,4093.95,4094.25,4059.45,4060.45,0
2020-08-31 14:15:00,4060.7,4070.2,4025.5,4048.85,0
2020-08-31 15:15:00,4049.45,4068.6,4047.7,4051.7,0
2020-09-01 09:15:00,4059.15,4139.25,4050.55,4113.7,0
2020-09-01 10:15:00,4114.95,4115.7,4053.4,4055.55,0
2020-09-01 11:15:00,4055.1,4077.4,4018.5,4032.7,0
2020-09-01 12:15:00,4032.65,4097.45,4025.8,4092.85,0
2020-09-01 13:15:00,4092.65,4097.0,4065.25,4086.45,0
2020-09-01 14:15:00,4086.75,4105.05,4061.65,4103.75,0
2020-09-01 15:15:00,4104.45,4122.35,4104.05,4122.35,0
2020-09-02 09:15:00,4114.0,4131.4,4086.85,4095.85,0
2020-09-02 10:15:00,4095.8,4108.95,4090.55,4100.35,0
2020-09-02 11:15:00,4099.8,4116.2,4095.1,4097.15,0
2020-09-02 12:15:00,4096.9,4106.2,4081.45,4105.05,0
2020-09-02 13:15:00,4105.1,4126.15,4097.5,4125.3,0
2020-09-02 14:15:00,4125.7,4171.1,4125.4,4171.1,0
2020-09-02 15:15:00,4171.05,4174.35,4165.6,4166.95,0
2020-09-03 09:15:00,4180.9,4214.45,4173.8,4203.35,0
2020-09-03 10:15:00,4203.65,4212.25,4191.1,4207.65,0
2020-09-03 11:15:00,4206.9,4210.7,4188.75,4197.1,0
2020-09-03 12:15:00,4197.2,4225.65,4194.3,4217.05,0
2020-09-03 13:15:00,4217.35,4222.3,4200.65,4205.05,0
2020-09-03 14:15:00,4204.85,4219.35,4200.65,4208.2,0
2020-09-03 15:15:00,4208.75,4213.5,4202.85,4207.65,0
2020-09-04 09:15:00,4134.7,4191.05,4116.65,4191.05,0
2020-09-04 10:15:00,4190.7,4192.2,4164.2,4186.05,0
2020-09-04 11:15:00,4185.65,4197.5,4182.8,4194.35,0
2020-09-04 12:15:00,4193.9,4198.55,4180.15,4191.65,0
2020-09-04 13:15:00,4191.75,4195.0,4159.15,4160.75,0
2020-09-04 14:15:00,4160.6,4172.3,4117.3,4136.35,0
2020-09-04 15:15:00,4136.25,4139.65,4129.4,4137.8,0
2020-09-07 09:15:00,4145.05,4164.8,4083.7,4100.35,0
2020-09-07 10:15:00,4100.05,4107.45,4081.3,4084.05,0
2020-09-07 11:15:00,4084.25,4092.55,4068.7,4072.8,0
2020-09-07 12:15:00,4072.1,4079.85,4063.3,4079.3,0
2020-09-07 13:15:00,4078.9,4092.45,4074.8,4084.95,0
2020-09-07 14:15:00,4084.45,4088.05,4053.2,4087.1,0
2020-09-07 15:15:00,4087.05,4092.25,4080.75,4082.9,0
2020-09-08 09:15:00,4091.35,4095.65,4071.35,4092.3,0
2020-09-08 10:15:00,4092.3,4099.8,4082.7,4083.15,0
2020-09-08 11:15:00,4083.25,4086.25,4072.75,4074.55,0
2020-09-08 12:15:00,4074.45,4090.25,4074.45,4078.15,0
2020-09-08 13:15:00,4078.65,4086.3,4067.55,4077.35,0
2020-09-08 14:15:00,4077.65,4078.35,4017.35,4037.9,0
2020-09-08 15:15:00,4038.1,4041.4,4007.35,4012.75,0
2020-09-09 09:15:00,3986.8,4009.35,3959.85,3979.8,0
2020-09-09 10:15:00,3980.65,3983.8,3954.4,3969.95,0
2020-09-09 11:15:00,3969.65,3973.9,3941.55,3949.2,0
2020-09-09 12:15:00,3949.45,3965.85,3948.95,3963.4,0
2020-09-09 13:15:00,3963.2,3988.0,3960.55,3968.2,0
2020-09-09 14:15:00,3968.55,3986.1,3957.85,3983.95,0
2020-09-09 15:15:00,3984.15,3993.75,3984.0,3989.8,0
2020-09-10 09:15:00,4016.05,4036.35,4008.2,4019.4,0
2020-09-10 10:15:00,4019.8,4036.3,4019.15,4028.05,0
2020-09-10 11:15:00,4028.3,4030.4,4007.2,4007.45,0
2020-09-10 12:15:00,4007.6,4008.15,3987.05,3990.85,0
2020-09-10 13:15:00,3990.85,3994.5,3969.8,3988.35,0
2020-09-10 14:15:00,3988.5,4026.8,3985.55,4024.85,0
2020-09-10 15:15:00,4024.8,4029.9,4023.1,4024.0,0
2020-09-11 09:15:00,4028.95,4065.75,4025.5,4052.45,0
2020-09-11 10:15:00,4052.7,4055.9,4038.3,4044.2,0
2020-09-11 11:15:00,4044.1,4049.8,4037.2,4045.25,0
2020-09-11 12:15:00,4044.7,4052.7,4030.9,4032.6,0
2020-09-11 13:15:00,4032.55,4041.85,4024.9,4040.0,0
2020-09-11 14:15:00,4039.85,4061.75,4029.7,4059.8,0
2020-09-11 15:15:00,4059.7,4064.1,4058.1,4058.65,0
2020-09-14 09:15:00,4104.95,4143.2,4104.6,4140.95,0
2020-09-14 10:15:00,4141.35,4160.05,4141.0,4150.8,0
2020-09-14 11:15:00,4150.6,4154.85,4141.3,4148.35,0
2020-09-14 12:15:00,4148.45,4161.15,4140.75,4153.1,0
2020-09-14 13:15:00,4152.6,4159.15,4122.55,4126.8,0
2020-09-14 14:15:00,4127.05,4135.1,4092.45,4127.05,0
2020-09-14 15:15:00,4127.5,4130.85,4122.6,4127.75,0
2020-09-15 09:15:00,4140.85,4168.35,4129.55,4140.95,0
2020-09-15 10:15:00,4140.65,4145.35,4119.45,4124.75,0
2020-09-15 11:15:00,4124.85,4136.8,4117.75,4126.15,0
2020-09-15 12:15:00,4126.2,4138.4,4121.2,4122.5,0
2020-09-15 13:15:00,4123.0,4139.2,4120.55,4136.75,0
2020-09-15 14:15:00,4136.9,4155.55,4130.8,4152.35,0
2020-09-15 15:15:00,4152.45,4153.3,4144.8,4148.9,0
2020-09-16 09:15:00,4158.55,4189.9,4155.55,4180.25,0
2020-09-16 10:15:00,4180.55,4181.1,4154.55,4158.5,0
2020-09-16 11:15:00,4158.0,4165.2,4143.05,4158.35,0
2020-09-16 12:15:00,4158.3,4169.45,4158.3,4159.3,0
2020-09-16 13:15:00,4159.05,4171.1,4151.6,4167.9,0
2020-09-16 14:15:00,4167.55,4171.85,4159.4,4168.95,0
2020-09-16 15:15:00,4169.1,4174.25,4159.35,4164.35,0
2020-09-17 09:15:00,4144.75,4186.15,4128.85,4183.75,0
2020-09-17 10:15:00,4183.75,4189.95,4177.1,4184.45,0
2020-09-17 11:15:00,4184.6,4185.85,4155.75,4159.3,0
2020-09-17 12:15:00,4159.25,4172.1,4159.25,4165.35,0
2020-09-17 13:15:00,4165.2,4181.0,4164.9,4177.9,0
2020-09-17 14:15:00,4177.45,4195.7,4177.45,4195.7,0
2020-09-17 15:15:00,4195.8,4199.6,4192.15,4193.6,0
2020-09-18 09:15:00,4212.35,4232.4,4211.0,4214.8,0
2020-09-18 10:15:00,4214.85,4216.8,4193.45,4201.85,0
2020-09-18 11:15:00,4201.65,4213.25,4200.1,4201.2,0
2020-09-18 12:15:00,4201.55,4210.35,4193.5,4205.7,0
2020-09-18 13:15:00,4205.3,4205.85,4190.95,4192.3,0
2020-09-18 14:15:00,4192.35,4192.9,4140.3,4161.65,0
2020-09-18 15:15:00,4161.4,4162.35,4150.05,4152.8,0
2020-09-21 09:15:00,4154.7,4158.6,4112.6,4114.4,0
2020-09-21 10:15:00,4115.05,4144.15,4110.15,4128.4,0
2020-09-21 11:15:00,4128.45,4138.1,4125.35,4130.6,0
2020-09-21 12:15:00,4130.65,4137.0,4101.65,4102.15,0
2020-09-21 13:15:00,4102.4,4104.55,4020.45,4023.05,0
2020-09-21 14:15:00,4022.9,4036.85,3990.5,4007.5,0
2020-09-21 15:15:00,4007.35,4010.75,3964.75,3967.15,0
2020-09-22 09:15:00,3987.15,3991.0,3862.2,3920.55,0
2020-09-22 10:15:00,3920.1,3960.6,3895.1,3899.9,0
2020-09-22 11:15:00,3899.7,3940.4,3891.4,3930.8,0
2020-09-22 12:15:00,3930.8,3955.2,3915.55,3935.65,0
2020-09-22 13:15:00,3936.5,3965.65,3911.8,3912.4,0
2020-09-22 14:15:00,3912.3,3935.85,3908.3,3934.2,0
2020-09-22 15:15:00,3934.65,3935.45,3924.2,3929.45,0
2020-09-23 09:15:00,3947.3,3974.05,3932.0,3940.45,0
2020-09-23 10:15:00,3940.45,3963.2,3939.6,3958.2,0
2020-09-23 11:15:00,3958.55,3960.2,3910.55,3911.45,0
2020-09-23 12:15:00,3911.75,3921.75,3888.95,3901.8,0
2020-09-23 13:15:00,3901.65,3909.1,3869.05,3884.0,0
2020-09-23 14:15:00,3883.7,3926.45,3883.7,3917.6,0
2020-09-23 15:15:00,3917.0,3919.05,3910.35,3915.95,0
2020-09-24 09:15:00,3876.85,3877.05,3844.75,3862.85,0
2020-09-24 10:15:00,3862.6,3863.2,3828.7,3835.35,0
2020-09-24 11:15:00,3835.45,3851.9,3827.45,3830.7,0
2020-09-24 12:15:00,3830.85,3862.15,3824.0,3861.55,0
2020-09-24 13:15:00,3861.35,3868.7,3841.05,3855.8,0
2020-09-24 14:15:00,3856.2,3863.2,3822.45,3834.65,0
2020-09-24 15:15:00,3834.65,3844.8,3824.7,3832.75,0
2020-09-25 09:15:00,3879.05,3893.9,3834.6,3846.8,0
2020-09-25 10:15:00,3846.5,3899.05,3834.35,3894.35,0
2020-09-25 11:15:00,3894.5,3913.3,3880.0,3910.0,0
2020-09-25 12:15:00,3910.0,3933.05,3902.2,3922.55,0
2020-09-25 13:15:00,3922.2,3957.0,3914.25,3953.7,0
2020-09-25 14:15:00,3954.55,3973.35,3945.7,3971.55,0
2020-09-25 15:15:00,3970.9,3979.55,3961.35,3964.45,0
2020-09-28 09:15:00,4001.9,4066.1,3992.55,4059.25,0
2020-09-28 10:15:00,4059.05,4086.25,4049.0,4085.0,0
2020-09-28 11:15:00,4085.05,4103.85,4076.5,4102.05,0
2020-09-28 12:15:00,4102.4,4102.4,4074.8,4095.95,0
2020-09-28 13:15:00,4096.2,4107.45,4091.05,4104.5,0
2020-09-28 14:15:00,4104.4,4118.85,4098.55,4114.75,0
2020-09-28 15:15:00,4114.8,4124.1,4113.35,4119.95,0
2020-09-29 09:15:00,4151.4,4158.25,4093.2,4117.2,0
2020-09-29 10:15:00,4117.25,4126.8,4081.55,4092.4,0
2020-09-29 11:15:00,4092.5,4115.05,4081.35,4100.9,0
2020-09-29 12:15:00,4100.95,4115.65,4075.2,4081.05,0
2020-09-29 13:15:00,4080.95,4102.05,4075.1,4095.05,0
2020-09-29 14:15:00,4095.2,4115.85,4085.55,4098.65,0
2020-09-29 15:15:00,4098.65,4102.25,4091.75,4096.95,0
2020-09-30 09:15:00,4108.4,4120.4,4083.05,4110.3,0
2020-09-30 10:15:00,4110.0,4140.4,4109.95,4124.35,0
2020-09-30 11:15:00,4124.25,4131.15,4091.3,4110.05,0
2020-09-30 12:15:00,4109.65,4119.1,4098.95,4099.5,0
2020-09-30 13:15:00,4099.5,4112.0,4092.5,4112.0,0
2020-09-30 14:15:00,4111.9,4113.95,4085.2,4097.5,0
2020-09-30 15:15:00,4097.3,4105.3,4095.05,4099.8,0
2020-10-01 09:15:00,4133.5,4163.05,4130.7,4148.95,0
2020-10-01 10:15:00,4149.05,4158.8,4137.85,4149.05,0
2020-10-01 11:15:00,4148.8,4158.95,4143.9,4154.05,0
2020-10-01 12:15:00,4154.05,4163.15,4142.6,4142.9,0
2020-10-01 13:15:00,4143.2,4156.5,4141.45,4154.95,0
2020-10-01 14:15:00,4155.0,4162.3,4141.9,4150.55,0
2020-10-01 15:15:00,4150.5,4159.35,4148.2,4152.9,0
2020-10-05 09:15:00,4173.05,4185.35,4160.95,4171.0,0
2020-10-05 10:15:00,4171.25,4178.75,4149.5,4152.85,0
2020-10-05 11:15:00,4152.45,4160.5,4131.35,4142.75,0
2020-10-05 12:15:00,4142.95,4150.3,4127.75,4130.0,0
2020-10-05 13:15:00,4130.3,4143.6,4116.65,4140.2,0
2020-10-05 14:15:00,4140.2,4145.2,4120.1,4128.7,0
2020-10-05 15:15:00,4129.1,4135.9,4125.15,4133.85,0
2020-10-06 09:15:00,4158.0,4172.1,4141.45,4156.0,0
2020-10-06 10:15:00,4155.3,4163.95,4145.85,4149.05,0
2020-10-06 11:15:00,4148.8,4160.3,4145.05,4149.95,0
2020-10-06 12:15:00,4150.0,4155.2,4133.0,4137.9,0
2020-10-06 13:15:00,4137.85,4147.25,4131.8,4138.2,0
2020-10-06 14:15:00,4138.3,4165.15,4135.05,4162.7,0
2020-10-06 15:15:00,4162.5,4165.0,4155.9,4158.2,0
2020-10-07 09:15:00,4157.55,4162.5,4126.45,4152.9,0
2020-10-07 10:15:00,4152.75,4153.1,4130.1,4130.95,0
2020-10-07 11:15:00,4130.6,4135.85,4122.0,4125.6,0
2020-10-07 12:15:00,4125.6,4144.2,4124.05,4126.3,0
2020-10-07 13:15:00,4126.25,4137.0,4118.85,4128.35,0
2020-10-07 14:15:00,4128.35,4142.85,4126.15,4142.65,0
2020-10-07 15:15:00,4142.5,4150.95,4141.45,4148.45,0
2020-10-08 09:15:00,4176.5,4187.15,4166.85,4182.8,0
2020-10-08 10:15:00,4182.6,4190.6,4180.0,4181.5,0
2020-10-08 11:15:00,4181.5,4183.5,4165.05,4167.5,0
2020-10-08 12:15:00,4167.65,4169.15,4156.65,4162.6,0
2020-10-08 13:15:00,4162.75,4170.45,4145.3,4156.8,0
2020-10-08 14:15:00,4156.7,4167.55,4135.0,4166.9,0
2020-10-08 15:15:00,4167.05,4169.5,4156.1,4158.65,0
2020-10-09 09:15:00,4171.1,4197.75,4168.5,4178.2,0
2020-10-09 10:15:00,4178.4,4199.25,4171.45,4187.65,0
2020-10-09 11:15:00,4187.8,4189.8,4168.6,4169.25,0
2020-10-09 12:15:00,4169.1,4172.3,4156.05,4165.4,0
2020-10-09 13:15:00,4165.65,4168.35,4147.65,4164.45,0
2020-10-09 14:15:00,4164.55,4179.3,4161.9,4167.4,0
2020-10-09 15:15:00,4167.8,4168.45,4155.6,4158.2,0
2020-10-12 09:15:00,4160.8,4182.95,4144.9,4150.55,0
2020-10-12 10:15:00,4149.1,4149.25,4126.2,4140.45,0
2020-10-12 11:15:00,4140.45,4151.7,4129.05,4129.05,0
2020-10-12 12:15:00,4128.8,4150.75,4124.75,4128.3,0
2020-10-12 13:15:00,4127.75,4131.05,4105.3,4120.8,0
2020-10-12 14:15:00,4120.95,4132.65,4114.25,4126.65,0
2020-10-12 15:15:00,4126.45,4137.6,4125.5,4128.2,0
2020-10-13 09:15:00,4130.3,4135.35,4104.0,4106.1,0
2020-10-13 10:15:00,4106.1,4115.95,4100.7,4106.1,0
2020-10-13 11:15:00,4106.0,4114.1,4096.55,4108.6,0
2020-10-13 12:15:00,4108.6,4109.3,4076.0,4083.05,0
2020-10-13 13:15:00,4083.55,4094.85,4078.95,4082.15,0
2020-10-13 14:15:00,4082.15,4084.3,4067.2,4072.35,0
2020-10-13 15:15:00,4073.0,4073.55,4060.25,4064.0,0
2020-10-14 09:15:00,4066.8,4069.4,4030.75,4061.45,0
2020-10-14 10:15:00,4061.35,4073.8,4044.95,4053.95,0
2020-10-14 11:15:00,4054.4,4064.7,4046.0,4057.25,0
2020-10-14 12:15:00,4057.65,4066.3,4043.1,4048.0,0
2020-10-14 13:15:00,4048.3,4065.8,4044.7,4065.25,0
2020-10-14 14:15:00,4065.05,4089.2,4062.45,4085.75,0
2020-10-14 15:15:00,4085.95,4097.6,4082.85,4088.85,0
2020-10-15 09:15:00,4100.65,4121.6,4082.65,4103.3,0
2020-10-15 10:15:00,4103.4,4109.85,4090.05,4107.0,0
2020-10-15 11:15:00,4107.2,4115.95,4096.15,4102.35,0
2020-10-15 12:15:00,4102.1,4108.1,4077.65,4080.45,0
2020-10-15 13:15:00,4080.35,4086.2,4034.35,4035.65,0
2020-10-15 14:15:00,4036.25,4054.8,4002.65,4009.25,0
2020-10-15 15:15:00,4008.4,4011.7,3999.6,4006.65,0
2020-10-16 09:15:00,4037.85,4063.45,4012.5,4029.3,0
2020-10-16 10:15:00,4029.25,4046.65,4027.8,4041.35,0
2020-10-16 11:15:00,4041.5,4053.1,4034.95,4039.7,0
2020-10-16 12:15:00,4039.7,4056.3,4034.8,4050.3,0
2020-10-16 13:15:00,4050.1,4060.5,4038.25,4050.4,0
2020-10-16 14:15:00,4050.3,4072.85,4041.95,4065.35,0
2020-10-16 15:15:00,4065.35,4071.65,4062.85,4064.65,0
2020-10-19 09:15:00,4093.2,4105.7,4079.55,4083.95,0
2020-10-19 10:15:00,4083.75,4089.85,4065.3,4069.0,0
2020-10-19 11:15:00,4068.7,4068.7,4051.65,4064.85,0
2020-10-19 12:15:00,4064.7,4074.2,4059.7,4067.25,0
2020-10-19 13:15:00,4067.4,4083.95,4064.95,4078.15,0
2020-10-19 14:15:00,4078.3,4095.5,4077.55,4089.3,0
2020-10-19 15:15:00,4089.15,4091.3,4083.85,4086.8,0
2020-10-20 09:15:00,4072.65,4100.0,4058.35,4095.15,0
2020-10-20 10:15:00,4095.6,4113.5,4092.8,4106.4,0
2020-10-20 11:15:00,4106.0,4115.4,4104.55,4111.4,0
2020-10-20 12:15:00,4111.5,4114.6,4102.9,4103.55,0
2020-10-20 13:15:00,4103.95,4123.3,4101.65,4114.45,0
2020-10-20 14:15:00,4114.65,4130.25,4114.5,4130.1,0
2020-10-20 15:15:00,4129.85,4130.75,4123.9,4127.5,0
2020-10-21 09:15:00,4143.55,4170.85,4141.35,4156.55,0
2020-10-21 10:15:00,4156.5,4157.6,4143.4,4153.05,0
2020-10-21 11:15:00,4152.4,4162.25,4145.85,4159.25,0
2020-10-21 12:15:00,4159.45,4163.0,4154.5,4157.95,0
2020-10-21 13:15:00,4158.25,4158.25,4084.05,4084.05,0
2020-10-21 14:15:00,4083.8,4126.7,4066.35,4126.0,0
2020-10-21 15:15:00,4125.95,4127.4,4117.6,4121.65,0
2020-10-22 09:15:00,4111.05,4137.35,4101.8,4124.95,0
2020-10-22 10:15:00,4124.65,4131.5,4114.3,4125.85,0
2020-10-22 11:15:00,4125.9,4129.1,4116.65,4121.65,0
2020-10-22 12:15:00,4121.35,4125.5,4106.1,4111.2,0
2020-10-22 13:15:00,4111.1,4135.8,4106.3,4132.7,0
2020-10-22 14:15:00,4132.75,4141.4,4111.8,4141.4,0
2020-10-22 15:15:00,4140.95,4145.4,4135.8,4138.7,0
2020-10-23 09:15:00,4156.4,4164.3,4141.55,4158.3,0
2020-10-23 10:15:00,4158.2,4161.9,4139.05,4140.05,0
2020-10-23 11:15:00,4140.05,4162.45,4139.1,4157.6,0
2020-10-23 12:15:00,4157.5,4172.65,4157.15,4172.35,0
2020-10-23 13:15:00,4172.35,4175.25,4163.5,4171.6,0
2020-10-23 14:15:00,4171.4,4180.4,4158.9,4163.0,0
2020-10-23 15:15:00,4163.1,4163.1,4152.95,4156.9,0
2020-10-26 09:15:00,4168.8,4168.8,4137.05,4138.35,0
2020-10-26 10:15:00,4137.7,4140.4,4104.4,4104.75,0
2020-10-26 11:15:00,4104.65,4104.65,4077.95,4081.55,0
2020-10-26 12:15:00,4081.55,4081.6,4055.7,4075.1,0
2020-10-26 13:15:00,4075.2,4076.1,4052.2,4056.7,0
2020-10-26 14:15:00,4056.9,4072.45,4053.3,4064.4,0
2020-10-26 15:15:00,4064.55,4065.85,4054.45,4057.1,0
2020-10-27 09:15:00,4078.75,4095.75,4040.6,4087.2,0
2020-10-27 10:15:00,4087.0,4111.8,4078.25,4107.75,0
2020-10-27 11:15:00,4107.65,4123.2,4106.6,4122.5,0
2020-10-27 12:15:00,4122.35,4123.55,4104.45,4118.3,0
2020-10-27 13:15:00,4118.4,4137.85,4118.25,4132.55,0
2020-10-27 14:15:00,4132.3,4156.55,4131.85,4152.95,0
2020-10-27 15:15:00,4154.1,4160.5,4140.5,4146.15,0
2020-10-28 09:15:00,4144.55,4161.55,4116.1,4136.2,0
2020-10-28 10:15:00,4136.25,4143.15,4118.0,4124.25,0
2020-10-28 11:15:00,4124.3,4146.7,4123.9,4140.7,0
2020-10-28 12:15:00,4140.3,4148.8,4102.6,4108.9,0
2020-10-28 13:15:00,4109.05,4127.8,4085.05,4100.3,0
2020-10-28 14:15:00,4100.65,4111.55,4083.55,4088.45,0
2020-10-28 15:15:00,4089.15,4092.35,4082.25,4089.15,0
2020-10-29 09:15:00,4063.25,4076.95,4030.6,4076.65,0
2020-10-29 10:15:00,4076.75,4077.9,4049.3,4062.7,0
2020-10-29 11:15:00,4062.7,4069.6,4052.1,4063.8,0
2020-10-29 12:15:00,4064.1,4070.55,4042.6,4042.6,0
2020-10-29 13:15:00,4042.15,4057.5,4037.85,4054.1,0
2020-10-29 14:15:00,4054.05,4073.4,4042.1,4072.7,0
2020-10-29 15:15:00,4072.8,4074.85,4065.65,4070.3,0
2020-10-30 09:15:00,4089.45,4143.6,4089.45,4107.05,0
2020-10-30 10:15:00,4106.5,4125.5,4077.1,4078.05,0
2020-10-30 11:15:00,4078.3,4085.15,4052.25,4055.2,0
2020-10-30 12:15:00,4054.25,4077.45,4043.25,4065.95,0
2020-10-30 13:15:00,4066.15,4088.25,4065.75,4083.65,0
2020-10-30 14:15:00,4083.6,4099.75,4073.2,4091.95,0
2020-10-30 15:15:00,4092.45,4095.75,4084.65,4086.55,0
2020-11-02 09:15:00,4104.85,4121.55,4075.45,4092.3,0
2020-11-02 10:15:00,4091.75,4115.5,4090.4,4103.4,0
2020-11-02 11:15:00,4103.7,4108.1,4097.5,4101.65,0
2020-11-02 12:15:00,4101.55,4103.3,4088.25,4090.85,0
2020-11-02 13:15:00,4090.55,4115.5,4087.8,4111.05,0
2020-11-02 14:15:00,4110.65,4137.8,4110.65,4130.4,0
2020-11-02 15:15:00,4130.25,4135.2,4122.3,4124.1,0
2020-11-03 09:15:00,4153.65,4181.35,4152.5,4167.0,0
2020-11-03 10:15:00,4167.2,4176.4,4150.15,4154.05,0
2020-11-03 11:15:00,4154.05,4163.65,4152.55,4158.75,0
2020-11-03 12:15:00,4158.55,4167.1,4148.65,4161.25,0
2020-11-03 13:15:00,4161.05,4181.1,4159.05,4170.7,0
2020-11-03 14:15:00,4170.7,4172.05,4155.25,4167.9,0
2020-11-03 15:15:00,4167.8,4170.7,4153.1,4154.4,0
2020-11-04 09:15:00,4166.0,4188.15,4157.5,4163.45,0
2020-11-04 10:15:00,4164.1,4168.0,4149.35,4159.0,0
2020-11-04 11:15:00,4158.8,4174.4,4157.15,4165.05,0
2020-11-04 12:15:00,4165.2,4188.4,4149.3,4154.35,0
2020-11-04 13:15:00,4154.9,4179.75,4134.1,4167.1,0
2020-11-04 14:15:00,4167.0,4194.0,4167.0,4189.05,0
2020-11-04 15:15:00,4188.95,4196.65,4186.0,4189.0,0
2020-11-05 09:15:00,4236.1,4265.0,4223.05,4263.45,0
2020-11-05 10:15:00,4263.65,4274.6,4255.95,4273.1,0
2020-11-05 11:15:00,4273.5,4289.9,4272.1,4283.75,0
2020-11-05 12:15:00,4283.55,4289.3,4273.8,4281.35,0
2020-11-05 13:15:00,4281.2,4300.45,4276.55,4294.8,0
2020-11-05 14:15:00,4294.6,4319.05,4293.8,4315.9,0
2020-11-05 15:15:00,4316.5,4328.7,4315.75,4321.05,0
2020-11-06 09:15:00,4325.9,4371.4,4319.2,4353.25,0
2020-11-06 10:15:00,4353.7,4366.45,4328.2,4343.15,0
2020-11-06 11:15:00,4343.75,4352.45,4330.3,4347.25,0
2020-11-06 12:15:00,4347.4,4365.45,4343.55,4364.85,0
2020-11-06 13:15:00,4364.5,4381.9,4359.2,4374.35,0
2020-11-06 14:15:00,4374.55,4382.15,4352.8,4362.25,0
2020-11-06 15:15:00,4361.65,4366.15,4345.1,4345.2,0
2020-11-09 09:15:00,4400.55,4413.3,4381.05,4403.55,0
2020-11-09 10:15:00,4403.15,4408.35,4371.45,4373.4,0
2020-11-09 11:15:00,4373.7,4376.35,4351.35,4372.9,0
2020-11-09 12:15:00,4373.35,4393.45,4372.1,4388.75,0
2020-11-09 13:15:00,4388.9,4397.1,4383.4,4395.4,0
2020-11-09 14:15:00,4395.5,4427.75,4390.85,4425.9,0
2020-11-09 15:15:00,4426.0,4428.55,4421.15,4426.2,0
2020-11-10 09:15:00,4445.7,4446.25,4394.1,4431.4,0
2020-11-10 10:15:00,4430.85,4463.0,4421.75,4453.4,0
2020-11-10 11:15:00,4453.2,4458.35,4438.45,4452.3,0
2020-11-10 12:15:00,4452.3,4460.15,4449.8,4452.5,0
2020-11-10 13:15:00,4452.8,4454.15,4421.55,4422.85,0
2020-11-10 14:15:00,4423.15,4460.1,4417.45,4454.2,0
2020-11-10 15:15:00,4454.45,4455.05,4441.25,4445.5,0
2020-11-11 09:15:00,4471.5,4509.35,4462.85,4498.65,0
2020-11-11 10:15:00,4498.6,4501.05,4457.5,4457.5,0
2020-11-11 11:15:00,4457.35,4477.75,4446.9,4463.1,0
2020-11-11 12:15:00,4463.35,4480.85,4452.2,4460.65,0
2020-11-11 13:15:00,4460.35,4487.3,4445.3,4478.95,0
2020-11-11 14:15:00,4478.8,4505.55,4476.65,4502.85,0
2020-11-11 15:15:00,4502.3,4505.75,4495.3,4499.55,0
2020-11-12 09:15:00,4490.3,4518.5,4467.7,4484.75,0
2020-11-12 10:15:00,4484.0,4490.15,4466.05,4470.5,0
2020-11-12 11:15:00,4470.25,4481.7,4465.7,4470.35,0
2020-11-12 12:15:00,4470.25,4475.6,4456.65,4464.05,0
2020-11-12 13:15:00,4463.7,4473.1,4443.0,4465.95,0
2020-11-12 14:15:00,4465.7,4487.6,4454.85,4474.8,0
2020-11-12 15:15:00,4474.6,4481.3,4473.55,4479.4,0
2020-11-13 09:15:00,4472.45,4491.1,4468.6,4480.6,0
2020-11-13 10:15:00,4480.05,4513.8,4480.05,4510.15,0
2020-11-13 11:15:00,4510.5,4514.2,4502.65,4507.7,0
2020-11-13 12:15:00,4507.2,4516.0,4495.85,4515.35,0
2020-11-13 13:15:00,4515.35,4525.75,4508.85,4522.55,0
2020-11-13 14:15:00,4522.65,4549.9,4520.3,4548.1,0
2020-11-13 15:15:00,4547.7,4554.2,4543.7,4548.05,0
2020-11-14 18:15:00,4577.3,4587.55,4526.35,4540.2,0
2020-11-17 09:15:00,4571.35,4590.5,4554.8,4581.6,0
2020-11-17 10:15:00,4581.5,4584.25,4553.7,4560.0,0
2020-11-17 11:15:00,4559.2,4568.7,4553.95,4564.0,0
2020-11-17 12:15:00,4564.0,4569.35,4558.2,4567.45,0
2020-11-17 13:15:00,4567.1,4587.05,4566.35,4581.4,0
2020-11-17 14:15:00,4581.35,4594.05,4569.55,4593.45,0
2020-11-17 15:15:00,4593.5,4598.7,4590.8,4591.45,0
2020-11-18 09:15:00,4576.4,4628.85,4570.75,4621.4,0
2020-11-18 10:15:00,4621.5,4625.25,4595.0,4596.6,0
2020-11-18 11:15:00,4596.2,4618.0,4589.9,4615.7,0
2020-11-18 12:15:00,4615.8,4626.2,4606.55,4625.5,0
2020-11-18 13:15:00,4625.15,4649.65,4621.4,4649.25,0
2020-11-18 14:15:00,4649.15,4674.85,4644.7,4662.35,0
2020-11-18 15:15:00,4662.6,4671.75,4661.7,4665.0,0
2020-11-19 09:15:00,4644.25,4719.65,4625.75,4718.9,0
2020-11-19 10:15:00,4718.95,4726.2,4704.3,4725.7,0
2020-11-19 11:15:00,4725.55,4757.45,4723.35,4756.5,0
2020-11-19 12:15:00,4756.45,4764.45,4722.15,4740.3,0
2020-11-19 13:15:00,4740.3,4750.3,4679.65,4680.9,0
2020-11-19 14:15:00,4681.05,4681.95,4625.7,4637.9,0
2020-11-19 15:15:00,4637.8,4641.6,4626.8,4633.75,0
2020-11-20 09:15:00,4674.2,4716.8,4663.15,4696.1,0
2020-11-20 10:15:00,4696.05,4718.4,4665.45,4665.95,0
2020-11-20 11:15:00,4665.75,4677.4,4645.6,4676.0,0
2020-11-20 12:15:00,4676.3,4694.0,4659.9,4685.45,0
2020-11-20 13:15:00,4685.75,4707.25,4673.95,4699.2,0
2020-11-20 14:15:00,4699.05,4711.8,4687.6,4695.6,0
2020-11-20 15:15:00,4695.45,4699.7,4689.55,4690.7,0
2020-11-23 09:15:00,4730.6,4747.65,4688.8,4706.55,0
2020-11-23 10:15:00,4705.9,4717.5,4693.45,4709.4,0
2020-11-23 11:15:00,4709.75,4731.05,4708.75,4719.5,0
2020-11-23 12:15:00,4719.4,4723.85,4703.25,4703.85,0
2020-11-23 13:15:00,4703.9,4723.4,4702.2,4712.35,0
2020-11-23 14:15:00,4712.2,4720.5,4702.5,4716.2,0
2020-11-23 15:15:00,4716.7,4718.25,4705.7,4710.55,0
2020-11-24 09:15:00,4741.15,4767.8,4738.7,4751.95,0
2020-11-24 10:15:00,4752.2,4764.25,4749.3,4751.35,0
2020-11-24 11:15:00,4751.9,4755.8,4741.95,4753.45,0
2020-11-24 12:15:00,4753.8,4766.25,4751.5,4754.6,0
2020-11-24 13:15:00,4754.65,4766.8,4747.65,4761.6,0
2020-11-24 14:15:00,4762.0,4765.95,4754.35,4757.55,0
2020-11-24 15:15:00,4757.75,4764.55,4754.15,4764.0,0
2020-11-25 09:15:00,4793.6,4805.75,4766.1,4793.25,0
2020-11-25 10:15:00,4793.7,4794.55,4704.4,4714.6,0
2020-11-25 11:15:00,4714.25,4735.25,4706.8,4734.4,0
2020-11-25 12:15:00,4734.25,4763.1,4723.25,4762.05,0
2020-11-25 13:15:00,4762.2,4763.3,4707.75,4707.75,0
2020-11-25 14:15:00,4707.8,4736.4,4694.35,4695.4,0
2020-11-25 15:15:00,4695.45,4700.1,4680.25,4697.6,0
2020-11-26 09:15:00,4720.25,4733.05,4683.6,4713.75,0
2020-11-26 10:15:00,4713.85,4725.7,4706.5,4715.7,0
2020-11-26 11:15:00,4715.9,4729.6,4693.65,4697.55,0
2020-11-26 12:15:00,4697.35,4724.9,4695.05,4722.6,0
2020-11-26 13:15:00,4723.1,4728.2,4705.3,4726.75,0
2020-11-26 14:15:00,4726.8,4757.25,4719.6,4754.75,0
2020-11-26 15:15:00,4754.65,4763.85,4751.95,4760.2,0
2020-11-27 09:15:00,4776.95,4833.55,4776.3,4833.25,0
2020-11-27 10:15:00,4833.0,4847.35,4823.7,4838.55,0
2020-11-27 11:15:00,4839.15,4851.0,4834.4,4840.25,0
2020-11-27 12:15:00,4840.3,4859.15,4831.15,4841.75,0
2020-11-27 13:15:00,4842.1,4858.7,4829.4,4858.05,0
2020-11-27 14:15:00,4858.3,4867.5,4830.7,4843.3,0
2020-11-27 15:15:00,4844.35,4845.1,4795.2,4810.0,0
2020-12-01 09:15:00,4884.85,4884.85,4830.0,4857.3,0
2020-12-01 10:15:00,4857.5,4868.7,4847.4,4857.85,0
2020-12-01 11:15:00,4857.6,4868.9,4849.0,4864.75,0
2020-12-01 12:15:00,4864.6,4870.55,4844.4,4853.4,0
2020-12-01 13:15:00,4853.35,4869.7,4847.1,4861.45,0
2020-12-01 14:15:00,4861.8,4877.4,4858.15,4875.6,0
2020-12-01 15:15:00,4875.65,4887.9,4868.75,4886.55,0
2020-12-02 09:15:00,4897.3,4917.75,4881.1,4907.25,0
2020-12-02 10:15:00,4907.1,4917.05,4889.55,4914.25,0
2020-12-02 11:15:00,4914.4,4921.5,4896.15,4905.8,0
2020-12-02 12:15:00,4905.95,4917.35,4868.9,4871.0,0
2020-12-02 13:15:00,4871.05,4875.45,4845.55,4854.4,0
2020-12-02 14:15:00,4854.4,4897.15,4851.8,4893.5,0
2020-12-02 15:15:00,4894.15,4895.55,4886.55,4888.5,0
2020-12-03 09:15:00,4946.55,4970.25,4932.2,4960.2,0
2020-12-03 10:15:00,4960.6,4974.45,4960.6,4967.3,0
2020-12-03 11:15:00,4966.7,4969.4,4956.4,4959.5,0
2020-12-03 12:15:00,4959.85,4966.2,4941.5,4956.35,0
2020-12-03 13:15:00,4956.25,4966.95,4953.45,4956.7,0
2020-12-03 14:15:00,4955.9,4968.0,4944.4,4959.85,0
2020-12-03 15:15:00,4959.7,4960.2,4947.3,4954.9,0
2020-12-04 09:15:00,4980.15,5010.3,4977.05,5007.35,0
2020-12-04 10:15:00,5007.6,5023.55,5003.85,5014.85,0
2020-12-04 11:15:00,5015.2,5016.05,4976.15,4982.15,0
2020-12-04 12:15:00,4982.5,4987.7,4937.8,4975.7,0
2020-12-04 13:15:00,4976.2,4978.5,4960.15,4970.05,0
2020-12-04 14:15:00,4970.05,4998.95,4970.05,4996.1,0
2020-12-04 15:15:00,4995.25,4998.6,4984.75,4984.75,0
2020-12-07 09:15:00,4997.75,5047.15,4995.55,5034.0,0
2020-12-07 10:15:00,5034.35,5037.2,5020.6,5030.0,0
2020-12-07 11:15:00,5030.1,5042.5,5018.7,5038.25,0
2020-12-07 12:15:00,5038.35,5041.95,5030.15,5036.3,0
2020-12-07 13:15:00,5036.25,5040.5,5010.9,5020.8,0
2020-12-07 14:15:00,5021.05,5054.9,5019.0,5048.75,0
2020-12-07 15:15:00,5048.2,5052.6,5041.25,5050.65,0
2020-12-08 09:15:00,5074.0,5084.8,5049.85,5062.0,0
2020-12-08 10:15:00,5061.5,5065.05,4997.25,5021.0,0
2020-12-08 11:15:00,5021.15,5027.15,4984.95,5015.85,0
2020-12-08 12:15:00,5015.5,5029.2,5007.0,5022.7,0
2020-12-08 13:15:00,5022.7,5034.65,5016.0,5023.85,0
2020-12-08 14:15:00,5024.05,5040.1,5021.4,5030.3,0
2020-12-08 15:15:00,5030.45,5037.15,5023.45,5033.0,0
2020-12-09 09:15:00,5075.75,5096.85,5074.2,5082.0,0
2020-12-09 10:15:00,5082.3,5085.3,5069.95,5081.7,0
2020-12-09 11:15:00,5081.35,5082.9,5068.1,5071.7,0
2020-12-09 12:15:00,5071.3,5077.4,5066.8,5071.35,0
2020-12-09 13:15:00,5071.05,5076.4,5068.25,5074.45,0
2020-12-09 14:15:00,5073.55,5075.8,5042.65,5056.95,0
2020-12-09 15:15:00,5057.25,5062.85,5047.1,5061.3,0
2020-12-10 09:15:00,5044.45,5044.45,4956.5,4961.55,0
2020-12-10 10:15:00,4961.7,5008.1,4958.1,5007.0,0
2020-12-10 11:15:00,5007.35,5007.8,4983.0,4990.35,0
2020-12-10 12:15:00,4990.45,5005.8,4987.75,4995.9,0
2020-12-10 13:15:00,4995.85,4999.4,4981.8,4982.5,0
2020-12-10 14:15:00,4982.45,5011.1,4978.65,5000.8,0
2020-12-10 15:15:00,5000.8,5008.35,5000.35,5003.85,0
2020-12-11 09:15:00,5023.1,5063.0,5023.1,5038.95,0
2020-12-11 10:15:00,5039.7,5042.75,5023.8,5025.9,0
2020-12-11 11:15:00,5025.95,5034.3,5019.95,5029.35,0
2020-12-11 12:15:00,5029.0,5031.6,5022.6,5029.4,0
2020-12-11 13:15:00,5029.45,5036.2,4990.2,4992.15,0
2020-12-11 14:15:00,4991.95,5012.8,4972.95,5005.4,0
2020-12-11 15:15:00,5005.9,5016.1,5000.2,5009.95,0
2020-12-14 09:15:00,5047.0,5054.3,5026.4,5047.2,0
2020-12-14 10:15:00,5047.35,5055.95,5034.65,5045.0,0
2020-12-14 11:15:00,5044.7,5065.7,5039.75,5065.55,0
2020-12-14 12:15:00,5065.55,5069.85,5042.65,5055.85,0
2020-12-14 13:15:00,5054.9,5061.95,5051.35,5056.95,0
2020-12-14 14:15:00,5056.8,5067.9,5053.2,5053.25,0
2020-12-14 15:15:00,5052.85,5060.75,5050.85,5057.1,0
2020-12-15 09:15:00,5059.2,5059.2,5026.2,5032.85,0
2020-12-15 10:15:00,5033.25,5054.25,5031.4,5047.4,0
2020-12-15 11:15:00,5047.2,5058.0,5044.15,5057.3,0
2020-12-15 12:15:00,5057.3,5068.55,5046.85,5068.2,0
2020-12-15 13:15:00,5068.1,5081.45,5063.75,5077.35,0
2020-12-15 14:15:00,5077.5,5116.45,5076.8,5112.5,0
2020-12-15 15:15:00,5112.5,5132.05,5110.85,5121.45,0
2020-12-16 09:15:00,5153.2,5167.45,5130.75,5139.95,0
2020-12-16 10:15:00,5139.15,5162.2,5134.95,5161.25,0
2020-12-16 11:15:00,5161.0,5175.3,5150.55,5174.05,0
2020-12-16 12:15:00,5174.1,5176.6,5147.15,5156.6,0
2020-12-16 13:15:00,5156.35,5180.9,5156.05,5180.25,0
2020-12-16 14:15:00,5180.2,5187.4,5168.55,5182.1,0
2020-12-16 15:15:00,5181.45,5186.0,5172.0,5176.95,0
2020-12-17 09:15:00,5182.9,5223.45,5172.65,5220.05,0
2020-12-17 10:15:00,5219.95,5244.35,5218.8,5237.85,0
2020-12-17 11:15:00,5238.05,5254.7,5237.0,5248.1,0
2020-12-17 12:15:00,5248.35,5255.45,5237.1,5245.75,0
2020-12-17 13:15:00,5245.4,5247.7,5224.7,5226.5,0
2020-12-17 14:15:00,5226.7,5228.55,5191.9,5193.1,0
2020-12-17 15:15:00,5192.9,5193.45,5175.55,5190.35,0
2020-12-18 09:15:00,5207.2,5230.75,5122.55,5155.05,0
2020-12-18 10:15:00,5155.55,5179.5,5150.25,5168.65,0
2020-12-18 11:15:00,5168.65,5170.65,5156.5,5160.4,0
2020-12-18 12:15:00,5160.55,5168.45,5145.85,5148.2,0
2020-12-18 13:15:00,5148.35,5176.6,5147.15,5175.8,0
2020-12-18 14:15:00,5176.1,5177.35,5153.7,5170.15,0
2020-12-18 15:15:00,5170.45,5171.55,5153.25,5160.75,0
2020-12-21 09:15:00,5145.85,5162.05,5106.25,5157.85,0
2020-12-21 10:15:00,5157.5,5165.3,5144.95,5146.1,0
2020-12-21 11:15:00,5145.8,5148.8,5125.05,5128.2,0
2020-12-21 12:15:00,5128.2,5131.6,5085.55,5094.4,0
2020-12-21 13:15:00,5094.7,5096.4,5010.6,5019.05,0
2020-12-21 14:15:00,5019.35,5019.35,4809.6,4917.1,0
2020-12-21 15:15:00,4917.35,4919.05,4874.15,4881.05,0
2020-12-22 09:15:00,4913.35,4954.55,4734.05,4844.4,0
2020-12-22 10:15:00,4843.7,4885.65,4825.9,4851.1,0
2020-12-22 11:15:00,4851.75,4852.2,4807.35,4821.5,0
2020-12-22 12:15:00,4821.8,4849.7,4796.8,4837.5,0
2020-12-22 13:15:00,4837.0,4922.8,4836.65,4920.65,0
2020-12-22 14:15:00,4920.4,4953.05,4896.15,4948.95,0
2020-12-22 15:15:00,4949.4,4968.4,4946.35,4950.2,0
2020-12-23 09:15:00,4958.85,5014.0,4937.65,4997.45,0
2020-12-23 10:15:00,4998.0,5027.45,4997.15,5005.8,0
2020-12-23 11:15:00,5005.8,5019.05,4993.4,5014.2,0
2020-12-23 12:15:00,5013.9,5023.6,4991.7,5002.2,0
2020-12-23 13:15:00,5002.1,5025.2,4997.6,5025.2,0
2020-12-23 14:15:00,5025.15,5053.4,5022.0,5052.1,0
2020-12-23 15:15:00,5051.95,5063.6,5049.7,5055.55,0
2020-12-24 09:15:00,5065.4,5108.3,5065.4,5092.25,0
2020-12-24 10:15:00,5092.0,5094.5,5041.75,5048.5,0
2020-12-24 11:15:00,5048.15,5082.05,5043.75,5070.35,0
2020-12-24 12:15:00,5070.6,5088.05,5065.8,5070.0,0
2020-12-24 13:15:00,5069.8,5073.85,5058.25,5060.2,0
2020-12-24 14:15:00,5060.35,5068.2,5037.3,5042.75,0
2020-12-24 15:15:00,5042.8,5044.15,5027.0,5042.35,0
2020-12-28 09:15:00,5084.1,5095.65,5057.8,5094.25,0
2020-12-28 10:15:00,5094.1,5099.2,5081.35,5088.15,0
2020-12-28 11:15:00,5088.5,5092.75,5081.3,5084.65,0
2020-12-28 12:15:00,5084.55,5087.35,5070.4,5075.35,0
2020-12-28 13:15:00,5075.7,5078.05,5059.0,5076.0,0
2020-12-28 14:15:00,5076.6,5087.7,5068.3,5083.65,0
2020-12-28 15:15:00,5084.0,5087.45,5075.6,5085.65,0
2020-12-29 09:15:00,5111.3,5136.5,5110.95,5115.9,0
2020-12-29 10:15:00,5115.55,5116.15,5057.3,5095.15,0
2020-12-29 11:15:00,5095.0,5101.0,5079.9,5091.1,0
2020-12-29 12:15:00,5091.9,5104.2,5079.25,5095.7,0
2020-12-29 13:15:00,5096.4,5100.3,5080.2,5089.8,0
2020-12-29 14:15:00,5089.9,5093.2,5077.1,5078.15,0
2020-12-29 15:15:00,5077.95,5082.25,5070.2,5080.65,0
2020-12-30 09:15:00,5100.85,5103.05,5050.1,5075.45,0
2020-12-30 10:15:00,5075.5,5080.15,5057.35,5070.45,0
2020-12-30 11:15:00,5070.25,5073.5,5060.3,5067.1,0
2020-12-30 12:15:00,5067.1,5068.65,5039.65,5047.15,0
2020-12-30 13:15:00,5047.35,5064.3,5041.8,5055.75,0
2020-12-30 14:15:00,5055.45,5083.1,5053.15,5080.4,0
2020-12-30 15:15:00,5081.2,5087.9,5071.6,5071.6,0
2020-12-31 09:15:00,5080.55,5101.1,5070.7,5095.45,0
2020-12-31 10:15:00,5095.6,5111.3,5086.5,5101.8,0
2020-12-31 11:15:00,5101.9,5113.9,5100.65,5103.75,0
2020-12-31 12:15:00,5103.65,5120.1,5098.7,5112.15,0
2020-12-31 13:15:00,5111.75,5127.75,5105.5,5119.65,0
2020-12-31 14:15:00,5119.5,5139.4,5102.95,5132.65,0
2020-12-31 15:15:00,5132.7,5145.7,5131.3,5135.55,0
2021-01-01 09:15:00,5144.5,5179.5,5141.85,5178.55,0
2021-01-01 10:15:00,5178.75,5194.0,5178.35,5188.8,0
2021-01-01 11:15:00,5189.15,5196.1,5183.15,5194.5,0
2021-01-01 12:15:00,5194.5,5199.85,5191.85,5194.05,0
2021-01-01 13:15:00,5194.1,5207.8,5190.9,5207.15,0
2021-01-01 14:15:00,5206.9,5215.05,5203.5,5209.9,0
2021-01-01 15:15:00,5208.95,5221.5,5207.8,5213.55,0
2021-01-04 09:15:00,5252.3,5267.5,5235.2,5239.15,0
2021-01-04 10:15:00,5239.1,5250.7,5194.85,5216.7,0
2021-01-04 11:15:00,5216.6,5230.05,5209.1,5228.4,0
2021-01-04 12:15:00,5228.55,5239.7,5216.8,5239.15,0
2021-01-04 13:15:00,5238.95,5252.45,5238.95,5247.2,0
2021-01-04 14:15:00,5247.35,5269.15,5232.3,5263.45,0
2021-01-04 15:15:00,5263.95,5270.05,5260.15,5265.15,0
2021-01-05 09:15:00,5239.8,5298.8,5212.85,5279.6,0
2021-01-05 10:15:00,5279.3,5294.15,5257.25,5290.35,0
2021-01-05 11:15:00,5290.35,5302.15,5286.9,5297.6,0
2021-01-05 12:15:00,5297.85,5303.05,5289.7,5292.25,0
2021-01-05 13:15:00,5292.0,5311.3,5267.75,5306.9,0
2021-01-05 14:15:00,5307.15,5346.8,5303.4,5341.1,0
2021-01-05 15:15:00,5341.5,5357.75,5339.45,5342.2,0
2021-01-06 09:15:00,5365.05,5409.7,5364.15,5389.65,0
2021-01-06 10:15:00,5389.35,5433.15,5383.6,5432.25,0
2021-01-06 11:15:00,5431.65,5441.45,5419.6,5437.35,0
2021-01-06 12:15:00,5437.5,5452.6,5436.65,5438.7,0
2021-01-06 13:15:00,5438.05,5441.85,5344.45,5359.55,0
2021-01-06 14:15:00,5358.85,5438.8,5355.7,5412.8,0
2021-01-06 15:15:00,5413.85,5420.45,5404.45,5411.95,0
2021-01-07 09:15:00,5468.5,5527.3,5460.0,5493.95,0
2021-01-07 10:15:00,5493.8,5518.0,5481.15,5502.0,0
2021-01-07 11:15:00,5502.1,5509.7,5495.7,5507.4,0
2021-01-07 12:15:00,5507.3,5530.8,5502.2,5524.75,0
2021-01-07 13:15:00,5524.6,5550.55,5503.15,5550.55,0
2021-01-07 14:15:00,5550.9,5574.25,5533.8,5539.35,0
2021-01-07 15:15:00,5539.6,5550.1,5533.1,5535.3,0
2021-01-08 09:15:00,5587.85,5624.0,5574.15,5621.95,0
2021-01-08 10:15:00,5621.55,5633.15,5615.9,5626.45,0
2021-01-08 11:15:00,5626.3,5640.75,5618.25,5629.55,0
2021-01-08 12:15:00,5629.25,5639.95,5626.75,5631.35,0
2021-01-08 13:15:00,5631.15,5643.95,5617.7,5617.9,0
2021-01-08 14:15:00,5617.95,5649.7,5600.8,5649.7,0
2021-01-08 15:15:00,5649.0,5664.95,5643.4,5647.65,0
2021-01-11 09:15:00,5669.35,5678.15,5609.05,5610.5,0
2021-01-11 10:15:00,5611.15,5611.15,5568.65,5599.6,0
2021-01-11 11:15:00,5599.1,5600.25,5574.4,5592.8,0
2021-01-11 12:15:00,5592.8,5596.25,5574.85,5587.45,0
2021-01-11 13:15:00,5587.2,5610.8,5584.55,5606.15,0
2021-01-11 14:15:00,5606.55,5630.4,5601.65,5617.2,0
2021-01-11 15:15:00,5617.0,5619.95,5608.95,5612.4,0
2021-01-12 09:15:00,5604.15,5671.5,5580.85,5647.1,0
2021-01-12 10:15:00,5647.1,5658.3,5636.5,5649.8,0
2021-01-12 11:15:00,5649.0,5679.7,5646.25,5671.4,0
2021-01-12 12:15:00,5671.65,5676.4,5646.15,5658.35,0
2021-01-12 13:15:00,5658.75,5673.9,5642.5,5665.9,0
2021-01-12 14:15:00,5666.1,5666.1,5642.65,5645.0,0
2021-01-12 15:15:00,5644.3,5648.6,5636.7,5642.1,0
2021-01-13 09:15:00,5674.6,5711.55,5673.3,5687.3,0
2021-01-13 10:15:00,5687.45,5689.65,5654.35,5665.55,0
2021-01-13 11:15:00,5665.55,5667.85,5606.75,5634.25,0
2021-01-13 12:15:00,5634.4,5638.4,5588.15,5589.65,0
2021-01-13 13:15:00,5590.2,5596.45,5503.85,5550.4,0
2021-01-13 14:15:00,5550.95,5606.45,5541.45,5594.6,0
2021-01-13 15:15:00,5595.15,5597.9,5577.55,5588.2,0
2021-01-14 09:15:00,5618.1,5638.7,5572.0,5614.8,0
2021-01-14 10:15:00,5615.0,5641.5,5612.55,5628.5,0
2021-01-14 11:15:00,5628.0,5633.3,5605.2,5621.65,0
2021-01-14 12:15:00,5621.9,5624.7,5601.1,5607.5,0
2021-01-14 13:15:00,5606.8,5617.35,5590.5,5598.55,0
2021-01-14 14:15:00,5598.2,5630.8,5597.25,5623.2,0
2021-01-14 15:15:00,5622.6,5628.2,5618.2,5625.7,0
2021-01-15 09:15:00,5632.95,5661.15,5584.4,5625.6,0
2021-01-15 10:15:00,5626.1,5636.75,5594.95,5596.15,0
2021-01-15 11:15:00,5595.8,5606.0,5567.3,5589.9,0
2021-01-15 12:15:00,5589.9,5597.05,5569.5,5578.25,0
2021-01-15 13:15:00,5577.6,5586.95,5518.95,5523.0,0
2021-01-15 14:15:00,5523.1,5559.4,5497.0,5551.65,0
2021-01-15 15:15:00,5551.6,5560.05,5547.05,5553.25,0
2021-01-18 09:15:00,5558.15,5560.0,5447.45,5465.95,0
2021-01-18 10:15:00,5466.7,5489.0,5419.75,5485.55,0
2021-01-18 11:15:00,5485.0,5502.15,5463.4,5489.85,0
2021-01-18 12:15:00,5489.65,5498.0,5472.25,5493.25,0
2021-01-18 13:15:00,5493.8,5525.7,5475.5,5523.35,0
2021-01-18 14:15:00,5523.4,5524.5,5462.85,5481.4,0
2021-01-18 15:15:00,5480.9,5484.95,5446.25,5451.65,0
2021-01-19 09:15:00,5505.2,5571.7,5505.2,5563.65,0
2021-01-19 10:15:00,5563.2,5579.15,5563.2,5569.15,0
2021-01-19 11:15:00,5569.25,5584.1,5566.8,5580.5,0
2021-01-19 12:15:00,5580.75,5584.65,5567.0,5570.1,0
2021-01-19 13:15:00,5570.2,5581.55,5550.35,5574.45,0
2021-01-19 14:15:00,5574.7,5614.15,5571.85,5610.55,0
2021-01-19 15:15:00,5610.6,5618.75,5606.45,5615.45,0
2021-01-20 09:15:00,5626.45,5652.2,5609.45,5641.85,0
2021-01-20 10:15:00,5641.85,5665.8,5641.05,5662.1,0
2021-01-20 11:15:00,5661.6,5677.9,5656.3,5663.15,0
2021-01-20 12:15:00,5662.9,5663.1,5638.15,5651.9,0
2021-01-20 13:15:00,5651.4,5672.25,5650.4,5669.7,0
2021-01-20 14:15:00,5670.2,5685.2,5657.0,5676.95,0
2021-01-20 15:15:00,5677.45,5682.25,5671.1,5675.95,0
2021-01-21 09:15:00,5722.35,5752.5,5708.4,5744.2,0
2021-01-21 10:15:00,5744.15,5759.85,5732.95,5757.25,0
2021-01-21 11:15:00,5757.7,5766.35,5751.7,5757.3,0
2021-01-21 12:15:00,5757.9,5763.9,5739.05,5741.8,0
2021-01-21 13:15:00,5742.25,5742.4,5691.4,5692.6,0
2021-01-21 14:15:00,5692.85,5715.15,5585.85,5618.85,0
2021-01-21 15:15:00,5618.6,5640.85,5614.9,5629.55,0
2021-01-22 09:15:00,5623.7,5666.4,5602.75,5647.5,0
2021-01-22 10:15:00,5647.4,5652.8,5546.25,5563.75,0
2021-01-22 11:15:00,5563.4,5587.75,5533.75,5576.0,0
2021-01-22 12:15:00,5575.65,5595.3,5510.9,5510.9,0
2021-01-22 13:15:00,5511.05,5543.8,5494.7,5522.75,0
2021-01-22 14:15:00,5522.7,5563.55,5511.35,5512.0,0
2021-01-22 15:15:00,5511.1,5532.65,5511.1,5529.55,0
2021-01-25 09:15:00,5600.7,5620.6,5462.55,5550.1,0
2021-01-25 10:15:00,5551.05,5575.1,5530.3,5570.4,0
2021-01-25 11:15:00,5570.95,5573.05,5526.4,5554.5,0
2021-01-25 12:15:00,5554.6,5595.75,5545.0,5588.0,0
2021-01-25 13:15:00,5587.75,5596.0,5540.0,5554.3,0
2021-01-25 14:15:00,5554.55,5559.2,5523.8,5524.1,0
2021-01-25 15:15:00,5525.15,5530.2,5512.55,5517.6,0
2021-01-27 09:15:00,5525.55,5525.55,5448.95,5494.95,0
2021-01-27 10:15:00,5496.85,5512.65,5466.8,5507.75,0
2021-01-27 11:15:00,5507.95,5517.0,5480.25,5492.25,0
2021-01-27 12:15:00,5492.3,5499.75,5463.65,5466.95,0
2021-01-27 13:15:00,5466.9,5476.15,5424.4,5425.35,0
2021-01-27 14:15:00,5425.4,5449.6,5406.0,5414.7,0
2021-01-27 15:15:00,5414.5,5423.25,5402.0,5409.15,0
2021-01-28 09:15:00,5313.9,5432.3,5313.9,5427.7,0
2021-01-28 10:15:00,5427.3,5449.05,5408.35,5438.8,0
2021-01-28 11:15:00,5438.85,5457.9,5413.35,5413.8,0
2021-01-28 12:15:00,5413.5,5436.75,5374.05,5380.55,0
2021-01-28 13:15:00,5380.35,5422.5,5380.35,5409.15,0
2021-01-28 14:15:00,5409.1,5419.9,5380.85,5411.75,0
2021-01-28 15:15:00,5411.5,5420.95,5408.6,5420.95,0
2021-01-29 09:15:00,5492.7,5546.15,5478.2,5526.65,0
2021-01-29 10:15:00,5526.25,5540.0,5509.6,5540.0,0
2021-01-29 11:15:00,5540.05,5542.7,5515.6,5526.4,0
2021-01-29 12:15:00,5526.55,5542.35,5496.8,5498.5,0
2021-01-29 13:15:00,5498.15,5508.7,5462.5,5496.1,0
2021-01-29 14:15:00,5496.65,5533.4,5396.8,5408.25,0
2021-01-29 15:15:00,5407.5,5412.15,5382.15,5403.9,0
2021-02-01 09:15:00,5440.9,5451.9,5366.45,5405.95,0
2021-02-01 10:15:00,5406.75,5434.8,5399.05,5416.45,0
2021-02-01 11:15:00,5416.0,5490.35,5413.7,5465.2,0
2021-02-01 12:15:00,5462.0,5548.45,5432.7,5511.15,0
2021-02-01 13:15:00,5513.7,5593.05,5512.65,5569.6,0
2021-02-01 14:15:00,5569.2,5631.7,5554.7,5614.3,0
2021-02-01 15:15:00,5613.85,5635.3,5605.55,5631.65,0
2021-02-02 09:15:00,5682.4,5814.05,5679.4,5774.85,0
2021-02-02 10:15:00,5775.1,5790.0,5726.2,5786.35,0
2021-02-02 11:15:00,5786.85,5791.5,5745.75,5788.45,0
2021-02-02 12:15:00,5788.5,5815.35,5776.7,5804.2,0
2021-02-02 13:15:00,5803.7,5830.8,5785.65,5818.95,0
2021-02-02 14:15:00,5818.65,5834.35,5796.9,5815.25,0
2021-02-02 15:15:00,5815.4,5833.1,5811.1,5831.25,0
2021-02-03 09:15:00,5863.2,5899.95,5810.1,5884.45,0
2021-02-03 10:15:00,5886.0,5925.1,5885.9,5902.9,0
2021-02-03 11:15:00,5903.25,5925.4,5892.8,5899.2,0
2021-02-03 12:15:00,5899.55,5921.2,5898.6,5914.7,0
2021-02-03 13:15:00,5915.1,5971.6,5913.85,5951.25,0
2021-02-03 14:15:00,5951.0,5978.8,5903.4,5918.7,0
2021-02-03 15:15:00,5918.8,5929.75,5911.8,5921.5,0
2021-02-04 09:15:00,5929.25,5974.85,5892.9,5955.5,0
2021-02-04 10:15:00,5954.65,5986.4,5944.0,5980.3,0
2021-02-04 11:15:00,5981.35,5992.7,5964.8,5984.55,0
2021-02-04 12:15:00,5984.65,5996.95,5965.6,5978.2,0
2021-02-04 13:15:00,5977.9,6002.85,5960.55,6001.55,0
2021-02-04 14:15:00,6000.25,6009.75,5974.65,5995.7,0
2021-02-04 15:15:00,5996.45,6006.45,5989.55,6000.2,0
2021-02-05 09:15:00,6032.2,6064.25,5949.05,5950.1,0
2021-02-05 10:15:00,5950.1,5963.1,5888.7,5901.25,0
2021-02-05 11:15:00,5901.75,5906.3,5875.55,5900.65,0
2021-02-05 12:15:00,5900.1,5901.15,5854.35,5855.8,0
2021-02-05 13:15:00,5856.25,5861.35,5799.0,5838.65,0
2021-02-05 14:15:00,5838.45,5846.15,5809.7,5822.3,0
2021-02-05 15:15:00,5822.6,5837.1,5822.3,5835.6,0
2021-02-08 09:15:00,5878.95,5926.45,5875.75,5896.1,0
2021-02-08 10:15:00,5895.1,5910.1,5889.3,5909.9,0
2021-02-08 11:15:00,5910.0,5912.95,5894.45,5901.9,0
2021-02-08 12:15:00,5902.4,5903.4,5881.1,5893.9,0
2021-02-08 13:15:00,5893.65,5909.35,5892.6,5898.35,0
2021-02-08 14:15:00,5898.4,5908.55,5886.55,5906.35,0
2021-02-08 15:15:00,5906.6,5908.75,5899.9,5905.15,0
2021-02-09 09:15:00,5928.85,5953.1,5900.75,5947.65,0
2021-02-09 10:15:00,5947.45,5965.2,5943.75,5952.05,0
2021-02-09 11:15:00,5952.85,5956.65,5931.6,5940.0,0
2021-02-09 12:15:00,5940.5,5967.1,5932.65,5965.1,0
2021-02-09 13:15:00,5965.35,5981.05,5960.65,5973.6,0
2021-02-09 14:15:00,5974.0,5988.3,5906.6,5932.0,0
2021-02-09 15:15:00,5931.35,5959.0,5930.3,5944.95,0
2021-02-10 09:15:00,5941.35,5961.55,5918.6,5931.25,0
2021-02-10 10:15:00,5931.7,5941.2,5904.7,5929.35,0
2021-02-10 11:15:00,5930.45,5961.8,5929.2,5957.25,0
2021-02-10 12:15:00,5957.5,5968.7,5928.6,5938.0,0
2021-02-10 13:15:00,5938.3,5941.7,5897.4,5935.05,0
2021-02-10 14:15:00,5934.7,5985.9,5929.45,5985.15,0
2021-02-10 15:15:00,5985.8,6003.8,5985.5,5992.0,0
2021-02-11 09:15:00,5961.55,5997.35,5950.1,5979.45,0
2021-02-11 10:15:00,5979.15,5992.2,5967.3,5968.6,0
2021-02-11 11:15:00,5968.35,5979.1,5955.7,5968.45,0
2021-02-11 12:15:00,5968.35,5975.0,5931.2,5944.95,0
2021-02-11 13:15:00,5944.75,5946.7,5922.55,5936.25,0
2021-02-11 14:15:00,5936.4,5945.75,5930.55,5935.65,0
2021-02-11 15:15:00,5935.3,5936.85,5920.5,5931.6,0
2021-02-12 09:15:00,5948.5,5977.0,5935.35,5965.85,0
2021-02-12 10:15:00,5965.8,5976.6,5960.3,5969.65,0
2021-02-12 11:15:00,5969.2,5983.7,5950.45,5953.05,0
2021-02-12 12:15:00,5953.05,5980.05,5929.25,5937.4,0
2021-02-12 13:15:00,5937.8,5951.05,5888.2,5895.1,0
2021-02-12 14:15:00,5895.15,5920.35,5883.85,5917.35,0
2021-02-12 15:15:00,5917.85,5923.6,5907.1,5913.3,0
2021-02-15 09:15:00,5959.6,5995.35,5944.25,5990.85,0
2021-02-15 10:15:00,5990.85,6013.0,5990.15,6007.9,0
2021-02-15 11:15:00,6008.8,6038.85,6004.75,6037.45,0
2021-02-15 12:15:00,6036.95,6047.65,6031.65,6036.7,0
2021-02-15 13:15:00,6037.2,6055.25,6022.55,6043.9,0
2021-02-15 14:15:00,6044.2,6063.95,6030.6,6058.9,0
2021-02-15 15:15:00,6058.75,6066.4,6045.3,6059.6,0
2021-02-16 09:15:00,6075.35,6095.05,6047.95,6079.6,0
2021-02-16 10:15:00,6079.4,6080.8,6045.95,6050.75,0
2021-02-16 11:15:00,6050.9,6051.0,6022.0,6045.45,0
2021-02-16 12:15:00,6045.2,6056.8,5987.85,6007.3,0
2021-02-16 13:15:00,6007.3,6025.75,5996.55,6019.15,0
2021-02-16 14:15:00,6020.1,6042.9,6012.5,6033.45,0
2021-02-16 15:15:00,6033.75,6045.8,6026.9,6037.55,0
2021-02-17 09:15:00,6022.55,6071.7,6011.7,6066.05,0
2021-02-17 10:15:00,6065.7,6079.45,6052.25,6055.05,0
2021-02-17 11:15:00,6055.15,6070.3,6048.5,6063.75,0
2021-02-17 12:15:00,6064.15,6080.2,6036.4,6050.35,0
2021-02-17 13:15:00,6050.35,6057.85,6016.2,6045.65,0
2021-02-17 14:15:00,6045.85,6052.2,6024.6,6039.65,0
2021-02-17 15:15:00,6039.5,6047.4,6030.2,6032.25,0
2021-02-18 09:15:00,6058.1,6058.75,6012.2,6037.5,0
2021-02-18 10:15:00,6037.9,6071.9,6035.45,6065.15,0
2021-02-18 11:15:00,6065.25,6066.75,6022.45,6030.95,0
2021-02-18 12:15:00,6031.35,6032.2,6006.45,6022.8,0
2021-02-18 13:15:00,6023.1,6023.5,5995.95,6012.35,0
2021-02-18 14:15:00,6012.55,6040.45,6012.1,6013.65,0
2021-02-18 15:15:00,6013.7,6014.75,5989.6,5997.6,0
2021-02-19 09:15:00,5988.65,6002.65,5938.7,5994.0,0
2021-02-19 10:15:00,5994.35,6003.65,5948.5,5953.05,0
2021-02-19 11:15:00,5953.1,5964.0,5944.65,5955.55,0
2021-02-19 12:15:00,5956.35,5962.2,5918.75,5931.15,0
2021-02-19 13:15:00,5931.15,5932.05,5792.15,5792.15,0
2021-02-19 14:15:00,5794.6,5851.35,5792.55,5850.75,0
2021-02-19 15:15:00,5851.05,5857.55,5828.25,5851.65,0
2021-02-22 09:15:00,5856.4,5867.85,5791.4,5803.25,0
2021-02-22 10:15:00,5803.25,5836.8,5789.55,5806.6,0
2021-02-22 11:15:00,5806.55,5814.45,5758.35,5765.45,0
2021-02-22 12:15:00,5765.4,5772.2,5721.5,5732.2,0
2021-02-22 13:15:00,5731.9,5745.25,5699.7,5724.65,0
2021-02-22 14:15:00,5724.65,5757.0,5707.9,5734.25,0
2021-02-22 15:15:00,5734.85,5735.2,5693.2,5701.1,0
2021-02-23 09:15:00,5760.2,5803.0,5708.85,5763.5,0
2021-02-23 10:15:00,5763.8,5816.75,5762.35,5803.15,0
2021-02-23 11:15:00,5802.9,5815.45,5769.65,5797.05,0
2021-02-23 12:15:00,5796.7,5838.75,5796.55,5832.25,0
2021-02-23 13:15:00,5830.95,5832.95,5813.3,5830.15,0
2021-02-23 14:15:00,5830.4,5839.3,5813.35,5832.1,0
2021-02-23 15:15:00,5831.8,5838.7,5823.75,5829.9,0
2021-02-24 09:15:00,5855.4,5890.9,5842.25,5883.05,0
2021-02-24 15:15:00,5834.0,5861.95,5814.45,5861.95,0
2021-02-24 16:15:00,5861.85,5880.75,5854.9,5878.75,0
2021-02-25 09:15:00,5926.3,5954.6,5905.75,5907.65,0
2021-02-25 10:15:00,5907.55,5933.9,5906.45,5933.9,0
2021-02-25 11:15:00,5933.6,5935.6,5905.6,5922.8,0
2021-02-25 12:15:00,5922.7,5943.9,5917.9,5933.3,0
2021-02-25 13:15:00,5933.55,5949.2,5926.45,5944.25,0
2021-02-25 14:15:00,5944.45,5951.55,5929.4,5946.45,0
2021-02-25 15:15:00,5945.5,5957.6,5944.0,5949.35,0
2021-02-26 09:15:00,5859.2,5898.55,5804.25,5895.15,0
2021-02-26 10:15:00,5895.5,5895.75,5818.1,5835.25,0
2021-02-26 11:15:00,5835.65,5835.65,5753.35,5753.35,0
2021-02-26 12:15:00,5753.6,5782.1,5733.7,5763.95,0
2021-02-26 13:15:00,5764.2,5792.0,5751.0,5790.8,0
2021-02-26 14:15:00,5790.7,5795.3,5751.75,5759.65,0
2021-02-26 15:15:00,5759.6,5760.5,5729.15,5745.0,0
2021-03-01 09:15:00,5803.25,5844.4,5784.65,5835.35,0
2021-03-01 10:15:00,5835.75,5875.65,5835.75,5875.0,0
2021-03-01 11:15:00,5874.95,5879.75,5835.75,5864.25,0
2021-03-01 12:15:00,5864.55,5866.75,5824.45,5857.6,0
2021-03-01 13:15:00,5857.75,5900.95,5842.05,5893.8,0
2021-03-01 14:15:00,5893.85,5901.7,5864.85,5900.8,0
2021-03-01 15:15:00,5901.35,5908.0,5893.2,5903.1,0
2021-03-02 09:15:00,5934.9,5995.1,5933.0,5994.3,0
2021-03-02 10:15:00,5993.95,5998.35,5960.25,5963.35,0
2021-03-02 11:15:00,5963.15,5967.7,5941.95,5962.25,0
2021-03-02 12:15:00,5962.45,5972.6,5940.55,5964.15,0
2021-03-02 13:15:00,5963.4,5989.15,5950.3,5987.65,0
2021-03-02 14:15:00,5987.1,6003.35,5961.05,6002.9,0
2021-03-02 15:15:00,6002.8,6016.45,6001.5,6006.5,0
2021-03-03 09:15:00,6055.5,6057.7,6017.1,6036.3,0
2021-03-03 10:15:00,6034.9,6043.3,6016.45,6017.85,0
2021-03-03 11:15:00,6016.9,6036.45,6016.9,6036.4,0
2021-03-03 12:15:00,6036.6,6047.35,6029.75,6033.0,0
2021-03-03 13:15:00,6032.8,6052.9,6028.65,6036.25,0
2021-03-03 14:15:00,6036.4,6073.55,6029.15,6064.95,0
2021-03-03 15:15:00,6064.1,6083.1,6064.1,6072.65,0
2021-03-04 09:15:00,6020.7,6086.45,5993.25,6085.8,0
2021-03-04 10:15:00,6085.05,6129.75,6082.7,6113.15,0
2021-03-04 11:15:00,6112.75,6127.25,6105.5,6116.35,0
2021-03-04 12:15:00,6115.8,6128.45,6110.5,6119.5,0
2021-03-04 13:15:00,6119.35,6121.2,6092.95,6118.85,0
2021-03-04 14:15:00,6118.5,6124.65,6066.45,6076.15,0
2021-03-04 15:15:00,6075.35,6083.95,6066.65,6073.1,0
2021-03-05 09:15:00,6048.85,6049.0,5993.15,6029.85,0
2021-03-05 10:15:00,6029.75,6029.75,5940.35,5955.95,0
2021-03-05 11:15:00,5955.9,5969.95,5928.65,5932.5,0
2021-03-05 12:15:00,5932.75,5959.35,5926.6,5933.3,0
2021-03-05 13:15:00,5933.25,5942.3,5856.4,5866.7,0
2021-03-05 14:15:00,5866.8,5896.1,5857.85,5890.2,0
2021-03-05 15:15:00,5889.65,5903.2,5885.8,5900.55,0
2021-03-08 09:15:00,5938.25,5977.25,5930.35,5962.0,0
2021-03-08 10:15:00,5961.95,5963.15,5888.7,5908.15,0
2021-03-08 11:15:00,5908.2,5920.35,5906.0,5911.4,0
2021-03-08 12:15:00,5910.8,5923.3,5890.4,5901.55,0
2021-03-08 13:15:00,5901.25,5905.35,5868.85,5876.75,0
2021-03-08 14:15:00,5877.2,5899.85,5852.95,5862.55,0
2021-03-08 15:15:00,5862.75,5875.4,5859.35,5871.55,0
2021-03-09 09:15:00,5907.05,5926.15,5892.85,5909.65,0
2021-03-09 10:15:00,5910.2,5912.25,5893.65,5898.65,0
2021-03-09 11:15:00,5898.15,5926.65,5894.9,5895.0,0
2021-03-09 12:15:00,5895.5,5896.3,5818.6,5819.85,0
2021-03-09 13:15:00,5819.7,5833.1,5793.35,5800.1,0
2021-03-09 14:15:00,5800.2,5849.45,5791.9,5847.95,0
2021-03-09 15:15:00,5848.65,5853.3,5834.65,5840.75,0
2021-03-10 09:15:00,5892.7,5925.15,5892.7,5919.8,0
2021-03-10 10:15:00,5920.1,5921.25,5882.05,5882.25,0
2021-03-10 11:15:00,5882.6,5900.9,5878.15,5880.6,0
2021-03-10 12:15:00,5880.7,5895.7,5873.8,5895.05,0
2021-03-10 13:15:00,5895.55,5897.45,5882.65,5892.0,0
2021-03-10 14:15:00,5891.7,5901.2,5886.95,5900.4,0
2021-03-10 15:15:00,5900.35,5914.7,5900.35,5908.45,0
2021-03-12 09:15:00,5955.3,5975.65,5947.1,5970.6,0
2021-03-12 10:15:00,5970.2,5976.3,5961.55,5969.4,0
2021-03-12 11:15:00,5969.55,5989.6,5967.55,5977.05,0
2021-03-12 12:15:00,5977.2,5977.3,5952.15,5957.0,0
2021-03-12 13:15:00,5957.1,5960.15,5892.35,5892.35,0
2021-03-12 14:15:00,5891.9,5900.15,5868.05,5884.45,0
2021-03-12 15:15:00,5884.35,5890.85,5872.55,5890.85,0
2021-03-15 09:15:00,5920.8,5920.8,5791.7,5833.2,0
2021-03-15 10:15:00,5832.0,5844.4,5797.9,5805.35,0
2021-03-15 11:15:00,5805.4,5807.65,5773.25,5783.85,0
2021-03-15 12:15:00,5784.5,5785.15,5757.2,5762.9,0
2021-03-15 13:15:00,5762.75,5810.25,5761.0,5794.6,0
2021-03-15 14:15:00,5794.75,5829.2,5790.5,5827.95,0
2021-03-15 15:15:00,5827.75,5836.9,5824.0,5832.6,0
2021-03-16 09:15:00,5858.9,5870.9,5817.55,5827.7,0
2021-03-16 10:15:00,5827.75,5844.95,5820.35,5832.55,0
2021-03-16 11:15:00,5832.0,5851.5,5818.3,5842.8,0
2021-03-16 12:15:00,5842.5,5870.85,5840.8,5847.1,0
2021-03-16 13:15:00,5847.1,5862.0,5832.7,5845.55,0
2021-03-16 14:15:00,5845.7,5870.2,5843.4,5851.0,0
2021-03-16 15:15:00,5851.1,5859.75,5849.25,5853.45,0
2021-03-17 09:15:00,5858.7,5859.4,5771.2,5772.3,0
2021-03-17 10:15:00,5772.5,5779.15,5748.7,5760.55,0
2021-03-17 11:15:00,5760.45,5790.55,5759.65,5766.15,0
2021-03-17 12:15:00,5765.95,5771.55,5746.25,5752.85,0
2021-03-17 13:15:00,5752.1,5762.05,5717.6,5724.15,0
2021-03-17 14:15:00,5724.15,5734.3,5704.5,5707.4,0
2021-03-17 15:15:00,5707.75,5720.3,5698.55,5711.8,0
2021-03-18 09:15:00,5764.35,5790.45,5743.0,5747.65,0
2021-03-18 10:15:00,5747.75,5748.7,5703.5,5710.5,0
2021-03-18 11:15:00,5710.8,5736.1,5706.5,5735.8,0
2021-03-18 12:15:00,5735.5,5737.1,5675.45,5675.6,0
2021-03-18 13:15:00,5675.35,5680.05,5589.85,5591.8,0
2021-03-18 14:15:00,5591.8,5630.55,5575.5,5622.6,0
2021-03-18 15:15:00,5622.35,5630.7,5611.45,5625.35,0
2021-03-19 09:15:00,5572.85,5613.8,5477.35,5586.5,0
2021-03-19 10:15:00,5586.55,5644.4,5550.3,5633.7,0
2021-03-19 11:15:00,5633.0,5635.0,5585.15,5592.7,0
2021-03-19 12:15:00,5592.55,5613.4,5582.95,5601.85,0
2021-03-19 13:15:00,5602.1,5658.75,5601.45,5654.6,0
2021-03-19 14:15:00,5654.65,5711.25,5642.15,5688.3,0
2021-03-19 15:15:00,5688.55,5691.85,5674.65,5679.15,0
2021-03-22 09:15:00,5676.6,5731.55,5648.75,5699.95,0
2021-03-22 10:15:00,5700.1,5703.0,5664.95,5684.5,0
2021-03-22 11:15:00,5683.95,5708.25,5679.8,5706.55,0
2021-03-22 12:15:00,5706.05,5706.05,5651.85,5665.05,0
2021-03-22 13:15:00,5664.9,5684.55,5654.0,5678.7,0
2021-03-22 14:15:00,5678.9,5692.75,5661.3,5691.75,0
2021-03-22 15:15:00,5692.0,5703.1,5685.4,5693.75,0
2021-03-23 09:15:00,5712.3,5753.2,5700.3,5705.65,0
2021-03-23 10:15:00,5705.85,5742.15,5700.05,5721.7,0
2021-03-23 11:15:00,5722.05,5730.15,5698.25,5716.15,0
2021-03-23 12:15:00,5716.1,5735.05,5702.9,5721.05,0
2021-03-23 13:15:00,5721.9,5742.95,5717.05,5736.35,0
2021-03-23 14:15:00,5736.15,5751.7,5733.6,5741.25,0
2021-03-23 15:15:00,5741.4,5744.5,5735.05,5739.65,0
2021-03-24 09:15:00,5724.05,5752.35,5678.95,5679.5,0
2021-03-24 10:15:00,5679.3,5679.45,5632.25,5642.65,0
2021-03-24 11:15:00,5642.8,5682.6,5637.45,5671.0,0
2021-03-24 12:15:00,5670.45,5687.85,5666.9,5667.85,0
2021-03-24 13:15:00,5668.2,5679.1,5642.9,5644.85,0
2021-03-24 14:15:00,5644.85,5650.65,5608.95,5612.25,0
2021-03-24 15:15:00,5612.1,5617.85,5601.1,5613.7,0
2021-03-25 09:15:00,5639.8,5649.15,5545.0,5573.25,0
2021-03-25 10:15:00,5573.25,5573.25,5492.45,5493.05,0
2021-03-25 11:15:00,5493.75,5519.55,5449.1,5481.6,0
2021-03-25 12:15:00,5481.6,5490.1,5454.3,5467.05,0
2021-03-25 13:15:00,5466.75,5541.45,5464.05,5525.55,0
2021-03-25 14:15:00,5525.45,5542.0,5486.25,5494.4,0
2021-03-25 15:15:00,5494.9,5505.0,5487.0,5500.35,0
2021-03-26 09:15:00,5551.45,5602.4,5551.45,5597.8,0
2021-03-26 10:15:00,5597.8,5619.6,5597.7,5605.25,0
2021-03-26 11:15:00,5605.4,5636.95,5603.5,5635.0,0
2021-03-26 12:15:00,5635.1,5638.25,5619.15,5631.0,0
2021-03-26 13:15:00,5631.05,5650.25,5617.95,5639.3,0
2021-03-26 14:15:00,5638.95,5640.45,5595.3,5595.3,0
2021-03-26 15:15:00,5595.5,5614.35,5593.1,5613.9,0
2021-03-30 09:15:00,5667.6,5685.95,5648.75,5673.4,0
2021-03-30 10:15:00,5673.65,5681.45,5663.95,5671.0,0
2021-03-30 11:15:00,5671.4,5676.55,5645.7,5649.0,0
2021-03-30 12:15:00,5648.75,5649.25,5615.05,5623.2,0
2021-03-30 13:15:00,5622.6,5632.75,5610.75,5630.15,0
2021-03-30 14:15:00,5631.35,5672.05,5624.45,5656.6,0
2021-03-30 15:15:00,5657.9,5666.85,5651.5,5659.3,0
2021-03-31 09:15:00,5674.25,5705.9,5644.35,5688.35,0
2021-03-31 10:15:00,5688.2,5694.25,5646.25,5667.65,0
2021-03-31 11:15:00,5667.5,5674.45,5655.8,5671.9,0
2021-03-31 12:15:00,5671.9,5691.35,5664.0,5683.35,0
2021-03-31 13:15:00,5683.9,5695.45,5668.15,5690.8,0
2021-03-31 14:15:00,5690.9,5709.05,5682.0,5684.15,0
2021-03-31 15:15:00,5684.1,5694.7,5679.2,5680.5,0
2021-04-01 09:15:00,5748.75,5750.75,5721.65,5737.4,0
2021-04-01 10:15:00,5736.25,5747.3,5695.55,5712.6,0
2021-04-01 11:15:00,5712.75,5746.3,5708.65,5740.6,0
2021-04-01 12:15:00,5741.0,5757.3,5723.25,5757.1,0
2021-04-01 13:15:00,5757.35,5768.65,5748.0,5768.65,0
2021-04-01 14:15:00,5768.35,5820.05,5767.45,5807.8,0
2021-04-01 15:15:00,5807.8,5815.95,5801.5,5804.95,0
2021-04-05 09:15:00,5802.3,5802.3,5650.05,5658.6,0
2021-04-05 10:15:00,5658.6,5661.1,5582.95,5587.45,0
2021-04-05 11:15:00,5586.75,5630.4,5572.85,5626.7,0
2021-04-05 12:15:00,5628.2,5664.85,5623.8,5640.5,0
2021-04-05 13:15:00,5640.85,5671.85,5637.0,5664.25,0
2021-04-05 14:15:00,5664.7,5677.95,5655.3,5674.95,0
2021-04-05 15:15:00,5675.35,5687.7,5673.8,5677.05,0
2021-04-06 09:15:00,5707.35,5722.4,5642.7,5714.15,0
2021-04-06 10:15:00,5714.45,5736.95,5687.05,5733.9,0
2021-04-06 11:15:00,5733.85,5740.85,5715.45,5729.25,0
2021-04-06 12:15:00,5729.15,5737.15,5688.0,5720.0,0
2021-04-06 13:15:00,5720.7,5723.75,5697.45,5703.5,0
2021-04-06 14:15:00,5703.35,5711.3,5688.7,5707.35,0
2021-04-06 15:15:00,5707.2,5727.55,5706.6,5723.65,0
2021-04-07 09:15:00,5729.25,5771.95,5708.9,5752.35,0
2021-04-07 10:15:00,5751.75,5780.15,5732.15,5780.0,0
2021-04-07 11:15:00,5779.95,5811.6,5775.4,5807.8,0
2021-04-07 12:15:00,5808.05,5828.45,5804.0,5826.1,0
2021-04-07 13:15:00,5826.8,5828.05,5793.95,5819.2,0
2021-04-07 14:15:00,5819.05,5854.8,5807.95,5827.2,0
2021-04-07 15:15:00,5827.9,5832.45,5819.65,5821.65,0
2021-04-08 09:15:00,5860.3,5875.1,5850.4,5861.0,0
2021-04-08 10:15:00,5860.4,5882.8,5855.95,5870.75,0
2021-04-08 11:15:00,5870.55,5898.5,5867.65,5874.15,0
2021-04-08 12:15:00,5874.4,5882.35,5863.6,5871.25,0
2021-04-08 13:15:00,5870.95,5885.8,5843.75,5852.05,0
2021-04-08 14:15:00,5852.2,5853.05,5802.4,5823.85,0
2021-04-08 15:15:00,5824.15,5833.45,5822.25,5827.75,0
2021-04-09 09:15:00,5825.5,5852.35,5798.15,5850.45,0
2021-04-09 10:15:00,5850.85,5854.85,5822.3,5825.05,0
2021-04-09 11:15:00,5824.9,5843.85,5818.15,5841.75,0
2021-04-09 12:15:00,5842.45,5851.2,5822.45,5826.3,0
2021-04-09 13:15:00,5826.4,5827.4,5782.3,5800.65,0
2021-04-09 14:15:00,5800.05,5812.6,5792.25,5799.35,0
2021-04-09 15:15:00,5799.65,5810.6,5795.1,5798.05,0
2021-04-12 09:15:00,5677.35,5677.35,5435.4,5539.2,0
2021-04-12 10:15:00,5538.45,5538.45,5439.55,5452.5,0
2021-04-12 11:15:00,5452.45,5460.85,5348.85,5397.1,0
2021-04-12 12:15:00,5397.5,5448.05,5378.45,5430.75,0
2021-04-12 13:15:00,5430.9,5441.35,5399.8,5430.45,0
2021-04-12 14:15:00,5431.4,5444.6,5363.1,5385.2,0
2021-04-12 15:15:00,5384.95,5414.05,5384.6,5414.05,0
2021-04-13 09:15:00,5424.5,5562.75,5409.7,5554.15,0
2021-04-13 10:15:00,5554.05,5559.7,5505.45,5512.1,0
2021-04-13 11:15:00,5512.05,5514.15,5468.7,5487.95,0
2021-04-13 12:15:00,5487.55,5527.2,5484.6,5499.7,0
2021-04-13 13:15:00,5499.7,5560.1,5491.55,5554.85,0
2021-04-13 14:15:00,5554.65,5574.8,5539.8,5566.6,0
2021-04-13 15:15:00,5566.75,5586.0,5566.65,5570.8,0
2021-04-15 09:15:00,5545.7,5584.95,5481.95,5489.6,0
2021-04-15 10:15:00,5489.5,5489.75,5424.35,5428.95,0
2021-04-15 11:15:00,5428.8,5501.55,5423.4,5492.45,0
2021-04-15 12:15:00,5492.25,5521.35,5492.25,5499.65,0
2021-04-15 13:15:00,5499.95,5543.7,5493.85,5536.7,0
2021-04-15 14:15:00,5536.55,5549.45,5517.35,5544.25,0
2021-04-15 15:15:00,5544.5,5546.4,5530.2,5532.2,0
2021-04-16 09:15:00,5543.1,5606.9,5534.1,5593.6,0
2021-04-16 10:15:00,5593.25,5613.5,5582.7,5610.3,0
2021-04-16 11:15:00,5611.0,5619.15,5594.95,5610.4,0
2021-04-16 12:15:00,5610.25,5631.85,5604.15,5621.05,0
2021-04-16 13:15:00,5620.45,5623.85,5591.05,5597.95,0
2021-04-16 14:15:00,5597.6,5618.1,5589.3,5590.15,0
2021-04-16 15:15:00,5589.85,5590.65,5580.55,5589.7,0
2021-04-19 09:15:00,5417.4,5434.85,5362.45,5434.65,0
2021-04-19 10:15:00,5434.9,5453.85,5405.95,5442.25,0
2021-04-19 11:15:00,5443.0,5443.0,5416.35,5423.55,0
2021-04-19 12:15:00,5422.95,5446.65,5411.8,5445.0,0
2021-04-19 13:15:00,5445.15,5474.25,5438.45,5467.25,0
2021-04-19 14:15:00,5467.4,5472.8,5441.8,5469.4,0
2021-04-19 15:15:00,5469.85,5476.0,5465.0,5468.6,0
2021-04-20 09:15:00,5541.15,5588.65,5531.8,5577.8,0
2021-04-20 10:15:00,5577.75,5585.4,5564.15,5571.4,0
2021-04-20 11:15:00,5572.2,5573.65,5556.2,5561.15,0
2021-04-20 12:15:00,5560.65,5562.85,5511.2,5538.1,0
2021-04-20 13:15:00,5537.9,5558.35,5536.55,5544.15,0
2021-04-20 14:15:00,5543.75,5545.15,5457.75,5513.75,0
2021-04-20 15:15:00,5513.05,5516.45,5492.75,5498.85,0
2021-04-22 09:15:00,5448.6,5501.1,5439.1,5470.95,0
2021-04-22 10:15:00,5470.35,5495.4,5469.15,5476.75,0
2021-04-22 11:15:00,5476.9,5507.6,5464.55,5500.8,0
2021-04-22 12:15:00,5500.65,5503.2,5482.6,5491.2,0
2021-04-22 13:15:00,5491.2,5519.7,5488.85,5518.6,0
2021-04-22 14:15:00,5518.7,5519.75,5488.3,5502.85,0
2021-04-22 15:15:00,5502.9,5505.5,5496.4,5503.55,0
2021-04-23 09:15:00,5481.8,5545.9,5473.9,5544.85,0
2021-04-23 10:15:00,5545.6,5558.15,5530.95,5558.15,0
2021-04-23 11:15:00,5558.2,5572.55,5547.0,5557.75,0
2021-04-23 12:15:00,5557.55,5557.9,5528.4,5545.0,0
2021-04-23 13:15:00,5545.6,5561.45,5521.8,5522.5,0
2021-04-23 14:15:00,5522.6,5533.5,5482.5,5517.95,0
2021-04-23 15:15:00,5517.25,5524.6,5509.8,5515.4,0
2021-04-26 09:15:00,5552.45,5572.15,5534.45,5552.1,0
2021-04-26 10:15:00,5551.75,5553.75,5535.6,5548.65,0
2021-04-26 11:15:00,5548.3,5563.15,5545.05,5561.7,0
2021-04-26 12:15:00,5561.45,5564.15,5543.0,5560.05,0
2021-04-26 13:15:00,5560.05,5568.0,5553.7,5563.9,0
2021-04-26 14:15:00,5563.8,5566.75,5546.15,5565.5,0
2021-04-26 15:15:00,5566.2,5570.85,5559.85,5565.15,0
2021-04-27 09:15:00,5577.05,5612.25,5567.15,5610.55,0
2021-04-27 10:15:00,5610.65,5614.3,5592.5,5610.25,0
2021-04-27 11:15:00,5609.85,5615.0,5596.9,5615.0,0
2021-04-27 12:15:00,5614.65,5620.85,5603.25,5617.85,0
2021-04-27 13:15:00,5617.35,5625.15,5607.4,5623.75,0
2021-04-27 14:15:00,5623.95,5640.25,5622.85,5637.95,0
2021-04-27 15:15:00,5639.05,5644.6,5637.2,5640.5,0
2021-04-28 09:15:00,5679.5,5719.25,5678.55,5718.2,0
2021-04-28 10:15:00,5717.8,5723.45,5708.05,5717.05,0
2021-04-28 11:15:00,5716.95,5757.9,5716.2,5756.55,0
2021-04-28 12:15:00,5756.35,5757.25,5736.7,5756.8,0
2021-04-28 13:15:00,5757.3,5761.75,5744.75,5756.45,0
2021-04-28 14:15:00,5756.1,5767.85,5747.9,5759.95,0
2021-04-28 15:15:00,5759.35,5759.75,5743.1,5743.6,0
2021-04-29 09:15:00,5803.15,5840.1,5748.7,5764.05,0
2021-04-29 10:15:00,5763.35,5770.5,5726.7,5740.75,0
2021-04-29 11:15:00,5740.4,5773.25,5739.6,5772.8,0
2021-04-29 12:15:00,5772.8,5779.3,5759.3,5763.05,0
2021-04-29 13:15:00,5763.35,5773.95,5746.4,5762.05,0
2021-04-29 14:15:00,5762.05,5770.5,5754.1,5760.9,0
2021-04-29 15:15:00,5760.55,5763.35,5751.75,5754.95,0
2021-04-30 09:15:00,5721.75,5782.2,5697.5,5780.65,0
2021-04-30 10:15:00,5780.1,5820.5,5769.4,5818.2,0
2021-04-30 11:15:00,5818.1,5820.85,5789.1,5799.8,0
2021-04-30 12:15:00,5800.2,5814.7,5770.6,5775.45,0
2021-04-30 13:15:00,5776.15,5783.85,5715.35,5729.9,0
2021-04-30 14:15:00,5729.55,5749.25,5695.55,5696.75,0
2021-04-30 15:15:00,5697.3,5699.65,5686.6,5692.1,0
2021-05-03 09:15:00,5642.4,5671.5,5589.6,5662.25,0
2021-05-03 10:15:00,5662.5,5666.65,5640.1,5653.35,0
2021-05-03 11:15:00,5653.25,5678.2,5646.8,5667.9,0
2021-05-03 12:15:00,5667.7,5668.0,5635.8,5641.85,0
2021-05-03 13:15:00,5641.85,5644.55,5615.55,5628.75,0
2021-05-03 14:15:00,5628.95,5670.55,5627.65,5656.25,0
2021-05-03 15:15:00,5655.75,5669.35,5653.75,5668.55,0
2021-05-04 09:15:00,5703.85,5739.45,5694.05,5735.85,0
2021-05-04 10:15:00,5735.35,5759.85,5730.35,5754.85,0
2021-05-04 11:15:00,5754.65,5782.7,5754.2,5772.05,0
2021-05-04 12:15:00,5772.55,5784.05,5711.0,5711.0,0
2021-05-04 13:15:00,5711.65,5735.95,5695.15,5731.9,0
2021-05-04 14:15:00,5731.95,5740.7,5655.9,5672.3,0
2021-05-04 15:15:00,5671.85,5676.75,5663.85,5672.1,0
2021-05-05 09:15:00,5720.55,5723.9,5672.75,5698.15,0
2021-05-05 10:15:00,5698.65,5724.2,5681.25,5689.35,0
2021-05-05 11:15:00,5689.1,5695.65,5661.25,5693.9,0
2021-05-05 12:15:00,5693.65,5710.85,5686.0,5707.55,0
2021-05-05 13:15:00,5707.35,5711.2,5687.3,5687.35,0
2021-05-05 14:15:00,5687.3,5724.5,5683.9,5723.55,0
2021-05-05 15:15:00,5723.45,5735.65,5720.8,5734.55,0
2021-05-06 09:15:00,5754.9,5762.25,5720.65,5723.95,0
2021-05-06 10:15:00,5724.2,5760.4,5707.3,5747.0,0
2021-05-06 11:15:00,5747.05,5760.05,5741.0,5757.2,0
2021-05-06 12:15:00,5756.7,5770.8,5751.9,5760.05,0
2021-05-06 13:15:00,5760.2,5782.2,5747.75,5773.4,0
2021-05-06 14:15:00,5773.5,5796.05,5768.7,5793.85,0
2021-05-06 15:15:00,5794.05,5799.6,5776.7,5779.75,0
2021-05-07 09:15:00,5806.85,5806.85,5748.9,5758.8,0
2021-05-07 10:15:00,5758.9,5762.85,5732.55,5738.0,0
2021-05-07 11:15:00,5738.05,5755.75,5728.45,5734.4,0
2021-05-07 12:15:00,5733.5,5733.9,5719.85,5720.1,0
2021-05-07 13:15:00,5720.15,5735.25,5716.5,5732.4,0
2021-05-07 14:15:00,5732.55,5735.8,5724.85,5726.35,0
2021-05-07 15:15:00,5725.9,5728.0,5717.5,5718.45,0
2021-05-10 09:15:00,5742.4,5783.2,5726.8,5781.2,0
2021-05-10 10:15:00,5781.5,5795.4,5767.85,5783.4,0
2021-05-10 11:15:00,5783.8,5792.75,5768.8,5775.75,0
2021-05-10 12:15:00,5776.3,5784.85,5767.75,5770.8,0
2021-05-10 13:15:00,5771.0,5783.95,5761.55,5773.4,0
2021-05-10 14:15:00,5773.75,5795.2,5771.8,5786.0,0
2021-05-10 15:15:00,5785.8,5796.25,5783.15,5794.55,0
2021-05-11 09:15:00,5744.7,5806.7,5721.6,5797.4,0
2021-05-11 10:15:00,5797.2,5836.15,5792.05,5819.9,0
2021-05-11 11:15:00,5820.4,5841.25,5819.55,5835.4,0
2021-05-11 12:15:00,5834.45,5846.3,5812.95,5820.05,0
2021-05-11 13:15:00,5820.0,5848.9,5795.25,5838.75,0
2021-05-11 14:15:00,5838.85,5876.95,5837.3,5861.65,0
2021-05-11 15:15:00,5861.35,5863.8,5848.6,5848.75,0
2021-05-12 09:15:00,5888.7,5896.15,5848.25,5849.05,0
2021-05-12 10:15:00,5848.6,5850.55,5816.1,5824.5,0
2021-05-12 11:15:00,5824.35,5853.75,5808.15,5848.1,0
2021-05-12 12:15:00,5848.3,5867.65,5846.5,5855.5,0
2021-05-12 13:15:00,5855.25,5859.35,5833.2,5851.85,0
2021-05-12 14:15:00,5852.6,5860.15,5773.2,5801.7,0
2021-05-12 15:15:00,5802.1,5803.5,5789.8,5794.3,0
2021-05-14 09:15:00,5834.25,5838.7,5762.6,5780.6,0
2021-05-14 10:15:00,5779.25,5797.6,5752.2,5761.8,0
2021-05-14 11:15:00,5761.85,5784.6,5720.55,5744.7,0
2021-05-14 12:15:00,5744.75,5803.25,5740.35,5793.05,0
2021-05-14 13:15:00,5792.65,5803.25,5769.35,5784.0,0
2021-05-14 14:15:00,5783.9,5794.5,5756.15,5756.95,0
2021-05-14 15:15:00,5757.3,5760.95,5748.25,5751.6,0
2021-05-17 09:15:00,5797.9,5830.5,5737.75,5825.1,0
2021-05-17 10:15:00,5825.35,5858.25,5812.55,5833.9,0
2021-05-17 11:15:00,5833.95,5866.25,5832.8,5859.95,0
2021-05-17 12:15:00,5860.25,5873.4,5853.1,5855.15,0
2021-05-17 13:15:00,5855.05,5889.4,5835.75,5878.25,0
2021-05-17 14:15:00,5877.75,5898.5,5872.55,5897.45,0
2021-05-17 15:15:00,5898.25,5902.0,5887.8,5896.4,0
2021-05-18 09:15:00,5960.75,6014.9,5952.8,6001.85,0
2021-05-18 10:15:00,6000.25,6032.35,6000.25,6029.95,0
2021-05-18 11:15:00,6029.55,6050.6,6027.75,6039.1,0
2021-05-18 12:15:00,6038.15,6038.8,6018.9,6022.55,0
2021-05-18 13:15:00,6022.7,6041.2,6009.7,6025.2,0
2021-05-18 14:15:00,6025.05,6054.75,5999.9,6054.4,0
2021-05-18 15:15:00,6053.1,6063.6,6050.8,6054.2,0
2021-05-19 09:15:00,6045.2,6103.25,6036.45,6079.15,0
2021-05-19 10:15:00,6078.45,6082.95,6042.85,6067.65,0
2021-05-19 11:15:00,6067.5,6097.4,6058.8,6095.8,0
2021-05-19 12:15:00,6095.95,6098.15,6080.75,6088.25,0
2021-05-19 13:15:00,6088.25,6096.2,6058.3,6072.0,0
2021-05-19 14:15:00,6072.2,6083.6,6061.35,6069.95,0
2021-05-19 15:15:00,6069.95,6075.7,6059.85,6062.4,0
2021-05-20 09:15:00,6084.3,6109.65,6029.2,6080.9,0
2021-05-20 10:15:00,6081.5,6091.8,6063.7,6080.2,0
2021-05-20 11:15:00,6080.3,6097.35,6075.05,6097.35,0
2021-05-20 12:15:00,6097.3,6102.8,6082.85,6083.9,0
2021-05-20 13:15:00,6084.1,6105.4,6082.95,6086.75,0
2021-05-20 14:15:00,6087.0,6087.8,6063.45,6077.7,0
2021-05-20 15:15:00,6076.75,6095.3,6075.9,6086.2,0
2021-05-21 09:15:00,6123.75,6134.35,6093.45,6105.95,0
2021-05-21 10:15:00,6105.65,6128.15,6103.7,6104.9,0
2021-05-21 11:15:00,6104.9,6117.85,6093.4,6098.8,0
2021-05-21 12:15:00,6098.75,6110.2,6090.5,6093.45,0
2021-05-21 13:15:00,6093.7,6115.3,6091.5,6113.75,0
2021-05-21 14:15:00,6113.7,6127.25,6106.2,6114.45,0
2021-05-21 15:15:00,6114.2,6124.15,6112.5,6112.95,0
2021-05-24 09:15:00,6135.95,6152.85,6094.7,6127.4,0
2021-05-24 10:15:00,6127.45,6157.05,6126.95,6142.5,0
2021-05-24 11:15:00,6142.35,6170.3,6137.65,6169.95,0
2021-05-24 12:15:00,6169.8,6171.7,6152.85,6163.95,0
2021-05-24 13:15:00,6164.55,6176.55,6152.9,6160.75,0
2021-05-24 14:15:00,6160.7,6164.5,6135.85,6138.7,0
2021-05-24 15:15:00,6138.95,6142.4,6127.15,6130.05,0
2021-05-25 09:15:00,6166.65,6187.0,6152.65,6168.1,0
2021-05-25 10:15:00,6168.2,6174.95,6157.9,6162.05,0
2021-05-25 11:15:00,6161.35,6163.9,6151.95,6155.55,0
2021-05-25 12:15:00,6155.6,6162.8,6147.95,6156.95,0
2021-05-25 13:15:00,6156.75,6156.75,6109.05,6112.15,0
2021-05-25 14:15:00,6112.1,6132.8,6106.25,6116.8,0
2021-05-25 15:15:00,6116.45,6126.3,6113.45,6125.9,0
2021-05-26 09:15:00,6138.5,6155.45,6114.1,6154.5,0
2021-05-26 10:15:00,6154.25,6173.0,6151.15,6173.0,0
2021-05-26 11:15:00,6172.95,6173.55,6161.5,6164.35,0
2021-05-26 12:15:00,6164.3,6166.65,6143.15,6149.1,0
2021-05-26 13:15:00,6148.25,6150.5,6133.75,6142.3,0
2021-05-26 14:15:00,6142.8,6142.95,6121.85,6128.7,0
2021-05-26 15:15:00,6128.05,6136.5,6125.6,6134.85,0
2021-05-27 09:15:00,6148.05,6150.55,6120.1,6139.4,0
2021-05-27 10:15:00,6139.55,6158.2,6136.9,6154.25,0
2021-05-27 11:15:00,6154.15,6162.8,6150.9,6158.8,0
2021-05-27 12:15:00,6158.6,6165.45,6153.85,6159.3,0
2021-05-27 13:15:00,6158.75,6159.2,6143.2,6147.0,0
2021-05-27 14:15:00,6146.85,6169.05,6133.0,6168.6,0
2021-05-27 15:15:00,6169.05,6180.7,6149.55,6164.25,0
2021-05-28 09:15:00,6186.5,6205.65,6162.65,6183.35,0
2021-05-28 10:15:00,6183.25,6183.25,6152.45,6164.9,0
2021-05-28 11:15:00,6164.65,6188.6,6158.9,6187.75,0
2021-05-28 12:15:00,6188.25,6195.3,6174.35,6182.7,0
2021-05-28 13:15:00,6182.9,6189.75,6164.7,6165.95,0
2021-05-28 14:15:00,6165.75,6183.65,6156.9,6171.05,0
2021-05-28 15:15:00,6171.85,6176.8,6162.3,6164.35,0
2021-05-31 09:15:00,6186.65,6192.1,6147.95,6177.95,0
2021-05-31 10:15:00,6178.0,6182.85,6162.3,6168.25,0
2021-05-31 11:15:00,6168.85,6179.1,6162.45,6171.3,0
2021-05-31 12:15:00,6170.6,6175.55,6161.05,6165.0,0
2021-05-31 13:15:00,6164.75,6165.2,6134.8,6147.45,0
2021-05-31 14:15:00,6147.55,6151.15,6129.25,6146.3,0
2021-05-31 15:15:00,6146.05,6152.4,6142.65,6146.15,0
2021-06-01 09:15:00,6190.45,6206.0,6154.05,6157.5,0
2021-06-01 10:15:00,6157.4,6158.05,6113.1,6114.1,0
2021-06-01 11:15:00,6114.25,6120.15,6094.95,6119.7,0
2021-06-01 12:15:00,6119.85,6141.65,6118.8,6135.75,0
2021-06-01 13:15:00,6135.85,6143.7,6112.45,6120.5,0
2021-06-01 14:15:00,6120.65,6141.7,6118.25,6132.3,0
2021-06-01 15:15:00,6132.05,6144.75,6131.1,6133.65,0
2021-06-02 09:15:00,6121.25,6170.95,6113.45,6167.45,0
2021-06-02 10:15:00,6167.55,6172.25,6161.35,6171.85,0
2021-06-02 11:15:00,6172.45,6178.75,6168.85,6174.75,0
2021-06-02 12:15:00,6174.4,6188.3,6172.6,6175.25,0
2021-06-02 13:15:00,6174.65,6199.9,6170.5,6197.25,0
2021-06-02 14:15:00,6196.95,6235.35,6194.4,6227.5,0
2021-06-02 15:15:00,6227.75,6248.9,6226.35,6235.35,0
2021-06-03 09:15:00,6264.25,6293.0,6246.5,6275.0,0
2021-06-03 10:15:00,6275.5,6288.6,6272.15,6277.0,0
2021-06-03 11:15:00,6277.1,6277.1,6257.85,6275.6,0
2021-06-03 12:15:00,6275.4,6304.3,6274.0,6299.65,0
2021-06-03 13:15:00,6299.4,6303.75,6288.85,6297.7,0
2021-06-03 14:15:00,6298.2,6316.75,6290.0,6309.4,0
2021-06-03 15:15:00,6309.45,6319.5,6302.95,6302.95,0
2021-06-04 09:15:00,6317.2,6361.7,6310.85,6349.1,0
2021-06-04 10:15:00,6349.3,6359.0,6307.2,6309.45,0
2021-06-04 11:15:00,6308.35,6349.4,6302.0,6339.3,0
2021-06-04 12:15:00,6339.35,6361.8,6338.8,6349.5,0
2021-06-04 13:15:00,6349.4,6361.25,6336.25,6360.55,0
2021-06-04 14:15:00,6360.6,6396.6,6359.05,6390.55,0
2021-06-04 15:15:00,6390.9,6395.45,6380.4,6386.25,0
2021-06-07 09:15:00,6442.4,6446.1,6410.25,6436.25,0
2021-06-07 10:15:00,6435.9,6444.15,6423.75,6440.2,0
2021-06-07 11:15:00,6440.0,6443.0,6429.8,6436.35,0
2021-06-07 12:15:00,6436.6,6440.95,6412.4,6421.9,0
2021-06-07 13:15:00,6422.2,6460.9,6421.6,6453.0,0
2021-06-07 14:15:00,6452.9,6459.3,6431.9,6434.2,0
2021-06-07 15:15:00,6434.55,6444.9,6429.95,6433.45,0
2021-06-08 09:15:00,6468.75,6475.85,6381.5,6407.45,0
2021-06-08 10:15:00,6407.9,6442.35,6399.8,6436.65,0
2021-06-08 11:15:00,6436.25,6443.2,6426.7,6441.05,0
2021-06-08 12:15:00,6441.2,6456.35,6439.15,6442.55,0
2021-06-08 13:15:00,6442.8,6458.0,6435.85,6442.75,0
2021-06-08 14:15:00,6443.05,6464.2,6440.4,6447.65,0
2021-06-08 15:15:00,6447.6,6449.9,6440.75,6443.2,0
2021-06-09 09:15:00,6459.55,6462.9,6441.4,6447.85,0
2021-06-09 10:15:00,6447.65,6463.1,6441.0,6452.7,0
2021-06-09 11:15:00,6452.9,6466.75,6449.5,6465.85,0
2021-06-09 12:15:00,6465.2,6469.7,6359.55,6359.55,0
2021-06-09 13:15:00,6360.1,6419.15,6339.75,6406.85,0
2021-06-09 14:15:00,6407.9,6421.2,6318.15,6357.7,0
2021-06-09 15:15:00,6358.15,6368.5,6352.2,6353.65,0
2021-06-10 09:15:00,6384.9,6411.95,6359.15,6394.2,0
2021-06-10 10:15:00,6394.15,6418.9,6392.25,6396.6,0
2021-06-10 11:15:00,6396.8,6416.65,6394.95,6413.0,0
2021-06-10 12:15:00,6413.15,6415.0,6396.35,6403.2,0
2021-06-10 13:15:00,6403.65,6429.95,6402.9,6427.15,0
2021-06-10 14:15:00,6427.75,6445.6,6419.1,6443.15,0
2021-06-10 15:15:00,6443.7,6450.5,6436.6,6443.3,0
2021-06-11 09:15:00,6474.1,6506.15,6468.3,6471.8,0
2021-06-11 10:15:00,6471.95,6472.9,6441.8,6447.2,0
2021-06-11 11:15:00,6446.6,6446.95,6409.05,6409.05,0
2021-06-11 12:15:00,6408.3,6428.95,6403.45,6422.4,0
2021-06-11 13:15:00,6422.8,6431.0,6406.85,6429.55,0
2021-06-11 14:15:00,6429.35,6437.2,6420.65,6433.35,0
2021-06-11 15:15:00,6433.75,6436.75,6427.1,6433.35,0
2021-06-14 09:15:00,6424.2,6424.2,6268.25,6340.3,0
2021-06-14 10:15:00,6340.5,6371.45,6337.2,6358.35,0
2021-06-14 11:15:00,6358.25,6387.95,6356.65,6384.45,0
2021-06-14 12:15:00,6384.65,6392.15,6357.95,6362.15,0
2021-06-14 13:15:00,6363.1,6403.5,6362.25,6400.75,0
2021-06-14 14:15:00,6400.35,6412.95,6395.45,6399.7,0
2021-06-14 15:15:00,6400.15,6410.2,6399.2,6404.75,0
2021-06-15 09:15:00,6425.1,6442.95,6413.65,6428.1,0
2021-06-15 10:15:00,6428.35,6438.0,6421.4,6433.6,0
2021-06-15 11:15:00,6433.7,6443.1,6429.35,6436.45,0
2021-06-15 12:15:00,6436.35,6444.1,6427.6,6438.25,0
2021-06-15 13:15:00,6437.95,6444.1,6413.7,6438.8,0
2021-06-15 14:15:00,6438.5,6445.95,6426.05,6431.8,0
2021-06-15 15:15:00,6431.75,6433.55,6422.25,6423.45,0
2021-06-16 09:15:00,6423.2,6429.15,6373.75,6378.9,0
2021-06-16 10:15:00,6379.2,6383.4,6347.3,6375.7,0
2021-06-16 11:15:00,6375.55,6390.35,6372.45,6376.9,0
2021-06-16 12:15:00,6377.0,6385.4,6350.5,6365.95,0
2021-06-16 13:15:00,6366.1,6376.9,6361.6,6363.2,0
2021-06-16 14:15:00,6363.4,6370.25,6340.6,6343.25,0
2021-06-16 15:15:00,6343.0,6348.25,6322.4,6325.15,0
2021-06-17 09:15:00,6294.25,6346.7,6260.85,6346.15,0
2021-06-17 10:15:00,6345.65,6353.8,6322.0,6325.05,0
2021-06-17 11:15:00,6325.3,6325.3,6293.5,6301.1,0
2021-06-17 12:15:00,6300.5,6315.35,6284.9,6310.5,0
2021-06-17 13:15:00,6310.65,6310.9,6252.1,6252.1,0
2021-06-17 14:15:00,6252.6,6264.75,6225.2,6262.3,0
2021-06-17 15:15:00,6261.9,6264.95,6250.15,6254.4,0
2021-06-18 09:15:00,6292.55,6292.55,6134.3,6164.35,0
2021-06-18 10:15:00,6164.5,6164.6,6025.4,6096.25,0
2021-06-18 11:15:00,6095.85,6128.7,6091.65,6124.6,0
2021-06-18 12:15:00,6124.5,6150.55,6110.3,6113.55,0
2021-06-18 13:15:00,6114.05,6157.35,6104.85,6154.4,0
2021-06-18 14:15:00,6154.7,6192.1,6151.75,6181.7,0
2021-06-18 15:15:00,6181.1,6189.05,6179.1,6184.7,0
2021-06-21 09:15:00,6096.85,6155.1,6070.85,6148.4,0
2021-06-21 10:15:00,6148.3,6165.1,6141.95,6144.3,0
2021-06-21 11:15:00,6144.3,6162.6,6137.2,6138.45,0
2021-06-21 12:15:00,6138.25,6175.6,6135.7,6173.0,0
2021-06-21 13:15:00,6173.45,6174.05,6142.2,6171.4,0
2021-06-21 14:15:00,6171.5,6196.45,6164.45,6192.9,0
2021-06-21 15:15:00,6192.85,6199.1,6187.8,6192.75,0
2021-06-22 09:15:00,6232.2,6243.7,6214.45,6235.75,0
2021-06-22 10:15:00,6235.95,6245.05,6233.65,6240.3,0
2021-06-22 11:15:00,6240.2,6240.75,6228.65,6235.3,0
2021-06-22 12:15:00,6235.3,6236.6,6219.15,6226.2,0
2021-06-22 13:15:00,6226.25,6227.7,6191.5,6197.65,0
2021-06-22 14:15:00,6197.8,6205.65,6178.7,6183.95,0
2021-06-22 15:15:00,6184.05,6184.75,6165.2,6173.15,0
2021-06-23 09:15:00,6223.2,6234.45,6182.65,6182.65,0
2021-06-23 10:15:00,6181.45,6211.55,6169.9,6204.2,0
2021-06-23 11:15:00,6204.15,6228.9,6199.1,6226.15,0
2021-06-23 12:15:00,6226.15,6246.75,6217.9,6221.55,0
2021-06-23 13:15:00,6221.55,6242.1,6213.7,6226.8,0
2021-06-23 14:15:00,6226.4,6228.65,6196.25,6202.5,0
2021-06-23 15:15:00,6202.55,6205.15,6197.5,6202.85,0
2021-06-24 09:15:00,6227.4,6235.85,6206.55,6212.85,0
2021-06-24 10:15:00,6213.45,6221.0,6198.55,6199.75,0
2021-06-24 11:15:00,6200.0,6201.3,6185.2,6195.2,0
2021-06-24 12:15:00,6195.6,6202.8,6185.3,6202.8,0
2021-06-24 13:15:00,6202.8,6205.05,6191.2,6194.65,0
2021-06-24 14:15:00,6194.05,6196.0,6170.3,6194.0,0
2021-06-24 15:15:00,6193.9,6202.15,6193.5,6200.5,0
2021-06-25 09:15:00,6232.1,6281.95,6228.3,6276.55,0
2021-06-25 10:15:00,6276.05,6285.95,6267.95,6271.65,0
2021-06-25 11:15:00,6271.3,6281.0,6264.0,6272.25,0
2021-06-25 12:15:00,6271.55,6281.3,6262.3,6264.3,0
2021-06-25 13:15:00,6264.45,6277.25,6262.5,6270.8,0
2021-06-25 14:15:00,6270.95,6278.65,6257.7,6271.6,0
2021-06-25 15:15:00,6272.45,6274.5,6262.35,6268.2,0
2021-06-28 09:15:00,6302.8,6311.55,6274.55,6309.1,0
2021-06-28 10:15:00,6309.0,6315.2,6285.0,6295.1,0
2021-06-28 11:15:00,6294.95,6299.85,6282.2,6296.75,0
2021-06-28 12:15:00,6296.65,6308.6,6290.75,6295.45,0
2021-06-28 13:15:00,6295.9,6303.05,6287.15,6296.9,0
2021-06-28 14:15:00,6297.35,6303.5,6278.85,6291.6,0
2021-06-28 15:15:00,6291.75,6297.6,6286.55,6291.2,0
2021-06-29 09:15:00,6300.05,6328.1,6291.1,6309.85,0
2021-06-29 10:15:00,6310.1,6316.05,6297.45,6313.65,0
2021-06-29 11:15:00,6313.25,6317.55,6298.15,6301.05,0
2021-06-29 12:15:00,6300.95,6309.3,6285.1,6285.1,0
2021-06-29 13:15:00,6285.4,6293.8,6262.65,6272.95,0
2021-06-29 14:15:00,6272.9,6273.9,6243.2,6254.8,0
2021-06-29 15:15:00,6255.1,6265.25,6248.35,6263.8,0
2021-06-30 09:15:00,6287.6,6295.0,6272.1,6288.8,0
2021-06-30 10:15:00,6288.9,6289.5,6275.3,6284.8,0
2021-06-30 11:15:00,6284.55,6292.7,6275.6,6289.8,0
2021-06-30 12:15:00,6290.0,6300.05,6283.2,6298.8,0
2021-06-30 13:15:00,6298.65,6309.5,6283.75,6291.95,0
2021-06-30 14:15:00,6292.25,6304.5,6271.9,6271.9,0
2021-06-30 15:15:00,6272.4,6282.75,6271.3,6281.0,0
2021-07-01 09:15:00,6301.95,6308.15,6271.3,6283.9,0
2021-07-01 10:15:00,6283.9,6293.3,6269.75,6288.15,0
2021-07-01 11:15:00,6288.15,6312.0,6288.15,6305.15,0
2021-07-01 12:15:00,6305.0,6314.65,6294.5,6309.3,0
2021-07-01 13:15:00,6309.65,6315.75,6295.75,6309.2,0
2021-07-01 14:15:00,6309.15,6312.7,6287.95,6294.85,0
2021-07-01 15:15:00,6294.85,6304.1,6294.7,6300.0,0
2021-07-02 09:15:00,6320.25,6320.25,6288.6,6304.4,0
2021-07-02 10:15:00,6304.15,6314.05,6296.6,6313.2,0
2021-07-02 11:15:00,6312.15,6321.7,6307.4,6314.4,0
2021-07-02 12:15:00,6313.85,6322.2,6305.3,6307.35,0
2021-07-02 13:15:00,6307.5,6308.75,6283.75,6299.5,0
2021-07-02 14:15:00,6299.3,6307.45,6291.5,6300.65,0
2021-07-02 15:15:00,6301.0,6309.9,6300.35,6308.75,0
2021-07-05 09:15:00,6332.45,6344.1,6313.7,6335.85,0
2021-07-05 10:15:00,6335.65,6344.75,6330.05,6331.85,0
2021-07-05 11:15:00,6332.1,6339.5,6326.1,6336.75,0
2021-07-05 12:15:00,6337.0,6349.85,6328.55,6341.5,0
2021-07-05 13:15:00,6341.25,6342.4,6331.1,6337.85,0
2021-07-05 14:15:00,6337.75,6350.3,6331.25,6346.95,0
2021-07-05 15:15:00,6346.65,6352.65,6343.55,6345.65,0
2021-07-06 09:15:00,6351.25,6395.95,6351.25,6388.1,0
2021-07-06 10:15:00,6388.55,6407.85,6386.2,6399.2,0
2021-07-06 11:15:00,6399.35,6406.2,6395.0,6398.95,0
2021-07-06 12:15:00,6398.8,6412.4,6398.35,6406.15,0
2021-07-06 13:15:00,6406.3,6422.15,6393.65,6403.25,0
2021-07-06 14:15:00,6402.95,6403.85,6343.65,6350.8,0
2021-07-06 15:15:00,6352.15,6362.2,6350.05,6359.6,0
2021-07-07 09:15:00,6365.4,6401.45,6346.2,6388.25,0
2021-07-07 10:15:00,6388.85,6392.6,6370.05,6379.25,0
2021-07-07 11:15:00,6379.4,6387.35,6373.55,6383.7,0
2021-07-07 12:15:00,6383.4,6392.2,6366.95,6389.0,0
2021-07-07 13:15:00,6389.2,6392.35,6379.2,6389.2,0
2021-07-07 14:15:00,6389.45,6411.55,6380.25,6410.75,0
2021-07-07 15:15:00,6410.1,6419.2,6407.95,6413.1,0
2021-07-08 09:15:00,6420.2,6453.2,6409.65,6445.05,0
2021-07-08 10:15:00,6445.0,6445.6,6423.25,6424.5,0
2021-07-08 11:15:00,6424.5,6435.4,6407.75,6409.15,0
2021-07-08 12:15:00,6409.45,6411.45,6381.3,6391.55,0
2021-07-08 13:15:00,6391.15,6392.5,6348.7,6359.05,0
2021-07-08 14:15:00,6359.05,6374.85,6339.35,6374.85,0
2021-07-08 15:15:00,6374.15,6378.55,6363.35,6371.3,0
2021-07-09 09:15:00,6371.3,6389.2,6345.6,6379.6,0
2021-07-09 10:15:00,6379.55,6388.6,6364.05,6377.9,0
2021-07-09 11:15:00,6377.9,6389.8,6369.15,6384.4,0
2021-07-09 12:15:00,6383.9,6389.75,6374.7,6379.65,0
2021-07-09 13:15:00,6379.6,6396.05,6376.4,6395.15,0
2021-07-09 14:15:00,6395.35,6413.1,6380.45,6405.75,0
2021-07-09 15:15:00,6405.8,6411.35,6401.6,6405.45,0
2021-07-12 09:15:00,6451.25,6474.25,6441.75,6470.3,0
2021-07-12 10:15:00,6470.2,6483.95,6464.7,6478.15,0
2021-07-12 11:15:00,6477.95,6498.3,6476.0,6496.15,0
2021-07-12 12:15:00,6496.3,6504.8,6473.0,6474.95,0
2021-07-12 13:15:00,6474.55,6483.8,6457.3,6464.05,0
2021-07-12 14:15:00,6463.85,6476.15,6448.15,6466.3,0
2021-07-12 15:15:00,6465.3,6474.8,6464.9,6473.85,0
2021-07-13 09:15:00,6501.35,6501.95,6458.5,6460.2,0
2021-07-13 10:15:00,6460.1,6461.25,6445.05,6451.25,0
2021-07-13 11:15:00,6451.25,6471.7,6447.7,6461.0,0
2021-07-13 12:15:00,6461.3,6471.4,6455.85,6470.1,0
2021-07-13 13:15:00,6469.95,6477.65,6465.2,6474.15,0
2021-07-13 14:15:00,6474.5,6479.85,6468.65,6473.1,0
2021-07-13 15:15:00,6473.3,6479.75,6469.85,6470.35,0
2021-07-14 09:15:00,6481.15,6483.3,6452.9,6458.45,0
2021-07-14 10:15:00,6458.5,6480.85,6455.85,6479.05,0
2021-07-14 11:15:00,6479.3,6479.35,6463.95,6468.0,0
2021-07-14 12:15:00,6467.7,6472.8,6465.0,6471.75,0
2021-07-14 13:15:00,6472.0,6472.0,6456.25,6469.1,0
2021-07-14 14:15:00,6468.85,6477.15,6467.7,6475.55,0
2021-07-14 15:15:00,6475.6,6478.05,6468.65,6470.5,0
2021-07-15 09:15:00,6483.7,6504.5,6475.8,6498.55,0
2021-07-15 10:15:00,6497.85,6499.5,6479.45,6488.65,0
2021-07-15 11:15:00,6489.35,6496.9,6484.3,6492.9,0
2021-07-15 12:15:00,6493.0,6498.1,6476.85,6482.6,0
2021-07-15 13:15:00,6482.45,6490.45,6477.2,6488.25,0
2021-07-15 14:15:00,6487.95,6489.85,6480.75,6483.3,0
2021-07-15 15:15:00,6483.15,6484.8,6477.0,6482.4,0
2021-07-16 09:15:00,6500.95,6500.95,6470.25,6473.6,0
2021-07-16 10:15:00,6473.5,6491.2,6471.95,6485.55,0
2021-07-16 11:15:00,6485.35,6490.8,6464.9,6473.4,0
2021-07-16 12:15:00,6473.4,6493.45,6471.55,6492.5,0
2021-07-16 13:15:00,6491.95,6496.75,6483.25,6494.0,0
2021-07-16 14:15:00,6493.7,6504.75,6493.7,6496.2,0
2021-07-16 15:15:00,6495.95,6499.0,6487.85,6490.3,0
2021-07-19 09:15:00,6447.95,6462.55,6423.85,6445.25,0
2021-07-19 10:15:00,6445.2,6458.8,6443.45,6457.7,0
2021-07-19 11:15:00,6457.25,6470.0,6457.2,6464.45,0
2021-07-19 12:15:00,6464.65,6465.65,6409.35,6421.45,0
2021-07-19 13:15:00,6421.4,6440.85,6420.0,6424.85,0
2021-07-19 14:15:00,6425.05,6431.2,6391.15,6425.9,0
2021-07-19 15:15:00,6425.65,6439.9,6425.15,6437.25,0
2021-07-20 09:15:00,6447.9,6447.9,6368.55,6380.8,0
2021-07-20 10:15:00,6381.25,6381.25,6290.65,6291.75,0
2021-07-20 11:15:00,6291.45,6321.65,6278.7,6302.2,0
2021-07-20 12:15:00,6301.45,6348.4,6299.4,6345.2,0
2021-07-20 13:15:00,6345.4,6365.4,6336.75,6364.8,0
2021-07-20 14:15:00,6364.5,6366.35,6329.9,6330.5,0
2021-07-20 15:15:00,6330.25,6332.45,6320.65,6325.7,0
2021-07-22 09:15:00,6382.9,6391.15,6351.8,6377.35,0
2021-07-22 10:15:00,6377.35,6385.45,6368.15,6374.6,0
2021-07-22 11:15:00,6374.9,6378.95,6368.2,6373.75,0
2021-07-22 12:15:00,6373.75,6382.8,6366.2,6376.35,0
2021-07-22 13:15:00,6376.4,6390.2,6371.75,6385.45,0
2021-07-22 14:15:00,6385.65,6394.75,6363.1,6392.15,0
2021-07-22 15:15:00,6391.85,6400.55,6391.15,6397.95,0
2021-07-23 09:15:00,6413.15,6425.65,6361.05,6397.25,0
2021-07-23 10:15:00,6396.75,6405.4,6373.5,6384.5,0
2021-07-23 11:15:00,6384.4,6397.1,6384.1,6388.35,0
2021-07-23 12:15:00,6388.25,6403.7,6386.2,6400.2,0
2021-07-23 13:15:00,6400.6,6425.8,6397.2,6418.05,0
2021-07-23 14:15:00,6418.1,6418.3,6387.85,6389.3,0
2021-07-23 15:15:00,6389.6,6390.2,6380.3,6384.1,0
2021-07-26 09:15:00,6386.05,6411.3,6352.55,6405.7,0
2021-07-26 10:15:00,6405.85,6422.2,6403.9,6413.3,0
2021-07-26 11:15:00,6413.4,6420.8,6393.6,6403.1,0
2021-07-26 12:15:00,6403.15,6404.0,6386.6,6387.45,0
2021-07-26 13:15:00,6387.5,6401.95,6369.2,6374.05,0
2021-07-26 14:15:00,6374.1,6381.85,6315.4,6340.35,0
2021-07-26 15:15:00,6341.6,6346.55,6339.05,6340.85,0
2021-07-27 09:15:00,6358.4,6373.05,6346.9,6363.3,0
2021-07-27 10:15:00,6363.4,6373.15,6357.3,6367.65,0
2021-07-27 11:15:00,6367.65,6371.85,6339.15,6340.25,0
2021-07-27 12:15:00,6341.45,6342.7,6276.0,6280.5,0
2021-07-27 13:15:00,6279.8,6310.85,6279.35,6281.5,0
2021-07-27 14:15:00,6281.3,6283.6,6267.25,6272.85,0
2021-07-27 15:15:00,6271.55,6275.0,6260.05,6267.5,0
2021-07-28 09:15:00,6278.85,6287.65,6221.3,6237.1,0
2021-07-28 10:15:00,6237.0,6241.45,6199.0,6223.1,0
2021-07-28 11:15:00,6222.85,6259.7,6222.85,6259.1,0
2021-07-28 12:15:00,6259.25,6284.55,6258.85,6279.7,0
2021-07-28 13:15:00,6279.85,6310.8,6276.4,6296.65,0
2021-07-28 14:15:00,6296.65,6298.35,6253.25,6265.25,0
2021-07-28 15:15:00,6264.75,6279.4,6264.15,6275.65,0
2021-07-29 09:15:00,6299.6,6312.85,6276.1,6284.9,0
2021-07-29 10:15:00,6284.9,6310.95,6280.7,6308.5,0
2021-07-29 11:15:00,6308.15,6328.65,6307.6,6317.3,0
2021-07-29 12:15:00,6317.3,6324.7,6298.25,6309.05,0
2021-07-29 13:15:00,6309.35,6314.65,6293.6,6294.6,0
2021-07-29 14:15:00,6295.35,6295.85,6275.1,6288.05,0
2021-07-29 15:15:00,6287.35,6295.9,6284.05,6291.35,0
2021-07-30 09:15:00,6303.5,6366.75,6289.6,6361.55,0
2021-07-30 10:15:00,6361.5,6404.15,6352.1,6380.8,0
2021-07-30 11:15:00,6380.75,6410.75,6376.95,6405.15,0
2021-07-30 12:15:00,6404.7,6427.85,6395.4,6423.45,0
2021-07-30 13:15:00,6423.9,6433.4,6409.65,6424.45,0
2021-07-30 14:15:00,6424.05,6429.05,6380.1,6381.1,0
2021-07-30 15:15:00,6381.1,6396.55,6380.45,6395.75,0
2021-08-02 09:15:00,6425.2,6441.7,6410.85,6434.25,0
2021-08-02 10:15:00,6434.35,6497.75,6433.35,6493.5,0
2021-08-02 11:15:00,6493.65,6493.65,6462.8,6483.6,0
2021-08-02 12:15:00,6484.35,6492.85,6480.1,6481.85,0
2021-08-02 13:15:00,6481.85,6493.45,6475.25,6486.2,0
2021-08-02 14:15:00,6486.1,6502.65,6474.75,6502.1,0
2021-08-02 15:15:00,6500.95,6503.25,6493.35,6501.4,0
2021-08-03 09:15:00,6490.75,6518.5,6485.05,6503.25,0
2021-08-03 10:15:00,6503.4,6503.65,6468.0,6475.3,0
2021-08-03 11:15:00,6475.2,6481.85,6462.3,6469.85,0
2021-08-03 12:15:00,6469.0,6478.7,6464.6,6474.2,0
2021-08-03 13:15:00,6474.15,6495.9,6472.55,6485.7,0
2021-08-03 14:15:00,6485.45,6513.1,6483.7,6510.4,0
2021-08-03 15:15:00,6510.15,6517.55,6509.0,6515.6,0
2021-08-04 09:15:00,6544.35,6547.8,6508.35,6520.15,0
2021-08-04 10:15:00,6520.25,6534.15,6510.45,6514.05,0
2021-08-04 11:15:00,6514.4,6514.6,6461.8,6470.0,0
2021-08-04 12:15:00,6469.55,6470.2,6418.55,6428.4,0
2021-08-04 13:15:00,6428.2,6441.75,6420.35,6425.6,0
2021-08-04 14:15:00,6425.65,6435.9,6421.2,6427.1,0
2021-08-04 15:15:00,6426.0,6426.5,6413.5,6424.3,0
2021-08-05 09:15:00,6446.75,6450.2,6364.95,6388.45,0
2021-08-05 10:15:00,6389.55,6421.65,6388.55,6414.9,0
2021-08-05 11:15:00,6414.7,6421.95,6402.0,6407.4,0
2021-08-05 12:15:00,6407.45,6411.35,6399.55,6409.65,0
2021-08-05 13:15:00,6410.05,6414.3,6395.65,6409.0,0
2021-08-05 14:15:00,6408.95,6449.25,6400.4,6436.2,0
2021-08-05 15:15:00,6436.25,6444.55,6434.0,6437.4,0
2021-08-06 09:15:00,6448.6,6480.05,6435.6,6460.9,0
2021-08-06 10:15:00,6460.95,6466.4,6434.35,6437.4,0
2021-08-06 11:15:00,6437.3,6442.95,6423.85,6430.75,0
2021-08-06 12:15:00,6430.75,6433.15,6401.6,6403.55,0
2021-08-06 13:15:00,6402.9,6404.0,6387.45,6391.65,0
2021-08-06 14:15:00,6391.6,6403.15,6385.8,6396.5,0
2021-08-06 15:15:00,6396.15,6400.25,6388.3,6396.25,0
2021-08-09 09:15:00,6355.15,6387.95,6319.8,6353.45,0
2021-08-09 10:15:00,6353.3,6383.55,6345.25,6373.15,0
2021-08-09 11:15:00,6373.2,6379.95,6350.75,6358.8,0
2021-08-09 12:15:00,6359.0,6361.3,6334.1,6341.05,0
2021-08-09 13:15:00,6340.2,6342.95,6294.9,6326.55,0
2021-08-09 14:15:00,6326.75,6332.05,6308.95,6317.4,0
2021-08-09 15:15:00,6316.55,6317.3,6306.25,6313.0,0
2021-08-10 09:15:00,6340.9,6342.05,6293.5,6301.3,0
2021-08-10 10:15:00,6301.3,6303.45,6288.75,6289.35,0
2021-08-10 11:15:00,6288.7,6291.1,6280.3,6284.65,0
2021-08-10 12:15:00,6284.85,6286.3,6256.1,6257.4,0
2021-08-10 13:15:00,6256.95,6260.9,6155.35,6155.5,0
2021-08-10 14:15:00,6154.45,6212.95,6153.95,6196.3,0
2021-08-10 15:15:00,6195.85,6196.45,6176.4,6187.55,0
2021-08-11 09:15:00,6200.5,6213.3,6076.6,6085.4,0
2021-08-11 10:15:00,6084.7,6111.2,6076.6,6104.7,0
2021-08-11 11:15:00,6104.55,6132.95,6093.3,6130.8,0
2021-08-11 12:15:00,6131.05,6182.4,6130.6,6176.55,0
2021-08-11 13:15:00,6176.55,6208.8,6176.4,6202.9,0
2021-08-11 14:15:00,6202.85,6230.85,6201.25,6220.65,0
2021-08-11 15:15:00,6220.6,6230.5,6219.35,6219.35,0
2021-08-12 09:15:00,6237.6,6260.4,6210.25,6248.25,0
2021-08-12 10:15:00,6248.45,6269.3,6245.05,6255.2,0
2021-08-12 11:15:00,6254.75,6265.8,6243.2,6244.05,0
2021-08-12 12:15:00,6244.25,6280.05,6242.3,6269.45,0
2021-08-12 13:15:00,6269.2,6278.2,6257.95,6258.05,0
2021-08-12 14:15:00,6258.0,6274.55,6245.5,6268.7,0
2021-08-12 15:15:00,6269.65,6282.8,6268.9,6276.85,0
2021-08-13 09:15:00,6283.05,6284.5,6226.8,6242.65,0
2021-08-13 10:15:00,6243.1,6264.05,6242.9,6259.6,0
2021-08-13 11:15:00,6259.6,6270.55,6244.4,6245.05,0
2021-08-13 12:15:00,6245.15,6252.3,6210.55,6221.65,0
2021-08-13 13:15:00,6221.3,6233.2,6216.15,6232.55,0
2021-08-13 14:15:00,6232.35,6237.75,6216.45,6216.45,0
2021-08-13 15:15:00,6216.55,6221.0,6202.7,6205.3,0
2021-08-16 09:15:00,6207.6,6220.35,6159.2,6194.35,0
2021-08-16 10:15:00,6194.5,6198.9,6175.55,6191.6,0
2021-08-16 11:15:00,6191.65,6194.6,6182.6,6189.15,0
2021-08-16 12:15:00,6189.75,6195.8,6180.15,6183.2,0
2021-08-16 13:15:00,6183.4,6185.65,6161.9,6165.35,0
2021-08-16 14:15:00,6165.9,6175.7,6160.95,6172.25,0
2021-08-16 15:15:00,6172.5,6174.25,6163.15,6167.25,0
2021-08-17 09:15:00,6176.2,6181.2,6142.55,6162.05,0
2021-08-17 10:15:00,6162.4,6176.2,6156.2,6173.35,0
2021-08-17 11:15:00,6173.05,6176.4,6122.55,6131.5,0
2021-08-17 12:15:00,6131.45,6144.3,6095.75,6109.05,0
2021-08-17 13:15:00,6109.35,6141.05,6109.0,6136.05,0
2021-08-17 14:15:00,6135.95,6177.9,6125.05,6174.75,0
2021-08-17 15:15:00,6175.35,6181.15,6166.25,6171.7,0
2021-08-18 09:15:00,6193.25,6204.25,6163.45,6185.7,0
2021-08-18 10:15:00,6185.65,6197.25,6180.8,6181.65,0
2021-08-18 11:15:00,6181.35,6184.5,6169.2,6171.0,0
2021-08-18 12:15:00,6170.4,6183.3,6135.15,6146.85,0
2021-08-18 13:15:00,6146.55,6160.85,6141.75,6155.0,0
2021-08-18 14:15:00,6154.7,6165.6,6137.2,6145.3,0
2021-08-18 15:15:00,6144.8,6146.7,6127.7,6130.15,0
2021-08-20 09:15:00,6089.4,6100.65,6027.7,6057.65,0
2021-08-20 10:15:00,6058.25,6060.05,6002.25,6014.7,0
2021-08-20 11:15:00,6014.35,6051.3,6014.35,6025.2,0
2021-08-20 12:15:00,6024.85,6026.15,5988.05,5991.9,0
2021-08-20 13:15:00,5992.35,6006.7,5985.65,5993.4,0
2021-08-20 14:15:00,5993.2,6004.0,5973.15,5973.4,0
2021-08-20 15:15:00,5973.35,5973.35,5955.9,5961.75,0
2021-08-23 09:15:00,6039.0,6042.5,5965.25,5970.2,0
2021-08-23 10:15:00,5969.95,5971.45,5868.1,5908.0,0
2021-08-23 11:15:00,5908.75,5949.9,5897.85,5945.95,0
2021-08-23 12:15:00,5945.45,5963.15,5937.0,5958.85,0
2021-08-23 13:15:00,5959.3,5973.3,5955.9,5964.8,0
2021-08-23 14:15:00,5964.65,5967.15,5932.1,5935.95,0
2021-08-23 15:15:00,5934.7,5935.8,5913.55,5918.1,0
2021-08-24 09:15:00,5941.6,5977.35,5922.45,5947.45,0
2021-08-24 10:15:00,5947.25,5980.75,5947.0,5971.35,0
2021-08-24 11:15:00,5972.0,6010.8,5968.9,6004.6,0
2021-08-24 12:15:00,6004.5,6010.7,5982.7,6005.85,0
2021-08-24 13:15:00,6005.6,6027.9,6005.6,6022.45,0
2021-08-24 14:15:00,6022.45,6043.1,6020.7,6039.65,0
2021-08-24 15:15:00,6039.85,6046.05,6032.15,6038.95,0
2021-08-25 09:15:00,6050.85,6080.7,6049.3,6056.65,0
2021-08-25 10:15:00,6056.75,6062.45,6047.5,6058.05,0
2021-08-25 11:15:00,6058.05,6065.85,6041.5,6045.15,0
2021-08-25 12:15:00,6045.25,6050.5,6034.15,6034.25,0
2021-08-25 13:15:00,6034.25,6044.55,6025.2,6025.2,0
2021-08-25 14:15:00,6025.25,6033.35,6012.95,6024.6,0
2021-08-25 15:15:00,6023.85,6031.1,6023.6,6029.1,0
2021-08-26 09:15:00,6039.5,6069.35,6032.65,6043.9,0
2021-08-26 10:15:00,6043.6,6043.6,6008.3,6014.2,0
2021-08-26 11:15:00,6014.2,6025.15,6013.1,6020.6,0
2021-08-26 12:15:00,6020.6,6028.45,6002.35,6010.65,0
2021-08-26 13:15:00,6010.5,6021.15,6008.8,6017.6,0
2021-08-26 14:15:00,6017.9,6021.95,5995.5,6016.55,0
2021-08-26 15:15:00,6015.95,6038.05,6014.65,6030.95,0
2021-08-27 09:15:00,6033.2,6061.35,6019.4,6060.95,0
2021-08-27 10:15:00,6061.2,6073.45,6047.4,6057.05,0
2021-08-27 11:15:00,6056.95,6064.95,6049.65,6050.15,0
2021-08-27 12:15:00,6049.95,6081.4,6045.95,6080.45,0
2021-08-27 13:15:00,6080.35,6089.5,6060.05,6085.4,0
2021-08-27 14:15:00,6085.35,6108.6,6085.25,6098.85,0
2021-08-27 15:15:00,6098.7,6104.4,6092.35,6095.4,0
2021-08-30 09:15:00,6131.3,6196.15,6127.65,6194.8,0
2021-08-30 10:15:00,6195.2,6209.55,6191.35,6199.0,0
2021-08-30 11:15:00,6198.7,6222.7,6198.65,6219.25,0
2021-08-30 12:15:00,6218.8,6229.4,6216.7,6227.45,0
2021-08-30 13:15:00,6227.5,6235.25,6221.6,6228.0,0
2021-08-30 14:15:00,6228.3,6238.8,6219.25,6238.75,0
2021-08-30 15:15:00,6239.0,6244.6,6230.25,6233.5,0
2021-08-31 09:15:00,6252.7,6265.25,6224.45,6243.2,0
2021-08-31 10:15:00,6243.1,6272.85,6241.4,6270.05,0
2021-08-31 11:15:00,6269.7,6279.85,6262.75,6268.85,0
2021-08-31 12:15:00,6268.1,6273.35,6261.45,6262.8,0
2021-08-31 13:15:00,6262.8,6262.9,6230.75,6241.95,0
2021-08-31 14:15:00,6241.8,6311.9,6241.8,6309.3,0
2021-08-31 15:15:00,6309.0,6313.15,6296.7,6302.0,0
2021-09-01 09:15:00,6335.3,6349.75,6317.35,6343.6,0
2021-09-01 10:15:00,6343.4,6350.25,6305.55,6312.65,0
2021-09-01 11:15:00,6312.25,6347.15,6311.5,6345.4,0
2021-09-01 12:15:00,6345.65,6357.1,6333.1,6354.85,0
2021-09-01 13:15:00,6354.75,6387.2,6348.8,6379.2,0
2021-09-01 14:15:00,6379.25,6387.45,6361.4,6372.7,0
2021-09-01 15:15:00,6373.1,6377.1,6368.8,6371.55,0
2021-09-02 09:15:00,6386.5,6429.75,6382.6,6410.35,0
2021-09-02 10:15:00,6410.2,6427.1,6398.6,6427.1,0
2021-09-02 11:15:00,6426.75,6446.95,6424.7,6435.2,0
2021-09-02 12:15:00,6435.1,6442.0,6412.8,6427.1,0
2021-09-02 13:15:00,6426.8,6431.4,6417.4,6423.3,0
2021-09-02 14:15:00,6423.25,6449.2,6416.1,6440.65,0
2021-09-02 15:15:00,6441.0,6450.2,6431.45,6438.1,0
2021-09-03 09:15:00,6465.6,6530.3,6463.0,6504.25,0
2021-09-03 10:15:00,6503.5,6521.15,6474.95,6482.75,0
2021-09-03 11:15:00,6482.25,6492.35,6472.55,6478.15,0
2021-09-03 12:15:00,6478.35,6487.55,6474.0,6487.4,0
2021-09-03 13:15:00,6487.05,6491.3,6451.35,6474.85,0
2021-09-03 14:15:00,6474.85,6503.05,6472.65,6497.25,0
2021-09-03 15:15:00,6497.1,6500.4,6492.05,6495.45,0
2021-09-06 09:15:00,6529.45,6574.25,6519.2,6531.85,0
2021-09-06 10:15:00,6533.0,6542.3,6516.3,6516.3,0
2021-09-06 11:15:00,6517.25,6545.45,6516.9,6536.1,0
2021-09-06 12:15:00,6535.7,6538.4,6526.15,6527.55,0
2021-09-06 13:15:00,6528.05,6529.3,6509.9,6518.75,0
2021-09-06 14:15:00,6519.4,6522.15,6500.3,6509.0,0
2021-09-06 15:15:00,6508.2,6510.45,6501.7,6508.4,0
2021-09-07 09:15:00,6523.3,6532.2,6462.75,6479.25,0
2021-09-07 10:15:00,6478.9,6528.7,6459.0,6526.5,0
2021-09-07 11:15:00,6526.55,6536.3,6510.3,6534.35,0
2021-09-07 12:15:00,6534.1,6561.9,6531.8,6555.6,0
2021-09-07 13:15:00,6555.85,6561.35,6529.95,6553.0,0
2021-09-07 14:15:00,6553.25,6561.25,6528.05,6533.35,0
2021-09-07 15:15:00,6532.9,6534.7,6523.55,6529.95,0
2021-09-08 09:15:00,6561.65,6577.9,6525.3,6568.25,0
2021-09-08 10:15:00,6568.65,6594.55,6567.0,6584.45,0
2021-09-08 11:15:00,6584.35,6586.45,6558.4,6561.15,0
2021-09-08 12:15:00,6561.3,6563.05,6509.65,6515.7,0
2021-09-08 13:15:00,6516.1,6545.7,6514.45,6544.95,0
2021-09-08 14:15:00,6545.2,6577.55,6534.0,6573.7,0
2021-09-08 15:15:00,6574.8,6584.0,6570.4,6575.0,0
2021-09-09 09:15:00,6570.55,6587.35,6551.75,6581.65,0
2021-09-09 10:15:00,6582.1,6594.2,6569.3,6576.7,0
2021-09-09 11:15:00,6576.55,6583.25,6561.0,6561.6,0
2021-09-09 12:15:00,6561.9,6568.5,6539.35,6564.9,0
2021-09-09 13:15:00,6565.1,6585.7,6562.9,6585.0,0
2021-09-09 14:15:00,6584.5,6598.95,6574.9,6588.75,0
2021-09-09 15:15:00,6588.8,6595.2,6579.1,6580.25,0
2021-09-13 09:15:00,6591.15,6606.95,6549.45,6566.3,0
2021-09-13 10:15:00,6566.1,6587.05,6561.7,6583.1,0
2021-09-13 11:15:00,6583.25,6598.45,6576.0,6594.3,0
2021-09-13 12:15:00,6594.15,6608.6,6593.5,6605.75,0
2021-09-13 13:15:00,6606.05,6621.35,6602.35,6617.35,0
2021-09-13 14:15:00,6617.8,6632.3,6608.3,6627.7,0
2021-09-13 15:15:00,6627.0,6633.55,6624.7,6628.6,0
2021-09-14 09:15:00,6694.6,6772.2,6686.95,6762.15,0
2021-09-14 10:15:00,6761.85,6779.05,6754.4,6777.45,0
2021-09-14 11:15:00,6777.55,6803.95,6774.7,6787.8,0
2021-09-14 12:15:00,6787.35,6811.85,6761.45,6781.5,0
2021-09-14 13:15:00,6781.25,6805.25,6778.9,6802.15,0
2021-09-14 14:15:00,6802.15,6837.05,6790.6,6836.7,0
2021-09-14 15:15:00,6836.4,6860.1,6829.0,6831.6,0
2021-09-15 09:15:00,6851.7,6958.8,6851.0,6894.6,0
2021-09-15 10:15:00,6893.35,6941.9,6891.15,6938.95,0
2021-09-15 11:15:00,6939.25,6951.1,6900.05,6921.15,0
2021-09-15 12:15:00,6921.15,6930.5,6911.05,6917.15,0
2021-09-15 13:15:00,6917.55,6923.55,6891.8,6918.7,0
2021-09-15 14:15:00,6918.5,6941.3,6912.35,6923.4,0
2021-09-15 15:15:00,6923.7,6932.5,6917.2,6919.85,0
2021-09-16 09:15:00,6942.05,6960.65,6889.55,6927.75,0
2021-09-16 10:15:00,6927.9,6930.55,6913.5,6914.7,0
2021-09-16 11:15:00,6914.7,6928.5,6910.35,6924.95,0
2021-09-16 12:15:00,6924.8,6944.0,6922.5,6933.7,0
2021-09-16 13:15:00,6933.15,6944.0,6922.8,6940.15,0
2021-09-16 14:15:00,6940.55,6966.95,6940.4,6962.7,0
2021-09-16 15:15:00,6962.7,6963.25,6950.65,6953.4,0
2021-09-17 09:15:00,6989.75,6998.95,6930.65,6941.2,0
2021-09-17 10:15:00,6941.9,6993.6,6940.8,6970.3,0
2021-09-17 11:15:00,6970.4,6971.25,6839.85,6857.75,0
2021-09-17 12:15:00,6857.65,6913.55,6836.35,6912.0,0
2021-09-17 13:15:00,6912.45,6922.75,6890.6,6921.0,0
2021-09-17 14:15:00,6921.0,6922.95,6868.8,6903.55,0
2021-09-17 15:15:00,6903.25,6914.45,6898.4,6913.8,0
2021-09-20 09:15:00,6859.25,6872.3,6794.25,6869.05,0
2021-09-20 10:15:00,6868.65,6900.65,6862.55,6898.25,0
2021-09-20 11:15:00,6898.35,6907.6,6846.25,6848.7,0
2021-09-20 12:15:00,6847.65,6864.3,6842.4,6857.55,0
2021-09-20 13:15:00,6857.0,6858.75,6810.45,6814.65,0
2021-09-20 14:15:00,6814.55,6821.9,6743.15,6751.8,0
2021-09-20 15:15:00,6752.75,6754.3,6719.05,6724.75,0
2021-09-21 09:15:00,6752.1,6790.85,6680.65,6682.45,0
2021-09-21 10:15:00,6682.25,6713.85,6665.05,6665.05,0
2021-09-21 11:15:00,6665.55,6697.1,6656.05,6682.1,0
2021-09-21 12:15:00,6682.15,6734.6,6681.0,6733.4,0
2021-09-21 13:15:00,6734.1,6748.8,6710.65,6735.85,0
2021-09-21 14:15:00,6735.75,6762.6,6729.9,6756.85,0
2021-09-21 15:15:00,6756.9,6783.15,6755.9,6780.6,0
2021-09-22 09:15:00,6833.95,6972.95,6830.2,6968.3,0
2021-09-22 10:15:00,6969.15,6974.3,6922.9,6930.7,0
2021-09-22 11:15:00,6929.85,6965.35,6907.35,6963.9,0
2021-09-22 12:15:00,6963.9,6993.4,6963.7,6974.95,0
2021-09-22 13:15:00,6975.4,7033.15,6969.0,7025.95,0
2021-09-22 14:15:00,7026.65,7074.05,7019.45,7023.0,0
2021-09-22 15:15:00,7022.1,7037.1,7019.45,7026.35,0
2021-09-23 09:15:00,7089.9,7147.55,7089.9,7097.9,0
2021-09-23 10:15:00,7098.0,7117.3,7085.5,7099.1,0
2021-09-23 11:15:00,7100.05,7115.15,7092.9,7109.7,0
2021-09-23 12:15:00,7110.25,7110.35,7045.45,7061.75,0
2021-09-23 13:15:00,7061.7,7088.4,7047.3,7084.25,0
2021-09-23 14:15:00,7084.5,7095.0,7069.7,7077.85,0
2021-09-23 15:15:00,7078.45,7083.35,7072.85,7077.65,0
2021-09-24 09:15:00,7117.7,7131.0,7048.05,7073.15,0
2021-09-24 10:15:00,7073.0,7098.95,7071.75,7088.15,0
2021-09-24 11:15:00,7088.75,7098.0,7064.9,7071.55,0
2021-09-24 12:15:00,7071.1,7085.5,7036.5,7036.5,0
2021-09-24 13:15:00,7037.6,7039.35,6991.0,7006.7,0
2021-09-24 14:15:00,7006.85,7029.95,7006.55,7017.6,0
2021-09-24 15:15:00,7017.45,7023.8,7010.85,7022.0,0
2021-09-27 09:15:00,7035.9,7064.35,6982.85,6993.15,0
2021-09-27 10:15:00,6993.55,6998.2,6959.5,6990.75,0
2021-09-27 11:15:00,6990.8,7018.6,6978.05,7017.8,0
2021-09-27 12:15:00,7017.95,7045.15,7014.3,7041.1,0
2021-09-27 13:15:00,7041.45,7056.95,7040.1,7054.9,0
2021-09-27 14:15:00,7054.2,7059.8,7030.2,7043.75,0
2021-09-27 15:15:00,7042.95,7044.25,7019.95,7026.7,0
2021-09-28 09:15:00,7069.65,7069.65,7010.75,7045.3,0
2021-09-28 10:15:00,7045.5,7056.85,7006.8,7006.95,0
2021-09-28 11:15:00,7006.65,7021.25,6978.0,6979.95,0
2021-09-28 12:15:00,6980.2,6980.9,6938.9,6940.0,0
2021-09-28 13:15:00,6939.85,6972.15,6937.45,6940.45,0
2021-09-28 14:15:00,6940.35,6980.1,6915.5,6975.5,0
2021-09-28 15:15:00,6976.3,6976.55,6955.15,6969.8,0
2021-09-29 09:15:00,6951.5,6962.4,6902.1,6961.2,0
2021-09-29 10:15:00,6960.9,6978.85,6953.95,6966.25,0
2021-09-29 11:15:00,6966.45,6978.05,6949.8,6953.65,0
2021-09-29 12:15:00,6953.95,6985.5,6953.85,6982.2,0
2021-09-29 13:15:00,6983.0,6990.95,6966.9,6983.8,0
2021-09-29 14:15:00,6983.75,6989.0,6957.7,6964.3,0
2021-09-29 15:15:00,6963.45,6970.55,6960.7,6965.45,0
2021-09-30 09:15:00,6969.45,6998.15,6955.6,6982.75,0
2021-09-30 10:15:00,6983.0,7000.8,6970.95,6990.45,0
2021-09-30 11:15:00,6990.65,7020.05,6989.1,7018.95,0
2021-09-30 12:15:00,7018.4,7025.55,6991.3,7010.8,0
2021-09-30 13:15:00,7010.75,7017.7,6994.85,6997.75,0
2021-09-30 14:15:00,6998.9,7010.6,6974.5,6994.25,0
2021-09-30 15:15:00,6994.4,6995.55,6976.4,6994.15,0
2021-10-01 09:15:00,6972.6,6972.6,6904.95,6940.05,0
2021-10-01 10:15:00,6940.3,6976.7,6939.05,6966.0,0
2021-10-01 11:15:00,6966.3,6970.2,6929.15,6937.05,0
2021-10-01 12:15:00,6937.5,6949.7,6913.7,6927.8,0
2021-10-01 13:15:00,6928.1,6966.05,6912.55,6964.85,0
2021-10-01 14:15:00,6965.4,6990.5,6944.9,6976.25,0
2021-10-01 15:15:00,6976.65,6978.25,6965.25,6968.95,0
2021-10-04 09:15:00,7013.05,7059.3,7000.35,7053.8,0
2021-10-04 10:15:00,7053.35,7092.75,7053.35,7082.15,0
2021-10-04 11:15:00,7082.15,7101.8,7074.5,7095.35,0
2021-10-04 12:15:00,7095.2,7095.2,7071.15,7087.15,0
2021-10-04 13:15:00,7086.85,7095.35,7078.75,7090.6,0
2021-10-04 14:15:00,7090.6,7121.75,7080.65,7110.35,0
2021-10-04 15:15:00,7110.25,7118.95,7107.4,7115.4,0
2021-10-05 09:15:00,7105.5,7138.0,7080.75,7126.35,0
2021-10-05 10:15:00,7126.35,7145.9,7121.65,7135.9,0
2021-10-05 11:15:00,7135.75,7178.25,7134.15,7171.35,0
2021-10-05 12:15:00,7172.3,7193.95,7163.4,7190.55,0
2021-10-05 13:15:00,7190.8,7192.35,7163.35,7175.25,0
2021-10-05 14:15:00,7175.7,7188.95,7170.1,7180.35,0
2021-10-05 15:15:00,7179.65,7185.95,7174.6,7177.15,0
2021-10-06 09:15:00,7228.1,7234.1,7171.4,7177.7,0
2021-10-06 10:15:00,7177.45,7178.0,7139.8,7151.5,0
2021-10-06 11:15:00,7151.15,7167.15,7135.85,7155.85,0
2021-10-06 12:15:00,7156.25,7157.55,7097.85,7098.8,0
2021-10-06 13:15:00,7098.1,7132.2,7066.7,7126.6,0
2021-10-06 14:15:00,7126.15,7129.75,7061.0,7069.95,0
2021-10-06 15:15:00,7069.55,7070.8,7046.15,7052.05,0
2021-10-07 09:15:00,7133.95,7196.5,7128.1,7190.45,0
2021-10-07 10:15:00,7191.6,7204.65,7185.9,7199.3,0
2021-10-07 11:15:00,7198.8,7220.15,7186.55,7215.45,0
2021-10-07 12:15:00,7215.6,7239.75,7212.7,7236.0,0
2021-10-07 13:15:00,7235.25,7250.4,7221.65,7241.35,0
2021-10-07 14:15:00,7241.45,7256.8,7223.3,7225.6,0
2021-10-07 15:15:00,7225.6,7234.05,7223.7,7228.7,0
2021-10-08 09:15:00,7271.55,7274.0,7234.55,7258.85,0
2021-10-08 10:15:00,7258.0,7269.9,7227.5,7240.8,0
2021-10-08 11:15:00,7240.45,7271.55,7238.7,7251.15,0
2021-10-08 12:15:00,7251.65,7265.85,7233.8,7253.2,0
2021-10-08 13:15:00,7253.05,7274.4,7238.5,7263.5,0
2021-10-08 14:15:00,7264.05,7267.6,7242.6,7245.3,0
2021-10-08 15:15:00,7245.1,7256.5,7241.2,7252.3,0
2021-10-11 09:15:00,7285.85,7338.35,7264.0,7331.0,0
2021-10-11 10:15:00,7331.05,7377.4,7325.45,7369.3,0
2021-10-11 11:15:00,7369.9,7395.0,7364.0,7392.15,0
2021-10-11 12:15:00,7391.7,7404.85,7385.3,7387.35,0
2021-10-11 13:15:00,7386.9,7395.4,7359.7,7370.3,0
2021-10-11 14:15:00,7370.55,7400.1,7366.2,7399.6,0
2021-10-11 15:15:00,7399.2,7424.5,7396.9,7419.5,0
2021-10-12 09:15:00,7435.55,7457.0,7377.0,7447.25,0
2021-10-12 10:15:00,7447.6,7457.8,7403.0,7418.45,0
2021-10-12 11:15:00,7418.75,7428.15,7382.05,7400.1,0
2021-10-12 12:15:00,7399.9,7426.35,7395.25,7414.05,0
2021-10-12 13:15:00,7413.5,7454.2,7405.05,7441.4,0
2021-10-12 14:15:00,7441.05,7472.75,7438.55,7472.05,0
2021-10-12 15:15:00,7472.4,7483.05,7472.25,7479.15,0
2021-10-13 09:15:00,7536.1,7625.55,7521.4,7615.75,0
2021-10-13 10:15:00,7617.05,7664.35,7605.05,7659.4,0
2021-10-13 11:15:00,7659.55,7659.8,7616.25,7639.15,0
2021-10-13 12:15:00,7638.7,7657.95,7629.85,7653.25,0
2021-10-13 13:15:00,7652.75,7694.25,7621.65,7627.05,0
2021-10-13 14:15:00,7626.9,7655.6,7618.3,7637.75,0
2021-10-13 15:15:00,7638.85,7653.65,7633.9,7650.7,0
2021-10-14 09:15:00,7732.1,7738.5,7633.1,7676.0,0
2021-10-14 10:15:00,7676.65,7682.05,7640.7,7651.4,0
2021-10-14 11:15:00,7650.6,7674.0,7642.4,7672.55,0
2021-10-14 12:15:00,7672.85,7685.5,7644.75,7655.55,0
2021-10-14 13:15:00,7655.6,7657.45,7619.2,7643.15,0
2021-10-14 14:15:00,7643.0,7669.0,7634.2,7661.85,0
2021-10-14 15:15:00,7661.6,7662.0,7641.2,7645.5,0
2021-10-18 09:15:00,7726.65,7832.35,7672.15,7811.9,0
2021-10-18 10:15:00,7812.9,7869.05,7811.3,7868.0,0
2021-10-18 11:15:00,7868.2,7887.35,7846.45,7854.65,0
2021-10-18 12:15:00,7856.35,7856.7,7806.65,7809.1,0
2021-10-18 13:15:00,7808.45,7823.05,7775.3,7817.45,0
2021-10-18 14:15:00,7817.95,7826.4,7788.25,7799.55,0
2021-10-18 15:15:00,7798.95,7813.05,7795.25,7809.8,0
2021-10-19 09:15:00,7875.6,7885.25,7590.5,7684.55,0
2021-10-19 10:15:00,7685.3,7748.8,7652.65,7712.15,0
2021-10-19 11:15:00,7712.1,7744.2,7703.1,7724.55,0
2021-10-19 12:15:00,7724.85,7758.35,7717.25,7749.05,0
2021-10-19 13:15:00,7748.65,7766.3,7686.15,7687.15,0
2021-10-19 14:15:00,7687.05,7747.75,7597.55,7599.15,0
2021-10-19 15:15:00,7597.6,7600.55,7551.0,7562.4,0
2021-10-20 09:15:00,7578.1,7619.1,7431.0,7593.4,0
2021-10-20 10:15:00,7593.7,7602.85,7536.05,7566.4,0
2021-10-20 11:15:00,7565.95,7566.95,7495.8,7495.8,0
2021-10-20 12:15:00,7496.15,7519.8,7477.5,7508.25,0
2021-10-20 13:15:00,7507.9,7516.8,7440.25,7442.0,0
2021-10-20 14:15:00,7443.0,7495.95,7411.4,7486.35,0
2021-10-20 15:15:00,7486.95,7508.9,7477.55,7506.15,0
2021-10-21 09:15:00,7543.1,7551.3,7451.7,7537.55,0
2021-10-21 10:15:00,7537.8,7543.05,7452.25,7467.25,0
2021-10-21 11:15:00,7467.25,7513.9,7453.25,7513.5,0
2021-10-21 12:15:00,7513.4,7523.6,7489.3,7512.85,0
2021-10-21 13:15:00,7512.85,7514.25,7467.3,7471.0,0
2021-10-21 14:15:00,7470.95,7548.55,7434.55,7531.25,0
2021-10-21 15:15:00,7531.45,7551.05,7526.3,7549.5,0
2021-10-22 09:15:00,7569.05,7623.35,7554.6,7611.5,0
2021-10-22 10:15:00,7610.65,7618.15,7565.6,7566.15,0
2021-10-22 11:15:00,7565.85,7572.25,7484.6,7484.75,0
2021-10-22 12:15:00,7485.05,7508.65,7438.9,7446.45,0
2021-10-22 13:15:00,7446.55,7533.75,7421.05,7531.3,0
2021-10-22 14:15:00,7531.0,7554.7,7481.9,7510.65,0
2021-10-22 15:15:00,7509.65,7518.1,7500.35,7514.25,0
2021-10-25 09:15:00,7555.7,7561.1,7291.35,7381.4,0
2021-10-25 10:15:00,7380.65,7458.55,7364.9,7448.3,0
2021-10-25 11:15:00,7448.8,7461.5,7396.5,7404.55,0
2021-10-25 12:15:00,7404.8,7443.45,7392.85,7420.55,0
2021-10-25 13:15:00,7420.7,7452.85,7380.85,7380.85,0
2021-10-25 14:15:00,7379.2,7400.05,7354.25,7368.1,0
2021-10-25 15:15:00,7367.9,7377.85,7356.7,7366.75,0
2021-10-26 09:15:00,7375.2,7533.25,7375.2,7529.1,0
2021-10-26 10:15:00,7528.5,7547.55,7457.45,7496.7,0
2021-10-26 11:15:00,7496.6,7507.65,7466.3,7493.85,0
2021-10-26 12:15:00,7493.65,7495.7,7458.0,7475.25,0
2021-10-26 13:15:00,7475.6,7520.05,7471.5,7518.85,0
2021-10-26 14:15:00,7518.95,7563.0,7510.4,7555.95,0
2021-10-26 15:15:00,7556.0,7575.95,7554.8,7563.0,0
2021-10-27 09:15:00,7610.15,7616.1,7548.85,7580.0,0
2021-10-27 10:15:00,7580.3,7598.2,7570.85,7592.85,0
2021-10-27 11:15:00,7592.25,7598.5,7566.9,7567.5,0
2021-10-27 12:15:00,7567.3,7586.35,7560.05,7570.2,0
2021-10-27 13:15:00,7570.1,7592.05,7569.45,7584.45,0
2021-10-27 14:15:00,7585.15,7590.05,7527.75,7548.55,0
2021-10-27 15:15:00,7548.7,7551.1,7526.3,7528.55,0
2021-10-28 09:15:00,7545.0,7545.0,7444.15,7503.05,0
2021-10-28 10:15:00,7503.6,7517.15,7435.9,7447.9,0
2021-10-28 11:15:00,7448.2,7500.6,7447.25,7478.5,0
2021-10-28 12:15:00,7478.65,7500.85,7457.5,7476.05,0
2021-10-28 13:15:00,7475.4,7497.25,7429.4,7444.85,0
2021-10-28 14:15:00,7445.2,7452.65,7385.4,7406.8,0
2021-10-28 15:15:00,7406.75,7419.9,7379.8,7418.7,0
2021-10-29 09:15:00,7375.65,7443.75,7216.4,7443.05,0
2021-10-29 10:15:00,7442.9,7512.3,7423.9,7464.25,0
2021-10-29 11:15:00,7464.5,7518.55,7450.15,7465.35,0
2021-10-29 12:15:00,7465.95,7479.85,7417.7,7454.1,0
2021-10-29 13:15:00,7454.7,7502.7,7422.65,7423.15,0
2021-10-29 14:15:00,7423.5,7479.9,7403.25,7405.4,0
2021-10-29 15:15:00,7404.45,7439.15,7399.8,7439.15,0
2021-11-01 09:15:00,7472.05,7501.05,7392.55,7434.0,0
2021-11-01 10:15:00,7434.0,7447.0,7408.5,7432.05,0
2021-11-01 11:15:00,7431.65,7434.9,7409.2,7425.4,0
2021-11-01 12:15:00,7425.35,7463.3,7424.45,7451.0,0
2021-11-01 13:15:00,7450.6,7502.15,7444.5,7492.2,0
2021-11-01 14:15:00,7491.75,7517.85,7485.55,7516.65,0
2021-11-01 15:15:00,7517.25,7537.85,7517.25,7536.55,0
2021-11-02 09:15:00,7576.1,7630.9,7569.65,7614.4,0
2021-11-02 10:15:00,7614.85,7638.25,7590.05,7609.25,0
2021-11-02 11:15:00,7609.2,7614.7,7583.2,7610.25,0
2021-11-02 12:15:00,7610.0,7627.1,7589.2,7623.25,0
2021-11-02 13:15:00,7623.4,7630.1,7594.5,7617.5,0
2021-11-02 14:15:00,7617.25,7659.4,7608.15,7649.25,0
2021-11-02 15:15:00,7649.15,7656.2,7643.0,7648.1,0
2021-11-03 09:15:00,7672.45,7693.7,7650.8,7671.9,0
2021-11-03 10:15:00,7671.9,7675.7,7638.2,7644.1,0
2021-11-03 11:15:00,7643.5,7645.65,7607.35,7621.9,0
2021-11-03 12:15:00,7622.3,7630.5,7583.25,7586.35,0
2021-11-03 13:15:00,7586.15,7619.15,7583.9,7592.55,0
2021-11-03 14:15:00,7592.7,7606.3,7544.35,7596.45,0
2021-11-03 15:15:00,7596.15,7604.2,7587.85,7600.45,0
2021-11-04 18:15:00,7651.05,7675.7,7648.35,7659.45,0
2021-11-08 09:15:00,7679.15,7732.4,7661.15,7720.95,0
2021-11-08 10:15:00,7720.2,7731.0,7707.75,7720.6,0
2021-11-08 11:15:00,7721.15,7751.8,7713.3,7750.65,0
2021-11-08 12:15:00,7751.2,7780.9,7745.95,7780.05,0
2021-11-08 13:15:00,7779.55,7783.8,7763.9,7771.7,0
2021-11-08 14:15:00,7772.15,7794.4,7763.25,7790.75,0
2021-11-08 15:15:00,7790.3,7805.35,7788.05,7797.4,0
2021-11-09 09:15:00,7838.05,7960.75,7828.9,7927.6,0
2021-11-09 10:15:00,7927.7,7945.35,7919.45,7933.9,0
2021-11-09 11:15:00,7934.25,7953.65,7931.15,7939.65,0
2021-11-09 12:15:00,7939.65,7940.8,7886.5,7894.95,0
2021-11-09 13:15:00,7895.1,7898.8,7850.05,7879.25,0
2021-11-09 14:15:00,7878.4,7901.55,7863.8,7896.2,0
2021-11-09 15:15:00,7896.85,7912.55,7891.25,7897.65,0
2021-11-10 09:15:00,7884.8,7908.0,7846.05,7886.65,0
2021-11-10 10:15:00,7887.0,7889.45,7854.95,7865.65,0
2021-11-10 11:15:00,7865.8,7866.45,7829.3,7840.2,0
2021-11-10 12:15:00,7839.25,7853.8,7832.45,7850.05,0
2021-11-10 13:15:00,7849.8,7878.0,7845.55,7872.95,0
2021-11-10 14:15:00,7873.1,7873.1,7838.2,7849.95,0
2021-11-10 15:15:00,7849.35,7857.2,7844.35,7847.6,0
2021-11-11 09:15:00,7856.0,7869.85,7817.3,7830.65,0
2021-11-11 10:15:00,7831.05,7831.05,7770.7,7773.95,0
2021-11-11 11:15:00,7773.85,7799.85,7769.2,7777.4,0
2021-11-11 12:15:00,7776.95,7788.0,7751.3,7786.9,0
2021-11-11 13:15:00,7787.0,7792.95,7750.55,7756.5,0
2021-11-11 14:15:00,7756.35,7786.35,7729.0,7775.55,0
2021-11-11 15:15:00,7774.9,7803.25,7774.1,7799.95,0
2021-11-12 09:15:00,7865.4,7865.4,7767.7,7787.9,0
2021-11-12 10:15:00,7787.65,7796.1,7742.4,7761.8,0
2021-11-12 11:15:00,7761.6,7772.8,7755.95,7763.05,0
2021-11-12 12:15:00,7763.15,7787.8,7758.5,7787.3,0
2021-11-12 13:15:00,7787.7,7800.25,7774.05,7786.75,0
2021-11-12 14:15:00,7786.95,7799.15,7779.75,7780.45,0
2021-11-12 15:15:00,7781.4,7785.25,7771.85,7776.6,0
2021-11-15 09:15:00,7803.2,7846.3,7790.3,7799.8,0
2021-11-15 10:15:00,7799.95,7822.35,7785.75,7798.6,0
2021-11-15 11:15:00,7798.65,7811.0,7775.6,7781.45,0
2021-11-15 12:15:00,7780.7,7801.85,7771.0,7774.85,0
2021-11-15 13:15:00,7774.9,7828.85,7774.3,7820.5,0
2021-11-15 14:15:00,7821.15,7841.7,7815.7,7837.55,0
2021-11-15 15:15:00,7838.0,7844.9,7832.05,7837.95,0
2021-11-16 09:15:00,7859.95,7883.3,7825.55,7874.05,0
2021-11-16 10:15:00,7873.1,7874.25,7852.6,7860.45,0
2021-11-16 11:15:00,7860.6,7875.55,7856.35,7861.7,0
2021-11-16 12:15:00,7861.95,7890.85,7854.25,7890.1,0
2021-11-16 13:15:00,7889.7,7893.45,7859.7,7867.35,0
2021-11-16 14:15:00,7867.35,7867.6,7814.7,7818.9,0
2021-11-16 15:15:00,7818.25,7823.05,7799.45,7802.45,0
2021-11-17 09:15:00,7809.55,7836.85,7784.4,7831.85,0
2021-11-17 10:15:00,7831.15,7839.9,7812.0,7829.4,0
2021-11-17 11:15:00,7829.5,7833.4,7787.35,7801.4,0
2021-11-17 12:15:00,7800.95,7822.6,7800.95,7819.8,0
2021-11-17 13:15:00,7819.45,7833.5,7807.25,7817.4,0
2021-11-17 14:15:00,7817.15,7824.85,7795.3,7795.65,0
2021-11-17 15:15:00,7796.05,7797.45,7776.35,7780.05,0
2021-11-18 09:15:00,7803.95,7827.65,7701.95,7702.45,0
2021-11-18 10:15:00,7702.4,7702.4,7604.4,7668.25,0
2021-11-18 11:15:00,7668.5,7676.35,7638.6,7640.25,0
2021-11-18 12:15:00,7640.15,7665.55,7620.4,7661.3,0
2021-11-18 13:15:00,7661.55,7700.85,7658.05,7675.3,0
2021-11-18 14:15:00,7675.3,7686.9,7630.7,7635.3,0
2021-11-18 15:15:00,7635.4,7637.3,7619.35,7630.05,0
2021-11-22 09:15:00,7667.45,7667.45,7498.4,7527.2,0
2021-11-22 10:15:00,7526.4,7546.55,7446.1,7458.15,0
2021-11-22 11:15:00,7456.45,7480.9,7383.95,7390.75,0
2021-11-22 12:15:00,7390.75,7442.05,7366.7,7431.6,0
2021-11-22 13:15:00,7431.3,7437.45,7367.75,7374.25,0
2021-11-22 14:15:00,7374.75,7383.4,7307.65,7372.55,0
2021-11-22 15:15:00,7373.0,7390.7,7368.05,7388.35,0
2021-11-23 09:15:00,7332.85,7489.4,7317.4,7438.85,0
2021-11-23 10:15:00,7439.4,7496.9,7437.3,7494.35,0
2021-11-23 11:15:00,7493.5,7514.6,7493.0,7493.3,0
2021-11-23 12:15:00,7493.1,7519.8,7481.6,7519.3,0
2021-11-23 13:15:00,7519.35,7562.35,7514.55,7557.65,0
2021-11-23 14:15:00,7557.5,7574.4,7542.85,7553.25,0
2021-11-23 15:15:00,7552.9,7566.7,7551.25,7561.35,0
2021-11-24 09:15:00,7611.2,7632.1,7586.7,7599.65,0
2021-11-24 10:15:00,7600.25,7645.45,7599.15,7638.9,0
2021-11-24 11:15:00,7639.3,7651.8,7622.2,7650.2,0
2021-11-24 12:15:00,7650.4,7652.05,7628.35,7633.0,0
2021-11-24 13:15:00,7632.5,7639.35,7604.4,7613.05,0
2021-11-24 14:15:00,7613.5,7613.5,7562.9,7568.5,0
2021-11-24 15:15:00,7569.3,7573.15,7526.75,7531.55,0
2021-11-25 09:15:00,7577.05,7580.4,7497.9,7535.6,0
2021-11-25 10:15:00,7535.2,7543.45,7508.05,7535.05,0
2021-11-25 11:15:00,7535.35,7550.15,7528.2,7547.25,0
2021-11-25 12:15:00,7547.4,7552.75,7517.95,7540.2,0
2021-11-25 13:15:00,7540.6,7561.75,7537.6,7550.35,0
2021-11-25 14:15:00,7550.35,7587.7,7548.05,7587.7,0
2021-11-25 15:15:00,7587.65,7604.7,7584.6,7602.25,0
2021-11-26 09:15:00,7503.8,7507.65,7359.15,7398.05,0
2021-11-26 10:15:00,7398.5,7398.5,7269.35,7319.7,0
2021-11-26 11:15:00,7319.95,7386.15,7314.15,7362.95,0
2021-11-26 12:15:00,7362.95,7370.2,7339.25,7362.55,0
2021-11-26 13:15:00,7363.4,7363.95,7268.4,7319.95,0
2021-11-26 14:15:00,7320.0,7341.75,7224.0,7239.85,0
2021-11-26 15:15:00,7238.95,7253.8,7230.45,7231.2,0
2021-11-29 09:15:00,7195.15,7205.2,6984.25,7197.3,0
2021-11-29 10:15:00,7197.15,7205.5,7115.4,7163.7,0
2021-11-29 11:15:00,7163.9,7212.65,7147.3,7206.95,0
2021-11-29 12:15:00,7207.5,7212.95,7159.5,7170.5,0
2021-11-29 13:15:00,7171.0,7198.45,7153.45,7169.85,0
2021-11-29 14:15:00,7169.55,7170.75,7106.05,7114.85,0
2021-11-29 15:15:00,7114.4,7123.95,7110.3,7118.0,0
2021-11-30 09:15:00,7158.0,7317.0,7150.7,7311.55,0
2021-11-30 10:15:00,7312.2,7324.1,7219.1,7227.15,0
2021-11-30 11:15:00,7226.35,7226.35,7151.6,7210.5,0
2021-11-30 12:15:00,7210.9,7234.35,7190.05,7196.1,0
2021-11-30 13:15:00,7196.0,7227.1,7187.8,7211.5,0
2021-11-30 14:15:00,7210.75,7222.0,7108.75,7126.4,0
2021-11-30 15:15:00,7128.5,7128.6,7084.05,7124.4,0
2021-12-01 09:15:00,7181.35,7238.55,7131.7,7135.0,0
2021-12-01 10:15:00,7135.05,7201.95,7119.75,7195.25,0
2021-12-01 11:15:00,7195.05,7208.35,7180.3,7183.1,0
2021-12-01 12:15:00,7183.45,7191.55,7166.55,7185.75,0
2021-12-01 13:15:00,7186.1,7198.4,7162.35,7167.85,0
2021-12-01 14:15:00,7167.5,7238.55,7155.4,7237.4,0
2021-12-01 15:15:00,7237.65,7251.35,7233.9,7245.25,0
2021-12-02 09:15:00,7264.3,7276.3,7204.05,7212.45,0
2021-12-02 10:15:00,7212.3,7225.0,7192.45,7203.1,0
2021-12-02 11:15:00,7203.2,7220.95,7195.9,7207.1,0
2021-12-02 12:15:00,7207.1,7246.25,7200.5,7238.9,0
2021-12-02 13:15:00,7239.25,7249.45,7216.05,7244.3,0
2021-12-02 14:15:00,7244.1,7298.7,7243.3,7293.65,0
2021-12-02 15:15:00,7293.55,7303.55,7290.3,7293.65,0
2021-12-03 09:15:00,7311.1,7354.8,7304.95,7345.65,0
2021-12-03 10:15:00,7345.35,7367.0,7327.5,7364.0,0
2021-12-03 11:15:00,7364.8,7396.15,7359.1,7371.55,0
2021-12-03 12:15:00,7371.45,7377.8,7318.8,7322.1,0
2021-12-03 13:15:00,7322.15,7358.55,7314.15,7321.55,0
2021-12-03 14:15:00,7320.65,7333.3,7290.65,7307.15,0
2021-12-03 15:15:00,7307.9,7324.8,7307.9,7317.85,0
2021-12-06 09:15:00,7319.95,7339.45,7270.5,7323.0,0
2021-12-06 10:15:00,7322.9,7332.1,7295.35,7326.15,0
2021-12-06 11:15:00,7325.1,7328.0,7297.95,7301.05,0
2021-12-06 12:15:00,7301.1,7340.4,7283.7,7326.5,0
2021-12-06 13:15:00,7326.3,7337.75,7291.25,7291.9,0
2021-12-06 14:15:00,7291.9,7296.5,7241.15,7243.6,0
2021-12-06 15:15:00,7242.65,7252.6,7233.1,7252.1,0
2021-12-07 09:15:00,7311.35,7319.9,7269.45,7303.65,0
2021-12-07 10:15:00,7305.2,7312.7,7284.35,7295.7,0
2021-12-07 11:15:00,7295.85,7311.75,7290.45,7311.75,0
2021-12-07 12:15:00,7311.85,7334.25,7295.05,7329.3,0
2021-12-07 13:15:00,7330.3,7357.75,7326.45,7347.85,0
2021-12-07 14:15:00,7347.9,7366.7,7329.75,7341.4,0
2021-12-07 15:15:00,7341.2,7344.15,7334.45,7342.05,0
2021-12-08 09:15:00,7397.45,7429.0,7389.85,7414.1,0
2021-12-08 10:15:00,7413.3,7418.4,7394.95,7406.7,0
2021-12-08 11:15:00,7406.8,7428.05,7406.3,7423.15,0
2021-12-08 12:15:00,7423.55,7435.5,7413.2,7433.55,0
2021-12-08 13:15:00,7433.45,7454.0,7430.45,7448.7,0
2021-12-08 14:15:00,7448.9,7472.35,7438.6,7468.3,0
2021-12-08 15:15:00,7467.85,7475.85,7463.05,7469.95,0
2021-12-09 09:15:00,7482.15,7495.45,7440.9,7467.45,0
2021-12-09 10:15:00,7467.25,7491.9,7457.05,7486.05,0
2021-12-09 11:15:00,7485.75,7508.8,7478.2,7507.15,0
2021-12-09 12:15:00,7507.4,7514.8,7501.05,7508.4,0
2021-12-09 13:15:00,7508.25,7510.25,7478.9,7490.1,0
2021-12-09 14:15:00,7490.5,7497.4,7466.8,7488.35,0
2021-12-09 15:15:00,7489.35,7502.45,7488.25,7501.45,0
2021-12-10 09:15:00,7484.8,7527.4,7470.2,7488.75,0
2021-12-10 10:15:00,7489.9,7529.25,7483.9,7520.45,0
2021-12-10 11:15:00,7520.35,7535.1,7496.2,7497.85,0
2021-12-10 12:15:00,7498.7,7501.8,7477.45,7484.5,0
2021-12-10 13:15:00,7483.2,7515.8,7481.4,7511.3,0
2021-12-10 14:15:00,7511.8,7527.4,7504.6,7522.5,0
2021-12-10 15:15:00,7522.95,7525.2,7505.7,7509.15,0
2021-12-13 09:15:00,7558.35,7588.75,7552.4,7567.25,0
2021-12-13 10:15:00,7567.8,7576.75,7543.95,7570.1,0
2021-12-13 11:15:00,7570.2,7571.0,7549.65,7568.45,0
2021-12-13 12:15:00,7568.1,7570.8,7495.75,7499.8,0
2021-12-13 13:15:00,7499.7,7523.9,7476.95,7493.0,0
2021-12-13 14:15:00,7493.5,7526.05,7485.95,7488.35,0
2021-12-13 15:15:00,7487.95,7489.15,7476.35,7483.95,0
2021-12-14 09:15:00,7464.8,7466.8,7415.2,7426.6,0
2021-12-14 10:15:00,7426.75,7426.75,7379.7,7394.55,0
2021-12-14 11:15:00,7394.7,7427.05,7387.25,7426.45,0
2021-12-14 12:15:00,7426.1,7435.55,7413.3,7427.4,0
2021-12-14 13:15:00,7427.35,7436.45,7410.15,7416.7,0
2021-12-14 14:15:00,7417.25,7468.6,7412.15,7456.35,0
2021-12-14 15:15:00,7456.7,7463.0,7451.55,7457.9,0
2021-12-15 09:15:00,7466.5,7482.05,7437.95,7459.35,0
2021-12-15 10:15:00,7459.4,7462.1,7423.3,7429.5,0
2021-12-15 11:15:00,7429.85,7457.35,7429.0,7447.85,0
2021-12-15 12:15:00,7447.65,7454.2,7412.0,7429.75,0
2021-12-15 13:15:00,7429.25,7446.7,7421.9,7440.3,0
2021-12-15 14:15:00,7440.3,7450.5,7400.95,7406.1,0
2021-12-15 15:15:00,7404.7,7406.15,7380.75,7386.2,0
2021-12-16 09:15:00,7456.05,7456.45,7343.4,7357.6,0
2021-12-16 10:15:00,7357.8,7399.5,7355.65,7393.9,0
2021-12-16 11:15:00,7393.4,7401.0,7344.85,7350.85,0
2021-12-16 12:15:00,7350.75,7369.05,7327.4,7358.75,0
2021-12-16 13:15:00,7357.5,7374.95,7342.6,7346.0,0
2021-12-16 14:15:00,7345.8,7361.2,7324.55,7357.4,0
2021-12-16 15:15:00,7356.25,7374.45,7356.25,7367.65,0
2021-12-17 09:15:00,7360.75,7364.55,7172.2,7197.6,0
2021-12-17 10:15:00,7196.25,7196.6,7142.95,7178.45,0
2021-12-17 11:15:00,7178.2,7205.3,7176.75,7195.05,0
2021-12-17 12:15:00,7194.95,7207.15,7172.25,7195.25,0
2021-12-17 13:15:00,7195.55,7213.05,7183.2,7189.8,0
2021-12-17 14:15:00,7190.3,7192.95,7102.95,7117.0,0
2021-12-17 15:15:00,7116.3,7120.7,7106.05,7111.35,0
2021-12-20 09:15:00,7001.65,7016.45,6845.8,6856.9,0
2021-12-20 10:15:00,6857.75,6881.7,6832.7,6855.2,0
2021-12-20 11:15:00,6855.05,6858.95,6796.2,6803.55,0
2021-12-20 12:15:00,6803.2,6803.2,6688.85,6697.9,0
2021-12-20 13:15:00,6697.25,6787.75,6696.9,6771.85,0
2021-12-20 14:15:00,6771.35,6841.1,6770.1,6828.35,0
2021-12-20 15:15:00,6828.9,6837.75,6815.9,6821.4,0
2021-12-21 09:15:00,6883.65,6940.75,6861.35,6924.75,0
2021-12-21 10:15:00,6924.35,6972.85,6923.95,6969.4,0
2021-12-21 11:15:00,6969.15,7002.1,6958.5,7000.5,0
2021-12-21 12:15:00,7000.55,7001.95,6966.95,6970.6,0
2021-12-21 13:15:00,6971.15,7001.95,6931.45,6937.55,0
2021-12-21 14:15:00,6937.45,6960.05,6883.5,6953.65,0
2021-12-21 15:15:00,6952.6,6954.9,6921.05,6935.4,0
2021-12-22 09:15:00,6967.9,7034.35,6961.6,7024.75,0
2021-12-22 10:15:00,7023.45,7033.1,6995.65,7018.5,0
2021-12-22 11:15:00,7018.65,7052.1,7016.15,7037.95,0
2021-12-22 12:15:00,7038.2,7052.25,7013.7,7014.2,0
2021-12-22 13:15:00,7013.2,7026.0,6990.8,7009.7,0
2021-12-22 14:15:00,7009.6,7059.5,7007.85,7059.4,0
2021-12-22 15:15:00,7059.1,7066.7,7055.0,7066.7,0
2021-12-23 09:15:00,7122.9,7137.55,7099.35,7101.4,0
2021-12-23 10:15:00,7100.9,7133.75,7093.85,7121.95,0
2021-12-23 11:15:00,7121.95,7130.45,7108.2,7122.0,0
2021-12-23 12:15:00,7122.05,7129.3,7113.55,7126.8,0
2021-12-23 13:15:00,7126.7,7136.5,7104.55,7115.0,0
2021-12-23 14:15:00,7114.75,7146.4,7111.1,7138.0,0
2021-12-23 15:15:00,7137.25,7140.3,7113.1,7125.3,0
2021-12-24 09:15:00,7159.85,7161.9,7036.3,7050.5,0
2021-12-24 10:15:00,7051.15,7063.4,7018.35,7039.2,0
2021-12-24 11:15:00,7040.1,7051.4,7020.15,7050.7,0
2021-12-24 12:15:00,7050.95,7051.5,7025.1,7026.25,0
2021-12-24 13:15:00,7026.5,7069.2,7023.6,7067.5,0
2021-12-24 14:15:00,7067.1,7076.85,7036.45,7049.3,0
2021-12-24 15:15:00,7049.15,7054.2,7041.75,7042.8,0
2021-12-27 09:15:00,7020.45,7044.9,6938.8,7026.8,0
2021-12-27 10:15:00,7028.8,7051.4,7017.35,7039.55,0
2021-12-27 11:15:00,7039.25,7054.95,7037.8,7049.2,0
2021-12-27 12:15:00,7049.25,7060.85,7039.75,7042.8,0
2021-12-27 13:15:00,7042.55,7051.95,7034.05,7043.25,0
2021-12-27 14:15:00,7042.85,7052.0,7022.8,7039.8,0
2021-12-27 15:15:00,7040.25,7047.65,7035.5,7045.0,0
2021-12-28 09:15:00,7075.9,7126.0,7075.9,7122.6,0
2021-12-28 10:15:00,7122.55,7123.6,7101.9,7110.5,0
2021-12-28 11:15:00,7110.9,7122.8,7109.15,7121.35,0
2021-12-28 12:15:00,7121.35,7122.65,7105.3,7108.15,0
2021-12-28 13:15:00,7108.15,7116.55,7102.75,7110.9,0
2021-12-28 14:15:00,7111.05,7118.55,7073.4,7112.25,0
2021-12-28 15:15:00,7112.75,7113.7,7103.9,7108.75,0
2021-12-29 09:15:00,7111.2,7150.2,7101.65,7116.55,0
2021-12-29 10:15:00,7116.75,7128.45,7096.25,7104.65,0
2021-12-29 11:15:00,7104.75,7116.65,7097.35,7098.2,0
2021-12-29 12:15:00,7098.35,7108.6,7089.15,7108.05,0
2021-12-29 13:15:00,7107.85,7116.75,7100.8,7110.45,0
2021-12-29 14:15:00,7110.5,7117.85,7100.35,7113.9,0
2021-12-29 15:15:00,7113.15,7120.45,7096.95,7104.95,0
2021-12-30 09:15:00,7108.9,7108.9,7077.8,7097.0,0
2021-12-30 10:15:00,7097.0,7098.95,7073.7,7077.5,0
2021-12-30 11:15:00,7077.5,7084.95,7064.65,7064.95,0
2021-12-30 12:15:00,7065.5,7078.7,7056.4,7075.95,0
2021-12-30 13:15:00,7076.15,7094.5,7074.65,7085.15,0
2021-12-30 14:15:00,7085.25,7103.65,7075.2,7102.35,0
2021-12-30 15:15:00,7102.4,7116.8,7099.0,7111.95,0
2021-12-31 09:15:00,7109.25,7174.2,7108.9,7167.2,0
2021-12-31 10:15:00,7167.45,7190.65,7163.0,7185.75,0
2021-12-31 11:15:00,7186.4,7192.9,7177.55,7180.3,0
2021-12-31 12:15:00,7180.55,7218.45,7180.4,7218.15,0
2021-12-31 13:15:00,7217.9,7218.5,7178.55,7186.9,0
2021-12-31 14:15:00,7186.45,7199.8,7179.8,7190.3,0
2021-12-31 15:15:00,7190.2,7196.0,7181.2,7186.3,0
2022-01-03 09:15:00,7199.4,7252.75,7193.75,7249.05,0
2022-01-03 10:15:00,7249.5,7261.15,7240.95,7260.35,0
2022-01-03 11:15:00,7260.9,7264.35,7245.7,7248.0,0
2022-01-03 12:15:00,7248.25,7284.75,7247.95,7281.8,0
2022-01-03 13:15:00,7281.65,7302.35,7277.45,7298.9,0
2022-01-03 14:15:00,7298.85,7302.45,7281.75,7292.5,0
2022-01-03 15:15:00,7291.55,7303.85,7291.5,7299.3,0
2022-01-04 09:15:00,7321.05,7359.9,7293.8,7358.45,0
2022-01-04 10:15:00,7358.55,7368.45,7341.85,7341.85,0
2022-01-04 11:15:00,7340.9,7353.9,7321.05,7350.85,0
2022-01-04 12:15:00,7349.85,7351.55,7323.75,7326.15,0
2022-01-04 13:15:00,7325.95,7326.85,7282.05,7313.2,0
2022-01-04 14:15:00,7313.15,7352.3,7311.6,7350.45,0
2022-01-04 15:15:00,7350.45,7360.65,7347.7,7350.45,0
2022-01-05 09:15:00,7371.95,7392.45,7337.5,7384.85,0
2022-01-05 10:15:00,7384.8,7410.95,7383.15,7398.05,0
2022-01-05 11:15:00,7398.85,7413.55,7394.85,7401.7,0
2022-01-05 12:15:00,7401.1,7412.25,7399.0,7409.8,0
2022-01-05 13:15:00,7410.2,7412.8,7377.25,7378.65,0
2022-01-05 14:15:00,7378.3,7400.6,7373.75,7400.05,0
2022-01-05 15:15:00,7399.5,7401.05,7389.65,7397.25,0
2022-01-06 09:15:00,7335.05,7398.4,7316.55,7398.4,0
2022-01-06 10:15:00,7398.65,7399.55,7353.5,7368.1,0
2022-01-06 11:15:00,7368.2,7383.4,7366.7,7376.25,0
2022-01-06 12:15:00,7376.25,7397.9,7365.05,7395.4,0
2022-01-06 13:15:00,7395.25,7410.95,7384.8,7399.5,0
2022-01-06 14:15:00,7399.05,7440.25,7397.6,7434.2,0
2022-01-06 15:15:00,7435.0,7452.3,7433.3,7439.55,0
2022-01-07 09:15:00,7468.9,7520.05,7464.35,7501.5,0
2022-01-07 10:15:00,7502.35,7528.7,7483.6,7484.55,0
2022-01-07 11:15:00,7484.65,7504.35,7474.35,7491.7,0
2022-01-07 12:15:00,7492.05,7495.75,7442.3,7494.6,0
2022-01-07 13:15:00,7494.6,7524.9,7484.6,7488.45,0
2022-01-07 14:15:00,7488.65,7525.95,7483.45,7523.45,0
2022-01-07 15:15:00,7523.25,7528.75,7505.85,7506.8,0
2022-01-10 09:15:00,7551.7,7608.05,7545.5,7593.75,0
2022-01-10 10:15:00,7595.05,7599.5,7581.1,7595.25,0
2022-01-10 11:15:00,7595.95,7598.7,7564.8,7578.3,0
2022-01-10 12:15:00,7578.1,7592.45,7576.4,7588.3,0
2022-01-10 13:15:00,7587.75,7596.65,7583.35,7593.0,0
2022-01-10 14:15:00,7593.05,7610.75,7585.5,7605.45,0
2022-01-10 15:15:00,7604.9,7606.65,7597.2,7600.8,0
2022-01-11 09:15:00,7605.1,7644.75,7593.7,7625.55,0
2022-01-11 10:15:00,7625.4,7638.6,7606.85,7630.85,0
2022-01-11 11:15:00,7631.15,7650.5,7626.5,7633.8,0
2022-01-11 12:15:00,7633.4,7653.05,7628.8,7647.4,0
2022-01-11 13:15:00,7647.8,7650.2,7633.45,7646.9,0
2022-01-11 14:15:00,7645.8,7649.85,7605.45,7631.25,0
2022-01-11 15:15:00,7632.2,7634.9,7620.95,7628.4,0
2022-01-12 09:15:00,7656.85,7683.75,7637.45,7671.65,0
2022-01-12 10:15:00,7671.45,7674.5,7660.2,7665.7,0
2022-01-12 11:15:00,7664.75,7683.8,7661.85,7682.05,0
2022-01-12 12:15:00,7682.45,7714.8,7681.55,7710.45,0
2022-01-12 13:15:00,7709.95,7710.7,7681.9,7694.7,0
2022-01-12 14:15:00,7695.0,7750.5,7691.45,7744.4,0
2022-01-12 15:15:00,7743.85,7748.5,7724.55,7729.9,0
2022-01-13 09:15:00,7761.85,7770.1,7699.9,7709.7,0
2022-01-13 10:15:00,7709.2,7759.9,7701.6,7753.95,0
2022-01-13 11:15:00,7754.35,7781.15,7746.5,7773.85,0
2022-01-13 12:15:00,7773.55,7776.95,7746.75,7757.65,0
2022-01-13 13:15:00,7757.35,7789.75,7746.35,7783.55,0
2022-01-13 14:15:00,7782.5,7808.2,7769.3,7799.35,0
2022-01-13 15:15:00,7799.35,7800.7,7783.9,7788.4,0
2022-01-14 09:15:00,7776.45,7832.75,7739.2,7818.05,0
2022-01-14 10:15:00,7818.7,7821.7,7780.0,7787.7,0
2022-01-14 11:15:00,7787.5,7789.75,7757.35,7785.65,0
2022-01-14 12:15:00,7785.75,7799.2,7777.15,7794.2,0
2022-01-14 13:15:00,7793.75,7801.85,7787.0,7798.6,0
2022-01-14 14:15:00,7798.55,7823.4,7794.15,7812.1,0
2022-01-14 15:15:00,7811.95,7814.35,7797.9,7804.3,0
2022-01-17 09:15:00,7826.35,7860.2,7817.95,7846.1,0
2022-01-17 10:15:00,7846.1,7848.55,7812.3,7818.05,0
2022-01-17 11:15:00,7818.0,7826.3,7808.55,7809.05,0
2022-01-17 12:15:00,7809.3,7822.5,7800.55,7822.35,0
2022-01-17 13:15:00,7821.75,7829.1,7809.05,7824.55,0
2022-01-17 14:15:00,7825.0,7839.0,7818.35,7821.5,0
2022-01-17 15:15:00,7821.85,7823.85,7813.4,7818.6,0
2022-01-18 09:15:00,7848.0,7876.6,7792.6,7814.25,0
2022-01-18 10:15:00,7814.4,7814.4,7783.45,7809.95,0
2022-01-18 11:15:00,7809.7,7822.8,7809.65,7810.3,0
2022-01-18 12:15:00,7810.5,7823.05,7801.0,7817.05,0
2022-01-18 13:15:00,7816.9,7819.95,7779.5,7799.45,0
2022-01-18 14:15:00,7799.1,7800.3,7634.9,7640.3,0
2022-01-18 15:15:00,7641.6,7664.9,7623.1,7658.2,0
2022-01-19 09:15:00,7655.4,7662.0,7561.2,7649.8,0
2022-01-19 10:15:00,7649.9,7654.85,7604.35,7621.95,0
2022-01-19 11:15:00,7621.85,7636.5,7591.35,7619.85,0
2022-01-19 12:15:00,7620.4,7635.45,7574.15,7600.1,0
2022-01-19 13:15:00,7600.5,7634.05,7588.3,7630.4,0
2022-01-19 14:15:00,7629.9,7667.15,7617.4,7665.95,0
2022-01-19 15:15:00,7665.25,7677.85,7661.35,7673.4,0
2022-01-20 09:15:00,7673.7,7689.95,7648.85,7663.05,0
2022-01-20 10:15:00,7662.95,7680.55,7651.5,7659.2,0
2022-01-20 11:15:00,7658.8,7673.15,7643.55,7666.0,0
2022-01-20 12:15:00,7665.5,7691.75,7657.35,7658.15,0
2022-01-20 13:15:00,7657.85,7657.85,7607.15,7637.85,0
2022-01-20 14:15:00,7637.25,7665.95,7617.55,7662.7,0
2022-01-20 15:15:00,7663.95,7666.2,7654.8,7661.1,0
2022-01-21 09:15:00,7603.65,7624.15,7553.0,7605.6,0
2022-01-21 10:15:00,7605.35,7612.0,7536.7,7568.8,0
2022-01-21 11:15:00,7568.35,7571.95,7541.05,7566.7,0
2022-01-21 12:15:00,7566.7,7594.0,7558.2,7590.65,0
2022-01-21 13:15:00,7590.55,7590.55,7517.25,7518.5,0
2022-01-21 14:15:00,7518.9,7519.0,7388.65,7456.4,0
2022-01-21 15:15:00,7456.6,7468.05,7441.1,7464.55,0
2022-01-24 09:15:00,7446.1,7468.6,7298.4,7318.35,0
2022-01-24 10:15:00,7317.05,7317.05,7240.25,7251.6,0
2022-01-24 11:15:00,7251.25,7266.3,7196.0,7207.6,0
2022-01-24 12:15:00,7208.15,7223.3,7173.4,7216.3,0
2022-01-24 13:15:00,7216.15,7217.8,7093.45,7096.0,0
2022-01-24 14:15:00,7096.55,7179.1,7096.55,7176.5,0
2022-01-24 15:15:00,7176.9,7177.55,7136.85,7141.7,0
2022-01-25 09:15:00,7106.15,7277.1,7026.55,7229.3,0
2022-01-25 10:15:00,7230.1,7263.8,7204.75,7259.25,0
2022-01-25 11:15:00,7259.9,7276.55,7252.0,7262.3,0
2022-01-25 12:15:00,7263.0,7272.7,7226.75,7263.75,0
2022-01-25 13:15:00,7264.35,7318.6,7257.65,7307.5,0
2022-01-25 14:15:00,7307.05,7343.1,7293.4,7341.25,0
2022-01-25 15:15:00,7342.1,7354.95,7320.2,7323.25,0
2022-01-27 09:15:00,7275.75,7294.45,7173.05,7213.75,0
2022-01-27 10:15:00,7212.55,7245.25,7192.65,7237.0,0
2022-01-27 11:15:00,7236.9,7243.35,7181.45,7182.65,0
2022-01-27 12:15:00,7182.95,7258.65,7173.35,7256.65,0
2022-01-27 13:15:00,7257.3,7308.8,7250.8,7299.5,0
2022-01-27 14:15:00,7299.4,7368.6,7299.4,7351.35,0
2022-01-27 15:15:00,7351.55,7364.25,7339.9,7354.2,0
2022-01-28 09:15:00,7425.5,7516.9,7416.55,7494.05,0
2022-01-28 10:15:00,7494.25,7539.15,7480.3,7537.0,0
2022-01-28 11:15:00,7536.75,7576.75,7532.05,7566.45,0
2022-01-28 12:15:00,7566.95,7570.15,7538.35,7542.95,0
2022-01-28 13:15:00,7542.95,7561.5,7456.65,7459.7,0
2022-01-28 14:15:00,7459.2,7484.9,7376.3,7399.7,0
2022-01-28 15:15:00,7400.4,7414.65,7389.6,7403.7,0
2022-01-31 09:15:00,7502.05,7531.45,7462.45,7472.8,0
2022-01-31 10:15:00,7473.7,7499.8,7449.65,7498.35,0
2022-01-31 11:15:00,7498.05,7506.35,7485.4,7499.65,0
2022-01-31 12:15:00,7500.3,7526.5,7472.65,7522.7,0
2022-01-31 13:15:00,7522.05,7527.95,7489.5,7503.05,0
2022-01-31 14:15:00,7503.35,7517.1,7483.9,7493.2,0
2022-01-31 15:15:00,7492.7,7498.35,7485.25,7493.05,0
2022-02-01 09:15:00,7568.75,7570.1,7505.7,7534.15,0
2022-02-01 10:15:00,7534.15,7563.85,7528.25,7548.9,0
2022-02-01 11:15:00,7549.0,7554.5,7478.05,7535.85,0
2022-02-01 12:15:00,7535.9,7553.55,7438.85,7441.5,0
2022-02-01 13:15:00,7442.4,7548.85,7427.3,7539.0,0
2022-02-01 14:15:00,7539.55,7586.0,7537.1,7575.2,0
2022-02-01 15:15:00,7575.5,7596.65,7574.0,7590.1,0
2022-02-02 09:15:00,7632.05,7702.05,7619.05,7694.3,0
2022-02-02 10:15:00,7694.45,7695.55,7654.35,7676.3,0
2022-02-02 11:15:00,7676.3,7687.7,7666.05,7668.8,0
2022-02-02 12:15:00,7668.55,7671.75,7653.0,7662.0,0
2022-02-02 13:15:00,7662.0,7675.1,7635.15,7663.5,0
2022-02-02 14:15:00,7662.8,7675.55,7652.55,7668.6,0
2022-02-02 15:15:00,7669.75,7673.45,7657.05,7660.35,0
2022-02-03 09:15:00,7652.9,7693.25,7624.85,7677.95,0
2022-02-03 10:15:00,7677.55,7687.0,7665.45,7685.8,0
2022-02-03 11:15:00,7685.8,7693.85,7658.6,7660.6,0
2022-02-03 12:15:00,7660.6,7695.05,7658.6,7692.1,0
2022-02-03 13:15:00,7692.1,7703.0,7663.75,7668.6,0
2022-02-03 14:15:00,7668.85,7684.05,7641.15,7642.35,0
2022-02-03 15:15:00,7642.45,7644.2,7616.9,7620.9,0
2022-02-04 09:15:00,7646.0,7673.5,7609.8,7641.3,0
2022-02-04 10:15:00,7641.4,7642.45,7608.75,7628.65,0
2022-02-04 11:15:00,7628.3,7632.75,7586.5,7591.7,0
2022-02-04 12:15:00,7591.65,7597.5,7544.95,7549.3,0
2022-02-04 13:15:00,7549.35,7600.65,7538.9,7589.45,0
2022-02-04 14:15:00,7589.1,7594.9,7545.75,7562.45,0
2022-02-04 15:15:00,7562.0,7562.5,7543.75,7550.7,0
2022-02-07 09:15:00,7566.65,7610.1,7498.15,7508.05,0
2022-02-07 10:15:00,7508.5,7531.75,7491.0,7503.6,0
2022-02-07 11:15:00,7504.55,7540.8,7496.2,7505.45,0
2022-02-07 12:15:00,7505.35,7541.85,7502.6,7510.75,0
2022-02-07 13:15:00,7511.2,7525.85,7437.1,7488.45,0
2022-02-07 14:15:00,7489.6,7509.35,7467.05,7489.55,0
2022-02-07 15:15:00,7489.05,7490.2,7469.65,7476.15,0
2022-02-08 09:15:00,7525.45,7557.1,7423.45,7431.5,0
2022-02-08 10:15:00,7430.4,7441.2,7325.15,7352.4,0
2022-02-08 11:15:00,7352.25,7417.35,7350.05,7391.05,0
2022-02-08 12:15:00,7390.65,7441.9,7373.65,7375.55,0
2022-02-08 13:15:00,7375.45,7434.85,7368.3,7397.75,0
2022-02-08 14:15:00,7397.4,7452.65,7384.35,7432.25,0
2022-02-08 15:15:00,7433.05,7435.85,7404.35,7409.8,0
2022-02-09 09:15:00,7471.8,7511.15,7465.8,7499.9,0
2022-02-09 10:15:00,7499.3,7525.45,7475.1,7524.45,0
2022-02-09 11:15:00,7524.45,7535.75,7508.1,7525.75,0
2022-02-09 12:15:00,7525.45,7556.25,7525.0,7531.0,0
2022-02-09 13:15:00,7530.05,7567.0,7529.6,7561.75,0
2022-02-09 14:15:00,7561.3,7564.65,7546.0,7559.95,0
2022-02-09 15:15:00,7560.7,7572.15,7560.05,7565.2,0
2022-02-10 09:15:00,7584.35,7594.1,7522.3,7572.5,0
2022-02-10 10:15:00,7571.9,7597.25,7550.05,7596.95,0
2022-02-10 11:15:00,7596.55,7625.95,7591.9,7616.6,0
2022-02-10 12:15:00,7617.9,7634.9,7608.65,7611.0,0
2022-02-10 13:15:00,7611.1,7611.1,7584.9,7597.6,0
2022-02-10 14:15:00,7598.05,7606.65,7579.75,7581.4,0
2022-02-10 15:15:00,7581.4,7584.15,7562.6,7566.35,0
2022-02-11 09:15:00,7530.0,7556.95,7475.35,7484.15,0
2022-02-11 10:15:00,7483.25,7483.25,7436.3,7440.05,0
2022-02-11 11:15:00,7440.35,7453.6,7427.65,7446.95,0
2022-02-11 12:15:00,7446.6,7470.85,7444.3,7461.1,0
2022-02-11 13:15:00,7460.9,7466.85,7408.3,7418.0,0
2022-02-11 14:15:00,7418.65,7426.85,7377.0,7384.95,0
2022-02-11 15:15:00,7384.75,7384.75,7355.5,7366.3,0
2022-02-14 09:15:00,7204.65,7215.0,7085.85,7164.7,0
2022-02-14 10:15:00,7164.65,7218.95,7142.25,7202.15,0
2022-02-14 11:15:00,7201.6,7206.6,7170.3,7174.05,0
2022-02-14 12:15:00,7173.85,7186.5,7135.05,7161.4,0
2022-02-14 13:15:00,7162.0,7168.1,7101.3,7101.3,0
2022-02-14 14:15:00,7102.35,7115.15,7036.75,7037.25,0
2022-02-14 15:15:00,7037.15,7048.5,7018.1,7023.35,0
2022-02-15 09:15:00,7075.05,7128.9,6999.5,7014.8,0
2022-02-15 10:15:00,7014.85,7095.8,7010.65,7088.3,0
2022-02-15 11:15:00,7088.65,7162.4,7088.65,7153.05,0
2022-02-15 12:15:00,7153.25,7183.5,7128.0,7168.7,0
2022-02-15 13:15:00,7168.8,7264.8,7139.95,7264.8,0
2022-02-15 14:15:00,7265.1,7330.05,7252.7,7328.65,0
2022-02-15 15:15:00,7329.25,7337.55,7317.05,7327.7,0
2022-02-16 09:15:00,7368.65,7400.35,7329.55,7354.15,0
2022-02-16 10:15:00,7353.85,7378.95,7312.75,7328.1,0
2022-02-16 11:15:00,7328.25,7352.55,7325.0,7331.15,0
2022-02-16 12:15:00,7330.55,7376.25,7330.5,7361.15,0
2022-02-16 13:15:00,7361.05,7394.45,7347.5,7358.3,0
2022-02-16 14:15:00,7358.9,7362.2,7274.15,7305.95,0
2022-02-16 15:15:00,7305.3,7306.25,7270.3,7276.65,0
2022-02-17 09:15:00,7332.35,7374.6,7292.7,7304.2,0
2022-02-17 10:15:00,7304.15,7345.6,7271.8,7339.35,0
2022-02-17 11:15:00,7339.05,7354.35,7322.55,7346.25,0
2022-02-17 12:15:00,7346.25,7359.35,7335.05,7339.1,0
2022-02-17 13:15:00,7339.1,7348.35,7308.0,7308.0,0
2022-02-17 14:15:00,7307.9,7315.45,7271.4,7274.9,0
2022-02-17 15:15:00,7275.85,7279.15,7270.0,7274.65,0
2022-02-18 09:15:00,7237.35,7309.25,7228.15,7287.2,0
2022-02-18 10:15:00,7287.2,7295.3,7271.65,7290.2,0
2022-02-18 11:15:00,7290.05,7297.0,7272.25,7291.25,0
2022-02-18 12:15:00,7291.65,7307.35,7277.7,7278.4,0
2022-02-18 13:15:00,7278.1,7281.2,7249.7,7249.85,0
2022-02-18 14:15:00,7249.45,7249.8,7216.0,7223.2,0
2022-02-18 15:15:00,7222.55,7225.6,7213.65,7220.65,0
2022-02-21 09:15:00,7183.0,7217.15,7122.35,7147.45,0
2022-02-21 10:15:00,7148.8,7189.95,7131.75,7187.9,0
2022-02-21 11:15:00,7187.85,7242.7,7183.7,7235.7,0
2022-02-21 12:15:00,7235.55,7245.5,7203.5,7234.6,0
2022-02-21 13:15:00,7234.3,7237.95,7172.85,7172.85,0
2022-02-21 14:15:00,7173.2,7188.45,7148.45,7155.05,0
2022-02-21 15:15:00,7155.6,7164.5,7142.0,7148.15,0
2022-02-22 09:15:00,6966.25,7066.95,6962.6,7039.85,0
2022-02-22 10:15:00,7040.0,7094.4,7038.55,7086.35,0
2022-02-22 11:15:00,7086.5,7095.6,7054.9,7059.8,0
2022-02-22 12:15:00,7060.05,7068.05,6998.0,7010.1,0
2022-02-22 13:15:00,7009.8,7063.25,6974.2,7063.1,0
2022-02-22 14:15:00,7063.0,7112.4,7049.85,7095.8,0
2022-02-22 15:15:00,7095.65,7112.1,7091.95,7096.85,0
2022-02-23 09:15:00,7177.2,7192.15,7146.9,7158.0,0
2022-02-23 10:15:00,7157.35,7165.95,7132.35,7150.5,0
2022-02-23 11:15:00,7150.25,7170.05,7147.95,7150.85,0
2022-02-23 12:15:00,7150.75,7158.7,7131.9,7157.45,0
2022-02-23 13:15:00,7157.45,7161.55,7127.85,7146.1,0
2022-02-23 14:15:00,7145.55,7147.9,7099.95,7102.95,0
2022-02-23 15:15:00,7102.15,7113.4,7094.4,7108.7,0
2022-02-24 09:15:00,6892.85,6939.75,6798.85,6847.05,0
2022-02-24 10:15:00,6847.05,6866.9,6823.8,6831.65,0
2022-02-24 11:15:00,6832.1,6857.3,6796.3,6811.55,0
2022-02-24 12:15:00,6811.05,6818.45,6717.8,6758.75,0
2022-02-24 13:15:00,6758.25,6773.6,6670.15,6743.25,0
2022-02-24 14:15:00,6742.85,6756.4,6646.5,6660.2,0
2022-02-24 15:15:00,6660.05,6666.5,6640.85,6662.8,0
2022-02-25 09:15:00,6815.8,6979.3,6815.8,6959.35,0
2022-02-25 10:15:00,6959.6,6979.95,6942.9,6948.35,0
2022-02-25 11:15:00,6947.85,6963.9,6897.6,6897.8,0
2022-02-25 12:15:00,6897.45,6950.05,6887.15,6942.45,0
2022-02-25 13:15:00,6944.0,6945.5,6903.75,6930.3,0
2022-02-25 14:15:00,6929.65,6960.45,6904.25,6956.25,0
2022-02-25 15:15:00,6956.15,6969.9,6953.55,6959.9,0
2022-02-28 09:15:00,6889.8,6893.7,6796.4,6843.7,0
2022-02-28 10:15:00,6843.65,6919.2,6837.65,6912.5,0
2022-02-28 11:15:00,6913.2,6938.2,6882.6,6923.7,0
2022-02-28 12:15:00,6923.3,6944.15,6897.8,6927.9,0
2022-02-28 13:15:00,6927.9,6943.2,6890.75,6920.9,0
2022-02-28 14:15:00,6920.15,7000.0,6907.45,6999.4,0
2022-02-28 15:15:00,7000.25,7011.1,6990.3,6990.3,0
2022-03-02 09:15:00,6921.55,6993.05,6902.35,6961.35,0
2022-03-02 10:15:00,6961.25,6986.0,6951.7,6980.1,0
2022-03-02 11:15:00,6979.95,6994.4,6949.5,6950.85,0
2022-03-02 12:15:00,6950.75,6957.0,6907.45,6953.6,0
2022-03-02 13:15:00,6954.95,6959.35,6927.25,6927.25,0
2022-03-02 14:15:00,6927.6,6966.45,6896.35,6965.85,0
2022-03-02 15:15:00,6966.45,6973.65,6959.65,6964.65,0
2022-03-03 09:15:00,7049.1,7062.65,6948.6,6964.6,0
2022-03-03 10:15:00,6964.7,6974.75,6938.4,6964.25,0
2022-03-03 11:15:00,6964.3,6977.4,6941.8,6948.6,0
2022-03-03 12:15:00,6948.05,6949.95,6897.8,6912.35,0
2022-03-03 13:15:00,6912.3,6938.15,6884.7,6898.85,0
2022-03-03 14:15:00,6899.05,6914.2,6864.9,6898.35,0
2022-03-03 15:15:00,6898.65,6905.2,6880.3,6887.6,0
2022-03-04 09:15:00,6831.8,6848.65,6781.9,6783.95,0
2022-03-04 10:15:00,6783.6,6789.7,6711.25,6722.35,0
2022-03-04 11:15:00,6721.8,6756.65,6716.4,6746.15,0
2022-03-04 12:15:00,6745.95,6802.35,6729.3,6789.7,0
2022-03-04 13:15:00,6788.6,6845.0,6768.35,6778.3,0
2022-03-04 14:15:00,6778.9,6789.05,6699.8,6702.55,0
2022-03-04 15:15:00,6702.15,6716.6,6694.85,6706.8,0
2022-03-07 09:15:00,6574.35,6574.35,6456.3,6468.3,0
2022-03-07 10:15:00,6561.15,6571.5,6429.75,6523.85,0
2022-03-07 11:15:00,6523.7,6551.0,6505.4,6515.55,0
2022-03-07 12:15:00,6515.7,6547.45,6500.45,6502.75,0
2022-03-07 13:15:00,6503.05,6515.95,6452.45,6452.45,0
2022-03-07 14:15:00,6453.4,6544.5,6433.0,6538.35,0
2022-03-07 15:15:00,6539.5,6551.35,6536.95,6545.0,0
2022-03-08 09:15:00,6511.45,6603.85,6510.95,6595.45,0
2022-03-08 10:15:00,6595.9,6606.7,6537.6,6555.6,0
2022-03-08 11:15:00,6556.4,6556.9,6475.95,6492.95,0
2022-03-08 12:15:00,6492.35,6509.65,6447.15,6482.5,0
2022-03-08 13:15:00,6483.2,6544.95,6439.65,6529.15,0
2022-03-08 14:15:00,6529.4,6648.75,6515.55,6644.05,0
2022-03-08 15:15:00,6644.9,6653.75,6630.65,6640.5,0
2022-03-09 09:15:00,6707.4,6707.4,6658.3,6698.25,0
2022-03-09 10:15:00,6698.6,6732.25,6697.5,6713.95,0
2022-03-09 11:15:00,6713.95,6755.7,6700.45,6753.2,0
2022-03-09 12:15:00,6752.75,6806.1,6751.6,6799.6,0
2022-03-09 13:15:00,6799.05,6824.5,6777.9,6818.9,0
2022-03-09 14:15:00,6818.75,6843.95,6799.35,6826.4,0
2022-03-09 15:15:00,6826.15,6829.35,6807.75,6817.2,0
2022-03-10 09:15:00,7003.9,7004.6,6926.5,6995.8,0
2022-03-10 10:15:00,6995.65,7004.6,6969.7,6996.15,0
2022-03-10 11:15:00,6996.35,6998.35,6954.55,6955.65,0
2022-03-10 12:15:00,6955.85,6959.25,6903.2,6921.8,0
2022-03-10 13:15:00,6922.45,6931.75,6835.7,6866.6,0
2022-03-10 14:15:00,6867.35,6909.5,6851.15,6896.05,0
2022-03-10 15:15:00,6895.8,6897.4,6867.6,6870.05,0
2022-03-11 09:15:00,6861.2,6924.9,6827.7,6880.75,0
2022-03-11 10:15:00,6881.05,6898.2,6843.95,6883.65,0
2022-03-11 11:15:00,6884.35,6904.0,6870.05,6888.45,0
2022-03-11 12:15:00,6888.5,6904.2,6878.75,6890.5,0
2022-03-11 13:15:00,6890.25,6906.1,6874.35,6890.95,0
2022-03-11 14:15:00,6890.7,6924.3,6890.25,6916.5,0
2022-03-11 15:15:00,6915.95,6926.15,6908.1,6912.7,0
2022-03-14 09:15:00,6930.5,6992.4,6880.5,6914.85,0
2022-03-14 10:15:00,6915.0,6923.7,6848.7,6890.05,0
2022-03-14 11:15:00,6890.1,6908.0,6867.75,6879.55,0
2022-03-14 12:15:00,6880.15,6905.05,6867.0,6900.6,0
2022-03-14 13:15:00,6900.95,6934.55,6887.8,6933.15,0
2022-03-14 14:15:00,6933.0,6959.95,6927.2,6955.4,0
2022-03-14 15:15:00,6954.4,6954.65,6939.1,6943.85,0
2022-03-15 09:15:00,6963.75,7028.15,6963.25,7027.1,0
2022-03-15 10:15:00,7027.65,7042.75,7011.7,7035.5,0
2022-03-15 11:15:00,7035.2,7037.75,7018.45,7029.95,0
2022-03-15 12:15:00,7029.85,7030.2,6959.8,6971.0,0
2022-03-15 13:15:00,6970.9,6980.4,6929.2,6957.9,0
2022-03-15 14:15:00,6958.05,6972.0,6913.75,6953.3,0
2022-03-15 15:15:00,6954.15,6961.1,6934.5,6937.1,0
2022-03-16 09:15:00,7052.05,7075.45,7032.5,7039.2,0
2022-03-16 10:15:00,7038.4,7085.75,7038.25,7080.75,0
2022-03-16 11:15:00,7080.65,7101.85,7077.8,7101.15,0
2022-03-16 12:15:00,7101.85,7119.6,7094.55,7095.4,0
2022-03-16 13:15:00,7095.4,7119.55,7082.55,7104.1,0
2022-03-16 14:15:00,7104.55,7132.4,7101.9,7126.45,0
2022-03-16 15:15:00,7126.75,7129.3,7116.35,7118.75,0
2022-03-17 09:15:00,7220.75,7245.9,7208.75,7230.3,0
2022-03-17 10:15:00,7231.25,7237.6,7212.5,7227.55,0
2022-03-17 11:15:00,7227.95,7239.75,7210.65,7217.55,0
2022-03-17 12:15:00,7217.6,7232.1,7208.1,7228.35,0
2022-03-17 13:15:00,7227.95,7235.0,7193.15,7197.5,0
2022-03-17 14:15:00,7197.55,7221.75,7190.4,7216.05,0
2022-03-17 15:15:00,7216.65,7221.9,7204.3,7210.3,0
2022-03-21 09:15:00,7260.5,7260.5,7166.15,7206.0,0
2022-03-21 10:15:00,7205.85,7229.15,7191.0,7211.4,0
2022-03-21 11:15:00,7210.55,7222.2,7189.8,7192.95,0
2022-03-21 12:15:00,7192.55,7201.75,7151.15,7163.75,0
2022-03-21 13:15:00,7164.0,7193.65,7156.5,7188.8,0
2022-03-21 14:15:00,7188.4,7192.05,7124.05,7130.85,0
2022-03-21 15:15:00,7130.4,7136.1,7123.4,7128.4,0
2022-03-22 09:15:00,7136.75,7136.75,7057.95,7058.2,0
2022-03-22 10:15:00,7058.1,7079.0,7035.65,7076.65,0
2022-03-22 11:15:00,7076.6,7081.45,7022.9,7043.95,0
2022-03-22 12:15:00,7044.15,7117.6,7034.4,7117.6,0
2022-03-22 13:15:00,7117.45,7168.5,7105.3,7161.4,0
2022-03-22 14:15:00,7161.55,7184.35,7141.9,7184.35,0
2022-03-22 15:15:00,7183.75,7185.7,7175.45,7179.0,0
2022-03-23 09:15:00,7232.35,7256.25,7202.35,7226.75,0
2022-03-23 10:15:00,7227.1,7242.35,7197.15,7207.6,0
2022-03-23 11:15:00,7207.75,7234.95,7199.8,7232.1,0
2022-03-23 12:15:00,7232.6,7246.2,7219.15,7237.7,0
2022-03-23 13:15:00,7237.2,7251.65,7202.55,7227.5,0
2022-03-23 14:15:00,7227.25,7250.85,7220.9,7226.6,0
2022-03-23 15:15:00,7226.4,7229.05,7193.3,7195.0,0
2022-03-24 09:15:00,7223.3,7325.4,7212.7,7306.7,0
2022-03-24 10:15:00,7307.25,7308.05,7274.8,7304.5,0
2022-03-24 11:15:00,7305.0,7323.45,7295.65,7306.15,0
2022-03-24 12:15:00,7305.4,7315.2,7290.15,7290.5,0
2022-03-24 13:15:00,7290.3,7320.8,7287.95,7318.25,0
2022-03-24 14:15:00,7318.1,7320.2,7291.55,7304.0,0
2022-03-24 15:15:00,7303.8,7310.15,7295.85,7299.95,0
2022-03-25 09:15:00,7335.85,7344.2,7283.1,7288.1,0
2022-03-25 10:15:00,7287.65,7296.8,7275.15,7287.2,0
2022-03-25 11:15:00,7287.6,7302.1,7249.55,7252.65,0
2022-03-25 12:15:00,7252.4,7271.45,7249.7,7267.15,0
2022-03-25 13:15:00,7267.65,7273.15,7224.7,7233.8,0
2022-03-25 14:15:00,7234.15,7267.05,7231.95,7245.85,0
2022-03-25 15:15:00,7245.95,7267.9,7242.75,7263.75,0
2022-03-28 09:15:00,7274.35,7281.25,7190.45,7193.55,0
2022-03-28 10:15:00,7194.1,7200.6,7169.3,7194.25,0
2022-03-28 11:15:00,7193.4,7200.9,7159.9,7178.15,0
2022-03-28 12:15:00,7178.3,7242.5,7178.3,7241.45,0
2022-03-28 13:15:00,7240.7,7243.5,7207.5,7225.85,0
2022-03-28 14:15:00,7226.8,7242.35,7225.8,7236.2,0
2022-03-28 15:15:00,7235.4,7251.05,7233.1,7238.35,0
2022-03-29 09:15:00,7297.45,7332.3,7285.9,7294.95,0
2022-03-29 10:15:00,7295.15,7304.45,7274.1,7279.15,0
2022-03-29 11:15:00,7279.15,7285.2,7251.5,7270.4,0
2022-03-29 12:15:00,7270.45,7285.4,7256.2,7264.3,0
2022-03-29 13:15:00,7264.25,7280.2,7251.05,7274.5,0
2022-03-29 14:15:00,7275.35,7281.35,7259.2,7268.15,0
2022-03-29 15:15:00,7269.35,7271.8,7263.7,7266.25,0
2022-03-30 09:15:00,7336.65,7339.1,7311.65,7330.9,0
2022-03-30 10:15:00,7331.1,7335.6,7320.3,7327.7,0
2022-03-30 11:15:00,7327.7,7356.2,7324.8,7349.75,0
2022-03-30 12:15:00,7349.25,7353.15,7329.8,7349.3,0
2022-03-30 13:15:00,7349.3,7355.4,7320.25,7337.5,0
2022-03-30 14:15:00,7336.65,7374.15,7330.35,7347.85,0
2022-03-30 15:15:00,7348.45,7349.7,7337.25,7343.0,0
2022-03-31 09:15:00,7384.25,7385.65,7336.75,7360.7,0
2022-03-31 10:15:00,7361.2,7377.75,7352.05,7377.75,0
2022-03-31 11:15:00,7377.5,7384.0,7354.55,7364.8,0
2022-03-31 12:15:00,7364.7,7379.7,7363.7,7370.6,0
2022-03-31 13:15:00,7370.15,7372.1,7346.6,7351.1,0
2022-03-31 14:15:00,7351.2,7368.4,7337.9,7355.4,0
2022-03-31 15:15:00,7355.55,7356.75,7343.4,7347.7,0
2022-04-01 09:15:00,7344.05,7433.4,7325.75,7429.85,0
2022-04-01 10:15:00,7430.1,7452.7,7426.35,7434.6,0
2022-04-01 11:15:00,7434.95,7443.05,7419.95,7441.9,0
2022-04-01 12:15:00,7441.7,7458.0,7422.1,7447.35,0
2022-04-01 13:15:00,7447.3,7478.7,7443.0,7468.85,0
2022-04-01 14:15:00,7469.0,7505.05,7469.0,7504.1,0
2022-04-01 15:15:00,7503.95,7516.4,7503.75,7506.4,0
2022-04-04 09:15:00,7543.45,7568.45,7524.05,7559.45,0
2022-04-04 10:15:00,7560.05,7570.9,7550.5,7560.2,0
2022-04-04 11:15:00,7559.8,7576.85,7547.45,7548.6,0
2022-04-04 12:15:00,7549.0,7578.6,7545.5,7573.25,0
2022-04-04 13:15:00,7573.55,7599.3,7568.95,7595.75,0
2022-04-04 14:15:00,7596.35,7620.45,7595.25,7605.6,0
2022-04-04 15:15:00,7604.8,7611.35,7596.1,7601.3,0
2022-04-05 09:15:00,7669.25,7669.25,7618.4,7632.1,0
2022-04-05 10:15:00,7631.95,7647.2,7617.8,7636.95,0
2022-04-05 11:15:00,7637.2,7648.8,7630.0,7642.7,0
2022-04-05 12:15:00,7642.7,7665.7,7627.2,7665.0,0
2022-04-05 13:15:00,7665.9,7668.0,7620.35,7633.75,0
2022-04-05 14:15:00,7633.9,7716.95,7628.2,7676.1,0
2022-04-05 15:15:00,7676.35,7680.55,7666.65,7674.9,0
2022-04-06 09:15:00,7676.4,7747.55,7648.3,7713.45,0
2022-04-06 10:15:00,7713.3,7748.8,7706.15,7738.9,0
2022-04-06 11:15:00,7738.65,7746.15,7722.9,7726.15,0
2022-04-06 12:15:00,7726.35,7760.65,7709.65,7731.3,0
2022-04-06 13:15:00,7731.4,7734.3,7683.1,7717.9,0
2022-04-06 14:15:00,7717.4,7743.6,7700.25,7710.5,0
2022-04-06 15:15:00,7711.05,7716.35,7701.75,7703.7,0
2022-04-07 09:15:00,7707.35,7798.35,7702.6,7796.55,0
2022-04-07 10:15:00,7796.55,7801.05,7745.25,7790.3,0
2022-04-07 11:15:00,7790.0,7799.95,7774.35,7780.05,0
2022-04-07 12:15:00,7780.2,7789.05,7729.9,7730.95,0
2022-04-07 13:15:00,7731.0,7753.0,7658.1,7680.6,0
2022-04-07 14:15:00,7681.05,7712.4,7668.8,7674.7,0
2022-04-07 15:15:00,7673.55,7696.35,7671.55,7694.2,0
2022-04-08 09:15:00,7739.65,7757.9,7699.6,7746.7,0
2022-04-08 10:15:00,7746.2,7757.6,7707.15,7733.1,0
2022-04-08 11:15:00,7732.9,7778.55,7718.95,7776.9,0
2022-04-08 12:15:00,7776.75,7780.35,7749.25,7766.3,0
2022-04-08 13:15:00,7766.25,7800.0,7759.7,7793.35,0
2022-04-08 14:15:00,7792.7,7794.85,7767.15,7768.5,0
2022-04-08 15:15:00,7769.1,7784.35,7768.0,7783.8,0
2022-04-11 09:15:00,7806.8,7855.4,7793.5,7849.55,0
2022-04-11 10:15:00,7849.5,7856.85,7809.85,7814.55,0
2022-04-11 11:15:00,7814.55,7830.9,7809.7,7824.95,0
2022-04-11 12:15:00,7824.85,7843.35,7810.05,7835.3,0
2022-04-11 13:15:00,7835.85,7844.3,7806.85,7839.5,0
2022-04-11 14:15:00,7839.3,7849.65,7815.8,7825.75,0
2022-04-11 15:15:00,7825.45,7834.9,7822.0,7828.3,0
2022-04-12 09:15:00,7820.65,7820.65,7654.2,7669.8,0
2022-04-12 10:15:00,7669.8,7696.35,7644.8,7694.65,0
2022-04-12 11:15:00,7694.2,7712.4,7681.95,7709.9,0
2022-04-12 12:15:00,7709.1,7713.35,7651.85,7651.9,0
2022-04-12 13:15:00,7652.45,7696.0,7608.05,7691.25,0
2022-04-12 14:15:00,7690.6,7720.55,7667.85,7668.25,0
2022-04-12 15:15:00,7668.7,7682.9,7667.2,7680.45,0
2022-04-13 09:15:00,7730.05,7754.45,7698.5,7699.7,0
2022-04-13 10:15:00,7699.85,7723.95,7685.95,7715.5,0
2022-04-13 11:15:00,7715.8,7728.9,7691.55,7691.55,0
2022-04-13 12:15:00,7691.15,7716.8,7676.85,7714.95,0
2022-04-13 13:15:00,7714.6,7718.35,7687.55,7705.5,0
2022-04-13 14:15:00,7705.5,7713.65,7672.8,7673.05,0
2022-04-13 15:15:00,7673.0,7676.15,7664.0,7664.0,0
2022-04-18 09:15:00,7579.65,7579.65,7501.05,7515.55,0
2022-04-18 10:15:00,7516.4,7538.1,7496.85,7502.95,0
2022-04-18 11:15:00,7503.55,7541.85,7502.6,7528.4,0
2022-04-18 12:15:00,7528.25,7531.65,7473.6,7492.75,0
2022-04-18 13:15:00,7492.4,7522.4,7483.35,7514.9,0
2022-04-18 14:15:00,7514.9,7564.6,7500.65,7548.35,0
2022-04-18 15:15:00,7549.1,7567.0,7549.1,7561.1,0
2022-04-19 09:15:00,7612.35,7647.6,7569.45,7605.6,0
2022-04-19 10:15:00,7605.85,7626.9,7588.0,7626.65,0
2022-04-19 11:15:00,7626.55,7635.1,7597.35,7618.35,0
2022-04-19 12:15:00,7618.05,7628.25,7563.25,7571.65,0
2022-04-19 13:15:00,7571.15,7608.05,7570.5,7590.55,0
2022-04-19 14:15:00,7590.5,7593.45,7420.35,7432.6,0
2022-04-19 15:15:00,7433.1,7441.35,7354.2,7363.2,0
2022-04-20 09:15:00,7467.15,7567.55,7430.65,7555.15,0
2022-04-20 10:15:00,7554.05,7561.2,7515.55,7540.6,0
2022-04-20 11:15:00,7539.85,7551.0,7475.7,7512.2,0
2022-04-20 12:15:00,7512.6,7517.85,7490.15,7490.2,0
2022-04-20 13:15:00,7490.3,7490.3,7422.3,7447.15,0
2022-04-20 14:15:00,7447.55,7478.3,7419.5,7461.25,0
2022-04-20 15:15:00,7461.8,7478.6,7460.9,7477.1,0
2022-04-21 09:15:00,7530.6,7555.6,7519.75,7553.7,0
2022-04-21 10:15:00,7553.1,7566.05,7536.4,7560.0,0
2022-04-21 11:15:00,7560.05,7565.1,7546.65,7556.9,0
2022-04-21 12:15:00,7556.9,7567.1,7547.5,7558.9,0
2022-04-21 13:15:00,7558.55,7565.35,7542.45,7549.3,0
2022-04-21 14:15:00,7549.4,7576.3,7540.0,7576.3,0
2022-04-21 15:15:00,7577.55,7586.85,7571.45,7582.7,0
2022-04-22 09:15:00,7532.7,7556.35,7496.05,7531.9,0
2022-04-22 10:15:00,7531.35,7541.85,7526.25,7534.5,0
2022-04-22 11:15:00,7534.75,7540.25,7521.0,7527.5,0
2022-04-22 12:15:00,7527.05,7551.75,7515.0,7543.35,0
2022-04-22 13:15:00,7543.35,7547.5,7482.1,7502.15,0
2022-04-22 14:15:00,7502.05,7502.1,7448.95,7457.35,0
2022-04-22 15:15:00,7457.7,7471.5,7454.95,7468.9,0
2022-04-25 09:15:00,7393.8,7395.4,7323.7,7380.8,0
2022-04-25 10:15:00,7381.25,7386.7,7339.0,7348.0,0
2022-04-25 11:15:00,7348.3,7348.95,7299.3,7299.3,0
2022-04-25 12:15:00,7299.7,7313.1,7264.55,7309.6,0
2022-04-25 13:15:00,7310.4,7319.95,7279.0,7302.7,0
2022-04-25 14:15:00,7301.8,7301.8,7251.95,7288.7,0
2022-04-25 15:15:00,7289.1,7315.45,7287.4,7311.05,0
2022-04-26 09:15:00,7368.45,7448.15,7365.3,7425.85,0
2022-04-26 10:15:00,7424.3,7438.6,7413.1,7435.1,0
2022-04-26 11:15:00,7434.9,7449.5,7434.75,7439.45,0
2022-04-26 12:15:00,7439.05,7445.95,7397.2,7405.7,0
2022-04-26 13:15:00,7405.7,7442.3,7404.45,7438.5,0
2022-04-26 14:15:00,7438.2,7473.8,7426.55,7471.7,0
2022-04-26 15:15:00,7472.9,7474.25,7460.0,7467.3,0
2022-04-27 09:15:00,7409.95,7441.55,7357.1,7373.4,0
2022-04-27 10:15:00,7373.45,7375.75,7346.4,7369.55,0
2022-04-27 11:15:00,7369.7,7370.75,7346.1,7357.05,0
2022-04-27 12:15:00,7357.15,7362.1,7316.2,7329.55,0
2022-04-27 13:15:00,7330.0,7392.95,7329.6,7392.55,0
2022-04-27 14:15:00,7392.35,7409.05,7370.9,7380.85,0
2022-04-27 15:15:00,7380.5,7391.6,7375.05,7384.2,0
2022-04-28 09:15:00,7457.85,7457.85,7372.85,7373.85,0
2022-04-28 10:15:00,7373.85,7379.75,7342.4,7350.55,0
2022-04-28 11:15:00,7349.85,7371.35,7349.3,7365.55,0
2022-04-28 12:15:00,7366.0,7384.4,7361.05,7383.3,0
2022-04-28 13:15:00,7383.15,7406.55,7367.3,7405.35,0
2022-04-28 14:15:00,7405.2,7437.15,7403.65,7413.4,0
2022-04-28 15:15:00,7413.45,7443.5,7412.15,7434.9,0
2022-04-29 09:15:00,7505.25,7540.85,7451.5,7467.8,0
2022-04-29 10:15:00,7468.3,7487.35,7453.3,7476.8,0
2022-04-29 11:15:00,7476.6,7489.95,7461.9,7468.2,0
2022-04-29 12:15:00,7468.4,7473.0,7443.35,7452.8,0
2022-04-29 13:15:00,7452.8,7455.85,7407.2,7419.25,0
2022-04-29 14:15:00,7418.95,7424.1,7327.05,7333.95,0
2022-04-29 15:15:00,7334.25,7340.5,7321.5,7335.25,0
2022-05-02 09:15:00,7268.2,7293.95,7229.45,7277.75,0
2022-05-02 10:15:00,7277.75,7336.15,7270.9,7304.55,0
2022-05-02 11:15:00,7304.25,7315.35,7276.4,7312.3,0
2022-05-02 12:15:00,7312.3,7326.25,7300.85,7314.2,0
2022-05-02 13:15:00,7313.85,7323.3,7289.45,7315.1,0
2022-05-02 14:15:00,7315.15,7344.55,7284.2,7338.8,0
2022-05-02 15:15:00,7339.1,7356.0,7338.1,7350.65,0
2022-05-04 09:15:00,7401.15,7412.65,7364.0,7372.7,0
2022-05-04 10:15:00,7372.25,7372.25,7341.4,7344.3,0
2022-05-04 11:15:00,7344.1,7371.95,7310.4,7316.7,0
2022-05-04 12:15:00,7316.45,7318.25,7269.05,7293.6,0
2022-05-04 13:15:00,7293.45,7321.2,7202.75,7228.45,0
2022-05-04 14:15:00,7227.7,7240.0,7100.8,7146.8,0
2022-05-04 15:15:00,7148.1,7151.95,7137.35,7145.6,0
2022-05-05 09:15:00,7224.1,7258.9,7209.55,7256.4,0
2022-05-05 10:15:00,7255.65,7263.3,7223.25,7255.1,0
2022-05-05 11:15:00,7254.95,7256.15,7220.9,7242.05,0
2022-05-05 12:15:00,7242.55,7270.3,7216.85,7216.9,0
2022-05-05 13:15:00,7216.3,7243.6,7131.35,7147.35,0
2022-05-05 14:15:00,7148.05,7177.55,7121.3,7153.7,0
2022-05-05 15:15:00,7154.3,7165.75,7154.0,7163.45,0
2022-05-06 09:15:00,7027.6,7067.85,6982.0,7040.75,0
2022-05-06 10:15:00,7041.0,7041.0,6994.7,7003.1,0
2022-05-06 11:15:00,7003.65,7046.55,6978.35,7032.95,0
2022-05-06 12:15:00,7031.45,7050.95,7003.05,7012.95,0
2022-05-06 13:15:00,7013.4,7085.1,7010.2,7068.9,0
2022-05-06 14:15:00,7069.4,7080.35,7031.55,7047.4,0
2022-05-06 15:15:00,7047.6,7078.0,7047.6,7077.0,0
2022-05-09 09:15:00,6970.5,6987.1,6834.1,6894.65,0
2022-05-09 10:15:00,6894.4,6915.7,6877.9,6888.9,0
2022-05-09 11:15:00,6888.65,6934.6,6875.7,6922.1,0
2022-05-09 12:15:00,6922.65,6958.3,6908.5,6928.95,0
2022-05-09 13:15:00,6929.15,6934.65,6865.9,6878.55,0
2022-05-09 14:15:00,6878.4,6941.7,6853.3,6890.65,0
2022-05-09 15:15:00,6889.6,6899.2,6886.9,6897.3,0
2022-05-10 09:15:00,6882.8,6994.3,6873.7,6882.5,0
2022-05-10 10:15:00,6884.15,6896.2,6865.5,6893.2,0
2022-05-10 11:15:00,6892.5,6894.75,6863.7,6883.6,0
2022-05-10 12:15:00,6883.65,6894.25,6872.65,6882.05,0
2022-05-10 13:15:00,6882.3,6884.1,6810.2,6847.0,0
2022-05-10 14:15:00,6847.6,6881.1,6799.3,6806.2,0
2022-05-10 15:15:00,6805.7,6811.8,6786.75,6793.65,0
2022-05-11 09:15:00,6833.95,6860.45,6773.0,6783.95,0
2022-05-11 10:15:00,6783.2,6811.85,6720.5,6726.75,0
2022-05-11 11:15:00,6726.75,6784.95,6726.4,6751.3,0
2022-05-11 12:15:00,6750.65,6751.25,6646.95,6646.95,0
2022-05-11 13:15:00,6647.95,6780.4,6622.85,6774.3,0
2022-05-11 14:15:00,6774.55,6805.85,6750.35,6763.8,0
2022-05-11 15:15:00,6763.55,6804.95,6763.55,6799.55,0
2022-05-12 09:15:00,6732.0,6737.35,6597.8,6618.4,0
2022-05-12 10:15:00,6617.05,6653.25,6583.85,6584.6,0
2022-05-12 11:15:00,6584.45,6637.75,6579.5,6622.6,0
2022-05-12 12:15:00,6623.2,6623.2,6563.7,6578.85,0
2022-05-12 13:15:00,6579.0,6631.9,6541.5,6549.1,0
2022-05-12 14:15:00,6549.2,6588.2,6517.8,6570.5,0
2022-05-12 15:15:00,6570.75,6579.75,6564.25,6576.0,0
2022-05-13 09:15:00,6681.95,6767.25,6681.95,6707.2,0
2022-05-13 10:15:00,6705.95,6783.5,6702.65,6777.3,0
2022-05-13 11:15:00,6777.15,6786.95,6758.25,6778.5,0
2022-05-13 12:15:00,6778.55,6810.85,6756.15,6807.55,0
2022-05-13 13:15:00,6807.15,6813.45,6740.2,6744.95,0
2022-05-13 14:15:00,6743.9,6748.55,6624.1,6631.9,0
2022-05-13 15:15:00,6633.45,6663.6,6633.45,6651.05,0
2022-05-16 09:15:00,6694.1,6727.8,6613.55,6716.8,0
2022-05-16 10:15:00,6716.3,6752.1,6706.25,6746.3,0
2022-05-16 11:15:00,6746.15,6749.7,6695.15,6705.5,0
2022-05-16 12:15:00,6705.25,6769.25,6695.3,6733.05,0
2022-05-16 13:15:00,6733.4,6794.1,6729.9,6785.7,0
2022-05-16 14:15:00,6785.8,6811.15,6762.45,6785.95,0
2022-05-16 15:15:00,6786.2,6815.25,6785.05,6807.55,0
2022-05-17 09:15:00,6830.4,6869.4,6810.45,6840.65,0
2022-05-17 10:15:00,6840.25,6869.0,6833.55,6857.85,0
2022-05-17 11:15:00,6857.35,6896.3,6854.95,6865.15,0
2022-05-17 12:15:00,6865.05,6899.45,6862.85,6899.45,0
2022-05-17 13:15:00,6899.9,6952.8,6869.75,6951.9,0
2022-05-17 14:15:00,6952.2,6984.3,6930.8,6983.75,0
2022-05-17 15:15:00,6984.95,7000.0,6984.6,6993.8,0
2022-05-18 09:15:00,7028.95,7059.25,6997.95,7024.0,0
2022-05-18 10:15:00,7023.75,7043.25,6994.5,7005.4,0
2022-05-18 11:15:00,7005.1,7029.7,6982.6,6984.6,0
2022-05-18 12:15:00,6984.65,6984.65,6929.85,6959.1,0
2022-05-18 13:15:00,6959.1,6998.3,6942.15,6956.05,0
2022-05-18 14:15:00,6957.85,6974.45,6933.95,6953.2,0
2022-05-18 15:15:00,6953.75,6959.8,6947.85,6952.95,0
2022-05-19 09:15:00,6779.35,6810.5,6747.7,6781.75,0
2022-05-19 10:15:00,6781.5,6790.35,6757.65,6762.35,0
2022-05-19 11:15:00,6762.3,6763.65,6721.45,6722.3,0
2022-05-19 12:15:00,6722.7,6737.95,6692.3,6699.3,0
2022-05-19 13:15:00,6698.65,6737.0,6692.9,6693.05,0
2022-05-19 14:15:00,6693.25,6730.0,6687.7,6714.25,0
2022-05-19 15:15:00,6713.7,6738.65,6709.8,6732.1,0
2022-05-20 09:15:00,6856.1,6901.85,6846.5,6898.3,0
2022-05-20 10:15:00,6898.05,6916.0,6887.05,6894.05,0
2022-05-20 11:15:00,6893.8,6895.75,6838.35,6852.4,0
2022-05-20 12:15:00,6852.0,6878.5,6840.15,6872.7,0
2022-05-20 13:15:00,6872.5,6885.25,6858.05,6878.85,0
2022-05-20 14:15:00,6879.65,6907.3,6868.95,6902.35,0
2022-05-20 15:15:00,6902.55,6905.15,6895.15,6901.55,0
2022-05-23 09:15:00,6964.65,7026.45,6951.45,6999.05,0
2022-05-23 10:15:00,6998.75,7025.8,6989.0,7009.25,0
2022-05-23 11:15:00,7008.75,7026.95,7004.4,7021.05,0
2022-05-23 12:15:00,7021.05,7038.7,7010.15,7034.2,0
2022-05-23 13:15:00,7033.9,7048.5,6961.45,6974.8,0
2022-05-23 14:15:00,6975.2,6988.7,6925.45,6930.4,0
2022-05-23 15:15:00,6931.2,6939.3,6917.75,6926.75,0
2022-05-24 09:15:00,6920.25,6951.4,6902.75,6909.65,0
2022-05-24 10:15:00,6909.45,6914.55,6890.6,6894.6,0
2022-05-24 11:15:00,6895.15,6923.1,6878.2,6885.75,0
2022-05-24 12:15:00,6886.05,6909.4,6869.25,6879.0,0
2022-05-24 13:15:00,6879.35,6916.1,6868.25,6893.25,0
2022-05-24 14:15:00,6893.25,6904.8,6855.9,6893.75,0
2022-05-24 15:15:00,6894.65,6901.75,6891.8,6896.5,0
2022-05-25 09:15:00,6921.8,6945.1,6846.5,6855.15,0
2022-05-25 10:15:00,6855.5,6857.8,6837.95,6850.15,0
2022-05-25 11:15:00,6850.2,6851.35,6790.7,6800.7,0
2022-05-25 12:15:00,6800.5,6814.45,6763.6,6784.55,0
2022-05-25 13:15:00,6784.2,6789.45,6724.9,6776.6,0
2022-05-25 14:15:00,6777.1,6794.45,6750.9,6766.3,0
2022-05-25 15:15:00,6766.85,6772.15,6759.75,6764.15,0
2022-05-26 09:15:00,6800.9,6830.55,6706.8,6712.5,0
2022-05-26 10:15:00,6712.15,6727.15,6656.8,6703.9,0
2022-05-26 11:15:00,6703.1,6727.45,6691.85,6721.0,0
2022-05-26 12:15:00,6721.05,6783.2,6720.7,6781.0,0
2022-05-26 13:15:00,6780.75,6835.7,6772.25,6777.45,0
2022-05-26 14:15:00,6777.7,6835.85,6777.25,6835.05,0
2022-05-26 15:15:00,6834.95,6857.85,6833.15,6856.95,0
2022-05-27 09:15:00,6911.95,6953.2,6904.7,6931.85,0
2022-05-27 10:15:00,6932.1,6933.7,6888.5,6896.95,0
2022-05-27 11:15:00,6896.65,6905.1,6866.5,6877.35,0
2022-05-27 12:15:00,6877.5,6916.9,6873.9,6902.0,0
2022-05-27 13:15:00,6901.0,6937.95,6883.05,6926.6,0
2022-05-27 14:15:00,6927.25,6929.95,6898.05,6926.7,0
2022-05-27 15:15:00,6926.75,6941.75,6926.75,6929.4,0
2022-05-30 09:15:00,7007.9,7080.75,6998.5,7079.7,0
2022-05-30 10:15:00,7079.25,7081.45,7059.75,7062.95,0
2022-05-30 11:15:00,7063.45,7066.9,7039.65,7043.3,0
2022-05-30 12:15:00,7043.2,7061.6,7027.25,7058.45,0
2022-05-30 13:15:00,7058.45,7077.35,7050.4,7055.0,0
2022-05-30 14:15:00,7054.65,7083.1,7045.6,7074.25,0
2022-05-30 15:15:00,7074.05,7083.4,7070.3,7081.65,0
2022-05-31 09:15:00,7079.95,7131.05,7066.2,7129.6,0
2022-05-31 10:15:00,7129.2,7153.25,7110.8,7150.0,0
2022-05-31 11:15:00,7150.65,7154.65,7118.75,7123.9,0
2022-05-31 12:15:00,7123.55,7149.3,7106.1,7128.9,0
2022-05-31 13:15:00,7129.15,7157.7,7121.85,7147.85,0
2022-05-31 14:15:00,7148.05,7164.85,7102.9,7103.15,0
2022-05-31 15:15:00,7102.95,7120.5,7092.9,7111.9,0
2022-06-01 09:15:00,7126.65,7180.25,7119.2,7144.45,0
2022-06-01 10:15:00,7144.45,7165.35,7137.75,7141.5,0
2022-06-01 11:15:00,7141.95,7158.9,7133.2,7140.5,0
2022-06-01 12:15:00,7140.65,7152.35,7129.2,7130.45,0
2022-06-01 13:15:00,7130.6,7139.85,7106.9,7108.9,0
2022-06-01 14:15:00,7108.7,7140.4,7091.85,7140.0,0
2022-06-01 15:15:00,7138.8,7156.1,7135.95,7155.1,0
2022-06-02 09:15:00,7149.85,7181.15,7130.2,7153.2,0
2022-06-02 10:15:00,7153.55,7159.45,7113.4,7124.55,0
2022-06-02 11:15:00,7124.55,7131.2,7103.5,7113.85,0
2022-06-02 12:15:00,7113.8,7140.0,7111.85,7128.25,0
2022-06-02 13:15:00,7127.85,7146.9,7118.05,7142.35,0
2022-06-02 14:15:00,7142.9,7190.25,7139.45,7185.5,0
2022-06-02 15:15:00,7185.95,7195.2,7184.5,7186.75,0
2022-06-03 09:15:00,7243.75,7251.65,7173.5,7175.7,0
2022-06-03 10:15:00,7175.7,7175.9,7134.45,7160.2,0
2022-06-03 11:15:00,7160.2,7162.0,7148.45,7158.4,0
2022-06-03 12:15:00,7158.55,7160.9,7108.9,7109.65,0
2022-06-03 13:15:00,7109.45,7114.25,7082.6,7112.6,0
2022-06-03 14:15:00,7112.6,7120.6,7038.4,7045.15,0
2022-06-03 15:15:00,7045.4,7067.8,7044.95,7058.9,0
2022-06-06 09:15:00,7035.3,7051.1,6945.15,6956.45,0
2022-06-06 10:15:00,6957.15,6987.6,6949.25,6969.5,0
2022-06-06 11:15:00,6969.55,6989.85,6959.5,6989.3,0
2022-06-06 12:15:00,6989.3,7022.55,6979.3,7013.55,0
2022-06-06 13:15:00,7013.35,7047.55,7009.1,7043.25,0
2022-06-06 14:15:00,7043.4,7044.4,7006.55,7036.35,0
2022-06-06 15:15:00,7035.3,7044.85,7030.5,7037.65,0
2022-06-07 09:15:00,7004.3,7022.1,6962.65,7021.15,0
2022-06-07 10:15:00,7022.25,7024.55,6981.9,6983.3,0
2022-06-07 11:15:00,6983.6,7005.7,6968.9,6996.3,0
2022-06-07 12:15:00,6996.15,7009.6,6978.5,6992.55,0
2022-06-07 13:15:00,6992.6,7004.35,6979.35,6981.8,0
2022-06-07 14:15:00,6981.95,7020.3,6968.65,7018.6,0
2022-06-07 15:15:00,7018.35,7027.05,7011.4,7016.35,0
2022-06-08 09:15:00,7034.65,7046.5,6973.6,7033.45,0
2022-06-08 10:15:00,7034.15,7090.1,7023.7,7049.55,0
2022-06-08 11:15:00,7049.4,7073.0,7045.75,7061.25,0
2022-06-08 12:15:00,7061.2,7073.6,7047.45,7048.45,0
2022-06-08 13:15:00,7047.8,7050.15,7007.35,7011.3,0
2022-06-08 14:15:00,7011.2,7028.05,6982.9,7018.55,0
2022-06-08 15:15:00,7018.55,7023.9,7008.85,7013.05,0
2022-06-09 09:15:00,6995.2,7009.9,6959.85,6984.85,0
2022-06-09 10:15:00,6984.1,7037.2,6978.35,7017.45,0
2022-06-09 11:15:00,7016.95,7018.85,7000.35,7006.1,0
2022-06-09 12:15:00,7005.65,7022.9,6989.75,6998.45,0
2022-06-09 13:15:00,6998.5,7025.4,6996.55,7024.65,0
2022-06-09 14:15:00,7024.95,7046.15,7018.2,7036.3,0
2022-06-09 15:15:00,7036.35,7053.9,7035.7,7050.7,0
2022-06-10 09:15:00,6983.25,6998.8,6946.4,6963.6,0
2022-06-10 10:15:00,6963.75,6987.05,6963.1,6982.35,0
2022-06-10 11:15:00,6982.25,6985.2,6956.35,6984.25,0
2022-06-10 12:15:00,6984.35,6985.25,6959.25,6971.75,0
2022-06-10 13:15:00,6972.0,6987.35,6954.7,6974.15,0
2022-06-10 14:15:00,6973.6,6988.8,6965.35,6980.45,0
2022-06-10 15:15:00,6980.6,6982.65,6968.1,6973.15,0
2022-06-13 09:15:00,6839.25,6846.15,6742.6,6771.8,0
2022-06-13 10:15:00,6772.0,6793.9,6750.55,6788.9,0
2022-06-13 11:15:00,6788.9,6799.65,6767.45,6770.7,0
2022-06-13 12:15:00,6770.6,6781.0,6720.8,6726.7,0
2022-06-13 13:15:00,6726.7,6752.7,6699.35,6703.55,0
2022-06-13 14:15:00,6702.4,6742.4,6697.2,6713.9,0
2022-06-13 15:15:00,6714.05,6740.7,6713.45,6740.1,0
2022-06-14 09:15:00,6666.25,6769.85,6666.25,6737.15,0
2022-06-14 10:15:00,6737.85,6803.55,6736.45,6796.05,0
2022-06-14 11:15:00,6796.45,6820.1,6778.35,6792.55,0
2022-06-14 12:15:00,6792.4,6794.1,6747.35,6776.7,0
2022-06-14 13:15:00,6776.6,6785.65,6731.7,6733.75,0
2022-06-14 14:15:00,6734.2,6763.9,6726.1,6746.7,0
2022-06-14 15:15:00,6747.65,6759.7,6745.15,6753.65,0
2022-06-15 09:15:00,6789.1,6804.7,6745.65,6779.45,0
2022-06-15 10:15:00,6779.1,6784.25,6759.45,6774.35,0
2022-06-15 11:15:00,6774.3,6805.25,6772.4,6792.8,0
2022-06-15 12:15:00,6792.15,6815.2,6788.4,6806.05,0
2022-06-15 13:15:00,6806.05,6811.1,6792.1,6793.35,0
2022-06-15 14:15:00,6793.85,6796.35,6773.65,6790.5,0
2022-06-15 15:15:00,6790.2,6794.75,6777.25,6780.65,0
2022-06-16 09:15:00,6865.55,6893.3,6830.3,6832.35,0
2022-06-16 10:15:00,6832.45,6839.8,6793.55,6800.45,0
2022-06-16 11:15:00,6800.3,6800.45,6704.5,6724.85,0
2022-06-16 12:15:00,6724.5,6742.2,6667.35,6673.35,0
2022-06-16 13:15:00,6673.35,6699.25,6630.1,6640.15,0
2022-06-16 14:15:00,6640.45,6656.55,6598.3,6617.9,0
2022-06-16 15:15:00,6617.15,6622.6,6601.9,6616.1,0
2022-06-17 09:15:00,6578.9,6659.05,6513.95,6561.5,0
2022-06-17 10:15:00,6560.85,6611.65,6539.65,6575.6,0
2022-06-17 11:15:00,6574.15,6589.95,6554.95,6578.25,0
2022-06-17 12:15:00,6578.6,6605.9,6567.4,6578.0,0
2022-06-17 13:15:00,6577.9,6626.65,6573.45,6597.9,0
2022-06-17 14:15:00,6597.95,6655.35,6567.4,6577.45,0
2022-06-17 15:15:00,6577.15,6617.95,6572.1,6615.95,0
2022-06-20 09:15:00,6607.15,6623.2,6478.45,6504.9,0
2022-06-20 10:15:00,6504.7,6530.5,6448.9,6473.05,0
2022-06-20 11:15:00,6472.05,6490.65,6447.15,6458.65,0
2022-06-20 12:15:00,6459.15,6479.0,6410.85,6426.45,0
2022-06-20 13:15:00,6426.9,6429.0,6369.8,6403.4,0
2022-06-20 14:15:00,6403.25,6438.9,6367.25,6437.9,0
2022-06-20 15:15:00,6439.15,6468.6,6437.6,6465.1,0
2022-06-21 09:15:00,6503.5,6569.1,6480.25,6562.65,0
2022-06-21 10:15:00,6562.3,6587.65,6553.6,6580.6,0
2022-06-21 11:15:00,6581.25,6596.25,6551.85,6580.1,0
2022-06-21 12:15:00,6579.9,6616.8,6578.45,6614.75,0
2022-06-21 13:15:00,6614.2,6633.4,6601.35,6631.2,0
2022-06-21 14:15:00,6631.9,6666.55,6623.5,6646.3,0
2022-06-21 15:15:00,6646.25,6657.9,6639.1,6648.8,0
2022-06-22 09:15:00,6622.85,6622.85,6545.3,6555.95,0
2022-06-22 10:15:00,6556.35,6608.9,6547.9,6587.0,0
2022-06-22 11:15:00,6587.05,6590.85,6549.35,6560.2,0
2022-06-22 12:15:00,6560.6,6579.4,6547.95,6552.55,0
2022-06-22 13:15:00,6552.75,6571.95,6529.0,6561.0,0
2022-06-22 14:15:00,6560.85,6567.15,6529.45,6544.4,0
2022-06-22 15:15:00,6543.8,6555.85,6528.95,6530.3,0
2022-06-23 09:15:00,6551.25,6645.65,6532.35,6645.15,0
2022-06-23 10:15:00,6645.35,6669.35,6643.45,6656.55,0
2022-06-23 11:15:00,6657.1,6668.95,6595.5,6620.9,0
2022-06-23 12:15:00,6620.05,6621.75,6556.8,6569.65,0
2022-06-23 13:15:00,6569.7,6634.1,6560.8,6597.85,0
2022-06-23 14:15:00,6597.7,6653.25,6591.7,6645.55,0
2022-06-23 15:15:00,6645.3,6654.8,6642.75,6650.45,0
2022-06-24 09:15:00,6696.05,6733.35,6681.6,6713.5,0
2022-06-24 10:15:00,6713.7,6732.6,6700.05,6731.2,0
2022-06-24 11:15:00,6731.3,6746.5,6714.25,6719.55,0
2022-06-24 12:15:00,6719.3,6742.35,6713.85,6737.35,0
2022-06-24 13:15:00,6737.55,6745.15,6718.85,6745.0,0
2022-06-24 14:15:00,6745.4,6755.45,6735.3,6754.1,0
2022-06-24 15:15:00,6753.6,6756.45,6741.85,6743.95,0
2022-06-27 09:15:00,6837.15,6846.75,6814.35,6822.1,0
2022-06-27 10:15:00,6821.55,6847.0,6817.15,6839.55,0
2022-06-27 11:15:00,6839.3,6850.15,6826.2,6839.55,0
2022-06-27 12:15:00,6840.3,6863.75,6839.85,6857.05,0
2022-06-27 13:15:00,6857.1,6876.15,6851.85,6858.5,0
2022-06-27 14:15:00,6858.75,6861.85,6820.35,6829.6,0
2022-06-27 15:15:00,6830.3,6837.65,6820.5,6824.45,0
2022-06-28 09:15:00,6796.5,6809.0,6763.65,6783.0,0
2022-06-28 10:15:00,6783.15,6802.4,6779.65,6795.9,0
2022-06-28 11:15:00,6795.75,6818.8,6792.5,6801.8,0
2022-06-28 12:15:00,6801.65,6840.65,6799.35,6813.6,0
2022-06-28 13:15:00,6813.4,6843.55,6811.45,6841.15,0
2022-06-28 14:15:00,6841.55,6861.2,6834.15,6856.8,0
2022-06-28 15:15:00,6856.05,6860.4,6843.1,6845.45,0
2022-06-29 09:15:00,6761.0,6785.6,6720.8,6767.05,0
2022-06-29 10:15:00,6766.95,6781.4,6752.9,6766.8,0
2022-06-29 11:15:00,6766.45,6773.95,6755.05,6755.35,0
2022-06-29 12:15:00,6755.6,6765.1,6741.0,6761.85,0
2022-06-29 13:15:00,6761.8,6779.5,6748.5,6779.4,0
2022-06-29 14:15:00,6779.35,6797.6,6771.05,6784.15,0
2022-06-29 15:15:00,6784.25,6788.75,6762.4,6762.4,0
2022-06-30 09:15:00,6789.4,6822.8,6782.8,6785.1,0
2022-06-30 10:15:00,6784.25,6784.25,6739.85,6742.65,0
2022-06-30 11:15:00,6741.85,6760.5,6733.7,6734.4,0
2022-06-30 12:15:00,6735.1,6753.0,6718.85,6752.2,0
2022-06-30 13:15:00,6752.0,6780.15,6748.55,6769.9,0
2022-06-30 14:15:00,6769.95,6777.05,6752.45,6756.55,0
2022-06-30 15:15:00,6756.85,6765.45,6739.1,6748.5,0
2022-07-01 09:15:00,6725.7,6743.65,6666.15,6676.85,0
2022-07-01 10:15:00,6676.45,6708.5,6658.9,6706.15,0
2022-07-01 11:15:00,6705.95,6721.25,6693.65,6712.05,0
2022-07-01 12:15:00,6712.5,6746.6,6702.45,6738.45,0
2022-07-01 13:15:00,6738.25,6757.6,6728.55,6733.3,0
2022-07-01 14:15:00,6733.45,6795.4,6731.75,6791.25,0
2022-07-01 15:15:00,6791.3,6804.4,6770.15,6772.8,0
2022-07-04 09:15:00,6784.05,6837.25,6724.45,6731.85,0
2022-07-04 10:15:00,6732.1,6780.1,6726.7,6767.2,0
2022-07-04 11:15:00,6767.0,6768.55,6743.55,6756.25,0
2022-07-04 12:15:00,6756.25,6763.75,6734.9,6743.1,0
2022-07-04 13:15:00,6743.15,6768.5,6737.15,6766.9,0
2022-07-04 14:15:00,6767.0,6804.55,6765.7,6798.25,0
2022-07-04 15:15:00,6798.7,6806.8,6795.9,6802.05,0
2022-07-05 09:15:00,6833.55,6851.4,6826.6,6847.2,0
2022-07-05 10:15:00,6846.35,6868.9,6841.85,6855.85,0
2022-07-05 11:15:00,6855.8,6874.0,6849.9,6865.35,0
2022-07-05 12:15:00,6864.85,6872.05,6836.35,6841.25,0
2022-07-05 13:15:00,6841.25,6847.6,6784.95,6789.2,0
2022-07-05 14:15:00,6789.1,6806.6,6753.95,6768.4,0
2022-07-05 15:15:00,6769.75,6774.4,6757.45,6761.7,0
2022-07-06 09:15:00,6771.0,6821.45,6759.6,6805.45,0
2022-07-06 10:15:00,6806.1,6807.4,6787.75,6799.75,0
2022-07-06 11:15:00,6799.65,6813.05,6790.15,6808.2,0
2022-07-06 12:15:00,6807.7,6847.3,6804.7,6845.15,0
2022-07-06 13:15:00,6844.55,6856.75,6830.55,6831.15,0
2022-07-06 14:15:00,6830.85,6881.7,6827.6,6881.65,0
2022-07-06 15:15:00,6881.5,6885.4,6869.55,6870.7,0
2022-07-07 09:15:00,6919.8,6933.85,6905.4,6924.9,0
2022-07-07 10:15:00,6924.75,6934.15,6914.35,6916.35,0
2022-07-07 11:15:00,6915.2,6931.0,6910.05,6922.1,0
2022-07-07 12:15:00,6922.25,6938.1,6919.9,6926.35,0
2022-07-07 13:15:00,6926.2,6937.4,6878.35,6879.2,0
2022-07-07 14:15:00,6878.8,6949.6,6873.05,6947.45,0
2022-07-07 15:15:00,6947.6,6953.7,6945.5,6950.0,0
2022-07-08 09:15:00,7001.85,7007.9,6958.5,6974.5,0
2022-07-08 10:15:00,6974.75,6979.1,6946.8,6950.4,0
2022-07-08 11:15:00,6951.45,6958.8,6921.55,6933.9,0
2022-07-08 12:15:00,6934.0,6950.95,6926.55,6939.6,0
2022-07-08 13:15:00,6939.65,6959.2,6928.0,6937.3,0
2022-07-08 14:15:00,6938.25,6977.0,6916.5,6965.25,0
2022-07-08 15:15:00,6965.05,6965.55,6948.85,6950.3,0
2022-07-11 09:15:00,6929.25,6972.0,6910.55,6961.2,0
2022-07-11 10:15:00,6960.9,6962.55,6917.9,6925.8,0
2022-07-11 11:15:00,6925.7,6926.8,6904.55,6919.8,0
2022-07-11 12:15:00,6919.9,6933.2,6912.75,6932.9,0
2022-07-11 13:15:00,6932.9,6953.25,6927.15,6945.1,0
2022-07-11 14:15:00,6945.35,6968.05,6944.5,6958.2,0
2022-07-11 15:15:00,6958.5,6963.45,6950.5,6957.2,0
2022-07-12 09:15:00,6927.25,6967.15,6902.2,6963.9,0
2022-07-12 10:15:00,6963.5,6969.6,6949.75,6950.35,0
2022-07-12 11:15:00,6950.35,6950.5,6911.25,6921.45,0
2022-07-12 12:15:00,6921.65,6922.25,6898.15,6907.5,0
2022-07-12 13:15:00,6907.35,6926.15,6895.55,6925.8,0
2022-07-12 14:15:00,6925.75,6931.35,6882.25,6883.7,0
2022-07-12 15:15:00,6883.45,6886.95,6862.45,6867.65,0
2022-07-13 09:15:00,6908.7,6945.75,6906.5,6937.9,0
2022-07-13 10:15:00,6937.9,6938.95,6892.15,6922.6,0
2022-07-13 11:15:00,6922.85,6938.75,6919.95,6929.15,0
2022-07-13 12:15:00,6929.05,6938.1,6884.95,6892.2,0
2022-07-13 13:15:00,6891.6,6913.6,6879.2,6903.7,0
2022-07-13 14:15:00,6904.1,6928.65,6901.55,6907.3,0
2022-07-13 15:15:00,6907.45,6917.4,6906.6,6913.95,0
2022-07-14 09:15:00,6928.2,6949.35,6900.25,6933.6,0
2022-07-14 10:15:00,6933.65,6935.1,6911.8,6919.15,0
2022-07-14 11:15:00,6919.15,6919.4,6870.45,6880.15,0
2022-07-14 12:15:00,6879.55,6906.25,6877.7,6891.2,0
2022-07-14 13:15:00,6890.95,6893.95,6859.0,6859.0,0
2022-07-14 14:15:00,6858.5,6903.1,6849.95,6897.7,0
2022-07-14 15:15:00,6897.85,6905.55,6897.25,6899.85,0
2022-07-15 09:15:00,6907.95,6936.5,6890.65,6917.9,0
2022-07-15 10:15:00,6917.75,6925.1,6896.3,6902.1,0
2022-07-15 11:15:00,6902.45,6927.25,6902.45,6916.1,0
2022-07-15 12:15:00,6915.9,6929.95,6902.95,6922.35,0
2022-07-15 13:15:00,6922.8,6936.1,6911.55,6936.1,0
2022-07-15 14:15:00,6935.15,6984.3,6934.65,6983.55,0
2022-07-15 15:15:00,6984.3,6989.45,6974.25,6979.45,0
2022-07-18 09:15:00,7044.35,7102.45,7039.05,7086.95,0
2022-07-18 10:15:00,7086.55,7088.8,7068.2,7078.8,0
2022-07-18 11:15:00,7078.9,7096.6,7073.1,7094.65,0
2022-07-18 12:15:00,7093.9,7106.15,7080.95,7090.05,0
2022-07-18 13:15:00,7090.85,7104.2,7087.4,7102.15,0
2022-07-18 14:15:00,7102.1,7127.25,7101.05,7115.3,0
2022-07-18 15:15:00,7115.05,7132.35,7113.95,7124.0,0
2022-07-19 09:15:00,7078.65,7161.15,7064.85,7156.45,0
2022-07-19 10:15:00,7156.75,7164.3,7144.4,7164.2,0
2022-07-19 11:15:00,7163.7,7163.95,7104.35,7130.5,0
2022-07-19 12:15:00,7130.7,7134.8,7118.15,7119.9,0
2022-07-19 13:15:00,7120.05,7147.65,7115.8,7140.7,0
2022-07-19 14:15:00,7140.55,7183.2,7130.0,7178.6,0
2022-07-19 15:15:00,7177.45,7180.6,7170.05,7175.25,0
2022-07-20 09:15:00,7253.85,7268.0,7226.55,7256.3,0
2022-07-20 10:15:00,7256.45,7283.55,7254.65,7279.15,0
2022-07-20 11:15:00,7279.85,7282.8,7254.45,7265.65,0
2022-07-20 12:15:00,7266.25,7270.3,7212.5,7214.25,0
2022-07-20 13:15:00,7214.05,7242.45,7210.95,7226.65,0
2022-07-20 14:15:00,7227.2,7235.05,7203.75,7224.55,0
2022-07-20 15:15:00,7224.6,7225.95,7209.5,7211.95,0
2022-07-21 09:15:00,7216.25,7311.85,7208.35,7305.0,0
2022-07-21 10:15:00,7304.95,7331.6,7291.1,7326.2,0
2022-07-21 11:15:00,7326.35,7334.85,7314.25,7315.35,0
2022-07-21 12:15:00,7315.65,7319.1,7295.45,7302.55,0
2022-07-21 13:15:00,7302.55,7314.05,7278.15,7290.5,0
2022-07-21 14:15:00,7290.15,7329.6,7289.65,7329.3,0
2022-07-21 15:15:00,7328.9,7337.7,7324.85,7328.2,0
2022-07-22 09:15:00,7349.0,7380.2,7338.95,7346.15,0
2022-07-22 10:15:00,7345.95,7363.55,7327.85,7337.4,0
2022-07-22 11:15:00,7338.0,7349.25,7335.1,7345.2,0
2022-07-22 12:15:00,7345.0,7355.9,7337.85,7343.0,0
2022-07-22 13:15:00,7342.9,7356.95,7319.45,7348.7,0
2022-07-22 14:15:00,7348.6,7364.9,7342.8,7361.85,0
2022-07-22 15:15:00,7361.5,7361.95,7339.3,7344.8,0
2022-07-25 09:15:00,7355.7,7381.15,7321.35,7341.05,0
2022-07-25 10:15:00,7342.1,7361.0,7329.55,7331.15,0
2022-07-25 11:15:00,7331.4,7348.4,7329.1,7335.6,0
2022-07-25 12:15:00,7335.3,7350.25,7328.1,7348.15,0
2022-07-25 13:15:00,7347.8,7372.6,7341.3,7372.1,0
2022-07-25 14:15:00,7371.65,7388.95,7368.2,7369.45,0
2022-07-25 15:15:00,7370.45,7372.5,7351.75,7356.0,0
2022-07-26 09:15:00,7369.15,7369.15,7279.2,7284.6,0
2022-07-26 10:15:00,7283.85,7288.1,7259.65,7264.15,0
2022-07-26 11:15:00,7264.4,7278.05,7261.95,7263.05,0
2022-07-26 12:15:00,7262.9,7276.7,7250.1,7274.85,0
2022-07-26 13:15:00,7274.95,7281.4,7244.85,7272.2,0
2022-07-26 14:15:00,7273.15,7277.75,7243.7,7247.4,0
2022-07-26 15:15:00,7247.2,7251.85,7236.25,7239.75,0
2022-07-27 09:15:00,7220.5,7254.75,7209.45,7249.7,0
2022-07-27 10:15:00,7249.8,7253.65,7227.95,7234.5,0
2022-07-27 11:15:00,7234.6,7247.8,7233.3,7247.3,0
2022-07-27 12:15:00,7247.7,7256.95,7228.8,7250.4,0
2022-07-27 13:15:00,7250.5,7262.55,7244.1,7253.25,0
2022-07-27 14:15:00,7253.0,7289.65,7248.85,7286.2,0
2022-07-27 15:15:00,7286.35,7290.85,7268.45,7272.65,0
2022-07-28 09:15:00,7330.2,7348.65,7281.45,7311.45,0
2022-07-28 10:15:00,7311.2,7353.15,7305.1,7351.6,0
2022-07-28 11:15:00,7350.65,7351.8,7326.05,7331.45,0
2022-07-28 12:15:00,7330.95,7337.3,7311.0,7316.05,0
2022-07-28 13:15:00,7316.5,7322.25,7303.25,7310.45,0
2022-07-28 14:15:00,7310.3,7345.4,7298.15,7337.05,0
2022-07-28 15:15:00,7336.75,7339.45,7327.05,7327.05,0
2022-07-29 09:15:00,7412.5,7443.85,7403.1,7407.85,0
2022-07-29 10:15:00,7407.25,7415.9,7355.45,7382.55,0
2022-07-29 11:15:00,7381.9,7410.0,7372.8,7408.95,0
2022-07-29 12:15:00,7409.35,7420.1,7400.4,7415.05,0
2022-07-29 13:15:00,7417.0,7425.95,7376.6,7380.55,0
2022-07-29 14:15:00,7379.8,7413.35,7365.05,7408.3,0
2022-07-29 15:15:00,7409.15,7412.0,7394.85,7397.95,0
2022-08-01 09:15:00,7437.5,7515.0,7425.25,7514.5,0
2022-08-01 10:15:00,7514.25,7516.75,7484.05,7491.0,0
2022-08-01 11:15:00,7490.8,7506.35,7482.55,7500.85,0
2022-08-01 12:15:00,7499.95,7528.25,7494.5,7522.85,0
2022-08-01 13:15:00,7522.7,7533.05,7502.2,7531.85,0
2022-08-01 14:15:00,7532.0,7560.55,7520.8,7549.05,0
2022-08-01 15:15:00,7548.05,7557.65,7545.65,7547.65,0
2022-08-02 09:15:00,7551.1,7551.1,7494.35,7511.3,0
2022-08-02 10:15:00,7512.05,7571.6,7507.1,7563.65,0
2022-08-02 11:15:00,7563.85,7565.75,7548.95,7554.05,0
2022-08-02 12:15:00,7554.3,7555.75,7506.65,7518.4,0
2022-08-02 13:15:00,7517.6,7555.85,7517.1,7542.65,0
2022-08-02 14:15:00,7543.35,7588.45,7541.25,7581.55,0
2022-08-02 15:15:00,7581.85,7585.4,7545.9,7549.65,0
2022-08-03 09:15:00,7571.6,7585.55,7479.6,7506.8,0
2022-08-03 10:15:00,7507.95,7507.95,7449.45,7453.6,0
2022-08-03 11:15:00,7453.45,7466.5,7426.65,7439.25,0
2022-08-03 12:15:00,7439.35,7454.95,7420.45,7447.95,0
2022-08-03 13:15:00,7447.55,7456.65,7423.15,7448.3,0
2022-08-03 14:15:00,7448.85,7483.35,7440.95,7480.7,0
2022-08-03 15:15:00,7480.9,7481.85,7457.75,7464.6,0
2022-08-04 09:15:00,7516.85,7566.95,7495.7,7500.95,0
2022-08-04 10:15:00,7500.75,7505.15,7475.65,7478.65,0
2022-08-04 11:15:00,7477.8,7478.0,7349.35,7422.65,0
2022-08-04 12:15:00,7423.1,7453.15,7403.0,7438.8,0
2022-08-04 13:15:00,7438.85,7462.4,7422.65,7430.95,0
2022-08-04 14:15:00,7430.4,7493.5,7424.15,7478.75,0
2022-08-04 15:15:00,7479.2,7481.6,7464.75,7469.5,0
2022-08-05 09:15:00,7493.9,7495.4,7443.7,7472.95,0
2022-08-05 10:15:00,7473.15,7493.3,7467.0,7486.3,0
2022-08-05 11:15:00,7486.0,7489.45,7451.35,7474.25,0
2022-08-05 12:15:00,7473.8,7486.1,7448.15,7461.7,0
2022-08-05 13:15:00,7461.2,7482.05,7453.0,7455.2,0
2022-08-05 14:15:00,7454.65,7476.75,7432.9,7467.1,0
2022-08-05 15:15:00,7466.95,7474.15,7453.75,7457.2,0
2022-08-08 09:15:00,7474.3,7508.35,7456.95,7490.25,0
2022-08-08 10:15:00,7490.45,7496.2,7468.75,7489.35,0
2022-08-08 11:15:00,7489.4,7524.5,7488.7,7523.4,0
2022-08-08 12:15:00,7524.0,7549.9,7518.05,7540.2,0
2022-08-08 13:15:00,7540.2,7549.55,7529.6,7546.95,0
2022-08-08 14:15:00,7545.7,7554.95,7529.55,7534.1,0
2022-08-08 15:15:00,7534.65,7544.15,7530.55,7543.75,0
2022-08-10 09:15:00,7555.6,7566.75,7500.7,7529.3,0
2022-08-10 10:15:00,7529.45,7549.75,7523.15,7539.2,0
2022-08-10 11:15:00,7539.15,7548.85,7525.15,7540.2,0
2022-08-10 12:15:00,7541.0,7552.05,7531.1,7542.05,0
2022-08-10 13:15:00,7542.3,7551.0,7529.95,7546.65,0
2022-08-10 14:15:00,7546.85,7563.05,7544.6,7555.8,0
2022-08-10 15:15:00,7555.65,7560.05,7549.8,7555.9,0
2022-08-11 09:15:00,7613.9,7635.55,7593.8,7618.9,0
2022-08-11 10:15:00,7619.35,7653.15,7618.65,7647.65,0
2022-08-11 11:15:00,7647.65,7647.65,7623.7,7633.6,0
2022-08-11 12:15:00,7633.8,7643.05,7603.45,7610.3,0
2022-08-11 13:15:00,7609.9,7611.55,7586.0,7588.25,0
2022-08-11 14:15:00,7588.0,7612.5,7576.8,7596.3,0
2022-08-11 15:15:00,7596.7,7606.45,7594.35,7606.45,0
2022-08-12 09:15:00,7625.3,7649.6,7596.85,7645.55,0
2022-08-12 10:15:00,7645.0,7661.9,7638.45,7647.8,0
2022-08-12 11:15:00,7647.6,7650.95,7638.25,7643.0,0
2022-08-12 12:15:00,7643.0,7647.55,7629.4,7634.4,0
2022-08-12 13:15:00,7634.55,7637.45,7624.3,7630.1,0
2022-08-12 14:15:00,7630.3,7631.3,7598.65,7610.85,0
2022-08-12 15:15:00,7610.25,7618.65,7608.8,7616.2,0
2022-08-16 09:15:00,7646.45,7677.5,7641.3,7667.8,0
2022-08-16 10:15:00,7667.35,7676.55,7654.05,7658.25,0
2022-08-16 11:15:00,7658.3,7660.0,7620.35,7630.6,0
2022-08-16 12:15:00,7630.15,7642.15,7621.5,7621.5,0
2022-08-16 13:15:00,7621.6,7628.25,7616.0,7625.3,0
2022-08-16 14:15:00,7625.75,7641.6,7618.1,7639.55,0
2022-08-16 15:15:00,7639.35,7641.9,7634.95,7636.6,0
2022-08-17 09:15:00,7674.1,7686.7,7655.65,7668.8,0
2022-08-17 10:15:00,7668.4,7692.65,7666.6,7688.75,0
2022-08-17 11:15:00,7689.2,7697.05,7675.85,7695.1,0
2022-08-17 12:15:00,7695.3,7701.1,7678.65,7682.15,0
2022-08-17 13:15:00,7682.25,7683.85,7662.75,7666.0,0
2022-08-17 14:15:00,7666.15,7686.8,7657.8,7678.15,0
2022-08-17 15:15:00,7677.8,7678.55,7656.6,7661.25,0
2022-08-18 09:15:00,7669.5,7709.65,7650.9,7705.2,0
2022-08-18 10:15:00,7704.6,7704.6,7681.85,7682.9,0
2022-08-18 11:15:00,7682.45,7686.7,7654.0,7661.7,0
2022-08-18 12:15:00,7661.95,7673.65,7654.0,7667.0,0
2022-08-18 13:15:00,7666.5,7673.8,7660.65,7673.8,0
2022-08-18 14:15:00,7673.85,7713.3,7671.55,7710.0,0
2022-08-18 15:15:00,7709.45,7713.15,7698.15,7709.35,0
2022-08-19 09:15:00,7727.5,7741.75,7696.2,7732.4,0
2022-08-19 10:15:00,7732.1,7761.65,7699.95,7705.0,0
2022-08-19 11:15:00,7704.55,7721.25,7648.65,7678.7,0
2022-08-19 12:15:00,7678.65,7695.5,7628.5,7694.8,0
2022-08-19 13:15:00,7694.75,7702.85,7630.35,7654.9,0
2022-08-19 14:15:00,7654.6,7676.05,7641.8,7642.25,0
2022-08-19 15:15:00,7642.55,7642.55,7597.15,7600.25,0
2022-08-22 09:15:00,7602.45,7602.45,7520.7,7550.55,0
2022-08-22 10:15:00,7550.7,7555.9,7512.75,7529.5,0
2022-08-22 11:15:00,7529.25,7565.15,7528.15,7556.5,0
2022-08-22 12:15:00,7556.5,7573.5,7527.15,7530.1,0
2022-08-22 13:15:00,7529.65,7541.95,7495.75,7511.4,0
2022-08-22 14:15:00,7511.1,7527.35,7480.45,7494.5,0
2022-08-22 15:15:00,7494.7,7502.6,7481.1,7488.6,0
2022-08-23 09:15:00,7434.75,7575.7,7427.75,7538.45,0
2022-08-23 10:15:00,7538.3,7555.7,7476.25,7487.05,0
2022-08-23 11:15:00,7487.35,7528.8,7484.65,7514.45,0
2022-08-23 12:15:00,7514.2,7557.6,7509.8,7556.15,0
2022-08-23 13:15:00,7555.95,7585.05,7551.2,7578.75,0
2022-08-23 14:15:00,7578.7,7597.9,7571.5,7594.7,0
2022-08-23 15:15:00,7594.1,7621.05,7593.15,7618.45,0
2022-08-24 09:15:00,7610.35,7645.3,7581.8,7616.7,0
2022-08-24 10:15:00,7617.25,7628.05,7611.3,7625.5,0
2022-08-24 11:15:00,7624.95,7627.4,7590.75,7592.65,0
2022-08-24 12:15:00,7592.3,7598.05,7556.45,7563.75,0
2022-08-24 13:15:00,7564.0,7597.0,7550.5,7593.4,0
2022-08-24 14:15:00,7593.4,7650.7,7587.95,7645.45,0
2022-08-24 15:15:00,7645.55,7647.6,7634.25,7634.25,0
2022-08-25 09:15:00,7685.3,7712.5,7677.1,7695.35,0
2022-08-25 10:15:00,7695.6,7696.3,7670.6,7689.0,0
2022-08-25 11:15:00,7689.05,7695.6,7671.45,7685.75,0
2022-08-25 12:15:00,7686.15,7690.05,7676.4,7683.4,0
2022-08-25 13:15:00,7683.6,7689.1,7672.4,7680.65,0
2022-08-25 14:15:00,7680.75,7683.15,7601.95,7602.05,0
2022-08-25 15:15:00,7601.35,7615.0,7598.6,7613.25,0
2022-08-26 09:15:00,7666.45,7713.4,7666.45,7699.7,0
2022-08-26 10:15:00,7699.1,7699.4,7677.5,7681.15,0
2022-08-26 11:15:00,7681.35,7690.0,7674.95,7681.3,0
2022-08-26 12:15:00,7681.2,7681.55,7647.9,7654.15,0
2022-08-26 13:15:00,7654.4,7660.0,7638.1,7655.6,0
2022-08-26 14:15:00,7654.85,7658.0,7615.05,7635.95,0
2022-08-26 15:15:00,7636.2,7651.85,7629.85,7636.2,0
2022-08-29 09:15:00,7425.2,7540.25,7425.2,7511.85,0
2022-08-29 10:15:00,7511.95,7523.95,7504.0,7505.75,0
2022-08-29 11:15:00,7504.85,7531.2,7504.15,7521.9,0
2022-08-29 12:15:00,7521.9,7536.25,7510.65,7517.25,0
2022-08-29 13:15:00,7517.4,7535.4,7513.05,7525.55,0
2022-08-29 14:15:00,7525.35,7532.3,7509.6,7526.9,0
2022-08-29 15:15:00,7526.7,7539.1,7526.0,7530.9,0
2022-08-30 09:15:00,7587.45,7639.25,7580.5,7633.2,0
2022-08-30 10:15:00,7633.45,7644.15,7627.6,7642.75,0
2022-08-30 11:15:00,7643.05,7657.95,7638.05,7653.55,0
2022-08-30 12:15:00,7653.1,7658.15,7634.55,7655.2,0
2022-08-30 13:15:00,7655.55,7687.25,7654.7,7686.15,0
2022-08-30 14:15:00,7686.1,7691.65,7671.35,7673.45,0
2022-08-30 15:15:00,7673.2,7685.6,7670.6,7682.05,0
2022-09-01 09:15:00,7632.55,7738.05,7623.15,7731.55,0
2022-09-01 10:15:00,7732.05,7743.35,7726.8,7736.7,0
2022-09-01 11:15:00,7737.0,7740.15,7702.65,7718.0,0
2022-09-01 12:15:00,7718.15,7720.0,7685.0,7690.9,0
2022-09-01 13:15:00,7690.4,7700.65,7666.55,7689.45,0
2022-09-01 14:15:00,7688.4,7734.85,7681.0,7731.7,0
2022-09-01 15:15:00,7731.3,7734.8,7715.25,7720.1,0
2022-09-02 09:15:00,7770.95,7800.2,7760.65,7787.15,0
2022-09-02 10:15:00,7787.05,7812.45,7776.45,7794.45,0
2022-09-02 11:15:00,7794.5,7795.75,7769.45,7772.5,0
2022-09-02 12:15:00,7773.15,7786.95,7771.6,7777.1,0
2022-09-02 13:15:00,7777.05,7791.1,7757.35,7787.2,0
2022-09-02 14:15:00,7787.6,7791.05,7722.65,7745.0,0
2022-09-02 15:15:00,7744.65,7747.65,7731.75,7736.9,0
2022-09-05 09:15:00,7783.55,7838.7,7773.7,7826.35,0
2022-09-05 10:15:00,7826.5,7834.45,7790.4,7797.95,0
2022-09-05 11:15:00,7798.35,7811.55,7788.85,7806.5,0
2022-09-05 12:15:00,7806.3,7813.4,7796.5,7798.5,0
2022-09-05 13:15:00,7798.75,7808.1,7781.85,7799.15,0
2022-09-05 14:15:00,7799.05,7812.4,7794.1,7808.8,0
2022-09-05 15:15:00,7808.75,7810.0,7800.0,7803.5,0
2022-09-06 09:15:00,7841.75,7853.6,7827.0,7831.9,0
2022-09-06 10:15:00,7831.8,7832.2,7803.1,7822.5,0
2022-09-06 11:15:00,7822.05,7831.75,7810.15,7823.15,0
2022-09-06 12:15:00,7823.65,7851.1,7821.7,7840.45,0
2022-09-06 13:15:00,7840.5,7852.85,7830.75,7839.4,0
2022-09-06 14:15:00,7839.05,7843.3,7805.5,7827.0,0
2022-09-06 15:15:00,7826.9,7830.75,7822.6,7828.8,0
2022-09-07 09:15:00,7798.6,7833.75,7788.55,7798.2,0
2022-09-07 10:15:00,7798.55,7803.75,7757.55,7757.55,0
2022-09-07 11:15:00,7757.55,7786.2,7751.1,7785.75,0
2022-09-07 12:15:00,7785.5,7791.55,7777.55,7788.9,0
2022-09-07 13:15:00,7788.8,7805.05,7785.75,7794.2,0
2022-09-07 14:15:00,7794.75,7820.3,7787.75,7817.65,0
2022-09-07 15:15:00,7817.9,7821.8,7811.45,7815.4,0
2022-09-08 09:15:00,7880.6,7885.25,7839.4,7854.05,0
2022-09-08 10:15:00,7853.9,7859.8,7822.45,7832.4,0
2022-09-08 11:15:00,7831.9,7837.65,7822.5,7830.4,0
2022-09-08 12:15:00,7830.3,7830.9,7785.55,7806.6,0
2022-09-08 13:15:00,7806.45,7810.95,7789.05,7798.15,0
2022-09-08 14:15:00,7797.85,7816.3,7797.6,7805.8,0
2022-09-08 15:15:00,7805.55,7813.4,7804.15,7808.3,0
2022-09-09 09:15:00,7861.45,7890.95,7835.75,7886.3,0
2022-09-09 10:15:00,7886.05,7891.6,7848.25,7852.1,0
2022-09-09 11:15:00,7851.95,7852.45,7806.2,7806.7,0
2022-09-09 12:15:00,7806.4,7839.15,7804.15,7822.6,0
2022-09-09 13:15:00,7822.6,7844.7,7799.8,7843.5,0
2022-09-09 14:15:00,7844.1,7851.7,7835.6,7840.1,0
2022-09-09 15:15:00,7839.15,7844.2,7832.6,7840.6,0
2022-09-12 09:15:00,7874.0,7905.0,7850.55,7901.9,0
2022-09-12 10:15:00,7901.75,7905.65,7891.25,7894.35,0
2022-09-12 11:15:00,7893.95,7911.75,7893.15,7908.95,0
2022-09-12 12:15:00,7908.3,7916.15,7897.75,7899.2,0
2022-09-12 13:15:00,7900.1,7910.6,7887.9,7902.35,0
2022-09-12 14:15:00,7902.0,7928.35,7900.1,7925.65,0
2022-09-12 15:15:00,7925.45,7926.55,7913.1,7919.6,0
2022-09-13 09:15:00,7960.7,7969.4,7927.05,7941.5,0
2022-09-13 10:15:00,7941.35,7948.65,7921.65,7925.8,0
2022-09-13 11:15:00,7926.55,7938.0,7923.7,7927.05,0
2022-09-13 12:15:00,7926.95,7933.65,7922.65,7923.2,0
2022-09-13 13:15:00,7923.15,7935.45,7919.75,7931.35,0
2022-09-13 14:15:00,7931.3,7933.3,7916.2,7919.65,0
2022-09-13 15:15:00,7919.35,7920.0,7908.65,7915.75,0
2022-09-14 09:15:00,7820.15,7904.9,7808.7,7872.05,0
2022-09-14 10:15:00,7872.45,7892.9,7861.0,7887.85,0
2022-09-14 11:15:00,7887.95,7903.4,7881.55,7900.4,0
2022-09-14 12:15:00,7900.15,7916.2,7898.95,7913.55,0
2022-09-14 13:15:00,7913.4,7916.0,7887.25,7906.75,0
2022-09-14 14:15:00,7906.6,7919.2,7886.8,7887.45,0
2022-09-14 15:15:00,7888.2,7894.95,7884.0,7889.75,0
2022-09-15 09:15:00,7944.8,7961.1,7887.4,7902.25,0
2022-09-15 10:15:00,7902.45,7916.3,7846.05,7866.05,0
2022-09-15 11:15:00,7867.4,7888.45,7853.3,7872.25,0
2022-09-15 12:15:00,7872.2,7901.0,7866.3,7896.65,0
2022-09-15 13:15:00,7897.1,7919.75,7888.85,7909.15,0
2022-09-15 14:15:00,7908.95,7932.25,7903.25,7908.95,0
2022-09-15 15:15:00,7909.3,7912.7,7899.65,7904.85,0
2022-09-16 09:15:00,7908.55,7923.85,7802.6,7831.15,0
2022-09-16 10:15:00,7830.95,7865.5,7808.15,7845.5,0
2022-09-16 11:15:00,7845.65,7861.4,7819.5,7821.35,0
2022-09-16 12:15:00,7821.3,7837.3,7728.05,7728.9,0
2022-09-16 13:15:00,7728.55,7736.1,7624.45,7630.45,0
2022-09-16 14:15:00,7630.3,7729.65,7601.9,7674.6,0
2022-09-16 15:15:00,7675.1,7687.25,7663.15,7682.65,0
2022-09-19 09:15:00,7703.3,7729.55,7613.4,7705.2,0
2022-09-19 10:15:00,7704.35,7715.65,7675.35,7687.75,0
2022-09-19 11:15:00,7687.9,7697.35,7627.05,7655.25,0
2022-09-19 12:15:00,7655.3,7698.7,7654.35,7666.35,0
2022-09-19 13:15:00,7666.1,7696.45,7644.8,7690.25,0
2022-09-19 14:15:00,7692.05,7693.2,7639.7,7657.1,0
2022-09-19 15:15:00,7656.4,7667.5,7649.1,7662.4,0
2022-09-20 09:15:00,7714.35,7818.85,7714.35,7813.1,0
2022-09-20 10:15:00,7813.4,7837.6,7812.25,7825.25,0
2022-09-20 11:15:00,7825.5,7834.8,7811.7,7819.8,0
2022-09-20 12:15:00,7819.8,7822.35,7800.55,7802.8,0
2022-09-20 13:15:00,7802.65,7806.95,7766.35,7783.85,0
2022-09-20 14:15:00,7783.8,7788.1,7763.4,7768.05,0
2022-09-20 15:15:00,7768.1,7774.25,7761.9,7769.75,0
2022-09-21 09:15:00,7772.45,7813.85,7748.05,7778.7,0
2022-09-21 10:15:00,7778.65,7798.1,7772.2,7779.05,0
2022-09-21 11:15:00,7779.5,7787.55,7699.95,7720.95,0
2022-09-21 12:15:00,7720.75,7740.1,7688.45,7720.35,0
2022-09-21 13:15:00,7719.75,7755.3,7716.95,7746.45,0
2022-09-21 14:15:00,7746.75,7752.5,7714.5,7717.15,0
2022-09-21 15:15:00,7718.0,7718.0,7704.95,7709.4,0
2022-09-22 09:15:00,7687.3,7782.05,7684.6,7739.05,0
2022-09-22 10:15:00,7738.45,7740.65,7697.8,7706.65,0
2022-09-22 11:15:00,7707.0,7707.0,7648.7,7666.05,0
2022-09-22 12:15:00,7666.05,7689.8,7654.3,7681.9,0
2022-09-22 13:15:00,7682.1,7749.15,7681.9,7729.35,0
2022-09-22 14:15:00,7730.0,7747.7,7711.6,7716.1,0
2022-09-22 15:15:00,7716.65,7740.2,7716.65,7738.1,0
2022-09-23 09:15:00,7729.95,7750.0,7585.15,7592.15,0
2022-09-23 10:15:00,7591.95,7609.4,7564.5,7582.85,0
2022-09-23 11:15:00,7583.95,7605.75,7567.85,7576.95,0
2022-09-23 12:15:00,7576.75,7576.95,7533.7,7537.1,0
2022-09-23 13:15:00,7537.1,7561.8,7500.8,7526.4,0
2022-09-23 14:15:00,7527.0,7535.05,7487.95,7489.5,0
2022-09-23 15:15:00,7488.8,7498.45,7480.35,7494.25,0
2022-09-26 09:15:00,7429.05,7429.45,7197.55,7219.85,0
2022-09-26 10:15:00,7219.0,7226.1,7157.0,7177.0,0
2022-09-26 11:15:00,7177.2,7266.95,7169.9,7263.8,0
2022-09-26 12:15:00,7264.1,7317.5,7245.05,7313.65,0
2022-09-26 13:15:00,7313.45,7318.25,7270.55,7281.7,0
2022-09-26 14:15:00,7280.9,7322.2,7246.15,7257.4,0
2022-09-26 15:15:00,7257.15,7264.8,7249.15,7252.5,0
2022-09-27 09:15:00,7300.2,7317.7,7202.05,7210.0,0
2022-09-27 10:15:00,7210.9,7242.85,7185.3,7188.9,0
2022-09-27 11:15:00,7189.35,7278.15,7187.9,7261.6,0
2022-09-27 12:15:00,7261.7,7298.85,7246.35,7295.8,0
2022-09-27 13:15:00,7296.15,7307.35,7276.05,7276.15,0
2022-09-27 14:15:00,7276.55,7297.35,7248.95,7270.45,0
2022-09-27 15:15:00,7271.05,7293.85,7271.05,7293.0,0
2022-09-28 09:15:00,7221.65,7292.45,7203.1,7291.4,0
2022-09-28 10:15:00,7292.05,7299.85,7256.4,7291.85,0
2022-09-28 11:15:00,7292.0,7313.35,7288.2,7299.1,0
2022-09-28 12:15:00,7299.1,7306.95,7277.6,7286.0,0
2022-09-28 13:15:00,7285.4,7305.85,7272.85,7275.05,0
2022-09-28 14:15:00,7274.35,7285.8,7212.65,7212.7,0
2022-09-28 15:15:00,7213.4,7213.7,7193.15,7203.65,0
2022-09-29 09:15:00,7281.75,7331.7,7280.7,7312.6,0
2022-09-29 10:15:00,7312.25,7313.45,7252.95,7256.65,0
2022-09-29 11:15:00,7257.15,7257.2,7205.1,7229.55,0
2022-09-29 12:15:00,7229.7,7244.05,7191.55,7198.6,0
2022-09-29 13:15:00,7198.25,7220.45,7187.65,7212.05,0
2022-09-29 14:15:00,7211.7,7252.95,7189.65,7236.1,0
2022-09-29 15:15:00,7236.95,7257.0,7230.7,7247.6,0
2022-09-30 09:15:00,7239.85,7260.15,7159.35,7214.8,0
2022-09-30 10:15:00,7215.4,7294.95,7215.4,7283.75,0
2022-09-30 11:15:00,7284.65,7325.2,7276.45,7315.95,0
2022-09-30 12:15:00,7315.3,7375.25,7313.15,7356.65,0
2022-09-30 13:15:00,7356.55,7391.45,7356.2,7383.9,0
2022-09-30 14:15:00,7384.05,7398.2,7364.3,7373.5,0
2022-09-30 15:15:00,7373.5,7402.35,7373.5,7391.25,0
2022-10-03 09:15:00,7402.75,7426.65,7366.1,7385.5,0
2022-10-03 10:15:00,7385.75,7388.2,7352.15,7368.25,0
2022-10-03 11:15:00,7368.15,7404.55,7358.65,7370.65,0
2022-10-03 12:15:00,7370.95,7374.55,7344.55,7353.75,0
2022-10-03 13:15:00,7354.75,7361.6,7295.25,7303.6,0
2022-10-03 14:15:00,7304.55,7311.3,7239.4,7270.5,0
2022-10-03 15:15:00,7270.3,7284.65,7267.25,7270.9,0
2022-10-04 09:15:00,7397.95,7429.2,7379.55,7413.3,0
2022-10-04 10:15:00,7413.1,7434.05,7399.8,7424.5,0
2022-10-04 11:15:00,7424.25,7457.6,7422.45,7449.2,0
2022-10-04 12:15:00,7449.25,7468.6,7443.75,7458.7,0
2022-10-04 13:15:00,7458.8,7498.4,7453.95,7483.55,0
2022-10-04 14:15:00,7483.4,7507.75,7476.0,7506.9,0
2022-10-04 15:15:00,7506.35,7524.1,7502.55,7506.0,0
2022-10-06 09:15:00,7598.5,7694.35,7598.5,7679.05,0
2022-10-06 10:15:00,7678.5,7693.45,7658.6,7674.65,0
2022-10-06 11:15:00,7674.8,7678.4,7653.4,7666.2,0
2022-10-06 12:15:00,7666.2,7670.8,7650.85,7655.6,0
2022-10-06 13:15:00,7655.95,7660.1,7631.9,7632.6,0
2022-10-06 14:15:00,7632.15,7645.3,7621.85,7630.55,0
2022-10-06 15:15:00,7630.4,7638.8,7627.6,7630.75,0
2022-10-07 09:15:00,7632.65,7633.5,7554.75,7571.7,0
2022-10-07 10:15:00,7572.35,7572.65,7530.7,7544.0,0
2022-10-07 11:15:00,7544.45,7560.8,7529.4,7540.5,0
2022-10-07 12:15:00,7540.15,7577.15,7539.2,7566.95,0
2022-10-07 13:15:00,7566.95,7581.55,7554.35,7572.05,0
2022-10-07 14:15:00,7571.35,7606.6,7570.3,7598.6,0
2022-10-07 15:15:00,7598.5,7609.9,7591.55,7593.85,0
2022-10-10 09:15:00,7496.65,7523.8,7462.55,7495.45,0
2022-10-10 10:15:00,7495.65,7524.3,7489.15,7519.95,0
2022-10-10 11:15:00,7519.75,7553.65,7516.0,7549.4,0
2022-10-10 12:15:00,7549.7,7555.15,7531.1,7534.3,0
2022-10-10 13:15:00,7534.95,7535.55,7478.8,7491.9,0
2022-10-10 14:15:00,7491.35,7538.65,7489.6,7537.65,0
2022-10-10 15:15:00,7537.6,7544.6,7531.6,7543.85,0
2022-10-11 09:15:00,7557.65,7560.65,7477.5,7489.35,0
2022-10-11 10:15:00,7489.25,7497.5,7469.7,7490.7,0
2022-10-11 11:15:00,7490.1,7502.1,7474.4,7499.3,0
2022-10-11 12:15:00,7499.7,7502.7,7457.7,7459.25,0
2022-10-11 13:15:00,7459.2,7470.9,7427.15,7458.25,0
2022-10-11 14:15:00,7458.0,7460.9,7394.15,7412.15,0
2022-10-11 15:15:00,7412.5,7413.2,7385.65,7386.8,0
2022-10-12 09:15:00,7430.5,7454.5,7375.65,7409.25,0
2022-10-12 10:15:00,7408.95,7421.25,7350.95,7367.05,0
2022-10-12 11:15:00,7366.75,7435.25,7366.15,7435.25,0
2022-10-12 12:15:00,7435.35,7443.75,7411.2,7412.95,0
2022-10-12 13:15:00,7412.75,7451.35,7410.95,7448.65,0
2022-10-12 14:15:00,7449.0,7495.85,7448.05,7480.55,0
2022-10-12 15:15:00,7480.85,7483.65,7472.0,7478.35,0
2022-10-13 09:15:00,7484.15,7503.45,7404.95,7407.0,0
2022-10-13 10:15:00,7407.3,7428.3,7391.9,7398.9,0
2022-10-13 11:15:00,7398.95,7402.7,7364.35,7392.75,0
2022-10-13 12:15:00,7392.6,7402.95,7371.8,7395.15,0
2022-10-13 13:15:00,7394.95,7405.5,7379.15,7396.8,0
2022-10-13 14:15:00,7397.0,7437.1,7389.95,7402.1,0
2022-10-13 15:15:00,7402.75,7408.35,7393.9,7397.0,0
2022-10-14 09:15:00,7528.1,7528.1,7476.1,7481.65,0
2022-10-14 10:15:00,7481.5,7485.25,7466.95,7477.65,0
2022-10-14 11:15:00,7477.65,7499.0,7473.15,7494.95,0
2022-10-14 12:15:00,7495.1,7499.7,7474.0,7478.15,0
2022-10-14 13:15:00,7478.0,7501.6,7466.3,7484.6,0
2022-10-14 14:15:00,7484.45,7485.5,7413.25,7431.5,0
2022-10-14 15:15:00,7430.75,7436.5,7422.5,7430.05,0
2022-10-17 09:15:00,7416.95,7445.3,7350.3,7419.8,0
2022-10-17 10:15:00,7419.05,7458.55,7419.05,7456.45,0
2022-10-17 11:15:00,7456.45,7472.7,7439.85,7457.6,0
2022-10-17 12:15:00,7458.3,7492.25,7456.4,7488.05,0
2022-10-17 13:15:00,7488.45,7499.15,7466.1,7477.35,0
2022-10-17 14:15:00,7477.45,7494.0,7467.7,7489.2,0
2022-10-17 15:15:00,7488.45,7504.6,7486.8,7504.6,0
2022-10-18 09:15:00,7580.55,7612.85,7557.2,7605.1,0
2022-10-18 10:15:00,7604.9,7618.65,7586.6,7587.05,0
2022-10-18 11:15:00,7587.9,7606.05,7583.1,7604.7,0
2022-10-18 12:15:00,7604.5,7617.2,7595.2,7613.1,0
2022-10-18 13:15:00,7612.85,7618.4,7598.5,7607.3,0
2022-10-18 14:15:00,7607.25,7620.75,7582.2,7602.4,0
2022-10-18 15:15:00,7602.5,7613.9,7602.5,7609.7,0
2022-10-19 09:15:00,7627.25,7645.9,7613.95,7635.25,0
2022-10-19 10:15:00,7635.25,7650.55,7625.1,7630.8,0
2022-10-19 11:15:00,7630.7,7634.85,7612.2,7620.65,0
2022-10-19 12:15:00,7620.65,7629.6,7602.6,7619.7,0
2022-10-19 13:15:00,7620.15,7656.8,7618.15,7656.8,0
2022-10-19 14:15:00,7657.45,7669.1,7622.45,7641.9,0
2022-10-19 15:15:00,7641.9,7654.6,7639.95,7649.8,0
2022-10-20 09:15:00,7614.45,7614.45,7535.7,7570.75,0
2022-10-20 10:15:00,7570.6,7589.45,7556.7,7561.65,0
2022-10-20 11:15:00,7561.5,7569.35,7536.35,7539.6,0
2022-10-20 12:15:00,7539.6,7554.35,7531.9,7536.25,0
2022-10-20 13:15:00,7536.45,7537.85,7510.55,7530.0,0
2022-10-20 14:15:00,7530.0,7550.4,7519.75,7550.1,0
2022-10-20 15:15:00,7549.4,7558.55,7548.5,7553.0,0
2022-10-21 09:15:00,7575.25,7599.75,7546.2,7579.8,0
2022-10-21 10:15:00,7580.15,7585.4,7560.75,7566.85,0
2022-10-21 11:15:00,7567.2,7578.9,7545.1,7554.15,0
2022-10-21 12:15:00,7554.05,7555.15,7517.45,7528.4,0
2022-10-21 13:15:00,7528.8,7530.4,7469.9,7491.6,0
2022-10-21 14:15:00,7491.4,7512.85,7473.9,7501.15,0
2022-10-21 15:15:00,7500.75,7512.15,7500.3,7504.8,0
2022-10-24 18:15:00,7606.35,7606.35,7531.65,7551.2,0
2022-10-25 09:15:00,7570.7,7571.75,7493.15,7571.1,0
2022-10-25 10:15:00,7570.5,7590.75,7547.4,7584.65,0
2022-10-25 11:15:00,7584.45,7603.7,7576.15,7595.5,0
2022-10-25 12:15:00,7596.35,7607.8,7591.05,7597.8,0
2022-10-25 13:15:00,7597.65,7624.9,7596.85,7619.35,0
2022-10-25 14:15:00,7619.9,7623.65,7598.1,7598.85,0
2022-10-25 15:15:00,7599.55,7602.0,7586.7,7590.15,0
2022-10-27 09:15:00,7640.85,7669.25,7636.95,7639.5,0
2022-10-27 10:15:00,7639.4,7666.6,7631.3,7666.6,0
2022-10-27 11:15:00,7666.55,7671.65,7648.8,7663.85,0
2022-10-27 12:15:00,7663.75,7667.2,7646.0,7656.75,0
2022-10-27 13:15:00,7656.75,7671.95,7653.15,7662.0,0
2022-10-27 14:15:00,7662.05,7672.8,7637.9,7672.25,0
2022-10-27 15:15:00,7672.55,7686.75,7669.05,7686.75,0
2022-10-28 09:15:00,7686.35,7697.55,7627.55,7663.75,0
2022-10-28 10:15:00,7664.45,7672.8,7637.05,7651.5,0
2022-10-28 11:15:00,7651.65,7651.65,7627.1,7637.45,0
2022-10-28 12:15:00,7637.75,7639.65,7609.1,7617.9,0
2022-10-28 13:15:00,7617.9,7628.8,7601.8,7607.6,0
2022-10-28 14:15:00,7607.5,7635.6,7606.25,7633.3,0
2022-10-28 15:15:00,7634.45,7637.7,7624.85,7627.65,0
2022-10-31 09:15:00,7673.65,7698.5,7668.75,7682.55,0
2022-10-31 10:15:00,7682.5,7700.4,7676.15,7695.5,0
2022-10-31 11:15:00,7695.7,7699.25,7683.55,7694.95,0
2022-10-31 12:15:00,7695.75,7715.6,7690.15,7706.7,0
2022-10-31 13:15:00,7706.2,7718.3,7699.2,7702.05,0
2022-10-31 14:15:00,7701.95,7731.1,7694.1,7730.35,0
2022-10-31 15:15:00,7730.4,7738.0,7723.55,7729.55,0
2022-11-01 09:15:00,7754.65,7801.15,7754.0,7791.6,0
2022-11-01 10:15:00,7791.45,7792.45,7774.1,7788.8,0
2022-11-01 11:15:00,7789.05,7803.1,7773.85,7790.85,0
2022-11-01 12:15:00,7790.9,7797.6,7749.75,7758.95,0
2022-11-01 13:15:00,7759.15,7790.1,7756.65,7785.15,0
2022-11-01 14:15:00,7785.1,7814.1,7784.35,7812.2,0
2022-11-01 15:15:00,7812.05,7813.35,7794.1,7797.35,0
2022-11-02 09:15:00,7802.85,7835.05,7801.85,7825.75,0
2022-11-02 10:15:00,7825.65,7857.45,7824.4,7839.05,0
2022-11-02 11:15:00,7839.15,7849.5,7821.05,7822.55,0
2022-11-02 12:15:00,7822.55,7832.1,7809.95,7827.6,0
2022-11-02 13:15:00,7827.85,7833.05,7795.15,7797.5,0
2022-11-02 14:15:00,7797.85,7811.65,7788.4,7806.35,0
2022-11-02 15:15:00,7805.65,7809.15,7794.7,7796.2,0
2022-11-03 09:15:00,7770.05,7837.55,7760.8,7827.5,0
2022-11-03 10:15:00,7827.5,7840.1,7824.0,7828.35,0
2022-11-03 11:15:00,7828.15,7834.9,7805.9,7816.1,0
2022-11-03 12:15:00,7816.45,7821.65,7787.55,7803.9,0
2022-11-03 13:15:00,7804.1,7813.55,7792.55,7802.3,0
2022-11-03 14:15:00,7802.2,7821.35,7788.5,7814.05,0
2022-11-03 15:15:00,7813.6,7823.6,7812.35,7813.65,0
2022-11-04 09:15:00,7826.8,7852.2,7777.95,7790.9,0
2022-11-04 10:15:00,7791.15,7798.0,7767.25,7772.55,0
2022-11-04 11:15:00,7772.9,7777.45,7767.55,7774.7,0
2022-11-04 12:15:00,7774.55,7777.0,7758.7,7773.15,0
2022-11-04 13:15:00,7773.3,7791.0,7765.25,7771.6,0
2022-11-04 14:15:00,7771.3,7788.85,7754.9,7784.2,0
2022-11-04 15:15:00,7784.1,7788.9,7776.6,7787.9,0
2022-11-07 09:15:00,7813.1,7836.35,7796.75,7806.75,0
2022-11-07 10:15:00,7807.4,7811.15,7783.85,7801.1,0
2022-11-07 11:15:00,7801.1,7804.8,7781.05,7798.1,0
2022-11-07 12:15:00,7798.35,7804.05,7786.6,7794.9,0
2022-11-07 13:15:00,7795.15,7817.15,7776.85,7815.15,0
2022-11-07 14:15:00,7814.45,7848.2,7813.75,7842.1,0
2022-11-07 15:15:00,7842.2,7852.15,7841.3,7847.6,0
2022-11-09 09:15:00,7863.4,7870.6,7837.5,7865.8,0
2022-11-09 10:15:00,7865.85,7901.9,7864.6,7880.7,0
2022-11-09 11:15:00,7880.95,7889.45,7861.95,7870.7,0
2022-11-09 12:15:00,7870.95,7878.55,7846.55,7847.75,0
2022-11-09 13:15:00,7848.25,7849.2,7826.9,7838.15,0
2022-11-09 14:15:00,7839.0,7840.25,7788.4,7803.1,0
2022-11-09 15:15:00,7803.45,7806.45,7789.75,7793.35,0
2022-11-10 09:15:00,7785.15,7790.4,7726.85,7747.0,0
2022-11-10 10:15:00,7747.5,7764.05,7716.2,7727.9,0
2022-11-10 11:15:00,7727.75,7741.7,7698.15,7703.0,0
2022-11-10 12:15:00,7703.0,7705.05,7676.65,7692.65,0
2022-11-10 13:15:00,7692.6,7698.65,7681.4,7687.5,0
2022-11-10 14:15:00,7687.1,7695.75,7661.1,7692.5,0
2022-11-10 15:15:00,7692.4,7702.0,7691.95,7695.25,0
2022-11-11 09:15:00,7815.65,7843.35,7737.1,7741.85,0
2022-11-11 10:15:00,7741.85,7750.95,7722.25,7741.4,0
2022-11-11 11:15:00,7741.65,7765.95,7736.65,7745.7,0
2022-11-11 12:15:00,7745.55,7745.55,7701.85,7708.2,0
2022-11-11 13:15:00,7708.0,7708.9,7675.55,7682.95,0
2022-11-11 14:15:00,7682.95,7712.9,7676.75,7702.7,0
2022-11-11 15:15:00,7703.6,7703.95,7689.6,7698.3,0
2022-11-14 09:15:00,7705.15,7716.85,7641.15,7705.75,0
2022-11-14 10:15:00,7705.25,7713.3,7684.85,7702.8,0
2022-11-14 11:15:00,7703.25,7708.9,7690.15,7697.5,0
2022-11-14 12:15:00,7697.5,7703.95,7666.7,7684.5,0
2022-11-14 13:15:00,7684.4,7707.9,7678.3,7703.7,0
2022-11-14 14:15:00,7703.4,7719.9,7699.55,7712.5,0
2022-11-14 15:15:00,7712.55,7715.95,7697.0,7697.4,0
2022-11-15 09:15:00,7712.55,7729.35,7676.75,7704.85,0
2022-11-15 10:15:00,7705.4,7709.2,7691.35,7692.6,0
2022-11-15 11:15:00,7692.15,7703.4,7682.75,7684.85,0
2022-11-15 12:15:00,7685.2,7698.2,7677.8,7697.3,0
2022-11-15 13:15:00,7697.4,7698.4,7681.8,7686.6,0
2022-11-15 14:15:00,7686.6,7704.85,7681.25,7699.45,0
2022-11-15 15:15:00,7699.0,7705.05,7692.55,7699.45,0
2022-11-16 09:15:00,7700.0,7721.5,7661.7,7674.7,0
2022-11-16 10:15:00,7675.45,7682.8,7643.4,7645.2,0
2022-11-16 11:15:00,7644.9,7661.85,7626.05,7632.05,0
2022-11-16 12:15:00,7632.35,7647.3,7624.75,7645.9,0
2022-11-16 13:15:00,7645.75,7650.85,7630.8,7631.05,0
2022-11-16 14:15:00,7630.65,7630.65,7575.0,7613.0,0
2022-11-16 15:15:00,7613.25,7617.25,7606.05,7611.75,0
2022-11-17 09:15:00,7596.75,7624.5,7573.2,7599.35,0
2022-11-17 10:15:00,7599.5,7607.9,7587.5,7591.9,0
2022-11-17 11:15:00,7591.7,7600.1,7585.85,7594.15,0
2022-11-17 12:15:00,7594.25,7615.15,7593.1,7613.95,0
2022-11-17 13:15:00,7614.0,7621.9,7603.1,7611.7,0
2022-11-17 14:15:00,7611.55,7623.5,7601.5,7602.0,0
2022-11-17 15:15:00,7601.85,7607.0,7590.55,7596.7,0
2022-11-18 09:15:00,7627.2,7640.65,7560.75,7562.8,0
2022-11-18 10:15:00,7562.8,7567.05,7516.75,7528.2,0
2022-11-18 11:15:00,7528.65,7556.0,7526.65,7555.2,0
2022-11-18 12:15:00,7554.75,7561.9,7551.2,7554.95,0
2022-11-18 13:15:00,7555.25,7556.95,7501.2,7501.3,0
2022-11-18 14:15:00,7501.7,7541.9,7489.45,7536.1,0
2022-11-18 15:15:00,7535.85,7537.3,7524.05,7529.2,0
2022-11-21 09:15:00,7524.2,7542.85,7487.05,7511.45,0
2022-11-21 10:15:00,7510.9,7514.75,7488.4,7509.15,0
2022-11-21 11:15:00,7509.2,7509.8,7491.0,7498.45,0
2022-11-21 12:15:00,7498.25,7509.1,7491.8,7502.15,0
2022-11-21 13:15:00,7502.55,7504.6,7485.05,7489.3,0
2022-11-21 14:15:00,7489.25,7497.35,7474.1,7490.3,0
2022-11-21 15:15:00,7489.6,7499.55,7489.6,7493.95,0
2022-11-22 09:15:00,7508.4,7519.15,7495.9,7502.5,0
2022-11-22 10:15:00,7502.35,7509.05,7490.55,7496.0,0
2022-11-22 11:15:00,7496.15,7497.15,7487.1,7494.65,0
2022-11-22 12:15:00,7494.55,7510.9,7492.05,7507.9,0
2022-11-22 13:15:00,7507.7,7522.9,7507.25,7513.1,0
2022-11-22 14:15:00,7513.2,7560.4,7511.05,7559.3,0
2022-11-22 15:15:00,7559.75,7566.9,7559.0,7564.95,0
2022-11-23 09:15:00,7596.35,7606.4,7574.2,7593.95,0
2022-11-23 10:15:00,7594.05,7600.9,7584.25,7597.4,0
2022-11-23 11:15:00,7597.95,7613.5,7597.85,7604.75,0
2022-11-23 12:15:00,7604.6,7618.05,7601.15,7611.95,0
2022-11-23 13:15:00,7611.65,7615.75,7600.55,7602.05,0
2022-11-23 14:15:00,7601.9,7610.15,7592.4,7595.65,0
2022-11-23 15:15:00,7594.65,7597.6,7580.25,7583.8,0
2022-11-24 09:15:00,7621.35,7624.6,7598.6,7604.85,0
2022-11-24 10:15:00,7604.65,7613.15,7602.8,7610.75,0
2022-11-24 11:15:00,7610.8,7613.45,7604.45,7612.0,0
2022-11-24 12:15:00,7611.7,7612.5,7594.45,7595.4,0
2022-11-24 13:15:00,7595.55,7601.65,7588.4,7597.0,0
2022-11-24 14:15:00,7596.95,7620.6,7586.7,7617.2,0
2022-11-24 15:15:00,7617.6,7629.75,7615.15,7627.55,0
2022-11-25 09:15:00,7636.5,7657.6,7620.15,7645.25,0
2022-11-25 10:15:00,7645.75,7661.75,7637.6,7651.55,0
2022-11-25 11:15:00,7651.2,7658.35,7643.2,7651.5,0
2022-11-25 12:15:00,7651.35,7666.0,7646.6,7654.65,0
2022-11-25 13:15:00,7654.4,7669.55,7650.65,7660.65,0
2022-11-25 14:15:00,7661.35,7674.45,7651.05,7662.55,0
2022-11-25 15:15:00,7663.3,7668.6,7659.8,7661.65,0
2022-11-28 09:15:00,7653.55,7718.8,7645.4,7713.4,0
2022-11-28 10:15:00,7712.55,7717.9,7703.3,7705.85,0
2022-11-28 11:15:00,7706.25,7710.1,7700.35,7709.4,0
2022-11-28 12:15:00,7708.95,7713.95,7701.15,7701.15,0
2022-11-28 13:15:00,7701.4,7704.75,7693.4,7695.45,0
2022-11-28 14:15:00,7695.45,7717.75,7693.85,7704.4,0
2022-11-28 15:15:00,7703.95,7706.9,7685.7,7687.7,0
2022-11-29 09:15:00,7696.3,7716.55,7666.2,7684.8,0
2022-11-29 10:15:00,7684.7,7692.45,7676.55,7679.95,0
2022-11-29 11:15:00,7679.95,7681.9,7668.35,7671.05,0
2022-11-29 12:15:00,7671.45,7671.55,7654.1,7661.2,0
2022-11-29 13:15:00,7661.2,7669.85,7657.9,7661.8,0
2022-11-29 14:15:00,7661.3,7667.1,7630.9,7635.4,0
2022-11-29 15:15:00,7634.9,7636.75,7621.4,7628.8,0
2022-11-30 09:15:00,7641.55,7710.15,7641.55,7709.2,0
2022-11-30 10:15:00,7708.75,7709.55,7683.05,7692.5,0
2022-11-30 11:15:00,7692.05,7700.7,7683.65,7685.75,0
2022-11-30 12:15:00,7685.3,7715.6,7681.35,7713.3,0
2022-11-30 13:15:00,7713.45,7715.0,7693.35,7704.7,0
2022-11-30 14:15:00,7705.4,7761.05,7691.6,7759.6,0
2022-11-30 15:15:00,7759.75,7778.6,7752.8,7760.2,0
2022-12-01 09:15:00,7784.35,7784.35,7735.25,7758.15,0
2022-12-01 10:15:00,7757.85,7776.3,7752.4,7775.05,0
2022-12-01 11:15:00,7775.65,7811.3,7774.65,7809.5,0
2022-12-01 12:15:00,7809.65,7821.3,7799.15,7815.7,0
2022-12-01 13:15:00,7815.55,7818.4,7772.1,7801.9,0
2022-12-01 14:15:00,7801.5,7818.0,7796.65,7797.75,0
2022-12-01 15:15:00,7797.45,7798.9,7786.55,7791.65,0
2022-12-02 09:15:00,7799.55,7801.4,7773.1,7779.55,0
2022-12-02 10:15:00,7779.7,7806.5,7777.7,7803.8,0
2022-12-02 11:15:00,7804.0,7810.7,7785.35,7799.1,0
2022-12-02 12:15:00,7799.3,7821.7,7797.05,7818.35,0
2022-12-02 13:15:00,7818.05,7826.25,7815.1,7822.0,0
2022-12-02 14:15:00,7822.0,7839.6,7821.95,7833.35,0
2022-12-02 15:15:00,7833.7,7838.7,7829.3,7830.55,0
2022-12-05 09:15:00,7858.95,7858.95,7782.3,7793.0,0
2022-12-05 10:15:00,7792.6,7817.6,7791.45,7813.0,0
2022-12-05 11:15:00,7813.2,7833.1,7809.0,7832.5,0
2022-12-05 12:15:00,7833.15,7840.05,7820.8,7829.25,0
2022-12-05 13:15:00,7829.2,7832.65,7813.3,7828.75,0
2022-12-05 14:15:00,7828.55,7843.55,7821.1,7837.15,0
2022-12-05 15:15:00,7837.85,7841.85,7827.15,7829.8,0
2022-12-06 09:15:00,7818.05,7825.55,7802.95,7808.1,0
2022-12-06 10:15:00,7807.95,7809.2,7774.85,7776.55,0
2022-12-06 11:15:00,7776.85,7808.6,7776.45,7808.35,0
2022-12-06 12:15:00,7808.75,7812.45,7781.35,7804.9,0
2022-12-06 13:15:00,7805.3,7809.1,7788.05,7793.7,0
2022-12-06 14:15:00,7793.45,7817.55,7789.3,7809.3,0
2022-12-06 15:15:00,7809.5,7814.3,7805.15,7811.35,0
2022-12-07 09:15:00,7819.95,7837.55,7814.4,7828.2,0
2022-12-07 10:15:00,7827.35,7832.25,7753.1,7776.05,0
2022-12-07 11:15:00,7775.85,7792.2,7760.95,7786.0,0
2022-12-07 12:15:00,7786.45,7786.9,7773.55,7774.8,0
2022-12-07 13:15:00,7775.05,7777.1,7758.1,7761.0,0
2022-12-07 14:15:00,7761.6,7782.35,7757.4,7759.9,0
2022-12-07 15:15:00,7759.1,7762.6,7753.0,7762.2,0
2022-12-08 09:15:00,7783.6,7814.75,7767.5,7801.7,0
2022-12-08 10:15:00,7801.75,7803.6,7781.1,7798.8,0
2022-12-08 11:15:00,7798.9,7818.75,7794.7,7809.0,0
2022-12-08 12:15:00,7809.2,7821.05,7799.6,7817.45,0
2022-12-08 13:15:00,7817.2,7823.25,7803.7,7807.65,0
2022-12-08 14:15:00,7807.9,7821.3,7805.05,7815.2,0
2022-12-08 15:15:00,7815.35,7823.7,7808.5,7813.7,0
2022-12-09 09:15:00,7851.7,7868.4,7839.4,7850.8,0
2022-12-09 10:15:00,7850.65,7851.4,7809.35,7814.85,0
2022-12-09 11:15:00,7814.45,7815.85,7798.5,7805.25,0
2022-12-09 12:15:00,7805.2,7807.9,7734.85,7759.3,0
2022-12-09 13:15:00,7758.8,7766.7,7709.25,7712.45,0
2022-12-09 14:15:00,7711.65,7768.65,7687.7,7765.65,0
2022-12-09 15:15:00,7765.25,7769.2,7754.55,7761.0,0
2022-12-12 09:15:00,7767.85,7790.2,7715.45,7785.5,0
2022-12-12 10:15:00,7786.3,7814.0,7786.1,7814.0,0
2022-12-12 11:15:00,7814.0,7815.65,7783.0,7799.8,0
2022-12-12 12:15:00,7799.95,7808.8,7793.8,7802.8,0
2022-12-12 13:15:00,7802.35,7802.7,7780.25,7785.35,0
2022-12-12 14:15:00,7785.05,7808.25,7768.65,7802.35,0
2022-12-12 15:15:00,7802.15,7806.45,7798.1,7801.3,0
2022-12-13 09:15:00,7825.15,7836.85,7790.3,7799.35,0
2022-12-13 10:15:00,7799.15,7800.9,7785.1,7795.4,0
2022-12-13 11:15:00,7795.3,7800.7,7784.0,7797.5,0
2022-12-13 12:15:00,7797.5,7811.2,7787.25,7810.9,0
2022-12-13 13:15:00,7811.0,7814.5,7784.5,7787.65,0
2022-12-13 14:15:00,7787.3,7801.95,7785.45,7795.65,0
2022-12-13 15:15:00,7795.4,7799.85,7789.7,7797.95,0
2022-12-14 09:15:00,7832.4,7853.45,7827.5,7845.15,0
2022-12-14 10:15:00,7844.9,7859.45,7843.05,7852.5,0
2022-12-14 11:15:00,7852.3,7869.25,7847.3,7868.55,0
2022-12-14 12:15:00,7868.75,7881.75,7860.2,7880.75,0
2022-12-14 13:15:00,7880.3,7883.65,7865.0,7877.55,0
2022-12-14 14:15:00,7877.75,7896.0,7877.55,7886.45,0
2022-12-14 15:15:00,7886.8,7889.0,7883.05,7885.1,0
2022-12-15 09:15:00,7884.9,7902.7,7861.55,7870.0,0
2022-12-15 10:15:00,7869.9,7910.15,7867.0,7904.3,0
2022-12-15 11:15:00,7904.55,7905.8,7866.65,7874.55,0
2022-12-15 12:15:00,7874.85,7882.35,7859.1,7873.4,0
2022-12-15 13:15:00,7872.6,7876.4,7859.4,7874.65,0
2022-12-15 14:15:00,7874.55,7880.25,7810.05,7827.5,0
2022-12-15 15:15:00,7827.35,7833.4,7801.45,7807.85,0
2022-12-16 09:15:00,7772.9,7824.5,7740.0,7744.8,0
2022-12-16 10:15:00,7745.0,7750.45,7698.5,7723.8,0
2022-12-16 11:15:00,7724.1,7751.5,7719.15,7732.45,0
2022-12-16 12:15:00,7732.8,7778.05,7732.35,7763.85,0
2022-12-16 13:15:00,7763.6,7767.05,7723.3,7724.75,0
2022-12-16 14:15:00,7724.5,7724.6,7696.45,7699.8,0
2022-12-16 15:15:00,7699.9,7717.65,7696.25,7708.3,0
2022-12-19 09:15:00,7716.3,7724.55,7655.5,7679.75,0
2022-12-19 10:15:00,7679.8,7723.5,7679.8,7720.65,0
2022-12-19 11:15:00,7720.95,7735.4,7713.6,7724.55,0
2022-12-19 12:15:00,7724.85,7732.45,7705.85,7711.4,0
2022-12-19 13:15:00,7712.1,7735.15,7710.35,7721.8,0
2022-12-19 14:15:00,7722.5,7753.15,7721.75,7752.3,0
2022-12-19 15:15:00,7752.35,7757.65,7749.25,7752.8,0
2022-12-20 09:15:00,7724.35,7762.9,7663.05,7694.0,0
2022-12-20 10:15:00,7694.4,7695.55,7669.65,7680.8,0
2022-12-20 11:15:00,7680.85,7687.0,7653.15,7682.25,0
2022-12-20 12:15:00,7681.85,7698.2,7676.85,7677.2,0
2022-12-20 13:15:00,7677.75,7700.65,7676.5,7697.5,0
2022-12-20 14:15:00,7697.9,7741.25,7694.1,7740.3,0
2022-12-20 15:15:00,7740.5,7747.65,7734.25,7735.8,0
2022-12-21 09:15:00,7773.35,7800.7,7761.95,7795.05,0
2022-12-21 10:15:00,7795.5,7805.35,7766.2,7800.9,0
2022-12-21 11:15:00,7801.1,7804.2,7781.5,7781.9,0
2022-12-21 12:15:00,7781.75,7782.7,7695.35,7716.0,0
2022-12-21 13:15:00,7715.85,7716.4,7591.75,7651.65,0
2022-12-21 14:15:00,7652.8,7695.95,7624.85,7631.1,0
2022-12-21 15:15:00,7631.0,7631.25,7611.1,7617.5,0
2022-12-22 09:15:00,7652.15,7687.9,7567.95,7592.1,0
2022-12-22 10:15:00,7591.85,7598.1,7534.15,7568.5,0
2022-12-22 11:15:00,7568.5,7581.75,7507.25,7520.4,0
2022-12-22 12:15:00,7520.4,7571.45,7520.15,7558.95,0
2022-12-22 13:15:00,7558.6,7583.1,7545.4,7579.85,0
2022-12-22 14:15:00,7579.45,7593.75,7547.3,7575.55,0
2022-12-22 15:15:00,7575.55,7577.05,7550.85,7552.2,0
2022-12-23 09:15:00,7489.8,7517.45,7387.0,7402.6,0
2022-12-23 10:15:00,7401.65,7410.6,7372.15,7394.0,0
2022-12-23 11:15:00,7394.1,7395.35,7338.8,7361.7,0
2022-12-23 12:15:00,7362.55,7396.4,7358.1,7381.15,0
2022-12-23 13:15:00,7381.45,7390.35,7344.05,7344.75,0
2022-12-23 14:15:00,7344.9,7381.15,7303.65,7316.95,0
2022-12-23 15:15:00,7317.15,7336.85,7315.15,7328.95,0
2022-12-26 09:15:00,7315.7,7436.95,7258.6,7432.8,0
2022-12-26 10:15:00,7432.6,7463.4,7402.5,7456.0,0
2022-12-26 11:15:00,7456.25,7497.65,7455.0,7497.05,0
2022-12-26 12:15:00,7496.2,7503.7,7466.35,7496.15,0
2022-12-26 13:15:00,7496.7,7509.45,7484.2,7504.15,0
2022-12-26 14:15:00,7504.25,7526.45,7488.25,7491.35,0
2022-12-26 15:15:00,7490.95,7510.9,7490.4,7506.2,0
2022-12-27 09:15:00,7550.35,7598.8,7513.25,7549.15,0
2022-12-27 10:15:00,7548.9,7579.95,7541.65,7576.7,0
2022-12-27 11:15:00,7576.05,7585.2,7565.65,7576.7,0
2022-12-27 12:15:00,7576.35,7584.8,7555.7,7567.7,0
2022-12-27 13:15:00,7567.4,7589.6,7561.9,7588.85,0
2022-12-27 14:15:00,7589.35,7617.65,7577.2,7614.95,0
2022-12-27 15:15:00,7615.4,7632.5,7614.75,7618.6,0
2022-12-28 09:15:00,7611.6,7633.8,7565.65,7627.2,0
2022-12-28 10:15:00,7627.7,7634.25,7598.15,7627.6,0
2022-12-28 11:15:00,7628.0,7634.95,7612.35,7632.45,0
2022-12-28 12:15:00,7632.55,7637.15,7614.4,7630.0,0
2022-12-28 13:15:00,7629.95,7648.85,7618.5,7642.65,0
2022-12-28 14:15:00,7642.75,7656.6,7631.15,7648.1,0
2022-12-28 15:15:00,7647.75,7654.3,7635.25,7643.0,0
2022-12-29 09:15:00,7596.45,7596.45,7533.45,7535.4,0
2022-12-29 10:15:00,7535.35,7563.8,7529.6,7555.05,0
2022-12-29 11:15:00,7554.75,7565.8,7545.4,7552.8,0
2022-12-29 12:15:00,7552.3,7568.25,7551.5,7565.55,0
2022-12-29 13:15:00,7565.15,7585.15,7561.5,7581.7,0
2022-12-29 14:15:00,7582.1,7651.0,7578.0,7648.55,0
2022-12-29 15:15:00,7647.3,7660.65,7643.05,7653.6,0
2022-12-30 09:15:00,7689.7,7715.9,7678.3,7685.75,0
2022-12-30 10:15:00,7686.05,7707.05,7684.95,7691.4,0
2022-12-30 11:15:00,7691.6,7692.25,7660.0,7680.8,0
2022-12-30 12:15:00,7681.05,7705.1,7675.8,7699.25,0
2022-12-30 13:15:00,7699.5,7710.3,7682.6,7704.7,0
2022-12-30 14:15:00,7705.3,7715.3,7656.55,7675.65,0
2022-12-30 15:15:00,7674.5,7688.1,7670.4,7687.35,0
2023-01-02 09:15:00,7710.45,7721.7,7681.0,7709.75,0
2023-01-02 10:15:00,7709.1,7714.7,7697.7,7707.3,0
2023-01-02 11:15:00,7707.0,7734.65,7707.0,7733.05,0
2023-01-02 12:15:00,7732.45,7733.8,7714.4,7731.2,0
2023-01-02 13:15:00,7731.1,7734.35,7706.7,7720.85,0
2023-01-02 14:15:00,7721.05,7728.5,7697.2,7720.35,0
2023-01-02 15:15:00,7720.9,7729.3,7718.0,7722.85,0
2023-01-03 09:15:00,7723.7,7758.3,7720.8,7736.95,0
2023-01-03 10:15:00,7736.85,7738.4,7715.4,7717.5,0
2023-01-03 11:15:00,7717.5,7726.5,7691.7,7694.6,0
2023-01-03 12:15:00,7694.2,7694.85,7676.55,7690.15,0
2023-01-03 13:15:00,7690.6,7700.35,7689.6,7694.45,0
2023-01-03 14:15:00,7694.5,7708.7,7693.6,7697.55,0
2023-01-03 15:15:00,7698.05,7699.95,7682.15,7689.45,0
2023-01-04 09:15:00,7695.8,7709.05,7576.5,7607.4,0
2023-01-04 10:15:00,7607.45,7629.45,7587.35,7591.15,0
2023-01-04 11:15:00,7591.05,7604.2,7552.0,7552.4,0
2023-01-04 12:15:00,7552.65,7600.2,7551.6,7596.2,0
2023-01-04 13:15:00,7596.1,7614.4,7591.4,7610.15,0
2023-01-04 14:15:00,7610.2,7612.4,7558.95,7580.05,0
2023-01-04 15:15:00,7579.6,7580.7,7559.8,7565.0,0
2023-01-05 09:15:00,7600.9,7604.55,7539.2,7563.65,0
2023-01-05 10:15:00,7563.45,7584.7,7549.55,7578.85,0
2023-01-05 11:15:00,7579.1,7589.55,7568.15,7579.55,0
2023-01-05 12:15:00,7579.6,7587.4,7554.3,7574.8,0
2023-01-05 13:15:00,7574.8,7577.05,7530.4,7557.25,0
2023-01-05 14:15:00,7557.3,7621.35,7556.65,7614.7,0
2023-01-05 15:15:00,7615.5,7624.0,7610.15,7614.75,0
2023-01-06 09:15:00,7618.65,7632.2,7567.15,7568.0,0
2023-01-06 10:15:00,7568.0,7580.1,7557.15,7570.8,0
2023-01-06 11:15:00,7571.35,7585.1,7566.6,7579.8,0
2023-01-06 12:15:00,7579.7,7579.85,7521.15,7526.2,0
2023-01-06 13:15:00,7526.15,7549.1,7508.7,7522.15,0
2023-01-06 14:15:00,7522.05,7548.0,7508.0,7540.45,0
2023-01-06 15:15:00,7540.25,7544.25,7527.25,7531.05,0
2023-01-09 09:15:00,7591.2,7632.05,7583.0,7627.7,0
2023-01-09 10:15:00,7627.3,7628.95,7608.25,7609.65,0
2023-01-09 11:15:00,7609.5,7625.65,7601.0,7604.15,0
2023-01-09 12:15:00,7604.15,7605.8,7590.85,7601.05,0
2023-01-09 13:15:00,7600.95,7605.05,7582.0,7598.05,0
2023-01-09 14:15:00,7598.1,7633.15,7589.5,7626.4,0
2023-01-09 15:15:00,7626.15,7630.95,7617.3,7619.05,0
2023-01-10 09:15:00,7638.25,7638.25,7582.1,7597.25,0
2023-01-10 10:15:00,7597.25,7611.85,7588.55,7588.55,0
2023-01-10 11:15:00,7588.8,7591.05,7567.1,7590.05,0
2023-01-10 12:15:00,7590.05,7603.25,7539.0,7552.05,0
2023-01-10 13:15:00,7552.85,7570.5,7536.45,7563.8,0
2023-01-10 14:15:00,7563.55,7589.15,7534.3,7586.85,0
2023-01-10 15:15:00,7586.3,7589.15,7578.3,7582.65,0
2023-01-11 09:15:00,7592.95,7605.05,7543.1,7598.45,0
2023-01-11 10:15:00,7598.8,7612.65,7568.5,7585.85,0
2023-01-11 11:15:00,7585.65,7586.25,7559.5,7564.9,0
2023-01-11 12:15:00,7565.1,7574.0,7549.25,7565.85,0
2023-01-11 13:15:00,7565.5,7569.5,7536.85,7543.45,0
2023-01-11 14:15:00,7542.85,7575.05,7539.25,7553.6,0
2023-01-11 15:15:00,7553.0,7556.55,7545.95,7548.95,0
2023-01-12 09:15:00,7587.6,7588.4,7553.1,7560.5,0
2023-01-12 10:15:00,7560.05,7560.05,7536.2,7540.3,0
2023-01-12 11:15:00,7540.1,7552.35,7528.3,7543.4,0
2023-01-12 12:15:00,7543.5,7547.15,7521.65,7531.0,0
2023-01-12 13:15:00,7531.25,7534.45,7493.7,7518.2,0
2023-01-12 14:15:00,7518.3,7534.15,7507.0,7533.45,0
2023-01-12 15:15:00,7533.55,7541.3,7532.9,7539.45,0
2023-01-13 09:15:00,7558.9,7559.95,7480.35,7485.15,0
2023-01-13 10:15:00,7485.15,7494.4,7471.55,7482.95,0
2023-01-13 11:15:00,7483.05,7484.2,7470.2,7476.1,0
2023-01-13 12:15:00,7476.2,7523.4,7475.95,7519.65,0
2023-01-13 13:15:00,7519.7,7543.0,7518.35,7536.4,0
2023-01-13 14:15:00,7536.1,7539.8,7520.55,7536.9,0
2023-01-13 15:15:00,7537.85,7538.95,7531.45,7532.1,0
2023-01-16 09:15:00,7554.6,7586.35,7523.2,7531.65,0
2023-01-16 10:15:00,7531.75,7536.2,7522.35,7526.15,0
2023-01-16 11:15:00,7526.0,7526.95,7497.85,7498.45,0
2023-01-16 12:15:00,7498.7,7515.05,7475.3,7514.5,0
2023-01-16 13:15:00,7514.35,7527.4,7492.1,7504.8,0
2023-01-16 14:15:00,7505.1,7510.7,7482.0,7501.85,0
2023-01-16 15:15:00,7501.75,7502.85,7495.95,7501.2,0
2023-01-17 09:15:00,7520.85,7525.95,7473.6,7494.4,0
2023-01-17 10:15:00,7494.35,7505.2,7485.45,7492.6,0
2023-01-17 11:15:00,7492.35,7492.85,7475.9,7483.65,0
2023-01-17 12:15:00,7483.65,7487.3,7438.25,7443.0,0
2023-01-17 13:15:00,7443.4,7469.45,7433.7,7468.85,0
2023-01-17 14:15:00,7469.1,7489.3,7458.5,7488.35,0
2023-01-17 15:15:00,7487.45,7500.2,7485.65,7496.1,0
2023-01-18 09:15:00,7504.75,7516.05,7474.95,7495.7,0
2023-01-18 10:15:00,7496.0,7505.95,7486.15,7503.95,0
2023-01-18 11:15:00,7503.95,7512.35,7501.05,7506.4,0
2023-01-18 12:15:00,7506.55,7518.75,7504.95,7518.75,0
2023-01-18 13:15:00,7518.7,7542.45,7518.25,7534.65,0
2023-01-18 14:15:00,7534.35,7537.0,7516.45,7517.05,0
2023-01-18 15:15:00,7516.6,7524.35,7513.8,7516.1,0
2023-01-19 09:15:00,7499.85,7528.95,7483.15,7525.45,0
2023-01-19 10:15:00,7525.15,7538.5,7521.15,7529.6,0
2023-01-19 11:15:00,7529.9,7543.4,7525.4,7542.0,0
2023-01-19 12:15:00,7541.55,7547.05,7532.0,7538.7,0
2023-01-19 13:15:00,7538.8,7544.95,7531.6,7543.15,0
2023-01-19 14:15:00,7542.7,7546.35,7520.7,7536.3,0
2023-01-19 15:15:00,7535.65,7542.15,7528.6,7528.6,0
2023-01-20 09:15:00,7543.1,7549.55,7516.75,7542.6,0
2023-01-20 10:15:00,7542.5,7544.55,7517.6,7518.8,0
2023-01-20 11:15:00,7518.8,7525.75,7504.2,7507.8,0
2023-01-20 12:15:00,7507.2,7513.7,7490.55,7498.45,0
2023-01-20 13:15:00,7498.75,7501.7,7461.9,7469.05,0
2023-01-20 14:15:00,7469.2,7473.5,7443.1,7458.65,0
2023-01-20 15:15:00,7458.4,7458.9,7445.05,7447.65,0
2023-01-23 09:15:00,7471.7,7510.55,7457.95,7503.3,0
2023-01-23 10:15:00,7503.2,7533.05,7503.2,7528.3,0
2023-01-23 11:15:00,7528.2,7546.35,7525.8,7537.35,0
2023-01-23 12:15:00,7537.45,7555.05,7535.05,7540.1,0
2023-01-23 13:15:00,7540.25,7557.6,7536.95,7543.9,0
2023-01-23 14:15:00,7543.7,7563.35,7537.5,7562.7,0
2023-01-23 15:15:00,7563.25,7569.2,7541.4,7544.1,0
2023-01-24 09:15:00,7569.25,7569.25,7518.25,7520.2,0
2023-01-24 10:15:00,7520.45,7535.85,7514.2,7515.05,0
2023-01-24 11:15:00,7514.55,7521.3,7501.4,7521.15,0
2023-01-24 12:15:00,7521.0,7528.45,7513.75,7516.25,0
2023-01-24 13:15:00,7515.8,7521.25,7499.35,7517.65,0
2023-01-24 14:15:00,7517.7,7518.85,7498.4,7508.6,0
2023-01-24 15:15:00,7508.7,7510.2,7491.0,7493.75,0
2023-01-25 09:15:00,7496.3,7502.15,7408.3,7412.25,0
2023-01-25 10:15:00,7412.25,7418.95,7392.7,7417.0,0
2023-01-25 11:15:00,7417.15,7421.1,7374.75,7399.4,0
2023-01-25 12:15:00,7399.1,7411.55,7386.3,7401.5,0
2023-01-25 13:15:00,7401.8,7419.85,7398.55,7416.35,0
2023-01-25 14:15:00,7416.05,7416.6,7382.65,7403.25,0
2023-01-25 15:15:00,7404.25,7411.75,7399.2,7406.8,0
2023-01-27 09:15:00,7428.65,7455.05,7368.1,7370.25,0
2023-01-27 10:15:00,7370.75,7408.8,7356.55,7360.95,0
2023-01-27 11:15:00,7361.1,7379.6,7329.1,7337.35,0
2023-01-27 12:15:00,7337.25,7338.55,7263.7,7318.0,0
2023-01-27 13:15:00,7318.25,7331.65,7285.6,7287.0,0
2023-01-27 14:15:00,7287.4,7344.25,7283.0,7343.1,0
2023-01-27 15:15:00,7343.1,7360.1,7341.95,7360.1,0
2023-01-30 09:15:00,7346.2,7421.95,7302.9,7324.5,0
2023-01-30 10:15:00,7324.3,7347.35,7311.0,7330.05,0
2023-01-30 11:15:00,7330.7,7362.5,7312.55,7347.8,0
2023-01-30 12:15:00,7347.65,7351.05,7290.25,7290.75,0
2023-01-30 13:15:00,7290.4,7312.15,7258.05,7308.25,0
2023-01-30 14:15:00,7307.75,7351.25,7285.0,7349.35,0
2023-01-30 15:15:00,7350.0,7356.05,7343.2,7351.2,0
2023-01-31 09:15:00,7374.55,7387.55,7320.65,7387.0,0
2023-01-31 10:15:00,7386.9,7437.8,7386.8,7433.9,0
2023-01-31 11:15:00,7434.25,7468.8,7430.3,7453.4,0
2023-01-31 12:15:00,7452.95,7468.05,7439.05,7456.45,0
2023-01-31 13:15:00,7456.5,7458.7,7425.25,7430.0,0
2023-01-31 14:15:00,7429.45,7478.45,7425.45,7478.2,0
2023-01-31 15:15:00,7478.15,7497.15,7478.15,7487.75,0
2023-02-01 09:15:00,7564.4,7607.35,7542.05,7587.55,0
2023-02-01 10:15:00,7588.35,7604.15,7582.05,7592.65,0
2023-02-01 11:15:00,7592.05,7626.95,7559.7,7605.5,0
2023-02-01 12:15:00,7605.4,7664.85,7597.45,7636.75,0
2023-02-01 13:15:00,7636.3,7641.75,7490.5,7499.2,0
2023-02-01 14:15:00,7498.5,7498.75,7311.9,7458.05,0
2023-02-01 15:15:00,7457.7,7472.2,7440.05,7442.15,0
2023-02-02 09:15:00,7423.3,7494.9,7384.35,7439.7,0
2023-02-02 10:15:00,7439.4,7460.7,7415.85,7441.1,0
2023-02-02 11:15:00,7440.75,7458.4,7411.9,7436.85,0
2023-02-02 12:15:00,7437.2,7438.6,7392.95,7408.6,0
2023-02-02 13:15:00,7408.5,7413.0,7369.5,7382.15,0
2023-02-02 14:15:00,7382.65,7450.35,7382.65,7436.25,0
2023-02-02 15:15:00,7435.55,7441.4,7430.1,7437.0,0
2023-02-03 09:15:00,7467.15,7481.45,7394.3,7409.25,0
2023-02-03 10:15:00,7408.5,7421.35,7349.9,7365.8,0
2023-02-03 11:15:00,7365.85,7397.1,7349.55,7392.1,0
2023-02-03 12:15:00,7392.55,7411.55,7373.85,7394.05,0
2023-02-03 13:15:00,7394.8,7435.0,7377.1,7424.95,0
2023-02-03 14:15:00,7425.4,7466.95,7422.3,7464.35,0
2023-02-03 15:15:00,7464.45,7475.1,7460.05,7460.2,0
2023-02-06 09:15:00,7436.45,7496.55,7435.6,7496.55,0
2023-02-06 10:15:00,7496.95,7500.85,7454.1,7471.15,0
2023-02-06 11:15:00,7471.6,7490.55,7460.95,7484.95,0
2023-02-06 12:15:00,7485.2,7493.35,7464.85,7466.15,0
2023-02-06 13:15:00,7466.2,7502.2,7466.2,7494.3,0
2023-02-06 14:15:00,7493.6,7500.5,7471.35,7491.0,0
2023-02-06 15:15:00,7490.75,7497.1,7479.45,7482.9,0
2023-02-07 09:15:00,7498.25,7508.55,7470.6,7480.1,0
2023-02-07 10:15:00,7479.8,7486.05,7453.65,7471.6,0
2023-02-07 11:15:00,7471.35,7477.15,7459.75,7463.3,0
2023-02-07 12:15:00,7463.45,7473.45,7443.3,7445.2,0
2023-02-07 13:15:00,7444.6,7481.95,7441.75,7474.1,0
2023-02-07 14:15:00,7474.0,7500.25,7472.15,7488.45,0
2023-02-07 15:15:00,7488.55,7491.15,7482.0,7485.2,0
2023-02-08 09:15:00,7504.7,7518.5,7469.5,7496.75,0
2023-02-08 10:15:00,7496.5,7509.3,7471.3,7509.05,0
2023-02-08 11:15:00,7508.85,7516.3,7499.3,7512.4,0
2023-02-08 12:15:00,7512.7,7522.0,7501.7,7517.85,0
2023-02-08 13:15:00,7518.1,7540.15,7514.05,7535.9,0
2023-02-08 14:15:00,7535.9,7556.95,7530.55,7544.85,0
2023-02-08 15:15:00,7545.05,7548.45,7534.2,7539.25,0
2023-02-09 09:15:00,7547.0,7553.7,7508.3,7531.0,0
2023-02-09 10:15:00,7531.05,7550.35,7522.0,7525.65,0
2023-02-09 11:15:00,7525.45,7539.95,7523.35,7527.5,0
2023-02-09 12:15:00,7527.35,7535.9,7513.45,7520.85,0
2023-02-09 13:15:00,7520.55,7558.55,7511.5,7550.75,0
2023-02-09 14:15:00,7550.7,7556.05,7537.9,7552.4,0
2023-02-09 15:15:00,7552.3,7559.35,7551.3,7557.45,0
2023-02-10 09:15:00,7536.75,7564.5,7516.35,7539.6,0
2023-02-10 10:15:00,7539.9,7574.05,7537.8,7572.7,0
2023-02-10 11:15:00,7572.6,7587.9,7561.8,7579.9,0
2023-02-10 12:15:00,7580.25,7592.1,7576.85,7588.9,0
2023-02-10 13:15:00,7589.1,7611.7,7588.65,7601.15,0
2023-02-10 14:15:00,7600.6,7617.55,7589.5,7615.45,0
2023-02-10 15:15:00,7615.2,7617.95,7608.25,7616.9,0
2023-02-13 09:15:00,7617.8,7656.3,7560.5,7564.9,0
2023-02-13 10:15:00,7565.05,7593.4,7560.85,7579.4,0
2023-02-13 11:15:00,7579.45,7581.15,7548.8,7566.05,0
2023-02-13 12:15:00,7565.85,7566.75,7534.65,7549.35,0
2023-02-13 13:15:00,7549.35,7568.45,7542.65,7559.5,0
2023-02-13 14:15:00,7559.75,7564.2,7538.1,7538.85,0
2023-02-13 15:15:00,7539.9,7542.1,7533.25,7539.9,0
2023-02-14 09:15:00,7539.25,7558.85,7482.05,7518.45,0
2023-02-14 10:15:00,7518.45,7525.15,7507.9,7514.7,0
2023-02-14 11:15:00,7514.7,7531.1,7512.0,7529.15,0
2023-02-14 12:15:00,7528.65,7531.0,7514.7,7515.45,0
2023-02-14 13:15:00,7515.95,7527.4,7496.4,7526.0,0
2023-02-14 14:15:00,7524.1,7544.55,7513.7,7523.85,0
2023-02-14 15:15:00,7523.05,7525.3,7517.0,7524.15,0
2023-02-15 09:15:00,7501.15,7545.3,7493.6,7532.85,0
2023-02-15 10:15:00,7532.65,7550.05,7532.55,7547.0,0
2023-02-15 11:15:00,7546.35,7552.6,7523.7,7527.9,0
2023-02-15 12:15:00,7527.45,7539.05,7507.65,7509.75,0
2023-02-15 13:15:00,7509.7,7516.3,7502.95,7511.75,0
2023-02-15 14:15:00,7511.5,7543.55,7510.6,7538.95,0
2023-02-15 15:15:00,7538.95,7547.55,7536.15,7545.15,0
2023-02-16 09:15:00,7578.3,7602.6,7555.05,7593.65,0
2023-02-16 10:15:00,7593.65,7602.1,7585.0,7601.75,0
2023-02-16 11:15:00,7600.5,7606.85,7595.25,7598.45,0
2023-02-16 12:15:00,7598.75,7611.45,7591.05,7607.3,0
2023-02-16 13:15:00,7606.9,7617.75,7603.65,7614.95,0
2023-02-16 14:15:00,7614.55,7628.5,7598.05,7603.15,0
2023-02-16 15:15:00,7602.6,7603.1,7595.75,7598.05,0
2023-02-17 09:15:00,7582.1,7586.25,7545.1,7545.1,0
2023-02-17 10:15:00,7545.15,7557.05,7523.25,7524.25,0
2023-02-17 11:15:00,7524.55,7535.5,7520.5,7523.7,0
2023-02-17 12:15:00,7522.8,7524.2,7490.8,7491.5,0
2023-02-17 13:15:00,7491.65,7510.05,7486.65,7508.45,0
2023-02-17 14:15:00,7508.2,7516.3,7485.55,7501.0,0
2023-02-17 15:15:00,7500.3,7508.7,7498.25,7504.95,0
2023-02-20 09:15:00,7530.35,7537.15,7467.8,7533.0,0
2023-02-20 10:15:00,7533.4,7541.05,7522.65,7539.5,0
2023-02-20 11:15:00,7539.35,7543.3,7530.65,7539.05,0
2023-02-20 12:15:00,7539.55,7561.75,7533.35,7560.35,0
2023-02-20 13:15:00,7560.35,7565.55,7532.3,7537.95,0
2023-02-20 14:15:00,7537.95,7540.05,7516.6,7520.55,0
2023-02-20 15:15:00,7521.35,7522.65,7512.15,7517.1,0
2023-02-21 09:15:00,7555.3,7555.3,7497.8,7512.65,0
2023-02-21 10:15:00,7512.3,7538.2,7512.3,7533.15,0
2023-02-21 11:15:00,7533.1,7535.25,7510.9,7513.45,0
2023-02-21 12:15:00,7512.95,7513.0,7496.15,7505.45,0
2023-02-21 13:15:00,7505.25,7509.4,7493.8,7503.95,0
2023-02-21 14:15:00,7503.75,7508.45,7463.65,7471.85,0
2023-02-21 15:15:00,7473.4,7473.4,7465.3,7468.65,0
2023-02-22 09:15:00,7446.8,7475.85,7413.25,7417.45,0
2023-02-22 10:15:00,7417.0,7418.0,7391.2,7394.05,0
2023-02-22 11:15:00,7393.95,7396.25,7372.5,7381.85,0
2023-02-22 12:15:00,7381.9,7399.8,7376.3,7388.95,0
2023-02-22 13:15:00,7389.2,7393.95,7354.05,7354.4,0
2023-02-22 14:15:00,7353.85,7397.55,7350.35,7386.55,0
2023-02-22 15:15:00,7386.65,7389.75,7360.45,7366.0,0
2023-02-23 09:15:00,7372.35,7382.45,7274.35,7334.1,0
2023-02-23 10:15:00,7334.8,7352.45,7323.35,7330.1,0
2023-02-23 11:15:00,7329.65,7334.45,7308.8,7313.4,0
2023-02-23 12:15:00,7313.2,7323.0,7298.2,7320.85,0
2023-02-23 13:15:00,7320.6,7368.25,7317.0,7355.35,0
2023-02-23 14:15:00,7355.75,7362.15,7333.85,7345.45,0
2023-02-23 15:15:00,7344.75,7365.3,7342.25,7365.05,0
2023-02-24 09:15:00,7353.85,7396.05,7327.8,7347.95,0
2023-02-24 10:15:00,7348.8,7384.9,7348.8,7357.75,0
2023-02-24 11:15:00,7357.9,7373.9,7346.0,7362.05,0
2023-02-24 12:15:00,7362.9,7363.75,7344.1,7347.95,0
2023-02-24 13:15:00,7347.8,7356.2,7322.15,7324.7,0
2023-02-24 14:15:00,7324.55,7337.6,7315.1,7330.05,0
2023-02-24 15:15:00,7330.55,7333.2,7321.85,7331.9,0
2023-02-27 09:15:00,7311.05,7311.05,7187.95,7201.05,0
2023-02-27 10:15:00,7201.2,7242.2,7190.2,7242.05,0
2023-02-27 11:15:00,7242.1,7254.55,7209.25,7214.0,0
2023-02-27 12:15:00,7213.55,7222.25,7203.0,7206.15,0
2023-02-27 13:15:00,7206.6,7243.55,7201.35,7233.7,0
2023-02-27 14:15:00,7234.7,7266.35,7230.15,7266.05,0
2023-02-27 15:15:00,7265.9,7271.8,7259.9,7264.65,0
2023-02-28 09:15:00,7295.8,7324.9,7281.2,7322.05,0
2023-02-28 10:15:00,7322.5,7329.8,7292.15,7310.35,0
2023-02-28 11:15:00,7310.85,7315.35,7295.6,7301.7,0
2023-02-28 12:15:00,7302.2,7319.55,7301.4,7308.5,0
2023-02-28 13:15:00,7308.5,7312.15,7266.9,7269.7,0
2023-02-28 14:15:00,7269.4,7296.35,7264.0,7294.4,0
2023-02-28 15:15:00,7293.8,7298.9,7282.35,7286.75,0
2023-03-01 09:15:00,7306.35,7371.7,7302.3,7364.65,0
2023-03-01 10:15:00,7365.25,7373.95,7354.9,7372.05,0
2023-03-01 11:15:00,7372.75,7379.75,7363.95,7370.35,0
2023-03-01 12:15:00,7369.9,7394.15,7365.3,7393.15,0
2023-03-01 13:15:00,7393.55,7405.35,7382.25,7397.45,0
2023-03-01 14:15:00,7397.25,7413.15,7386.65,7401.35,0
2023-03-01 15:15:00,7400.95,7408.7,7399.2,7404.6,0
2023-03-02 09:15:00,7397.75,7409.6,7377.95,7401.25,0
2023-03-02 10:15:00,7400.9,7418.9,7392.25,7412.0,0
2023-03-02 11:15:00,7412.25,7424.25,7409.5,7412.4,0
2023-03-02 12:15:00,7411.6,7422.1,7404.55,7413.55,0
2023-03-02 13:15:00,7413.15,7415.95,7389.65,7406.15,0
2023-03-02 14:15:00,7405.8,7415.45,7395.65,7402.15,0
2023-03-02 15:15:00,7402.15,7403.4,7387.15,7392.5,0
2023-03-03 09:15:00,7438.1,7458.85,7424.7,7445.0,0
2023-03-03 10:15:00,7444.55,7457.05,7437.9,7455.1,0
2023-03-03 11:15:00,7455.0,7464.05,7451.6,7453.25,0
2023-03-03 12:15:00,7453.1,7457.3,7435.05,7446.65,0
2023-03-03 13:15:00,7446.5,7470.8,7444.95,7466.55,0
2023-03-03 14:15:00,7466.55,7475.05,7453.45,7456.1,0
2023-03-03 15:15:00,7455.5,7458.6,7448.3,7456.1,0
2023-03-06 09:15:00,7489.55,7526.9,7486.05,7517.95,0
2023-03-06 10:15:00,7518.0,7527.9,7509.15,7519.15,0
2023-03-06 11:15:00,7518.9,7521.5,7506.0,7508.7,0
2023-03-06 12:15:00,7508.65,7520.2,7498.2,7515.35,0
2023-03-06 13:15:00,7515.55,7515.65,7492.4,7502.3,0
2023-03-06 14:15:00,7502.7,7513.55,7489.55,7494.55,0
2023-03-06 15:15:00,7494.6,7495.15,7485.0,7489.05,0
2023-03-08 09:15:00,7468.25,7489.7,7430.55,7488.75,0
2023-03-08 10:15:00,7488.3,7507.55,7485.55,7492.45,0
2023-03-08 11:15:00,7492.15,7499.75,7483.6,7492.6,0
2023-03-08 12:15:00,7492.4,7503.7,7485.0,7501.65,0
2023-03-08 13:15:00,7501.35,7522.0,7500.05,7517.3,0
2023-03-08 14:15:00,7517.0,7558.65,7511.75,7555.6,0
2023-03-08 15:15:00,7556.1,7559.6,7546.4,7549.1,0
2023-03-09 09:15:00,7577.1,7589.9,7561.0,7577.15,0
2023-03-09 10:15:00,7577.7,7595.8,7567.45,7587.7,0
2023-03-09 11:15:00,7587.9,7593.5,7564.95,7577.55,0
2023-03-09 12:15:00,7577.6,7578.25,7542.9,7546.95,0
2023-03-09 13:15:00,7547.1,7556.8,7516.8,7519.1,0
2023-03-09 14:15:00,7519.15,7521.05,7485.3,7486.2,0
2023-03-09 15:15:00,7486.1,7492.55,7477.65,7489.05,0
2023-03-10 09:15:00,7437.6,7437.6,7363.45,7401.25,0
2023-03-10 10:15:00,7400.55,7423.55,7392.15,7401.6,0
2023-03-10 11:15:00,7402.05,7432.65,7401.4,7426.9,0
2023-03-10 12:15:00,7426.1,7426.8,7405.95,7422.35,0
2023-03-10 13:15:00,7422.35,7424.9,7395.25,7408.55,0
2023-03-10 14:15:00,7408.5,7435.35,7402.2,7428.85,0
2023-03-10 15:15:00,7429.0,7435.05,7421.45,7425.9,0
2023-03-13 09:15:00,7418.55,7434.45,7369.7,7369.7,0
2023-03-13 10:15:00,7370.15,7373.85,7335.75,7350.45,0
2023-03-13 11:15:00,7350.55,7355.5,7330.0,7331.4,0
2023-03-13 12:15:00,7331.25,7334.55,7309.7,7323.05,0
2023-03-13 13:15:00,7322.8,7331.25,7296.5,7297.45,0
2023-03-13 14:15:00,7297.95,7300.0,7247.1,7261.0,0
2023-03-13 15:15:00,7262.55,7277.6,7259.1,7262.5,0
2023-03-14 09:15:00,7259.1,7278.85,7202.8,7212.05,0
2023-03-14 10:15:00,7211.4,7212.95,7173.45,7187.0,0
2023-03-14 11:15:00,7187.3,7221.3,7183.75,7205.3,0
2023-03-14 12:15:00,7204.75,7250.8,7197.15,7200.8,0
2023-03-14 13:15:00,7200.45,7201.9,7179.9,7187.05,0
2023-03-14 14:15:00,7187.15,7227.2,7172.6,7220.75,0
2023-03-14 15:15:00,7220.45,7224.4,7209.8,7210.35,0
2023-03-15 09:15:00,7272.25,7294.9,7239.1,7269.35,0
2023-03-15 10:15:00,7269.6,7284.75,7243.15,7246.6,0
2023-03-15 11:15:00,7246.75,7267.7,7245.8,7261.95,0
2023-03-15 12:15:00,7261.75,7262.8,7221.55,7233.35,0
2023-03-15 13:15:00,7233.25,7248.25,7221.65,7239.35,0
2023-03-15 14:15:00,7238.75,7241.05,7178.4,7182.8,0
2023-03-15 15:15:00,7183.05,7190.75,7175.75,7188.35,0
2023-03-16 09:15:00,7184.15,7192.65,7123.25,7145.65,0
2023-03-16 10:15:00,7147.0,7215.45,7140.9,7206.45,0
2023-03-16 11:15:00,7206.3,7218.05,7183.3,7184.7,0
2023-03-16 12:15:00,7184.2,7225.05,7179.7,7223.85,0
2023-03-16 13:15:00,7223.25,7260.65,7213.7,7259.35,0
2023-03-16 14:15:00,7258.7,7272.35,7231.2,7246.55,0
2023-03-16 15:15:00,7246.5,7274.75,7245.9,7270.7,0
2023-03-17 09:15:00,7320.2,7345.15,7296.55,7313.35,0
2023-03-17 10:15:00,7312.35,7331.4,7292.85,7294.8,0
2023-03-17 11:15:00,7295.55,7311.25,7278.0,7280.2,0
2023-03-17 12:15:00,7280.3,7288.05,7266.1,7279.9,0
2023-03-17 13:15:00,7279.7,7320.2,7276.1,7312.65,0
2023-03-17 14:15:00,7312.45,7336.0,7295.3,7308.55,0
2023-03-17 15:15:00,7308.15,7321.05,7303.8,7310.3,0
2023-03-20 09:15:00,7298.6,7320.95,7210.6,7214.9,0
2023-03-20 10:15:00,7214.9,7215.15,7181.45,7204.9,0
2023-03-20 11:15:00,7205.5,7209.35,7175.35,7175.85,0
2023-03-20 12:15:00,7175.6,7179.5,7139.9,7162.05,0
2023-03-20 13:15:00,7161.6,7167.25,7140.9,7157.7,0
2023-03-20 14:15:00,7158.5,7213.35,7153.5,7211.7,0
2023-03-20 15:15:00,7212.0,7224.45,7212.0,7216.9,0
2023-03-21 09:15:00,7246.1,7250.1,7206.85,7233.6,0
2023-03-21 10:15:00,7233.3,7244.05,7226.2,7235.35,0
2023-03-21 11:15:00,7235.2,7235.55,7209.3,7217.0,0
2023-03-21 12:15:00,7216.8,7246.9,7216.1,7242.4,0
2023-03-21 13:15:00,7242.9,7253.3,7229.8,7248.35,0
2023-03-21 14:15:00,7248.4,7261.85,7244.1,7244.9,0
2023-03-21 15:15:00,7244.65,7250.9,7242.7,7245.85,0
2023-03-22 09:15:00,7281.65,7290.45,7253.9,7271.1,0
2023-03-22 10:15:00,7271.05,7276.05,7259.5,7269.85,0
2023-03-22 11:15:00,7270.35,7280.8,7268.25,7275.35,0
2023-03-22 12:15:00,7275.1,7292.45,7273.05,7281.75,0
2023-03-22 13:15:00,7281.7,7292.6,7271.7,7277.3,0
2023-03-22 14:15:00,7277.15,7280.9,7252.05,7265.2,0
2023-03-22 15:15:00,7265.3,7267.05,7257.05,7259.2,0
2023-03-23 09:15:00,7242.1,7260.7,7220.45,7249.25,0
2023-03-23 10:15:00,7249.25,7258.25,7229.45,7232.9,0
2023-03-23 11:15:00,7232.25,7245.55,7229.1,7237.25,0
2023-03-23 12:15:00,7237.25,7253.0,7233.7,7241.05,0
2023-03-23 13:15:00,7240.5,7252.15,7234.6,7241.1,0
2023-03-23 14:15:00,7241.5,7244.7,7210.5,7213.05,0
2023-03-23 15:15:00,7212.35,7217.35,7207.0,7213.3,0
2023-03-24 09:15:00,7219.05,7219.05,7162.6,7171.8,0
2023-03-24 10:15:00,7171.9,7188.5,7139.1,7186.35,0
2023-03-24 11:15:00,7186.4,7199.2,7178.1,7186.15,0
2023-03-24 12:15:00,7186.05,7187.85,7154.25,7178.9,0
2023-03-24 13:15:00,7178.95,7184.55,7147.9,7160.15,0
2023-03-24 14:15:00,7160.35,7160.95,7127.6,7136.15,0
2023-03-24 15:15:00,7135.95,7137.35,7105.7,7116.65,0
2023-03-27 09:15:00,7122.15,7133.45,7079.65,7099.95,0
2023-03-27 10:15:00,7099.85,7107.9,7081.45,7090.55,0
2023-03-27 11:15:00,7090.15,7149.1,7085.05,7145.1,0
2023-03-27 12:15:00,7144.95,7149.35,7113.1,7114.3,0
2023-03-27 13:15:00,7113.15,7126.75,7096.15,7118.5,0
2023-03-27 14:15:00,7118.45,7139.35,7092.1,7098.4,0
2023-03-27 15:15:00,7098.25,7099.55,7081.1,7091.8,0
2023-03-28 09:15:00,7105.95,7114.2,7051.95,7075.9,0
2023-03-28 10:15:00,7075.3,7076.45,7041.4,7054.7,0
2023-03-28 11:15:00,7055.1,7070.7,7048.25,7048.75,0
2023-03-28 12:15:00,7049.1,7073.0,7040.65,7070.4,0
2023-03-28 13:15:00,7070.35,7074.25,7040.1,7041.35,0
2023-03-28 14:15:00,7041.45,7087.25,7040.0,7085.4,0
2023-03-28 15:15:00,7086.0,7087.9,7076.05,7086.05,0
2023-03-29 09:15:00,7074.5,7123.45,7074.5,7115.0,0
2023-03-29 10:15:00,7114.7,7147.6,7112.65,7136.95,0
2023-03-29 11:15:00,7137.55,7144.75,7130.8,7134.7,0
2023-03-29 12:15:00,7134.7,7164.65,7132.5,7164.05,0
2023-03-29 13:15:00,7164.15,7197.95,7162.8,7193.7,0
2023-03-29 14:15:00,7193.15,7230.5,7171.9,7227.3,0
2023-03-29 15:15:00,7227.35,7239.8,7222.3,7222.3,0
2023-03-31 09:15:00,7265.95,7331.35,7262.3,7306.85,0
2023-03-31 10:15:00,7306.15,7313.35,7296.4,7308.15,0
2023-03-31 11:15:00,7308.35,7318.55,7300.9,7311.35,0
2023-03-31 12:15:00,7311.55,7323.95,7305.7,7310.05,0
2023-03-31 13:15:00,7309.9,7321.1,7299.65,7318.15,0
2023-03-31 14:15:00,7318.25,7327.25,7305.8,7308.9,0
2023-03-31 15:15:00,7309.65,7312.0,7300.75,7303.9,0
2023-04-03 09:15:00,7353.65,7364.8,7327.7,7329.8,0
2023-04-03 10:15:00,7329.75,7347.35,7325.95,7345.15,0
2023-04-03 11:15:00,7345.15,7356.85,7334.15,7346.2,0
2023-04-03 12:15:00,7347.05,7348.15,7320.25,7320.95,0
2023-04-03 13:15:00,7320.95,7334.2,7317.75,7330.65,0
2023-04-03 14:15:00,7330.7,7348.1,7325.55,7347.5,0
2023-04-03 15:15:00,7347.6,7352.95,7344.65,7351.65,0
2023-04-05 09:15:00,7342.85,7342.85,7291.65,7303.0,0
2023-04-05 10:15:00,7302.85,7305.1,7287.5,7291.3,0
2023-04-05 11:15:00,7291.3,7308.6,7288.7,7308.6,0
2023-04-05 12:15:00,7307.8,7312.55,7299.7,7302.6,0
2023-04-05 13:15:00,7302.25,7303.8,7283.1,7295.25,0
2023-04-05 14:15:00,7295.1,7309.75,7286.3,7304.3,0
2023-04-05 15:15:00,7304.15,7313.75,7301.95,7310.6,0
2023-04-06 09:15:00,7304.05,7330.05,7290.65,7316.85,0
2023-04-06 10:15:00,7316.7,7347.0,7313.35,7336.8,0
2023-04-06 11:15:00,7337.75,7339.0,7325.45,7335.5,0
2023-04-06 12:15:00,7335.85,7352.4,7334.1,7351.9,0
2023-04-06 13:15:00,7352.0,7357.1,7324.35,7334.15,0
2023-04-06 14:15:00,7334.3,7360.95,7333.85,7355.6,0
2023-04-06 15:15:00,7356.05,7362.45,7352.85,7352.85,0
2023-04-10 09:15:00,7393.2,7396.45,7355.15,7390.2,0
2023-04-10 10:15:00,7390.35,7391.55,7372.95,7380.5,0
2023-04-10 11:15:00,7381.0,7400.45,7376.55,7397.1,0
2023-04-10 12:15:00,7397.3,7407.2,7391.55,7391.7,0
2023-04-10 13:15:00,7392.1,7412.85,7391.05,7396.4,0
2023-04-10 14:15:00,7396.7,7406.1,7381.15,7401.25,0
2023-04-10 15:15:00,7401.05,7403.8,7391.05,7395.4,0
2023-04-11 09:15:00,7422.4,7446.65,7417.3,7432.8,0
2023-04-11 10:15:00,7432.95,7433.35,7410.35,7411.95,0
2023-04-11 11:15:00,7411.9,7418.7,7390.05,7400.75,0
2023-04-11 12:15:00,7400.7,7407.8,7389.75,7399.7,0
2023-04-11 13:15:00,7399.2,7417.7,7397.45,7410.15,0
2023-04-11 14:15:00,7409.9,7429.95,7400.05,7425.15,0
2023-04-11 15:15:00,7425.4,7431.4,7420.05,7423.85,0
2023-04-12 09:15:00,7434.65,7460.6,7434.35,7451.15,0
2023-04-12 10:15:00,7451.2,7467.85,7446.65,7455.05,0
2023-04-12 11:15:00,7454.45,7461.8,7450.75,7454.7,0
2023-04-12 12:15:00,7454.35,7463.6,7452.15,7459.9,0
2023-04-12 13:15:00,7459.45,7467.7,7458.4,7467.4,0
2023-04-12 14:15:00,7467.25,7476.1,7451.5,7474.2,0
2023-04-12 15:15:00,7474.25,7477.85,7469.95,7476.35,0
2023-04-13 09:15:00,7474.2,7475.55,7448.25,7451.85,0
2023-04-13 10:15:00,7452.9,7456.35,7414.4,7417.3,0
2023-04-13 11:15:00,7416.3,7430.35,7411.45,7416.85,0
2023-04-13 12:15:00,7416.7,7435.1,7407.8,7423.55,0
2023-04-13 13:15:00,7423.2,7454.25,7422.55,7454.25,0
2023-04-13 14:15:00,7454.95,7468.7,7453.7,7464.8,0
2023-04-13 15:15:00,7464.5,7471.7,7463.7,7470.7,0
2023-04-17 09:15:00,7447.0,7471.0,7418.7,7457.5,0
2023-04-17 10:15:00,7457.4,7468.4,7440.4,7463.7,0
2023-04-17 11:15:00,7464.1,7477.55,7458.25,7473.7,0
2023-04-17 12:15:00,7473.65,7475.65,7464.1,7471.05,0
2023-04-17 13:15:00,7471.3,7487.2,7461.95,7484.2,0
2023-04-17 14:15:00,7484.6,7496.65,7473.2,7488.05,0
2023-04-17 15:15:00,7488.3,7493.25,7482.0,7488.05,0
2023-04-18 09:15:00,7517.8,7543.1,7503.6,7525.5,0
2023-04-18 10:15:00,7525.2,7548.15,7520.15,7547.9,0
2023-04-18 11:15:00,7548.05,7548.9,7530.05,7538.1,0
2023-04-18 12:15:00,7538.15,7561.6,7533.45,7555.0,0
2023-04-18 13:15:00,7554.95,7556.0,7510.3,7533.5,0
2023-04-18 14:15:00,7533.35,7569.7,7532.65,7561.65,0
2023-04-18 15:15:00,7561.65,7562.8,7553.9,7556.65,0
2023-04-19 09:15:00,7584.0,7612.9,7562.9,7591.8,0
2023-04-19 10:15:00,7591.3,7620.25,7588.25,7612.7,0
2023-04-19 11:15:00,7612.4,7612.6,7599.25,7607.85,0
2023-04-19 12:15:00,7607.6,7614.2,7598.15,7603.3,0
2023-04-19 13:15:00,7603.05,7605.9,7569.4,7574.65,0
2023-04-19 14:15:00,7574.9,7593.55,7567.55,7583.9,0
2023-04-19 15:15:00,7584.05,7585.1,7572.05,7575.65,0
2023-04-20 09:15:00,7601.65,7609.1,7573.4,7600.65,0
2023-04-20 10:15:00,7600.8,7605.6,7584.6,7588.5,0
2023-04-20 11:15:00,7588.6,7597.25,7578.05,7589.8,0
2023-04-20 12:15:00,7589.9,7590.45,7564.85,7570.95,0
2023-04-20 13:15:00,7571.35,7583.05,7564.25,7569.0,0
2023-04-20 14:15:00,7569.2,7580.9,7567.0,7577.3,0
2023-04-20 15:15:00,7577.1,7578.45,7564.85,7567.05,0
2023-04-21 09:15:00,7590.75,7591.55,7530.8,7542.0,0
2023-04-21 10:15:00,7541.95,7561.9,7521.45,7550.6,0
2023-04-21 11:15:00,7551.0,7552.3,7531.55,7539.45,0
2023-04-21 12:15:00,7539.45,7540.35,7512.4,7514.9,0
2023-04-21 13:15:00,7515.25,7540.75,7513.5,7536.0,0
2023-04-21 14:15:00,7535.8,7550.65,7524.7,7547.55,0
2023-04-21 15:15:00,7547.5,7549.6,7543.05,7545.9,0
2023-04-24 09:15:00,7550.75,7573.5,7543.2,7566.7,0
2023-04-24 10:15:00,7566.3,7591.25,7556.05,7590.1,0
2023-04-24 11:15:00,7590.05,7599.25,7573.35,7577.75,0
2023-04-24 12:15:00,7577.85,7592.6,7568.25,7588.2,0
2023-04-24 13:15:00,7588.2,7607.8,7588.2,7600.7,0
2023-04-24 14:15:00,7600.25,7604.8,7590.5,7603.75,0
2023-04-24 15:15:00,7603.8,7604.1,7594.7,7600.45,0
2023-04-25 09:15:00,7604.15,7633.9,7604.15,7621.25,0
2023-04-25 10:15:00,7620.8,7629.7,7615.05,7629.7,0
2023-04-25 11:15:00,7629.55,7640.8,7626.45,7639.55,0
2023-04-25 12:15:00,7639.5,7687.35,7627.75,7665.3,0
2023-04-25 13:15:00,7664.85,7666.45,7647.75,7653.0,0
2023-04-25 14:15:00,7652.9,7664.7,7650.15,7654.1,0
2023-04-25 15:15:00,7654.15,7655.75,7641.1,7647.65,0
2023-04-26 09:15:00,7642.95,7652.4,7606.05,7649.9,0
2023-04-26 10:15:00,7650.35,7668.75,7643.9,7668.25,0
2023-04-26 11:15:00,7667.95,7673.7,7656.4,7671.4,0
2023-04-26 12:15:00,7671.4,7680.55,7664.85,7667.1,0
2023-04-26 13:15:00,7666.85,7675.2,7664.05,7671.1,0
2023-04-26 14:15:00,7670.85,7682.25,7658.8,7678.45,0
2023-04-26 15:15:00,7678.95,7682.7,7672.6,7675.35,0
2023-04-27 09:15:00,7668.4,7690.6,7659.0,7681.95,0
2023-04-27 10:15:00,7681.7,7706.7,7678.3,7698.75,0
2023-04-27 11:15:00,7698.55,7713.55,7696.05,7703.95,0
2023-04-27 12:15:00,7703.95,7707.3,7687.8,7693.8,0
2023-04-27 13:15:00,7693.9,7697.5,7685.45,7688.9,0
2023-04-27 14:15:00,7688.5,7688.7,7666.4,7684.35,0
2023-04-27 15:15:00,7684.7,7685.05,7670.05,7677.25,0
2023-04-28 09:15:00,7679.7,7690.9,7653.95,7685.1,0
2023-04-28 10:15:00,7684.9,7687.75,7662.4,7676.9,0
2023-04-28 11:15:00,7676.95,7688.15,7670.3,7684.85,0
2023-04-28 12:15:00,7684.15,7684.15,7662.35,7671.15,0
2023-04-28 13:15:00,7670.9,7677.65,7658.7,7671.6,0
2023-04-28 14:15:00,7671.7,7707.3,7663.45,7700.75,0
2023-04-28 15:15:00,7701.0,7709.6,7692.7,7694.45,0
2023-05-02 09:15:00,7746.05,7779.9,7733.6,7742.75,0
2023-05-02 10:15:00,7742.35,7758.9,7741.15,7745.75,0
2023-05-02 11:15:00,7746.4,7767.4,7743.9,7762.45,0
2023-05-02 12:15:00,7762.55,7775.65,7758.6,7773.85,0
2023-05-02 13:15:00,7773.6,7774.35,7759.1,7766.25,0
2023-05-02 14:15:00,7766.55,7777.85,7763.0,7765.3,0
2023-05-02 15:15:00,7765.05,7766.05,7755.85,7758.1,0
2023-05-03 09:15:00,7753.6,7791.8,7740.2,7791.75,0
2023-05-03 10:15:00,7791.75,7803.3,7784.15,7785.7,0
2023-05-03 11:15:00,7784.9,7787.45,7770.4,7776.2,0
2023-05-03 12:15:00,7775.85,7777.55,7759.85,7760.0,0
2023-05-03 13:15:00,7759.9,7766.25,7740.3,7758.9,0
2023-05-03 14:15:00,7758.85,7772.65,7757.6,7762.95,0
2023-05-03 15:15:00,7762.95,7763.9,7755.35,7759.05,0
2023-05-04 09:15:00,7777.95,7784.9,7762.0,7769.9,0
2023-05-04 10:15:00,7769.85,7772.0,7760.25,7768.75,0
2023-05-04 11:15:00,7769.9,7792.4,7768.45,7780.25,0
2023-05-04 12:15:00,7779.85,7785.8,7773.35,7781.75,0
2023-05-04 13:15:00,7782.1,7788.9,7774.45,7778.95,0
2023-05-04 14:15:00,7778.9,7808.3,7776.0,7800.7,0
2023-05-04 15:15:00,7801.0,7805.9,7794.8,7804.6,0
2023-05-05 09:15:00,7825.8,7863.95,7800.0,7816.3,0
2023-05-05 10:15:00,7816.6,7829.15,7787.9,7792.15,0
2023-05-05 11:15:00,7792.25,7792.3,7740.35,7766.35,0
2023-05-05 12:15:00,7766.8,7776.95,7757.0,7767.4,0
2023-05-05 13:15:00,7768.05,7771.4,7721.25,7727.45,0
2023-05-05 14:15:00,7727.95,7743.7,7704.6,7711.3,0
2023-05-05 15:15:00,7710.55,7713.25,7695.9,7704.95,0
2023-05-08 09:15:00,7749.25,7806.95,7744.25,7793.5,0
2023-05-08 10:15:00,7793.15,7828.8,7791.8,7828.05,0
2023-05-08 11:15:00,7828.05,7837.4,7821.95,7835.1,0
2023-05-08 12:15:00,7835.25,7836.1,7811.25,7817.3,0
2023-05-08 13:15:00,7817.35,7845.45,7814.25,7832.15,0
2023-05-08 14:15:00,7832.45,7841.7,7821.4,7828.05,0
2023-05-08 15:15:00,7828.1,7831.95,7822.6,7825.5,0
2023-05-09 09:15:00,7852.35,7882.3,7847.75,7880.9,0
2023-05-09 10:15:00,7881.15,7910.55,7880.4,7902.85,0
2023-05-09 11:15:00,7902.6,7905.45,7877.45,7881.5,0
2023-05-09 12:15:00,7880.7,7886.1,7841.25,7845.55,0
2023-05-09 13:15:00,7845.4,7847.1,7803.0,7825.3,0
2023-05-09 14:15:00,7824.95,7830.35,7812.2,7818.05,0
2023-05-09 15:15:00,7818.15,7822.3,7814.1,7817.7,0
2023-05-10 09:15:00,7840.3,7855.75,7787.0,7798.7,0
2023-05-10 10:15:00,7798.85,7816.5,7794.95,7814.45,0
2023-05-10 11:15:00,7814.7,7831.55,7814.05,7827.2,0
2023-05-10 12:15:00,7827.2,7833.1,7823.3,7826.0,0
2023-05-10 13:15:00,7826.25,7836.25,7811.05,7835.2,0
2023-05-10 14:15:00,7835.5,7857.9,7825.7,7853.65,0
2023-05-10 15:15:00,7854.35,7855.95,7848.35,7851.95,0
2023-05-11 09:15:00,7870.15,7874.05,7842.3,7853.4,0
2023-05-11 10:15:00,7853.65,7872.9,7853.15,7856.4,0
2023-05-11 11:15:00,7856.35,7857.75,7840.45,7844.0,0
2023-05-11 12:15:00,7844.0,7852.6,7842.45,7851.15,0
2023-05-11 13:15:00,7851.15,7852.8,7835.0,7840.8,0
2023-05-11 14:15:00,7841.05,7845.65,7830.95,7840.35,0
2023-05-11 15:15:00,7840.55,7849.95,7836.3,7838.8,0
2023-05-12 09:15:00,7828.0,7828.0,7770.5,7801.3,0
2023-05-12 10:15:00,7801.15,7815.05,7787.45,7808.1,0
2023-05-12 11:15:00,7808.25,7808.3,7786.9,7787.85,0
2023-05-12 12:15:00,7787.85,7797.55,7787.45,7788.3,0
2023-05-12 13:15:00,7788.3,7795.15,7779.45,7781.25,0
2023-05-12 14:15:00,7779.95,7786.5,7756.85,7764.6,0
2023-05-12 15:15:00,7764.4,7766.15,7757.2,7758.3,0
2023-05-15 09:15:00,7771.85,7793.35,7738.6,7788.1,0
2023-05-15 10:15:00,7787.7,7811.8,7786.75,7809.3,0
2023-05-15 11:15:00,7809.2,7823.55,7805.9,7821.85,0
2023-05-15 12:15:00,7821.8,7829.35,7819.95,7822.2,0
2023-05-15 13:15:00,7822.8,7845.95,7822.25,7840.65,0
2023-05-15 14:15:00,7840.45,7843.5,7818.65,7818.85,0
2023-05-15 15:15:00,7818.45,7826.3,7816.2,7822.6,0
2023-05-16 09:15:00,7856.85,7905.2,7836.5,7904.5,0
2023-05-16 10:15:00,7904.4,7911.25,7883.95,7894.85,0
2023-05-16 11:15:00,7894.4,7895.4,7873.0,7882.25,0
2023-05-16 12:15:00,7881.7,7883.3,7864.3,7875.55,0
2023-05-16 13:15:00,7875.35,7885.45,7871.6,7876.1,0
2023-05-16 14:15:00,7875.4,7877.35,7829.3,7831.9,0
2023-05-16 15:15:00,7831.9,7840.85,7830.5,7836.65,0
2023-05-17 09:15:00,7835.1,7863.1,7819.8,7849.75,0
2023-05-17 10:15:00,7849.8,7853.5,7808.55,7825.45,0
2023-05-17 11:15:00,7825.05,7825.5,7766.8,7777.75,0
2023-05-17 12:15:00,7777.6,7815.9,7776.95,7812.4,0
2023-05-17 13:15:00,7812.95,7823.3,7800.55,7810.6,0
2023-05-17 14:15:00,7810.25,7843.65,7807.75,7843.1,0
2023-05-17 15:15:00,7842.05,7852.15,7841.0,7850.35,0
2023-05-18 09:15:00,7875.5,7875.5,7823.55,7829.35,0
2023-05-18 10:15:00,7829.45,7843.75,7821.9,7823.3,0
2023-05-18 11:15:00,7823.9,7824.65,7806.45,7808.0,0
2023-05-18 12:15:00,7808.55,7810.7,7792.4,7793.2,0
2023-05-18 13:15:00,7793.9,7804.9,7769.95,7774.15,0
2023-05-18 14:15:00,7774.3,7794.05,7750.3,7765.15,0
2023-05-18 15:15:00,7765.3,7766.0,7751.45,7758.35,0
2023-05-19 09:15:00,7775.5,7779.8,7693.35,7722.9,0
2023-05-19 10:15:00,7723.1,7767.95,7721.5,7767.9,0
2023-05-19 11:15:00,7767.7,7779.55,7755.7,7764.25,0
2023-05-19 12:15:00,7764.55,7765.1,7727.8,7748.4,0
2023-05-19 13:15:00,7748.35,7764.55,7747.15,7761.75,0
2023-05-19 14:15:00,7761.75,7769.6,7755.3,7762.05,0
2023-05-19 15:15:00,7761.75,7765.85,7752.95,7753.25,0
2023-05-22 09:15:00,7742.45,7767.9,7719.8,7758.1,0
2023-05-22 10:15:00,7758.25,7791.3,7753.7,7789.2,0
2023-05-22 11:15:00,7788.45,7791.15,7772.3,7785.5,0
2023-05-22 12:15:00,7785.3,7785.8,7765.3,7777.6,0
2023-05-22 13:15:00,7777.65,7789.15,7767.0,7786.35,0
2023-05-22 14:15:00,7785.9,7808.2,7784.85,7806.15,0
2023-05-22 15:15:00,7806.5,7807.15,7797.3,7801.15,0
2023-05-23 09:15:00,7818.05,7836.65,7806.8,7827.2,0
2023-05-23 10:15:00,7827.15,7854.25,7824.1,7854.15,0
2023-05-23 11:15:00,7854.45,7869.3,7847.7,7864.1,0
2023-05-23 12:15:00,7863.8,7879.6,7861.2,7864.0,0
2023-05-23 13:15:00,7865.05,7872.2,7859.05,7869.3,0
2023-05-23 14:15:00,7869.2,7876.25,7853.0,7860.4,0
2023-05-23 15:15:00,7860.7,7862.9,7847.5,7853.65,0
2023-05-24 09:15:00,7859.15,7888.85,7816.05,7876.4,0
2023-05-24 10:15:00,7876.4,7884.7,7869.05,7875.25,0
2023-05-24 11:15:00,7874.5,7883.55,7858.9,7861.2,0
2023-05-24 12:15:00,7861.2,7871.7,7853.05,7854.45,0
2023-05-24 13:15:00,7854.75,7865.9,7847.0,7864.5,0
2023-05-24 14:15:00,7864.75,7866.1,7841.85,7857.25,0
2023-05-24 15:15:00,7857.3,7858.75,7848.6,7856.6,0
2023-05-25 09:15:00,7845.1,7895.45,7841.55,7878.65,0
2023-05-25 10:15:00,7878.7,7887.8,7858.3,7864.65,0
2023-05-25 11:15:00,7864.05,7866.55,7850.0,7855.5,0
2023-05-25 12:15:00,7855.4,7860.95,7843.05,7845.7,0
2023-05-25 13:15:00,7846.1,7862.55,7845.8,7862.1,0
2023-05-25 14:15:00,7861.75,7890.4,7861.4,7888.8,0
2023-05-25 15:15:00,7888.25,7900.65,7887.9,7896.3,0
2023-05-26 09:15:00,7885.3,7942.05,7885.3,7933.85,0
2023-05-26 10:15:00,7933.2,7935.15,7905.05,7918.1,0
2023-05-26 11:15:00,7917.65,7922.8,7913.45,7915.0,0
2023-05-26 12:15:00,7914.35,7945.05,7906.75,7943.5,0
2023-05-26 13:15:00,7942.95,7958.95,7939.0,7952.7,0
2023-05-26 14:15:00,7952.65,7975.55,7950.55,7969.75,0
2023-05-26 15:15:00,7969.55,7971.9,7958.35,7964.55,0
2023-05-29 09:15:00,8014.4,8023.3,7966.1,7987.95,0
2023-05-29 10:15:00,7988.65,8010.2,7983.95,8004.75,0
2023-05-29 11:15:00,8004.8,8020.25,8002.5,8014.65,0
2023-05-29 12:15:00,8014.75,8016.85,8004.1,8012.35,0
2023-05-29 13:15:00,8012.05,8015.35,8007.85,8013.35,0
2023-05-29 14:15:00,8013.45,8018.4,7997.85,8011.75,0
2023-05-29 15:15:00,8011.55,8016.25,8004.6,8011.85,0
2023-05-30 09:15:00,8023.05,8058.8,8002.4,8044.35,0
2023-05-30 10:15:00,8044.75,8045.35,8012.5,8028.85,0
2023-05-30 11:15:00,8028.9,8051.25,8026.35,8051.0,0
2023-05-30 12:15:00,8051.25,8056.55,8045.5,8046.55,0
2023-05-30 13:15:00,8046.55,8055.6,8040.95,8047.7,0
2023-05-30 14:15:00,8047.8,8057.35,8044.25,8053.35,0
2023-05-30 15:15:00,8052.75,8055.95,8043.6,8049.25,0
2023-05-31 09:15:00,8038.15,8073.1,8029.55,8070.45,0
2023-05-31 10:15:00,8070.8,8079.2,8064.65,8066.75,0
2023-05-31 11:15:00,8066.7,8067.65,8032.9,8048.6,0
2023-05-31 12:15:00,8048.3,8052.55,8037.75,8038.65,0
2023-05-31 13:15:00,8038.3,8054.5,8037.05,8050.75,0
2023-05-31 14:15:00,8050.8,8083.35,8048.7,8076.4,0
2023-05-31 15:15:00,8076.25,8085.65,8050.35,8071.5,0
2023-06-01 09:15:00,8071.55,8094.05,8060.0,8076.25,0
2023-06-01 10:15:00,8076.4,8090.0,8075.0,8089.8,0
2023-06-01 11:15:00,8090.15,8098.75,8084.5,8087.4,0
2023-06-01 12:15:00,8087.25,8113.25,8085.7,8112.7,0
2023-06-01 13:15:00,8112.8,8114.75,8093.8,8095.55,0
2023-06-01 14:15:00,8095.45,8098.0,8077.65,8084.75,0
2023-06-01 15:15:00,8084.5,8084.65,8072.6,8080.1,0
2023-06-02 09:15:00,8111.8,8136.7,8107.4,8114.3,0
2023-06-02 10:15:00,8114.65,8133.65,8109.05,8132.35,0
2023-06-02 11:15:00,8132.45,8134.05,8121.8,8128.15,0
2023-06-02 12:15:00,8127.9,8132.95,8121.7,8122.95,0
2023-06-02 13:15:00,8123.1,8127.1,8115.95,8119.5,0
2023-06-02 14:15:00,8119.05,8133.65,8105.45,8124.25,0
2023-06-02 15:15:00,8124.25,8129.1,8118.65,8127.55,0
2023-06-05 09:15:00,8163.75,8176.15,8140.45,8143.85,0
2023-06-05 10:15:00,8144.05,8162.2,8139.95,8156.15,0
2023-06-05 11:15:00,8156.25,8159.25,8146.25,8155.55,0
2023-06-05 12:15:00,8155.4,8159.05,8144.65,8149.05,0
2023-06-05 13:15:00,8149.7,8157.95,8145.35,8146.65,0
2023-06-05 14:15:00,8147.05,8150.05,8131.75,8133.85,0
2023-06-05 15:15:00,8133.65,8135.5,8126.0,8130.25,0
2023-06-06 09:15:00,8135.3,8135.3,8101.65,8105.85,0
2023-06-06 10:15:00,8104.85,8106.45,8077.0,8082.55,0
2023-06-06 11:15:00,8082.95,8088.65,8070.55,8077.05,0
2023-06-06 12:15:00,8077.1,8089.85,8073.2,8084.5,0
2023-06-06 13:15:00,8084.35,8098.05,8083.1,8094.1,0
2023-06-06 14:15:00,8094.4,8116.9,8093.6,8115.45,0
2023-06-06 15:15:00,8115.3,8122.0,8110.2,8119.3,0
2023-06-07 09:15:00,8138.85,8154.8,8116.5,8153.85,0
2023-06-07 10:15:00,8154.4,8165.65,8151.7,8162.3,0
2023-06-07 11:15:00,8162.3,8162.95,8149.95,8152.45,0
2023-06-07 12:15:00,8152.4,8167.05,8151.75,8165.95,0
2023-06-07 13:15:00,8165.75,8172.95,8162.05,8169.6,0
2023-06-07 14:15:00,8169.4,8184.6,8163.35,8183.35,0
2023-06-07 15:15:00,8182.95,8188.6,8178.15,8184.45,0
2023-06-08 09:15:00,8202.1,8203.45,8171.65,8177.6,0
2023-06-08 10:15:00,8177.6,8212.4,8177.6,8206.4,0
2023-06-08 11:15:00,8206.75,8207.3,8117.45,8138.35,0
2023-06-08 12:15:00,8138.0,8142.8,8120.2,8134.0,0
2023-06-08 13:15:00,8134.45,8155.5,8133.25,8141.3,0
2023-06-08 14:15:00,8141.3,8142.25,8103.15,8107.9,0
2023-06-08 15:15:00,8108.0,8119.9,8095.6,8118.5,0
2023-06-09 09:15:00,8124.0,8143.25,8101.1,8127.3,0
2023-06-09 10:15:00,8126.95,8140.75,8114.85,8115.35,0
2023-06-09 11:15:00,8114.95,8120.8,8100.65,8110.1,0
2023-06-09 12:15:00,8109.9,8111.5,8081.4,8091.5,0
2023-06-09 13:15:00,8091.8,8094.75,8075.2,8083.1,0
2023-06-09 14:15:00,8082.75,8089.4,8067.1,8068.75,0
2023-06-09 15:15:00,8068.65,8072.1,8060.55,8062.2,0
2023-06-12 09:15:00,8098.6,8103.55,8067.05,8088.2,0
2023-06-12 10:15:00,8088.35,8110.85,8087.4,8108.3,0
2023-06-12 11:15:00,8108.25,8119.1,8103.45,8112.3,0
2023-06-12 12:15:00,8112.35,8118.95,8102.5,8116.75,0
2023-06-12 13:15:00,8116.3,8124.95,8109.6,8117.25,0
2023-06-12 14:15:00,8116.9,8131.8,8102.8,8123.55,0
2023-06-12 15:15:00,8123.2,8137.05,8122.95,8132.25,0
2023-06-13 09:15:00,8131.7,8182.1,8131.7,8179.2,0
2023-06-13 10:15:00,8179.4,8181.95,8165.2,8170.2,0
2023-06-13 11:15:00,8169.95,8185.85,8165.8,8179.0,0
2023-06-13 12:15:00,8178.85,8191.4,8174.5,8190.4,0
2023-06-13 13:15:00,8189.75,8190.3,8166.8,8176.3,0
2023-06-13 14:15:00,8176.15,8195.25,8171.05,8187.45,0
2023-06-13 15:15:00,8188.0,8189.45,8175.0,8181.95,0
2023-06-14 09:15:00,8196.85,8209.45,8157.15,8158.1,0
2023-06-14 10:15:00,8158.4,8171.75,8154.25,8163.6,0
2023-06-14 11:15:00,8163.5,8180.7,8162.4,8177.9,0
2023-06-14 12:15:00,8178.35,8180.45,8166.45,8174.9,0
2023-06-14 13:15:00,8175.0,8175.7,8162.3,8166.7,0
2023-06-14 14:15:00,8167.0,8177.1,8163.7,8165.9,0
2023-06-14 15:15:00,8166.6,8176.3,8165.15,8173.0,0
2023-06-15 09:15:00,8184.15,8209.35,8154.8,8203.9,0
2023-06-15 10:15:00,8203.3,8212.8,8195.65,8200.8,0
2023-06-15 11:15:00,8200.65,8200.9,8179.4,8191.45,0
2023-06-15 12:15:00,8191.4,8200.15,8187.4,8192.85,0
2023-06-15 13:15:00,8192.6,8205.6,8172.7,8174.7,0
2023-06-15 14:15:00,8174.6,8176.4,8144.15,8155.15,0
2023-06-15 15:15:00,8154.45,8155.45,8137.2,8144.6,0
2023-06-16 09:15:00,8183.8,8185.0,8153.5,8175.65,0
2023-06-16 10:15:00,8175.95,8198.8,8174.5,8189.15,0
2023-06-16 11:15:00,8189.0,8198.8,8178.35,8197.35,0
2023-06-16 12:15:00,8197.75,8208.55,8195.55,8206.75,0
2023-06-16 13:15:00,8207.0,8228.55,8206.5,8227.85,0
2023-06-16 14:15:00,8228.1,8237.95,8222.25,8224.6,0
2023-06-16 15:15:00,8224.65,8232.0,8215.9,8227.85,0
2023-06-19 09:15:00,8294.25,8321.05,8287.0,8304.35,0
2023-06-19 10:15:00,8304.2,8305.85,8282.85,8284.75,0
2023-06-19 11:15:00,8284.85,8301.1,8284.5,8288.95,0
2023-06-19 12:15:00,8288.15,8297.2,8261.55,8261.95,0
2023-06-19 13:15:00,8261.95,8262.3,8229.65,8239.55,0
2023-06-19 14:15:00,8239.6,8251.7,8237.2,8246.05,0
2023-06-19 15:15:00,8245.9,8250.4,8234.1,8248.45,0
2023-06-20 09:15:00,8239.85,8244.1,8199.95,8221.35,0
2023-06-20 10:15:00,8220.55,8241.75,8212.4,8234.8,0
2023-06-20 11:15:00,8234.95,8235.2,8220.9,8228.1,0
2023-06-20 12:15:00,8228.25,8257.3,8221.9,8256.5,0
2023-06-20 13:15:00,8255.9,8260.0,8238.3,8254.75,0
2023-06-20 14:15:00,8255.2,8279.75,8247.6,8274.5,0
2023-06-20 15:15:00,8274.35,8280.2,8271.85,8277.65,0
2023-06-21 09:15:00,8400.1,8458.85,8398.8,8411.0,0
2023-06-21 10:15:00,8411.3,8414.5,8364.5,8364.7,0
2023-06-21 11:15:00,8365.75,8391.15,8351.15,8386.05,0
2023-06-21 12:15:00,8385.65,8411.85,8375.55,8404.15,0
2023-06-21 13:15:00,8404.7,8407.4,8387.3,8397.0,0
2023-06-21 14:15:00,8397.05,8397.55,8357.35,8391.0,0
2023-06-21 15:15:00,8391.1,8392.65,8380.75,8386.65,0
2023-06-22 09:15:00,8415.6,8416.7,8366.3,8374.45,0
2023-06-22 10:15:00,8374.55,8387.55,8360.65,8363.35,0
2023-06-22 11:15:00,8363.45,8364.7,8303.1,8305.3,0
2023-06-22 12:15:00,8305.3,8312.0,8265.45,8290.9,0
2023-06-22 13:15:00,8291.2,8334.7,8290.7,8316.55,0
2023-06-22 14:15:00,8316.65,8319.25,8294.4,8295.95,0
2023-06-22 15:15:00,8295.9,8299.05,8286.0,8296.85,0
2023-06-23 09:15:00,8272.45,8278.95,8167.5,8186.75,0
2023-06-23 10:15:00,8186.65,8216.3,8183.6,8201.3,0
2023-06-23 11:15:00,8201.6,8205.25,8179.85,8182.05,0
2023-06-23 12:15:00,8182.2,8219.25,8181.2,8209.0,0
2023-06-23 13:15:00,8208.85,8211.95,8179.95,8192.05,0
2023-06-23 14:15:00,8191.85,8206.65,8176.85,8191.75,0
2023-06-23 15:15:00,8191.4,8192.85,8168.25,8174.0,0
2023-06-26 09:15:00,8183.95,8216.0,8141.55,8191.2,0
2023-06-26 10:15:00,8190.7,8201.15,8185.35,8194.75,0
2023-06-26 11:15:00,8194.5,8210.25,8190.2,8202.0,0
2023-06-26 12:15:00,8201.9,8204.15,8188.45,8198.95,0
2023-06-26 13:15:00,8199.15,8236.55,8198.3,8235.6,0
2023-06-26 14:15:00,8235.3,8276.1,8232.7,8267.5,0
2023-06-26 15:15:00,8267.45,8273.75,8259.55,8270.9,0
2023-06-27 09:15:00,8289.6,8315.95,8280.9,8295.3,0
2023-06-27 10:15:00,8294.75,8298.05,8282.85,8283.95,0
2023-06-27 11:15:00,8284.0,8288.85,8266.25,8270.2,0
2023-06-27 12:15:00,8270.0,8272.4,8254.7,8262.1,0
2023-06-27 13:15:00,8261.85,8302.9,8259.65,8296.5,0
2023-06-27 14:15:00,8295.95,8307.2,8281.6,8306.95,0
2023-06-27 15:15:00,8306.2,8318.0,8300.1,8300.1,0
2023-06-28 09:15:00,8344.45,8348.4,8330.0,8337.7,0
2023-06-28 10:15:00,8337.7,8341.15,8320.25,8332.05,0
2023-06-28 11:15:00,8332.0,8338.2,8326.6,8328.0,0
2023-06-28 12:15:00,8327.85,8339.2,8327.05,8335.7,0
2023-06-28 13:15:00,8335.8,8346.5,8331.3,8338.2,0
2023-06-28 14:15:00,8338.6,8364.6,8334.45,8362.05,0
2023-06-28 15:15:00,8362.8,8382.5,8358.4,8376.55,0
2023-06-30 09:15:00,8375.75,8446.0,8372.0,8432.75,0
2023-06-30 10:15:00,8432.85,8442.4,8413.55,8418.4,0
2023-06-30 11:15:00,8417.75,8425.7,8411.7,8421.2,0
2023-06-30 12:15:00,8420.95,8430.75,8415.15,8428.2,0
2023-06-30 13:15:00,8428.3,8443.45,8427.4,8437.65,0
2023-06-30 14:15:00,8437.2,8451.1,8435.05,8439.2,0
2023-06-30 15:15:00,8439.25,8442.95,8435.3,8440.45,0
2023-07-03 09:15:00,8499.45,8509.9,8444.3,8451.35,0
2023-07-03 10:15:00,8451.4,8454.7,8438.05,8440.0,0
2023-07-03 11:15:00,8439.85,8448.85,8424.8,8425.65,0
2023-07-03 12:15:00,8425.55,8446.6,8422.8,8434.35,0
2023-07-03 13:15:00,8434.55,8440.0,8420.75,8432.6,0
2023-07-03 14:15:00,8432.35,8442.55,8426.6,8436.6,0
2023-07-03 15:15:00,8436.55,8444.25,8431.5,8442.1,0
2023-07-04 09:15:00,8480.0,8480.9,8390.85,8420.8,0
2023-07-04 10:15:00,8421.0,8450.05,8418.3,8442.8,0
2023-07-04 11:15:00,8442.95,8474.2,8436.55,8470.8,0
2023-07-04 12:15:00,8470.45,8474.45,8445.15,8445.9,0
2023-07-04 13:15:00,8445.6,8457.0,8432.0,8432.0,0
2023-07-04 14:15:00,8431.85,8439.45,8414.95,8429.95,0
2023-07-04 15:15:00,8429.8,8443.5,8427.2,8439.1,0
2023-07-05 09:15:00,8432.85,8454.5,8409.75,8436.9,0
2023-07-05 10:15:00,8437.1,8443.2,8420.35,8433.35,0
2023-07-05 11:15:00,8433.95,8499.75,8431.65,8494.25,0
2023-07-05 12:15:00,8494.05,8497.05,8459.75,8471.1,0
2023-07-05 13:15:00,8471.7,8486.25,8440.1,8486.25,0
2023-07-05 14:15:00,8485.8,8504.7,8468.2,8497.65,0
2023-07-05 15:15:00,8498.35,8508.45,8496.0,8506.95,0
2023-07-06 09:15:00,8506.95,8529.15,8487.25,8523.8,0
2023-07-06 10:15:00,8523.45,8540.2,8515.2,8532.7,0
2023-07-06 11:15:00,8532.6,8553.85,8531.7,8546.85,0
2023-07-06 12:15:00,8546.75,8548.05,8535.95,8539.65,0
2023-07-06 13:15:00,8539.45,8556.65,8537.45,8552.85,0
2023-07-06 14:15:00,8552.5,8566.05,8548.95,8553.3,0
2023-07-06 15:15:00,8554.15,8562.05,8546.5,8559.15,0
2023-07-07 09:15:00,8550.55,8566.55,8524.5,8541.15,0
2023-07-07 10:15:00,8540.75,8541.3,8448.8,8479.1,0
2023-07-07 11:15:00,8478.45,8486.9,8447.25,8459.2,0
2023-07-07 12:15:00,8459.25,8467.45,8430.35,8442.55,0
2023-07-07 13:15:00,8442.65,8479.1,8440.15,8474.15,0
2023-07-07 14:15:00,8474.25,8535.5,8474.25,8496.7,0
2023-07-07 15:15:00,8496.8,8501.65,8487.35,8501.2,0
2023-07-10 09:15:00,8528.7,8535.05,8456.55,8483.65,0
2023-07-10 10:15:00,8483.1,8505.7,8466.75,8479.85,0
2023-07-10 11:15:00,8479.3,8482.9,8431.2,8439.3,0
2023-07-10 12:15:00,8439.2,8466.4,8438.3,8460.3,0
2023-07-10 13:15:00,8459.95,8474.35,8458.9,8470.6,0
2023-07-10 14:15:00,8470.25,8481.0,8458.15,8472.0,0
2023-07-10 15:15:00,8472.0,8477.3,8462.8,8475.55,0
2023-07-11 09:15:00,8503.65,8544.8,8492.85,8543.15,0
2023-07-11 10:15:00,8542.15,8561.85,8537.3,8553.05,0
2023-07-11 11:15:00,8552.8,8580.5,8552.3,8573.65,0
2023-07-11 12:15:00,8573.65,8574.4,8551.95,8557.75,0
2023-07-11 13:15:00,8558.15,8560.75,8538.9,8541.7,0
2023-07-11 14:15:00,8542.0,8547.1,8531.65,8539.45,0
2023-07-11 15:15:00,8539.0,8553.15,8537.2,8551.0,0
2023-07-12 09:15:00,8565.05,8599.85,8562.75,8587.2,0
2023-07-12 10:15:00,8586.8,8599.4,8563.65,8582.1,0
2023-07-12 11:15:00,8581.0,8588.3,8559.25,8563.6,0
2023-07-12 12:15:00,8563.25,8580.85,8550.15,8580.85,0
2023-07-12 13:15:00,8580.5,8581.8,8547.1,8567.55,0
2023-07-12 14:15:00,8567.75,8599.3,8564.35,8570.45,0
2023-07-12 15:15:00,8570.55,8574.85,8564.95,8570.15,0
2023-07-13 09:15:00,8608.1,8614.3,8578.4,8589.55,0
2023-07-13 10:15:00,8589.9,8599.45,8583.3,8597.35,0
2023-07-13 11:15:00,8597.3,8600.4,8575.45,8583.85,0
2023-07-13 12:15:00,8584.1,8590.75,8554.8,8562.35,0
2023-07-13 13:15:00,8562.1,8564.85,8473.15,8477.15,0
2023-07-13 14:15:00,8477.6,8502.0,8460.05,8486.15,0
2023-07-13 15:15:00,8485.7,8502.4,8482.35,8501.25,0
2023-07-14 09:15:00,8533.2,8559.6,8516.55,8531.3,0
2023-07-14 10:15:00,8531.5,8539.4,8509.3,8524.7,0
2023-07-14 11:15:00,8524.25,8539.75,8521.85,8538.5,0
2023-07-14 12:15:00,8538.85,8553.35,8532.15,8553.35,0
2023-07-14 13:15:00,8552.4,8573.35,8539.55,8567.7,0
2023-07-14 14:15:00,8567.95,8632.25,8567.15,8631.65,0
2023-07-14 15:15:00,8630.9,8632.3,8612.45,8618.65,0
2023-07-17 09:15:00,8640.65,8683.5,8623.2,8676.25,0
2023-07-17 10:15:00,8676.5,8678.45,8637.45,8642.8,0
2023-07-17 11:15:00,8642.75,8661.1,8637.8,8648.1,0
2023-07-17 12:15:00,8647.9,8649.05,8623.0,8625.65,0
2023-07-17 13:15:00,8625.95,8645.35,8620.35,8636.55,0
2023-07-17 14:15:00,8636.3,8658.2,8634.35,8642.25,0
2023-07-17 15:15:00,8642.25,8654.45,8634.1,8651.2,0
2023-07-18 09:15:00,8688.4,8693.6,8646.8,8678.5,0
2023-07-18 10:15:00,8678.0,8691.65,8658.0,8665.05,0
2023-07-18 11:15:00,8665.5,8669.3,8600.9,8609.8,0
2023-07-18 12:15:00,8609.7,8640.45,8608.75,8628.65,0
2023-07-18 13:15:00,8628.8,8648.6,8617.4,8642.0,0
2023-07-18 14:15:00,8642.05,8663.5,8616.8,8657.85,0
2023-07-18 15:15:00,8657.5,8666.75,8655.25,8665.95,0
2023-07-19 09:15:00,8688.55,8697.8,8668.9,8686.35,0
2023-07-19 10:15:00,8686.4,8699.7,8665.15,8668.45,0
2023-07-19 11:15:00,8667.95,8694.05,8661.0,8691.5,0
2023-07-19 12:15:00,8691.75,8705.35,8674.6,8677.7,0
2023-07-19 13:15:00,8677.95,8693.1,8673.3,8683.25,0
2023-07-19 14:15:00,8683.55,8717.65,8678.9,8714.0,0
2023-07-19 15:15:00,8713.9,8721.1,8712.6,8717.65,0
2023-07-20 09:15:00,8749.5,8756.25,8703.2,8706.5,0
2023-07-20 10:15:00,8707.35,8717.0,8696.3,8706.95,0
2023-07-20 11:15:00,8707.4,8717.0,8690.65,8710.15,0
2023-07-20 12:15:00,8711.15,8712.2,8697.0,8698.45,0
2023-07-20 13:15:00,8698.55,8706.15,8692.2,8704.3,0
2023-07-20 14:15:00,8704.65,8724.0,8702.1,8716.2,0
2023-07-20 15:15:00,8715.6,8722.15,8709.75,8719.95,0
2023-07-21 09:15:00,8682.2,8729.55,8669.55,8698.7,0
2023-07-21 10:15:00,8698.75,8712.45,8682.75,8696.15,0
2023-07-21 11:15:00,8696.15,8709.75,8688.5,8702.45,0
2023-07-21 12:15:00,8702.45,8704.15,8677.2,8702.95,0
2023-07-21 13:15:00,8702.75,8714.25,8682.2,8685.8,0
2023-07-21 14:15:00,8686.05,8700.35,8671.95,8689.4,0
2023-07-21 15:15:00,8689.8,8697.15,8688.55,8691.65,0
2023-07-24 09:15:00,8718.4,8720.2,8683.3,8708.8,0
2023-07-24 10:15:00,8708.8,8731.95,8706.35,8714.25,0
2023-07-24 11:15:00,8713.85,8716.0,8674.05,8700.3,0
2023-07-24 12:15:00,8699.35,8741.15,8699.35,8739.7,0
2023-07-24 13:15:00,8739.5,8743.6,8722.75,8731.95,0
2023-07-24 14:15:00,8732.15,8740.7,8663.25,8682.55,0
2023-07-24 15:15:00,8682.75,8682.75,8657.45,8661.2,0
2023-07-25 09:15:00,8741.55,8742.05,8692.45,8693.05,0
2023-07-25 10:15:00,8693.45,8698.95,8674.0,8695.75,0
2023-07-25 11:15:00,8695.8,8726.9,8695.0,8726.3,0
2023-07-25 12:15:00,8725.85,8726.85,8689.8,8690.35,0
2023-07-25 13:15:00,8689.7,8703.95,8671.75,8703.35,0
2023-07-25 14:15:00,8703.2,8775.1,8702.9,8773.65,0
2023-07-25 15:15:00,8774.15,8785.55,8768.0,8770.75,0
2023-07-26 09:15:00,8780.55,8786.9,8759.25,8776.05,0
2023-07-26 10:15:00,8776.5,8787.95,8763.8,8783.6,0
2023-07-26 11:15:00,8783.7,8786.55,8761.6,8780.85,0
2023-07-26 12:15:00,8781.7,8793.3,8770.25,8776.1,0
2023-07-26 13:15:00,8776.45,8785.55,8770.65,8774.7,0
2023-07-26 14:15:00,8774.65,8794.1,8748.95,8759.9,0
2023-07-26 15:15:00,8759.95,8771.8,8759.95,8769.0,0
2023-07-27 09:15:00,8808.4,8818.6,8766.45,8812.85,0
2023-07-27 10:15:00,8812.45,8829.45,8807.55,8809.35,0
2023-07-27 11:15:00,8809.35,8809.35,8791.6,8793.5,0
2023-07-27 12:15:00,8792.95,8805.2,8784.5,8793.9,0
2023-07-27 13:15:00,8794.45,8823.7,8770.6,8802.4,0
2023-07-27 14:15:00,8802.05,8808.8,8754.7,8782.85,0
2023-07-27 15:15:00,8782.45,8820.6,8774.75,8820.05,0
2023-07-28 09:15:00,8800.15,8852.45,8798.4,8830.9,0
2023-07-28 10:15:00,8832.1,8849.65,8823.35,8839.75,0
2023-07-28 11:15:00,8840.25,8840.7,8820.9,8825.25,0
2023-07-28 12:15:00,8825.4,8833.05,8814.85,8828.3,0
2023-07-28 13:15:00,8827.7,8850.8,8818.7,8848.6,0
2023-07-28 14:15:00,8849.3,8874.85,8830.7,8874.2,0
2023-07-28 15:15:00,8873.35,8878.55,8863.95,8864.85,0
2023-07-31 09:15:00,8894.7,8926.55,8875.5,8919.85,0
2023-07-31 10:15:00,8920.8,8944.95,8916.7,8941.05,0
2023-07-31 11:15:00,8941.85,8967.35,8937.7,8961.35,0
2023-07-31 12:15:00,8961.2,8961.55,8939.95,8956.6,0
2023-07-31 13:15:00,8956.4,8963.0,8947.5,8949.85,0
2023-07-31 14:15:00,8949.4,8989.0,8949.4,8980.7,0
2023-07-31 15:15:00,8980.55,8993.0,8975.3,8984.35,0
2023-08-01 09:15:00,9010.6,9017.95,8963.9,8963.9,0
2023-08-01 10:15:00,8963.55,8967.65,8930.15,8948.0,0
2023-08-01 11:15:00,8948.35,8955.7,8938.4,8952.2,0
2023-08-01 12:15:00,8952.4,8956.35,8927.55,8947.8,0
2023-08-01 13:15:00,8948.1,8955.85,8936.95,8949.25,0
2023-08-01 14:15:00,8950.0,8961.9,8943.6,8949.3,0
2023-08-01 15:15:00,8948.95,8960.15,8946.75,8955.85,0
2023-08-02 09:15:00,8949.0,8953.2,8903.5,8907.0,0
2023-08-02 10:15:00,8906.5,8912.1,8862.8,8875.1,0
2023-08-02 11:15:00,8875.0,8891.85,8848.1,8856.5,0
2023-08-02 12:15:00,8857.15,8864.15,8825.95,8826.55,0
2023-08-02 13:15:00,8826.3,8827.55,8760.05,8765.35,0
2023-08-02 14:15:00,8765.75,8842.3,8753.5,8839.6,0
2023-08-02 15:15:00,8839.2,8841.65,8825.55,8827.0,0
2023-08-03 09:15:00,8827.6,8877.3,8800.9,8835.95,0
2023-08-03 10:15:00,8835.6,8861.25,8815.9,8857.45,0
2023-08-03 11:15:00,8858.05,8868.45,8830.85,8832.45,0
2023-08-03 12:15:00,8833.1,8839.85,8779.95,8788.1,0
2023-08-03 13:15:00,8788.1,8796.95,8764.85,8774.6,0
2023-08-03 14:15:00,8774.95,8827.05,8769.25,8821.85,0
2023-08-03 15:15:00,8821.4,8831.75,8819.2,8829.05,0
2023-08-04 09:15:00,8849.4,8872.1,8833.35,8841.95,0
2023-08-04 10:15:00,8841.75,8859.6,8792.0,8821.35,0
2023-08-04 11:15:00,8821.6,8876.95,8818.1,8872.35,0
2023-08-04 12:15:00,8873.05,8900.95,8871.85,8884.15,0
2023-08-04 13:15:00,8884.15,8884.15,8841.6,8853.9,0
2023-08-04 14:15:00,8854.1,8878.8,8852.75,8874.75,0
2023-08-04 15:15:00,8874.85,8878.25,8862.1,8864.15,0
2023-08-07 09:15:00,8886.2,8899.75,8862.75,8868.5,0
2023-08-07 10:15:00,8868.3,8896.9,8858.75,8870.55,0
2023-08-07 11:15:00,8870.2,8892.45,8864.85,8890.7,0
2023-08-07 12:15:00,8891.3,8905.6,8888.2,8898.4,0
2023-08-07 13:15:00,8898.75,8912.8,8894.3,8896.4,0
2023-08-07 14:15:00,8896.7,8905.85,8885.15,8898.1,0
2023-08-07 15:15:00,8898.15,8904.25,8893.05,8896.0,0
2023-08-08 09:15:00,8921.6,8932.9,8896.55,8914.15,0
2023-08-08 10:15:00,8914.4,8924.7,8853.0,8856.05,0
2023-08-08 11:15:00,8855.55,8876.1,8824.25,8870.75,0
2023-08-08 12:15:00,8870.35,8874.5,8857.6,8873.8,0
2023-08-08 13:15:00,8873.7,8888.35,8872.1,8882.75,0
2023-08-08 14:15:00,8882.7,8899.0,8865.8,8888.5,0
2023-08-08 15:15:00,8889.0,8901.35,8886.15,8895.5,0
2023-08-09 09:15:00,8911.55,8916.6,8818.7,8831.5,0
2023-08-09 10:15:00,8831.45,8852.95,8819.15,8842.45,0
2023-08-09 11:15:00,8842.7,8874.55,8841.45,8868.6,0
2023-08-09 12:15:00,8867.8,8894.95,8864.9,8887.9,0
2023-08-09 13:15:00,8887.45,8933.4,8879.7,8926.15,0
2023-08-09 14:15:00,8925.65,8961.75,8915.4,8945.35,0
2023-08-09 15:15:00,8945.45,8962.05,8940.0,8962.05,0
2023-08-10 09:15:00,8963.6,8970.95,8925.3,8958.95,0
2023-08-10 10:15:00,8959.15,8963.35,8910.65,8948.7,0
2023-08-10 11:15:00,8948.35,8967.4,8946.55,8952.7,0
2023-08-10 12:15:00,8952.95,8968.95,8947.75,8957.45,0
2023-08-10 13:15:00,8957.35,8961.4,8885.5,8906.15,0
2023-08-10 14:15:00,8906.75,9015.15,8898.3,8981.0,0
2023-08-10 15:15:00,8980.45,8999.35,8969.35,8993.4,0
2023-08-11 09:15:00,9018.3,9018.4,8966.05,8997.55,0
2023-08-11 10:15:00,8996.9,8999.5,8957.45,8957.45,0
2023-08-11 11:15:00,8957.4,8984.15,8955.9,8979.4,0
2023-08-11 12:15:00,8978.8,8982.5,8963.9,8966.15,0
2023-08-11 13:15:00,8965.75,8970.3,8955.75,8958.5,0
2023-08-11 14:15:00,8958.8,8972.6,8926.95,8931.2,0
2023-08-11 15:15:00,8931.3,8934.4,8917.85,8922.25,0
2023-08-14 09:15:00,8921.7,8922.65,8767.5,8856.35,0
2023-08-14 10:15:00,8857.65,8862.9,8840.5,8851.7,0
2023-08-14 11:15:00,8851.7,8883.65,8849.4,8878.9,0
2023-08-14 12:15:00,8879.65,8891.8,8865.6,8890.4,0
2023-08-14 13:15:00,8890.0,8919.8,8886.1,8916.9,0
2023-08-14 14:15:00,8916.6,8938.7,8907.2,8916.85,0
2023-08-14 15:15:00,8917.5,8919.65,8906.95,8911.1,0
2023-08-16 09:15:00,8905.65,8910.8,8827.2,8886.9,0
2023-08-16 10:15:00,8885.95,8902.15,8881.5,8882.25,0
2023-08-16 11:15:00,8882.45,8902.65,8876.8,8900.15,0
2023-08-16 12:15:00,8899.85,8925.8,8898.15,8923.1,0
2023-08-16 13:15:00,8923.45,8931.2,8896.0,8904.25,0
2023-08-16 14:15:00,8904.0,8921.45,8891.05,8899.5,0
2023-08-16 15:15:00,8899.15,8911.6,8891.1,8906.95,0
2023-08-17 09:15:00,8927.9,8982.6,8914.75,8951.1,0
2023-08-17 10:15:00,8951.25,8963.75,8942.45,8947.55,0
2023-08-17 11:15:00,8947.55,8947.55,8912.95,8914.6,0
2023-08-17 12:15:00,8914.35,8932.15,8904.5,8909.8,0
2023-08-17 13:15:00,8909.85,8920.75,8903.8,8912.4,0
2023-08-17 14:15:00,8912.45,8941.95,8906.0,8937.5,0
2023-08-17 15:15:00,8937.55,8941.3,8928.45,8933.2,0
2023-08-18 09:15:00,8938.2,8939.5,8873.35,8875.75,0
2023-08-18 10:15:00,8875.8,8891.05,8870.7,8879.6,0
2023-08-18 11:15:00,8878.9,8882.9,8865.5,8871.9,0
2023-08-18 12:15:00,8872.75,8874.3,8852.0,8862.4,0
2023-08-18 13:15:00,8863.05,8890.75,8862.3,8889.9,0
2023-08-18 14:15:00,8891.45,8904.3,8884.65,8888.4,0
2023-08-18 15:15:00,8888.65,8892.2,8879.1,8879.15,0
2023-08-21 09:15:00,8908.65,8947.4,8885.6,8915.2,0
2023-08-21 10:15:00,8914.05,8934.8,8913.4,8929.4,0
2023-08-21 11:15:00,8930.0,8942.8,8918.95,8942.6,0
2023-08-21 12:15:00,8942.6,8962.2,8937.45,8948.65,0
2023-08-21 13:15:00,8948.4,8958.35,8935.1,8938.7,0
2023-08-21 14:15:00,8938.6,8958.0,8925.6,8929.25,0
2023-08-21 15:15:00,8930.35,8947.1,8928.45,8944.65,0
2023-08-22 09:15:00,8957.9,8971.7,8935.8,8964.0,0
2023-08-22 10:15:00,8964.65,8981.65,8956.0,8975.75,0
2023-08-22 11:15:00,8975.75,8989.45,8965.05,8988.05,0
2023-08-22 12:15:00,8987.35,9001.0,8979.15,8999.85,0
2023-08-22 13:15:00,8999.05,9009.65,8992.55,9008.4,0
2023-08-22 14:15:00,9008.2,9017.0,8995.25,9011.8,0
2023-08-22 15:15:00,9012.1,9018.45,9009.35,9009.35,0
2023-08-23 09:15:00,9031.1,9095.65,9024.95,9068.8,0
2023-08-23 10:15:00,9068.9,9100.75,9067.8,9095.2,0
2023-08-23 11:15:00,9095.7,9109.4,9092.8,9095.2,0
2023-08-23 12:15:00,9094.75,9106.0,9092.9,9096.15,0
2023-08-23 13:15:00,9096.1,9124.15,9093.3,9119.4,0
2023-08-23 14:15:00,9119.25,9124.4,9103.7,9107.2,0
2023-08-23 15:15:00,9108.0,9111.65,9100.45,9106.05,0
2023-08-24 09:15:00,9158.5,9190.8,9147.45,9183.65,0
2023-08-24 10:15:00,9183.8,9190.25,9163.1,9173.8,0
2023-08-24 11:15:00,9173.8,9192.1,9161.2,9178.5,0
2023-08-24 12:15:00,9178.7,9184.4,9161.15,9165.2,0
2023-08-24 13:15:00,9165.15,9169.45,9151.4,9161.5,0
2023-08-24 14:15:00,9161.65,9162.8,9117.5,9122.8,0
2023-08-24 15:15:00,9122.2,9123.45,9103.3,9108.35,0
2023-08-25 09:15:00,9087.5,9115.6,9039.2,9080.45,0
2023-08-25 10:15:00,9080.85,9081.2,9010.55,9048.5,0
2023-08-25 11:15:00,9049.6,9089.05,9042.5,9061.9,0
2023-08-25 12:15:00,9062.3,9067.75,9052.7,9054.0,0
2023-08-25 13:15:00,9055.25,9071.35,9042.5,9042.5,0
2023-08-25 14:15:00,9043.0,9062.4,9031.05,9038.2,0
2023-08-25 15:15:00,9037.85,9038.35,9022.65,9032.55,0
2023-08-28 09:15:00,9057.5,9096.4,9055.05,9072.65,0
2023-08-28 10:15:00,9072.05,9077.05,9060.95,9069.9,0
2023-08-28 11:15:00,9069.8,9094.5,9069.8,9088.45,0
2023-08-28 12:15:00,9088.7,9099.9,9077.6,9082.85,0
2023-08-28 13:15:00,9082.45,9099.5,9079.9,9089.35,0
2023-08-28 14:15:00,9089.5,9101.45,9072.3,9078.45,0
2023-08-28 15:15:00,9078.6,9092.35,9069.85,9080.55,0
2023-08-29 09:15:00,9112.65,9136.9,9092.8,9126.8,0
2023-08-29 10:15:00,9126.9,9151.35,9123.7,9145.45,0
2023-08-29 11:15:00,9145.8,9165.55,9143.45,9162.9,0
2023-08-29 12:15:00,9162.75,9170.7,9152.3,9153.3,0
2023-08-29 13:15:00,9153.35,9165.6,9144.45,9157.0,0
2023-08-29 14:15:00,9157.45,9165.55,9137.05,9161.6,0
2023-08-29 15:15:00,9161.65,9162.75,9149.3,9152.8,0
2023-08-30 09:15:00,9193.7,9244.6,9188.35,9240.1,0
2023-08-30 10:15:00,9239.75,9256.45,9227.55,9248.75,0
2023-08-30 11:15:00,9248.8,9272.75,9246.8,9271.4,0
2023-08-30 12:15:00,9271.65,9290.5,9271.55,9284.0,0
2023-08-30 13:15:00,9284.0,9290.15,9277.55,9278.7,0
2023-08-30 14:15:00,9278.8,9283.2,9257.2,9258.65,0
2023-08-30 15:15:00,9258.6,9269.25,9254.4,9264.8,0
2023-08-31 09:15:00,9303.15,9318.4,9280.2,9303.4,0
2023-08-31 10:15:00,9304.9,9315.85,9298.2,9312.3,0
2023-08-31 11:15:00,9312.25,9334.35,9303.5,9305.75,0
2023-08-31 12:15:00,9305.75,9307.65,9289.8,9290.7,0
2023-08-31 13:15:00,9291.1,9322.3,9289.3,9305.55,0
2023-08-31 14:15:00,9305.45,9313.8,9251.6,9313.45,0
2023-08-31 15:15:00,9312.7,9317.5,9296.7,9296.7,0
2023-09-01 09:15:00,9302.85,9330.1,9283.35,9299.05,0
2023-09-01 10:15:00,9297.5,9324.75,9291.25,9316.6,0
2023-09-01 11:15:00,9315.85,9324.0,9303.05,9315.95,0
2023-09-01 12:15:00,9316.2,9325.2,9307.25,9322.7,0
2023-09-01 13:15:00,9322.7,9344.95,9319.15,9344.45,0
2023-09-01 14:15:00,9345.4,9361.7,9342.3,9348.85,0
2023-09-01 15:15:00,9348.8,9349.95,9336.5,9338.65,0
2023-09-04 09:15:00,9377.1,9402.15,9360.15,9393.05,0
2023-09-04 10:15:00,9392.4,9394.25,9353.6,9372.1,0
2023-09-04 11:15:00,9371.95,9378.8,9353.65,9372.9,0
2023-09-04 12:15:00,9372.9,9393.95,9367.4,9392.95,0
2023-09-04 13:15:00,9393.15,9403.5,9369.3,9370.15,0
2023-09-04 14:15:00,9370.5,9374.15,9351.0,9359.2,0
2023-09-04 15:15:00,9359.45,9369.35,9353.8,9364.4,0
2023-09-05 09:15:00,9383.7,9433.65,9368.7,9425.8,0
2023-09-05 10:15:00,9425.35,9447.55,9404.8,9435.1,0
2023-09-05 11:15:00,9434.8,9441.1,9424.1,9430.1,0
2023-09-05 12:15:00,9430.0,9450.75,9420.4,9449.95,0
2023-09-05 13:15:00,9449.5,9493.7,9437.1,9484.95,0
2023-09-05 14:15:00,9485.5,9495.0,9474.6,9478.65,0
2023-09-05 15:15:00,9478.4,9483.55,9468.3,9477.9,0
2023-09-06 09:15:00,9503.8,9534.15,9486.0,9526.1,0
2023-09-06 10:15:00,9526.25,9557.3,9524.6,9554.5,0
2023-09-06 11:15:00,9553.9,9554.3,9501.8,9533.45,0
2023-09-06 12:15:00,9533.15,9534.05,9501.7,9522.1,0
2023-09-06 13:15:00,9521.6,9532.55,9514.25,9529.8,0
2023-09-06 14:15:00,9530.25,9550.0,9529.35,9540.65,0
2023-09-06 15:15:00,9539.65,9543.15,9531.95,9541.6,0
2023-09-07 09:15:00,9540.7,9550.3,9520.75,9532.85,0
2023-09-07 10:15:00,9532.4,9545.8,9526.6,9537.55,0
2023-09-07 11:15:00,9537.9,9545.9,9512.45,9525.2,0
2023-09-07 12:15:00,9524.6,9541.3,9515.65,9525.15,0
2023-09-07 13:15:00,9526.15,9539.05,9521.85,9536.25,0
2023-09-07 14:15:00,9536.7,9559.1,9532.1,9546.1,0
2023-09-07 15:15:00,9546.35,9548.9,9539.65,9545.8,0
2023-09-08 09:15:00,9576.8,9604.25,9564.45,9588.55,0
2023-09-08 10:15:00,9588.1,9604.65,9565.85,9600.7,0
2023-09-08 11:15:00,9600.85,9628.6,9592.75,9626.45,0
2023-09-08 12:15:00,9626.3,9632.4,9617.7,9624.8,0
2023-09-08 13:15:00,9624.8,9647.75,9618.85,9641.05,0
2023-09-08 14:15:00,9641.0,9652.15,9623.6,9629.85,0
2023-09-08 15:15:00,9630.0,9639.65,9628.6,9636.35,0
2023-09-11 09:15:00,9678.55,9686.05,9664.7,9678.0,0
2023-09-11 10:15:00,9678.15,9686.9,9672.55,9678.35,0
2023-09-11 11:15:00,9679.05,9695.6,9678.25,9694.5,0
2023-09-11 12:15:00,9695.95,9702.6,9684.9,9697.9,0
2023-09-11 13:15:00,9697.9,9706.25,9693.35,9700.05,0
2023-09-11 14:15:00,9700.2,9708.1,9691.4,9698.2,0
2023-09-11 15:15:00,9697.8,9704.25,9691.65,9698.05,0
2023-09-12 09:15:00,9740.25,9740.6,9480.7,9530.7,0
2023-09-12 10:15:00,9529.2,9571.85,9500.45,9559.2,0
2023-09-12 11:15:00,9559.45,9560.7,9463.6,9475.15,0
2023-09-12 12:15:00,9475.4,9477.25,9416.65,9449.8,0
2023-09-12 13:15:00,9449.8,9477.7,9442.75,9461.65,0
2023-09-12 14:15:00,9461.9,9468.55,9429.05,9430.25,0
2023-09-12 15:15:00,9430.65,9434.05,9418.4,9422.1,0
2023-09-13 09:15:00,9421.0,9480.65,9353.05,9354.1,0
2023-09-13 10:15:00,9353.55,9382.05,9326.65,9375.65,0
2023-09-13 11:15:00,9376.1,9398.55,9364.85,9393.95,0
2023-09-13 12:15:00,9393.55,9422.75,9385.45,9418.1,0
2023-09-13 13:15:00,9417.85,9437.05,9382.85,9435.7,0
2023-09-13 14:15:00,9435.3,9467.85,9433.45,9462.05,0
2023-09-13 15:15:00,9461.85,9466.35,9448.85,9456.0,0
2023-09-14 09:15:00,9521.35,9559.3,9496.1,9514.55,0
2023-09-14 10:15:00,9514.05,9535.95,9491.95,9532.0,0
2023-09-14 11:15:00,9531.3,9543.3,9516.0,9540.55,0
2023-09-14 12:15:00,9541.3,9546.35,9504.25,9531.8,0
2023-09-14 13:15:00,9532.15,9543.25,9507.05,9522.65,0
2023-09-14 14:15:00,9522.5,9561.35,9522.5,9558.65,0
2023-09-14 15:15:00,9558.35,9567.0,9554.0,9558.15,0
2023-09-15 09:15:00,9608.75,9617.65,9564.6,9598.55,0
2023-09-15 10:15:00,9598.55,9613.15,9588.35,9607.2,0
2023-09-15 11:15:00,9606.95,9613.6,9598.85,9599.8,0
2023-09-15 12:15:00,9599.55,9599.7,9574.5,9592.7,0
2023-09-15 13:15:00,9592.55,9613.2,9591.75,9605.0,0
2023-09-15 14:15:00,9604.95,9642.8,9600.5,9631.05,0
2023-09-15 15:15:00,9631.0,9646.6,9628.05,9628.3,0
2023-09-18 09:15:00,9651.2,9655.55,9573.6,9599.7,0
2023-09-18 10:15:00,9599.9,9608.15,9590.25,9598.65,0
2023-09-18 11:15:00,9598.2,9614.7,9596.6,9602.85,0
2023-09-18 12:15:00,9602.3,9603.35,9580.85,9584.1,0
2023-09-18 13:15:00,9584.7,9590.65,9570.5,9580.5,0
2023-09-18 14:15:00,9579.95,9593.45,9570.25,9579.15,0
2023-09-18 15:15:00,9579.35,9590.75,9576.0,9581.7,0
2023-09-20 09:15:00,9556.6,9618.65,9502.55,9580.8,0
2023-09-20 10:15:00,9580.65,9589.45,9556.15,9580.3,0
2023-09-20 11:15:00,9580.65,9585.0,9566.75,9576.5,0
2023-09-20 12:15:00,9576.25,9601.6,9560.9,9571.35,0
2023-09-20 13:15:00,9571.5,9572.65,9527.55,9558.2,0
2023-09-20 14:15:00,9558.3,9563.7,9540.2,9552.3,0
2023-09-20 15:15:00,9552.55,9559.1,9549.5,9553.65,0
2023-09-21 09:15:00,9530.6,9568.95,9512.6,9538.75,0
2023-09-21 10:15:00,9539.05,9563.6,9525.15,9558.15,0
2023-09-21 11:15:00,9558.15,9564.0,9517.9,9528.7,0
2023-09-21 12:15:00,9528.4,9528.4,9477.8,9492.25,0
2023-09-21 13:15:00,9491.85,9504.8,9472.7,9478.6,0
2023-09-21 14:15:00,9478.95,9482.1,9444.0,9473.3,0
2023-09-21 15:15:00,9472.4,9474.85,9459.25,9462.1,0
2023-09-22 09:15:00,9471.3,9502.05,9408.55,9424.75,0
2023-09-22 10:15:00,9423.95,9462.5,9404.8,9459.5,0
2023-09-22 11:15:00,9459.65,9485.3,9443.5,9477.25,0
2023-09-22 12:15:00,9477.05,9479.9,9459.4,9470.55,0
2023-09-22 13:15:00,9470.75,9476.75,9435.5,9446.45,0
2023-09-22 14:15:00,9447.1,9449.65,9426.15,9443.95,0
2023-09-22 15:15:00,9444.05,9448.7,9438.0,9443.75,0
2023-09-25 09:15:00,9452.35,9467.6,9364.65,9371.65,0
2023-09-25 10:15:00,9372.3,9401.35,9357.1,9376.35,0
2023-09-25 11:15:00,9377.75,9436.55,9374.8,9435.45,0
2023-09-25 12:15:00,9436.2,9515.25,9435.0,9511.35,0
2023-09-25 13:15:00,9511.15,9520.1,9479.2,9487.8,0
2023-09-25 14:15:00,9486.55,9581.75,9479.0,9571.7,0
2023-09-25 15:15:00,9571.4,9571.5,9544.0,9551.45,0
2023-09-26 09:15:00,9563.25,9585.15,9528.05,9538.65,0
2023-09-26 10:15:00,9539.05,9555.1,9527.35,9543.65,0
2023-09-26 11:15:00,9543.2,9554.05,9537.6,9548.25,0
2023-09-26 12:15:00,9548.4,9549.1,9489.9,9522.85,0
2023-09-26 13:15:00,9522.95,9527.65,9511.95,9517.3,0
2023-09-26 14:15:00,9517.65,9522.7,9477.45,9499.35,0
2023-09-26 15:15:00,9497.8,9499.4,9484.9,9498.1,0
2023-09-27 09:15:00,9509.85,9532.8,9486.2,9514.0,0
2023-09-27 10:15:00,9514.35,9537.15,9495.65,9532.15,0
2023-09-27 11:15:00,9533.45,9534.25,9512.15,9513.85,0
2023-09-27 12:15:00,9514.05,9532.75,9513.15,9531.6,0
2023-09-27 13:15:00,9531.65,9548.9,9523.85,9529.3,0
2023-09-27 14:15:00,9529.25,9552.05,9527.75,9535.9,0
2023-09-27 15:15:00,9535.35,9540.75,9528.55,9540.75,0
2023-09-28 09:15:00,9554.9,9563.75,9513.5,9530.95,0
2023-09-28 10:15:00,9530.45,9533.0,9496.9,9498.8,0
2023-09-28 11:15:00,9499.0,9499.4,9464.1,9472.75,0
2023-09-28 12:15:00,9473.25,9475.95,9421.15,9421.3,0
2023-09-28 13:15:00,9421.2,9422.65,9386.15,9396.4,0
2023-09-28 14:15:00,9396.55,9413.9,9347.2,9356.65,0
2023-09-28 15:15:00,9356.6,9379.75,9354.25,9368.4,0
2023-09-29 09:15:00,9453.8,9483.95,9407.85,9471.5,0
2023-09-29 10:15:00,9471.6,9492.35,9442.8,9474.65,0
2023-09-29 11:15:00,9473.9,9510.05,9473.0,9497.75,0
2023-09-29 12:15:00,9497.3,9527.4,9496.75,9523.7,0
2023-09-29 13:15:00,9523.1,9535.55,9513.85,9524.45,0
2023-09-29 14:15:00,9525.2,9539.6,9495.0,9498.5,0
2023-09-29 15:15:00,9498.95,9512.45,9496.9,9510.15,0
2023-10-03 09:15:00,9505.75,9508.0,9450.65,9478.65,0
2023-10-03 10:15:00,9479.3,9521.0,9477.05,9521.0,0
2023-10-03 11:15:00,9521.05,9526.35,9496.9,9512.1,0
2023-10-03 12:15:00,9511.6,9521.0,9501.4,9519.2,0
2023-10-03 13:15:00,9518.6,9522.95,9496.6,9504.75,0
2023-10-03 14:15:00,9505.15,9514.35,9491.2,9502.4,0
2023-10-03 15:15:00,9504.0,9511.55,9502.65,9510.7,0
2023-10-04 09:15:00,9475.15,9478.35,9392.35,9402.15,0
2023-10-04 10:15:00,9401.55,9435.05,9395.95,9406.55,0
2023-10-04 11:15:00,9406.9,9415.4,9342.25,9369.35,0
2023-10-04 12:15:00,9368.8,9371.5,9300.1,9321.85,0
2023-10-04 13:15:00,9322.45,9370.45,9317.9,9366.9,0
2023-10-04 14:15:00,9367.5,9398.0,9358.35,9394.35,0
2023-10-04 15:15:00,9394.8,9395.75,9383.95,9388.65,0
2023-10-05 09:15:00,9442.95,9474.85,9421.85,9431.65,0
2023-10-05 10:15:00,9431.45,9433.05,9375.65,9412.15,0
2023-10-05 11:15:00,9413.0,9413.0,9377.1,9395.95,0
2023-10-05 12:15:00,9395.8,9396.9,9360.1,9374.05,0
2023-10-05 13:15:00,9374.15,9393.65,9370.85,9382.85,0
2023-10-05 14:15:00,9382.6,9386.45,9366.8,9371.95,0
2023-10-05 15:15:00,9371.7,9379.4,9365.2,9376.1,0
2023-10-06 09:15:00,9418.95,9419.85,9378.1,9409.1,0
2023-10-06 10:15:00,9409.0,9453.4,9407.95,9441.2,0
2023-10-06 11:15:00,9441.35,9444.4,9418.25,9435.9,0
2023-10-06 12:15:00,9435.5,9460.8,9434.45,9455.7,0
2023-10-06 13:15:00,9456.5,9479.05,9455.4,9470.85,0
2023-10-06 14:15:00,9471.15,9483.3,9460.0,9477.35,0
2023-10-06 15:15:00,9477.55,9484.35,9474.05,9478.75,0
2023-10-09 09:15:00,9401.3,9411.5,9338.15,9388.55,0
2023-10-09 10:15:00,9388.35,9393.1,9358.25,9362.6,0
2023-10-09 11:15:00,9363.25,9368.55,9348.6,9353.25,0
2023-10-09 12:15:00,9353.45,9353.75,9331.5,9342.0,0
2023-10-09 13:15:00,9343.25,9359.45,9340.35,9346.25,0
2023-10-09 14:15:00,9345.95,9385.05,9342.2,9351.25,0
2023-10-09 15:15:00,9351.15,9354.1,9335.15,9336.0,0
2023-10-10 09:15:00,9388.3,9436.35,9384.25,9424.0,0
2023-10-10 10:15:00,9424.35,9452.1,9424.35,9449.65,0
2023-10-10 11:15:00,9449.9,9476.45,9446.8,9470.35,0
2023-10-10 12:15:00,9470.3,9485.85,9462.25,9470.05,0
2023-10-10 13:15:00,9470.2,9491.4,9466.1,9488.2,0
2023-10-10 14:15:00,9487.7,9519.9,9485.4,9510.2,0
2023-10-10 15:15:00,9511.5,9514.75,9500.8,9510.25,0
2023-10-11 09:15:00,9580.4,9622.85,9558.95,9600.65,0
2023-10-11 10:15:00,9600.85,9605.6,9563.9,9567.1,0
2023-10-11 11:15:00,9565.3,9591.05,9559.85,9574.8,0
2023-10-11 12:15:00,9574.85,9576.75,9526.15,9547.4,0
2023-10-11 13:15:00,9547.2,9548.95,9515.95,9526.25,0
2023-10-11 14:15:00,9525.9,9551.85,9521.25,9534.85,0
2023-10-11 15:15:00,9535.6,9539.05,9526.75,9533.35,0
2023-10-12 09:15:00,9576.6,9584.15,9537.0,9565.05,0
2023-10-12 10:15:00,9564.45,9587.9,9560.0,9578.45,0
2023-10-12 11:15:00,9578.5,9579.6,9560.0,9567.45,0
2023-10-12 12:15:00,9566.75,9570.3,9539.45,9540.3,0
2023-10-12 13:15:00,9540.6,9549.45,9532.55,9537.2,0
2023-10-12 14:15:00,9537.4,9550.75,9533.2,9538.9,0
2023-10-12 15:15:00,9538.65,9541.85,9532.5,9534.8,0
2023-10-13 09:15:00,9511.95,9586.5,9478.3,9566.5,0
2023-10-13 10:15:00,9566.45,9572.35,9550.55,9557.85,0
2023-10-13 11:15:00,9557.3,9567.0,9547.6,9549.5,0
2023-10-13 12:15:00,9550.55,9562.85,9535.0,9543.85,0
2023-10-13 13:15:00,9544.4,9556.05,9538.45,9554.95,0
2023-10-13 14:15:00,9554.85,9561.4,9506.5,9510.7,0
2023-10-13 15:15:00,9511.75,9517.45,9499.8,9504.15,0
2023-10-16 09:15:00,9544.0,9557.7,9500.25,9552.45,0
2023-10-16 10:15:00,9552.9,9554.7,9533.4,9538.6,0
2023-10-16 11:15:00,9538.45,9562.4,9532.7,9550.5,0
2023-10-16 12:15:00,9550.7,9563.2,9528.1,9528.6,0
2023-10-16 13:15:00,9528.3,9534.65,9512.5,9526.45,0
2023-10-16 14:15:00,9527.3,9535.95,9517.3,9518.85,0
2023-10-16 15:15:00,9518.3,9533.55,9517.65,9526.45,0
2023-10-17 09:15:00,9583.15,9583.15,9556.2,9565.65,0
2023-10-17 10:15:00,9566.4,9575.1,9554.9,9566.35,0
2023-10-17 11:15:00,9566.6,9567.3,9545.7,9548.4,0
2023-10-17 12:15:00,9548.55,9554.2,9541.6,9545.45,0
2023-10-17 13:15:00,9545.55,9553.7,9519.8,9520.95,0
2023-10-17 14:15:00,9520.4,9545.3,9519.75,9537.2,0
2023-10-17 15:15:00,9536.85,9539.3,9528.45,9530.9,0
2023-10-18 09:15:00,9561.4,9587.55,9547.2,9562.8,0
2023-10-18 10:15:00,9562.65,9566.55,9479.4,9492.05,0
2023-10-18 11:15:00,9493.15,9522.55,9460.6,9473.7,0
2023-10-18 12:15:00,9474.05,9474.05,9437.4,9461.4,0
2023-10-18 13:15:00,9461.5,9472.6,9443.55,9470.55,0
2023-10-18 14:15:00,9470.3,9479.65,9443.15,9460.95,0
2023-10-18 15:15:00,9460.85,9464.15,9448.0,9454.95,0
2023-10-19 09:15:00,9435.25,9451.5,9371.15,9436.6,0
2023-10-19 10:15:00,9436.4,9444.75,9414.5,9430.4,0
2023-10-19 11:15:00,9431.0,9454.4,9429.3,9450.8,0
2023-10-19 12:15:00,9450.7,9473.1,9442.75,9455.4,0
2023-10-19 13:15:00,9454.75,9470.65,9436.3,9459.95,0
2023-10-19 14:15:00,9459.4,9459.7,9438.2,9439.05,0
2023-10-19 15:15:00,9439.8,9444.35,9432.05,9436.9,0
2023-10-20 09:15:00,9424.7,9462.45,9408.65,9433.7,0
2023-10-20 10:15:00,9433.3,9435.3,9404.05,9427.5,0
2023-10-20 11:15:00,9427.0,9428.2,9362.6,9386.45,0
2023-10-20 12:15:00,9386.65,9391.25,9346.75,9352.75,0
2023-10-20 13:15:00,9352.8,9380.45,9345.5,9360.9,0
2023-10-20 14:15:00,9360.8,9377.95,9348.75,9357.05,0
2023-10-20 15:15:00,9357.3,9358.8,9339.95,9343.25,0
2023-10-23 09:15:00,9340.1,9376.95,9291.3,9291.85,0
2023-10-23 10:15:00,9293.1,9318.3,9281.65,9288.6,0
2023-10-23 11:15:00,9288.8,9292.2,9263.3,9265.7,0
2023-10-23 12:15:00,9265.5,9278.2,9238.6,9243.65,0
2023-10-23 13:15:00,9243.6,9302.85,9237.5,9298.55,0
2023-10-23 14:15:00,9298.0,9308.8,9221.05,9222.55,0
2023-10-23 15:15:00,9222.8,9227.15,9190.85,9199.75,0
2023-10-25 09:15:00,9246.45,9319.45,9206.25,9259.6,0
2023-10-25 10:15:00,9259.3,9275.25,9222.9,9223.8,0
2023-10-25 11:15:00,9223.85,9240.95,9196.35,9208.7,0
2023-10-25 12:15:00,9208.4,9213.5,9101.25,9101.25,0
2023-10-25 13:15:00,9099.75,9189.55,9095.8,9187.9,0
2023-10-25 14:15:00,9187.5,9189.65,9156.45,9159.3,0
2023-10-25 15:15:00,9159.45,9161.1,9146.95,9157.8,0
2023-10-26 09:15:00,9099.2,9112.85,8943.55,8955.45,0
2023-10-26 10:15:00,8955.55,8985.8,8949.8,8957.2,0
2023-10-26 11:15:00,8957.35,8980.75,8929.9,8959.1,0
2023-10-26 12:15:00,8959.45,8983.2,8953.25,8971.7,0
2023-10-26 13:15:00,8971.35,8996.4,8952.9,8973.6,0
2023-10-26 14:15:00,8973.0,9023.0,8962.1,8991.3,0
2023-10-26 15:15:00,8991.1,9009.1,8988.45,9003.65,0
2023-10-27 09:15:00,9056.75,9185.35,9049.45,9154.85,0
2023-10-27 10:15:00,9154.85,9174.95,9132.25,9163.35,0
2023-10-27 11:15:00,9163.2,9182.25,9142.55,9145.85,0
2023-10-27 12:15:00,9145.7,9153.2,9127.9,9131.75,0
2023-10-27 13:15:00,9131.75,9165.05,9130.8,9143.15,0
2023-10-27 14:15:00,9143.65,9163.65,9131.45,9147.8,0
2023-10-27 15:15:00,9146.7,9157.25,9144.4,9152.25,0
2023-10-30 09:15:00,9188.0,9191.5,9038.1,9084.65,0
2023-10-30 10:15:00,9084.6,9162.0,9072.4,9116.1,0
2023-10-30 11:15:00,9116.65,9151.2,9097.4,9122.2,0
2023-10-30 12:15:00,9121.5,9129.45,9106.05,9128.9,0
2023-10-30 13:15:00,9128.7,9139.7,9113.1,9134.0,0
2023-10-30 14:15:00,9134.1,9146.85,9117.6,9127.5,0
2023-10-30 15:15:00,9127.2,9135.55,9124.0,9130.2,0
2023-10-31 09:15:00,9188.45,9194.1,9152.35,9166.05,0
2023-10-31 10:15:00,9166.45,9177.1,9150.9,9160.85,0
2023-10-31 11:15:00,9160.85,9167.45,9126.2,9128.6,0
2023-10-31 12:15:00,9127.45,9178.0,9125.9,9170.4,0
2023-10-31 13:15:00,9170.65,9210.5,9154.85,9208.75,0
2023-10-31 14:15:00,9208.2,9225.95,9186.35,9201.5,0
2023-10-31 15:15:00,9201.6,9206.85,9190.7,9196.1,0
2023-11-01 09:15:00,9206.1,9211.0,9158.95,9195.55,0
2023-11-01 10:15:00,9195.95,9208.7,9187.95,9203.8,0
2023-11-01 11:15:00,9204.9,9209.0,9180.7,9204.05,0
2023-11-01 12:15:00,9203.2,9213.3,9187.1,9195.85,0
2023-11-01 13:15:00,9195.3,9232.0,9180.25,9220.75,0
2023-11-01 14:15:00,9221.1,9230.45,9180.85,9183.8,0
2023-11-01 15:15:00,9184.15,9184.9,9170.8,9174.6,0
2023-11-02 09:15:00,9244.65,9337.45,9241.6,9319.85,0
2023-11-02 10:15:00,9319.3,9324.7,9301.5,9316.65,0
2023-11-02 11:15:00,9317.1,9317.1,9276.0,9285.6,0
2023-11-02 12:15:00,9285.05,9308.5,9282.45,9306.75,0
2023-11-02 13:15:00,9307.5,9317.4,9289.35,9316.4,0
2023-11-02 14:15:00,9316.05,9323.45,9306.65,9309.95,0
2023-11-02 15:15:00,9309.65,9316.45,9304.5,9310.75,0
2023-11-03 09:15:00,9375.3,9378.45,9343.0,9368.95,0
2023-11-03 10:15:00,9368.7,9383.8,9359.65,9374.75,0
2023-11-03 11:15:00,9374.25,9380.65,9365.1,9374.85,0
2023-11-03 12:15:00,9374.5,9406.4,9374.15,9402.3,0
2023-11-03 13:15:00,9402.8,9425.2,9401.3,9406.35,0
2023-11-03 14:15:00,9406.35,9417.15,9398.65,9402.45,0
2023-11-03 15:15:00,9402.95,9405.4,9396.4,9399.6,0
2023-11-06 09:15:00,9463.7,9470.05,9435.15,9449.8,0
2023-11-06 10:15:00,9450.35,9455.4,9423.3,9429.45,0
2023-11-06 11:15:00,9428.85,9441.65,9419.75,9438.55,0
2023-11-06 12:15:00,9438.2,9442.5,9418.4,9432.65,0
2023-11-06 13:15:00,9432.3,9437.15,9422.0,9434.95,0
2023-11-06 14:15:00,9434.3,9435.0,9408.25,9426.1,0
2023-11-06 15:15:00,9425.7,9430.2,9406.55,9427.8,0
2023-11-07 09:15:00,9438.95,9444.1,9387.4,9422.2,0
2023-11-07 10:15:00,9421.85,9426.35,9402.0,9416.85,0
2023-11-07 11:15:00,9416.15,9421.85,9382.55,9399.55,0
2023-11-07 12:15:00,9399.2,9407.8,9377.1,9382.95,0
2023-11-07 13:15:00,9383.45,9405.45,9376.5,9405.05,0
2023-11-07 14:15:00,9404.8,9420.0,9393.6,9417.85,0
2023-11-07 15:15:00,9418.85,9426.9,9413.25,9420.9,0
2023-11-08 09:15:00,9472.65,9496.95,9456.95,9473.45,0
2023-11-08 10:15:00,9473.65,9519.45,9464.75,9472.2,0
2023-11-08 11:15:00,9472.2,9493.5,9468.5,9490.75,0
2023-11-08 12:15:00,9490.95,9495.2,9480.55,9493.5,0
2023-11-08 13:15:00,9493.75,9500.1,9476.7,9479.7,0
2023-11-08 14:15:00,9479.2,9502.35,9473.65,9498.2,0
2023-11-08 15:15:00,9498.9,9513.5,9497.8,9502.3,0
2023-11-09 09:15:00,9534.35,9564.55,9508.15,9559.75,0
2023-11-09 10:15:00,9559.35,9578.9,9543.5,9573.7,0
2023-11-09 11:15:00,9573.4,9614.9,9566.65,9614.35,0
2023-11-09 12:15:00,9614.9,9615.6,9594.1,9598.65,0
2023-11-09 13:15:00,9599.05,9622.25,9598.2,9621.75,0
2023-11-09 14:15:00,9622.2,9623.25,9578.65,9588.7,0
2023-11-09 15:15:00,9588.15,9590.3,9579.95,9584.4,0
2023-11-10 09:15:00,9585.2,9601.0,9538.2,9562.9,0
2023-11-10 10:15:00,9562.35,9605.85,9552.9,9599.0,0
2023-11-10 11:15:00,9599.35,9606.45,9582.35,9606.1,0
2023-11-10 12:15:00,9605.8,9621.0,9600.8,9613.95,0
2023-11-10 13:15:00,9614.8,9631.65,9604.0,9626.45,0
2023-11-10 14:15:00,9625.85,9648.05,9604.4,9641.6,0
2023-11-10 15:15:00,9641.3,9656.7,9641.3,9651.7,0
2023-11-12 18:15:00,9720.7,9730.8,9701.95,9717.75,0
2023-11-13 09:15:00,9704.8,9721.8,9658.85,9719.5,0
2023-11-13 10:15:00,9719.2,9720.1,9683.8,9702.3,0
2023-11-13 11:15:00,9703.55,9725.4,9701.6,9717.65,0
2023-11-13 12:15:00,9717.3,9733.45,9710.35,9716.45,0
2023-11-13 13:15:00,9717.1,9738.85,9709.25,9735.2,0
2023-11-13 14:15:00,9735.25,9755.35,9712.15,9726.95,0
2023-11-13 15:15:00,9728.25,9730.95,9713.3,9717.8,0
2023-11-15 09:15:00,9813.8,9842.0,9778.2,9808.5,0
2023-11-15 10:15:00,9808.15,9822.75,9800.9,9808.0,0
2023-11-15 11:15:00,9807.75,9826.15,9807.05,9817.3,0
2023-11-15 12:15:00,9818.0,9826.0,9811.0,9822.65,0
2023-11-15 13:15:00,9822.4,9824.05,9809.45,9814.6,0
2023-11-15 14:15:00,9814.95,9824.75,9801.45,9810.4,0
2023-11-15 15:15:00,9810.4,9811.75,9798.6,9800.95,0
2023-11-16 09:15:00,9810.35,9838.9,9804.1,9832.0,0
2023-11-16 10:15:00,9831.95,9841.85,9818.4,9839.25,0
2023-11-16 11:15:00,9839.45,9869.05,9833.95,9858.55,0
2023-11-16 12:15:00,9858.5,9895.1,9857.35,9893.15,0
2023-11-16 13:15:00,9892.25,9910.5,9881.65,9906.25,0
2023-11-16 14:15:00,9906.35,9946.25,9905.55,9912.85,0
2023-11-16 15:15:00,9912.9,9929.9,9910.8,9922.9,0
2023-11-17 09:15:00,9909.45,9960.65,9874.7,9928.05,0
2023-11-17 10:15:00,9925.2,9963.5,9900.8,9934.05,0
2023-11-17 11:15:00,9933.05,9946.3,9920.2,9933.05,0
2023-11-17 12:15:00,9932.95,9959.35,9929.7,9944.35,0
2023-11-17 13:15:00,9944.45,9944.85,9904.7,9925.35,0
2023-11-17 14:15:00,9926.1,9946.95,9920.45,9941.45,0
2023-11-17 15:15:00,9941.75,9944.35,9927.2,9931.35,0
2023-11-20 09:15:00,9949.3,9966.55,9921.6,9952.35,0
2023-11-20 10:15:00,9952.0,9975.65,9932.65,9933.95,0
2023-11-20 11:15:00,9934.4,9945.05,9919.25,9932.95,0
2023-11-20 12:15:00,9933.65,9941.05,9925.45,9937.75,0
2023-11-20 13:15:00,9937.9,9939.0,9921.8,9928.2,0
2023-11-20 14:15:00,9927.9,9947.05,9918.95,9932.55,0
2023-11-20 15:15:00,9932.8,9944.4,9927.2,9941.95,0
2023-11-21 09:15:00,9971.15,10010.35,9967.75,9985.2,0
2023-11-21 10:15:00,9985.5,9997.35,9952.45,9955.2,0
2023-11-21 11:15:00,9955.85,9991.1,9953.1,9983.6,0
2023-11-21 12:15:00,9984.2,10020.65,9973.4,10002.65,0
2023-11-21 13:15:00,10002.25,10015.35,9995.75,10010.8,0
2023-11-21 14:15:00,10010.25,10014.35,9980.45,9998.3,0
2023-11-21 15:15:00,9997.9,10004.4,9991.45,9998.5,0
2023-11-22 09:15:00,10014.55,10050.85,9994.5,10034.9,0
2023-11-22 10:15:00,10035.1,10043.55,10020.6,10029.75,0
2023-11-22 11:15:00,10029.65,10037.55,9997.1,9998.5,0
2023-11-22 12:15:00,9998.8,10004.7,9952.25,9975.5,0
2023-11-22 13:15:00,9975.35,9979.05,9961.95,9965.35,0
2023-11-22 14:15:00,9965.0,10012.9,9963.05,10004.3,0
2023-11-22 15:15:00,10004.25,10007.9,9994.15,10002.4,0
2023-11-23 09:15:00,10030.3,10042.6,10011.2,10033.3,0
2023-11-23 10:15:00,10033.45,10035.9,10011.55,10019.95,0
2023-11-23 11:15:00,10019.7,10029.05,10000.35,10002.25,0
2023-11-23 12:15:00,10002.8,10015.05,9997.95,9999.1,0
2023-11-23 13:15:00,9999.0,10006.25,9990.35,9991.1,0
2023-11-23 14:15:00,9991.6,9999.0,9976.35,9982.5,0
2023-11-23 15:15:00,9981.6,9988.7,9977.65,9985.65,0
2023-11-24 09:15:00,9994.0,10001.25,9947.7,9966.25,0
2023-11-24 10:15:00,9967.45,9998.05,9961.35,9980.0,0
2023-11-24 11:15:00,9980.0,9983.15,9967.95,9970.85,0
2023-11-24 12:15:00,9970.6,9979.1,9953.2,9953.3,0
2023-11-24 13:15:00,9952.85,9974.45,9952.5,9973.5,0
2023-11-24 14:15:00,9973.45,9978.2,9962.55,9965.75,0
2023-11-24 15:15:00,9966.0,9967.35,9949.9,9952.25,0
2023-11-28 09:15:00,9984.75,9992.35,9943.65,9958.65,0
2023-11-28 10:15:00,9959.0,9964.2,9941.35,9947.55,0
2023-11-28 11:15:00,9946.65,9952.5,9937.5,9949.95,0
2023-11-28 12:15:00,9948.9,9980.7,9948.25,9979.55,0
2023-11-28 13:15:00,9979.55,9984.6,9967.65,9974.75,0
2023-11-28 14:15:00,9974.35,10011.35,9973.6,10011.1,0
2023-11-28 15:15:00,10009.95,10021.8,10008.15,10010.2,0
2023-11-29 09:15:00,10047.7,10082.9,10034.45,10041.45,0
2023-11-29 10:15:00,10041.85,10067.4,10032.8,10066.65,0
2023-11-29 11:15:00,10065.9,10094.85,10064.8,10094.05,0
2023-11-29 12:15:00,10094.05,10103.1,10083.3,10090.65,0
2023-11-29 13:15:00,10090.2,10100.6,10084.4,10092.5,0
2023-11-29 14:15:00,10092.25,10114.25,10086.25,10108.75,0
2023-11-29 15:15:00,10108.85,10110.95,10093.65,10099.9,0
2023-11-30 09:15:00,10122.7,10145.8,10087.95,10138.75,0
2023-11-30 10:15:00,10138.3,10161.05,10133.7,10139.8,0
2023-11-30 11:15:00,10139.05,10159.8,10137.3,10141.55,0
2023-11-30 12:15:00,10142.35,10146.1,10127.75,10134.85,0
2023-11-30 13:15:00,10134.95,10142.75,10120.75,10123.0,0
2023-11-30 14:15:00,10122.35,10187.8,10122.2,10180.75,0
2023-11-30 15:15:00,10180.85,10225.2,10179.9,10197.65,0
2023-12-01 09:15:00,10262.0,10315.9,10240.15,10294.7,0
2023-12-01 10:15:00,10295.0,10342.9,10281.95,10319.6,0
2023-12-01 11:15:00,10319.05,10355.2,10319.05,10346.8,0
2023-12-01 12:15:00,10346.85,10362.3,10330.55,10335.95,0
2023-12-01 13:15:00,10336.35,10353.7,10325.55,10329.9,0
2023-12-01 14:15:00,10330.7,10335.15,10303.85,10321.1,0
2023-12-01 15:15:00,10320.9,10329.95,10307.85,10309.9,0
2023-12-04 09:15:00,10489.25,10502.1,10378.5,10406.7,0
2023-12-04 10:15:00,10406.3,10418.8,10398.4,10409.05,0
2023-12-04 11:15:00,10408.15,10418.55,10399.45,10418.55,0
2023-12-04 12:15:00,10418.45,10428.5,10408.55,10414.05,0
2023-12-04 13:15:00,10415.3,10420.0,10400.2,10408.35,0
2023-12-04 14:15:00,10408.15,10416.35,10392.2,10393.8,0
2023-12-04 15:15:00,10393.55,10412.05,10391.1,10405.45,0
2023-12-05 09:15:00,10437.85,10474.45,10405.45,10452.2,0
2023-12-05 10:15:00,10451.6,10461.75,10412.7,10412.7,0
2023-12-05 11:15:00,10412.7,10415.25,10289.4,10334.75,0
2023-12-05 12:15:00,10335.05,10382.5,10333.0,10375.45,0
2023-12-05 13:15:00,10375.35,10404.95,10363.05,10389.1,0
2023-12-05 14:15:00,10388.45,10430.55,10384.1,10430.35,0
2023-12-05 15:15:00,10429.9,10434.7,10425.6,10428.3,0
2023-12-06 09:15:00,10476.8,10514.6,10449.85,10472.3,0
2023-12-06 10:15:00,10473.5,10485.75,10464.45,10481.6,0
2023-12-06 11:15:00,10482.35,10486.0,10468.1,10473.7,0
2023-12-06 12:15:00,10473.55,10476.55,10448.4,10450.7,0
2023-12-06 13:15:00,10451.1,10467.6,10418.3,10460.7,0
2023-12-06 14:15:00,10459.9,10468.9,10444.5,10454.95,0
2023-12-06 15:15:00,10454.4,10463.85,10452.7,10458.4,0
2023-12-07 09:15:00,10451.15,10454.8,10378.35,10430.05,0
2023-12-07 10:15:00,10429.55,10452.75,10412.75,10444.5,0
2023-12-07 11:15:00,10444.85,10451.8,10424.05,10440.05,0
2023-12-07 12:15:00,10439.85,10472.6,10431.8,10457.9,0
2023-12-07 13:15:00,10458.45,10489.45,10457.6,10468.15,0
2023-12-07 14:15:00,10468.25,10490.3,10465.3,10482.2,0
2023-12-07 15:15:00,10482.25,10488.55,10474.95,10479.15,0
2023-12-08 09:15:00,10538.8,10569.6,10523.4,10549.25,0
2023-12-08 10:15:00,10550.05,10554.6,10471.3,10500.95,0
2023-12-08 11:15:00,10502.0,10536.1,10500.1,10506.35,0
2023-12-08 12:15:00,10506.75,10527.45,10453.0,10480.8,0
2023-12-08 13:15:00,10481.35,10484.6,10425.1,10472.95,0
2023-12-08 14:15:00,10472.55,10523.55,10457.2,10513.4,0
2023-12-08 15:15:00,10513.2,10526.75,10510.0,10521.9,0
2023-12-11 09:15:00,10543.1,10582.1,10519.65,10568.8,0
2023-12-11 10:15:00,10568.65,10570.95,10541.2,10556.25,0
2023-12-11 11:15:00,10555.85,10569.45,10551.95,10559.1,0
2023-12-11 12:15:00,10558.45,10565.5,10542.3,10565.45,0
2023-12-11 13:15:00,10564.85,10576.85,10560.1,10569.5,0
2023-12-11 14:15:00,10569.1,10593.4,10564.5,10572.1,0
2023-12-11 15:15:00,10571.9,10581.65,10570.35,10571.45,0
2023-12-12 09:15:00,10603.05,10654.65,10601.85,10617.3,0
2023-12-12 10:15:00,10618.2,10622.1,10591.2,10614.15,0
2023-12-12 11:15:00,10614.95,10617.7,10595.55,10607.95,0
2023-12-12 12:15:00,10608.45,10609.8,10555.25,10559.0,0
2023-12-12 13:15:00,10559.55,10582.4,10553.35,10564.0,0
2023-12-12 14:15:00,10563.6,10571.2,10454.7,10526.35,0
2023-12-12 15:15:00,10526.25,10542.2,10523.05,10536.4,0
2023-12-13 09:15:00,10573.55,10605.85,10524.8,10576.75,0
2023-12-13 10:15:00,10576.15,10620.75,10542.2,10606.55,0
2023-12-13 11:15:00,10607.75,10615.15,10577.15,10586.7,0
2023-12-13 12:15:00,10587.55,10603.3,10569.8,10599.25,0
2023-12-13 13:15:00,10599.8,10655.4,10598.7,10637.35,0
2023-12-13 14:15:00,10636.6,10696.1,10624.7,10693.2,0
2023-12-13 15:15:00,10694.6,10695.25,10678.75,10688.65,0
2023-12-14 09:15:00,10762.25,10822.3,10759.9,10797.35,0
2023-12-14 10:15:00,10797.5,10816.6,10790.35,10801.65,0
2023-12-14 11:15:00,10801.35,10837.9,10795.05,10835.25,0
2023-12-14 12:15:00,10834.75,10856.3,10832.0,10846.9,0
2023-12-14 13:15:00,10846.65,10850.15,10781.45,10813.75,0
2023-12-14 14:15:00,10813.75,10844.15,10812.45,10832.8,0
2023-12-14 15:15:00,10832.15,10870.8,10831.5,10861.55,0
2023-12-15 09:15:00,10906.85,10926.7,10875.4,10926.4,0
2023-12-15 10:15:00,10925.7,10949.7,10883.05,10923.1,0
2023-12-15 11:15:00,10922.5,10947.85,10918.05,10931.9,0
2023-12-15 12:15:00,10932.85,10942.05,10911.6,10919.8,0
2023-12-15 13:15:00,10919.0,10922.55,10893.1,10903.2,0
2023-12-15 14:15:00,10903.65,10933.9,10892.45,10921.55,0
2023-12-15 15:15:00,10921.25,10935.5,10918.45,10923.1,0
2023-12-18 09:15:00,10916.7,10916.7,10847.35,10895.95,0
2023-12-18 10:15:00,10896.65,10920.95,10895.3,10899.3,0
2023-12-18 11:15:00,10900.4,10921.15,10886.15,10917.55,0
2023-12-18 12:15:00,10917.55,10934.4,10892.2,10893.85,0
2023-12-18 13:15:00,10895.15,10923.85,10890.75,10909.1,0
2023-12-18 14:15:00,10909.3,10928.3,10890.6,10905.15,0
2023-12-18 15:15:00,10905.15,10913.4,10900.5,10912.4,0
2023-12-19 09:15:00,10922.35,10934.8,10777.85,10797.3,0
2023-12-19 10:15:00,10796.55,10865.5,10794.1,10860.85,0
2023-12-19 11:15:00,10861.3,10894.75,10857.6,10884.2,0
2023-12-19 12:15:00,10884.6,10908.35,10881.05,10892.65,0
2023-12-19 13:15:00,10892.65,10924.45,10882.5,10912.7,0
2023-12-19 14:15:00,10912.4,10918.7,10861.75,10875.75,0
2023-12-19 15:15:00,10876.55,10887.3,10867.35,10887.3,0
2023-12-20 09:15:00,10931.5,11012.6,10930.0,11010.4,0
2023-12-20 10:15:00,11010.5,11039.1,11009.65,11026.25,0
2023-12-20 11:15:00,11026.3,11028.15,10983.0,11007.0,0
2023-12-20 12:15:00,11005.9,11006.95,10935.15,10939.9,0
2023-12-20 13:15:00,10939.45,10945.3,10639.05,10693.95,0
2023-12-20 14:15:00,10693.65,10752.25,10554.3,10554.7,0
2023-12-20 15:15:00,10555.1,10556.45,10512.85,10545.55,0
2023-12-21 09:15:00,10484.9,10616.85,10408.0,10598.65,0
2023-12-21 10:15:00,10600.3,10641.35,10524.25,10618.25,0
2023-12-21 11:15:00,10616.75,10644.4,10576.5,10640.15,0
2023-12-21 12:15:00,10641.2,10688.0,10635.4,10673.25,0
2023-12-21 13:15:00,10673.05,10683.7,10612.9,10625.1,0
2023-12-21 14:15:00,10625.25,10754.95,10624.35,10754.95,0
2023-12-21 15:15:00,10752.75,10778.7,10750.65,10778.5,0
2023-12-22 09:15:00,10815.9,10868.8,10759.2,10861.3,0
2023-12-22 10:15:00,10861.3,10884.7,10841.0,10871.8,0
2023-12-22 11:15:00,10871.35,10901.0,10864.7,10885.1,0
2023-12-22 12:15:00,10884.4,10890.65,10826.05,10843.6,0
2023-12-22 13:15:00,10844.05,10872.3,10812.2,10861.75,0
2023-12-22 14:15:00,10862.55,10907.5,10857.05,10882.95,0
2023-12-22 15:15:00,10882.85,10884.3,10862.8,10871.25,0
2023-12-26 09:15:00,10907.4,10981.65,10860.4,10955.95,0
2023-12-26 10:15:00,10956.7,10966.65,10912.95,10923.15,0
2023-12-26 11:15:00,10923.25,10929.8,10904.8,10911.65,0
2023-12-26 12:15:00,10910.35,10933.65,10869.25,10883.9,0
2023-12-26 13:15:00,10884.35,10896.35,10837.4,10854.35,0
2023-12-26 14:15:00,10854.6,10892.4,10853.95,10879.45,0
2023-12-26 15:15:00,10879.45,10893.6,10877.7,10887.55,0
2023-12-27 09:15:00,10925.35,10984.65,10921.2,10978.9,0
2023-12-27 10:15:00,10979.0,10983.3,10940.55,10954.3,0
2023-12-27 11:15:00,10954.0,10962.1,10933.55,10934.9,0
2023-12-27 12:15:00,10934.5,10934.85,10845.15,10869.65,0
2023-12-27 13:15:00,10870.9,10910.1,10855.7,10901.05,0
2023-12-27 14:15:00,10900.25,10903.9,10869.7,10889.35,0
2023-12-27 15:15:00,10889.65,10890.5,10874.8,10884.6,0
2023-12-28 09:15:00,10926.75,10931.2,10873.4,10889.45,0
2023-12-28 10:15:00,10890.0,10907.4,10868.15,10881.35,0
2023-12-28 11:15:00,10880.9,10887.3,10862.95,10870.8,0
2023-12-28 12:15:00,10871.1,10901.15,10871.1,10895.25,0
2023-12-28 13:15:00,10895.7,10911.95,10885.0,10901.3,0
2023-12-28 14:15:00,10901.3,10922.45,10884.4,10901.0,0
2023-12-28 15:15:00,10900.9,10917.8,10897.75,10911.95,0
2023-12-29 09:15:00,10960.45,10967.95,10887.15,10892.3,0
2023-12-29 10:15:00,10892.7,10926.1,10889.55,10912.55,0
2023-12-29 11:15:00,10912.9,10931.7,10901.6,10903.35,0
2023-12-29 12:15:00,10902.7,10913.45,10881.4,10890.95,0
2023-12-29 13:15:00,10891.7,10915.5,10875.75,10884.25,0
2023-12-29 14:15:00,10883.0,10948.5,10874.65,10922.4,0
2023-12-29 15:15:00,10922.75,10936.9,10920.75,10928.25,0
2024-01-01 09:15:00,10955.9,10961.3,10918.5,10949.9,0
2024-01-01 10:15:00,10949.8,10989.6,10942.55,10981.5,0
2024-01-01 11:15:00,10980.75,10996.35,10975.2,10994.4,0
2024-01-01 12:15:00,10993.9,10998.75,10975.55,10995.1,0
2024-01-01 13:15:00,10995.0,11004.05,10988.2,10999.35,0
2024-01-01 14:15:00,11000.2,11005.55,10969.4,10973.15,0
2024-01-01 15:15:00,10973.5,10981.65,10964.95,10971.4,0
2024-01-02 09:15:00,11004.1,11016.5,10913.55,10946.75,0
2024-01-02 10:15:00,10947.3,10952.25,10811.3,10849.2,0
2024-01-02 11:15:00,10848.8,10875.2,10839.3,10865.35,0
2024-01-02 12:15:00,10865.9,10907.65,10863.05,10889.05,0
2024-01-02 13:15:00,10889.55,10922.05,10885.45,10919.7,0
2024-01-02 14:15:00,10919.05,10931.1,10891.85,10902.15,0
2024-01-02 15:15:00,10903.75,10915.6,10901.8,10911.9,0
2024-01-03 09:15:00,10918.75,10918.75,10813.15,10842.8,0
2024-01-03 10:15:00,10842.6,10886.8,10825.65,10879.8,0
2024-01-03 11:15:00,10878.9,10955.25,10876.5,10925.4,0
2024-01-03 12:15:00,10924.6,10938.1,10884.6,10934.45,0
2024-01-03 13:15:00,10934.8,10950.5,10914.5,10942.45,0
2024-01-03 14:15:00,10940.7,10942.55,10898.7,10900.6,0
2024-01-03 15:15:00,10901.35,10914.3,10891.85,10907.75,0
2024-01-04 09:15:00,10951.7,11038.85,10951.4,11034.5,0
2024-01-04 10:15:00,11035.3,11085.1,11033.6,11082.95,0
2024-01-04 11:15:00,11083.95,11099.4,11071.45,11092.3,0
2024-01-04 12:15:00,11093.1,11104.85,11075.25,11099.95,0
2024-01-04 13:15:00,11099.7,11101.4,11073.65,11078.7,0
2024-01-04 14:15:00,11078.7,11115.1,11078.2,11113.8,0
2024-01-04 15:15:00,11113.5,11122.45,11108.3,11115.55,0
2024-01-05 09:15:00,11145.25,11160.95,11125.05,11136.9,0
2024-01-05 10:15:00,11136.7,11142.7,11056.95,11083.6,0
2024-01-05 11:15:00,11082.85,11095.95,11058.0,11090.1,0
2024-01-05 12:15:00,11091.1,11105.3,11077.95,11095.35,0
2024-01-05 13:15:00,11094.9,11112.25,11037.1,11044.4,0
2024-01-05 14:15:00,11044.85,11102.15,11003.45,11094.2,0
2024-01-05 15:15:00,11094.25,11095.9,11077.35,11090.3,0
2024-01-08 09:15:00,11105.05,11114.0,11004.75,11042.45,0
2024-01-08 10:15:00,11042.4,11061.2,10953.5,10974.0,0
2024-01-08 11:15:00,10975.35,10981.85,10950.75,10961.4,0
2024-01-08 12:15:00,10960.45,10982.5,10948.25,10978.55,0
2024-01-08 13:15:00,10977.55,10991.7,10961.8,10977.55,0
2024-01-08 14:15:00,10978.55,10986.05,10943.7,10947.2,0
2024-01-08 15:15:00,10947.25,10954.55,10930.7,10950.45,0
2024-01-09 09:15:00,11006.25,11040.45,10920.3,10945.75,0
2024-01-09 10:15:00,10946.55,10977.4,10917.1,10977.4,0
2024-01-09 11:15:00,10976.5,10981.25,10939.85,10948.95,0
2024-01-09 12:15:00,10948.5,10988.3,10947.7,10983.85,0
2024-01-09 13:15:00,10985.0,11021.35,10952.35,10957.75,0
2024-01-09 14:15:00,10959.0,10965.0,10894.9,10899.3,0
2024-01-09 15:15:00,10900.05,10902.5,10874.75,10888.6,0
2024-01-10 09:15:00,10916.8,10927.15,10782.8,10862.85,0
2024-01-10 10:15:00,10863.0,10889.75,10843.95,10863.6,0
2024-01-10 11:15:00,10864.25,10866.35,10802.9,10819.15,0
2024-01-10 12:15:00,10819.25,10827.1,10781.85,10811.05,0
2024-01-10 13:15:00,10811.35,10841.85,10798.4,10837.9,0
2024-01-10 14:15:00,10838.05,10925.15,10828.75,10910.3,0
2024-01-10 15:15:00,10911.05,10916.8,10898.6,10916.55,0
2024-01-11 09:15:00,10970.35,11023.75,10964.5,11002.5,0
2024-01-11 10:15:00,11002.25,11019.25,10981.65,11004.7,0
2024-01-11 11:15:00,11005.65,11010.1,10991.8,10992.1,0
2024-01-11 12:15:00,10992.15,11013.55,10984.65,11002.45,0
2024-01-11 13:15:00,11002.25,11013.1,10952.1,10959.05,0
2024-01-11 14:15:00,10957.2,11025.55,10946.25,10992.6,0
2024-01-11 15:15:00,10990.9,10995.75,10981.2,10984.7,0
2024-01-12 09:15:00,11072.15,11073.05,11022.75,11057.6,0
2024-01-12 10:15:00,11056.45,11082.45,11053.25,11065.95,0
2024-01-12 11:15:00,11065.6,11089.5,11060.85,11074.35,0
2024-01-12 12:15:00,11074.25,11086.75,11069.65,11072.25,0
2024-01-12 13:15:00,11072.75,11099.85,11064.35,11082.75,0
2024-01-12 14:15:00,11082.85,11112.1,11077.15,11085.15,0
2024-01-12 15:15:00,11084.45,11101.5,11083.8,11096.45,0
2024-01-15 09:15:00,11169.05,11195.6,11131.35,11172.35,0
2024-01-15 10:15:00,11171.05,11196.1,11158.6,11189.8,0
2024-01-15 11:15:00,11189.4,11207.55,11181.65,11205.65,0
2024-01-15 12:15:00,11205.25,11264.35,11201.35,11217.6,0
2024-01-15 13:15:00,11217.5,11221.55,11187.05,11211.05,0
2024-01-15 14:15:00,11211.15,11214.8,11173.05,11179.85,0
2024-01-15 15:15:00,11179.7,11184.7,11173.5,11182.35,0
2024-01-16 09:15:00,11202.8,11207.85,11134.6,11193.4,0
2024-01-16 10:15:00,11194.3,11208.95,11180.9,11187.9,0
2024-01-16 11:15:00,11188.2,11192.8,11135.15,11148.5,0
2024-01-16 12:15:00,11147.85,11156.1,11040.75,11058.85,0
2024-01-16 13:15:00,11057.85,11091.25,11006.3,11076.9,0
2024-01-16 14:15:00,11076.5,11099.35,11058.05,11091.8,0
2024-01-16 15:15:00,11092.7,11098.35,11081.45,11094.85,0
2024-01-17 09:15:00,10982.25,11090.15,10907.9,11052.6,0
2024-01-17 10:15:00,11052.15,11054.35,11002.45,11037.8,0
2024-01-17 11:15:00,11038.1,11055.9,10962.8,10976.65,0
2024-01-17 12:15:00,10977.6,11006.75,10970.8,10999.5,0
2024-01-17 13:15:00,11000.2,11039.8,10994.3,11026.95,0
2024-01-17 14:15:00,11025.35,11026.35,10935.6,10965.2,0
2024-01-17 15:15:00,10964.6,10966.9,10936.1,10955.5,0
2024-01-18 09:15:00,10936.7,10968.15,10664.0,10761.4,0
2024-01-18 10:15:00,10762.45,10934.9,10736.85,10931.1,0
2024-01-18 11:15:00,10929.8,11042.45,10912.25,11040.8,0
2024-01-18 12:15:00,11040.8,11044.9,10943.1,10964.6,0
2024-01-18 13:15:00,10964.55,10989.25,10935.2,10958.05,0
2024-01-18 14:15:00,10957.25,11010.3,10918.45,11009.0,0
2024-01-18 15:15:00,11008.9,11031.1,10997.6,11030.75,0
2024-01-19 09:15:00,11097.8,11116.45,11042.4,11061.75,0
2024-01-19 10:15:00,11062.55,11077.1,11031.8,11045.25,0
2024-01-19 11:15:00,11046.1,11058.05,11024.1,11028.0,0
2024-01-19 12:15:00,11028.0,11089.95,11015.95,11085.15,0
2024-01-19 13:15:00,11085.1,11090.15,11053.4,11064.65,0
2024-01-19 14:15:00,11065.55,11147.7,11064.15,11127.5,0
2024-01-19 15:15:00,11127.85,11133.95,11120.2,11123.9,0
2024-01-20 09:15:00,11195.2,11233.1,11125.5,11156.5,0
2024-01-20 10:15:00,11155.75,11176.1,11150.1,11173.55,0
2024-01-20 11:15:00,11172.85,11176.95,11149.1,11149.8,0
2024-01-20 12:15:00,11149.75,11152.35,11114.3,11144.15,0
2024-01-20 13:15:00,11144.15,11146.9,11117.15,11125.15,0
2024-01-20 14:15:00,11125.55,11140.3,11076.2,11080.6,0
2024-01-20 15:15:00,11080.5,11098.15,11077.65,11096.7,0
2024-01-23 09:15:00,11160.05,11160.05,11017.9,11033.25,0
2024-01-23 10:15:00,11032.4,11043.5,10939.9,10968.8,0
2024-01-23 11:15:00,10968.95,10969.65,10800.9,10830.7,0
2024-01-23 12:15:00,10829.2,10860.4,10805.35,10809.9,0
2024-01-23 13:15:00,10810.55,10836.65,10755.4,10782.95,0
2024-01-23 14:15:00,10782.55,10783.6,10623.45,10702.2,0
2024-01-23 15:15:00,10701.0,10740.4,10685.8,10726.05,0
2024-01-24 09:15:00,10744.35,10865.8,10648.5,10833.4,0
2024-01-24 10:15:00,10832.65,10884.8,10830.45,10839.55,0
2024-01-24 11:15:00,10837.65,10857.5,10764.55,10788.05,0
2024-01-24 12:15:00,10787.25,10843.05,10737.8,10838.35,0
2024-01-24 13:15:00,10839.45,10893.85,10822.45,10889.1,0
2024-01-24 14:15:00,10890.15,10968.95,10882.85,10968.45,0
2024-01-24 15:15:00,10968.55,10978.05,10958.3,10970.1,0
2024-01-25 09:15:00,10996.25,11021.95,10957.3,10968.85,0
2024-01-25 10:15:00,10968.85,10969.6,10841.9,10858.75,0
2024-01-25 11:15:00,10859.45,10924.55,10856.25,10873.1,0
2024-01-25 12:15:00,10872.65,10874.75,10824.0,10848.2,0
2024-01-25 13:15:00,10848.35,10858.6,10810.95,10830.95,0
2024-01-25 14:15:00,10830.15,10890.6,10808.55,10870.3,0
2024-01-25 15:15:00,10870.8,10887.05,10860.65,10874.7,0
2024-01-29 09:15:00,10932.25,11109.25,10926.75,11089.5,0
2024-01-29 10:15:00,11089.6,11137.85,11089.6,11099.5,0
2024-01-29 11:15:00,11098.4,11179.7,11041.3,11163.65,0
2024-01-29 12:15:00,11164.55,11184.3,11140.05,11158.3,0
2024-01-29 13:15:00,11158.6,11199.0,11151.4,11181.35,0
2024-01-29 14:15:00,11182.1,11208.2,11171.7,11189.85,0
2024-01-29 15:15:00,11188.0,11218.15,11184.6,11207.15,0
2024-01-30 09:15:00,11272.15,11294.8,11174.8,11242.9,0
2024-01-30 10:15:00,11244.15,11252.45,11158.2,11186.9,0
2024-01-30 11:15:00,11186.6,11210.75,11161.25,11202.55,0
2024-01-30 12:15:00,11202.4,11219.55,11192.25,11200.2,0
2024-01-30 13:15:00,11199.5,11214.85,11185.15,11209.25,0
2024-01-30 14:15:00,11208.65,11210.35,11120.55,11128.7,0
2024-01-30 15:15:00,11128.0,11143.2,11123.6,11139.05,0
2024-01-31 09:15:00,11105.65,11190.7,11087.45,11189.3,0
2024-01-31 10:15:00,11187.25,11218.4,11182.4,11198.55,0
2024-01-31 11:15:00,11199.3,11224.35,11172.95,11211.55,0
2024-01-31 12:15:00,11212.1,11215.3,11161.45,11207.15,0
2024-01-31 13:15:00,11207.3,11214.55,11188.15,11200.3,0
2024-01-31 14:15:00,11200.1,11256.55,11192.6,11243.65,0
2024-01-31 15:15:00,11243.8,11261.35,11235.75,11236.95,0
2024-02-01 09:15:00,11286.8,11286.8,11156.75,11161.0,0
2024-02-01 10:15:00,11158.6,11158.6,11113.15,11129.7,0
2024-02-01 11:15:00,11130.4,11141.9,11041.4,11124.25,0
2024-02-01 12:15:00,11122.95,11129.3,11038.4,11110.65,0
2024-02-01 13:15:00,11110.45,11118.15,11052.35,11079.55,0
2024-02-01 14:15:00,11079.55,11144.75,11063.95,11109.8,0
2024-02-01 15:15:00,11109.8,11122.1,11103.85,11104.5,0
2024-02-02 09:15:00,11167.5,11280.6,11153.15,11272.05,0
2024-02-02 10:15:00,11271.75,11279.15,11235.5,11249.5,0
2024-02-02 11:15:00,11249.5,11281.9,11244.35,11267.1,0
2024-02-02 12:15:00,11265.75,11278.4,11204.65,11210.6,0
2024-02-02 13:15:00,11211.6,11233.35,11180.55,11228.35,0
2024-02-02 14:15:00,11228.25,11253.6,11199.25,11216.65,0
2024-02-02 15:15:00,11213.25,11214.0,11197.25,11206.4,0
2024-02-05 09:15:00,11255.5,11293.4,11121.75,11245.4,0
2024-02-05 10:15:00,11248.05,11258.85,11214.8,11227.5,0
2024-02-05 11:15:00,11226.55,11238.9,11199.05,11232.55,0
2024-02-05 12:15:00,11232.6,11247.65,11221.6,11233.65,0
2024-02-05 13:15:00,11233.5,11236.4,11188.1,11224.25,0
2024-02-05 14:15:00,11225.05,11226.85,11162.9,11200.55,0
2024-02-05 15:15:00,11200.3,11202.0,11184.4,11196.3,0
2024-02-06 09:15:00,11271.05,11274.05,11185.95,11258.4,0
2024-02-06 10:15:00,11258.35,11262.8,11179.4,11220.2,0
2024-02-06 11:15:00,11221.2,11243.25,11201.9,11209.4,0
2024-02-06 12:15:00,11207.65,11222.45,11174.7,11178.75,0
2024-02-06 13:15:00,11178.8,11204.05,11148.95,11191.3,0
2024-02-06 14:15:00,11192.15,11241.35,11182.85,11229.75,0
2024-02-06 15:15:00,11229.5,11234.8,11223.1,11229.05,0
2024-02-07 09:15:00,11285.25,11322.75,11221.4,11251.8,0
2024-02-07 10:15:00,11251.4,11276.2,11240.85,11259.2,0
2024-02-07 11:15:00,11259.15,11269.5,11225.35,11237.75,0
2024-02-07 12:15:00,11238.05,11251.55,11222.3,11248.2,0
2024-02-07 13:15:00,11249.0,11287.25,11246.0,11280.05,0
2024-02-07 14:15:00,11282.85,11309.95,11273.85,11301.6,0
2024-02-07 15:15:00,11301.1,11312.8,11294.35,11302.5,0
2024-02-08 09:15:00,11432.7,11432.7,11350.7,11393.35,0
2024-02-08 10:15:00,11393.6,11433.4,11315.45,11339.45,0
2024-02-08 11:15:00,11340.35,11413.1,11333.9,11401.15,0
2024-02-08 12:15:00,11401.45,11403.4,11361.95,11394.9,0
2024-02-08 13:15:00,11394.9,11403.45,11334.6,11343.95,0
2024-02-08 14:15:00,11344.4,11366.0,11304.65,11332.0,0
2024-02-08 15:15:00,11332.9,11340.75,11321.1,11334.15,0
2024-02-09 09:15:00,11359.75,11364.55,11078.35,11149.0,0
2024-02-09 10:15:00,11148.1,11148.1,11002.4,11043.7,0
2024-02-09 11:15:00,11044.85,11090.35,11018.35,11080.6,0
2024-02-09 12:15:00,11080.7,11151.45,11073.8,11113.95,0
2024-02-09 13:15:00,11114.2,11137.95,11067.55,11129.55,0
2024-02-09 14:15:00,11129.0,11223.55,11128.35,11199.1,0
2024-02-09 15:15:00,11198.7,11224.75,11198.7,11219.15,0
2024-02-12 09:15:00,11295.7,11296.55,11163.7,11169.05,0
2024-02-12 10:15:00,11169.8,11197.35,11145.5,11187.5,0
2024-02-12 11:15:00,11190.55,11203.3,11136.05,11147.0,0
2024-02-12 12:15:00,11146.65,11168.25,11121.25,11132.75,0
2024-02-12 13:15:00,11133.55,11212.1,11119.7,11211.85,0
2024-02-12 14:15:00,11212.05,11218.35,11126.45,11151.85,0
2024-02-12 15:15:00,11152.1,11163.3,11135.55,11150.25,0
2024-02-13 09:15:00,11173.15,11186.5,11028.75,11141.55,0
2024-02-13 10:15:00,11142.6,11189.75,11124.75,11187.7,0
2024-02-13 11:15:00,11187.9,11190.25,11076.25,11085.65,0
2024-02-13 12:15:00,11084.15,11149.65,11067.15,11125.35,0
2024-02-13 13:15:00,11124.15,11201.05,11116.75,11173.5,0
2024-02-13 14:15:00,11173.75,11205.65,11154.35,11197.55,0
2024-02-13 15:15:00,11198.1,11223.5,11197.1,11205.45,0
2024-02-14 09:15:00,11087.85,11147.75,11053.55,11147.75,0
2024-02-14 10:15:00,11147.35,11163.85,11119.1,11130.3,0
2024-02-14 11:15:00,11129.4,11142.3,11094.15,11122.55,0
2024-02-14 12:15:00,11123.3,11179.9,11121.95,11162.2,0
2024-02-14 13:15:00,11162.2,11187.4,11127.3,11186.55,0
2024-02-14 14:15:00,11186.45,11259.4,11185.15,11257.05,0
2024-02-14 15:15:00,11256.8,11316.4,11255.45,11287.55,0
2024-02-15 09:15:00,11333.25,11378.8,11286.75,11308.1,0
2024-02-15 10:15:00,11308.4,11338.2,11296.0,11306.35,0
2024-02-15 11:15:00,11306.0,11326.6,11295.8,11321.0,0
2024-02-15 12:15:00,11321.3,11340.2,11286.4,11336.65,0
2024-02-15 13:15:00,11336.4,11369.15,11321.15,11331.4,0
2024-02-15 14:15:00,11331.5,11361.2,11311.2,11359.95,0
2024-02-15 15:15:00,11359.7,11366.8,11352.65,11362.95,0
2024-02-16 09:15:00,11411.7,11423.75,11370.55,11417.9,0
2024-02-16 10:15:00,11417.95,11427.2,11398.35,11415.55,0
2024-02-16 11:15:00,11415.7,11435.15,11391.2,11431.65,0
2024-02-16 12:15:00,11430.9,11439.7,11416.15,11431.2,0
2024-02-16 13:15:00,11430.75,11460.25,11422.15,11446.25,0
2024-02-16 14:15:00,11444.7,11497.5,11436.5,11477.25,0
2024-02-16 15:15:00,11478.15,11482.2,11460.3,11467.5,0
2024-02-19 09:15:00,11512.15,11517.75,11450.65,11478.9,0
2024-02-19 10:15:00,11478.5,11486.6,11459.4,11471.85,0
2024-02-19 11:15:00,11472.0,11483.1,11444.35,11454.75,0
2024-02-19 12:15:00,11454.7,11468.75,11445.5,11454.55,0
2024-02-19 13:15:00,11454.9,11459.45,11428.45,11452.35,0
2024-02-19 14:15:00,11451.35,11466.25,11410.05,11425.55,0
2024-02-19 15:15:00,11426.7,11432.3,11421.6,11430.15,0
2024-02-20 09:15:00,11382.4,11424.1,11356.5,11402.2,0
2024-02-20 10:15:00,11402.15,11407.95,11373.1,11378.35,0
2024-02-20 11:15:00,11377.85,11405.75,11370.95,11383.5,0
2024-02-20 12:15:00,11383.95,11395.2,11368.6,11374.3,0
2024-02-20 13:15:00,11374.25,11391.05,11355.85,11381.75,0
2024-02-20 14:15:00,11383.5,11405.75,11376.6,11388.15,0
2024-02-20 15:15:00,11389.15,11397.5,11380.8,11394.75,0
2024-02-21 09:15:00,11383.85,11394.3,11344.85,11347.15,0
2024-02-21 10:15:00,11347.2,11358.95,11262.6,11294.15,0
2024-02-21 11:15:00,11294.15,11296.1,11255.2,11284.95,0
2024-02-21 12:15:00,11284.95,11323.95,11276.25,11310.25,0
2024-02-21 13:15:00,11310.25,11326.05,11223.2,11226.8,0
2024-02-21 14:15:00,11227.15,11246.8,11168.35,11209.0,0
2024-02-21 15:15:00,11208.85,11210.5,11178.8,11184.7,0
2024-02-22 09:15:00,11239.9,11244.65,11109.75,11143.0,0
2024-02-22 10:15:00,11141.85,11208.8,11129.2,11205.65,0
2024-02-22 11:15:00,11205.55,11247.15,11180.25,11244.7,0
2024-02-22 12:15:00,11244.9,11251.45,11211.85,11229.0,0
2024-02-22 13:15:00,11229.75,11292.25,11228.6,11257.2,0
2024-02-22 14:15:00,11256.05,11325.05,11254.15,11319.45,0
2024-02-22 15:15:00,11318.5,11338.25,11314.25,11330.3,0
2024-02-23 09:15:00,11387.35,11437.1,11357.5,11427.9,0
2024-02-23 10:15:00,11430.55,11444.15,11372.6,11402.55,0
2024-02-23 11:15:00,11403.25,11420.6,11397.2,11419.45,0
2024-02-23 12:15:00,11419.15,11485.35,11419.15,11468.5,0
2024-02-23 13:15:00,11469.1,11476.65,11413.4,11442.4,0
2024-02-23 14:15:00,11442.55,11470.4,11433.6,11436.1,0
2024-02-23 15:15:00,11435.75,11436.15,11403.45,11412.1,0
2024-02-26 09:15:00,11433.0,11439.95,11241.0,11284.1,0
2024-02-26 10:15:00,11285.25,11290.1,11229.75,11248.45,0
2024-02-26 11:15:00,11247.85,11268.55,11232.4,11248.9,0
2024-02-26 12:15:00,11247.4,11305.35,11237.1,11290.7,0
2024-02-26 13:15:00,11291.65,11395.5,11287.3,11382.55,0
2024-02-26 14:15:00,11382.7,11454.75,11350.2,11369.8,0
2024-02-26 15:15:00,11370.05,11377.4,11355.9,11370.85,0
2024-02-27 09:15:00,11375.55,11462.1,11366.7,11403.1,0
2024-02-27 10:15:00,11403.9,11409.9,11379.9,11400.4,0
2024-02-27 11:15:00,11399.9,11418.45,11370.95,11387.4,0
2024-02-27 12:15:00,11387.3,11413.4,11386.85,11396.6,0
2024-02-27 13:15:00,11396.65,11402.5,11307.6,11330.65,0
2024-02-27 14:15:00,11330.25,11405.4,11329.9,11385.3,0
2024-02-27 15:15:00,11383.95,11389.3,11372.55,11382.15,0
2024-02-28 09:15:00,11407.45,11409.55,11322.1,11351.25,0
2024-02-28 10:15:00,11350.45,11362.95,11229.35,11278.55,0
2024-02-28 11:15:00,11279.5,11295.8,11195.85,11244.75,0
2024-02-28 12:15:00,11245.0,11266.1,11130.0,11130.0,0
2024-02-28 13:15:00,11131.55,11223.1,11131.55,11202.15,0
2024-02-28 14:15:00,11202.6,11203.95,11121.55,11122.7,0
2024-02-28 15:15:00,11122.8,11122.8,11077.95,11086.55,0
2024-02-29 09:15:00,11110.65,11135.1,10999.3,11062.85,0
2024-02-29 10:15:00,11063.4,11105.75,11036.0,11103.7,0
2024-02-29 11:15:00,11103.55,11128.3,11083.35,11122.5,0
2024-02-29 12:15:00,11122.2,11135.6,11108.1,11133.35,0
2024-02-29 13:15:00,11133.9,11143.45,11067.2,11094.5,0
2024-02-29 14:15:00,11093.85,11209.45,11072.6,11206.1,0
2024-02-29 15:15:00,11205.95,11232.25,11198.95,11200.2,0
2024-03-01 09:15:00,11224.65,11271.55,11199.95,11230.7,0
2024-03-01 10:15:00,11230.15,11239.0,11208.95,11228.8,0
2024-03-01 11:15:00,11228.65,11253.1,11222.0,11232.25,0
2024-03-01 12:15:00,11231.6,11251.25,11228.35,11237.0,0
2024-03-01 13:15:00,11235.7,11248.9,11227.95,11246.4,0
2024-03-01 14:15:00,11246.45,11264.45,11232.55,11243.95,0
2024-03-01 15:15:00,11243.55,11261.6,11233.1,11253.9,0
2024-03-02 09:15:00,11311.9,11359.85,11267.35,11340.55,0
2024-03-02 11:15:00,11336.65,11404.0,11310.45,11350.25,0
2024-03-02 12:15:00,11350.05,11350.15,11317.7,11340.8,0
2024-03-04 09:15:00,11365.1,11373.95,11293.65,11341.35,0
2024-03-04 10:15:00,11342.45,11368.05,11330.25,11355.2,0
2024-03-04 11:15:00,11355.4,11374.7,11348.9,11357.3,0
2024-03-04 12:15:00,11357.05,11370.6,11348.25,11356.65,0
2024-03-04 13:15:00,11356.35,11371.5,11341.3,11352.45,0
2024-03-04 14:15:00,11350.95,11399.3,11333.6,11375.05,0
2024-03-04 15:15:00,11375.5,11378.85,11348.9,11353.35,0
2024-03-05 09:15:00,11364.6,11395.85,11327.15,11349.4,0
2024-03-05 10:15:00,11349.4,11350.9,11292.95,11296.1,0
2024-03-05 11:15:00,11295.55,11304.35,11274.9,11277.0,0
2024-03-05 12:15:00,11276.75,11313.65,11264.3,11309.65,0
2024-03-05 13:15:00,11310.45,11311.5,11261.75,11272.6,0
2024-03-05 14:15:00,11271.75,11281.55,11252.9,11264.7,0
2024-03-05 15:15:00,11263.5,11274.25,11258.35,11266.3,0
2024-03-06 09:15:00,11294.55,11298.0,11072.25,11120.9,0
2024-03-06 10:15:00,11119.85,11182.9,11108.55,11130.45,0
2024-03-06 11:15:00,11130.15,11144.25,11084.25,11103.05,0
2024-03-06 12:15:00,11103.15,11159.15,11085.05,11157.8,0
2024-03-06 13:15:00,11157.75,11219.6,11134.45,11208.6,0
2024-03-06 14:15:00,11208.85,11266.2,11206.65,11259.65,0
2024-03-06 15:15:00,11260.2,11273.5,11254.95,11263.3,0
2024-03-07 09:15:00,11281.4,11339.35,11268.6,11321.1,0
2024-03-07 10:15:00,11321.85,11337.2,11285.4,11330.55,0
2024-03-07 11:15:00,11330.1,11347.15,11318.1,11325.95,0
2024-03-07 12:15:00,11324.65,11335.5,11305.0,11329.05,0
2024-03-07 13:15:00,11328.6,11332.6,11290.5,11303.9,0
2024-03-07 14:15:00,11304.8,11325.6,11288.05,11289.6,0
2024-03-07 15:15:00,11289.7,11290.75,11264.75,11270.8,0
2024-03-11 09:15:00,11341.8,11348.15,11251.0,11286.8,0
2024-03-11 10:15:00,11286.65,11297.4,11265.85,11276.45,0
2024-03-11 11:15:00,11277.5,11303.75,11259.9,11266.75,0
2024-03-11 12:15:00,11266.3,11286.45,11262.8,11272.95,0
2024-03-11 13:15:00,11274.05,11295.9,11263.8,11273.45,0
2024-03-11 14:15:00,11273.95,11279.9,11226.6,11246.55,0
2024-03-11 15:15:00,11246.1,11257.25,11225.95,11229.8,0
2024-03-12 09:15:00,11262.2,11275.65,11119.05,11222.6,0
2024-03-12 10:15:00,11220.4,11221.5,11097.65,11150.35,0
2024-03-12 11:15:00,11151.3,11155.0,11056.15,11077.8,0
2024-03-12 12:15:00,11078.0,11099.75,11046.0,11086.85,0
2024-03-12 13:15:00,11085.9,11110.55,11074.4,11096.1,0
2024-03-12 14:15:00,11094.95,11102.4,11052.0,11072.75,0
2024-03-12 15:15:00,11073.05,11082.25,11063.05,11066.85,0
2024-03-13 09:15:00,11116.2,11161.7,10919.55,11007.4,0
2024-03-13 10:15:00,11009.2,11015.95,10905.0,10917.7,0
2024-03-13 11:15:00,10917.25,10921.3,10784.75,10787.35,0
2024-03-13 12:15:00,10786.95,10871.45,10741.2,10837.05,0
2024-03-13 13:15:00,10835.9,10851.7,10747.05,10748.2,0
2024-03-13 14:15:00,10746.7,10776.25,10637.8,10694.4,0
2024-03-13 15:15:00,10694.9,10711.55,10655.5,10668.3,0
2024-03-14 09:15:00,10628.8,10770.9,10525.95,10703.4,0
2024-03-14 10:15:00,10702.7,10822.1,10685.05,10800.65,0
2024-03-14 11:15:00,10801.3,10838.5,10759.4,10814.5,0
2024-03-14 12:15:00,10814.4,10841.6,10745.75,10793.9,0
2024-03-14 13:15:00,10793.3,10812.0,10713.15,10731.65,0
2024-03-14 14:15:00,10731.6,10831.6,10728.15,10829.9,0
2024-03-14 15:15:00,10829.2,10848.9,10823.2,10841.0,0
2024-03-15 09:15:00,10812.6,10845.85,10662.75,10708.8,0
2024-03-15 10:15:00,10707.25,10719.7,10639.65,10695.05,0
2024-03-15 11:15:00,10694.95,10701.6,10645.85,10660.55,0
2024-03-15 12:15:00,10658.8,10730.4,10647.6,10730.2,0
2024-03-15 13:15:00,10729.65,10810.3,10705.25,10789.65,0
2024-03-15 14:15:00,10790.35,10840.75,10754.5,10797.45,0
2024-03-15 15:15:00,10797.95,10811.95,10786.25,10793.25,0
2024-03-18 09:15:00,10779.05,10811.9,10644.2,10676.6,0
2024-03-18 10:15:00,10676.4,10709.1,10576.25,10578.65,0
2024-03-18 11:15:00,10577.65,10645.55,10570.15,10626.0,0
2024-03-18 12:15:00,10627.1,10657.25,10605.6,10627.25,0
2024-03-18 13:15:00,10627.05,10629.55,10592.0,10605.85,0
2024-03-18 14:15:00,10605.45,10636.85,10584.5,10622.5,0
2024-03-18 15:15:00,10623.15,10643.05,10615.35,10635.9,0
2024-03-19 09:15:00,10618.2,10623.4,10475.45,10498.0,0
2024-03-19 10:15:00,10497.25,10498.4,10423.95,10450.3,0
2024-03-19 11:15:00,10449.95,10466.9,10411.65,10428.65,0
2024-03-19 12:15:00,10428.3,10482.8,10428.15,10472.1,0
2024-03-19 13:15:00,10472.25,10503.65,10459.7,10465.5,0
2024-03-19 14:15:00,10464.75,10498.3,10435.7,10444.3,0
2024-03-19 15:15:00,10444.15,10461.25,10435.9,10440.7,0
2024-03-20 09:15:00,10493.7,10542.55,10372.95,10372.95,0
2024-03-20 10:15:00,10374.15,10448.15,10349.6,10439.7,0
2024-03-20 11:15:00,10439.9,10459.2,10403.45,10423.95,0
2024-03-20 12:15:00,10424.25,10496.1,10422.45,10493.05,0
2024-03-20 13:15:00,10492.5,10510.45,10459.15,10473.95,0
2024-03-20 14:15:00,10473.15,10482.7,10441.35,10462.55,0
2024-03-20 15:15:00,10462.4,10466.2,10448.9,10458.55,0
2024-03-21 09:15:00,10574.9,10687.75,10572.9,10681.8,0
2024-03-21 10:15:00,10682.35,10709.75,10662.2,10697.05,0
2024-03-21 11:15:00,10696.65,10701.35,10642.3,10645.75,0
2024-03-21 12:15:00,10647.45,10689.95,10644.95,10679.4,0
2024-03-21 13:15:00,10679.7,10691.4,10668.6,10690.45,0
2024-03-21 14:15:00,10690.45,10785.35,10687.95,10781.95,0
2024-03-21 15:15:00,10781.15,10781.25,10763.45,10772.4,0
2024-03-22 09:15:00,10713.5,10746.45,10688.25,10740.75,0
2024-03-22 10:15:00,10741.55,10768.55,10728.75,10764.0,0
2024-03-22 11:15:00,10763.25,10774.35,10754.45,10756.1,0
2024-03-22 12:15:00,10756.25,10777.0,10747.7,10765.95,0
2024-03-22 13:15:00,10764.15,10780.65,10755.7,10775.9,0
2024-03-22 14:15:00,10775.4,10783.2,10747.7,10765.85,0
2024-03-22 15:15:00,10764.5,10781.05,10753.05,10778.05,0
2024-03-26 09:15:00,10722.6,10815.3,10719.75,10783.9,0
2024-03-26 10:15:00,10782.55,10816.45,10773.0,10811.65,0
2024-03-26 11:15:00,10811.95,10870.0,10807.4,10857.4,0
2024-03-26 12:15:00,10856.85,10891.15,10856.85,10884.5,0
2024-03-26 13:15:00,10883.5,10901.4,10882.2,10892.0,0
2024-03-26 14:15:00,10892.75,10899.65,10866.1,10884.25,0
2024-03-26 15:15:00,10884.55,10898.95,10877.05,10891.5,0
2024-03-27 09:15:00,10926.6,10946.25,10870.7,10903.45,0
2024-03-27 10:15:00,10903.55,10933.75,10899.4,10906.35,0
2024-03-27 11:15:00,10905.65,10916.5,10895.6,10898.55,0
2024-03-27 12:15:00,10898.75,10903.55,10883.95,10889.15,0
2024-03-27 13:15:00,10889.05,10891.25,10874.2,10874.65,0
2024-03-27 14:15:00,10874.6,10881.0,10820.9,10870.05,0
2024-03-27 15:15:00,10869.7,10871.95,10852.15,10860.55,0
2024-03-28 09:15:00,10880.35,10895.6,10814.3,10818.7,0
2024-03-28 10:15:00,10819.15,10842.75,10799.9,10841.75,0
2024-03-28 11:15:00,10841.45,10859.0,10838.95,10852.95,0
2024-03-28 12:15:00,10852.35,10883.65,10846.85,10881.05,0
2024-03-28 13:15:00,10880.35,10888.15,10876.0,10881.15,0
2024-03-28 14:15:00,10881.1,10883.05,10829.2,10834.85,0
2024-03-28 15:15:00,10834.25,10853.35,10831.15,10842.4,0
2024-04-01 09:15:00,10961.8,11003.5,10924.35,10962.8,0
2024-04-01 10:15:00,10962.05,10977.25,10949.8,10953.7,0
2024-04-01 11:15:00,10953.6,10972.7,10952.9,10958.65,0
2024-04-01 12:15:00,10959.25,10969.35,10950.55,10952.5,0
2024-04-01 13:15:00,10953.25,11001.5,10951.4,10969.95,0
2024-04-01 14:15:00,10969.9,11006.75,10954.55,11003.75,0
2024-04-01 15:15:00,11003.15,11008.4,10997.25,10999.15,0
2024-04-02 09:15:00,11023.7,11039.1,10975.55,11030.95,0
2024-04-02 10:15:00,11031.1,11064.65,11024.95,11064.65,0
2024-04-02 11:15:00,11064.6,11121.1,11062.75,11081.0,0
2024-04-02 12:15:00,11080.3,11111.0,11074.1,11074.95,0
2024-04-02 13:15:00,11075.15,11092.95,11066.05,11087.6,0
2024-04-02 14:15:00,11088.2,11124.65,11085.65,11115.45,0
2024-04-02 15:15:00,11116.75,11119.0,11103.7,11103.8,0
2024-04-03 09:15:00,11099.15,11113.45,11047.1,11111.1,0
2024-04-03 10:15:00,11110.55,11124.95,11102.9,11123.9,0
2024-04-03 11:15:00,11124.25,11145.05,11114.8,11143.3,0
2024-04-03 12:15:00,11142.9,11146.35,11122.95,11123.8,0
2024-04-03 13:15:00,11122.65,11140.9,11109.45,11128.2,0
2024-04-03 14:15:00,11128.1,11133.05,11100.1,11105.3,0
2024-04-03 15:15:00,11106.05,11116.45,11095.3,11100.4,0
2024-04-04 09:15:00,11191.85,11203.75,11108.2,11122.35,0
2024-04-04 10:15:00,11122.25,11160.45,11114.35,11137.95,0
2024-04-04 11:15:00,11138.1,11158.55,11130.7,11136.1,0
2024-04-04 12:15:00,11135.05,11172.4,11129.75,11159.85,0
2024-04-04 13:15:00,11160.9,11167.85,11142.75,11149.65,0
2024-04-04 14:15:00,11148.9,11166.0,11122.2,11130.6,0
2024-04-04 15:15:00,11130.95,11154.0,11128.25,11154.0,0
2024-04-05 09:15:00,11170.1,11170.95,11120.15,11164.25,0
2024-04-05 10:15:00,11164.9,11172.7,11142.85,11171.05,0
2024-04-05 11:15:00,11171.1,11179.1,11153.25,11166.4,0
2024-04-05 12:15:00,11165.95,11168.3,11131.05,11139.0,0
2024-04-05 13:15:00,11139.0,11171.25,11132.85,11164.0,0
2024-04-05 14:15:00,11163.7,11196.25,11158.5,11188.9,0
2024-04-05 15:15:00,11188.85,11204.6,11186.0,11192.3,0
2024-04-08 09:15:00,11245.55,11251.2,11160.9,11185.9,0
2024-04-08 10:15:00,11186.75,11213.7,11178.35,11213.7,0
2024-04-08 11:15:00,11213.85,11245.2,11210.65,11234.6,0
2024-04-08 12:15:00,11233.7,11244.35,11223.75,11224.95,0
2024-04-08 13:15:00,11225.9,11227.55,11043.7,11170.5,0
2024-04-08 14:15:00,11169.8,11193.9,11156.6,11161.25,0
2024-04-08 15:15:00,11161.9,11171.65,11154.55,11166.9,0
2024-04-09 09:15:00,11251.15,11287.75,11224.35,11276.35,0
2024-04-09 10:15:00,11277.4,11295.35,11262.3,11289.0,0
2024-04-09 11:15:00,11289.0,11312.25,11287.1,11292.5,0
2024-04-09 12:15:00,11292.5,11293.5,11250.25,11250.55,0
2024-04-09 13:15:00,11250.55,11250.75,11211.35,11212.55,0
2024-04-09 14:15:00,11212.95,11263.65,11210.4,11250.5,0
2024-04-09 15:15:00,11249.95,11257.65,11244.7,11246.65,0
2024-04-10 09:15:00,11291.55,11300.5,11250.1,11255.35,0
2024-04-10 10:15:00,11255.55,11286.6,11251.1,11277.15,0
2024-04-10 11:15:00,11276.75,11305.55,11265.05,11299.2,0
2024-04-10 12:15:00,11299.35,11314.65,11292.0,11305.1,0
2024-04-10 13:15:00,11304.65,11326.6,11302.85,11324.5,0
2024-04-10 14:15:00,11323.95,11347.15,11314.75,11315.65,0
2024-04-10 15:15:00,11315.3,11329.55,11309.8,11326.15,0
2024-04-12 09:15:00,11333.2,11372.3,11291.6,11347.05,0
2024-04-12 10:15:00,11347.25,11371.55,11329.3,11360.2,0
2024-04-12 11:15:00,11360.1,11383.1,11357.15,11379.1,0
2024-04-12 12:15:00,11379.4,11380.15,11309.75,11329.25,0
2024-04-12 13:15:00,11328.15,11347.35,11313.05,11318.2,0
2024-04-12 14:15:00,11317.7,11332.35,11272.2,11272.8,0
2024-04-12 15:15:00,11272.15,11281.6,11264.75,11274.0,0
2024-04-15 09:15:00,11145.6,11199.0,11107.9,11156.2,0
2024-04-15 10:15:00,11156.95,11162.1,11123.8,11138.9,0
2024-04-15 11:15:00,11139.2,11151.45,11132.2,11146.4,0
2024-04-15 12:15:00,11147.25,11156.3,11112.1,11123.95,0
2024-04-15 13:15:00,11123.7,11138.35,11118.55,11119.45,0
2024-04-15 14:15:00,11119.15,11127.2,11099.3,11109.1,0
2024-04-15 15:15:00,11108.15,11117.05,11089.25,11098.45,0
2024-04-16 09:15:00,11043.5,11120.75,11019.35,11109.6,0
2024-04-16 10:15:00,11110.25,11144.4,11088.4,11133.7,0
2024-04-16 11:15:00,11134.7,11141.05,11096.55,11106.6,0
2024-04-16 12:15:00,11106.6,11107.95,11055.6,11061.2,0
2024-04-16 13:15:00,11061.3,11096.75,11049.35,11091.45,0
2024-04-16 14:15:00,11091.85,11093.15,11017.55,11053.85,0
2024-04-16 15:15:00,11053.9,11067.25,11043.45,11061.75,0
2024-04-18 09:15:00,11097.6,11134.05,11065.85,11110.1,0
2024-04-18 10:15:00,11109.75,11138.1,11103.6,11135.1,0
2024-04-18 11:15:00,11134.25,11142.4,11116.7,11135.0,0
2024-04-18 12:15:00,11134.4,11174.95,11133.9,11154.2,0
2024-04-18 13:15:00,11154.2,11159.55,11089.4,11103.05,0
2024-04-18 14:15:00,11103.6,11118.7,10962.8,10964.15,0
2024-04-18 15:15:00,10963.8,11024.6,10963.0,11020.9,0
2024-04-19 09:15:00,10913.1,10913.1,10779.15,10851.7,0
2024-04-19 10:15:00,10851.7,10860.7,10778.6,10790.1,0
2024-04-19 11:15:00,10789.85,10854.9,10785.5,10844.3,0
2024-04-19 12:15:00,10843.9,10910.6,10837.9,10900.95,0
2024-04-19 13:15:00,10900.1,10954.9,10871.05,10934.05,0
2024-04-19 14:15:00,10934.1,10937.3,10876.05,10902.7,0
2024-04-19 15:15:00,10902.1,10909.7,10895.0,10909.7,0
2024-04-22 09:15:00,10993.85,10993.85,10924.05,10941.45,0
2024-04-22 10:15:00,10941.85,10948.9,10900.1,10937.05,0
2024-04-22 11:15:00,10936.95,10941.05,10903.75,10921.75,0
2024-04-22 12:15:00,10921.2,10928.3,10893.75,10900.75,0
2024-04-22 13:15:00,10900.75,10919.45,10898.0,10910.85,0
2024-04-22 14:15:00,10910.9,10931.75,10872.75,10913.9,0
2024-04-22 15:15:00,10911.7,10940.9,10907.55,10932.75,0
2024-04-23 09:15:00,10976.25,10998.1,10944.0,10987.95,0
2024-04-23 10:15:00,10987.7,10989.2,10947.1,10968.1,0
2024-04-23 11:15:00,10968.4,10990.05,10962.2,10986.95,0
2024-04-23 12:15:00,10986.15,10988.1,10964.0,10974.9,0
2024-04-23 13:15:00,10974.8,10992.45,10959.5,10990.85,0
2024-04-23 14:15:00,10990.6,11013.55,10975.15,10985.25,0
2024-04-23 15:15:00,10985.05,10987.6,10970.05,10978.7,0
2024-04-24 09:15:00,11020.15,11026.3,10996.25,11007.85,0
2024-04-24 10:15:00,11007.65,11029.0,10987.65,11022.5,0
2024-04-24 11:15:00,11022.85,11028.2,11001.15,11003.7,0
2024-04-24 12:15:00,11003.5,11014.1,10991.85,11002.5,0
2024-04-24 13:15:00,11002.15,11030.1,11000.1,11029.95,0
2024-04-24 14:15:00,11030.05,11037.3,11003.85,11032.65,0
2024-04-24 15:15:00,11032.35,11037.35,11016.75,11025.25,0
2024-04-25 09:15:00,11025.55,11057.95,11009.35,11037.3,0
2024-04-25 10:15:00,11038.1,11050.35,11001.05,11023.65,0
2024-04-25 11:15:00,11024.2,11038.25,11007.45,11032.05,0
2024-04-25 12:15:00,11031.6,11048.05,11024.95,11043.35,0
2024-04-25 13:15:00,11044.05,11077.4,11037.1,11075.35,0
2024-04-25 14:15:00,11075.45,11077.5,11052.8,11075.0,0
2024-04-25 15:15:00,11074.4,11075.0,11057.6,11062.75,0
2024-04-26 09:15:00,11090.85,11188.3,11075.3,11175.05,0
2024-04-26 10:15:00,11174.7,11222.9,11163.4,11211.25,0
2024-04-26 11:15:00,11211.2,11239.65,11209.95,11232.65,0
2024-04-26 12:15:00,11232.95,11249.7,11220.75,11247.8,0
2024-04-26 13:15:00,11247.8,11253.1,11216.0,11243.95,0
2024-04-26 14:15:00,11243.6,11250.2,11199.4,11207.15,0
2024-04-26 15:15:00,11207.3,11216.65,11200.45,11213.2,0
2024-04-29 09:15:00,11244.5,11246.85,11172.1,11181.0,0
2024-04-29 10:15:00,11180.6,11201.55,11174.25,11195.25,0
2024-04-29 11:15:00,11194.9,11222.75,11193.3,11213.25,0
2024-04-29 12:15:00,11212.85,11217.2,11199.65,11209.8,0
2024-04-29 13:15:00,11209.8,11212.2,11193.95,11205.8,0
2024-04-29 14:15:00,11205.0,11229.0,11200.35,11215.7,0
2024-04-29 15:15:00,11215.45,11217.95,11203.85,11211.35,0
2024-04-30 09:15:00,11245.2,11337.35,11236.45,11330.7,0
2024-04-30 10:15:00,11332.9,11333.5,11296.5,11307.5,0
2024-04-30 11:15:00,11307.6,11357.2,11304.7,11342.4,0
2024-04-30 12:15:00,11342.4,11357.55,11337.35,11342.55,0
2024-04-30 13:15:00,11342.55,11397.25,11338.65,11392.35,0
2024-04-30 14:15:00,11393.05,11400.2,11299.85,11306.3,0
2024-04-30 15:15:00,11307.0,11307.6,11292.05,11301.3,0
2024-05-02 09:15:00,11387.15,11395.5,11323.45,11346.85,0
2024-05-02 10:15:00,11346.75,11347.65,11313.05,11320.7,0
2024-05-02 11:15:00,11320.4,11328.0,11296.1,11305.35,0
2024-05-02 12:15:00,11304.8,11341.0,11302.8,11337.75,0
2024-05-02 13:15:00,11337.85,11362.8,11333.3,11342.45,0
2024-05-02 14:15:00,11343.05,11361.1,11330.65,11345.1,0
2024-05-02 15:15:00,11344.95,11356.75,11341.7,11356.45,0
2024-05-03 09:15:00,11322.45,11381.7,11319.45,11327.8,0
2024-05-03 10:15:00,11327.45,11332.9,11269.4,11280.55,0
2024-05-03 11:15:00,11280.45,11280.65,11197.55,11208.95,0
2024-05-03 12:15:00,11208.35,11258.6,11199.75,11231.5,0
2024-05-03 13:15:00,11231.15,11247.95,11192.9,11231.1,0
2024-05-03 14:15:00,11231.3,11259.05,11222.45,11256.8,0
2024-05-03 15:15:00,11257.65,11258.15,11240.5,11241.5,0
2024-05-06 09:15:00,11339.55,11344.0,11237.5,11250.85,0
2024-05-06 10:15:00,11251.0,11312.45,11234.75,11292.9,0
2024-05-06 11:15:00,11293.7,11316.0,11273.15,11302.65,0
2024-05-06 12:15:00,11303.0,11309.7,11281.5,11296.7,0
2024-05-06 13:15:00,11296.45,11318.0,11279.9,11299.7,0
2024-05-06 14:15:00,11299.15,11323.2,11283.75,11308.4,0
2024-05-06 15:15:00,11308.45,11313.9,11298.9,11310.65,0
2024-05-07 09:15:00,11334.7,11336.3,11217.85,11243.25,0
2024-05-07 10:15:00,11242.4,11250.05,11138.25,11138.7,0
2024-05-07 11:15:00,11138.4,11142.35,11042.2,11077.5,0
2024-05-07 12:15:00,11077.55,11086.8,10983.7,10995.0,0
2024-05-07 13:15:00,10995.05,11087.9,10992.75,11087.8,0
2024-05-07 14:15:00,11086.85,11098.45,11043.75,11076.45,0
2024-05-07 15:15:00,11076.8,11078.95,11059.05,11067.5,0
2024-05-08 09:15:00,11084.7,11113.05,11011.05,11109.2,0
2024-05-08 10:15:00,11109.4,11115.6,11045.95,11056.75,0
2024-05-08 11:15:00,11056.55,11104.15,11055.7,11098.9,0
2024-05-08 12:15:00,11099.3,11151.35,11094.6,11148.75,0
2024-05-08 13:15:00,11148.55,11170.15,11086.9,11096.15,0
2024-05-08 14:15:00,11096.75,11109.95,11077.3,11092.15,0
2024-05-08 15:15:00,11092.55,11109.15,11087.3,11093.0,0
2024-05-09 09:15:00,11107.8,11135.8,11083.55,11100.55,0
2024-05-09 10:15:00,11100.25,11111.65,11054.65,11077.75,0
2024-05-09 11:15:00,11077.45,11117.4,11066.75,11094.3,0
2024-05-09 12:15:00,11093.9,11097.7,11006.4,11017.85,0
2024-05-09 13:15:00,11017.7,11027.55,10974.8,11000.6,0
2024-05-09 14:15:00,11000.2,11003.6,10901.9,10901.9,0
2024-05-09 15:15:00,10902.75,10927.4,10896.6,10920.95,0
2024-05-10 09:15:00,10950.7,11016.85,10873.4,11013.25,0
2024-05-10 10:15:00,11013.0,11058.0,11001.15,11046.1,0
2024-05-10 11:15:00,11046.25,11083.25,11021.05,11031.0,0
2024-05-10 12:15:00,11030.7,11052.85,11000.2,11023.55,0
2024-05-10 13:15:00,11023.5,11113.15,11013.95,11093.4,0
2024-05-10 14:15:00,11093.65,11124.85,11052.15,11101.6,0
2024-05-10 15:15:00,11099.95,11126.8,11094.85,11125.75,0
2024-05-13 09:15:00,11151.35,11167.4,11026.75,11045.35,0
2024-05-13 10:15:00,11045.05,11058.2,10994.35,11052.25,0
2024-05-13 11:15:00,11052.45,11095.75,11045.6,11094.95,0
2024-05-13 12:15:00,11095.0,11216.3,11083.6,11214.0,0
2024-05-13 13:15:00,11214.0,11247.75,11145.85,11229.8,0
2024-05-13 14:15:00,11229.15,11354.5,11219.55,11336.8,0
2024-05-13 15:15:00,11336.3,11361.75,11334.15,11349.65,0
2024-05-14 09:15:00,11369.6,11374.8,11240.7,11253.65,0
2024-05-14 10:15:00,11252.8,11277.7,11244.3,11275.5,0
2024-05-14 11:15:00,11275.4,11303.6,11255.5,11285.6,0
2024-05-14 12:15:00,11285.35,11306.85,11279.05,11292.45,0
2024-05-14 13:15:00,11292.5,11315.8,11287.15,11302.8,0
2024-05-14 14:15:00,11302.3,11329.45,11285.35,11314.65,0
2024-05-14 15:15:00,11315.3,11325.2,11304.55,11314.05,0
2024-05-15 09:15:00,11339.05,11355.75,11292.9,11313.0,0
2024-05-15 10:15:00,11312.85,11333.8,11278.2,11317.4,0
2024-05-15 11:15:00,11317.55,11345.9,11285.1,11331.95,0
2024-05-15 12:15:00,11331.0,11348.3,11318.65,11324.95,0
2024-05-15 13:15:00,11325.55,11345.95,11304.0,11343.45,0
2024-05-15 14:15:00,11343.7,11363.0,11325.45,11352.65,0
2024-05-15 15:15:00,11351.9,11353.75,11340.1,11340.65,0
2024-05-16 09:15:00,11399.5,11449.75,11375.6,11440.9,0
2024-05-16 10:15:00,11440.7,11460.4,11410.4,11415.25,0
2024-05-16 11:15:00,11415.25,11431.8,11364.15,11431.8,0
2024-05-16 12:15:00,11432.3,11435.75,11398.25,11413.2,0
2024-05-16 13:15:00,11412.8,11412.8,11361.55,11379.6,0
2024-05-16 14:15:00,11380.15,11456.85,11374.8,11455.9,0
2024-05-16 15:15:00,11456.0,11466.9,11450.45,11454.65,0
2024-05-17 09:15:00,11495.75,11550.6,11472.45,11523.6,0
2024-05-17 10:15:00,11523.7,11559.15,11510.85,11538.35,0
2024-05-17 11:15:00,11538.5,11562.4,11522.85,11542.9,0
2024-05-17 12:15:00,11543.45,11556.95,11525.65,11540.2,0
2024-05-17 13:15:00,11540.25,11546.0,11508.7,11512.1,0
2024-05-17 14:15:00,11512.4,11530.05,11504.15,11517.0,0
2024-05-17 15:15:00,11516.9,11520.95,11503.3,11509.95,0
2024-05-18 09:15:00,11559.5,11579.95,11534.25,11563.9,0
2024-05-18 11:15:00,11572.9,11580.6,11560.6,11572.65,0
2024-05-18 12:15:00,11573.2,11575.65,11560.1,11567.5,0
2024-05-21 09:15:00,11552.85,11557.55,11496.3,11547.8,0
2024-05-21 10:15:00,11548.35,11590.45,11543.95,11584.9,0
2024-05-21 11:15:00,11582.6,11591.65,11557.95,11576.5,0
2024-05-21 12:15:00,11576.15,11608.65,11571.85,11607.5,0
2024-05-21 13:15:00,11607.1,11628.25,11599.55,11610.95,0
2024-05-21 14:15:00,11610.35,11637.05,11601.05,11624.35,0
2024-05-21 15:15:00,11623.8,11634.95,11618.55,11624.0,0
2024-05-22 09:15:00,11683.6,11706.0,11568.0,11628.35,0
2024-05-22 10:15:00,11629.2,11668.75,11615.2,11654.65,0
2024-05-22 11:15:00,11654.65,11679.75,11652.9,11676.45,0
2024-05-22 12:15:00,11676.6,11688.75,11657.4,11663.5,0
2024-05-22 13:15:00,11663.5,11678.35,11645.5,11663.25,0
2024-05-22 14:15:00,11663.45,11677.05,11639.5,11671.7,0
2024-05-22 15:15:00,11671.85,11690.9,11667.65,11686.7,0
2024-05-23 09:15:00,11725.0,11727.25,11654.7,11668.7,0
2024-05-23 10:15:00,11668.15,11668.6,11579.75,11648.9,0
2024-05-23 11:15:00,11648.7,11690.15,11630.4,11689.05,0
2024-05-23 12:15:00,11688.65,11710.15,11665.0,11665.4,0
2024-05-23 13:15:00,11665.15,11695.6,11652.8,11691.15,0
2024-05-23 14:15:00,11691.1,11701.45,11667.95,11696.15,0
2024-05-23 15:15:00,11696.85,11705.25,11689.55,11692.8,0
2024-05-24 09:15:00,11691.0,11720.75,11650.05,11668.55,0
2024-05-24 10:15:00,11668.85,11712.1,11666.6,11701.25,0
2024-05-24 11:15:00,11701.05,11708.15,11685.55,11696.8,0
2024-05-24 12:15:00,11696.7,11726.0,11694.5,11707.45,0
2024-05-24 13:15:00,11707.2,11741.15,11707.05,11732.2,0
2024-05-24 14:15:00,11732.2,11732.2,11658.2,11661.95,0
2024-05-24 15:15:00,11662.8,11672.15,11647.1,11650.9,0
2024-05-27 09:15:00,11722.25,11853.8,11669.3,11835.95,0
2024-05-27 10:15:00,11836.7,11907.4,11830.4,11894.05,0
2024-05-27 11:15:00,11893.45,11930.75,11879.3,11915.5,0
2024-05-27 12:15:00,11915.75,11955.5,11887.5,11932.15,0
2024-05-27 13:15:00,11932.45,12001.4,11930.2,11975.55,0
2024-05-27 14:15:00,11976.35,11994.4,11891.95,11920.15,0
2024-05-27 15:15:00,11919.35,11920.45,11892.35,11918.9,0
2024-05-28 09:15:00,11961.25,11983.4,11873.6,11903.4,0
2024-05-28 10:15:00,11904.1,11951.7,11904.1,11930.75,0
2024-05-28 11:15:00,11931.0,11931.55,11851.65,11852.75,0
2024-05-28 12:15:00,11852.75,11857.35,11784.35,11848.7,0
2024-05-28 13:15:00,11848.45,11875.7,11828.55,11838.8,0
2024-05-28 14:15:00,11838.45,11866.85,11821.75,11844.2,0
2024-05-28 15:15:00,11843.65,11844.5,11795.45,11811.75,0
2024-05-29 09:15:00,11792.45,11828.95,11745.85,11813.5,0
2024-05-29 10:15:00,11813.75,11825.9,11788.9,11797.2,0
2024-05-29 11:15:00,11796.9,11805.3,11779.9,11804.15,0
2024-05-29 12:15:00,11804.3,11837.85,11793.1,11816.85,0
2024-05-29 13:15:00,11816.55,11835.4,11803.4,11818.85,0
2024-05-29 14:15:00,11819.05,11825.25,11782.45,11794.1,0
2024-05-29 15:15:00,11794.35,11797.65,11777.9,11788.85,0
2024-05-30 09:15:00,11781.45,11789.9,11685.65,11687.15,0
2024-05-30 10:15:00,11687.1,11740.9,11684.6,11714.75,0
2024-05-30 11:15:00,11714.05,11719.25,11687.8,11688.6,0
2024-05-30 12:15:00,11688.5,11723.7,11678.05,11702.45,0
2024-05-30 13:15:00,11702.5,11704.5,11665.65,11667.35,0
2024-05-30 14:15:00,11667.0,11683.6,11621.85,11643.3,0
2024-05-30 15:15:00,11643.75,11685.4,11631.65,11673.85,0
2024-05-31 09:15:00,11692.95,11717.6,11616.9,11622.1,0
2024-05-31 10:15:00,11622.4,11645.9,11595.2,11635.05,0
2024-05-31 11:15:00,11634.9,11644.1,11596.4,11596.4,0
2024-05-31 12:15:00,11596.4,11642.5,11593.65,11639.05,0
2024-05-31 13:15:00,11638.25,11690.8,11631.4,11690.8,0
2024-05-31 14:15:00,11690.1,11690.5,11610.95,11648.1,0
2024-05-31 15:15:00,11648.75,11686.75,11647.2,11672.85,0
2024-06-03 09:15:00,12005.3,12017.0,11880.85,11966.8,0
2024-06-03 10:15:00,11967.55,11968.9,11918.45,11955.9,0
2024-06-03 11:15:00,11957.65,11983.4,11946.95,11976.3,0
2024-06-03 12:15:00,11976.5,11991.9,11961.7,11989.1,0
2024-06-03 13:15:00,11990.15,12009.3,11957.45,11975.65,0
2024-06-03 14:15:00,11973.7,12012.25,11955.1,11985.45,0
2024-06-03 15:15:00,11984.85,12034.65,11984.3,12031.65,0
2024-06-04 09:15:00,12001.65,12006.7,11577.85,11820.75,0
2024-06-04 10:15:00,11820.7,11838.8,11347.9,11349.85,0
2024-06-04 11:15:00,11349.3,11477.3,11086.5,11098.35,0
2024-06-04 12:15:00,11099.0,11319.2,10871.65,11276.6,0
2024-06-04 13:15:00,11277.1,11408.2,11245.7,11304.05,0
2024-06-04 14:15:00,11304.05,11304.05,11124.55,11247.65,0
2024-06-04 15:15:00,11247.9,11277.75,11214.95,11263.55,0
2024-06-05 09:15:00,11371.65,11416.45,11178.45,11364.75,0
2024-06-05 10:15:00,11365.4,11656.75,11319.6,11656.75,0
2024-06-05 11:15:00,11656.7,11697.0,11586.55,11696.05,0
2024-06-05 12:15:00,11696.05,11791.15,11672.45,11784.9,0
2024-06-05 13:15:00,11784.8,11872.2,11780.55,11831.6,0
2024-06-05 14:15:00,11831.0,11921.8,11793.05,11872.5,0
2024-06-05 15:15:00,11872.8,11893.1,11854.25,11859.2,0
2024-06-06 09:15:00,11993.0,12032.0,11936.1,12014.5,0
2024-06-06 10:15:00,12014.95,12047.55,12003.45,12041.8,0
2024-06-06 11:15:00,12041.2,12056.3,11935.3,11973.05,0
2024-06-06 12:15:00,11972.6,12003.1,11918.9,11947.9,0
2024-06-06 13:15:00,11948.8,12013.55,11948.8,11986.6,0
2024-06-06 14:15:00,11986.45,11996.2,11939.1,11995.9,0
2024-06-06 15:15:00,11996.65,12019.4,11993.8,12017.1,0
2024-06-07 09:15:00,12073.25,12162.1,12040.3,12157.7,0
2024-06-07 10:15:00,12157.0,12207.05,12125.15,12198.85,0
2024-06-07 11:15:00,12199.0,12220.8,12185.15,12187.65,0
2024-06-07 12:15:00,12188.05,12200.35,12174.15,12186.9,0
2024-06-07 13:15:00,12186.7,12201.25,12175.25,12189.95,0
2024-06-07 14:15:00,12190.3,12202.45,12171.8,12184.0,0
2024-06-07 15:15:00,12184.6,12194.55,12178.45,12182.65,0
2024-06-10 09:15:00,12261.35,12290.4,12064.1,12104.6,0
2024-06-10 10:15:00,12105.0,12113.95,12013.4,12031.55,0
2024-06-10 11:15:00,12031.9,12105.2,12028.45,12046.35,0
2024-06-10 12:15:00,12047.4,12114.2,12046.5,12080.85,0
2024-06-10 13:15:00,12080.55,12137.2,12073.55,12122.95,0
2024-06-10 14:15:00,12122.55,12149.15,12026.45,12140.1,0
2024-06-10 15:15:00,12139.7,12143.5,12096.8,12097.75,0
2024-06-11 09:15:00,12174.35,12175.55,12073.75,12161.65,0
2024-06-11 10:15:00,12161.7,12203.9,12156.5,12200.75,0
2024-06-11 11:15:00,12200.7,12225.25,12193.0,12221.4,0
2024-06-11 12:15:00,12221.7,12223.35,12204.3,12214.55,0
2024-06-11 13:15:00,12215.0,12232.4,12201.5,12211.65,0
2024-06-11 14:15:00,12211.8,12245.65,12194.45,12209.85,0
2024-06-11 15:15:00,12208.95,12210.5,12192.2,12197.05,0
2024-06-12 09:15:00,12229.1,12285.65,12217.55,12278.1,0
2024-06-12 10:15:00,12278.1,12302.8,12259.85,12293.45,0
2024-06-12 11:15:00,12293.2,12319.45,12288.45,12302.3,0
2024-06-12 12:15:00,12302.65,12311.85,12286.0,12304.65,0
2024-06-12 13:15:00,12305.15,12320.6,12295.3,12315.85,0
2024-06-12 14:15:00,12315.35,12349.2,12312.8,12323.65,0
2024-06-12 15:15:00,12323.75,12326.8,12309.0,12318.2,0
2024-06-13 09:15:00,12394.0,12419.75,12366.8,12410.45,0
2024-06-13 10:15:00,12410.6,12412.7,12369.15,12369.15,0
2024-06-13 11:15:00,12368.65,12404.4,12345.7,12400.95,0
2024-06-13 12:15:00,12401.1,12415.55,12392.45,12410.8,0
2024-06-13 13:15:00,12410.45,12423.5,12400.95,12416.4,0
2024-06-13 14:15:00,12417.2,12425.65,12399.0,12413.9,0
2024-06-13 15:15:00,12414.2,12424.85,12408.75,12415.35,0
2024-06-14 09:15:00,12433.55,12453.25,12398.25,12441.85,0
2024-06-14 10:15:00,12442.05,12454.25,12421.15,12442.1,0
2024-06-14 11:15:00,12441.6,12472.95,12440.9,12459.95,0
2024-06-14 12:15:00,12459.5,12474.15,12446.5,12454.6,0
2024-06-14 13:15:00,12453.9,12456.5,12423.4,12437.95,0
2024-06-14 14:15:00,12438.6,12468.45,12421.3,12456.85,0
2024-06-14 15:15:00,12457.25,12459.65,12442.9,12447.7,0
2024-06-18 09:15:00,12470.0,12484.5,12418.85,12463.25,0
2024-06-18 10:15:00,12462.8,12488.95,12442.15,12482.8,0
2024-06-18 11:15:00,12483.55,12535.2,12483.15,12526.3,0
2024-06-18 12:15:00,12526.65,12550.0,12521.35,12546.4,0
2024-06-18 13:15:00,12546.0,12558.6,12532.7,12551.1,0
2024-06-18 14:15:00,12551.7,12581.45,12540.55,12573.05,0
2024-06-18 15:15:00,12573.95,12578.3,12558.5,12570.05,0
2024-06-19 09:15:00,12608.1,12613.0,12459.2,12487.9,0
2024-06-19 10:15:00,12486.75,12488.05,12402.1,12467.2,0
2024-06-19 11:15:00,12467.2,12515.9,12448.35,12510.5,0
2024-06-19 12:15:00,12512.25,12526.75,12487.5,12515.45,0
2024-06-19 13:15:00,12515.4,12538.1,12491.2,12526.8,0
2024-06-19 14:15:00,12527.35,12549.05,12477.25,12478.8,0
2024-06-19 15:15:00,12479.55,12501.15,12477.45,12489.95,0
2024-06-20 09:15:00,12517.5,12591.0,12461.5,12554.4,0
2024-06-20 10:15:00,12554.9,12578.45,12547.45,12560.35,0
2024-06-20 11:15:00,12559.45,12591.75,12556.55,12578.15,0
2024-06-20 12:15:00,12578.0,12581.3,12562.35,12568.05,0
2024-06-20 13:15:00,12568.45,12594.35,12559.55,12592.6,0
2024-06-20 14:15:00,12592.8,12604.5,12577.3,12593.25,0
2024-06-20 15:15:00,12593.5,12607.9,12590.65,12594.4,0
2024-06-21 09:15:00,12658.6,12712.6,12639.65,12667.9,0
2024-06-21 10:15:00,12668.4,12693.9,12616.45,12679.95,0
2024-06-21 11:15:00,12680.3,12695.8,12667.5,12686.05,0
2024-06-21 12:15:00,12686.1,12694.95,12595.4,12623.25,0
2024-06-21 13:15:00,12622.85,12690.1,12618.15,12675.65,0
2024-06-21 14:15:00,12675.9,12677.25,12611.45,12629.1,0
2024-06-21 15:15:00,12629.15,12639.6,12618.15,12626.7,0
2024-06-24 09:15:00,12575.6,12580.25,12507.15,12563.35,0
2024-06-24 10:15:00,12561.85,12743.05,12556.65,12723.55,0
2024-06-24 11:15:00,12723.25,12745.95,12677.15,12726.95,0
2024-06-24 12:15:00,12726.65,12757.85,12707.2,12757.25,0
2024-06-24 13:15:00,12757.35,12761.55,12722.75,12739.35,0
2024-06-24 14:15:00,12738.6,12762.4,12718.5,12737.75,0
2024-06-24 15:15:00,12738.95,12759.65,12729.45,12755.9,0
2024-06-25 09:15:00,12763.95,12815.25,12758.0,12777.5,0
2024-06-25 10:15:00,12777.55,12806.95,12754.05,12756.9,0
2024-06-25 11:15:00,12757.85,12758.65,12707.35,12732.65,0
2024-06-25 12:15:00,12732.2,12744.8,12707.8,12725.6,0
2024-06-25 13:15:00,12725.2,12769.25,12720.35,12764.3,0
2024-06-25 14:15:00,12763.9,12764.65,12731.4,12759.7,0
2024-06-25 15:15:00,12760.1,12762.2,12739.2,12745.45,0
2024-06-26 09:15:00,12766.3,12782.65,12683.95,12698.8,0
2024-06-26 10:15:00,12699.0,12773.35,12698.35,12751.1,0
2024-06-26 11:15:00,12751.25,12793.1,12742.6,12771.15,0
2024-06-26 12:15:00,12771.6,12779.4,12706.65,12716.65,0
2024-06-26 13:15:00,12716.4,12729.65,12709.8,12713.6,0
2024-06-26 14:15:00,12713.05,12715.4,12656.05,12690.4,0
2024-06-26 15:15:00,12690.35,12691.6,12670.95,12674.35,0
2024-06-27 09:15:00,12666.15,12767.3,12636.0,12740.2,0
2024-06-27 10:15:00,12740.0,12754.75,12648.65,12723.6,0
2024-06-27 11:15:00,12723.35,12772.3,12709.45,12752.95,0
2024-06-27 12:15:00,12753.75,12755.0,12690.2,12698.5,0
2024-06-27 13:15:00,12698.8,12704.95,12625.5,12691.25,0
2024-06-27 14:15:00,12692.35,12725.0,12647.55,12719.4,0
2024-06-27 15:15:00,12719.95,12756.25,12713.1,12723.85,0
2024-06-28 09:15:00,12714.8,12752.6,12695.85,12742.45,0
2024-06-28 10:15:00,12742.35,12788.55,12710.8,12785.5,0
2024-06-28 11:15:00,12785.85,12822.05,12768.05,12809.7,0
2024-06-28 12:15:00,12809.35,12815.15,12773.75,12812.75,0
2024-06-28 13:15:00,12812.35,12880.2,12809.0,12874.05,0
2024-06-28 14:15:00,12873.65,12885.45,12816.6,12817.8,0
2024-06-28 15:15:00,12818.5,12835.3,12812.15,12832.9,0
2024-07-01 09:15:00,12868.1,12938.5,12843.55,12907.15,0
2024-07-01 10:15:00,12907.6,12966.55,12907.5,12958.75,0
2024-07-01 11:15:00,12958.65,12972.35,12948.0,12966.65,0
2024-07-01 12:15:00,12966.5,12985.35,12944.15,12976.9,0
2024-07-01 13:15:00,12976.9,12988.15,12962.95,12978.8,0
2024-07-01 14:15:00,12979.05,12980.95,12955.25,12971.0,0
2024-07-01 15:15:00,12970.25,12974.85,12956.25,12964.05,0
2024-07-02 09:15:00,13008.7,13016.95,12914.15,13012.9,0
2024-07-02 10:15:00,13013.25,13045.8,12997.45,13042.95,0
2024-07-02 11:15:00,13042.3,13055.2,12974.4,12974.4,0
2024-07-02 12:15:00,12973.4,13003.75,12871.8,12905.25,0
2024-07-02 13:15:00,12905.95,12968.9,12899.85,12968.3,0
2024-07-02 14:15:00,12968.3,12990.9,12945.2,12947.2,0
2024-07-02 15:15:00,12948.4,12972.05,12947.7,12971.0,0
2024-07-03 09:15:00,13035.2,13105.45,12995.15,13097.2,0
2024-07-03 10:15:00,13097.6,13122.7,13071.1,13075.35,0
2024-07-03 11:15:00,13075.5,13115.45,13069.1,13110.4,0
2024-07-03 12:15:00,13111.25,13115.3,13083.6,13104.0,0
2024-07-03 13:15:00,13104.5,13114.85,13084.95,13088.95,0
2024-07-03 14:15:00,13088.1,13104.4,13064.3,13098.8,0
2024-07-03 15:15:00,13099.35,13110.75,13092.5,13101.05,0
2024-07-04 09:15:00,13172.2,13215.4,13148.15,13201.25,0
2024-07-04 10:15:00,13201.25,13237.95,13159.95,13185.8,0
2024-07-04 11:15:00,13185.6,13227.95,13181.2,13225.55,0
2024-07-04 12:15:00,13225.6,13259.5,13225.3,13238.35,0
2024-07-04 13:15:00,13237.6,13271.6,13226.9,13267.5,0
2024-07-04 14:15:00,13267.7,13295.55,13245.4,13259.45,0
2024-07-04 15:15:00,13258.55,13278.1,13257.0,13275.85,0
2024-07-05 09:15:00,13281.15,13301.85,13242.65,13278.35,0
2024-07-05 10:15:00,13278.5,13297.45,13271.3,13287.85,0
2024-07-05 11:15:00,13287.65,13316.6,13280.8,13302.85,0
2024-07-05 12:15:00,13303.75,13341.7,13302.2,13334.45,0
2024-07-05 13:15:00,13334.65,13336.5,13309.2,13315.65,0
2024-07-05 14:15:00,13315.65,13346.3,13299.35,13340.25,0
2024-07-05 15:15:00,13340.75,13349.0,13314.9,13320.05,0
2024-07-08 09:15:00,13359.1,13380.95,13275.25,13332.95,0
2024-07-08 10:15:00,13332.95,13353.75,13225.95,13254.55,0
2024-07-08 11:15:00,13254.4,13266.3,13169.2,13204.0,0
2024-07-08 12:15:00,13204.1,13233.95,13196.3,13230.55,0
2024-07-08 13:15:00,13230.8,13244.35,13189.65,13216.6,0
2024-07-08 14:15:00,13215.9,13257.15,13207.6,13249.0,0
2024-07-08 15:15:00,13250.3,13270.1,13236.9,13265.1,0
2024-07-09 09:15:00,13279.95,13307.8,13224.25,13251.85,0
2024-07-09 10:15:00,13251.45,13259.8,13199.85,13252.25,0
2024-07-09 11:15:00,13252.75,13261.9,13241.35,13249.1,0
2024-07-09 12:15:00,13248.95,13263.85,13225.75,13258.6,0
2024-07-09 13:15:00,13258.45,13267.4,13247.95,13259.25,0
2024-07-09 14:15:00,13259.2,13274.3,13244.55,13263.1,0
2024-07-09 15:15:00,13263.6,13267.65,13257.45,13264.2,0
2024-07-10 09:15:00,13309.25,13317.25,13098.95,13117.3,0
2024-07-10 10:15:00,13117.55,13135.75,12969.15,13082.05,0
2024-07-10 11:15:00,13082.8,13154.0,13066.65,13133.4,0
2024-07-10 12:15:00,13133.5,13159.3,13104.6,13147.45,0
2024-07-10 13:15:00,13147.8,13158.2,13101.9,13125.5,0
2024-07-10 14:15:00,13125.05,13202.9,13120.9,13192.0,0
2024-07-10 15:15:00,13191.6,13196.95,13182.1,13194.0,0
2024-07-11 09:15:00,13245.6,13250.2,13195.0,13197.2,0
2024-07-11 10:15:00,13197.2,13200.5,13154.65,13192.3,0
2024-07-11 11:15:00,13192.65,13201.15,13166.25,13178.95,0
2024-07-11 12:15:00,13179.85,13204.7,13175.0,13192.1,0
2024-07-11 13:15:00,13192.45,13241.55,13191.4,13235.25,0
2024-07-11 14:15:00,13235.5,13260.35,13234.7,13256.35,0
2024-07-11 15:15:00,13256.5,13267.85,13245.45,13264.75,0
2024-07-12 09:15:00,13328.9,13330.75,13263.75,13281.35,0
2024-07-12 10:15:00,13281.55,13367.25,13274.4,13367.25,0
2024-07-12 11:15:00,13366.9,13390.25,13329.8,13382.05,0
2024-07-12 12:15:00,13381.85,13382.5,13344.35,13354.3,0
2024-07-12 13:15:00,13353.85,13374.9,13350.6,13371.5,0
2024-07-12 14:15:00,13371.55,13380.4,13339.8,13345.45,0
2024-07-12 15:15:00,13345.05,13351.4,13318.8,13335.6,0
2024-07-15 09:15:00,13430.0,13430.15,13328.4,13352.65,0
2024-07-15 10:15:00,13352.95,13388.6,13322.75,13383.85,0
2024-07-15 11:15:00,13384.0,13436.85,13383.3,13426.4,0
2024-07-15 12:15:00,13426.9,13453.35,13418.05,13433.5,0
2024-07-15 13:15:00,13434.1,13467.0,13429.85,13452.85,0
2024-07-15 14:15:00,13453.95,13496.45,13447.95,13458.55,0
2024-07-15 15:15:00,13458.65,13470.3,13455.4,13465.1,0
2024-07-16 09:15:00,13511.75,13523.3,13464.75,13515.0,0
2024-07-16 10:15:00,13515.0,13532.1,13495.6,13506.65,0
2024-07-16 11:15:00,13507.2,13509.7,13470.6,13476.55,0
2024-07-16 12:15:00,13476.55,13498.25,13456.75,13489.25,0
2024-07-16 13:15:00,13489.1,13505.95,13466.55,13487.2,0
2024-07-16 14:15:00,13487.2,13497.45,13453.55,13460.4,0
2024-07-16 15:15:00,13460.25,13477.05,13449.55,13463.85,0
2024-07-18 09:15:00,13443.05,13455.9,13338.05,13394.8,0
2024-07-18 10:15:00,13395.25,13398.15,13312.5,13320.85,0
2024-07-18 11:15:00,13320.95,13373.65,13313.55,13363.35,0
2024-07-18 12:15:00,13363.45,13381.55,13347.9,13378.3,0
2024-07-18 13:15:00,13378.65,13416.0,13372.7,13408.2,0
2024-07-18 14:15:00,13408.15,13411.8,13360.6,13374.9,0
2024-07-18 15:15:00,13375.05,13385.0,13372.15,13372.15,0
2024-07-19 09:15:00,13354.25,13354.25,13161.2,13161.2,0
2024-07-19 10:15:00,13162.15,13208.45,13084.65,13112.75,0
2024-07-19 11:15:00,13112.8,13159.85,13064.1,13152.5,0
2024-07-19 12:15:00,13152.2,13153.65,13085.65,13092.85,0
2024-07-19 13:15:00,13092.8,13114.0,13064.9,13070.85,0
2024-07-19 14:15:00,13071.2,13091.25,13021.25,13032.75,0
2024-07-19 15:15:00,13032.7,13040.8,13015.55,13020.6,0
2024-07-22 09:15:00,12997.75,13124.85,12860.85,13124.8,0
2024-07-22 10:15:00,13124.75,13268.7,13105.1,13237.9,0
2024-07-22 11:15:00,13237.95,13293.35,13217.1,13218.15,0
2024-07-22 12:15:00,13217.95,13253.05,13147.1,13207.05,0
2024-07-22 13:15:00,13207.3,13253.05,13204.5,13227.85,0
2024-07-22 14:15:00,13227.85,13268.4,13164.25,13171.45,0
2024-07-22 15:15:00,13170.75,13189.35,13159.5,13185.0,0
2024-07-23 09:15:00,13275.95,13307.55,13157.25,13177.5,0
2024-07-23 10:15:00,13178.3,13247.75,13162.9,13245.65,0
2024-07-23 11:15:00,13245.05,13246.1,13139.25,13209.5,0
2024-07-23 12:15:00,13209.05,13209.05,12736.5,13062.45,0
2024-07-23 13:15:00,13062.55,13159.05,13026.0,13127.15,0
2024-07-23 14:15:00,13127.05,13184.45,13100.4,13124.0,0
2024-07-23 15:15:00,13123.6,13124.4,13106.2,13113.85,0
2024-07-24 09:15:00,13083.35,13195.1,13075.65,13158.2,0
2024-07-24 10:15:00,13158.55,13187.35,13141.05,13145.35,0
2024-07-24 11:15:00,13144.55,13146.3,13099.05,13114.5,0
2024-07-24 12:15:00,13112.95,13119.8,13076.95,13119.4,0
2024-07-24 13:15:00,13119.1,13189.35,13105.15,13134.1,0
2024-07-24 14:15:00,13133.95,13224.65,13121.5,13221.65,0
2024-07-24 15:15:00,13221.5,13236.8,13217.3,13229.95,0
2024-07-25 09:15:00,13107.9,13144.8,13066.15,13122.3,0
2024-07-25 10:15:00,13122.25,13185.0,13105.1,13181.95,0
2024-07-25 11:15:00,13182.45,13197.05,13155.1,13169.1,0
2024-07-25 12:15:00,13169.25,13193.9,13148.1,13172.3,0
2024-07-25 13:15:00,13171.15,13185.0,13124.65,13168.35,0
2024-07-25 14:15:00,13168.6,13180.45,13134.25,13177.75,0
2024-07-25 15:15:00,13178.15,13203.6,13177.4,13195.2,0
2024-07-26 09:15:00,13142.8,13314.9,13122.25,13306.05,0
2024-07-26 10:15:00,13305.65,13338.45,13283.0,13325.1,0
2024-07-26 11:15:00,13325.45,13340.55,13312.1,13332.85,0
2024-07-26 12:15:00,13332.75,13343.8,13308.2,13325.3,0
2024-07-26 13:15:00,13325.6,13356.25,13323.75,13341.7,0
2024-07-26 14:15:00,13342.1,13369.3,13329.0,13356.3,0
2024-07-26 15:15:00,13356.35,13363.65,13348.0,13359.35,0
2024-07-29 09:15:00,13440.65,13559.05,13426.0,13528.25,0
2024-07-29 10:15:00,13527.9,13599.4,13525.1,13572.5,0
2024-07-29 11:15:00,13572.75,13613.05,13547.0,13563.4,0
2024-07-29 12:15:00,13562.45,13574.05,13525.85,13542.45,0
2024-07-29 13:15:00,13542.25,13581.4,13531.55,13532.4,0
2024-07-29 14:15:00,13532.3,13570.65,13523.0,13555.85,0
2024-07-29 15:15:00,13556.25,13569.85,13550.55,13562.2,0
2024-07-30 09:15:00,13561.1,13601.4,13529.0,13557.05,0
2024-07-30 10:15:00,13557.9,13644.9,13555.25,13636.4,0
2024-07-30 11:15:00,13636.55,13646.0,13611.05,13615.25,0
2024-07-30 12:15:00,13615.55,13630.0,13601.5,13613.25,0
2024-07-30 13:15:00,13612.8,13644.5,13593.95,13639.25,0
2024-07-30 14:15:00,13638.8,13667.55,13623.85,13628.65,0
2024-07-30 15:15:00,13628.5,13639.4,13620.15,13624.25,0
2024-07-31 09:15:00,13721.45,13769.1,13676.2,13765.0,0
2024-07-31 10:15:00,13765.45,13810.2,13738.1,13796.65,0
2024-07-31 11:15:00,13796.05,13821.6,13757.55,13817.45,0
2024-07-31 12:15:00,13817.4,13822.1,13779.95,13805.85,0
2024-07-31 13:15:00,13805.85,13812.5,13758.8,13759.45,0
2024-07-31 14:15:00,13759.25,13792.0,13758.2,13779.55,0
2024-07-31 15:15:00,13780.55,13783.7,13769.1,13775.15,0
2024-08-01 09:15:00,13842.9,13845.95,13754.9,13785.7,0
2024-08-01 10:15:00,13786.1,13802.55,13699.05,13748.55,0
2024-08-01 11:15:00,13747.85,13750.05,13666.05,13668.05,0
2024-08-01 12:15:00,13667.55,13693.2,13651.3,13670.85,0
2024-08-01 13:15:00,13670.35,13681.5,13645.1,13651.25,0
2024-08-01 14:15:00,13651.3,13681.65,13590.95,13672.65,0
2024-08-01 15:15:00,13672.5,13679.05,13659.9,13671.45,0
2024-08-02 09:15:00,13532.85,13628.6,13468.0,13563.3,0
2024-08-02 10:15:00,13562.9,13622.15,13527.1,13599.1,0
2024-08-02 11:15:00,13598.8,13614.35,13551.4,13575.8,0
2024-08-02 12:15:00,13575.7,13594.5,13564.8,13579.95,0
2024-08-02 13:15:00,13579.5,13627.4,13569.95,13605.35,0
2024-08-02 14:15:00,13604.7,13607.95,13497.45,13503.4,0
2024-08-02 15:15:00,13502.55,13506.65,13474.0,13479.8,0
2024-08-05 09:15:00,13094.05,13271.7,13094.05,13181.35,0
2024-08-05 10:15:00,13181.2,13191.15,13071.65,13079.15,0
2024-08-05 11:15:00,13079.2,13106.55,13030.9,13086.1,0
2024-08-05 12:15:00,13086.9,13090.95,13025.6,13069.85,0
2024-08-05 13:15:00,13069.85,13110.25,13059.35,13077.85,0
2024-08-05 14:15:00,13077.95,13140.75,13057.25,13123.55,0
2024-08-05 15:15:00,13123.5,13130.8,13088.45,13103.8,0
2024-08-06 09:15:00,13207.05,13380.4,13203.25,13334.45,0
2024-08-06 10:15:00,13333.8,13356.15,13220.9,13275.9,0
2024-08-06 11:15:00,13275.65,13312.6,13267.25,13312.05,0
2024-08-06 12:15:00,13312.45,13327.2,13246.45,13248.1,0
2024-08-06 13:15:00,13248.65,13257.5,13138.0,13142.9,0
2024-08-06 14:15:00,13142.0,13194.45,13059.95,13061.1,0
2024-08-06 15:15:00,13061.85,13091.1,13041.45,13079.6,0
2024-08-07 09:15:00,13328.95,13335.0,13249.15,13271.0,0
2024-08-07 10:15:00,13270.2,13382.95,13269.05,13345.35,0
2024-08-07 11:15:00,13345.15,13362.1,13320.7,13329.7,0
2024-08-07 12:15:00,13329.65,13367.1,13329.6,13352.15,0
2024-08-07 13:15:00,13351.95,13379.95,13328.1,13376.0,0
2024-08-07 14:15:00,13376.25,13423.6,13374.15,13417.75,0
2024-08-07 15:15:00,13417.85,13438.55,13415.65,13436.0,0
2024-08-08 09:15:00,13433.05,13436.25,13356.6,13425.2,0
2024-08-08 10:15:00,13425.8,13469.05,13423.65,13443.95,0
2024-08-08 11:15:00,13443.7,13469.75,13437.65,13467.15,0
2024-08-08 12:15:00,13467.55,13473.45,13414.9,13418.0,0
2024-08-08 13:15:00,13418.35,13435.45,13389.4,13395.0,0
2024-08-08 14:15:00,13394.9,13413.1,13343.9,13346.0,0
2024-08-08 15:15:00,13345.95,13350.05,13333.1,13346.05,0
2024-08-09 09:15:00,13480.3,13578.75,13471.85,13497.45,0
2024-08-09 10:15:00,13497.35,13529.85,13453.95,13509.1,0
2024-08-09 11:15:00,13508.7,13528.95,13501.95,13507.25,0
2024-08-09 12:15:00,13507.1,13517.45,13489.7,13500.1,0
2024-08-09 13:15:00,13500.55,13523.25,13493.65,13521.95,0
2024-08-09 14:15:00,13521.05,13529.4,13488.1,13513.45,0
2024-08-09 15:15:00,13512.85,13515.8,13494.1,13494.3,0
2024-08-12 09:15:00,13479.2,13515.6,13399.5,13399.5,0
2024-08-12 10:15:00,13400.9,13444.05,13393.6,13437.2,0
2024-08-12 11:15:00,13438.25,13516.9,13436.5,13481.8,0
2024-08-12 12:15:00,13481.2,13574.0,13453.0,13557.2,0
2024-08-12 13:15:00,13557.2,13606.1,13547.65,13584.0,0
2024-08-12 14:15:00,13584.2,13599.7,13554.2,13571.2,0
2024-08-12 15:15:00,13571.55,13580.85,13566.05,13574.95,0
2024-08-13 09:15:00,13633.7,13702.6,13616.05,13675.35,0
2024-08-13 10:15:00,13675.8,13693.2,13635.4,13687.1,0
2024-08-13 11:15:00,13686.05,13702.35,13666.85,13682.1,0
2024-08-13 12:15:00,13682.3,13683.7,13618.75,13630.6,0
2024-08-13 13:15:00,13630.55,13646.25,13556.45,13591.6,0
2024-08-13 14:15:00,13591.3,13605.75,13559.95,13561.95,0
2024-08-13 15:15:00,13562.45,13571.6,13555.25,13565.4,0
2024-08-14 09:15:00,13613.3,13615.8,13473.7,13530.4,0
2024-08-14 10:15:00,13531.5,13552.95,13470.7,13506.4,0
2024-08-14 11:15:00,13506.05,13525.85,13476.25,13525.05,0
2024-08-14 12:15:00,13524.8,13541.9,13504.05,13524.5,0
2024-08-14 13:15:00,13524.8,13526.2,13493.5,13509.65,0
2024-08-14 14:15:00,13509.7,13526.85,13497.25,13505.9,0
2024-08-14 15:15:00,13506.0,13521.5,13503.1,13521.05,0
2024-08-16 09:15:00,13630.65,13733.35,13586.7,13605.0,0
2024-08-16 10:15:00,13606.25,13687.35,13599.95,13671.4,0
2024-08-16 11:15:00,13671.1,13706.55,13665.8,13700.75,0
2024-08-16 12:15:00,13700.9,13724.25,13696.55,13710.4,0
2024-08-16 13:15:00,13709.85,13741.85,13709.3,13738.95,0
2024-08-16 14:15:00,13738.5,13772.2,13725.05,13764.5,0
2024-08-16 15:15:00,13764.65,13771.95,13743.3,13746.8,0
2024-08-19 09:15:00,13838.2,13855.75,13724.05,13742.7,0
2024-08-19 10:15:00,13740.55,13767.15,13711.05,13761.3,0
2024-08-19 11:15:00,13761.2,13850.95,13733.15,13774.55,0
2024-08-19 12:15:00,13774.9,13783.4,13717.4,13757.6,0
2024-08-19 13:15:00,13757.25,13790.25,13722.2,13740.25,0
2024-08-19 14:15:00,13740.25,13824.35,13739.55,13801.85,0
2024-08-19 15:15:00,13802.45,13825.0,13800.65,13810.1,0
2024-08-20 09:15:00,13863.8,13893.0,13851.35,13885.5,0
2024-08-20 10:15:00,13884.9,13900.45,13866.65,13896.8,0
2024-08-20 11:15:00,13896.55,13908.4,13871.05,13902.75,0
2024-08-20 12:15:00,13900.8,13945.5,13899.9,13940.95,0
2024-08-20 13:15:00,13940.8,13944.0,13921.25,13932.5,0
2024-08-20 14:15:00,13932.9,13946.7,13915.65,13931.0,0
2024-08-20 15:15:00,13931.05,13932.7,13911.15,13913.7,0
2024-08-21 09:15:00,13937.7,13948.25,13880.95,13916.45,0
2024-08-21 10:15:00,13915.95,13964.6,13914.75,13933.2,0
2024-08-21 11:15:00,13932.6,13960.6,13926.0,13948.4,0
2024-08-21 12:15:00,13947.7,13962.55,13932.85,13937.95,0
2024-08-21 13:15:00,13937.95,13941.05,13908.65,13935.7,0
2024-08-21 14:15:00,13935.4,13975.95,13924.5,13971.75,0
2024-08-21 15:15:00,13972.3,13994.2,13971.8,13981.4,0
2024-08-22 09:15:00,14031.5,14064.75,14002.4,14042.05,0
2024-08-22 10:15:00,14042.05,14114.2,14033.1,14100.45,0
2024-08-22 11:15:00,14100.95,14109.65,14075.45,14077.0,0
2024-08-22 12:15:00,14076.8,14096.85,14062.1,14082.65,0
2024-08-22 13:15:00,14082.65,14089.05,14069.15,14087.1,0
2024-08-22 14:15:00,14087.25,14098.25,14063.75,14097.3,0
2024-08-22 15:15:00,14097.2,14098.15,14077.25,14082.3,0
2024-08-23 09:15:00,14097.4,14104.4,13960.8,14001.1,0
2024-08-23 10:15:00,14001.95,14075.75,13984.95,14049.65,0
2024-08-23 11:15:00,14049.0,14077.3,14045.6,14062.65,0
2024-08-23 12:15:00,14062.55,14072.0,14021.5,14044.65,0
2024-08-23 13:15:00,14045.1,14054.05,14021.9,14037.05,0
2024-08-23 14:15:00,14036.75,14045.05,13978.6,13995.7,0
2024-08-23 15:15:00,13995.55,13996.9,13978.65,13983.7,0
2024-08-26 09:15:00,14056.4,14152.15,14029.9,14143.05,0
2024-08-26 10:15:00,14143.85,14145.45,14068.65,14076.15,0
2024-08-26 11:15:00,14076.05,14081.65,14049.4,14056.35,0
2024-08-26 12:15:00,14056.35,14067.6,14042.2,14046.85,0
2024-08-26 13:15:00,14046.45,14063.55,14040.65,14042.95,0
2024-08-26 14:15:00,14042.95,14078.5,14023.2,14074.35,0
2024-08-26 15:15:00,14075.35,14090.65,14061.65,14068.95,0
2024-08-27 09:15:00,14089.65,14158.95,14064.7,14145.25,0
2024-08-27 10:15:00,14145.35,14176.15,14130.75,14145.75,0
2024-08-27 11:15:00,14145.7,14156.8,14127.95,14144.3,0
2024-08-27 12:15:00,14144.25,14156.05,14125.6,14131.65,0
2024-08-27 13:15:00,14131.35,14138.15,14119.15,14128.7,0
2024-08-27 14:15:00,14128.95,14132.8,14093.1,14116.25,0
2024-08-27 15:15:00,14115.65,14117.1,14098.5,14098.7,0
2024-08-28 09:15:00,14146.65,14156.25,14040.25,14103.4,0
2024-08-28 10:15:00,14103.55,14189.45,14098.5,14177.25,0
2024-08-28 11:15:00,14178.15,14198.0,14167.7,14184.0,0
2024-08-28 12:15:00,14183.9,14212.35,14176.15,14185.8,0
2024-08-28 13:15:00,14184.9,14199.65,14180.55,14188.3,0
2024-08-28 14:15:00,14188.3,14190.65,14139.0,14141.7,0
2024-08-28 15:15:00,14142.0,14144.55,14118.1,14118.65,0
2024-08-29 09:15:00,14142.1,14158.65,14104.0,14127.15,0
2024-08-29 10:15:00,14127.55,14140.4,14076.1,14107.65,0
2024-08-29 11:15:00,14107.0,14115.15,14063.4,14079.15,0
2024-08-29 12:15:00,14079.45,14101.7,14079.1,14083.8,0
2024-08-29 13:15:00,14082.65,14091.85,14029.8,14055.1,0
2024-08-29 14:15:00,14054.9,14107.0,14018.2,14095.85,0
2024-08-29 15:15:00,14094.95,14119.15,14094.95,14108.25,0
2024-08-30 09:15:00,14166.7,14222.25,14162.65,14217.05,0
2024-08-30 10:15:00,14216.85,14270.4,14216.65,14249.85,0
2024-08-30 11:15:00,14249.9,14267.95,14238.65,14250.85,0
2024-08-30 12:15:00,14250.65,14275.9,14242.65,14259.3,0
2024-08-30 13:15:00,14259.1,14265.75,14245.75,14251.75,0
2024-08-30 14:15:00,14252.05,14272.05,14214.1,14232.6,0
2024-08-30 15:15:00,14233.75,14251.05,14216.35,14217.8,0
2024-09-02 09:15:00,14313.8,14313.8,14213.4,14234.75,0
2024-09-02 10:15:00,14233.75,14235.25,14181.15,14196.75,0
2024-09-02 11:15:00,14196.6,14197.0,14171.2,14189.7,0
2024-09-02 12:15:00,14189.05,14191.55,14169.0,14173.35,0
2024-09-02 13:15:00,14173.1,14185.7,14162.65,14183.85,0
2024-09-02 14:15:00,14183.75,14188.65,14142.85,14151.0,0
2024-09-02 15:15:00,14150.95,14151.95,14131.0,14146.8,0
2024-09-03 09:15:00,14157.05,14241.7,14153.9,14222.25,0
2024-09-03 10:15:00,14221.7,14238.85,14202.4,14225.05,0
2024-09-03 11:15:00,14224.7,14255.8,14220.05,14250.1,0
2024-09-03 12:15:00,14249.8,14263.65,14235.85,14246.6,0
2024-09-03 13:15:00,14247.0,14257.35,14243.35,14249.9,0
2024-09-03 14:15:00,14250.2,14258.5,14236.1,14240.2,0
2024-09-03 15:15:00,14240.7,14252.85,14227.45,14240.8,0
2024-09-04 09:15:00,14079.2,14175.2,14060.0,14164.5,0
2024-09-04 10:15:00,14164.45,14168.9,14101.75,14153.25,0
2024-09-04 11:15:00,14152.75,14154.25,14111.3,14138.2,0
2024-09-04 12:15:00,14136.95,14164.25,14135.6,14162.3,0
2024-09-04 13:15:00,14161.7,14171.4,14137.9,14147.2,0
2024-09-04 14:15:00,14147.25,14187.7,14130.75,14187.0,0
2024-09-04 15:15:00,14186.05,14191.4,14168.45,14179.95,0
2024-09-05 09:15:00,14229.7,14242.2,14164.6,14193.9,0
2024-09-05 10:15:00,14193.95,14203.9,14155.6,14176.8,0
2024-09-05 11:15:00,14176.8,14212.1,14157.6,14207.35,0
2024-09-05 12:15:00,14207.15,14211.6,14182.5,14200.6,0
2024-09-05 13:15:00,14200.4,14231.95,14198.85,14214.85,0
2024-09-05 14:15:00,14214.95,14218.8,14182.7,14189.2,0
2024-09-05 15:15:00,14189.25,14198.05,14174.15,14181.7,0
2024-09-06 09:15:00,14190.6,14200.35,14045.05,14103.05,0
2024-09-06 10:15:00,14103.25,14123.35,14065.15,14070.05,0
2024-09-06 11:15:00,14069.75,14137.15,14066.75,14119.55,0
2024-09-06 12:15:00,14119.3,14126.0,14047.1,14072.75,0
2024-09-06 13:15:00,14072.75,14092.7,14034.3,14052.25,0
2024-09-06 14:15:00,14052.1,14054.75,13957.65,13993.0,0
2024-09-06 15:15:00,13993.4,14019.1,13992.75,14007.7,0
2024-09-09 09:15:00,13954.55,13987.7,13918.15,13944.9,0
2024-09-09 10:15:00,13945.75,13997.05,13941.7,13971.1,0
2024-09-09 11:15:00,13971.0,13971.1,13936.45,13939.8,0
2024-09-09 12:15:00,13939.45,13947.3,13923.45,13935.0,0
2024-09-09 13:15:00,13935.3,13946.25,13924.05,13926.8,0
2024-09-09 14:15:00,13926.45,13948.0,13913.4,13947.85,0
2024-09-09 15:15:00,13948.05,13970.6,13946.65,13970.6,0
2024-09-10 09:15:00,14068.2,14113.7,14019.65,14038.15,0
2024-09-10 10:15:00,14038.2,14058.15,14013.2,14055.05,0
2024-09-10 11:15:00,14054.8,14076.65,14031.9,14056.0,0
2024-09-10 12:15:00,14055.6,14130.3,14049.65,14124.75,0
2024-09-10 13:15:00,14124.75,14152.75,14123.1,14131.5,0
2024-09-10 14:15:00,14131.35,14140.35,14088.15,14112.2,0
2024-09-10 15:15:00,14111.5,14119.85,14103.95,14111.0,0
2024-09-11 09:15:00,14150.05,14179.95,14091.0,14142.75,0
2024-09-11 10:15:00,14143.1,14194.65,14137.35,14190.9,0
2024-09-11 11:15:00,14190.85,14226.05,14183.1,14225.55,0
2024-09-11 12:15:00,14225.9,14236.25,14205.5,14212.85,0
2024-09-11 13:15:00,14213.15,14217.95,14119.45,14120.7,0
2024-09-11 14:15:00,14120.55,14144.25,14045.0,14066.5,0
2024-09-11 15:15:00,14065.65,14106.8,14061.7,14098.6,0
2024-09-12 09:15:00,14182.65,14244.25,14149.05,14177.8,0
2024-09-12 10:15:00,14177.8,14198.3,14162.35,14185.55,0
2024-09-12 11:15:00,14185.65,14198.7,14155.8,14194.05,0
2024-09-12 12:15:00,14194.05,14205.9,14186.2,14199.45,0
2024-09-12 13:15:00,14199.0,14218.45,14176.95,14211.0,0
2024-09-12 14:15:00,14211.0,14258.75,14210.35,14255.4,0
2024-09-12 15:15:00,14255.25,14257.0,14234.7,14243.65,0
2024-09-13 09:15:00,14303.8,14366.15,14284.1,14353.6,0
2024-09-13 10:15:00,14353.4,14375.5,14346.1,14364.8,0
2024-09-13 11:15:00,14364.8,14372.9,14336.2,14339.3,0
2024-09-13 12:15:00,14338.65,14368.55,14329.4,14367.65,0
2024-09-13 13:15:00,14367.9,14373.85,14338.4,14370.8,0
2024-09-13 14:15:00,14370.1,14410.0,14366.2,14374.8,0
2024-09-13 15:15:00,14374.5,14381.25,14360.3,14360.4,0
2024-09-16 09:15:00,14439.5,14468.6,14356.3,14393.4,0
2024-09-16 10:15:00,14392.8,14465.05,14383.45,14457.05,0
2024-09-16 11:15:00,14457.1,14463.85,14391.65,14400.55,0
2024-09-16 12:15:00,14399.75,14412.1,14387.55,14403.2,0
2024-09-16 13:15:00,14403.15,14406.8,14380.5,14391.75,0
2024-09-16 14:15:00,14391.25,14401.9,14360.75,14377.2,0
2024-09-16 15:15:00,14377.75,14383.1,14366.85,14373.3,0
2024-09-17 09:15:00,14387.6,14403.65,14331.95,14336.9,0
2024-09-17 10:15:00,14336.45,14360.15,14309.05,14357.25,0
2024-09-17 11:15:00,14357.25,14417.75,14356.95,14400.05,0
2024-09-17 12:15:00,14399.65,14411.75,14389.55,14405.25,0
2024-09-17 13:15:00,14404.45,14445.05,14392.95,14436.25,0
2024-09-17 14:15:00,14435.85,14443.6,14399.55,14410.5,0
2024-09-17 15:15:00,14409.0,14410.7,14392.85,14400.85,0
2024-09-18 09:15:00,14398.3,14401.45,14284.7,14299.7,0
2024-09-18 10:15:00,14299.7,14324.95,14262.4,14295.5,0
2024-09-18 11:15:00,14296.0,14327.75,14254.65,14315.0,0
2024-09-18 12:15:00,14314.2,14325.05,14228.35,14245.4,0
2024-09-18 13:15:00,14245.4,14260.7,14175.05,14218.4,0
2024-09-18 14:15:00,14219.2,14307.75,14200.55,14289.45,0
2024-09-18 15:15:00,14288.85,14297.75,14267.1,14276.5,0
2024-09-19 09:15:00,14377.35,14461.35,14203.4,14203.9,0
2024-09-19 10:15:00,14203.7,14231.3,14138.25,14147.3,0
2024-09-19 11:15:00,14147.1,14148.95,14010.15,14114.35,0
2024-09-19 12:15:00,14115.6,14202.1,14082.05,14082.05,0
2024-09-19 13:15:00,14082.1,14162.95,14068.4,14081.3,0
2024-09-19 14:15:00,14081.1,14259.15,14076.55,14258.4,0
2024-09-19 15:15:00,14258.75,14272.2,14251.1,14260.6,0
2024-09-20 09:15:00,14330.2,14332.95,14212.5,14267.4,0
2024-09-20 10:15:00,14266.65,14287.4,14238.0,14268.7,0
2024-09-20 11:15:00,14269.35,14290.85,14244.4,14288.3,0
2024-09-20 12:15:00,14286.95,14335.25,14278.7,14301.45,0
2024-09-20 13:15:00,14301.25,14310.8,14196.55,14275.8,0
2024-09-20 14:15:00,14275.95,14287.85,14224.65,14260.75,0
2024-09-20 15:15:00,14259.35,14293.55,14258.3,14277.5,0
2024-09-23 09:15:00,14310.4,14390.05,14279.2,14358.1,0
2024-09-23 10:15:00,14357.95,14378.75,14321.0,14338.95,0
2024-09-23 11:15:00,14338.9,14371.25,14336.45,14359.35,0
2024-09-23 12:15:00,14359.35,14399.65,14357.0,14392.85,0
2024-09-23 13:15:00,14393.0,14408.7,14382.7,14399.35,0
2024-09-23 14:15:00,14399.25,14405.4,14373.45,14393.35,0
2024-09-23 15:15:00,14393.0,14411.55,14389.45,14389.55,0
2024-09-24 09:15:00,14421.85,14435.55,14381.45,14413.55,0
2024-09-24 10:15:00,14413.5,14471.4,14410.15,14460.4,0
2024-09-24 11:15:00,14460.1,14475.6,14450.85,14464.4,0
2024-09-24 12:15:00,14464.6,14472.4,14435.2,14445.25,0
2024-09-24 13:15:00,14444.2,14479.2,14438.15,14475.65,0
2024-09-24 14:15:00,14476.05,14510.4,14470.65,14510.4,0
2024-09-24 15:15:00,14509.5,14521.9,14498.5,14510.1,0
2024-09-25 09:15:00,14511.75,14523.0,14445.55,14451.05,0
2024-09-25 10:15:00,14451.4,14475.5,14434.85,14466.35,0
2024-09-25 11:15:00,14466.2,14467.75,14415.1,14434.25,0
2024-09-25 12:15:00,14433.5,14445.55,14418.2,14435.4,0
2024-09-25 13:15:00,14435.1,14465.85,14425.6,14456.35,0
2024-09-25 14:15:00,14456.45,14516.6,14450.8,14513.95,0
2024-09-25 15:15:00,14514.45,14518.0,14495.45,14503.15,0
2024-09-26 09:15:00,14560.8,14563.75,14442.55,14468.15,0
2024-09-26 10:15:00,14468.25,14495.0,14462.55,14474.45,0
2024-09-26 11:15:00,14475.1,14475.5,14435.05,14435.6,0
2024-09-26 12:15:00,14435.7,14446.45,14409.8,14414.05,0
2024-09-26 13:15:00,14413.6,14430.15,14393.85,14420.1,0
2024-09-26 14:15:00,14420.3,14522.35,14416.45,14513.4,0
2024-09-26 15:15:00,14513.95,14538.7,14504.7,14519.05,0
2024-09-27 09:15:00,14535.25,14591.7,14509.95,14575.15,0
2024-09-27 10:15:00,14574.9,14615.05,14561.2,14583.55,0
2024-09-27 11:15:00,14584.15,14588.85,14550.3,14562.15,0
2024-09-27 12:15:00,14561.65,14574.2,14534.75,14539.05,0
2024-09-27 13:15:00,14538.55,14585.75,14520.7,14551.8,0
2024-09-27 14:15:00,14552.05,14580.45,14510.6,14525.5,0
2024-09-27 15:15:00,14525.35,14543.55,14519.95,14536.2,0
2024-09-30 09:15:00,14478.8,14512.85,14337.85,14447.2,0
2024-09-30 10:15:00,14447.3,14448.25,14372.25,14401.75,0
2024-09-30 11:15:00,14402.8,14420.7,14390.4,14406.85,0
2024-09-30 12:15:00,14407.05,14422.95,14380.55,14393.4,0
2024-09-30 13:15:00,14393.3,14412.1,14362.4,14364.2,0
2024-09-30 14:15:00,14363.9,14385.0,14330.1,14358.75,0
2024-09-30 15:15:00,14358.45,14383.55,14352.35,14369.15,0
2024-10-01 09:15:00,14397.95,14472.6,14374.7,14438.4,0
2024-10-01 10:15:00,14439.0,14445.2,14347.05,14398.8,0
2024-10-01 11:15:00,14400.0,14473.7,14395.35,14421.3,0
2024-10-01 12:15:00,14420.95,14484.45,14420.05,14477.4,0
2024-10-01 13:15:00,14477.0,14496.35,14459.7,14463.1,0
2024-10-01 14:15:00,14463.05,14492.4,14454.85,14469.45,0
2024-10-01 15:15:00,14470.2,14493.0,14465.1,14486.2,0
2024-10-03 09:15:00,14285.7,14416.7,14278.5,14349.05,0
2024-10-03 10:15:00,14349.85,14367.35,14321.25,14331.3,0
2024-10-03 11:15:00,14330.7,14331.5,14193.8,14204.35,0
2024-10-03 12:15:00,14204.85,14234.05,14158.35,14166.65,0
2024-10-03 13:15:00,14166.55,14167.0,14035.5,14086.9,0
2024-10-03 14:15:00,14087.05,14145.3,14058.9,14133.1,0
2024-10-03 15:15:00,14133.45,14138.2,14096.55,14120.15,0
2024-10-04 09:15:00,14122.35,14233.65,13938.5,14153.8,0
2024-10-04 10:15:00,14153.95,14201.85,14107.6,14174.15,0
2024-10-04 11:15:00,14173.2,14192.7,14119.25,14191.4,0
2024-10-04 12:15:00,14191.75,14191.75,14060.05,14068.9,0
2024-10-04 13:15:00,14067.9,14070.85,13977.2,14016.8,0
2024-10-04 14:15:00,14017.55,14019.9,13921.75,13957.35,0
2024-10-04 15:15:00,13956.55,13986.95,13955.45,13986.15,0
2024-10-07 09:15:00,14001.5,14089.7,13897.9,13931.35,0
2024-10-07 10:15:00,13930.65,13938.35,13629.55,13734.75,0
2024-10-07 11:15:00,13734.25,13941.0,13734.25,13793.5,0
2024-10-07 12:15:00,13794.15,13842.5,13698.75,13756.5,0
2024-10-07 13:15:00,13756.95,13800.35,13711.25,13740.55,0
2024-10-07 14:15:00,13740.25,13789.75,13700.7,13760.3,0
2024-10-07 15:15:00,13760.65,13778.5,13747.0,13757.5,0
2024-10-08 09:15:00,13747.35,13929.85,13714.2,13894.2,0
2024-10-08 10:15:00,13897.5,14034.4,13896.55,14031.35,0
2024-10-08 11:15:00,14030.6,14066.9,13990.0,14028.2,0
2024-10-08 12:15:00,14028.1,14071.9,13999.4,14064.35,0
2024-10-08 13:15:00,14063.65,14116.55,14041.85,14110.95,0
2024-10-08 14:15:00,14111.0,14132.95,14032.4,14124.1,0
2024-10-08 15:15:00,14124.05,14153.65,14123.9,14151.05,0
2024-10-09 09:15:00,14172.45,14265.05,14150.0,14247.2,0
2024-10-09 10:15:00,14247.35,14314.55,14217.65,14312.4,0
2024-10-09 11:15:00,14312.05,14331.45,14234.6,14286.95,0
2024-10-09 12:15:00,14286.45,14331.15,14268.35,14316.65,0
2024-10-09 13:15:00,14316.15,14360.05,14287.5,14355.05,0
2024-10-09 14:15:00,14354.85,14355.95,14289.6,14293.2,0
2024-10-09 15:15:00,14293.35,14320.25,14284.7,14304.85,0
2024-10-10 09:15:00,14368.8,14451.0,14360.6,14436.8,0
2024-10-10 10:15:00,14436.8,14451.05,14359.9,14363.35,0
2024-10-10 11:15:00,14362.95,14395.95,14340.6,14377.35,0
2024-10-10 12:15:00,14377.35,14379.25,14255.85,14291.6,0
2024-10-10 13:15:00,14291.7,14297.35,14213.35,14231.1,0
2024-10-10 14:15:00,14231.3,14304.1,14230.1,14299.5,0
2024-10-10 15:15:00,14299.2,14305.0,14283.0,14298.9,0
2024-10-11 09:15:00,14289.0,14316.05,14235.15,14296.05,0
2024-10-11 10:15:00,14296.55,14298.85,14259.6,14272.05,0
2024-10-11 11:15:00,14272.3,14275.9,14205.95,14248.8,0
2024-10-11 12:15:00,14249.3,14322.1,14248.4,14312.5,0
2024-10-11 13:15:00,14312.45,14328.4,14299.8,14309.35,0
2024-10-11 14:15:00,14309.65,14383.45,14299.55,14382.05,0
2024-10-11 15:15:00,14382.65,14386.85,14358.3,14365.7,0
2024-10-14 09:15:00,14393.55,14468.05,14353.0,14374.05,0
2024-10-14 10:15:00,14372.45,14433.35,14347.5,14373.9,0
2024-10-14 11:15:00,14375.2,14412.55,14362.3,14385.7,0
2024-10-14 12:15:00,14386.65,14412.6,14379.45,14398.3,0
2024-10-14 13:15:00,14398.9,14568.75,14382.1,14533.0,0
2024-10-14 14:15:00,14534.7,14553.6,14512.25,14535.7,0
2024-10-14 15:15:00,14536.0,14547.15,14527.0,14542.2,0
2024-10-15 09:15:00,14595.6,14605.6,14512.75,14514.55,0
2024-10-15 10:15:00,14514.55,14570.85,14485.05,14543.25,0
2024-10-15 11:15:00,14543.6,14554.25,14523.3,14535.7,0
2024-10-15 12:15:00,14535.85,14551.85,14494.8,14502.5,0
2024-10-15 13:15:00,14502.6,14538.95,14495.9,14530.45,0
2024-10-15 14:15:00,14530.0,14590.5,14506.45,14580.7,0
2024-10-15 15:15:00,14581.2,14588.35,14565.05,14568.65,0
2024-10-16 09:15:00,14567.1,14629.15,14550.75,14617.9,0
2024-10-16 10:15:00,14617.35,14643.5,14583.3,14584.25,0
2024-10-16 11:15:00,14584.4,14585.2,14523.35,14565.65,0
2024-10-16 12:15:00,14565.9,14582.05,14544.15,14580.8,0
2024-10-16 13:15:00,14581.1,14587.9,14551.25,14587.1,0
2024-10-16 14:15:00,14586.95,14606.25,14547.9,14561.65,0
2024-10-16 15:15:00,14561.3,14562.25,14535.35,14547.1,0
2024-10-17 09:15:00,14570.95,14572.95,14322.7,14372.4,0
2024-10-17 10:15:00,14372.1,14445.45,14336.05,14366.35,0
2024-10-17 11:15:00,14366.35,14421.55,14352.55,14394.7,0
2024-10-17 12:15:00,14394.95,14429.8,14378.75,14408.35,0
2024-10-17 13:15:00,14408.35,14414.15,14321.7,14330.05,0
2024-10-17 14:15:00,14329.6,14374.85,14328.2,14356.95,0
2024-10-17 15:15:00,14356.9,14360.65,14321.4,14333.4,0
2024-10-18 09:15:00,14268.4,14312.7,14125.75,14269.4,0
2024-10-18 10:15:00,14269.4,14346.0,14262.0,14304.35,0
2024-10-18 11:15:00,14306.05,14396.9,14268.9,14370.8,0
2024-10-18 12:15:00,14370.8,14402.25,14343.6,14347.85,0
2024-10-18 13:15:00,14348.6,14417.05,14345.75,14410.05,0
2024-10-18 14:15:00,14410.25,14427.05,14383.35,14393.6,0
2024-10-18 15:15:00,14392.8,14413.7,14389.05,14394.6,0
2024-10-21 09:15:00,14428.25,14524.4,14334.2,14451.25,0
2024-10-21 10:15:00,14453.75,14489.1,14386.7,14453.95,0
2024-10-21 11:15:00,14453.45,14517.85,14392.25,14392.25,0
2024-10-21 12:15:00,14391.65,14451.25,14237.8,14272.1,0
2024-10-21 13:15:00,14271.9,14306.0,14144.1,14149.0,0
2024-10-21 14:15:00,14149.15,14195.6,14057.3,14080.0,0
2024-10-21 15:15:00,14079.15,14105.6,14066.45,14078.15,0
2024-10-22 09:15:00,14109.15,14150.05,14012.5,14012.5,0
2024-10-22 10:15:00,14012.1,14034.9,13929.4,13994.45,0
2024-10-22 11:15:00,13995.1,14000.25,13922.95,13924.1,0
2024-10-22 12:15:00,13924.4,13967.9,13855.65,13879.65,0
2024-10-22 13:15:00,13880.25,13918.4,13844.8,13895.0,0
2024-10-22 14:15:00,13895.4,13900.5,13735.8,13735.8,0
2024-10-22 15:15:00,13737.45,13789.05,13736.75,13788.15,0
2024-10-23 09:15:00,13793.8,13943.9,13704.75,13903.5,0
2024-10-23 10:15:00,13903.25,13967.05,13842.1,13930.4,0
2024-10-23 11:15:00,13930.15,13947.35,13868.15,13880.8,0
2024-10-23 12:15:00,13881.4,13968.9,13858.45,13932.5,0
2024-10-23 13:15:00,13933.25,13970.2,13917.7,13923.2,0
2024-10-23 14:15:00,13923.05,13930.35,13815.25,13823.65,0
2024-10-23 15:15:00,13823.6,13826.7,13797.2,13819.5,0
2024-10-24 09:15:00,13830.4,13894.8,13728.2,13860.75,0
2024-10-24 10:15:00,13860.6,13901.3,13835.85,13842.7,0
2024-10-24 11:15:00,13842.95,13856.4,13800.1,13802.4,0
2024-10-24 12:15:00,13802.8,13856.55,13785.1,13823.1,0
2024-10-24 13:15:00,13823.7,13846.95,13807.35,13817.7,0
2024-10-24 14:15:00,13816.6,13852.55,13785.75,13836.8,0
2024-10-24 15:15:00,13836.6,13844.75,13820.1,13841.85,0
2024-10-25 09:15:00,13948.15,13949.45,13563.95,13566.15,0
2024-10-25 10:15:00,13565.2,13650.55,13443.1,13514.5,0
2024-10-25 11:15:00,13514.85,13594.1,13487.45,13577.2,0
2024-10-25 12:15:00,13577.55,13622.1,13552.05,13596.75,0
2024-10-25 13:15:00,13599.2,13599.5,13507.35,13514.7,0
2024-10-25 14:15:00,13515.05,13628.3,13483.25,13614.85,0
2024-10-25 15:15:00,13614.4,13665.15,13610.05,13634.35,0
2024-10-28 09:15:00,13586.85,13701.8,13563.35,13654.2,0
2024-10-28 10:15:00,13654.2,13702.1,13641.6,13683.95,0
2024-10-28 11:15:00,13684.15,13692.55,13645.65,13690.75,0
2024-10-28 12:15:00,13691.1,13711.5,13680.2,13702.8,0
2024-10-28 13:15:00,13704.95,13733.4,13694.6,13709.15,0
2024-10-28 14:15:00,13709.15,13716.95,13672.6,13692.6,0
2024-10-28 15:15:00,13693.45,13706.1,13672.3,13682.55,0
2024-10-29 09:15:00,13757.65,13759.4,13645.35,13696.7,0
2024-10-29 10:15:00,13695.35,13697.1,13618.15,13652.55,0
2024-10-29 11:15:00,13652.15,13763.15,13636.45,13760.55,0
2024-10-29 12:15:00,13760.85,13798.0,13735.6,13792.3,0
2024-10-29 13:15:00,13792.25,13835.5,13736.85,13824.85,0
2024-10-29 14:15:00,13824.3,13881.8,13808.2,13861.3,0
2024-10-29 15:15:00,13861.15,13880.3,13854.25,13861.95,0
2024-10-30 09:15:00,13855.5,13899.05,13777.1,13898.3,0
2024-10-30 10:15:00,13898.35,13931.25,13864.1,13913.0,0
2024-10-30 11:15:00,13912.2,13922.05,13893.15,13910.6,0
2024-10-30 12:15:00,13910.6,13940.45,13905.3,13910.0,0
2024-10-30 13:15:00,13910.05,13910.85,13820.4,13823.55,0
2024-10-30 14:15:00,13824.0,13851.85,13811.1,13825.25,0
2024-10-30 15:15:00,13825.85,13827.3,13804.15,13815.45,0
2024-10-31 09:15:00,13833.35,13861.45,13712.05,13768.9,0
2024-10-31 10:15:00,13768.25,13777.35,13741.4,13756.5,0
2024-10-31 11:15:00,13756.7,13763.75,13696.1,13703.7,0
2024-10-31 12:15:00,13703.9,13707.7,13596.4,13636.35,0
2024-10-31 13:15:00,13635.2,13665.35,13599.7,13631.75,0
2024-10-31 14:15:00,13631.8,13704.05,13612.85,13702.6,0
2024-10-31 15:15:00,13703.1,13717.8,13688.6,13702.65,0
2024-11-01 18:00:00,13781.4,13826.85,13751.25,13783.3,0
2024-11-04 09:15:00,13808.2,13810.2,13655.65,13677.85,0
2024-11-04 10:15:00,13676.95,13682.15,13620.55,13640.9,0
2024-11-04 11:15:00,13640.95,13659.6,13626.45,13647.35,0
2024-11-04 12:15:00,13646.3,13687.05,13643.25,13683.1,0
2024-11-04 13:15:00,13682.9,13703.95,13669.4,13695.5,0
2024-11-04 14:15:00,13696.1,13700.25,13676.95,13690.05,0
2024-11-04 15:15:00,13689.05,13693.25,13653.0,13667.35,0
2024-11-05 09:15:00,13681.65,13746.15,13598.7,13599.8,0
2024-11-05 10:15:00,13599.1,13622.9,13541.7,13578.55,0
2024-11-05 11:15:00,13577.55,13589.1,13471.65,13488.45,0
2024-11-05 12:15:00,13488.8,13549.0,13461.2,13525.4,0
2024-11-05 13:15:00,13525.6,13718.95,13520.85,13708.8,0
2024-11-05 14:15:00,13708.65,13786.4,13706.05,13767.05,0
2024-11-05 15:15:00,13767.6,13785.1,13740.95,13752.9,0
2024-11-06 09:15:00,13806.05,14021.65,13806.05,14007.1,0
2024-11-06 10:15:00,14010.15,14034.6,13943.8,14001.15,0
2024-11-06 11:15:00,14001.65,14079.65,13991.2,14059.1,0
2024-11-06 12:15:00,14058.75,14097.6,14007.8,14073.75,0
2024-11-06 13:15:00,14073.85,14090.4,14058.3,14083.35,0
2024-11-06 14:15:00,14083.3,14104.55,14061.9,14101.6,0
2024-11-06 15:15:00,14102.65,14134.9,14101.45,14121.75,0
2024-11-07 09:15:00,14182.45,14191.45,14020.5,14043.45,0
2024-11-07 10:15:00,14044.15,14085.55,14002.25,14051.3,0
2024-11-07 11:15:00,14051.3,14067.95,14017.0,14027.35,0
2024-11-07 12:15:00,14027.85,14083.8,14017.2,14058.35,0
2024-11-07 13:15:00,14059.0,14060.45,14011.05,14042.55,0
2024-11-07 14:15:00,14042.6,14048.75,14007.85,14009.75,0
2024-11-07 15:15:00,14009.3,14012.25,13991.55,14000.3,0
2024-11-08 09:15:00,14106.85,14119.45,13950.9,14044.75,0
2024-11-08 10:15:00,14042.65,14081.75,13966.7,13994.1,0
2024-11-08 11:15:00,13993.7,14002.65,13922.2,13942.6,0
2024-11-08 12:15:00,13942.6,14067.9,13941.8,14056.3,0
2024-11-08 13:15:00,14055.7,14073.75,14013.0,14015.45,0
2024-11-08 14:15:00,14015.2,14050.9,13993.05,13997.05,0
2024-11-08 15:15:00,13998.15,14001.0,13952.5,13958.15,0
2024-11-11 09:15:00,14003.6,14005.75,13887.5,13898.8,0
2024-11-11 10:15:00,13897.3,13982.4,13865.45,13974.35,0
2024-11-11 11:15:00,13972.85,13981.3,13948.4,13957.65,0
2024-11-11 12:15:00,13958.2,13963.25,13910.15,13923.8,0
2024-11-11 13:15:00,13924.15,13927.5,13896.55,13906.7,0
2024-11-11 14:15:00,13905.05,13919.65,13875.5,13886.4,0
2024-11-11 15:15:00,13885.0,13896.8,13858.5,13871.45,0
2024-11-12 09:15:00,13932.8,13995.25,13916.05,13941.55,0
2024-11-12 10:15:00,13941.75,13966.0,13887.8,13903.3,0
2024-11-12 11:15:00,13902.8,13932.1,13891.6,13906.25,0
2024-11-12 12:15:00,13906.5,13921.6,13798.0,13800.6,0
2024-11-12 13:15:00,13800.7,13803.15,13739.15,13776.2,0
2024-11-12 14:15:00,13776.4,13824.5,13715.35,13717.25,0
2024-11-12 15:15:00,13717.15,13726.55,13677.9,13690.95,0
2024-11-13 09:15:00,13685.25,13696.75,13464.25,13483.75,0
2024-11-13 10:15:00,13483.3,13561.55,13469.75,13494.55,0
2024-11-13 11:15:00,13494.65,13498.2,13439.05,13444.85,0
2024-11-13 12:15:00,13445.35,13488.15,13417.65,13466.9,0
2024-11-13 13:15:00,13466.85,13513.75,13430.7,13447.85,0
2024-11-13 14:15:00,13448.05,13448.5,13327.3,13364.95,0
2024-11-13 15:15:00,13364.95,13452.2,13364.55,13443.8,0
2024-11-14 09:15:00,13407.95,13523.6,13379.65,13505.65,0
2024-11-14 10:15:00,13505.8,13544.0,13412.65,13419.65,0
2024-11-14 11:15:00,13419.65,13496.0,13413.55,13489.75,0
2024-11-14 12:15:00,13489.5,13504.45,13431.45,13500.15,0
2024-11-14 13:15:00,13499.85,13535.85,13441.65,13458.95,0
2024-11-14 14:15:00,13459.15,13469.15,13418.65,13453.95,0
2024-11-14 15:15:00,13453.85,13476.95,13451.15,13464.15,0
2024-11-18 09:15:00,13474.3,13479.3,13371.95,13427.95,0
2024-11-18 10:15:00,13428.95,13465.55,13415.35,13455.25,0
2024-11-18 11:15:00,13456.15,13508.7,13450.15,13504.5,0
2024-11-18 12:15:00,13505.45,13529.95,13498.45,13528.6,0
2024-11-18 13:15:00,13528.6,13535.65,13508.75,13509.3,0
2024-11-18 14:15:00,13509.35,13524.3,13487.5,13506.2,0
2024-11-18 15:15:00,13506.45,13525.75,13493.05,13504.5,0
2024-11-19 09:15:00,13548.7,13754.25,13547.7,13738.45,0
2024-11-19 10:15:00,13738.6,13768.4,13730.75,13750.35,0
2024-11-19 11:15:00,13750.0,13774.75,13743.85,13762.65,0
2024-11-19 12:15:00,13762.35,13792.0,13750.0,13788.45,0
2024-11-19 13:15:00,13788.6,13818.6,13772.9,13777.15,0
2024-11-19 14:15:00,13776.45,13786.0,13620.6,13621.35,0
2024-11-19 15:15:00,13621.1,13631.4,13589.95,13591.0,0
2024-11-21 09:15:00,13657.8,13657.8,13506.0,13571.65,0
2024-11-21 10:15:00,13571.7,13686.8,13560.2,13679.0,0
2024-11-21 11:15:00,13678.85,13766.3,13678.2,13737.1,0
2024-11-21 12:15:00,13737.5,13780.6,13648.35,13705.0,0
2024-11-21 13:15:00,13705.0,13747.45,13693.9,13698.55,0
2024-11-21 14:15:00,13698.25,13725.55,13650.65,13682.35,0
2024-11-21 15:15:00,13682.3,13693.35,13669.2,13681.0,0
2024-11-22 09:15:00,13717.8,13808.5,13687.25,13774.75,0
2024-11-22 10:15:00,13775.9,13790.15,13732.65,13765.7,0
2024-11-22 11:15:00,13766.1,13815.3,13748.0,13804.9,0
2024-11-22 12:15:00,13805.3,13848.05,13792.8,13842.5,0
2024-11-22 13:15:00,13843.65,13903.8,13830.5,13895.45,0
2024-11-22 14:15:00,13895.75,13909.3,13865.15,13874.3,0
2024-11-22 15:15:00,13873.9,13894.45,13862.7,13879.25,0
2024-11-25 09:15:00,14101.95,14154.35,14048.55,14128.5,0
2024-11-25 10:15:00,14128.85,14178.15,14125.0,14169.2,0
2024-11-25 11:15:00,14169.9,14185.65,14158.7,14168.2,0
2024-11-25 12:15:00,14167.4,14172.85,14134.6,14160.45,0
2024-11-25 13:15:00,14160.5,14175.25,14145.7,14170.15,0
2024-11-25 14:15:00,14169.85,14192.25,14141.0,14191.45,0
2024-11-25 15:15:00,14191.2,14193.15,14162.15,14184.3,0
2024-11-26 09:15:00,14236.1,14253.15,14109.95,14144.45,0
2024-11-26 10:15:00,14144.7,14173.3,14106.5,14154.8,0
2024-11-26 11:15:00,14154.7,14174.8,14140.95,14149.2,0
2024-11-26 12:15:00,14149.15,14157.5,14125.5,14134.9,0
2024-11-26 13:15:00,14134.75,14145.5,14106.35,14119.1,0
2024-11-26 14:15:00,14118.65,14132.1,14086.2,14093.75,0
2024-11-26 15:15:00,14093.4,14095.3,14076.2,14084.15,0
2024-11-27 09:15:00,14121.35,14134.4,14022.3,14075.6,0
2024-11-27 10:15:00,14075.45,14081.75,14039.25,14051.3,0
2024-11-27 11:15:00,14051.3,14070.7,14039.0,14069.1,0
2024-11-27 12:15:00,14069.45,14105.95,14069.1,14099.05,0
2024-11-27 13:15:00,14098.95,14116.75,14083.1,14085.5,0
2024-11-27 14:15:00,14085.2,14101.9,14074.2,14085.35,0
2024-11-27 15:15:00,14085.55,14091.3,14078.2,14088.5,0
2024-11-28 09:15:00,14090.8,14171.35,14058.4,14139.95,0
2024-11-28 10:15:00,14141.15,14179.35,14045.05,14060.4,0
2024-11-28 11:15:00,14060.4,14090.85,14022.1,14056.5,0
2024-11-28 12:15:00,14056.7,14058.75,14001.65,14012.8,0
2024-11-28 13:15:00,14012.75,14072.55,14004.05,14029.35,0
2024-11-28 14:15:00,14029.95,14063.05,13992.95,14022.1,0
2024-11-28 15:15:00,14021.55,14060.25,14013.5,14060.25,0
2024-11-29 09:15:00,14053.25,14136.05,14025.05,14063.05,0
2024-11-29 10:15:00,14063.4,14118.95,14054.25,14118.95,0
2024-11-29 11:15:00,14118.15,14138.65,14064.65,14089.85,0
2024-11-29 12:15:00,14089.5,14115.0,14078.55,14109.0,0
2024-11-29 13:15:00,14109.1,14177.55,14104.8,14148.95,0
2024-11-29 14:15:00,14149.35,14167.1,14116.0,14116.4,0
2024-11-29 15:15:00,14116.4,14135.45,14116.4,14126.25,0
2024-12-02 09:15:00,14152.2,14230.7,14096.75,14195.35,0
2024-12-02 10:15:00,14194.9,14221.7,14174.25,14183.45,0
2024-12-02 11:15:00,14184.05,14240.75,14180.6,14228.95,0
2024-12-02 12:15:00,14228.55,14266.9,14227.65,14251.85,0
2024-12-02 13:15:00,14250.75,14258.05,14223.65,14224.1,0
2024-12-02 14:15:00,14224.1,14268.5,14224.1,14268.5,0
2024-12-02 15:15:00,14267.25,14271.8,14257.85,14268.85,0
2024-12-03 09:15:00,14357.25,14363.55,14289.05,14312.25,0
2024-12-03 10:15:00,14312.1,14340.4,14310.25,14320.85,0
2024-12-03 11:15:00,14320.2,14332.6,14304.9,14323.75,0
2024-12-03 12:15:00,14324.05,14340.85,14310.2,14331.95,0
2024-12-03 13:15:00,14332.1,14364.85,14329.95,14357.2,0
2024-12-03 14:15:00,14356.8,14408.95,14356.25,14404.5,0
2024-12-03 15:15:00,14404.5,14410.25,14390.85,14398.0,0
2024-12-04 09:15:00,14443.55,14480.25,14419.15,14460.35,0
2024-12-04 10:15:00,14459.3,14486.25,14440.6,14484.5,0
2024-12-04 11:15:00,14483.75,14506.65,14388.55,14460.7,0
2024-12-04 12:15:00,14460.8,14485.05,14453.15,14475.4,0
2024-12-04 13:15:00,14475.45,14524.85,14474.15,14520.0,0
2024-12-04 14:15:00,14520.5,14557.25,14496.7,14546.5,0
2024-12-04 15:15:00,14547.2,14564.95,14544.1,14555.05,0
2024-12-05 09:15:00,14686.45,14686.45,14532.25,14539.95,0
2024-12-05 10:15:00,14539.45,14562.7,14481.3,14483.25,0
2024-12-05 11:15:00,14483.05,14533.85,14459.45,14528.35,0
2024-12-05 12:15:00,14528.8,14548.15,14513.9,14533.55,0
2024-12-05 13:15:00,14534.2,14547.5,14518.75,14537.95,0
2024-12-05 14:15:00,14537.5,14566.6,14493.55,14554.4,0
2024-12-05 15:15:00,14554.7,14560.3,14540.25,14545.9,0
2024-12-06 09:15:00,14592.9,14598.15,14510.0,14543.3,0
2024-12-06 10:15:00,14543.6,14606.0,14526.85,14578.6,0
2024-12-06 11:15:00,14578.3,14594.45,14555.6,14580.55,0
2024-12-06 12:15:00,14579.2,14597.2,14570.75,14586.65,0
2024-12-06 13:15:00,14585.75,14599.2,14576.1,14591.3,0
2024-12-06 14:15:00,14590.25,14598.25,14564.65,14576.75,0
2024-12-06 15:15:00,14576.75,14583.1,14558.55,14567.75,0
2024-12-09 09:15:00,14578.7,14650.75,14551.95,14586.5,0
2024-12-09 10:15:00,14587.2,14639.15,14585.4,14632.7,0
2024-12-09 11:15:00,14632.55,14646.8,14625.65,14637.95,0
2024-12-09 12:15:00,14637.6,14648.2,14603.75,14617.8,0
2024-12-09 13:15:00,14617.7,14619.85,14579.0,14581.05,0
2024-12-09 14:15:00,14580.95,14619.45,14573.45,14589.8,0
2024-12-09 15:15:00,14589.6,14607.8,14587.65,14595.85,0
2024-12-10 09:15:00,14611.85,14632.0,14569.4,14591.35,0
2024-12-10 10:15:00,14591.7,14630.0,14588.9,14619.85,0
2024-12-10 11:15:00,14619.4,14655.65,14617.75,14645.5,0
2024-12-10 12:15:00,14645.05,14645.05,14588.95,14615.7,0
2024-12-10 13:15:00,14616.2,14632.1,14597.85,14626.85,0
2024-12-10 14:15:00,14626.85,14686.95,14617.25,14668.35,0
2024-12-10 15:15:00,14668.5,14676.1,14664.25,14673.4,0
2024-12-11 09:15:00,14674.9,14708.15,14657.6,14680.1,0
2024-12-11 10:15:00,14680.55,14742.35,14678.3,14739.7,0
2024-12-11 11:15:00,14739.3,14756.9,14728.55,14739.35,0
2024-12-11 12:15:00,14739.35,14749.0,14726.8,14731.9,0
2024-12-11 13:15:00,14732.3,14747.6,14724.95,14726.6,0
2024-12-11 14:15:00,14726.8,14734.9,14703.7,14734.3,0
2024-12-11 15:15:00,14734.4,14738.8,14721.35,14731.75,0
2024-12-12 09:15:00,14748.05,14766.35,14720.95,14736.4,0
2024-12-12 10:15:00,14735.35,14747.2,14674.95,14696.15,0
2024-12-12 11:15:00,14695.6,14700.9,14653.4,14656.8,0
2024-12-12 12:15:00,14656.9,14660.35,14627.55,14658.9,0
2024-12-12 13:15:00,14658.7,14668.35,14642.95,14658.75,0
2024-12-12 14:15:00,14658.8,14669.55,14631.6,14653.95,0
2024-12-12 15:15:00,14653.65,14658.75,14638.5,14639.9,0
2024-12-13 09:15:00,14618.9,14636.45,14474.45,14475.85,0
2024-12-13 10:15:00,14475.85,14493.1,14384.8,14470.45,0
2024-12-13 11:15:00,14470.35,14579.1,14451.9,14573.2,0
2024-12-13 12:15:00,14575.7,14647.9,14556.95,14632.85,0
2024-12-13 13:15:00,14633.75,14663.1,14618.8,14647.6,0
2024-12-13 14:15:00,14647.6,14728.2,14644.7,14723.0,0
2024-12-13 15:15:00,14722.15,14733.8,14719.1,14726.8,0
2024-12-16 09:15:00,14785.05,14826.55,14754.15,14810.2,0
2024-12-16 10:15:00,14810.7,14830.75,14792.4,14797.15,0
2024-12-16 11:15:00,14797.2,14829.55,14791.0,14827.15,0
2024-12-16 12:15:00,14827.55,14862.75,14820.75,14858.8,0
2024-12-16 13:15:00,14859.2,14887.85,14852.9,14877.6,0
2024-12-16 14:15:00,14877.7,14909.4,14866.55,14892.4,0
2024-12-16 15:15:00,14892.7,14898.7,14875.75,14875.75,0
2024-12-17 09:15:00,14905.65,14941.65,14868.6,14906.6,0
2024-12-17 10:15:00,14906.25,14906.25,14828.65,14867.3,0
2024-12-17 11:15:00,14867.5,14878.45,14814.4,14827.7,0
2024-12-17 12:15:00,14827.85,14864.55,14811.1,14836.75,0
2024-12-17 13:15:00,14836.85,14841.95,14761.65,14767.7,0
2024-12-17 14:15:00,14767.9,14797.9,14739.95,14767.8,0
2024-12-17 15:15:00,14767.95,14773.15,14733.65,14737.6,0
2024-12-18 09:15:00,14759.3,14787.15,14688.95,14699.75,0
2024-12-18 10:15:00,14700.45,14772.4,14697.25,14748.6,0
2024-12-18 11:15:00,14747.75,14775.35,14708.95,14711.65,0
2024-12-18 12:15:00,14711.75,14726.9,14649.05,14706.9,0
2024-12-18 13:15:00,14706.45,14718.35,14669.75,14697.25,0
2024-12-18 14:15:00,14697.25,14706.65,14666.0,14691.85,0
2024-12-18 15:15:00,14692.75,14703.55,14679.0,14684.95,0
2024-12-19 09:15:00,14446.8,14624.3,14420.3,14564.15,0
2024-12-19 10:15:00,14564.45,14616.95,14541.85,14593.9,0
2024-12-19 11:15:00,14594.0,14665.0,14592.35,14651.5,0
2024-12-19 12:15:00,14651.1,14655.7,14630.5,14645.7,0
2024-12-19 13:15:00,14646.15,14651.35,14613.0,14649.85,0
2024-12-19 14:15:00,14650.25,14686.95,14635.35,14673.0,0
2024-12-19 15:15:00,14672.95,14680.0,14658.6,14673.25,0
2024-12-20 09:15:00,14699.9,14715.7,14589.6,14602.55,0
2024-12-20 10:15:00,14601.1,14659.75,14580.6,14633.85,0
2024-12-20 11:15:00,14633.7,14636.7,14548.45,14548.45,0
2024-12-20 12:15:00,14548.55,14552.15,14420.65,14424.25,0
2024-12-20 13:15:00,14424.25,14439.35,14330.75,14340.0,0
2024-12-20 14:15:00,14339.05,14379.0,14231.8,14232.6,0
2024-12-20 15:15:00,14233.8,14280.25,14231.5,14272.8,0
2024-12-23 09:15:00,14340.15,14377.1,14233.7,14311.5,0
2024-12-23 10:15:00,14312.75,14399.4,14299.6,14392.25,0
2024-12-23 11:15:00,14391.9,14462.35,14391.5,14419.85,0
2024-12-23 12:15:00,14419.2,14435.65,14335.65,14338.1,0
2024-12-23 13:15:00,14338.0,14365.1,14315.9,14336.55,0
2024-12-23 14:15:00,14337.2,14374.3,14332.3,14347.4,0
2024-12-23 15:15:00,14347.3,14348.55,14331.5,14334.05,0
2024-12-24 09:15:00,14367.25,14378.45,14248.7,14332.2,0
2024-12-24 10:15:00,14332.65,14376.9,14331.8,14358.2,0
2024-12-24 11:15:00,14357.25,14421.5,14355.5,14396.05,0
2024-12-24 12:15:00,14396.15,14396.15,14342.9,14352.2,0
2024-12-24 13:15:00,14352.45,14365.0,14312.9,14337.3,0
2024-12-24 14:15:00,14337.3,14338.8,14296.75,14331.15,0
2024-12-24 15:15:00,14331.2,14354.7,14324.35,14338.45,0
2024-12-26 09:15:00,14385.05,14399.2,14260.7,14270.65,0
2024-12-26 10:15:00,14270.5,14281.45,14230.65,14266.75,0
2024-12-26 11:15:00,14267.0,14286.45,14242.5,14249.7,0
2024-12-26 12:15:00,14249.75,14294.8,14246.25,14293.8,0
2024-12-26 13:15:00,14293.45,14345.95,14270.4,14343.4,0
2024-12-26 14:15:00,14342.7,14372.25,14321.3,14371.05,0
2024-12-26 15:15:00,14371.45,14386.25,14356.35,14364.25,0
2024-12-27 09:15:00,14391.35,14468.55,14390.35,14440.9,0
2024-12-27 10:15:00,14440.05,14443.8,14368.15,14392.3,0
2024-12-27 11:15:00,14392.6,14398.45,14346.5,14351.95,0
2024-12-27 12:15:00,14351.95,14375.25,14343.4,14368.0,0
2024-12-27 13:15:00,14368.45,14428.25,14358.75,14419.25,0
2024-12-27 14:15:00,14419.65,14430.8,14343.2,14357.3,0
2024-12-27 15:15:00,14357.45,14367.9,14349.9,14360.15,0
2024-12-30 09:15:00,14368.8,14427.55,14316.1,14420.4,0
2024-12-30 10:15:00,14420.3,14475.4,14397.25,14454.4,0
2024-12-30 11:15:00,14454.0,14493.9,14437.45,14478.8,0
2024-12-30 12:15:00,14477.95,14482.75,14406.05,14428.85,0
2024-12-30 13:15:00,14427.35,14432.8,14336.6,14350.05,0
2024-12-30 14:15:00,14348.6,14623.55,14299.55,14592.75,0
2024-12-30 15:15:00,14592.2,14601.75,14493.55,14512.2,0
2024-12-31 09:15:00,14493.5,14503.1,14301.2,14322.1,0
2024-12-31 10:15:00,14322.0,14447.9,14320.65,14432.2,0
2024-12-31 11:15:00,14432.7,14459.2,14399.4,14453.3,0
2024-12-31 12:15:00,14452.8,14508.55,14451.6,14505.3,0
2024-12-31 13:15:00,14505.6,14598.0,14502.35,14597.3,0
2024-12-31 14:15:00,14597.35,14605.35,14523.85,14543.7,0
2024-12-31 15:15:00,14546.0,14546.0,14514.4,14537.5,0
2025-01-01 09:15:00,14527.2,14553.8,14429.0,14457.9,0
2025-01-01 10:15:00,14457.65,14539.4,14445.7,14518.95,0
2025-01-01 11:15:00,14518.95,14547.85,14466.1,14482.5,0
2025-01-01 12:15:00,14482.65,14501.75,14475.45,14495.05,0
2025-01-01 13:15:00,14495.5,14552.4,14489.5,14545.55,0
2025-01-01 14:15:00,14545.15,14568.05,14539.5,14551.5,0
2025-01-01 15:15:00,14551.9,14560.4,14539.25,14554.75,0
2025-01-02 09:15:00,14593.05,14598.9,14529.15,14557.5,0
2025-01-02 10:15:00,14557.6,14602.65,14555.2,14591.25,0
2025-01-02 11:15:00,14590.95,14617.5,14568.8,14598.5,0
2025-01-02 12:15:00,14598.45,14634.3,14593.95,14631.95,0
2025-01-02 13:15:00,14631.95,14720.5,14630.15,14710.85,0
2025-01-02 14:15:00,14711.05,14757.1,14701.55,14750.4,0
2025-01-02 15:15:00,14750.1,14780.35,14749.6,14755.35,0
2025-01-03 09:15:00,14762.75,14794.65,14693.9,14700.5,0
2025-01-03 10:15:00,14700.2,14705.65,14591.65,14609.55,0
2025-01-03 11:15:00,14609.45,14675.6,14604.2,14643.75,0
2025-01-03 12:15:00,14643.35,14648.0,14604.9,14627.1,0
2025-01-03 13:15:00,14626.85,14633.85,14586.45,14609.0,0
2025-01-03 14:15:00,14609.35,14668.2,14595.05,14633.9,0
2025-01-03 15:15:00,14634.2,14644.0,14615.05,14633.25,0
2025-01-06 09:15:00,14654.45,14683.55,14550.2,14570.25,0
2025-01-06 10:15:00,14570.2,14591.3,14360.45,14369.75,0
2025-01-06 11:15:00,14369.4,14426.25,14298.15,14368.1,0
2025-01-06 12:15:00,14368.0,14420.15,14335.85,14351.1,0
2025-01-06 13:15:00,14350.25,14351.2,14264.95,14272.25,0
2025-01-06 14:15:00,14272.2,14308.4,14210.9,14242.65,0
2025-01-06 15:15:00,14243.15,14268.7,14237.1,14262.5,0
2025-01-07 09:15:00,14302.9,14466.45,14294.5,14389.75,0
2025-01-07 10:15:00,14390.1,14410.45,14352.6,14389.4,0
2025-01-07 11:15:00,14389.15,14414.1,14337.3,14343.55,0
2025-01-07 12:15:00,14343.5,14409.5,14330.1,14402.25,0
2025-01-07 13:15:00,14402.65,14417.45,14357.1,14389.15,0
2025-01-07 14:15:00,14390.85,14398.35,14339.85,14342.85,0
2025-01-07 15:15:00,14342.45,14345.85,14329.35,14342.5,0
2025-01-08 09:15:00,14378.15,14380.7,14084.25,14122.75,0
2025-01-08 10:15:00,14123.0,14129.35,13994.4,14011.95,0
2025-01-08 11:15:00,14011.85,14041.1,13924.6,13925.85,0
2025-01-08 12:15:00,13925.85,13951.8,13891.9,13897.0,0
2025-01-08 13:15:00,13896.8,14039.4,13877.8,14037.3,0
2025-01-08 14:15:00,14037.25,14086.65,13998.25,14041.55,0
2025-01-08 15:15:00,14041.75,14047.85,14012.3,14024.25,0
2025-01-09 09:15:00,14043.65,14051.5,13938.9,14019.05,0
2025-01-09 10:15:00,14019.45,14057.15,13966.2,13974.45,0
2025-01-09 11:15:00,13974.35,14000.95,13931.6,13940.85,0
2025-01-09 12:15:00,13940.1,13964.95,13892.0,13931.2,0
2025-01-09 13:15:00,13931.3,13934.75,13877.1,13907.75,0
2025-01-09 14:15:00,13907.85,13910.55,13839.3,13851.8,0
2025-01-09 15:15:00,13852.1,13855.15,13825.95,13849.1,0
2025-01-10 09:15:00,13850.65,13877.75,13575.95,13641.65,0
2025-01-10 10:15:00,13642.05,13727.9,13616.0,13726.1,0
2025-01-10 11:15:00,13726.8,13776.1,13640.4,13673.0,0
2025-01-10 12:15:00,13671.75,13700.15,13651.0,13675.75,0
2025-01-10 13:15:00,13674.4,13685.65,13580.2,13581.55,0
2025-01-10 14:15:00,13582.15,13613.5,13556.95,13571.2,0
2025-01-10 15:15:00,13571.45,13588.95,13555.05,13563.85,0
2025-01-13 09:15:00,13441.45,13512.1,13381.85,13462.55,0
2025-01-13 10:15:00,13463.65,13484.15,13357.2,13367.25,0
2025-01-13 11:15:00,13368.15,13386.15,13314.55,13324.0,0
2025-01-13 12:15:00,13323.65,13355.4,13260.85,13272.45,0
2025-01-13 13:15:00,13273.25,13288.55,13162.7,13164.6,0
2025-01-13 14:15:00,13164.95,13188.3,13082.5,13113.15,0
2025-01-13 15:15:00,13113.3,13124.4,13089.8,13113.1,0
2025-01-14 09:15:00,13167.3,13314.9,13160.6,13209.25,0
2025-01-14 10:15:00,13208.95,13371.3,13177.8,13364.2,0
2025-01-14 11:15:00,13364.1,13365.0,13300.2,13328.55,0
2025-01-14 12:15:00,13328.9,13337.55,13267.55,13302.1,0
2025-01-14 13:15:00,13302.05,13386.75,13291.35,13382.1,0
2025-01-14 14:15:00,13382.15,13406.3,13333.2,13401.35,0
2025-01-14 15:15:00,13401.15,13435.95,13389.3,13433.85,0
2025-01-15 09:15:00,13472.0,13518.95,13408.75,13502.55,0
2025-01-15 10:15:00,13501.55,13658.7,13496.75,13632.15,0
2025-01-15 11:15:00,13632.75,13673.55,13618.5,13661.8,0
2025-01-15 12:15:00,13660.85,13681.35,13618.7,13619.4,0
2025-01-15 13:15:00,13619.2,13620.0,13541.3,13554.95,0
2025-01-15 14:15:00,13554.95,13596.45,13539.3,13580.75,0
2025-01-15 15:15:00,13581.15,13581.15,13556.9,13575.9,0
2025-01-16 09:15:00,13725.8,13759.9,13697.5,13711.25,0
2025-01-16 10:15:00,13710.8,13756.75,13681.7,13686.05,0
2025-01-16 11:15:00,13685.25,13701.85,13660.1,13670.55,0
2025-01-16 12:15:00,13670.7,13697.9,13659.35,13678.4,0
2025-01-16 13:15:00,13678.3,13697.8,13667.95,13695.9,0
2025-01-16 14:15:00,13696.3,13699.2,13642.7,13651.8,0
2025-01-16 15:15:00,13652.05,13666.3,13648.35,13662.3,0
2025-01-17 09:15:00,13691.0,13715.75,13575.15,13705.7,0
2025-01-17 10:15:00,13706.05,13731.15,13576.9,13612.3,0
2025-01-17 11:15:00,13612.35,13665.4,13591.65,13654.3,0
2025-01-17 12:15:00,13654.15,13671.35,13634.35,13650.05,0
2025-01-17 13:15:00,13650.2,13651.3,13609.9,13644.4,0
2025-01-17 14:15:00,13644.15,13718.1,13637.95,13685.5,0
2025-01-17 15:15:00,13684.9,13709.3,13678.55,13707.9,0
2025-01-20 09:15:00,13816.6,13838.5,13594.7,13633.75,0
2025-01-20 10:15:00,13633.9,13733.65,13630.45,13717.1,0
2025-01-20 11:15:00,13720.7,13750.5,13717.45,13726.45,0
2025-01-20 12:15:00,13726.45,13786.85,13725.35,13780.85,0
2025-01-20 13:15:00,13780.7,13803.75,13775.65,13803.05,0
2025-01-20 14:15:00,13803.15,13864.5,13796.2,13826.9,0
2025-01-20 15:15:00,13827.05,13828.8,13800.3,13805.25,0
2025-01-21 09:15:00,13826.9,13835.4,13553.1,13564.85,0
2025-01-21 10:15:00,13564.1,13564.25,13445.25,13465.8,0
2025-01-21 11:15:00,13466.7,13569.15,13443.05,13495.05,0
2025-01-21 12:15:00,13495.1,13528.4,13446.75,13495.8,0
2025-01-21 13:15:00,13496.15,13522.2,13429.85,13487.3,0
2025-01-21 14:15:00,13486.9,13489.95,13350.55,13365.15,0
2025-01-21 15:15:00,13365.1,13376.95,13354.75,13368.4,0
2025-01-22 09:15:00,13379.35,13402.75,13103.55,13201.3,0
2025-01-22 10:15:00,13200.35,13209.25,13141.45,13142.95,0
2025-01-22 11:15:00,13142.2,13143.35,13064.8,13081.5,0
2025-01-22 12:15:00,13081.85,13100.5,13046.45,13089.5,0
2025-01-22 13:15:00,13089.9,13104.4,13000.45,13082.3,0
2025-01-22 14:15:00,13082.1,13221.65,13077.35,13218.7,0
2025-01-22 15:15:00,13218.25,13229.0,13202.1,13215.9,0
2025-01-23 09:15:00,13251.8,13506.55,13205.45,13495.85,0
2025-01-23 10:15:00,13495.65,13527.9,13440.9,13472.8,0
2025-01-23 11:15:00,13472.55,13515.2,13455.25,13508.15,0
2025-01-23 12:15:00,13507.5,13559.15,13493.0,13554.9,0
2025-01-23 13:15:00,13554.9,13568.6,13513.25,13515.6,0
2025-01-23 14:15:00,13515.35,13542.95,13484.2,13526.15,0
2025-01-23 15:15:00,13524.9,13528.85,13492.45,13501.75,0
2025-01-24 09:15:00,13533.7,13579.65,13383.85,13450.0,0
2025-01-24 10:15:00,13449.2,13553.5,13408.35,13541.25,0
2025-01-24 11:15:00,13541.6,13587.4,13520.95,13558.7,0
2025-01-24 12:15:00,13558.3,13571.65,13457.65,13489.1,0
2025-01-24 13:15:00,13489.25,13489.85,13402.9,13402.9,0
2025-01-24 14:15:00,13402.45,13409.35,13327.1,13363.95,0
2025-01-24 15:15:00,13365.2,13385.05,13352.85,13364.05,0
2025-01-27 09:15:00,13213.05,13233.7,13019.05,13019.7,0
2025-01-27 10:15:00,13019.4,13024.25,12942.05,13021.3,0
2025-01-27 11:15:00,13021.65,13091.5,13003.4,13037.35,0
2025-01-27 12:15:00,13037.05,13098.6,13019.5,13044.5,0
2025-01-27 13:15:00,13044.5,13047.85,12972.85,12985.15,0
2025-01-27 14:15:00,12985.0,13015.8,12949.25,12975.5,0
2025-01-27 15:15:00,12975.9,12980.55,12941.0,12954.15,0
2025-01-28 09:15:00,12999.95,13014.9,12707.55,12755.25,0
2025-01-28 10:15:00,12755.7,12798.65,12711.85,12793.35,0
2025-01-28 11:15:00,12793.65,12924.9,12769.95,12919.55,0
2025-01-28 12:15:00,12919.05,12956.9,12866.1,12955.85,0
2025-01-28 13:15:00,12956.15,12973.9,12894.4,12928.25,0
2025-01-28 14:15:00,12928.5,12978.05,12808.75,12845.5,0
2025-01-28 15:15:00,12845.7,12870.25,12822.2,12844.9,0
2025-01-29 09:15:00,12840.95,13076.4,12838.7,13056.0,0
2025-01-29 10:15:00,13055.9,13077.2,13033.75,13040.25,0
2025-01-29 11:15:00,13040.0,13057.4,12987.15,13036.3,0
2025-01-29 12:15:00,13036.3,13055.6,13011.1,13015.05,0
2025-01-29 13:15:00,13014.95,13062.75,13007.1,13062.05,0
2025-01-29 14:15:00,13062.25,13119.45,13055.65,13116.7,0
2025-01-29 15:15:00,13116.85,13117.4,13096.7,13113.8,0
2025-01-30 09:15:00,13138.85,13250.3,13086.45,13218.1,0
2025-01-30 10:15:00,13218.35,13222.4,13122.6,13164.4,0
2025-01-30 11:15:00,13164.85,13177.05,13138.5,13143.35,0
2025-01-30 12:15:00,13143.35,13189.1,13133.35,13168.25,0
2025-01-30 13:15:00,13167.8,13171.5,13079.5,13100.45,0
2025-01-30 14:15:00,13100.1,13116.55,13080.25,13103.85,0
2025-01-30 15:15:00,13102.8,13104.0,13058.5,13084.9,0
2025-01-31 09:15:00,13114.2,13240.6,13086.25,13187.85,0
2025-01-31 10:15:00,13188.65,13284.9,13161.45,13267.65,0
2025-01-31 11:15:00,13267.65,13302.3,13223.45,13301.45,0
2025-01-31 12:15:00,13301.3,13301.6,13258.25,13262.6,0
2025-01-31 13:15:00,13262.6,13287.55,13212.25,13222.8,0
2025-01-31 14:15:00,13222.7,13330.95,13202.6,13320.55,0
2025-01-31 15:15:00,13319.65,13372.9,13306.55,13372.9,0
2025-02-01 09:15:00,13378.1,13414.5,13329.95,13370.4,0
2025-02-01 10:15:00,13369.55,13395.9,13307.5,13355.05,0
2025-02-01 11:15:00,13355.05,13400.65,13060.5,13206.8,0
2025-02-01 12:15:00,13206.8,13314.5,12993.95,13016.8,0
2025-02-01 13:15:00,13015.55,13258.95,12944.55,13255.25,0
2025-02-01 14:15:00,13254.0,13311.65,13188.8,13223.3,0
2025-02-01 15:15:00,13221.15,13223.15,13167.8,13167.8,0
2025-02-03 09:15:00,13128.5,13129.45,12918.9,13078.1,0
2025-02-03 10:15:00,13078.65,13141.55,13021.25,13124.95,0
2025-02-03 11:15:00,13125.25,13151.05,13050.1,13094.85,0
2025-02-03 12:15:00,13094.75,13100.25,13010.0,13090.25,0
2025-02-03 13:15:00,13090.1,13099.5,13044.05,13079.4,0
2025-02-03 14:15:00,13080.15,13156.4,13064.25,13146.3,0
2025-02-03 15:15:00,13147.1,13150.1,13117.9,13122.45,0
2025-02-04 09:15:00,13254.1,13463.7,13247.85,13406.7,0
2025-02-04 10:15:00,13405.35,13428.4,13314.9,13372.1,0
2025-02-04 11:15:00,13371.55,13395.6,13334.9,13365.5,0
2025-02-04 12:15:00,13366.1,13392.4,13350.0,13376.5,0
2025-02-04 13:15:00,13376.95,13405.9,13354.35,13382.25,0
2025-02-04 14:15:00,13381.35,13444.2,13364.25,13434.85,0
2025-02-04 15:15:00,13434.8,13435.9,13413.7,13413.7,0
2025-02-05 09:15:00,13489.4,13642.65,13488.0,13627.7,0
2025-02-05 10:15:00,13628.0,13669.55,13624.8,13650.0,0
2025-02-05 11:15:00,13649.7,13651.0,13601.4,13602.85,0
2025-02-05 12:15:00,13604.35,13642.6,13604.35,13635.55,0
2025-02-05 13:15:00,13635.6,13635.6,13578.25,13587.75,0
2025-02-05 14:15:00,13587.95,13597.4,13520.95,13547.3,0
2025-02-05 15:15:00,13547.3,13561.25,13531.45,13542.65,0
2025-02-06 09:15:00,13640.75,13645.85,13525.9,13528.45,0
2025-02-06 10:15:00,13528.0,13563.1,13493.6,13506.0,0
2025-02-06 11:15:00,13505.25,13505.4,13459.75,13471.6,0
2025-02-06 12:15:00,13471.7,13482.75,13420.15,13448.85,0
2025-02-06 13:15:00,13448.75,13454.5,13387.95,13389.45,0
2025-02-06 14:15:00,13389.8,13440.0,13384.15,13415.2,0
2025-02-06 15:15:00,13415.2,13426.1,13399.75,13408.5,0
2025-02-07 09:15:00,13453.15,13498.75,13399.35,13476.6,0
2025-02-07 10:15:00,13476.85,13562.5,13337.95,13556.4,0
2025-02-07 11:15:00,13555.85,13594.5,13505.5,13506.35,0
2025-02-07 12:15:00,13506.3,13531.15,13457.15,13505.4,0
2025-02-07 13:15:00,13505.65,13538.8,13409.35,13423.85,0
2025-02-07 14:15:00,13423.9,13489.7,13411.05,13482.2,0
2025-02-07 15:15:00,13482.2,13495.55,13474.5,13488.95,0
2025-02-10 09:15:00,13510.65,13536.3,13317.9,13320.45,0
2025-02-10 10:15:00,13320.35,13344.65,13276.15,13310.55,0
2025-02-10 11:15:00,13309.9,13313.15,13201.3,13211.05,0
2025-02-10 12:15:00,13210.55,13249.3,13201.0,13222.4,0
2025-02-10 13:15:00,13222.4,13239.55,13194.55,13199.35,0
2025-02-10 14:15:00,13198.7,13247.3,13171.0,13215.1,0
2025-02-10 15:15:00,13215.1,13226.0,13208.75,13219.75,0
2025-02-11 09:15:00,13233.85,13244.6,12993.1,12997.3,0
2025-02-11 10:15:00,12996.75,13026.85,12936.35,12955.25,0
2025-02-11 11:15:00,12955.15,12974.15,12883.9,12896.1,0
2025-02-11 12:15:00,12895.6,12897.85,12753.2,12760.3,0
2025-02-11 13:15:00,12760.15,12842.75,12757.55,12806.1,0
2025-02-11 14:15:00,12806.3,12881.7,12772.65,12856.6,0
2025-02-11 15:15:00,12856.6,12862.1,12837.55,12845.65,0
2025-02-12 09:15:00,12855.75,12871.95,12510.15,12512.25,0
2025-02-12 10:15:00,12513.05,12772.6,12474.2,12756.45,0
2025-02-12 11:15:00,12756.45,12861.15,12719.35,12827.9,0
2025-02-12 12:15:00,12828.0,12908.1,12770.65,12895.3,0
2025-02-12 13:15:00,12896.1,12912.3,12758.1,12788.1,0
2025-02-12 14:15:00,12787.2,12831.05,12750.2,12821.85,0
2025-02-12 15:15:00,12821.85,12840.2,12815.9,12825.95,0
2025-02-13 09:15:00,12843.1,13036.6,12838.15,13016.25,0
2025-02-13 10:15:00,13016.7,13047.7,12968.75,13030.75,0
2025-02-13 11:15:00,13030.6,13041.65,12976.85,12983.6,0
2025-02-13 12:15:00,12984.1,13008.9,12937.25,12937.25,0
2025-02-13 13:15:00,12938.15,12955.6,12840.3,12872.65,0
2025-02-13 14:15:00,12872.5,12884.0,12825.5,12860.3,0
2025-02-13 15:15:00,12860.3,12867.6,12828.7,12846.6,0
2025-02-14 09:15:00,12908.35,12933.55,12662.6,12672.6,0
2025-02-14 10:15:00,12672.45,12706.5,12479.25,12550.7,0
2025-02-14 11:15:00,12549.7,12583.6,12494.5,12497.55,0
2025-02-14 12:15:00,12497.45,12526.35,12427.7,12454.45,0
2025-02-14 13:15:00,12454.4,12514.8,12397.15,12404.15,0
2025-02-14 14:15:00,12404.55,12623.85,12402.55,12539.1,0
2025-02-14 15:15:00,12539.1,12542.6,12502.7,12517.75,0
2025-02-17 09:15:00,12453.75,12542.4,12234.45,12391.35,0
2025-02-17 10:15:00,12391.05,12627.7,12381.2,12480.7,0
2025-02-17 11:15:00,12480.3,12527.1,12439.5,12464.9,0
2025-02-17 12:15:00,12465.5,12570.0,12443.25,12529.95,0
2025-02-17 13:15:00,12529.55,12675.45,12520.95,12596.8,0
2025-02-17 14:15:00,12598.2,12690.5,12595.65,12689.4,0
2025-02-17 15:15:00,12689.4,12695.6,12668.05,12679.5,0
2025-02-18 09:15:00,12682.05,12718.6,12541.8,12580.75,0
2025-02-18 10:15:00,12580.45,12608.0,12495.4,12516.4,0
2025-02-18 11:15:00,12515.6,12569.85,12496.2,12538.5,0
2025-02-18 12:15:00,12538.3,12568.45,12500.6,12525.05,0
2025-02-18 13:15:00,12525.3,12586.85,12516.9,12567.7,0
2025-02-18 14:15:00,12567.15,12695.65,12562.9,12672.9,0
2025-02-18 15:15:00,12672.85,12674.75,12634.15,12648.1,0
2025-02-19 09:15:00,12560.7,12838.05,12446.9,12797.35,0
2025-02-19 10:15:00,12798.95,12828.05,12695.15,12780.75,0
2025-02-19 11:15:00,12781.6,12819.1,12761.05,12796.9,0
2025-02-19 12:15:00,12796.1,12813.0,12754.45,12770.45,0
2025-02-19 13:15:00,12771.25,12793.05,12739.3,12787.3,0
2025-02-19 14:15:00,12787.45,12822.0,12707.25,12810.9,0
2025-02-19 15:15:00,12810.9,12811.6,12788.45,12794.25,0
2025-02-20 09:15:00,12766.1,12896.05,12714.65,12876.0,0
2025-02-20 10:15:00,12875.8,12916.95,12857.8,12910.85,0
2025-02-20 11:15:00,12911.1,12913.95,12870.0,12898.4,0
2025-02-20 12:15:00,12898.25,12904.3,12856.3,12859.65,0
2025-02-20 13:15:00,12858.9,12955.35,12857.45,12945.2,0
2025-02-20 14:15:00,12945.55,12967.15,12922.4,12965.65,0
2025-02-20 15:15:00,12965.65,12967.25,12950.4,12965.25,0
2025-02-21 09:15:00,12945.75,13035.0,12788.05,12795.05,0
2025-02-21 10:15:00,12795.45,12851.3,12769.55,12798.35,0
2025-02-21 11:15:00,12799.05,12858.35,12776.5,12807.75,0
2025-02-21 12:15:00,12808.55,12858.5,12793.7,12821.55,0
2025-02-21 13:15:00,12821.8,12830.95,12719.5,12764.45,0
2025-02-21 14:15:00,12763.75,12777.7,12734.75,12763.15,0
2025-02-21 15:15:00,12763.15,12764.0,12697.15,12703.0,0
2025-02-24 09:15:00,12626.35,12658.25,12525.55,12642.25,0
2025-02-24 10:15:00,12641.85,12663.4,12594.65,12608.55,0
2025-02-24 11:15:00,12607.05,12688.1,12598.35,12622.0,0
2025-02-24 12:15:00,12622.25,12663.65,12613.9,12638.3,0
2025-02-24 13:15:00,12637.45,12647.45,12575.2,12589.2,0
2025-02-24 14:15:00,12588.95,12676.1,12583.05,12649.1,0
2025-02-24 15:15:00,12649.15,12651.05,12625.35,12633.5,0
2025-02-25 09:15:00,12622.95,12747.5,12573.45,12693.15,0
2025-02-25 10:15:00,12693.5,12704.5,12591.85,12604.7,0
2025-02-25 11:15:00,12605.0,12618.8,12571.4,12591.25,0
2025-02-25 12:15:00,12591.0,12616.2,12584.0,12597.2,0
2025-02-25 13:15:00,12597.2,12603.1,12575.6,12583.25,0
2025-02-25 14:15:00,12582.55,12591.3,12555.65,12565.55,0
2025-02-25 15:15:00,12565.55,12577.8,12522.35,12525.45,0
2025-02-27 09:15:00,12524.45,12541.35,12466.25,12476.0,0
2025-02-27 10:15:00,12475.25,12477.8,12401.8,12403.6,0
2025-02-27 11:15:00,12403.9,12412.3,12317.9,12325.55,0
2025-02-27 12:15:00,12325.75,12366.8,12314.35,12359.8,0
2025-02-27 13:15:00,12358.0,12390.5,12344.05,12347.45,0
2025-02-27 14:15:00,12347.5,12422.35,12336.5,12396.7,0
2025-02-27 15:15:00,12396.7,12400.6,12341.9,12347.25,0
2025-02-28 09:15:00,12315.3,12324.45,12087.7,12163.2,0
2025-02-28 10:15:00,12163.85,12232.05,12153.6,12153.6,0
2025-02-28 11:15:00,12153.05,12200.1,12102.15,12110.6,0
2025-02-28 12:15:00,12110.05,12150.1,12083.45,12138.85,0
2025-02-28 13:15:00,12138.75,12164.3,12096.15,12123.8,0
2025-02-28 14:15:00,12123.15,12206.7,12109.4,12189.75,0
2025-02-28 15:15:00,12189.75,12229.8,12172.05,12198.0,0
2025-03-03 09:15:00,12221.8,12285.45,12031.1,12053.45,0
2025-03-03 10:15:00,12054.35,12155.4,12039.65,12073.85,0
2025-03-03 11:15:00,12071.8,12096.35,12030.1,12096.35,0
2025-03-03 12:15:00,12096.8,12311.1,12075.55,12311.1,0
2025-03-03 13:15:00,12310.8,12372.2,12262.65,12306.05,0
2025-03-03 14:15:00,12306.25,12346.2,12288.75,12325.45,0
2025-03-03 15:15:00,12326.2,12328.25,12308.35,12318.35,0
2025-03-04 09:15:00,12171.75,12329.95,12078.2,12259.5,0
2025-03-04 10:15:00,12259.95,12325.65,12241.0,12299.55,0
2025-03-04 11:15:00,12299.5,12322.5,12248.25,12259.3,0
2025-03-04 12:15:00,12259.05,12290.95,12192.8,12219.05,0
2025-03-04 13:15:00,12219.5,12280.05,12196.15,12274.3,0
2025-03-04 14:15:00,12273.8,12297.35,12238.9,12245.7,0
2025-03-04 15:15:00,12245.7,12252.05,12228.85,12238.7,0
2025-03-05 09:15:00,12229.35,12489.4,12229.35,12437.2,0
2025-03-05 10:15:00,12437.15,12553.7,12416.65,12542.45,0
2025-03-05 11:15:00,12542.15,12619.65,12530.0,12610.45,0
2025-03-05 12:15:00,12610.4,12625.45,12580.0,12606.4,0
2025-03-05 13:15:00,12604.55,12643.85,12592.8,12621.35,0
2025-03-05 14:15:00,12621.6,12659.15,12601.95,12649.15,0
2025-03-05 15:15:00,12649.15,12649.8,12631.35,12642.25,0
2025-03-06 09:15:00,12760.8,12788.5,12662.3,12705.8,0
2025-03-06 10:15:00,12705.35,12727.3,12669.5,12711.05,0
2025-03-06 11:15:00,12710.65,12714.9,12626.2,12641.6,0
2025-03-06 12:15:00,12641.25,12714.25,12635.2,12678.95,0
2025-03-06 13:15:00,12679.5,12687.55,12655.2,12661.85,0
2025-03-06 14:15:00,12661.6,12662.0,12611.65,12621.9,0
2025-03-06 15:15:00,12621.9,12623.85,12599.5,12603.9,0
2025-03-07 09:15:00,12615.9,12666.4,12557.1,12651.8,0
2025-03-07 10:15:00,12652.2,12675.9,12624.2,12652.85,0
2025-03-07 11:15:00,12654.4,12671.35,12533.95,12534.85,0
2025-03-07 12:15:00,12535.05,12547.85,12497.85,12520.95,0
2025-03-07 13:15:00,12521.15,12549.75,12496.55,12514.5,0
2025-03-07 14:15:00,12514.5,12576.05,12512.0,12518.25,0
2025-03-07 15:15:00,12518.6,12523.5,12499.55,12513.25,0
2025-03-10 09:15:00,12528.7,12616.15,12471.3,12535.7,0
2025-03-10 10:15:00,12535.7,12545.0,12468.2,12476.35,0
2025-03-10 11:15:00,12476.5,12489.75,12424.75,12429.35,0
2025-03-10 12:15:00,12429.25,12442.25,12395.35,12431.9,0
2025-03-10 13:15:00,12432.45,12432.6,12361.55,12368.45,0
2025-03-10 14:15:00,12368.05,12368.4,12284.75,12321.45,0
2025-03-10 15:15:00,12321.3,12323.0,12267.35,12267.35,0
2025-03-11 09:15:00,12199.75,12258.9,12122.6,12244.4,0
2025-03-11 10:15:00,12244.2,12359.55,12195.1,12328.8,0
2025-03-11 11:15:00,12329.2,12333.15,12264.65,12319.9,0
2025-03-11 12:15:00,12319.6,12327.45,12255.75,12257.8,0
2025-03-11 13:15:00,12257.35,12326.5,12246.0,12318.35,0
2025-03-11 14:15:00,12317.0,12374.05,12317.0,12355.75,0
2025-03-11 15:15:00,12355.75,12388.85,12349.05,12380.25,0
2025-03-12 09:15:00,12373.7,12417.85,12239.55,12242.05,0
2025-03-12 10:15:00,12241.55,12247.2,12161.95,12170.3,0
2025-03-12 11:15:00,12170.15,12176.5,12086.15,12126.65,0
2025-03-12 12:15:00,12126.65,12157.2,12079.45,12154.35,0
2025-03-12 13:15:00,12154.65,12209.65,12153.85,12191.45,0
2025-03-12 14:15:00,12191.15,12272.3,12188.6,12259.4,0
2025-03-12 15:15:00,12259.4,12265.6,12239.8,12246.55,0
2025-03-13 09:15:00,12303.4,12324.9,12203.7,12300.05,0
2025-03-13 10:15:00,12299.55,12346.55,12250.1,12289.0,0
2025-03-13 11:15:00,12289.05,12292.2,12213.35,12264.5,0
2025-03-13 12:15:00,12264.5,12292.5,12249.1,12251.85,0
2025-03-13 13:15:00,12252.3,12269.45,12237.15,12242.8,0
2025-03-13 14:15:00,12243.35,12244.0,12164.25,12181.9,0
2025-03-13 15:15:00,12180.9,12192.0,12153.5,12164.45,0
2025-03-17 09:15:00,12182.55,12312.2,12151.8,12253.85,0
2025-03-17 10:15:00,12254.75,12272.9,12218.4,12250.95,0
2025-03-17 11:15:00,12250.25,12314.45,12241.65,12301.95,0
2025-03-17 12:15:00,12301.95,12301.95,12221.65,12234.45,0
2025-03-17 13:15:00,12234.8,12279.75,12230.45,12275.3,0
2025-03-17 14:15:00,12275.4,12283.5,12239.15,12277.0,0
2025-03-17 15:15:00,12277.0,12293.3,12266.0,12270.55,0
2025-03-18 09:15:00,12331.35,12460.05,12307.3,12453.45,0
2025-03-18 10:15:00,12454.0,12474.5,12439.0,12472.1,0
2025-03-18 11:15:00,12472.7,12512.05,12458.8,12501.0,0
2025-03-18 12:15:00,12501.45,12513.8,12447.05,12495.75,0
2025-03-18 13:15:00,12495.95,12544.95,12493.25,12543.3,0
2025-03-18 14:15:00,12543.8,12616.5,12531.85,12593.9,0
2025-03-18 15:15:00,12593.9,12617.7,12588.25,12612.2,0
2025-03-19 09:15:00,12634.45,12772.1,12600.75,12753.7,0
2025-03-19 10:15:00,12754.4,12809.9,12754.0,12806.0,0
2025-03-19 11:15:00,12806.25,12815.65,12773.85,12805.7,0
2025-03-19 12:15:00,12805.95,12886.35,12805.05,12866.15,0
2025-03-19 13:15:00,12865.8,12892.35,12853.95,12884.9,0
2025-03-19 14:15:00,12884.6,12918.45,12876.25,12888.1,0
2025-03-19 15:15:00,12888.1,12889.05,12863.95,12871.75,0
2025-03-20 09:15:00,12949.4,12969.65,12779.4,12790.75,0
2025-03-20 10:15:00,12789.65,12891.6,12785.2,12886.5,0
2025-03-20 11:15:00,12886.55,12915.8,12862.7,12897.75,0
2025-03-20 12:15:00,12898.2,12913.9,12882.75,12907.65,0
2025-03-20 13:15:00,12906.8,12913.6,12885.05,12901.2,0
2025-03-20 14:15:00,12901.0,12935.15,12895.7,12898.4,0
2025-03-20 15:15:00,12898.4,12905.5,12892.3,12897.35,0
2025-03-21 09:15:00,12898.85,13061.15,12855.45,13008.45,0
2025-03-21 10:15:00,13007.95,13072.9,12999.4,13011.45,0
2025-03-21 11:15:00,13011.05,13032.7,12989.0,13011.7,0
2025-03-21 12:15:00,13011.5,13051.45,13006.1,13010.35,0
2025-03-21 13:15:00,13010.45,13023.1,12937.5,13005.45,0
2025-03-21 14:15:00,13005.9,13065.7,13005.9,13017.65,0
2025-03-21 15:15:00,13017.65,13042.9,13012.5,13031.9,0
2025-03-24 09:15:00,13116.85,13210.0,13091.85,13197.7,0
2025-03-24 10:15:00,13197.05,13266.5,13194.95,13258.95,0
2025-03-24 11:15:00,13258.9,13289.6,13248.75,13281.65,0
2025-03-24 12:15:00,13281.65,13300.0,13264.15,13288.45,0
2025-03-24 13:15:00,13288.8,13338.5,13276.15,13337.25,0
2025-03-24 14:15:00,13336.65,13339.15,13274.65,13288.9,0
2025-03-24 15:15:00,13288.3,13302.95,13285.35,13291.05,0
2025-03-25 09:15:00,13386.05,13388.05,13192.3,13192.35,0
2025-03-25 10:15:00,13190.7,13218.0,13100.65,13126.5,0
2025-03-25 11:15:00,13126.5,13140.05,13026.95,13104.95,0
2025-03-25 12:15:00,13103.15,13111.8,13066.6,13083.35,0
2025-03-25 13:15:00,13083.25,13155.7,13051.0,13155.7,0
2025-03-25 14:15:00,13155.1,13181.35,13101.55,13103.95,0
2025-03-25 15:15:00,13103.95,13106.7,13067.3,13081.05,0
2025-03-26 09:15:00,13117.15,13196.5,13062.2,13151.45,0
2025-03-26 10:15:00,13150.45,13173.4,13114.1,13134.4,0
2025-03-26 11:15:00,13133.95,13149.25,13087.15,13108.5,0
2025-03-26 12:15:00,13108.4,13121.55,13074.55,13081.0,0
2025-03-26 13:15:00,13081.0,13089.85,13028.85,13035.85,0
2025-03-26 14:15:00,13035.75,13045.25,12987.45,13001.75,0
2025-03-26 15:15:00,13001.75,13003.0,12958.4,12975.6,0
2025-03-27 09:15:00,12905.4,13035.2,12881.2,12998.4,0
2025-03-27 10:15:00,12998.55,13030.25,12974.1,13030.25,0
2025-03-27 11:15:00,13030.1,13042.7,12996.85,13042.7,0
2025-03-27 12:15:00,13039.65,13043.0,12989.6,12991.25,0
2025-03-27 13:15:00,12990.75,13002.8,12978.0,12982.05,0
2025-03-27 14:15:00,12981.75,13010.65,12970.4,12997.15,0
2025-03-27 15:15:00,12997.15,13023.95,12963.95,12969.75,0
2025-03-28 09:15:00,13135.5,13240.8,13103.6,13146.6,0
2025-03-28 10:15:00,13146.5,13255.55,13133.15,13178.3,0
2025-03-28 11:15:00,13178.1,13198.15,13159.0,13191.75,0
2025-03-28 12:15:00,13190.45,13193.8,13050.95,13058.85,0
2025-03-28 13:15:00,13057.3,13073.55,12971.45,13026.25,0
2025-03-28 14:15:00,13026.55,13133.25,13013.95,13080.7,0
2025-03-28 15:15:00,13080.7,13089.7,13006.7,13015.05,0
2025-04-01 09:15:00,13085.9,13191.6,13031.2,13081.75,0
2025-04-01 10:15:00,13081.6,13134.65,12947.95,12954.4,0
2025-04-01 11:15:00,12954.25,12982.75,12886.85,12927.5,0
2025-04-01 12:15:00,12927.75,12955.8,12850.95,12877.8,0
2025-04-01 13:15:00,12878.45,12914.95,12838.3,12899.9,0
2025-04-01 14:15:00,12899.05,12903.9,12872.0,12880.35,0
2025-04-01 15:15:00,12879.2,12898.5,12871.65,12894.2,0
2025-04-02 09:15:00,12915.9,13055.85,12873.1,12924.55,0
2025-04-02 10:15:00,12924.55,13034.25,12907.15,12994.15,0
2025-04-02 11:15:00,12994.25,13088.05,12979.55,13054.4,0
2025-04-02 12:15:00,13053.85,13121.5,13051.2,13121.4,0
2025-04-02 13:15:00,13120.9,13141.1,13089.4,13125.55,0
2025-04-02 14:15:00,13124.95,13190.75,13123.4,13173.45,0
2025-04-02 15:15:00,13173.85,13187.9,13170.9,13179.05,0
2025-04-03 09:15:00,13022.45,13166.5,12927.25,13017.6,0
2025-04-03 10:15:00,13017.7,13022.75,12966.85,12982.25,0
2025-04-03 11:15:00,12982.25,13023.3,12951.0,13015.25,0
2025-04-03 12:15:00,13015.5,13022.6,12958.85,12964.15,0
2025-04-03 13:15:00,12963.9,13046.05,12963.9,13002.85,0
2025-04-03 14:15:00,13002.75,13035.95,12997.8,13031.05,0
2025-04-03 15:15:00,13031.05,13038.85,13020.45,13026.2,0
2025-04-04 09:15:00,12988.95,12992.0,12544.3,12546.95,0
2025-04-04 10:15:00,12547.3,12617.5,12497.95,12596.7,0
2025-04-04 11:15:00,12596.65,12645.85,12533.4,12550.75,0
2025-04-04 12:15:00,12550.7,12597.85,12549.4,12566.7,0
2025-04-04 13:15:00,12566.05,12578.95,12486.25,12528.55,0
2025-04-04 14:15:00,12528.2,12537.2,12463.5,12522.95,0
2025-04-04 15:15:00,12522.95,12564.85,12514.0,12560.8,0
2025-04-07 09:15:00,11541.7,12019.4,11541.7,11764.35,0
2025-04-07 10:15:00,11764.2,11958.6,11736.55,11953.6,0
2025-04-07 11:15:00,11953.45,12000.4,11860.25,11863.3,0
2025-04-07 12:15:00,11862.75,11901.4,11805.55,11817.65,0
2025-04-07 13:15:00,11817.7,11931.5,11802.45,11906.5,0
2025-04-07 14:15:00,11907.6,12064.05,11901.05,12043.5,0
2025-04-07 15:15:00,12043.35,12130.9,12030.2,12122.55,0
2025-04-08 09:15:00,12381.95,12524.3,12256.8,12285.4,0
2025-04-08 10:15:00,12285.6,12373.15,12225.0,12329.95,0
2025-04-08 11:15:00,12329.25,12404.5,12308.25,12401.55,0
2025-04-08 12:15:00,12401.95,12436.65,12366.8,12435.95,0
2025-04-08 13:15:00,12435.8,12456.85,12352.6,12426.0,0
2025-04-08 14:15:00,12426.3,12483.7,12418.2,12425.95,0
2025-04-08 15:15:00,12425.95,12444.55,12423.85,12434.35,0
2025-04-09 09:15:00,12370.8,12373.75,12168.7,12174.15,0
2025-04-09 10:15:00,12174.25,12219.9,12163.65,12193.0,0
2025-04-09 11:15:00,12193.0,12323.35,12189.0,12296.3,0
2025-04-09 12:15:00,12296.3,12413.4,12286.8,12399.55,0
2025-04-09 13:15:00,12400.45,12410.35,12340.9,12350.05,0
2025-04-09 14:15:00,12348.7,12373.25,12338.65,12356.35,0
2025-04-09 15:15:00,12356.35,12358.4,12323.8,12333.7,0
2025-04-11 09:15:00,12638.5,12650.45,12526.9,12551.8,0
2025-04-11 10:15:00,12551.55,12595.35,12517.55,12583.3,0
2025-04-11 11:15:00,12582.9,12704.4,12572.2,12703.05,0
2025-04-11 12:15:00,12702.55,12713.75,12673.0,12711.85,0
2025-04-11 13:15:00,12711.7,12711.7,12600.4,12615.5,0
2025-04-11 14:15:00,12615.6,12660.6,12591.65,12647.25,0
2025-04-11 15:15:00,12647.45,12653.6,12633.5,12633.5,0
2025-04-15 09:15:00,12929.25,13007.7,12834.9,12985.4,0
2025-04-15 10:15:00,12986.55,13009.15,12954.2,12981.0,0
2025-04-15 11:15:00,12981.35,13031.15,12979.35,13024.65,0
2025-04-15 12:15:00,13024.35,13036.3,13018.65,13032.35,0
2025-04-15 13:15:00,13032.65,13060.4,13025.75,13053.95,0
2025-04-15 14:15:00,13053.3,13119.25,13051.65,13116.4,0
2025-04-15 15:15:00,13116.4,13153.35,13116.4,13142.2,0
2025-04-16 09:15:00,13153.65,13189.55,13093.35,13164.9,0
2025-04-16 10:15:00,13164.8,13165.55,13087.2,13146.5,0
2025-04-16 11:15:00,13146.65,13149.25,13095.45,13130.6,0
2025-04-16 12:15:00,13130.1,13146.15,13102.1,13121.95,0
2025-04-16 13:15:00,13122.25,13127.05,13042.95,13125.05,0
2025-04-16 14:15:00,13124.75,13155.3,13098.15,13135.9,0
2025-04-16 15:15:00,13135.9,13146.05,13117.65,13121.85,0
2025-04-17 09:15:00,13098.45,13148.45,13024.45,13047.9,0
2025-04-17 10:15:00,13047.9,13145.95,13038.45,13138.9,0
2025-04-17 11:15:00,13140.25,13202.65,13138.55,13166.05,0
2025-04-17 12:15:00,13166.05,13202.95,13157.75,13202.95,0
2025-04-17 13:15:00,13201.5,13270.6,13165.4,13224.25,0
2025-04-17 14:15:00,13224.9,13270.95,13213.45,13268.35,0
2025-04-17 15:15:00,13268.2,13288.45,13263.85,13282.65,0
2025-04-21 09:15:00,13390.25,13564.7,13365.2,13543.75,0
2025-04-21 10:15:00,13543.75,13620.2,13541.95,13613.15,0
2025-04-21 11:15:00,13614.45,13727.75,13611.3,13723.6,0
2025-04-21 12:15:00,13723.0,13773.75,13722.5,13735.35,0
2025-04-21 13:15:00,13735.5,13742.0,13683.85,13719.7,0
2025-04-21 14:15:00,13720.5,13740.65,13705.9,13718.4,0
2025-04-21 15:15:00,13718.4,13742.6,13717.25,13731.2,0
2025-04-22 09:15:00,13760.9,13938.75,13715.95,13910.2,0
2025-04-22 10:15:00,13909.4,13917.8,13863.25,13885.55,0
2025-04-22 11:15:00,13885.0,13898.2,13843.65,13871.85,0
2025-04-22 12:15:00,13871.5,13879.25,13847.9,13870.9,0
2025-04-22 13:15:00,13871.3,13903.5,13861.4,13893.4,0
2025-04-22 14:15:00,13892.45,13902.4,13840.7,13851.65,0
2025-04-22 15:15:00,13851.65,13851.65,13821.25,13827.1,0
2025-04-23 09:15:00,13967.0,14034.4,13895.75,13900.0,0
2025-04-23 10:15:00,13900.3,13967.5,13832.2,13914.35,0
2025-04-23 11:15:00,13914.65,14038.5,13912.05,13999.45,0
2025-04-23 12:15:00,13999.2,14045.4,13989.5,14037.3,0
2025-04-23 13:15:00,14037.95,14102.2,14031.45,14078.35,0
2025-04-23 14:15:00,14079.0,14108.5,14070.1,14098.75,0
2025-04-23 15:15:00,14098.75,14103.3,14082.0,14083.45,0
2025-04-24 09:15:00,14117.7,14190.85,14062.3,14148.35,0
2025-04-24 10:15:00,14148.75,14163.3,14095.8,14123.15,0
2025-04-24 11:15:00,14122.4,14132.9,14087.2,14097.85,0
2025-04-24 12:15:00,14098.3,14136.15,14092.6,14127.6,0
2025-04-24 13:15:00,14128.45,14147.45,14091.05,14096.65,0
2025-04-24 14:15:00,14096.8,14107.0,14061.1,14072.75,0
2025-04-24 15:15:00,14072.75,14081.1,14051.2,14063.0,0
2025-04-25 09:15:00,14109.75,14167.3,13748.7,13846.55,0
2025-04-25 10:15:00,13846.35,13863.0,13657.2,13727.85,0
2025-04-25 11:15:00,13727.95,13799.9,13636.4,13785.75,0
2025-04-25 12:15:00,13786.85,13871.05,13775.1,13851.15,0
2025-04-25 13:15:00,13851.15,13942.9,13831.25,13858.6,0
2025-04-25 14:15:00,13858.4,13898.65,13775.75,13777.35,0
2025-04-25 15:15:00,13778.25,13779.2,13736.5,13753.15,0
2025-04-28 09:15:00,13771.2,13925.15,13757.1,13921.5,0
2025-04-28 10:15:00,13920.5,13926.5,13855.0,13874.6,0
2025-04-28 11:15:00,13876.8,13954.0,13861.3,13945.85,0
2025-04-28 12:15:00,13945.45,14016.0,13943.4,13999.75,0
2025-04-28 13:15:00,13999.35,14029.85,13971.6,14007.9,0
2025-04-28 14:15:00,14008.95,14043.05,13948.4,14023.35,0
2025-04-28 15:15:00,14023.5,14042.8,14015.0,14016.6,0
2025-04-29 09:15:00,14086.6,14227.05,14080.25,14126.4,0
2025-04-29 10:15:00,14126.05,14131.5,14042.95,14098.25,0
2025-04-29 11:15:00,14097.45,14099.7,14032.0,14060.2,0
2025-04-29 12:15:00,14060.1,14099.8,14028.2,14083.2,0
2025-04-29 13:15:00,14082.15,14117.85,14070.55,14094.25,0
2025-04-29 14:15:00,14094.05,14098.85,14038.7,14053.55,0
2025-04-29 15:15:00,14053.55,14072.2,14045.75,14062.3,0
2025-04-30 09:15:00,14057.8,14094.7,13916.45,14025.45,0
2025-04-30 10:15:00,14025.9,14074.25,14002.35,14044.65,0
2025-04-30 11:15:00,14045.45,14079.15,13968.05,13999.0,0
2025-04-30 12:15:00,13997.7,14002.0,13957.75,13963.05,0
2025-04-30 13:15:00,13962.65,13994.75,13908.65,13917.4,0
2025-04-30 14:15:00,13917.7,13948.05,13897.45,13932.9,0
2025-04-30 15:15:00,13932.9,13933.2,13856.2,13877.9,0
2025-05-02 09:15:00,13866.6,14090.4,13861.6,14070.15,0
2025-05-02 10:15:00,14069.75,14076.55,13995.4,14003.5,0
2025-05-02 11:15:00,14004.05,14006.35,13870.6,13887.8,0
2025-05-02 12:15:00,13887.0,13887.0,13787.85,13838.2,0
2025-05-02 13:15:00,13837.65,13916.15,13837.65,13883.0,0
2025-05-02 14:15:00,13882.6,13899.2,13804.55,13844.6,0
2025-05-02 15:15:00,13844.6,13845.8,13810.95,13819.35,0
2025-05-05 09:15:00,13905.25,14013.3,13891.85,13978.1,0
2025-05-05 10:15:00,13977.15,14022.25,13970.5,14021.8,0
2025-05-05 11:15:00,14020.6,14064.35,13989.9,14032.85,0
2025-05-05 12:15:00,14032.55,14061.05,14010.65,14039.15,0
2025-05-05 13:15:00,14039.3,14093.0,14029.45,14076.75,0
2025-05-05 14:15:00,14076.75,14116.15,14065.9,14094.1,0
2025-05-05 15:15:00,14094.1,14117.6,14093.0,14096.7,0
2025-05-06 09:15:00,14170.0,14191.1,13946.75,13976.65,0
2025-05-06 10:15:00,13975.25,14008.0,13935.55,13936.55,0
2025-05-06 11:15:00,13936.6,13936.9,13835.1,13893.6,0
2025-05-06 12:15:00,13894.3,13894.75,13833.75,13855.4,0
2025-05-06 13:15:00,13855.1,13879.05,13798.2,13799.9,0
2025-05-06 14:15:00,13800.55,13807.95,13726.25,13746.8,0
2025-05-06 15:15:00,13747.6,13749.75,13722.85,13735.5,0
2025-05-07 09:15:00,13674.65,14027.3,13661.65,13830.5,0
2025-05-07 10:15:00,13831.75,14043.55,13813.55,14042.6,0
2025-05-07 11:15:00,14042.25,14104.75,14034.5,14081.15,0
2025-05-07 12:15:00,14081.85,14096.15,14004.85,14024.85,0
2025-05-07 13:15:00,14023.9,14064.8,13982.55,14048.9,0
2025-05-07 14:15:00,14047.55,14076.05,14005.65,14062.75,0
2025-05-07 15:15:00,14062.75,14088.65,14062.05,14071.65,0
2025-05-08 09:15:00,14122.05,14223.75,14042.55,14216.65,0
2025-05-08 10:15:00,14216.1,14253.85,14181.7,14222.45,0
2025-05-08 11:15:00,14222.15,14244.3,14215.05,14223.8,0
2025-05-08 12:15:00,14224.35,14230.1,14150.4,14157.85,0
2025-05-08 13:15:00,14157.75,14165.15,13986.45,13990.95,0
2025-05-08 14:15:00,13991.65,14058.55,13878.5,13911.8,0
2025-05-08 15:15:00,13911.8,13914.05,13808.9,13824.4,0
2025-05-09 09:15:00,13592.15,13851.35,13589.9,13778.35,0
2025-05-09 10:15:00,13778.65,13788.7,13725.95,13772.4,0
2025-05-09 11:15:00,13772.25,13891.55,13753.6,13864.95,0
2025-05-09 12:15:00,13865.65,13877.15,13771.8,13793.75,0
2025-05-09 13:15:00,13793.6,13844.5,13757.45,13836.0,0
2025-05-09 14:15:00,13835.15,13897.2,13795.45,13892.15,0
2025-05-09 15:15:00,13892.15,13941.35,13891.25,13929.5,0
2025-05-12 09:15:00,14373.9,14470.2,14315.65,14403.0,0
2025-05-12 10:15:00,14403.85,14460.7,14396.95,14422.35,0
2025-05-12 11:15:00,14422.3,14437.9,14400.45,14432.1,0
2025-05-12 12:15:00,14432.05,14461.35,14399.05,14455.65,0
2025-05-12 13:15:00,14455.8,14580.55,14455.5,14580.55,0
2025-05-12 14:15:00,14580.15,14605.05,14559.35,14579.0,0
2025-05-12 15:15:00,14577.55,14588.45,14560.95,14570.0,0
2025-05-13 09:15:00,14629.45,14701.65,14585.6,14680.0,0
2025-05-13 10:15:00,14679.1,14728.75,14654.55,14715.95,0
2025-05-13 11:15:00,14717.4,14773.6,14716.0,14765.3,0
2025-05-13 12:15:00,14764.8,14783.35,14681.75,14710.6,0
2025-05-13 13:15:00,14710.85,14715.3,14649.45,14670.1,0
2025-05-13 14:15:00,14669.05,14695.75,14640.65,14682.5,0
2025-05-13 15:15:00,14682.5,14687.35,14663.15,14679.55,0
2025-05-14 09:15:00,14739.85,14788.2,14638.1,14759.2,0
2025-05-14 10:15:00,14760.35,14796.15,14756.05,14776.75,0
2025-05-14 11:15:00,14775.3,14802.2,14715.8,14760.1,0
2025-05-14 12:15:00,14759.1,14764.1,14675.85,14745.4,0
2025-05-14 13:15:00,14745.2,14769.65,14719.5,14753.45,0
2025-05-14 14:15:00,14753.2,14797.0,14740.5,14794.8,0
2025-05-14 15:15:00,14794.05,14823.5,14786.25,14823.5,0
2025-05-15 09:15:00,14851.85,14868.55,14745.2,14757.0,0
2025-05-15 10:15:00,14757.75,14811.55,14737.45,14750.3,0
2025-05-15 11:15:00,14749.95,14780.75,14733.6,14761.55,0
2025-05-15 12:15:00,14761.85,14779.85,14734.35,14779.3,0
2025-05-15 13:15:00,14779.1,14846.85,14764.15,14841.75,0
2025-05-15 14:15:00,14841.3,14894.6,14832.5,14861.85,0
2025-05-15 15:15:00,14861.85,14868.5,14837.65,14842.8,0
2025-05-16 09:15:00,14913.35,14996.95,14899.3,14953.0,0
2025-05-16 10:15:00,14952.3,14997.95,14950.25,14981.6,0
2025-05-16 11:15:00,14981.1,14993.85,14952.1,14976.1,0
2025-05-16 12:15:00,14975.55,14998.2,14970.0,14988.6,0
2025-05-16 13:15:00,14989.15,15000.35,14974.8,14982.2,0
2025-05-16 14:15:00,14981.6,14986.15,14905.0,14965.9,0
2025-05-16 15:15:00,14965.9,14972.2,14944.7,14946.95,0
2025-05-19 09:15:00,14975.55,14998.95,14845.7,14943.25,0
2025-05-19 10:15:00,14943.95,14976.05,14925.6,14963.25,0
2025-05-19 11:15:00,14962.05,14976.45,14936.3,14947.05,0
2025-05-19 12:15:00,14947.1,14983.15,14928.25,14952.95,0
2025-05-19 13:15:00,14953.6,14954.7,14888.6,14905.7,0
2025-05-19 14:15:00,14906.5,14932.7,14878.15,14892.15,0
2025-05-19 15:15:00,14892.15,14909.1,14877.1,14906.1,0
2025-05-20 09:15:00,14991.15,15010.1,14857.0,14938.2,0
2025-05-20 10:15:00,14936.35,14956.75,14903.2,14928.6,0
2025-05-20 11:15:00,14928.5,14928.55,14860.15,14888.5,0
2025-05-20 12:15:00,14888.95,14907.6,14816.2,14854.95,0
2025-05-20 13:15:00,14855.25,14858.35,14760.35,14768.85,0
2025-05-20 14:15:00,14769.3,14777.15,14667.35,14712.1,0
2025-05-20 15:15:00,14711.95,14738.5,14688.55,14736.6,0
2025-05-21 09:15:00,14718.9,14741.85,14580.05,14737.65,0
2025-05-21 10:15:00,14738.25,14790.35,14725.25,14758.95,0
2025-05-21 11:15:00,14759.8,14774.9,14627.7,14633.05,0
2025-05-21 12:15:00,14634.85,14698.75,14598.25,14689.75,0
2025-05-21 13:15:00,14690.7,14711.3,14660.05,14700.5,0
2025-05-21 14:15:00,14699.3,14729.75,14691.95,14719.85,0
2025-05-21 15:15:00,14719.85,14724.85,14706.9,14721.05,0
2025-05-22 09:15:00,14671.4,14671.45,14566.95,14650.4,0
2025-05-22 10:15:00,14650.3,14671.85,14514.3,14514.3,0
2025-05-22 11:15:00,14514.8,14561.65,14503.2,14550.8,0
2025-05-22 12:15:00,14550.5,14567.35,14489.5,14531.75,0
2025-05-22 13:15:00,14531.85,14567.35,14515.2,14522.0,0
2025-05-22 14:15:00,14521.8,14556.9,14464.95,14553.1,0
2025-05-22 15:15:00,14553.1,14567.15,14542.05,14567.15,0
2025-05-23 09:15:00,14601.75,14746.0,14528.95,14710.2,0
2025-05-23 10:15:00,14710.45,14734.05,14650.25,14660.65,0
2025-05-23 11:15:00,14660.45,14668.2,14610.5,14655.3,0
2025-05-23 12:15:00,14656.1,14711.45,14654.8,14695.85,0
2025-05-23 13:15:00,14696.35,14705.6,14660.3,14689.95,0
2025-05-23 14:15:00,14689.95,14716.85,14667.3,14670.15,0
2025-05-23 15:15:00,14670.15,14677.35,14657.1,14670.95,0
2025-05-26 09:15:00,14747.1,14803.45,14727.65,14782.35,0
2025-05-26 10:15:00,14781.35,14787.0,14721.1,14731.25,0
2025-05-26 11:15:00,14731.85,14743.2,14712.9,14726.65,0
2025-05-26 12:15:00,14726.1,14742.85,14708.6,14722.65,0
2025-05-26 13:15:00,14722.65,14756.2,14717.25,14753.5,0
2025-05-26 14:15:00,14753.95,14755.75,14713.45,14742.15,0
2025-05-26 15:15:00,14742.15,14744.7,14723.3,14731.6,0
2025-05-27 09:15:00,14737.2,14749.55,14635.3,14648.85,0
2025-05-27 10:15:00,14647.8,14709.5,14621.65,14705.85,0
2025-05-27 11:15:00,14705.85,14773.7,14705.05,14725.35,0
2025-05-27 12:15:00,14725.9,14731.15,14697.65,14705.45,0
2025-05-27 13:15:00,14705.15,14712.25,14677.65,14690.55,0
2025-05-27 14:15:00,14690.7,14728.7,14667.2,14719.8,0
2025-05-27 15:15:00,14719.8,14720.3,14703.0,14708.4,0
2025-05-28 09:15:00,14787.65,14789.1,14703.85,14738.45,0
2025-05-28 10:15:00,14737.45,14817.35,14719.65,14799.15,0
2025-05-28 11:15:00,14799.05,14809.3,14769.25,14791.7,0
2025-05-28 12:15:00,14791.85,14796.9,14769.65,14773.4,0
2025-05-28 13:15:00,14773.3,14777.4,14720.9,14727.7,0
2025-05-28 14:15:00,14727.5,14738.25,14673.95,14676.25,0
2025-05-28 15:15:00,14676.25,14676.7,14645.0,14663.8,0
2025-05-29 09:15:00,14755.8,14784.6,14694.7,14703.35,0
2025-05-29 10:15:00,14703.95,14764.9,14697.5,14746.5,0
2025-05-29 11:15:00,14746.15,14781.2,14738.7,14761.35,0
2025-05-29 12:15:00,14761.7,14798.85,14754.7,14796.3,0
2025-05-29 13:15:00,14796.75,14823.4,14786.85,14792.85,0
2025-05-29 14:15:00,14793.3,14867.8,14791.25,14863.8,0
2025-05-29 15:15:00,14863.8,14890.85,14857.4,14889.2,0
2025-05-30 09:15:00,14890.7,14976.35,14878.9,14886.75,0
2025-05-30 10:15:00,14886.4,14889.4,14845.15,14885.8,0
2025-05-30 11:15:00,14885.85,14930.7,14877.75,14914.5,0
2025-05-30 12:15:00,14914.85,14955.8,14907.7,14948.5,0
2025-05-30 13:15:00,14948.9,14973.2,14940.4,14954.45,0
2025-05-30 14:15:00,14956.75,14995.3,14947.7,14969.8,0
2025-05-30 15:15:00,14970.0,14973.6,14939.1,14945.15,0
2025-06-02 09:15:00,14961.8,15058.3,14902.5,15025.7,0
2025-06-02 10:15:00,15026.55,15026.75,14976.8,15003.3,0
2025-06-02 11:15:00,15004.25,15026.15,14988.4,15021.3,0
2025-06-02 12:15:00,15021.65,15058.5,15009.05,15031.55,0
2025-06-02 13:15:00,15031.55,15063.0,15017.65,15037.2,0
2025-06-02 14:15:00,15036.1,15083.85,15023.55,15078.3,0
2025-06-02 15:15:00,15078.3,15079.1,15045.45,15053.4,0
2025-06-03 09:15:00,15148.65,15148.65,15000.6,15003.0,0
2025-06-03 10:15:00,15002.35,15032.9,14986.35,15001.35,0
2025-06-03 11:15:00,14999.7,15000.4,14954.25,14966.35,0
2025-06-03 12:15:00,14966.35,14976.75,14921.0,14938.4,0
2025-06-03 13:15:00,14938.4,14995.1,14931.2,14974.65,0
2025-06-03 14:15:00,14975.55,14986.15,14933.95,14956.7,0
2025-06-03 15:15:00,14956.7,14959.55,14939.55,14944.9,0
2025-06-04 09:15:00,15017.65,15046.55,14884.25,14947.55,0
2025-06-04 10:15:00,14947.55,15006.3,14929.3,14977.15,0
2025-06-04 11:15:00,14976.75,15008.7,14969.75,15005.1,0
2025-06-04 12:15:00,15005.6,15031.35,15004.55,15011.75,0
2025-06-04 13:15:00,15010.75,15067.95,15000.45,15059.45,0
2025-06-04 14:15:00,15059.65,15122.95,15059.15,15106.9,0
2025-06-04 15:15:00,15106.9,15142.3,15105.35,15124.95,0
2025-06-05 09:15:00,15195.2,15218.35,15138.55,15204.6,0
2025-06-05 10:15:00,15204.65,15248.85,15193.1,15246.95,0
2025-06-05 11:15:00,15248.25,15308.45,15239.35,15298.35,0
2025-06-05 12:15:00,15298.6,15333.65,15291.3,15322.65,0
2025-06-05 13:15:00,15322.75,15331.7,15281.95,15301.05,0
2025-06-05 14:15:00,15302.05,15338.5,15280.0,15334.3,0
2025-06-05 15:15:00,15334.3,15352.55,15327.55,15342.25,0
2025-06-06 09:15:00,15390.1,15490.45,15345.85,15451.35,0
2025-06-06 10:15:00,15452.5,15571.05,15438.55,15558.2,0
2025-06-06 11:15:00,15559.3,15625.85,15559.3,15616.35,0
2025-06-06 12:15:00,15617.75,15618.0,15589.3,15592.15,0
2025-06-06 13:15:00,15592.3,15658.25,15586.75,15655.1,0
2025-06-06 14:15:00,15655.15,15664.9,15627.9,15648.15,0
2025-06-06 15:15:00,15648.15,15658.95,15632.1,15644.95,0
2025-06-09 09:15:00,15764.0,15840.75,15714.9,15812.0,0
2025-06-09 10:15:00,15812.75,15829.95,15781.55,15794.15,0
2025-06-09 11:15:00,15794.1,15811.9,15787.45,15806.6,0
2025-06-09 12:15:00,15807.3,15819.65,15782.65,15818.45,0
2025-06-09 13:15:00,15819.05,15844.15,15800.95,15808.65,0
2025-06-09 14:15:00,15808.7,15834.4,15804.25,15823.0,0
2025-06-09 15:15:00,15823.0,15826.5,15802.85,15817.1,0
2025-06-10 09:15:00,15894.8,15919.5,15812.0,15882.6,0
2025-06-10 10:15:00,15884.35,15896.85,15864.6,15895.65,0
2025-06-10 11:15:00,15896.25,15897.45,15864.1,15875.05,0
2025-06-10 12:15:00,15875.95,15892.25,15835.1,15847.9,0
2025-06-10 13:15:00,15848.95,15848.95,15827.15,15831.05,0
2025-06-10 14:15:00,15831.8,15833.8,15791.85,15819.25,0
2025-06-10 15:15:00,15819.25,15826.6,15812.05,15815.4,0
2025-06-11 09:15:00,15841.95,15857.5,15737.75,15760.75,0
2025-06-11 10:15:00,15760.9,15778.15,15713.85,15737.8,0
2025-06-11 11:15:00,15737.5,15753.7,15726.1,15733.1,0
2025-06-11 12:15:00,15732.15,15736.4,15700.15,15712.7,0
2025-06-11 13:15:00,15714.15,15717.0,15593.45,15654.25,0
2025-06-11 14:15:00,15654.15,15704.2,15648.25,15698.5,0
2025-06-11 15:15:00,15697.9,15699.4,15670.5,15686.05,0
2025-06-12 09:15:00,15678.65,15684.55,15539.95,15586.6,0
2025-06-12 10:15:00,15586.45,15594.15,15513.05,15527.75,0
2025-06-12 11:15:00,15528.05,15572.5,15495.05,15533.85,0
2025-06-12 12:15:00,15533.95,15572.65,15520.8,15553.55,0
2025-06-12 13:15:00,15552.65,15556.9,15380.3,15396.65,0
2025-06-12 14:15:00,15397.3,15454.6,15390.3,15401.45,0
2025-06-12 15:15:00,15401.15,15402.1,15366.8,15374.55,0
2025-06-13 09:15:00,15030.15,15292.5,15011.1,15281.5,0
2025-06-13 10:15:00,15281.3,15363.65,15259.15,15288.5,0
2025-06-13 11:15:00,15289.3,15318.85,15263.1,15279.45,0
2025-06-13 12:15:00,15279.55,15297.35,15218.2,15244.4,0
2025-06-13 13:15:00,15244.9,15303.45,15235.0,15287.3,0
2025-06-13 14:15:00,15287.05,15315.6,15239.0,15314.85,0
2025-06-13 15:15:00,15314.85,15340.2,15298.5,15326.6,0
2025-06-16 09:15:00,15268.35,15378.5,15151.95,15227.3,0
2025-06-16 10:15:00,15226.75,15354.85,15226.3,15337.35,0
2025-06-16 11:15:00,15336.75,15382.2,15313.05,15378.5,0
2025-06-16 12:15:00,15378.7,15413.75,15343.4,15396.4,0
2025-06-16 13:15:00,15396.4,15446.4,15383.55,15444.7,0
2025-06-16 14:15:00,15445.15,15451.1,15418.5,15433.75,0
2025-06-16 15:15:00,15433.75,15439.85,15419.9,15430.85,0
2025-06-17 09:15:00,15472.1,15509.2,15418.0,15477.1,0
2025-06-17 10:15:00,15478.05,15544.05,15468.1,15492.65,0
2025-06-17 11:15:00,15492.65,15493.8,15428.75,15436.05,0
2025-06-17 12:15:00,15435.65,15468.8,15370.15,15389.0,0
2025-06-17 13:15:00,15388.0,15407.25,15349.05,15396.9,0
2025-06-17 14:15:00,15396.25,15408.65,15366.7,15396.7,0
2025-06-17 15:15:00,15396.7,15398.25,15354.45,15357.1,0
2025-06-18 09:15:00,15277.95,15424.35,15246.1,15389.5,0
2025-06-18 10:15:00,15389.65,15392.65,15259.8,15300.95,0
2025-06-18 11:15:00,15301.45,15319.55,15241.6,15311.75,0
2025-06-18 12:15:00,15311.7,15315.45,15259.85,15299.4,0
2025-06-18 13:15:00,15299.7,15335.8,15286.7,15296.6,0
2025-06-18 14:15:00,15295.9,15327.6,15262.45,15301.15,0
2025-06-18 15:15:00,15300.95,15303.85,15286.15,15292.0,0
2025-06-19 09:15:00,15322.4,15336.9,15198.4,15228.05,0
2025-06-19 10:15:00,15227.65,15228.35,15116.9,15170.5,0
2025-06-19 11:15:00,15170.5,15186.4,15147.4,15150.75,0
2025-06-19 12:15:00,15150.3,15151.05,15051.3,15068.8,0
2025-06-19 13:15:00,15068.45,15098.4,15035.5,15084.05,0
2025-06-19 14:15:00,15083.9,15110.85,15035.4,15044.6,0
2025-06-19 15:15:00,15044.6,15046.65,15012.05,15013.05,0
2025-06-20 09:15:00,15027.7,15148.85,15026.3,15108.45,0
2025-06-20 10:15:00,15108.7,15230.9,15108.05,15218.8,0
2025-06-20 11:15:00,15218.5,15270.65,15202.2,15269.4,0
2025-06-20 12:15:00,15269.05,15269.45,15170.75,15239.8,0
2025-06-20 13:15:00,15240.1,15282.75,15237.2,15253.3,0
2025-06-20 14:15:00,15252.9,15346.35,15248.2,15340.6,0
2025-06-20 15:15:00,15340.6,15380.35,15316.55,15325.85,0
2025-06-23 09:15:00,15223.55,15335.7,15174.5,15323.25,0
2025-06-23 10:15:00,15322.5,15421.75,15318.0,15419.5,0
2025-06-23 11:15:00,15420.0,15464.75,15405.6,15457.3,0
2025-06-23 12:15:00,15457.35,15487.6,15455.8,15482.9,0
2025-06-23 13:15:00,15483.15,15525.0,15476.95,15488.0,0
2025-06-23 14:15:00,15487.4,15501.75,15455.3,15478.4,0
2025-06-23 15:15:00,15478.4,15481.75,15457.6,15465.05,0
2025-06-24 09:15:00,15675.7,15687.8,15578.55,15632.2,0
2025-06-24 10:15:00,15631.05,15664.4,15617.0,15650.8,0
2025-06-24 11:15:00,15649.85,15700.75,15648.05,15687.95,0
2025-06-24 12:15:00,15688.3,15695.9,15650.25,15674.7,0
2025-06-24 13:15:00,15674.9,15678.8,15558.2,15587.85,0
2025-06-24 14:15:00,15588.4,15619.6,15583.15,15584.2,0
2025-06-24 15:15:00,15584.2,15596.65,15577.85,15581.5,0
2025-06-25 09:15:00,15656.25,15682.85,15621.65,15632.4,0
2025-06-25 10:15:00,15632.45,15644.35,15592.3,15595.1,0
2025-06-25 11:15:00,15594.15,15615.1,15579.2,15579.2,0
2025-06-25 12:15:00,15579.9,15592.55,15552.65,15586.0,0
2025-06-25 13:15:00,15586.35,15600.25,15569.05,15584.1,0
2025-06-25 14:15:00,15584.3,15608.4,15561.85,15604.0,0
2025-06-25 15:15:00,15604.0,15605.1,15574.9,15574.9,0
2025-06-26 09:15:00,15620.35,15636.1,15523.1,15534.35,0
2025-06-26 10:15:00,15534.95,15541.25,15498.3,15522.35,0
2025-06-26 11:15:00,15522.55,15562.1,15499.7,15560.05,0
2025-06-26 12:15:00,15559.0,15594.55,15540.45,15556.0,0
2025-06-26 13:15:00,15556.75,15591.8,15549.75,15583.4,0
2025-06-26 14:15:00,15583.3,15630.8,15583.2,15618.2,0
2025-06-26 15:15:00,15618.2,15636.4,15615.35,15626.8,0
2025-06-27 09:15:00,15694.7,15834.05,15685.8,15820.35,0
2025-06-27 10:15:00,15819.9,15828.4,15774.6,15795.5,0
2025-06-27 11:15:00,15795.85,15828.6,15776.0,15788.55,0
2025-06-27 12:15:00,15787.85,15803.6,15743.25,15744.85,0
2025-06-27 13:15:00,15744.1,15753.35,15713.05,15740.35,0
2025-06-27 14:15:00,15740.25,15743.4,15591.7,15615.25,0
2025-06-27 15:15:00,15615.25,15646.95,15606.8,15646.65,0
2025-06-30 09:15:00,15704.5,15716.25,15626.1,15640.15,0
2025-06-30 10:15:00,15640.4,15728.3,15633.7,15693.8,0
2025-06-30 11:15:00,15693.55,15720.25,15672.5,15717.45,0
2025-06-30 12:15:00,15717.9,15746.25,15685.2,15706.25,0
2025-06-30 13:15:00,15706.55,15766.35,15702.5,15752.2,0
2025-06-30 14:15:00,15751.75,15756.75,15725.25,15749.85,0
2025-06-30 15:15:00,15749.85,15764.15,15741.1,15744.4,0
2025-07-01 09:15:00,15769.35,15800.9,15735.5,15739.45,0
2025-07-01 10:15:00,15738.8,15777.15,15701.5,15729.2,0
2025-07-01 11:15:00,15729.05,15741.15,15672.35,15682.05,0
2025-07-01 12:15:00,15681.3,15715.05,15653.2,15663.55,0
2025-07-01 13:15:00,15663.4,15702.7,15634.35,15702.7,0
2025-07-01 14:15:00,15702.2,15781.55,15694.2,15773.65,0
2025-07-01 15:15:00,15773.65,15790.55,15770.0,15772.15,0
2025-07-02 09:15:00,15763.5,15849.85,15763.1,15777.35,0
2025-07-02 10:15:00,15777.2,15778.4,15725.6,15758.95,0
2025-07-02 11:15:00,15758.5,15839.45,15748.15,15819.7,0
2025-07-02 12:15:00,15820.1,15823.0,15761.15,15761.35,0
2025-07-02 13:15:00,15761.8,15762.7,15684.95,15748.25,0
2025-07-02 14:15:00,15749.7,15802.8,15731.55,15797.65,0
2025-07-02 15:15:00,15797.65,15799.75,15770.85,15779.0,0
2025-07-03 09:15:00,15841.75,15872.15,15790.95,15863.95,0
2025-07-03 10:15:00,15863.45,15887.25,15849.0,15873.85,0
2025-07-03 11:15:00,15874.3,15875.9,15814.6,15842.9,0
2025-07-03 12:15:00,15842.5,15843.4,15810.45,15821.3,0
2025-07-03 13:15:00,15821.25,15839.1,15794.85,15810.45,0
2025-07-03 14:15:00,15810.75,15814.2,15759.0,15803.8,0
2025-07-03 15:15:00,15803.8,15809.75,15791.2,15794.55,0
2025-07-04 09:15:00,15793.8,15793.8,15668.85,15770.45,0
2025-07-04 10:15:00,15770.3,15777.7,15721.15,15730.9,0
2025-07-04 11:15:00,15730.45,15733.1,15565.8,15642.15,0
2025-07-04 12:15:00,15641.7,15651.6,15595.05,15634.15,0
2025-07-04 13:15:00,15634.2,15649.7,15604.1,15623.6,0
2025-07-04 14:15:00,15623.25,15680.8,15617.65,15680.6,0
2025-07-04 15:15:00,15680.6,15683.75,15658.95,15669.0,0
2025-07-07 09:15:00,15665.95,15690.95,15557.0,15659.6,0
2025-07-07 10:15:00,15660.5,15747.95,15654.2,15708.3,0
2025-07-07 11:15:00,15708.1,15711.65,15659.3,15660.6,0
2025-07-07 12:15:00,15660.4,15677.45,15609.7,15628.05,0
2025-07-07 13:15:00,15628.55,15659.4,15622.4,15650.55,0
2025-07-07 14:15:00,15650.9,15668.1,15624.8,15652.6,0
2025-07-07 15:15:00,15652.6,15655.95,15634.55,15641.25,0
2025-07-08 09:15:00,15660.7,15678.65,15509.7,15551.1,0
2025-07-08 10:15:00,15551.35,15565.75,15425.75,15450.8,0
2025-07-08 11:15:00,15450.4,15479.25,15416.05,15417.25,0
2025-07-08 12:15:00,15416.8,15580.95,15392.55,15578.5,0
2025-07-08 13:15:00,15580.35,15615.15,15506.4,15507.8,0
2025-07-08 14:15:00,15507.15,15541.05,15472.65,15538.7,0
2025-07-08 15:15:00,15538.0,15553.5,15534.5,15549.7,0
2025-07-09 09:15:00,15574.6,15636.4,15528.3,15604.2,0
2025-07-09 10:15:00,15603.65,15618.2,15584.7,15594.45,0
2025-07-09 11:15:00,15593.9,15607.1,15573.45,15602.7,0
2025-07-09 12:15:00,15603.35,15615.0,15555.65,15556.85,0
2025-07-09 13:15:00,15556.7,15579.3,15543.8,15546.8,0
2025-07-09 14:15:00,15546.5,15553.6,15512.85,15547.2,0
2025-07-09 15:15:00,15547.2,15550.8,15532.85,15536.5,0
2025-07-10 09:15:00,15583.9,15602.1,15522.65,15551.15,0
2025-07-10 10:15:00,15551.3,15554.15,15482.4,15491.35,0
2025-07-10 11:15:00,15491.85,15493.35,15414.5,15434.35,0
2025-07-10 12:15:00,15434.3,15468.15,15414.0,15418.45,0
2025-07-10 13:15:00,15418.65,15429.4,15374.35,15413.25,0
2025-07-10 14:15:00,15412.0,15433.45,15404.2,15426.25,0
2025-07-10 15:15:00,15426.25,15427.9,15408.7,15415.35,0
2025-07-11 09:15:00,15390.45,15413.4,15264.65,15290.15,0
2025-07-11 10:15:00,15290.15,15290.15,15173.2,15208.3,0
2025-07-11 11:15:00,15208.45,15249.35,15192.7,15223.35,0
2025-07-11 12:15:00,15223.85,15244.2,15204.7,15221.95,0
2025-07-11 13:15:00,15220.9,15247.45,15200.55,15241.8,0
2025-07-11 14:15:00,15242.05,15251.1,15210.7,15211.45,0
2025-07-11 15:15:00,15211.65,15211.75,15171.8,15183.65,0
2025-07-14 09:15:00,15263.55,15339.75,15200.7,15339.75,0
2025-07-14 10:15:00,15339.3,15402.45,15313.1,15319.95,0
2025-07-14 11:15:00,15320.0,15327.8,15262.95,15314.95,0
2025-07-14 12:15:00,15314.95,15354.0,15304.4,15325.55,0
2025-07-14 13:15:00,15325.8,15362.05,15280.85,15314.8,0
2025-07-14 14:15:00,15314.8,15377.85,15307.7,15364.65,0
2025-07-14 15:15:00,15364.65,15390.65,15362.3,15383.7,0
2025-07-15 09:15:00,15410.55,15468.2,15354.1,15401.05,0
2025-07-15 10:15:00,15401.05,15453.65,15360.15,15436.9,0
2025-07-15 11:15:00,15437.25,15492.15,15431.3,15484.35,0
2025-07-15 12:15:00,15484.75,15535.45,15482.85,15530.45,0
2025-07-15 13:15:00,15530.05,15536.05,15502.8,15520.15,0
2025-07-15 14:15:00,15519.8,15569.9,15516.65,15567.25,0
2025-07-15 15:15:00,15567.25,15578.3,15563.85,15571.9,0
2025-07-16 09:15:00,15617.55,15629.5,15561.8,15588.35,0
2025-07-16 10:15:00,15588.15,15603.45,15544.55,15554.45,0
2025-07-16 11:15:00,15553.2,15569.1,15509.95,15562.35,0
2025-07-16 12:15:00,15561.0,15566.3,15542.85,15561.8,0
2025-07-16 13:15:00,15561.15,15584.55,15550.15,15559.6,0
2025-07-16 14:15:00,15559.35,15566.8,15526.6,15528.15,0
2025-07-16 15:15:00,15528.15,15531.1,15509.15,15521.2,0
2025-07-17 09:15:00,15583.1,15583.3,15473.85,15498.55,0
2025-07-17 10:15:00,15498.95,15556.6,15496.6,15537.55,0
2025-07-17 11:15:00,15537.6,15538.0,15459.0,15460.9,0
2025-07-17 12:15:00,15460.85,15478.65,15442.75,15450.75,0
2025-07-17 13:15:00,15450.6,15464.9,15432.75,15455.95,0
2025-07-17 14:15:00,15455.75,15489.95,15447.95,15482.8,0
2025-07-17 15:15:00,15482.95,15490.95,15471.9,15475.6,0
2025-07-18 09:15:00,15499.95,15521.5,15397.5,15401.8,0
2025-07-18 10:15:00,15402.55,15402.55,15326.0,15398.65,0
2025-07-18 11:15:00,15398.95,15449.75,15395.35,15437.2,0
2025-07-18 12:15:00,15437.25,15466.1,15412.1,15419.85,0
2025-07-18 13:15:00,15420.0,15468.6,15417.6,15438.1,0
2025-07-18 14:15:00,15438.1,15447.15,15412.95,15420.85,0
2025-07-18 15:15:00,15420.85,15427.7,15404.25,15422.3,0
2025-07-21 09:15:00,15425.45,15536.5,15354.75,15516.35,0
2025-07-21 10:15:00,15516.8,15589.8,15514.4,15577.45,0
2025-07-21 11:15:00,15577.15,15635.2,15575.4,15627.15,0
2025-07-21 12:15:00,15626.95,15639.0,15613.05,15627.6,0
2025-07-21 13:15:00,15627.85,15633.65,15585.6,15616.85,0
2025-07-21 14:15:00,15616.6,15659.55,15607.65,15655.85,0
2025-07-21 15:15:00,15655.85,15679.1,15654.7,15663.9,0
2025-07-22 09:15:00,15749.35,15751.2,15579.6,15592.3,0
2025-07-22 10:15:00,15594.0,15610.55,15563.05,15588.65,0
2025-07-22 11:15:00,15589.2,15619.25,15583.15,15609.6,0
2025-07-22 12:15:00,15610.25,15631.65,15598.2,15602.95,0
2025-07-22 13:15:00,15601.85,15622.9,15592.8,15596.35,0
2025-07-22 14:15:00,15597.35,15601.8,15539.55,15563.9,0
2025-07-22 15:15:00,15563.55,15576.35,15549.1,15565.7,0
2025-07-23 09:15:00,15594.95,15610.0,15503.05,15526.8,0
2025-07-23 10:15:00,15526.25,15555.35,15513.8,15537.65,0
2025-07-23 11:15:00,15537.25,15544.5,15515.0,15527.3,0
2025-07-23 12:15:00,15527.05,15572.95,15524.6,15547.15,0
2025-07-23 13:15:00,15547.25,15558.25,15535.15,15548.25,0
2025-07-23 14:15:00,15547.6,15624.5,15537.95,15598.35,0
2025-07-23 15:15:00,15598.35,15608.85,15591.3,15599.25,0
2025-07-24 09:15:00,15569.4,15569.4,15305.85,15311.8,0
2025-07-24 10:15:00,15312.5,15392.45,15283.15,15356.6,0
2025-07-24 11:15:00,15356.95,15376.75,15320.75,15371.1,0
2025-07-24 12:15:00,15370.9,15397.2,15342.45,15356.25,0
2025-07-24 13:15:00,15356.75,15395.05,15352.7,15392.2,0
2025-07-24 14:15:00,15392.05,15402.4,15350.05,15359.95,0
2025-07-24 15:15:00,15359.95,15367.0,15348.8,15349.15,0
2025-07-25 09:15:00,15320.95,15368.85,15242.0,15243.2,0
2025-07-25 10:15:00,15243.45,15247.5,15165.75,15174.85,0
2025-07-25 11:15:00,15174.85,15207.75,15151.65,15157.1,0
2025-07-25 12:15:00,15156.4,15186.95,15120.0,15153.35,0
2025-07-25 13:15:00,15154.2,15176.7,15132.8,15162.5,0
2025-07-25 14:15:00,15162.6,15170.4,15108.35,15155.1,0
2025-07-25 15:15:00,15155.1,15165.8,15139.25,15147.85,0
2025-07-28 09:15:00,15141.6,15342.9,15089.2,15330.4,0
2025-07-28 10:15:00,15330.15,15354.1,15182.95,15229.1,0
2025-07-28 11:15:00,15228.75,15242.55,15176.05,15182.75,0
2025-07-28 12:15:00,15182.3,15225.65,15053.15,15057.05,0
2025-07-28 13:15:00,15056.95,15094.4,15039.0,15070.7,0
2025-07-28 14:15:00,15070.95,15141.4,15057.55,15121.55,0
2025-07-28 15:15:00,15121.55,15122.1,15103.95,15114.1,0
2025-07-29 09:15:00,15085.85,15213.05,15072.55,15147.0,0
2025-07-29 10:15:00,15147.9,15154.25,15077.4,15116.7,0
2025-07-29 11:15:00,15117.35,15166.15,15110.6,15160.7,0
2025-07-29 12:15:00,15160.7,15191.0,15153.55,15185.6,0
2025-07-29 13:15:00,15185.55,15216.3,15176.85,15183.4,0
2025-07-29 14:15:00,15183.45,15270.6,15183.45,15242.05,0
2025-07-29 15:15:00,15242.05,15252.55,15227.1,15232.45,0
2025-07-30 09:15:00,15254.3,15257.45,15163.65,15179.95,0
2025-07-30 10:15:00,15179.95,15188.95,15107.0,15153.3,0
2025-07-30 11:15:00,15153.5,15217.65,15152.25,15183.2,0
2025-07-30 12:15:00,15183.0,15224.6,15180.6,15207.45,0
2025-07-30 13:15:00,15207.8,15220.75,15188.4,15216.2,0
2025-07-30 14:15:00,15216.25,15223.85,15196.6,15198.95,0
2025-07-30 15:15:00,15198.95,15201.4,15180.65,15190.15,0
2025-07-31 09:15:00,14983.25,15029.45,14875.65,14895.0,0
2025-07-31 10:15:00,14894.4,14976.3,14875.8,14944.55,0
2025-07-31 11:15:00,14944.7,15033.15,14939.45,15011.7,0
2025-07-31 12:15:00,15012.55,15118.75,15004.15,15096.8,0
2025-07-31 13:15:00,15096.2,15152.15,15064.6,15093.65,0
2025-07-31 14:15:00,15093.8,15093.8,15011.55,15029.85,0
2025-07-31 15:15:00,15029.85,15033.0,15001.45,15009.7,0
2025-08-01 09:15:00,15025.4,15030.3,14846.0,14927.9,0
2025-08-01 10:15:00,14928.2,15004.4,14922.25,14959.8,0
2025-08-01 11:15:00,14959.4,14974.5,14893.3,14920.0,0
2025-08-01 12:15:00,14920.55,14938.3,14888.7,14928.25,0
2025-08-01 13:15:00,14928.25,14942.95,14852.45,14871.5,0
2025-08-01 14:15:00,14871.65,14875.0,14769.9,14771.1,0
2025-08-01 15:15:00,14771.1,14806.75,14758.95,14794.5,0
2025-08-04 09:15:00,14812.9,14882.95,14708.8,14837.25,0
2025-08-04 10:15:00,14838.7,14861.0,14777.1,14819.15,0
2025-08-04 11:15:00,14819.4,14918.25,14815.3,14902.7,0
2025-08-04 12:15:00,14903.35,14960.45,14900.6,14947.1,0
2025-08-04 13:15:00,14947.4,15002.95,14930.95,14998.15,0
2025-08-04 14:15:00,14998.15,15048.55,14990.1,15038.7,0
2025-08-04 15:15:00,15038.7,15050.95,15033.7,15046.85,0
2025-08-05 09:15:00,15055.8,15058.3,14870.7,14900.35,0
2025-08-05 10:15:00,14900.8,14932.3,14827.15,14890.15,0
2025-08-05 11:15:00,14889.75,14947.15,14885.0,14927.7,0
2025-08-05 12:15:00,14927.3,14945.7,14857.85,14872.65,0
2025-08-05 13:15:00,14872.55,14874.0,14812.25,14826.0,0
2025-08-05 14:15:00,14826.25,14885.15,14806.05,14884.3,0
2025-08-05 15:15:00,14885.15,14885.85,14853.85,14864.1,0
2025-08-06 09:15:00,14901.6,14909.35,14698.8,14723.55,0
2025-08-06 10:15:00,14722.75,14762.35,14650.8,14664.4,0
2025-08-06 11:15:00,14664.7,14796.7,14639.6,14785.35,0
2025-08-06 12:15:00,14786.75,14815.55,14736.45,14775.0,0
2025-08-06 13:15:00,14774.45,14795.55,14736.35,14748.15,0
2025-08-06 14:15:00,14748.05,14761.9,14710.75,14712.15,0
2025-08-06 15:15:00,14712.15,14723.7,14699.25,14703.95,0
2025-08-07 09:15:00,14636.65,14807.7,14627.05,14756.4,0
2025-08-07 10:15:00,14757.0,14773.0,14682.7,14691.95,0
2025-08-07 11:15:00,14691.05,14722.85,14666.85,14720.75,0
2025-08-07 12:15:00,14720.95,14743.3,14690.45,14694.65,0
2025-08-07 13:15:00,14694.95,14777.45,14646.4,14771.1,0
2025-08-07 14:15:00,14771.2,14920.5,14771.2,14916.15,0
2025-08-07 15:15:00,14916.15,14959.6,14914.5,14944.7,0
2025-08-08 09:15:00,14979.1,14979.1,14766.0,14802.8,0
2025-08-08 10:15:00,14804.4,14827.35,14744.75,14777.6,0
2025-08-08 11:15:00,14777.25,14813.65,14759.65,14797.55,0
2025-08-08 12:15:00,14797.45,14810.4,14752.3,14758.8,0
2025-08-08 13:15:00,14758.75,14776.9,14702.25,14710.25,0
2025-08-08 14:15:00,14710.45,14726.9,14636.3,14644.0,0
2025-08-08 15:15:00,14644.0,14650.3,14626.7,14626.7,0
2025-08-11 09:15:00,14660.8,14714.85,14615.65,14693.1,0
2025-08-11 10:15:00,14694.3,14789.05,14689.5,14754.35,0
2025-08-11 11:15:00,14754.95,14780.1,14704.65,14754.7,0
2025-08-11 12:15:00,14754.5,14817.85,14752.95,14796.95,0
2025-08-11 13:15:00,14797.9,14838.15,14775.45,14837.1,0
2025-08-11 14:15:00,14836.75,14844.05,14811.1,14813.55,0
2025-08-11 15:15:00,14813.55,14823.4,14801.05,14814.7,0
2025-08-12 09:15:00,14845.65,14869.7,14775.4,14827.25,0
2025-08-12 10:15:00,14828.6,14837.7,14742.4,14758.2,0
2025-08-12 11:15:00,14758.25,14787.45,14746.6,14784.8,0
2025-08-12 12:15:00,14785.5,14808.2,14782.15,14790.8,0
2025-08-12 13:15:00,14791.4,14823.8,14774.1,14787.85,0
2025-08-12 14:15:00,14787.9,14787.9,14720.2,14736.35,0
2025-08-12 15:15:00,14736.35,14745.15,14726.05,14728.5,0
2025-08-13 09:15:00,14801.4,14954.45,14795.9,14936.95,0
2025-08-13 10:15:00,14937.15,14956.1,14892.3,14909.35,0
2025-08-13 11:15:00,14909.35,14925.9,14847.75,14906.7,0
2025-08-13 12:15:00,14906.85,14967.95,14903.85,14949.95,0
2025-08-13 13:15:00,14950.0,14970.15,14941.55,14958.0,0
2025-08-13 14:15:00,14958.05,14970.4,14939.5,14942.4,0
2025-08-13 15:15:00,14942.4,14956.4,14940.6,14946.95,0
2025-08-14 09:15:00,14965.55,15007.8,14861.7,14888.45,0
2025-08-14 10:15:00,14888.45,14923.85,14876.5,14894.35,0
2025-08-14 11:15:00,14893.95,14921.05,14867.3,14916.7,0
2025-08-14 12:15:00,14916.25,14947.5,14913.7,14923.2,0
2025-08-14 13:15:00,14923.4,14937.75,14898.95,14919.6,0
2025-08-14 14:15:00,14920.2,14940.05,14889.15,14928.7,0
2025-08-14 15:15:00,14928.7,14934.75,14921.35,14932.0,0
2025-08-18 09:15:00,15115.95,15253.2,15084.35,15248.2,0
2025-08-18 10:15:00,15248.85,15300.85,15245.25,15270.65,0
2025-08-18 11:15:00,15271.35,15275.8,15214.65,15215.55,0
2025-08-18 12:15:00,15215.2,15245.55,15203.15,15233.45,0
2025-08-18 13:15:00,15233.7,15234.45,15181.65,15200.55,0
2025-08-18 14:15:00,15200.45,15223.5,15168.05,15174.05,0
2025-08-18 15:15:00,15174.05,15197.35,15169.6,15191.65,0
2025-08-19 09:15:00,15221.45,15224.1,15078.3,15145.95,0
2025-08-19 10:15:00,15146.25,15188.35,15139.1,15185.1,0
2025-08-19 11:15:00,15185.45,15232.25,15171.7,15228.1,0
2025-08-19 12:15:00,15227.7,15247.85,15211.65,15228.1,0
2025-08-19 13:15:00,15228.35,15236.45,15198.4,15224.75,0
2025-08-19 14:15:00,15225.15,15275.0,15222.2,15260.25,0
2025-08-19 15:15:00,15260.25,15273.75,15251.75,15273.7,0
2025-08-20 09:15:00,15271.15,15309.7,15221.9,15305.6,0
2025-08-20 10:15:00,15306.5,15341.25,15301.55,15332.45,0
2025-08-20 11:15:00,15331.9,15372.55,15323.4,15362.65,0
2025-08-20 12:15:00,15363.0,15396.9,15358.45,15390.6,0
2025-08-20 13:15:00,15390.85,15397.1,15361.0,15388.1,0
2025-08-20 14:15:00,15388.3,15404.55,15371.45,15374.85,0
2025-08-20 15:15:00,15374.85,15374.85,15357.95,15359.4,0
2025-08-21 09:15:00,15421.7,15429.25,15323.0,15367.85,0
2025-08-21 10:15:00,15368.1,15420.7,15365.55,15413.7,0
2025-08-21 11:15:00,15413.0,15417.65,15277.1,15299.8,0
2025-08-21 12:15:00,15298.55,15298.95,15234.45,15262.65,0
2025-08-21 13:15:00,15262.95,15269.85,15203.35,15252.1,0
2025-08-21 14:15:00,15252.25,15262.95,15214.45,15226.0,0
2025-08-21 15:15:00,15225.05,15237.4,15214.3,15220.7,0
2025-08-22 09:15:00,15249.05,15310.2,15213.4,15267.2,0
2025-08-22 10:15:00,15267.85,15272.95,15232.1,15248.05,0
2025-08-22 11:15:00,15248.15,15293.85,15236.05,15260.5,0
2025-08-22 12:15:00,15261.55,15267.05,15247.35,15254.35,0
2025-08-22 13:15:00,15254.85,15316.65,15240.25,15304.2,0
2025-08-22 14:15:00,15304.4,15310.85,15258.75,15270.9,0
2025-08-22 15:15:00,15270.9,15272.85,15243.3,15256.95,0
2025-08-25 09:15:00,15353.15,15363.6,15292.45,15305.55,0
2025-08-25 10:15:00,15305.45,15377.85,15298.25,15359.35,0
2025-08-25 11:15:00,15359.75,15376.65,15348.1,15368.15,0
2025-08-25 12:15:00,15368.45,15379.85,15358.45,15378.95,0
2025-08-25 13:15:00,15378.8,15380.7,15351.65,15355.8,0
2025-08-25 14:15:00,15356.3,15361.45,15282.5,15287.1,0
2025-08-25 15:15:00,15287.2,15296.5,15281.65,15284.6,0
2025-08-26 09:15:00,15219.35,15249.25,15038.5,15109.8,0
2025-08-26 10:15:00,15109.8,15123.05,15073.75,15078.15,0
2025-08-26 11:15:00,15078.2,15105.35,15055.05,15055.75,0
2025-08-26 12:15:00,15055.9,15067.8,15025.45,15049.25,0
2025-08-26 13:15:00,15048.5,15062.0,15007.95,15009.65,0
2025-08-26 14:15:00,15009.65,15017.95,14961.7,14964.85,0
2025-08-26 15:15:00,14963.6,14974.0,14947.05,14971.9,0
2025-08-28 09:15:00,14975.95,14984.2,14801.6,14897.6,0
2025-08-28 10:15:00,14896.55,14947.45,14872.5,14922.9,0
2025-08-28 11:15:00,14922.4,14934.05,14893.95,14909.9,0
2025-08-28 12:15:00,14910.15,14912.3,14853.3,14861.2,0
2025-08-28 13:15:00,14861.2,14902.3,14843.05,14892.35,0
2025-08-28 14:15:00,14892.7,14904.1,14800.1,14810.0,0
2025-08-28 15:15:00,14810.0,14819.35,14793.45,14812.85,0
2025-08-29 09:15:00,14820.05,14875.2,14719.1,14737.9,0
2025-08-29 10:15:00,14737.8,14873.6,14726.65,14867.0,0
2025-08-29 11:15:00,14866.55,14905.5,14850.8,14872.75,0
2025-08-29 12:15:00,14872.4,14874.9,14759.5,14759.5,0
2025-08-29 13:15:00,14759.85,14776.9,14713.0,14740.2,0
2025-08-29 14:15:00,14740.05,14749.1,14643.0,14646.05,0
2025-08-29 15:15:00,14646.05,14693.3,14638.2,14692.75,0
2025-09-01 09:15:00,14715.7,14913.65,14703.55,14867.85,0
2025-09-01 10:15:00,14868.3,14896.35,14831.7,14892.4,0
2025-09-01 11:15:00,14892.35,14934.05,14888.4,14910.85,0
2025-09-01 12:15:00,14911.2,14963.95,14906.65,14962.75,0
2025-09-01 13:15:00,14962.75,14977.3,14938.25,14952.85,0
2025-09-01 14:15:00,14953.35,14985.3,14942.4,14980.25,0
2025-09-01 15:15:00,14980.25,14993.4,14974.35,14983.4,0
2025-09-02 09:15:00,15024.25,15069.85,14906.5,15066.5,0
2025-09-02 10:15:00,15066.8,15091.9,15053.05,15079.9,0
2025-09-02 11:15:00,15079.1,15085.6,15061.9,15077.35,0
2025-09-02 12:15:00,15077.9,15087.7,15046.65,15047.3,0
2025-09-02 13:15:00,15048.45,15049.25,14943.5,14974.25,0
2025-09-02 14:15:00,14974.15,14995.6,14951.15,14969.4,0
2025-09-02 15:15:00,14969.4,14973.35,14952.0,14963.2,0
2025-09-03 09:15:00,14992.4,15017.05,14914.0,15005.5,0
2025-09-03 10:15:00,15005.4,15006.85,14930.85,14943.1,0
2025-09-03 11:15:00,14943.55,15010.0,14932.4,15006.35,0
2025-09-03 12:15:00,15005.95,15033.5,14985.7,15015.2,0
2025-09-03 13:15:00,15015.05,15067.05,15002.7,15062.4,0
2025-09-03 14:15:00,15062.4,15085.35,15050.95,15081.4,0
2025-09-03 15:15:00,15081.4,15099.85,15072.75,15086.1,0
2025-09-04 09:15:00,15250.95,15263.75,15124.05,15167.25,0
2025-09-04 10:15:00,15165.15,15190.9,15117.25,15127.75,0
2025-09-04 11:15:00,15127.75,15153.9,15108.55,15128.35,0
2025-09-04 12:15:00,15128.6,15152.1,15090.45,15127.05,0
2025-09-04 13:15:00,15127.15,15136.15,15090.65,15103.05,0
2025-09-04 14:15:00,15103.2,15115.2,15065.0,15071.3,0
2025-09-04 15:15:00,15071.3,15098.35,15060.85,15081.95,0
2025-09-05 09:15:00,15136.6,15273.7,15118.3,15132.75,0
2025-09-05 10:15:00,15133.9,15168.35,15071.75,15117.1,0
2025-09-05 11:15:00,15117.8,15152.8,15078.2,15078.4,0
2025-09-05 12:15:00,15078.0,15114.15,15059.6,15114.15,0
2025-09-05 13:15:00,15114.7,15202.9,15114.4,15179.1,0
2025-09-05 14:15:00,15179.4,15190.8,15116.9,15122.95,0
2025-09-05 15:15:00,15122.95,15145.3,15122.6,15145.3,0
2025-09-08 09:15:00,15177.35,15281.95,15142.6,15252.5,0
2025-09-08 10:15:00,15251.75,15278.8,15222.15,15269.25,0
2025-09-08 11:15:00,15269.2,15305.35,15256.45,15291.7,0
2025-09-08 12:15:00,15292.2,15324.2,15282.9,15318.6,0
2025-09-08 13:15:00,15319.35,15327.65,15255.2,15274.2,0
2025-09-08 14:15:00,15274.85,15306.4,15223.95,15238.5,0
2025-09-08 15:15:00,15237.05,15269.1,15226.6,15266.65,0
2025-09-09 09:15:00,15281.5,15320.15,15233.45,15276.15,0
2025-09-09 10:15:00,15275.5,15276.95,15238.25,15259.85,0
2025-09-09 11:15:00,15259.85,15281.8,15243.5,15266.7,0
2025-09-09 12:15:00,15266.7,15293.1,15266.7,15284.35,0
2025-09-09 13:15:00,15284.55,15305.55,15274.2,15293.5,0
2025-09-09 14:15:00,15293.6,15310.0,15278.75,15294.05,0
2025-09-09 15:15:00,15294.05,15323.15,15290.95,15307.75,0
2025-09-10 09:15:00,15413.4,15504.7,15386.5,15503.55,0
2025-09-10 10:15:00,15503.7,15533.25,15476.3,15504.8,0
2025-09-10 11:15:00,15506.2,15507.6,15392.5,15427.05,0
2025-09-10 12:15:00,15427.25,15448.7,15419.35,15426.05,0
2025-09-10 13:15:00,15427.2,15436.7,15399.3,15428.5,0
2025-09-10 14:15:00,15428.3,15429.35,15385.55,15420.8,0
2025-09-10 15:15:00,15420.8,15441.55,15415.85,15434.65,0
2025-09-11 09:15:00,15435.65,15458.6,15362.25,15395.3,0
2025-09-11 10:15:00,15394.95,15427.0,15391.15,15415.1,0
2025-09-11 11:15:00,15414.95,15435.8,15326.85,15372.95,0
2025-09-11 12:15:00,15372.85,15390.35,15351.35,15368.2,0
2025-09-11 13:15:00,15368.55,15369.8,15321.5,15348.75,0
2025-09-11 14:15:00,15348.95,15370.65,15336.4,15351.95,0
2025-09-11 15:15:00,15351.85,15392.65,15350.95,15377.9,0
2025-09-12 09:15:00,15452.85,15481.8,15419.85,15467.85,0
2025-09-12 10:15:00,15467.5,15485.5,15452.75,15456.4,0
2025-09-12 11:15:00,15456.4,15487.1,15443.45,15447.7,0
2025-09-12 12:15:00,15447.4,15468.15,15435.45,15453.35,0
2025-09-12 13:15:00,15453.0,15457.9,15435.65,15442.7,0
2025-09-12 14:15:00,15443.45,15447.05,15420.45,15434.25,0
2025-09-12 15:15:00,15434.75,15458.9,15430.8,15444.55,0
2025-09-15 09:15:00,15491.25,15514.25,15404.65,15424.6,0
2025-09-15 10:15:00,15426.25,15451.05,15409.95,15423.15,0
2025-09-15 11:15:00,15424.55,15468.1,15416.25,15453.95,0
2025-09-15 12:15:00,15454.0,15488.75,15451.45,15487.1,0
2025-09-15 13:15:00,15487.2,15491.3,15438.75,15454.4,0
2025-09-15 14:15:00,15454.45,15472.65,15440.7,15442.1,0
2025-09-15 15:15:00,15442.45,15455.55,15438.8,15446.75,0
2025-09-16 09:15:00,15476.5,15507.35,15410.2,15482.55,0
2025-09-16 10:15:00,15482.1,15502.1,15479.55,15501.95,0
2025-09-16 11:15:00,15501.6,15501.9,15462.25,15471.65,0
2025-09-16 12:15:00,15471.4,15490.05,15464.8,15471.0,0
2025-09-16 13:15:00,15471.1,15500.75,15468.4,15500.0,0
2025-09-16 14:15:00,15499.8,15542.7,15487.05,15541.55,0
2025-09-16 15:15:00,15541.5,15577.35,15538.5,15568.15,0
2025-09-17 09:15:00,15598.8,15634.25,15567.3,15577.6,0
2025-09-17 10:15:00,15577.65,15598.5,15561.35,15595.6,0
2025-09-17 11:15:00,15595.75,15603.8,15576.45,15599.35,0
2025-09-17 12:15:00,15599.65,15607.2,15589.35,15592.4,0
2025-09-17 13:15:00,15593.15,15595.75,15541.35,15543.05,0
2025-09-17 14:15:00,15543.05,15582.9,15536.8,15577.65,0
2025-09-17 15:15:00,15577.65,15580.3,15561.0,15569.45,0
2025-09-18 09:15:00,15653.3,15668.25,15610.85,15633.95,0
2025-09-18 10:15:00,15633.65,15647.25,15628.6,15629.45,0
2025-09-18 11:15:00,15629.85,15639.95,15577.15,15592.4,0
2025-09-18 12:15:00,15592.2,15600.15,15554.85,15572.05,0
2025-09-18 13:15:00,15572.05,15606.75,15568.2,15592.5,0
2025-09-18 14:15:00,15592.4,15639.8,15583.05,15633.35,0
2025-09-18 15:15:00,15633.4,15656.05,15629.25,15646.1,0
2025-09-19 09:15:00,15643.05,15670.95,15627.95,15655.9,0
2025-09-19 10:15:00,15656.15,15660.0,15602.9,15608.5,0
2025-09-19 11:15:00,15608.55,15646.6,15604.45,15645.85,0
2025-09-19 12:15:00,15646.15,15651.0,15621.1,15645.55,0
2025-09-19 13:15:00,15645.95,15677.55,15636.85,15667.65,0
2025-09-19 14:15:00,15667.8,15669.9,15632.7,15639.0,0
2025-09-19 15:15:00,15639.0,15665.1,15636.25,15665.1,0
2025-09-22 09:15:00,15546.85,15597.25,15506.45,15566.15,0
2025-09-22 10:15:00,15567.1,15578.6,15540.1,15544.9,0
2025-09-22 11:15:00,15545.2,15552.25,15511.1,15544.25,0
2025-09-22 12:15:00,15544.6,15572.15,15534.5,15551.0,0
2025-09-22 13:15:00,15551.0,15552.05,15481.55,15490.95,0
2025-09-22 14:15:00,15490.95,15491.65,15387.35,15425.55,0
2025-09-22 15:15:00,15425.0,15429.85,15413.1,15426.1,0
2025-09-23 09:15:00,15428.7,15466.55,15337.75,15383.1,0
2025-09-23 10:15:00,15382.25,15404.5,15352.2,15352.2,0
2025-09-23 11:15:00,15352.45,15402.8,15335.7,15393.7,0
2025-09-23 12:15:00,15393.25,15424.95,15378.75,15383.65,0
2025-09-23 13:15:00,15384.1,15443.65,15378.5,15414.1,0
2025-09-23 14:15:00,15413.15,15420.55,15393.15,15409.5,0
2025-09-23 15:15:00,15409.5,15413.85,15397.75,15407.9,0
2025-09-24 09:15:00,15381.85,15397.95,15264.2,15310.2,0
2025-09-24 10:15:00,15310.7,15330.5,15247.85,15265.4,0
2025-09-24 11:15:00,15265.15,15278.8,15220.3,15255.6,0
2025-09-24 12:15:00,15255.75,15287.45,15250.05,15257.0,0
2025-09-24 13:15:00,15256.75,15268.7,15198.35,15216.65,0
2025-09-24 14:15:00,15216.75,15227.2,15172.2,15176.45,0
2025-09-24 15:15:00,15176.45,15180.5,15149.3,15162.75,0
2025-09-25 09:15:00,15187.8,15255.25,15143.35,15199.6,0
2025-09-25 10:15:00,15199.6,15214.75,15172.8,15205.45,0
2025-09-25 11:15:00,15205.9,15221.85,15146.1,15149.7,0
2025-09-25 12:15:00,15150.05,15166.8,15142.0,15149.3,0
2025-09-25 13:15:00,15149.2,15171.15,15110.0,15122.05,0
2025-09-25 14:15:00,15121.85,15127.2,15037.75,15041.6,0
2025-09-25 15:15:00,15041.4,15059.85,15030.05,15053.7,0
2025-09-26 09:15:00,15012.95,15059.85,14941.1,14981.65,0
2025-09-26 10:15:00,14980.8,15003.55,14943.4,14946.8,0
2025-09-26 11:15:00,14946.9,14946.9,14891.9,14909.7,0
2025-09-26 12:15:00,14909.65,14910.85,14834.55,14834.85,0
2025-09-26 13:15:00,14835.25,14836.95,14731.85,14757.0,0
2025-09-26 14:15:00,14757.0,14782.6,14721.3,14745.25,0
2025-09-26 15:15:00,14745.25,14775.9,14734.1,14775.2,0
2025-09-29 09:15:00,14814.55,14895.8,14797.15,14864.4,0
2025-09-29 10:15:00,14865.1,14898.75,14827.6,14832.75,0
2025-09-29 11:15:00,14833.05,14844.95,14732.4,14738.15,0
2025-09-29 12:15:00,14738.85,14803.65,14734.0,14798.2,0
2025-09-29 13:15:00,14798.1,14857.5,14778.85,14837.5,0
2025-09-29 14:15:00,14838.7,14862.7,14776.85,14800.6,0
2025-09-29 15:15:00,14800.6,14812.9,14767.3,14786.25,0
2025-09-30 09:15:00,14840.5,14869.7,14727.65,14743.1,0
2025-09-30 10:15:00,14742.3,14752.9,14696.25,14732.2,0
2025-09-30 11:15:00,14732.25,14744.1,14707.9,14734.1,0
2025-09-30 12:15:00,14733.55,14750.8,14704.8,14713.6,0
2025-09-30 13:15:00,14714.5,14717.2,14675.6,14683.5,0
2025-09-30 14:15:00,14683.6,14766.7,14647.95,14744.85,0
2025-09-30 15:15:00,14744.85,14761.35,14738.15,14758.65,0
2025-10-01 09:15:00,14766.25,14860.65,14745.45,14798.6,0
2025-10-01 10:15:00,14798.3,14823.0,14723.55,14755.9,0
2025-10-01 11:15:00,14756.65,14867.15,14756.45,14857.1,0
2025-10-01 12:15:00,14855.85,14865.15,14792.15,14814.6,0
2025-10-01 13:15:00,14814.65,14858.9,14811.8,14858.9,0
2025-10-01 14:15:00,14858.6,14884.25,14850.7,14868.15,0
2025-10-01 15:15:00,14868.15,14881.15,14859.95,14873.1,0
2025-10-03 09:15:00,14886.6,14948.55,14844.55,14926.05,0
2025-10-03 10:15:00,14925.45,14947.7,14898.35,14946.25,0
2025-10-03 11:15:00,14946.35,14960.45,14929.0,14939.45,0
2025-10-03 12:15:00,14939.3,14948.65,14908.7,14945.4,0
2025-10-03 13:15:00,14944.6,14945.75,14917.0,14928.85,0
2025-10-03 14:15:00,14929.1,14986.55,14928.1,14976.55,0
2025-10-03 15:15:00,14976.55,14998.85,14972.65,14993.85,0
2025-10-06 09:15:00,14994.5,15095.4,14993.6,15091.95,0
2025-10-06 10:15:00,15093.3,15107.85,15080.55,15103.0,0
2025-10-06 11:15:00,15102.55,15118.9,15078.95,15110.5,0
2025-10-06 12:15:00,15110.9,15129.15,15100.8,15120.4,0
2025-10-06 13:15:00,15120.4,15179.1,15116.0,15165.15,0
2025-10-06 14:15:00,15165.5,15199.4,15158.25,15194.25,0
2025-10-06 15:15:00,15194.25,15203.55,15192.0,15196.5,0
2025-10-07 09:15:00,15225.3,15295.05,15180.75,15250.05,0
2025-10-07 10:15:00,15250.45,15282.45,15244.5,15254.65,0
2025-10-07 11:15:00,15254.5,15257.35,15211.8,15247.6,0
2025-10-07 12:15:00,15247.15,15314.4,15231.2,15298.8,0
2025-10-07 13:15:00,15299.25,15318.85,15275.75,15316.2,0
2025-10-07 14:15:00,15316.1,15328.1,15288.45,15303.15,0
2025-10-07 15:15:00,15303.15,15316.85,15301.15,15304.5,0
2025-10-08 09:15:00,15305.85,15357.2,15264.55,15272.85,0
2025-10-08 10:15:00,15271.9,15273.1,15174.5,15177.35,0
2025-10-08 11:15:00,15177.35,15210.7,15160.65,15208.55,0
2025-10-08 12:15:00,15208.95,15264.25,15192.35,15260.4,0
2025-10-08 13:15:00,15260.05,15287.6,15239.6,15247.85,0
2025-10-08 14:15:00,15247.65,15247.65,15161.9,15161.9,0
2025-10-08 15:15:00,15161.9,15188.95,15159.8,15171.75,0
2025-10-09 09:15:00,15216.85,15262.25,15198.5,15250.15,0
2025-10-09 10:15:00,15249.25,15302.0,15237.75,15292.65,0
2025-10-09 11:15:00,15292.9,15337.45,15281.4,15335.9,0
2025-10-09 12:15:00,15336.1,15358.1,15318.05,15334.95,0
2025-10-09 13:15:00,15334.6,15344.75,15305.65,15318.95,0
2025-10-09 14:15:00,15318.55,15356.75,15311.5,15354.6,0
2025-10-09 15:15:00,15354.6,15367.6,15345.35,15349.3,0
2025-10-10 09:15:00,15388.0,15520.8,15362.75,15515.0,0
2025-10-10 10:15:00,15515.5,15549.05,15493.55,15530.15,0
2025-10-10 11:15:00,15530.15,15581.15,15523.35,15577.05,0
2025-10-10 12:15:00,15577.5,15586.35,15563.75,15570.55,0
2025-10-10 13:15:00,15571.4,15577.1,15551.2,15567.5,0
2025-10-10 14:15:00,15568.2,15580.85,15543.0,15546.35,0
2025-10-10 15:15:00,15546.35,15566.4,15543.0,15555.85,0
2025-10-13 09:15:00,15533.7,15574.1,15456.25,15543.95,0
2025-10-13 10:15:00,15543.25,15545.65,15482.05,15497.95,0
2025-10-13 11:15:00,15497.2,15518.5,15467.95,15508.3,0
2025-10-13 12:15:00,15508.4,15539.3,15496.9,15536.7,0
2025-10-13 13:15:00,15536.35,15566.85,15523.55,15532.45,0
2025-10-13 14:15:00,15533.15,15619.0,15531.65,15616.25,0
2025-10-13 15:15:00,15616.25,15632.3,15605.6,15609.75,0
2025-10-14 09:15:00,15666.95,15696.0,15490.45,15505.0,0
2025-10-14 10:15:00,15504.9,15530.05,15465.9,15476.55,0
2025-10-14 11:15:00,15476.8,15477.7,15400.2,15415.85,0
2025-10-14 12:15:00,15416.05,15432.15,15399.25,15401.35,0
2025-10-14 13:15:00,15401.3,15438.45,15385.6,15414.4,0
2025-10-14 14:15:00,15414.2,15447.8,15398.65,15412.1,0
2025-10-14 15:15:00,15412.1,15423.05,15386.5,15398.0,0
2025-10-15 09:15:00,15484.25,15614.15,15481.25,15612.75,0
2025-10-15 10:15:00,15612.9,15627.0,15571.05,15574.7,0
2025-10-15 11:15:00,15574.7,15613.45,15562.75,15591.2,0
2025-10-15 12:15:00,15591.45,15615.0,15578.6,15579.65,0
2025-10-15 13:15:00,15579.6,15601.8,15540.55,15553.5,0
2025-10-15 14:15:00,15552.25,15585.85,15548.2,15574.1,0
2025-10-15 15:15:00,15574.1,15577.7,15556.4,15570.6,0
2025-10-16 09:15:00,15619.75,15648.15,15567.6,15620.55,0
2025-10-16 10:15:00,15620.1,15690.3,15618.5,15675.7,0
2025-10-16 11:15:00,15675.55,15689.25,15661.65,15679.15,0
2025-10-16 12:15:00,15679.5,15697.1,15659.65,15673.3,0
2025-10-16 13:15:00,15674.15,15676.5,15646.4,15654.3,0
2025-10-16 14:15:00,15655.05,15674.8,15651.6,15652.8,0
2025-10-16 15:15:00,15652.8,15653.35,15638.0,15645.65,0
2025-10-17 09:15:00,15654.6,15659.55,15539.8,15596.45,0
2025-10-17 10:15:00,15595.8,15678.0,15580.95,15658.4,0
2025-10-17 11:15:00,15658.0,15671.35,15597.1,15622.0,0
2025-10-17 12:15:00,15621.95,15639.4,15515.45,15533.8,0
2025-10-17 13:15:00,15533.45,15546.65,15462.45,15522.8,0
2025-10-17 14:15:00,15522.55,15548.5,15509.05,15518.55,0
2025-10-17 15:15:00,15518.55,15542.75,15514.0,15539.65,0
2025-10-20 09:15:00,15599.5,15686.6,15583.1,15635.4,0
2025-10-20 10:15:00,15635.85,15696.95,15629.05,15678.2,0
2025-10-20 11:15:00,15678.0,15710.45,15663.05,15692.95,0
2025-10-20 12:15:00,15693.05,15711.75,15684.3,15697.2,0
2025-10-20 13:15:00,15697.0,15708.25,15682.2,15698.25,0
2025-10-20 14:15:00,15697.65,15707.05,15650.05,15657.8,0
2025-10-20 15:15:00,15657.8,15676.05,15656.9,15668.35,0
2025-10-21 13:45:00,15743.5,15750.9,15647.25,15651.85,0
2025-10-23 09:15:00,15796.0,15827.4,15684.85,15822.45,0
2025-10-23 10:15:00,15822.25,15846.5,15799.95,15816.95,0
2025-10-23 11:15:00,15817.85,15835.4,15805.1,15831.65,0
2025-10-23 12:15:00,15830.75,15845.1,15820.2,15826.75,0
2025-10-23 13:15:00,15826.6,15832.8,15769.05,15789.75,0
2025-10-23 14:15:00,15789.65,15799.4,15662.25,15664.4,0
2025-10-23 15:15:00,15663.3,15698.4,15661.2,15690.3,0
2025-10-24 09:15:00,15719.3,15787.95,15674.4,15745.4,0
2025-10-24 10:15:00,15744.85,15748.2,15672.6,15685.65,0
2025-10-24 11:15:00,15685.35,15720.8,15664.15,15711.05,0
2025-10-24 12:15:00,15710.7,15722.7,15678.9,15697.2,0
2025-10-24 13:15:00,15697.6,15699.85,15595.5,15629.35,0
2025-10-24 14:15:00,15627.95,15667.7,15613.45,15660.75,0
2025-10-24 15:15:00,15659.6,15671.3,15658.5,15663.25,0
2025-10-27 09:15:00,15767.0,15804.6,15737.0,15788.2,0
2025-10-27 10:15:00,15788.6,15839.35,15788.0,15828.3,0
2025-10-27 11:15:00,15829.25,15882.15,15820.95,15866.35,0
2025-10-27 12:15:00,15866.25,15887.95,15852.95,15864.0,0
2025-10-27 13:15:00,15864.25,15885.95,15844.0,15865.55,0
2025-10-27 14:15:00,15865.2,15890.9,15862.55,15882.6,0
2025-10-27 15:15:00,15882.7,15898.2,15878.9,15884.7,0
2025-10-28 09:15:00,15878.3,15932.9,15854.6,15883.6,0
2025-10-28 10:15:00,15883.65,15887.5,15824.25,15835.35,0
2025-10-28 11:15:00,15834.7,15873.7,15824.85,15841.9,0
2025-10-28 12:15:00,15841.25,15918.6,15838.25,15901.0,0
2025-10-28 13:15:00,15901.2,15922.7,15868.35,15880.75,0
2025-10-28 14:15:00,15880.85,15940.8,15843.2,15938.55,0
2025-10-28 15:15:00,15938.2,15949.95,15927.25,15939.4,0
2025-10-29 09:15:00,15915.2,15934.0,15840.65,15882.2,0
2025-10-29 10:15:00,15882.45,15951.75,15875.6,15902.7,0
2025-10-29 11:15:00,15902.5,15921.85,15886.85,15914.3,0
2025-10-29 12:15:00,15915.0,15931.2,15906.8,15928.3,0
2025-10-29 13:15:00,15928.15,15937.05,15908.35,15927.95,0
2025-10-29 14:15:00,15927.65,15941.5,15917.4,15933.8,0
2025-10-29 15:15:00,15933.8,15978.9,15933.8,15966.95,0
2025-10-30 09:15:00,16022.75,16024.95,15883.75,15919.05,0
2025-10-30 10:15:00,15918.85,15960.25,15899.6,15955.95,0
2025-10-30 11:15:00,15956.45,15980.15,15939.55,15950.35,0
2025-10-30 12:15:00,15951.35,15987.9,15935.3,15985.15,0
2025-10-30 13:15:00,15985.4,15989.25,15937.2,15967.15,0
2025-10-30 14:15:00,15967.55,15988.6,15956.05,15987.05,0
2025-10-30 15:15:00,15987.05,16001.0,15981.0,15987.8,0
2025-10-31 09:15:00,16000.05,16072.05,15967.7,16048.25,0
2025-10-31 10:15:00,16048.55,16066.25,15950.05,15998.25,0
2025-10-31 11:15:00,15998.25,16088.15,15998.05,16046.85,0
2025-10-31 12:15:00,16046.6,16089.85,16041.2,16089.7,0
2025-10-31 13:15:00,16089.7,16093.2,16059.95,16088.8,0
2025-10-31 14:15:00,16088.1,16095.4,15980.55,15983.8,0
2025-10-31 15:15:00,15981.95,16011.85,15976.85,16004.35,0
2025-11-03 09:15:00,16011.9,16058.95,15977.35,16022.8,0
2025-11-03 10:15:00,16021.95,16111.35,16012.55,16109.65,0
2025-11-03 11:15:00,16109.3,16115.85,16064.65,16079.15,0
2025-11-03 12:15:00,16078.3,16125.9,16076.3,16110.85,0
2025-11-03 13:15:00,16111.15,16132.1,16107.95,16131.7,0
2025-11-03 14:15:00,16131.5,16202.75,16129.95,16157.85,0
2025-11-03 15:15:00,16157.8,16171.3,16148.3,16154.75,0
2025-11-04 09:15:00,16164.7,16180.75,16096.75,16131.8,0
2025-11-04 10:15:00,16131.8,16145.3,16072.95,16090.3,0
2025-11-04 11:15:00,16090.3,16091.45,16053.25,16082.4,0
2025-11-04 12:15:00,16080.15,16094.9,16050.7,16070.15,0
2025-11-04 13:15:00,16069.75,16075.55,16027.95,16036.9,0
2025-11-04 14:15:00,16036.75,16048.9,16020.05,16034.95,0
2025-11-04 15:15:00,16034.9,16040.85,16021.6,16027.0,0
2025-11-06 09:15:00,16042.8,16074.3,15950.4,15954.8,0
2025-11-06 10:15:00,15955.05,15958.95,15901.4,15913.1,0
2025-11-06 11:15:00,15912.85,15916.15,15861.95,15864.25,0
2025-11-06 12:15:00,15863.6,15941.75,15845.3,15913.5,0
2025-11-06 13:15:00,15912.1,15931.3,15861.85,15895.15,0
2025-11-06 14:15:00,15896.1,15934.4,15867.8,15876.8,0
2025-11-06 15:15:00,15876.8,15891.9,15860.6,15879.0,0
2025-11-07 09:15:00,15861.6,15863.2,15688.75,15810.5,0
2025-11-07 10:15:00,15809.85,15923.1,15799.4,15841.75,0
2025-11-07 11:15:00,15841.6,15880.55,15837.4,15858.4,0
2025-11-07 12:15:00,15859.0,15970.55,15852.85,15952.15,0
2025-11-07 13:15:00,15952.5,16014.4,15941.0,15978.9,0
2025-11-07 14:15:00,15978.7,16042.15,15971.75,15987.85,0
2025-11-07 15:15:00,15987.85,16013.45,15983.8,15991.2,0
2025-11-10 09:15:00,16021.2,16072.0,15990.25,16012.35,0
2025-11-10 10:15:00,16014.0,16071.65,16011.3,16070.3,0
2025-11-10 11:15:00,16069.45,16106.55,16063.75,16072.25,0
2025-11-10 12:15:00,16072.95,16091.85,16049.5,16057.25,0
2025-11-10 13:15:00,16058.2,16094.6,16046.75,16088.4,0
2025-11-10 14:15:00,16088.75,16108.7,16031.9,16043.1,0
2025-11-10 15:15:00,16043.1,16049.0,16021.3,16041.9,0
2025-11-11 09:15:00,16090.2,16109.15,16012.75,16040.35,0
2025-11-11 10:15:00,16039.65,16066.55,16001.4,16014.35,0
2025-11-11 11:15:00,16013.1,16073.75,15991.75,16066.75,0
2025-11-11 12:15:00,16066.95,16114.5,16058.2,16107.2,0
2025-11-11 13:15:00,16107.4,16139.65,16107.4,16126.8,0
2025-11-11 14:15:00,16127.15,16182.5,16124.7,16180.25,0
2025-11-11 15:15:00,16180.25,16200.45,16176.65,16191.5,0
2025-11-12 09:15:00,16326.1,16395.95,16300.75,16365.9,0
2025-11-12 10:15:00,16366.45,16399.7,16356.45,16366.25,0
2025-11-12 11:15:00,16365.8,16431.05,16361.1,16423.4,0
2025-11-12 12:15:00,16424.2,16512.6,16422.7,16492.5,0
2025-11-12 13:15:00,16492.35,16535.95,16473.8,16476.05,0
2025-11-12 14:15:00,16476.15,16493.65,16451.45,16485.85,0
2025-11-12 15:15:00,16485.85,16487.85,16436.0,16439.0,0
2025-11-13 09:15:00,16481.85,16543.9,16418.0,16531.15,0
2025-11-13 10:15:00,16529.65,16559.45,16513.5,16528.25,0
2025-11-13 11:15:00,16528.8,16541.75,16520.85,16530.15,0
2025-11-13 12:15:00,16530.95,16533.1,16468.5,16487.1,0
2025-11-13 13:15:00,16486.9,16507.65,16426.6,16437.55,0
2025-11-13 14:15:00,16438.2,16463.65,16343.5,16369.8,0
2025-11-13 15:15:00,16369.8,16377.45,16357.9,16371.2,0
2025-11-14 09:15:00,16344.5,16443.8,16322.1,16373.1,0
2025-11-14 10:15:00,16373.8,16399.85,16321.5,16393.2,0
2025-11-14 11:15:00,16394.25,16407.1,16362.6,16397.35,0
2025-11-14 12:15:00,16398.7,16414.35,16306.3,16322.25,0
2025-11-14 13:15:00,16322.35,16349.0,16303.25,16320.55,0
2025-11-14 14:15:00,16320.05,16414.95,16290.15,16402.1,0
2025-11-14 15:15:00,16402.1,16419.55,16394.15,16409.0,0
2025-11-17 09:15:00,16470.25,16507.9,16418.6,16487.75,0
2025-11-17 10:15:00,16487.65,16495.6,16439.8,16472.75,0
2025-11-17 11:15:00,16473.3,16507.4,16451.7,16497.45,0
2025-11-17 12:15:00,16498.3,16550.15,16483.45,16530.0,0
2025-11-17 13:15:00,16530.55,16571.55,16529.4,16560.25,0
2025-11-17 14:15:00,16560.25,16575.8,16539.6,16570.0,0
2025-11-17 15:15:00,16570.0,16575.35,16559.85,16565.1,0
2025-11-18 09:15:00,16579.35,16580.7,16488.85,16507.7,0
2025-11-18 10:15:00,16506.9,16525.65,16473.4,16505.45,0
2025-11-18 11:15:00,16505.45,16544.6,16490.95,16520.5,0
2025-11-18 12:15:00,16520.6,16522.35,16485.25,16506.55,0
2025-11-18 13:15:00,16505.95,16520.9,16491.35,16515.65,0
2025-11-18 14:15:00,16515.6,16517.1,16444.25,16448.5,0
2025-11-18 15:15:00,16448.5,16453.2,16427.7,16436.7,0
2025-11-19 09:15:00,16461.95,16520.85,16405.25,16517.75,0
2025-11-19 10:15:00,16518.0,16542.85,16506.35,16520.35,0
2025-11-19 11:15:00,16518.95,16583.45,16511.35,16581.7,0
2025-11-19 12:15:00,16581.8,16621.3,16580.8,16618.25,0
2025-11-19 13:15:00,16617.85,16621.4,16573.7,16595.5,0
2025-11-19 14:15:00,16595.4,16618.2,16584.75,16585.8,0
2025-11-19 15:15:00,16585.6,16590.05,16567.1,16575.65,0
2025-11-20 09:15:00,16671.85,16689.0,16630.55,16657.75,0
2025-11-20 10:15:00,16656.75,16667.8,16628.25,16631.8,0
2025-11-20 11:15:00,16630.45,16658.05,16619.6,16652.95,0
2025-11-20 12:15:00,16653.8,16672.15,16641.4,16656.3,0
2025-11-20 13:15:00,16656.75,16680.05,16654.6,16671.2,0
2025-11-20 14:15:00,16671.55,16676.25,16562.4,16596.9,0
2025-11-20 15:15:00,16596.9,16598.25,16583.3,16588.2,0
2025-11-21 09:15:00,16571.85,16571.85,16459.85,16466.25,0
2025-11-21 10:15:00,16465.3,16474.5,16429.45,16471.95,0
2025-11-21 11:15:00,16470.6,16480.95,16433.4,16474.9,0
2025-11-21 12:15:00,16475.1,16519.15,16467.55,16487.15,0
2025-11-21 13:15:00,16488.8,16495.45,16467.5,16491.35,0
2025-11-21 14:15:00,16491.6,16494.65,16395.4,16418.7,0
2025-11-21 15:15:00,16417.75,16431.65,16391.25,16410.45,0
2025-11-24 09:15:00,16429.45,16467.6,16385.5,16465.55,0
2025-11-24 10:15:00,16466.3,16469.9,16417.15,16429.1,0
2025-11-24 11:15:00,16428.25,16450.6,16390.4,16395.4,0
2025-11-24 12:15:00,16396.75,16416.35,16372.9,16381.7,0
2025-11-24 13:15:00,16381.6,16395.95,16337.9,16353.0,0
2025-11-24 14:15:00,16353.4,16356.1,16276.5,16284.15,0
2025-11-24 15:15:00,16284.15,16288.5,16259.7,16269.55,0
2025-11-25 09:15:00,16315.35,16356.7,16257.4,16356.4,0
2025-11-25 10:15:00,16355.55,16359.4,16296.5,16314.95,0
2025-11-25 11:15:00,16314.95,16366.6,16311.35,16352.9,0
2025-11-25 12:15:00,16352.9,16365.7,16330.75,16347.15,0
2025-11-25 13:15:00,16346.75,16392.4,16337.3,16389.75,0
2025-11-25 14:15:00,16389.5,16401.5,16359.0,16390.1,0
2025-11-25 15:15:00,16389.3,16400.05,16373.6,16390.15,0
2025-11-26 09:15:00,16433.45,16585.15,16397.7,16569.1,0
2025-11-26 10:15:00,16569.8,16619.75,16547.35,16607.7,0
2025-11-26 11:15:00,16606.95,16633.2,16586.3,16605.95,0
2025-11-26 12:15:00,16606.25,16610.9,16565.45,16599.2,0
2025-11-26 13:15:00,16599.45,16605.15,16578.2,16602.25,0
2025-11-26 14:15:00,16602.05,16635.75,16583.65,16631.05,0
2025-11-26 15:15:00,16631.05,16633.55,16618.05,16620.05,0
2025-11-27 09:15:00,16666.55,16686.45,16628.65,16681.0,0
2025-11-27 10:15:00,16680.2,16692.75,16643.65,16650.65,0
2025-11-27 11:15:00,16651.15,16665.95,16627.9,16655.75,0
2025-11-27 12:15:00,16654.75,16660.45,16607.45,16607.45,0
2025-11-27 13:15:00,16608.65,16654.4,16576.3,16639.5,0
2025-11-27 14:15:00,16639.15,16691.25,16637.55,16686.4,0
2025-11-27 15:15:00,16686.4,16687.15,16671.8,16678.8,0
2025-11-28 09:15:00,16705.4,16712.3,16621.0,16660.25,0
2025-11-28 10:15:00,16659.6,16680.65,16636.5,16680.3,0
2025-11-28 11:15:00,16678.7,16695.85,16669.05,16676.9,0
2025-11-28 12:15:00,16676.85,16678.8,16639.35,16649.8,0
2025-11-28 13:15:00,16650.3,16657.95,16629.35,16642.4,0
2025-11-28 14:15:00,16642.55,16649.5,16622.55,16635.6,0
2025-11-28 15:15:00,16635.6,16648.35,16632.95,16642.6,0
2025-12-01 09:15:00,16719.4,16755.8,16699.35,16728.15,0
2025-12-01 10:15:00,16728.2,16737.4,16676.35,16687.8,0
2025-12-01 11:15:00,16688.8,16707.45,16650.1,16667.8,0
2025-12-01 12:15:00,16667.9,16675.55,16634.9,16660.5,0
2025-12-01 13:15:00,16660.4,16684.25,16633.1,16671.3,0
2025-12-01 14:15:00,16671.8,16673.3,16601.0,16656.25,0
2025-12-01 15:15:00,16656.6,16658.15,16639.85,16645.85,0
2025-12-02 09:15:00,16679.05,16713.8,16635.45,16638.95,0
2025-12-02 10:15:00,16638.25,16678.55,16625.45,16658.95,0
2025-12-02 11:15:00,16658.55,16661.3,16608.55,16624.65,0
2025-12-02 12:15:00,16623.9,16651.3,16588.4,16595.1,0
2025-12-02 13:15:00,16594.75,16634.65,16568.15,16622.45,0
2025-12-02 14:15:00,16622.35,16635.05,16579.25,16618.6,0
2025-12-02 15:15:00,16618.6,16626.25,16603.9,16621.0,0
2025-12-03 09:15:00,16637.2,16642.3,16449.3,16465.45,0
2025-12-03 10:15:00,16465.8,16466.05,16418.95,16444.85,0
2025-12-03 11:15:00,16443.85,16480.7,16419.3,16472.95,0
2025-12-03 12:15:00,16473.15,16480.7,16437.5,16464.4,0
2025-12-03 13:15:00,16465.25,16467.1,16436.25,16448.0,0
2025-12-03 14:15:00,16447.55,16448.75,16381.75,16426.7,0
2025-12-03 15:15:00,16426.7,16449.05,16415.7,16442.4,0
2025-12-04 09:15:00,16464.5,16576.9,16452.9,16557.05,0
2025-12-04 10:15:00,16557.05,16593.45,16546.4,16556.15,0
2025-12-04 11:15:00,16556.35,16568.4,16511.2,16546.05,0
2025-12-04 12:15:00,16545.75,16575.15,16529.9,16551.7,0
2025-12-04 13:15:00,16551.1,16554.65,16473.2,16491.45,0
2025-12-04 14:15:00,16492.05,16505.8,16452.3,16487.75,0
2025-12-04 15:15:00,16487.75,16487.75,16456.15,16463.95,0
2025-12-05 09:15:00,16479.5,16546.25,16446.85,16506.75,0
2025-12-05 10:15:00,16506.85,16576.6,16442.65,16576.6,0
2025-12-05 11:15:00,16575.75,16584.9,16546.1,16557.1,0
2025-12-05 12:15:00,16556.25,16616.2,16552.05,16609.8,0
2025-12-05 13:15:00,16610.4,16635.55,16601.95,16613.75,0
2025-12-05 14:15:00,16613.45,16641.0,16550.4,16638.45,0
2025-12-05 15:15:00,16638.45,16648.8,16622.6,16624.8,0
2025-12-08 09:15:00,16639.9,16733.65,16591.65,16625.65,0
2025-12-08 10:15:00,16625.8,16662.45,16572.45,16576.05,0
2025-12-08 11:15:00,16575.0,16576.4,16469.7,16469.9,0
2025-12-08 12:15:00,16469.7,16472.2,16396.95,16405.95,0
2025-12-08 13:15:00,16405.35,16405.35,16308.4,16338.6,0
2025-12-08 14:15:00,16337.95,16392.05,16292.5,16372.1,0
2025-12-08 15:15:00,16372.4,16373.05,16331.35,16342.4,0
2025-12-09 09:15:00,16328.05,16328.3,15992.15,16121.15,0
2025-12-09 10:15:00,16121.7,16265.15,16118.25,16257.25,0
2025-12-09 11:15:00,16257.05,16339.4,16233.3,16335.0,0
2025-12-09 12:15:00,16334.75,16352.35,16236.3,16280.45,0
2025-12-09 13:15:00,16280.7,16330.5,16272.8,16310.2,0
2025-12-09 14:15:00,16309.8,16317.3,16246.45,16306.35,0
2025-12-09 15:15:00,16306.35,16306.35,16274.95,16277.95,0
2025-12-10 09:15:00,16324.3,16379.85,16282.35,16333.8,0
2025-12-10 10:15:00,16334.1,16351.2,16164.15,16192.0,0
2025-12-10 11:15:00,16192.3,16214.45,16162.7,16184.5,0
2025-12-10 12:15:00,16184.25,16188.65,16129.3,16150.4,0
2025-12-10 13:15:00,16151.15,16181.15,16052.75,16065.85,0
2025-12-10 14:15:00,16065.2,16070.8,15948.9,15968.3,0
2025-12-10 15:15:00,15969.6,15972.4,15939.6,15959.6,0
2025-12-11 09:15:00,15986.9,16136.9,15961.55,16136.9,0
2025-12-11 10:15:00,16136.35,16191.75,16110.15,16122.15,0
2025-12-11 11:15:00,16121.75,16210.4,16118.35,16190.2,0
2025-12-11 12:15:00,16189.6,16219.2,16141.1,16157.0,0
2025-12-11 13:15:00,16157.7,16196.65,16153.35,16168.35,0
2025-12-11 14:15:00,16168.5,16252.5,16160.0,16244.35,0
2025-12-11 15:15:00,16244.35,16254.35,16224.8,16234.8,0
2025-12-12 09:15:00,16309.35,16394.8,16270.3,16353.15,0
2025-12-12 10:15:00,16354.95,16366.0,16287.1,16319.5,0
2025-12-12 11:15:00,16319.6,16376.85,16319.6,16347.8,0
2025-12-12 12:15:00,16347.85,16359.15,16319.3,16352.0,0
2025-12-12 13:15:00,16352.5,16415.2,16333.85,16389.8,0
2025-12-12 14:15:00,16390.3,16434.35,16370.55,16432.7,0
2025-12-12 15:15:00,16432.75,16434.4,16402.95,16406.05,0
2025-12-15 09:15:00,16369.75,16389.75,16265.0,16307.55,0
2025-12-15 10:15:00,16307.2,16336.0,16285.25,16314.4,0
2025-12-15 11:15:00,16314.7,16360.95,16292.4,16360.1,0
2025-12-15 12:15:00,16360.75,16379.15,16334.3,16367.25,0
2025-12-15 13:15:00,16367.65,16371.65,16321.1,16329.45,0
2025-12-15 14:15:00,16330.2,16362.2,16315.15,16353.65,0
2025-12-15 15:15:00,16352.45,16354.05,16322.3,16327.55,0
2025-12-16 09:15:00,16329.0,16329.1,16159.8,16168.3,0
2025-12-16 10:15:00,16166.3,16195.85,16149.1,16150.5,0
2025-12-16 11:15:00,16151.75,16166.1,16125.75,16144.65,0
2025-12-16 12:15:00,16145.15,16170.5,16134.45,16140.85,0
2025-12-16 13:15:00,16139.6,16175.2,16129.7,16133.55,0
2025-12-16 14:15:00,16134.05,16176.3,16110.05,16159.25,0
2025-12-16 15:15:00,16159.25,16176.9,16126.7,16134.35,0
2025-12-17 09:15:00,16159.05,16232.8,16129.95,16145.65,0
2025-12-17 10:15:00,16145.05,16158.65,16085.35,16128.45,0
2025-12-17 11:15:00,16128.6,16145.35,16105.05,16116.15,0
2025-12-17 12:15:00,16117.15,16122.6,16066.2,16075.6,0
2025-12-17 13:15:00,16075.65,16096.6,16034.35,16053.4,0
2025-12-17 14:15:00,16053.3,16084.5,16015.35,16049.55,0
2025-12-17 15:15:00,16049.55,16050.3,16033.85,16041.1,0
2025-12-18 09:15:00,16070.8,16119.15,15975.8,16035.85,0
2025-12-18 10:15:00,16035.4,16122.9,16019.2,16084.55,0
2025-12-18 11:15:00,16084.45,16167.65,16072.6,16165.35,0
2025-12-18 12:15:00,16165.05,16196.8,16154.65,16172.5,0
2025-12-18 13:15:00,16172.15,16180.45,16120.75,16123.25,0
2025-12-18 14:15:00,16123.35,16175.55,16087.35,16162.15,0
2025-12-18 15:15:00,16162.15,16169.65,16141.3,16151.1,0
2025-12-19 09:15:00,16196.4,16258.4,16150.2,16158.6,0
2025-12-19 10:15:00,16158.2,16204.45,16140.65,16156.85,0
2025-12-19 11:15:00,16157.2,16166.0,16114.85,16162.5,0
2025-12-19 12:15:00,16162.0,16204.0,16160.85,16169.55,0
2025-12-19 13:15:00,16169.6,16210.45,16169.4,16207.05,0
2025-12-19 14:15:00,16207.05,16280.45,16201.8,16270.0,0
2025-12-19 15:15:00,16269.8,16281.25,16240.45,16242.35,0
2025-12-22 09:15:00,16304.0,16347.85,16254.8,16329.0,0
2025-12-22 10:15:00,16329.15,16379.8,16315.7,16369.6,0
2025-12-22 11:15:00,16368.6,16416.9,16366.35,16395.8,0
2025-12-22 12:15:00,16395.95,16408.9,16372.7,16402.25,0
2025-12-22 13:15:00,16402.35,16420.65,16389.05,16394.3,0
2025-12-22 14:15:00,16393.75,16406.15,16370.85,16395.55,0
2025-12-22 15:15:00,16394.45,16395.65,16375.7,16381.9,0
2025-12-23 09:15:00,16399.0,16400.0,16278.5,16345.0,0
2025-12-23 10:15:00,16345.0,16351.15,16308.4,16335.25,0
2025-12-23 11:15:00,16335.7,16340.45,16293.3,16310.25,0
2025-12-23 12:15:00,16309.4,16349.45,16304.15,16335.6,0
2025-12-23 13:15:00,16335.6,16351.15,16327.35,16337.3,0
2025-12-23 14:15:00,16336.9,16346.3,16261.7,16331.1,0
2025-12-23 15:15:00,16331.1,16331.4,16305.7,16305.7,0
2025-12-24 09:15:00,16310.2,16367.45,16276.15,16354.85,0
2025-12-24 10:15:00,16354.35,16383.6,16342.05,16350.25,0
2025-12-24 11:15:00,16351.05,16355.35,16275.5,16305.2,0
2025-12-24 12:15:00,16304.65,16316.0,16294.75,16304.35,0
2025-12-24 13:15:00,16303.65,16303.65,16223.85,16241.85,0
2025-12-24 14:15:00,16242.95,16244.65,16140.35,16154.45,0
2025-12-24 15:15:00,16154.45,16160.8,16143.5,16154.25,0
2025-12-26 09:15:00,16141.5,16214.7,16115.4,16129.8,0
2025-12-26 10:15:00,16129.3,16144.75,16101.75,16105.85,0
2025-12-26 11:15:00,16104.45,16107.9,16075.9,16100.15,0
2025-12-26 12:15:00,16100.65,16102.35,16066.8,16080.15,0
2025-12-26 13:15:00,16080.45,16093.8,16049.2,16062.1,0
2025-12-26 14:15:00,16061.3,16061.35,16001.35,16034.1,0
2025-12-26 15:15:00,16034.1,16035.8,16011.15,16022.0,0
2025-12-29 09:15:00,16047.1,16083.75,15976.2,16028.35,0
2025-12-29 10:15:00,16028.85,16034.0,15984.6,15989.3,0
2025-12-29 11:15:00,15988.55,15988.55,15933.1,15948.35,0
2025-12-29 12:15:00,15948.0,15958.15,15925.6,15933.7,0
2025-12-29 13:15:00,15933.55,15959.8,15920.75,15949.25,0
2025-12-29 14:15:00,15948.25,15968.45,15916.25,15920.2,0
2025-12-29 15:15:00,15920.2,15921.05,15893.8,15905.7,0
2025-12-30 09:15:00,15913.0,15913.65,15833.1,15862.95,0
2025-12-30 10:15:00,15863.6,15913.15,15840.9,15848.9,0
2025-12-30 11:15:00,15849.55,15857.35,15792.75,15792.75,0
2025-12-30 12:15:00,15793.3,15816.2,15789.95,15808.8,0
2025-12-30 13:15:00,15809.0,15851.1,15805.8,15846.9,0
2025-12-30 14:15:00,15847.3,15869.65,15809.1,15823.3,0
2025-12-30 15:15:00,15823.3,15882.95,15812.75,15870.35,0
2025-12-31 09:15:00,15870.4,15984.05,15870.4,15925.2,0
2025-12-31 10:15:00,15924.6,15996.7,15924.4,15970.7,0
2025-12-31 11:15:00,15971.25,16014.55,15959.35,16009.4,0
2025-12-31 12:15:00,16008.8,16067.8,15999.95,16056.45,0
2025-12-31 13:15:00,16056.1,16075.05,15999.8,16021.5,0
2025-12-31 14:15:00,16021.65,16045.05,15978.3,16001.9,0
2025-12-31 15:15:00,16001.9,16013.65,15997.05,16009.3,0
2026-01-01 09:15:00,16041.15,16066.5,15983.45,15991.4,0
2026-01-01 10:15:00,15992.15,16032.45,15942.85,16015.45,0
2026-01-01 11:15:00,16015.35,16068.5,16010.9,16031.65,0
2026-01-01 12:15:00,16032.3,16032.3,16004.75,16019.05,0
2026-01-01 13:15:00,16019.25,16044.75,16012.85,16042.6,0
2026-01-01 14:15:00,16041.85,16076.1,16032.65,16071.0,0
2026-01-01 15:15:00,16070.7,16077.85,16062.85,16071.9,0
2026-01-02 09:15:00,16122.1,16175.95,16066.75,16175.95,0
2026-01-02 10:15:00,16175.6,16198.55,16162.7,16191.35,0
2026-01-02 11:15:00,16191.95,16218.75,16190.8,16216.0,0
2026-01-02 12:15:00,16215.65,16230.6,16196.3,16197.85,0
2026-01-02 13:15:00,16197.3,16203.4,16181.0,16199.85,0
2026-01-02 14:15:00,16199.5,16234.35,16178.55,16224.25,0
2026-01-02 15:15:00,16224.45,16239.35,16217.7,16236.6,0
2026-01-05 09:15:00,16245.4,16257.3,16132.55,16183.05,0
2026-01-05 10:15:00,16182.6,16219.15,16167.15,16218.8,0
2026-01-05 11:15:00,16218.55,16233.25,16182.0,16230.65,0
2026-01-05 12:15:00,16230.95,16245.55,16210.1,16218.9,0
2026-01-05 13:15:00,16218.55,16218.55,16060.2,16086.75,0
2026-01-05 14:15:00,16085.95,16193.75,16074.35,16150.05,0
2026-01-05 15:15:00,16150.05,16150.05,16113.65,16131.6,0
2026-01-06 09:15:00,16157.8,16214.8,16099.55,16199.4,0
2026-01-06 10:15:00,16198.55,16200.3,16152.25,16167.55,0
2026-01-06 11:15:00,16167.3,16168.9,16117.65,16127.1,0
2026-01-06 12:15:00,16126.95,16164.35,16099.05,16135.45,0
2026-01-06 13:15:00,16136.0,16145.0,16074.85,16082.3,0
2026-01-06 14:15:00,16081.65,16137.6,16056.4,16124.35,0
2026-01-06 15:15:00,16124.35,16124.5,16109.45,16111.1,0
2026-01-07 09:15:00,16137.7,16243.2,16090.1,16243.2,0
2026-01-07 10:15:00,16243.45,16260.4,16209.3,16232.4,0
2026-01-07 11:15:00,16231.4,16234.85,16183.4,16206.75,0
2026-01-07 12:15:00,16207.35,16224.55,16173.15,16213.2,0
2026-01-07 13:15:00,16213.95,16217.1,16172.25,16202.65,0
2026-01-07 14:15:00,16203.45,16257.25,16190.65,16239.2,0
2026-01-07 15:15:00,16238.95,16240.5,16212.85,16227.3,0
2026-01-08 09:15:00,16228.65,16267.05,16139.95,16194.05,0
2026-01-08 10:15:00,16194.0,16207.1,16060.8,16063.95,0
2026-01-08 11:15:00,16064.9,16088.8,15983.7,16065.55,0
2026-01-08 12:15:00,16065.8,16107.65,16047.5,16097.45,0
2026-01-08 13:15:00,16097.05,16098.05,16022.4,16045.15,0
2026-01-08 14:15:00,16045.55,16079.85,15992.15,16013.0,0
2026-01-08 15:15:00,16013.0,16013.8,15982.9,15987.4,0
2026-01-09 09:15:00,16021.75,16097.4,15869.6,16014.7,0
2026-01-09 10:15:00,16013.75,16079.7,15989.15,15989.2,0
2026-01-09 11:15:00,15989.25,16032.4,15945.1,15963.9,0
2026-01-09 12:15:00,15963.7,15983.95,15909.2,15927.9,0
2026-01-09 13:15:00,15927.35,15986.2,15893.1,15893.1,0
2026-01-09 14:15:00,15892.45,15944.5,15823.15,15900.95,0
2026-01-09 15:15:00,15900.95,15903.6,15874.2,15903.6,0
2026-01-12 09:15:00,15887.6,15945.6,15740.1,15866.75,0
2026-01-12 10:15:00,15868.15,15915.3,15741.9,15743.85,0
2026-01-12 11:15:00,15744.5,15801.45,15676.6,15801.1,0
2026-01-12 12:15:00,15802.15,15924.5,15790.9,15885.45,0
2026-01-12 13:15:00,15886.4,15908.8,15841.55,15861.0,0
2026-01-12 14:15:00,15861.25,15932.15,15814.55,15892.05,0
2026-01-12 15:15:00,15892.05,15921.2,15891.3,15912.95,0
2026-01-13 09:15:00,15987.5,16001.85,15795.5,15839.65,0
2026-01-13 10:15:00,15839.1,15912.6,15827.75,15855.3,0
2026-01-13 11:15:00,15855.7,15884.0,15775.8,15777.0,0
2026-01-13 12:15:00,15776.9,15810.4,15733.65,15763.75,0
2026-01-13 13:15:00,15763.85,15792.45,15710.7,15720.65,0
2026-01-13 14:15:00,15720.55,15844.0,15680.2,15824.8,0
2026-01-13 15:15:00,15824.4,15832.75,15784.9,15794.75,0
2026-01-14 09:15:00,15817.25,15915.75,15771.05,15844.95,0
2026-01-14 10:15:00,15845.0,15921.6,15812.45,15889.65,0
2026-01-14 11:15:00,15888.8,15949.1,15887.0,15891.95,0
2026-01-14 12:15:00,15890.95,15948.6,15878.0,15935.15,0
2026-01-14 13:15:00,15934.65,15935.55,15859.5,15879.65,0
2026-01-14 14:15:00,15879.5,15927.85,15825.7,15896.0,0
2026-01-14 15:15:00,15896.0,15901.9,15883.0,15898.3,0
2026-01-16 09:15:00,15923.35,16065.65,15923.35,16047.9,0
2026-01-16 10:15:00,16048.45,16085.95,16009.0,16024.15,0
2026-01-16 11:15:00,16023.9,16056.0,16011.3,16053.1,0
2026-01-16 12:15:00,16053.95,16057.5,15962.15,15965.45,0
2026-01-16 13:15:00,15966.55,15968.1,15903.7,15908.4,0
2026-01-16 14:15:00,15908.3,15937.85,15850.55,15917.05,0
2026-01-16 15:15:00,15915.95,15917.9,15893.1,15903.1,0
2026-01-19 09:15:00,15895.5,15895.5,15756.05,15834.0,0
2026-01-19 10:15:00,15833.65,15873.1,15796.75,15829.95,0
2026-01-19 11:15:00,15829.8,15839.25,15800.05,15822.5,0
2026-01-19 12:15:00,15823.1,15839.25,15797.1,15807.15,0
2026-01-19 13:15:00,15807.35,15848.5,15796.2,15814.15,0
2026-01-19 14:15:00,15814.6,15902.6,15794.0,15852.7,0
2026-01-19 15:15:00,15852.7,15854.15,15810.4,15823.35,0
2026-01-20 09:15:00,15840.4,15866.55,15598.05,15633.7,0
2026-01-20 10:15:00,15634.45,15662.3,15596.6,15621.95,0
2026-01-20 11:15:00,15621.75,15658.4,15577.1,15589.05,0
2026-01-20 12:15:00,15589.65,15618.8,15576.3,15591.4,0
2026-01-20 13:15:00,15591.05,15605.75,15481.7,15484.75,0
2026-01-20 14:15:00,15484.1,15553.55,15438.5,15446.45,0
2026-01-20 15:15:00,15447.0,15455.9,15399.0,15441.7,0
2026-01-21 09:15:00,15424.55,15494.3,15244.65,15297.45,0
2026-01-21 10:15:00,15295.7,15315.65,15053.3,15182.2,0
2026-01-21 11:15:00,15183.85,15273.15,15129.55,15273.1,0
2026-01-21 12:15:00,15273.65,15421.95,15236.0,15383.2,0
2026-01-21 13:15:00,15383.55,15390.45,15200.4,15208.1,0
2026-01-21 14:15:00,15208.3,15322.6,15201.25,15293.75,0
2026-01-21 15:15:00,15293.75,15311.05,15284.5,15294.7,0
2026-01-22 09:15:00,15458.75,15617.75,15447.35,15551.65,0
2026-01-22 10:15:00,15551.35,15565.35,15425.35,15437.2,0
2026-01-22 11:15:00,15437.45,15481.15,15371.4,15433.45,0
2026-01-22 12:15:00,15433.9,15472.3,15402.4,15416.25,0
2026-01-22 13:15:00,15415.15,15477.2,15395.85,15441.65,0
2026-01-22 14:15:00,15441.15,15513.3,15436.85,15505.0,0
2026-01-22 15:15:00,15505.0,15528.8,15496.55,15519.35,0
2026-01-23 09:15:00,15556.45,15563.5,15431.4,15447.15,0
2026-01-23 10:15:00,15447.55,15457.65,15354.55,15382.25,0
2026-01-23 11:15:00,15381.3,15387.1,15285.6,15285.6,0
2026-01-23 12:15:00,15284.85,15351.55,15281.6,15293.35,0
2026-01-23 13:15:00,15293.05,15293.75,15169.4,15173.75,0
2026-01-23 14:15:00,15174.2,15231.45,15147.65,15165.9,0
2026-01-23 15:15:00,15165.9,15210.65,15148.55,15196.4,0
2026-01-27 09:15:00,15212.3,15235.65,14997.75,15208.5,0
2026-01-27 10:15:00,15209.2,15225.0,15109.45,15138.1,0
2026-01-27 11:15:00,15138.4,15193.75,15124.45,15162.65,0
2026-01-27 12:15:00,15161.25,15172.8,15104.95,15113.4,0
2026-01-27 13:15:00,15114.15,15136.45,15041.6,15061.15,0
2026-01-27 14:15:00,15061.2,15260.9,15045.9,15257.65,0
2026-01-27 15:15:00,15257.65,15309.4,15248.35,15286.25,0
2026-01-28 09:15:00,15305.75,15396.25,15284.8,15319.5,0
2026-01-28 10:15:00,15318.3,15357.2,15282.5,15347.55,0
2026-01-28 11:15:00,15347.6,15391.5,15317.2,15368.45,0
2026-01-28 12:15:00,15368.45,15385.95,15341.75,15377.0,0
2026-01-28 13:15:00,15378.05,15418.0,15311.4,15364.1,0
2026-01-28 14:15:00,15364.25,15485.2,15350.4,15478.95,0
2026-01-28 15:15:00,15478.95,15491.45,15466.95,15473.55,0
2026-01-29 09:15:00,15513.5,15525.7,15398.2,15409.65,0
2026-01-29 10:15:00,15408.85,15416.95,15345.95,15388.95,0
2026-01-29 11:15:00,15389.25,15443.4,15388.95,15401.6,0
2026-01-29 12:15:00,15401.15,15484.95,15378.85,15477.4,0
2026-01-29 13:15:00,15477.25,15517.65,15454.2,15495.1,0
2026-01-29 14:15:00,15495.55,15566.55,15489.55,15548.35,0
2026-01-29 15:15:00,15547.2,15556.8,15537.7,15540.95,0
2026-01-30 09:15:00,15454.9,15580.05,15374.1,15580.05,0
2026-01-30 10:15:00,15579.8,15603.2,15535.7,15561.3,0
2026-01-30 11:15:00,15561.0,15576.55,15506.1,15540.65,0
2026-01-30 12:15:00,15540.45,15569.8,15484.45,15485.15,0
2026-01-30 13:15:00,15485.15,15555.6,15451.45,15518.1,0
2026-01-30 14:15:00,15519.25,15550.85,15478.1,15519.05,0
2026-01-30 15:15:00,15519.05,15535.15,15465.45,15471.35,0
2026-02-01 09:15:00,15554.7,15554.7,15371.35,15435.05,0
2026-02-01 10:15:00,15436.05,15585.45,15434.05,15550.4,0
2026-02-01 11:15:00,15550.75,15557.3,15239.05,15260.35,0
2026-02-01 12:15:00,15260.6,15310.75,14792.9,15302.75,0
2026-02-01 13:15:00,15304.15,15310.15,15170.9,15204.65,0
2026-02-01 14:15:00,15204.1,15266.75,15150.4,15159.8,0
2026-02-01 15:15:00,15159.8,15162.75,15092.65,15128.95,0
2026-02-02 09:15:00,15161.0,15274.65,15033.35,15201.8,0
2026-02-02 10:15:00,15200.95,15206.8,14991.35,15038.9,0
2026-02-02 11:15:00,15038.3,15134.7,14988.5,15094.4,0
2026-02-02 12:15:00,15095.05,15196.35,15048.45,15163.95,0
2026-02-02 13:15:00,15164.5,15203.55,15106.3,15196.4,0
2026-02-02 14:15:00,15195.65,15372.75,15177.1,15354.6,0
2026-02-02 15:15:00,15355.9,15380.2,15336.0,15359.4,0
2026-02-03 09:15:00,16031.4,16163.9,15722.2,15728.85,0
2026-02-03 10:15:00,15729.3,15863.6,15729.3,15850.75,0
2026-02-03 11:15:00,15850.75,15908.0,15849.35,15861.2,0
2026-02-03 12:15:00,15861.95,15887.0,15809.6,15820.8,0
2026-02-03 13:15:00,15820.75,15853.95,15759.65,15844.65,0
2026-02-03 14:15:00,15845.05,15870.3,15779.95,15807.65,0
2026-02-03 15:15:00,15807.65,15817.9,15789.8,15802.05,0
2026-02-04 09:15:00,15743.55,15785.3,15569.95,15764.75,0
2026-02-04 10:15:00,15765.15,15778.5,15637.9,15647.15,0
2026-02-04 11:15:00,15646.45,15775.1,15624.35,15767.9,0
2026-02-04 12:15:00,15767.75,15793.1,15744.95,15783.3,0
2026-02-04 13:15:00,15782.75,15819.25,15773.1,15817.4,0
2026-02-04 14:15:00,15817.6,15866.65,15814.65,15851.85,0
2026-02-04 15:15:00,15853.85,15856.3,15829.6,15836.4,0
2026-02-05 09:15:00,15821.6,15841.7,15662.0,15692.45,0
2026-02-05 10:15:00,15692.5,15779.0,15690.95,15755.55,0
2026-02-05 11:15:00,15755.05,15778.05,15738.35,15744.3,0
2026-02-05 12:15:00,15745.2,15796.3,15726.9,15792.55,0
2026-02-05 13:15:00,15792.6,15873.25,15792.05,15839.4,0
2026-02-05 14:15:00,15840.25,15897.35,15816.8,15869.2,0
2026-02-05 15:15:00,15869.2,15872.55,15829.3,15839.6,0
2026-02-06 09:15:00,15793.3,15811.15,15619.35,15639.65,0
2026-02-06 10:15:00,15641.05,15693.85,15581.1,15643.15,0
2026-02-06 11:15:00,15641.2,15712.65,15630.6,15678.1,0
2026-02-06 12:15:00,15679.25,15681.0,15625.75,15633.4,0
2026-02-06 13:15:00,15633.6,15688.05,15612.5,15683.95,0
2026-02-06 14:15:00,15683.95,15768.75,15671.85,15758.45,0
2026-02-06 15:15:00,15758.45,15760.4,15679.55,15697.3,0
2026-02-09 09:15:00,15839.15,15939.4,15808.9,15919.35,0
2026-02-09 10:15:00,15918.75,15985.4,15912.5,15958.8,0
2026-02-09 11:15:00,15959.1,15973.6,15924.1,15969.5,0
2026-02-09 12:15:00,15969.8,15976.0,15910.9,15945.9,0
2026-02-09 13:15:00,15945.55,15986.55,15943.75,15969.5,0
2026-02-09 14:15:00,15970.15,15995.7,15955.15,15969.05,0
2026-02-09 15:15:00,15969.05,15976.95,15958.8,15964.2,0
2026-02-10 09:15:00,16111.2,16121.9,16016.3,16061.05,0
2026-02-10 10:15:00,16061.1,16090.95,16033.9,16058.6,0
2026-02-10 11:15:00,16058.95,16103.35,16044.45,16102.3,0
2026-02-10 12:15:00,16102.45,16128.6,16085.0,16110.2,0
2026-02-10 13:15:00,16109.6,16117.25,16072.75,16089.5,0
2026-02-10 14:15:00,16090.15,16120.2,16074.5,16093.2,0
2026-02-10 15:15:00,16093.2,16100.5,16084.75,16095.95,0
2026-02-11 09:15:00,16130.35,16130.35,16021.15,16029.95,0
2026-02-11 10:15:00,16029.65,16083.05,16027.05,16064.75,0
2026-02-11 11:15:00,16065.2,16076.75,16028.1,16045.75,0
2026-02-11 12:15:00,16046.2,16046.2,15999.3,16024.25,0
2026-02-11 13:15:00,16025.2,16074.7,16015.9,16074.7,0
2026-02-11 14:15:00,16074.45,16087.6,16050.35,16068.25,0
2026-02-11 15:15:00,16068.25,16075.6,16048.7,16059.7,0
2026-02-12 09:15:00,16048.4,16049.1,15898.9,15959.9,0
2026-02-12 10:15:00,15959.85,15965.15,15933.5,15944.55,0
2026-02-12 11:15:00,15944.6,15957.0,15905.95,15923.75,0
2026-02-12 12:15:00,15923.25,15964.3,15922.95,15926.45,0
2026-02-12 13:15:00,15926.7,15966.75,15925.6,15949.05,0
2026-02-12 14:15:00,15949.95,15951.75,15895.65,15930.0,0
2026-02-12 15:15:00,15929.05,15935.05,15905.6,15911.9,0
2026-02-13 09:15:00,15743.65,15774.4,15589.85,15600.95,0
2026-02-13 10:15:00,15601.05,15694.1,15563.85,15653.9,0
2026-02-13 11:15:00,15654.3,15725.75,15621.1,15711.4,0
2026-02-13 12:15:00,15711.85,15749.65,15679.85,15728.7,0
2026-02-13 13:15:00,15730.15,15735.4,15678.65,15728.45,0
2026-02-13 14:15:00,15729.05,15733.5,15655.8,15673.05,0
2026-02-13 15:15:00,15673.05,15680.4,15641.6,15657.65,0
2026-02-16 09:15:00,15513.2,15594.5,15383.05,15583.3,0
2026-02-16 10:15:00,15584.7,15606.05,15554.55,15582.5,0
2026-02-16 11:15:00,15581.75,15609.15,15533.5,15572.45,0
2026-02-16 12:15:00,15572.35,15614.9,15561.25,15587.0,0
2026-02-16 13:15:00,15587.2,15608.15,15568.9,15597.7,0
2026-02-16 14:15:00,15597.55,15663.15,15585.15,15649.15,0
2026-02-16 15:15:00,15649.15,15650.55,15633.6,15646.95,0
2026-02-17 09:15:00,15645.35,15688.05,15576.65,15669.05,0
2026-02-17 10:15:00,15669.85,15701.85,15631.2,15653.3,0
2026-02-17 11:15:00,15653.7,15682.75,15643.9,15648.05,0
2026-02-17 12:15:00,15648.0,15680.75,15644.2,15658.25,0
2026-02-17 13:15:00,15658.3,15682.2,15628.9,15631.55,0
2026-02-17 14:15:00,15630.6,15676.4,15602.9,15663.5,0
2026-02-17 15:15:00,15663.5,15669.3,15643.75,15646.55,0
2026-02-18 09:15:00,15694.85,15738.95,15637.15,15648.8,0
2026-02-18 10:15:00,15648.8,15691.8,15626.7,15665.05,0
2026-02-18 11:15:00,15664.85,15692.85,15650.75,15689.7,0
2026-02-18 12:15:00,15689.1,15712.6,15675.8,15706.6,0
2026-02-18 13:15:00,15707.65,15729.8,15688.05,15720.05,0
2026-02-18 14:15:00,15720.25,15758.05,15699.65,15752.55,0
2026-02-18 15:15:00,15749.45,15754.75,15734.75,15742.3,0
2026-02-19 09:15:00,15771.95,15792.25,15650.6,15652.8,0
2026-02-19 10:15:00,15652.1,15653.3,15591.9,15605.7,0
2026-02-19 11:15:00,15605.7,15609.75,15536.3,15542.55,0
2026-02-19 12:15:00,15542.0,15566.45,15493.4,15549.9,0
2026-02-19 13:15:00,15549.55,15553.05,15482.3,15512.3,0
2026-02-19 14:15:00,15512.05,15536.35,15397.65,15399.3,0
2026-02-19 15:15:00,15398.3,15406.5,15348.0,15365.25,0
2026-02-20 09:15:00,15359.0,15499.2,15331.7,15411.3,0
2026-02-20 10:15:00,15410.5,15478.25,15410.5,15417.5,0
2026-02-20 11:15:00,15418.5,15436.7,15378.05,15396.85,0
2026-02-20 12:15:00,15396.8,15435.65,15337.3,15354.65,0
2026-02-20 13:15:00,15354.25,15437.55,15330.55,15424.1,0
2026-02-20 14:15:00,15424.0,15435.75,15382.15,15390.7,0
2026-02-20 15:15:00,15390.8,15395.8,15357.35,15362.0,0
2026-02-23 09:15:00,15356.9,15374.85,15214.8,15242.65,0
2026-02-23 10:15:00,15244.0,15254.55,15162.5,15212.6,0
2026-02-23 11:15:00,15211.35,15214.7,15134.95,15179.0,0
2026-02-23 12:15:00,15179.6,15189.75,15153.75,15159.05,0
2026-02-23 13:15:00,15158.95,15168.85,15098.15,15104.7,0
2026-02-23 14:15:00,15104.1,15159.05,15075.8,15145.95,0
2026-02-23 15:15:00,15145.95,15159.4,15137.55,15153.4,0
2026-02-24 09:15:00,15102.0,15116.2,14997.8,15042.2,0
2026-02-24 10:15:00,15042.1,15083.1,15015.4,15050.7,0
2026-02-24 11:15:00,15051.65,15059.8,14957.05,14966.9,0
2026-02-24 12:15:00,14965.9,14966.2,14926.5,14953.9,0
2026-02-24 13:15:00,14954.35,15002.15,14872.05,14999.85,0
2026-02-24 14:15:00,14999.65,15044.1,14972.5,15035.2,0
2026-02-24 15:15:00,15035.2,15093.25,15033.75,15084.55,0
2026-02-25 09:15:00,15126.95,15199.4,15120.3,15163.2,0
2026-02-25 10:15:00,15163.65,15184.0,15136.7,15179.6,0
2026-02-25 11:15:00,15178.85,15228.65,15157.15,15201.35,0
2026-02-25 12:15:00,15202.15,15216.45,15058.8,15090.65,0
2026-02-25 13:15:00,15090.65,15125.75,15082.35,15103.8,0
2026-02-25 14:15:00,15103.2,15161.3,15076.55,15151.3,0
2026-02-25 15:15:00,15151.3,15154.05,15129.4,15129.4,0
2026-02-26 09:15:00,15183.85,15316.2,15157.7,15284.9,0
2026-02-26 10:15:00,15285.3,15310.0,15256.1,15278.55,0
2026-02-26 11:15:00,15278.5,15296.15,15224.25,15229.6,0
2026-02-26 12:15:00,15229.85,15240.05,15166.4,15194.55,0
2026-02-26 13:15:00,15192.95,15230.85,15172.85,15225.5,0
2026-02-26 14:15:00,15225.8,15293.3,15205.6,15272.2,0
2026-02-26 15:15:00,15272.2,15290.85,15227.2,15227.95,0
2026-02-27 09:15:00,15248.6,15282.45,15082.8,15101.85,0
2026-02-27 10:15:00,15104.1,15140.15,15069.35,15136.4,0
2026-02-27 11:15:00,15136.6,15161.55,15097.6,15141.6,0
2026-02-27 12:15:00,15142.0,15159.65,15110.75,15120.6,0
2026-02-27 13:15:00,15121.0,15157.65,15103.0,15139.35,0
2026-02-27 14:15:00,15140.1,15160.35,15033.95,15054.5,0
2026-02-27 15:15:00,15054.5,15063.65,15033.65,15045.9,0
2026-03-02 09:15:00,14531.9,14981.55,14526.3,14929.8,0
2026-03-02 10:15:00,14929.25,14937.1,14843.05,14868.8,0
2026-03-02 11:15:00,14869.25,14871.4,14735.5,14742.7,0
2026-03-02 12:15:00,14743.75,14746.05,14670.7,14672.4,0
2026-03-02 13:15:00,14673.7,14775.8,14604.0,14773.3,0
2026-03-02 14:15:00,14773.85,14803.5,14714.9,14787.05,0
2026-03-02 15:15:00,14787.05,14805.05,14782.65,14803.95,0
2026-03-04 09:15:00,14534.45,14582.35,14459.4,14538.45,0
2026-03-04 10:15:00,14537.95,14539.7,14432.95,14485.65,0
2026-03-04 11:15:00,14485.6,14487.2,14427.1,14428.15,0
2026-03-04 12:15:00,14428.25,14522.2,14417.3,14520.8,0
2026-03-04 13:15:00,14519.55,14615.8,14505.2,14615.8,0
2026-03-04 14:15:00,14615.0,14642.55,14560.95,14567.8,0
2026-03-04 15:15:00,14567.8,14585.8,14561.7,14576.65,0
2026-03-05 09:15:00,14728.9,14778.5,14672.2,14712.5,0
2026-03-05 10:15:00,14712.35,14733.65,14675.05,14715.3,0
2026-03-05 11:15:00,14715.65,14733.55,14630.9,14696.0,0
2026-03-05 12:15:00,14695.7,14739.15,14682.1,14710.9,0
2026-03-05 13:15:00,14711.2,14739.1,14638.35,14640.4,0
2026-03-05 14:15:00,14640.7,14857.95,14624.5,14775.7,0
2026-03-05 15:15:00,14775.7,14815.7,14775.65,14809.4,0
2026-03-06 09:15:00,14787.6,14893.4,14751.05,14819.85,0
2026-03-06 10:15:00,14819.45,14846.7,14769.0,14800.55,0
2026-03-06 11:15:00,14800.35,14833.15,14779.5,14800.55,0
2026-03-06 12:15:00,14800.55,14822.6,14790.55,14797.85,0
2026-03-06 13:15:00,14797.6,14824.55,14775.05,14793.05,0
2026-03-06 14:15:00,14792.4,14811.75,14688.85,14713.65,0
2026-03-06 15:15:00,14711.95,14718.3,14690.8,14706.7,0
2026-03-09 09:15:00,14437.55,14438.15,14187.5,14371.85,0
2026-03-09 10:15:00,14372.3,14400.15,14266.9,14364.6,0
2026-03-09 11:15:00,14364.0,14489.0,14347.3,14418.7,0
2026-03-09 12:15:00,14418.8,14437.6,14372.6,14382.6,0
2026-03-09 13:15:00,14382.7,14440.15,14375.85,14388.35,0
2026-03-09 14:15:00,14390.1,14524.8,14375.95,14510.15,0
2026-03-09 15:15:00,14507.55,14510.45,14474.1,14488.1,0
2026-03-10 09:15:00,14708.25,14735.2,14587.0,14671.35,0
2026-03-10 10:15:00,14673.7,14781.6,14673.15,14774.35,0
2026-03-10 11:15:00,14773.7,14784.1,14717.8,14724.95,0
2026-03-10 12:15:00,14723.9,14777.25,14708.7,14745.0,0
2026-03-10 13:15:00,14745.2,14821.8,14736.15,14820.5,0
2026-03-10 14:15:00,14820.4,14869.55,14776.5,14844.35,0
2026-03-10 15:15:00,14844.3,14896.75,14842.95,14872.7,0
2026-03-11 09:15:00,14888.85,14977.0,14853.35,14862.25,0
2026-03-11 10:15:00,14861.65,14884.7,14791.65,14804.35,0
2026-03-11 11:15:00,14804.65,14804.9,14739.8,14775.0,0
2026-03-11 12:15:00,14775.15,14789.5,14689.7,14700.95,0
2026-03-11 13:15:00,14702.05,14745.35,14674.6,14679.75,0
2026-03-11 14:15:00,14680.8,14729.5,14604.25,14607.95,0
2026-03-11 15:15:00,14607.95,14645.8,14602.9,14623.2,0
2026-03-12 09:15:00,14535.4,14536.8,14340.4,14369.65,0
2026-03-12 10:15:00,14368.2,14558.2,14335.85,14545.95,0
2026-03-12 11:15:00,14544.85,14603.3,14496.65,14583.1,0
2026-03-12 12:15:00,14582.0,14623.95,14558.2,14620.3,0
2026-03-12 13:15:00,14620.15,14724.9,14597.45,14641.75,0
2026-03-12 14:15:00,14641.75,14661.65,14522.7,14577.0,0
2026-03-12 15:15:00,14577.0,14584.25,14555.85,14570.8,0
2026-03-13 09:15:00,14489.75,14540.8,14292.85,14305.2,0
2026-03-13 10:15:00,14304.55,14342.8,14245.0,14291.25,0
2026-03-13 11:15:00,14290.95,14377.95,14275.0,14330.9,0
2026-03-13 12:15:00,14332.55,14334.55,14201.25,14203.0,0
2026-03-13 13:15:00,14204.15,14240.5,14155.7,14240.5,0
2026-03-13 14:15:00,14241.4,14298.9,14186.8,14215.9,0
2026-03-13 15:15:00,14215.9,14242.45,14206.8,14229.45,0
2026-03-16 09:15:00,14177.9,14338.55,14139.4,14198.6,0
2026-03-16 10:15:00,14196.95,14196.95,13990.25,14123.7,0
2026-03-16 11:15:00,14124.75,14232.95,14122.25,14164.9,0
2026-03-16 12:15:00,14164.9,14196.75,14082.2,14110.15,0
2026-03-16 13:15:00,14109.25,14164.9,14106.7,14136.5,0
2026-03-16 14:15:00,14136.1,14354.25,14125.75,14263.3,0
2026-03-16 15:15:00,14263.3,14276.6,14219.8,14274.0,0
2026-03-17 09:15:00,14350.0,14350.65,14222.1,14345.75,0
2026-03-17 10:15:00,14345.7,14399.75,14285.4,14309.0,0
2026-03-17 11:15:00,14309.3,14316.25,14239.9,14296.9,0
2026-03-17 12:15:00,14296.95,14353.15,14264.8,14350.55,0
2026-03-17 13:15:00,14351.6,14404.55,14340.85,14399.05,0
2026-03-17 14:15:00,14399.2,14449.95,14355.7,14413.8,0
2026-03-17 15:15:00,14413.8,14415.5,14397.3,14415.45,0
2026-03-18 09:15:00,14432.25,14609.65,14431.0,14561.5,0
2026-03-18 10:15:00,14561.5,14643.0,14558.3,14634.35,0
2026-03-18 11:15:00,14634.15,14706.45,14623.65,14692.6,0
2026-03-18 12:15:00,14693.7,14734.3,14680.85,14732.8,0
2026-03-18 13:15:00,14732.7,14794.05,14724.7,14762.8,0
2026-03-18 14:15:00,14763.05,14796.55,14709.95,14738.8,0
2026-03-18 15:15:00,14738.8,14742.15,14696.6,14703.1,0
2026-03-19 09:15:00,14463.4,14524.35,14381.1,14406.85,0
2026-03-19 10:15:00,14406.0,14458.05,14367.7,14372.7,0
2026-03-19 11:15:00,14372.6,14384.9,14336.25,14368.35,0
2026-03-19 12:15:00,14370.45,14395.15,14324.6,14324.6,0
2026-03-19 13:15:00,14325.3,14325.8,14223.5,14231.85,0
2026-03-19 14:15:00,14232.65,14264.85,14147.45,14197.35,0
2026-03-19 15:15:00,14197.35,14274.45,14192.7,14267.15,0
2026-03-20 09:15:00,14340.45,14500.65,14340.45,14399.95,0
2026-03-20 10:15:00,14399.95,14477.7,14353.1,14456.0,0
2026-03-20 11:15:00,14455.55,14509.4,14339.95,14358.5,0
2026-03-20 12:15:00,14357.8,14389.0,14277.95,14388.95,0
2026-03-20 13:15:00,14388.95,14413.6,14357.85,14366.75,0
2026-03-20 14:15:00,14365.85,14366.7,14275.55,14311.8,0
2026-03-20 15:15:00,14311.8,14338.25,14292.35,14330.6,0
2026-03-23 09:15:00,14175.55,14175.55,13908.3,13910.9,0
2026-03-23 10:15:00,13911.55,13914.55,13810.25,13858.6,0
2026-03-23 11:15:00,13857.55,13901.1,13844.0,13871.55,0
2026-03-23 12:15:00,13871.05,13874.85,13791.0,13802.45,0
2026-03-23 13:15:00,13802.6,13948.15,13796.95,13921.5,0
2026-03-23 14:15:00,13922.6,13947.2,13810.95,13850.0,0
2026-03-23 15:15:00,13849.65,13869.55,13808.6,13818.75,0
2026-03-24 09:15:00,14130.65,14144.65,13965.1,13986.3,0
2026-03-24 10:15:00,13987.1,14014.05,13915.05,13962.55,0
2026-03-24 11:15:00,13963.75,14108.0,13956.15,14063.8,0
2026-03-24 12:15:00,14063.2,14274.05,14060.05,14239.75,0
2026-03-24 13:15:00,14239.55,14299.95,14222.1,14274.85,0
2026-03-24 14:15:00,14275.7,14300.35,14204.8,14232.55,0
2026-03-24 15:15:00,14232.55,14253.05,14213.95,14245.85,0
2026-03-25 09:15:00,14359.0,14495.15,14347.0,14479.6,0
2026-03-25 10:15:00,14479.15,14513.95,14457.2,14508.2,0
2026-03-25 11:15:00,14508.45,14510.75,14425.6,14493.25,0
2026-03-25 12:15:00,14493.55,14516.95,14471.45,14507.9,0
2026-03-25 13:15:00,14507.25,14572.85,14492.4,14541.15,0
2026-03-25 14:15:00,14541.8,14552.25,14475.85,14495.1,0
2026-03-25 15:15:00,14496.15,14503.1,14479.05,14494.15,0
2026-03-27 09:15:00,14381.05,14391.2,14213.9,14219.7,0
2026-03-27 10:15:00,14220.5,14250.55,14189.85,14219.05,0
2026-03-27 11:15:00,14217.8,14233.95,14177.8,14220.4,0
2026-03-27 12:15:00,14220.4,14257.05,14191.25,14252.2,0
2026-03-27 13:15:00,14252.5,14290.55,14205.3,14227.8,0
2026-03-27 14:15:00,14227.35,14228.8,14134.85,14165.1,0
2026-03-27 15:15:00,14165.1,14166.6,14148.05,14154.3,0
2026-03-30 09:15:00,13969.95,13990.1,13853.0,13888.05,0
2026-03-30 10:15:00,13887.9,13895.55,13793.5,13804.6,0
2026-03-30 11:15:00,13804.35,13878.7,13781.8,13856.25,0
2026-03-30 12:15:00,13855.75,13894.15,13813.15,13847.7,0
2026-03-30 13:15:00,13847.4,13889.55,13794.55,13806.8,0
2026-03-30 14:15:00,13806.25,13816.35,13702.75,13737.35,0
2026-03-30 15:15:00,13737.35,13776.5,13713.05,13742.5,0
2026-04-01 09:15:00,14134.65,14287.4,14121.25,14226.4,0
2026-04-01 10:15:00,14227.05,14244.45,14145.85,14161.85,0
2026-04-01 11:15:00,14161.35,14293.95,14153.5,14286.1,0
2026-04-01 12:15:00,14286.65,14350.6,14275.7,14343.15,0
2026-04-01 13:15:00,14343.05,14357.15,14197.6,14259.35,0
2026-04-01 14:15:00,14259.55,14259.9,14113.35,14167.75,0
2026-04-01 15:15:00,14167.75,14179.2,14156.15,14179.1,0
2026-04-02 09:15:00,13954.65,13974.1,13744.1,13790.9,0
2026-04-02 10:15:00,13791.45,13855.1,13762.85,13837.1,0
2026-04-02 11:15:00,13838.15,13946.6,13835.55,13912.0,0
2026-04-02 12:15:00,13912.9,13961.8,13863.95,13927.1,0
2026-04-02 13:15:00,13927.05,14116.8,13925.7,14116.8,0
2026-04-02 14:15:00,14116.3,14206.25,14035.6,14187.8,0
2026-04-02 15:15:00,14187.8,14192.85,14148.45,14169.95,0
2026-04-06 09:15:00,14183.9,14253.1,14007.45,14235.95,0
2026-04-06 10:15:00,14234.65,14269.1,14167.5,14188.55,0
2026-04-06 11:15:00,14189.15,14299.9,14173.55,14277.35,0
2026-04-06 12:15:00,14278.35,14373.7,14257.05,14370.65,0
2026-04-06 13:15:00,14370.7,14398.95,14348.5,14395.25,0
2026-04-06 14:15:00,14396.15,14480.0,14395.2,14457.4,0
2026-04-06 15:15:00,14457.4,14463.85,14426.3,14434.35,0
2026-04-07 09:15:00,14355.55,14375.55,14199.5,14362.5,0
2026-04-07 10:15:00,14362.2,14456.65,14352.2,14364.75,0
2026-04-07 11:15:00,14364.2,14476.7,14361.95,14442.5,0
2026-04-07 12:15:00,14442.75,14446.95,14368.55,14397.6,0
2026-04-07 13:15:00,14397.55,14467.0,14394.65,14435.9,0
2026-04-07 14:15:00,14435.9,14504.25,14397.7,14481.55,0
2026-04-07 15:15:00,14481.55,14484.05,14457.3,14468.05,0
2026-04-08 09:15:00,15034.6,15161.7,14944.35,15123.4,0
2026-04-08 10:15:00,15123.9,15208.4,15110.7,15195.7,0
2026-04-08 11:15:00,15195.35,15226.25,15181.95,15220.9,0
2026-04-08 12:15:00,15221.85,15244.2,15197.55,15202.35,0
2026-04-08 13:15:00,15203.3,15230.1,15159.35,15164.35,0
2026-04-08 14:15:00,15164.25,15235.0,15163.95,15225.05,0
2026-04-08 15:15:00,15225.05,15267.7,15221.95,15262.95,0
2026-04-09 09:15:00,15231.7,15331.35,15086.25,15166.5,0
2026-04-09 10:15:00,15167.5,15262.75,15147.5,15247.55,0
2026-04-09 11:15:00,15247.9,15357.75,15222.6,15327.9,0
2026-04-09 12:15:00,15329.0,15361.05,15277.3,15304.95,0
2026-04-09 13:15:00,15305.1,15305.1,15211.7,15246.45,0
2026-04-09 14:15:00,15246.55,15300.5,15188.6,15295.45,0
2026-04-09 15:15:00,15295.45,15299.3,15263.7,15276.65,0
2026-04-10 09:15:00,15372.75,15445.35,15269.3,15338.25,0
2026-04-10 10:15:00,15339.25,15396.8,15337.95,15380.8,0
2026-04-10 11:15:00,15382.0,15429.95,15368.2,15417.65,0
2026-04-10 12:15:00,15417.75,15458.3,15397.25,15451.6,0
2026-04-10 13:15:00,15451.3,15474.25,15415.75,15437.7,0
2026-04-10 14:15:00,15437.6,15460.9,15360.15,15451.3,0
2026-04-10 15:15:00,15451.3,15456.25,15431.0,15440.65,0
2026-04-13 09:15:00,15116.2,15263.7,15063.55,15228.0,0
2026-04-13 10:15:00,15227.8,15353.9,15200.7,15319.35,0
2026-04-13 11:15:00,15319.4,15359.55,15319.4,15343.8,0
2026-04-13 12:15:00,15343.85,15378.9,15315.2,15370.6,0
2026-04-13 13:15:00,15371.25,15400.45,15342.7,15371.35,0
2026-04-13 14:15:00,15372.2,15413.25,15338.7,15368.6,0
2026-04-13 15:15:00,15368.6,15376.3,15338.4,15373.25,0
2026-04-15 09:15:00,15638.25,15728.3,15585.35,15710.55,0
2026-04-15 10:15:00,15710.9,15740.85,15668.3,15684.65,0
2026-04-15 11:15:00,15684.8,15788.4,15678.25,15779.25,0
2026-04-15 12:15:00,15779.55,15794.15,15751.4,15765.3,0
2026-04-15 13:15:00,15765.2,15773.7,15739.85,15763.3,0
2026-04-15 14:15:00,15763.3,15766.75,15720.0,15721.2,0
2026-04-15 15:15:00,15721.2,15736.25,15709.95,15733.45,0
2026-04-16 09:15:00,15893.5,15951.55,15788.8,15839.1,0
2026-04-16 10:15:00,15837.65,15866.2,15797.65,15840.75,0
2026-04-16 11:15:00,15842.85,15850.2,15753.55,15791.05,0
2026-04-16 12:15:00,15791.35,15799.05,15734.35,15737.35,0
2026-04-16 13:15:00,15737.55,15795.6,15726.55,15785.05,0
2026-04-16 14:15:00,15786.05,15885.7,15781.7,15852.9,0
2026-04-16 15:15:00,15852.9,15862.15,15842.6,15849.45,0
2026-04-17 09:15:00,15888.35,15968.05,15799.3,15960.8,0
2026-04-17 10:15:00,15960.8,15975.6,15888.15,15903.4,0
2026-04-17 11:15:00,15904.5,15918.65,15877.8,15901.5,0
2026-04-17 12:15:00,15901.0,15957.85,15897.35,15952.0,0
2026-04-17 13:15:00,15952.35,15998.6,15947.65,15982.1,0
2026-04-17 14:15:00,15982.05,16025.35,15969.2,16000.95,0
2026-04-17 15:15:00,16000.95,16041.35,15995.0,16030.85,0
2026-04-20 09:15:00,16061.1,16135.0,15915.6,15981.7,0
2026-04-20 10:15:00,15981.9,16061.45,15976.3,16019.6,0
2026-04-20 11:15:00,16020.3,16057.8,16019.9,16034.75,0
2026-04-20 12:15:00,16034.35,16043.45,15972.65,15987.15,0
2026-04-20 13:15:00,15986.95,15987.1,15897.85,15916.9,0
2026-04-20 14:15:00,15916.8,15969.85,15914.75,15932.85,0
2026-04-20 15:15:00,15932.85,15934.65,15865.85,15884.0,0
2026-04-21 09:15:00,15921.35,16091.95,15915.45,16085.2,0
2026-04-21 10:15:00,16085.05,16088.15,16037.1,16065.25,0
2026-04-21 11:15:00,16064.05,16089.35,16037.75,16075.05,0
2026-04-21 12:15:00,16075.45,16088.9,16055.35,16073.9,0
2026-04-21 13:15:00,16074.45,16097.55,16059.0,16070.65,0
2026-04-21 14:15:00,16070.15,16079.2,16041.1,16045.4,0
2026-04-21 15:15:00,16045.4,16066.55,16037.2,16064.75,0
2026-04-22 09:15:00,16004.05,16039.7,15951.75,15963.0,0
2026-04-22 10:15:00,15962.4,16035.25,15952.6,16010.75,0
2026-04-22 11:15:00,16010.6,16054.75,15999.1,16033.75,0
2026-04-22 12:15:00,16033.7,16046.25,16014.9,16034.7,0
2026-04-22 13:15:00,16033.2,16050.35,16004.1,16013.55,0
2026-04-22 14:15:00,16012.3,16046.55,15987.85,15989.45,0
2026-04-22 15:15:00,15989.45,16020.85,15988.4,16010.25,0
2026-04-23 09:15:00,15951.1,15951.6,15859.85,15914.0,0
2026-04-23 10:15:00,15912.8,15925.85,15870.95,15885.6,0
2026-04-23 11:15:00,15886.75,15898.8,15867.55,15886.2,0
2026-04-23 12:15:00,15886.35,15890.45,15838.6,15873.65,0
2026-04-23 13:15:00,15873.35,15890.8,15832.1,15836.7,0
2026-04-23 14:15:00,15837.4,15867.05,15802.4,15834.2,0
2026-04-23 15:15:00,15834.2,15839.0,15812.8,15829.0,0
2026-04-24 09:15:00,15864.8,15907.95,15671.95,15737.2,0
2026-04-24 10:15:00,15735.1,15735.4,15636.75,15638.4,0
2026-04-24 11:15:00,15638.0,15669.1,15613.75,15667.05,0
2026-04-24 12:15:00,15668.1,15671.3,15572.2,15587.45,0
2026-04-24 13:15:00,15587.2,15612.05,15562.25,15589.55,0
2026-04-24 14:15:00,15589.6,15690.2,15585.45,15631.75,0
2026-04-24 15:15:00,15631.75,15667.65,15631.75,15658.45,0
2026-04-27 09:15:00,15690.9,15861.9,15664.45,15829.25,0
2026-04-27 10:15:00,15828.55,15864.85,15793.9,15837.3,0
2026-04-27 11:15:00,15837.15,15848.2,15790.9,15838.4,0
2026-04-27 12:15:00,15839.1,15930.1,15835.65,15927.55,0
2026-04-27 13:15:00,15928.65,15950.45,15911.3,15926.05,0
2026-04-27 14:15:00,15926.0,15952.5,15912.5,15940.65,0
2026-04-27 15:15:00,15940.65,15981.7,15938.8,15973.65,0
2026-04-28 09:15:00,16007.3,16069.45,15965.95,16049.95,0
2026-04-28 10:15:00,16050.5,16077.55,16015.3,16047.85,0
2026-04-28 11:15:00,16048.1,16061.6,16004.9,16020.0,0
2026-04-28 12:15:00,16019.95,16045.55,16011.6,16027.8,0
2026-04-28 13:15:00,16027.0,16060.9,15994.75,15994.75,0
2026-04-28 14:15:00,15995.6,16094.7,15986.45,16001.4,0
2026-04-28 15:15:00,16001.4,16083.35,15998.5,16074.05,0
2026-04-29 09:15:00,16133.6,16189.2,16055.5,16183.5,0
2026-04-29 10:15:00,16183.4,16198.65,16155.15,16190.7,0
2026-04-29 11:15:00,16190.5,16201.45,16171.0,16185.1,0
2026-04-29 12:15:00,16184.7,16193.8,16152.35,16162.0,0
2026-04-29 13:15:00,16162.15,16164.5,16051.0,16068.15,0
2026-04-29 14:15:00,16069.1,16107.5,16047.05,16061.75,0
2026-04-29 15:15:00,16061.75,16061.75,16017.15,16031.85,0
2026-04-30 09:15:00,15976.2,15976.2,15803.45,15805.8,0
2026-04-30 10:15:00,15805.2,15838.85,15790.75,15832.4,0
2026-04-30 11:15:00,15833.35,15894.7,15830.35,15872.1,0
2026-04-30 12:15:00,15872.4,15904.65,15856.9,15885.35,0
2026-04-30 13:15:00,15885.35,15931.0,15869.7,15899.45,0
2026-04-30 14:15:00,15899.45,16006.7,15882.85,15932.05,0
2026-04-30 15:15:00,15932.05,15965.95,15918.7,15955.3,0
2026-05-04 09:15:00,16083.8,16141.1,16039.1,16063.5,0
2026-05-04 10:15:00,16063.8,16076.6,15953.6,16039.45,0
2026-05-04 11:15:00,16039.5,16103.4,15992.85,15994.6,0
2026-05-04 12:15:00,15994.9,16015.45,15920.95,15941.5,0
2026-05-04 13:15:00,15940.5,15979.7,15847.45,15973.65,0
2026-05-04 14:15:00,15976.25,16001.7,15922.35,15964.85,0
2026-05-04 15:15:00,15964.85,15987.75,15950.25,15981.4,0
2026-05-05 09:15:00,15955.1,16009.15,15892.2,15951.35,0
2026-05-05 10:15:00,15951.85,15965.95,15885.85,15955.3,0
2026-05-05 11:15:00,15955.45,15987.8,15872.55,15895.75,0
2026-05-05 12:15:00,15896.05,16007.85,15894.8,16005.8,0
2026-05-05 13:15:00,16008.1,16018.3,15923.5,15933.3,0
2026-05-05 14:15:00,15933.3,15970.7,15927.35,15949.75,0
2026-05-05 15:15:00,15949.75,15993.5,15947.85,15985.0,0
2026-05-06 09:15:00,16218.8,16238.7,16164.65,16234.75,0
2026-05-06 10:15:00,16235.2,16269.4,16157.55,16188.35,0
2026-05-06 11:15:00,16186.6,16230.2,16182.5,16210.3,0
2026-05-06 12:15:00,16211.3,16212.1,16154.95,16207.5,0
2026-05-06 13:15:00,16208.5,16278.25,16206.7,16262.15,0
2026-05-06 14:15:00,16262.25,16401.45,16260.35,16394.45,0
2026-05-06 15:15:00,16394.45,16431.7,16388.45,16415.35,0
2026-05-07 09:15:00,16517.3,16568.35,16473.75,16476.4,0
2026-05-07 10:15:00,16477.85,16551.7,16475.9,16518.8,0
2026-05-07 11:15:00,16519.0,16614.9,16518.45,16601.85,0
2026-05-07 12:15:00,16602.75,16655.25,16601.3,16628.4,0
2026-05-07 13:15:00,16627.6,16672.65,16591.95,16655.9,0
2026-05-07 14:15:00,16655.4,16670.15,16614.9,16618.75,0
2026-05-07 15:15:00,16618.75,16676.65,16618.55,16667.45,0
2026-05-08 09:15:00,16651.55,16731.75,16517.25,16701.8,0
2026-05-08 10:15:00,16703.5,16770.65,16699.1,16749.1,0
2026-05-08 11:15:00,16749.5,16765.25,16668.65,16683.75,0
2026-05-08 12:15:00,16684.0,16701.25,16652.8,16676.95,0
2026-05-08 13:15:00,16676.85,16725.85,16660.65,16669.15,0
2026-05-08 14:15:00,16668.9,16738.85,16658.1,16697.85,0
2026-05-08 15:15:00,16697.85,16705.75,16674.2,16688.9,0
2026-05-11 09:15:00,16604.0,16639.15,16422.75,16630.8,0
2026-05-11 10:15:00,16630.75,16636.3,16513.75,16609.95,0
2026-05-11 11:15:00,16609.95,16620.75,16586.05,16608.25,0
2026-05-11 12:15:00,16609.15,16635.6,16571.85,16622.15,0
2026-05-11 13:15:00,16623.1,16695.85,16606.8,16651.1,0
2026-05-11 14:15:00,16653.6,16691.95,16550.65,16556.8,0
2026-05-11 15:15:00,16556.8,16580.55,16550.25,16574.6,0
2026-05-12 09:15:00,16551.95,16602.7,16362.7,16413.0,0
2026-05-12 10:15:00,16413.8,16461.05,16297.4,16301.95,0
2026-05-12 11:15:00,16302.1,16373.2,16296.05,16314.7,0
2026-05-12 12:15:00,16312.65,16336.4,16271.75,16302.1,0
2026-05-12 13:15:00,16301.55,16333.35,16201.4,16204.45,0
2026-05-12 14:15:00,16202.55,16249.55,16084.0,16091.3,0
2026-05-12 15:15:00,16091.3,16147.6,16089.45,16144.55,0
2026-05-13 09:15:00,16155.6,16269.4,16100.0,16238.75,0
2026-05-13 10:15:00,16238.0,16308.85,16151.95,16180.25,0
2026-05-13 11:15:00,16179.8,16356.45,16176.2,16355.0,0
2026-05-13 12:15:00,16353.15,16358.95,16269.05,16321.4,0
2026-05-13 13:15:00,16322.65,16342.45,16269.75,16328.95,0
2026-05-13 14:15:00,16328.9,16334.25,16199.55,16211.1,0
2026-05-13 15:15:00,16211.1,16228.55,16177.55,16214.6,0
2026-05-14 09:15:00,16301.85,16354.0,16139.0,16217.6,0
2026-05-14 10:15:00,16217.95,16310.85,16161.1,16207.45,0
2026-05-14 11:15:00,16207.05,16354.95,16206.4,16326.9,0
2026-05-14 12:15:00,16327.4,16399.7,16327.4,16392.15,0
2026-05-14 13:15:00,16392.65,16478.25,16374.35,16467.65,0
2026-05-14 14:15:00,16467.5,16489.7,16416.4,16440.25,0
2026-05-14 15:15:00,16440.25,16485.55,16433.9,16479.35,0
2026-05-15 09:15:00,16513.25,16601.45,16468.05,16523.6,0
2026-05-15 10:15:00,16525.25,16556.4,16446.3,16454.65,0
2026-05-15 11:15:00,16454.3,16501.5,16396.05,16481.35,0
2026-05-15 12:15:00,16481.4,16532.2,16426.45,16524.95,0
2026-05-15 13:15:00,16523.85,16548.6,16446.9,16471.65,0
2026-05-15 14:15:00,16471.35,16476.2,16390.55,16422.8,0
2026-05-15 15:15:00,16422.8,16423.05,16383.75,16394.35,0
2026-05-18 09:15:00,16274.85,16282.9,16163.6,16197.1,0
2026-05-18 10:15:00,16198.1,16290.2,16151.5,16263.15,0
2026-05-18 11:15:00,16263.8,16335.6,16259.3,16304.95,0
2026-05-18 12:15:00,16306.7,16396.85,16267.7,16358.6,0
2026-05-18 13:15:00,16358.8,16418.45,16352.1,16403.9,0
2026-05-18 14:15:00,16402.4,16483.7,16368.95,16460.75,0
2026-05-18 15:15:00,16460.75,16499.15,16456.35,16481.9,0
2026-05-19 09:15:00,16544.8,16783.8,16544.8,16759.25,0
2026-05-19 10:15:00,16759.25,16801.7,16740.45,16741.05,0
2026-05-19 11:15:00,16741.8,16803.55,16721.85,16802.7,0
2026-05-19 12:15:00,16802.25,16838.15,16787.8,16791.5,0
2026-05-19 13:15:00,16791.65,16814.8,16704.4,16739.35,0
2026-05-19 14:15:00,16738.1,16755.25,16666.35,16690.5,0
2026-05-19 15:15:00,16690.55,16692.55,16641.45,16669.0,0
2026-05-19 16:15:00,16669.0,16669.0,16669.0,16669.0,0
2026-05-19 17:15:00,16669.0,16669.0,16669.0,16669.0,0
