date,open,high,low,close,volume
2017-01-02 00:00:00,1000.0,1000.0,1000.0,1000.0,0
2017-01-03 00:00:00,1006.5,1006.5,1006.5,1006.5,0
2017-01-04 00:00:00,1016.43,1016.43,1016.43,1016.43,0
2017-01-05 00:00:00,1025.37,1025.37,1025.37,1025.37,0
2017-01-06 00:00:00,1021.25,1021.25,1021.25,1021.25,0
2017-01-09 00:00:00,1021.89,1021.89,1021.89,1021.89,0
2017-01-10 00:00:00,1028.21,1028.21,1028.21,1028.21,0
2017-01-11 00:00:00,1041.91,1041.91,1041.91,1041.91,0
2017-01-12 00:00:00,1042.36,1042.36,1042.36,1042.36,0
2017-01-13 00:00:00,1040.78,1040.78,1040.78,1040.78,0
2017-01-16 00:00:00,1044.05,1044.05,1044.05,1044.05,0
2017-01-17 00:00:00,1045.15,1045.15,1045.15,1045.15,0
2017-01-18 00:00:00,1047.78,1047.78,1047.78,1047.78,0
2017-01-19 00:00:00,1050.71,1050.71,1050.71,1050.71,0
2017-01-20 00:00:00,1036.46,1036.46,1036.46,1036.46,0
2017-01-23 00:00:00,1040.16,1040.16,1040.16,1040.16,0
2017-01-24 00:00:00,1051.57,1051.57,1051.57,1051.57,0
2017-01-25 00:00:00,1068.59,1068.59,1068.59,1068.59,0
2017-01-27 00:00:00,1072.16,1072.16,1072.16,1072.16,0
2017-01-30 00:00:00,1060.23,1060.23,1060.23,1060.23,0
2017-01-31 00:00:00,1038.76,1038.76,1038.76,1038.76,0
2017-02-01 00:00:00,1059.51,1059.51,1059.51,1059.51,0
2017-02-02 00:00:00,1072.59,1072.59,1072.59,1072.59,0
2017-02-03 00:00:00,1084.65,1084.65,1084.65,1084.65,0
2017-02-06 00:00:00,1093.82,1093.82,1093.82,1093.82,0
2017-02-07 00:00:00,1086.15,1086.15,1086.15,1086.15,0
2017-02-08 00:00:00,1096.18,1096.18,1096.18,1096.18,0
2017-02-09 00:00:00,1099.31,1099.31,1099.31,1099.31,0
2017-02-10 00:00:00,1100.52,1100.52,1100.52,1100.52,0
2017-02-13 00:00:00,1098.8,1098.8,1098.8,1098.8,0
2017-02-14 00:00:00,1096.73,1096.73,1096.73,1096.73,0
2017-02-15 00:00:00,1083.07,1083.07,1083.07,1083.07,0
2017-02-16 00:00:00,1093.54,1093.54,1093.54,1093.54,0
2017-02-17 00:00:00,1094.19,1094.19,1094.19,1094.19,0
2017-02-20 00:00:00,1102.03,1102.03,1102.03,1102.03,0
2017-02-21 00:00:00,1098.0,1098.0,1098.0,1098.0,0
2017-02-22 00:00:00,1097.07,1097.07,1097.07,1097.07,0
2017-02-23 00:00:00,1098.82,1098.82,1098.82,1098.82,0
2017-02-27 00:00:00,1096.35,1096.35,1096.35,1096.35,0
2017-02-28 00:00:00,1092.54,1092.54,1092.54,1092.54,0
2017-03-01 00:00:00,1094.03,1094.03,1094.03,1094.03,0
2017-03-02 00:00:00,1085.0,1085.0,1085.0,1085.0,0
2017-03-03 00:00:00,1090.98,1090.98,1090.98,1090.98,0
2017-03-06 00:00:00,1094.1,1094.1,1094.1,1094.1,0
2017-03-07 00:00:00,1096.31,1096.31,1096.31,1096.31,0
2017-03-08 00:00:00,1094.56,1094.56,1094.56,1094.56,0
2017-03-09 00:00:00,1089.4,1089.4,1089.4,1089.4,0
2017-03-10 00:00:00,1085.72,1085.72,1085.72,1085.72,0
2017-03-14 00:00:00,1087.97,1087.97,1087.97,1087.97,0
2017-03-15 00:00:00,1093.41,1093.41,1093.41,1093.41,0
2017-03-16 00:00:00,1103.5,1103.5,1103.5,1103.5,0
2017-03-17 00:00:00,1109.43,1109.43,1109.43,1109.43,0
2017-03-20 00:00:00,1114.5,1114.5,1114.5,1114.5,0
2017-03-21 00:00:00,1116.9,1116.9,1116.9,1116.9,0
2017-03-22 00:00:00,1112.27,1112.27,1112.27,1112.27,0
2017-03-23 00:00:00,1124.29,1124.29,1124.29,1124.29,0
2017-03-24 00:00:00,1127.38,1127.38,1127.38,1127.38,0
2017-03-27 00:00:00,1126.86,1126.86,1126.86,1126.86,0
2017-03-28 00:00:00,1126.91,1126.91,1126.91,1126.91,0
2017-03-29 00:00:00,1133.02,1133.02,1133.02,1133.02,0
2017-03-30 00:00:00,1137.66,1137.66,1137.66,1137.66,0
2017-03-31 00:00:00,1140.74,1140.74,1140.74,1140.74,0
2017-04-03 00:00:00,1147.73,1147.73,1147.73,1147.73,0
2017-04-05 00:00:00,1158.9,1158.9,1158.9,1158.9,0
2017-04-06 00:00:00,1156.25,1156.25,1156.25,1156.25,0
2017-04-07 00:00:00,1159.63,1159.63,1159.63,1159.63,0
2017-04-10 00:00:00,1168.15,1168.15,1168.15,1168.15,0
2017-04-11 00:00:00,1173.03,1173.03,1173.03,1173.03,0
2017-04-12 00:00:00,1176.35,1176.35,1176.35,1176.35,0
2017-04-13 00:00:00,1175.67,1175.67,1175.67,1175.67,0
2017-04-17 00:00:00,1168.41,1168.41,1168.41,1168.41,0
2017-04-18 00:00:00,1156.83,1156.83,1156.83,1156.83,0
2017-04-19 00:00:00,1170.91,1170.91,1170.91,1170.91,0
2017-04-20 00:00:00,1181.46,1181.46,1181.46,1181.46,0
2017-04-21 00:00:00,1179.02,1179.02,1179.02,1179.02,0
2017-04-24 00:00:00,1185.62,1185.62,1185.62,1185.62,0
2017-04-25 00:00:00,1196.01,1196.01,1196.01,1196.01,0
2017-04-26 00:00:00,1183.3,1183.3,1183.3,1183.3,0
2017-04-27 00:00:00,1181.18,1181.18,1181.18,1181.18,0
2017-04-28 00:00:00,1180.23,1180.23,1180.23,1180.23,0
2017-05-02 00:00:00,1180.56,1180.56,1180.56,1180.56,0
2017-05-03 00:00:00,1185.17,1185.17,1185.17,1185.17,0
2017-05-04 00:00:00,1183.74,1183.74,1183.74,1183.74,0
2017-05-05 00:00:00,1177.35,1177.35,1177.35,1177.35,0
2017-05-08 00:00:00,1180.12,1180.12,1180.12,1180.12,0
2017-05-09 00:00:00,1181.13,1181.13,1181.13,1181.13,0
2017-05-10 00:00:00,1185.88,1185.88,1185.88,1185.88,0
2017-05-11 00:00:00,1185.56,1185.56,1185.56,1185.56,0
2017-05-12 00:00:00,1180.11,1180.11,1180.11,1180.11,0
2017-05-15 00:00:00,1185.63,1185.63,1185.63,1185.63,0
2017-05-16 00:00:00,1190.2,1190.2,1190.2,1190.2,0
2017-05-17 00:00:00,1190.11,1190.11,1190.11,1190.11,0
2017-05-18 00:00:00,1167.45,1167.45,1167.45,1167.45,0
2017-05-19 00:00:00,1156.88,1156.88,1156.88,1156.88,0
2017-05-22 00:00:00,1149.85,1149.85,1149.85,1149.85,0
2017-05-23 00:00:00,1126.14,1126.14,1126.14,1126.14,0
2017-05-24 00:00:00,1114.45,1114.45,1114.45,1114.45,0
2017-05-25 00:00:00,1139.18,1139.18,1139.18,1139.18,0
2017-05-26 00:00:00,1146.43,1146.43,1146.43,1146.43,0
2017-05-29 00:00:00,1137.92,1137.92,1137.92,1137.92,0
2017-05-30 00:00:00,1137.66,1137.66,1137.66,1137.66,0
2017-05-31 00:00:00,1150.87,1150.87,1150.87,1150.87,0
2017-06-01 00:00:00,1159.72,1159.72,1159.72,1159.72,0
2017-06-02 00:00:00,1167.85,1167.85,1167.85,1167.85,0
2017-06-05 00:00:00,1175.8,1175.8,1175.8,1175.8,0
2017-06-06 00:00:00,1165.37,1165.37,1165.37,1165.37,0
2017-06-07 00:00:00,1174.44,1174.44,1174.44,1174.44,0
2017-06-08 00:00:00,1174.28,1174.28,1174.28,1174.28,0
2017-06-09 00:00:00,1181.44,1181.44,1181.44,1181.44,0
2017-06-12 00:00:00,1176.01,1176.01,1176.01,1176.01,0
2017-06-13 00:00:00,1175.72,1175.72,1175.72,1175.72,0
2017-06-14 00:00:00,1180.45,1180.45,1180.45,1180.45,0
2017-06-15 00:00:00,1181.8,1181.8,1181.8,1181.8,0
2017-06-16 00:00:00,1190.28,1190.28,1190.28,1190.28,0
2017-06-19 00:00:00,1188.91,1188.91,1188.91,1188.91,0
2017-06-20 00:00:00,1190.31,1190.31,1190.31,1190.31,0
2017-06-21 00:00:00,1187.75,1187.75,1187.75,1187.75,0
2017-06-22 00:00:00,1179.77,1179.77,1179.77,1179.77,0
2017-06-23 00:00:00,1164.82,1164.82,1164.82,1164.82,0
2017-06-27 00:00:00,1151.44,1151.44,1151.44,1151.44,0
2017-06-28 00:00:00,1158.81,1158.81,1158.81,1158.81,0
2017-06-29 00:00:00,1171.34,1171.34,1171.34,1171.34,0
2017-06-30 00:00:00,1173.77,1173.77,1173.77,1173.77,0
2017-07-03 00:00:00,1190.9,1190.9,1190.9,1190.9,0
2017-07-04 00:00:00,1192.05,1192.05,1192.05,1192.05,0
2017-07-05 00:00:00,1198.79,1198.79,1198.79,1198.79,0
2017-07-06 00:00:00,1204.51,1204.51,1204.51,1204.51,0
2017-07-07 00:00:00,1206.23,1206.23,1206.23,1206.23,0
2017-07-10 00:00:00,1217.63,1217.63,1217.63,1217.63,0
2017-07-11 00:00:00,1213.27,1213.27,1213.27,1213.27,0
2017-07-12 00:00:00,1225.34,1225.34,1225.34,1225.34,0
2017-07-13 00:00:00,1230.71,1230.71,1230.71,1230.71,0
2017-07-14 00:00:00,1219.48,1219.48,1219.48,1219.48,0
2017-07-17 00:00:00,1211.31,1211.31,1211.31,1211.31,0
2017-07-18 00:00:00,1208.39,1208.39,1208.39,1208.39,0
2017-07-19 00:00:00,1217.26,1217.26,1217.26,1217.26,0
2017-07-20 00:00:00,1214.41,1214.41,1214.41,1214.41,0
2017-07-21 00:00:00,1217.13,1217.13,1217.13,1217.13,0
2017-07-24 00:00:00,1218.56,1218.56,1218.56,1218.56,0
2017-07-25 00:00:00,1220.89,1220.89,1220.89,1220.89,0
2017-07-26 00:00:00,1222.48,1222.48,1222.48,1222.48,0
2017-07-27 00:00:00,1212.99,1212.99,1212.99,1212.99,0
2017-07-28 00:00:00,1214.43,1214.43,1214.43,1214.43,0
2017-07-31 00:00:00,1218.8,1218.8,1218.8,1218.8,0
2017-08-01 00:00:00,1215.29,1215.29,1215.29,1215.29,0
2017-08-02 00:00:00,1211.5,1211.5,1211.5,1211.5,0
2017-08-03 00:00:00,1199.56,1199.56,1199.56,1199.56,0
2017-08-04 00:00:00,1211.81,1211.81,1211.81,1211.81,0
2017-08-07 00:00:00,1217.45,1217.45,1217.45,1217.45,0
2017-08-08 00:00:00,1206.12,1206.12,1206.12,1206.12,0
2017-08-09 00:00:00,1189.21,1189.21,1189.21,1189.21,0
2017-08-10 00:00:00,1157.31,1157.31,1157.31,1157.31,0
2017-08-11 00:00:00,1159.4,1159.4,1159.4,1159.4,0
2017-08-14 00:00:00,1180.77,1180.77,1180.77,1180.77,0
2017-08-16 00:00:00,1195.64,1195.64,1195.64,1195.64,0
2017-08-17 00:00:00,1199.19,1199.19,1199.19,1199.19,0
2017-08-18 00:00:00,1200.67,1200.67,1200.67,1200.67,0
2017-08-21 00:00:00,1185.21,1185.21,1185.21,1185.21,0
2017-08-22 00:00:00,1176.1,1176.1,1176.1,1176.1,0
2017-08-23 00:00:00,1181.8,1181.8,1181.8,1181.8,0
2017-08-24 00:00:00,1183.61,1183.61,1183.61,1183.61,0
2017-08-28 00:00:00,1200.5,1200.5,1200.5,1200.5,0
2017-08-29 00:00:00,1192.47,1192.47,1192.47,1192.47,0
2017-08-30 00:00:00,1210.48,1210.48,1210.48,1210.48,0
2017-08-31 00:00:00,1210.7,1210.7,1210.7,1210.7,0
2017-09-01 00:00:00,1216.55,1216.55,1216.55,1216.55,0
2017-09-04 00:00:00,1213.67,1213.67,1213.67,1213.67,0
2017-09-05 00:00:00,1231.3,1231.3,1231.3,1231.3,0
2017-09-06 00:00:00,1233.43,1233.43,1233.43,1233.43,0
2017-09-07 00:00:00,1234.88,1234.88,1234.88,1234.88,0
2017-09-08 00:00:00,1233.25,1233.25,1233.25,1233.25,0
2017-09-11 00:00:00,1238.58,1238.58,1238.58,1238.58,0
2017-09-12 00:00:00,1241.39,1241.39,1241.39,1241.39,0
2017-09-13 00:00:00,1236.1,1236.1,1236.1,1236.1,0
2017-09-14 00:00:00,1233.23,1233.23,1233.23,1233.23,0
2017-09-15 00:00:00,1239.96,1239.96,1239.96,1239.96,0
2017-09-18 00:00:00,1255.86,1255.86,1255.86,1255.86,0
2017-09-19 00:00:00,1255.47,1255.47,1255.47,1255.47,0
2017-09-20 00:00:00,1248.28,1248.28,1248.28,1248.28,0
2017-09-21 00:00:00,1242.07,1242.07,1242.07,1242.07,0
2017-09-22 00:00:00,1220.68,1220.68,1220.68,1220.68,0
2017-09-25 00:00:00,1199.46,1199.46,1199.46,1199.46,0
2017-09-26 00:00:00,1208.7,1208.7,1208.7,1208.7,0
2017-09-27 00:00:00,1189.73,1189.73,1189.73,1189.73,0
2017-09-28 00:00:00,1199.93,1199.93,1199.93,1199.93,0
2017-09-29 00:00:00,1216.27,1216.27,1216.27,1216.27,0
2017-10-03 00:00:00,1227.59,1227.59,1227.59,1227.59,0
2017-10-04 00:00:00,1233.59,1233.59,1233.59,1233.59,0
2017-10-05 00:00:00,1233.11,1233.11,1233.11,1233.11,0
2017-10-06 00:00:00,1243.45,1243.45,1243.45,1243.45,0
2017-10-09 00:00:00,1248.79,1248.79,1248.79,1248.79,0
2017-10-10 00:00:00,1258.81,1258.81,1258.81,1258.81,0
2017-10-11 00:00:00,1251.18,1251.18,1251.18,1251.18,0
2017-10-12 00:00:00,1271.83,1271.83,1271.83,1271.83,0
2017-10-13 00:00:00,1281.19,1281.19,1281.19,1281.19,0
2017-10-16 00:00:00,1291.4,1291.4,1291.4,1291.4,0
2017-10-17 00:00:00,1295.74,1295.74,1295.74,1295.74,0
2017-10-18 00:00:00,1289.16,1289.16,1289.16,1289.16,0
2017-10-19 00:00:00,1288.22,1288.22,1288.22,1288.22,0
2017-10-23 00:00:00,1282.38,1282.38,1282.38,1282.38,0
2017-10-24 00:00:00,1286.1,1286.1,1286.1,1286.1,0
2017-10-25 00:00:00,1273.95,1273.95,1273.95,1273.95,0
2017-10-26 00:00:00,1282.89,1282.89,1282.89,1282.89,0
2017-10-27 00:00:00,1273.83,1273.83,1273.83,1273.83,0
2017-10-30 00:00:00,1285.4,1285.4,1285.4,1285.4,0
2017-10-31 00:00:00,1294.01,1294.01,1294.01,1294.01,0
2017-11-01 00:00:00,1291.87,1291.87,1291.87,1291.87,0
2017-11-02 00:00:00,1294.98,1294.98,1294.98,1294.98,0
2017-11-03 00:00:00,1292.82,1292.82,1292.82,1292.82,0
2017-11-06 00:00:00,1298.01,1298.01,1298.01,1298.01,0
2017-11-07 00:00:00,1284.24,1284.24,1284.24,1284.24,0
2017-11-08 00:00:00,1278.62,1278.62,1278.62,1278.62,0
2017-11-09 00:00:00,1281.61,1281.61,1281.61,1281.61,0
2017-11-10 00:00:00,1284.95,1284.95,1284.95,1284.95,0
2017-11-13 00:00:00,1269.68,1269.68,1269.68,1269.68,0
2017-11-14 00:00:00,1261.61,1261.61,1261.61,1261.61,0
2017-11-15 00:00:00,1242.88,1242.88,1242.88,1242.88,0
2017-11-16 00:00:00,1251.21,1251.21,1251.21,1251.21,0
2017-11-17 00:00:00,1260.65,1260.65,1260.65,1260.65,0
2017-11-20 00:00:00,1269.11,1269.11,1269.11,1269.11,0
2017-11-21 00:00:00,1268.15,1268.15,1268.15,1268.15,0
2017-11-22 00:00:00,1268.88,1268.88,1268.88,1268.88,0
2017-11-23 00:00:00,1264.85,1264.85,1264.85,1264.85,0
2017-11-24 00:00:00,1268.4,1268.4,1268.4,1268.4,0
2017-11-27 00:00:00,1272.53,1272.53,1272.53,1272.53,0
2017-11-28 00:00:00,1275.32,1275.32,1275.32,1275.32,0
2017-11-29 00:00:00,1277.82,1277.82,1277.82,1277.82,0
2017-11-30 00:00:00,1276.12,1276.12,1276.12,1276.12,0
2017-12-01 00:00:00,1266.05,1266.05,1266.05,1266.05,0
2017-12-04 00:00:00,1254.15,1254.15,1254.15,1254.15,0
2017-12-05 00:00:00,1253.98,1253.98,1253.98,1253.98,0
2017-12-06 00:00:00,1245.64,1245.64,1245.64,1245.64,0
2017-12-07 00:00:00,1259.64,1259.64,1259.64,1259.64,0
2017-12-08 00:00:00,1267.16,1267.16,1267.16,1267.16,0
2017-12-11 00:00:00,1266.09,1266.09,1266.09,1266.09,0
2017-12-12 00:00:00,1253.54,1253.54,1253.54,1253.54,0
2017-12-13 00:00:00,1245.36,1245.36,1245.36,1245.36,0
2017-12-14 00:00:00,1244.73,1244.73,1244.73,1244.73,0
2017-12-15 00:00:00,1256.45,1256.45,1256.45,1256.45,0
2017-12-18 00:00:00,1260.83,1260.83,1260.83,1260.83,0
2017-12-19 00:00:00,1276.72,1276.72,1276.72,1276.72,0
2017-12-20 00:00:00,1280.9,1280.9,1280.9,1280.9,0
2017-12-21 00:00:00,1285.94,1285.94,1285.94,1285.94,0
2017-12-22 00:00:00,1286.19,1286.19,1286.19,1286.19,0
2017-12-26 00:00:00,1292.86,1292.86,1292.86,1292.86,0
2017-12-27 00:00:00,1288.56,1288.56,1288.56,1288.56,0
2017-12-28 00:00:00,1289.49,1289.49,1289.49,1289.49,0
2017-12-29 00:00:00,1291.83,1291.83,1291.83,1291.83,0
2018-01-01 00:00:00,1294.48,1294.48,1294.48,1294.48,0
2018-01-02 00:00:00,1293.23,1293.23,1293.23,1293.23,0
2018-01-03 00:00:00,1298.08,1298.08,1298.08,1298.08,0
2018-01-04 00:00:00,1305.99,1305.99,1305.99,1305.99,0
2018-01-05 00:00:00,1318.26,1318.26,1318.26,1318.26,0
2018-01-08 00:00:00,1336.05,1336.05,1336.05,1336.05,0
2018-01-09 00:00:00,1333.12,1333.12,1333.12,1333.12,0
2018-01-10 00:00:00,1331.9,1331.9,1331.9,1331.9,0
2018-01-11 00:00:00,1334.83,1334.83,1334.83,1334.83,0
2018-01-12 00:00:00,1339.45,1339.45,1339.45,1339.45,0
2018-01-15 00:00:00,1343.87,1343.87,1343.87,1343.87,0
2018-01-16 00:00:00,1322.24,1322.24,1322.24,1322.24,0
2018-01-17 00:00:00,1325.68,1325.68,1325.68,1325.68,0
2018-01-18 00:00:00,1304.78,1304.78,1304.78,1304.78,0
2018-01-19 00:00:00,1313.39,1313.39,1313.39,1313.39,0
2018-01-22 00:00:00,1320.8,1320.8,1320.8,1320.8,0
2018-01-23 00:00:00,1317.16,1317.16,1317.16,1317.16,0
2018-01-24 00:00:00,1312.73,1312.73,1312.73,1312.73,0
2018-01-25 00:00:00,1308.1,1308.1,1308.1,1308.1,0
2018-01-29 00:00:00,1304.46,1304.46,1304.46,1304.46,0
2018-01-30 00:00:00,1285.93,1285.93,1285.93,1285.93,0
2018-01-31 00:00:00,1276.15,1276.15,1276.15,1276.15,0
2018-02-01 00:00:00,1290.89,1290.89,1290.89,1290.89,0
2018-02-02 00:00:00,1246.73,1246.73,1246.73,1246.73,0
2018-02-05 00:00:00,1250.75,1250.75,1250.75,1250.75,0
2018-02-06 00:00:00,1227.11,1227.11,1227.11,1227.11,0
2018-02-07 00:00:00,1240.02,1240.02,1240.02,1240.02,0
2018-02-08 00:00:00,1260.66,1260.66,1260.66,1260.66,0
2018-02-09 00:00:00,1253.24,1253.24,1253.24,1253.24,0
2018-02-12 00:00:00,1267.19,1267.19,1267.19,1267.19,0
2018-02-14 00:00:00,1264.38,1264.38,1264.38,1264.38,0
2018-02-15 00:00:00,1257.44,1257.44,1257.44,1257.44,0
2018-02-16 00:00:00,1247.21,1247.21,1247.21,1247.21,0
2018-02-19 00:00:00,1240.26,1240.26,1240.26,1240.26,0
2018-02-20 00:00:00,1239.21,1239.21,1239.21,1239.21,0
2018-02-21 00:00:00,1242.91,1242.91,1242.91,1242.91,0
2018-02-22 00:00:00,1233.85,1233.85,1233.85,1233.85,0
2018-02-23 00:00:00,1255.28,1255.28,1255.28,1255.28,0
2018-02-26 00:00:00,1267.61,1267.61,1267.61,1267.61,0
2018-02-27 00:00:00,1267.08,1267.08,1267.08,1267.08,0
2018-02-28 00:00:00,1266.51,1266.51,1266.51,1266.51,0
2018-03-01 00:00:00,1260.87,1260.87,1260.87,1260.87,0
2018-03-05 00:00:00,1246.55,1246.55,1246.55,1246.55,0
2018-03-06 00:00:00,1232.41,1232.41,1232.41,1232.41,0
2018-03-07 00:00:00,1212.35,1212.35,1212.35,1212.35,0
2018-03-08 00:00:00,1217.05,1217.05,1217.05,1217.05,0
2018-03-09 00:00:00,1216.98,1216.98,1216.98,1216.98,0
2018-03-12 00:00:00,1226.03,1226.03,1226.03,1226.03,0
2018-03-13 00:00:00,1240.04,1240.04,1240.04,1240.04,0
2018-03-14 00:00:00,1232.18,1232.18,1232.18,1232.18,0
2018-03-15 00:00:00,1237.98,1237.98,1237.98,1237.98,0
2018-03-16 00:00:00,1225.83,1225.83,1225.83,1225.83,0
2018-03-19 00:00:00,1206.19,1206.19,1206.19,1206.19,0
2018-03-20 00:00:00,1211.02,1211.02,1211.02,1211.02,0
2018-03-21 00:00:00,1213.18,1213.18,1213.18,1213.18,0
2018-03-22 00:00:00,1205.39,1205.39,1205.39,1205.39,0
2018-03-23 00:00:00,1199.03,1199.03,1199.03,1199.03,0
2018-03-26 00:00:00,1209.74,1209.74,1209.74,1209.74,0
2018-03-27 00:00:00,1227.48,1227.48,1227.48,1227.48,0
2018-03-28 00:00:00,1224.97,1224.97,1224.97,1224.97,0
2018-04-02 00:00:00,1241.75,1241.75,1241.75,1241.75,0
2018-04-03 00:00:00,1252.43,1252.43,1252.43,1252.43,0
2018-04-04 00:00:00,1245.4,1245.4,1245.4,1245.4,0
2018-04-05 00:00:00,1262.93,1262.93,1262.93,1262.93,0
2018-04-06 00:00:00,1266.38,1266.38,1266.38,1266.38,0
2018-04-09 00:00:00,1269.64,1269.64,1269.64,1269.64,0
2018-04-10 00:00:00,1273.96,1273.96,1273.96,1273.96,0
2018-04-11 00:00:00,1275.75,1275.75,1275.75,1275.75,0
2018-04-12 00:00:00,1271.74,1271.74,1271.74,1271.74,0
2018-04-13 00:00:00,1271.2,1271.2,1271.2,1271.2,0
2018-04-16 00:00:00,1273.14,1273.14,1273.14,1273.14,0
2018-04-17 00:00:00,1272.2,1272.2,1272.2,1272.2,0
2018-04-18 00:00:00,1271.6,1271.6,1271.6,1271.6,0
2018-04-19 00:00:00,1276.61,1276.61,1276.61,1276.61,0
2018-04-20 00:00:00,1271.71,1271.71,1271.71,1271.71,0
2018-04-23 00:00:00,1273.6,1273.6,1273.6,1273.6,0
2018-04-24 00:00:00,1286.3,1286.3,1286.3,1286.3,0
2018-04-25 00:00:00,1290.6,1290.6,1290.6,1290.6,0
2018-04-26 00:00:00,1289.39,1289.39,1289.39,1289.39,0
2018-04-27 00:00:00,1283.93,1283.93,1283.93,1283.93,0
2018-04-30 00:00:00,1279.15,1279.15,1279.15,1279.15,0
2018-05-02 00:00:00,1268.19,1268.19,1268.19,1268.19,0
2018-05-03 00:00:00,1260.73,1260.73,1260.73,1260.73,0
2018-05-04 00:00:00,1263.27,1263.27,1263.27,1263.27,0
2018-05-07 00:00:00,1268.24,1268.24,1268.24,1268.24,0
2018-05-08 00:00:00,1266.18,1266.18,1266.18,1266.18,0
2018-05-09 00:00:00,1268.65,1268.65,1268.65,1268.65,0
2018-05-10 00:00:00,1264.88,1264.88,1264.88,1264.88,0
2018-05-11 00:00:00,1263.47,1263.47,1263.47,1263.47,0
2018-05-14 00:00:00,1255.92,1255.92,1255.92,1255.92,0
2018-05-15 00:00:00,1249.5,1249.5,1249.5,1249.5,0
2018-05-16 00:00:00,1247.42,1247.42,1247.42,1247.42,0
2018-05-17 00:00:00,1250.34,1250.34,1250.34,1250.34,0
2018-05-18 00:00:00,1233.16,1233.16,1233.16,1233.16,0
2018-05-21 00:00:00,1217.56,1217.56,1217.56,1217.56,0
2018-05-22 00:00:00,1218.56,1218.56,1218.56,1218.56,0
2018-05-23 00:00:00,1221.64,1221.64,1221.64,1221.64,0
2018-05-24 00:00:00,1221.05,1221.05,1221.05,1221.05,0
2018-05-25 00:00:00,1239.07,1239.07,1239.07,1239.07,0
2018-05-28 00:00:00,1252.76,1252.76,1252.76,1252.76,0
2018-05-29 00:00:00,1249.69,1249.69,1249.69,1249.69,0
2018-05-30 00:00:00,1244.37,1244.37,1244.37,1244.37,0
2018-05-31 00:00:00,1233.41,1233.41,1233.41,1233.41,0
2018-06-01 00:00:00,1218.81,1218.81,1218.81,1218.81,0
2018-06-04 00:00:00,1199.59,1199.59,1199.59,1199.59,0
2018-06-05 00:00:00,1181.71,1181.71,1181.71,1181.71,0
2018-06-06 00:00:00,1191.85,1191.85,1191.85,1191.85,0
2018-06-07 00:00:00,1206.4,1206.4,1206.4,1206.4,0
2018-06-08 00:00:00,1213.11,1213.11,1213.11,1213.11,0
2018-06-11 00:00:00,1220.15,1220.15,1220.15,1220.15,0
2018-06-12 00:00:00,1229.09,1229.09,1229.09,1229.09,0
2018-06-13 00:00:00,1227.67,1227.67,1227.67,1227.67,0
2018-06-14 00:00:00,1222.09,1222.09,1222.09,1222.09,0
2018-06-15 00:00:00,1213.59,1213.59,1213.59,1213.59,0
2018-06-18 00:00:00,1211.46,1211.46,1211.46,1211.46,0
2018-06-19 00:00:00,1198.32,1198.32,1198.32,1198.32,0
2018-06-20 00:00:00,1193.27,1193.27,1193.27,1193.27,0
2018-06-21 00:00:00,1187.63,1187.63,1187.63,1187.63,0
2018-06-22 00:00:00,1193.13,1193.13,1193.13,1193.13,0
2018-06-25 00:00:00,1189.85,1189.85,1189.85,1189.85,0
2018-06-26 00:00:00,1184.35,1184.35,1184.35,1184.35,0
2018-06-27 00:00:00,1174.36,1174.36,1174.36,1174.36,0
2018-06-28 00:00:00,1159.78,1159.78,1159.78,1159.78,0
2018-06-29 00:00:00,1172.16,1172.16,1172.16,1172.16,0
2018-07-02 00:00:00,1165.26,1165.26,1165.26,1165.26,0
2018-07-03 00:00:00,1175.01,1175.01,1175.01,1175.01,0
2018-07-04 00:00:00,1177.83,1177.83,1177.83,1177.83,0
2018-07-05 00:00:00,1172.86,1172.86,1172.86,1172.86,0
2018-07-06 00:00:00,1182.11,1182.11,1182.11,1182.11,0
2018-07-09 00:00:00,1189.21,1189.21,1189.21,1189.21,0
2018-07-10 00:00:00,1197.74,1197.74,1197.74,1197.74,0
2018-07-11 00:00:00,1194.69,1194.69,1194.69,1194.69,0
2018-07-12 00:00:00,1193.81,1193.81,1193.81,1193.81,0
2018-07-13 00:00:00,1185.27,1185.27,1185.27,1185.27,0
2018-07-16 00:00:00,1163.88,1163.88,1163.88,1163.88,0
2018-07-17 00:00:00,1172.41,1172.41,1172.41,1172.41,0
2018-07-18 00:00:00,1168.35,1168.35,1168.35,1168.35,0
2018-07-19 00:00:00,1155.6,1155.6,1155.6,1155.6,0
2018-07-20 00:00:00,1169.49,1169.49,1169.49,1169.49,0
2018-07-23 00:00:00,1174.82,1174.82,1174.82,1174.82,0
2018-07-24 00:00:00,1190.1,1190.1,1190.1,1190.1,0
2018-07-25 00:00:00,1195.97,1195.97,1195.97,1195.97,0
2018-07-26 00:00:00,1198.84,1198.84,1198.84,1198.84,0
2018-07-27 00:00:00,1208.59,1208.59,1208.59,1208.59,0
2018-07-30 00:00:00,1215.54,1215.54,1215.54,1215.54,0
2018-07-31 00:00:00,1217.96,1217.96,1217.96,1217.96,0
2018-08-01 00:00:00,1219.06,1219.06,1219.06,1219.06,0
2018-08-02 00:00:00,1220.03,1220.03,1220.03,1220.03,0
2018-08-03 00:00:00,1224.63,1224.63,1224.63,1224.63,0
2018-08-06 00:00:00,1228.16,1228.16,1228.16,1228.16,0
2018-08-07 00:00:00,1219.63,1219.63,1219.63,1219.63,0
2018-08-08 00:00:00,1217.12,1217.12,1217.12,1217.12,0
2018-08-09 00:00:00,1217.38,1217.38,1217.38,1217.38,0
2018-08-10 00:00:00,1209.13,1209.13,1209.13,1209.13,0
2018-08-13 00:00:00,1197.45,1197.45,1197.45,1197.45,0
2018-08-14 00:00:00,1200.54,1200.54,1200.54,1200.54,0
2018-08-16 00:00:00,1198.15,1198.15,1198.15,1198.15,0
2018-08-17 00:00:00,1209.94,1209.94,1209.94,1209.94,0
2018-08-20 00:00:00,1220.53,1220.53,1220.53,1220.53,0
2018-08-21 00:00:00,1219.02,1219.02,1219.02,1219.02,0
2018-08-23 00:00:00,1212.73,1212.73,1212.73,1212.73,0
2018-08-24 00:00:00,1210.72,1210.72,1210.72,1210.72,0
2018-08-27 00:00:00,1227.6,1227.6,1227.6,1227.6,0
2018-08-28 00:00:00,1225.57,1225.57,1225.57,1225.57,0
2018-08-29 00:00:00,1226.12,1226.12,1226.12,1226.12,0
2018-08-30 00:00:00,1218.33,1218.33,1218.33,1218.33,0
2018-08-31 00:00:00,1222.15,1222.15,1222.15,1222.15,0
2018-09-03 00:00:00,1222.25,1222.25,1222.25,1222.25,0
2018-09-04 00:00:00,1200.87,1200.87,1200.87,1200.87,0
2018-09-05 00:00:00,1191.25,1191.25,1191.25,1191.25,0
2018-09-06 00:00:00,1195.62,1195.62,1195.62,1195.62,0
2018-09-07 00:00:00,1209.43,1209.43,1209.43,1209.43,0
2018-09-10 00:00:00,1196.49,1196.49,1196.49,1196.49,0
2018-09-11 00:00:00,1187.37,1187.37,1187.37,1187.37,0
2018-09-12 00:00:00,1181.88,1181.88,1181.88,1181.88,0
2018-09-14 00:00:00,1192.11,1192.11,1192.11,1192.11,0
2018-09-17 00:00:00,1183.07,1183.07,1183.07,1183.07,0
2018-09-18 00:00:00,1169.21,1169.21,1169.21,1169.21,0
2018-09-19 00:00:00,1152.32,1152.32,1152.32,1152.32,0
2018-09-21 00:00:00,1128.82,1128.82,1128.82,1128.82,0
2018-09-24 00:00:00,1099.35,1099.35,1099.35,1099.35,0
2018-09-25 00:00:00,1098.79,1098.79,1098.79,1098.79,0
2018-09-26 00:00:00,1102.6,1102.6,1102.6,1102.6,0
2018-09-27 00:00:00,1085.84,1085.84,1085.84,1085.84,0
2018-09-28 00:00:00,1043.4,1043.4,1043.4,1043.4,0
2018-10-01 00:00:00,1032.01,1032.01,1032.01,1032.01,0
2018-10-03 00:00:00,1026.57,1026.57,1026.57,1026.57,0
2018-10-04 00:00:00,1015.46,1015.46,1015.46,1015.46,0
2018-10-05 00:00:00,996.42,996.42,996.42,996.42,0
2018-10-08 00:00:00,986.7,986.7,986.7,986.7,0
2018-10-09 00:00:00,980.5,980.5,980.5,980.5,0
2018-10-10 00:00:00,1011.81,1011.81,1011.81,1011.81,0
2018-10-11 00:00:00,992.52,992.52,992.52,992.52,0
2018-10-12 00:00:00,1011.92,1011.92,1011.92,1011.92,0
2018-10-15 00:00:00,1013.04,1013.04,1013.04,1013.04,0
2018-10-16 00:00:00,1027.4,1027.4,1027.4,1027.4,0
2018-10-17 00:00:00,1011.91,1011.91,1011.91,1011.91,0
2018-10-19 00:00:00,987.58,987.58,987.58,987.58,0
2018-10-22 00:00:00,964.85,964.85,964.85,964.85,0
2018-10-23 00:00:00,955.88,955.88,955.88,955.88,0
2018-10-24 00:00:00,963.03,963.03,963.03,963.03,0
2018-10-25 00:00:00,960.9,960.9,960.9,960.9,0
2018-10-26 00:00:00,958.15,958.15,958.15,958.15,0
2018-10-29 00:00:00,976.08,976.08,976.08,976.08,0
2018-10-30 00:00:00,980.84,980.84,980.84,980.84,0
2018-10-31 00:00:00,994.07,994.07,994.07,994.07,0
2018-11-01 00:00:00,1007.95,1007.95,1007.95,1007.95,0
2018-11-02 00:00:00,1022.16,1022.16,1022.16,1022.16,0
2018-11-05 00:00:00,1025.18,1025.18,1025.18,1025.18,0
2018-11-06 00:00:00,1022.87,1022.87,1022.87,1022.87,0
2018-11-07 00:00:00,1033.24,1033.24,1033.24,1033.24,0
2018-11-09 00:00:00,1038.1,1038.1,1038.1,1038.1,0
2018-11-12 00:00:00,1032.11,1032.11,1032.11,1032.11,0
2018-11-13 00:00:00,1031.65,1031.65,1031.65,1031.65,0
2018-11-14 00:00:00,1033.53,1033.53,1033.53,1033.53,0
2018-11-15 00:00:00,1032.28,1032.28,1032.28,1032.28,0
2018-11-16 00:00:00,1030.6,1030.6,1030.6,1030.6,0
2018-11-19 00:00:00,1027.9,1027.9,1027.9,1027.9,0
2018-11-20 00:00:00,1021.55,1021.55,1021.55,1021.55,0
2018-11-21 00:00:00,1022.01,1022.01,1022.01,1022.01,0
2018-11-22 00:00:00,1018.24,1018.24,1018.24,1018.24,0
2018-11-26 00:00:00,1017.21,1017.21,1017.21,1017.21,0
2018-11-27 00:00:00,1022.55,1022.55,1022.55,1022.55,0
2018-11-28 00:00:00,1013.02,1013.02,1013.02,1013.02,0
2018-11-29 00:00:00,1012.72,1012.72,1012.72,1012.72,0
2018-11-30 00:00:00,1017.94,1017.94,1017.94,1017.94,0
2018-12-03 00:00:00,1021.55,1021.55,1021.55,1021.55,0
2018-12-04 00:00:00,1026.46,1026.46,1026.46,1026.46,0
2018-12-05 00:00:00,1022.05,1022.05,1022.05,1022.05,0
2018-12-06 00:00:00,1010.53,1010.53,1010.53,1010.53,0
2018-12-07 00:00:00,1009.33,1009.33,1009.33,1009.33,0
2018-12-10 00:00:00,995.71,995.71,995.71,995.71,0
2018-12-11 00:00:00,1008.55,1008.55,1008.55,1008.55,0
2018-12-12 00:00:00,1028.14,1028.14,1028.14,1028.14,0
2018-12-13 00:00:00,1036.32,1036.32,1036.32,1036.32,0
2018-12-14 00:00:00,1040.34,1040.34,1040.34,1040.34,0
2018-12-17 00:00:00,1046.78,1046.78,1046.78,1046.78,0
2018-12-18 00:00:00,1050.55,1050.55,1050.55,1050.55,0
2018-12-19 00:00:00,1051.95,1051.95,1051.95,1051.95,0
2018-12-20 00:00:00,1053.2,1053.2,1053.2,1053.2,0
2018-12-21 00:00:00,1044.63,1044.63,1044.63,1044.63,0
2018-12-24 00:00:00,1031.01,1031.01,1031.01,1031.01,0
2018-12-26 00:00:00,1027.34,1027.34,1027.34,1027.34,0
2018-12-27 00:00:00,1036.75,1036.75,1036.75,1036.75,0
2018-12-28 00:00:00,1043.81,1043.81,1043.81,1043.81,0
2018-12-31 00:00:00,1049.27,1049.27,1049.27,1049.27,0
2019-01-01 00:00:00,1051.59,1051.59,1051.59,1051.59,0
2019-01-02 00:00:00,1045.5,1045.5,1045.5,1045.5,0
2019-01-03 00:00:00,1042.47,1042.47,1042.47,1042.47,0
2019-01-04 00:00:00,1043.69,1043.69,1043.69,1043.69,0
2019-01-07 00:00:00,1039.57,1039.57,1039.57,1039.57,0
2019-01-08 00:00:00,1039.35,1039.35,1039.35,1039.35,0
2019-01-09 00:00:00,1046.9,1046.9,1046.9,1046.9,0
2019-01-10 00:00:00,1054.49,1054.49,1054.49,1054.49,0
2019-01-11 00:00:00,1049.65,1049.65,1049.65,1049.65,0
2019-01-14 00:00:00,1033.47,1033.47,1033.47,1033.47,0
2019-01-15 00:00:00,1038.19,1038.19,1038.19,1038.19,0
2019-01-16 00:00:00,1037.02,1037.02,1037.02,1037.02,0
2019-01-17 00:00:00,1036.18,1036.18,1036.18,1036.18,0
2019-01-18 00:00:00,1027.35,1027.35,1027.35,1027.35,0
2019-01-21 00:00:00,1020.87,1020.87,1020.87,1020.87,0
2019-01-22 00:00:00,1017.74,1017.74,1017.74,1017.74,0
2019-01-23 00:00:00,1010.19,1010.19,1010.19,1010.19,0
2019-01-24 00:00:00,1010.05,1010.05,1010.05,1010.05,0
2019-01-25 00:00:00,1001.63,1001.63,1001.63,1001.63,0
2019-01-28 00:00:00,989.13,989.13,989.13,989.13,0
2019-01-29 00:00:00,988.68,988.68,988.68,988.68,0
2019-01-30 00:00:00,992.46,992.46,992.46,992.46,0
2019-01-31 00:00:00,996.91,996.91,996.91,996.91,0
2019-02-01 00:00:00,1003.25,1003.25,1003.25,1003.25,0
2019-02-04 00:00:00,1003.43,1003.43,1003.43,1003.43,0
2019-02-05 00:00:00,1002.73,1002.73,1002.73,1002.73,0
2019-02-06 00:00:00,1010.38,1010.38,1010.38,1010.38,0
2019-02-07 00:00:00,1012.73,1012.73,1012.73,1012.73,0
2019-02-08 00:00:00,1004.83,1004.83,1004.83,1004.83,0
2019-02-11 00:00:00,988.46,988.46,988.46,988.46,0
2019-02-12 00:00:00,985.32,985.32,985.32,985.32,0
2019-02-13 00:00:00,984.93,984.93,984.93,984.93,0
2019-02-14 00:00:00,988.21,988.21,988.21,988.21,0
2019-02-15 00:00:00,983.69,983.69,983.69,983.69,0
2019-02-18 00:00:00,977.13,977.13,977.13,977.13,0
2019-02-19 00:00:00,977.36,977.36,977.36,977.36,0
2019-02-20 00:00:00,984.45,984.45,984.45,984.45,0
2019-02-21 00:00:00,996.23,996.23,996.23,996.23,0
2019-02-22 00:00:00,1000.52,1000.52,1000.52,1000.52,0
2019-02-25 00:00:00,999.39,999.39,999.39,999.39,0
2019-02-26 00:00:00,994.43,994.43,994.43,994.43,0
2019-02-27 00:00:00,995.92,995.92,995.92,995.92,0
2019-02-28 00:00:00,1001.58,1001.58,1001.58,1001.58,0
2019-03-01 00:00:00,1016.82,1016.82,1016.82,1016.82,0
2019-03-05 00:00:00,1042.59,1042.59,1042.59,1042.59,0
2019-03-06 00:00:00,1059.9,1059.9,1059.9,1059.9,0
2019-03-07 00:00:00,1052.81,1052.81,1052.81,1052.81,0
2019-03-08 00:00:00,1058.73,1058.73,1058.73,1058.73,0
2019-03-11 00:00:00,1076.63,1076.63,1076.63,1076.63,0
2019-03-12 00:00:00,1078.06,1078.06,1078.06,1078.06,0
2019-03-13 00:00:00,1073.78,1073.78,1073.78,1073.78,0
2019-03-14 00:00:00,1069.47,1069.47,1069.47,1069.47,0
2019-03-15 00:00:00,1073.65,1073.65,1073.65,1073.65,0
2019-03-18 00:00:00,1069.38,1069.38,1069.38,1069.38,0
2019-03-19 00:00:00,1074.09,1074.09,1074.09,1074.09,0
2019-03-20 00:00:00,1074.56,1074.56,1074.56,1074.56,0
2019-03-22 00:00:00,1070.05,1070.05,1070.05,1070.05,0
2019-03-25 00:00:00,1055.81,1055.81,1055.81,1055.81,0
2019-03-26 00:00:00,1068.31,1068.31,1068.31,1068.31,0
2019-03-27 00:00:00,1077.94,1077.94,1077.94,1077.94,0
2019-03-28 00:00:00,1088.44,1088.44,1088.44,1088.44,0
2019-03-29 00:00:00,1094.85,1094.85,1094.85,1094.85,0
2019-04-01 00:00:00,1100.73,1100.73,1100.73,1100.73,0
2019-04-02 00:00:00,1100.13,1100.13,1100.13,1100.13,0
2019-04-03 00:00:00,1094.86,1094.86,1094.86,1094.86,0
2019-04-04 00:00:00,1089.31,1089.31,1089.31,1089.31,0
2019-04-05 00:00:00,1097.36,1097.36,1097.36,1097.36,0
2019-04-08 00:00:00,1093.77,1093.77,1093.77,1093.77,0
2019-04-09 00:00:00,1094.55,1094.55,1094.55,1094.55,0
2019-04-10 00:00:00,1097.23,1097.23,1097.23,1097.23,0
2019-04-11 00:00:00,1097.43,1097.43,1097.43,1097.43,0
2019-04-12 00:00:00,1103.57,1103.57,1103.57,1103.57,0
2019-04-15 00:00:00,1105.97,1105.97,1105.97,1105.97,0
2019-04-16 00:00:00,1112.13,1112.13,1112.13,1112.13,0
2019-04-18 00:00:00,1107.5,1107.5,1107.5,1107.5,0
2019-04-22 00:00:00,1092.8,1092.8,1092.8,1092.8,0
2019-04-23 00:00:00,1087.52,1087.52,1087.52,1087.52,0
2019-04-24 00:00:00,1094.01,1094.01,1094.01,1094.01,0
2019-04-25 00:00:00,1093.63,1093.63,1093.63,1093.63,0
2019-04-26 00:00:00,1097.26,1097.26,1097.26,1097.26,0
2019-04-30 00:00:00,1098.98,1098.98,1098.98,1098.98,0
2019-05-02 00:00:00,1101.09,1101.09,1101.09,1101.09,0
2019-05-03 00:00:00,1100.31,1100.31,1100.31,1100.31,0
2019-05-06 00:00:00,1090.84,1090.84,1090.84,1090.84,0
2019-05-07 00:00:00,1089.68,1089.68,1089.68,1089.68,0
2019-05-08 00:00:00,1078.62,1078.62,1078.62,1078.62,0
2019-05-09 00:00:00,1079.04,1079.04,1079.04,1079.04,0
2019-05-10 00:00:00,1083.36,1083.36,1083.36,1083.36,0
2019-05-13 00:00:00,1066.81,1066.81,1066.81,1066.81,0
2019-05-14 00:00:00,1063.44,1063.44,1063.44,1063.44,0
2019-05-15 00:00:00,1068.14,1068.14,1068.14,1068.14,0
2019-05-16 00:00:00,1058.31,1058.31,1058.31,1058.31,0
2019-05-17 00:00:00,1065.81,1065.81,1065.81,1065.81,0
2019-05-20 00:00:00,1097.44,1097.44,1097.44,1097.44,0
2019-05-21 00:00:00,1091.87,1091.87,1091.87,1091.87,0
2019-05-22 00:00:00,1094.54,1094.54,1094.54,1094.54,0
2019-05-23 00:00:00,1103.52,1103.52,1103.52,1103.52,0
2019-05-24 00:00:00,1117.21,1117.21,1117.21,1117.21,0
2019-05-27 00:00:00,1132.59,1132.59,1132.59,1132.59,0
2019-05-28 00:00:00,1142.89,1142.89,1142.89,1142.89,0
2019-05-29 00:00:00,1133.95,1133.95,1133.95,1133.95,0
2019-05-30 00:00:00,1138.68,1138.68,1138.68,1138.68,0
2019-05-31 00:00:00,1143.94,1143.94,1143.94,1143.94,0
2019-06-03 00:00:00,1152.22,1152.22,1152.22,1152.22,0
2019-06-04 00:00:00,1149.44,1149.44,1149.44,1149.44,0
2019-06-06 00:00:00,1131.12,1131.12,1131.12,1131.12,0
2019-06-07 00:00:00,1132.22,1132.22,1132.22,1132.22,0
2019-06-10 00:00:00,1127.07,1127.07,1127.07,1127.07,0
2019-06-11 00:00:00,1124.59,1124.59,1124.59,1124.59,0
2019-06-12 00:00:00,1119.73,1119.73,1119.73,1119.73,0
2019-06-13 00:00:00,1119.93,1119.93,1119.93,1119.93,0
2019-06-14 00:00:00,1115.18,1115.18,1115.18,1115.18,0
2019-06-17 00:00:00,1102.83,1102.83,1102.83,1102.83,0
2019-06-18 00:00:00,1103.99,1103.99,1103.99,1103.99,0
2019-06-19 00:00:00,1093.79,1093.79,1093.79,1093.79,0
2019-06-20 00:00:00,1097.76,1097.76,1097.76,1097.76,0
2019-06-21 00:00:00,1094.63,1094.63,1094.63,1094.63,0
2019-06-24 00:00:00,1095.19,1095.19,1095.19,1095.19,0
2019-06-25 00:00:00,1089.27,1089.27,1089.27,1089.27,0
2019-06-26 00:00:00,1100.48,1100.48,1100.48,1100.48,0
2019-06-27 00:00:00,1107.81,1107.81,1107.81,1107.81,0
2019-06-28 00:00:00,1113.32,1113.32,1113.32,1113.32,0
2019-07-01 00:00:00,1118.19,1118.19,1118.19,1118.19,0
2019-07-02 00:00:00,1119.51,1119.51,1119.51,1119.51,0
2019-07-03 00:00:00,1123.27,1123.27,1123.27,1123.27,0
2019-07-04 00:00:00,1126.68,1126.68,1126.68,1126.68,0
2019-07-05 00:00:00,1107.39,1107.39,1107.39,1107.39,0
2019-07-08 00:00:00,1091.5,1091.5,1091.5,1091.5,0
2019-07-09 00:00:00,1087.52,1087.52,1087.52,1087.52,0
2019-07-10 00:00:00,1074.74,1074.74,1074.74,1074.74,0
2019-07-11 00:00:00,1084.37,1084.37,1084.37,1084.37,0
2019-07-12 00:00:00,1091.93,1091.93,1091.93,1091.93,0
2019-07-15 00:00:00,1090.48,1090.48,1090.48,1090.48,0
2019-07-16 00:00:00,1090.92,1090.92,1090.92,1090.92,0
2019-07-17 00:00:00,1094.31,1094.31,1094.31,1094.31,0
2019-07-18 00:00:00,1088.89,1088.89,1088.89,1088.89,0
2019-07-19 00:00:00,1064.55,1064.55,1064.55,1064.55,0
2019-07-22 00:00:00,1054.7,1054.7,1054.7,1054.7,0
2019-07-23 00:00:00,1057.95,1057.95,1057.95,1057.95,0
2019-07-24 00:00:00,1050.44,1050.44,1050.44,1050.44,0
2019-07-25 00:00:00,1057.59,1057.59,1057.59,1057.59,0
2019-07-26 00:00:00,1064.74,1064.74,1064.74,1064.74,0
2019-07-29 00:00:00,1058.3,1058.3,1058.3,1058.3,0
2019-07-30 00:00:00,1039.11,1039.11,1039.11,1039.11,0
2019-07-31 00:00:00,1049.56,1049.56,1049.56,1049.56,0
2019-08-01 00:00:00,1034.79,1034.79,1034.79,1034.79,0
2019-08-02 00:00:00,1040.74,1040.74,1040.74,1040.74,0
2019-08-05 00:00:00,1022.45,1022.45,1022.45,1022.45,0
2019-08-06 00:00:00,1035.94,1035.94,1035.94,1035.94,0
2019-08-07 00:00:00,1033.5,1033.5,1033.5,1033.5,0
2019-08-08 00:00:00,1040.19,1040.19,1040.19,1040.19,0
2019-08-09 00:00:00,1049.76,1049.76,1049.76,1049.76,0
2019-08-13 00:00:00,1036.09,1036.09,1036.09,1036.09,0
2019-08-14 00:00:00,1051.36,1051.36,1051.36,1051.36,0
2019-08-16 00:00:00,1062.88,1062.88,1062.88,1062.88,0
2019-08-19 00:00:00,1063.44,1063.44,1063.44,1063.44,0
2019-08-20 00:00:00,1057.02,1057.02,1057.02,1057.02,0
2019-08-21 00:00:00,1041.5,1041.5,1041.5,1041.5,0
2019-08-22 00:00:00,1027.64,1027.64,1027.64,1027.64,0
2019-08-23 00:00:00,1031.08,1031.08,1031.08,1031.08,0
2019-08-26 00:00:00,1053.62,1053.62,1053.62,1053.62,0
2019-08-27 00:00:00,1066.64,1066.64,1066.64,1066.64,0
2019-08-28 00:00:00,1060.55,1060.55,1060.55,1060.55,0
2019-08-29 00:00:00,1057.93,1057.93,1057.93,1057.93,0
2019-08-30 00:00:00,1073.59,1073.59,1073.59,1073.59,0
2019-09-03 00:00:00,1050.48,1050.48,1050.48,1050.48,0
2019-09-04 00:00:00,1053.71,1053.71,1053.71,1053.71,0
2019-09-05 00:00:00,1058.58,1058.58,1058.58,1058.58,0
2019-09-06 00:00:00,1070.53,1070.53,1070.53,1070.53,0
2019-09-09 00:00:00,1076.4,1076.4,1076.4,1076.4,0
2019-09-11 00:00:00,1077.25,1077.25,1077.25,1077.25,0
2019-09-12 00:00:00,1075.25,1075.25,1075.25,1075.25,0
2019-09-13 00:00:00,1078.83,1078.83,1078.83,1078.83,0
2019-09-16 00:00:00,1073.37,1073.37,1073.37,1073.37,0
2019-09-17 00:00:00,1061.12,1061.12,1061.12,1061.12,0
2019-09-18 00:00:00,1069.53,1069.53,1069.53,1069.53,0
2019-09-19 00:00:00,1058.86,1058.86,1058.86,1058.86,0
2019-09-20 00:00:00,1108.53,1108.53,1108.53,1108.53,0
2019-09-23 00:00:00,1125.84,1125.84,1125.84,1125.84,0
2019-09-24 00:00:00,1126.45,1126.45,1126.45,1126.45,0
2019-09-25 00:00:00,1115.85,1115.85,1115.85,1115.85,0
2019-09-26 00:00:00,1129.67,1129.67,1129.67,1129.67,0
2019-09-27 00:00:00,1135.11,1135.11,1135.11,1135.11,0
2019-09-30 00:00:00,1128.87,1128.87,1128.87,1128.87,0
2019-10-01 00:00:00,1116.41,1116.41,1116.41,1116.41,0
2019-10-03 00:00:00,1114.96,1114.96,1114.96,1114.96,0
2019-10-04 00:00:00,1106.67,1106.67,1106.67,1106.67,0
2019-10-07 00:00:00,1099.44,1099.44,1099.44,1099.44,0
2019-10-09 00:00:00,1103.46,1103.46,1103.46,1103.46,0
2019-10-10 00:00:00,1098.52,1098.52,1098.52,1098.52,0
2019-10-11 00:00:00,1104.82,1104.82,1104.82,1104.82,0
2019-10-14 00:00:00,1102.66,1102.66,1102.66,1102.66,0
2019-10-15 00:00:00,1111.19,1111.19,1111.19,1111.19,0
2019-10-16 00:00:00,1119.84,1119.84,1119.84,1119.84,0
2019-10-17 00:00:00,1140.43,1140.43,1140.43,1140.43,0
2019-10-18 00:00:00,1158.05,1158.05,1158.05,1158.05,0
2019-10-22 00:00:00,1170.9,1170.9,1170.9,1170.9,0
2019-10-23 00:00:00,1167.76,1167.76,1167.76,1167.76,0
2019-10-24 00:00:00,1164.25,1164.25,1164.25,1164.25,0
2019-10-25 00:00:00,1162.28,1162.28,1162.28,1162.28,0
2019-10-27 00:00:00,1176.75,1176.75,1176.75,1176.75,0
2019-10-29 00:00:00,1189.66,1189.66,1189.66,1189.66,0
2019-10-30 00:00:00,1205.31,1205.31,1205.31,1205.31,0
2019-10-31 00:00:00,1205.77,1205.77,1205.77,1205.77,0
2019-11-01 00:00:00,1199.68,1199.68,1199.68,1199.68,0
2019-11-04 00:00:00,1193.25,1193.25,1193.25,1193.25,0
2019-11-05 00:00:00,1184.79,1184.79,1184.79,1184.79,0
2019-11-06 00:00:00,1185.5,1185.5,1185.5,1185.5,0
2019-11-07 00:00:00,1192.76,1192.76,1192.76,1192.76,0
2019-11-08 00:00:00,1189.84,1189.84,1189.84,1189.84,0
2019-11-11 00:00:00,1198.12,1198.12,1198.12,1198.12,0
2019-11-13 00:00:00,1215.36,1215.36,1215.36,1215.36,0
2019-11-14 00:00:00,1215.67,1215.67,1215.67,1215.67,0
2019-11-15 00:00:00,1206.45,1206.45,1206.45,1206.45,0
2019-11-18 00:00:00,1202.63,1202.63,1202.63,1202.63,0
2019-11-19 00:00:00,1195.66,1195.66,1195.66,1195.66,0
2019-11-20 00:00:00,1198.36,1198.36,1198.36,1198.36,0
2019-11-21 00:00:00,1204.38,1204.38,1204.38,1204.38,0
2019-11-22 00:00:00,1203.5,1203.5,1203.5,1203.5,0
2019-11-25 00:00:00,1211.93,1211.93,1211.93,1211.93,0
2019-11-26 00:00:00,1204.54,1204.54,1204.54,1204.54,0
2019-11-27 00:00:00,1209.72,1209.72,1209.72,1209.72,0
2019-11-28 00:00:00,1218.98,1218.98,1218.98,1218.98,0
2019-11-29 00:00:00,1217.14,1217.14,1217.14,1217.14,0
2019-12-02 00:00:00,1208.67,1208.67,1208.67,1208.67,0
2019-12-03 00:00:00,1211.68,1211.68,1211.68,1211.68,0
2019-12-04 00:00:00,1213.25,1213.25,1213.25,1213.25,0
2019-12-05 00:00:00,1203.47,1203.47,1203.47,1203.47,0
2019-12-06 00:00:00,1192.36,1192.36,1192.36,1192.36,0
2019-12-09 00:00:00,1177.67,1177.67,1177.67,1177.67,0
2019-12-10 00:00:00,1162.23,1162.23,1162.23,1162.23,0
2019-12-11 00:00:00,1164.98,1164.98,1164.98,1164.98,0
2019-12-12 00:00:00,1171.38,1171.38,1171.38,1171.38,0
2019-12-13 00:00:00,1180.09,1180.09,1180.09,1180.09,0
2019-12-16 00:00:00,1171.9,1171.9,1171.9,1171.9,0
2019-12-17 00:00:00,1179.51,1179.51,1179.51,1179.51,0
2019-12-18 00:00:00,1183.49,1183.49,1183.49,1183.49,0
2019-12-19 00:00:00,1189.2,1189.2,1189.2,1189.2,0
2019-12-20 00:00:00,1198.28,1198.28,1198.28,1198.28,0
2019-12-23 00:00:00,1195.9,1195.9,1195.9,1195.9,0
2019-12-24 00:00:00,1195.92,1195.92,1195.92,1195.92,0
2019-12-26 00:00:00,1201.55,1201.55,1201.55,1201.55,0
2019-12-27 00:00:00,1203.4,1203.4,1203.4,1203.4,0
2019-12-30 00:00:00,1203.08,1203.08,1203.08,1203.08,0
2019-12-31 00:00:00,1197.72,1197.72,1197.72,1197.72,0
2020-01-01 00:00:00,1200.23,1200.23,1200.23,1200.23,0
2020-01-02 00:00:00,1211.74,1211.74,1211.74,1211.74,0
2020-01-03 00:00:00,1214.07,1214.07,1214.07,1214.07,0
2020-01-06 00:00:00,1195.22,1195.22,1195.22,1195.22,0
2020-01-07 00:00:00,1204.56,1204.56,1204.56,1204.56,0
2020-01-08 00:00:00,1205.7,1205.7,1205.7,1205.7,0
2020-01-09 00:00:00,1218.73,1218.73,1218.73,1218.73,0
2020-01-10 00:00:00,1220.43,1220.43,1220.43,1220.43,0
2020-01-13 00:00:00,1234.37,1234.37,1234.37,1234.37,0
2020-01-14 00:00:00,1237.71,1237.71,1237.71,1237.71,0
2020-01-15 00:00:00,1242.84,1242.84,1242.84,1242.84,0
2020-01-16 00:00:00,1248.28,1248.28,1248.28,1248.28,0
2020-01-17 00:00:00,1248.45,1248.45,1248.45,1248.45,0
2020-01-20 00:00:00,1235.07,1235.07,1235.07,1235.07,0
2020-01-21 00:00:00,1234.47,1234.47,1234.47,1234.47,0
2020-01-22 00:00:00,1237.06,1237.06,1237.06,1237.06,0
2020-01-23 00:00:00,1251.72,1251.72,1251.72,1251.72,0
2020-01-24 00:00:00,1266.66,1266.66,1266.66,1266.66,0
2020-01-27 00:00:00,1261.29,1261.29,1261.29,1261.29,0
2020-01-28 00:00:00,1260.13,1260.13,1260.13,1260.13,0
2020-01-29 00:00:00,1263.24,1263.24,1263.24,1263.24,0
2020-01-30 00:00:00,1252.49,1252.49,1252.49,1252.49,0
2020-01-31 00:00:00,1256.8,1256.8,1256.8,1256.8,0
2020-02-01 00:00:00,1204.99,1204.99,1204.99,1204.99,0
2020-02-03 00:00:00,1213.58,1213.58,1213.58,1213.58,0
2020-02-04 00:00:00,1233.1,1233.1,1233.1,1233.1,0
2020-02-05 00:00:00,1247.94,1247.94,1247.94,1247.94,0
2020-02-06 00:00:00,1260.92,1260.92,1260.92,1260.92,0
2020-02-07 00:00:00,1277.59,1277.59,1277.59,1277.59,0
2020-02-10 00:00:00,1280.51,1280.51,1280.51,1280.51,0
2020-02-11 00:00:00,1278.29,1278.29,1278.29,1278.29,0
2020-02-12 00:00:00,1280.85,1280.85,1280.85,1280.85,0
2020-02-13 00:00:00,1277.33,1277.33,1277.33,1277.33,0
2020-02-14 00:00:00,1263.37,1263.37,1263.37,1263.37,0
2020-02-17 00:00:00,1244.7,1244.7,1244.7,1244.7,0
2020-02-18 00:00:00,1244.2,1244.2,1244.2,1244.2,0
2020-02-19 00:00:00,1267.4,1267.4,1267.4,1267.4,0
2020-02-20 00:00:00,1272.95,1272.95,1272.95,1272.95,0
2020-02-24 00:00:00,1248.71,1248.71,1248.71,1248.71,0
2020-02-25 00:00:00,1240.96,1240.96,1240.96,1240.96,0
2020-02-26 00:00:00,1230.73,1230.73,1230.73,1230.73,0
2020-02-27 00:00:00,1229.48,1229.48,1229.48,1229.48,0
2020-02-28 00:00:00,1192.61,1192.61,1192.61,1192.61,0
2020-03-02 00:00:00,1182.27,1182.27,1182.27,1182.27,0
2020-03-03 00:00:00,1196.37,1196.37,1196.37,1196.37,0
2020-03-04 00:00:00,1179.42,1179.42,1179.42,1179.42,0
2020-03-05 00:00:00,1188.66,1188.66,1188.66,1188.66,0
2020-03-06 00:00:00,1157.44,1157.44,1157.44,1157.44,0
2020-03-09 00:00:00,1096.06,1096.06,1096.06,1096.06,0
2020-03-11 00:00:00,1094.65,1094.65,1094.65,1094.65,0
2020-03-12 00:00:00,1006.57,1006.57,1006.57,1006.57,0
2020-03-13 00:00:00,1029.13,1029.13,1029.13,1029.13,0
2020-03-16 00:00:00,968.6,968.6,968.6,968.6,0
2020-03-17 00:00:00,940.35,940.35,940.35,940.35,0
2020-03-18 00:00:00,863.5,863.5,863.5,863.5,0
2020-03-19 00:00:00,839.56,839.56,839.56,839.56,0
2020-03-20 00:00:00,863.92,863.92,863.92,863.92,0
2020-03-23 00:00:00,748.42,748.42,748.42,748.42,0
2020-03-24 00:00:00,754.28,754.28,754.28,754.28,0
2020-03-25 00:00:00,791.45,791.45,791.45,791.45,0
2020-03-26 00:00:00,842.63,842.63,842.63,842.63,0
2020-03-27 00:00:00,839.45,839.45,839.45,839.45,0
2020-03-30 00:00:00,823.75,823.75,823.75,823.75,0
2020-03-31 00:00:00,846.8,846.8,846.8,846.8,0
2020-04-01 00:00:00,835.9,835.9,835.9,835.9,0
2020-04-03 00:00:00,821.42,821.42,821.42,821.42,0
2020-04-07 00:00:00,863.67,863.67,863.67,863.67,0
2020-04-08 00:00:00,881.75,881.75,881.75,881.75,0
2020-04-09 00:00:00,900.49,900.49,900.49,900.49,0
2020-04-13 00:00:00,890.03,890.03,890.03,890.03,0
2020-04-15 00:00:00,887.29,887.29,887.29,887.29,0
2020-04-16 00:00:00,898.8,898.8,898.8,898.8,0
2020-04-17 00:00:00,925.66,925.66,925.66,925.66,0
2020-04-20 00:00:00,935.83,935.83,935.83,935.83,0
2020-04-21 00:00:00,910.07,910.07,910.07,910.07,0
2020-04-22 00:00:00,913.59,913.59,913.59,913.59,0
2020-04-23 00:00:00,916.21,916.21,916.21,916.21,0
2020-04-24 00:00:00,892.6,892.6,892.6,892.6,0
2020-04-27 00:00:00,919.97,919.97,919.97,919.97,0
2020-04-28 00:00:00,925.2,925.2,925.2,925.2,0
2020-04-29 00:00:00,937.37,937.37,937.37,937.37,0
2020-04-30 00:00:00,959.01,959.01,959.01,959.01,0
2020-05-04 00:00:00,918.63,918.63,918.63,918.63,0
2020-05-05 00:00:00,911.34,911.34,911.34,911.34,0
2020-05-06 00:00:00,920.14,920.14,920.14,920.14,0
2020-05-07 00:00:00,919.61,919.61,919.61,919.61,0
2020-05-08 00:00:00,925.46,925.46,925.46,925.46,0
2020-05-11 00:00:00,930.09,930.09,930.09,930.09,0
2020-05-12 00:00:00,929.05,929.05,929.05,929.05,0
2020-05-13 00:00:00,941.36,941.36,941.36,941.36,0
2020-05-14 00:00:00,926.34,926.34,926.34,926.34,0
2020-05-15 00:00:00,923.75,923.75,923.75,923.75,0
2020-05-18 00:00:00,890.74,890.74,890.74,890.74,0
2020-05-19 00:00:00,895.26,895.26,895.26,895.26,0
2020-05-20 00:00:00,912.72,912.72,912.72,912.72,0
2020-05-21 00:00:00,918.66,918.66,918.66,918.66,0
2020-05-22 00:00:00,907.64,907.64,907.64,907.64,0
2020-05-26 00:00:00,905.98,905.98,905.98,905.98,0
2020-05-27 00:00:00,904.54,904.54,904.54,904.54,0
2020-05-28 00:00:00,922.54,922.54,922.54,922.54,0
2020-05-29 00:00:00,936.24,936.24,936.24,936.24,0
2020-06-01 00:00:00,950.94,950.94,950.94,950.94,0
2020-06-02 00:00:00,961.25,961.25,961.25,961.25,0
2020-06-03 00:00:00,972.41,972.41,972.41,972.41,0
2020-06-04 00:00:00,977.54,977.54,977.54,977.54,0
2020-06-05 00:00:00,992.18,992.18,992.18,992.18,0
2020-06-08 00:00:00,998.85,998.85,998.85,998.85,0
2020-06-09 00:00:00,990.29,990.29,990.29,990.29,0
2020-06-10 00:00:00,991.61,991.61,991.61,991.61,0
2020-06-11 00:00:00,984.7,984.7,984.7,984.7,0
2020-06-12 00:00:00,990.99,990.99,990.99,990.99,0
2020-06-15 00:00:00,986.14,986.14,986.14,986.14,0
2020-06-16 00:00:00,996.34,996.34,996.34,996.34,0
2020-06-17 00:00:00,990.48,990.48,990.48,990.48,0
2020-06-18 00:00:00,996.86,996.86,996.86,996.86,0
2020-06-19 00:00:00,1008.42,1008.42,1008.42,1008.42,0
2020-06-22 00:00:00,1021.03,1021.03,1021.03,1021.03,0
2020-06-23 00:00:00,1046.08,1046.08,1046.08,1046.08,0
2020-06-24 00:00:00,1034.06,1034.06,1034.06,1034.06,0
2020-06-25 00:00:00,1038.16,1038.16,1038.16,1038.16,0
2020-06-26 00:00:00,1037.29,1037.29,1037.29,1037.29,0
2020-06-29 00:00:00,1022.8,1022.8,1022.8,1022.8,0
2020-06-30 00:00:00,1029.11,1029.11,1029.11,1029.11,0
2020-07-01 00:00:00,1031.95,1031.95,1031.95,1031.95,0
2020-07-02 00:00:00,1044.15,1044.15,1044.15,1044.15,0
2020-07-03 00:00:00,1056.8,1056.8,1056.8,1056.8,0
2020-07-06 00:00:00,1075.33,1075.33,1075.33,1075.33,0
2020-07-07 00:00:00,1089.61,1089.61,1089.61,1089.61,0
2020-07-08 00:00:00,1084.31,1084.31,1084.31,1084.31,0
2020-07-09 00:00:00,1084.62,1084.62,1084.62,1084.62,0
2020-07-10 00:00:00,1081.44,1081.44,1081.44,1081.44,0
2020-07-13 00:00:00,1081.32,1081.32,1081.32,1081.32,0
2020-07-14 00:00:00,1068.77,1068.77,1068.77,1068.77,0
2020-07-15 00:00:00,1064.38,1064.38,1064.38,1064.38,0
2020-07-16 00:00:00,1062.26,1062.26,1062.26,1062.26,0
2020-07-17 00:00:00,1076.5,1076.5,1076.5,1076.5,0
2020-07-20 00:00:00,1085.39,1085.39,1085.39,1085.39,0
2020-07-21 00:00:00,1101.49,1101.49,1101.49,1101.49,0
2020-07-22 00:00:00,1091.09,1091.09,1091.09,1091.09,0
2020-07-23 00:00:00,1102.76,1102.76,1102.76,1102.76,0
2020-07-24 00:00:00,1097.33,1097.33,1097.33,1097.33,0
2020-07-27 00:00:00,1094.17,1094.17,1094.17,1094.17,0
2020-07-28 00:00:00,1104.46,1104.46,1104.46,1104.46,0
2020-07-29 00:00:00,1098.18,1098.18,1098.18,1098.18,0
2020-07-30 00:00:00,1095.07,1095.07,1095.07,1095.07,0
2020-07-31 00:00:00,1102.68,1102.68,1102.68,1102.68,0
2020-08-03 00:00:00,1091.59,1091.59,1091.59,1091.59,0
2020-08-04 00:00:00,1104.07,1104.07,1104.07,1104.07,0
2020-08-05 00:00:00,1109.3,1109.3,1109.3,1109.3,0
2020-08-06 00:00:00,1116.61,1116.61,1116.61,1116.61,0
2020-08-07 00:00:00,1116.48,1116.48,1116.48,1116.48,0
2020-08-10 00:00:00,1124.22,1124.22,1124.22,1124.22,0
2020-08-11 00:00:00,1121.03,1121.03,1121.03,1121.03,0
2020-08-12 00:00:00,1125.93,1125.93,1125.93,1125.93,0
2020-08-13 00:00:00,1129.62,1129.62,1129.62,1129.62,0
2020-08-14 00:00:00,1111.59,1111.59,1111.59,1111.59,0
2020-08-17 00:00:00,1115.92,1115.92,1115.92,1115.92,0
2020-08-18 00:00:00,1130.66,1130.66,1130.66,1130.66,0
2020-08-19 00:00:00,1136.59,1136.59,1136.59,1136.59,0
2020-08-20 00:00:00,1132.01,1132.01,1132.01,1132.01,0
2020-08-21 00:00:00,1139.11,1139.11,1139.11,1139.11,0
2020-08-24 00:00:00,1145.95,1145.95,1145.95,1145.95,0
2020-08-25 00:00:00,1149.48,1149.48,1149.48,1149.48,0
2020-08-26 00:00:00,1159.72,1159.72,1159.72,1159.72,0
2020-08-27 00:00:00,1161.55,1161.55,1161.55,1161.55,0
2020-08-28 00:00:00,1161.97,1161.97,1161.97,1161.97,0
2020-08-31 00:00:00,1119.25,1119.25,1119.25,1119.25,0
2020-09-01 00:00:00,1122.55,1122.55,1122.55,1122.55,0
2020-09-02 00:00:00,1136.75,1136.75,1136.75,1136.75,0
2020-09-03 00:00:00,1142.25,1142.25,1142.25,1142.25,0
2020-09-04 00:00:00,1127.67,1127.67,1127.67,1127.67,0
2020-09-07 00:00:00,1129.84,1129.84,1129.84,1129.84,0
2020-09-08 00:00:00,1125.38,1125.38,1125.38,1125.38,0
2020-09-09 00:00:00,1110.6,1110.6,1110.6,1110.6,0
2020-09-10 00:00:00,1129.73,1129.73,1129.73,1129.73,0
2020-09-11 00:00:00,1137.82,1137.82,1137.82,1137.82,0
2020-09-14 00:00:00,1151.29,1151.29,1151.29,1151.29,0
2020-09-15 00:00:00,1154.16,1154.16,1154.16,1154.16,0
2020-09-16 00:00:00,1157.96,1157.96,1157.96,1157.96,0
2020-09-17 00:00:00,1149.32,1149.32,1149.32,1149.32,0
2020-09-18 00:00:00,1146.69,1146.69,1146.69,1146.69,0
2020-09-21 00:00:00,1111.18,1111.18,1111.18,1111.18,0
2020-09-22 00:00:00,1091.1,1091.1,1091.1,1091.1,0
2020-09-23 00:00:00,1091.1,1091.1,1091.1,1091.1,0
2020-09-24 00:00:00,1071.81,1071.81,1071.81,1071.81,0
2020-09-25 00:00:00,1088.87,1088.87,1088.87,1088.87,0
2020-09-28 00:00:00,1113.86,1113.86,1113.86,1113.86,0
2020-09-29 00:00:00,1107.9,1107.9,1107.9,1107.9,0
2020-09-30 00:00:00,1112.32,1112.32,1112.32,1112.32,0
2020-10-01 00:00:00,1119.13,1119.13,1119.13,1119.13,0
2020-10-05 00:00:00,1122.05,1122.05,1122.05,1122.05,0
2020-10-06 00:00:00,1135.38,1135.38,1135.38,1135.38,0
2020-10-07 00:00:00,1136.49,1136.49,1136.49,1136.49,0
2020-10-08 00:00:00,1134.68,1134.68,1134.68,1134.68,0
2020-10-09 00:00:00,1132.18,1132.18,1132.18,1132.18,0
2020-10-12 00:00:00,1123.62,1123.62,1123.62,1123.62,0
2020-10-13 00:00:00,1120.92,1120.92,1120.92,1120.92,0
2020-10-14 00:00:00,1131.61,1131.61,1131.61,1131.61,0
2020-10-15 00:00:00,1115.58,1115.58,1115.58,1115.58,0
2020-10-16 00:00:00,1116.51,1116.51,1116.51,1116.51,0
2020-10-19 00:00:00,1134.72,1134.72,1134.72,1134.72,0
2020-10-20 00:00:00,1136.11,1136.11,1136.11,1136.11,0
2020-10-21 00:00:00,1126.03,1126.03,1126.03,1126.03,0
2020-10-22 00:00:00,1126.23,1126.23,1126.23,1126.23,0
2020-10-23 00:00:00,1126.93,1126.93,1126.93,1126.93,0
2020-10-26 00:00:00,1121.85,1121.85,1121.85,1121.85,0
2020-10-27 00:00:00,1126.29,1126.29,1126.29,1126.29,0
2020-10-28 00:00:00,1122.61,1122.61,1122.61,1122.61,0
2020-10-29 00:00:00,1121.98,1121.98,1121.98,1121.98,0
2020-10-30 00:00:00,1119.22,1119.22,1119.22,1119.22,0
2020-11-02 00:00:00,1114.36,1114.36,1114.36,1114.36,0
2020-11-03 00:00:00,1123.23,1123.23,1123.23,1123.23,0
2020-11-04 00:00:00,1127.99,1127.99,1127.99,1127.99,0
2020-11-05 00:00:00,1140.0,1140.0,1140.0,1140.0,0
2020-11-06 00:00:00,1149.98,1149.98,1149.98,1149.98,0
2020-11-09 00:00:00,1162.68,1162.68,1162.68,1162.68,0
2020-11-10 00:00:00,1170.82,1170.82,1170.82,1170.82,0
2020-11-11 00:00:00,1176.41,1176.41,1176.41,1176.41,0
2020-11-12 00:00:00,1178.37,1178.37,1178.37,1178.37,0
2020-11-13 00:00:00,1186.01,1186.01,1186.01,1186.01,0
2020-11-14 00:00:00,1194.35,1194.35,1194.35,1194.35,0
2020-11-17 00:00:00,1216.84,1216.84,1216.84,1216.84,0
2020-11-18 00:00:00,1217.86,1217.86,1217.86,1217.86,0
2020-11-19 00:00:00,1203.85,1203.85,1203.85,1203.85,0
2020-11-20 00:00:00,1218.53,1218.53,1218.53,1218.53,0
2020-11-23 00:00:00,1228.31,1228.31,1228.31,1228.31,0
2020-11-24 00:00:00,1238.47,1238.47,1238.47,1238.47,0
2020-11-25 00:00:00,1235.41,1235.41,1235.41,1235.41,0
2020-11-26 00:00:00,1244.28,1244.28,1244.28,1244.28,0
2020-11-27 00:00:00,1253.52,1253.52,1253.52,1253.52,0
2020-12-01 00:00:00,1271.6,1271.6,1271.6,1271.6,0
2020-12-02 00:00:00,1280.0,1280.0,1280.0,1280.0,0
2020-12-03 00:00:00,1283.94,1283.94,1283.94,1283.94,0
2020-12-04 00:00:00,1287.75,1287.75,1287.75,1287.75,0
2020-12-07 00:00:00,1305.94,1305.94,1305.94,1305.94,0
2020-12-08 00:00:00,1314.1,1314.1,1314.1,1314.1,0
2020-12-09 00:00:00,1315.36,1315.36,1315.36,1315.36,0
2020-12-10 00:00:00,1316.54,1316.54,1316.54,1316.54,0
2020-12-11 00:00:00,1324.27,1324.27,1324.27,1324.27,0
2020-12-14 00:00:00,1320.31,1320.31,1320.31,1320.31,0
2020-12-15 00:00:00,1315.72,1315.72,1315.72,1315.72,0
2020-12-16 00:00:00,1325.65,1325.65,1325.65,1325.65,0
2020-12-17 00:00:00,1325.32,1325.32,1325.32,1325.32,0
2020-12-18 00:00:00,1326.48,1326.48,1326.48,1326.48,0
2020-12-21 00:00:00,1281.46,1281.46,1281.46,1281.46,0
2020-12-22 00:00:00,1299.6,1299.6,1299.6,1299.6,0
2020-12-23 00:00:00,1319.17,1319.17,1319.17,1319.17,0
2020-12-24 00:00:00,1328.97,1328.97,1328.97,1328.97,0
2020-12-28 00:00:00,1345.72,1345.72,1345.72,1345.72,0
2020-12-29 00:00:00,1346.39,1346.39,1346.39,1346.39,0
2020-12-30 00:00:00,1348.15,1348.15,1348.15,1348.15,0
2020-12-31 00:00:00,1355.34,1355.34,1355.34,1355.34,0
2021-01-01 00:00:00,1364.8,1364.8,1364.8,1364.8,0
2021-01-04 00:00:00,1392.87,1392.87,1392.87,1392.87,0
2021-01-05 00:00:00,1414.64,1414.64,1414.64,1414.64,0
2021-01-06 00:00:00,1415.79,1415.79,1415.79,1415.79,0
2021-01-07 00:00:00,1418.9,1418.9,1418.9,1418.9,0
2021-01-08 00:00:00,1436.27,1436.27,1436.27,1436.27,0
2021-01-11 00:00:00,1437.8,1437.8,1437.8,1437.8,0
2021-01-12 00:00:00,1430.52,1430.52,1430.52,1430.52,0
2021-01-13 00:00:00,1418.67,1418.67,1418.67,1418.67,0
2021-01-14 00:00:00,1423.87,1423.87,1423.87,1423.87,0
2021-01-15 00:00:00,1409.62,1409.62,1409.62,1409.62,0
2021-01-18 00:00:00,1382.68,1382.68,1382.68,1382.68,0
2021-01-19 00:00:00,1397.28,1397.28,1397.28,1397.28,0
2021-01-20 00:00:00,1402.84,1402.84,1402.84,1402.84,0
2021-01-21 00:00:00,1383.24,1383.24,1383.24,1383.24,0
2021-01-22 00:00:00,1369.6,1369.6,1369.6,1369.6,0
2021-01-25 00:00:00,1353.04,1353.04,1353.04,1353.04,0
2021-01-27 00:00:00,1346.71,1346.71,1346.71,1346.71,0
2021-01-28 00:00:00,1340.43,1340.43,1340.43,1340.43,0
2021-01-29 00:00:00,1327.32,1327.32,1327.32,1327.32,0
2021-02-01 00:00:00,1364.02,1364.02,1364.02,1364.02,0
2021-02-02 00:00:00,1374.94,1374.94,1374.94,1374.94,0
2021-02-03 00:00:00,1393.22,1393.22,1393.22,1393.22,0
2021-02-04 00:00:00,1408.41,1408.41,1408.41,1408.41,0
2021-02-05 00:00:00,1407.02,1407.02,1407.02,1407.02,0
2021-02-08 00:00:00,1420.73,1420.73,1420.73,1420.73,0
2021-02-09 00:00:00,1430.55,1430.55,1430.55,1430.55,0
2021-02-10 00:00:00,1441.88,1441.88,1441.88,1441.88,0
2021-02-11 00:00:00,1453.32,1453.32,1453.32,1453.32,0
2021-02-12 00:00:00,1450.09,1450.09,1450.09,1450.09,0
2021-02-15 00:00:00,1450.62,1450.62,1450.62,1450.62,0
2021-02-16 00:00:00,1453.01,1453.01,1453.01,1453.01,0
2021-02-17 00:00:00,1462.99,1462.99,1462.99,1462.99,0
2021-02-18 00:00:00,1478.06,1478.06,1478.06,1478.06,0
2021-02-19 00:00:00,1468.09,1468.09,1468.09,1468.09,0
2021-02-22 00:00:00,1433.73,1433.73,1433.73,1433.73,0
2021-02-23 00:00:00,1456.38,1456.38,1456.38,1456.38,0
2021-02-24 00:00:00,1472.25,1472.25,1472.25,1472.25,0
2021-02-25 00:00:00,1481.82,1481.82,1481.82,1481.82,0
2021-02-26 00:00:00,1451.62,1451.62,1451.62,1451.62,0
2021-03-01 00:00:00,1461.09,1461.09,1461.09,1461.09,0
2021-03-02 00:00:00,1478.2,1478.2,1478.2,1478.2,0
2021-03-03 00:00:00,1506.02,1506.02,1506.02,1506.02,0
2021-03-04 00:00:00,1517.16,1517.16,1517.16,1517.16,0
2021-03-05 00:00:00,1501.29,1501.29,1501.29,1501.29,0
2021-03-08 00:00:00,1503.74,1503.74,1503.74,1503.74,0
2021-03-09 00:00:00,1503.46,1503.46,1503.46,1503.46,0
2021-03-10 00:00:00,1508.5,1508.5,1508.5,1508.5,0
2021-03-12 00:00:00,1497.23,1497.23,1497.23,1497.23,0
2021-03-15 00:00:00,1485.3,1485.3,1485.3,1485.3,0
2021-03-16 00:00:00,1491.84,1491.84,1491.84,1491.84,0
2021-03-17 00:00:00,1456.0,1456.0,1456.0,1456.0,0
2021-03-18 00:00:00,1447.0,1447.0,1447.0,1447.0,0
2021-03-19 00:00:00,1459.12,1459.12,1459.12,1459.12,0
2021-03-22 00:00:00,1456.64,1456.64,1456.64,1456.64,0
2021-03-23 00:00:00,1462.69,1462.69,1462.69,1462.69,0
2021-03-24 00:00:00,1434.05,1434.05,1434.05,1434.05,0
2021-03-25 00:00:00,1403.78,1403.78,1403.78,1403.78,0
2021-03-26 00:00:00,1418.7,1418.7,1418.7,1418.7,0
2021-03-30 00:00:00,1438.42,1438.42,1438.42,1438.42,0
2021-03-31 00:00:00,1440.5,1440.5,1440.5,1440.5,0
2021-04-01 00:00:00,1459.4,1459.4,1459.4,1459.4,0
2021-04-05 00:00:00,1435.19,1435.19,1435.19,1435.19,0
2021-04-06 00:00:00,1449.49,1449.49,1449.49,1449.49,0
2021-04-07 00:00:00,1473.27,1473.27,1473.27,1473.27,0
2021-04-08 00:00:00,1483.7,1483.7,1483.7,1483.7,0
2021-04-09 00:00:00,1479.05,1479.05,1479.05,1479.05,0
2021-04-12 00:00:00,1410.97,1410.97,1410.97,1410.97,0
2021-04-13 00:00:00,1431.82,1431.82,1431.82,1431.82,0
2021-04-15 00:00:00,1433.23,1433.23,1433.23,1433.23,0
2021-04-16 00:00:00,1449.73,1449.73,1449.73,1449.73,0
2021-04-19 00:00:00,1415.07,1415.07,1415.07,1415.07,0
2021-04-20 00:00:00,1425.8,1425.8,1425.8,1425.8,0
2021-04-22 00:00:00,1429.76,1429.76,1429.76,1429.76,0
2021-04-23 00:00:00,1437.18,1437.18,1437.18,1437.18,0
2021-04-26 00:00:00,1456.12,1456.12,1456.12,1456.12,0
2021-04-27 00:00:00,1466.66,1466.66,1466.66,1466.66,0
2021-04-28 00:00:00,1487.46,1487.46,1487.46,1487.46,0
2021-04-29 00:00:00,1482.04,1482.04,1482.04,1482.04,0
2021-04-30 00:00:00,1463.05,1463.05,1463.05,1463.05,0
2021-05-03 00:00:00,1468.38,1468.38,1468.38,1468.38,0
2021-05-04 00:00:00,1461.5,1461.5,1461.5,1461.5,0
2021-05-05 00:00:00,1466.63,1466.63,1466.63,1466.63,0
2021-05-06 00:00:00,1468.41,1468.41,1468.41,1468.41,0
2021-05-07 00:00:00,1470.65,1470.65,1470.65,1470.65,0
2021-05-10 00:00:00,1483.49,1483.49,1483.49,1483.49,0
2021-05-11 00:00:00,1487.08,1487.08,1487.08,1487.08,0
2021-05-12 00:00:00,1476.64,1476.64,1476.64,1476.64,0
2021-05-14 00:00:00,1468.93,1468.93,1468.93,1468.93,0
2021-05-17 00:00:00,1475.72,1475.72,1475.72,1475.72,0
2021-05-18 00:00:00,1504.21,1504.21,1504.21,1504.21,0
2021-05-19 00:00:00,1514.56,1514.56,1514.56,1514.56,0
2021-05-20 00:00:00,1510.4,1510.4,1510.4,1510.4,0
2021-05-21 00:00:00,1522.02,1522.02,1522.02,1522.02,0
2021-05-24 00:00:00,1525.34,1525.34,1525.34,1525.34,0
2021-05-25 00:00:00,1524.96,1524.96,1524.96,1524.96,0
2021-05-26 00:00:00,1527.74,1527.74,1527.74,1527.74,0
2021-05-27 00:00:00,1530.82,1530.82,1530.82,1530.82,0
2021-05-28 00:00:00,1539.97,1539.97,1539.97,1539.97,0
2021-05-31 00:00:00,1542.2,1542.2,1542.2,1542.2,0
2021-06-01 00:00:00,1533.88,1533.88,1533.88,1533.88,0
2021-06-02 00:00:00,1551.4,1551.4,1551.4,1551.4,0
2021-06-03 00:00:00,1567.09,1567.09,1567.09,1567.09,0
2021-06-04 00:00:00,1572.48,1572.48,1572.48,1572.48,0
2021-06-07 00:00:00,1592.05,1592.05,1592.05,1592.05,0
2021-06-08 00:00:00,1599.32,1599.32,1599.32,1599.32,0
2021-06-09 00:00:00,1593.12,1593.12,1593.12,1593.12,0
2021-06-10 00:00:00,1610.72,1610.72,1610.72,1610.72,0
2021-06-11 00:00:00,1612.79,1612.79,1612.79,1612.79,0
2021-06-14 00:00:00,1615.47,1615.47,1615.47,1615.47,0
2021-06-15 00:00:00,1628.61,1628.61,1628.61,1628.61,0
2021-06-16 00:00:00,1619.81,1619.81,1619.81,1619.81,0
2021-06-17 00:00:00,1610.42,1610.42,1610.42,1610.42,0
2021-06-18 00:00:00,1607.02,1607.02,1607.02,1607.02,0
2021-06-21 00:00:00,1620.26,1620.26,1620.26,1620.26,0
2021-06-22 00:00:00,1625.54,1625.54,1625.54,1625.54,0
2021-06-23 00:00:00,1616.97,1616.97,1616.97,1616.97,0
2021-06-24 00:00:00,1619.82,1619.82,1619.82,1619.82,0
2021-06-25 00:00:00,1629.83,1629.83,1629.83,1629.83,0
2021-06-28 00:00:00,1639.1,1639.1,1639.1,1639.1,0
2021-06-29 00:00:00,1634.71,1634.71,1634.71,1634.71,0
2021-06-30 00:00:00,1629.93,1629.93,1629.93,1629.93,0
2021-07-01 00:00:00,1631.87,1631.87,1631.87,1631.87,0
2021-07-02 00:00:00,1648.57,1648.57,1648.57,1648.57,0
2021-07-05 00:00:00,1659.13,1659.13,1659.13,1659.13,0
2021-07-06 00:00:00,1670.49,1670.49,1670.49,1670.49,0
2021-07-07 00:00:00,1678.76,1678.76,1678.76,1678.76,0
2021-07-08 00:00:00,1678.54,1678.54,1678.54,1678.54,0
2021-07-09 00:00:00,1687.79,1687.79,1687.79,1687.79,0
2021-07-12 00:00:00,1692.91,1692.91,1692.91,1692.91,0
2021-07-13 00:00:00,1703.12,1703.12,1703.12,1703.12,0
2021-07-14 00:00:00,1716.17,1716.17,1716.17,1716.17,0
2021-07-15 00:00:00,1729.01,1729.01,1729.01,1729.01,0
2021-07-16 00:00:00,1738.35,1738.35,1738.35,1738.35,0
2021-07-19 00:00:00,1724.12,1724.12,1724.12,1724.12,0
2021-07-20 00:00:00,1694.85,1694.85,1694.85,1694.85,0
2021-07-22 00:00:00,1706.96,1706.96,1706.96,1706.96,0
2021-07-23 00:00:00,1700.69,1700.69,1700.69,1700.69,0
2021-07-26 00:00:00,1702.67,1702.67,1702.67,1702.67,0
2021-07-27 00:00:00,1703.9,1703.9,1703.9,1703.9,0
2021-07-28 00:00:00,1701.8,1701.8,1701.8,1701.8,0
2021-07-29 00:00:00,1709.4,1709.4,1709.4,1709.4,0
2021-07-30 00:00:00,1708.45,1708.45,1708.45,1708.45,0
2021-08-02 00:00:00,1726.11,1726.11,1726.11,1726.11,0
2021-08-03 00:00:00,1729.97,1729.97,1729.97,1729.97,0
2021-08-04 00:00:00,1726.8,1726.8,1726.8,1726.8,0
2021-08-05 00:00:00,1722.97,1722.97,1722.97,1722.97,0
2021-08-06 00:00:00,1720.87,1720.87,1720.87,1720.87,0
2021-08-09 00:00:00,1718.58,1718.58,1718.58,1718.58,0
2021-08-10 00:00:00,1709.69,1709.69,1709.69,1709.69,0
2021-08-11 00:00:00,1701.09,1701.09,1701.09,1701.09,0
2021-08-12 00:00:00,1723.41,1723.41,1723.41,1723.41,0
2021-08-13 00:00:00,1724.98,1724.98,1724.98,1724.98,0
2021-08-16 00:00:00,1715.67,1715.67,1715.67,1715.67,0
2021-08-17 00:00:00,1712.58,1712.58,1712.58,1712.58,0
2021-08-18 00:00:00,1710.96,1710.96,1710.96,1710.96,0
2021-08-20 00:00:00,1688.19,1688.19,1688.19,1688.19,0
2021-08-23 00:00:00,1668.19,1668.19,1668.19,1668.19,0
2021-08-24 00:00:00,1686.08,1686.08,1686.08,1686.08,0
2021-08-25 00:00:00,1702.89,1702.89,1702.89,1702.89,0
2021-08-26 00:00:00,1717.34,1717.34,1717.34,1717.34,0
2021-08-27 00:00:00,1737.67,1737.67,1737.67,1737.67,0
2021-08-30 00:00:00,1771.7,1771.7,1771.7,1771.7,0
2021-08-31 00:00:00,1772.95,1772.95,1772.95,1772.95,0
2021-09-01 00:00:00,1786.92,1786.92,1786.92,1786.92,0
2021-09-02 00:00:00,1815.86,1815.86,1815.86,1815.86,0
2021-09-03 00:00:00,1816.48,1816.48,1816.48,1816.48,0
2021-09-06 00:00:00,1821.4,1821.4,1821.4,1821.4,0
2021-09-07 00:00:00,1821.15,1821.15,1821.15,1821.15,0
2021-09-08 00:00:00,1835.74,1835.74,1835.74,1835.74,0
2021-09-09 00:00:00,1831.12,1831.12,1831.12,1831.12,0
2021-09-13 00:00:00,1835.8,1835.8,1835.8,1835.8,0
2021-09-14 00:00:00,1841.27,1841.27,1841.27,1841.27,0
2021-09-15 00:00:00,1854.43,1854.43,1854.43,1854.43,0
2021-09-16 00:00:00,1866.8,1866.8,1866.8,1866.8,0
2021-09-17 00:00:00,1851.94,1851.94,1851.94,1851.94,0
2021-09-20 00:00:00,1817.66,1817.66,1817.66,1817.66,0
2021-09-21 00:00:00,1813.12,1813.12,1813.12,1813.12,0
2021-09-22 00:00:00,1822.33,1822.33,1822.33,1822.33,0
2021-09-23 00:00:00,1835.1,1835.1,1835.1,1835.1,0
2021-09-24 00:00:00,1822.11,1822.11,1822.11,1822.11,0
2021-09-27 00:00:00,1832.09,1832.09,1832.09,1832.09,0
2021-09-28 00:00:00,1821.46,1821.46,1821.46,1821.46,0
2021-09-29 00:00:00,1823.13,1823.13,1823.13,1823.13,0
2021-09-30 00:00:00,1825.75,1825.75,1825.75,1825.75,0
2021-10-01 00:00:00,1834.05,1834.05,1834.05,1834.05,0
2021-10-04 00:00:00,1865.69,1865.69,1865.69,1865.69,0
2021-10-05 00:00:00,1883.43,1883.43,1883.43,1883.43,0
2021-10-06 00:00:00,1874.52,1874.52,1874.52,1874.52,0
2021-10-07 00:00:00,1912.03,1912.03,1912.03,1912.03,0
2021-10-08 00:00:00,1943.59,1943.59,1943.59,1943.59,0
2021-10-11 00:00:00,1952.74,1952.74,1952.74,1952.74,0
2021-10-12 00:00:00,1953.18,1953.18,1953.18,1953.18,0
2021-10-13 00:00:00,1965.03,1965.03,1965.03,1965.03,0
2021-10-14 00:00:00,1982.15,1982.15,1982.15,1982.15,0
2021-10-18 00:00:00,2005.1,2005.1,2005.1,2005.1,0
2021-10-19 00:00:00,1963.96,1963.96,1963.96,1963.96,0
2021-10-20 00:00:00,1900.34,1900.34,1900.34,1900.34,0
2021-10-21 00:00:00,1892.09,1892.09,1892.09,1892.09,0
2021-10-22 00:00:00,1891.36,1891.36,1891.36,1891.36,0
2021-10-25 00:00:00,1834.82,1834.82,1834.82,1834.82,0
2021-10-26 00:00:00,1857.43,1857.43,1857.43,1857.43,0
2021-10-27 00:00:00,1849.65,1849.65,1849.65,1849.65,0
2021-10-28 00:00:00,1842.31,1842.31,1842.31,1842.31,0
2021-10-29 00:00:00,1824.45,1824.45,1824.45,1824.45,0
2021-11-01 00:00:00,1838.89,1838.89,1838.89,1838.89,0
2021-11-02 00:00:00,1858.93,1858.93,1858.93,1858.93,0
2021-11-03 00:00:00,1851.79,1851.79,1851.79,1851.79,0
2021-11-04 00:00:00,1871.58,1871.58,1871.58,1871.58,0
2021-11-08 00:00:00,1881.28,1881.28,1881.28,1881.28,0
2021-11-09 00:00:00,1893.85,1893.85,1893.85,1893.85,0
2021-11-10 00:00:00,1890.47,1890.47,1890.47,1890.47,0
2021-11-11 00:00:00,1886.83,1886.83,1886.83,1886.83,0
2021-11-12 00:00:00,1904.36,1904.36,1904.36,1904.36,0
2021-11-15 00:00:00,1918.36,1918.36,1918.36,1918.36,0
2021-11-16 00:00:00,1921.12,1921.12,1921.12,1921.12,0
2021-11-17 00:00:00,1910.38,1910.38,1910.38,1910.38,0
2021-11-18 00:00:00,1873.07,1873.07,1873.07,1873.07,0
2021-11-22 00:00:00,1829.62,1829.62,1829.62,1829.62,0
2021-11-23 00:00:00,1849.77,1849.77,1849.77,1849.77,0
2021-11-24 00:00:00,1861.07,1861.07,1861.07,1861.07,0
2021-11-25 00:00:00,1872.46,1872.46,1872.46,1872.46,0
2021-11-26 00:00:00,1814.8,1814.8,1814.8,1814.8,0
2021-11-29 00:00:00,1789.15,1789.15,1789.15,1789.15,0
2021-11-30 00:00:00,1801.71,1801.71,1801.71,1801.71,0
2021-12-01 00:00:00,1813.77,1813.77,1813.77,1813.77,0
2021-12-02 00:00:00,1822.36,1822.36,1822.36,1822.36,0
2021-12-03 00:00:00,1826.58,1826.58,1826.58,1826.58,0
2021-12-06 00:00:00,1793.49,1793.49,1793.49,1793.49,0
2021-12-07 00:00:00,1806.8,1806.8,1806.8,1806.8,0
2021-12-08 00:00:00,1826.85,1826.85,1826.85,1826.85,0
2021-12-09 00:00:00,1826.79,1826.79,1826.79,1826.79,0
2021-12-10 00:00:00,1834.67,1834.67,1834.67,1834.67,0
2021-12-13 00:00:00,1827.88,1827.88,1827.88,1827.88,0
2021-12-14 00:00:00,1810.49,1810.49,1810.49,1810.49,0
2021-12-15 00:00:00,1795.6,1795.6,1795.6,1795.6,0
2021-12-16 00:00:00,1792.56,1792.56,1792.56,1792.56,0
2021-12-17 00:00:00,1756.81,1756.81,1756.81,1756.81,0
2021-12-20 00:00:00,1681.68,1681.68,1681.68,1681.68,0
2021-12-21 00:00:00,1705.86,1705.86,1705.86,1705.86,0
2021-12-22 00:00:00,1730.4,1730.4,1730.4,1730.4,0
2021-12-23 00:00:00,1740.48,1740.48,1740.48,1740.48,0
2021-12-24 00:00:00,1728.53,1728.53,1728.53,1728.53,0
2021-12-27 00:00:00,1731.4,1731.4,1731.4,1731.4,0
2021-12-28 00:00:00,1746.26,1746.26,1746.26,1746.26,0
2021-12-29 00:00:00,1752.88,1752.88,1752.88,1752.88,0
2021-12-30 00:00:00,1742.73,1742.73,1742.73,1742.73,0
2021-12-31 00:00:00,1758.39,1758.39,1758.39,1758.39,0
2022-01-03 00:00:00,1776.87,1776.87,1776.87,1776.87,0
2022-01-04 00:00:00,1789.32,1789.32,1789.32,1789.32,0
2022-01-05 00:00:00,1785.5,1785.5,1785.5,1785.5,0
2022-01-06 00:00:00,1769.76,1769.76,1769.76,1769.76,0
2022-01-07 00:00:00,1770.14,1770.14,1770.14,1770.14,0
2022-01-10 00:00:00,1778.04,1778.04,1778.04,1778.04,0
2022-01-11 00:00:00,1773.21,1773.21,1773.21,1773.21,0
2022-01-12 00:00:00,1781.89,1781.89,1781.89,1781.89,0
2022-01-13 00:00:00,1790.55,1790.55,1790.55,1790.55,0
2022-01-14 00:00:00,1806.35,1806.35,1806.35,1806.35,0
2022-01-17 00:00:00,1819.22,1819.22,1819.22,1819.22,0
2022-01-18 00:00:00,1790.09,1790.09,1790.09,1790.09,0
2022-01-19 00:00:00,1771.92,1771.92,1771.92,1771.92,0
2022-01-20 00:00:00,1767.58,1767.58,1767.58,1767.58,0
2022-01-21 00:00:00,1726.95,1726.95,1726.95,1726.95,0
2022-01-24 00:00:00,1626.02,1626.02,1626.02,1626.02,0
2022-01-25 00:00:00,1637.08,1637.08,1637.08,1637.08,0
2022-01-27 00:00:00,1603.64,1603.64,1603.64,1603.64,0
2022-01-28 00:00:00,1624.88,1624.88,1624.88,1624.88,0
2022-01-31 00:00:00,1646.49,1646.49,1646.49,1646.49,0
2022-02-01 00:00:00,1671.72,1671.72,1671.72,1671.72,0
2022-02-02 00:00:00,1705.08,1705.08,1705.08,1705.08,0
2022-02-03 00:00:00,1700.38,1700.38,1700.38,1700.38,0
2022-02-04 00:00:00,1682.33,1682.33,1682.33,1682.33,0
2022-02-07 00:00:00,1657.21,1657.21,1657.21,1657.21,0
2022-02-08 00:00:00,1634.65,1634.65,1634.65,1634.65,0
2022-02-09 00:00:00,1653.57,1653.57,1653.57,1653.57,0
2022-02-10 00:00:00,1647.91,1647.91,1647.91,1647.91,0
2022-02-11 00:00:00,1616.07,1616.07,1616.07,1616.07,0
2022-02-14 00:00:00,1551.18,1551.18,1551.18,1551.18,0
2022-02-15 00:00:00,1570.34,1570.34,1570.34,1570.34,0
2022-02-16 00:00:00,1582.86,1582.86,1582.86,1582.86,0
2022-02-17 00:00:00,1578.32,1578.32,1578.32,1578.32,0
2022-02-18 00:00:00,1555.9,1555.9,1555.9,1555.9,0
2022-02-21 00:00:00,1524.22,1524.22,1524.22,1524.22,0
2022-02-22 00:00:00,1496.62,1496.62,1496.62,1496.62,0
2022-02-23 00:00:00,1514.04,1514.04,1514.04,1514.04,0
2022-02-24 00:00:00,1429.13,1429.13,1429.13,1429.13,0
2022-02-25 00:00:00,1484.66,1484.66,1484.66,1484.66,0
2022-02-28 00:00:00,1493.6,1493.6,1493.6,1493.6,0
2022-03-02 00:00:00,1493.63,1493.63,1493.63,1493.63,0
2022-03-03 00:00:00,1492.25,1492.25,1492.25,1492.25,0
2022-03-04 00:00:00,1460.61,1460.61,1460.61,1460.61,0
2022-03-07 00:00:00,1420.9,1420.9,1420.9,1420.9,0
2022-03-08 00:00:00,1438.9,1438.9,1438.9,1438.9,0
2022-03-09 00:00:00,1471.48,1471.48,1471.48,1471.48,0
2022-03-10 00:00:00,1497.67,1497.67,1497.67,1497.67,0
2022-03-11 00:00:00,1500.68,1500.68,1500.68,1500.68,0
2022-03-14 00:00:00,1496.29,1496.29,1496.29,1496.29,0
2022-03-15 00:00:00,1486.69,1486.69,1486.69,1486.69,0
2022-03-16 00:00:00,1507.21,1507.21,1507.21,1507.21,0
2022-03-17 00:00:00,1538.8,1538.8,1538.8,1538.8,0
2022-03-21 00:00:00,1531.44,1531.44,1531.44,1531.44,0
2022-03-22 00:00:00,1528.78,1528.78,1528.78,1528.78,0
2022-03-23 00:00:00,1534.28,1534.28,1534.28,1534.28,0
2022-03-24 00:00:00,1527.0,1527.0,1527.0,1527.0,0
2022-03-25 00:00:00,1521.36,1521.36,1521.36,1521.36,0
2022-03-28 00:00:00,1507.82,1507.82,1507.82,1507.82,0
2022-03-29 00:00:00,1519.03,1519.03,1519.03,1519.03,0
2022-03-30 00:00:00,1551.95,1551.95,1551.95,1551.95,0
2022-03-31 00:00:00,1544.74,1544.74,1544.74,1544.74,0
2022-04-01 00:00:00,1578.17,1578.17,1578.17,1578.17,0
2022-04-04 00:00:00,1612.0,1612.0,1612.0,1612.0,0
2022-04-05 00:00:00,1626.8,1626.8,1626.8,1626.8,0
2022-04-06 00:00:00,1620.63,1620.63,1620.63,1620.63,0
2022-04-07 00:00:00,1606.3,1606.3,1606.3,1606.3,0
2022-04-08 00:00:00,1617.36,1617.36,1617.36,1617.36,0
2022-04-11 00:00:00,1624.38,1624.38,1624.38,1624.38,0
2022-04-12 00:00:00,1602.92,1602.92,1602.92,1602.92,0
2022-04-13 00:00:00,1606.34,1606.34,1606.34,1606.34,0
2022-04-18 00:00:00,1589.19,1589.19,1589.19,1589.19,0
2022-04-19 00:00:00,1574.08,1574.08,1574.08,1574.08,0
2022-04-20 00:00:00,1575.36,1575.36,1575.36,1575.36,0
2022-04-21 00:00:00,1599.83,1599.83,1599.83,1599.83,0
2022-04-22 00:00:00,1591.42,1591.42,1591.42,1591.42,0
2022-04-25 00:00:00,1563.89,1563.89,1563.89,1563.89,0
2022-04-26 00:00:00,1574.49,1574.49,1574.49,1574.49,0
2022-04-27 00:00:00,1558.57,1558.57,1558.57,1558.57,0
2022-04-28 00:00:00,1567.54,1567.54,1567.54,1567.54,0
2022-04-29 00:00:00,1553.79,1553.79,1553.79,1553.79,0
2022-05-02 00:00:00,1540.07,1540.07,1540.07,1540.07,0
2022-05-04 00:00:00,1498.92,1498.92,1498.92,1498.92,0
2022-05-05 00:00:00,1486.55,1486.55,1486.55,1486.55,0
2022-05-06 00:00:00,1451.53,1451.53,1451.53,1451.53,0
2022-05-09 00:00:00,1427.1,1427.1,1427.1,1427.1,0
2022-05-10 00:00:00,1394.48,1394.48,1394.48,1394.48,0
2022-05-11 00:00:00,1374.2,1374.2,1374.2,1374.2,0
2022-05-12 00:00:00,1342.95,1342.95,1342.95,1342.95,0
2022-05-13 00:00:00,1363.47,1363.47,1363.47,1363.47,0
2022-05-16 00:00:00,1385.32,1385.32,1385.32,1385.32,0
2022-05-17 00:00:00,1419.27,1419.27,1419.27,1419.27,0
2022-05-18 00:00:00,1412.8,1412.8,1412.8,1412.8,0
2022-05-19 00:00:00,1377.8,1377.8,1377.8,1377.8,0
2022-05-20 00:00:00,1402.07,1402.07,1402.07,1402.07,0
2022-05-23 00:00:00,1397.51,1397.51,1397.51,1397.51,0
2022-05-24 00:00:00,1389.78,1389.78,1389.78,1389.78,0
2022-05-25 00:00:00,1351.69,1351.69,1351.69,1351.69,0
2022-05-26 00:00:00,1355.57,1355.57,1355.57,1355.57,0
2022-05-27 00:00:00,1374.78,1374.78,1374.78,1374.78,0
2022-05-30 00:00:00,1410.46,1410.46,1410.46,1410.46,0
2022-05-31 00:00:00,1419.23,1419.23,1419.23,1419.23,0
2022-06-01 00:00:00,1426.19,1426.19,1426.19,1426.19,0
2022-06-02 00:00:00,1430.16,1430.16,1430.16,1430.16,0
2022-06-03 00:00:00,1416.56,1416.56,1416.56,1416.56,0
2022-06-06 00:00:00,1404.22,1404.22,1404.22,1404.22,0
2022-06-07 00:00:00,1388.42,1388.42,1388.42,1388.42,0
2022-06-08 00:00:00,1386.0,1386.0,1386.0,1386.0,0
2022-06-09 00:00:00,1388.14,1388.14,1388.14,1388.14,0
2022-06-10 00:00:00,1380.74,1380.74,1380.74,1380.74,0
2022-06-13 00:00:00,1341.48,1341.48,1341.48,1341.48,0
2022-06-14 00:00:00,1336.19,1336.19,1336.19,1336.19,0
2022-06-15 00:00:00,1341.08,1341.08,1341.08,1341.08,0
2022-06-16 00:00:00,1305.89,1305.89,1305.89,1305.89,0
2022-06-17 00:00:00,1287.38,1287.38,1287.38,1287.38,0
2022-06-20 00:00:00,1264.59,1264.59,1264.59,1264.59,0
2022-06-21 00:00:00,1297.93,1297.93,1297.93,1297.93,0
2022-06-22 00:00:00,1280.9,1280.9,1280.9,1280.9,0
2022-06-23 00:00:00,1301.66,1301.66,1301.66,1301.66,0
2022-06-24 00:00:00,1321.54,1321.54,1321.54,1321.54,0
2022-06-27 00:00:00,1332.18,1332.18,1332.18,1332.18,0
2022-06-28 00:00:00,1326.19,1326.19,1326.19,1326.19,0
2022-06-29 00:00:00,1320.32,1320.32,1320.32,1320.32,0
2022-06-30 00:00:00,1311.21,1311.21,1311.21,1311.21,0
2022-07-01 00:00:00,1313.76,1313.76,1313.76,1313.76,0
2022-07-04 00:00:00,1315.25,1315.25,1315.25,1315.25,0
2022-07-05 00:00:00,1317.56,1317.56,1317.56,1317.56,0
2022-07-06 00:00:00,1332.65,1332.65,1332.65,1332.65,0
2022-07-07 00:00:00,1348.64,1348.64,1348.64,1348.64,0
2022-07-08 00:00:00,1347.67,1347.67,1347.67,1347.67,0
2022-07-11 00:00:00,1358.7,1358.7,1358.7,1358.7,0
2022-07-12 00:00:00,1358.97,1358.97,1358.97,1358.97,0
2022-07-13 00:00:00,1359.58,1359.58,1359.58,1359.58,0
2022-07-14 00:00:00,1349.86,1349.86,1349.86,1349.86,0
2022-07-15 00:00:00,1346.17,1346.17,1346.17,1346.17,0
2022-07-18 00:00:00,1362.72,1362.72,1362.72,1362.72,0
2022-07-19 00:00:00,1373.73,1373.73,1373.73,1373.73,0
2022-07-20 00:00:00,1382.5,1382.5,1382.5,1382.5,0
2022-07-21 00:00:00,1385.96,1385.96,1385.96,1385.96,0
2022-07-22 00:00:00,1387.43,1387.43,1387.43,1387.43,0
2022-07-25 00:00:00,1379.09,1379.09,1379.09,1379.09,0
2022-07-26 00:00:00,1359.72,1359.72,1359.72,1359.72,0
2022-07-27 00:00:00,1366.79,1366.79,1366.79,1366.79,0
2022-07-28 00:00:00,1383.22,1383.22,1383.22,1383.22,0
2022-07-29 00:00:00,1402.71,1402.71,1402.71,1402.71,0
2022-08-01 00:00:00,1423.61,1423.61,1423.61,1423.61,0
2022-08-02 00:00:00,1439.74,1439.74,1439.74,1439.74,0
2022-08-03 00:00:00,1437.22,1437.22,1437.22,1437.22,0
2022-08-04 00:00:00,1434.19,1434.19,1434.19,1434.19,0
2022-08-05 00:00:00,1430.77,1430.77,1430.77,1430.77,0
2022-08-08 00:00:00,1432.41,1432.41,1432.41,1432.41,0
2022-08-10 00:00:00,1427.95,1427.95,1427.95,1427.95,0
2022-08-11 00:00:00,1442.32,1442.32,1442.32,1442.32,0
2022-08-12 00:00:00,1447.19,1447.19,1447.19,1447.19,0
2022-08-16 00:00:00,1467.51,1467.51,1467.51,1467.51,0
2022-08-17 00:00:00,1480.0,1480.0,1480.0,1480.0,0
2022-08-18 00:00:00,1478.81,1478.81,1478.81,1478.81,0
2022-08-19 00:00:00,1462.23,1462.23,1462.23,1462.23,0
2022-08-22 00:00:00,1442.62,1442.62,1442.62,1442.62,0
2022-08-23 00:00:00,1445.76,1445.76,1445.76,1445.76,0
2022-08-24 00:00:00,1452.0,1452.0,1452.0,1452.0,0
2022-08-25 00:00:00,1455.6,1455.6,1455.6,1455.6,0
2022-08-26 00:00:00,1459.96,1459.96,1459.96,1459.96,0
2022-08-29 00:00:00,1442.39,1442.39,1442.39,1442.39,0
2022-08-30 00:00:00,1464.27,1464.27,1464.27,1464.27,0
2022-09-01 00:00:00,1472.65,1472.65,1472.65,1472.65,0
2022-09-02 00:00:00,1474.91,1474.91,1474.91,1474.91,0
2022-09-05 00:00:00,1474.04,1474.04,1474.04,1474.04,0
2022-09-06 00:00:00,1475.96,1475.96,1475.96,1475.96,0
2022-09-07 00:00:00,1489.02,1489.02,1489.02,1489.02,0
2022-09-08 00:00:00,1500.51,1500.51,1500.51,1500.51,0
2022-09-09 00:00:00,1501.54,1501.54,1501.54,1501.54,0
2022-09-12 00:00:00,1512.33,1512.33,1512.33,1512.33,0
2022-09-13 00:00:00,1526.85,1526.85,1526.85,1526.85,0
2022-09-14 00:00:00,1517.15,1517.15,1517.15,1517.15,0
2022-09-15 00:00:00,1515.88,1515.88,1515.88,1515.88,0
2022-09-16 00:00:00,1492.51,1492.51,1492.51,1492.51,0
2022-09-19 00:00:00,1488.04,1488.04,1488.04,1488.04,0
2022-09-20 00:00:00,1499.76,1499.76,1499.76,1499.76,0
2022-09-21 00:00:00,1489.4,1489.4,1489.4,1489.4,0
2022-09-22 00:00:00,1492.9,1492.9,1492.9,1492.9,0
2022-09-23 00:00:00,1469.04,1469.04,1469.04,1469.04,0
2022-09-26 00:00:00,1420.84,1420.84,1420.84,1420.84,0
2022-09-27 00:00:00,1430.06,1430.06,1430.06,1430.06,0
2022-09-28 00:00:00,1421.2,1421.2,1421.2,1421.2,0
2022-09-29 00:00:00,1435.29,1435.29,1435.29,1435.29,0
2022-09-30 00:00:00,1448.52,1448.52,1448.52,1448.52,0
2022-10-03 00:00:00,1436.81,1436.81,1436.81,1436.81,0
2022-10-04 00:00:00,1463.93,1463.93,1463.93,1463.93,0
2022-10-06 00:00:00,1477.46,1477.46,1477.46,1477.46,0
2022-10-07 00:00:00,1483.79,1483.79,1483.79,1483.79,0
2022-10-10 00:00:00,1478.11,1478.11,1478.11,1478.11,0
2022-10-11 00:00:00,1456.6,1456.6,1456.6,1456.6,0
2022-10-12 00:00:00,1452.6,1452.6,1452.6,1452.6,0
2022-10-13 00:00:00,1439.67,1439.67,1439.67,1439.67,0
2022-10-14 00:00:00,1437.0,1437.0,1437.0,1437.0,0
2022-10-17 00:00:00,1440.04,1440.04,1440.04,1440.04,0
2022-10-18 00:00:00,1453.7,1453.7,1453.7,1453.7,0
2022-10-19 00:00:00,1457.48,1457.48,1457.48,1457.48,0
2022-10-20 00:00:00,1451.5,1451.5,1451.5,1451.5,0
2022-10-21 00:00:00,1429.16,1429.16,1429.16,1429.16,0
2022-10-24 00:00:00,1442.84,1442.84,1442.84,1442.84,0
2022-10-25 00:00:00,1438.41,1438.41,1438.41,1438.41,0
2022-10-27 00:00:00,1426.93,1426.93,1426.93,1426.93,0
2022-10-28 00:00:00,1406.22,1406.22,1406.22,1406.22,0
2022-10-31 00:00:00,1410.89,1410.89,1410.89,1410.89,0
2022-11-01 00:00:00,1421.58,1421.58,1421.58,1421.58,0
2022-11-02 00:00:00,1427.3,1427.3,1427.3,1427.3,0
2022-11-03 00:00:00,1418.7,1418.7,1418.7,1418.7,0
2022-11-04 00:00:00,1418.02,1418.02,1418.02,1418.02,0
2022-11-07 00:00:00,1422.62,1422.62,1422.62,1422.62,0
2022-11-09 00:00:00,1416.05,1416.05,1416.05,1416.05,0
2022-11-10 00:00:00,1395.16,1395.16,1395.16,1395.16,0
2022-11-11 00:00:00,1420.17,1420.17,1420.17,1420.17,0
2022-11-14 00:00:00,1417.21,1417.21,1417.21,1417.21,0
2022-11-15 00:00:00,1411.9,1411.9,1411.9,1411.9,0
2022-11-16 00:00:00,1402.92,1402.92,1402.92,1402.92,0
2022-11-17 00:00:00,1396.94,1396.94,1396.94,1396.94,0
2022-11-18 00:00:00,1389.46,1389.46,1389.46,1389.46,0
2022-11-21 00:00:00,1376.58,1376.58,1376.58,1376.58,0
2022-11-22 00:00:00,1373.03,1373.03,1373.03,1373.03,0
2022-11-23 00:00:00,1371.8,1371.8,1371.8,1371.8,0
2022-11-24 00:00:00,1384.55,1384.55,1384.55,1384.55,0
2022-11-25 00:00:00,1396.83,1396.83,1396.83,1396.83,0
2022-11-28 00:00:00,1404.06,1404.06,1404.06,1404.06,0
2022-11-29 00:00:00,1408.59,1408.59,1408.59,1408.59,0
2022-11-30 00:00:00,1411.92,1411.92,1411.92,1411.92,0
2022-12-01 00:00:00,1426.69,1426.69,1426.69,1426.69,0
2022-12-02 00:00:00,1438.46,1438.46,1438.46,1438.46,0
2022-12-05 00:00:00,1435.09,1435.09,1435.09,1435.09,0
2022-12-06 00:00:00,1424.07,1424.07,1424.07,1424.07,0
2022-12-07 00:00:00,1419.15,1419.15,1419.15,1419.15,0
2022-12-08 00:00:00,1420.51,1420.51,1420.51,1420.51,0
2022-12-09 00:00:00,1412.14,1412.14,1412.14,1412.14,0
2022-12-12 00:00:00,1420.0,1420.0,1420.0,1420.0,0
2022-12-13 00:00:00,1427.45,1427.45,1427.45,1427.45,0
2022-12-14 00:00:00,1434.88,1434.88,1434.88,1434.88,0
2022-12-15 00:00:00,1417.05,1417.05,1417.05,1417.05,0
2022-12-16 00:00:00,1397.65,1397.65,1397.65,1397.65,0
2022-12-19 00:00:00,1406.85,1406.85,1406.85,1406.85,0
2022-12-20 00:00:00,1406.39,1406.39,1406.39,1406.39,0
2022-12-21 00:00:00,1374.82,1374.82,1374.82,1374.82,0
2022-12-22 00:00:00,1347.33,1347.33,1347.33,1347.33,0
2022-12-23 00:00:00,1291.0,1291.0,1291.0,1291.0,0
2022-12-26 00:00:00,1336.12,1336.12,1336.12,1336.12,0
2022-12-27 00:00:00,1353.65,1353.65,1353.65,1353.65,0
2022-12-28 00:00:00,1363.96,1363.96,1363.96,1363.96,0
2022-12-29 00:00:00,1365.52,1365.52,1365.52,1365.52,0
2022-12-30 00:00:00,1363.14,1363.14,1363.14,1363.14,0
2023-01-02 00:00:00,1372.44,1372.44,1372.44,1372.44,0
2023-01-03 00:00:00,1372.48,1372.48,1372.48,1372.48,0
2023-01-04 00:00:00,1357.66,1357.66,1357.66,1357.66,0
2023-01-05 00:00:00,1358.05,1358.05,1358.05,1358.05,0
2023-01-06 00:00:00,1345.76,1345.76,1345.76,1345.76,0
2023-01-09 00:00:00,1354.29,1354.29,1354.29,1354.29,0
2023-01-10 00:00:00,1348.87,1348.87,1348.87,1348.87,0
2023-01-11 00:00:00,1350.73,1350.73,1350.73,1350.73,0
2023-01-12 00:00:00,1339.06,1339.06,1339.06,1339.06,0
2023-01-13 00:00:00,1337.63,1337.63,1337.63,1337.63,0
2023-01-16 00:00:00,1329.82,1329.82,1329.82,1329.82,0
2023-01-17 00:00:00,1318.26,1318.26,1318.26,1318.26,0
2023-01-18 00:00:00,1316.62,1316.62,1316.62,1316.62,0
2023-01-19 00:00:00,1313.15,1313.15,1313.15,1313.15,0
2023-01-20 00:00:00,1311.14,1311.14,1311.14,1311.14,0
2023-01-23 00:00:00,1303.16,1303.16,1303.16,1303.16,0
2023-01-24 00:00:00,1310.4,1310.4,1310.4,1310.4,0
2023-01-25 00:00:00,1289.36,1289.36,1289.36,1289.36,0
2023-01-27 00:00:00,1262.06,1262.06,1262.06,1262.06,0
2023-01-30 00:00:00,1263.49,1263.49,1263.49,1263.49,0
2023-01-31 00:00:00,1282.8,1282.8,1282.8,1282.8,0
2023-02-01 00:00:00,1258.69,1258.69,1258.69,1258.69,0
2023-02-02 00:00:00,1258.49,1258.49,1258.49,1258.49,0
2023-02-03 00:00:00,1249.83,1249.83,1249.83,1249.83,0
2023-02-06 00:00:00,1255.52,1255.52,1255.52,1255.52,0
2023-02-07 00:00:00,1267.44,1267.44,1267.44,1267.44,0
2023-02-08 00:00:00,1296.88,1296.88,1296.88,1296.88,0
2023-02-09 00:00:00,1304.45,1304.45,1304.45,1304.45,0
2023-02-10 00:00:00,1306.33,1306.33,1306.33,1306.33,0
2023-02-13 00:00:00,1291.09,1291.09,1291.09,1291.09,0
2023-02-14 00:00:00,1268.92,1268.92,1268.92,1268.92,0
2023-02-15 00:00:00,1270.0,1270.0,1270.0,1270.0,0
2023-02-16 00:00:00,1270.34,1270.34,1270.34,1270.34,0
2023-02-17 00:00:00,1268.0,1268.0,1268.0,1268.0,0
2023-02-20 00:00:00,1274.79,1274.79,1274.79,1274.79,0
2023-02-21 00:00:00,1272.97,1272.97,1272.97,1272.97,0
2023-02-22 00:00:00,1252.94,1252.94,1252.94,1252.94,0
2023-02-23 00:00:00,1253.38,1253.38,1253.38,1253.38,0
2023-02-24 00:00:00,1242.73,1242.73,1242.73,1242.73,0
2023-02-27 00:00:00,1231.01,1231.01,1231.01,1231.01,0
2023-02-28 00:00:00,1236.51,1236.51,1236.51,1236.51,0
2023-03-01 00:00:00,1253.49,1253.49,1253.49,1253.49,0
2023-03-02 00:00:00,1267.56,1267.56,1267.56,1267.56,0
2023-03-03 00:00:00,1281.03,1281.03,1281.03,1281.03,0
2023-03-06 00:00:00,1287.31,1287.31,1287.31,1287.31,0
2023-03-08 00:00:00,1277.54,1277.54,1277.54,1277.54,0
2023-03-09 00:00:00,1266.29,1266.29,1266.29,1266.29,0
2023-03-10 00:00:00,1256.65,1256.65,1256.65,1256.65,0
2023-03-13 00:00:00,1228.0,1228.0,1228.0,1228.0,0
2023-03-14 00:00:00,1216.44,1216.44,1216.44,1216.44,0
2023-03-15 00:00:00,1217.55,1217.55,1217.55,1217.55,0
2023-03-16 00:00:00,1215.59,1215.59,1215.59,1215.59,0
2023-03-17 00:00:00,1229.15,1229.15,1229.15,1229.15,0
2023-03-20 00:00:00,1212.06,1212.06,1212.06,1212.06,0
2023-03-21 00:00:00,1221.06,1221.06,1221.06,1221.06,0
2023-03-22 00:00:00,1223.5,1223.5,1223.5,1223.5,0
2023-03-23 00:00:00,1221.47,1221.47,1221.47,1221.47,0
2023-03-24 00:00:00,1203.9,1203.9,1203.9,1203.9,0
2023-03-27 00:00:00,1187.06,1187.06,1187.06,1187.06,0
2023-03-28 00:00:00,1169.74,1169.74,1169.74,1169.74,0
2023-03-29 00:00:00,1192.75,1192.75,1192.75,1192.75,0
2023-03-31 00:00:00,1209.22,1209.22,1209.22,1209.22,0
2023-04-03 00:00:00,1217.71,1217.71,1217.71,1217.71,0
2023-04-05 00:00:00,1225.94,1225.94,1225.94,1225.94,0
2023-04-06 00:00:00,1228.64,1228.64,1228.64,1228.64,0
2023-04-10 00:00:00,1231.6,1231.6,1231.6,1231.6,0
2023-04-11 00:00:00,1239.55,1239.55,1239.55,1239.55,0
2023-04-12 00:00:00,1242.79,1242.79,1242.79,1242.79,0
2023-04-13 00:00:00,1247.56,1247.56,1247.56,1247.56,0
2023-04-17 00:00:00,1254.23,1254.23,1254.23,1254.23,0
2023-04-18 00:00:00,1255.64,1255.64,1255.64,1255.64,0
2023-04-19 00:00:00,1256.63,1256.63,1256.63,1256.63,0
2023-04-20 00:00:00,1264.23,1264.23,1264.23,1264.23,0
2023-04-21 00:00:00,1262.41,1262.41,1262.41,1262.41,0
2023-04-24 00:00:00,1259.46,1259.46,1259.46,1259.46,0
2023-04-25 00:00:00,1262.37,1262.37,1262.37,1262.37,0
2023-04-26 00:00:00,1262.4,1262.4,1262.4,1262.4,0
2023-04-27 00:00:00,1272.05,1272.05,1272.05,1272.05,0
2023-04-28 00:00:00,1296.42,1296.42,1296.42,1296.42,0
2023-05-02 00:00:00,1302.51,1302.51,1302.51,1302.51,0
2023-05-03 00:00:00,1303.55,1303.55,1303.55,1303.55,0
2023-05-04 00:00:00,1319.54,1319.54,1319.54,1319.54,0
2023-05-05 00:00:00,1319.57,1319.57,1319.57,1319.57,0
2023-05-08 00:00:00,1331.67,1331.67,1331.67,1331.67,0
2023-05-09 00:00:00,1322.95,1322.95,1322.95,1322.95,0
2023-05-10 00:00:00,1329.68,1329.68,1329.68,1329.68,0
2023-05-11 00:00:00,1331.08,1331.08,1331.08,1331.08,0
2023-05-12 00:00:00,1327.49,1327.49,1327.49,1327.49,0
2023-05-15 00:00:00,1337.91,1337.91,1337.91,1337.91,0
2023-05-16 00:00:00,1342.95,1342.95,1342.95,1342.95,0
2023-05-17 00:00:00,1343.53,1343.53,1343.53,1343.53,0
2023-05-18 00:00:00,1340.94,1340.94,1340.94,1340.94,0
2023-05-19 00:00:00,1347.15,1347.15,1347.15,1347.15,0
2023-05-22 00:00:00,1347.06,1347.06,1347.06,1347.06,0
2023-05-23 00:00:00,1357.4,1357.4,1357.4,1357.4,0
2023-05-24 00:00:00,1359.81,1359.81,1359.81,1359.81,0
2023-05-25 00:00:00,1369.67,1369.67,1369.67,1369.67,0
2023-05-26 00:00:00,1371.89,1371.89,1371.89,1371.89,0
2023-05-29 00:00:00,1373.86,1373.86,1373.86,1373.86,0
2023-05-30 00:00:00,1369.45,1369.45,1369.45,1369.45,0
2023-05-31 00:00:00,1382.89,1382.89,1382.89,1382.89,0
2023-06-01 00:00:00,1381.87,1381.87,1381.87,1381.87,0
2023-06-02 00:00:00,1400.73,1400.73,1400.73,1400.73,0
2023-06-05 00:00:00,1405.42,1405.42,1405.42,1405.42,0
2023-06-06 00:00:00,1417.62,1417.62,1417.62,1417.62,0
2023-06-07 00:00:00,1435.6,1435.6,1435.6,1435.6,0
2023-06-08 00:00:00,1433.32,1433.32,1433.32,1433.32,0
2023-06-09 00:00:00,1440.84,1440.84,1440.84,1440.84,0
2023-06-12 00:00:00,1448.43,1448.43,1448.43,1448.43,0
2023-06-13 00:00:00,1471.6,1471.6,1471.6,1471.6,0
2023-06-14 00:00:00,1462.06,1462.06,1462.06,1462.06,0
2023-06-15 00:00:00,1468.05,1468.05,1468.05,1468.05,0
2023-06-16 00:00:00,1476.44,1476.44,1476.44,1476.44,0
2023-06-19 00:00:00,1490.81,1490.81,1490.81,1490.81,0
2023-06-20 00:00:00,1493.59,1493.59,1493.59,1493.59,0
2023-06-21 00:00:00,1496.13,1496.13,1496.13,1496.13,0
2023-06-22 00:00:00,1488.74,1488.74,1488.74,1488.74,0
2023-06-23 00:00:00,1474.97,1474.97,1474.97,1474.97,0
2023-06-26 00:00:00,1483.62,1483.62,1483.62,1483.62,0
2023-06-27 00:00:00,1499.61,1499.61,1499.61,1499.61,0
2023-06-28 00:00:00,1495.3,1495.3,1495.3,1495.3,0
2023-06-30 00:00:00,1501.43,1501.43,1501.43,1501.43,0
2023-07-03 00:00:00,1503.03,1503.03,1503.03,1503.03,0
2023-07-04 00:00:00,1498.81,1498.81,1498.81,1498.81,0
2023-07-05 00:00:00,1502.29,1502.29,1502.29,1502.29,0
2023-07-06 00:00:00,1518.34,1518.34,1518.34,1518.34,0
2023-07-07 00:00:00,1509.81,1509.81,1509.81,1509.81,0
2023-07-10 00:00:00,1506.85,1506.85,1506.85,1506.85,0
2023-07-11 00:00:00,1521.22,1521.22,1521.22,1521.22,0
2023-07-12 00:00:00,1540.17,1540.17,1540.17,1540.17,0
2023-07-13 00:00:00,1549.54,1549.54,1549.54,1549.54,0
2023-07-14 00:00:00,1566.95,1566.95,1566.95,1566.95,0
2023-07-17 00:00:00,1565.19,1565.19,1565.19,1565.19,0
2023-07-18 00:00:00,1553.31,1553.31,1553.31,1553.31,0
2023-07-19 00:00:00,1560.8,1560.8,1560.8,1560.8,0
2023-07-20 00:00:00,1568.39,1568.39,1568.39,1568.39,0
2023-07-21 00:00:00,1573.29,1573.29,1573.29,1573.29,0
2023-07-24 00:00:00,1573.67,1573.67,1573.67,1573.67,0
2023-07-25 00:00:00,1578.88,1578.88,1578.88,1578.88,0
2023-07-26 00:00:00,1578.59,1578.59,1578.59,1578.59,0
2023-07-27 00:00:00,1576.48,1576.48,1576.48,1576.48,0
2023-07-28 00:00:00,1579.52,1579.52,1579.52,1579.52,0
2023-07-31 00:00:00,1589.29,1589.29,1589.29,1589.29,0
2023-08-01 00:00:00,1596.81,1596.81,1596.81,1596.81,0
2023-08-02 00:00:00,1576.53,1576.53,1576.53,1576.53,0
2023-08-03 00:00:00,1574.36,1574.36,1574.36,1574.36,0
2023-08-04 00:00:00,1608.19,1608.19,1608.19,1608.19,0
2023-08-07 00:00:00,1622.13,1622.13,1622.13,1622.13,0
2023-08-08 00:00:00,1607.08,1607.08,1607.08,1607.08,0
2023-08-09 00:00:00,1610.7,1610.7,1610.7,1610.7,0
2023-08-10 00:00:00,1603.55,1603.55,1603.55,1603.55,0
2023-08-11 00:00:00,1609.88,1609.88,1609.88,1609.88,0
2023-08-14 00:00:00,1596.72,1596.72,1596.72,1596.72,0
2023-08-16 00:00:00,1599.84,1599.84,1599.84,1599.84,0
2023-08-17 00:00:00,1605.05,1605.05,1605.05,1605.05,0
2023-08-18 00:00:00,1597.42,1597.42,1597.42,1597.42,0
2023-08-21 00:00:00,1607.64,1607.64,1607.64,1607.64,0
2023-08-22 00:00:00,1628.11,1628.11,1628.11,1628.11,0
2023-08-23 00:00:00,1635.9,1635.9,1635.9,1635.9,0
2023-08-24 00:00:00,1634.89,1634.89,1634.89,1634.89,0
2023-08-25 00:00:00,1626.26,1626.26,1626.26,1626.26,0
2023-08-28 00:00:00,1632.39,1632.39,1632.39,1632.39,0
2023-08-29 00:00:00,1637.28,1637.28,1637.28,1637.28,0
2023-08-30 00:00:00,1654.54,1654.54,1654.54,1654.54,0
2023-08-31 00:00:00,1661.16,1661.16,1661.16,1661.16,0
2023-09-01 00:00:00,1664.48,1664.48,1664.48,1664.48,0
2023-09-04 00:00:00,1673.4,1673.4,1673.4,1673.4,0
2023-09-05 00:00:00,1687.05,1687.05,1687.05,1687.05,0
2023-09-06 00:00:00,1689.21,1689.21,1689.21,1689.21,0
2023-09-07 00:00:00,1702.32,1702.32,1702.32,1702.32,0
2023-09-08 00:00:00,1713.95,1713.95,1713.95,1713.95,0
2023-09-11 00:00:00,1729.2,1729.2,1729.2,1729.2,0
2023-09-12 00:00:00,1673.35,1673.35,1673.35,1673.35,0
2023-09-13 00:00:00,1669.08,1669.08,1669.08,1669.08,0
2023-09-14 00:00:00,1687.97,1687.97,1687.97,1687.97,0
2023-09-15 00:00:00,1704.63,1704.63,1704.63,1704.63,0
2023-09-18 00:00:00,1689.95,1689.95,1689.95,1689.95,0
2023-09-20 00:00:00,1676.33,1676.33,1676.33,1676.33,0
2023-09-21 00:00:00,1661.31,1661.31,1661.31,1661.31,0
2023-09-22 00:00:00,1658.65,1658.65,1658.65,1658.65,0
2023-09-25 00:00:00,1648.62,1648.62,1648.62,1648.62,0
2023-09-26 00:00:00,1663.56,1663.56,1663.56,1663.56,0
2023-09-27 00:00:00,1673.76,1673.76,1673.76,1673.76,0
2023-09-28 00:00:00,1679.13,1679.13,1679.13,1679.13,0
2023-09-29 00:00:00,1685.9,1685.9,1685.9,1685.9,0
2023-10-03 00:00:00,1697.37,1697.37,1697.37,1697.37,0
2023-10-04 00:00:00,1682.38,1682.38,1682.38,1682.38,0
2023-10-05 00:00:00,1695.02,1695.02,1695.02,1695.02,0
2023-10-06 00:00:00,1708.47,1708.47,1708.47,1708.47,0
2023-10-09 00:00:00,1686.97,1686.97,1686.97,1686.97,0
2023-10-10 00:00:00,1707.01,1707.01,1707.01,1707.01,0
2023-10-11 00:00:00,1719.17,1719.17,1719.17,1719.17,0
2023-10-12 00:00:00,1716.33,1716.33,1716.33,1716.33,0
2023-10-13 00:00:00,1709.75,1709.75,1709.75,1709.75,0
2023-10-16 00:00:00,1711.79,1711.79,1711.79,1711.79,0
2023-10-17 00:00:00,1722.12,1722.12,1722.12,1722.12,0
2023-10-18 00:00:00,1714.79,1714.79,1714.79,1714.79,0
2023-10-19 00:00:00,1714.31,1714.31,1714.31,1714.31,0
2023-10-20 00:00:00,1707.23,1707.23,1707.23,1707.23,0
2023-10-23 00:00:00,1653.4,1653.4,1653.4,1653.4,0
2023-10-25 00:00:00,1644.22,1644.22,1644.22,1644.22,0
2023-10-26 00:00:00,1621.27,1621.27,1621.27,1621.27,0
2023-10-27 00:00:00,1649.25,1649.25,1649.25,1649.25,0
2023-10-30 00:00:00,1655.12,1655.12,1655.12,1655.12,0
2023-10-31 00:00:00,1648.91,1648.91,1648.91,1648.91,0
2023-11-01 00:00:00,1642.09,1642.09,1642.09,1642.09,0
2023-11-02 00:00:00,1649.44,1649.44,1649.44,1649.44,0
2023-11-03 00:00:00,1653.72,1653.72,1653.72,1653.72,0
2023-11-06 00:00:00,1670.29,1670.29,1670.29,1670.29,0
2023-11-07 00:00:00,1674.39,1674.39,1674.39,1674.39,0
2023-11-08 00:00:00,1683.26,1683.26,1683.26,1683.26,0
2023-11-09 00:00:00,1678.84,1678.84,1678.84,1678.84,0
2023-11-10 00:00:00,1690.5,1690.5,1690.5,1690.5,0
2023-11-12 00:00:00,1710.36,1710.36,1710.36,1710.36,0
2023-11-13 00:00:00,1701.75,1701.75,1701.75,1701.75,0
2023-11-15 00:00:00,1717.22,1717.22,1717.22,1717.22,0
2023-11-16 00:00:00,1721.13,1721.13,1721.13,1721.13,0
2023-11-17 00:00:00,1735.02,1735.02,1735.02,1735.02,0
2023-11-20 00:00:00,1750.37,1750.37,1750.37,1750.37,0
2023-11-21 00:00:00,1754.82,1754.82,1754.82,1754.82,0
2023-11-22 00:00:00,1749.37,1749.37,1749.37,1749.37,0
2023-11-23 00:00:00,1750.25,1750.25,1750.25,1750.25,0
2023-11-24 00:00:00,1768.0,1768.0,1768.0,1768.0,0
2023-11-28 00:00:00,1769.59,1769.59,1769.59,1769.59,0
2023-11-29 00:00:00,1765.03,1765.03,1765.03,1765.03,0
2023-11-30 00:00:00,1780.23,1780.23,1780.23,1780.23,0
2023-12-01 00:00:00,1789.54,1789.54,1789.54,1789.54,0
2023-12-04 00:00:00,1798.33,1798.33,1798.33,1798.33,0
2023-12-05 00:00:00,1790.69,1790.69,1790.69,1790.69,0
2023-12-06 00:00:00,1796.23,1796.23,1796.23,1796.23,0
2023-12-07 00:00:00,1781.83,1781.83,1781.83,1781.83,0
2023-12-08 00:00:00,1768.69,1768.69,1768.69,1768.69,0
2023-12-11 00:00:00,1776.39,1776.39,1776.39,1776.39,0
2023-12-12 00:00:00,1766.77,1766.77,1766.77,1766.77,0
2023-12-13 00:00:00,1774.09,1774.09,1774.09,1774.09,0
2023-12-14 00:00:00,1790.96,1790.96,1790.96,1790.96,0
2023-12-15 00:00:00,1786.3,1786.3,1786.3,1786.3,0
2023-12-18 00:00:00,1792.7,1792.7,1792.7,1792.7,0
2023-12-19 00:00:00,1796.32,1796.32,1796.32,1796.32,0
2023-12-20 00:00:00,1742.37,1742.37,1742.37,1742.37,0
2023-12-21 00:00:00,1769.76,1769.76,1769.76,1769.76,0
2023-12-22 00:00:00,1791.46,1791.46,1791.46,1791.46,0
2023-12-26 00:00:00,1787.13,1787.13,1787.13,1787.13,0
2023-12-27 00:00:00,1793.9,1793.9,1793.9,1793.9,0
2023-12-28 00:00:00,1792.25,1792.25,1792.25,1792.25,0
2023-12-29 00:00:00,1797.2,1797.2,1797.2,1797.2,0
2024-01-01 00:00:00,1806.71,1806.71,1806.71,1806.71,0
2024-01-02 00:00:00,1808.42,1808.42,1808.42,1808.42,0
2024-01-03 00:00:00,1821.0,1821.0,1821.0,1821.0,0
2024-01-04 00:00:00,1833.34,1833.34,1833.34,1833.34,0
2024-01-05 00:00:00,1835.92,1835.92,1835.92,1835.92,0
2024-01-08 00:00:00,1832.39,1832.39,1832.39,1832.39,0
2024-01-09 00:00:00,1837.7,1837.7,1837.7,1837.7,0
2024-01-10 00:00:00,1850.07,1850.07,1850.07,1850.07,0
2024-01-11 00:00:00,1859.0,1859.0,1859.0,1859.0,0
2024-01-12 00:00:00,1862.92,1862.92,1862.92,1862.92,0
2024-01-15 00:00:00,1870.57,1870.57,1870.57,1870.57,0
2024-01-16 00:00:00,1872.0,1872.0,1872.0,1872.0,0
2024-01-17 00:00:00,1854.52,1854.52,1854.52,1854.52,0
2024-01-18 00:00:00,1857.21,1857.21,1857.21,1857.21,0
2024-01-19 00:00:00,1868.88,1868.88,1868.88,1868.88,0
2024-01-20 00:00:00,1881.82,1881.82,1881.82,1881.82,0
2024-01-23 00:00:00,1847.01,1847.01,1847.01,1847.01,0
2024-01-24 00:00:00,1865.07,1865.07,1865.07,1865.07,0
2024-01-25 00:00:00,1879.99,1879.99,1879.99,1879.99,0
2024-01-29 00:00:00,1902.27,1902.27,1902.27,1902.27,0
2024-01-30 00:00:00,1901.93,1901.93,1901.93,1901.93,0
2024-01-31 00:00:00,1922.85,1922.85,1922.85,1922.85,0
2024-02-01 00:00:00,1921.55,1921.55,1921.55,1921.55,0
2024-02-02 00:00:00,1932.04,1932.04,1932.04,1932.04,0
2024-02-05 00:00:00,1934.08,1934.08,1934.08,1934.08,0
2024-02-06 00:00:00,1958.35,1958.35,1958.35,1958.35,0
2024-02-07 00:00:00,1968.2,1968.2,1968.2,1968.2,0
2024-02-08 00:00:00,1976.53,1976.53,1976.53,1976.53,0
2024-02-09 00:00:00,1954.56,1954.56,1954.56,1954.56,0
2024-02-12 00:00:00,1909.36,1909.36,1909.36,1909.36,0
2024-02-13 00:00:00,1906.49,1906.49,1906.49,1906.49,0
2024-02-14 00:00:00,1931.76,1931.76,1931.76,1931.76,0
2024-02-15 00:00:00,1952.63,1952.63,1952.63,1952.63,0
2024-02-16 00:00:00,1966.97,1966.97,1966.97,1966.97,0
2024-02-19 00:00:00,1981.28,1981.28,1981.28,1981.28,0
2024-02-20 00:00:00,1980.22,1980.22,1980.22,1980.22,0
2024-02-21 00:00:00,1972.24,1972.24,1972.24,1972.24,0
2024-02-22 00:00:00,1986.36,1986.36,1986.36,1986.36,0
2024-02-23 00:00:00,2003.82,2003.82,2003.82,2003.82,0
2024-02-26 00:00:00,2000.69,2000.69,2000.69,2000.69,0
2024-02-27 00:00:00,2000.16,2000.16,2000.16,2000.16,0
2024-02-28 00:00:00,1973.52,1973.52,1973.52,1973.52,0
2024-02-29 00:00:00,1974.97,1974.97,1974.97,1974.97,0
2024-03-01 00:00:00,1979.25,1979.25,1979.25,1979.25,0
2024-03-02 00:00:00,2001.08,2001.08,2001.08,2001.08,0
2024-03-04 00:00:00,1976.16,1976.16,1976.16,1976.16,0
2024-03-05 00:00:00,1954.92,1954.92,1954.92,1954.92,0
2024-03-06 00:00:00,1920.72,1920.72,1920.72,1920.72,0
2024-03-07 00:00:00,1937.34,1937.34,1937.34,1937.34,0
2024-03-11 00:00:00,1905.47,1905.47,1905.47,1905.47,0
2024-03-12 00:00:00,1859.63,1859.63,1859.63,1859.63,0
2024-03-13 00:00:00,1766.81,1766.81,1766.81,1766.81,0
2024-03-14 00:00:00,1815.85,1815.85,1815.85,1815.85,0
2024-03-15 00:00:00,1805.44,1805.44,1805.44,1805.44,0
2024-03-18 00:00:00,1813.7,1813.7,1813.7,1813.7,0
2024-03-19 00:00:00,1801.5,1801.5,1801.5,1801.5,0
2024-03-20 00:00:00,1807.54,1807.54,1807.54,1807.54,0
2024-03-21 00:00:00,1838.14,1838.14,1838.14,1838.14,0
2024-03-22 00:00:00,1864.18,1864.18,1864.18,1864.18,0
2024-03-26 00:00:00,1853.25,1853.25,1853.25,1853.25,0
2024-03-27 00:00:00,1870.92,1870.92,1870.92,1870.92,0
2024-03-28 00:00:00,1875.7,1875.7,1875.7,1875.7,0
2024-04-01 00:00:00,1904.37,1904.37,1904.37,1904.37,0
2024-04-02 00:00:00,1930.23,1930.23,1930.23,1930.23,0
2024-04-03 00:00:00,1942.91,1942.91,1942.91,1942.91,0
2024-04-04 00:00:00,1951.66,1951.66,1951.66,1951.66,0
2024-04-05 00:00:00,1972.0,1972.0,1972.0,1972.0,0
2024-04-08 00:00:00,1964.75,1964.75,1964.75,1964.75,0
2024-04-09 00:00:00,1954.16,1954.16,1954.16,1954.16,0
2024-04-10 00:00:00,1958.78,1958.78,1958.78,1958.78,0
2024-04-12 00:00:00,1949.49,1949.49,1949.49,1949.49,0
2024-04-15 00:00:00,1911.69,1911.69,1911.69,1911.69,0
2024-04-16 00:00:00,1916.47,1916.47,1916.47,1916.47,0
2024-04-18 00:00:00,1931.41,1931.41,1931.41,1931.41,0
2024-04-19 00:00:00,1931.24,1931.24,1931.24,1931.24,0
2024-04-22 00:00:00,1953.72,1953.72,1953.72,1953.72,0
2024-04-23 00:00:00,1967.66,1967.66,1967.66,1967.66,0
2024-04-24 00:00:00,1984.03,1984.03,1984.03,1984.03,0
2024-04-25 00:00:00,1983.25,1983.25,1983.25,1983.25,0
2024-04-26 00:00:00,1995.09,1995.09,1995.09,1995.09,0
2024-04-29 00:00:00,2001.96,2001.96,2001.96,2001.96,0
2024-04-30 00:00:00,2003.88,2003.88,2003.88,2003.88,0
2024-05-02 00:00:00,2008.94,2008.94,2008.94,2008.94,0
2024-05-03 00:00:00,2001.81,2001.81,2001.81,2001.81,0
2024-05-06 00:00:00,1979.84,1979.84,1979.84,1979.84,0
2024-05-07 00:00:00,1946.74,1946.74,1946.74,1946.74,0
2024-05-08 00:00:00,1949.62,1949.62,1949.62,1949.62,0
2024-05-09 00:00:00,1912.59,1912.59,1912.59,1912.59,0
2024-05-10 00:00:00,1931.01,1931.01,1931.01,1931.01,0
2024-05-13 00:00:00,1912.18,1912.18,1912.18,1912.18,0
2024-05-14 00:00:00,1953.9,1953.9,1953.9,1953.9,0
2024-05-15 00:00:00,1955.96,1955.96,1955.96,1955.96,0
2024-05-16 00:00:00,1946.82,1946.82,1946.82,1946.82,0
2024-05-17 00:00:00,1976.98,1976.98,1976.98,1976.98,0
2024-05-18 00:00:00,1994.36,1994.36,1994.36,1994.36,0
2024-05-21 00:00:00,1980.24,1980.24,1980.24,1980.24,0
2024-05-22 00:00:00,1979.74,1979.74,1979.74,1979.74,0
2024-05-23 00:00:00,1971.99,1971.99,1971.99,1971.99,0
2024-05-24 00:00:00,1962.24,1962.24,1962.24,1962.24,0
2024-05-27 00:00:00,1972.64,1972.64,1972.64,1972.64,0
2024-05-28 00:00:00,1954.66,1954.66,1954.66,1954.66,0
2024-05-29 00:00:00,1956.38,1956.38,1956.38,1956.38,0
2024-05-30 00:00:00,1927.97,1927.97,1927.97,1927.97,0
2024-05-31 00:00:00,1957.74,1957.74,1957.74,1957.74,0
2024-06-03 00:00:00,1980.87,1980.87,1980.87,1980.87,0
2024-06-04 00:00:00,1855.14,1855.14,1855.14,1855.14,0
2024-06-05 00:00:00,1908.95,1908.95,1908.95,1908.95,0
2024-06-06 00:00:00,1962.43,1962.43,1962.43,1962.43,0
2024-06-07 00:00:00,2001.83,2001.83,2001.83,2001.83,0
2024-06-10 00:00:00,2018.88,2018.88,2018.88,2018.88,0
2024-06-11 00:00:00,2035.21,2035.21,2035.21,2035.21,0
2024-06-12 00:00:00,2053.28,2053.28,2053.28,2053.28,0
2024-06-13 00:00:00,2067.2,2067.2,2067.2,2067.2,0
2024-06-14 00:00:00,2091.68,2091.68,2091.68,2091.68,0
2024-06-18 00:00:00,2113.92,2113.92,2113.92,2113.92,0
2024-06-19 00:00:00,2106.05,2106.05,2106.05,2106.05,0
2024-06-20 00:00:00,2105.07,2105.07,2105.07,2105.07,0
2024-06-21 00:00:00,2121.08,2121.08,2121.08,2121.08,0
2024-06-24 00:00:00,2119.01,2119.01,2119.01,2119.01,0
2024-06-25 00:00:00,2116.93,2116.93,2116.93,2116.93,0
2024-06-26 00:00:00,2137.64,2137.64,2137.64,2137.64,0
2024-06-27 00:00:00,2117.04,2117.04,2117.04,2117.04,0
2024-06-28 00:00:00,2117.51,2117.51,2117.51,2117.51,0
2024-07-01 00:00:00,2152.11,2152.11,2152.11,2152.11,0
2024-07-02 00:00:00,2160.57,2160.57,2160.57,2160.57,0
2024-07-03 00:00:00,2186.14,2186.14,2186.14,2186.14,0
2024-07-04 00:00:00,2197.82,2197.82,2197.82,2197.82,0
2024-07-05 00:00:00,2211.21,2211.21,2211.21,2211.21,0
2024-07-08 00:00:00,2207.4,2207.4,2207.4,2207.4,0
2024-07-09 00:00:00,2196.51,2196.51,2196.51,2196.51,0
2024-07-10 00:00:00,2203.82,2203.82,2203.82,2203.82,0
2024-07-11 00:00:00,2227.34,2227.34,2227.34,2227.34,0
2024-07-12 00:00:00,2222.03,2222.03,2222.03,2222.03,0
2024-07-15 00:00:00,2224.42,2224.42,2224.42,2224.42,0
2024-07-16 00:00:00,2211.82,2211.82,2211.82,2211.82,0
2024-07-18 00:00:00,2193.63,2193.63,2193.63,2193.63,0
2024-07-19 00:00:00,2163.33,2163.33,2163.33,2163.33,0
2024-07-22 00:00:00,2164.88,2164.88,2164.88,2164.88,0
2024-07-23 00:00:00,2159.22,2159.22,2159.22,2159.22,0
2024-07-24 00:00:00,2198.19,2198.19,2198.19,2198.19,0
2024-07-25 00:00:00,2193.47,2193.47,2193.47,2193.47,0
2024-07-26 00:00:00,2204.38,2204.38,2204.38,2204.38,0
2024-07-29 00:00:00,2234.26,2234.26,2234.26,2234.26,0
2024-07-30 00:00:00,2232.97,2232.97,2232.97,2232.97,0
2024-07-31 00:00:00,2227.62,2227.62,2227.62,2227.62,0
2024-08-01 00:00:00,2210.82,2210.82,2210.82,2210.82,0
2024-08-02 00:00:00,2198.46,2198.46,2198.46,2198.46,0
2024-08-05 00:00:00,2121.4,2121.4,2121.4,2121.4,0
2024-08-06 00:00:00,2114.44,2114.44,2114.44,2114.44,0
2024-08-07 00:00:00,2159.47,2159.47,2159.47,2159.47,0
2024-08-08 00:00:00,2168.45,2168.45,2168.45,2168.45,0
2024-08-09 00:00:00,2187.11,2187.11,2187.11,2187.11,0
2024-08-12 00:00:00,2191.98,2191.98,2191.98,2191.98,0
2024-08-13 00:00:00,2177.28,2177.28,2177.28,2177.28,0
2024-08-14 00:00:00,2171.54,2171.54,2171.54,2171.54,0
2024-08-16 00:00:00,2225.07,2225.07,2225.07,2225.07,0
2024-08-19 00:00:00,2254.34,2254.34,2254.34,2254.34,0
2024-08-20 00:00:00,2253.28,2253.28,2253.28,2253.28,0
2024-08-21 00:00:00,2254.39,2254.39,2254.39,2254.39,0
2024-08-22 00:00:00,2275.13,2275.13,2275.13,2275.13,0
2024-08-23 00:00:00,2284.1,2284.1,2284.1,2284.1,0
2024-08-26 00:00:00,2279.43,2279.43,2279.43,2279.43,0
2024-08-27 00:00:00,2308.4,2308.4,2308.4,2308.4,0
2024-08-28 00:00:00,2293.64,2293.64,2293.64,2293.64,0
2024-08-29 00:00:00,2275.87,2275.87,2275.87,2275.87,0
2024-08-30 00:00:00,2289.12,2289.12,2289.12,2289.12,0
2024-09-02 00:00:00,2274.8,2274.8,2274.8,2274.8,0
2024-09-03 00:00:00,2282.14,2282.14,2282.14,2282.14,0
2024-09-04 00:00:00,2278.09,2278.09,2278.09,2278.09,0
2024-09-05 00:00:00,2294.15,2294.15,2294.15,2294.15,0
2024-09-06 00:00:00,2268.3,2268.3,2268.3,2268.3,0
2024-09-09 00:00:00,2260.47,2260.47,2260.47,2260.47,0
2024-09-10 00:00:00,2296.95,2296.95,2296.95,2296.95,0
2024-09-11 00:00:00,2291.12,2291.12,2291.12,2291.12,0
2024-09-12 00:00:00,2320.31,2320.31,2320.31,2320.31,0
2024-09-13 00:00:00,2343.57,2343.57,2343.57,2343.57,0
2024-09-16 00:00:00,2330.01,2330.01,2330.01,2330.01,0
2024-09-17 00:00:00,2341.12,2341.12,2341.12,2341.12,0
2024-09-18 00:00:00,2333.19,2333.19,2333.19,2333.19,0
2024-09-19 00:00:00,2313.47,2313.47,2313.47,2313.47,0
2024-09-20 00:00:00,2365.14,2365.14,2365.14,2365.14,0
2024-09-23 00:00:00,2387.54,2387.54,2387.54,2387.54,0
2024-09-24 00:00:00,2376.46,2376.46,2376.46,2376.46,0
2024-09-25 00:00:00,2358.24,2358.24,2358.24,2358.24,0
2024-09-26 00:00:00,2343.41,2343.41,2343.41,2343.41,0
2024-09-27 00:00:00,2348.34,2348.34,2348.34,2348.34,0
2024-09-30 00:00:00,2337.82,2337.82,2337.82,2337.82,0
2024-10-01 00:00:00,2334.57,2334.57,2334.57,2334.57,0
2024-10-03 00:00:00,2294.19,2294.19,2294.19,2294.19,0
2024-10-04 00:00:00,2273.57,2273.57,2273.57,2273.57,0
2024-10-07 00:00:00,2193.48,2193.48,2193.48,2193.48,0
2024-10-08 00:00:00,2265.6,2265.6,2265.6,2265.6,0
2024-10-09 00:00:00,2286.85,2286.85,2286.85,2286.85,0
2024-10-10 00:00:00,2288.27,2288.27,2288.27,2288.27,0
2024-10-11 00:00:00,2287.48,2287.48,2287.48,2287.48,0
2024-10-14 00:00:00,2284.56,2284.56,2284.56,2284.56,0
2024-10-15 00:00:00,2295.56,2295.56,2295.56,2295.56,0
2024-10-16 00:00:00,2301.88,2301.88,2301.88,2301.88,0
2024-10-17 00:00:00,2278.57,2278.57,2278.57,2278.57,0
2024-10-18 00:00:00,2282.61,2282.61,2282.61,2282.61,0
2024-10-21 00:00:00,2233.54,2233.54,2233.54,2233.54,0
2024-10-22 00:00:00,2153.31,2153.31,2153.31,2153.31,0
2024-10-23 00:00:00,2164.84,2164.84,2164.84,2164.84,0
2024-10-24 00:00:00,2145.58,2145.58,2145.58,2145.58,0
2024-10-25 00:00:00,2093.22,2093.22,2093.22,2093.22,0
2024-10-28 00:00:00,2113.07,2113.07,2113.07,2113.07,0
2024-10-29 00:00:00,2127.71,2127.71,2127.71,2127.71,0
2024-10-30 00:00:00,2158.71,2158.71,2158.71,2158.71,0
2024-10-31 00:00:00,2159.96,2159.96,2159.96,2159.96,0
2024-11-01 00:00:00,2198.3,2198.3,2198.3,2198.3,0
2024-11-04 00:00:00,2172.31,2172.31,2172.31,2172.31,0
2024-11-05 00:00:00,2191.35,2191.35,2191.35,2191.35,0
2024-11-06 00:00:00,2236.17,2236.17,2236.17,2236.17,0
2024-11-07 00:00:00,2215.9,2215.9,2215.9,2215.9,0
2024-11-08 00:00:00,2186.36,2186.36,2186.36,2186.36,0
2024-11-11 00:00:00,2159.17,2159.17,2159.17,2159.17,0
2024-11-12 00:00:00,2136.69,2136.69,2136.69,2136.69,0
2024-11-13 00:00:00,2078.58,2078.58,2078.58,2078.58,0
2024-11-14 00:00:00,2098.87,2098.87,2098.87,2098.87,0
2024-11-18 00:00:00,2085.81,2085.81,2085.81,2085.81,0
2024-11-19 00:00:00,2095.36,2095.36,2095.36,2095.36,0
2024-11-21 00:00:00,2079.07,2079.07,2079.07,2079.07,0
2024-11-22 00:00:00,2082.38,2082.38,2082.38,2082.38,0
2024-11-25 00:00:00,2115.08,2115.08,2115.08,2115.08,0
2024-11-26 00:00:00,2128.94,2128.94,2128.94,2128.94,0
2024-11-27 00:00:00,2162.96,2162.96,2162.96,2162.96,0
2024-11-28 00:00:00,2181.8,2181.8,2181.8,2181.8,0
2024-11-29 00:00:00,2196.42,2196.42,2196.42,2196.42,0
2024-12-02 00:00:00,2214.52,2214.52,2214.52,2214.52,0
2024-12-03 00:00:00,2234.43,2234.43,2234.43,2234.43,0
2024-12-04 00:00:00,2264.25,2264.25,2264.25,2264.25,0
2024-12-05 00:00:00,2279.39,2279.39,2279.39,2279.39,0
2024-12-06 00:00:00,2286.84,2286.84,2286.84,2286.84,0
2024-12-09 00:00:00,2285.47,2285.47,2285.47,2285.47,0
2024-12-10 00:00:00,2285.5,2285.5,2285.5,2285.5,0
2024-12-11 00:00:00,2296.36,2296.36,2296.36,2296.36,0
2024-12-12 00:00:00,2263.65,2263.65,2263.65,2263.65,0
2024-12-13 00:00:00,2260.65,2260.65,2260.65,2260.65,0
2024-12-16 00:00:00,2268.4,2284.45,2268.4,2281.45,0
2024-12-17 00:00:00,2285.15,2295.2,2276.15,2280.0,0
2024-12-18 00:00:00,2285.55,2286.85,2261.9,2265.6,0
2024-12-19 00:00:00,2223.25,2259.15,2222.4,2250.7,0
2024-12-20 00:00:00,2260.5,2272.05,2215.05,2220.5,0
2024-12-23 00:00:00,2240.85,2244.85,2194.65,2207.05,0
2024-12-24 00:00:00,2213.8,2221.1,2198.5,2217.15,0
2024-12-26 00:00:00,2226.15,2232.35,2211.95,2216.2,0
2024-12-27 00:00:00,2226.2,2230.4,2216.15,2221.6,0
2024-12-30 00:00:00,2221.65,2236.75,2210.65,2225.8,0
2024-12-31 00:00:00,2217.35,2230.45,2197.5,2228.15,0
2025-01-01 00:00:00,2234.1,2250.35,2228.85,2245.9,0
2025-01-02 00:00:00,2251.75,2268.0,2247.35,2266.15,0
2025-01-03 00:00:00,2271.15,2287.3,2269.95,2275.1,0
2025-01-06 00:00:00,2283.3,2289.75,2191.8,2199.35,0
2025-01-07 00:00:00,2212.35,2231.6,2205.15,2227.6,0
2025-01-08 00:00:00,2233.2,2236.35,2195.35,2211.7,0
2025-01-09 00:00:00,2215.0,2217.95,2171.25,2174.55,0
2025-01-10 00:00:00,2171.1,2173.3,2105.4,2110.15,0
2025-01-13 00:00:00,2079.65,2098.95,2014.9,2028.55,0
2025-01-14 00:00:00,2042.65,2073.55,2032.4,2068.4,0
2025-01-15 00:00:00,2085.25,2089.5,2057.4,2063.15,0
2025-01-16 00:00:00,2088.25,2104.2,2086.3,2089.85,0
2025-01-17 00:00:00,2086.95,2093.9,2071.05,2080.6,0
2025-01-20 00:00:00,2094.4,2098.75,2078.45,2092.75,0
2025-01-21 00:00:00,2099.25,2106.5,2048.85,2054.65,0
2025-01-22 00:00:00,2059.45,2059.45,1983.1,2006.2,0
2025-01-23 00:00:00,2005.35,2030.65,1998.55,2021.6,0
2025-01-24 00:00:00,2024.3,2027.7,1973.2,1976.9,0
2025-01-27 00:00:00,1956.95,1957.75,1887.6,1897.2,0
2025-01-28 00:00:00,1906.55,1915.25,1824.45,1879.95,0
2025-01-29 00:00:00,1882.65,1947.1,1881.0,1944.75,0
2025-01-30 00:00:00,1957.5,1976.1,1939.25,1945.3,0
2025-01-31 00:00:00,1963.5,1993.55,1951.05,1990.2,0
2025-02-01 00:00:00,2001.1,2020.9,1967.6,2001.75,0
2025-02-03 00:00:00,1980.25,1997.25,1968.15,1986.0,0
2025-02-04 00:00:00,2006.25,2013.15,1992.3,2010.5,0
2025-02-05 00:00:00,2020.55,2034.15,2016.85,2025.45,0
2025-02-06 00:00:00,2026.6,2030.5,2006.0,2010.75,0
2025-02-07 00:00:00,2020.4,2028.85,1996.25,2011.9,0
2025-02-10 00:00:00,2011.8,2012.25,1950.7,1957.2,0
2025-02-11 00:00:00,1955.0,1957.95,1881.9,1893.25,0
2025-02-12 00:00:00,1892.1,1898.9,1835.2,1890.05,0
2025-02-13 00:00:00,1897.4,1919.75,1887.2,1896.9,0
2025-02-14 00:00:00,1903.2,1905.05,1820.1,1837.65,0
2025-02-17 00:00:00,1823.45,1845.5,1794.6,1828.2,0
2025-02-18 00:00:00,1832.1,1837.65,1792.95,1803.5,0
2025-02-19 00:00:00,1793.9,1850.5,1783.85,1846.85,0
2025-02-20 00:00:00,1841.15,1871.0,1837.65,1867.25,0
2025-02-21 00:00:00,1866.45,1896.6,1841.45,1847.35,0
2025-02-24 00:00:00,1825.45,1830.6,1803.8,1816.35,0
2025-02-25 00:00:00,1820.0,1833.05,1816.75,1820.45,0
2025-02-27 00:00:00,1824.25,1828.2,1775.6,1779.65,0
2025-02-28 00:00:00,1761.4,1764.55,1720.35,1741.55,0
2025-03-03 00:00:00,1743.65,1750.55,1678.25,1712.0,0
2025-03-04 00:00:00,1688.75,1746.0,1688.05,1734.05,0
2025-03-05 00:00:00,1731.9,1774.1,1731.75,1769.45,0
2025-03-06 00:00:00,1785.25,1800.7,1781.7,1797.2,0
2025-03-07 00:00:00,1799.35,1816.55,1790.2,1808.15,0
2025-03-10 00:00:00,1812.4,1819.3,1770.8,1776.5,0
2025-03-11 00:00:00,1754.7,1775.65,1742.95,1771.1,0
2025-03-12 00:00:00,1780.75,1786.0,1749.25,1758.0,0
2025-03-13 00:00:00,1766.7,1770.2,1741.5,1744.85,0
2025-03-17 00:00:00,1748.2,1752.55,1726.1,1731.0,0
2025-03-18 00:00:00,1740.0,1765.3,1734.85,1762.4,0
2025-03-19 00:00:00,1769.4,1803.15,1769.35,1798.3,0
2025-03-20 00:00:00,1813.2,1820.45,1785.0,1799.75,0
2025-03-21 00:00:00,1803.55,1835.25,1798.35,1831.4,0
2025-03-24 00:00:00,1847.25,1869.75,1844.15,1860.65,0
2025-03-25 00:00:00,1877.2,1881.6,1832.15,1838.3,0
2025-03-26 00:00:00,1841.55,1843.45,1802.9,1805.5,0
2025-03-27 00:00:00,1796.6,1844.0,1789.1,1835.6,0
2025-03-28 00:00:00,1837.3,1843.6,1814.2,1818.0,0
2025-04-01 00:00:00,1805.85,1830.55,1802.55,1818.35,0
2025-04-02 00:00:00,1820.95,1829.6,1796.5,1825.45,0
2025-04-03 00:00:00,1809.3,1836.35,1807.35,1831.25,0
2025-04-04 00:00:00,1829.0,1832.3,1771.2,1782.35,0
2025-04-07 00:00:00,1617.15,1721.5,1617.15,1709.6,0
2025-04-08 00:00:00,1750.8,1758.05,1722.85,1740.45,0
2025-04-09 00:00:00,1736.05,1740.0,1713.5,1725.25,0
2025-04-11 00:00:00,1770.35,1770.45,1746.8,1759.45,0
2025-04-15 00:00:00,1785.85,1810.35,1780.4,1808.7,0
2025-04-16 00:00:00,1812.9,1830.15,1807.45,1827.55,0
2025-04-17 00:00:00,1831.25,1860.85,1826.0,1850.8,0
2025-04-21 00:00:00,1856.85,1883.5,1849.0,1882.25,0
2025-04-22 00:00:00,1893.15,1901.1,1875.35,1890.8,0
2025-04-23 00:00:00,1909.25,1913.95,1876.5,1911.9,0
2025-04-24 00:00:00,1911.7,1920.0,1896.65,1898.25,0
2025-04-25 00:00:00,1896.4,1897.95,1825.7,1839.95,0
2025-04-28 00:00:00,1834.25,1847.7,1818.0,1842.55,0
2025-04-29 00:00:00,1855.45,1871.05,1843.75,1845.75,0
2025-04-30 00:00:00,1850.0,1855.6,1828.0,1836.8,0
2025-05-02 00:00:00,1835.2,1852.1,1824.95,1835.7,0
2025-05-05 00:00:00,1846.15,1871.5,1832.35,1867.45,0
2025-05-06 00:00:00,1870.9,1878.0,1831.2,1833.9,0
2025-05-07 00:00:00,1792.95,1848.5,1792.9,1845.0,0
2025-05-08 00:00:00,1852.5,1880.95,1825.5,1837.35,0
2025-05-09 00:00:00,1787.85,1832.6,1787.45,1827.35,0
2025-05-12 00:00:00,1884.0,1891.6,1876.45,1891.3,0
2025-05-13 00:00:00,1895.7,1918.15,1887.35,1917.1,0
2025-05-14 00:00:00,1934.0,1939.25,1921.2,1936.15,0
2025-05-15 00:00:00,1945.35,1953.45,1934.35,1952.1,0
2025-05-16 00:00:00,1962.3,1972.4,1949.35,1969.9,0
2025-05-19 00:00:00,1977.6,1988.45,1960.95,1977.9,0
2025-05-20 00:00:00,1988.1,1989.05,1947.4,1953.05,0
2025-05-21 00:00:00,1955.45,1970.7,1943.8,1968.15,0
2025-05-22 00:00:00,1968.8,1983.7,1962.5,1970.45,0
2025-05-23 00:00:00,1971.45,1983.95,1957.85,1979.5,0
2025-05-26 00:00:00,1988.9,2005.25,1987.65,1994.1,0
2025-05-27 00:00:00,1995.7,1996.65,1984.15,1990.9,0
2025-05-28 00:00:00,1997.25,2003.55,1987.45,1989.7,0
2025-05-29 00:00:00,1999.1,2001.3,1988.35,1996.05,0
2025-05-30 00:00:00,1998.85,2010.75,1998.6,2004.5,0
2025-06-02 00:00:00,2003.35,2006.0,1984.6,2000.75,0
2025-06-03 00:00:00,2007.2,2014.9,1992.3,1996.55,0
2025-06-04 00:00:00,2000.1,2010.9,1995.7,2008.65,0
2025-06-05 00:00:00,2017.15,2031.65,2015.95,2018.55,0
2025-06-06 00:00:00,2026.0,2027.4,2012.1,2023.5,0
2025-06-09 00:00:00,2040.1,2052.8,2037.55,2050.2,0
2025-06-10 00:00:00,2061.25,2062.75,2045.75,2047.9,0
2025-06-11 00:00:00,2052.15,2058.65,2028.1,2040.9,0
2025-06-12 00:00:00,2048.45,2054.7,2007.85,2011.45,0
2025-06-13 00:00:00,1971.45,2007.15,1970.15,2001.3,0
2025-06-16 00:00:00,2002.0,2016.9,1974.65,2008.9,0
2025-06-17 00:00:00,2008.65,2013.3,1991.05,1995.55,0
2025-06-18 00:00:00,1998.45,2009.0,1979.15,1987.6,0
2025-06-19 00:00:00,1986.1,1993.95,1951.8,1959.5,0
2025-06-20 00:00:00,1959.25,2013.5,1954.45,2007.15,0
2025-06-23 00:00:00,1992.15,2007.45,1985.0,2001.8,0
2025-06-24 00:00:00,2021.1,2032.25,2008.85,2025.9,0
2025-06-25 00:00:00,2035.9,2055.2,2035.65,2050.75,0
2025-06-26 00:00:00,2056.9,2061.85,2043.45,2054.85,0
2025-06-27 00:00:00,2063.2,2087.15,2054.5,2080.65,0
2025-06-30 00:00:00,2080.2,2089.15,2072.85,2083.5,0
2025-07-01 00:00:00,2089.25,2092.6,2070.3,2078.45,0
2025-07-02 00:00:00,2085.1,2086.75,2057.45,2060.55,0
2025-07-03 00:00:00,2064.15,2065.45,2050.65,2053.25,0
2025-07-04 00:00:00,2059.5,2065.7,2047.8,2052.8,0
2025-07-07 00:00:00,2051.95,2061.35,2040.35,2044.15,0
2025-07-08 00:00:00,2045.55,2053.0,2033.1,2051.75,0
2025-07-09 00:00:00,2055.1,2070.3,2051.5,2068.55,0
2025-07-10 00:00:00,2073.95,2083.5,2072.95,2082.0,0
2025-07-11 00:00:00,2083.25,2092.45,2072.2,2082.4,0
2025-07-14 00:00:00,2086.55,2105.55,2071.55,2104.35,0
2025-07-15 00:00:00,2110.0,2123.95,2104.35,2107.35,0
2025-07-16 00:00:00,2109.7,2122.15,2108.6,2119.8,0
2025-07-17 00:00:00,2131.75,2134.65,2119.4,2121.3,0
2025-07-18 00:00:00,2127.25,2129.3,2107.8,2111.85,0
2025-07-21 00:00:00,2115.45,2117.65,2101.5,2113.95,0
2025-07-22 00:00:00,2123.05,2133.2,2116.4,2121.9,0
2025-07-23 00:00:00,2126.65,2132.05,2113.55,2130.5,0
2025-07-24 00:00:00,2132.4,2133.45,2112.3,2114.55,0
2025-07-25 00:00:00,2109.25,2110.0,2074.6,2078.75,0
2025-07-28 00:00:00,2079.15,2083.8,2041.45,2048.7,0
2025-07-29 00:00:00,2050.0,2074.15,2046.1,2072.5,0
2025-07-30 00:00:00,2077.5,2087.35,2069.0,2072.95,0
2025-07-31 00:00:00,2046.7,2077.5,2040.2,2074.1,0
2025-08-01 00:00:00,2080.4,2081.2,2054.8,2059.65,0
2025-08-04 00:00:00,2063.4,2083.05,2049.7,2081.45,0
2025-08-05 00:00:00,2082.6,2094.05,2067.2,2071.8,0
2025-08-06 00:00:00,2072.2,2080.05,2053.75,2062.15,0
2025-08-07 00:00:00,2050.3,2066.05,2039.15,2064.1,0
2025-08-08 00:00:00,2071.55,2072.55,2041.85,2044.9,0
2025-08-11 00:00:00,2046.4,2062.0,2034.85,2059.85,0
2025-08-12 00:00:00,2069.5,2081.0,2064.4,2067.4,0
2025-08-13 00:00:00,2073.55,2081.9,2070.7,2075.6,0
2025-08-14 00:00:00,2088.8,2092.0,2068.7,2072.55,0
2025-08-18 00:00:00,2103.25,2126.75,2099.55,2114.2,0
2025-08-19 00:00:00,2119.45,2161.4,2112.75,2156.9,0
2025-08-20 00:00:00,2161.15,2173.35,2152.3,2170.45,0
2025-08-21 00:00:00,2183.35,2194.95,2175.05,2177.7,0
2025-08-22 00:00:00,2180.95,2184.85,2165.5,2170.25,0
2025-08-25 00:00:00,2179.5,2183.75,2167.95,2179.1,0
2025-08-26 00:00:00,2177.2,2181.35,2149.15,2170.0,0
2025-08-28 00:00:00,2164.7,2165.55,2134.35,2138.85,0
2025-08-29 00:00:00,2142.2,2150.35,2125.05,2128.05,0
2025-09-01 00:00:00,2138.45,2156.5,2133.9,2154.2,0
2025-09-02 00:00:00,2165.0,2171.3,2144.35,2152.95,0
2025-09-03 00:00:00,2165.1,2182.9,2160.5,2181.65,0
2025-09-04 00:00:00,2207.05,2210.25,2159.1,2162.65,0
2025-09-05 00:00:00,2169.6,2183.15,2157.35,2181.75,0
2025-09-08 00:00:00,2192.1,2207.7,2185.65,2187.95,0
2025-09-09 00:00:00,2194.45,2203.2,2181.65,2200.4,0
2025-09-10 00:00:00,2210.5,2213.7,2194.1,2203.35,0
2025-09-11 00:00:00,2207.5,2216.1,2200.0,2207.1,0
2025-09-12 00:00:00,2216.55,2221.55,2203.2,2208.9,0
2025-09-15 00:00:00,2213.75,2220.1,2205.9,2217.6,0
2025-09-16 00:00:00,2226.3,2233.45,2218.45,2229.3,0
2025-09-17 00:00:00,2239.35,2240.5,2226.7,2236.85,0
2025-09-18 00:00:00,2245.2,2245.8,2232.65,2238.35,0
2025-09-19 00:00:00,2242.85,2268.1,2235.25,2261.65,0
2025-09-22 00:00:00,2254.95,2261.45,2224.75,2228.95,0
2025-09-23 00:00:00,2242.1,2242.8,2218.85,2221.0,0
2025-09-24 00:00:00,2224.05,2226.0,2209.75,2212.05,0
2025-09-25 00:00:00,2213.1,2213.95,2188.4,2191.65,0
2025-09-26 00:00:00,2182.3,2184.3,2137.0,2142.65,0
2025-09-29 00:00:00,2149.0,2155.2,2126.05,2144.95,0
2025-09-30 00:00:00,2147.65,2150.15,2127.75,2143.1,0
2025-10-01 00:00:00,2146.65,2158.1,2134.2,2156.55,0
2025-10-03 00:00:00,2162.75,2174.6,2159.4,2165.8,0
2025-10-06 00:00:00,2168.45,2169.9,2154.85,2167.45,0
2025-10-07 00:00:00,2169.35,2170.6,2158.35,2162.45,0
2025-10-08 00:00:00,2162.05,2170.8,2154.45,2159.05,0
2025-10-09 00:00:00,2163.7,2167.6,2152.5,2166.8,0
2025-10-10 00:00:00,2173.0,2173.85,2161.15,2166.45,0
2025-10-13 00:00:00,2160.55,2169.05,2156.4,2165.3,0
2025-10-14 00:00:00,2175.35,2184.7,2156.35,2162.4,0
2025-10-15 00:00:00,2169.25,2184.65,2157.45,2181.8,0
2025-10-16 00:00:00,2197.2,2204.95,2194.6,2198.75,0
2025-10-17 00:00:00,2198.95,2201.55,2164.9,2174.0,0
2025-10-20 00:00:00,2183.05,2184.35,2159.3,2168.2,0
2025-10-21 00:00:00,2182.1,2193.5,2180.65,2191.85,0
2025-10-23 00:00:00,2199.3,2201.65,2174.5,2177.9,0
2025-10-24 00:00:00,2182.1,2183.05,2166.85,2170.4,0
2025-10-27 00:00:00,2174.8,2181.85,2172.0,2177.5,0
2025-10-28 00:00:00,2182.2,2183.4,2163.4,2168.85,0
2025-10-29 00:00:00,2174.1,2181.6,2168.25,2179.5,0
2025-10-30 00:00:00,2184.1,2192.5,2174.15,2182.1,0
2025-10-31 00:00:00,2193.4,2198.75,2170.65,2173.1,0
2025-11-03 00:00:00,2173.65,2174.85,2161.3,2163.95,0
2025-11-04 00:00:00,2164.0,2167.9,2152.55,2155.95,0
2025-11-06 00:00:00,2158.05,2158.9,2124.35,2127.45,0
2025-11-07 00:00:00,2120.55,2127.45,2106.0,2121.8,0
2025-11-10 00:00:00,2125.7,2127.35,2105.95,2108.85,0
2025-11-11 00:00:00,2111.25,2113.15,2091.2,2105.25,0
2025-11-12 00:00:00,2112.4,2125.2,2108.6,2123.6,0
2025-11-13 00:00:00,2128.7,2134.85,2114.05,2116.7,0
2025-11-14 00:00:00,2109.35,2122.3,2106.15,2112.15,0
2025-11-17 00:00:00,2120.6,2121.95,2111.45,2118.55,0
2025-11-18 00:00:00,2124.95,2126.2,2105.1,2107.1,0
2025-11-19 00:00:00,2101.0,2107.55,2096.45,2102.25,0
2025-11-20 00:00:00,2107.95,2113.65,2091.2,2093.15,0
2025-11-21 00:00:00,2088.3,2089.15,2060.3,2063.75,0
2025-11-24 00:00:00,2062.85,2073.8,2043.4,2067.25,0
2025-11-25 00:00:00,2067.1,2072.2,2056.85,2069.4,0
2025-11-26 00:00:00,2073.6,2083.05,2067.05,2079.9,0
2025-11-27 00:00:00,2086.25,2089.25,2070.75,2074.55,0
2025-11-28 00:00:00,2078.15,2079.6,2066.65,2068.4,0
2025-12-01 00:00:00,2078.3,2082.2,2069.95,2073.9,0
2025-12-02 00:00:00,2069.5,2070.8,2056.25,2066.5,0
2025-12-03 00:00:00,2064.6,2066.15,2046.4,2055.65,0
2025-12-04 00:00:00,2052.6,2055.9,2034.75,2038.75,0
2025-12-05 00:00:00,2037.5,2039.1,2011.25,2013.25,0
2025-12-08 00:00:00,2011.8,2012.0,1974.65,1981.45,0
2025-12-09 00:00:00,1974.75,2004.75,1950.7,2002.7,0
2025-12-10 00:00:00,2002.05,2010.8,1988.85,1992.15,0
2025-12-11 00:00:00,1993.45,2013.9,1980.85,2010.3,0
2025-12-12 00:00:00,2017.15,2037.6,2014.4,2035.0,0
2025-12-15 00:00:00,2029.8,2031.55,2015.95,2029.75,0
2025-12-16 00:00:00,2027.95,2028.3,2011.8,2016.2,0
2025-12-17 00:00:00,2016.3,2020.7,2005.1,2010.15,0
2025-12-18 00:00:00,2011.2,2018.9,1991.7,2014.3,0
2025-12-19 00:00:00,2025.35,2065.65,2020.05,2059.3,0
2025-12-22 00:00:00,2065.35,2070.3,2055.25,2059.15,0
2025-12-23 00:00:00,2061.1,2065.7,2050.7,2060.2,0
2025-12-24 00:00:00,2062.35,2072.75,2057.55,2059.8,0
2025-12-26 00:00:00,2058.25,2060.9,2048.8,2051.75,0
2025-12-29 00:00:00,2051.9,2054.8,2035.05,2040.95,0
2025-12-30 00:00:00,2039.45,2043.5,2026.3,2039.5,0
2025-12-31 00:00:00,2040.35,2052.25,2039.9,2048.85,0
2026-01-01 00:00:00,2051.5,2053.55,2033.2,2037.15,0
2026-01-02 00:00:00,2038.1,2065.05,2034.15,2062.65,0
2026-01-05 00:00:00,2062.35,2063.45,2036.95,2039.25,0
2026-01-06 00:00:00,2041.35,2049.05,2033.35,2039.4,0
2026-01-07 00:00:00,2039.4,2048.2,2032.3,2046.05,0
2026-01-08 00:00:00,2044.55,2046.3,2006.85,2009.65,0
2026-01-09 00:00:00,2004.15,2007.35,1982.95,1988.4,0
2026-01-12 00:00:00,1981.55,1985.95,1950.55,1981.3,0
2026-01-13 00:00:00,1990.3,2000.15,1977.9,1987.6,0
2026-01-14 00:00:00,1985.65,1992.4,1976.05,1989.3,0
2026-01-16 00:00:00,1997.75,2016.1,1990.9,1994.95,0
2026-01-19 00:00:00,1988.4,1991.45,1963.55,1970.2,0
2026-01-20 00:00:00,1970.1,1971.4,1916.65,1922.15,0
2026-01-21 00:00:00,1908.45,1918.7,1880.95,1910.0,0
2026-01-22 00:00:00,1927.15,1946.65,1924.0,1943.8,0
2026-01-23 00:00:00,1946.2,1947.2,1902.2,1908.05,0
2026-01-27 00:00:00,1913.35,1914.8,1874.25,1890.8,0
2026-01-28 00:00:00,1896.8,1910.55,1894.15,1908.25,0
2026-01-29 00:00:00,1907.6,1916.9,1897.4,1910.9,0
2026-01-30 00:00:00,1900.4,1943.3,1895.5,1942.1,0
2026-02-01 00:00:00,1939.5,1945.4,1885.5,1917.1,0
2026-02-02 00:00:00,1909.5,1915.2,1882.0,1911.05,0
2026-02-03 00:00:00,1978.35,1982.35,1956.45,1974.7,0
2026-02-04 00:00:00,1972.35,1985.25,1964.8,1983.1,0
2026-02-05 00:00:00,1982.7,1984.2,1958.55,1972.8,0
2026-02-06 00:00:00,1962.15,1969.95,1953.75,1966.3,0
2026-02-09 00:00:00,1975.45,1993.0,1967.85,1989.25,0
2026-02-10 00:00:00,1998.6,2007.05,1989.95,2000.85,0
2026-02-11 00:00:00,2009.15,2010.25,1987.7,1993.4,0
2026-02-12 00:00:00,1999.95,2003.3,1986.65,1997.75,0
2026-02-13 00:00:00,1989.8,1994.05,1964.55,1979.5,0
2026-02-16 00:00:00,1967.95,1973.6,1949.4,1971.05,0
2026-02-17 00:00:00,1972.2,1987.65,1962.55,1984.3,0
2026-02-18 00:00:00,1989.0,1998.8,1983.35,1993.05,0
2026-02-19 00:00:00,1994.1,2001.0,1963.4,1970.95,0
2026-02-20 00:00:00,1966.55,1974.15,1953.5,1956.6,0
2026-02-23 00:00:00,1965.3,1970.5,1951.9,1955.15,0
2026-02-24 00:00:00,1949.6,1952.65,1924.55,1935.5,0
2026-02-25 00:00:00,1944.1,1955.95,1940.65,1947.6,0
2026-02-26 00:00:00,1951.75,1958.3,1936.1,1946.5,0
2026-02-27 00:00:00,1944.4,1951.35,1935.25,1947.85,0
2026-03-02 00:00:00,1858.5,1920.05,1858.3,1913.7,0
2026-03-04 00:00:00,1886.25,1887.05,1858.65,1873.45,0
2026-03-05 00:00:00,1885.2,1891.0,1868.4,1885.65,0
2026-03-06 00:00:00,1883.25,1899.0,1878.5,1881.15,0
2026-03-09 00:00:00,1841.15,1845.3,1812.85,1841.1,0
2026-03-10 00:00:00,1866.35,1887.95,1858.25,1884.8,0
2026-03-11 00:00:00,1891.55,1901.05,1864.05,1872.05,0
2026-03-12 00:00:00,1860.0,1872.15,1831.3,1868.35,0
2026-03-13 00:00:00,1861.5,1862.15,1823.25,1832.65,0
2026-03-16 00:00:00,1827.0,1833.55,1793.05,1823.95,0
2026-03-17 00:00:00,1834.9,1848.75,1825.35,1842.6,0
2026-03-18 00:00:00,1854.1,1898.65,1852.05,1894.75,0
2026-03-19 00:00:00,1859.1,1874.8,1837.85,1842.4,0
2026-03-20 00:00:00,1858.8,1883.0,1855.5,1875.4,0
2026-03-23 00:00:00,1850.5,1852.5,1796.35,1812.1,0
2026-03-24 00:00:00,1852.2,1853.9,1816.8,1845.85,0
2026-03-25 00:00:00,1854.25,1877.0,1854.25,1860.35,0
2026-03-27 00:00:00,1847.9,1859.95,1833.4,1849.2,0
2026-03-30 00:00:00,1824.4,1827.35,1774.6,1782.65,0
2026-04-01 00:00:00,1832.15,1836.25,1817.3,1823.6,0
2026-04-02 00:00:00,1803.0,1817.55,1780.45,1813.85,0
2026-04-06 00:00:00,1814.8,1850.5,1801.4,1846.6,0
2026-04-07 00:00:00,1841.35,1854.55,1831.95,1849.25,0
2026-04-08 00:00:00,1912.35,1927.25,1897.95,1922.55,0
2026-04-09 00:00:00,1923.65,1963.0,1916.3,1951.0,0
2026-04-10 00:00:00,1966.25,2004.55,1965.55,2001.95,0
2026-04-13 00:00:00,1965.6,2023.85,1951.35,2009.35,0
2026-04-15 00:00:00,2045.5,2058.25,2039.55,2041.75,0
2026-04-16 00:00:00,2077.55,2080.9,2048.75,2063.1,0
2026-04-17 00:00:00,2069.4,2084.1,2065.4,2078.6,0
2026-04-20 00:00:00,2084.9,2097.9,2062.75,2087.8,0
2026-04-21 00:00:00,2099.55,2126.4,2094.95,2120.95,0
2026-04-22 00:00:00,2122.1,2136.6,2120.9,2130.65,0
2026-04-23 00:00:00,2129.7,2146.55,2114.25,2118.2,0
2026-04-24 00:00:00,2129.25,2136.75,2090.4,2107.55,0
2026-04-27 00:00:00,2121.8,2140.95,2119.15,2135.95,0
2026-04-28 00:00:00,2143.1,2154.95,2132.3,2135.65,0
2026-04-29 00:00:00,2154.0,2160.05,2130.45,2134.35,0
2026-04-30 00:00:00,2130.0,2136.25,2107.5,2128.55,0
2026-05-04 00:00:00,2142.5,2157.4,2137.25,2152.2,0
2026-05-05 00:00:00,2153.6,2167.35,2134.1,2136.5,0
2026-05-06 00:00:00,2155.1,2158.65,2114.95,2139.3,0
2026-05-07 00:00:00,2150.65,2156.4,2143.1,2152.65,0
2026-05-08 00:00:00,2154.9,2159.9,2141.0,2143.2,0
2026-05-11 00:00:00,2135.45,2141.1,2117.3,2126.05,0
2026-05-12 00:00:00,2121.1,2125.25,2065.4,2069.1,0
2026-05-13 00:00:00,2071.05,2094.6,2065.1,2089.0,0
2026-05-14 00:00:00,2103.95,2106.45,2071.35,2092.35,0
2026-05-15 00:00:00,2100.1,2110.85,2078.85,2081.4,0
2026-05-18 00:00:00,2067.85,2068.85,2029.15,2045.95,0
2026-05-19 00:00:00,2053.7,2067.1,2047.95,2054.05,0
